time,load_mw,wind,solar,central_power,local_power,commercial_power,net_imports
2023-12-31 23:00:00,2737.95,2502.70,0.20,193.52,97.13,65.91,-125.82
2024-01-01 00:00:00,2600.62,2353.30,0.19,207.75,88.66,65.82,-119.40
2024-01-01 01:00:00,2765.98,2234.11,0.22,197.40,92.74,72.70,164.52
2024-01-01 02:00:00,2952.48,2201.16,0.22,185.04,63.85,62.62,435.24
2024-01-01 03:00:00,2940.75,1728.34,0.19,183.98,60.64,62.39,900.83
2024-01-01 04:00:00,2958.06,1722.58,0.25,184.08,57.25,62.97,926.56
2024-01-01 05:00:00,2943.87,1741.20,0.23,187.07,62.48,70.30,878.22
2024-01-01 06:00:00,2924.45,1843.88,0.25,195.83,65.88,70.65,743.61
2024-01-01 07:00:00,2879.31,1774.28,0.27,191.86,59.37,71.22,777.95
2024-01-01 08:00:00,2930.11,2193.74,8.04,194.24,63.33,73.63,392.77
2024-01-01 09:00:00,2835.56,2131.92,26.03,263.28,104.90,76.62,228.46
2024-01-01 10:00:00,2842.67,2022.36,40.62,277.17,117.94,78.33,301.90
2024-01-01 11:00:00,2818.30,1842.81,58.20,301.48,117.10,80.36,413.95
2024-01-01 12:00:00,2850.38,1739.41,56.02,319.62,114.99,80.20,535.72
2024-01-01 13:00:00,2848.39,1719.51,29.00,323.85,118.89,81.19,571.45
2024-01-01 14:00:00,2747.34,1777.19,5.70,402.79,141.80,81.68,333.65
2024-01-01 15:00:00,2716.68,1918.56,0.35,553.50,144.90,82.89,11.97
2024-01-01 16:00:00,2839.03,1963.01,0.41,631.77,146.58,86.18,6.57
2024-01-01 17:00:00,2748.76,2037.54,0.37,624.52,139.03,85.79,-143.02
2024-01-01 18:00:00,2638.95,2098.09,0.33,615.74,149.44,80.74,-309.88
2024-01-01 19:00:00,2562.16,2163.59,0.28,383.68,145.50,80.90,-216.29
2024-01-01 20:00:00,2808.30,2299.21,0.24,330.92,114.13,79.92,-20.62
2024-01-01 21:00:00,2802.09,2383.43,0.31,325.05,114.43,79.07,-104.66
2024-01-01 22:00:00,2642.74,2390.77,0.26,269.31,114.64,78.09,-214.80
2024-01-01 23:00:00,2836.30,2310.33,0.21,147.81,109.80,66.37,197.30
2024-01-02 00:00:00,2731.72,2175.80,0.20,105.31,113.00,64.37,268.59
2024-01-02 01:00:00,2828.91,2109.05,0.19,159.70,103.77,63.74,388.02
2024-01-02 02:00:00,2963.69,2101.73,0.16,216.56,73.17,60.38,507.26
2024-01-02 03:00:00,2931.36,2269.08,0.12,214.25,65.41,60.20,317.88
2024-01-02 04:00:00,2976.59,2606.33,0.17,259.78,70.56,63.52,-28.18
2024-01-02 05:00:00,3075.84,2996.44,0.24,358.28,114.73,79.60,-477.85
2024-01-02 06:00:00,3155.22,3205.98,0.29,538.88,183.26,81.36,-858.93
2024-01-02 07:00:00,3223.12,3458.21,0.40,564.65,256.74,83.88,-1144.90
2024-01-02 08:00:00,3276.66,3728.46,10.21,631.75,250.54,85.64,-1433.89
2024-01-02 09:00:00,3302.23,4037.65,41.23,619.08,298.69,89.64,-1787.99
2024-01-02 10:00:00,3283.56,4145.30,64.54,619.21,311.73,100.36,-1961.51
2024-01-02 11:00:00,3250.06,4223.90,71.55,630.30,325.88,102.25,-2107.78
2024-01-02 12:00:00,3310.30,4311.65,52.18,670.05,323.02,92.42,-2142.99
2024-01-02 13:00:00,3420.59,4441.82,27.12,659.57,329.61,90.48,-2132.01
2024-01-02 14:00:00,3360.57,4551.43,5.24,671.99,337.75,90.37,-2300.26
2024-01-02 15:00:00,3467.07,4690.51,0.83,674.07,372.10,91.36,-2365.88
2024-01-02 16:00:00,3618.61,4745.42,0.85,650.17,359.05,88.74,-2229.68
2024-01-02 17:00:00,3486.18,4771.09,0.81,653.99,323.58,89.68,-2357.04
2024-01-02 18:00:00,3838.81,4781.73,0.78,581.09,179.07,90.74,-1798.61
2024-01-02 19:00:00,3345.88,4763.77,0.76,609.03,167.06,85.79,-2284.52
2024-01-02 20:00:00,3765.88,4685.66,0.78,386.47,105.42,81.31,-1497.76
2024-01-02 21:00:00,3472.44,4713.31,0.76,346.97,95.46,80.53,-1768.60
2024-01-02 22:00:00,3441.43,4669.44,0.75,256.52,84.86,69.18,-1643.34
2024-01-02 23:00:00,3598.55,4628.51,0.76,215.01,71.85,63.32,-1384.90
2024-01-03 00:00:00,3756.29,4553.99,0.75,201.81,72.42,62.34,-1139.02
2024-01-03 01:00:00,3697.22,4547.79,0.72,187.97,89.73,62.80,-1195.79
2024-01-03 02:00:00,3615.30,4343.60,0.74,179.67,76.17,61.01,-1049.89
2024-01-03 03:00:00,3750.46,4123.40,0.71,169.65,56.38,60.53,-664.21
2024-01-03 04:00:00,3828.13,4062.29,0.74,169.46,55.89,61.60,-525.84
2024-01-03 05:00:00,3802.44,4349.45,0.81,197.37,66.89,74.07,-890.14
2024-01-03 06:00:00,3852.05,4547.46,1.19,271.88,100.35,79.81,-1152.89
2024-01-03 07:00:00,3780.55,4559.66,0.88,529.41,127.22,77.61,-1518.47
2024-01-03 08:00:00,3821.98,4540.94,13.57,529.84,132.71,75.40,-1474.77
2024-01-03 09:00:00,4010.79,4544.82,58.27,563.16,151.28,75.88,-1386.89
2024-01-03 10:00:00,3947.15,4525.95,91.96,564.04,142.97,73.55,-1455.58
2024-01-03 11:00:00,3963.03,4531.38,103.59,517.73,149.58,71.21,-1414.75
2024-01-03 12:00:00,3942.08,4496.42,74.91,521.87,155.75,71.75,-1382.97
2024-01-03 13:00:00,3851.16,4465.84,42.55,524.46,158.65,74.22,-1418.94
2024-01-03 14:00:00,3577.87,4406.31,13.46,599.26,229.30,73.72,-1748.58
2024-01-03 15:00:00,3672.93,4386.92,0.59,656.27,326.51,76.50,-1778.27
2024-01-03 16:00:00,3800.81,4388.30,0.61,697.46,380.25,80.68,-1750.89
2024-01-03 17:00:00,3596.60,4362.59,0.57,688.42,382.46,80.83,-1922.67
2024-01-03 18:00:00,3386.81,4345.62,0.59,689.44,379.45,79.74,-2112.43
2024-01-03 19:00:00,3222.33,4305.41,0.61,649.53,345.06,78.19,-2160.87
2024-01-03 20:00:00,3140.53,4240.80,0.50,653.95,190.30,72.45,-2021.68
2024-01-03 21:00:00,3236.84,4238.39,0.53,699.21,155.22,70.81,-1931.50
2024-01-03 22:00:00,3222.71,4294.71,0.56,712.59,142.38,72.22,-2003.93
2024-01-03 23:00:00,3288.71,4294.89,0.61,639.85,110.20,66.11,-1827.11
2024-01-04 00:00:00,3394.63,4283.22,0.65,585.60,108.68,64.78,-1652.47
2024-01-04 01:00:00,3561.31,4207.15,0.66,429.87,95.40,64.13,-1240.07
2024-01-04 02:00:00,3596.58,4125.22,0.64,352.82,90.94,64.32,-1041.52
2024-01-04 03:00:00,3541.26,4065.52,0.59,384.03,107.79,65.33,-1086.15
2024-01-04 04:00:00,3413.72,3906.25,0.54,615.43,163.42,64.27,-1340.33
2024-01-04 05:00:00,3246.29,3737.30,0.53,742.65,306.64,71.44,-1616.41
2024-01-04 06:00:00,3416.88,3573.38,0.49,875.52,378.88,74.86,-1490.40
2024-01-04 07:00:00,3509.83,3299.42,0.66,934.87,434.73,77.87,-1241.85
2024-01-04 08:00:00,3543.73,3057.47,22.38,1010.36,425.93,79.22,-1055.74
2024-01-04 09:00:00,3577.03,2766.02,79.05,1047.21,451.16,79.81,-850.35
2024-01-04 10:00:00,3586.60,2468.82,120.06,1092.55,455.76,78.96,-633.71
2024-01-04 11:00:00,3601.33,2136.25,151.62,1109.82,403.21,75.15,-278.88
2024-01-04 12:00:00,3600.55,1765.71,147.39,1208.42,408.96,74.71,-8.79
2024-01-04 13:00:00,3471.68,1466.42,113.26,1166.62,437.59,74.40,209.24
2024-01-04 14:00:00,3357.75,1328.76,39.65,1177.04,493.96,77.99,236.20
2024-01-04 15:00:00,3453.93,1233.97,1.61,1156.69,527.61,89.66,440.26
2024-01-04 16:00:00,3632.55,1259.86,0.29,1191.24,585.35,88.44,503.23
2024-01-04 17:00:00,3508.22,1261.45,0.27,1226.28,560.78,89.80,365.50
2024-01-04 18:00:00,3304.28,1216.22,0.20,1225.13,525.55,85.68,247.34
2024-01-04 19:00:00,3190.48,1189.70,0.17,1196.39,530.29,81.71,188.07
2024-01-04 20:00:00,3055.47,1209.37,0.14,1103.94,475.82,78.91,183.13
2024-01-04 21:00:00,2914.07,1303.21,0.12,959.88,471.11,81.47,94.12
2024-01-04 22:00:00,2804.74,1358.59,0.10,818.16,426.01,78.91,118.80
2024-01-04 23:00:00,2802.69,1366.16,0.12,708.16,366.55,78.54,279.01
2024-01-05 00:00:00,2849.69,1547.43,0.12,688.19,327.67,78.75,203.38
2024-01-05 01:00:00,3045.44,1607.49,0.17,701.73,301.94,77.75,352.20
2024-01-05 02:00:00,3073.63,1708.98,0.26,714.79,295.24,78.81,271.40
2024-01-05 03:00:00,3060.61,1975.62,0.22,698.36,303.47,79.63,-0.83
2024-01-05 04:00:00,3128.92,2078.37,0.22,708.59,307.82,80.19,-50.41
2024-01-05 05:00:00,3224.21,2184.65,0.30,732.47,343.27,81.51,-122.13
2024-01-05 06:00:00,3506.44,2317.48,0.37,747.35,425.71,91.66,-80.26
2024-01-05 07:00:00,3656.61,2497.81,0.95,706.29,454.31,94.90,-101.78
2024-01-05 08:00:00,3681.29,2594.32,27.88,742.41,476.71,98.51,-262.66
2024-01-05 09:00:00,3777.58,2793.91,96.89,793.74,491.69,96.85,-499.63
2024-01-05 10:00:00,3732.70,2948.00,176.93,818.75,570.37,99.71,-885.23
2024-01-05 11:00:00,3562.30,2988.56,172.42,863.20,468.53,89.57,-1024.22
2024-01-05 12:00:00,3479.02,3047.43,149.09,829.60,486.45,90.64,-1128.42
2024-01-05 13:00:00,3393.98,3091.97,100.28,855.63,503.53,89.07,-1250.79
2024-01-05 14:00:00,3332.65,3131.25,34.04,934.98,524.92,80.13,-1376.94
2024-01-05 15:00:00,3404.84,3125.31,0.74,1062.98,537.06,79.17,-1404.72
2024-01-05 16:00:00,3766.30,3030.67,0.61,1103.24,531.65,81.27,-985.43
2024-01-05 17:00:00,3657.70,2945.73,0.57,1170.66,539.43,82.72,-1085.70
2024-01-05 18:00:00,3515.16,2875.89,0.60,1060.31,540.21,80.84,-1046.98
2024-01-05 19:00:00,3329.61,2774.42,0.55,1022.79,523.47,80.13,-1076.05
2024-01-05 20:00:00,3243.75,2666.71,0.50,963.25,476.31,75.72,-943.03
2024-01-05 21:00:00,3127.91,2669.58,0.49,903.35,471.04,73.44,-994.26
2024-01-05 22:00:00,3015.42,2630.64,0.42,823.01,456.98,73.04,-972.93
2024-01-05 23:00:00,2778.75,2596.73,0.45,897.69,407.37,71.41,-1198.89
2024-01-06 00:00:00,2817.23,2455.39,0.45,851.42,401.94,72.31,-968.25
2024-01-06 01:00:00,2910.95,2408.71,0.48,849.41,390.67,69.88,-812.16
2024-01-06 02:00:00,2835.05,2357.37,0.45,835.94,381.73,71.04,-815.45
2024-01-06 03:00:00,2872.78,2306.16,0.45,813.21,381.14,72.50,-704.64
2024-01-06 04:00:00,2768.39,2327.73,0.44,803.17,386.06,74.28,-827.25
2024-01-06 05:00:00,2805.49,2280.86,0.43,802.00,406.75,75.27,-763.77
2024-01-06 06:00:00,2826.90,2177.00,0.51,960.60,461.16,83.63,-859.95
2024-01-06 07:00:00,2976.52,2145.85,0.96,1060.52,473.01,85.30,-793.06
2024-01-06 08:00:00,3088.32,2156.77,28.97,1086.30,487.18,85.50,-760.37
2024-01-06 09:00:00,3153.90,2029.60,129.70,1058.13,505.73,84.78,-658.05
2024-01-06 10:00:00,3106.02,1857.09,254.24,1133.58,528.60,86.80,-758.30
2024-01-06 11:00:00,3083.88,1747.91,329.59,1126.69,523.83,89.57,-737.66
2024-01-06 12:00:00,3018.89,1683.35,319.44,1056.71,515.89,88.60,-649.05
2024-01-06 13:00:00,3026.57,1638.05,194.49,1078.93,497.34,84.35,-470.55
2024-01-06 14:00:00,3024.51,1660.78,42.55,1090.16,514.91,83.23,-371.11
2024-01-06 15:00:00,3114.78,1593.25,1.87,1067.44,546.40,85.43,-183.52
2024-01-06 16:00:00,3335.93,1604.47,0.54,1087.94,555.02,91.21,-7.22
2024-01-06 17:00:00,3281.46,1577.77,0.43,1117.96,558.50,91.62,-68.79
2024-01-06 18:00:00,3087.96,1577.67,0.35,1149.78,552.04,87.01,-282.84
2024-01-06 19:00:00,2981.26,1484.47,0.37,1110.49,518.57,87.00,-223.59
2024-01-06 20:00:00,2948.08,1452.57,0.39,998.08,474.52,80.82,-62.23
2024-01-06 21:00:00,2825.89,1345.77,0.32,1009.36,437.14,82.01,-52.58
2024-01-06 22:00:00,2859.07,1255.60,0.31,838.09,421.54,79.77,260.72
2024-01-06 23:00:00,2867.60,1127.91,0.29,798.50,400.01,72.13,465.46
2024-01-07 00:00:00,2920.47,1032.55,0.30,818.09,395.25,70.67,599.96
2024-01-07 01:00:00,2909.97,912.08,0.31,853.19,392.23,70.05,678.58
2024-01-07 02:00:00,2932.40,832.99,0.26,822.14,382.99,69.30,821.15
2024-01-07 03:00:00,2930.39,811.19,0.14,803.64,383.37,68.22,860.29
2024-01-07 04:00:00,2935.09,818.14,0.12,807.96,387.93,68.93,848.49
2024-01-07 05:00:00,2937.31,831.86,0.13,851.13,377.58,71.21,801.86
2024-01-07 06:00:00,3065.79,828.85,0.13,825.31,418.12,81.48,908.37
2024-01-07 07:00:00,3180.51,852.76,1.22,885.45,410.67,85.25,941.63
2024-01-07 08:00:00,3293.46,843.63,59.24,889.60,469.43,85.11,942.77
2024-01-07 09:00:00,3288.22,814.14,219.63,919.94,507.28,84.89,738.42
2024-01-07 10:00:00,3229.53,642.81,370.66,1095.06,517.00,84.72,515.35
2024-01-07 11:00:00,3300.59,510.15,387.60,1092.47,505.69,83.92,716.82
2024-01-07 12:00:00,3296.58,576.56,354.33,1039.59,517.45,82.88,721.84
2024-01-07 13:00:00,3267.08,742.24,186.79,1051.63,502.99,83.55,695.93
2024-01-07 14:00:00,3250.88,850.36,46.67,1117.28,512.92,85.84,633.87
2024-01-07 15:00:00,3271.78,1026.68,0.64,1101.75,516.08,88.18,534.53
2024-01-07 16:00:00,3484.93,1225.22,0.29,1150.99,556.04,93.79,454.69
2024-01-07 17:00:00,3502.55,1443.31,0.28,1219.87,597.52,103.02,134.62
2024-01-07 18:00:00,3369.08,1594.33,0.24,1079.71,578.01,96.05,16.82
2024-01-07 19:00:00,3231.17,1620.90,0.18,1066.46,529.24,85.32,-74.86
2024-01-07 20:00:00,3139.72,1682.00,0.18,1099.84,522.13,82.79,-251.15
2024-01-07 21:00:00,2981.86,1669.61,0.15,961.07,481.11,83.18,-217.18
2024-01-07 22:00:00,2921.58,1633.91,0.11,844.05,466.75,82.72,-109.88
2024-01-07 23:00:00,3095.00,1715.93,0.10,819.19,412.50,73.20,70.17
2024-01-08 00:00:00,3072.21,1716.50,0.14,824.10,386.48,69.18,71.91
2024-01-08 01:00:00,3131.03,1449.48,0.14,857.13,376.78,68.55,375.03
2024-01-08 02:00:00,3115.58,1322.12,0.15,833.79,374.47,69.27,511.87
2024-01-08 03:00:00,3101.58,1270.97,0.17,832.37,377.40,70.75,546.03
2024-01-08 04:00:00,3189.14,1219.95,0.19,857.39,382.67,73.40,651.64
2024-01-08 05:00:00,3447.06,1209.81,0.25,890.59,472.06,82.29,788.14
2024-01-08 06:00:00,3663.17,1224.83,0.29,983.49,529.32,89.65,832.14
2024-01-08 07:00:00,3803.75,1160.24,1.20,1025.75,526.37,89.62,997.12
2024-01-08 08:00:00,3740.36,881.97,55.56,1146.53,537.19,89.56,1026.11
2024-01-08 09:00:00,3734.48,597.28,206.66,1120.42,590.62,93.07,1122.99
2024-01-08 10:00:00,3726.37,480.01,350.46,1047.02,584.67,92.28,1168.46
2024-01-08 11:00:00,3809.05,420.85,474.67,997.31,520.23,82.21,1310.34
2024-01-08 12:00:00,3921.57,344.48,437.61,1003.31,496.46,85.45,1550.83
2024-01-08 13:00:00,3796.93,334.28,271.10,1047.85,500.48,86.42,1553.36
2024-01-08 14:00:00,3511.95,357.12,80.32,1079.26,512.10,86.42,1393.26
2024-01-08 15:00:00,3597.12,394.18,1.86,1098.51,513.50,91.62,1493.99
2024-01-08 16:00:00,3760.13,403.42,0.42,1130.21,546.68,91.25,1584.74
2024-01-08 17:00:00,3628.35,387.86,0.33,1131.02,549.12,92.32,1464.27
2024-01-08 18:00:00,3435.78,297.29,0.20,1141.54,566.81,92.83,1333.70
2024-01-08 19:00:00,3290.82,263.18,0.17,1155.58,570.76,91.87,1205.88
2024-01-08 20:00:00,3312.02,232.92,0.14,1077.86,527.66,85.72,1384.43
2024-01-08 21:00:00,3199.98,258.51,0.11,1043.70,502.10,76.73,1315.46
2024-01-08 22:00:00,3076.72,324.78,0.11,929.18,481.81,74.51,1262.94
2024-01-08 23:00:00,3240.58,339.17,0.11,936.34,425.77,68.56,1467.23
2024-01-09 00:00:00,3279.80,368.67,0.09,981.22,422.68,69.53,1434.21
2024-01-09 01:00:00,3273.85,395.51,0.08,944.44,421.95,71.06,1437.41
2024-01-09 02:00:00,3231.80,410.30,0.07,902.75,424.21,71.14,1419.93
2024-01-09 03:00:00,3199.06,425.37,0.09,888.12,428.52,70.75,1382.82
2024-01-09 04:00:00,3200.28,426.04,0.11,971.48,435.81,72.01,1291.44
2024-01-09 05:00:00,3360.07,445.29,0.17,1019.01,495.60,85.50,1311.10
2024-01-09 06:00:00,3622.32,487.73,0.29,913.64,521.25,90.61,1605.19
2024-01-09 07:00:00,3727.81,470.39,1.33,840.91,578.37,97.04,1736.05
2024-01-09 08:00:00,3760.30,387.27,36.75,875.01,603.06,105.64,1749.10
2024-01-09 09:00:00,3777.50,375.06,113.51,805.70,609.41,106.89,1763.45
2024-01-09 10:00:00,3737.82,388.36,208.73,859.62,660.98,104.43,1511.82
2024-01-09 11:00:00,3608.37,414.26,245.43,932.62,554.13,86.98,1371.45
2024-01-09 12:00:00,3615.51,380.29,197.73,996.97,524.62,86.58,1425.83
2024-01-09 13:00:00,3532.32,328.94,131.60,1131.09,522.55,87.92,1326.73
2024-01-09 14:00:00,3434.82,314.18,39.84,1137.98,553.54,89.46,1296.34
2024-01-09 15:00:00,3481.70,258.73,0.64,1123.07,580.23,91.48,1424.09
2024-01-09 16:00:00,3650.26,174.96,0.28,1123.09,608.94,89.04,1650.44
2024-01-09 17:00:00,3494.30,119.30,0.23,1114.97,609.17,88.69,1558.65
2024-01-09 18:00:00,3342.43,110.23,0.16,1076.45,603.43,88.77,1460.11
2024-01-09 19:00:00,3126.02,113.08,0.13,1110.53,570.88,87.73,1240.38
2024-01-09 20:00:00,3005.75,131.87,0.11,1090.16,515.56,84.88,1179.60
2024-01-09 21:00:00,2908.77,123.79,0.10,1053.12,478.09,84.19,1165.88
2024-01-09 22:00:00,2810.39,129.17,0.08,1054.86,469.07,80.29,1073.28
2024-01-09 23:00:00,2792.34,114.43,0.09,1055.06,416.27,81.11,1121.76
2024-01-10 00:00:00,2828.89,103.22,0.08,1009.88,410.36,81.06,1220.66
2024-01-10 01:00:00,2798.49,92.26,0.07,971.78,413.67,80.31,1236.78
2024-01-10 02:00:00,2765.78,40.83,0.07,978.42,412.35,81.04,1249.46
2024-01-10 03:00:00,2744.38,9.52,0.14,942.77,406.40,79.27,1302.69
2024-01-10 04:00:00,2817.82,4.34,0.16,1057.12,417.15,79.45,1256.00
2024-01-10 05:00:00,3065.70,2.68,0.27,1100.96,478.12,82.40,1397.67
2024-01-10 06:00:00,3424.86,1.47,0.34,1098.29,535.21,86.87,1698.98
2024-01-10 07:00:00,3545.80,5.94,0.76,1205.55,578.08,102.28,1649.50
2024-01-10 08:00:00,3529.52,14.35,33.71,1221.08,653.09,113.46,1489.26
2024-01-10 09:00:00,3558.79,30.83,143.97,1181.61,583.21,96.84,1518.62
2024-01-10 10:00:00,3538.99,51.58,234.19,1172.74,549.31,96.25,1431.17
2024-01-10 11:00:00,3474.10,60.96,265.25,1186.47,514.38,94.54,1349.18
2024-01-10 12:00:00,3468.03,59.68,243.31,1140.45,495.97,93.67,1431.21
2024-01-10 13:00:00,3416.66,91.24,159.32,1098.10,512.89,92.76,1458.58
2024-01-10 14:00:00,3333.47,139.26,49.39,1135.30,528.96,87.15,1389.62
2024-01-10 15:00:00,3435.97,209.92,0.80,1117.53,542.47,88.01,1473.46
2024-01-10 16:00:00,3599.60,282.94,0.31,1140.73,553.34,88.75,1529.76
2024-01-10 17:00:00,3455.70,360.77,0.24,1123.11,564.48,87.90,1315.42
2024-01-10 18:00:00,3259.47,463.21,0.15,1124.27,556.24,87.63,1024.17
2024-01-10 19:00:00,3102.21,536.64,0.14,1143.48,541.62,86.81,789.73
2024-01-10 20:00:00,3008.03,642.53,0.11,1090.06,500.86,82.69,687.98
2024-01-10 21:00:00,2873.17,764.29,0.09,1087.70,458.61,81.14,477.56
2024-01-10 22:00:00,2804.83,825.66,0.09,998.78,440.41,80.78,455.34
2024-01-10 23:00:00,2773.96,864.17,0.08,1050.27,397.47,80.36,377.82
2024-01-11 00:00:00,2806.81,899.33,0.08,928.40,382.33,79.81,513.08
2024-01-11 01:00:00,2817.01,852.27,0.09,861.82,384.66,78.24,636.15
2024-01-11 02:00:00,2727.29,838.15,0.09,843.50,385.14,78.80,577.83
2024-01-11 03:00:00,2700.48,723.03,0.12,842.96,388.15,78.56,663.90
2024-01-11 04:00:00,2741.84,541.34,0.14,903.41,388.17,78.75,826.27
2024-01-11 05:00:00,2978.85,394.97,0.28,1143.92,434.40,82.96,918.56
2024-01-11 06:00:00,3335.17,284.78,0.28,1167.46,511.19,85.95,1281.80
2024-01-11 07:00:00,3490.88,239.13,1.27,1107.41,509.08,98.24,1532.07
2024-01-11 08:00:00,3455.74,209.75,56.21,1042.98,518.24,100.05,1524.96
2024-01-11 09:00:00,3511.18,271.19,196.82,1049.63,491.36,98.73,1399.71
2024-01-11 10:00:00,3479.05,261.09,330.12,1052.38,491.82,95.96,1243.91
2024-01-11 11:00:00,3366.52,281.15,375.37,1061.92,496.32,85.79,1062.21
2024-01-11 12:00:00,3385.33,321.54,353.12,1021.25,488.10,85.72,1111.83
2024-01-11 13:00:00,3304.60,459.47,240.92,1049.27,495.60,88.01,967.57
2024-01-11 14:00:00,3257.59,546.02,91.69,1102.37,495.55,91.29,926.89
2024-01-11 15:00:00,3351.08,522.88,3.01,1089.05,528.30,92.97,1111.10
2024-01-11 16:00:00,3551.16,507.29,0.39,1059.31,523.41,95.40,1361.59
2024-01-11 17:00:00,3401.68,375.16,0.27,1108.05,543.29,95.62,1275.53
2024-01-11 18:00:00,3210.79,285.70,0.18,1091.58,566.50,91.34,1171.73
2024-01-11 19:00:00,3086.00,187.96,0.15,1066.54,539.07,88.26,1200.28
2024-01-11 20:00:00,2990.50,101.74,0.12,1074.80,479.08,83.88,1247.13
2024-01-11 21:00:00,2861.77,107.28,0.10,1095.57,451.25,83.18,1120.85
2024-01-11 22:00:00,2768.69,198.87,0.10,1040.33,425.79,82.99,1017.45
2024-01-11 23:00:00,2777.06,364.41,0.11,970.28,365.31,80.79,993.01
2024-01-12 00:00:00,2844.26,588.92,0.11,915.74,343.87,79.64,912.79
2024-01-12 01:00:00,2826.53,918.16,0.12,880.75,548.31,89.51,386.34
2024-01-12 02:00:00,2866.65,1058.75,0.10,882.99,347.62,79.94,493.94
2024-01-12 03:00:00,2888.46,1315.05,0.14,852.39,338.91,80.61,298.21
2024-01-12 04:00:00,2909.52,1367.74,0.18,857.18,340.62,81.00,259.67
2024-01-12 05:00:00,3123.78,1305.37,0.22,994.49,385.38,82.61,352.57
2024-01-12 06:00:00,3414.18,1325.32,0.28,1040.61,484.82,94.64,465.38
2024-01-12 07:00:00,3536.80,1309.15,2.36,1020.43,498.99,104.44,598.30
2024-01-12 08:00:00,3495.45,1331.07,50.98,982.76,518.97,105.47,503.09
2024-01-12 09:00:00,3508.45,1221.54,212.09,1043.61,499.13,98.85,430.11
2024-01-12 10:00:00,3456.93,1288.89,421.81,918.19,489.24,97.32,238.35
2024-01-12 11:00:00,3342.08,1237.33,524.96,854.45,499.33,91.60,131.27
2024-01-12 12:00:00,3245.25,1103.42,498.41,881.89,492.97,90.15,175.26
2024-01-12 13:00:00,3132.06,1115.69,328.76,837.22,497.05,86.52,263.67
2024-01-12 14:00:00,3069.84,1228.66,110.53,941.94,499.79,88.79,196.98
2024-01-12 15:00:00,3184.02,1390.76,7.03,981.26,518.89,92.80,190.13
2024-01-12 16:00:00,3546.81,1514.71,0.49,990.78,525.96,93.49,418.22
2024-01-12 17:00:00,3459.21,1629.74,0.44,993.63,521.88,92.77,217.58
2024-01-12 18:00:00,3030.98,1673.33,0.46,986.73,669.03,113.43,-415.49
2024-01-12 19:00:00,2846.90,1845.99,0.39,860.71,507.43,89.36,-460.45
2024-01-12 20:00:00,2823.43,2130.88,0.36,805.16,435.05,84.88,-636.05
2024-01-12 21:00:00,2676.97,2377.25,0.41,786.97,387.83,84.11,-962.75
2024-01-12 22:00:00,2626.43,2719.41,0.43,707.49,374.25,83.05,-1261.37
2024-01-12 23:00:00,2725.77,3105.42,0.36,634.38,313.22,72.84,-1403.61
2024-01-13 00:00:00,2647.33,3363.74,0.38,645.37,305.53,72.13,-1742.98
2024-01-13 01:00:00,2625.78,3567.75,0.41,637.55,292.27,70.90,-1946.25
2024-01-13 02:00:00,2592.82,3544.06,0.47,745.17,279.91,70.28,-2050.24
2024-01-13 03:00:00,2571.20,3521.87,0.42,706.12,282.33,65.56,-2008.28
2024-01-13 04:00:00,2624.78,3651.30,0.36,607.48,284.98,66.63,-1989.16
2024-01-13 05:00:00,2527.80,3627.66,0.34,670.16,295.45,65.89,-2134.86
2024-01-13 06:00:00,2714.83,3891.38,0.54,678.80,339.09,68.21,-2266.35
2024-01-13 07:00:00,2864.32,4121.39,0.67,722.35,346.61,69.14,-2399.02
2024-01-13 08:00:00,3048.23,4184.42,28.85,864.27,348.28,79.41,-2460.17
2024-01-13 09:00:00,3003.22,4294.57,118.66,735.73,360.01,83.05,-2591.97
2024-01-13 10:00:00,2961.67,4362.83,244.61,725.97,374.30,80.91,-2830.13
2024-01-13 11:00:00,3159.60,4408.79,389.18,661.93,359.60,80.95,-2744.01
2024-01-13 12:00:00,3014.37,4455.84,339.78,569.68,357.61,84.28,-2796.00
2024-01-13 13:00:00,2916.92,4451.33,206.47,581.46,354.50,83.06,-2763.07
2024-01-13 14:00:00,2880.13,4402.90,70.32,645.38,358.07,72.26,-2671.98
2024-01-13 15:00:00,2995.99,4351.15,1.64,729.22,364.48,73.40,-2527.11
2024-01-13 16:00:00,3161.29,4215.29,0.77,775.18,397.08,73.19,-2303.43
2024-01-13 17:00:00,3096.07,4061.29,0.68,718.95,406.86,73.27,-2168.22
2024-01-13 18:00:00,2850.11,3962.77,0.57,797.40,395.70,71.14,-2380.87
2024-01-13 19:00:00,2897.22,3778.40,0.59,758.31,358.61,71.89,-2073.99
2024-01-13 20:00:00,2839.57,3609.12,0.44,718.44,332.41,71.76,-1895.98
2024-01-13 21:00:00,2830.68,3450.38,0.40,666.65,319.88,72.02,-1682.02
2024-01-13 22:00:00,2802.10,3253.78,0.45,749.28,320.75,68.25,-1593.81
2024-01-13 23:00:00,2684.59,3058.27,0.37,662.69,208.30,65.60,-1314.23
2024-01-14 00:00:00,2678.40,3024.87,0.26,664.60,184.70,65.81,-1265.43
2024-01-14 01:00:00,2616.73,2920.24,0.33,594.33,188.55,66.58,-1156.89
2024-01-14 02:00:00,2578.86,2847.78,0.35,579.88,185.32,66.66,-1104.71
2024-01-14 03:00:00,2554.50,2818.31,0.35,559.60,186.97,67.94,-1082.25
2024-01-14 04:00:00,2523.37,2795.99,0.37,636.86,190.09,68.20,-1171.71
2024-01-14 05:00:00,2559.88,2736.88,0.44,623.84,250.47,68.55,-1123.86
2024-01-14 06:00:00,2607.12,2732.33,0.41,583.76,322.00,72.96,-1107.92
2024-01-14 07:00:00,2727.74,2836.94,3.04,665.30,344.48,75.98,-1201.58
2024-01-14 08:00:00,2799.99,2949.00,57.26,667.67,387.18,74.66,-1339.33
2024-01-14 09:00:00,2813.43,2975.28,177.20,668.58,405.21,72.61,-1489.03
2024-01-14 10:00:00,2836.80,3115.08,281.50,676.57,413.63,72.65,-1726.22
2024-01-14 11:00:00,2775.77,3275.97,327.82,613.16,309.51,71.96,-1826.23
2024-01-14 12:00:00,2741.10,3349.31,284.38,602.73,307.07,72.33,-1878.32
2024-01-14 13:00:00,2770.30,3323.40,207.57,621.34,309.59,73.80,-1768.99
2024-01-14 14:00:00,2698.19,3281.02,80.60,708.14,343.62,74.06,-1792.84
2024-01-14 15:00:00,2898.78,3284.11,2.66,772.99,398.36,75.15,-1638.06
2024-01-14 16:00:00,3167.16,3237.24,0.46,765.71,411.28,75.39,-1326.46
2024-01-14 17:00:00,3068.96,3209.40,0.47,805.93,429.91,76.10,-1456.40
2024-01-14 18:00:00,2874.85,3075.72,0.31,734.88,397.94,76.02,-1413.59
2024-01-14 19:00:00,2784.99,2913.32,0.27,693.78,342.23,76.32,-1244.50
2024-01-14 20:00:00,2655.44,2883.45,0.26,683.66,294.30,75.87,-1285.67
2024-01-14 21:00:00,2568.55,2728.57,0.46,649.68,281.10,74.52,-1169.35
2024-01-14 22:00:00,2575.39,2880.00,0.61,556.73,285.31,69.18,-1220.02
2024-01-14 23:00:00,2729.67,3245.01,0.59,588.39,214.55,65.85,-1388.27
2024-01-15 00:00:00,2996.12,3569.90,0.57,489.83,203.91,64.33,-1335.98
2024-01-15 01:00:00,3172.49,3951.58,0.54,497.53,215.55,64.06,-1560.33
2024-01-15 02:00:00,3132.70,4080.13,0.45,480.71,211.58,64.40,-1708.13
2024-01-15 03:00:00,3060.13,3855.72,0.55,493.19,207.49,65.29,-1565.64
2024-01-15 04:00:00,2992.53,3664.50,0.33,717.33,234.53,66.82,-1694.50
2024-01-15 05:00:00,3182.67,3353.66,0.33,731.17,325.81,68.82,-1300.65
2024-01-15 06:00:00,3467.77,2973.85,0.39,807.08,407.79,70.35,-795.23
2024-01-15 07:00:00,3503.20,2588.17,2.00,953.31,432.63,76.13,-552.56
2024-01-15 08:00:00,3531.94,2091.42,52.13,968.46,435.82,74.68,-94.20
2024-01-15 09:00:00,3599.55,1686.50,183.90,909.38,431.91,72.16,312.05
2024-01-15 10:00:00,3560.62,1218.31,310.58,828.73,418.93,71.98,708.43
2024-01-15 11:00:00,3638.54,872.69,385.20,802.10,416.34,68.04,1090.51
2024-01-15 12:00:00,3642.35,696.76,290.87,798.74,400.28,68.07,1383.97
2024-01-15 13:00:00,3572.54,626.75,176.52,784.49,406.99,68.18,1505.96
2024-01-15 14:00:00,3324.34,722.52,62.92,789.68,427.75,71.59,1246.21
2024-01-15 15:00:00,3400.30,682.41,3.52,844.16,434.71,77.61,1354.25
2024-01-15 16:00:00,3587.72,478.72,0.30,940.43,453.07,78.48,1633.09
2024-01-15 17:00:00,3458.27,274.36,0.22,1017.93,455.00,77.21,1629.93
2024-01-15 18:00:00,3272.29,152.83,0.17,975.24,458.60,75.34,1606.45
2024-01-15 19:00:00,3137.27,99.26,0.14,926.57,450.16,73.43,1584.03
2024-01-15 20:00:00,3078.67,118.06,0.11,854.67,423.18,69.27,1609.68
2024-01-15 21:00:00,3127.58,138.95,0.10,839.61,392.90,68.73,1683.69
2024-01-15 22:00:00,2966.87,178.60,0.09,811.20,370.49,68.84,1534.15
2024-01-15 23:00:00,3042.94,227.66,0.08,781.34,304.95,70.00,1655.41
2024-01-16 00:00:00,3026.62,223.34,0.09,802.99,302.34,71.18,1623.18
2024-01-16 01:00:00,3051.07,265.64,0.07,800.05,291.74,70.12,1619.95
2024-01-16 02:00:00,2986.32,228.27,0.07,800.71,293.05,70.43,1590.31
2024-01-16 03:00:00,2974.63,233.22,0.09,771.15,300.13,71.05,1595.50
2024-01-16 04:00:00,2979.06,221.87,0.11,832.54,330.09,73.59,1517.38
2024-01-16 05:00:00,3228.95,201.60,0.18,892.19,390.79,85.41,1655.31
2024-01-16 06:00:00,3480.93,230.96,0.25,954.28,485.54,96.93,1709.51
2024-01-16 07:00:00,3596.29,241.49,1.43,1034.38,523.91,101.87,1689.74
2024-01-16 08:00:00,3624.13,338.71,22.99,1078.85,528.61,101.51,1550.02
2024-01-16 09:00:00,3594.19,415.38,71.24,1046.07,496.63,93.77,1467.67
2024-01-16 10:00:00,3522.51,593.52,115.66,1050.91,487.49,94.59,1176.88
2024-01-16 11:00:00,3477.38,814.57,132.73,979.00,475.08,92.79,979.74
2024-01-16 12:00:00,3561.67,1135.70,125.56,994.09,483.22,89.43,730.20
2024-01-16 13:00:00,3428.29,1661.86,80.33,975.25,463.98,87.18,156.22
2024-01-16 14:00:00,3368.34,1849.83,21.64,1035.40,481.09,87.97,-111.05
2024-01-16 15:00:00,3500.78,2288.64,0.85,1082.31,535.57,103.12,-513.13
2024-01-16 16:00:00,3765.43,2506.09,0.37,1249.65,516.56,99.92,-610.63
2024-01-16 17:00:00,3596.21,2507.65,0.32,1266.16,515.02,96.90,-793.29
2024-01-16 18:00:00,3359.46,2559.79,0.27,1227.62,514.07,84.96,-1030.69
2024-01-16 19:00:00,3218.34,2582.39,0.26,943.39,475.45,74.95,-861.55
2024-01-16 20:00:00,3231.12,2842.39,0.26,816.80,394.24,69.01,-895.04
2024-01-16 21:00:00,3111.94,2984.89,0.17,765.99,358.32,67.22,-1068.10
2024-01-16 22:00:00,3079.84,3200.71,0.28,778.50,340.59,69.95,-1313.64
2024-01-16 23:00:00,3128.55,3593.70,0.37,827.26,296.03,70.32,-1662.58
2024-01-17 00:00:00,3083.83,4084.56,0.58,791.57,302.20,71.90,-2170.40
2024-01-17 01:00:00,3105.68,4410.59,0.55,765.85,305.87,73.36,-2453.97
2024-01-17 02:00:00,3191.51,4525.17,0.54,642.69,297.82,68.78,-2346.93
2024-01-17 03:00:00,3176.97,4553.13,0.49,704.97,289.27,68.89,-2443.21
2024-01-17 04:00:00,3238.15,4383.07,0.62,709.99,294.65,72.16,-2225.78
2024-01-17 05:00:00,3262.07,3896.53,0.53,774.61,340.77,75.55,-1829.33
2024-01-17 06:00:00,3518.11,3558.92,0.36,915.76,434.55,77.83,-1472.73
2024-01-17 07:00:00,3659.40,3418.96,0.54,1072.81,489.92,90.26,-1416.51
2024-01-17 08:00:00,3518.88,2840.25,23.94,1110.81,493.07,90.86,-1043.50
2024-01-17 09:00:00,3596.96,2522.51,109.62,1043.69,520.02,96.20,-698.54
2024-01-17 10:00:00,3463.51,2565.05,146.90,907.31,496.69,91.90,-747.80
2024-01-17 11:00:00,3392.36,2324.99,232.61,974.92,489.70,85.03,-718.34
2024-01-17 12:00:00,3370.34,2130.66,248.84,974.74,496.85,84.23,-568.44
2024-01-17 13:00:00,3319.26,1883.97,193.24,1088.09,503.73,84.27,-437.47
2024-01-17 14:00:00,3266.46,1839.68,65.07,1146.23,509.88,88.44,-386.28
2024-01-17 15:00:00,3372.29,1842.08,3.14,1005.44,558.38,87.32,-127.53
2024-01-17 16:00:00,3580.05,1598.63,0.32,1078.59,548.70,93.15,257.21
2024-01-17 17:00:00,3410.41,1490.52,0.26,1095.69,541.78,92.60,186.11
2024-01-17 18:00:00,3224.14,1328.90,0.21,1110.23,545.08,90.75,145.53
2024-01-17 19:00:00,3119.68,1350.57,0.14,1073.49,504.60,88.51,98.91
2024-01-17 20:00:00,3029.99,1340.23,0.10,936.84,445.66,84.24,219.47
2024-01-17 21:00:00,3023.37,1355.73,0.09,839.58,410.40,85.19,328.91
2024-01-17 22:00:00,2927.56,1357.10,0.10,837.03,396.02,86.53,247.31
2024-01-17 23:00:00,2925.75,1328.27,0.11,795.52,344.24,84.40,369.74
2024-01-18 00:00:00,2983.01,1418.26,0.13,806.32,345.49,84.81,324.53
2024-01-18 01:00:00,2987.76,1393.21,0.10,858.20,342.81,82.86,307.11
2024-01-18 02:00:00,2968.08,1449.57,0.10,865.14,346.71,83.87,219.23
2024-01-18 03:00:00,2932.10,1494.95,0.09,784.02,344.49,83.16,221.93
2024-01-18 04:00:00,2926.59,1516.52,0.14,813.98,352.25,85.75,154.49
2024-01-18 05:00:00,3145.95,1486.27,0.27,932.87,398.70,88.38,236.01
2024-01-18 06:00:00,3508.62,1809.28,0.31,1073.57,508.44,91.18,22.40
2024-01-18 07:00:00,3622.15,1913.73,1.47,1162.55,538.55,94.20,-91.61
2024-01-18 08:00:00,3585.98,1599.47,40.85,1197.67,528.32,92.82,123.60
2024-01-18 09:00:00,3563.79,1562.51,147.23,1175.14,552.70,93.73,29.24
2024-01-18 10:00:00,3500.37,1732.17,268.78,1128.45,544.48,92.07,-268.83
2024-01-18 11:00:00,3494.78,2124.28,347.49,1039.38,514.00,87.53,-621.17
2024-01-18 12:00:00,3493.19,2399.77,369.24,820.65,493.67,85.78,-679.21
2024-01-18 13:00:00,3414.36,2714.45,248.69,844.67,480.57,86.42,-963.71
2024-01-18 14:00:00,3303.06,2480.49,88.71,946.17,499.61,85.92,-801.12
2024-01-18 15:00:00,3376.01,2759.65,7.94,939.16,537.27,89.44,-960.71
2024-01-18 16:00:00,3565.39,2857.41,0.58,1139.97,558.50,91.81,-1086.15
2024-01-18 17:00:00,3430.58,2548.71,0.55,1165.17,560.46,93.07,-940.65
2024-01-18 18:00:00,3294.84,2688.39,0.56,953.85,538.37,93.50,-983.10
2024-01-18 19:00:00,3155.85,2525.34,0.44,908.30,485.69,86.96,-854.15
2024-01-18 20:00:00,3105.91,2455.48,0.47,875.00,430.18,83.51,-741.98
2024-01-18 21:00:00,3003.00,2621.42,0.32,764.80,401.15,83.93,-871.90
2024-01-18 22:00:00,2919.31,2622.08,0.33,756.14,384.39,82.60,-929.50
2024-01-18 23:00:00,3028.20,2713.30,0.39,713.54,337.78,84.18,-824.24
2024-01-19 00:00:00,3095.42,2736.92,0.45,689.84,334.41,82.67,-752.08
2024-01-19 01:00:00,3207.89,2565.64,0.28,728.54,333.79,82.32,-505.87
2024-01-19 02:00:00,3227.50,2744.98,0.26,674.94,331.44,83.89,-611.18
2024-01-19 03:00:00,3207.58,3054.84,0.27,639.21,328.54,84.19,-902.65
2024-01-19 04:00:00,3110.48,3137.07,0.33,741.23,330.64,84.52,-1186.46
2024-01-19 05:00:00,3164.88,3109.31,0.32,878.90,407.26,87.37,-1321.44
2024-01-19 06:00:00,3469.94,2960.68,0.46,1082.23,513.89,90.59,-1181.06
2024-01-19 07:00:00,3537.96,2873.34,1.57,1146.93,531.73,90.26,-1109.04
2024-01-19 08:00:00,3642.74,3089.57,20.29,1079.52,528.95,92.56,-1171.33
2024-01-19 09:00:00,3607.34,3176.73,73.63,1003.20,500.58,90.17,-1240.16
2024-01-19 10:00:00,3480.70,3143.76,138.84,972.28,491.53,84.55,-1353.48
2024-01-19 11:00:00,3399.79,2854.10,217.28,886.29,483.28,79.00,-1123.41
2024-01-19 12:00:00,3469.91,2780.39,149.81,888.67,459.67,78.15,-890.04
2024-01-19 13:00:00,3336.15,2724.89,82.42,820.48,433.36,78.05,-806.31
2024-01-19 14:00:00,3140.49,2628.41,44.55,880.10,435.45,79.43,-930.72
2024-01-19 15:00:00,3204.71,2389.13,3.91,1065.23,452.81,80.02,-789.66
2024-01-19 16:00:00,3365.57,2333.43,0.54,1148.52,496.98,86.55,-703.72
2024-01-19 17:00:00,3238.31,2516.14,0.66,979.33,527.73,95.03,-883.87
2024-01-19 18:00:00,3066.67,2794.28,0.61,922.93,478.27,89.45,-1222.15
2024-01-19 19:00:00,2999.77,3247.79,0.71,755.32,433.88,85.46,-1526.67
2024-01-19 20:00:00,2971.88,3652.24,0.67,709.60,397.60,84.36,-1875.87
2024-01-19 21:00:00,2868.23,4047.62,0.56,631.77,401.59,76.36,-2292.96
2024-01-19 22:00:00,2795.80,4247.30,0.64,677.43,382.77,73.18,-2588.80
2024-01-19 23:00:00,2861.75,4440.70,0.73,566.15,315.44,72.13,-2536.68
2024-01-20 00:00:00,2850.60,4510.32,0.64,560.16,306.65,72.72,-2603.18
2024-01-20 01:00:00,2866.84,4490.49,0.62,627.94,306.88,73.69,-2636.06
2024-01-20 02:00:00,2820.84,4469.96,0.61,560.30,219.67,73.79,-2506.78
2024-01-20 03:00:00,2832.56,4419.31,0.64,538.63,207.45,74.00,-2410.76
2024-01-20 04:00:00,2826.13,4119.55,0.58,530.57,257.07,76.20,-2161.12
2024-01-20 05:00:00,2746.93,3604.76,0.61,555.19,347.15,77.13,-1841.18
2024-01-20 06:00:00,2772.13,2926.52,0.61,626.62,365.92,87.76,-1238.56
2024-01-20 07:00:00,2838.17,2447.45,1.57,889.87,389.41,88.09,-981.47
2024-01-20 08:00:00,2870.18,2233.97,27.94,851.47,409.90,88.39,-744.75
2024-01-20 09:00:00,2924.36,2174.11,88.26,760.33,405.82,86.28,-593.71
2024-01-20 10:00:00,2928.74,2067.13,153.10,797.95,394.80,85.42,-572.94
2024-01-20 11:00:00,2923.97,2040.01,242.97,743.19,375.90,84.89,-566.27
2024-01-20 12:00:00,2915.60,2147.41,231.81,655.78,371.93,84.80,-579.40
2024-01-20 13:00:00,2904.29,2108.20,149.53,745.50,374.77,84.52,-561.52
2024-01-20 14:00:00,2783.10,2128.55,56.40,794.59,418.67,84.98,-703.37
2024-01-20 15:00:00,2863.12,2282.98,3.22,752.93,474.23,86.79,-740.30
2024-01-20 16:00:00,3041.00,2549.65,0.52,764.00,510.63,92.07,-879.16
2024-01-20 17:00:00,2954.62,2894.94,0.63,802.48,506.48,91.75,-1344.94
2024-01-20 18:00:00,2777.65,3161.17,0.64,808.50,493.23,90.72,-1779.89
2024-01-20 19:00:00,2694.24,3424.11,0.52,703.64,454.80,90.42,-1982.52
2024-01-20 20:00:00,2572.00,3485.51,0.47,607.95,373.21,86.99,-1985.41
2024-01-20 21:00:00,2532.93,3636.14,0.39,437.70,349.34,85.62,-1979.54
2024-01-20 22:00:00,2537.41,3707.15,0.34,465.78,336.15,84.15,-2059.45
2024-01-20 23:00:00,2660.49,3745.94,0.34,557.97,240.15,80.75,-1967.95
2024-01-21 00:00:00,2659.29,3682.13,0.38,665.54,193.25,80.82,-1966.11
2024-01-21 01:00:00,2649.19,3586.86,0.35,710.41,193.79,80.53,-1926.04
2024-01-21 02:00:00,2802.87,3647.76,0.40,502.31,178.24,81.14,-1610.26
2024-01-21 03:00:00,2809.34,3770.38,0.45,451.01,178.51,82.61,-1676.89
2024-01-21 04:00:00,2738.60,3895.19,0.59,446.22,181.15,82.08,-1869.91
2024-01-21 05:00:00,2863.71,3953.71,0.58,442.43,177.88,82.63,-1796.79
2024-01-21 06:00:00,2905.37,4089.42,0.56,488.89,177.94,82.58,-1937.28
2024-01-21 07:00:00,3071.64,4269.37,1.21,625.93,187.69,83.47,-2099.30
2024-01-21 08:00:00,3097.40,4399.43,25.87,620.47,186.72,83.77,-2222.13
2024-01-21 09:00:00,3304.06,4465.66,55.75,514.07,171.06,81.98,-1987.78
2024-01-21 10:00:00,3369.54,4477.62,90.02,513.23,173.34,80.98,-1969.11
2024-01-21 11:00:00,3456.55,4461.87,95.59,451.04,187.77,81.25,-1824.44
2024-01-21 12:00:00,3459.66,4477.70,57.73,458.60,182.73,81.16,-1801.73
2024-01-21 13:00:00,3432.02,4432.52,38.33,481.41,179.95,82.34,-1786.00
2024-01-21 14:00:00,3311.74,4360.36,10.36,466.07,169.98,81.76,-1780.26
2024-01-21 15:00:00,3331.19,4226.27,0.78,562.88,186.52,82.75,-1731.47
2024-01-21 16:00:00,3435.44,4143.13,0.79,666.01,203.42,83.59,-1664.97
2024-01-21 17:00:00,3269.26,4231.04,0.77,673.23,208.38,83.68,-1931.29
2024-01-21 18:00:00,3087.24,4373.86,0.73,679.73,204.18,84.19,-2259.03
2024-01-21 19:00:00,3049.47,4487.33,0.75,646.58,194.19,83.47,-2366.53
2024-01-21 20:00:00,3051.32,4588.10,0.79,611.77,181.59,81.67,-2416.27
2024-01-21 21:00:00,2945.90,4636.12,0.81,585.21,176.86,79.52,-2536.29
2024-01-21 22:00:00,2974.92,4712.40,0.81,455.53,161.81,70.00,-2429.24
2024-01-21 23:00:00,3325.83,4756.95,0.80,345.78,105.27,67.41,-1954.07
2024-01-22 00:00:00,3474.17,4635.05,0.79,310.49,91.58,67.69,-1635.12
2024-01-22 01:00:00,3537.07,4511.34,0.75,287.76,90.14,65.93,-1422.55
2024-01-22 02:00:00,3592.23,4312.61,0.75,300.65,89.73,64.27,-1179.47
2024-01-22 03:00:00,3621.60,4211.10,0.74,229.78,82.48,63.83,-970.00
2024-01-22 04:00:00,3629.94,4326.69,0.76,268.75,83.78,65.20,-1118.94
2024-01-22 05:00:00,3422.40,4458.79,0.82,346.65,112.52,68.94,-1569.00
2024-01-22 06:00:00,3440.27,4562.32,0.86,627.77,151.57,81.40,-1987.30
2024-01-22 07:00:00,3535.18,4610.39,2.03,712.46,155.86,82.35,-2031.61
2024-01-22 08:00:00,3655.45,4653.51,64.95,703.22,151.17,80.87,-2001.97
2024-01-22 09:00:00,3646.10,4645.86,263.03,675.07,163.71,79.31,-2184.64
2024-01-22 10:00:00,3652.02,4626.83,450.47,696.21,170.07,76.91,-2372.33
2024-01-22 11:00:00,3753.38,4616.45,522.74,677.16,169.10,74.49,-2310.43
2024-01-22 12:00:00,3961.10,4629.43,427.34,588.40,165.28,74.99,-1928.21
2024-01-22 13:00:00,3767.07,4608.79,279.66,626.82,161.76,75.54,-1989.36
2024-01-22 14:00:00,3554.18,4611.96,116.78,612.45,159.84,72.22,-2022.92
2024-01-22 15:00:00,3497.19,4616.60,13.12,667.86,156.77,72.25,-2033.28
2024-01-22 16:00:00,3580.15,4583.81,0.87,682.09,176.31,79.93,-1946.71
2024-01-22 17:00:00,3419.33,4593.35,0.85,635.27,175.30,78.47,-2067.74
2024-01-22 18:00:00,3326.07,4590.38,0.77,665.59,165.02,77.48,-2177.03
2024-01-22 19:00:00,3252.41,4564.40,0.77,551.72,140.94,77.04,-2086.29
2024-01-22 20:00:00,3208.29,4541.69,0.61,419.84,144.87,76.48,-1979.30
2024-01-22 21:00:00,3075.66,4537.89,0.59,419.77,148.25,75.74,-2111.09
2024-01-22 22:00:00,3172.34,4483.62,0.61,371.37,130.52,74.56,-1892.96
2024-01-22 23:00:00,3269.34,4481.98,0.65,330.22,88.26,58.68,-1695.06
2024-01-23 00:00:00,3503.37,4430.32,0.58,269.29,83.50,55.04,-1339.99
2024-01-23 01:00:00,3587.53,4350.79,0.59,269.32,80.97,55.30,-1174.08
2024-01-23 02:00:00,3569.08,4239.54,0.57,275.94,82.86,54.15,-1088.60
2024-01-23 03:00:00,3524.89,4236.21,0.60,274.40,85.13,55.35,-1131.44
2024-01-23 04:00:00,3298.27,4302.03,0.67,274.92,85.03,57.54,-1426.55
2024-01-23 05:00:00,3373.86,4420.92,0.81,343.05,136.98,57.70,-1590.23
2024-01-23 06:00:00,3483.14,4572.10,0.92,361.46,211.33,65.57,-1732.86
2024-01-23 07:00:00,3543.52,4632.24,5.36,443.34,233.22,66.14,-1841.39
2024-01-23 08:00:00,3640.28,4539.35,100.42,476.48,234.24,68.52,-1783.33
2024-01-23 09:00:00,3820.54,4420.99,384.58,490.80,274.48,68.66,-1823.61
2024-01-23 10:00:00,3816.59,4366.75,635.44,463.89,282.24,69.17,-2005.77
2024-01-23 11:00:00,3769.79,4230.28,553.55,529.87,258.04,70.85,-1877.17
2024-01-23 12:00:00,3674.25,3912.14,488.26,548.19,253.27,74.37,-1606.47
2024-01-23 13:00:00,3450.32,3635.45,279.94,568.55,247.52,75.03,-1360.85
2024-01-23 14:00:00,3270.23,3140.16,102.33,664.05,281.72,82.74,-1005.45
2024-01-23 15:00:00,3322.42,3023.22,5.05,618.08,283.50,85.25,-697.30
2024-01-23 16:00:00,3530.71,3085.61,0.69,655.79,297.55,83.05,-596.48
2024-01-23 17:00:00,3375.67,3306.94,0.61,706.53,254.49,84.15,-981.54
2024-01-23 18:00:00,3145.56,3375.81,0.63,655.95,240.66,83.78,-1215.75
2024-01-23 19:00:00,3127.54,3860.51,0.58,590.38,225.59,82.40,-1636.37
2024-01-23 20:00:00,3130.12,4313.17,0.71,531.58,165.03,75.94,-1960.78
2024-01-23 21:00:00,3116.56,4568.72,0.75,392.56,144.27,67.72,-2061.95
2024-01-23 22:00:00,3208.21,4670.82,0.75,333.61,127.22,61.92,-1990.65
2024-01-23 23:00:00,3412.46,4593.31,0.74,250.88,101.94,58.89,-1597.95
2024-01-24 00:00:00,3536.45,3922.49,0.75,212.15,94.85,58.90,-757.40
2024-01-24 01:00:00,3506.37,3974.97,0.76,204.28,95.88,58.50,-832.71
2024-01-24 02:00:00,3483.89,4041.01,0.75,204.97,93.17,58.00,-918.70
2024-01-24 03:00:00,3393.88,4085.55,0.76,205.43,93.76,58.08,-1054.39
2024-01-24 04:00:00,3510.79,3888.27,0.77,201.92,95.44,59.71,-740.00
2024-01-24 05:00:00,3453.98,4689.68,0.94,260.08,114.22,63.13,-1678.73
2024-01-24 06:00:00,3530.87,4734.77,0.93,346.20,129.32,64.76,-1749.77
2024-01-24 07:00:00,3656.53,4554.58,1.51,379.49,148.52,69.99,-1502.21
2024-01-24 08:00:00,3708.11,4542.73,26.84,316.08,156.64,69.88,-1408.70
2024-01-24 09:00:00,3645.61,4518.58,76.92,268.40,164.35,67.49,-1454.80
2024-01-24 10:00:00,3711.15,4530.42,157.02,325.55,164.47,61.50,-1532.48
2024-01-24 11:00:00,3744.34,4756.71,203.90,313.09,154.18,61.34,-1749.43
2024-01-24 12:00:00,3822.36,4775.93,160.93,306.96,145.76,62.52,-1634.25
2024-01-24 13:00:00,3651.10,4654.42,94.68,361.82,124.08,63.80,-1652.22
2024-01-24 14:00:00,3573.14,4621.19,79.07,431.90,153.16,64.21,-1780.91
2024-01-24 15:00:00,3603.33,4638.44,7.71,405.39,159.27,75.29,-1687.29
2024-01-24 16:00:00,3681.81,4654.66,0.95,480.60,184.40,75.37,-1718.69
2024-01-24 17:00:00,3555.64,4668.40,0.92,509.59,184.50,75.40,-1887.68
2024-01-24 18:00:00,3403.12,4675.80,0.87,507.87,169.01,75.34,-2030.27
2024-01-24 19:00:00,3306.10,4694.90,0.85,489.14,150.34,74.97,-2108.61
2024-01-24 20:00:00,3310.60,4688.59,0.83,427.20,126.85,68.63,-2006.00
2024-01-24 21:00:00,3125.66,4678.44,0.84,487.80,126.73,68.34,-2240.99
2024-01-24 22:00:00,3034.62,4699.23,0.80,452.76,135.66,70.78,-2329.12
2024-01-24 23:00:00,3056.32,4686.28,0.79,488.77,131.86,79.77,-2335.67
2024-01-25 00:00:00,3019.98,4672.01,0.81,476.55,129.16,80.00,-2343.06
2024-01-25 01:00:00,3028.02,4624.85,0.76,474.56,129.92,80.32,-2286.91
2024-01-25 02:00:00,2935.04,4594.89,0.78,504.51,131.31,78.89,-2379.87
2024-01-25 03:00:00,2892.15,4539.33,0.77,565.94,130.57,79.82,-2428.87
2024-01-25 04:00:00,2892.63,4441.14,0.77,617.59,131.34,79.63,-2382.42
2024-01-25 05:00:00,3026.69,4322.72,0.88,755.14,204.69,83.62,-2345.11
2024-01-25 06:00:00,3309.84,4085.36,0.74,702.86,261.89,86.25,-1832.00
2024-01-25 07:00:00,3325.96,3624.31,8.62,856.12,292.75,89.38,-1549.96
2024-01-25 08:00:00,3312.55,3004.77,129.90,872.63,298.44,87.58,-1085.49
2024-01-25 09:00:00,3382.45,2642.87,337.60,763.49,313.09,86.98,-766.30
2024-01-25 10:00:00,3265.13,2033.30,452.63,654.72,319.56,89.39,-289.17
2024-01-25 11:00:00,3234.87,1460.49,557.63,637.64,324.74,89.02,160.66
2024-01-25 12:00:00,3203.44,1114.47,529.04,654.35,335.19,94.33,471.38
2024-01-25 13:00:00,3154.49,792.94,412.85,756.13,357.87,95.26,734.76
2024-01-25 14:00:00,3053.32,591.44,170.88,848.39,382.46,95.68,959.80
2024-01-25 15:00:00,3106.79,509.74,16.04,882.19,412.75,94.96,1186.47
2024-01-25 16:00:00,3245.33,526.81,0.64,912.21,408.96,95.37,1296.72
2024-01-25 17:00:00,3178.14,600.52,0.58,904.33,402.36,95.93,1169.83
2024-01-25 18:00:00,3017.08,673.74,0.46,832.13,384.69,91.51,1029.98
2024-01-25 19:00:00,2851.95,673.40,0.33,794.09,357.18,92.65,929.76
2024-01-25 20:00:00,2703.19,772.10,0.25,771.91,368.97,90.92,694.53
2024-01-25 21:00:00,2545.91,974.03,0.29,569.54,432.99,100.80,463.87
2024-01-25 22:00:00,2473.94,1147.88,0.27,542.37,300.23,92.90,385.80
2024-01-25 23:00:00,2603.80,1518.40,0.23,562.22,174.21,81.43,262.75
2024-01-26 00:00:00,2585.45,1808.35,0.24,512.32,178.72,82.95,-1.70
2024-01-26 01:00:00,2689.22,2247.72,0.23,305.51,175.63,85.68,-130.12
2024-01-26 02:00:00,2738.49,2754.94,0.20,286.81,168.04,83.52,-559.59
2024-01-26 03:00:00,2819.67,3123.80,0.25,330.58,164.55,84.21,-888.30
2024-01-26 04:00:00,2838.07,3325.69,0.35,367.18,169.18,85.70,-1114.60
2024-01-26 05:00:00,3057.27,3743.29,0.48,363.77,223.40,86.60,-1364.83
2024-01-26 06:00:00,3302.71,4074.08,0.78,414.66,281.62,93.60,-1566.58
2024-01-26 07:00:00,3402.56,4197.45,0.82,575.79,306.33,91.37,-1773.78
2024-01-26 08:00:00,3409.81,4280.75,2.55,700.76,288.34,90.24,-1957.43
2024-01-26 09:00:00,3487.96,4248.98,16.84,693.88,274.22,77.56,-1828.21
2024-01-26 10:00:00,3510.30,3945.08,106.81,533.10,204.54,76.05,-1359.93
2024-01-26 11:00:00,3627.78,4198.23,112.62,366.63,157.13,71.01,-1282.46
2024-01-26 12:00:00,3651.47,4556.68,151.28,312.61,113.28,71.27,-1558.26
2024-01-26 13:00:00,3472.89,4658.69,186.11,322.33,110.50,72.52,-1881.81
2024-01-26 14:00:00,3437.92,4705.06,162.30,331.41,99.64,72.71,-1937.68
2024-01-26 15:00:00,3374.52,4747.51,28.61,356.00,129.61,75.68,-1967.33
2024-01-26 16:00:00,3527.17,4746.54,0.97,509.11,154.40,76.45,-1964.72
2024-01-26 17:00:00,3360.26,4708.94,0.89,445.17,168.49,85.33,-2052.96
2024-01-26 18:00:00,3133.27,4686.85,0.82,470.10,167.10,85.84,-2281.84
2024-01-26 19:00:00,3223.73,4618.90,0.69,475.31,139.97,86.68,-2102.26
2024-01-26 20:00:00,3572.59,4465.01,0.64,414.42,120.24,85.48,-1517.64
2024-01-26 21:00:00,3002.92,4346.78,0.64,509.97,123.96,83.28,-2066.14
2024-01-26 22:00:00,2784.47,4030.94,0.61,441.10,117.49,82.68,-1892.78
2024-01-26 23:00:00,2841.50,3803.28,0.36,431.75,127.22,82.43,-1607.98
2024-01-27 00:00:00,2829.15,3664.34,0.32,430.95,125.83,83.59,-1480.30
2024-01-27 01:00:00,2666.56,3362.01,0.30,421.66,127.21,84.52,-1333.57
2024-01-27 02:00:00,2575.11,2981.43,0.27,428.20,119.65,84.59,-1043.46
2024-01-27 03:00:00,2513.99,2769.69,0.17,405.66,121.44,84.24,-871.64
2024-01-27 04:00:00,2562.41,2646.74,0.21,414.77,124.49,81.93,-710.13
2024-01-27 05:00:00,2611.66,2594.12,0.21,498.68,145.58,84.07,-715.40
2024-01-27 06:00:00,2715.43,2654.86,0.23,522.99,225.87,84.32,-777.24
2024-01-27 07:00:00,2810.99,2612.65,12.13,469.03,264.16,88.43,-639.79
2024-01-27 08:00:00,2876.53,2605.34,115.70,518.49,272.33,87.49,-727.23
2024-01-27 09:00:00,2978.29,2569.90,246.10,493.64,238.97,85.44,-660.22
2024-01-27 10:00:00,3060.35,2541.26,305.69,463.35,231.82,85.09,-571.34
2024-01-27 11:00:00,3199.56,2590.08,405.69,405.73,238.01,82.72,-527.16
2024-01-27 12:00:00,3202.61,2578.93,359.03,400.85,244.86,81.50,-467.04
2024-01-27 13:00:00,2936.12,2536.34,262.65,460.65,258.43,81.98,-668.40
2024-01-27 14:00:00,2855.29,2584.82,126.88,455.48,280.76,83.65,-680.78
2024-01-27 15:00:00,2869.69,2611.85,18.77,511.81,282.48,85.20,-644.89
2024-01-27 16:00:00,3067.10,2731.66,0.39,534.07,310.40,87.54,-601.43
2024-01-27 17:00:00,2991.54,2705.12,0.38,500.53,296.29,87.25,-602.50
2024-01-27 18:00:00,2896.18,2851.23,0.28,413.74,277.78,84.47,-735.80
2024-01-27 19:00:00,2785.49,2953.23,0.30,409.11,253.56,84.68,-919.86
2024-01-27 20:00:00,2656.62,2951.82,0.30,413.81,235.67,85.04,-1034.48
2024-01-27 21:00:00,2674.86,2874.39,0.31,430.74,225.16,82.56,-942.58
2024-01-27 22:00:00,2649.33,2801.53,0.28,417.41,227.90,78.89,-880.92
2024-01-27 23:00:00,2575.52,2707.78,0.28,588.89,150.06,79.14,-954.87
2024-01-28 00:00:00,2540.11,2599.04,0.19,520.16,135.86,79.61,-798.99
2024-01-28 01:00:00,2541.03,2337.13,0.15,571.48,135.81,80.95,-588.72
2024-01-28 02:00:00,2563.42,2335.14,0.13,543.46,129.01,81.76,-530.31
2024-01-28 03:00:00,2577.68,2392.37,0.13,461.18,132.54,80.84,-493.60
2024-01-28 04:00:00,2536.70,2394.44,0.13,484.45,134.77,81.53,-562.83
2024-01-28 05:00:00,2567.64,2467.84,0.19,519.49,151.65,81.82,-657.59
2024-01-28 06:00:00,2610.77,2379.79,0.24,566.62,151.65,82.65,-574.39
2024-01-28 07:00:00,2785.05,2456.02,20.16,539.08,146.77,84.12,-465.32
2024-01-28 08:00:00,2979.36,2565.69,190.75,412.42,145.04,82.92,-421.70
2024-01-28 09:00:00,3268.69,2774.59,448.63,370.01,130.69,80.55,-540.06
2024-01-28 10:00:00,3435.93,2810.45,579.17,343.25,131.60,79.44,-512.26
2024-01-28 11:00:00,3447.98,2909.49,588.84,334.26,132.25,78.01,-599.18
2024-01-28 12:00:00,3689.66,2973.13,750.32,298.47,128.61,80.10,-545.28
2024-01-28 13:00:00,3247.09,3033.60,688.50,364.54,125.68,80.41,-1049.97
2024-01-28 14:00:00,3009.85,3092.31,291.29,433.30,140.12,81.07,-1032.58
2024-01-28 15:00:00,2932.98,3188.76,35.95,554.44,151.29,85.47,-1087.25
2024-01-28 16:00:00,3074.07,3344.33,0.49,553.86,172.79,85.31,-1087.05
2024-01-28 17:00:00,3048.89,3539.52,0.39,549.52,182.87,86.34,-1314.08
2024-01-28 18:00:00,2916.39,3605.52,0.31,517.93,161.84,86.42,-1459.97
2024-01-28 19:00:00,2782.75,3616.72,0.30,432.87,151.23,87.04,-1509.73
2024-01-28 20:00:00,2810.75,3648.39,0.27,426.32,141.24,81.00,-1490.82
2024-01-28 21:00:00,2858.32,3680.10,0.26,427.12,139.79,80.95,-1474.21
2024-01-28 22:00:00,2784.44,3684.17,0.21,388.36,134.46,79.71,-1506.80
2024-01-28 23:00:00,2957.11,3663.74,0.20,359.79,109.55,80.68,-1261.17
2024-01-29 00:00:00,2935.18,3583.94,0.17,392.28,107.00,80.22,-1232.74
2024-01-29 01:00:00,2813.44,3467.16,0.15,339.30,106.22,81.33,-1185.04
2024-01-29 02:00:00,2797.25,3224.61,0.17,338.08,104.62,80.90,-955.44
2024-01-29 03:00:00,2779.99,3001.47,0.21,310.51,107.90,80.74,-725.13
2024-01-29 04:00:00,2755.71,2741.59,0.21,312.41,133.67,78.40,-514.86
2024-01-29 05:00:00,3134.72,2401.51,0.27,327.06,248.45,82.58,70.56
2024-01-29 06:00:00,3398.85,1919.37,0.32,422.80,296.49,93.21,662.36
2024-01-29 07:00:00,3323.53,1439.71,13.70,540.14,527.46,110.95,687.30
2024-01-29 08:00:00,3378.94,912.63,108.08,568.10,351.44,96.91,1337.51
2024-01-29 09:00:00,3368.74,524.89,235.22,493.32,311.97,87.21,1711.86
2024-01-29 10:00:00,3369.55,384.86,263.36,431.03,293.85,86.24,1905.91
2024-01-29 11:00:00,3274.49,358.00,262.96,441.17,289.57,85.32,1833.19
2024-01-29 12:00:00,3259.16,353.13,287.13,522.38,316.82,85.20,1690.22
2024-01-29 13:00:00,3154.27,216.32,176.32,613.61,347.07,86.77,1709.89
2024-01-29 14:00:00,3039.76,83.50,75.80,896.20,375.77,89.64,1514.56
2024-01-29 15:00:00,3088.86,66.66,7.75,870.25,426.83,90.91,1622.17
2024-01-29 16:00:00,3308.09,86.48,0.37,986.30,441.96,97.82,1690.86
2024-01-29 17:00:00,3169.19,104.69,0.35,925.27,447.87,100.25,1586.48
2024-01-29 18:00:00,2986.74,131.03,0.28,822.37,444.26,99.16,1485.35
2024-01-29 19:00:00,2819.27,138.90,0.22,899.94,406.71,94.94,1274.27
2024-01-29 20:00:00,2663.54,151.15,0.20,884.28,438.88,102.26,1082.49
2024-01-29 21:00:00,2598.24,185.83,0.15,716.55,348.72,88.54,1254.17
2024-01-29 22:00:00,2483.74,247.45,0.11,671.55,324.40,87.71,1148.23
2024-01-29 23:00:00,2462.26,215.78,0.08,558.80,255.76,86.04,1341.50
2024-01-30 00:00:00,2397.50,163.39,0.08,589.08,287.57,88.58,1264.50
2024-01-30 01:00:00,2384.83,212.96,0.07,644.40,246.86,88.10,1188.15
2024-01-30 02:00:00,2384.83,379.91,0.08,613.32,238.37,89.30,1059.55
2024-01-30 03:00:00,2444.78,508.01,0.10,568.42,218.57,89.43,1055.97
2024-01-30 04:00:00,2477.27,797.86,0.13,513.12,243.69,89.52,828.71
2024-01-30 05:00:00,2784.11,1260.03,0.20,531.84,319.52,91.87,576.43
2024-01-30 06:00:00,3100.41,1704.72,0.28,550.69,350.44,95.49,394.58
2024-01-30 07:00:00,3191.29,1923.92,5.11,613.33,361.09,93.16,190.48
2024-01-30 08:00:00,3183.46,1851.08,61.17,606.80,366.03,92.94,201.24
2024-01-30 09:00:00,3260.23,2020.32,142.65,539.26,375.93,91.28,86.59
2024-01-30 10:00:00,3326.26,2225.90,177.18,497.89,346.10,87.56,-12.55
2024-01-30 11:00:00,3294.00,2240.37,161.74,520.10,317.50,86.57,-36.36
2024-01-30 12:00:00,3242.42,2615.17,80.35,498.34,306.75,87.39,-349.66
2024-01-30 13:00:00,3245.38,2802.20,53.52,442.70,323.75,88.99,-469.87
2024-01-30 14:00:00,3117.50,2852.54,26.79,423.94,328.63,87.47,-605.94
2024-01-30 15:00:00,3186.84,2901.50,3.11,462.42,327.62,87.49,-599.37
2024-01-30 16:00:00,3329.87,2950.87,0.61,417.79,363.77,89.27,-496.50
2024-01-30 17:00:00,3202.68,2899.12,0.49,399.33,341.66,91.07,-533.05
2024-01-30 18:00:00,3001.02,2626.12,0.46,494.89,324.59,92.09,-541.22
2024-01-30 19:00:00,2911.78,2521.49,0.37,398.94,288.79,90.62,-392.56
2024-01-30 20:00:00,2812.61,2540.76,0.30,353.31,229.89,90.52,-406.34
2024-01-30 21:00:00,2797.98,2841.22,0.40,310.49,169.06,88.52,-615.84
2024-01-30 22:00:00,2715.95,2967.53,0.48,402.11,168.95,87.53,-914.53
2024-01-30 23:00:00,2786.98,3430.53,0.40,355.51,145.27,87.85,-1236.46
2024-01-31 00:00:00,2784.96,3183.54,0.39,413.92,134.64,88.36,-1039.78
2024-01-31 01:00:00,2748.29,3038.20,0.30,407.28,134.94,88.09,-924.39
2024-01-31 02:00:00,2789.76,3370.01,0.26,372.92,137.59,88.59,-1183.48
2024-01-31 03:00:00,2670.32,3133.84,0.30,354.56,136.12,86.49,-1044.84
2024-01-31 04:00:00,2728.15,2755.57,0.30,408.97,160.41,86.88,-687.84
2024-01-31 05:00:00,2973.03,2582.38,0.25,491.68,178.59,87.62,-371.32
2024-01-31 06:00:00,3372.01,2705.61,0.31,563.29,178.66,88.89,-168.55
2024-01-31 07:00:00,3467.28,2923.50,17.90,606.13,176.13,89.14,-349.30
2024-01-31 08:00:00,3446.09,2765.54,186.83,503.50,160.55,90.25,-264.39
2024-01-31 09:00:00,3591.53,3222.08,372.97,405.85,187.47,86.81,-687.48
2024-01-31 10:00:00,3637.40,3695.08,393.39,439.43,172.07,81.75,-1148.13
2024-01-31 11:00:00,3693.44,4290.92,399.88,456.26,153.21,86.66,-1697.32
2024-01-31 12:00:00,3728.03,4545.07,343.77,424.12,140.93,88.42,-1818.14
2024-01-31 13:00:00,3784.18,4621.97,225.40,389.30,127.64,90.61,-1674.63
2024-01-31 14:00:00,3850.79,4703.88,72.83,368.77,129.10,89.57,-1517.27
2024-01-31 15:00:00,3755.15,4787.64,7.90,346.40,124.45,89.36,-1604.46
2024-01-31 16:00:00,3735.51,4814.87,1.08,373.33,152.01,90.69,-1700.33
2024-01-31 17:00:00,3658.42,4826.82,0.97,378.00,125.25,88.93,-1765.43
2024-01-31 18:00:00,3594.87,4800.97,0.94,395.52,123.67,87.02,-1817.12
2024-01-31 19:00:00,3635.73,4808.76,0.92,359.68,113.01,87.36,-1737.86
2024-01-31 20:00:00,3590.44,4810.05,0.86,363.15,110.57,81.42,-1779.49
2024-01-31 21:00:00,3413.80,4753.46,0.82,367.37,123.31,81.20,-1916.25
2024-01-31 22:00:00,3157.07,4417.18,0.71,422.80,122.18,78.80,-1888.47
2024-01-31 23:00:00,3212.11,4128.93,0.67,385.13,134.93,85.52,-1526.93
2024-02-01 00:00:00,3212.74,4153.82,0.50,325.70,125.40,86.77,-1483.32
2024-02-01 01:00:00,3164.50,4228.21,0.44,321.91,134.99,85.92,-1610.84
2024-02-01 02:00:00,3101.65,4309.09,0.47,305.84,137.42,85.03,-1740.07
2024-02-01 03:00:00,3028.19,4393.93,0.54,292.66,136.65,86.56,-1886.00
2024-02-01 04:00:00,3085.79,4544.05,0.68,321.07,136.80,87.47,-2008.15
2024-02-01 05:00:00,3415.43,4604.54,0.79,385.53,133.57,85.71,-1798.57
2024-02-01 06:00:00,3678.56,4642.07,0.91,512.83,167.43,86.57,-1735.10
2024-02-01 07:00:00,3670.09,4568.41,18.30,553.39,167.16,94.75,-1735.75
2024-02-01 08:00:00,3699.98,4564.44,171.49,512.99,152.90,94.49,-1800.20
2024-02-01 09:00:00,3868.22,4622.22,382.80,488.00,162.28,86.49,-1877.41
2024-02-01 10:00:00,3872.93,4609.69,601.97,491.63,161.48,83.98,-2079.70
2024-02-01 11:00:00,3934.72,4622.42,753.85,477.82,148.66,83.79,-2155.44
2024-02-01 12:00:00,3909.70,4635.25,751.67,427.52,147.47,80.80,-2136.25
2024-02-01 13:00:00,3743.12,4567.92,598.56,331.65,154.74,85.02,-1998.63
2024-02-01 14:00:00,3509.66,4510.72,257.49,473.67,156.91,84.32,-1977.33
2024-02-01 15:00:00,3443.24,4328.89,53.92,489.30,176.27,84.52,-1693.52
2024-02-01 16:00:00,3586.12,4128.98,0.94,637.13,176.45,85.37,-1446.62
2024-02-01 17:00:00,3366.74,3826.30,0.70,569.18,180.76,84.49,-1298.55
2024-02-01 18:00:00,3176.55,3593.96,0.59,545.17,177.56,85.35,-1229.97
2024-02-01 19:00:00,3085.70,3275.36,0.58,609.75,178.29,85.83,-1068.01
2024-02-01 20:00:00,2960.48,2795.48,0.35,669.24,177.85,83.62,-769.97
2024-02-01 21:00:00,2854.14,2970.62,0.32,507.89,172.81,84.93,-886.34
2024-02-01 22:00:00,2778.10,3200.91,0.24,477.32,170.48,86.11,-1160.86
2024-02-01 23:00:00,2851.46,3163.31,0.34,473.94,124.05,83.05,-997.13
2024-02-02 00:00:00,2908.93,3248.49,0.29,500.21,121.94,83.56,-1049.46
2024-02-02 01:00:00,2898.15,3218.66,0.27,355.32,119.19,82.77,-881.97
2024-02-02 02:00:00,2952.73,3035.13,0.31,355.27,103.16,82.89,-627.95
2024-02-02 03:00:00,2903.86,2893.70,0.36,430.44,112.96,83.02,-620.54
2024-02-02 04:00:00,2827.40,3011.79,0.37,396.76,117.60,83.22,-786.25
2024-02-02 05:00:00,2909.36,3144.19,0.48,502.71,137.53,83.12,-962.59
2024-02-02 06:00:00,3254.41,3428.74,0.62,593.08,181.85,86.27,-1040.06
2024-02-02 07:00:00,3390.10,3675.92,4.12,615.09,196.27,86.62,-1191.80
2024-02-02 08:00:00,3421.70,4049.96,27.14,559.41,191.22,86.57,-1496.49
2024-02-02 09:00:00,3436.69,4240.18,56.29,583.54,186.82,84.63,-1718.63
2024-02-02 10:00:00,3448.25,4302.23,70.21,559.66,168.38,84.92,-1741.02
2024-02-02 11:00:00,3516.57,4381.67,87.19,552.29,149.40,85.04,-1742.88
2024-02-02 12:00:00,3513.07,4448.57,95.23,534.16,153.69,82.24,-1804.68
2024-02-02 13:00:00,3492.49,4489.08,77.01,487.84,149.51,82.88,-1797.82
2024-02-02 14:00:00,3474.91,4597.93,49.11,403.36,144.23,83.59,-1807.48
2024-02-02 15:00:00,3425.49,4656.77,10.27,388.14,145.80,86.32,-1865.98
2024-02-02 16:00:00,3544.31,4662.36,0.97,407.29,167.49,86.15,-1784.12
2024-02-02 17:00:00,3456.06,4598.94,0.89,361.33,165.78,86.12,-1761.17
2024-02-02 18:00:00,3358.49,4568.19,0.81,382.92,160.33,86.87,-1844.80
2024-02-02 19:00:00,3405.00,4529.14,0.77,315.95,140.85,85.63,-1671.49
2024-02-02 20:00:00,3188.39,4537.23,0.73,377.91,141.93,86.30,-1959.86
2024-02-02 21:00:00,3055.13,4573.22,0.72,374.15,157.23,85.74,-2140.07
2024-02-02 22:00:00,3173.91,4571.95,0.72,340.08,135.73,84.11,-1962.85
2024-02-02 23:00:00,3300.85,4528.29,0.73,267.57,119.46,76.60,-1696.03
2024-02-03 00:00:00,3125.06,4526.92,0.69,272.69,102.29,74.34,-1856.10
2024-02-03 01:00:00,3306.26,4448.59,0.71,227.90,97.65,67.39,-1540.22
2024-02-03 02:00:00,3223.28,4444.02,0.73,202.71,97.55,66.94,-1592.89
2024-02-03 03:00:00,3291.24,4411.69,0.72,201.56,101.67,66.54,-1495.17
2024-02-03 04:00:00,3244.58,4344.81,0.70,200.98,103.18,68.24,-1477.53
2024-02-03 05:00:00,3232.33,4293.73,0.69,208.60,102.56,73.26,-1450.72
2024-02-03 06:00:00,3264.35,4245.91,0.66,253.71,115.62,84.26,-1440.02
2024-02-03 07:00:00,3348.86,4272.67,20.43,269.35,117.43,86.39,-1421.57
2024-02-03 08:00:00,3061.62,4310.32,177.89,308.42,144.51,80.12,-1963.70
2024-02-03 09:00:00,3078.87,4382.67,374.63,333.10,145.34,77.72,-2238.70
2024-02-03 10:00:00,3109.17,4542.00,564.28,328.85,148.49,76.49,-2555.12
2024-02-03 11:00:00,3238.60,4683.31,633.72,315.58,143.24,75.24,-2616.67
2024-02-03 12:00:00,3414.91,4563.09,662.79,315.64,140.57,74.27,-2345.63
2024-02-03 13:00:00,3348.91,4563.86,526.12,314.14,132.01,74.12,-2265.52
2024-02-03 14:00:00,3033.95,4518.92,280.44,322.29,145.89,74.22,-2311.98
2024-02-03 15:00:00,2882.62,4463.51,58.53,377.78,176.73,76.25,-2274.36
2024-02-03 16:00:00,2967.14,4357.53,1.29,516.51,181.23,85.23,-2178.76
2024-02-03 17:00:00,2937.92,4237.58,0.91,521.15,184.74,86.34,-2096.82
2024-02-03 18:00:00,3096.19,4189.87,0.78,510.44,159.20,85.21,-1853.38
2024-02-03 19:00:00,3141.82,4083.53,0.60,493.59,141.47,85.88,-1667.38
2024-02-03 20:00:00,2940.41,4142.87,0.50,510.43,148.83,85.53,-1951.92
2024-02-03 21:00:00,2630.21,4175.17,0.45,435.07,154.44,83.73,-2222.61
2024-02-03 22:00:00,2586.37,4273.37,0.49,315.61,144.59,76.60,-2228.03
2024-02-03 23:00:00,2733.81,4240.98,0.51,244.28,122.31,68.31,-1946.35
2024-02-04 00:00:00,3051.53,4323.51,0.56,106.24,92.29,67.20,-1542.12
2024-02-04 01:00:00,3198.65,4340.44,0.54,82.59,80.30,66.84,-1375.95
2024-02-04 02:00:00,3290.17,4266.31,0.53,83.11,84.12,67.97,-1215.77
2024-02-04 03:00:00,3290.82,3857.70,0.62,85.14,76.00,66.45,-798.97
2024-02-04 04:00:00,3257.56,3882.32,0.66,84.45,81.77,67.81,-863.32
2024-02-04 05:00:00,3267.18,3958.96,0.74,84.21,83.37,68.42,-932.39
2024-02-04 06:00:00,3304.69,4412.25,0.73,83.76,93.70,68.98,-1358.59
2024-02-04 07:00:00,3501.08,4655.82,7.47,83.65,95.77,70.21,-1415.71
2024-02-04 08:00:00,3594.06,4629.76,60.39,84.01,97.59,70.97,-1352.50
2024-02-04 09:00:00,3722.23,4628.52,119.96,83.92,93.82,71.57,-1279.39
2024-02-04 10:00:00,3725.28,4642.52,171.61,84.34,96.82,68.91,-1342.77
2024-02-04 11:00:00,3675.05,4635.79,187.46,83.67,95.48,69.40,-1400.59
2024-02-04 12:00:00,3765.76,4543.94,161.82,83.45,91.47,68.03,-1186.80
2024-02-04 13:00:00,3604.80,4636.40,105.58,84.18,88.70,67.75,-1381.64
2024-02-04 14:00:00,3520.69,4618.79,55.77,88.20,99.03,70.69,-1415.61
2024-02-04 15:00:00,3661.93,4594.22,11.51,131.20,96.66,73.59,-1249.09
2024-02-04 16:00:00,3822.86,4659.29,1.10,174.06,111.81,74.44,-1201.67
2024-02-04 17:00:00,3504.71,4577.73,1.10,171.22,129.62,74.95,-1453.90
2024-02-04 18:00:00,3425.50,4569.22,0.90,168.15,128.69,74.24,-1519.81
2024-02-04 19:00:00,3282.57,4483.06,0.85,121.45,110.77,73.44,-1511.10
2024-02-04 20:00:00,3329.17,4206.74,0.74,120.91,95.07,73.60,-1172.01
2024-02-04 21:00:00,3157.08,3884.44,0.68,122.12,86.84,71.70,-1012.65
2024-02-04 22:00:00,3130.35,3662.44,0.59,121.74,85.28,72.08,-815.62
2024-02-04 23:00:00,3334.83,3579.64,0.60,122.37,78.79,67.59,-518.01
2024-02-05 00:00:00,3371.20,3782.49,0.57,124.29,76.15,67.78,-683.91
2024-02-05 01:00:00,3404.32,3828.93,0.50,122.45,69.51,67.14,-688.03
2024-02-05 02:00:00,3412.86,3742.05,0.57,122.82,67.50,67.62,-591.51
2024-02-05 03:00:00,3375.20,3646.76,0.52,122.52,65.25,68.85,-532.49
2024-02-05 04:00:00,3357.28,3455.18,0.48,123.34,76.81,70.33,-372.66
2024-02-05 05:00:00,3142.96,2710.94,0.37,287.18,138.95,82.06,-80.33
2024-02-05 06:00:00,3218.46,1896.52,0.28,567.73,175.43,90.02,484.41
2024-02-05 07:00:00,3406.87,1342.40,10.29,655.09,179.60,89.94,1125.46
2024-02-05 08:00:00,3363.82,1006.85,71.18,590.53,183.91,88.09,1419.18
2024-02-05 09:00:00,3398.49,853.67,146.57,541.29,177.34,82.81,1592.69
2024-02-05 10:00:00,3563.18,1264.63,165.01,490.32,137.76,83.68,1417.65
2024-02-05 11:00:00,3497.19,1485.10,153.16,402.35,135.75,80.00,1236.70
2024-02-05 12:00:00,3536.28,1547.43,132.29,410.44,233.38,75.62,1132.99
2024-02-05 13:00:00,3406.66,1696.73,85.07,444.15,273.13,77.75,825.69
2024-02-05 14:00:00,3333.27,1970.12,38.25,485.38,285.88,85.53,463.97
2024-02-05 15:00:00,3315.67,2156.49,6.08,514.62,315.77,87.67,230.90
2024-02-05 16:00:00,3500.55,2238.57,0.85,578.71,326.18,92.26,259.79
2024-02-05 17:00:00,3378.26,2339.91,0.89,572.57,321.86,91.40,47.42
2024-02-05 18:00:00,3134.17,2431.05,0.89,599.80,319.35,83.70,-304.84
2024-02-05 19:00:00,2995.74,2469.78,0.82,567.74,284.59,79.49,-410.91
2024-02-05 20:00:00,2931.11,2528.10,0.84,441.96,263.28,74.47,-381.76
2024-02-05 21:00:00,2837.53,2642.24,0.82,341.86,164.72,71.91,-388.26
2024-02-05 22:00:00,2831.02,2715.90,0.78,347.19,120.40,70.71,-428.18
2024-02-05 23:00:00,3008.09,2763.51,0.77,350.07,81.07,69.36,-260.90
2024-02-06 00:00:00,3171.45,2804.37,0.74,272.61,75.48,69.94,-55.90
2024-02-06 01:00:00,3376.29,2847.63,0.68,246.76,75.93,69.78,131.30
2024-02-06 02:00:00,3432.39,2862.10,0.66,247.15,80.02,66.15,172.10
2024-02-06 03:00:00,3515.56,3062.32,0.64,261.08,90.98,66.32,30.02
2024-02-06 04:00:00,3199.58,3199.13,0.73,268.43,91.70,66.83,-431.45
2024-02-06 05:00:00,3145.87,3335.70,0.81,360.93,148.20,71.73,-775.71
2024-02-06 06:00:00,3253.43,3298.02,0.84,596.27,265.92,75.60,-987.42
2024-02-06 07:00:00,3359.07,3355.61,2.14,657.83,275.21,77.98,-1013.90
2024-02-06 08:00:00,3351.94,3266.93,18.33,569.67,290.52,77.54,-875.35
2024-02-06 09:00:00,3462.41,3182.78,40.44,526.72,271.74,75.89,-639.54
2024-02-06 10:00:00,3507.65,3118.82,70.32,507.84,269.39,72.09,-535.16
2024-02-06 11:00:00,3451.60,3254.02,110.54,443.21,272.43,76.29,-709.32
2024-02-06 12:00:00,3463.84,3451.35,143.60,385.14,259.95,77.93,-858.65
2024-02-06 13:00:00,3368.47,3483.86,172.62,431.83,263.44,79.35,-1067.24
2024-02-06 14:00:00,3279.71,3459.33,125.48,399.74,261.39,79.58,-1050.67
2024-02-06 15:00:00,3288.09,3597.54,24.04,411.53,293.47,82.20,-1125.64
2024-02-06 16:00:00,3483.89,3340.18,0.79,569.22,318.89,85.64,-835.79
2024-02-06 17:00:00,3325.27,3212.93,0.23,514.81,329.05,87.43,-824.15
2024-02-06 18:00:00,3162.42,3144.37,0.19,459.15,326.49,85.61,-858.36
2024-02-06 19:00:00,3090.40,3154.35,0.16,424.94,293.74,83.51,-871.29
2024-02-06 20:00:00,3096.46,3172.88,0.15,425.94,261.75,78.54,-847.76
2024-02-06 21:00:00,3034.78,3235.34,0.15,421.23,233.48,76.74,-937.10
2024-02-06 22:00:00,3005.63,3312.90,0.16,416.19,145.14,76.64,-950.37
2024-02-06 23:00:00,3233.46,3283.23,0.15,456.89,144.18,81.63,-737.62
2024-02-07 00:00:00,3196.21,3204.66,0.13,411.73,146.17,81.68,-653.15
2024-02-07 01:00:00,3111.16,3034.83,0.12,429.19,149.22,82.80,-590.00
2024-02-07 02:00:00,2986.62,2673.46,0.12,598.49,153.75,80.48,-524.67
2024-02-07 03:00:00,2782.38,2593.23,0.13,568.93,156.09,81.63,-622.61
2024-02-07 04:00:00,2846.65,2678.42,0.16,521.12,157.03,83.28,-598.34
2024-02-07 05:00:00,3058.65,2803.30,0.28,518.68,190.65,85.19,-544.44
2024-02-07 06:00:00,3307.94,2557.00,0.34,930.75,283.35,90.08,-558.57
2024-02-07 07:00:00,3406.19,2338.19,33.91,994.94,366.54,90.94,-423.27
2024-02-07 08:00:00,3362.49,2152.43,239.74,944.55,380.69,91.01,-450.88
2024-02-07 09:00:00,3353.81,1818.58,572.31,897.62,378.83,87.91,-406.40
2024-02-07 10:00:00,3359.32,1912.80,808.89,812.72,393.90,86.72,-660.66
2024-02-07 11:00:00,3273.87,1871.33,897.37,922.23,360.92,82.40,-865.31
2024-02-07 12:00:00,3226.82,1374.25,865.58,1112.02,345.01,83.14,-558.13
2024-02-07 13:00:00,3142.30,1180.51,814.22,975.63,396.32,85.37,-314.68
2024-02-07 14:00:00,3044.90,908.87,451.21,1133.84,435.84,90.48,19.73
2024-02-07 15:00:00,3057.61,630.66,104.61,1376.21,479.14,94.12,367.96
2024-02-07 16:00:00,3300.16,803.96,1.45,1358.18,517.38,99.39,514.89
2024-02-07 17:00:00,3262.17,1316.45,0.53,1362.99,525.64,97.48,-45.83
2024-02-07 18:00:00,3117.10,1878.55,0.37,1294.74,515.01,93.41,-669.88
2024-02-07 19:00:00,2977.67,2018.62,0.32,1294.22,505.97,92.39,-938.76
2024-02-07 20:00:00,2868.65,2002.87,0.31,1204.93,443.18,87.51,-875.04
2024-02-07 21:00:00,2799.61,2408.97,0.44,989.43,405.69,87.61,-1097.40
2024-02-07 22:00:00,2676.45,2684.41,0.51,835.69,365.96,85.05,-1300.07
2024-02-07 23:00:00,2726.20,2711.92,0.39,832.11,332.13,85.57,-1240.87
2024-02-08 00:00:00,2744.74,2655.00,0.35,777.19,345.14,86.03,-1123.92
2024-02-08 01:00:00,2683.27,2472.29,0.41,759.04,324.85,86.61,-964.88
2024-02-08 02:00:00,2610.35,1967.83,0.35,759.46,296.40,84.97,-503.61
2024-02-08 03:00:00,2627.74,1754.76,0.32,711.26,309.04,85.34,-237.92
2024-02-08 04:00:00,2633.68,1655.29,0.31,690.19,332.67,88.47,-138.19
2024-02-08 05:00:00,2957.52,1425.41,0.32,857.19,434.95,88.07,146.64
2024-02-08 06:00:00,3279.75,1259.42,0.42,1107.06,511.73,91.96,304.22
2024-02-08 07:00:00,3362.60,970.16,13.90,1222.81,516.45,93.17,541.17
2024-02-08 08:00:00,3328.91,725.57,85.73,1251.43,526.88,90.97,643.40
2024-02-08 09:00:00,3306.80,489.00,226.64,1180.56,531.44,90.60,783.63
2024-02-08 10:00:00,3298.93,347.00,433.25,1011.43,507.43,88.23,906.66
2024-02-08 11:00:00,3194.92,264.33,690.49,836.82,485.14,89.04,824.19
2024-02-08 12:00:00,3192.12,196.10,667.46,856.39,495.48,84.47,887.30
2024-02-08 13:00:00,3136.68,85.09,551.04,1002.80,479.96,84.93,927.95
2024-02-08 14:00:00,3098.97,48.53,278.49,1129.45,472.84,86.35,1078.40
2024-02-08 15:00:00,3139.66,22.02,72.56,1055.27,508.96,90.38,1385.56
2024-02-08 16:00:00,3316.12,43.78,0.91,1207.64,531.16,91.62,1436.11
2024-02-08 17:00:00,3265.01,106.22,0.59,1171.15,522.63,92.34,1367.19
2024-02-08 18:00:00,3089.68,175.88,0.52,1067.27,493.71,88.94,1258.48
2024-02-08 19:00:00,2953.94,262.93,0.42,978.67,435.27,88.00,1183.80
2024-02-08 20:00:00,2838.63,414.99,0.37,906.93,418.99,84.70,1007.77
2024-02-08 21:00:00,2698.50,681.11,0.35,827.15,382.58,83.29,719.15
2024-02-08 22:00:00,2700.35,1050.81,0.27,683.76,351.01,85.45,524.17
2024-02-08 23:00:00,2795.53,1380.57,0.29,710.57,257.25,81.97,360.02
2024-02-09 00:00:00,2857.24,1836.11,0.23,662.49,250.61,81.76,21.19
2024-02-09 01:00:00,2955.10,2342.67,0.23,607.19,223.89,81.98,-305.72
2024-02-09 02:00:00,3033.67,2699.57,0.24,551.50,174.29,81.97,-478.75
2024-02-09 03:00:00,3066.18,3052.20,0.34,556.42,175.22,83.00,-805.87
2024-02-09 04:00:00,3160.73,3464.67,0.45,564.77,187.91,83.38,-1145.29
2024-02-09 05:00:00,3256.37,3681.58,0.61,660.78,302.75,79.87,-1474.00
2024-02-09 06:00:00,3399.58,3917.88,0.75,922.33,402.00,76.91,-1925.06
2024-02-09 07:00:00,3506.17,4077.64,5.28,1015.48,407.36,84.51,-2088.73
2024-02-09 08:00:00,3563.79,4212.69,38.90,1044.06,412.11,85.13,-2233.61
2024-02-09 09:00:00,3619.29,4343.85,85.75,885.75,396.71,87.78,-2185.08
2024-02-09 10:00:00,3612.49,4425.24,139.55,920.15,402.71,83.90,-2363.60
2024-02-09 11:00:00,3526.55,4497.24,153.92,896.96,401.64,80.93,-2508.67
2024-02-09 12:00:00,3522.54,4539.74,142.76,891.49,408.24,81.07,-2545.28
2024-02-09 13:00:00,3470.16,4570.94,123.32,1011.47,415.24,86.80,-2742.24
2024-02-09 14:00:00,3314.54,4575.37,72.63,945.66,434.11,90.99,-2808.88
2024-02-09 15:00:00,3369.07,4545.02,20.50,975.74,448.51,89.47,-2714.81
2024-02-09 16:00:00,3608.47,4541.07,0.74,977.37,469.51,94.13,-2478.98
2024-02-09 17:00:00,3563.30,4542.84,0.60,930.09,495.12,96.27,-2506.23
2024-02-09 18:00:00,3299.60,4589.40,0.55,791.50,454.53,93.38,-2634.37
2024-02-09 19:00:00,3148.94,4568.67,0.54,649.36,420.21,92.43,-2586.86
2024-02-09 20:00:00,3079.36,4523.55,0.55,594.41,372.10,87.85,-2503.69
2024-02-09 21:00:00,3057.94,4487.44,0.49,579.27,338.71,86.60,-2439.17
2024-02-09 22:00:00,2886.30,4456.25,0.51,502.92,325.32,81.29,-2484.59
2024-02-09 23:00:00,2956.89,4426.63,0.45,435.35,224.00,78.68,-2212.81
2024-02-10 00:00:00,3071.03,4390.03,0.40,395.15,178.29,69.73,-1967.21
2024-02-10 01:00:00,2994.80,4309.81,0.44,381.92,181.53,69.02,-1952.55
2024-02-10 02:00:00,2938.14,4371.37,0.48,381.06,198.96,70.51,-2088.87
2024-02-10 03:00:00,2898.55,4349.52,0.43,381.04,200.77,70.14,-2107.96
2024-02-10 04:00:00,2870.12,4297.68,0.43,415.71,230.19,70.62,-2149.05
2024-02-10 05:00:00,2934.93,4252.14,0.53,420.48,316.83,70.85,-2130.41
2024-02-10 06:00:00,3086.36,4323.24,0.50,421.96,341.22,75.14,-2080.20
2024-02-10 07:00:00,3179.50,4334.83,8.11,434.90,332.39,75.29,-2010.48
2024-02-10 08:00:00,3325.80,4256.34,43.08,500.02,348.42,74.71,-1901.36
2024-02-10 09:00:00,3421.38,4188.53,84.22,457.89,368.44,70.68,-1753.01
2024-02-10 10:00:00,3440.28,4118.88,111.94,460.16,372.83,63.34,-1691.48
2024-02-10 11:00:00,3399.37,3998.42,148.60,429.20,368.25,69.55,-1619.25
2024-02-10 12:00:00,3382.12,3930.18,160.39,423.15,359.16,68.26,-1563.56
2024-02-10 13:00:00,3289.99,3864.93,111.79,463.21,366.98,68.81,-1590.25
2024-02-10 14:00:00,3236.09,3867.21,60.41,589.92,373.46,70.38,-1729.55
2024-02-10 15:00:00,3311.22,3832.66,12.14,730.31,362.84,72.29,-1703.52
2024-02-10 16:00:00,3425.17,3780.99,0.60,820.97,383.47,72.79,-1638.15
2024-02-10 17:00:00,3404.48,3761.59,0.63,826.32,377.04,75.02,-1640.62
2024-02-10 18:00:00,3229.80,3794.83,0.52,765.22,382.76,75.17,-1793.21
2024-02-10 19:00:00,3107.52,3753.56,0.48,675.81,341.99,73.53,-1742.35
2024-02-10 20:00:00,3046.03,3649.53,0.48,617.81,301.15,69.57,-1597.01
2024-02-10 21:00:00,2967.45,3665.33,0.45,561.68,280.01,70.15,-1614.67
2024-02-10 22:00:00,2916.26,3576.98,0.37,630.14,251.27,68.54,-1615.60
2024-02-10 23:00:00,2947.06,3592.27,0.33,569.50,134.46,66.57,-1420.66
2024-02-11 00:00:00,3010.18,3639.81,0.38,578.85,118.11,66.43,-1398.00
2024-02-11 01:00:00,3036.39,3645.06,0.37,478.90,128.98,68.50,-1290.03
2024-02-11 02:00:00,3063.42,3659.07,0.44,362.75,128.57,67.27,-1159.27
2024-02-11 03:00:00,3158.14,3738.23,0.45,357.20,128.53,68.66,-1139.51
2024-02-11 04:00:00,3097.71,3734.65,0.37,362.96,128.73,68.58,-1202.16
2024-02-11 05:00:00,3058.30,3689.22,0.47,383.04,129.90,68.31,-1217.38
2024-02-11 06:00:00,3101.35,3781.11,0.47,528.30,137.21,69.54,-1420.11
2024-02-11 07:00:00,3182.95,3961.61,5.99,590.62,150.77,69.80,-1600.62
2024-02-11 08:00:00,3198.71,4023.65,34.93,604.17,192.63,69.66,-1731.12
2024-02-11 09:00:00,3255.42,4046.02,75.41,567.39,210.35,69.93,-1718.48
2024-02-11 10:00:00,3273.95,4029.90,102.71,601.84,258.65,67.85,-1791.80
2024-02-11 11:00:00,3292.32,3958.25,115.52,590.96,342.81,68.07,-1788.08
2024-02-11 12:00:00,3264.12,3868.34,108.16,624.99,323.46,66.84,-1732.46
2024-02-11 13:00:00,3226.76,3798.55,76.53,611.45,318.72,67.85,-1651.14
2024-02-11 14:00:00,3176.25,3762.73,39.25,578.76,319.54,70.63,-1599.47
2024-02-11 15:00:00,3254.50,3705.58,7.99,672.07,327.65,70.30,-1533.89
2024-02-11 16:00:00,3475.34,3605.56,0.60,717.95,350.86,74.00,-1278.43
2024-02-11 17:00:00,3399.50,3401.83,0.49,747.08,373.91,74.42,-1203.03
2024-02-11 18:00:00,3186.89,3175.15,0.39,754.22,395.06,73.68,-1216.42
2024-02-11 19:00:00,3040.82,2940.57,0.31,718.98,393.57,72.02,-1089.44
2024-02-11 20:00:00,2916.69,2703.84,0.27,707.98,349.51,70.54,-920.26
2024-02-11 21:00:00,2848.76,2373.06,0.18,801.24,331.16,69.66,-731.33
2024-02-11 22:00:00,2774.12,2080.25,0.12,775.67,316.82,67.24,-470.77
2024-02-11 23:00:00,2588.41,1903.22,0.12,623.77,298.10,67.37,-308.97
2024-02-12 00:00:00,2565.00,1689.49,0.11,604.75,289.80,68.40,-92.36
2024-02-12 01:00:00,2544.59,1506.29,0.09,650.52,263.57,67.77,51.54
2024-02-12 02:00:00,2596.20,1395.76,0.06,620.73,253.60,67.18,254.06
2024-02-12 03:00:00,2598.84,1252.84,0.07,671.43,253.00,67.06,349.63
2024-02-12 04:00:00,2558.57,1049.05,0.10,703.18,289.06,73.36,438.99
2024-02-12 05:00:00,2814.91,903.64,0.16,1020.00,397.30,91.03,397.91
2024-02-12 06:00:00,3152.61,715.75,0.19,1220.60,516.05,98.28,596.79
2024-02-12 07:00:00,3292.16,744.95,11.83,1245.14,494.80,98.50,692.14
2024-02-12 08:00:00,3342.12,565.94,54.18,1282.03,484.16,94.15,856.87
2024-02-12 09:00:00,3406.13,401.48,120.79,1203.24,454.28,87.00,1134.56
2024-02-12 10:00:00,3407.13,370.31,196.66,1097.92,435.38,89.30,1212.77
2024-02-12 11:00:00,3378.43,345.07,234.99,940.03,459.63,85.33,1308.58
2024-02-12 12:00:00,3393.36,433.12,222.85,912.05,500.85,87.16,1232.53
2024-02-12 13:00:00,3311.60,489.12,211.58,877.92,424.22,83.28,1220.65
2024-02-12 14:00:00,3182.14,588.94,141.79,933.33,426.66,82.50,1004.06
2024-02-12 15:00:00,3122.40,550.55,56.74,1133.00,462.11,83.13,832.00
2024-02-12 16:00:00,3316.08,553.13,3.92,1177.96,526.87,90.56,958.71
2024-02-12 17:00:00,3277.65,589.29,0.39,1200.20,546.01,99.41,837.41
2024-02-12 18:00:00,3064.93,648.27,0.36,1103.03,510.92,97.31,700.10
2024-02-12 19:00:00,2905.27,705.70,0.28,1000.22,450.20,90.01,653.91
2024-02-12 20:00:00,2823.33,729.06,0.24,984.30,387.69,84.55,632.54
2024-02-12 21:00:00,2684.90,788.80,0.20,945.37,302.76,82.08,560.74
2024-02-12 22:00:00,2586.45,766.41,0.14,960.12,293.59,80.98,480.24
2024-02-12 23:00:00,2594.96,715.26,0.13,858.72,249.83,80.40,685.66
2024-02-13 00:00:00,2645.42,799.49,0.11,750.24,242.22,79.13,769.28
2024-02-13 01:00:00,2651.59,811.83,0.12,1006.70,385.81,85.40,356.77
2024-02-13 02:00:00,2668.46,1046.71,0.12,893.29,379.42,87.88,256.09
2024-02-13 03:00:00,2661.40,1275.56,0.16,727.19,315.69,85.38,252.45
2024-02-13 04:00:00,2657.93,1414.04,0.17,632.82,256.66,83.11,266.17
2024-02-13 05:00:00,2824.20,1613.66,0.27,627.64,333.94,85.05,158.69
2024-02-13 06:00:00,3138.85,1917.97,0.71,904.44,404.58,87.89,-181.69
2024-02-13 07:00:00,3248.21,2085.03,32.19,1078.40,409.64,88.08,-450.12
2024-02-13 08:00:00,3280.56,2181.61,124.86,952.91,409.86,87.25,-480.90
2024-02-13 09:00:00,3336.87,2092.73,356.31,854.02,375.39,85.00,-431.53
2024-02-13 10:00:00,3366.01,2249.59,590.93,673.85,364.30,81.88,-599.48
2024-02-13 11:00:00,3348.72,2346.80,722.14,642.32,341.13,81.75,-790.35
2024-02-13 12:00:00,3298.77,2188.19,754.41,685.48,337.13,81.00,-752.35
2024-02-13 13:00:00,3135.80,1996.07,689.88,698.83,347.51,81.09,-682.48
2024-02-13 14:00:00,2980.16,1784.88,469.45,803.55,372.03,82.22,-536.85
2024-02-13 15:00:00,3000.11,1667.41,161.10,1040.68,403.78,83.71,-361.44
2024-02-13 16:00:00,3203.53,1655.20,5.80,1179.71,451.99,84.78,-178.75
2024-02-13 17:00:00,3183.19,1623.57,0.48,1184.70,460.32,87.60,-178.36
2024-02-13 18:00:00,3000.24,1559.54,0.35,1138.46,454.54,87.21,-244.75
2024-02-13 19:00:00,2836.19,1663.17,0.30,1065.53,423.01,87.43,-408.13
2024-02-13 20:00:00,2711.37,1584.67,0.28,876.00,352.39,84.37,-191.22
2024-02-13 21:00:00,2590.93,1328.66,0.27,848.98,312.53,84.52,11.09
2024-02-13 22:00:00,2542.77,1198.56,0.28,771.79,291.66,82.93,192.63
2024-02-13 23:00:00,2597.84,1174.75,0.26,663.35,257.15,81.62,415.81
2024-02-14 00:00:00,2660.93,908.37,0.15,661.51,246.94,82.19,756.86
2024-02-14 01:00:00,2706.29,692.93,0.11,655.35,244.35,82.13,1026.50
2024-02-14 02:00:00,2667.65,596.01,0.13,599.58,233.40,82.23,1151.39
2024-02-14 03:00:00,2624.14,583.27,0.14,597.43,233.86,82.19,1122.35
2024-02-14 04:00:00,2595.50,580.26,0.13,655.54,249.07,83.41,1022.17
2024-02-14 05:00:00,2776.12,466.68,0.20,755.23,290.95,83.36,1174.79
2024-02-14 06:00:00,3046.64,428.72,0.19,999.41,344.54,86.51,1182.32
2024-02-14 07:00:00,3191.70,424.26,18.38,1078.71,335.10,86.90,1243.56
2024-02-14 08:00:00,3198.86,443.71,100.34,777.80,335.86,87.09,1449.28
2024-02-14 09:00:00,3306.47,386.15,178.97,685.45,300.97,82.72,1667.42
2024-02-14 10:00:00,3305.19,257.04,219.14,692.79,311.88,83.95,1735.61
2024-02-14 11:00:00,3262.86,176.16,225.60,724.70,279.51,84.21,1767.87
2024-02-14 12:00:00,3261.93,139.70,225.29,739.03,234.49,84.39,1834.24
2024-02-14 13:00:00,3170.88,131.25,189.57,779.65,266.99,84.02,1714.61
2024-02-14 14:00:00,3066.06,184.64,106.48,856.42,316.70,84.99,1512.04
2024-02-14 15:00:00,3036.87,260.24,36.59,906.88,363.54,86.89,1377.92
2024-02-14 16:00:00,3201.00,362.32,1.55,1078.10,431.92,92.05,1230.32
2024-02-14 17:00:00,3146.03,400.25,0.32,1086.04,441.46,93.82,1119.40
2024-02-14 18:00:00,2948.46,419.28,0.33,1113.32,436.62,92.43,881.76
2024-02-14 19:00:00,2793.54,317.66,0.30,839.60,384.13,86.78,1160.38
2024-02-14 20:00:00,2709.83,297.60,0.27,691.31,330.04,85.21,1300.73
2024-02-14 21:00:00,2599.61,322.89,0.22,543.57,282.55,84.47,1361.23
2024-02-14 22:00:00,2489.63,293.01,0.21,524.53,269.44,83.00,1314.79
2024-02-14 23:00:00,2577.25,350.48,0.20,500.27,233.51,81.93,1406.46
2024-02-15 00:00:00,2781.50,387.99,0.16,474.31,229.87,83.47,1601.30
2024-02-15 01:00:00,2806.87,391.09,0.16,455.63,225.31,83.55,1646.75
2024-02-15 02:00:00,2761.40,389.88,0.18,467.94,225.67,84.06,1589.29
2024-02-15 03:00:00,2590.49,417.54,0.22,491.05,229.29,83.82,1364.20
2024-02-15 04:00:00,2532.66,457.27,0.21,530.00,233.47,84.07,1223.25
2024-02-15 05:00:00,2733.42,546.21,0.23,600.72,273.76,87.92,1220.21
2024-02-15 06:00:00,3016.19,620.47,0.34,710.23,329.74,92.49,1258.54
2024-02-15 07:00:00,3168.86,711.92,17.13,684.45,315.00,93.54,1342.44
2024-02-15 08:00:00,3207.55,769.68,74.91,696.66,333.02,93.01,1235.89
2024-02-15 09:00:00,3275.03,789.57,133.27,589.03,302.89,90.27,1365.62
2024-02-15 10:00:00,3241.26,703.17,187.71,525.41,287.89,90.20,1442.50
2024-02-15 11:00:00,3182.53,659.67,192.17,461.16,292.70,88.51,1483.93
2024-02-15 12:00:00,3178.14,798.55,189.04,472.76,295.49,85.57,1332.34
2024-02-15 13:00:00,3118.01,847.77,141.10,535.79,301.98,83.43,1203.56
2024-02-15 14:00:00,3068.49,915.50,82.91,628.68,317.14,83.50,1036.38
2024-02-15 15:00:00,3039.07,921.92,23.70,769.52,359.65,85.63,874.32
2024-02-15 16:00:00,3207.89,1213.73,0.67,777.11,391.88,88.74,731.46
2024-02-15 17:00:00,3171.15,1609.87,0.38,708.94,392.97,89.49,365.22
2024-02-15 18:00:00,3004.03,2018.13,0.30,590.18,385.80,91.62,-86.30
2024-02-15 19:00:00,2847.85,2361.25,0.25,538.02,324.84,85.59,-466.39
2024-02-15 20:00:00,2767.33,2619.61,0.24,436.86,262.70,80.82,-637.23
2024-02-15 21:00:00,2627.64,2687.31,0.24,389.73,243.73,80.27,-777.95
2024-02-15 22:00:00,2618.69,2680.13,0.16,364.73,236.13,78.18,-744.88
2024-02-15 23:00:00,2620.61,2661.68,0.12,321.70,170.05,60.13,-597.31
2024-02-16 00:00:00,2599.08,2633.50,0.13,324.94,166.02,61.57,-591.31
2024-02-16 01:00:00,2650.89,2640.76,0.13,299.69,165.52,61.29,-520.74
2024-02-16 02:00:00,2565.34,2569.93,0.13,324.48,169.94,59.82,-563.18
2024-02-16 03:00:00,2589.60,2619.56,0.13,325.88,168.57,60.99,-589.71
2024-02-16 04:00:00,2529.73,2618.05,0.18,356.98,183.64,62.12,-695.41
2024-02-16 05:00:00,2663.91,2655.04,0.24,312.88,227.82,62.03,-598.25
2024-02-16 06:00:00,2940.71,2742.85,0.58,294.98,262.68,66.46,-431.00
2024-02-16 07:00:00,3041.58,2740.43,47.13,392.48,269.32,68.44,-480.73
2024-02-16 08:00:00,3077.02,2548.35,163.76,463.27,269.64,64.73,-437.25
2024-02-16 09:00:00,3157.82,2455.49,194.26,355.56,247.82,58.26,-158.13
2024-02-16 10:00:00,3227.11,2383.43,287.63,324.77,244.61,58.68,-76.58
2024-02-16 11:00:00,3095.65,2408.40,314.12,291.44,239.86,52.66,-215.41
2024-02-16 12:00:00,3014.13,2361.81,189.61,389.54,233.10,59.59,-224.11
2024-02-16 13:00:00,2883.30,2262.75,94.60,348.09,233.13,63.50,-123.39
2024-02-16 14:00:00,2838.98,2368.61,44.45,403.95,252.83,64.58,-300.07
2024-02-16 15:00:00,2848.33,2392.53,43.95,466.13,276.39,61.22,-396.50
2024-02-16 16:00:00,3004.54,2842.49,5.79,454.24,288.10,63.04,-653.74
2024-02-16 17:00:00,3003.66,3416.53,0.53,397.59,287.54,65.61,-1168.75
2024-02-16 18:00:00,2820.92,3727.37,0.55,397.71,260.52,65.86,-1635.71
2024-02-16 19:00:00,2661.18,3773.54,0.47,417.78,251.31,66.15,-1852.67
2024-02-16 20:00:00,2679.72,3896.22,0.47,380.89,232.07,61.81,-1896.35
2024-02-16 21:00:00,2616.27,4007.21,0.47,346.59,221.88,61.65,-2026.13
2024-02-16 22:00:00,2548.77,4083.11,0.53,317.88,219.46,61.78,-2138.60
2024-02-16 23:00:00,2683.34,4145.42,0.50,337.02,173.97,61.98,-2040.15
2024-02-17 00:00:00,2622.33,4018.09,0.56,333.66,166.30,62.84,-1963.71
2024-02-17 01:00:00,2553.33,3708.07,0.45,340.98,167.13,63.76,-1731.65
2024-02-17 02:00:00,2424.46,3292.29,0.49,299.10,168.05,63.89,-1403.94
2024-02-17 03:00:00,2365.64,2848.86,0.52,310.32,180.89,62.77,-1042.32
2024-02-17 04:00:00,2388.78,2261.08,0.43,342.91,220.73,63.69,-504.66
2024-02-17 05:00:00,2393.52,1914.44,0.51,370.59,236.99,64.87,-198.45
2024-02-17 06:00:00,2598.54,1601.92,2.84,357.03,235.71,66.78,329.76
2024-02-17 07:00:00,2676.67,1181.03,107.85,447.23,267.72,69.05,599.32
2024-02-17 08:00:00,2731.96,721.37,456.56,487.13,261.62,68.32,732.52
2024-02-17 09:00:00,2781.72,379.34,838.12,486.24,279.12,65.01,729.43
2024-02-17 10:00:00,2803.89,221.55,1104.21,443.57,268.86,63.54,697.69
2024-02-17 11:00:00,2750.06,106.79,1225.76,394.45,272.36,63.35,682.93
2024-02-17 12:00:00,2724.75,74.94,1220.75,362.65,264.17,63.56,734.27
2024-02-17 13:00:00,2667.41,152.42,1021.45,342.98,253.47,64.28,828.48
2024-02-17 14:00:00,2582.09,204.02,604.45,441.06,260.89,64.57,1002.97
2024-02-17 15:00:00,2549.05,192.85,192.95,479.81,284.11,66.26,1328.89
2024-02-17 16:00:00,2644.37,230.21,10.78,591.97,407.85,74.65,1324.68
2024-02-17 17:00:00,2726.12,267.65,0.51,679.17,410.98,76.26,1287.33
2024-02-17 18:00:00,2629.71,342.78,0.38,631.08,327.97,70.27,1253.00
2024-02-17 19:00:00,2487.32,352.77,0.29,612.86,319.40,67.34,1130.45
2024-02-17 20:00:00,2429.27,361.71,0.23,478.95,268.19,63.50,1252.47
2024-02-17 21:00:00,2232.82,445.81,0.20,461.74,303.42,63.81,953.62
2024-02-17 22:00:00,2200.57,780.98,0.17,414.09,257.37,61.75,681.99
2024-02-17 23:00:00,2278.23,1153.08,0.17,389.96,225.36,62.22,443.22
2024-02-18 00:00:00,2278.37,1506.08,0.16,390.78,217.53,62.71,96.89
2024-02-18 01:00:00,2345.93,1654.98,0.15,399.98,213.17,64.77,8.67
2024-02-18 02:00:00,2358.07,1858.44,0.21,336.74,176.44,64.33,-82.28
2024-02-18 03:00:00,2340.05,2079.86,0.22,277.89,165.21,62.89,-250.21
2024-02-18 04:00:00,2508.17,2419.16,0.21,253.51,170.33,62.60,-401.81
2024-02-18 05:00:00,2407.27,2721.32,0.29,259.00,155.33,62.19,-795.03
2024-02-18 06:00:00,2717.31,3071.85,0.47,286.79,149.22,62.20,-857.39
2024-02-18 07:00:00,2846.43,3344.58,9.02,285.76,146.74,63.14,-1006.94
2024-02-18 08:00:00,2977.48,3468.64,40.76,302.82,144.55,58.30,-1041.72
2024-02-18 09:00:00,3170.31,3552.78,72.12,225.38,148.59,55.32,-888.02
2024-02-18 10:00:00,3165.71,3504.37,97.55,206.77,156.79,55.28,-859.19
2024-02-18 11:00:00,3160.89,3260.01,120.51,200.25,154.65,53.97,-632.66
2024-02-18 12:00:00,3189.35,2708.78,114.08,193.62,150.37,53.19,-34.83
2024-02-18 13:00:00,3145.19,2148.87,92.27,191.09,148.63,53.64,506.55
2024-02-18 14:00:00,2988.36,1602.83,54.74,316.62,163.59,55.66,790.75
2024-02-18 15:00:00,2772.20,1209.41,18.39,401.38,194.86,54.92,889.09
2024-02-18 16:00:00,2931.61,970.07,0.62,596.34,249.13,59.56,1051.74
2024-02-18 17:00:00,2903.16,859.34,0.28,614.35,247.03,64.63,1113.37
2024-02-18 18:00:00,2693.59,855.22,0.18,588.53,249.38,66.40,929.73
2024-02-18 19:00:00,2679.80,1080.95,0.12,454.80,240.12,64.49,835.17
2024-02-18 20:00:00,2669.01,1432.34,0.14,408.99,220.62,63.67,539.11
2024-02-18 21:00:00,2638.60,1839.15,0.13,424.17,211.61,60.94,98.46
2024-02-18 22:00:00,2613.55,1923.86,0.20,339.62,195.16,61.86,88.71
2024-02-18 23:00:00,2709.82,1949.95,0.19,356.26,152.89,59.70,186.67
2024-02-19 00:00:00,2843.91,1815.83,0.25,344.12,146.32,59.53,473.73
2024-02-19 01:00:00,2811.39,1683.89,0.24,336.45,146.52,60.30,579.85
2024-02-19 02:00:00,2599.90,1384.77,0.21,426.98,127.62,61.39,594.78
2024-02-19 03:00:00,2596.66,1359.30,0.21,388.09,118.57,62.02,664.30
2024-02-19 04:00:00,2634.52,1178.23,0.16,453.99,169.35,63.63,765.00
2024-02-19 05:00:00,2848.82,1348.82,0.26,528.24,284.34,64.25,618.72
2024-02-19 06:00:00,3052.76,1368.78,1.92,663.63,392.51,69.42,552.03
2024-02-19 07:00:00,3167.33,1558.46,58.10,645.16,414.65,71.25,415.28
2024-02-19 08:00:00,3202.22,1525.75,185.42,626.38,386.74,68.87,404.64
2024-02-19 09:00:00,3230.09,1393.35,299.68,639.79,375.24,65.32,452.30
2024-02-19 10:00:00,3264.63,1272.45,394.48,621.75,348.20,52.18,571.16
2024-02-19 11:00:00,3259.38,1302.99,449.76,499.45,318.53,54.10,629.91
2024-02-19 12:00:00,3196.97,1350.54,411.61,456.59,301.17,55.08,617.29
2024-02-19 13:00:00,3171.07,1522.03,398.58,449.43,305.69,64.02,426.62
2024-02-19 14:00:00,3032.49,1573.14,238.22,458.58,309.57,64.99,383.27
2024-02-19 15:00:00,2968.64,1535.15,90.12,626.05,328.67,66.99,316.94
2024-02-19 16:00:00,3155.91,1572.21,6.69,644.05,433.47,65.59,429.20
2024-02-19 17:00:00,3094.69,1496.30,0.44,683.21,467.03,62.47,380.54
2024-02-19 18:00:00,2933.79,1456.70,0.33,650.18,446.15,61.45,314.28
2024-02-19 19:00:00,2758.50,1477.44,0.27,622.46,386.79,61.77,205.06
2024-02-19 20:00:00,2718.66,1761.56,0.24,503.09,309.13,54.55,85.39
2024-02-19 21:00:00,2688.35,2014.51,0.20,428.11,277.45,52.86,-89.51
2024-02-19 22:00:00,2499.26,1980.35,0.17,389.91,271.70,52.14,-199.73
2024-02-19 23:00:00,2467.62,2083.15,0.18,380.84,184.30,52.83,-238.40
2024-02-20 00:00:00,2549.83,2402.73,0.22,380.68,161.07,52.28,-451.87
2024-02-20 01:00:00,2490.01,2607.81,0.25,383.53,161.72,51.65,-719.67
2024-02-20 02:00:00,2533.38,2660.71,0.21,350.42,160.93,52.26,-695.85
2024-02-20 03:00:00,2499.76,2621.23,0.17,376.35,159.93,51.85,-714.47
2024-02-20 04:00:00,2550.24,2493.65,0.19,382.06,189.88,52.99,-573.24
2024-02-20 05:00:00,2789.31,2242.28,0.27,485.07,326.37,55.11,-324.49
2024-02-20 06:00:00,3103.90,2068.28,6.97,565.19,411.41,58.38,-11.03
2024-02-20 07:00:00,3171.34,1786.76,136.44,597.05,430.65,59.15,156.59
2024-02-20 08:00:00,3146.94,1632.84,377.96,499.86,467.29,59.14,105.18
2024-02-20 09:00:00,3182.26,1640.74,694.43,540.40,401.81,57.91,-157.71
2024-02-20 10:00:00,3192.90,1735.14,933.25,524.97,373.68,52.59,-431.27
2024-02-20 11:00:00,3163.61,1925.13,741.75,485.70,352.44,50.36,-396.28
2024-02-20 12:00:00,3178.69,2342.73,517.26,442.64,328.32,50.71,-507.46
2024-02-20 13:00:00,3115.17,2388.40,289.42,517.66,320.08,51.40,-456.29
2024-02-20 14:00:00,3040.76,2392.75,160.20,479.02,313.49,53.47,-362.68
2024-02-20 15:00:00,3023.27,2396.63,67.77,628.76,314.49,52.79,-441.67
2024-02-20 16:00:00,3175.50,2618.04,6.31,606.58,329.79,55.14,-444.85
2024-02-20 17:00:00,3170.20,2949.03,0.76,589.31,338.00,55.82,-767.19
2024-02-20 18:00:00,3044.80,3516.84,0.77,560.22,322.62,56.19,-1416.30
2024-02-20 19:00:00,2911.38,3640.85,0.65,411.42,304.49,56.51,-1507.00
2024-02-20 20:00:00,2819.96,3356.43,0.57,427.92,275.15,55.34,-1299.89
2024-02-20 21:00:00,2708.08,3180.96,0.58,390.49,220.17,55.14,-1143.71
2024-02-20 22:00:00,2639.03,3353.61,0.52,341.71,178.40,49.86,-1288.96
2024-02-20 23:00:00,2804.51,3453.80,0.55,393.88,158.37,49.90,-1255.85
2024-02-21 00:00:00,2724.73,3561.26,0.52,370.72,159.70,50.14,-1421.46
2024-02-21 01:00:00,2851.03,3792.71,0.57,335.50,161.07,51.00,-1493.67
2024-02-21 02:00:00,2876.83,4043.34,0.74,337.67,164.05,50.71,-1723.54
2024-02-21 03:00:00,2818.58,4145.24,0.67,321.37,168.81,48.83,-1870.18
2024-02-21 04:00:00,2906.97,4129.40,0.48,299.85,162.98,50.38,-1739.96
2024-02-21 05:00:00,3106.95,4095.92,0.51,315.84,214.24,54.05,-1577.45
2024-02-21 06:00:00,3270.98,3625.90,4.97,458.25,318.43,56.06,-1196.48
2024-02-21 07:00:00,3360.06,3090.64,124.77,590.79,328.57,58.70,-837.26
2024-02-21 08:00:00,3308.78,2532.27,458.17,612.90,333.34,57.46,-688.43
2024-02-21 09:00:00,3282.79,2098.60,796.22,549.79,348.34,56.24,-570.26
2024-02-21 10:00:00,3218.80,1750.20,995.09,577.72,344.52,53.37,-505.98
2024-02-21 11:00:00,3210.14,1759.82,1026.71,386.71,333.43,53.15,-353.56
2024-02-21 12:00:00,3184.46,1833.69,835.33,387.10,329.13,50.02,-254.69
2024-02-21 13:00:00,3059.07,1935.22,552.84,401.13,324.75,50.56,-209.32
2024-02-21 14:00:00,3007.98,1867.25,244.41,480.48,317.99,50.33,43.52
2024-02-21 15:00:00,3006.56,1957.13,70.68,652.82,326.72,52.90,-57.86
2024-02-21 16:00:00,3197.82,2281.09,6.57,691.46,333.33,52.67,-171.46
2024-02-21 17:00:00,3208.64,2649.67,0.78,607.32,332.48,52.93,-438.72
2024-02-21 18:00:00,2980.83,3043.61,0.74,629.43,325.91,53.08,-1076.11
2024-02-21 19:00:00,2874.22,3313.58,0.74,509.65,303.14,51.37,-1308.44
2024-02-21 20:00:00,2904.30,3526.06,0.66,427.82,179.35,50.45,-1284.21
2024-02-21 21:00:00,2806.23,3690.88,0.64,333.91,161.79,46.54,-1431.71
2024-02-21 22:00:00,2816.97,3754.78,0.66,300.17,149.36,46.10,-1438.28
2024-02-21 23:00:00,2951.39,3740.38,0.57,317.87,163.72,46.04,-1321.59
2024-02-22 00:00:00,3056.68,3741.57,0.52,263.82,165.56,46.73,-1166.06
2024-02-22 01:00:00,2882.48,3551.39,0.51,252.44,166.02,46.92,-1139.24
2024-02-22 02:00:00,2729.65,2804.13,0.48,320.51,165.87,46.42,-612.07
2024-02-22 03:00:00,2607.77,2012.46,0.44,354.04,167.09,45.91,23.56
2024-02-22 04:00:00,2629.29,1423.70,0.32,444.82,174.96,49.94,531.14
2024-02-22 05:00:00,2760.90,1142.03,0.26,637.59,230.71,52.75,692.98
2024-02-22 06:00:00,3053.79,1119.94,3.30,659.83,373.80,57.44,834.78
2024-02-22 07:00:00,3162.93,1209.17,40.43,629.13,408.75,59.49,811.34
2024-02-22 08:00:00,3199.96,1155.03,131.38,718.23,411.71,58.91,720.00
2024-02-22 09:00:00,3204.28,1091.22,280.97,628.92,516.90,62.73,618.70
2024-02-22 10:00:00,3304.92,1213.05,481.02,596.49,360.65,54.49,594.39
2024-02-22 11:00:00,3267.73,1269.05,650.94,473.04,329.30,50.36,490.30
2024-02-22 12:00:00,3154.88,1345.89,631.51,474.73,413.10,66.14,218.68
2024-02-22 13:00:00,3072.62,1326.28,380.06,485.50,431.77,68.27,375.92
2024-02-22 14:00:00,3027.00,1374.18,229.26,508.86,278.45,50.77,580.54
2024-02-22 15:00:00,3019.75,1585.45,99.37,540.48,270.05,52.92,466.54
2024-02-22 16:00:00,3129.80,1784.65,20.57,586.42,269.03,54.44,409.78
2024-02-22 17:00:00,3129.65,2329.82,0.45,521.35,266.70,53.52,-46.91
2024-02-22 18:00:00,3001.61,3033.20,0.51,462.36,221.89,52.65,-773.92
2024-02-22 19:00:00,2981.16,3512.45,0.58,432.52,203.39,46.70,-1219.26
2024-02-22 20:00:00,3068.69,3884.94,0.60,348.89,169.59,42.40,-1382.42
2024-02-22 21:00:00,3088.87,4253.97,0.56,199.51,146.57,34.93,-1551.38
2024-02-22 22:00:00,3248.29,4341.20,0.58,238.45,140.49,32.87,-1509.83
2024-02-22 23:00:00,3387.57,4334.95,0.69,165.05,124.19,32.76,-1274.57
2024-02-23 00:00:00,3423.53,4347.00,0.71,121.91,122.81,32.90,-1206.37
2024-02-23 01:00:00,3526.87,4060.88,0.71,120.69,122.98,32.47,-815.37
2024-02-23 02:00:00,3466.59,3615.30,0.70,132.54,117.89,32.86,-437.14
2024-02-23 03:00:00,3392.27,3428.47,0.74,122.37,112.82,32.42,-309.03
2024-02-23 04:00:00,3427.18,3386.09,0.77,147.10,119.67,32.98,-264.16
2024-02-23 05:00:00,3263.81,3658.04,0.81,220.54,138.71,41.88,-801.05
2024-02-23 06:00:00,3246.04,3842.06,6.99,412.20,156.59,46.22,-1222.92
2024-02-23 07:00:00,3408.56,4073.40,118.42,572.42,161.27,47.04,-1568.79
2024-02-23 08:00:00,3444.11,4387.42,287.92,551.69,165.90,48.66,-2002.32
2024-02-23 09:00:00,3537.99,4439.42,570.82,326.59,174.65,48.56,-2026.94
2024-02-23 10:00:00,3642.62,4528.69,696.35,314.15,181.16,47.81,-2130.09
2024-02-23 11:00:00,3573.38,4506.11,803.23,290.81,161.90,46.25,-2240.16
2024-02-23 12:00:00,3492.00,4473.94,686.24,295.09,154.78,48.58,-2171.59
2024-02-23 13:00:00,3391.17,4391.56,498.11,306.99,159.19,54.62,-2024.39
2024-02-23 14:00:00,3156.41,4244.86,314.29,357.98,203.73,48.00,-2017.48
2024-02-23 15:00:00,3083.47,3731.79,81.56,558.35,230.39,47.03,-1570.44
2024-02-23 16:00:00,3202.81,3124.11,7.11,640.52,233.33,47.47,-854.86
2024-02-23 17:00:00,3124.13,2952.61,1.06,606.04,262.05,46.97,-749.42
2024-02-23 18:00:00,2859.50,2828.11,0.63,535.78,273.80,47.27,-831.27
2024-02-23 19:00:00,2712.73,2635.58,0.44,536.94,277.35,46.02,-788.29
2024-02-23 20:00:00,2692.19,2485.86,0.37,519.13,263.50,48.04,-629.53
2024-02-23 21:00:00,2478.58,2286.34,0.32,495.37,269.78,46.24,-624.27
2024-02-23 22:00:00,2345.81,1991.48,0.22,532.24,285.51,45.82,-514.17
2024-02-23 23:00:00,2399.34,1689.58,0.20,521.74,265.30,47.24,-129.54
2024-02-24 00:00:00,2401.92,1550.92,0.17,492.90,261.79,48.70,42.75
2024-02-24 01:00:00,2390.91,1371.74,0.16,455.89,251.86,48.66,258.00
2024-02-24 02:00:00,2285.75,1121.29,0.11,386.72,253.12,48.10,471.91
2024-02-24 03:00:00,2260.60,1131.53,0.12,378.01,284.81,48.37,413.23
2024-02-24 04:00:00,2236.06,1123.67,0.15,373.82,249.72,50.29,433.74
2024-02-24 05:00:00,2358.98,1175.72,0.18,539.59,275.10,51.73,312.13
2024-02-24 06:00:00,2468.10,1059.22,9.41,559.68,293.80,52.11,489.10
2024-02-24 07:00:00,2577.74,896.08,139.14,608.60,281.46,53.74,594.09
2024-02-24 08:00:00,2627.28,780.39,314.20,441.82,290.82,52.72,742.66
2024-02-24 09:00:00,2832.97,700.51,458.78,387.18,251.46,50.66,979.71
2024-02-24 10:00:00,2828.03,753.73,531.48,395.65,193.82,49.26,899.31
2024-02-24 11:00:00,2908.53,823.12,560.88,361.17,181.71,46.11,930.74
2024-02-24 12:00:00,3029.71,926.13,536.37,297.54,177.27,46.18,1041.45
2024-02-24 13:00:00,2893.63,927.67,447.76,311.19,188.37,47.48,966.58
2024-02-24 14:00:00,2639.84,892.59,349.47,381.36,279.84,48.96,683.02
2024-02-24 15:00:00,2572.52,1037.38,128.74,415.14,359.94,51.88,574.79
2024-02-24 16:00:00,2730.02,1073.79,16.86,498.15,401.36,55.89,679.43
2024-02-24 17:00:00,3016.62,909.81,0.43,527.22,385.16,56.32,1133.09
2024-02-24 18:00:00,2568.92,910.78,0.32,595.11,661.84,74.36,321.55
2024-02-24 19:00:00,2501.89,830.40,0.37,549.86,374.31,51.42,690.60
2024-02-24 20:00:00,2465.99,806.85,0.28,517.55,327.64,47.89,761.08
2024-02-24 21:00:00,2317.20,846.68,0.23,438.82,439.39,53.13,534.20
2024-02-24 22:00:00,2346.02,653.98,0.28,426.05,283.92,47.90,928.87
2024-02-24 23:00:00,2375.78,806.61,0.30,509.70,270.03,48.53,735.98
2024-02-25 00:00:00,2348.70,1060.90,0.32,463.43,257.92,47.40,513.93
2024-02-25 01:00:00,2346.56,1105.93,0.32,418.72,257.04,47.82,512.15
2024-02-25 02:00:00,2342.76,1075.34,0.19,352.62,173.96,47.35,688.79
2024-02-25 03:00:00,2245.76,964.04,0.22,386.68,161.22,47.26,681.75
2024-02-25 04:00:00,2250.87,868.98,0.29,431.64,170.16,46.20,729.08
2024-02-25 05:00:00,2348.60,919.81,0.22,539.64,183.47,47.44,653.42
2024-02-25 06:00:00,2449.10,997.68,11.34,524.17,197.03,51.35,662.78
2024-02-25 07:00:00,2592.87,1101.84,118.00,549.59,201.24,53.16,564.32
2024-02-25 08:00:00,2670.11,1028.06,253.11,552.39,210.13,48.21,573.49
2024-02-25 09:00:00,2712.59,781.39,308.94,579.32,192.58,45.75,799.88
2024-02-25 10:00:00,2762.47,483.92,338.86,539.59,174.54,44.76,1175.91
2024-02-25 11:00:00,2911.79,380.30,359.42,471.50,161.59,44.47,1489.62
2024-02-25 12:00:00,2920.07,351.83,302.06,402.81,159.24,44.23,1654.90
2024-02-25 13:00:00,2908.35,244.02,241.50,428.68,196.17,44.31,1748.75
2024-02-25 14:00:00,2703.61,198.29,154.77,546.17,293.31,44.80,1461.13
2024-02-25 15:00:00,2745.03,266.17,90.81,523.42,362.97,47.01,1449.65
2024-02-25 16:00:00,2914.16,218.13,20.08,518.13,412.36,51.70,1688.57
2024-02-25 17:00:00,2898.75,199.27,0.27,530.06,419.94,52.64,1691.50
2024-02-25 18:00:00,2750.40,134.97,0.18,527.98,407.75,53.01,1621.46
2024-02-25 19:00:00,2570.60,84.97,0.14,547.19,384.22,48.71,1500.49
2024-02-25 20:00:00,2445.52,66.18,0.12,538.48,490.73,60.00,1285.15
2024-02-25 21:00:00,2399.01,69.36,0.10,525.31,362.16,46.25,1390.98
2024-02-25 22:00:00,2426.25,80.92,0.10,455.66,300.95,43.96,1539.87
2024-02-25 23:00:00,2528.37,101.12,0.10,355.22,191.73,42.20,1833.33
2024-02-26 00:00:00,2543.36,168.65,0.09,349.26,174.85,43.82,1802.08
2024-02-26 01:00:00,2574.91,239.77,0.09,350.16,174.39,43.11,1762.72
2024-02-26 02:00:00,2564.05,269.86,0.07,349.86,171.22,42.68,1725.85
2024-02-26 03:00:00,2596.32,333.44,0.09,353.09,170.05,42.55,1692.59
2024-02-26 04:00:00,2553.36,335.69,0.14,367.60,194.19,43.35,1607.46
2024-02-26 05:00:00,2784.41,338.66,0.17,509.02,338.78,45.03,1547.95
2024-02-26 06:00:00,3144.29,336.56,4.00,549.93,386.18,49.33,1813.23
2024-02-26 07:00:00,3325.32,368.35,73.89,526.31,424.61,52.55,1874.70
2024-02-26 08:00:00,3254.74,442.33,220.08,541.49,449.87,52.25,1543.81
2024-02-26 09:00:00,3306.77,588.07,432.39,547.95,393.10,49.98,1290.34
2024-02-26 10:00:00,3323.19,736.15,487.13,565.27,379.51,48.98,1101.27
2024-02-26 11:00:00,3203.13,754.99,471.41,464.11,350.49,49.94,1107.17
2024-02-26 12:00:00,3204.31,757.84,405.52,436.36,423.57,55.37,1120.72
2024-02-26 13:00:00,3207.17,874.08,381.85,452.84,347.85,50.74,1094.69
2024-02-26 14:00:00,3112.59,933.43,278.17,583.67,347.16,49.05,915.85
2024-02-26 15:00:00,3066.46,792.60,142.04,604.67,396.62,50.40,1074.94
2024-02-26 16:00:00,3226.56,682.67,29.48,623.46,418.12,54.87,1413.12
2024-02-26 17:00:00,3217.24,597.49,0.43,640.52,431.36,56.53,1486.26
2024-02-26 18:00:00,3023.15,453.29,0.35,664.25,427.08,56.48,1417.00
2024-02-26 19:00:00,2895.55,411.17,0.26,611.41,390.75,51.09,1426.29
2024-02-26 20:00:00,2822.59,355.60,0.20,618.85,315.71,48.10,1479.62
2024-02-26 21:00:00,2679.97,338.03,0.16,580.32,299.69,48.21,1409.08
2024-02-26 22:00:00,2506.27,299.62,0.13,419.62,306.69,47.53,1428.14
2024-02-26 23:00:00,2641.15,220.90,0.11,408.95,183.06,47.10,1776.45
2024-02-27 00:00:00,2617.05,170.70,0.11,428.95,169.90,48.62,1794.24
2024-02-27 01:00:00,2614.38,133.46,0.10,455.34,185.69,50.21,1785.16
2024-02-27 02:00:00,2582.66,72.63,0.09,429.48,185.56,49.27,1841.22
2024-02-27 03:00:00,2559.50,47.01,0.10,430.31,192.08,48.50,1837.11
2024-02-27 04:00:00,2631.78,30.85,0.12,488.16,296.71,48.96,1762.20
2024-02-27 05:00:00,2908.09,19.39,0.18,684.10,387.75,52.34,1759.68
2024-02-27 06:00:00,3225.99,12.35,10.79,751.86,450.11,55.94,1940.15
2024-02-27 07:00:00,3296.95,12.67,119.63,777.32,483.04,55.94,1843.67
2024-02-27 08:00:00,3346.20,17.45,211.48,714.14,477.33,53.83,1867.33
2024-02-27 09:00:00,3365.53,48.56,248.96,664.90,477.90,59.23,1861.31
2024-02-27 10:00:00,3350.46,148.12,303.92,521.43,388.47,53.51,1930.27
2024-02-27 11:00:00,3309.54,252.36,324.34,462.51,346.58,50.47,1868.69
2024-02-27 12:00:00,3319.44,295.09,294.48,496.46,337.09,51.44,1840.23
2024-02-27 13:00:00,3224.78,379.38,233.25,496.35,339.87,53.53,1717.57
2024-02-27 14:00:00,3154.01,379.13,153.67,696.20,351.24,55.34,1513.79
2024-02-27 15:00:00,3142.66,419.32,71.95,757.38,437.33,56.55,1395.57
2024-02-27 16:00:00,3267.57,501.84,11.03,809.06,496.85,56.06,1388.08
2024-02-27 17:00:00,3222.89,607.08,0.26,862.70,509.77,56.25,1182.24
2024-02-27 18:00:00,3030.75,776.94,0.22,806.05,512.45,56.08,874.51
2024-02-27 19:00:00,2928.62,944.74,0.20,755.87,473.74,55.16,694.43
2024-02-27 20:00:00,2864.31,1211.75,0.16,682.71,413.19,53.73,498.39
2024-02-27 21:00:00,2777.76,1539.35,0.17,632.39,517.55,64.42,19.26
2024-02-27 22:00:00,2665.71,1802.81,0.17,508.27,348.68,53.65,-52.32
2024-02-27 23:00:00,2736.97,1929.04,0.17,449.33,239.13,48.30,66.48
2024-02-28 00:00:00,2734.72,2113.31,0.19,443.29,362.43,52.12,-241.06
2024-02-28 01:00:00,2665.85,2342.69,0.14,435.56,222.82,49.75,-389.43
2024-02-28 02:00:00,2595.97,2422.61,0.13,439.25,210.77,48.99,-530.01
2024-02-28 03:00:00,2685.28,2620.84,0.17,430.87,198.74,50.25,-619.80
2024-02-28 04:00:00,2790.77,2564.91,0.21,439.64,225.93,49.55,-493.84
2024-02-28 05:00:00,2999.73,2233.86,0.28,577.34,394.37,49.12,-259.90
2024-02-28 06:00:00,3207.15,1781.54,5.77,682.54,475.59,50.90,206.12
2024-02-28 07:00:00,3269.14,1598.22,65.93,674.80,467.91,52.16,405.61
2024-02-28 08:00:00,3293.20,1434.27,178.02,712.39,450.61,55.27,458.12
2024-02-28 09:00:00,3321.97,1420.65,320.44,618.33,394.67,57.83,505.65
2024-02-28 10:00:00,3278.30,1524.04,516.20,479.45,387.58,62.12,304.39
2024-02-28 11:00:00,3278.17,1741.50,656.77,482.11,355.26,64.42,-26.40
2024-02-28 12:00:00,3268.02,1767.64,563.45,483.44,324.65,62.64,61.79
2024-02-28 13:00:00,3216.13,1826.08,485.24,470.26,339.11,63.88,27.00
2024-02-28 14:00:00,3125.51,1778.98,281.31,467.31,355.35,62.61,175.43
2024-02-28 15:00:00,3048.26,1586.14,141.17,485.44,432.99,66.54,331.34
2024-02-28 16:00:00,3209.27,1397.12,25.77,580.36,521.24,76.31,603.54
2024-02-28 17:00:00,3272.09,1571.84,0.51,652.99,458.99,69.03,513.85
2024-02-28 18:00:00,3147.61,1993.19,0.42,663.77,445.65,68.68,-28.52
2024-02-28 19:00:00,2959.06,2365.52,0.39,518.18,424.38,64.81,-418.89
2024-02-28 20:00:00,2890.06,2621.57,0.39,478.46,273.67,61.17,-549.67
2024-02-28 21:00:00,2786.23,2871.21,0.30,463.90,240.05,61.01,-854.63
2024-02-28 22:00:00,2716.73,3136.21,0.25,453.25,218.88,61.61,-1157.84
2024-02-28 23:00:00,3031.45,3361.45,0.25,448.17,182.67,59.93,-1025.29
2024-02-29 00:00:00,3012.22,3631.02,0.25,463.91,183.27,60.21,-1330.71
2024-02-29 01:00:00,3033.43,3898.95,0.25,459.56,185.26,59.10,-1574.00
2024-02-29 02:00:00,3114.43,4004.58,0.22,437.29,188.91,59.94,-1580.60
2024-02-29 03:00:00,3221.85,4147.61,0.26,431.97,188.65,61.44,-1612.31
2024-02-29 04:00:00,3293.48,4224.68,0.29,429.35,189.25,62.66,-1617.05
2024-02-29 05:00:00,3354.02,4279.87,0.29,389.63,193.83,62.56,-1576.78
2024-02-29 06:00:00,3687.95,4304.26,7.81,402.91,205.40,62.80,-1299.84
2024-02-29 07:00:00,3901.85,4326.97,60.49,436.81,202.85,62.65,-1192.04
2024-02-29 08:00:00,3866.36,4172.10,127.76,463.47,193.46,59.70,-1154.65
2024-02-29 09:00:00,3723.23,4154.66,191.71,401.26,202.28,59.55,-1290.07
2024-02-29 10:00:00,3649.00,3877.45,191.57,481.43,202.14,62.26,-1169.59
2024-02-29 11:00:00,3614.55,3652.94,188.10,438.02,198.31,60.32,-927.73
2024-02-29 12:00:00,3679.25,3595.99,174.25,442.09,205.18,60.30,-803.09
2024-02-29 13:00:00,3505.60,3494.28,137.02,470.89,202.71,60.27,-864.11
2024-02-29 14:00:00,3469.35,3405.51,108.37,414.30,201.13,64.59,-729.31
2024-02-29 15:00:00,3477.81,3213.71,54.87,461.89,180.76,65.71,-503.81
2024-02-29 16:00:00,3322.66,3081.68,11.40,588.61,181.91,66.62,-612.36
2024-02-29 17:00:00,3288.41,3041.47,0.34,510.63,196.62,66.90,-532.23
2024-02-29 18:00:00,3079.14,2944.77,0.31,505.56,200.77,66.86,-643.66
2024-02-29 19:00:00,3036.05,2811.62,0.24,503.13,189.71,64.36,-537.52
2024-02-29 20:00:00,2998.30,2669.38,0.18,535.72,185.98,63.86,-461.31
2024-02-29 21:00:00,2843.68,2690.20,0.14,429.74,174.46,60.55,-515.69
2024-02-29 22:00:00,2694.97,2697.30,0.12,477.99,165.79,61.94,-712.31
2024-02-29 23:00:00,2766.80,2671.07,0.12,585.86,157.96,61.52,-714.00
2024-03-01 00:00:00,2720.44,2692.44,0.11,649.38,155.91,58.20,-839.65
2024-03-01 01:00:00,2632.06,2603.82,0.09,658.70,157.29,59.55,-851.53
2024-03-01 02:00:00,2548.40,2542.14,0.09,650.08,158.32,59.56,-865.93
2024-03-01 03:00:00,2525.66,2586.84,0.11,605.92,160.27,58.86,-890.28
2024-03-01 04:00:00,2634.71,2674.18,0.14,621.22,163.50,58.32,-886.81
2024-03-01 05:00:00,2844.71,2702.20,0.19,696.17,172.83,65.21,-796.08
2024-03-01 06:00:00,3128.88,2836.69,27.95,766.01,186.24,65.77,-757.89
2024-03-01 07:00:00,3225.51,2759.83,220.36,917.59,179.06,59.70,-915.07
2024-03-01 08:00:00,3242.61,2647.80,464.28,751.91,199.91,59.72,-885.24
2024-03-01 09:00:00,3237.77,2592.62,557.61,806.46,207.14,59.65,-989.96
2024-03-01 10:00:00,3190.72,2587.69,521.19,741.44,205.82,59.49,-929.26
2024-03-01 11:00:00,3110.82,2408.12,423.30,735.51,203.90,61.59,-725.97
2024-03-01 12:00:00,3029.20,1992.17,320.62,695.75,201.49,63.28,-248.67
2024-03-01 13:00:00,2897.53,1726.89,265.94,760.42,255.72,61.83,-177.65
2024-03-01 14:00:00,2864.18,1439.47,180.70,899.54,332.56,62.52,-55.18
2024-03-01 15:00:00,2866.26,1172.66,129.94,918.54,351.52,64.81,224.24
2024-03-01 16:00:00,2891.38,1078.75,31.84,973.58,497.49,81.21,223.32
2024-03-01 17:00:00,2887.68,1067.52,0.46,970.65,412.41,67.33,364.66
2024-03-01 18:00:00,2714.46,936.56,0.29,988.96,411.38,67.13,305.57
2024-03-01 19:00:00,2544.93,1046.82,0.21,862.44,367.92,62.61,200.54
2024-03-01 20:00:00,2482.42,1298.33,0.16,706.15,313.03,57.73,102.82
2024-03-01 21:00:00,2371.04,1433.97,0.14,704.50,283.56,59.45,-114.80
2024-03-01 22:00:00,2291.47,1227.16,0.12,749.47,276.96,60.91,-27.47
2024-03-01 23:00:00,2330.68,1161.70,0.10,736.29,266.19,60.64,101.55
2024-03-02 00:00:00,2373.98,1336.74,0.09,571.12,262.99,60.42,138.29
2024-03-02 01:00:00,2366.13,1611.08,0.08,585.82,267.39,60.56,-162.88
2024-03-02 02:00:00,2325.09,1721.59,0.09,540.45,249.43,60.65,-251.11
2024-03-02 03:00:00,2307.10,1992.32,0.10,591.27,258.48,55.56,-594.68
2024-03-02 04:00:00,2295.60,2330.61,0.13,494.63,255.08,55.07,-844.06
2024-03-02 05:00:00,2304.00,2475.43,0.17,499.55,258.24,57.28,-990.72
2024-03-02 06:00:00,2439.67,2543.54,11.92,488.08,186.78,60.76,-855.63
2024-03-02 07:00:00,2597.65,2278.26,99.55,571.77,172.84,61.35,-590.37
2024-03-02 08:00:00,2660.47,1903.97,328.44,645.35,179.52,60.38,-461.63
2024-03-02 09:00:00,2691.95,1456.90,595.47,609.76,182.40,55.63,-212.65
2024-03-02 10:00:00,2718.23,1243.80,640.37,570.00,186.89,56.33,16.49
2024-03-02 11:00:00,2723.07,963.76,631.13,492.19,185.26,56.54,389.80
2024-03-02 12:00:00,2729.82,694.94,657.05,511.25,192.93,55.56,613.47
2024-03-02 13:00:00,2619.56,482.02,704.36,578.52,282.46,61.33,506.42
2024-03-02 14:00:00,2474.51,369.50,586.13,624.91,318.45,59.11,511.98
2024-03-02 15:00:00,2490.93,375.97,393.47,698.36,337.04,60.82,620.85
2024-03-02 16:00:00,2590.44,511.21,98.07,762.73,409.43,66.63,737.99
2024-03-02 17:00:00,2661.77,773.33,1.99,848.75,418.04,65.14,550.23
2024-03-02 18:00:00,2510.33,1128.28,0.30,811.90,426.57,65.23,73.70
2024-03-02 19:00:00,2430.58,1361.86,0.24,673.97,376.28,61.02,-47.16
2024-03-02 20:00:00,2364.12,1495.26,0.16,683.23,315.31,59.28,-193.39
2024-03-02 21:00:00,2305.48,1749.95,0.14,612.80,281.51,59.27,-402.42
2024-03-02 22:00:00,2255.70,1895.89,0.12,531.92,279.40,59.66,-515.50
2024-03-02 23:00:00,2303.41,1961.55,0.11,504.59,180.17,59.29,-406.37
2024-03-03 00:00:00,2345.99,1833.78,0.10,482.20,159.57,56.14,-189.91
2024-03-03 01:00:00,2271.68,1909.79,0.10,473.12,156.93,56.29,-328.58
2024-03-03 02:00:00,2233.37,1960.90,0.09,457.20,154.43,54.90,-398.08
2024-03-03 03:00:00,2202.40,1931.73,0.10,493.03,154.29,53.34,-434.07
2024-03-03 04:00:00,2153.57,1880.45,0.10,463.90,155.05,54.26,-404.12
2024-03-03 05:00:00,2139.27,1856.99,0.13,521.12,153.16,56.90,-452.98
2024-03-03 06:00:00,2263.64,1774.89,6.88,550.66,153.97,58.86,-285.79
2024-03-03 07:00:00,2507.11,1898.36,59.07,585.69,162.84,58.36,-261.38
2024-03-03 08:00:00,2612.28,1926.38,125.39,637.89,181.03,53.58,-316.18
2024-03-03 09:00:00,2757.39,2086.44,165.56,468.06,178.62,53.72,-199.28
2024-03-03 10:00:00,2781.10,2130.54,229.21,466.17,176.16,55.56,-280.95
2024-03-03 11:00:00,2769.90,2010.75,288.19,444.84,151.45,54.44,-184.12
2024-03-03 12:00:00,2848.70,1945.09,297.01,431.13,150.19,56.09,-35.32
2024-03-03 13:00:00,2857.71,1976.40,246.99,437.26,196.19,55.53,-58.96
2024-03-03 14:00:00,2737.36,1991.13,182.74,472.58,271.39,55.29,-240.13
2024-03-03 15:00:00,2674.16,2011.32,108.93,610.76,291.64,60.10,-413.08
2024-03-03 16:00:00,2815.07,1843.01,33.43,668.26,361.72,66.14,-162.14
2024-03-03 17:00:00,2776.32,1848.67,0.24,801.01,414.61,67.85,-360.68
2024-03-03 18:00:00,2665.34,1901.87,0.18,785.43,386.89,67.10,-480.78
2024-03-03 19:00:00,2526.97,1805.82,0.14,652.38,374.68,63.29,-373.76
2024-03-03 20:00:00,2555.39,1700.95,0.11,664.04,346.49,62.22,-222.80
2024-03-03 21:00:00,2362.77,1604.11,0.10,622.34,345.50,62.02,-275.74
2024-03-03 22:00:00,2236.52,1502.61,0.09,597.01,298.72,60.24,-226.39
2024-03-03 23:00:00,2431.00,1555.96,0.10,670.83,189.73,59.98,-49.70
2024-03-04 00:00:00,2317.82,1422.73,0.09,723.80,180.85,60.26,-74.04
2024-03-04 01:00:00,2245.44,1219.62,0.08,768.09,403.68,77.55,-227.79
2024-03-04 02:00:00,2194.27,1136.13,0.08,738.90,309.86,66.09,-61.09
2024-03-04 03:00:00,2182.29,1174.47,0.09,699.80,185.99,58.37,59.36
2024-03-04 04:00:00,2459.06,1226.25,0.11,765.75,245.73,58.92,157.83
2024-03-04 05:00:00,2667.43,1364.78,0.28,925.20,384.88,59.18,-71.48
2024-03-04 06:00:00,3002.96,1478.11,16.77,923.15,413.13,66.15,101.14
2024-03-04 07:00:00,3192.84,1622.69,101.63,927.58,418.53,66.81,51.43
2024-03-04 08:00:00,3234.87,1847.13,202.54,909.60,500.54,70.60,-300.01
2024-03-04 09:00:00,3242.83,2056.72,363.08,670.10,398.21,60.25,-309.72
2024-03-04 10:00:00,3344.31,2347.05,627.19,615.54,351.09,58.60,-659.36
2024-03-04 11:00:00,3264.49,2516.94,928.57,625.74,387.19,62.61,-1260.76
2024-03-04 12:00:00,3290.82,2484.03,1033.66,650.04,324.68,58.03,-1263.83
2024-03-04 13:00:00,3152.54,2498.86,785.56,627.46,330.16,60.24,-1154.00
2024-03-04 14:00:00,3035.08,2617.14,465.79,560.09,327.40,58.91,-998.67
2024-03-04 15:00:00,2999.45,2708.58,248.06,664.30,330.79,60.58,-1017.04
2024-03-04 16:00:00,3081.45,2767.12,65.04,856.91,377.75,62.51,-1052.12
2024-03-04 17:00:00,3137.40,2890.60,0.73,802.37,379.94,59.84,-1000.17
2024-03-04 18:00:00,3016.42,3113.15,0.39,665.34,373.48,58.37,-1198.50
2024-03-04 19:00:00,2873.67,3153.82,0.31,601.98,318.99,57.72,-1263.29
2024-03-04 20:00:00,2785.06,3005.76,0.25,549.86,241.97,56.01,-1072.79
2024-03-04 21:00:00,2653.30,2954.73,0.19,474.38,196.27,52.41,-1028.58
2024-03-04 22:00:00,2538.93,3001.84,0.17,485.68,186.37,48.90,-1187.74
2024-03-04 23:00:00,2635.01,3049.32,0.16,586.47,144.48,52.95,-1202.01
2024-03-05 00:00:00,2631.03,3059.18,0.14,610.30,153.10,53.54,-1248.86
2024-03-05 01:00:00,2646.20,3083.64,0.13,593.93,154.11,52.98,-1242.39
2024-03-05 02:00:00,2593.30,3128.31,0.14,552.85,157.94,53.17,-1302.67
2024-03-05 03:00:00,2558.57,3173.89,0.15,525.04,162.53,54.93,-1361.55
2024-03-05 04:00:00,2699.36,3275.21,0.17,531.34,167.73,54.61,-1333.60
2024-03-05 05:00:00,2968.23,3352.60,0.27,535.19,251.70,61.40,-1236.92
2024-03-05 06:00:00,3257.93,3462.71,42.90,608.06,310.31,63.56,-1233.62
2024-03-05 07:00:00,3358.44,3571.30,171.54,694.85,324.71,62.99,-1470.76
2024-03-05 08:00:00,3457.66,3559.41,317.97,529.23,324.00,65.46,-1342.20
2024-03-05 09:00:00,3553.28,3460.44,483.31,490.44,318.77,62.07,-1265.68
2024-03-05 10:00:00,3518.86,3359.88,603.94,491.15,314.54,59.53,-1313.98
2024-03-05 11:00:00,3413.29,3255.84,596.16,508.39,320.62,59.07,-1330.71
2024-03-05 12:00:00,3468.19,3316.03,617.55,504.34,313.24,60.33,-1347.17
2024-03-05 13:00:00,3406.91,3391.40,465.07,501.80,303.98,57.91,-1317.11
2024-03-05 14:00:00,3273.71,3146.68,239.24,550.26,315.07,60.80,-1042.21
2024-03-05 15:00:00,3165.32,2653.23,127.50,567.67,328.72,60.64,-576.40
2024-03-05 16:00:00,3313.71,2414.00,37.23,665.33,398.88,64.36,-270.12
2024-03-05 17:00:00,3241.05,2278.40,0.53,762.05,411.48,68.12,-283.40
2024-03-05 18:00:00,3101.20,2308.09,0.34,747.74,407.67,68.82,-435.27
2024-03-05 19:00:00,2917.30,2311.18,0.28,780.35,384.06,68.60,-630.88
2024-03-05 20:00:00,2836.43,2480.61,0.23,576.48,411.28,66.68,-702.92
2024-03-05 21:00:00,2757.05,2549.04,0.19,560.05,336.73,60.28,-753.09
2024-03-05 22:00:00,2621.28,2523.56,0.16,630.51,290.73,61.50,-888.88
2024-03-05 23:00:00,2859.44,2129.29,0.13,706.43,195.02,61.05,-236.13
2024-03-06 00:00:00,2821.91,1755.65,0.11,704.58,177.85,60.62,119.31
2024-03-06 01:00:00,2786.19,1650.60,0.10,605.84,181.84,60.08,283.99
2024-03-06 02:00:00,2634.44,1650.22,0.11,614.22,189.85,59.93,116.44
2024-03-06 03:00:00,2677.55,1560.26,0.12,539.75,231.55,62.08,280.29
2024-03-06 04:00:00,2634.55,1556.95,0.14,657.15,288.24,62.39,65.96
2024-03-06 05:00:00,2894.49,1432.57,0.23,836.75,395.35,63.36,162.23
2024-03-06 06:00:00,3135.43,1224.09,8.16,841.89,460.94,67.59,528.74
2024-03-06 07:00:00,3270.75,1044.47,63.53,885.82,472.04,67.71,733.33
2024-03-06 08:00:00,3329.30,947.55,133.94,825.68,469.86,67.31,881.23
2024-03-06 09:00:00,3377.74,838.71,209.41,796.37,431.53,61.92,1035.97
2024-03-06 10:00:00,3437.19,739.40,285.85,724.12,341.01,57.14,1285.68
2024-03-06 11:00:00,3355.42,615.04,298.15,750.40,451.12,57.82,1178.47
2024-03-06 12:00:00,3455.79,539.14,284.70,665.24,311.40,51.75,1599.11
2024-03-06 13:00:00,3344.53,468.28,253.08,623.87,296.12,51.42,1647.88
2024-03-06 14:00:00,3157.38,396.58,162.09,706.36,340.78,51.01,1496.54
2024-03-06 15:00:00,3171.95,355.31,118.78,773.33,436.68,58.69,1425.12
2024-03-06 16:00:00,3274.13,300.83,27.93,784.91,450.08,66.18,1640.09
2024-03-06 17:00:00,3154.68,256.80,0.54,833.19,571.17,80.01,1408.61
2024-03-06 18:00:00,2957.25,255.03,0.38,894.74,635.28,86.56,1080.95
2024-03-06 19:00:00,2803.73,280.55,0.38,878.35,532.24,74.76,1033.46
2024-03-06 20:00:00,2775.23,276.71,0.32,760.80,371.06,61.94,1300.64
2024-03-06 21:00:00,2661.37,290.90,0.21,656.49,344.68,57.60,1307.78
2024-03-06 22:00:00,2540.91,303.96,0.21,686.43,304.42,50.75,1191.67
2024-03-06 23:00:00,2735.08,259.35,0.20,793.51,198.81,50.32,1429.45
2024-03-07 00:00:00,2840.59,250.21,0.22,776.99,182.24,50.35,1577.13
2024-03-07 01:00:00,2858.43,303.33,0.23,720.83,181.44,50.00,1599.19
2024-03-07 02:00:00,2817.20,349.22,0.21,642.13,181.73,51.24,1589.12
2024-03-07 03:00:00,2784.24,371.47,0.23,665.80,184.77,50.62,1508.01
2024-03-07 04:00:00,2684.62,350.92,0.24,816.67,273.67,49.61,1189.87
2024-03-07 05:00:00,2823.76,318.70,0.76,858.09,403.43,56.59,1182.50
2024-03-07 06:00:00,3108.41,315.89,70.96,876.21,469.28,67.10,1305.02
2024-03-07 07:00:00,3275.06,352.50,276.07,898.68,480.65,64.52,1198.92
2024-03-07 08:00:00,3275.43,361.43,442.96,873.10,470.70,64.54,1058.99
2024-03-07 09:00:00,3371.49,392.62,584.49,874.55,390.68,56.46,1069.06
2024-03-07 10:00:00,3391.04,467.30,763.70,657.05,357.61,47.29,1094.38
2024-03-07 11:00:00,3500.07,543.26,901.82,547.62,329.82,50.14,1123.68
2024-03-07 12:00:00,3461.66,537.18,1058.47,533.83,313.83,49.33,965.29
2024-03-07 13:00:00,3212.13,562.88,1033.31,566.02,315.17,51.50,679.34
2024-03-07 14:00:00,3064.92,484.10,838.11,591.25,347.43,50.62,749.52
2024-03-07 15:00:00,3025.61,436.35,487.01,641.74,380.31,57.66,1018.48
2024-03-07 16:00:00,3135.10,363.79,126.52,787.51,424.54,66.64,1362.23
2024-03-07 17:00:00,3113.12,370.29,3.08,800.44,436.95,67.67,1430.93
2024-03-07 18:00:00,2989.92,417.51,0.49,806.09,429.14,67.30,1265.73
2024-03-07 19:00:00,2868.22,441.04,0.41,809.80,370.30,64.08,1179.10
2024-03-07 20:00:00,2829.03,416.76,0.32,715.52,296.51,57.61,1338.72
2024-03-07 21:00:00,2669.11,436.47,0.28,683.61,416.08,66.56,1062.34
2024-03-07 22:00:00,2656.51,513.23,0.22,644.74,276.22,56.65,1161.76
2024-03-07 23:00:00,2730.05,464.44,0.19,721.08,247.72,48.74,1244.25
2024-03-08 00:00:00,2813.70,395.30,0.16,700.12,245.11,46.46,1422.91
2024-03-08 01:00:00,2804.84,365.60,0.11,716.88,246.30,47.38,1424.97
2024-03-08 02:00:00,2767.05,324.59,0.11,712.53,244.18,51.82,1430.27
2024-03-08 03:00:00,2792.14,342.38,0.13,714.79,225.79,53.01,1452.60
2024-03-08 04:00:00,2736.32,366.69,0.15,736.39,238.41,54.99,1336.16
2024-03-08 05:00:00,2894.19,383.87,0.45,858.41,341.52,60.41,1245.78
2024-03-08 06:00:00,3198.78,422.37,45.98,893.51,397.48,69.54,1366.10
2024-03-08 07:00:00,3316.13,461.52,233.06,904.78,379.67,68.35,1265.06
2024-03-08 08:00:00,3338.40,390.96,603.88,839.11,366.35,65.71,1068.63
2024-03-08 09:00:00,3451.88,366.36,1131.87,687.27,302.60,63.35,896.81
2024-03-08 10:00:00,3587.00,428.46,1446.09,620.46,198.42,56.76,832.95
2024-03-08 11:00:00,3514.95,503.59,1559.63,645.06,156.60,58.46,587.77
2024-03-08 12:00:00,3383.03,555.23,1559.45,641.09,160.99,57.13,404.97
2024-03-08 13:00:00,3258.12,571.92,1454.80,573.85,153.98,57.79,441.84
2024-03-08 14:00:00,3170.77,606.88,1180.59,584.44,156.56,59.48,578.78
2024-03-08 15:00:00,2991.09,752.48,670.10,658.58,199.62,61.63,644.80
2024-03-08 16:00:00,2943.03,944.91,170.21,793.07,324.65,68.21,637.88
2024-03-08 17:00:00,2972.76,1283.27,3.94,833.29,338.93,68.65,440.51
2024-03-08 18:00:00,2834.42,1578.44,0.44,829.03,334.80,70.87,16.98
2024-03-08 19:00:00,2740.61,1686.85,0.34,718.65,312.79,66.17,-47.76
2024-03-08 20:00:00,2773.07,1791.84,0.28,685.81,252.30,61.89,-22.71
2024-03-08 21:00:00,2642.22,1740.49,0.25,712.23,241.29,59.65,-115.29
2024-03-08 22:00:00,2643.89,1769.97,0.19,668.38,156.50,60.46,-14.83
2024-03-08 23:00:00,2590.05,1789.47,0.19,721.17,131.50,59.42,-114.82
2024-03-09 00:00:00,2627.46,1891.70,0.23,679.83,134.03,58.97,-140.56
2024-03-09 01:00:00,2619.70,1966.83,0.23,680.54,126.37,58.91,-216.22
2024-03-09 02:00:00,2640.85,2129.96,0.21,633.08,125.32,59.05,-309.78
2024-03-09 03:00:00,2672.35,2300.52,0.21,524.49,127.75,59.59,-343.19
2024-03-09 04:00:00,2698.48,2499.09,0.24,562.61,132.53,59.17,-558.28
2024-03-09 05:00:00,2829.97,2705.50,0.82,697.48,131.89,60.71,-769.42
2024-03-09 06:00:00,2820.78,2953.28,58.64,734.04,137.84,62.34,-1128.54
2024-03-09 07:00:00,2990.51,3324.36,211.99,781.58,144.52,63.19,-1538.36
2024-03-09 08:00:00,3166.34,3571.41,403.93,606.83,151.47,63.55,-1634.22
2024-03-09 09:00:00,3582.96,3829.42,584.90,450.42,147.56,53.28,-1486.03
2024-03-09 10:00:00,3891.67,3796.30,808.01,295.72,147.06,46.97,-1205.88
2024-03-09 11:00:00,3957.38,3553.47,747.00,258.98,115.36,44.71,-765.49
2024-03-09 12:00:00,3893.97,2618.31,697.79,266.62,112.97,45.42,149.37
2024-03-09 13:00:00,3850.96,3260.60,758.08,316.71,114.44,43.74,-645.98
2024-03-09 14:00:00,3246.63,3855.03,630.50,430.90,148.14,45.62,-1866.89
2024-03-09 15:00:00,3065.22,3841.52,415.85,643.37,155.84,58.40,-2053.11
2024-03-09 16:00:00,3031.48,3685.60,127.68,857.74,188.86,63.06,-1894.83
2024-03-09 17:00:00,3093.56,3587.97,3.46,876.72,191.91,63.94,-1633.74
2024-03-09 18:00:00,2886.83,3532.51,0.56,878.43,184.91,64.31,-1777.24
2024-03-09 19:00:00,2855.77,3513.17,0.46,868.70,172.99,63.81,-1766.75
2024-03-09 20:00:00,2949.22,3593.40,0.42,792.31,157.59,62.51,-1660.39
2024-03-09 21:00:00,2870.95,3567.02,0.36,760.20,153.05,53.62,-1666.69
2024-03-09 22:00:00,2815.50,3693.66,0.32,697.79,147.00,52.94,-1779.70
2024-03-09 23:00:00,2715.36,3726.52,0.17,585.27,118.48,51.53,-1770.10
2024-03-10 00:00:00,2758.58,3777.64,0.15,474.10,117.24,56.91,-1670.82
2024-03-10 01:00:00,2791.74,3794.88,0.13,420.30,109.59,59.76,-1596.15
2024-03-10 02:00:00,2731.89,3746.69,0.14,442.99,122.13,55.48,-1638.71
2024-03-10 03:00:00,2781.82,3754.17,0.14,402.35,127.90,53.41,-1559.38
2024-03-10 04:00:00,2859.10,3828.15,0.16,337.78,124.66,54.95,-1489.79
2024-03-10 05:00:00,2947.89,3872.56,0.18,335.83,117.88,59.38,-1441.21
2024-03-10 06:00:00,3035.26,3928.49,12.25,352.82,124.75,53.85,-1440.25
2024-03-10 07:00:00,3309.06,3997.16,63.55,423.91,121.04,51.94,-1351.64
2024-03-10 08:00:00,3397.11,4051.03,121.37,406.10,119.31,46.96,-1350.71
2024-03-10 09:00:00,3831.75,3978.33,158.64,286.97,119.31,45.66,-760.46
2024-03-10 10:00:00,3976.82,3787.36,189.20,302.27,112.66,45.34,-463.56
2024-03-10 11:00:00,4005.93,3936.48,208.49,312.24,106.23,41.23,-602.33
2024-03-10 12:00:00,4004.74,3905.56,244.96,328.09,110.65,42.38,-630.62
2024-03-10 13:00:00,3929.39,3942.77,286.23,287.40,104.22,42.26,-737.06
2024-03-10 14:00:00,3465.17,4235.57,215.87,409.52,147.43,57.49,-1604.39
2024-03-10 15:00:00,3164.06,4157.37,105.08,622.73,181.79,62.41,-1968.76
2024-03-10 16:00:00,3127.03,4176.66,30.69,801.41,274.24,62.81,-2222.63
2024-03-10 17:00:00,3109.46,4227.80,0.51,907.30,301.23,60.81,-2392.01
2024-03-10 18:00:00,3044.96,4373.56,0.25,897.53,305.43,61.57,-2596.92
2024-03-10 19:00:00,2966.01,4479.08,0.21,862.53,299.26,60.46,-2739.04
2024-03-10 20:00:00,2843.60,4502.15,0.19,855.12,235.36,59.28,-2811.95
2024-03-10 21:00:00,2668.79,4405.15,0.17,849.60,227.68,60.44,-2878.06
2024-03-10 22:00:00,2623.23,4259.15,0.17,764.04,228.11,60.01,-2691.75
2024-03-10 23:00:00,2801.07,4170.84,0.15,623.85,168.89,59.34,-2225.34
2024-03-11 00:00:00,2866.38,4142.41,0.15,606.56,163.91,57.78,-2107.74
2024-03-11 01:00:00,2728.66,4167.67,0.15,635.92,166.85,58.40,-2303.64
2024-03-11 02:00:00,2620.29,4145.30,0.14,593.53,164.51,57.85,-2344.29
2024-03-11 03:00:00,2571.22,4107.12,0.15,605.68,162.21,59.91,-2367.14
2024-03-11 04:00:00,2679.59,4124.77,0.17,726.58,172.78,60.78,-2408.92
2024-03-11 05:00:00,2976.26,4119.17,1.52,765.67,266.11,62.97,-2242.73
2024-03-11 06:00:00,3231.54,4192.02,68.70,863.26,384.80,66.70,-2347.58
2024-03-11 07:00:00,3383.02,4263.33,243.22,882.37,393.14,65.91,-2468.53
2024-03-11 08:00:00,3420.80,4247.05,456.24,872.91,378.69,64.88,-2602.42
2024-03-11 09:00:00,3531.67,4181.33,675.35,771.76,346.12,60.14,-2506.59
2024-03-11 10:00:00,3577.76,3982.10,762.26,702.89,332.91,53.00,-2258.57
2024-03-11 11:00:00,3487.61,3896.01,736.18,683.06,312.05,56.71,-2200.21
2024-03-11 12:00:00,3459.45,3798.45,645.66,674.34,293.04,58.63,-2014.30
2024-03-11 13:00:00,3390.54,3737.08,512.67,609.08,287.85,58.20,-1817.96
2024-03-11 14:00:00,3217.87,3464.83,268.38,644.29,313.53,59.55,-1536.27
2024-03-11 15:00:00,3243.58,3371.29,117.29,653.43,333.78,60.61,-1296.33
2024-03-11 16:00:00,3344.01,3176.80,28.65,712.53,380.52,66.17,-1024.18
2024-03-11 17:00:00,3283.80,2903.16,0.59,809.96,402.03,66.42,-901.84
2024-03-11 18:00:00,3094.35,2603.28,0.36,812.63,412.99,67.68,-806.14
2024-03-11 19:00:00,2934.41,2438.01,0.34,690.92,417.58,65.00,-680.84
2024-03-11 20:00:00,2809.15,2255.26,0.31,699.01,377.61,64.38,-591.04
2024-03-11 21:00:00,2669.27,2050.17,0.26,674.09,328.16,61.54,-448.39
2024-03-11 22:00:00,2567.00,1822.60,0.19,694.46,298.65,60.56,-312.79
2024-03-11 23:00:00,2578.49,1607.97,0.30,658.70,181.02,58.29,68.85
2024-03-12 00:00:00,2622.02,1336.45,0.19,654.88,154.15,58.67,414.39
2024-03-12 01:00:00,2542.81,1103.13,0.12,647.69,150.28,57.42,580.81
2024-03-12 02:00:00,2455.24,937.35,0.11,652.34,154.11,58.96,649.08
2024-03-12 03:00:00,2427.02,855.60,0.12,685.37,155.14,58.72,668.76
2024-03-12 04:00:00,2491.15,803.35,0.14,766.11,191.32,62.23,664.65
2024-03-12 05:00:00,2832.99,795.45,0.28,829.21,360.77,68.41,775.25
2024-03-12 06:00:00,3148.06,736.73,17.69,885.74,435.10,69.26,1000.05
2024-03-12 07:00:00,3213.94,662.95,73.52,860.58,461.55,69.90,1082.00
2024-03-12 08:00:00,3263.29,571.96,129.63,856.74,461.02,66.34,1174.05
2024-03-12 09:00:00,3338.52,583.58,200.34,830.69,414.72,64.25,1241.57
2024-03-12 10:00:00,3348.13,605.10,263.03,805.20,350.03,59.28,1261.97
2024-03-12 11:00:00,3299.14,500.81,312.71,704.10,322.91,59.82,1395.25
2024-03-12 12:00:00,3265.24,440.27,299.83,712.28,324.79,59.32,1425.23
2024-03-12 13:00:00,3237.27,344.05,240.99,796.21,326.60,60.38,1465.37
2024-03-12 14:00:00,3150.41,250.28,158.72,837.21,372.72,60.13,1467.66
2024-03-12 15:00:00,3115.33,191.05,81.45,892.10,422.38,63.82,1460.82
2024-03-12 16:00:00,3184.63,186.13,24.10,908.93,498.72,71.92,1491.02
2024-03-12 17:00:00,3125.21,226.36,0.62,934.45,484.76,71.91,1403.64
2024-03-12 18:00:00,3020.49,326.78,0.20,930.61,470.47,71.19,1217.63
2024-03-12 19:00:00,2966.69,387.19,0.14,917.16,406.93,68.32,1183.53
2024-03-12 20:00:00,2764.02,394.18,0.13,781.05,348.55,64.23,1172.59
2024-03-12 21:00:00,2613.41,279.99,0.12,688.36,203.91,61.02,1376.65
2024-03-12 22:00:00,2480.71,296.85,0.10,677.67,159.45,57.63,1285.57
2024-03-12 23:00:00,2558.88,383.10,0.08,682.89,153.18,58.01,1278.34
2024-03-13 00:00:00,2571.91,470.82,0.07,646.33,147.52,57.12,1246.71
2024-03-13 01:00:00,2550.22,474.03,0.06,601.58,149.03,58.17,1263.98
2024-03-13 02:00:00,2492.96,639.13,0.07,675.45,229.93,61.69,883.40
2024-03-13 03:00:00,2503.72,763.07,0.08,616.02,137.73,60.06,923.43
2024-03-13 04:00:00,2590.39,859.99,0.09,612.36,153.68,59.13,901.79
2024-03-13 05:00:00,2832.10,1062.74,2.62,791.34,351.79,63.24,556.82
2024-03-13 06:00:00,3057.18,1309.28,67.58,789.71,421.26,66.78,399.03
2024-03-13 07:00:00,3187.64,1507.29,192.83,802.77,427.18,62.68,191.46
2024-03-13 08:00:00,3202.57,1720.44,418.50,792.64,414.68,47.64,-194.87
2024-03-13 09:00:00,3279.75,1923.23,761.50,673.26,397.24,43.73,-522.53
2024-03-13 10:00:00,3215.24,2210.30,922.74,666.04,367.31,41.14,-995.73
2024-03-13 11:00:00,3138.23,2507.04,832.02,684.52,339.52,40.81,-1269.36
2024-03-13 12:00:00,3148.37,2657.04,581.94,692.37,296.58,41.14,-1124.32
2024-03-13 13:00:00,3114.98,2589.60,311.92,723.97,271.62,40.48,-826.01
2024-03-13 14:00:00,3054.96,2618.52,212.83,677.66,295.94,42.83,-796.45
2024-03-13 15:00:00,3064.52,2827.43,107.66,654.54,297.44,43.90,-870.11
2024-03-13 16:00:00,3200.27,2944.60,29.49,664.69,322.44,45.45,-810.27
2024-03-13 17:00:00,3218.71,3120.63,1.20,640.99,325.04,46.40,-919.10
2024-03-13 18:00:00,3069.40,3301.76,0.50,631.29,334.26,45.58,-1247.41
2024-03-13 19:00:00,2989.98,3469.85,0.44,620.02,262.59,41.49,-1407.78
2024-03-13 20:00:00,2812.95,3645.24,0.42,600.53,240.45,41.78,-1718.93
2024-03-13 21:00:00,2704.00,3728.19,0.36,594.19,222.29,40.87,-1885.30
2024-03-13 22:00:00,2632.39,3811.65,0.35,587.66,217.97,36.02,-2024.84
2024-03-13 23:00:00,2611.08,3867.41,0.29,557.26,164.55,44.56,-2026.34
2024-03-14 00:00:00,2677.08,3942.56,0.30,508.40,153.24,46.33,-1977.14
2024-03-14 01:00:00,2677.09,3931.48,0.26,510.70,152.94,44.77,-1966.41
2024-03-14 02:00:00,2558.95,3792.97,0.27,514.33,151.87,44.55,-1948.37
2024-03-14 03:00:00,2739.54,3639.09,0.29,572.75,133.55,46.24,-1655.56
2024-03-14 04:00:00,2866.81,3421.30,0.25,555.50,124.64,46.71,-1284.90
2024-03-14 05:00:00,2932.54,3231.33,0.26,616.03,176.15,46.90,-1141.77
2024-03-14 06:00:00,3185.32,3203.99,16.00,695.83,208.42,48.51,-991.19
2024-03-14 07:00:00,3272.64,3176.18,72.03,730.26,217.70,48.79,-975.81
2024-03-14 08:00:00,3306.34,3008.36,163.79,650.75,197.68,48.89,-766.61
2024-03-14 09:00:00,3379.69,2976.37,213.64,563.54,173.70,47.38,-598.54
2024-03-14 10:00:00,3355.32,3024.39,230.99,618.19,172.62,44.07,-738.43
2024-03-14 11:00:00,3290.10,3109.10,254.67,511.36,173.26,43.14,-804.94
2024-03-14 12:00:00,3526.98,3216.18,275.66,480.78,157.13,42.10,-648.58
2024-03-14 13:00:00,3502.93,3269.10,274.72,475.32,174.10,44.44,-738.43
2024-03-14 14:00:00,3352.18,3224.54,224.60,534.52,282.23,46.67,-963.91
2024-03-14 15:00:00,3169.70,3097.32,160.00,657.39,307.11,48.53,-1104.39
2024-03-14 16:00:00,3253.22,3020.09,62.80,707.93,324.51,52.80,-918.58
2024-03-14 17:00:00,3164.99,2999.57,3.26,819.08,331.67,49.85,-1042.10
2024-03-14 18:00:00,3070.33,2947.35,0.34,678.38,318.97,48.99,-927.13
2024-03-14 19:00:00,2847.56,2962.51,0.33,546.43,298.60,47.33,-1011.22
2024-03-14 20:00:00,2733.60,2895.19,0.28,519.68,268.40,45.48,-998.87
2024-03-14 21:00:00,2580.08,2892.61,0.24,593.69,257.00,45.18,-1212.09
2024-03-14 22:00:00,2488.19,2765.27,0.19,543.18,247.93,47.89,-1119.78
2024-03-14 23:00:00,2724.83,2737.00,0.18,515.84,133.67,49.00,-714.26
2024-03-15 00:00:00,3054.15,2752.35,0.18,450.09,108.17,41.28,-301.40
2024-03-15 01:00:00,3020.13,2652.21,0.18,535.34,109.19,41.96,-322.51
2024-03-15 02:00:00,2973.19,2727.90,0.15,533.55,109.57,42.44,-443.78
2024-03-15 03:00:00,2896.84,2908.58,0.17,491.08,109.82,39.78,-655.98
2024-03-15 04:00:00,2992.07,3106.54,0.20,459.14,112.06,46.72,-736.04
2024-03-15 05:00:00,2999.65,3325.07,1.65,486.96,143.86,47.10,-1008.59
2024-03-15 06:00:00,3076.24,3463.96,37.52,573.68,171.95,49.92,-1224.42
2024-03-15 07:00:00,3136.20,3533.25,132.89,684.19,186.84,46.59,-1451.06
2024-03-15 08:00:00,3161.95,3574.03,196.48,581.61,169.08,41.93,-1404.69
2024-03-15 09:00:00,3297.44,3543.31,273.31,527.58,161.34,41.26,-1252.85
2024-03-15 10:00:00,3470.06,3661.23,315.61,461.86,151.79,40.82,-1164.87
2024-03-15 11:00:00,3379.42,3761.49,330.20,404.97,145.30,40.32,-1306.71
2024-03-15 12:00:00,3299.91,3754.52,385.10,387.39,154.74,40.70,-1426.20
2024-03-15 13:00:00,3057.50,3705.06,366.30,500.05,181.91,44.50,-1743.97
2024-03-15 14:00:00,2909.45,3646.37,314.75,550.31,272.28,45.46,-1923.20
2024-03-15 15:00:00,2858.92,3561.23,142.15,572.00,277.65,46.17,-1743.98
2024-03-15 16:00:00,2985.12,3482.97,42.19,642.84,289.44,48.94,-1525.07
2024-03-15 17:00:00,2958.66,3434.98,3.87,646.16,296.67,51.62,-1478.26
2024-03-15 18:00:00,2867.39,3656.67,0.30,644.59,304.47,56.88,-1799.30
2024-03-15 19:00:00,2840.50,3765.70,0.24,602.06,280.75,59.18,-1870.99
2024-03-15 20:00:00,2822.64,3847.12,0.21,655.20,252.93,57.96,-1994.30
2024-03-15 21:00:00,2694.64,3740.00,0.18,622.49,251.50,57.65,-1980.53
2024-03-15 22:00:00,2592.67,3730.25,0.16,537.83,246.83,57.74,-1983.57
2024-03-15 23:00:00,2579.24,3674.92,0.12,509.16,166.38,54.54,-1829.27
2024-03-16 00:00:00,2629.34,3527.05,0.13,503.95,153.85,54.63,-1613.60
2024-03-16 01:00:00,2608.84,3487.60,0.11,449.36,150.79,52.93,-1534.94
2024-03-16 02:00:00,2579.38,3504.95,0.11,432.93,147.91,53.05,-1562.54
2024-03-16 03:00:00,2547.95,3728.91,0.12,475.21,151.59,55.93,-1866.78
2024-03-16 04:00:00,2537.06,3964.28,0.14,472.48,151.93,56.15,-2110.96
2024-03-16 05:00:00,2513.56,4215.73,2.72,615.67,154.06,56.51,-2534.19
2024-03-16 06:00:00,2501.64,4257.83,91.09,497.49,166.04,55.98,-2570.14
2024-03-16 07:00:00,2707.61,4490.84,396.84,613.87,182.70,56.00,-3036.02
2024-03-16 08:00:00,2927.55,4734.72,800.09,495.63,202.92,56.34,-3365.54
2024-03-16 09:00:00,3000.24,4638.91,1103.28,533.78,210.68,55.38,-3545.04
2024-03-16 10:00:00,3066.42,4693.06,1211.66,487.75,208.92,53.81,-3592.26
2024-03-16 11:00:00,3136.01,4714.27,1111.01,449.31,190.85,52.57,-3385.55
2024-03-16 12:00:00,3545.02,4595.45,979.78,473.80,144.35,52.80,-2704.74
2024-03-16 13:00:00,3301.01,4585.00,847.45,457.14,157.32,52.27,-2801.60
2024-03-16 14:00:00,3034.20,4576.70,617.27,485.56,167.99,52.59,-2869.37
2024-03-16 15:00:00,2785.19,4472.02,376.79,640.88,160.70,52.96,-2921.49
2024-03-16 16:00:00,2814.76,4237.08,121.35,660.58,180.80,60.45,-2448.95
2024-03-16 17:00:00,2794.22,3656.20,7.09,839.69,234.21,59.01,-2005.45
2024-03-16 18:00:00,2692.45,3177.09,0.43,778.81,238.63,59.43,-1565.30
2024-03-16 19:00:00,2576.36,2878.57,0.33,758.16,231.08,59.74,-1354.78
2024-03-16 20:00:00,2463.36,2576.00,0.27,693.00,238.73,55.99,-1103.81
2024-03-16 21:00:00,2397.51,2007.37,0.21,741.18,214.39,55.81,-624.67
2024-03-16 22:00:00,2268.81,1457.60,0.17,643.75,219.55,55.50,-110.96
2024-03-16 23:00:00,2261.76,1153.13,0.16,611.13,205.53,56.22,232.47
2024-03-17 00:00:00,2275.70,863.70,0.14,587.24,194.02,55.77,571.75
2024-03-17 01:00:00,2295.65,732.79,0.12,523.95,192.87,54.89,788.08
2024-03-17 02:00:00,2281.16,646.75,0.13,523.80,151.76,54.35,901.42
2024-03-17 03:00:00,2345.10,557.54,0.12,578.64,143.14,54.26,1008.39
2024-03-17 04:00:00,2192.14,502.81,0.16,664.56,166.03,56.03,799.58
2024-03-17 05:00:00,2422.22,493.71,15.98,597.41,150.51,56.65,1104.95
2024-03-17 06:00:00,2496.97,576.82,272.08,477.59,156.83,56.51,953.94
2024-03-17 07:00:00,2545.23,635.70,753.37,448.24,148.94,57.38,498.40
2024-03-17 08:00:00,2728.64,845.33,1287.53,446.20,171.25,53.94,-78.97
2024-03-17 09:00:00,2976.01,799.97,1588.88,496.60,166.57,54.52,-133.83
2024-03-17 10:00:00,3168.29,821.30,1673.25,432.57,178.14,52.94,6.61
2024-03-17 11:00:00,3081.67,947.88,1749.71,411.47,186.69,52.61,-270.15
2024-03-17 12:00:00,3083.47,1112.95,1643.40,403.61,198.72,52.62,-331.36
2024-03-17 13:00:00,2995.31,1194.84,1238.35,409.07,192.11,52.85,-95.33
2024-03-17 14:00:00,2674.87,1143.23,752.83,569.92,214.29,53.14,-62.05
2024-03-17 15:00:00,2526.12,1201.94,382.35,717.52,392.37,57.36,-228.89
2024-03-17 16:00:00,2703.25,1371.67,120.94,905.51,386.11,57.08,-141.84
2024-03-17 17:00:00,2772.56,1578.07,6.69,898.23,394.74,60.61,-169.24
2024-03-17 18:00:00,2667.81,1849.25,0.55,809.51,395.23,61.11,-451.28
2024-03-17 19:00:00,2525.17,2008.07,0.45,708.13,350.53,62.55,-607.94
2024-03-17 20:00:00,2478.29,2168.01,0.38,579.96,303.32,57.59,-634.30
2024-03-17 21:00:00,2426.82,2420.79,0.34,471.49,297.93,53.93,-821.01
2024-03-17 22:00:00,2409.95,2488.60,0.27,516.28,287.72,53.43,-939.73
2024-03-17 23:00:00,2511.74,2614.82,0.23,549.65,215.39,50.09,-921.85
2024-03-18 00:00:00,2483.87,2712.75,0.20,543.05,208.81,49.74,-1033.74
2024-03-18 01:00:00,2528.09,2733.12,0.15,504.24,208.21,49.49,-970.12
2024-03-18 02:00:00,2466.07,2741.29,0.14,500.35,187.63,50.15,-1016.55
2024-03-18 03:00:00,2394.54,2715.54,0.14,466.22,205.66,50.55,-1046.57
2024-03-18 04:00:00,2509.86,2706.56,0.16,457.23,227.94,51.67,-936.74
2024-03-18 05:00:00,2756.33,2751.11,7.27,525.71,327.87,55.68,-914.61
2024-03-18 06:00:00,3077.35,2808.03,111.51,639.69,375.30,59.57,-919.80
2024-03-18 07:00:00,3183.11,2798.48,290.21,753.23,391.06,60.22,-1113.18
2024-03-18 08:00:00,3191.53,2720.92,425.70,698.50,383.70,58.87,-1099.42
2024-03-18 09:00:00,3265.48,2766.76,559.63,593.91,357.91,54.54,-1070.54
2024-03-18 10:00:00,3337.97,2750.58,767.65,457.40,321.14,53.42,-1015.39
2024-03-18 11:00:00,3224.08,2713.25,855.97,462.83,301.55,54.06,-1166.71
2024-03-18 12:00:00,3259.72,2598.64,933.32,473.94,300.58,52.99,-1102.87
2024-03-18 13:00:00,3157.96,2546.33,793.36,455.87,296.06,54.43,-991.31
2024-03-18 14:00:00,3055.27,2570.63,559.90,528.91,297.94,54.39,-959.78
2024-03-18 15:00:00,3028.31,2486.38,329.16,659.02,343.83,56.18,-849.48
2024-03-18 16:00:00,3170.24,2487.87,119.85,694.09,396.75,63.38,-595.05
2024-03-18 17:00:00,3153.69,2482.02,10.04,657.35,416.71,64.90,-480.55
2024-03-18 18:00:00,3025.06,2485.74,0.43,750.89,421.20,64.13,-700.52
2024-03-18 19:00:00,2864.86,2513.20,0.36,790.59,403.28,64.34,-910.02
2024-03-18 20:00:00,2787.26,2620.95,0.28,703.28,346.88,58.04,-945.23
2024-03-18 21:00:00,2697.59,2671.55,0.23,636.86,330.47,57.15,-1001.84
2024-03-18 22:00:00,2704.89,2758.48,0.19,437.05,284.07,56.15,-834.00
2024-03-18 23:00:00,2699.76,2717.91,0.18,447.83,167.99,55.32,-692.35
2024-03-19 00:00:00,2731.33,2657.68,0.16,418.51,151.49,56.17,-555.59
2024-03-19 01:00:00,2649.10,2571.87,0.15,383.41,152.70,58.56,-520.34
2024-03-19 02:00:00,2656.80,2486.54,0.14,385.34,152.96,59.04,-430.06
2024-03-19 03:00:00,2589.27,2496.72,0.15,381.62,171.31,59.05,-522.37
2024-03-19 04:00:00,2589.76,2454.18,0.16,529.28,225.69,60.45,-682.81
2024-03-19 05:00:00,2911.92,2380.61,12.34,581.12,238.82,59.98,-363.90
2024-03-19 06:00:00,3194.29,2418.27,95.15,775.02,354.87,61.77,-513.74
2024-03-19 07:00:00,3227.87,2544.55,229.88,741.28,384.92,61.34,-737.03
2024-03-19 08:00:00,3230.37,2565.10,365.90,548.51,371.78,62.36,-686.24
2024-03-19 09:00:00,3294.41,2608.05,491.66,453.46,286.07,61.12,-608.91
2024-03-19 10:00:00,3347.43,2599.32,704.33,418.23,276.75,60.44,-714.56
2024-03-19 11:00:00,3322.98,2571.43,608.24,385.51,255.75,59.64,-560.74
2024-03-19 12:00:00,3347.89,2587.25,426.52,396.58,228.58,59.64,-353.79
2024-03-19 13:00:00,3218.91,2539.76,339.41,452.90,257.26,58.88,-432.24
2024-03-19 14:00:00,3149.25,2516.98,223.82,531.94,314.02,59.28,-499.82
2024-03-19 15:00:00,3091.45,2456.01,125.48,687.32,370.53,54.45,-605.46
2024-03-19 16:00:00,3230.95,2401.26,48.18,737.41,459.17,64.93,-483.06
2024-03-19 17:00:00,3189.14,2351.48,2.59,728.86,521.64,72.81,-491.11
2024-03-19 18:00:00,3024.85,2287.61,0.38,882.77,483.31,65.51,-697.57
2024-03-19 19:00:00,2854.46,2178.26,0.29,813.96,432.47,53.28,-626.65
2024-03-19 20:00:00,2705.16,1923.61,0.26,702.44,426.87,53.13,-404.00
2024-03-19 21:00:00,2540.56,1590.53,0.23,620.23,227.25,60.86,38.71
2024-03-19 22:00:00,2414.54,1263.43,0.20,473.19,192.72,63.22,418.98
2024-03-19 23:00:00,2490.37,973.42,0.18,444.06,178.61,64.36,826.92
2024-03-20 00:00:00,2465.40,755.82,0.15,407.20,173.66,63.41,1062.36
2024-03-20 01:00:00,2383.40,515.71,0.13,412.34,171.62,62.40,1218.54
2024-03-20 02:00:00,2324.82,433.44,0.10,426.69,171.58,62.67,1227.69
2024-03-20 03:00:00,2298.02,325.36,0.11,437.40,175.10,61.75,1295.65
2024-03-20 04:00:00,2390.74,294.56,0.16,530.45,201.82,62.58,1298.47
2024-03-20 05:00:00,2739.07,215.50,8.97,675.51,333.93,66.64,1435.54
2024-03-20 06:00:00,3001.12,156.18,102.51,667.63,354.32,67.58,1649.91
2024-03-20 07:00:00,3086.62,101.11,260.34,630.17,375.46,76.19,1640.56
2024-03-20 08:00:00,3097.14,79.13,436.01,418.65,437.99,81.62,1640.39
2024-03-20 09:00:00,3128.59,84.33,620.26,386.42,381.55,67.33,1585.86
2024-03-20 10:00:00,3135.42,95.26,910.31,371.50,279.94,63.97,1411.39
2024-03-20 11:00:00,3137.30,115.31,1207.48,329.44,278.62,52.71,1150.66
2024-03-20 12:00:00,3143.65,79.62,1417.80,309.76,277.50,52.85,1003.13
2024-03-20 13:00:00,2987.80,61.78,1371.65,333.68,266.43,53.20,897.98
2024-03-20 14:00:00,2889.63,52.22,1059.77,452.59,281.16,54.23,986.78
2024-03-20 15:00:00,2810.95,44.99,515.77,615.44,398.68,66.15,1166.90
2024-03-20 16:00:00,2956.52,59.80,157.06,628.46,475.99,71.23,1560.84
2024-03-20 17:00:00,2935.35,108.05,10.65,735.51,490.71,73.50,1514.01
2024-03-20 18:00:00,2849.01,233.08,0.63,670.96,492.61,72.88,1376.03
2024-03-20 19:00:00,2695.11,324.91,0.53,664.52,459.40,67.08,1175.85
2024-03-20 20:00:00,2582.11,472.77,0.45,654.62,354.64,62.75,1034.00
2024-03-20 21:00:00,2450.46,683.70,0.39,597.50,333.52,62.40,770.15
2024-03-20 22:00:00,2362.17,955.80,0.32,403.30,209.85,62.29,727.76
2024-03-20 23:00:00,2357.42,1180.43,0.30,412.23,180.08,63.40,518.16
2024-03-21 00:00:00,2384.20,1234.92,0.28,404.48,165.99,64.36,511.45
2024-03-21 01:00:00,2404.71,1220.60,0.24,358.77,172.36,64.06,585.84
2024-03-21 02:00:00,2485.94,1146.59,0.24,354.57,181.45,63.63,736.67
2024-03-21 03:00:00,2461.19,972.13,0.23,348.16,182.20,63.34,892.39
2024-03-21 04:00:00,2451.87,751.12,0.27,396.01,202.52,62.29,1036.83
2024-03-21 05:00:00,2666.68,641.29,11.32,544.96,320.94,67.72,1077.34
2024-03-21 06:00:00,2959.12,451.10,171.68,598.54,380.07,69.65,1284.98
2024-03-21 07:00:00,3074.65,306.64,436.84,585.58,383.31,68.42,1290.82
2024-03-21 08:00:00,3034.40,309.69,721.85,365.31,322.50,63.79,1248.31
2024-03-21 09:00:00,3108.29,234.56,980.00,385.62,268.26,64.04,1172.84
2024-03-21 10:00:00,3108.61,134.24,1254.64,279.93,272.68,62.93,1101.37
2024-03-21 11:00:00,3024.83,134.44,1365.75,275.72,357.97,63.29,824.54
2024-03-21 12:00:00,3051.78,204.06,1347.78,284.44,285.62,63.11,863.75
2024-03-21 13:00:00,2946.70,377.56,1062.20,308.25,265.44,61.77,868.59
2024-03-21 14:00:00,2856.71,571.75,591.68,372.40,248.40,62.34,1007.11
2024-03-21 15:00:00,2898.00,914.57,292.37,361.19,303.96,63.20,959.64
2024-03-21 16:00:00,3037.04,1552.80,129.03,441.82,448.20,68.22,394.02
2024-03-21 17:00:00,3060.98,2193.72,8.67,539.38,475.46,68.72,-228.03
2024-03-21 18:00:00,2959.17,2663.23,0.60,586.69,481.72,66.19,-842.15
2024-03-21 19:00:00,2830.06,2990.39,0.52,588.31,445.69,62.16,-1259.96
2024-03-21 20:00:00,2716.21,3187.42,0.44,426.64,337.21,59.54,-1297.87
2024-03-21 21:00:00,2706.06,3497.52,0.38,362.30,231.82,59.82,-1448.72
2024-03-21 22:00:00,2652.84,3744.73,0.35,326.29,177.00,60.17,-1658.61
2024-03-21 23:00:00,3001.02,3892.90,0.36,256.63,161.98,58.17,-1371.84
2024-03-22 00:00:00,2881.57,3909.55,0.29,242.39,158.49,56.79,-1488.79
2024-03-22 01:00:00,2832.52,3753.60,0.28,246.87,157.48,57.42,-1386.01
2024-03-22 02:00:00,2771.69,3617.33,0.21,253.93,157.18,56.26,-1316.02
2024-03-22 03:00:00,2726.15,3492.31,0.19,274.58,159.35,55.86,-1259.06
2024-03-22 04:00:00,2691.48,3364.07,0.20,298.92,165.09,57.21,-1196.87
2024-03-22 05:00:00,2861.57,3249.23,4.02,342.95,167.57,60.10,-965.23
2024-03-22 06:00:00,3095.99,3319.67,48.43,409.29,192.55,61.53,-938.36
2024-03-22 07:00:00,3182.33,3349.95,134.63,405.75,206.02,62.84,-979.74
2024-03-22 08:00:00,3220.95,3276.92,292.33,420.84,189.17,65.22,-1026.52
2024-03-22 09:00:00,3341.13,3460.86,569.97,340.31,189.14,62.98,-1285.16
2024-03-22 10:00:00,3304.34,3563.76,847.50,317.37,211.95,59.36,-1698.61
2024-03-22 11:00:00,3219.69,3819.05,941.81,262.21,213.78,61.71,-2082.08
2024-03-22 12:00:00,3135.67,4034.27,1076.27,329.79,216.21,59.41,-2583.24
2024-03-22 13:00:00,2947.42,3959.85,1091.29,360.64,212.98,60.02,-2740.37
2024-03-22 14:00:00,2876.70,3805.89,933.11,363.15,207.99,61.51,-2498.01
2024-03-22 15:00:00,2899.42,3735.41,661.22,353.41,206.91,61.16,-2121.83
2024-03-22 16:00:00,2944.21,3417.30,257.08,389.19,236.99,64.75,-1424.20
2024-03-22 17:00:00,2856.47,2963.11,32.06,421.15,302.10,71.56,-936.60
2024-03-22 18:00:00,2757.06,2815.37,0.49,396.31,307.31,73.55,-839.04
2024-03-22 19:00:00,2652.71,2949.00,0.42,360.19,322.59,71.13,-1053.81
2024-03-22 20:00:00,2597.68,3063.98,0.36,351.50,293.18,67.44,-1181.70
2024-03-22 21:00:00,2494.55,3108.20,0.38,339.44,286.44,62.53,-1305.41
2024-03-22 22:00:00,2389.48,3113.85,0.31,337.38,190.21,61.86,-1317.10
2024-03-22 23:00:00,2597.33,3082.31,0.28,390.24,157.42,61.64,-1097.55
2024-03-23 00:00:00,2444.89,2992.39,0.25,398.77,157.36,61.25,-1168.05
2024-03-23 01:00:00,2437.56,2799.81,0.24,391.48,157.66,61.73,-976.27
2024-03-23 02:00:00,2333.21,2639.46,0.17,390.30,155.88,62.85,-918.28
2024-03-23 03:00:00,2294.65,2560.43,0.16,399.82,151.61,62.63,-882.79
2024-03-23 04:00:00,2278.17,2405.59,0.17,419.07,148.84,61.45,-759.69
2024-03-23 05:00:00,2391.97,2399.34,22.59,389.25,148.01,60.94,-631.07
2024-03-23 06:00:00,2522.94,2491.63,224.06,377.77,153.02,60.90,-787.28
2024-03-23 07:00:00,2804.00,2585.93,617.06,374.64,173.79,61.04,-1011.53
2024-03-23 08:00:00,3215.77,2959.23,945.98,207.71,166.62,57.85,-1124.64
2024-03-23 09:00:00,3548.80,3013.50,1275.95,182.86,165.27,57.82,-1149.83
2024-03-23 10:00:00,3650.57,2898.20,1400.89,183.32,161.36,55.66,-1051.82
2024-03-23 11:00:00,3714.48,2952.88,1187.70,191.23,158.88,51.90,-831.22
2024-03-23 12:00:00,3690.03,2523.71,1036.92,206.89,156.93,51.77,-289.29
2024-03-23 13:00:00,3645.87,2338.73,922.77,215.09,156.27,52.42,-42.24
2024-03-23 14:00:00,3494.60,2919.13,677.02,223.16,146.51,54.77,-529.04
2024-03-23 15:00:00,3315.08,3198.04,407.85,245.32,130.81,56.76,-726.69
2024-03-23 16:00:00,2836.09,3222.48,135.00,450.51,161.75,57.22,-1193.73
2024-03-23 17:00:00,2694.26,3044.42,18.73,437.90,162.79,65.38,-1037.98
2024-03-23 18:00:00,2591.74,2984.88,0.51,447.62,170.19,68.73,-1083.09
2024-03-23 19:00:00,2464.79,2863.72,0.40,437.25,170.78,70.59,-1080.84
2024-03-23 20:00:00,2419.55,2840.44,0.34,420.64,158.50,63.79,-1067.05
2024-03-23 21:00:00,2371.86,2601.01,0.28,441.48,150.27,64.65,-888.72
2024-03-23 22:00:00,2463.38,2489.41,0.24,253.54,121.17,60.88,-464.79
2024-03-23 23:00:00,2555.29,2253.46,0.19,191.71,135.36,56.02,-84.45
2024-03-24 00:00:00,2757.28,2020.95,0.16,219.52,119.64,56.49,337.46
2024-03-24 01:00:00,2792.08,1750.19,0.14,221.36,110.57,56.07,651.03
2024-03-24 02:00:00,2623.70,1452.69,0.14,202.05,131.84,60.33,773.96
2024-03-24 03:00:00,2632.34,1360.96,0.14,186.88,135.14,59.75,886.77
2024-03-24 04:00:00,2746.48,1267.59,0.14,199.25,138.33,60.45,1078.01
2024-03-24 05:00:00,2768.26,1049.76,18.94,206.96,136.94,58.78,1294.14
2024-03-24 06:00:00,2702.84,760.96,176.88,248.79,141.74,58.36,1313.22
2024-03-24 07:00:00,2818.31,522.52,406.64,250.08,150.75,59.48,1425.92
2024-03-24 08:00:00,2884.12,369.66,638.92,291.14,161.19,60.84,1359.51
2024-03-24 09:00:00,2893.16,247.94,776.29,275.05,164.30,61.20,1365.41
2024-03-24 10:00:00,2831.83,202.57,828.19,263.82,168.63,60.70,1304.96
2024-03-24 11:00:00,2799.10,216.36,719.18,289.28,165.88,60.52,1344.95
2024-03-24 12:00:00,2742.82,323.68,649.75,276.32,157.51,60.82,1271.74
2024-03-24 13:00:00,2718.73,539.49,641.02,271.79,159.69,62.92,1040.78
2024-03-24 14:00:00,2722.04,797.65,554.16,296.55,153.94,60.43,856.41
2024-03-24 15:00:00,2724.70,1035.67,323.92,317.22,147.34,63.35,834.30
2024-03-24 16:00:00,2718.27,1156.47,160.16,382.05,156.31,63.46,796.73
2024-03-24 17:00:00,2642.68,1235.60,23.69,478.94,173.59,72.34,655.39
2024-03-24 18:00:00,2567.84,1323.71,0.46,467.11,172.31,72.70,528.55
2024-03-24 19:00:00,2430.67,1261.67,0.41,414.63,168.01,72.22,510.86
2024-03-24 20:00:00,2335.38,1129.58,0.33,439.99,134.62,66.47,561.55
2024-03-24 21:00:00,2276.21,761.77,0.25,445.66,116.22,66.44,882.83
2024-03-24 22:00:00,2212.95,483.97,0.20,471.24,129.14,65.44,1060.02
2024-03-24 23:00:00,2304.76,462.63,0.16,381.14,131.80,62.86,1263.34
2024-03-25 00:00:00,2318.19,411.71,0.13,421.24,127.95,62.74,1291.67
2024-03-25 01:00:00,2274.33,354.57,0.12,386.54,125.92,61.62,1342.79
2024-03-25 02:00:00,2151.77,306.71,0.12,363.39,123.40,56.80,1298.20
2024-03-25 03:00:00,2182.98,332.24,0.13,407.30,125.09,60.15,1255.01
2024-03-25 04:00:00,2281.30,284.24,0.15,448.02,153.85,61.27,1330.58
2024-03-25 05:00:00,2550.99,264.20,23.56,604.53,314.86,66.50,1274.08
2024-03-25 06:00:00,2881.05,289.71,178.20,654.82,370.70,70.18,1313.71
2024-03-25 07:00:00,3004.07,233.73,444.67,655.79,389.16,72.40,1204.85
2024-03-25 08:00:00,3063.38,236.94,739.59,501.61,378.29,67.48,1136.15
2024-03-25 09:00:00,3087.78,323.60,840.16,493.92,305.10,67.12,1054.48
2024-03-25 10:00:00,3027.40,321.72,862.92,508.19,278.54,61.89,990.79
2024-03-25 11:00:00,2989.71,400.79,914.78,477.59,293.70,67.00,832.49
2024-03-25 12:00:00,2992.74,448.66,873.44,483.80,286.32,67.53,829.53
2024-03-25 13:00:00,2909.53,471.13,816.34,546.74,289.42,68.07,714.41
2024-03-25 14:00:00,2828.65,434.67,719.72,587.16,321.36,70.11,692.31
2024-03-25 15:00:00,2813.77,389.01,515.94,666.65,354.84,72.18,811.66
2024-03-25 16:00:00,2975.44,330.30,273.31,873.54,437.03,74.59,983.25
2024-03-25 17:00:00,2904.99,244.64,36.67,889.35,459.46,78.95,1192.43
2024-03-25 18:00:00,2816.85,152.91,0.51,912.45,520.27,87.22,1140.00
2024-03-25 19:00:00,2727.58,97.61,0.39,854.32,563.46,94.60,1113.62
2024-03-25 20:00:00,2596.63,81.77,0.31,687.92,370.25,71.87,1381.61
2024-03-25 21:00:00,2485.68,94.95,0.27,608.36,312.60,71.95,1394.62
2024-03-25 22:00:00,2371.76,113.59,0.30,571.58,296.79,66.35,1320.25
2024-03-25 23:00:00,2310.14,121.99,0.20,585.71,237.79,65.74,1295.70
2024-03-26 00:00:00,2297.35,107.35,0.16,566.93,225.10,65.68,1329.28
2024-03-26 01:00:00,2314.19,97.93,0.18,564.76,224.78,65.85,1357.76
2024-03-26 02:00:00,2282.91,110.79,0.15,564.90,222.27,63.87,1318.17
2024-03-26 03:00:00,2277.05,206.50,0.15,622.69,224.90,65.19,1154.85
2024-03-26 04:00:00,2333.32,316.66,0.17,627.65,237.35,68.36,1080.31
2024-03-26 05:00:00,2560.57,399.20,26.44,713.59,276.67,74.32,1067.32
2024-03-26 06:00:00,2856.54,456.27,190.76,719.90,298.85,71.39,1116.31
2024-03-26 07:00:00,2983.03,454.75,496.26,667.11,298.83,71.22,991.71
2024-03-26 08:00:00,3076.97,593.63,846.53,566.84,269.28,65.98,731.69
2024-03-26 09:00:00,3156.16,829.89,1315.84,498.89,213.71,66.16,228.60
2024-03-26 10:00:00,3183.11,1196.11,1563.04,479.02,227.74,68.92,-354.78
2024-03-26 11:00:00,3114.42,1501.28,1560.27,480.08,218.51,62.73,-711.59
2024-03-26 12:00:00,3140.42,1797.74,1459.51,514.26,221.43,63.73,-919.31
2024-03-26 13:00:00,3167.94,2051.72,1475.83,494.25,225.39,61.47,-1143.86
2024-03-26 14:00:00,2905.49,2566.53,1162.02,493.26,253.43,66.37,-1639.17
2024-03-26 15:00:00,2841.02,2899.91,802.58,525.64,279.37,71.70,-1741.27
2024-03-26 16:00:00,2897.44,2710.26,323.05,661.29,270.92,76.09,-1147.35
2024-03-26 17:00:00,2884.63,2598.75,41.43,638.55,248.36,78.48,-724.00
2024-03-26 18:00:00,2889.52,2807.47,0.55,585.03,251.70,76.09,-834.44
2024-03-26 19:00:00,2792.76,2915.93,0.55,509.56,223.37,72.06,-931.71
2024-03-26 20:00:00,2612.02,2653.17,0.43,529.92,209.01,68.66,-852.19
2024-03-26 21:00:00,2525.00,2404.02,0.33,470.44,197.76,68.54,-619.29
2024-03-26 22:00:00,2421.57,2199.45,0.30,450.61,196.60,62.15,-490.58
2024-03-26 23:00:00,2408.20,2075.39,0.26,451.80,190.85,61.95,-375.23
2024-03-27 00:00:00,2390.29,1982.30,0.23,411.29,186.52,63.60,-256.70
2024-03-27 01:00:00,2308.34,1896.56,0.20,422.56,181.76,65.50,-261.19
2024-03-27 02:00:00,2387.63,1941.25,0.17,403.03,127.05,66.13,-152.87
2024-03-27 03:00:00,2441.33,2012.04,0.19,397.45,118.19,63.44,-152.94
2024-03-27 04:00:00,2584.11,2123.10,0.20,406.34,118.16,62.57,-129.22
2024-03-27 05:00:00,2624.94,2129.84,35.16,491.82,147.73,65.68,-248.36
2024-03-27 06:00:00,2799.66,2084.42,170.85,603.11,166.78,69.78,-298.31
2024-03-27 07:00:00,2938.92,1910.11,340.08,560.07,195.95,71.87,-142.46
2024-03-27 08:00:00,2982.72,1635.24,543.60,561.82,460.93,84.41,-306.82
2024-03-27 09:00:00,3003.73,1454.19,911.01,480.05,300.97,75.28,-221.27
2024-03-27 10:00:00,2992.35,1585.22,875.32,442.17,179.79,67.74,-160.88
2024-03-27 11:00:00,2960.38,1694.06,1005.25,414.36,175.41,63.05,-394.75
2024-03-27 12:00:00,2864.59,1687.72,843.43,443.07,171.11,62.96,-346.61
2024-03-27 13:00:00,2788.99,1344.76,685.02,511.40,206.03,63.47,-24.81
2024-03-27 14:00:00,2712.74,1120.85,559.44,516.13,540.02,86.53,-113.72
2024-03-27 15:00:00,2729.64,1034.17,373.67,474.27,293.22,73.52,477.63
2024-03-27 16:00:00,2801.01,862.03,161.35,685.63,347.46,74.49,666.91
2024-03-27 17:00:00,2830.08,784.50,25.38,749.03,395.60,76.90,795.74
2024-03-27 18:00:00,2744.51,817.25,0.68,731.44,400.06,77.31,714.83
2024-03-27 19:00:00,2592.43,682.93,0.58,803.95,395.71,76.98,629.32
2024-03-27 20:00:00,2444.86,608.40,0.49,690.24,494.70,85.65,561.95
2024-03-27 21:00:00,2281.31,511.31,0.43,551.16,496.77,88.22,629.95
2024-03-27 22:00:00,2143.40,349.43,0.37,472.69,277.63,69.40,971.02
2024-03-27 23:00:00,2121.75,264.91,0.31,395.31,174.28,67.32,1216.79
2024-03-28 00:00:00,2103.72,340.28,0.33,381.14,143.35,67.10,1168.59
2024-03-28 01:00:00,2229.43,384.94,0.35,326.63,132.34,66.42,1316.01
2024-03-28 02:00:00,2188.60,448.55,0.36,311.88,133.78,66.77,1224.60
2024-03-28 03:00:00,2123.79,553.32,0.31,264.71,144.45,66.85,1091.51
2024-03-28 04:00:00,2096.60,564.97,0.37,273.03,182.68,66.93,1005.95
2024-03-28 05:00:00,2079.13,611.39,36.05,302.89,207.39,71.05,847.72
2024-03-28 06:00:00,2207.91,658.19,179.30,399.86,233.04,76.45,658.33
2024-03-28 07:00:00,2422.73,780.25,343.07,388.31,238.91,78.15,591.22
2024-03-28 08:00:00,2521.08,861.23,455.27,346.36,215.59,77.49,562.12
2024-03-28 09:00:00,2686.88,846.86,382.72,310.60,130.71,66.43,946.47
2024-03-28 10:00:00,2786.29,794.25,223.56,251.31,112.54,63.29,1338.47
2024-03-28 11:00:00,2747.75,739.48,212.96,392.23,365.32,82.93,951.41
2024-03-28 12:00:00,2736.05,641.20,192.45,416.68,424.36,86.51,971.50
2024-03-28 13:00:00,2733.54,739.05,197.48,401.85,431.84,83.95,875.88
2024-03-28 14:00:00,2736.89,1119.04,191.40,372.80,478.48,82.75,488.94
2024-03-28 15:00:00,2770.65,1913.28,263.80,300.32,150.62,64.12,75.59
2024-03-28 16:00:00,2737.77,2602.53,97.98,368.84,130.73,69.20,-534.50
2024-03-28 17:00:00,2635.71,2815.25,12.96,512.11,131.02,70.58,-909.19
2024-03-28 18:00:00,2573.65,3037.46,0.37,437.50,133.71,70.19,-1108.36
2024-03-28 19:00:00,2579.59,3016.96,0.41,444.69,128.52,69.11,-1082.87
2024-03-28 20:00:00,2613.59,2753.34,0.34,399.95,117.84,65.78,-726.42
2024-03-28 21:00:00,2533.35,2551.12,0.30,359.14,111.32,62.31,-553.64
2024-03-28 22:00:00,2448.49,2474.26,0.21,220.75,99.45,61.32,-410.31
2024-03-28 23:00:00,2783.74,2611.01,0.16,201.53,92.07,59.55,-183.55
2024-03-29 00:00:00,2896.49,2573.86,0.14,220.85,88.98,58.13,-48.34
2024-03-29 01:00:00,2885.43,2627.88,0.13,166.40,94.32,57.68,-63.70
2024-03-29 02:00:00,2846.76,2739.60,0.14,156.47,93.54,59.28,-205.02
2024-03-29 03:00:00,2785.32,2848.41,0.15,155.97,94.79,58.31,-374.93
2024-03-29 04:00:00,2843.90,3003.72,0.29,156.12,93.44,59.41,-471.86
2024-03-29 05:00:00,2897.62,3111.40,56.80,155.55,91.05,62.96,-582.96
2024-03-29 06:00:00,3053.94,3209.36,281.83,157.55,103.43,56.02,-757.03
2024-03-29 07:00:00,3176.40,3158.95,503.15,221.42,116.00,55.89,-881.96
2024-03-29 08:00:00,3309.05,3366.21,637.31,238.78,126.95,51.47,-1114.61
2024-03-29 09:00:00,3353.17,3517.80,631.79,174.36,138.15,53.24,-1165.34
2024-03-29 10:00:00,3323.28,3541.58,767.14,157.33,141.73,50.62,-1338.13
2024-03-29 11:00:00,3391.50,3513.13,734.45,168.88,143.13,48.77,-1219.92
2024-03-29 12:00:00,3358.35,3299.86,718.05,186.76,137.35,48.20,-1034.78
2024-03-29 13:00:00,3187.84,2993.39,649.91,194.41,129.89,48.10,-830.88
2024-03-29 14:00:00,2839.64,2642.00,543.25,261.06,129.06,59.27,-798.02
2024-03-29 15:00:00,2486.67,2202.87,362.23,361.20,139.32,60.23,-642.09
2024-03-29 16:00:00,2503.41,1824.12,198.80,477.89,185.54,63.71,-249.50
2024-03-29 17:00:00,2500.75,1484.09,31.59,540.22,258.99,67.08,115.78
2024-03-29 18:00:00,2425.10,1302.25,0.39,668.99,372.24,77.69,0.38
2024-03-29 19:00:00,2309.27,1207.32,0.34,553.68,360.49,82.15,102.30
2024-03-29 20:00:00,2220.74,1157.05,0.26,462.05,235.23,65.10,298.33
2024-03-29 21:00:00,2134.74,1310.57,0.24,425.49,203.21,59.11,133.34
2024-03-29 22:00:00,2069.16,1522.36,0.22,411.50,304.14,71.03,-242.85
2024-03-29 23:00:00,2058.42,1702.72,0.20,322.30,136.31,56.67,-162.44
2024-03-30 00:00:00,2074.05,1656.30,0.18,323.69,116.05,57.96,-82.88
2024-03-30 01:00:00,2036.77,1643.27,0.16,362.32,130.72,57.43,-159.79
2024-03-30 02:00:00,2007.08,1806.40,0.17,324.88,126.08,56.94,-309.98
2024-03-30 03:00:00,2009.06,1737.54,0.15,322.70,121.47,57.80,-233.21
2024-03-30 04:00:00,2037.61,1582.67,0.34,317.84,117.49,57.70,-41.02
2024-03-30 05:00:00,2083.52,1564.20,25.78,323.17,107.89,57.91,1.92
2024-03-30 06:00:00,2333.66,1610.06,133.88,317.11,115.09,57.31,97.40
2024-03-30 07:00:00,2553.34,1685.20,299.64,290.79,128.68,59.23,86.99
2024-03-30 08:00:00,2639.04,1539.45,356.18,352.10,143.72,57.72,186.96
2024-03-30 09:00:00,2797.39,1412.56,425.67,225.77,133.45,57.69,539.37
2024-03-30 10:00:00,2903.53,1380.88,618.86,287.18,126.01,55.51,431.98
2024-03-30 11:00:00,2875.74,1316.01,789.37,256.15,131.18,56.56,323.43
2024-03-30 12:00:00,2902.86,1447.03,712.70,251.45,133.64,55.00,299.99
2024-03-30 13:00:00,2811.68,1809.60,500.12,239.96,133.80,54.74,70.50
2024-03-30 14:00:00,2719.04,2276.62,324.13,236.90,127.17,56.14,-304.93
2024-03-30 15:00:00,2636.02,2612.16,180.75,245.61,152.68,56.82,-615.00
2024-03-30 16:00:00,2572.37,2749.89,81.64,258.28,243.50,59.46,-823.37
2024-03-30 17:00:00,2588.62,2918.25,12.27,367.08,249.74,64.85,-1026.63
2024-03-30 18:00:00,2607.01,2874.69,0.36,335.16,240.61,65.45,-912.06
2024-03-30 19:00:00,2504.02,2996.51,0.32,327.46,264.00,65.73,-1153.05
2024-03-30 20:00:00,2413.33,2518.08,0.26,391.20,234.23,59.24,-792.49
2024-03-30 21:00:00,2255.53,2197.77,0.22,354.47,228.27,60.40,-588.42
2024-03-30 22:00:00,2166.01,1970.56,0.18,311.64,215.67,59.01,-393.88
2024-03-30 23:00:00,2081.88,1612.97,0.19,405.74,143.67,57.14,-140.57
2024-03-31 00:00:00,2062.61,1505.45,0.16,341.59,124.65,57.07,30.94
2024-03-31 01:00:00,1991.52,1399.99,0.14,373.72,126.61,57.40,31.03
2024-03-31 02:00:00,2038.02,957.58,0.13,359.67,115.46,59.76,542.50
2024-03-31 03:00:00,1979.46,860.86,0.16,363.48,114.37,65.57,572.37
2024-03-31 04:00:00,2031.14,638.89,0.17,388.33,108.35,65.72,827.05
2024-03-31 05:00:00,2200.61,504.19,29.11,363.11,112.54,66.45,1122.48
2024-03-31 06:00:00,2413.96,538.36,134.54,322.52,114.73,62.18,1238.89
2024-03-31 07:00:00,2534.23,511.36,258.07,280.10,109.87,61.78,1310.30
2024-03-31 08:00:00,2676.94,624.13,404.80,236.81,107.89,62.62,1237.72
2024-03-31 09:00:00,2854.75,711.68,505.62,210.22,114.41,60.89,1249.04
2024-03-31 10:00:00,2892.88,452.35,584.74,244.78,118.50,59.32,1430.27
2024-03-31 11:00:00,2864.63,242.38,614.84,296.34,117.00,59.56,1531.54
2024-03-31 12:00:00,2982.81,230.66,548.25,245.21,116.88,58.61,1780.30
2024-03-31 13:00:00,2845.13,224.97,490.16,216.54,111.21,58.96,1740.38
2024-03-31 14:00:00,2761.21,95.78,561.53,209.43,133.68,59.24,1698.51
2024-03-31 15:00:00,2548.24,111.19,425.96,237.27,238.07,62.43,1470.09
2024-03-31 16:00:00,2447.40,219.98,218.80,422.24,249.85,67.73,1265.66
2024-03-31 17:00:00,2293.15,225.86,43.38,449.77,265.07,68.68,1237.32
2024-03-31 18:00:00,2283.10,312.45,0.31,380.87,243.82,68.29,1274.28
2024-03-31 19:00:00,2190.02,359.83,0.27,373.93,232.99,62.25,1157.72
2024-03-31 20:00:00,2131.11,275.09,0.19,390.84,218.97,59.81,1183.10
2024-03-31 21:00:00,2143.45,242.24,0.17,409.29,215.31,55.63,1217.87
2024-03-31 22:00:00,2311.77,267.37,0.16,388.27,118.55,60.94,1473.62
2024-03-31 23:00:00,2319.55,262.68,0.16,368.25,85.00,59.84,1540.65
2024-04-01 00:00:00,2331.07,241.86,0.15,360.80,88.38,60.15,1576.92
2024-04-01 01:00:00,2293.69,359.09,0.14,314.08,91.52,60.33,1465.75
2024-04-01 02:00:00,2201.69,458.72,0.13,328.43,93.04,60.84,1257.76
2024-04-01 03:00:00,2091.56,571.70,0.16,347.62,96.72,62.05,1010.51
2024-04-01 04:00:00,2009.50,582.80,0.74,423.67,99.33,68.31,831.88
2024-04-01 05:00:00,2107.84,616.55,34.80,502.21,103.41,69.58,778.33
2024-04-01 06:00:00,2303.01,669.27,149.10,531.04,108.88,68.61,773.12
2024-04-01 07:00:00,2417.15,745.65,258.54,561.18,113.84,63.80,671.22
2024-04-01 08:00:00,2519.93,869.93,418.15,497.95,120.37,63.80,546.73
2024-04-01 09:00:00,2714.38,959.84,502.16,429.33,128.03,60.67,631.19
2024-04-01 10:00:00,2732.71,910.11,553.72,437.84,125.23,58.15,644.62
2024-04-01 11:00:00,2739.39,867.02,510.69,401.85,117.85,55.63,783.30
2024-04-01 12:00:00,2787.28,745.99,434.00,285.48,114.35,57.59,1146.81
2024-04-01 13:00:00,2936.67,633.45,399.21,281.79,107.98,55.12,1456.09
2024-04-01 14:00:00,2820.09,694.23,263.90,307.30,99.97,53.28,1398.21
2024-04-01 15:00:00,2817.19,896.47,121.74,281.35,99.65,56.72,1358.09
2024-04-01 16:00:00,2664.16,870.37,40.73,425.92,101.60,59.10,1163.29
2024-04-01 17:00:00,2539.01,977.93,5.59,436.11,101.80,62.26,952.27
2024-04-01 18:00:00,2476.67,1270.67,0.39,408.75,100.08,61.78,631.78
2024-04-01 19:00:00,2480.46,1503.69,0.29,309.38,96.27,59.75,507.98
2024-04-01 20:00:00,2466.79,1458.97,0.28,298.23,94.95,55.50,555.78
2024-04-01 21:00:00,2449.49,1412.91,0.24,337.39,90.07,54.54,551.35
2024-04-01 22:00:00,2487.02,1375.95,0.20,279.38,81.01,57.10,690.41
2024-04-01 23:00:00,2825.21,1457.62,0.14,217.48,80.37,58.50,1008.27
2024-04-02 00:00:00,2993.27,1449.59,0.17,241.52,81.11,52.74,1165.42
2024-04-02 01:00:00,3102.36,1625.57,0.16,209.87,79.18,46.32,1138.51
2024-04-02 02:00:00,3149.30,1995.32,0.14,208.80,84.79,48.59,808.96
2024-04-02 03:00:00,2987.27,2319.25,0.19,210.44,87.25,54.63,312.71
2024-04-02 04:00:00,2683.47,2570.29,0.24,327.95,98.17,68.56,-384.79
2024-04-02 05:00:00,2913.55,2678.73,8.27,388.35,111.60,69.86,-346.41
2024-04-02 06:00:00,3111.93,2585.65,44.43,391.22,114.84,66.30,-93.59
2024-04-02 07:00:00,3297.73,2493.48,97.53,453.15,110.78,60.22,79.47
2024-04-02 08:00:00,3538.11,2369.95,173.34,344.83,108.72,49.18,489.03
2024-04-02 09:00:00,3533.29,2139.65,233.08,368.13,111.98,44.79,632.42
2024-04-02 10:00:00,3515.56,1899.81,300.10,358.01,116.67,44.01,793.19
2024-04-02 11:00:00,3534.01,1782.52,352.51,386.88,119.97,41.89,846.32
2024-04-02 12:00:00,3581.94,1721.86,397.58,290.74,123.38,40.84,1003.73
2024-04-02 13:00:00,3497.34,1620.90,410.41,279.96,122.99,43.21,1015.70
2024-04-02 14:00:00,3609.76,1442.21,300.07,339.61,113.70,48.70,1361.28
2024-04-02 15:00:00,3467.32,1297.53,170.67,367.32,143.97,51.29,1432.26
2024-04-02 16:00:00,3097.06,1169.32,92.36,511.59,226.89,57.87,1034.74
2024-04-02 17:00:00,2917.58,1122.81,19.87,358.83,259.77,58.45,1093.53
2024-04-02 18:00:00,2795.97,1008.81,0.24,360.85,405.77,74.34,941.75
2024-04-02 19:00:00,2748.35,906.22,0.21,338.26,344.46,68.50,1086.52
2024-04-02 20:00:00,2645.23,916.59,0.20,322.20,443.79,69.10,889.15
2024-04-02 21:00:00,2580.25,861.06,0.15,376.56,208.48,50.17,1079.61
2024-04-02 22:00:00,2532.00,821.92,0.14,443.99,190.84,49.32,1021.69
2024-04-02 23:00:00,2509.17,660.39,0.14,576.23,188.72,50.36,1029.21
2024-04-03 00:00:00,2458.47,585.84,0.13,547.70,188.96,50.68,1081.02
2024-04-03 01:00:00,2526.26,543.62,0.14,519.66,172.47,50.81,1235.42
2024-04-03 02:00:00,2496.18,521.10,0.13,558.51,166.88,50.76,1194.65
2024-04-03 03:00:00,2551.16,571.72,0.15,601.17,168.84,51.27,1153.82
2024-04-03 04:00:00,2821.98,670.86,1.07,584.41,226.88,53.25,1281.08
2024-04-03 05:00:00,3101.85,750.97,70.68,611.29,296.40,59.06,1308.91
2024-04-03 06:00:00,3175.90,640.64,300.85,571.01,316.86,60.05,1282.08
2024-04-03 07:00:00,3224.16,797.80,588.33,578.99,319.69,54.89,880.20
2024-04-03 08:00:00,3271.54,921.07,723.34,516.98,262.32,52.44,791.23
2024-04-03 09:00:00,3244.79,955.60,760.59,601.26,270.97,53.70,598.47
2024-04-03 10:00:00,3129.50,1092.00,873.57,552.25,264.07,49.09,294.39
2024-04-03 11:00:00,3105.73,1297.52,1008.31,539.56,255.47,47.88,-47.07
2024-04-03 12:00:00,3039.75,1462.03,1153.93,563.18,272.70,48.80,-465.02
2024-04-03 13:00:00,3054.32,1657.71,1130.07,435.95,274.27,50.33,-498.27
2024-04-03 14:00:00,3026.17,1860.67,960.38,416.08,246.34,58.07,-519.76
2024-04-03 15:00:00,3181.04,2088.95,505.14,518.64,258.02,58.04,-251.89
2024-04-03 16:00:00,3123.61,2413.48,205.53,548.25,303.55,58.80,-410.19
2024-04-03 17:00:00,2920.55,2663.05,39.02,543.54,310.39,57.36,-697.00
2024-04-03 18:00:00,2875.53,2824.58,0.54,556.25,309.45,57.63,-877.11
2024-04-03 19:00:00,2774.85,3044.29,0.42,479.93,234.49,57.06,-1045.39
2024-04-03 20:00:00,2653.16,3161.57,0.34,421.74,199.50,55.82,-1189.94
2024-04-03 21:00:00,2600.90,3300.03,0.29,324.19,195.46,49.25,-1272.39
2024-04-03 22:00:00,2725.08,3543.31,0.24,270.32,145.11,44.93,-1282.83
2024-04-03 23:00:00,2921.00,3683.90,0.23,284.83,135.28,45.58,-1232.87
2024-04-04 00:00:00,2879.82,3734.94,0.23,272.60,134.56,44.61,-1311.15
2024-04-04 01:00:00,2677.69,3663.75,0.21,306.45,139.91,44.63,-1481.21
2024-04-04 02:00:00,2560.40,3351.22,0.22,391.08,137.07,46.34,-1369.49
2024-04-04 03:00:00,2672.72,3461.68,0.22,329.89,148.37,49.03,-1320.58
2024-04-04 04:00:00,2768.04,3344.64,0.45,462.43,226.22,53.48,-1323.48
2024-04-04 05:00:00,3062.81,3153.90,22.11,520.90,257.99,60.18,-956.39
2024-04-04 06:00:00,3187.84,2993.78,95.17,579.87,274.18,59.56,-819.07
2024-04-04 07:00:00,3191.51,2672.43,182.01,626.47,274.37,59.24,-627.32
2024-04-04 08:00:00,3292.30,2572.34,305.47,533.43,233.74,55.72,-412.78
2024-04-04 09:00:00,3367.08,2512.59,430.99,395.72,222.48,53.52,-252.62
2024-04-04 10:00:00,3322.80,2500.66,459.82,343.14,220.72,50.36,-256.16
2024-04-04 11:00:00,3302.45,2225.96,356.48,335.67,216.93,54.26,108.73
2024-04-04 12:00:00,3245.20,1814.82,222.86,323.49,206.46,54.55,618.59
2024-04-04 13:00:00,3235.72,1519.82,198.71,340.42,189.21,56.14,927.14
2024-04-04 14:00:00,3237.12,1258.25,241.94,375.31,185.38,56.23,1115.57
2024-04-04 15:00:00,3236.73,1172.62,201.76,508.54,230.96,57.98,1060.47
2024-04-04 16:00:00,3094.77,1488.38,112.81,538.66,260.49,60.06,629.89
2024-04-04 17:00:00,2934.00,1989.67,30.24,521.33,275.48,61.38,51.58
2024-04-04 18:00:00,2874.66,2370.68,2.15,440.99,253.95,58.75,-256.22
2024-04-04 19:00:00,2799.63,2547.96,0.24,404.79,225.71,58.29,-441.77
2024-04-04 20:00:00,2710.55,2768.73,0.22,311.23,206.12,56.11,-636.22
2024-04-04 21:00:00,2602.42,2924.07,0.19,318.68,200.61,50.16,-895.49
2024-04-04 22:00:00,2665.36,2894.92,0.16,435.86,150.65,47.02,-867.14
2024-04-04 23:00:00,2818.84,3212.66,0.17,364.62,141.47,42.99,-946.98
2024-04-05 00:00:00,2811.72,3238.91,0.16,324.07,140.95,44.99,-941.32
2024-04-05 01:00:00,2761.35,3107.18,0.15,312.70,143.07,41.97,-847.58
2024-04-05 02:00:00,2843.16,2765.27,0.15,313.58,135.45,44.56,-419.67
2024-04-05 03:00:00,2727.57,2148.28,0.16,318.91,145.94,45.07,65.25
2024-04-05 04:00:00,2944.03,1461.12,1.05,393.57,204.68,51.11,828.47
2024-04-05 05:00:00,3061.87,895.23,52.72,542.10,246.41,58.75,1262.73
2024-04-05 06:00:00,3113.20,560.43,169.52,547.45,261.42,59.92,1510.24
2024-04-05 07:00:00,3097.02,386.31,304.32,588.18,274.33,61.69,1477.99
2024-04-05 08:00:00,3237.19,506.55,394.99,510.51,231.67,55.26,1533.99
2024-04-05 09:00:00,3274.52,958.98,462.81,413.94,176.78,48.65,1208.82
2024-04-05 10:00:00,3400.76,1386.79,435.89,328.38,157.49,50.18,1037.84
2024-04-05 11:00:00,3418.73,1826.36,383.58,281.38,160.42,50.27,712.39
2024-04-05 12:00:00,3767.81,2220.64,303.64,214.74,147.94,48.40,828.01
2024-04-05 13:00:00,3767.09,2580.85,135.76,261.40,137.14,49.81,597.78
2024-04-05 14:00:00,3617.98,3188.08,79.53,279.57,137.42,51.45,-122.35
2024-04-05 15:00:00,3538.41,3722.39,106.92,292.66,140.10,51.45,-779.42
2024-04-05 16:00:00,3262.82,4027.37,72.42,299.26,164.88,51.96,-1357.49
2024-04-05 17:00:00,2997.92,4104.19,15.88,384.38,158.08,53.08,-1721.89
2024-04-05 18:00:00,2751.73,4219.65,0.39,324.52,169.95,53.57,-2020.66
2024-04-05 19:00:00,2640.97,4224.19,0.25,315.20,164.89,52.99,-2120.86
2024-04-05 20:00:00,2556.10,4009.49,0.24,390.64,148.47,52.08,-2049.37
2024-04-05 21:00:00,2482.62,3804.66,0.20,420.74,151.29,50.79,-1949.54
2024-04-05 22:00:00,2596.98,3272.49,0.19,473.99,141.40,49.68,-1345.52
2024-04-05 23:00:00,2535.73,2646.24,0.14,407.76,138.83,50.74,-712.95
2024-04-06 00:00:00,2453.73,2347.69,0.14,343.82,141.21,48.26,-432.18
2024-04-06 01:00:00,2340.57,2091.87,0.14,369.58,141.00,48.24,-314.96
2024-04-06 02:00:00,2214.56,1688.58,0.13,476.03,134.67,48.80,-138.39
2024-04-06 03:00:00,2167.48,1330.43,0.12,378.65,130.28,49.55,273.76
2024-04-06 04:00:00,2213.71,890.28,2.82,514.39,134.48,48.59,618.50
2024-04-06 05:00:00,2371.32,473.93,91.83,550.91,133.10,50.11,1066.66
2024-04-06 06:00:00,2611.51,601.10,387.46,516.88,143.07,46.90,911.15
2024-04-06 07:00:00,2806.07,926.43,707.67,516.57,170.02,48.24,432.19
2024-04-06 08:00:00,2949.48,841.79,921.59,373.23,165.32,47.74,594.86
2024-04-06 09:00:00,3251.81,695.98,1248.78,234.14,169.89,47.11,850.98
2024-04-06 10:00:00,3264.85,929.23,1202.13,118.96,170.66,43.32,795.80
2024-04-06 11:00:00,3371.51,1280.12,894.32,118.59,167.27,43.07,863.74
2024-04-06 12:00:00,3437.88,1675.68,773.05,118.25,145.47,42.59,678.32
2024-04-06 13:00:00,3446.19,2043.42,961.66,118.98,146.21,42.27,129.20
2024-04-06 14:00:00,3477.35,2471.80,679.96,118.33,139.06,42.72,21.07
2024-04-06 15:00:00,3107.03,2881.48,654.81,119.51,147.19,43.97,-744.44
2024-04-06 16:00:00,2761.59,3239.12,384.63,220.51,165.93,50.86,-1303.98
2024-04-06 17:00:00,2549.16,3493.55,96.15,271.59,149.32,51.95,-1517.79
2024-04-06 18:00:00,2548.39,3732.76,0.87,174.42,150.23,51.30,-1565.59
2024-04-06 19:00:00,2554.87,3836.73,0.42,171.29,137.39,51.62,-1647.03
2024-04-06 20:00:00,2474.79,3717.08,0.39,164.31,131.94,52.16,-1595.47
2024-04-06 21:00:00,2417.35,3605.81,0.32,139.78,131.57,47.56,-1511.98
2024-04-06 22:00:00,2492.07,3623.10,0.28,120.12,113.03,42.97,-1411.70
2024-04-06 23:00:00,2686.40,3501.23,0.24,121.46,108.69,43.50,-1093.05
2024-04-07 00:00:00,2727.34,3043.14,0.22,121.00,120.42,43.77,-605.40
2024-04-07 01:00:00,2654.31,2880.55,0.19,122.72,126.37,44.77,-524.66
2024-04-07 02:00:00,2731.34,2836.38,0.19,120.73,113.48,44.29,-387.93
2024-04-07 03:00:00,2757.96,3228.55,0.24,118.87,115.05,45.32,-754.25
2024-04-07 04:00:00,2827.12,3655.26,0.31,118.57,116.00,44.41,-1111.59
2024-04-07 05:00:00,3047.82,3692.74,9.04,118.57,119.65,37.91,-934.40
2024-04-07 06:00:00,3269.07,3775.47,122.54,118.50,136.21,35.37,-923.36
2024-04-07 07:00:00,3505.63,3365.07,619.47,118.71,144.65,36.38,-783.11
2024-04-07 08:00:00,3576.16,3429.96,1360.90,119.42,165.25,35.12,-1539.01
2024-04-07 09:00:00,3743.04,2569.77,1266.48,119.11,188.79,33.92,-439.42
2024-04-07 10:00:00,3770.62,2447.87,1225.96,119.33,200.48,33.13,-260.81
2024-04-07 11:00:00,3779.80,2391.74,1007.10,118.64,207.40,33.50,16.98
2024-04-07 12:00:00,3720.23,2293.84,959.19,117.91,202.33,31.84,110.65
2024-04-07 13:00:00,3639.81,2119.99,950.71,118.18,196.72,31.61,218.12
2024-04-07 14:00:00,3554.38,3105.88,1370.37,118.61,180.46,33.51,-1258.96
2024-04-07 15:00:00,3532.19,4166.90,940.34,118.24,173.37,33.59,-1904.75
2024-04-07 16:00:00,3087.49,3975.08,535.66,125.48,159.82,46.83,-1759.86
2024-04-07 17:00:00,2655.70,3435.78,114.86,146.88,151.65,50.50,-1248.39
2024-04-07 18:00:00,2443.35,2988.20,3.57,206.61,150.25,50.36,-960.11
2024-04-07 19:00:00,2363.94,2593.34,0.49,257.37,148.25,51.81,-691.71
2024-04-07 20:00:00,2349.62,2520.45,0.38,172.98,142.46,52.14,-543.34
2024-04-07 21:00:00,2318.08,2742.92,0.36,186.46,142.46,51.55,-810.07
2024-04-07 22:00:00,2344.90,2943.66,0.28,186.82,144.68,48.79,-983.69
2024-04-07 23:00:00,2526.98,3037.68,0.24,188.00,144.39,49.29,-896.84
2024-04-08 00:00:00,2496.70,2977.12,0.24,185.79,136.80,49.51,-857.05
2024-04-08 01:00:00,2444.04,2698.51,0.22,133.99,132.73,49.51,-575.15
2024-04-08 02:00:00,2321.90,2542.87,0.22,125.81,140.63,48.90,-540.71
2024-04-08 03:00:00,2296.55,2372.36,0.22,203.30,141.45,49.52,-474.51
2024-04-08 04:00:00,2527.04,2190.79,5.91,229.77,152.67,53.90,-110.48
2024-04-08 05:00:00,2839.85,1797.99,155.86,406.56,160.58,58.17,256.28
2024-04-08 06:00:00,2966.13,1554.57,598.62,502.44,182.04,62.66,61.35
2024-04-08 07:00:00,2952.03,1387.82,1178.16,540.30,210.78,62.29,-431.76
2024-04-08 08:00:00,3064.01,1384.88,1651.13,486.46,208.22,47.84,-719.06
2024-04-08 09:00:00,3088.75,1371.31,1767.01,369.74,211.21,44.10,-679.05
2024-04-08 10:00:00,3160.09,1149.34,1712.47,348.02,202.82,43.37,-300.29
2024-04-08 11:00:00,3204.85,747.47,1655.23,415.08,198.04,45.41,139.25
2024-04-08 12:00:00,2894.28,510.85,1556.80,418.83,184.15,47.13,172.06
2024-04-08 13:00:00,2797.00,350.36,1382.19,438.28,177.85,50.21,393.72
2024-04-08 14:00:00,2753.30,232.01,975.46,510.47,196.42,51.64,782.74
2024-04-08 15:00:00,2861.45,203.76,494.34,598.05,269.78,54.39,1236.74
2024-04-08 16:00:00,2844.29,141.54,182.28,725.07,311.95,58.20,1420.72
2024-04-08 17:00:00,2690.89,94.61,50.70,756.32,362.74,60.26,1361.91
2024-04-08 18:00:00,2515.50,86.86,2.56,689.59,340.74,58.68,1332.73
2024-04-08 19:00:00,2440.50,108.15,0.44,571.21,269.71,53.13,1433.57
2024-04-08 20:00:00,2264.32,169.54,0.37,527.79,230.97,51.37,1280.02
2024-04-08 21:00:00,2161.88,276.47,0.28,470.70,174.02,49.16,1186.94
2024-04-08 22:00:00,2110.67,371.94,0.25,418.79,124.36,51.32,1139.69
2024-04-08 23:00:00,2116.02,512.75,0.22,386.63,121.41,50.92,1039.76
2024-04-09 00:00:00,2130.16,842.10,0.20,311.90,122.67,51.35,797.65
2024-04-09 01:00:00,2143.41,1118.04,0.18,292.88,120.90,50.52,556.71
2024-04-09 02:00:00,2124.26,1577.42,0.18,254.28,127.77,51.15,109.23
2024-04-09 03:00:00,2207.27,1862.95,0.19,329.42,134.57,52.32,-176.51
2024-04-09 04:00:00,2551.63,2203.71,5.33,333.54,155.53,56.66,-207.70
2024-04-09 05:00:00,2810.45,2270.28,77.83,397.70,170.70,61.56,-172.05
2024-04-09 06:00:00,2971.14,2236.67,235.09,417.31,167.37,62.60,-152.22
2024-04-09 07:00:00,3014.39,2038.35,330.78,429.54,173.41,58.31,-20.13
2024-04-09 08:00:00,3112.59,2122.94,247.26,343.79,156.08,55.71,182.56
2024-04-09 09:00:00,3161.80,2103.31,254.00,223.12,136.85,51.63,388.82
2024-04-09 10:00:00,3227.10,2116.76,425.81,197.01,141.91,47.21,294.14
2024-04-09 11:00:00,3487.97,2283.31,400.51,170.89,129.96,44.31,454.85
2024-04-09 12:00:00,3372.73,2203.10,285.39,163.91,131.73,44.87,539.65
2024-04-09 13:00:00,3210.59,2155.54,192.12,166.83,122.13,50.42,519.32
2024-04-09 14:00:00,3055.89,1869.92,155.40,184.86,124.77,52.13,664.59
2024-04-09 15:00:00,3110.41,1793.80,135.15,227.22,130.52,57.45,762.04
2024-04-09 16:00:00,2991.84,2059.44,158.45,288.46,139.46,58.53,283.40
2024-04-09 17:00:00,2786.04,2353.00,69.58,314.21,142.39,58.69,-156.06
2024-04-09 18:00:00,2716.16,2600.89,4.40,379.67,139.95,55.43,-468.36
2024-04-09 19:00:00,2642.92,3026.24,0.34,347.25,142.38,54.38,-931.72
2024-04-09 20:00:00,2604.92,3530.67,0.35,274.94,141.15,49.87,-1396.24
2024-04-09 21:00:00,2718.85,3973.43,0.29,212.20,136.03,47.95,-1654.78
2024-04-09 22:00:00,2882.55,4328.36,0.28,157.75,108.06,45.30,-1760.93
2024-04-09 23:00:00,3020.91,4466.27,0.26,151.39,106.60,44.64,-1751.92
2024-04-10 00:00:00,3037.99,4535.20,0.25,150.52,107.99,44.12,-1803.61
2024-04-10 01:00:00,2959.11,4635.93,0.24,151.63,111.16,47.92,-1991.43
2024-04-10 02:00:00,2805.62,4683.03,0.24,168.39,123.55,47.94,-2220.95
2024-04-10 03:00:00,2792.64,4622.95,0.25,169.29,130.17,47.51,-2180.98
2024-04-10 04:00:00,3096.21,4589.16,2.12,262.37,129.11,47.60,-1937.74
2024-04-10 05:00:00,3209.49,4643.71,72.62,254.09,122.91,54.52,-1941.98
2024-04-10 06:00:00,3422.89,4663.70,236.71,258.44,121.91,52.83,-1914.32
2024-04-10 07:00:00,3458.52,4685.31,475.08,182.48,136.06,50.56,-2074.57
2024-04-10 08:00:00,3504.28,4494.77,715.52,236.22,144.81,48.54,-2139.16
2024-04-10 09:00:00,3645.08,4415.53,1110.21,173.88,154.84,47.53,-2260.47
2024-04-10 10:00:00,3906.17,4396.63,1424.46,122.45,165.64,44.68,-2251.54
2024-04-10 11:00:00,3928.11,4319.13,1495.35,120.59,166.72,38.09,-2215.50
2024-04-10 12:00:00,4050.87,4317.59,1494.80,120.43,169.32,34.42,-2089.27
2024-04-10 13:00:00,3934.98,4234.26,1471.82,120.27,164.96,33.91,-2093.91
2024-04-10 14:00:00,3630.51,4166.19,1259.79,122.79,164.27,34.53,-2120.83
2024-04-10 15:00:00,3458.48,3924.93,928.36,135.74,155.35,37.99,-1727.48
2024-04-10 16:00:00,2968.65,3546.42,422.23,318.06,176.34,54.46,-1552.47
2024-04-10 17:00:00,2697.20,2778.84,134.89,357.59,197.24,61.07,-836.16
2024-04-10 18:00:00,2599.87,2233.06,5.70,416.04,184.38,61.02,-304.09
2024-04-10 19:00:00,2557.61,2311.31,0.56,337.39,161.06,59.75,-316.35
2024-04-10 20:00:00,2472.80,2664.11,0.45,303.87,140.74,53.87,-694.06
2024-04-10 21:00:00,2391.25,2975.12,0.43,220.61,137.65,52.28,-998.74
2024-04-10 22:00:00,2583.58,3267.64,0.37,213.29,121.23,46.07,-1068.95
2024-04-10 23:00:00,2813.14,3557.90,0.34,198.17,120.33,45.58,-1113.01
2024-04-11 00:00:00,2823.50,3954.74,0.39,160.44,126.79,47.65,-1470.42
2024-04-11 01:00:00,2889.23,4272.02,0.39,176.01,106.37,51.64,-1721.05
2024-04-11 02:00:00,2915.54,4533.68,0.41,154.66,106.91,45.81,-1929.64
2024-04-11 03:00:00,2738.13,4678.32,0.39,169.40,124.80,49.37,-2287.95
2024-04-11 04:00:00,2829.74,4698.97,0.73,195.01,130.24,52.24,-2251.40
2024-04-11 05:00:00,3077.98,4680.60,21.30,308.65,131.43,50.15,-2118.27
2024-04-11 06:00:00,3240.61,4578.29,77.99,254.26,130.10,50.05,-1854.01
2024-04-11 07:00:00,3302.29,4492.33,203.11,279.73,142.62,46.73,-1866.06
2024-04-11 08:00:00,3508.20,4317.49,387.15,154.72,126.34,44.90,-1526.35
2024-04-11 09:00:00,3691.40,4185.45,575.12,121.34,127.15,42.57,-1364.13
2024-04-11 10:00:00,3773.45,4111.65,786.40,177.05,132.17,41.78,-1479.53
2024-04-11 11:00:00,4065.25,3889.53,902.01,161.27,124.16,41.79,-1057.47
2024-04-11 12:00:00,3737.17,3854.62,1059.20,149.58,145.42,44.94,-1520.63
2024-04-11 13:00:00,3295.66,3476.14,1067.86,159.97,139.18,50.36,-1601.88
2024-04-11 14:00:00,3215.70,3183.79,890.77,164.48,125.16,50.00,-1202.44
2024-04-11 15:00:00,3202.42,3258.23,615.50,275.33,145.97,52.44,-1148.93
2024-04-11 16:00:00,2954.59,3056.11,266.64,351.64,169.26,59.96,-952.85
2024-04-11 17:00:00,2751.19,2371.32,96.63,340.29,183.70,64.28,-308.72
2024-04-11 18:00:00,2611.97,2005.87,5.22,362.37,162.92,61.46,10.67
2024-04-11 19:00:00,2530.89,1906.75,0.45,328.27,134.77,56.47,100.67
2024-04-11 20:00:00,2423.79,1832.75,0.36,322.14,324.26,63.08,-122.97
2024-04-11 21:00:00,2352.18,1808.12,0.25,303.51,142.78,53.49,40.73
2024-04-11 22:00:00,2380.91,1816.17,0.21,267.86,105.93,51.34,136.13
2024-04-11 23:00:00,2438.74,1839.60,0.18,193.51,101.23,51.47,249.53
2024-04-12 00:00:00,2375.89,1856.42,0.16,208.26,114.91,50.73,142.16
2024-04-12 01:00:00,2539.19,2136.65,0.15,166.41,119.39,51.59,61.69
2024-04-12 02:00:00,2481.71,2371.04,0.18,174.51,119.39,52.10,-238.74
2024-04-12 03:00:00,2450.55,2615.93,0.20,197.17,121.86,52.46,-540.32
2024-04-12 04:00:00,2659.56,2879.06,1.67,215.72,124.53,54.75,-619.64
2024-04-12 05:00:00,2935.76,3106.87,43.36,233.48,142.06,58.12,-651.46
2024-04-12 06:00:00,3051.35,3440.45,118.93,323.31,152.41,61.39,-1048.68
2024-04-12 07:00:00,3093.46,3799.89,150.70,321.10,155.69,57.98,-1395.40
2024-04-12 08:00:00,3269.66,3929.76,180.19,219.60,120.37,49.56,-1233.48
2024-04-12 09:00:00,3494.73,4104.48,180.64,186.04,119.30,38.99,-1138.30
2024-04-12 10:00:00,3872.06,3432.17,205.14,132.10,94.39,36.15,-31.46
2024-04-12 11:00:00,3823.96,3190.92,332.07,120.38,103.04,32.61,41.22
2024-04-12 12:00:00,3760.55,3521.25,462.74,120.51,110.81,35.44,-494.28
2024-04-12 13:00:00,3651.95,3584.05,478.34,138.61,115.88,43.45,-712.48
2024-04-12 14:00:00,3329.71,3306.89,391.06,147.40,121.68,48.69,-690.06
2024-04-12 15:00:00,2928.03,3017.00,268.82,197.76,132.40,60.62,-752.79
2024-04-12 16:00:00,2769.34,2670.05,163.44,273.24,143.48,66.90,-552.10
2024-04-12 17:00:00,2643.32,2645.52,45.31,232.87,137.63,66.67,-488.98
2024-04-12 18:00:00,2511.00,2472.82,1.00,295.42,136.54,68.62,-467.69
2024-04-12 19:00:00,2443.76,2318.55,0.22,275.47,130.32,66.11,-351.08
2024-04-12 20:00:00,2301.58,1991.33,0.20,304.52,124.48,65.93,-189.12
2024-04-12 21:00:00,2225.04,1842.20,0.16,278.97,124.42,64.08,-88.73
2024-04-12 22:00:00,2211.34,1988.28,0.15,286.81,154.73,65.58,-288.30
2024-04-12 23:00:00,2251.95,2153.35,0.12,207.56,145.45,65.55,-324.15
2024-04-13 00:00:00,2285.15,2296.29,0.13,155.28,147.21,65.41,-383.12
2024-04-13 01:00:00,2256.20,2251.95,0.13,149.55,152.56,60.56,-362.44
2024-04-13 02:00:00,2249.33,2247.23,0.13,104.55,157.56,63.06,-327.10
2024-04-13 03:00:00,2248.14,2439.80,0.18,7.39,157.69,62.24,-422.99
2024-04-13 04:00:00,2314.10,2530.50,9.51,14.80,157.03,65.55,-467.08
2024-04-13 05:00:00,2622.96,2407.32,151.98,18.24,160.17,66.74,-185.42
2024-04-13 06:00:00,2640.36,2245.03,434.76,7.77,175.71,66.21,-293.11
2024-04-13 07:00:00,2860.48,2196.39,689.76,13.61,164.66,61.21,-269.18
2024-04-13 08:00:00,3285.63,1673.76,1045.78,4.01,146.65,59.25,352.01
2024-04-13 09:00:00,3383.15,1012.24,725.31,2.50,151.99,51.33,1435.96
2024-04-13 10:00:00,3352.09,891.24,716.30,2.41,159.69,48.86,1529.75
2024-04-13 11:00:00,3425.52,758.71,679.38,2.31,159.75,48.28,1773.39
2024-04-13 12:00:00,3436.00,730.84,693.94,2.29,153.07,48.42,1803.57
2024-04-13 13:00:00,3359.61,737.18,557.57,2.31,143.73,48.33,1866.79
2024-04-13 14:00:00,3245.72,1029.28,336.46,2.35,128.09,48.44,1697.45
2024-04-13 15:00:00,2934.69,1759.84,337.21,2.34,121.33,57.80,652.52
2024-04-13 16:00:00,2779.12,2363.82,168.76,11.31,159.43,67.16,4.85
2024-04-13 17:00:00,2624.74,2693.92,41.57,17.59,164.44,68.76,-365.20
2024-04-13 18:00:00,2486.86,3179.94,1.41,18.03,170.15,68.18,-954.48
2024-04-13 19:00:00,2466.02,3516.15,0.47,17.29,166.12,68.38,-1306.09
2024-04-13 20:00:00,2444.23,3828.54,0.39,4.65,162.44,67.20,-1623.02
2024-04-13 21:00:00,2448.24,4010.89,0.36,2.34,133.88,66.06,-1769.39
2024-04-13 22:00:00,2738.58,4221.56,0.32,2.39,115.97,60.68,-1666.19
2024-04-13 23:00:00,2794.36,4214.33,0.31,2.39,109.17,60.10,-1595.92
2024-04-14 00:00:00,2800.30,4312.83,0.30,2.42,111.24,60.85,-1691.14
2024-04-14 01:00:00,2751.21,4377.07,0.28,2.39,113.30,61.53,-1807.15
2024-04-14 02:00:00,2723.09,4249.61,0.29,2.42,107.18,61.00,-1701.20
2024-04-14 03:00:00,2762.21,4126.58,0.28,2.41,102.50,60.73,-1534.10
2024-04-14 04:00:00,2750.15,4335.62,17.60,2.39,130.10,60.38,-1799.77
2024-04-14 05:00:00,2899.03,4365.46,187.67,2.38,142.26,60.91,-1863.60
2024-04-14 06:00:00,3115.18,4572.45,535.24,2.28,139.58,51.59,-2190.08
2024-04-14 07:00:00,3204.05,3995.97,969.49,2.26,151.25,48.30,-1967.13
2024-04-14 08:00:00,3287.38,3291.30,1056.98,2.19,153.92,48.10,-1269.12
2024-04-14 09:00:00,3371.77,2431.13,727.66,2.19,159.12,48.98,-1.39
2024-04-14 10:00:00,3464.48,2068.13,689.56,2.24,150.72,46.84,502.87
2024-04-14 11:00:00,3508.75,2046.13,611.07,2.15,146.09,45.91,653.28
2024-04-14 12:00:00,3520.85,2005.72,570.28,2.33,144.57,45.41,748.46
2024-04-14 13:00:00,3275.30,2097.99,730.44,2.36,151.51,46.08,242.90
2024-04-14 14:00:00,3165.39,2716.46,651.07,2.37,139.73,46.34,-394.77
2024-04-14 15:00:00,3301.79,4165.60,712.22,7.98,146.93,48.77,-1783.93
2024-04-14 16:00:00,2843.40,4015.46,433.36,123.99,146.38,66.56,-1946.59
2024-04-14 17:00:00,2501.14,3587.11,136.73,251.83,140.26,68.31,-1687.13
2024-04-14 18:00:00,2381.96,3052.41,10.72,329.75,132.26,68.00,-1214.85
2024-04-14 19:00:00,2354.73,2497.20,0.46,381.23,116.74,64.90,-709.36
2024-04-14 20:00:00,2239.25,2031.15,0.38,343.50,115.80,63.59,-318.82
2024-04-14 21:00:00,2164.36,1761.63,0.28,279.42,116.49,62.83,-59.82
2024-04-14 22:00:00,2251.89,1515.95,0.27,330.63,194.72,65.14,141.79
2024-04-14 23:00:00,2168.57,1421.11,0.25,265.10,337.61,77.07,64.18
2024-04-15 00:00:00,2103.14,1384.34,0.22,264.35,123.31,61.84,265.74
2024-04-15 01:00:00,2129.85,1211.40,0.17,219.99,110.93,60.26,524.03
2024-04-15 02:00:00,2151.25,946.39,0.20,224.58,135.39,60.54,781.09
2024-04-15 03:00:00,2282.80,805.94,0.22,348.06,216.71,64.15,844.50
2024-04-15 04:00:00,2494.73,747.53,17.56,381.40,446.32,84.32,813.35
2024-04-15 05:00:00,2836.12,916.02,153.81,425.27,367.74,74.24,895.06
2024-04-15 06:00:00,2997.09,1176.91,460.28,376.91,373.67,75.40,530.04
2024-04-15 07:00:00,3078.72,1333.90,832.38,325.51,342.27,72.24,168.47
2024-04-15 08:00:00,3202.95,1495.41,1068.33,260.62,301.43,62.35,10.95
2024-04-15 09:00:00,3219.90,1742.85,1112.15,234.21,223.27,62.05,-158.35
2024-04-15 10:00:00,3236.67,1996.12,1131.37,244.02,197.72,55.85,-392.22
2024-04-15 11:00:00,3525.56,2266.03,1059.54,130.80,173.63,57.84,-166.17
2024-04-15 12:00:00,3615.60,2291.21,881.40,134.75,145.92,58.96,99.59
2024-04-15 13:00:00,3548.88,2449.20,684.42,124.32,143.91,58.96,84.28
2024-04-15 14:00:00,3468.96,2657.00,534.07,148.11,134.16,59.81,-67.95
2024-04-15 15:00:00,3283.51,2685.75,371.00,209.61,140.85,65.46,-192.96
2024-04-15 16:00:00,2986.81,2618.37,181.67,247.35,156.82,69.26,-290.44
2024-04-15 17:00:00,2785.60,2679.26,48.97,264.99,151.87,72.98,-436.29
2024-04-15 18:00:00,2693.80,2752.58,2.34,212.83,154.77,71.48,-503.92
2024-04-15 19:00:00,2629.53,2736.12,0.46,188.54,144.12,66.71,-510.12
2024-04-15 20:00:00,2530.42,2529.74,0.36,217.30,124.99,62.38,-408.11
2024-04-15 21:00:00,2666.13,2082.92,0.32,182.77,111.89,60.11,224.31
2024-04-15 22:00:00,2967.74,1970.84,0.26,137.56,88.14,53.78,713.37
2024-04-15 23:00:00,2994.42,1944.94,0.23,124.42,81.68,53.13,786.19
2024-04-16 00:00:00,2949.50,1890.47,0.20,149.87,83.61,52.74,768.95
2024-04-16 01:00:00,2764.40,1842.73,0.19,140.02,92.74,53.47,631.61
2024-04-16 02:00:00,2589.25,1994.95,0.20,128.77,91.05,54.29,316.39
2024-04-16 03:00:00,2478.83,1986.23,0.21,161.19,105.13,55.15,167.19
2024-04-16 04:00:00,2591.23,1961.19,22.70,338.41,313.07,79.44,-127.76
2024-04-16 05:00:00,2895.39,1796.02,183.61,373.97,183.71,65.41,288.60
2024-04-16 06:00:00,3054.62,1576.75,563.94,341.72,159.47,65.05,343.91
2024-04-16 07:00:00,3088.85,1469.43,1033.68,314.02,173.96,63.18,30.73
2024-04-16 08:00:00,3281.34,1663.47,1468.51,205.97,184.57,60.45,-305.48
2024-04-16 09:00:00,3282.63,1890.25,1782.99,250.57,194.51,58.09,-897.56
2024-04-16 10:00:00,3359.97,2122.20,1879.57,238.84,192.54,58.30,-1135.41
2024-04-16 11:00:00,3361.92,2202.29,1577.85,240.74,185.10,61.14,-909.10
2024-04-16 12:00:00,3215.03,2271.27,1469.82,272.51,188.42,60.70,-1051.73
2024-04-16 13:00:00,3000.33,2355.71,1531.10,250.77,183.43,59.43,-1384.05
2024-04-16 14:00:00,2988.60,2106.44,1283.55,315.47,180.17,59.14,-960.15
2024-04-16 15:00:00,3001.20,1859.60,1103.36,348.66,209.81,63.66,-587.98
2024-04-16 16:00:00,2864.16,1610.10,580.17,428.77,262.49,66.75,-88.00
2024-04-16 17:00:00,2688.47,1262.37,173.60,536.74,294.13,70.74,347.02
2024-04-16 18:00:00,2566.31,908.31,13.79,562.80,281.48,70.37,725.63
2024-04-16 19:00:00,2525.29,886.50,0.47,553.81,264.87,70.33,745.31
2024-04-16 20:00:00,2408.46,946.23,0.39,468.86,225.21,65.85,698.05
2024-04-16 21:00:00,2286.76,1031.31,0.30,479.73,206.68,64.84,500.53
2024-04-16 22:00:00,2331.78,1076.55,0.23,484.55,125.04,62.42,579.62
2024-04-16 23:00:00,2301.70,908.45,0.21,498.81,108.70,63.03,718.87
2024-04-17 00:00:00,2273.19,980.69,0.18,421.09,109.94,62.35,695.44
2024-04-17 01:00:00,2215.12,1040.52,0.18,411.51,111.10,62.83,585.56
2024-04-17 02:00:00,2200.74,930.05,0.17,463.75,112.91,61.44,629.12
2024-04-17 03:00:00,2340.89,1026.05,0.18,480.99,167.48,64.49,598.38
2024-04-17 04:00:00,2606.62,916.59,23.75,641.67,324.70,69.96,626.40
2024-04-17 05:00:00,2905.13,725.36,191.02,705.04,363.72,71.71,844.81
2024-04-17 06:00:00,3028.60,565.91,530.68,695.30,392.94,70.51,769.71
2024-04-17 07:00:00,3038.73,418.79,884.42,624.86,354.63,66.23,686.13
2024-04-17 08:00:00,3040.93,334.95,1176.21,450.49,339.11,73.49,662.84
2024-04-17 09:00:00,3059.10,265.94,1282.22,441.59,181.41,64.05,820.08
2024-04-17 10:00:00,3038.37,254.40,1496.11,420.40,324.04,78.15,461.71
2024-04-17 11:00:00,3098.68,314.33,1558.54,332.48,186.79,65.27,637.57
2024-04-17 12:00:00,2946.94,331.16,1428.61,352.41,175.04,66.26,589.73
2024-04-17 13:00:00,2824.03,308.61,1324.05,352.23,180.84,66.95,587.78
2024-04-17 14:00:00,2792.59,360.14,1305.00,381.78,309.64,79.43,352.93
2024-04-17 15:00:00,2886.78,372.83,1041.81,493.53,226.42,71.55,676.89
2024-04-17 16:00:00,2804.48,361.20,589.67,678.45,289.05,71.87,810.50
2024-04-17 17:00:00,2643.88,308.28,191.91,680.32,297.42,75.96,1086.33
2024-04-17 18:00:00,2555.49,286.78,17.71,690.90,308.99,75.67,1171.74
2024-04-17 19:00:00,2508.50,224.64,0.56,662.70,293.20,74.18,1249.64
2024-04-17 20:00:00,2346.03,205.75,0.47,619.64,350.10,88.64,1077.85
2024-04-17 21:00:00,2246.16,180.19,0.43,521.79,281.54,78.91,1179.78
2024-04-17 22:00:00,2256.72,180.75,0.44,547.22,158.08,71.65,1294.99
2024-04-17 23:00:00,2309.74,198.62,0.36,524.53,188.23,76.22,1318.25
2024-04-18 00:00:00,2225.23,248.99,0.28,505.64,200.28,83.14,1183.32
2024-04-18 01:00:00,2164.09,324.19,0.26,468.07,179.96,74.91,1113.22
2024-04-18 02:00:00,2192.14,417.92,0.25,477.28,101.67,67.67,1123.88
2024-04-18 03:00:00,2322.32,504.06,0.37,494.55,152.40,68.28,1099.18
2024-04-18 04:00:00,2604.61,543.85,30.55,636.96,326.83,74.31,988.42
2024-04-18 05:00:00,2888.17,443.48,206.53,733.13,368.83,76.84,1055.60
2024-04-18 06:00:00,2957.28,448.64,483.05,666.37,611.69,97.61,645.98
2024-04-18 07:00:00,3009.65,395.86,855.69,564.74,364.34,72.08,753.27
2024-04-18 08:00:00,3028.72,440.23,1040.65,440.08,286.56,67.18,750.38
2024-04-18 09:00:00,3066.35,437.88,1159.40,452.27,195.26,66.17,751.79
2024-04-18 10:00:00,3048.23,485.71,1373.93,442.92,184.47,66.18,491.31
2024-04-18 11:00:00,3031.34,528.65,1330.94,447.42,325.22,76.32,319.17
2024-04-18 12:00:00,3013.68,751.37,1310.51,323.17,188.40,65.24,371.25
2024-04-18 13:00:00,3034.27,978.39,1226.66,286.44,176.44,64.69,297.87
2024-04-18 14:00:00,3034.53,1137.26,994.57,267.68,165.94,65.31,399.89
2024-04-18 15:00:00,2934.62,1046.82,646.73,309.77,214.95,73.30,639.28
2024-04-18 16:00:00,2848.10,995.90,313.40,416.83,333.80,74.27,710.27
2024-04-18 17:00:00,2695.50,877.93,111.19,622.62,337.17,76.48,666.45
2024-04-18 18:00:00,2591.69,618.87,9.53,706.01,326.60,78.78,848.22
2024-04-18 19:00:00,2532.69,438.99,0.46,652.51,283.82,75.14,1078.21
2024-04-18 20:00:00,2411.52,377.35,0.42,530.38,230.77,71.12,1197.86
2024-04-18 21:00:00,2297.53,380.11,0.34,519.42,207.23,70.01,1116.83
2024-04-18 22:00:00,2277.35,542.81,0.28,438.97,112.23,69.32,1110.06
2024-04-18 23:00:00,2357.66,946.60,0.23,432.59,94.80,69.12,810.62
2024-04-19 00:00:00,2524.52,1208.35,0.18,316.00,99.98,66.65,829.77
2024-04-19 01:00:00,2464.70,1311.20,0.19,280.73,107.91,66.80,694.36
2024-04-19 02:00:00,2571.22,1650.01,0.20,305.08,109.06,66.61,436.77
2024-04-19 03:00:00,2697.07,1945.56,0.22,286.64,104.00,68.52,288.59
2024-04-19 04:00:00,2817.12,2154.78,11.54,258.72,115.31,72.59,200.55
2024-04-19 05:00:00,3032.84,2444.04,128.96,331.62,137.34,65.38,-78.08
2024-04-19 06:00:00,3139.44,2706.91,301.71,403.60,151.43,70.81,-498.60
2024-04-19 07:00:00,3160.65,2795.30,401.93,422.38,152.22,68.34,-683.12
2024-04-19 08:00:00,3287.39,3127.26,606.94,335.99,141.39,62.88,-990.82
2024-04-19 09:00:00,3356.91,3498.39,831.45,317.40,147.60,59.44,-1501.00
2024-04-19 10:00:00,3353.39,3675.44,794.28,351.84,154.16,60.43,-1686.39
2024-04-19 11:00:00,3372.09,3643.61,876.48,289.04,151.00,61.00,-1652.72
2024-04-19 12:00:00,3286.84,3428.23,1008.05,233.12,161.30,60.92,-1608.30
2024-04-19 13:00:00,3202.22,3090.45,1039.54,284.61,163.72,61.83,-1441.54
2024-04-19 14:00:00,3165.94,2815.83,1050.52,320.26,154.61,64.06,-1242.95
2024-04-19 15:00:00,3138.68,2606.81,811.82,280.50,144.38,68.97,-777.53
2024-04-19 16:00:00,2898.07,2586.85,499.18,284.56,158.70,69.07,-703.98
2024-04-19 17:00:00,2643.73,2363.47,181.10,290.68,222.65,70.74,-488.50
2024-04-19 18:00:00,2494.79,1932.33,18.56,434.21,209.79,71.39,-175.18
2024-04-19 19:00:00,2472.10,1695.87,0.34,341.46,212.99,71.51,146.35
2024-04-19 20:00:00,2382.25,1495.46,0.30,367.96,215.73,71.09,228.08
2024-04-19 21:00:00,2320.57,1270.65,0.39,385.78,128.00,69.84,462.36
2024-04-19 22:00:00,2367.30,1005.36,0.21,347.49,100.89,67.90,841.83
2024-04-19 23:00:00,2375.74,696.61,0.18,389.82,94.30,67.84,1123.30
2024-04-20 00:00:00,2367.61,504.00,0.16,419.95,90.80,66.50,1282.61
2024-04-20 01:00:00,2284.67,462.91,0.16,398.61,94.08,66.02,1259.41
2024-04-20 02:00:00,2213.42,412.40,0.15,372.06,89.87,66.63,1268.87
2024-04-20 03:00:00,2207.23,299.88,0.24,415.25,89.13,67.88,1331.35
2024-04-20 04:00:00,2258.98,216.62,45.53,396.19,89.02,68.39,1439.57
2024-04-20 05:00:00,2398.14,123.47,239.90,472.28,105.44,68.31,1385.21
2024-04-20 06:00:00,2548.05,95.11,630.67,448.95,126.79,70.73,1172.28
2024-04-20 07:00:00,2699.32,116.63,1074.88,444.39,143.89,68.80,847.06
2024-04-20 08:00:00,2758.34,238.81,1375.95,384.20,483.62,85.75,186.31
2024-04-20 09:00:00,2756.27,538.32,1390.31,386.61,466.59,84.90,-114.23
2024-04-20 10:00:00,2821.60,909.51,1468.29,332.80,369.14,71.83,-333.66
2024-04-20 11:00:00,2969.84,1330.75,1342.49,319.47,210.27,58.26,-295.04
2024-04-20 12:00:00,3114.95,1767.17,1285.76,244.62,165.91,57.96,-410.19
2024-04-20 13:00:00,3099.25,1925.72,1176.39,216.29,154.77,62.48,-440.11
2024-04-20 14:00:00,2915.07,1873.55,791.68,236.09,147.38,62.73,-199.98
2024-04-20 15:00:00,2782.60,1619.42,547.70,306.85,155.07,66.42,83.66
2024-04-20 16:00:00,2566.31,1267.09,387.62,389.28,262.60,72.01,184.12
2024-04-20 17:00:00,2424.53,1018.15,140.25,483.16,272.83,76.64,430.01
2024-04-20 18:00:00,2334.55,610.24,20.95,524.62,266.23,76.58,832.34
2024-04-20 19:00:00,2305.74,640.21,0.40,518.73,236.05,78.25,828.58
2024-04-20 20:00:00,2213.12,929.00,0.34,480.03,228.20,71.03,501.00
2024-04-20 21:00:00,2130.50,974.91,0.27,449.46,207.09,69.02,426.29
2024-04-20 22:00:00,2085.23,1024.33,0.25,429.89,212.33,66.23,348.74
2024-04-20 23:00:00,2085.49,1091.59,0.22,348.91,217.04,68.00,356.20
2024-04-21 00:00:00,2086.27,1078.61,0.17,386.33,126.68,67.68,423.19
2024-04-21 01:00:00,2097.57,1098.33,0.19,284.63,107.08,67.93,535.92
2024-04-21 02:00:00,2123.11,1006.81,0.18,236.26,108.48,68.30,699.70
2024-04-21 03:00:00,2152.28,914.87,0.26,255.48,108.19,69.70,800.47
2024-04-21 04:00:00,2192.16,869.37,39.68,251.10,103.06,70.07,855.52
2024-04-21 05:00:00,2427.78,832.06,294.12,380.23,112.33,70.94,734.60
2024-04-21 06:00:00,2483.21,593.39,807.03,313.31,124.53,70.59,570.96
2024-04-21 07:00:00,2645.23,541.14,1293.83,332.08,144.85,67.80,262.12
2024-04-21 08:00:00,3077.05,652.88,1619.12,298.31,169.38,67.76,266.03
2024-04-21 09:00:00,3496.15,764.89,1710.47,218.61,178.48,64.67,555.45
2024-04-21 10:00:00,3570.05,817.33,1605.81,209.06,180.44,52.32,701.42
2024-04-21 11:00:00,3702.51,873.46,1777.89,208.77,177.29,51.57,610.00
2024-04-21 12:00:00,3676.31,1001.39,1719.90,207.28,181.64,51.38,511.00
2024-04-21 13:00:00,3572.49,1193.67,1824.61,214.32,173.46,54.75,108.22
2024-04-21 14:00:00,3282.65,1273.32,1790.88,228.45,162.53,57.23,-233.39
2024-04-21 15:00:00,2892.40,1472.89,1306.25,345.67,145.20,67.75,-449.04
2024-04-21 16:00:00,2612.47,1791.10,721.78,388.76,190.27,77.56,-560.73
2024-04-21 17:00:00,2460.01,1860.52,263.74,445.83,225.44,74.67,-413.70
2024-04-21 18:00:00,2312.16,1513.70,43.17,515.58,493.45,93.49,-350.86
2024-04-21 19:00:00,2289.31,1391.03,0.45,588.10,496.72,95.62,-286.32
2024-04-21 20:00:00,2227.06,1458.62,0.40,455.35,183.93,74.67,50.37
2024-04-21 21:00:00,2162.61,1393.33,0.31,445.64,288.31,83.75,-52.43
2024-04-21 22:00:00,2200.88,1246.68,0.26,433.25,172.22,71.61,273.14
2024-04-21 23:00:00,2199.04,863.35,0.21,432.90,160.50,70.17,668.17
2024-04-22 00:00:00,2149.65,825.18,0.18,422.87,159.82,70.52,667.36
2024-04-22 01:00:00,2113.47,838.37,0.16,483.21,164.75,69.13,554.25
2024-04-22 02:00:00,2135.42,892.35,0.17,435.27,165.32,67.75,571.10
2024-04-22 03:00:00,2264.78,954.39,0.45,498.53,181.87,68.38,557.60
2024-04-22 04:00:00,2586.86,1018.85,57.38,653.06,269.22,74.68,510.07
2024-04-22 05:00:00,2911.83,1027.67,310.17,633.38,363.08,83.44,490.76
2024-04-22 06:00:00,3052.73,1038.81,810.15,655.97,350.40,75.02,119.14
2024-04-22 07:00:00,3079.38,1001.16,1274.06,589.04,305.28,71.07,-164.45
2024-04-22 08:00:00,3140.32,858.59,1638.32,438.79,264.14,68.00,-130.88
2024-04-22 09:00:00,3128.53,859.65,1895.43,381.26,407.67,75.62,-494.45
2024-04-22 10:00:00,3147.30,834.42,1984.44,401.34,290.68,65.55,-432.55
2024-04-22 11:00:00,3128.09,713.84,1942.83,437.17,220.34,59.79,-249.15
2024-04-22 12:00:00,3057.65,561.33,1804.83,405.82,315.74,68.46,-101.73
2024-04-22 13:00:00,2967.02,560.24,1703.54,452.27,340.43,71.38,-164.08
2024-04-22 14:00:00,3024.74,614.39,1452.40,511.31,285.21,63.95,94.07
2024-04-22 15:00:00,2997.82,537.57,1101.43,621.38,322.67,64.25,347.25
2024-04-22 16:00:00,2887.24,440.68,680.68,624.11,417.90,72.86,647.71
2024-04-22 17:00:00,2704.54,365.09,243.33,719.20,457.82,80.19,835.79
2024-04-22 18:00:00,2608.63,227.13,31.58,706.23,442.72,80.11,1117.72
2024-04-22 19:00:00,2553.01,132.21,0.57,665.61,454.30,88.61,1208.43
2024-04-22 20:00:00,2418.22,134.08,0.55,641.85,421.01,86.24,1131.18
2024-04-22 21:00:00,2365.99,209.73,0.48,668.00,235.12,67.94,1181.48
2024-04-22 22:00:00,2312.52,311.70,0.38,522.35,126.80,67.06,1281.14
2024-04-22 23:00:00,2306.62,473.01,0.38,554.70,104.79,67.69,1102.91
2024-04-23 00:00:00,2291.93,588.89,0.31,597.19,106.04,67.99,928.40
2024-04-23 01:00:00,2249.13,800.01,0.32,695.03,123.24,69.33,558.13
2024-04-23 02:00:00,2252.43,990.51,0.26,735.45,149.71,69.90,303.50
2024-04-23 03:00:00,2383.95,1126.04,0.57,786.60,239.84,71.81,155.89
2024-04-23 04:00:00,2624.68,1370.90,50.41,937.73,310.10,74.93,-122.78
2024-04-23 05:00:00,2942.26,1481.92,253.93,1013.15,367.00,78.31,-255.55
2024-04-23 06:00:00,3090.98,1649.79,523.71,1017.18,384.07,80.37,-567.55
2024-04-23 07:00:00,3093.28,2091.23,651.43,911.38,306.35,72.12,-942.52
2024-04-23 08:00:00,3188.01,2268.79,602.12,573.75,211.19,61.81,-533.06
2024-04-23 09:00:00,3252.54,2234.96,618.41,511.80,152.03,66.83,-334.75
2024-04-23 10:00:00,3218.75,2352.87,674.78,486.64,157.36,65.83,-522.24
2024-04-23 11:00:00,3304.13,2063.98,820.87,512.23,150.42,65.83,-312.54
2024-04-23 12:00:00,3238.14,1992.76,856.86,488.49,153.31,65.38,-321.95
2024-04-23 13:00:00,3108.44,2277.53,711.02,477.99,146.56,68.54,-576.19
2024-04-23 14:00:00,3211.62,2111.61,775.40,480.13,166.72,66.93,-392.00
2024-04-23 15:00:00,3253.04,1633.29,551.14,702.78,266.69,69.13,27.15
2024-04-23 16:00:00,3072.61,1524.55,391.51,868.13,324.71,72.20,-111.34
2024-04-23 17:00:00,2849.81,1487.95,163.01,908.16,333.70,77.18,-123.00
2024-04-23 18:00:00,2756.14,1409.88,20.93,927.41,297.99,76.29,20.82
2024-04-23 19:00:00,2654.09,1484.77,0.33,723.17,275.42,75.39,92.18
2024-04-23 20:00:00,2520.98,1670.69,0.28,534.99,221.92,71.38,18.96
2024-04-23 21:00:00,2425.97,1627.66,0.22,510.18,214.20,69.32,1.57
2024-04-23 22:00:00,2386.08,1668.62,0.17,545.38,127.78,67.27,-25.94
2024-04-23 23:00:00,2422.44,1732.44,0.15,522.94,108.20,66.79,-10.81
2024-04-24 00:00:00,2426.71,1739.09,0.13,512.16,113.98,68.02,-9.54
2024-04-24 01:00:00,2411.15,1721.14,0.13,498.49,111.29,66.99,10.45
2024-04-24 02:00:00,2321.37,1666.22,0.13,512.05,114.72,66.60,-41.11
2024-04-24 03:00:00,2349.94,1416.73,0.32,636.36,137.23,66.45,89.95
2024-04-24 04:00:00,2619.18,1196.20,25.44,898.36,210.31,73.37,212.40
2024-04-24 05:00:00,2948.65,1172.63,161.23,1024.23,272.28,82.34,232.96
2024-04-24 06:00:00,3112.92,1171.22,366.24,947.00,269.26,84.01,271.98
2024-04-24 07:00:00,3145.22,1076.56,575.98,690.08,273.33,74.69,451.23
2024-04-24 08:00:00,3249.08,882.79,845.38,637.35,174.87,68.48,636.86
2024-04-24 09:00:00,3239.14,842.30,936.73,633.10,163.93,69.65,590.05
2024-04-24 10:00:00,3187.36,716.92,1095.38,596.41,166.70,67.33,541.28
2024-04-24 11:00:00,3206.33,574.77,1120.80,593.67,169.93,66.35,677.45
2024-04-24 12:00:00,3126.70,510.74,1069.47,599.73,173.96,58.09,711.32
2024-04-24 13:00:00,2917.97,474.61,1070.29,604.68,168.04,53.94,543.01
2024-04-24 14:00:00,2953.34,527.92,1014.20,585.25,182.24,57.26,583.06
2024-04-24 15:00:00,3069.16,460.15,840.59,709.00,276.89,60.34,718.68
2024-04-24 16:00:00,2951.49,487.29,561.98,825.91,363.94,62.22,646.81
2024-04-24 17:00:00,2724.71,470.59,195.38,990.11,386.20,64.66,614.39
2024-04-24 18:00:00,2590.20,360.79,31.55,1032.64,399.49,72.23,690.25
2024-04-24 19:00:00,2544.86,282.26,0.53,1009.08,341.87,75.80,832.14
2024-04-24 20:00:00,2419.46,177.61,0.48,964.07,294.89,70.93,908.31
2024-04-24 21:00:00,2311.10,191.38,0.39,657.13,241.57,68.39,1149.08
2024-04-24 22:00:00,2305.62,174.98,0.33,644.13,205.46,66.73,1210.69
2024-04-24 23:00:00,2312.83,184.50,0.27,572.71,203.56,68.58,1279.99
2024-04-25 00:00:00,2345.46,179.48,0.26,601.33,203.04,68.35,1289.77
2024-04-25 01:00:00,2294.66,112.33,0.26,591.81,202.26,69.18,1315.70
2024-04-25 02:00:00,2305.11,115.47,0.25,593.21,204.56,72.41,1316.06
2024-04-25 03:00:00,2314.24,139.31,0.87,732.29,217.85,70.54,1150.43
2024-04-25 04:00:00,2595.13,179.54,60.99,1022.14,327.87,76.60,924.80
2024-04-25 05:00:00,2921.53,199.65,260.55,1059.78,390.62,86.55,921.07
2024-04-25 06:00:00,3103.37,186.69,623.63,1015.70,410.03,86.90,776.99
2024-04-25 07:00:00,3146.33,290.34,1000.87,726.23,349.72,74.46,701.41
2024-04-25 08:00:00,3153.07,362.71,1178.23,623.54,219.15,70.57,695.73
2024-04-25 09:00:00,3242.87,479.22,1350.81,546.19,176.90,67.99,618.59
2024-04-25 10:00:00,2989.10,576.14,1094.08,605.89,173.96,67.68,468.09
2024-04-25 11:00:00,3046.37,687.26,1169.35,545.00,179.97,67.05,394.57
2024-04-25 12:00:00,3222.39,755.74,1308.04,549.00,174.28,69.90,361.92
2024-04-25 13:00:00,2874.13,753.52,916.34,547.24,166.33,68.79,418.54
2024-04-25 14:00:00,2802.49,654.40,720.17,575.19,154.48,69.67,624.85
2024-04-25 15:00:00,2923.28,522.93,630.27,730.62,254.98,71.65,709.28
2024-04-25 16:00:00,2923.27,389.40,492.40,866.30,355.89,79.07,736.77
2024-04-25 17:00:00,2727.95,326.08,182.29,1020.37,411.95,80.26,703.67
2024-04-25 18:00:00,2582.07,310.33,34.26,1021.35,422.47,82.29,707.91
2024-04-25 19:00:00,2531.35,409.69,0.53,949.42,345.36,77.59,745.44
2024-04-25 20:00:00,2420.43,562.76,0.42,666.69,262.24,72.49,852.55
2024-04-25 21:00:00,2335.31,774.95,0.32,701.24,231.24,70.77,553.49
2024-04-25 22:00:00,2331.71,749.92,0.27,583.73,131.42,70.53,792.53
2024-04-25 23:00:00,2403.19,908.45,0.20,430.16,110.01,71.09,879.87
2024-04-26 00:00:00,2373.42,996.35,0.17,450.31,108.93,70.69,743.67
2024-04-26 01:00:00,2326.04,1047.11,0.17,399.97,109.85,71.66,693.96
2024-04-26 02:00:00,2291.34,1155.98,0.15,464.07,130.27,71.97,465.69
2024-04-26 03:00:00,2374.33,1274.43,0.85,512.68,133.05,67.91,382.15
2024-04-26 04:00:00,2602.41,1495.39,53.62,611.82,278.56,73.37,86.32
2024-04-26 05:00:00,2910.56,1522.00,224.90,659.98,353.14,76.38,70.73
2024-04-26 06:00:00,3076.81,1559.22,449.21,641.71,325.38,76.39,21.48
2024-04-26 07:00:00,3154.05,1812.94,555.01,414.96,289.28,72.27,6.36
2024-04-26 08:00:00,3328.24,2106.92,617.46,368.35,261.34,69.99,-98.91
2024-04-26 09:00:00,3376.96,2428.32,830.91,315.30,162.93,68.50,-432.22
2024-04-26 10:00:00,3266.68,2452.44,914.52,269.83,155.46,67.59,-596.43
2024-04-26 11:00:00,3300.61,2233.48,990.72,276.15,153.49,67.64,-424.18
2024-04-26 12:00:00,3263.08,1990.22,1110.49,281.31,147.49,63.56,-333.22
2024-04-26 13:00:00,3038.34,1760.57,1054.20,325.95,149.56,68.89,-324.18
2024-04-26 14:00:00,3028.50,1523.44,946.42,374.68,158.92,71.37,-49.70
2024-04-26 15:00:00,3102.05,1291.59,872.70,432.90,262.46,74.14,164.73
2024-04-26 16:00:00,2881.73,1184.47,538.91,585.39,314.31,74.48,180.80
2024-04-26 17:00:00,2598.79,913.96,193.19,633.18,343.01,79.32,432.51
2024-04-26 18:00:00,2444.47,732.11,29.30,665.54,348.49,79.35,586.39
2024-04-26 19:00:00,2387.26,602.28,0.38,647.90,326.30,78.10,729.09
2024-04-26 20:00:00,2309.97,492.14,0.40,556.08,272.44,74.14,911.62
2024-04-26 21:00:00,2221.02,408.96,0.33,487.72,230.28,71.68,1018.69
2024-04-26 22:00:00,2189.92,360.69,0.27,544.87,129.49,72.07,1079.27
2024-04-26 23:00:00,2191.58,280.42,0.29,497.34,102.74,72.26,1235.16
2024-04-27 00:00:00,2173.56,210.02,0.23,488.89,100.51,71.59,1299.20
2024-04-27 01:00:00,2099.23,216.90,0.16,439.89,102.79,70.92,1265.38
2024-04-27 02:00:00,2098.93,210.71,0.14,506.78,107.18,71.35,1199.72
2024-04-27 03:00:00,2062.60,203.59,1.17,523.87,197.52,74.40,1059.03
2024-04-27 04:00:00,2137.20,258.74,56.42,526.34,111.98,73.60,1107.05
2024-04-27 05:00:00,2308.55,263.31,247.77,532.74,119.34,73.95,1068.28
2024-04-27 06:00:00,2604.19,240.60,485.07,508.09,130.45,74.97,1161.84
2024-04-27 07:00:00,2846.64,232.34,825.46,374.25,140.42,73.00,1197.71
2024-04-27 08:00:00,3184.72,199.68,1357.89,334.12,155.25,73.02,1061.38
2024-04-27 09:00:00,3249.19,162.03,1446.26,247.45,147.64,72.96,1169.41
2024-04-27 10:00:00,2980.48,179.25,1592.21,211.64,246.83,75.64,671.42
2024-04-27 11:00:00,3218.81,193.09,1871.97,185.18,166.05,71.44,727.27
2024-04-27 12:00:00,3329.41,205.92,1856.33,177.90,161.35,71.45,852.92
2024-04-27 13:00:00,3213.72,311.51,1592.38,142.59,153.05,71.80,938.73
2024-04-27 14:00:00,2837.02,481.27,1117.87,161.68,142.09,72.35,857.98
2024-04-27 15:00:00,2565.03,757.18,742.38,254.02,165.47,72.18,570.25
2024-04-27 16:00:00,2466.53,1207.68,383.61,331.27,193.84,76.67,269.77
2024-04-27 17:00:00,2329.50,1634.95,129.09,404.04,200.63,77.76,-120.57
2024-04-27 18:00:00,2283.17,2044.49,13.79,408.68,184.20,78.64,-450.20
2024-04-27 19:00:00,2359.67,2354.66,0.48,315.03,147.26,74.48,-535.76
2024-04-27 20:00:00,2300.45,2471.91,0.40,272.69,141.37,72.83,-662.34
2024-04-27 21:00:00,2140.40,2628.46,0.33,249.86,157.12,72.49,-971.39
2024-04-27 22:00:00,2073.52,2546.71,0.28,293.47,136.89,68.45,-975.73
2024-04-27 23:00:00,2131.52,2366.15,0.22,295.32,133.48,67.39,-734.63
2024-04-28 00:00:00,2172.17,2013.24,0.22,294.31,105.29,67.11,-311.37
2024-04-28 01:00:00,2241.21,1683.79,0.18,183.93,98.56,64.21,207.22
2024-04-28 02:00:00,2374.78,1583.57,0.16,214.68,99.28,57.94,415.78
2024-04-28 03:00:00,2475.32,1691.36,0.70,198.55,104.11,57.00,420.29
2024-04-28 04:00:00,2586.36,1893.57,38.89,127.99,100.43,52.66,369.46
2024-04-28 05:00:00,3011.66,1961.05,207.50,6.74,105.64,56.07,671.19
2024-04-28 06:00:00,3067.86,1697.57,482.49,7.16,125.49,56.77,694.76
2024-04-28 07:00:00,3405.66,1900.57,911.37,7.21,146.42,57.10,379.75
2024-04-28 08:00:00,3484.01,1657.61,1274.56,7.32,159.56,57.16,324.39
2024-04-28 09:00:00,3709.07,1839.96,1841.75,6.95,181.39,56.89,-221.35
2024-04-28 10:00:00,3859.87,1913.42,1638.15,2.26,178.49,55.22,68.93
2024-04-28 11:00:00,3751.82,1527.08,1328.49,2.34,173.75,55.37,661.49
2024-04-28 12:00:00,3494.60,1795.31,709.91,2.37,148.84,56.38,778.41
2024-04-28 13:00:00,3325.63,2020.07,498.11,2.40,133.25,56.76,611.61
2024-04-28 14:00:00,3368.27,1987.99,589.99,2.56,128.51,57.25,598.54
2024-04-28 15:00:00,3250.11,2102.29,615.62,8.57,145.53,65.52,309.23
2024-04-28 16:00:00,2672.39,1952.47,289.49,11.71,152.71,72.87,189.80
2024-04-28 17:00:00,2408.12,1831.42,130.64,148.77,141.43,78.74,73.71
2024-04-28 18:00:00,2275.61,2031.25,43.76,288.28,145.44,79.71,-316.16
2024-04-28 19:00:00,2276.05,2499.06,0.49,262.95,149.83,77.46,-716.98
2024-04-28 20:00:00,2260.32,3024.01,0.41,206.94,143.81,74.01,-1192.11
2024-04-28 21:00:00,2227.82,3396.79,0.35,202.58,143.92,71.13,-1590.23
2024-04-28 22:00:00,2261.76,3481.40,0.32,283.51,147.31,68.76,-1722.80
2024-04-28 23:00:00,2228.72,3484.15,0.27,203.49,135.31,69.23,-1666.82
2024-04-29 00:00:00,2146.07,3142.98,0.23,227.90,138.37,68.22,-1434.69
2024-04-29 01:00:00,2039.21,2646.41,0.20,253.03,140.62,67.03,-1071.15
2024-04-29 02:00:00,2023.65,2234.72,0.19,290.94,200.09,72.44,-777.72
2024-04-29 03:00:00,2118.49,1756.84,1.86,296.83,207.11,75.44,-222.63
2024-04-29 04:00:00,2416.81,1667.86,74.90,299.37,236.32,77.14,58.13
2024-04-29 05:00:00,2753.60,1714.49,339.64,281.21,233.04,78.38,103.75
2024-04-29 06:00:00,2996.79,2093.07,900.79,261.13,245.23,75.97,-582.80
2024-04-29 07:00:00,3192.21,2612.25,1410.63,209.83,224.36,69.05,-1337.19
2024-04-29 08:00:00,3591.67,2800.02,1753.82,147.59,231.63,69.16,-1413.85
2024-04-29 09:00:00,3468.60,2789.95,1973.18,164.68,226.13,66.38,-1755.08
2024-04-29 10:00:00,3443.35,2440.67,2028.03,161.36,231.57,61.56,-1483.27
2024-04-29 11:00:00,3838.42,2042.90,2086.67,187.02,204.73,59.39,-745.66
2024-04-29 12:00:00,3713.46,1820.03,1885.92,193.08,194.34,60.33,-443.68
2024-04-29 13:00:00,3023.00,1562.61,1773.91,308.67,201.78,66.65,-894.02
2024-04-29 14:00:00,2873.47,1218.88,1593.48,278.66,199.35,70.75,-491.06
2024-04-29 15:00:00,2857.11,1021.22,1220.02,284.31,249.87,71.84,6.55
2024-04-29 16:00:00,2808.24,836.48,760.36,286.20,281.68,77.86,562.28
2024-04-29 17:00:00,2555.04,642.46,299.84,370.01,304.54,79.51,855.27
2024-04-29 18:00:00,2421.20,440.50,65.01,351.34,286.40,81.77,1192.88
2024-04-29 19:00:00,2381.74,513.64,0.90,328.47,225.48,75.38,1234.54
2024-04-29 20:00:00,2329.35,919.35,0.42,271.72,207.81,72.50,854.27
2024-04-29 21:00:00,2268.50,1401.30,0.38,209.75,183.23,72.51,398.01
2024-04-29 22:00:00,2143.13,1694.31,0.36,204.61,138.07,70.35,32.10
2024-04-29 23:00:00,2216.25,1952.06,0.32,192.65,129.11,69.93,-131.17
2024-04-30 00:00:00,2287.81,2041.25,0.28,133.75,126.62,70.01,-87.38
2024-04-30 01:00:00,2277.00,2048.99,0.26,190.63,123.38,70.49,-160.11
2024-04-30 02:00:00,2280.01,2190.15,0.23,191.49,123.56,70.44,-299.27
2024-04-30 03:00:00,2178.45,2414.32,1.97,136.51,188.57,73.15,-639.37
2024-04-30 04:00:00,2523.06,2501.43,67.14,250.42,161.19,77.33,-537.87
2024-04-30 05:00:00,2821.91,2527.43,255.13,190.99,182.99,77.03,-415.08
2024-04-30 06:00:00,2958.29,2516.75,472.41,257.70,201.82,77.80,-571.52
2024-04-30 07:00:00,3059.23,2445.35,790.67,166.73,195.61,70.18,-612.62
2024-04-30 08:00:00,3182.35,2344.20,1079.47,297.59,179.75,62.79,-784.77
2024-04-30 09:00:00,3174.13,2368.63,1402.25,293.18,190.01,54.28,-1137.66
2024-04-30 10:00:00,3492.41,2498.74,1442.27,158.24,176.76,52.44,-839.42
2024-04-30 11:00:00,3368.56,2599.36,1406.21,135.56,188.17,51.04,-1015.18
2024-04-30 12:00:00,3344.08,2653.58,1555.87,137.00,186.71,50.72,-1243.27
2024-04-30 13:00:00,3266.47,2734.56,1797.19,150.01,193.15,55.69,-1667.48
2024-04-30 14:00:00,3111.07,2833.95,1528.52,157.94,186.57,62.66,-1661.84
2024-04-30 15:00:00,2959.73,2909.44,971.35,224.30,173.96,67.89,-1390.49
2024-04-30 16:00:00,2822.26,2874.14,626.68,314.54,167.80,71.09,-1235.38
2024-04-30 17:00:00,2619.07,2556.97,227.39,349.91,150.03,71.33,-739.89
2024-04-30 18:00:00,2477.79,2456.17,44.26,364.70,131.68,69.64,-591.99
2024-04-30 19:00:00,2452.66,2523.38,0.65,309.56,118.48,72.20,-574.89
2024-04-30 20:00:00,2377.47,2689.85,0.60,218.20,113.56,68.03,-716.04
2024-04-30 21:00:00,2372.65,2797.96,0.50,134.47,114.03,65.78,-743.47
2024-04-30 22:00:00,2233.40,2805.74,0.44,73.05,128.79,66.46,-844.38
2024-04-30 23:00:00,2209.99,2657.58,0.39,39.09,123.47,66.73,-680.58
2024-05-01 00:00:00,2095.46,2301.25,0.36,38.64,122.59,66.82,-437.48
2024-05-01 01:00:00,2184.74,2161.61,0.26,41.10,114.23,66.12,-201.77
2024-05-01 02:00:00,2115.84,2115.79,0.28,65.21,112.93,67.89,-249.46
2024-05-01 03:00:00,2211.74,2151.35,4.03,69.04,111.04,67.69,-194.64
2024-05-01 04:00:00,2474.94,2057.33,94.63,46.46,115.90,68.15,89.08
2024-05-01 05:00:00,2613.51,2018.86,391.44,19.62,129.29,68.57,-17.55
2024-05-01 06:00:00,3001.24,2042.33,888.90,6.31,141.81,65.10,-146.48
2024-05-01 07:00:00,3296.31,2095.14,1450.89,3.32,153.32,52.94,-462.53
2024-05-01 08:00:00,3507.15,1950.39,1722.36,2.75,177.11,50.30,-399.18
2024-05-01 09:00:00,3721.95,1599.26,1832.27,2.74,171.57,48.46,64.41
2024-05-01 10:00:00,3758.49,1596.94,1914.20,2.75,183.88,49.34,8.13
2024-05-01 11:00:00,3575.12,1248.12,1888.76,2.72,185.55,51.47,195.20
2024-05-01 12:00:00,3605.11,1275.04,1934.55,2.74,182.82,52.10,154.55
2024-05-01 13:00:00,3590.48,1299.02,1883.82,2.48,172.57,50.16,179.20
2024-05-01 14:00:00,3437.86,1640.08,1646.10,2.43,165.52,42.53,-62.15
2024-05-01 15:00:00,3252.34,2138.76,1403.79,2.48,156.96,61.99,-515.01
2024-05-01 16:00:00,2803.89,2628.99,823.83,2.74,160.60,70.46,-886.05
2024-05-01 17:00:00,2555.34,2449.09,294.39,12.08,140.26,75.05,-418.77
2024-05-01 18:00:00,2430.31,2554.93,52.92,13.72,129.53,76.59,-400.67
2024-05-01 19:00:00,2543.46,2993.79,0.61,14.06,121.02,75.08,-664.27
2024-05-01 20:00:00,2468.19,3268.60,0.49,11.45,122.66,74.34,-1012.55
2024-05-01 21:00:00,2426.12,3401.33,0.40,4.89,115.48,74.18,-1173.26
2024-05-01 22:00:00,2520.00,3502.35,0.34,2.41,122.69,67.07,-1177.96
2024-05-01 23:00:00,2406.99,3514.91,0.33,2.33,113.14,69.21,-1296.08
2024-05-02 00:00:00,2510.00,3605.79,0.32,2.36,119.55,71.63,-1292.80
2024-05-02 01:00:00,2383.22,3581.25,0.31,2.35,115.98,71.00,-1390.60
2024-05-02 02:00:00,2333.72,3435.13,0.48,2.35,115.38,68.85,-1291.45
2024-05-02 03:00:00,2379.04,3321.13,4.15,4.24,124.33,68.71,-1146.45
2024-05-02 04:00:00,2557.41,3262.44,101.92,7.10,132.70,74.01,-1023.86
2024-05-02 05:00:00,2768.81,3193.98,336.40,14.41,144.59,78.32,-1001.81
2024-05-02 06:00:00,3012.54,3072.88,772.93,15.70,162.79,78.95,-1093.67
2024-05-02 07:00:00,3219.33,3037.64,1367.39,14.72,183.10,70.03,-1456.62
2024-05-02 08:00:00,3468.42,3196.64,1942.63,3.42,186.93,60.52,-1924.69
2024-05-02 09:00:00,3637.74,2705.79,2194.40,2.15,187.20,53.22,-1507.94
2024-05-02 10:00:00,3745.54,2424.79,1946.59,2.11,186.47,53.02,-870.53
2024-05-02 11:00:00,3737.73,1823.33,1905.73,2.12,197.89,52.88,-247.17
2024-05-02 12:00:00,3573.22,2894.10,2162.77,2.05,199.08,54.36,-1742.08
2024-05-02 13:00:00,3575.67,3091.34,1944.88,2.02,192.63,56.18,-1714.29
2024-05-02 14:00:00,3215.66,3782.91,1909.88,2.04,204.14,65.33,-2751.77
2024-05-02 15:00:00,3147.22,3720.49,1443.00,9.12,185.34,68.56,-2282.24
2024-05-02 16:00:00,2956.36,3640.13,858.02,12.04,162.46,72.63,-1791.95
2024-05-02 17:00:00,2705.35,3305.71,322.13,12.02,136.61,73.54,-1147.60
2024-05-02 18:00:00,2502.69,3183.16,89.43,12.04,119.49,74.62,-978.89
2024-05-02 19:00:00,2470.74,3284.55,0.72,12.03,123.02,76.31,-1028.72
2024-05-02 20:00:00,2416.75,3435.82,0.54,10.41,125.61,74.36,-1232.83
2024-05-02 21:00:00,2314.35,3578.40,0.49,39.45,126.17,73.74,-1506.68
2024-05-02 22:00:00,2402.95,3696.64,0.37,126.42,123.81,72.47,-1619.67
2024-05-02 23:00:00,2325.09,3688.49,0.32,177.32,125.97,72.29,-1742.14
2024-05-03 00:00:00,2241.02,3576.28,0.36,147.57,123.81,72.42,-1682.28
2024-05-03 01:00:00,2148.80,3431.49,0.26,130.61,122.78,72.99,-1612.13
2024-05-03 02:00:00,2141.21,3373.67,0.27,158.86,121.37,73.19,-1589.02
2024-05-03 03:00:00,2212.79,3281.06,43.70,180.81,122.40,73.60,-1491.55
2024-05-03 04:00:00,2443.99,3151.74,133.19,219.26,130.29,74.25,-1267.71
2024-05-03 05:00:00,2715.75,3005.18,412.71,224.52,143.96,75.73,-1149.19
2024-05-03 06:00:00,2946.21,2926.80,981.33,242.76,160.22,75.47,-1443.44
2024-05-03 07:00:00,3074.39,2776.57,1537.51,281.59,178.57,76.02,-1778.80
2024-05-03 08:00:00,3169.16,2616.77,1968.60,255.32,198.34,73.97,-1946.71
2024-05-03 09:00:00,3177.24,2492.98,2159.04,245.06,206.54,72.71,-2002.04
2024-05-03 10:00:00,3060.66,2446.63,2246.72,162.76,214.52,67.56,-2080.55
2024-05-03 11:00:00,3040.21,2360.27,2226.87,165.09,218.98,71.15,-2005.26
2024-05-03 12:00:00,2931.39,2408.97,2272.77,157.49,213.72,72.89,-2197.40
2024-05-03 13:00:00,2899.41,2363.81,2149.80,138.66,205.19,72.16,-2033.25
2024-05-03 14:00:00,2866.85,2182.65,1828.96,204.56,185.69,73.09,-1611.10
2024-05-03 15:00:00,2761.68,1624.33,1281.60,339.21,366.08,96.40,-949.06
2024-05-03 16:00:00,2595.65,1239.85,670.14,326.64,232.90,84.77,38.25
2024-05-03 17:00:00,2361.92,998.44,279.38,353.98,139.71,86.78,500.62
2024-05-03 18:00:00,2200.11,957.15,82.60,345.44,120.57,85.37,606.03
2024-05-03 19:00:00,2117.72,741.97,0.66,349.42,117.19,85.71,819.87
2024-05-03 20:00:00,2096.27,603.10,0.43,420.67,323.49,99.90,645.22
2024-05-03 21:00:00,2017.90,605.56,0.36,313.26,113.80,82.52,899.48
2024-05-03 22:00:00,1880.79,594.20,0.29,305.99,222.32,94.44,660.79
2024-05-03 23:00:00,1883.88,600.90,0.26,223.83,110.03,77.97,868.13
2024-05-04 00:00:00,1793.77,409.91,0.23,253.23,173.04,91.53,863.08
2024-05-04 01:00:00,1714.83,257.36,0.22,256.92,130.03,84.94,982.48
2024-05-04 02:00:00,1750.81,234.52,0.19,176.73,95.88,83.06,1157.60
2024-05-04 03:00:00,1889.92,211.29,39.82,153.62,95.14,85.89,1301.45
2024-05-04 04:00:00,1871.75,175.81,74.58,211.01,96.14,86.01,1225.44
2024-05-04 05:00:00,1977.55,163.88,154.09,285.22,101.28,81.09,1189.19
2024-05-04 06:00:00,2240.06,151.01,348.77,303.16,106.77,79.84,1247.65
2024-05-04 07:00:00,2314.03,151.21,484.45,293.58,193.12,91.76,1097.07
2024-05-04 08:00:00,2460.51,176.43,608.40,253.94,129.88,79.51,1209.48
2024-05-04 09:00:00,2662.97,206.86,950.09,252.10,127.21,76.72,1047.10
2024-05-04 10:00:00,2918.33,269.26,1297.35,144.34,141.07,72.74,990.42
2024-05-04 11:00:00,3151.49,318.65,1413.07,123.07,138.59,62.97,1092.19
2024-05-04 12:00:00,3148.30,385.67,1161.34,121.52,140.29,61.50,1275.00
2024-05-04 13:00:00,2864.61,325.55,1377.11,127.70,134.27,64.82,832.11
2024-05-04 14:00:00,2563.53,201.22,1336.05,173.72,130.14,76.50,642.89
2024-05-04 15:00:00,2480.30,127.17,993.30,297.36,124.94,81.72,852.75
2024-05-04 16:00:00,2390.66,69.84,692.31,331.46,132.29,86.08,1075.71
2024-05-04 17:00:00,2208.28,31.24,312.26,328.79,142.27,89.05,1301.82
2024-05-04 18:00:00,2088.61,17.20,105.17,321.15,138.48,89.07,1414.61
2024-05-04 19:00:00,2018.63,13.86,0.65,337.20,122.16,82.55,1459.30
2024-05-04 20:00:00,2031.46,12.33,0.30,294.00,91.41,79.04,1551.48
2024-05-04 21:00:00,2023.85,10.12,0.26,229.55,85.87,79.25,1616.00
2024-05-04 22:00:00,1788.61,9.12,0.22,286.08,88.79,78.06,1323.58
2024-05-04 23:00:00,1747.66,6.24,0.19,320.45,218.27,91.45,1108.27
2024-05-05 00:00:00,1726.71,10.36,0.17,322.80,352.96,101.21,936.55
2024-05-05 01:00:00,1700.11,23.27,0.15,235.69,145.87,89.35,1202.97
2024-05-05 02:00:00,1863.54,87.92,0.15,161.23,85.53,79.62,1446.37
2024-05-05 03:00:00,1913.64,183.27,43.99,152.09,87.42,79.51,1364.72
2024-05-05 04:00:00,1984.89,260.22,119.75,164.79,92.44,80.44,1264.61
2024-05-05 05:00:00,2137.91,330.67,311.58,174.97,101.47,80.00,1136.47
2024-05-05 06:00:00,2502.54,392.58,459.29,123.38,105.07,77.70,1341.74
2024-05-05 07:00:00,2775.01,411.78,691.16,145.92,107.27,60.49,1355.65
2024-05-05 08:00:00,3186.57,348.19,747.40,120.58,105.49,58.13,1803.93
2024-05-05 09:00:00,3287.10,431.22,743.87,119.67,113.60,54.83,1821.03
2024-05-05 10:00:00,3215.38,479.55,798.92,120.56,116.03,53.79,1643.69
2024-05-05 11:00:00,3233.00,498.38,718.15,128.65,115.15,54.68,1715.28
2024-05-05 12:00:00,3191.08,584.75,626.25,133.59,112.73,54.64,1676.31
2024-05-05 13:00:00,3177.90,709.78,576.67,133.98,111.43,65.83,1577.56
2024-05-05 14:00:00,3034.57,1010.02,504.29,138.13,111.21,71.84,1196.32
2024-05-05 15:00:00,2779.54,1215.36,380.32,268.64,108.09,77.48,726.85
2024-05-05 16:00:00,2491.25,1263.14,205.93,276.55,119.62,89.68,533.25
2024-05-05 17:00:00,2385.19,1200.18,134.84,332.32,133.19,90.70,490.92
2024-05-05 18:00:00,2368.80,1245.95,51.25,324.74,133.25,89.06,521.64
2024-05-05 19:00:00,2163.14,1024.52,0.24,316.01,130.68,85.95,602.69
2024-05-05 20:00:00,2062.48,876.95,0.25,293.49,118.60,85.32,684.99
2024-05-05 21:00:00,1966.79,851.44,0.20,234.82,113.42,83.69,680.30
2024-05-05 22:00:00,1980.27,768.92,0.18,281.46,106.82,80.33,739.59
2024-05-05 23:00:00,2047.24,731.91,0.14,277.97,99.41,80.82,854.12
2024-05-06 00:00:00,2090.12,664.59,0.12,240.11,97.28,80.95,1004.20
2024-05-06 01:00:00,1891.94,586.46,0.12,271.92,99.97,80.83,850.05
2024-05-06 02:00:00,1879.07,588.70,0.13,366.06,104.43,80.57,736.57
2024-05-06 03:00:00,2018.72,637.18,41.60,311.11,94.61,73.75,857.75
2024-05-06 04:00:00,2363.14,592.17,106.63,302.28,125.55,76.15,1157.71
2024-05-06 05:00:00,2685.22,553.59,280.62,342.75,143.11,78.04,1284.07
2024-05-06 06:00:00,2920.60,498.81,545.07,322.03,152.86,83.73,1315.27
2024-05-06 07:00:00,2917.48,458.27,785.99,259.41,207.44,89.15,1114.45
2024-05-06 08:00:00,3024.55,480.32,981.23,160.88,227.01,85.84,1086.42
2024-05-06 09:00:00,3146.60,494.99,896.43,188.46,151.17,77.48,1335.25
2024-05-06 10:00:00,3032.22,512.16,1144.26,166.08,149.03,74.47,983.07
2024-05-06 11:00:00,2986.65,471.57,888.08,284.14,141.85,72.18,1125.99
2024-05-06 12:00:00,2926.79,497.04,779.68,227.53,185.02,79.56,1155.09
2024-05-06 13:00:00,2805.58,490.73,712.84,236.66,137.90,73.87,1150.72
2024-05-06 14:00:00,2803.70,498.36,716.04,227.25,127.92,73.11,1158.15
2024-05-06 15:00:00,2885.97,442.30,532.33,327.08,129.98,76.56,1374.96
2024-05-06 16:00:00,2730.39,459.59,297.20,338.02,238.45,78.44,1315.85
2024-05-06 17:00:00,2561.44,424.22,149.66,336.62,254.76,85.12,1308.32
2024-05-06 18:00:00,2449.03,408.80,70.79,372.80,252.89,84.97,1256.01
2024-05-06 19:00:00,2366.02,405.42,0.68,320.38,226.64,82.88,1327.32
2024-05-06 20:00:00,2270.89,501.53,0.30,298.91,195.40,77.80,1194.15
2024-05-06 21:00:00,2170.09,790.65,0.25,282.61,241.89,83.21,768.74
2024-05-06 22:00:00,2133.51,954.89,0.20,245.28,95.44,71.98,762.99
2024-05-06 23:00:00,2156.13,986.89,0.19,232.94,93.79,73.81,765.83
2024-05-07 00:00:00,2077.94,974.70,0.15,229.96,98.28,74.37,697.79
2024-05-07 01:00:00,2010.32,1005.06,0.14,199.82,100.18,74.38,628.02
2024-05-07 02:00:00,1984.66,1100.55,0.14,196.91,101.61,75.00,507.69
2024-05-07 03:00:00,2113.39,1076.86,42.55,217.10,115.14,73.74,585.23
2024-05-07 04:00:00,2384.43,881.61,101.02,269.31,165.29,76.47,887.90
2024-05-07 05:00:00,2715.60,737.84,248.58,298.38,185.62,81.61,1160.73
2024-05-07 06:00:00,2864.14,690.78,424.14,291.66,198.34,80.87,1175.61
2024-05-07 07:00:00,2885.17,632.05,651.35,327.19,195.95,75.37,1000.56
2024-05-07 08:00:00,2947.91,495.40,1038.97,266.44,188.17,72.29,883.81
2024-05-07 09:00:00,3024.27,414.97,1366.66,230.65,185.21,71.53,752.40
2024-05-07 10:00:00,2971.91,372.12,1610.78,203.23,201.40,70.23,511.17
2024-05-07 11:00:00,2987.72,360.85,1641.77,233.00,205.12,73.06,471.17
2024-05-07 12:00:00,2963.55,327.20,1573.04,229.08,202.05,70.86,558.60
2024-05-07 13:00:00,2832.26,233.31,1443.24,318.40,193.73,71.60,569.26
2024-05-07 14:00:00,2663.50,140.47,1210.68,420.20,170.38,74.77,644.12
2024-05-07 15:00:00,2727.50,81.64,895.68,537.49,197.51,76.40,935.95
2024-05-07 16:00:00,2666.43,48.81,517.01,693.16,270.10,78.82,1056.00
2024-05-07 17:00:00,2553.48,33.80,245.01,543.42,306.67,81.14,1340.47
2024-05-07 18:00:00,2457.24,30.99,106.96,431.00,392.41,90.74,1402.34
2024-05-07 19:00:00,2401.20,39.18,40.93,510.90,269.79,78.82,1458.92
2024-05-07 20:00:00,2276.89,55.67,0.44,551.93,212.39,76.75,1377.24
2024-05-07 21:00:00,2134.95,76.76,0.34,442.85,112.12,75.83,1424.50
2024-05-07 22:00:00,2147.60,83.10,0.34,446.57,83.27,72.68,1458.99
2024-05-07 23:00:00,2143.85,86.32,0.29,433.77,82.59,72.23,1466.11
2024-05-08 00:00:00,2127.97,95.89,0.24,368.83,83.82,72.72,1503.81
2024-05-08 01:00:00,2054.72,90.54,0.27,481.83,87.63,72.93,1318.81
2024-05-08 02:00:00,2058.93,104.40,0.21,403.44,87.39,73.60,1387.33
2024-05-08 03:00:00,2171.42,108.95,42.04,402.33,93.62,76.21,1445.72
2024-05-08 04:00:00,2376.98,115.05,111.14,573.87,140.60,79.30,1354.36
2024-05-08 05:00:00,2684.23,109.41,302.33,620.41,163.79,81.06,1404.52
2024-05-08 06:00:00,2845.08,94.22,625.72,568.15,187.76,80.48,1286.17
2024-05-08 07:00:00,2839.58,171.14,1070.13,488.17,174.54,73.73,859.24
2024-05-08 08:00:00,2867.48,216.77,1281.65,529.09,177.65,71.73,587.03
2024-05-08 09:00:00,2894.04,275.55,1546.55,496.64,182.88,70.04,319.29
2024-05-08 10:00:00,2889.04,359.90,1683.33,452.30,187.59,67.67,135.37
2024-05-08 11:00:00,2926.63,425.60,1734.77,402.45,195.19,67.43,98.22
2024-05-08 12:00:00,2866.24,474.36,1740.93,406.92,189.23,71.32,-19.35
2024-05-08 13:00:00,2686.14,532.60,1422.56,495.03,191.14,73.02,-31.00
2024-05-08 14:00:00,2728.69,573.91,1232.91,495.35,168.14,75.00,180.55
2024-05-08 15:00:00,2789.55,662.81,1011.90,593.40,162.79,76.06,279.52
2024-05-08 16:00:00,2702.23,630.11,655.83,656.99,213.62,78.87,464.02
2024-05-08 17:00:00,2560.45,534.11,319.61,702.61,248.03,83.65,669.60
2024-05-08 18:00:00,2395.73,435.80,96.28,700.87,233.27,85.33,841.26
2024-05-08 19:00:00,2326.36,458.61,39.40,610.65,213.77,82.58,918.45
2024-05-08 20:00:00,2163.48,524.29,0.56,438.72,153.77,79.15,964.24
2024-05-08 21:00:00,2033.13,498.12,0.52,297.89,98.46,77.68,1057.55
2024-05-08 22:00:00,1968.16,479.13,0.43,302.32,89.60,76.77,1017.21
2024-05-08 23:00:00,1894.29,478.69,0.45,294.07,92.60,76.82,948.79
2024-05-09 00:00:00,1880.76,500.55,0.39,294.86,95.65,75.83,910.70
2024-05-09 01:00:00,1857.05,592.91,0.39,283.22,93.99,77.05,806.93
2024-05-09 02:00:00,1851.54,657.27,0.34,283.47,95.35,78.91,733.50
2024-05-09 03:00:00,1865.19,715.27,51.46,278.39,99.29,83.73,634.41
2024-05-09 04:00:00,1931.29,794.20,155.82,209.81,111.16,84.41,573.28
2024-05-09 05:00:00,2151.12,877.80,303.86,286.26,122.15,84.35,473.93
2024-05-09 06:00:00,2306.21,1042.86,550.38,266.49,137.37,76.61,229.76
2024-05-09 07:00:00,2539.15,1252.09,854.66,236.96,148.14,67.16,-22.96
2024-05-09 08:00:00,2873.78,1451.58,1143.14,128.49,172.60,64.91,-89.78
2024-05-09 09:00:00,3169.19,1376.06,1330.90,120.30,178.65,50.69,109.73
2024-05-09 10:00:00,3303.15,1593.94,1193.93,121.79,168.57,49.87,172.14
2024-05-09 11:00:00,3099.53,1732.14,962.69,120.60,159.23,54.91,67.12
2024-05-09 12:00:00,3139.27,1640.74,882.61,120.29,144.57,50.87,297.41
2024-05-09 13:00:00,3114.66,1683.35,800.29,120.06,142.06,55.02,310.81
2024-05-09 14:00:00,2967.48,1902.06,699.63,125.67,130.80,56.05,50.50
2024-05-09 15:00:00,2536.38,1692.25,569.56,213.25,130.98,63.87,-136.40
2024-05-09 16:00:00,2436.50,1468.56,457.36,237.18,159.16,73.41,38.13
2024-05-09 17:00:00,2289.29,1291.54,247.93,344.58,176.99,78.04,147.40
2024-05-09 18:00:00,2184.43,1246.08,118.34,408.26,188.93,80.74,139.35
2024-05-09 19:00:00,2144.48,1402.04,44.41,356.01,188.99,77.22,73.10
2024-05-09 20:00:00,2038.92,1468.31,0.54,317.30,158.97,72.76,18.04
2024-05-09 21:00:00,1929.95,1588.44,0.44,276.19,148.14,69.62,-155.45
2024-05-09 22:00:00,1875.84,1666.80,0.37,256.51,96.84,69.39,-216.78
2024-05-09 23:00:00,1879.58,1579.82,0.33,246.49,89.74,71.40,-110.97
2024-05-10 00:00:00,1865.37,1531.45,0.29,218.63,92.45,72.62,-53.00
2024-05-10 01:00:00,1813.02,1400.87,0.23,263.46,91.96,72.25,-18.49
2024-05-10 02:00:00,1793.96,1354.89,0.26,227.32,90.68,72.73,45.40
2024-05-10 03:00:00,1888.23,1309.57,41.33,193.13,97.87,78.01,165.77
2024-05-10 04:00:00,2003.03,1111.07,99.17,237.28,110.79,76.68,365.40
2024-05-10 05:00:00,2186.98,917.97,213.22,281.18,119.80,76.47,575.71
2024-05-10 06:00:00,2368.62,708.68,400.61,283.44,128.99,75.97,768.19
2024-05-10 07:00:00,2440.32,647.35,644.24,253.96,132.28,70.29,689.38
2024-05-10 08:00:00,2741.91,706.88,939.10,137.11,145.12,68.06,742.90
2024-05-10 09:00:00,3048.52,711.73,1178.91,171.16,162.19,59.80,762.07
2024-05-10 10:00:00,3323.79,652.02,1384.48,131.20,168.94,59.23,925.00
2024-05-10 11:00:00,3493.05,597.03,1619.32,128.09,174.44,55.33,916.12
2024-05-10 12:00:00,3470.05,558.60,1699.32,135.14,168.66,56.98,848.63
2024-05-10 13:00:00,3095.43,583.57,1733.35,151.45,180.90,62.95,380.41
2024-05-10 14:00:00,2734.44,478.83,1605.12,157.95,172.78,69.57,247.41
2024-05-10 15:00:00,2554.43,304.44,1293.62,210.47,160.83,75.04,507.18
2024-05-10 16:00:00,2437.22,362.96,741.29,219.80,303.88,94.69,711.91
2024-05-10 17:00:00,2270.05,504.38,351.49,251.69,207.09,80.30,872.42
2024-05-10 18:00:00,2153.44,400.67,154.01,337.14,191.63,83.54,983.96
2024-05-10 19:00:00,2114.81,275.24,47.34,364.66,175.99,84.19,1164.81
2024-05-10 20:00:00,2012.90,204.44,0.52,331.69,160.70,78.79,1234.24
2024-05-10 21:00:00,1912.43,153.35,0.38,313.69,149.07,73.27,1220.16
2024-05-10 22:00:00,1860.28,110.23,0.33,296.82,107.28,73.13,1269.90
2024-05-10 23:00:00,1838.70,94.58,0.31,274.69,97.26,72.40,1296.85
2024-05-11 00:00:00,1778.66,76.24,0.30,268.53,95.20,72.81,1263.09
2024-05-11 01:00:00,1715.03,97.32,0.24,265.22,165.20,83.63,1101.19
2024-05-11 02:00:00,1716.79,134.39,0.26,309.28,170.70,87.47,1012.41
2024-05-11 03:00:00,1741.94,125.83,54.90,248.36,108.96,81.70,1119.96
2024-05-11 04:00:00,1816.25,99.56,185.98,298.28,109.15,85.54,1035.52
2024-05-11 05:00:00,2007.98,54.33,521.90,302.55,115.96,82.59,928.27
2024-05-11 06:00:00,2360.32,19.95,1020.27,142.02,135.09,75.76,964.74
2024-05-11 07:00:00,2710.53,11.88,1597.85,2.09,165.17,61.98,868.95
2024-05-11 08:00:00,3121.00,9.27,2021.31,2.07,183.11,50.81,851.66
2024-05-11 09:00:00,3177.95,10.91,1925.13,2.05,185.64,46.07,1005.43
2024-05-11 10:00:00,3348.50,19.46,1667.81,2.07,183.02,51.25,1422.29
2024-05-11 11:00:00,3332.68,40.06,1781.70,2.02,182.56,50.95,1272.85
2024-05-11 12:00:00,3282.03,66.42,1795.68,2.05,179.39,51.71,1184.03
2024-05-11 13:00:00,3167.58,105.13,2039.76,2.02,176.71,53.02,788.43
2024-05-11 14:00:00,2886.75,138.09,1413.78,16.16,164.64,55.25,1095.98
2024-05-11 15:00:00,2575.36,215.75,1333.01,153.09,155.57,68.46,646.84
2024-05-11 16:00:00,2315.24,203.45,858.44,246.77,134.46,77.14,792.42
2024-05-11 17:00:00,2144.03,181.34,391.01,330.10,158.36,88.26,992.38
2024-05-11 18:00:00,2036.54,248.17,140.68,342.45,115.85,80.38,1106.32
2024-05-11 19:00:00,1982.78,251.93,44.28,328.48,107.92,81.29,1166.19
2024-05-11 20:00:00,1897.57,221.73,0.53,281.14,102.88,76.58,1212.29
2024-05-11 21:00:00,1808.97,235.40,0.42,267.37,96.99,74.99,1131.33
2024-05-11 22:00:00,1749.28,248.81,0.36,290.74,89.13,77.00,1040.68
2024-05-11 23:00:00,1737.04,263.81,0.35,197.39,88.12,76.41,1108.48
2024-05-12 00:00:00,1696.51,260.82,0.26,171.50,94.38,77.17,1090.14
2024-05-12 01:00:00,1721.38,331.84,0.26,168.39,95.62,77.48,1045.46
2024-05-12 02:00:00,1698.06,396.53,0.27,172.17,95.88,78.85,952.07
2024-05-12 03:00:00,1733.87,439.81,54.14,179.08,99.71,76.10,882.80
2024-05-12 04:00:00,1875.54,420.94,164.09,80.84,103.71,67.32,1036.37
2024-05-12 05:00:00,2261.42,317.52,458.99,2.03,108.43,66.72,1305.30
2024-05-12 06:00:00,2672.44,256.33,972.02,1.99,117.21,60.19,1262.31
2024-05-12 07:00:00,2868.66,93.86,1279.25,1.99,135.52,52.68,1302.76
2024-05-12 08:00:00,3113.86,158.32,1640.91,2.00,158.18,53.46,1098.41
2024-05-12 09:00:00,3225.63,210.83,1511.76,2.08,169.32,51.60,1277.34
2024-05-12 10:00:00,3076.28,254.51,1377.54,2.10,179.45,51.41,1208.64
2024-05-12 11:00:00,3054.83,317.47,1095.68,2.07,186.33,51.87,1398.80
2024-05-12 12:00:00,3056.87,370.08,1089.00,2.08,183.93,51.81,1357.26
2024-05-12 13:00:00,3173.61,442.56,1240.18,2.03,172.92,52.78,1260.50
2024-05-12 14:00:00,3099.01,475.23,1189.08,1.94,163.25,51.22,1215.63
2024-05-12 15:00:00,2928.86,1045.85,1214.97,1.90,151.53,55.75,456.01
2024-05-12 16:00:00,2479.18,1475.90,1021.87,1.91,154.17,70.41,-247.84
2024-05-12 17:00:00,2279.11,1639.90,419.64,55.30,136.39,71.86,-46.69
2024-05-12 18:00:00,2171.62,1580.04,121.85,80.50,123.96,72.25,190.41
2024-05-12 19:00:00,2117.32,1639.40,43.90,82.13,113.00,72.35,163.83
2024-05-12 20:00:00,2037.24,1736.31,0.47,80.84,112.41,70.20,34.23
2024-05-12 21:00:00,1975.73,1726.61,0.37,65.33,117.05,71.66,-7.87
2024-05-12 22:00:00,2086.20,1739.08,0.37,53.29,115.24,70.83,104.64
2024-05-12 23:00:00,2177.85,1896.78,0.31,51.14,117.20,70.56,39.43
2024-05-13 00:00:00,2031.76,1978.85,0.26,52.28,122.42,70.50,-195.16
2024-05-13 01:00:00,1885.43,1976.94,0.26,45.47,122.39,68.80,-330.86
2024-05-13 02:00:00,1880.48,1979.66,0.26,51.27,122.58,71.33,-346.80
2024-05-13 03:00:00,2157.51,2095.73,54.80,53.66,124.64,72.16,-245.90
2024-05-13 04:00:00,2290.44,2082.50,170.90,55.18,146.64,80.46,-247.83
2024-05-13 05:00:00,2643.53,1801.98,562.96,56.84,200.38,90.14,-71.36
2024-05-13 06:00:00,2876.82,1779.17,1200.79,55.02,315.90,97.31,-574.19
2024-05-13 07:00:00,2872.02,1860.79,1667.26,19.20,210.09,69.18,-957.65
2024-05-13 08:00:00,3024.29,2012.17,1928.25,5.12,200.52,59.85,-1184.81
2024-05-13 09:00:00,3240.95,1971.09,1729.00,2.18,202.90,53.44,-720.58
2024-05-13 10:00:00,3393.68,1741.03,1933.99,2.32,223.25,52.09,-561.94
2024-05-13 11:00:00,3323.86,2227.84,1750.88,2.24,197.74,52.13,-909.84
2024-05-13 12:00:00,3297.81,2736.65,1800.15,2.31,222.15,59.07,-1525.49
2024-05-13 13:00:00,3127.77,2740.80,1691.84,2.14,218.00,69.30,-1597.15
2024-05-13 14:00:00,2967.45,2980.07,1625.05,2.04,192.00,71.35,-1906.04
2024-05-13 15:00:00,2964.77,2797.04,1409.75,7.91,176.34,74.33,-1503.84
2024-05-13 16:00:00,2818.44,2615.38,896.52,10.22,160.87,74.58,-942.07
2024-05-13 17:00:00,2614.35,2433.93,386.41,10.28,136.51,75.54,-431.21
2024-05-13 18:00:00,2453.99,2266.70,127.72,12.05,121.22,77.12,-153.46
2024-05-13 19:00:00,2451.88,2268.45,45.30,26.04,112.88,76.12,-79.64
2024-05-13 20:00:00,2417.39,2405.47,0.46,39.30,136.79,79.33,-246.72
2024-05-13 21:00:00,2277.40,2516.08,38.55,38.71,119.83,72.61,-511.09
2024-05-13 22:00:00,2071.23,2540.99,0.34,38.85,112.26,72.24,-696.19
2024-05-13 23:00:00,2103.51,2492.07,0.30,38.79,112.36,72.55,-615.34
2024-05-14 00:00:00,2060.87,2359.75,0.28,36.38,114.34,72.40,-524.79
2024-05-14 01:00:00,2003.94,2285.94,0.27,31.96,114.41,71.71,-502.73
2024-05-14 02:00:00,2012.70,2257.32,0.27,31.08,109.14,71.65,-459.44
2024-05-14 03:00:00,2054.65,2272.14,59.19,29.58,109.83,71.87,-490.52
2024-05-14 04:00:00,2326.84,2230.15,184.76,15.90,117.72,75.05,-299.47
2024-05-14 05:00:00,2652.53,2009.63,535.55,14.12,219.76,75.57,-204.96
2024-05-14 06:00:00,2831.27,1776.04,1080.41,13.93,251.68,76.68,-370.17
2024-05-14 07:00:00,2935.35,1790.42,1559.27,6.69,179.60,58.53,-661.98
2024-05-14 08:00:00,3431.46,1451.40,1635.47,2.37,180.76,54.01,104.73
2024-05-14 09:00:00,3578.45,1241.86,1541.60,2.37,191.36,41.66,556.60
2024-05-14 10:00:00,3521.37,1513.56,1595.96,2.37,199.18,42.80,164.52
2024-05-14 11:00:00,3568.63,1532.50,1321.63,2.38,176.42,38.17,494.57
2024-05-14 12:00:00,3478.71,1558.06,1203.26,2.45,176.30,36.98,498.71
2024-05-14 13:00:00,3240.87,1689.57,1302.18,2.44,170.15,38.17,35.26
2024-05-14 14:00:00,3148.87,2943.37,1565.79,2.33,164.47,40.00,-1570.16
2024-05-14 15:00:00,3060.10,3046.01,1298.71,2.48,146.57,54.88,-1491.57
2024-05-14 16:00:00,2947.65,3192.98,916.38,4.06,151.30,57.14,-1377.09
2024-05-14 17:00:00,2635.56,2977.89,397.16,8.39,133.40,56.14,-940.29
2024-05-14 18:00:00,2474.51,2692.88,133.06,31.69,121.08,58.59,-565.63
2024-05-14 19:00:00,2407.01,2549.80,46.75,42.12,117.62,63.47,-415.50
2024-05-14 20:00:00,2377.75,2594.69,0.47,22.08,117.37,68.44,-427.94
2024-05-14 21:00:00,2226.82,2674.85,0.45,7.96,113.62,68.12,-640.51
2024-05-14 22:00:00,2224.80,2683.87,38.54,4.08,111.46,67.68,-683.13
2024-05-14 23:00:00,2121.96,2542.23,0.31,1.82,109.87,67.09,-601.91
2024-05-15 00:00:00,2109.67,2407.19,0.32,1.74,111.14,67.23,-480.39
2024-05-15 01:00:00,2036.35,2294.81,0.26,1.76,108.97,68.61,-440.25
2024-05-15 02:00:00,2075.49,2316.51,0.26,1.75,111.55,69.52,-426.45
2024-05-15 03:00:00,2107.28,2351.71,57.57,5.56,116.27,68.40,-494.67
2024-05-15 04:00:00,2377.58,2291.83,182.07,5.86,118.67,71.49,-294.91
2024-05-15 05:00:00,2663.12,2026.31,523.78,9.93,136.35,71.59,-107.38
2024-05-15 06:00:00,2801.00,1632.75,1054.57,10.59,159.75,68.75,-127.94
2024-05-15 07:00:00,2832.52,1521.61,1435.16,7.25,183.26,67.92,-385.14
2024-05-15 08:00:00,3030.10,1507.01,1807.44,2.35,187.92,61.87,-539.01
2024-05-15 09:00:00,3297.08,1801.97,1941.00,2.08,194.54,51.45,-696.48
2024-05-15 10:00:00,3401.69,2141.94,1700.81,2.11,191.62,49.90,-687.41
2024-05-15 11:00:00,3403.16,2502.40,1624.92,2.08,193.30,50.26,-972.51
2024-05-15 12:00:00,3233.77,2735.12,1583.60,2.17,192.25,49.90,-1331.75
2024-05-15 13:00:00,3220.01,2907.42,1997.40,2.14,187.04,56.97,-1933.57
2024-05-15 14:00:00,3016.82,3255.70,1856.30,1.85,181.71,61.31,-2342.73
2024-05-15 15:00:00,3051.18,3151.85,1197.23,1.88,160.85,63.41,-1526.89
2024-05-15 16:00:00,2853.51,3296.29,787.78,14.53,147.36,63.35,-1458.49
2024-05-15 17:00:00,2672.43,3151.04,339.46,48.76,133.62,63.80,-1067.06
2024-05-15 18:00:00,2474.48,2971.94,100.37,57.57,126.03,63.88,-847.89
2024-05-15 19:00:00,2406.81,2866.39,9.45,49.06,119.21,61.73,-701.73
2024-05-15 20:00:00,2359.83,2800.69,0.52,47.55,119.15,57.85,-668.57
2024-05-15 21:00:00,2259.51,2945.91,0.52,53.18,119.23,56.05,-917.68
2024-05-15 22:00:00,2143.84,3095.60,0.47,128.85,117.52,57.25,-1258.35
2024-05-15 23:00:00,2129.05,3078.10,0.41,236.59,117.98,58.25,-1364.74
2024-05-16 00:00:00,2116.56,2961.68,0.33,245.63,119.14,58.23,-1270.93
2024-05-16 01:00:00,2098.91,2909.29,0.34,199.18,117.02,59.22,-1188.41
2024-05-16 02:00:00,2034.80,2871.65,0.39,193.57,116.95,59.36,-1209.34
2024-05-16 03:00:00,2082.48,2931.22,24.80,226.23,119.51,58.13,-1280.03
2024-05-16 04:00:00,2320.87,2891.34,156.67,290.01,129.45,58.72,-1208.01
2024-05-16 05:00:00,2623.67,2862.78,508.03,276.24,146.95,59.49,-1232.38
2024-05-16 06:00:00,2796.07,2868.74,1007.52,176.12,172.48,60.87,-1492.03
2024-05-16 07:00:00,2876.23,2980.85,1512.01,177.61,201.15,61.73,-2059.57
2024-05-16 08:00:00,3056.08,3221.79,1917.66,186.77,203.81,58.29,-2534.63
2024-05-16 09:00:00,3174.40,3527.80,2012.53,213.70,208.62,55.91,-2846.68
2024-05-16 10:00:00,3204.10,3461.83,2055.00,211.72,204.17,55.71,-2786.69
2024-05-16 11:00:00,3307.62,3344.41,1741.42,204.63,199.45,55.15,-2240.00
2024-05-16 12:00:00,3286.62,3470.44,1906.03,155.64,200.80,57.61,-2506.40
2024-05-16 13:00:00,3086.47,4074.79,1962.22,157.30,205.87,57.38,-3373.67
2024-05-16 14:00:00,3027.61,4237.51,1842.52,156.89,194.27,58.33,-3464.43
2024-05-16 15:00:00,2927.23,4187.23,1408.15,157.55,182.90,58.19,-3069.29
2024-05-16 16:00:00,2785.66,4014.22,850.51,162.39,161.11,59.70,-2464.73
2024-05-16 17:00:00,2685.18,3859.36,375.66,195.38,140.47,60.95,-1948.93
2024-05-16 18:00:00,2520.19,3583.42,103.94,198.83,124.34,61.84,-1554.49
2024-05-16 19:00:00,2447.20,3451.94,10.47,205.22,109.85,60.62,-1393.24
2024-05-16 20:00:00,2409.53,3518.18,0.47,161.90,116.23,61.31,-1450.83
2024-05-16 21:00:00,2235.26,3528.15,0.41,159.85,116.92,60.71,-1632.91
2024-05-16 22:00:00,2198.72,3545.60,0.35,186.14,115.92,58.74,-1710.18
2024-05-16 23:00:00,2202.40,3410.27,0.30,156.62,116.26,60.07,-1543.39
2024-05-17 00:00:00,2153.29,3288.60,0.29,158.99,116.68,60.19,-1473.61
2024-05-17 01:00:00,2095.54,3139.67,0.25,179.11,117.27,58.75,-1401.61
2024-05-17 02:00:00,2031.40,2938.69,0.29,156.61,116.08,58.47,-1240.84
2024-05-17 03:00:00,2061.29,2846.12,28.08,158.90,116.46,60.00,-1150.60
2024-05-17 04:00:00,2329.37,2837.71,156.84,227.40,122.09,59.38,-1076.39
2024-05-17 05:00:00,2654.38,2625.18,484.75,323.03,129.39,58.62,-969.03
2024-05-17 06:00:00,2851.28,2352.32,967.26,329.97,140.53,61.24,-1002.40
2024-05-17 07:00:00,2894.79,2249.15,1466.33,345.80,166.77,60.57,-1396.09
2024-05-17 08:00:00,2943.38,2190.08,1900.32,334.06,193.98,61.74,-1740.11
2024-05-17 09:00:00,2969.96,2322.71,2191.60,205.10,210.49,61.05,-2024.02
2024-05-17 10:00:00,3207.07,2923.41,2273.88,156.30,224.85,60.32,-2435.09
2024-05-17 11:00:00,3208.47,3213.02,2306.79,156.61,211.84,58.50,-2741.50
2024-05-17 12:00:00,3124.46,3302.21,2260.90,157.54,202.15,58.88,-2859.71
2024-05-17 13:00:00,3034.17,3293.38,2133.20,157.43,206.17,59.60,-2817.86
2024-05-17 14:00:00,2898.15,3165.56,1866.54,162.16,201.53,59.82,-2560.08
2024-05-17 15:00:00,2713.34,2927.81,1444.29,157.70,184.77,61.07,-2064.78
2024-05-17 16:00:00,2638.03,2769.19,924.95,163.09,157.70,61.56,-1440.73
2024-05-17 17:00:00,2407.03,2569.72,385.95,200.64,133.40,61.77,-947.01
2024-05-17 18:00:00,2254.18,2187.06,105.78,227.18,121.65,63.37,-452.98
2024-05-17 19:00:00,2281.36,2021.56,10.65,163.10,115.71,63.93,-95.93
2024-05-17 20:00:00,2173.05,1947.34,0.50,222.42,106.84,61.84,-167.96
2024-05-17 21:00:00,2131.05,1926.00,0.46,238.67,110.27,61.31,-207.63
2024-05-17 22:00:00,2068.21,1889.13,0.39,220.78,113.56,62.12,-219.86
2024-05-17 23:00:00,2018.02,1868.53,0.28,178.20,111.86,62.71,-205.27
2024-05-18 00:00:00,1880.82,1827.66,0.25,265.74,113.45,63.61,-391.52
2024-05-18 01:00:00,1821.92,1735.84,0.22,331.78,350.79,85.97,-684.30
2024-05-18 02:00:00,1790.98,1651.64,0.28,350.22,131.50,65.10,-409.37
2024-05-18 03:00:00,1804.99,1547.09,30.12,339.63,235.42,82.72,-431.63
2024-05-18 04:00:00,1836.55,1296.81,166.81,326.55,118.49,64.71,-138.47
2024-05-18 05:00:00,1987.66,892.42,526.55,340.37,234.65,77.38,-85.66
2024-05-18 06:00:00,2180.86,614.59,1087.13,288.09,213.56,75.43,-99.81
2024-05-18 07:00:00,2293.49,464.30,1611.94,292.71,175.90,59.56,-312.89
2024-05-18 08:00:00,2479.73,526.35,2026.16,190.55,179.54,56.35,-501.25
2024-05-18 09:00:00,2588.52,572.84,2133.43,158.25,190.13,54.46,-522.60
2024-05-18 10:00:00,2794.63,570.77,1986.38,175.15,185.91,48.72,-174.24
2024-05-18 11:00:00,2871.27,470.79,1646.44,165.18,187.14,48.91,350.68
2024-05-18 12:00:00,2781.50,378.67,1705.18,164.34,186.92,55.77,288.71
2024-05-18 13:00:00,2732.06,416.40,1878.55,175.78,181.11,58.68,19.50
2024-05-18 14:00:00,2643.86,397.11,1781.34,174.70,166.02,61.46,61.34
2024-05-18 15:00:00,2334.87,456.39,1441.68,337.14,155.59,62.28,-120.40
2024-05-18 16:00:00,2271.25,540.99,895.81,332.27,222.66,89.11,188.48
2024-05-18 17:00:00,2144.57,600.51,388.23,354.15,123.54,76.40,599.80
2024-05-18 18:00:00,2065.00,436.06,110.07,389.90,103.00,76.48,947.56
2024-05-18 19:00:00,2007.90,409.00,12.78,363.74,96.66,76.02,1047.78
2024-05-18 20:00:00,1974.23,472.23,0.49,310.26,92.42,72.55,1024.43
2024-05-18 21:00:00,1869.24,476.38,0.41,272.01,92.22,72.04,954.31
2024-05-18 22:00:00,1796.15,483.25,0.36,286.04,89.24,65.40,870.03
2024-05-18 23:00:00,1736.37,436.52,0.29,265.09,90.88,65.02,876.76
2024-05-19 00:00:00,1687.74,378.94,0.28,267.63,89.70,64.16,885.41
2024-05-19 01:00:00,1667.82,283.45,0.23,276.20,87.70,65.22,953.45
2024-05-19 02:00:00,1636.21,188.10,0.37,282.03,87.19,66.96,1009.95
2024-05-19 03:00:00,1619.16,138.86,30.46,282.66,88.53,67.78,1009.26
2024-05-19 04:00:00,1679.14,144.24,168.18,304.15,144.49,78.35,838.05
2024-05-19 05:00:00,1848.57,145.97,521.93,297.43,122.16,68.42,690.81
2024-05-19 06:00:00,2060.97,122.35,1059.03,268.32,137.29,66.48,405.61
2024-05-19 07:00:00,2650.39,141.10,1563.15,290.48,157.15,62.77,433.81
2024-05-19 08:00:00,2539.51,244.33,1860.47,241.07,169.44,60.11,-37.74
2024-05-19 09:00:00,2916.93,353.87,1881.51,241.45,180.02,59.47,198.34
2024-05-19 10:00:00,2967.55,486.80,1624.57,246.93,183.69,58.75,364.85
2024-05-19 11:00:00,2990.56,592.95,968.83,244.64,183.14,58.47,940.38
2024-05-19 12:00:00,2896.94,335.81,1102.10,200.97,178.86,58.69,1018.64
2024-05-19 13:00:00,2903.56,431.26,929.59,155.16,169.90,58.58,1156.94
2024-05-19 14:00:00,2862.44,627.73,1023.52,157.29,156.51,59.49,836.06
2024-05-19 15:00:00,2619.73,1350.36,1312.26,170.30,137.82,59.12,-412.47
2024-05-19 16:00:00,2288.84,1333.36,883.41,256.81,137.14,65.76,-389.57
2024-05-19 17:00:00,2169.11,1139.00,397.47,320.90,115.67,74.97,119.07
2024-05-19 18:00:00,2075.96,849.51,120.19,375.46,104.53,76.98,547.37
2024-05-19 19:00:00,2017.89,632.44,14.11,331.67,99.64,77.41,860.49
2024-05-19 20:00:00,1994.36,492.02,0.56,366.02,89.25,70.59,973.94
2024-05-19 21:00:00,1894.00,402.83,0.43,340.84,84.80,70.44,992.61
2024-05-19 22:00:00,1827.18,382.21,0.31,339.90,82.74,66.80,953.42
2024-05-19 23:00:00,1792.13,301.98,0.26,350.00,79.48,67.06,991.63
2024-05-20 00:00:00,1735.74,275.44,0.36,298.02,80.76,66.88,1012.72
2024-05-20 01:00:00,1703.79,282.09,0.22,293.41,80.76,66.44,979.23
2024-05-20 02:00:00,1667.20,271.86,0.33,303.11,82.44,65.84,942.08
2024-05-20 03:00:00,1656.95,227.87,31.61,321.35,82.91,72.35,919.18
2024-05-20 04:00:00,1746.69,302.65,170.30,307.96,94.48,73.54,796.08
2024-05-20 05:00:00,1907.77,322.70,501.78,288.04,112.91,74.45,606.02
2024-05-20 06:00:00,2101.73,252.46,1008.52,305.19,126.08,67.48,340.06
2024-05-20 07:00:00,2253.42,247.65,1499.55,292.78,148.02,60.69,2.82
2024-05-20 08:00:00,2416.70,296.76,1927.57,256.67,165.24,58.99,-290.39
2024-05-20 09:00:00,2647.78,400.34,2181.97,270.99,178.64,54.70,-440.94
2024-05-20 10:00:00,2770.29,585.50,2192.23,284.57,191.50,53.72,-539.15
2024-05-20 11:00:00,3097.22,514.01,2126.54,262.74,181.51,54.24,-43.91
2024-05-20 12:00:00,3064.84,694.74,1871.29,287.11,176.65,47.19,-14.40
2024-05-20 13:00:00,2996.20,838.91,1881.04,271.85,168.34,47.88,-214.13
2024-05-20 14:00:00,2640.27,1096.53,1791.29,265.13,165.30,57.16,-737.48
2024-05-20 15:00:00,2462.67,1222.08,1415.60,240.07,153.72,60.47,-631.50
2024-05-20 16:00:00,2402.49,1247.87,905.56,304.66,139.27,65.13,-262.27
2024-05-20 17:00:00,2295.18,1278.11,405.89,271.26,121.84,66.20,149.89
2024-05-20 18:00:00,2211.92,1230.26,133.40,258.15,110.04,69.14,408.97
2024-05-20 19:00:00,2136.02,1361.85,31.63,241.10,97.87,68.23,333.29
2024-05-20 20:00:00,2082.00,1387.11,0.45,251.91,90.84,66.06,283.63
2024-05-20 21:00:00,1990.27,1465.14,0.35,238.75,92.60,67.37,124.04
2024-05-20 22:00:00,1964.03,1445.19,0.33,250.24,93.44,64.61,108.05
2024-05-20 23:00:00,1941.48,1485.66,0.29,310.24,94.93,61.46,-13.20
2024-05-21 00:00:00,1938.29,1505.23,0.25,294.43,176.33,75.78,-115.63
2024-05-21 01:00:00,1920.27,1484.73,0.23,288.34,199.23,81.51,-135.43
2024-05-21 02:00:00,1926.22,1543.84,0.43,197.06,116.11,62.69,4.41
2024-05-21 03:00:00,2006.77,1659.50,31.30,171.10,105.67,61.61,-24.45
2024-05-21 04:00:00,2258.46,1599.95,161.77,320.58,104.65,66.85,2.54
2024-05-21 05:00:00,2565.49,1485.08,474.28,236.01,134.02,67.40,166.58
2024-05-21 06:00:00,2758.66,1497.22,1006.55,267.83,151.02,63.83,-229.77
2024-05-21 07:00:00,2830.85,1461.91,1517.14,240.05,170.07,63.31,-623.67
2024-05-21 08:00:00,2951.49,1547.21,1929.48,279.82,187.59,62.66,-1057.34
2024-05-21 09:00:00,3029.13,1801.21,2176.46,171.62,207.91,61.40,-1391.68
2024-05-21 10:00:00,3083.29,2143.27,2275.25,164.93,220.72,61.17,-1784.11
2024-05-21 11:00:00,3107.22,2385.35,2235.70,159.86,220.00,60.80,-1956.61
2024-05-21 12:00:00,3005.81,2414.21,2180.25,167.98,216.91,61.39,-2036.89
2024-05-21 13:00:00,2902.95,2476.62,2051.55,187.37,208.82,62.13,-2085.52
2024-05-21 14:00:00,2887.37,2598.97,1764.08,236.55,193.08,61.64,-1969.21
2024-05-21 15:00:00,2920.75,2588.92,1331.07,269.61,172.50,63.41,-1506.91
2024-05-21 16:00:00,2796.57,2482.05,858.59,266.29,155.06,65.20,-1032.72
2024-05-21 17:00:00,2615.26,2309.74,404.26,346.03,129.37,68.02,-644.24
2024-05-21 18:00:00,2487.01,2085.81,137.79,345.34,109.04,68.45,-261.42
2024-05-21 19:00:00,2410.02,2118.74,21.63,271.55,101.50,68.55,-173.92
2024-05-21 20:00:00,2346.30,2278.56,0.54,339.74,95.68,66.32,-436.28
2024-05-21 21:00:00,2296.53,2520.59,0.51,260.71,93.45,63.24,-643.70
2024-05-21 22:00:00,2542.26,2773.04,0.42,176.59,83.67,62.57,-555.93
2024-05-21 23:00:00,2636.28,2910.88,0.32,162.93,85.95,63.46,-589.10
2024-05-22 00:00:00,2590.08,2755.87,0.27,157.64,83.64,64.42,-473.70
2024-05-22 01:00:00,2329.02,2554.86,0.24,157.49,86.38,63.61,-535.35
2024-05-22 02:00:00,2248.99,2576.04,0.73,157.87,90.24,58.55,-636.38
2024-05-22 03:00:00,2304.38,2587.57,40.34,158.00,94.23,63.20,-640.86
2024-05-22 04:00:00,2546.08,2889.69,205.99,195.43,106.27,64.88,-918.36
2024-05-22 05:00:00,2733.16,2967.01,523.64,191.80,141.87,64.57,-1157.79
2024-05-22 06:00:00,2851.11,2909.65,788.70,206.66,158.11,64.08,-1278.26
2024-05-22 07:00:00,2917.50,2853.69,1189.98,249.19,175.91,64.52,-1617.96
2024-05-22 08:00:00,3012.21,2913.11,1558.51,207.93,186.90,63.91,-1920.14
2024-05-22 09:00:00,3052.29,2973.66,1717.45,198.75,187.90,60.47,-2088.04
2024-05-22 10:00:00,3139.47,3131.20,1735.84,179.42,195.36,57.66,-2162.27
2024-05-22 11:00:00,3408.42,3192.96,1593.70,192.50,191.31,57.32,-1821.54
2024-05-22 12:00:00,3433.17,3105.48,1554.60,246.92,187.15,58.29,-1721.58
2024-05-22 13:00:00,3119.23,3177.95,1329.17,270.36,190.22,61.55,-1912.32
2024-05-22 14:00:00,2991.78,3044.05,1184.18,244.56,187.45,63.90,-1734.73
2024-05-22 15:00:00,2921.03,2831.30,928.64,261.75,172.81,68.26,-1343.97
2024-05-22 16:00:00,2809.13,2472.55,582.50,323.47,152.23,68.58,-792.61
2024-05-22 17:00:00,2647.40,2202.20,286.55,297.72,117.14,70.07,-328.59
2024-05-22 18:00:00,2472.98,1805.02,105.02,332.90,100.65,71.92,55.29
2024-05-22 19:00:00,2389.34,1403.23,21.66,419.46,93.13,72.09,377.87
2024-05-22 20:00:00,2319.56,1216.45,0.51,378.06,323.70,89.70,309.02
2024-05-22 21:00:00,2301.23,1278.17,0.51,249.98,104.18,67.18,599.14
2024-05-22 22:00:00,2229.92,1441.39,0.44,282.78,177.60,77.87,247.62
2024-05-22 23:00:00,2161.45,1619.75,0.39,239.56,198.16,82.45,18.90
2024-05-23 00:00:00,2226.47,1588.97,0.38,188.84,90.30,70.17,285.86
2024-05-23 01:00:00,1998.83,1484.77,0.35,218.16,92.59,68.41,132.56
2024-05-23 02:00:00,2089.76,1354.16,0.88,261.79,91.31,67.65,311.72
2024-05-23 03:00:00,2053.16,1269.73,28.79,248.44,94.51,67.73,341.88
2024-05-23 04:00:00,2306.44,1130.36,118.23,310.60,99.87,69.40,575.82
2024-05-23 05:00:00,2608.07,1023.36,272.30,343.41,108.13,69.74,788.94
2024-05-23 06:00:00,2747.92,939.89,397.41,238.71,115.24,68.67,985.95
2024-05-23 07:00:00,2832.11,776.36,551.87,273.56,121.60,64.13,1042.59
2024-05-23 08:00:00,2934.88,661.44,620.30,267.24,125.05,66.53,1192.26
2024-05-23 09:00:00,2958.93,557.22,584.27,286.74,133.10,66.18,1329.21
2024-05-23 10:00:00,3000.73,506.28,501.27,207.77,120.07,58.68,1603.44
2024-05-23 11:00:00,2924.18,380.68,528.00,225.67,213.58,73.26,1500.66
2024-05-23 12:00:00,2826.36,280.70,581.64,273.79,189.86,76.35,1421.98
2024-05-23 13:00:00,2727.94,270.36,632.42,368.00,129.19,63.46,1262.26
2024-05-23 14:00:00,2713.49,305.82,542.94,347.03,132.92,63.92,1318.35
2024-05-23 15:00:00,2766.95,322.90,459.82,486.90,122.43,66.55,1306.20
2024-05-23 16:00:00,2670.72,373.99,336.89,649.67,127.88,68.01,1112.13
2024-05-23 17:00:00,2537.55,404.35,231.13,673.17,128.40,74.25,1024.00
2024-05-23 18:00:00,2428.82,399.08,90.09,691.14,134.07,74.19,1038.03
2024-05-23 19:00:00,2332.31,299.63,11.26,682.31,134.53,73.48,1128.83
2024-05-23 20:00:00,2274.51,312.04,0.40,575.33,104.19,68.30,1212.06
2024-05-23 21:00:00,2145.60,473.13,0.33,354.09,91.90,68.63,1155.38
2024-05-23 22:00:00,2067.35,438.40,0.32,424.71,93.29,66.63,1042.04
2024-05-23 23:00:00,2060.70,425.82,0.30,586.64,92.93,66.05,887.03
2024-05-24 00:00:00,2078.31,405.43,0.21,469.75,95.21,65.40,1040.30
2024-05-24 01:00:00,2004.58,378.57,0.19,455.77,89.07,66.80,1012.31
2024-05-24 02:00:00,1924.01,318.08,0.24,514.44,87.09,65.90,936.34
2024-05-24 03:00:00,1964.36,238.86,24.95,547.16,95.64,64.66,991.01
2024-05-24 04:00:00,2255.99,160.61,131.71,642.97,113.27,69.27,1135.94
2024-05-24 05:00:00,2559.00,102.57,302.11,691.95,128.59,70.20,1261.30
2024-05-24 06:00:00,2731.53,102.67,631.94,661.00,144.15,70.66,1118.82
2024-05-24 07:00:00,2755.10,107.90,931.08,658.71,143.84,68.59,842.68
2024-05-24 08:00:00,2832.99,108.80,1161.53,555.85,151.95,64.76,787.75
2024-05-24 09:00:00,2825.82,91.69,1397.05,488.49,157.31,65.38,623.36
2024-05-24 10:00:00,2759.88,58.06,1570.08,615.49,216.00,67.11,230.56
2024-05-24 11:00:00,2717.25,41.19,1652.86,485.90,179.14,66.11,289.76
2024-05-24 12:00:00,2608.29,45.37,1682.60,497.04,182.80,67.72,130.47
2024-05-24 13:00:00,2582.79,53.33,1718.63,330.94,164.25,67.63,245.60
2024-05-24 14:00:00,2549.23,79.55,1497.82,371.11,161.74,67.64,368.98
2024-05-24 15:00:00,2527.10,123.97,1270.52,601.96,149.26,68.09,310.76
2024-05-24 16:00:00,2455.56,179.69,878.43,637.56,142.59,69.26,545.71
2024-05-24 17:00:00,2300.34,202.00,447.81,730.76,134.00,75.78,707.57
2024-05-24 18:00:00,2179.40,300.36,156.90,710.56,120.27,78.00,810.99
2024-05-24 19:00:00,2101.55,390.23,27.18,678.30,115.48,80.64,807.59
2024-05-24 20:00:00,2058.47,442.30,0.49,689.91,100.31,75.37,747.90
2024-05-24 21:00:00,1968.93,492.55,0.39,591.09,93.49,74.53,714.56
2024-05-24 22:00:00,1901.87,441.50,0.32,667.63,89.49,74.60,625.91
2024-05-24 23:00:00,1849.85,432.24,0.33,516.02,90.14,74.60,734.31
2024-05-25 00:00:00,1819.78,352.48,0.28,520.02,91.59,73.74,779.58
2024-05-25 01:00:00,1776.61,302.42,0.27,491.93,90.06,73.23,816.46
2024-05-25 02:00:00,1727.07,230.30,0.82,490.68,90.03,74.84,838.39
2024-05-25 03:00:00,1720.56,206.27,44.96,387.85,91.90,73.45,914.03
2024-05-25 04:00:00,1759.07,218.83,207.95,449.68,105.06,80.34,695.30
2024-05-25 05:00:00,1933.60,188.22,492.40,484.53,124.65,80.78,560.94
2024-05-25 06:00:00,2109.42,171.81,876.92,436.66,199.76,92.75,329.35
2024-05-25 07:00:00,2237.40,168.96,1269.29,265.36,264.70,87.03,179.85
2024-05-25 08:00:00,2309.15,145.87,1348.08,276.77,198.77,75.37,262.06
2024-05-25 09:00:00,2537.88,165.40,1597.15,190.31,212.12,70.52,300.18
2024-05-25 10:00:00,2760.88,215.36,1570.70,159.68,203.74,64.55,544.53
2024-05-25 11:00:00,2822.91,301.35,1401.36,160.44,188.25,64.84,704.55
2024-05-25 12:00:00,2774.52,351.11,1298.98,157.32,167.74,64.33,732.74
2024-05-25 13:00:00,2738.88,450.77,1080.45,192.79,138.22,67.61,806.85
2024-05-25 14:00:00,2441.88,589.26,974.22,173.18,142.86,73.97,486.05
2024-05-25 15:00:00,2269.97,514.77,729.02,298.07,220.11,80.88,424.83
2024-05-25 16:00:00,2235.48,343.67,529.99,308.26,143.22,75.05,833.07
2024-05-25 17:00:00,2120.88,188.13,290.03,322.53,130.52,90.63,1096.84
2024-05-25 18:00:00,2030.79,178.91,121.85,340.48,114.72,92.74,1179.91
2024-05-25 19:00:00,1978.56,175.58,14.30,312.15,103.62,90.61,1280.04
2024-05-25 20:00:00,1970.56,278.25,0.53,237.43,93.91,84.67,1273.62
2024-05-25 21:00:00,1841.21,402.90,0.38,231.19,88.25,75.17,1041.23
2024-05-25 22:00:00,1769.33,445.75,0.35,250.01,90.53,74.31,906.46
2024-05-25 23:00:00,1716.61,444.24,0.28,259.15,90.48,74.11,846.27
2024-05-26 00:00:00,1706.93,402.76,0.28,218.74,92.13,74.34,916.84
2024-05-26 01:00:00,1685.74,363.18,0.23,220.99,96.74,74.46,928.37
2024-05-26 02:00:00,1629.48,445.13,0.51,223.96,153.45,81.63,722.95
2024-05-26 03:00:00,1646.96,498.19,33.69,171.53,99.47,74.37,767.92
2024-05-26 04:00:00,1760.12,601.25,153.91,166.19,97.67,74.75,664.49
2024-05-26 05:00:00,1893.29,490.71,331.89,182.81,107.69,74.18,703.92
2024-05-26 06:00:00,2399.13,415.51,599.56,159.57,121.03,64.24,1037.14
2024-05-26 07:00:00,2671.92,345.13,922.22,156.79,132.28,52.51,1060.82
2024-05-26 08:00:00,2888.45,299.78,1111.56,157.46,139.19,50.83,1127.45
2024-05-26 09:00:00,2917.32,265.30,970.20,155.18,134.46,47.59,1342.28
2024-05-26 10:00:00,2898.36,241.88,744.06,155.72,138.16,48.65,1567.59
2024-05-26 11:00:00,3004.04,236.82,499.93,155.75,133.50,49.08,1926.71
2024-05-26 12:00:00,3078.17,240.56,512.55,154.00,134.80,50.00,1983.87
2024-05-26 13:00:00,2784.84,231.92,463.48,154.83,134.02,50.62,1747.69
2024-05-26 14:00:00,2821.65,194.49,815.68,228.61,138.33,53.17,1389.15
2024-05-26 15:00:00,2507.42,380.59,800.41,167.38,144.59,66.82,945.26
2024-05-26 16:00:00,2340.09,347.61,620.57,288.65,131.83,74.74,874.47
2024-05-26 17:00:00,2223.26,458.07,423.63,254.72,118.98,87.02,878.63
2024-05-26 18:00:00,2121.27,569.22,153.12,263.60,109.42,86.68,936.87
2024-05-26 19:00:00,2046.62,929.65,24.31,293.53,100.25,86.14,610.61
2024-05-26 20:00:00,2035.82,1089.67,0.41,295.86,94.49,79.86,473.18
2024-05-26 21:00:00,2016.95,1280.47,0.35,230.17,93.41,71.24,338.90
2024-05-26 22:00:00,2119.67,947.03,0.32,238.77,85.07,70.55,775.74
2024-05-26 23:00:00,2097.98,776.75,0.29,169.58,84.85,70.30,994.21
2024-05-27 00:00:00,2035.42,677.64,0.26,171.04,90.52,71.04,1022.90
2024-05-27 01:00:00,1999.93,643.12,0.25,179.80,92.03,70.19,1012.59
2024-05-27 02:00:00,1940.57,845.67,0.43,156.99,95.53,67.06,773.14
2024-05-27 03:00:00,2002.30,1055.70,28.17,204.15,103.48,66.14,542.51
2024-05-27 04:00:00,2229.19,1122.06,157.68,382.94,115.30,70.82,378.17
2024-05-27 05:00:00,2563.76,1166.13,400.92,520.55,125.10,71.13,277.49
2024-05-27 06:00:00,2723.26,1103.52,620.76,515.70,146.06,72.08,262.71
2024-05-27 07:00:00,2812.48,1042.75,927.13,392.49,152.40,65.10,230.36
2024-05-27 08:00:00,2895.54,1167.65,1207.34,310.03,166.98,62.99,-21.84
2024-05-27 09:00:00,2901.21,1183.30,1405.14,395.77,179.49,62.65,-327.78
2024-05-27 10:00:00,2944.70,1165.61,1569.89,293.36,197.93,62.43,-346.85
2024-05-27 11:00:00,2955.88,1228.26,1668.35,312.26,218.94,67.57,-541.87
2024-05-27 12:00:00,2919.52,1282.47,1681.76,325.32,227.55,69.78,-669.99
2024-05-27 13:00:00,2811.78,1332.07,1658.06,442.04,216.45,71.36,-910.59
2024-05-27 14:00:00,2748.21,1282.00,1519.55,479.01,183.59,72.15,-790.43
2024-05-27 15:00:00,2777.53,1091.09,1196.02,606.82,178.75,71.87,-369.48
2024-05-27 16:00:00,2652.89,772.93,769.54,631.65,203.01,82.08,191.12
2024-05-27 17:00:00,2507.32,544.28,391.87,710.49,199.85,92.01,566.62
2024-05-27 18:00:00,2371.01,348.19,149.55,663.04,195.52,92.31,920.26
2024-05-27 19:00:00,2271.59,211.60,26.53,626.52,176.41,88.87,1139.25
2024-05-27 20:00:00,2205.07,210.00,0.47,642.59,166.30,78.92,1104.54
2024-05-27 21:00:00,2117.97,172.56,0.38,392.40,149.80,73.28,1327.31
2024-05-27 22:00:00,2021.49,155.88,0.34,584.04,136.71,72.47,1069.88
2024-05-27 23:00:00,1986.43,143.46,0.28,514.26,135.48,72.03,1118.69
2024-05-28 00:00:00,1980.71,95.77,0.29,413.55,137.66,72.20,1259.21
2024-05-28 01:00:00,1943.02,94.47,0.22,559.32,139.35,72.80,1074.86
2024-05-28 02:00:00,1925.53,89.79,2.01,447.13,138.22,71.52,1174.94
2024-05-28 03:00:00,1983.22,107.33,41.49,378.28,141.00,74.27,1238.73
2024-05-28 04:00:00,2275.76,107.40,86.35,542.09,155.33,85.01,1297.13
2024-05-28 05:00:00,2614.59,125.09,139.12,693.31,160.05,87.84,1406.82
2024-05-28 06:00:00,2799.28,198.77,209.98,616.81,166.82,88.19,1516.62
2024-05-28 07:00:00,2817.73,293.02,269.77,482.71,124.20,78.14,1567.86
2024-05-28 08:00:00,2902.42,468.18,381.94,441.60,142.79,75.36,1390.37
2024-05-28 09:00:00,2908.68,570.02,538.67,408.28,154.67,74.41,1160.35
2024-05-28 10:00:00,2898.76,729.48,608.19,378.44,152.69,75.20,952.51
2024-05-28 11:00:00,2917.57,866.05,631.09,360.70,161.75,75.93,819.64
2024-05-28 12:00:00,2936.94,952.44,858.65,396.09,159.80,78.74,488.94
2024-05-28 13:00:00,2761.26,1055.10,889.83,467.28,136.86,76.02,133.93
2024-05-28 14:00:00,2706.68,1117.63,736.49,538.88,133.22,75.71,102.54
2024-05-28 15:00:00,2820.53,986.39,776.81,427.16,152.61,75.36,399.81
2024-05-28 16:00:00,2664.45,879.90,687.50,559.42,202.58,84.28,248.56
2024-05-28 17:00:00,2512.36,735.44,382.09,575.82,192.47,88.61,535.54
2024-05-28 18:00:00,2357.68,553.22,148.74,635.62,190.34,90.21,737.34
2024-05-28 19:00:00,2276.22,484.25,26.94,604.66,175.15,89.28,893.88
2024-05-28 20:00:00,2253.84,581.64,0.43,480.88,164.54,76.12,948.16
2024-05-28 21:00:00,2127.71,868.93,0.38,411.41,159.48,74.47,610.92
2024-05-28 22:00:00,2062.13,1218.79,0.38,333.25,116.23,70.34,321.02
2024-05-28 23:00:00,2105.71,1532.91,0.24,262.91,112.47,69.67,125.22
2024-05-29 00:00:00,2154.86,1843.04,0.25,183.53,118.16,69.33,-61.54
2024-05-29 01:00:00,2228.90,2050.17,0.17,162.48,117.13,69.65,-172.69
2024-05-29 02:00:00,2263.56,2151.93,2.24,182.97,118.96,70.96,-265.60
2024-05-29 03:00:00,2245.48,2241.18,55.07,179.50,124.32,71.38,-428.15
2024-05-29 04:00:00,2410.56,2298.00,176.30,181.80,137.02,71.11,-456.01
2024-05-29 05:00:00,2636.10,2347.69,366.48,189.79,149.01,73.08,-492.50
2024-05-29 06:00:00,2830.99,2425.48,551.57,255.65,163.90,74.26,-642.02
2024-05-29 07:00:00,2913.53,2561.81,726.78,234.53,177.45,72.70,-862.06
2024-05-29 08:00:00,3038.15,2831.16,662.52,161.65,168.89,71.75,-860.04
2024-05-29 09:00:00,3104.92,2848.53,551.82,157.71,153.94,71.15,-680.53
2024-05-29 10:00:00,3140.00,2707.76,576.45,157.75,143.93,72.82,-520.94
2024-05-29 11:00:00,3256.79,2687.70,478.07,157.64,134.27,71.72,-274.85
2024-05-29 12:00:00,3182.84,2474.89,449.24,167.28,131.14,72.04,-114.09
2024-05-29 13:00:00,3041.25,2066.45,513.61,205.09,136.09,72.06,45.44
2024-05-29 14:00:00,2937.81,1906.05,466.55,215.02,131.47,72.80,143.67
2024-05-29 15:00:00,2899.04,1850.91,506.62,257.74,134.01,73.37,74.18
2024-05-29 16:00:00,2732.97,1756.85,515.79,266.70,407.24,92.46,-308.71
2024-05-29 17:00:00,2568.51,1505.96,315.79,309.21,431.53,96.62,-93.05
2024-05-29 18:00:00,2424.81,1447.89,132.62,303.88,504.12,101.92,-67.90
2024-05-29 19:00:00,2326.83,1467.42,22.75,300.47,442.52,99.70,-8.37
2024-05-29 20:00:00,2241.32,1334.17,0.51,272.54,252.30,86.27,293.18
2024-05-29 21:00:00,2111.20,1296.15,0.42,301.91,231.72,76.38,202.24
2024-05-29 22:00:00,2049.03,1151.27,0.41,329.82,138.51,74.29,352.61
2024-05-29 23:00:00,2015.81,1126.95,0.37,327.93,118.32,75.13,364.97
2024-05-30 00:00:00,2037.82,1176.64,0.29,334.02,198.97,80.24,245.66
2024-05-30 01:00:00,1976.58,1122.76,0.33,325.80,130.75,75.96,318.83
2024-05-30 02:00:00,1944.42,1001.69,0.82,325.61,119.24,75.81,419.35
2024-05-30 03:00:00,1995.95,1013.63,49.57,282.11,120.59,74.91,453.02
2024-05-30 04:00:00,2287.69,1086.99,208.08,270.79,137.67,75.65,506.24
2024-05-30 05:00:00,2603.42,953.77,516.33,354.41,157.65,75.72,542.93
2024-05-30 06:00:00,2787.30,916.72,881.97,308.62,176.48,75.57,425.63
2024-05-30 07:00:00,2812.12,882.36,1160.00,260.48,292.95,77.58,136.49
2024-05-30 08:00:00,2881.88,826.70,1414.86,231.48,199.55,72.30,134.71
2024-05-30 09:00:00,2946.56,853.38,1618.57,261.53,188.75,69.75,-47.78
2024-05-30 10:00:00,2881.20,697.29,1484.22,294.87,209.56,71.56,121.24
2024-05-30 11:00:00,2913.61,539.30,1552.78,283.33,213.58,68.50,253.60
2024-05-30 12:00:00,2862.86,376.56,1474.99,278.86,211.55,67.07,451.44
2024-05-30 13:00:00,2774.68,252.42,1513.38,270.79,201.18,65.85,468.67
2024-05-30 14:00:00,2735.50,194.04,1331.43,246.69,184.43,73.45,702.91
2024-05-30 15:00:00,2748.03,170.22,995.27,307.72,176.76,75.78,1019.69
2024-05-30 16:00:00,2618.72,191.10,635.48,294.52,251.18,83.56,1160.48
2024-05-30 17:00:00,2554.48,161.92,328.94,249.96,180.36,87.73,1543.30
2024-05-30 18:00:00,2385.20,144.49,151.36,300.13,303.59,83.33,1400.03
2024-05-30 19:00:00,2279.94,133.83,36.52,286.52,323.89,83.18,1413.79
2024-05-30 20:00:00,2214.56,177.52,0.58,239.72,146.37,64.58,1583.47
2024-05-30 21:00:00,2163.89,296.01,0.42,213.87,120.85,59.31,1471.17
2024-05-30 22:00:00,2104.09,327.50,0.37,255.68,104.35,65.41,1348.60
2024-05-30 23:00:00,2020.24,290.63,0.32,264.39,105.98,73.64,1283.07
2024-05-31 00:00:00,2028.79,310.03,0.25,262.71,103.97,73.38,1276.52
2024-05-31 01:00:00,2050.22,390.19,0.24,263.21,319.45,86.98,988.16
2024-05-31 02:00:00,1995.82,535.78,1.13,259.04,125.54,73.08,999.32
2024-05-31 03:00:00,2017.24,666.03,19.75,260.76,109.54,72.14,886.85
2024-05-31 04:00:00,2280.75,741.15,83.31,279.89,120.67,78.41,975.04
2024-05-31 05:00:00,2591.16,764.53,161.69,287.59,132.74,79.60,1162.58
2024-05-31 06:00:00,2764.25,947.52,234.41,308.32,270.47,89.72,911.55
2024-05-31 07:00:00,2814.77,1140.36,338.74,314.53,155.00,73.19,790.67
2024-05-31 08:00:00,2860.46,1368.31,554.09,272.49,160.20,73.54,429.31
2024-05-31 09:00:00,2897.53,1573.80,760.54,209.01,167.68,69.86,114.11
2024-05-31 10:00:00,2875.60,1507.71,854.57,259.27,165.99,66.80,19.04
2024-05-31 11:00:00,2817.36,1377.76,966.21,276.87,171.01,67.16,-44.24
2024-05-31 12:00:00,2708.44,1189.64,1077.96,249.60,169.13,68.01,-48.41
2024-05-31 13:00:00,2653.22,1143.27,1164.59,232.30,170.33,69.36,-129.28
2024-05-31 14:00:00,2649.73,1132.87,1190.19,259.42,168.85,69.20,-173.38
2024-05-31 15:00:00,2627.04,998.68,945.22,415.07,166.11,73.15,26.14
2024-05-31 16:00:00,2514.79,1041.51,603.20,418.95,160.24,75.08,213.30
2024-05-31 17:00:00,2347.35,963.76,323.07,456.55,143.67,77.18,380.63
2024-05-31 18:00:00,2209.45,957.44,153.17,428.25,129.33,74.86,463.94
2024-05-31 19:00:00,2106.84,833.60,26.52,484.97,120.78,75.84,562.85
2024-05-31 20:00:00,2051.42,824.78,0.50,305.43,116.85,72.81,728.73
2024-05-31 21:00:00,1959.67,771.28,0.40,200.95,120.66,72.12,791.95
2024-05-31 22:00:00,1897.48,719.10,0.31,223.61,125.04,69.43,757.59
2024-05-31 23:00:00,1844.69,573.82,0.28,223.48,121.06,69.49,854.00
2024-06-01 00:00:00,1816.41,478.87,0.23,239.57,120.72,70.36,904.45
2024-06-01 01:00:00,1793.75,421.08,0.20,139.81,119.42,69.28,1041.76
2024-06-01 02:00:00,1769.80,453.37,1.73,123.13,124.58,69.81,994.90
2024-06-01 03:00:00,1825.63,489.22,56.74,143.79,123.56,70.72,939.52
2024-06-01 04:00:00,1825.05,627.49,215.12,120.82,137.54,72.34,649.69
2024-06-01 05:00:00,1964.93,708.12,566.28,133.45,161.10,71.74,322.01
2024-06-01 06:00:00,2151.66,658.03,1034.00,150.19,182.49,70.90,53.76
2024-06-01 07:00:00,2331.77,454.45,1464.23,187.87,193.02,68.18,-38.45
2024-06-01 08:00:00,2407.66,383.61,1790.28,218.70,207.90,65.27,-260.62
2024-06-01 09:00:00,2471.20,435.61,2035.46,127.93,216.00,65.51,-411.72
2024-06-01 10:00:00,2604.98,427.16,2192.19,126.18,227.88,63.58,-434.46
2024-06-01 11:00:00,2816.76,485.02,2176.00,117.62,234.60,62.14,-261.18
2024-06-01 12:00:00,2822.80,664.21,1940.56,119.26,225.95,61.16,-190.77
2024-06-01 13:00:00,2879.79,1084.38,1857.42,122.14,224.40,62.21,-473.23
2024-06-01 14:00:00,2727.60,1421.00,1488.38,125.01,203.88,62.69,-575.84
2024-06-01 15:00:00,2364.35,1425.32,1090.12,177.61,188.29,64.27,-583.78
2024-06-01 16:00:00,2303.33,1327.50,793.90,186.69,179.41,68.06,-254.71
2024-06-01 17:00:00,2184.27,1377.85,424.31,187.59,161.67,70.06,-39.67
2024-06-01 18:00:00,2043.80,1286.56,159.56,159.19,145.10,70.61,220.19
2024-06-01 19:00:00,1954.79,1202.96,34.09,138.15,133.36,70.24,373.75
2024-06-01 20:00:00,1913.58,1256.84,0.67,131.88,129.71,69.32,322.83
2024-06-01 21:00:00,1997.17,1223.33,0.49,123.52,127.98,69.08,450.37
2024-06-01 22:00:00,1982.15,1217.68,0.40,2.07,123.20,66.47,570.18
2024-06-01 23:00:00,1928.86,1272.93,0.32,1.67,121.50,67.81,462.29
2024-06-02 00:00:00,1921.71,1386.61,0.29,1.66,120.91,65.81,344.24
2024-06-02 01:00:00,1954.76,1350.37,0.24,1.59,120.15,65.52,414.88
2024-06-02 02:00:00,1913.98,1337.91,1.55,1.57,117.16,65.40,388.32
2024-06-02 03:00:00,1892.92,1370.88,36.53,1.58,117.45,67.16,297.25
2024-06-02 04:00:00,1953.23,1417.38,141.08,1.60,128.59,68.18,194.36
2024-06-02 05:00:00,2103.01,1473.09,308.97,1.59,142.78,66.15,108.22
2024-06-02 06:00:00,2328.33,1290.45,635.59,1.59,160.96,66.19,171.36
2024-06-02 07:00:00,2435.79,1301.11,913.44,1.87,176.21,65.23,-24.58
2024-06-02 08:00:00,2498.74,1376.46,1299.97,2.08,210.49,64.84,-457.53
2024-06-02 09:00:00,2694.75,1390.84,1710.07,1.69,229.12,64.37,-703.75
2024-06-02 10:00:00,2792.58,1383.98,1898.00,1.68,231.17,61.23,-785.82
2024-06-02 11:00:00,2952.48,1286.44,1426.71,1.67,228.01,60.34,-53.32
2024-06-02 12:00:00,3103.93,637.02,1159.14,1.68,226.95,59.76,1017.12
2024-06-02 13:00:00,3000.42,686.98,1060.21,1.69,218.59,60.00,970.72
2024-06-02 14:00:00,2923.23,1110.37,1216.21,1.61,207.94,59.17,325.69
2024-06-02 15:00:00,2791.98,1845.82,1292.14,1.73,196.65,60.61,-607.37
2024-06-02 16:00:00,2580.80,2100.76,876.02,1.86,196.95,63.47,-660.54
2024-06-02 17:00:00,2414.55,2231.38,443.51,7.59,171.44,65.26,-506.77
2024-06-02 18:00:00,2300.66,2443.21,172.25,8.20,147.58,65.63,-538.27
2024-06-02 19:00:00,2227.68,2647.89,28.71,8.22,139.00,65.45,-663.70
2024-06-02 20:00:00,2171.76,2616.83,0.44,8.22,140.25,64.95,-661.28
2024-06-02 21:00:00,2119.63,2554.76,0.38,8.02,137.57,64.83,-648.04
2024-06-02 22:00:00,2028.62,2581.94,0.35,4.73,138.66,65.00,-764.11
2024-06-02 23:00:00,1924.06,2601.57,0.32,4.23,138.13,64.79,-886.96
2024-06-03 00:00:00,1938.87,2560.87,0.29,4.18,134.13,64.45,-827.12
2024-06-03 01:00:00,2094.28,2594.17,0.28,2.64,125.19,63.81,-693.66
2024-06-03 02:00:00,2088.95,2630.64,1.29,2.38,134.55,63.68,-745.48
2024-06-03 03:00:00,2116.36,2681.58,45.20,17.35,125.39,64.58,-819.69
2024-06-03 04:00:00,2378.29,2601.59,185.65,92.64,136.60,64.83,-705.24
2024-06-03 05:00:00,2615.80,2615.69,327.79,191.71,278.55,81.74,-882.24
2024-06-03 06:00:00,2763.65,2519.34,480.35,279.18,178.33,68.97,-764.84
2024-06-03 07:00:00,2870.99,2484.77,614.39,171.09,168.23,67.64,-637.47
2024-06-03 08:00:00,2888.20,2472.01,739.91,156.32,166.60,63.80,-712.79
2024-06-03 09:00:00,2871.27,2352.43,647.22,175.65,166.40,61.70,-534.46
2024-06-03 10:00:00,2858.45,2276.78,631.87,246.59,283.77,78.17,-661.04
2024-06-03 11:00:00,2959.83,2355.41,744.66,118.36,170.20,63.05,-494.41
2024-06-03 12:00:00,3036.52,2431.48,870.73,1.86,170.41,59.87,-500.28
2024-06-03 13:00:00,3045.64,2474.01,1085.92,1.86,175.39,62.31,-756.29
2024-06-03 14:00:00,2940.67,2448.70,1155.16,1.86,204.25,65.43,-937.27
2024-06-03 15:00:00,2965.39,2376.64,1010.09,3.79,186.29,61.33,-675.20
2024-06-03 16:00:00,2774.31,2291.30,727.04,6.10,173.00,63.25,-488.71
2024-06-03 17:00:00,2584.57,2170.16,404.89,16.57,179.09,69.83,-258.20
2024-06-03 18:00:00,2434.69,2074.82,159.81,84.60,180.99,73.75,-141.41
2024-06-03 19:00:00,2313.65,1804.31,39.55,118.51,168.43,74.04,106.62
2024-06-03 20:00:00,2455.44,1519.85,0.76,128.17,145.66,69.79,588.94
2024-06-03 21:00:00,2365.04,1306.19,0.33,129.52,132.10,65.45,729.24
2024-06-03 22:00:00,2065.40,1154.01,0.28,189.03,127.43,64.37,528.01
2024-06-03 23:00:00,1989.68,1000.62,0.26,196.28,126.57,62.89,601.06
2024-06-04 00:00:00,1962.59,853.97,0.24,224.46,124.24,62.93,694.68
2024-06-04 01:00:00,1946.73,763.51,0.25,209.50,123.40,62.49,785.66
2024-06-04 02:00:00,1908.47,634.56,2.55,201.04,123.69,64.05,880.71
2024-06-04 03:00:00,1952.62,543.77,51.43,216.39,132.36,63.78,942.80
2024-06-04 04:00:00,2250.69,568.50,190.01,255.35,173.77,65.27,995.49
2024-06-04 05:00:00,2575.36,577.62,432.07,361.52,208.30,71.49,921.92
2024-06-04 06:00:00,2753.38,624.18,760.98,208.21,226.84,76.97,853.95
2024-06-04 07:00:00,2773.68,780.03,984.57,207.84,227.53,73.09,498.27
2024-06-04 08:00:00,2861.61,1023.62,1140.42,230.76,223.33,51.88,189.33
2024-06-04 09:00:00,2896.06,1274.97,1215.44,182.88,202.79,48.33,-30.70
2024-06-04 10:00:00,2890.19,1468.15,1203.35,258.29,285.03,54.22,-381.15
2024-06-04 11:00:00,3036.30,1913.72,1252.69,212.38,360.94,62.58,-768.55
2024-06-04 12:00:00,3053.76,2230.67,1155.80,114.37,209.91,51.98,-711.22
2024-06-04 13:00:00,2930.41,2358.75,875.09,126.73,192.16,51.16,-675.96
2024-06-04 14:00:00,2814.99,2276.47,635.02,245.06,181.78,52.14,-577.72
2024-06-04 15:00:00,2787.43,2413.17,486.79,260.00,271.24,62.18,-708.38
2024-06-04 16:00:00,2714.78,2476.78,336.32,168.77,181.98,59.93,-511.27
2024-06-04 17:00:00,2567.31,2437.64,213.54,197.62,178.98,61.94,-524.77
2024-06-04 18:00:00,2413.81,2394.99,74.64,226.78,187.17,62.98,-534.92
2024-06-04 19:00:00,2321.64,2392.12,8.34,212.54,193.30,62.22,-548.89
2024-06-04 20:00:00,2256.66,2687.23,0.48,230.85,272.71,69.78,-1006.57
2024-06-04 21:00:00,2153.65,2984.69,0.42,116.64,165.64,57.32,-1173.08
2024-06-04 22:00:00,2429.09,3156.94,0.34,113.23,152.09,53.49,-1048.94
2024-06-04 23:00:00,2304.98,3053.32,0.29,121.38,147.24,54.48,-1074.05
2024-06-05 00:00:00,2255.59,3036.73,0.27,124.54,147.36,55.00,-1110.25
2024-06-05 01:00:00,2199.22,3146.45,0.27,123.34,141.90,53.35,-1268.01
2024-06-05 02:00:00,2122.84,3096.39,0.41,115.10,140.25,57.89,-1289.05
2024-06-05 03:00:00,2107.68,3018.29,17.61,136.28,136.47,62.63,-1265.65
2024-06-05 04:00:00,2186.70,2984.65,136.36,120.94,143.47,62.87,-1264.08
2024-06-05 05:00:00,2371.82,3193.96,474.99,121.72,163.02,64.61,-1648.85
2024-06-05 06:00:00,2525.81,3240.02,965.76,151.49,190.29,64.20,-2088.30
2024-06-05 07:00:00,2713.73,3622.06,1289.39,116.06,212.44,62.13,-2590.63
2024-06-05 08:00:00,2886.07,3486.63,1584.84,118.19,217.11,64.24,-2587.31
2024-06-05 09:00:00,2902.68,3165.98,1580.73,128.42,217.71,64.02,-2256.56
2024-06-05 10:00:00,2831.82,2870.77,1452.55,142.88,221.24,63.90,-1921.71
2024-06-05 11:00:00,2990.24,2737.92,1421.63,117.71,217.86,62.57,-1569.77
2024-06-05 12:00:00,2974.57,2659.57,1304.79,113.00,204.94,63.26,-1373.32
2024-06-05 13:00:00,2903.75,2367.11,1227.35,112.45,191.83,64.70,-1062.00
2024-06-05 14:00:00,2898.36,2579.96,1007.76,112.99,182.69,56.34,-1043.91
2024-06-05 15:00:00,2883.32,2507.26,826.76,113.32,183.77,62.97,-813.25
2024-06-05 16:00:00,2634.09,2322.32,730.09,118.39,190.21,69.04,-798.21
2024-06-05 17:00:00,2323.18,1875.87,392.07,259.64,183.70,80.63,-470.98
2024-06-05 18:00:00,2230.16,1847.09,170.03,188.15,164.22,82.74,-224.22
2024-06-05 19:00:00,2156.37,1762.85,37.10,161.20,151.56,82.68,-41.02
2024-06-05 20:00:00,2081.40,1665.93,0.68,241.84,157.27,81.69,-68.13
2024-06-05 21:00:00,2023.31,1959.84,0.52,180.39,173.78,78.47,-371.86
2024-06-05 22:00:00,1987.29,1742.12,0.44,258.94,142.16,70.57,-229.05
2024-06-05 23:00:00,1997.35,1910.12,0.37,164.60,141.19,69.88,-290.81
2024-06-06 00:00:00,1982.44,1771.26,0.34,181.75,139.44,69.46,-181.75
2024-06-06 01:00:00,1915.55,1576.53,0.30,187.81,131.22,68.52,-50.78
2024-06-06 02:00:00,1861.69,1567.55,2.99,185.02,115.02,68.64,-79.31
2024-06-06 03:00:00,1956.65,1642.16,70.48,187.81,126.15,74.15,-146.37
2024-06-06 04:00:00,2274.64,1594.99,228.10,211.37,141.80,74.84,21.26
2024-06-06 05:00:00,2622.55,1324.13,512.27,290.27,167.24,74.73,251.49
2024-06-06 06:00:00,2808.82,1320.76,838.31,268.89,187.03,69.86,121.85
2024-06-06 07:00:00,2963.08,1766.57,1073.13,130.56,209.04,68.47,-286.68
2024-06-06 08:00:00,3206.55,1720.93,1290.40,138.90,192.29,65.75,-203.90
2024-06-06 09:00:00,3221.26,1446.90,1107.97,183.98,188.84,63.00,228.41
2024-06-06 10:00:00,3490.78,1401.27,1510.30,171.75,208.04,63.85,133.16
2024-06-06 11:00:00,3460.72,1408.45,1688.80,147.92,213.24,63.68,-63.51
2024-06-06 12:00:00,3246.67,1345.29,1652.94,121.23,197.62,64.81,-137.32
2024-06-06 13:00:00,2991.66,1501.17,1558.22,193.83,194.97,62.72,-521.57
2024-06-06 14:00:00,2850.18,1438.91,1291.34,292.98,189.92,63.82,-429.02
2024-06-06 15:00:00,2862.56,1389.11,1109.42,263.69,216.79,67.14,-185.94
2024-06-06 16:00:00,2772.85,1147.34,911.49,174.88,179.39,71.04,286.42
2024-06-06 17:00:00,2483.40,948.18,448.96,259.19,186.70,85.77,552.38
2024-06-06 18:00:00,2366.68,789.02,169.81,227.66,175.61,85.51,916.92
2024-06-06 19:00:00,2237.58,695.92,40.39,276.62,176.06,83.21,963.15
2024-06-06 20:00:00,2164.56,708.33,0.79,257.29,168.11,80.69,947.21
2024-06-06 21:00:00,2069.09,759.60,0.49,148.31,152.40,70.48,935.74
2024-06-06 22:00:00,2025.27,791.63,0.42,192.62,121.05,70.04,847.51
2024-06-06 23:00:00,2051.27,777.26,0.40,116.56,127.79,69.36,958.02
2024-06-07 00:00:00,1979.09,667.65,0.33,154.79,129.68,68.61,956.15
2024-06-07 01:00:00,1933.18,676.84,0.31,161.47,131.02,68.93,892.52
2024-06-07 02:00:00,1894.43,780.90,4.34,199.42,134.50,68.44,705.01
2024-06-07 03:00:00,1966.87,855.69,94.83,190.02,142.24,71.72,610.42
2024-06-07 04:00:00,2287.38,780.94,288.67,233.76,152.08,72.11,757.59
2024-06-07 05:00:00,2577.16,751.81,541.71,349.66,174.01,71.17,686.67
2024-06-07 06:00:00,2832.28,1076.02,957.70,296.24,193.08,69.02,238.03
2024-06-07 07:00:00,2952.53,1427.30,1307.66,123.14,198.14,67.89,-173.84
2024-06-07 08:00:00,3049.02,1451.73,1341.48,125.68,203.60,67.51,-143.36
2024-06-07 09:00:00,3070.49,1809.52,1300.37,121.24,210.46,64.19,-437.54
2024-06-07 10:00:00,3283.20,2285.72,1568.84,113.54,204.61,63.53,-955.43
2024-06-07 11:00:00,3229.66,2121.91,1580.83,113.67,204.37,63.03,-856.70
2024-06-07 12:00:00,3060.38,2229.35,1492.58,113.51,194.06,64.45,-1035.70
2024-06-07 13:00:00,3262.94,2020.98,1288.79,113.59,167.84,62.52,-392.93
2024-06-07 14:00:00,2928.69,2129.11,1083.96,112.92,175.19,62.77,-637.59
2024-06-07 15:00:00,2715.29,2165.75,824.05,118.85,167.88,65.30,-629.05
2024-06-07 16:00:00,2589.31,1997.64,532.81,119.12,150.04,68.85,-281.31
2024-06-07 17:00:00,2401.11,1761.36,387.26,151.63,159.13,72.94,-133.45
2024-06-07 18:00:00,2223.02,1599.70,174.61,205.53,164.90,75.83,0.33
2024-06-07 19:00:00,2085.38,1342.27,35.99,210.10,158.24,75.42,261.31
2024-06-07 20:00:00,2065.98,1525.27,0.65,187.89,149.35,71.82,128.93
2024-06-07 21:00:00,2007.17,1591.70,0.41,131.35,136.38,68.76,76.36
2024-06-07 22:00:00,1913.70,1725.30,0.84,165.14,132.58,67.22,-179.39
2024-06-07 23:00:00,1930.77,1951.60,0.33,111.54,131.43,68.16,-334.40
2024-06-08 00:00:00,1936.60,2168.54,0.30,9.19,138.90,68.77,-450.92
2024-06-08 01:00:00,1984.37,2251.00,0.30,6.83,139.67,68.17,-483.29
2024-06-08 02:00:00,1949.09,2260.06,1.40,5.44,136.75,66.50,-522.78
2024-06-08 03:00:00,1921.12,2181.27,42.06,5.04,145.13,67.97,-522.16
2024-06-08 04:00:00,1964.20,1917.72,170.26,7.83,154.18,67.68,-355.34
2024-06-08 05:00:00,2140.84,1949.95,324.78,8.10,163.67,69.48,-377.28
2024-06-08 06:00:00,2360.13,1955.68,412.67,6.47,164.95,67.44,-249.26
2024-06-08 07:00:00,2816.48,2110.31,530.90,3.77,154.54,54.48,-39.74
2024-06-08 08:00:00,2851.85,1695.27,436.37,1.89,135.47,47.21,533.44
2024-06-08 09:00:00,2964.52,1377.36,320.15,1.87,139.27,44.37,1079.33
2024-06-08 10:00:00,3188.14,772.08,206.88,1.77,114.74,44.39,2046.09
2024-06-08 11:00:00,3351.08,610.71,262.26,1.73,110.28,44.86,2319.03
2024-06-08 12:00:00,3341.04,640.01,241.78,1.72,112.12,43.97,2299.24
2024-06-08 13:00:00,3160.95,819.45,277.06,1.69,128.07,43.69,1888.83
2024-06-08 14:00:00,3135.71,1055.43,473.76,1.79,141.75,44.60,1416.26
2024-06-08 15:00:00,3033.90,2051.41,647.46,1.87,161.83,53.74,115.25
2024-06-08 16:00:00,2774.00,2300.78,689.26,7.52,156.74,66.51,-449.35
2024-06-08 17:00:00,2586.01,2453.14,421.15,8.37,151.49,67.58,-518.03
2024-06-08 18:00:00,2431.82,2598.09,170.03,8.39,137.52,66.75,-551.27
2024-06-08 19:00:00,2241.10,2526.45,34.89,8.40,129.81,67.40,-527.93
2024-06-08 20:00:00,2146.77,2532.16,0.69,11.75,128.86,67.33,-596.10
2024-06-08 21:00:00,2177.38,2752.18,0.31,13.01,135.62,67.07,-793.17
2024-06-08 22:00:00,2132.48,2892.62,0.40,8.92,142.59,66.19,-980.32
2024-06-08 23:00:00,2235.35,2967.43,0.27,3.11,136.09,65.50,-939.50
2024-06-09 00:00:00,2156.48,2966.36,0.27,1.47,136.16,64.57,-1014.46
2024-06-09 01:00:00,2170.80,3082.14,0.24,1.44,118.63,60.77,-1094.31
2024-06-09 02:00:00,2158.65,2918.49,2.78,1.35,117.69,59.63,-943.49
2024-06-09 03:00:00,2185.61,2998.09,46.20,1.33,123.43,61.69,-1046.97
2024-06-09 04:00:00,2284.40,2725.64,229.08,1.36,131.87,61.05,-866.49
2024-06-09 05:00:00,2447.80,2810.21,558.39,1.32,165.81,60.13,-1150.17
2024-06-09 06:00:00,2800.16,2398.26,774.65,1.40,167.58,59.96,-603.91
2024-06-09 07:00:00,2776.71,2129.41,499.04,1.38,166.98,59.62,-82.21
2024-06-09 08:00:00,3005.43,1448.98,427.45,1.29,158.11,47.94,919.20
2024-06-09 09:00:00,3151.74,1346.46,639.96,1.39,153.42,44.68,963.31
2024-06-09 10:00:00,3420.26,1471.81,972.19,1.40,140.46,43.66,787.98
2024-06-09 11:00:00,3453.86,1521.73,985.05,1.37,148.63,43.98,750.63
2024-06-09 12:00:00,3449.80,1594.09,859.26,1.39,153.67,43.82,794.89
2024-06-09 13:00:00,3465.05,1553.22,908.91,1.37,154.94,45.71,798.26
2024-06-09 14:00:00,3125.41,2258.35,999.58,1.46,174.45,53.40,-364.38
2024-06-09 15:00:00,3000.19,3309.24,1031.47,1.56,168.12,61.43,-1574.54
2024-06-09 16:00:00,2710.06,3930.31,717.70,7.88,187.18,65.78,-2201.67
2024-06-09 17:00:00,2604.43,3712.51,422.14,10.30,173.12,66.17,-1782.70
2024-06-09 18:00:00,2441.25,3693.26,176.64,10.31,157.33,66.83,-1665.70
2024-06-09 19:00:00,2312.71,3457.61,42.03,10.43,147.12,66.39,-1413.09
2024-06-09 20:00:00,2254.20,3258.06,0.59,10.60,144.11,65.36,-1227.18
2024-06-09 21:00:00,2197.03,3290.72,0.59,10.41,140.15,65.55,-1312.76
2024-06-09 22:00:00,2160.95,3326.82,0.40,5.55,142.17,63.10,-1379.39
2024-06-09 23:00:00,2189.81,3217.56,0.34,5.39,137.30,64.36,-1237.62
2024-06-10 00:00:00,2114.31,3205.56,0.30,5.46,136.69,64.33,-1300.39
2024-06-10 01:00:00,2084.90,3092.92,0.33,5.67,132.81,63.87,-1213.13
2024-06-10 02:00:00,2140.81,2913.11,1.97,7.04,127.97,63.32,-974.77
2024-06-10 03:00:00,2182.78,2964.87,60.20,7.77,132.25,63.83,-1048.42
2024-06-10 04:00:00,2470.74,2932.15,222.28,10.71,142.83,65.64,-905.39
2024-06-10 05:00:00,2887.87,3032.63,491.21,10.66,158.98,65.60,-873.82
2024-06-10 06:00:00,3101.26,3166.78,854.00,10.59,179.37,65.34,-1177.21
2024-06-10 07:00:00,3167.84,3123.05,1067.16,12.69,194.54,64.06,-1296.13
2024-06-10 08:00:00,3375.87,3091.95,1379.23,99.25,197.48,64.12,-1458.58
2024-06-10 09:00:00,3413.67,3097.77,1369.38,138.19,211.64,62.78,-1468.50
2024-06-10 10:00:00,3285.40,3055.18,1455.58,143.33,213.06,63.54,-1648.09
2024-06-10 11:00:00,3310.92,2886.46,1480.57,144.10,216.19,64.14,-1483.33
2024-06-10 12:00:00,3192.06,2761.44,1386.92,142.91,213.59,65.32,-1380.90
2024-06-10 13:00:00,3059.90,2655.78,1221.13,145.63,205.04,64.32,-1234.58
2024-06-10 14:00:00,3061.57,2523.44,1072.80,146.31,193.76,65.56,-942.67
2024-06-10 15:00:00,3051.84,2397.78,833.10,146.49,182.55,67.11,-577.72
2024-06-10 16:00:00,2855.16,2278.41,581.82,151.83,263.45,78.46,-501.48
2024-06-10 17:00:00,2694.10,2217.12,343.60,153.96,205.04,84.43,-312.52
2024-06-10 18:00:00,2479.86,1948.81,130.75,154.66,171.00,86.25,-14.55
2024-06-10 19:00:00,2353.05,1866.12,31.02,154.32,148.71,85.30,65.48
2024-06-10 20:00:00,2291.10,1685.23,0.75,100.32,140.89,80.70,280.82
2024-06-10 21:00:00,2202.07,1440.95,0.43,65.18,135.04,70.77,487.37
2024-06-10 22:00:00,2137.46,1272.36,0.31,63.16,123.62,66.49,609.09
2024-06-10 23:00:00,2131.49,1294.56,0.29,60.08,125.30,66.77,581.89
2024-06-11 00:00:00,2098.61,1349.84,0.25,60.27,123.67,66.02,496.18
2024-06-11 01:00:00,2173.21,1483.71,0.28,60.41,125.32,66.68,434.70
2024-06-11 02:00:00,2100.24,1528.19,1.18,60.55,126.11,68.22,313.94
2024-06-11 03:00:00,2122.51,1565.99,27.38,105.74,122.91,67.59,230.54
2024-06-11 04:00:00,2394.36,1539.20,119.04,93.61,142.92,69.72,427.39
2024-06-11 05:00:00,2714.30,1602.20,247.11,134.56,174.66,69.18,483.96
2024-06-11 06:00:00,2894.89,1637.98,408.59,91.18,176.40,69.31,509.12
2024-06-11 07:00:00,2914.98,1675.77,517.96,155.01,178.21,66.16,319.42
2024-06-11 08:00:00,3067.18,1681.51,665.94,153.84,173.67,62.77,326.88
2024-06-11 09:00:00,3180.18,1703.15,810.89,151.43,181.57,64.55,266.26
2024-06-11 10:00:00,3228.35,1705.84,865.91,147.99,175.14,59.46,271.37
2024-06-11 11:00:00,3426.26,1757.85,895.90,157.04,183.81,55.13,373.86
2024-06-11 12:00:00,3556.56,1801.25,961.86,160.17,190.13,54.81,385.92
2024-06-11 13:00:00,3426.30,1884.75,923.85,156.79,192.00,59.55,206.78
2024-06-11 14:00:00,3189.21,2057.04,1003.23,158.85,190.89,61.40,-284.96
2024-06-11 15:00:00,3025.19,2111.04,818.41,165.63,182.60,63.43,-318.39
2024-06-11 16:00:00,2833.49,2082.61,629.72,168.37,184.55,68.86,-303.19
2024-06-11 17:00:00,2655.42,2096.31,300.52,167.97,210.08,73.66,-195.73
2024-06-11 18:00:00,2491.38,2055.86,101.56,166.07,215.63,74.78,-125.00
2024-06-11 19:00:00,2344.78,1988.04,24.05,148.07,216.10,74.03,-107.73
2024-06-11 20:00:00,2295.49,2068.07,0.62,97.80,180.25,69.72,-123.40
2024-06-11 21:00:00,2333.27,2117.15,0.37,126.15,147.43,69.14,-129.35
2024-06-11 22:00:00,2152.99,2164.18,0.36,93.80,159.25,65.24,-332.20
2024-06-11 23:00:00,2111.66,2117.58,0.34,130.60,152.82,65.17,-357.19
2024-06-12 00:00:00,2104.15,2069.65,0.27,129.86,133.46,64.50,-296.24
2024-06-12 01:00:00,2071.01,1954.87,0.26,133.70,133.34,66.41,-220.17
2024-06-12 02:00:00,2067.56,2050.48,2.64,93.81,134.64,68.21,-284.78
2024-06-12 03:00:00,2135.37,2094.13,69.08,128.32,150.81,67.18,-376.53
2024-06-12 04:00:00,2387.46,2324.34,182.66,122.33,186.35,70.92,-501.52
2024-06-12 05:00:00,2699.86,2359.81,373.98,199.26,201.34,72.10,-509.23
2024-06-12 06:00:00,2995.31,2307.13,688.22,162.88,220.96,72.92,-459.38
2024-06-12 07:00:00,3061.69,2288.71,1052.61,172.11,201.09,66.67,-721.91
2024-06-12 08:00:00,3220.53,2330.53,1197.47,168.23,203.47,59.36,-741.13
2024-06-12 09:00:00,3423.77,2270.64,1441.84,164.94,206.24,61.76,-724.31
2024-06-12 10:00:00,3275.57,2401.75,1367.77,164.50,206.90,61.44,-929.51
2024-06-12 11:00:00,3363.67,2424.12,1477.72,169.27,205.84,60.79,-976.63
2024-06-12 12:00:00,3263.65,2446.70,1380.09,168.34,194.72,61.39,-990.37
2024-06-12 13:00:00,3171.80,2533.76,1256.68,190.34,191.60,64.32,-1067.73
2024-06-12 14:00:00,3106.57,2526.18,1143.20,282.32,190.69,63.25,-1101.97
2024-06-12 15:00:00,3137.32,2658.36,876.35,313.20,190.08,63.16,-966.63
2024-06-12 16:00:00,2813.83,2695.95,586.15,381.20,330.11,81.51,-1263.99
2024-06-12 17:00:00,2660.33,2443.32,341.69,388.06,210.29,67.04,-792.56
2024-06-12 18:00:00,2496.28,2387.74,156.47,442.03,218.07,67.36,-777.95
2024-06-12 19:00:00,2511.40,2253.64,43.51,576.09,196.89,68.12,-629.40
2024-06-12 20:00:00,2354.40,2212.05,1.68,563.71,187.62,67.29,-680.36
2024-06-12 21:00:00,2229.54,2160.29,0.60,613.38,265.40,81.88,-894.69
2024-06-12 22:00:00,2166.27,2134.80,0.53,506.99,156.45,65.33,-700.27
2024-06-12 23:00:00,2235.49,2109.69,0.41,467.08,144.50,62.92,-551.85
2024-06-13 00:00:00,2347.44,2224.56,0.39,357.75,137.50,60.59,-435.79
2024-06-13 01:00:00,2223.35,2198.86,0.42,301.07,131.76,63.61,-474.95
2024-06-13 02:00:00,2078.36,2159.72,3.09,287.85,133.17,63.38,-571.45
2024-06-13 03:00:00,2180.16,2034.63,60.89,236.08,151.05,66.03,-370.84
2024-06-13 04:00:00,2415.06,1936.34,189.30,224.95,181.33,66.99,-186.30
2024-06-13 05:00:00,2713.08,1823.22,409.31,285.68,191.99,75.46,-75.31
2024-06-13 06:00:00,2902.58,1914.19,716.92,283.83,196.40,77.49,-288.87
2024-06-13 07:00:00,2913.85,1899.51,930.98,264.52,178.69,75.80,-438.40
2024-06-13 08:00:00,3058.43,1811.40,1196.03,276.99,179.25,64.71,-472.68
2024-06-13 09:00:00,3175.86,1800.16,1342.78,266.39,188.15,63.24,-487.61
2024-06-13 10:00:00,3123.00,1775.54,1365.47,261.84,194.66,61.82,-539.02
2024-06-13 11:00:00,3157.68,1742.66,1314.45,273.14,203.33,63.30,-442.03
2024-06-13 12:00:00,3094.52,1675.22,1372.11,275.31,195.95,61.26,-487.92
2024-06-13 13:00:00,3019.64,1550.80,1223.56,281.28,194.20,64.92,-297.52
2024-06-13 14:00:00,2911.15,1419.87,1074.86,271.40,174.97,63.95,-96.69
2024-06-13 15:00:00,2911.20,1368.16,814.65,272.95,160.09,65.75,226.69
2024-06-13 16:00:00,2783.77,1075.77,635.18,309.94,178.84,78.16,503.18
2024-06-13 17:00:00,2521.56,866.50,403.70,418.53,242.21,92.32,495.50
2024-06-13 18:00:00,2413.86,730.27,176.24,435.10,249.47,92.10,728.10
2024-06-13 19:00:00,2293.58,639.61,36.61,499.43,200.53,85.68,829.45
2024-06-13 20:00:00,2217.08,576.27,0.69,307.81,159.85,81.84,1088.08
2024-06-13 21:00:00,2125.53,661.01,0.47,203.91,122.52,71.48,1063.63
2024-06-13 22:00:00,2117.23,729.55,0.38,187.97,112.62,68.79,1015.57
2024-06-13 23:00:00,2132.85,836.43,0.40,195.35,124.28,69.87,903.82
2024-06-14 00:00:00,2173.39,944.54,0.32,137.78,103.20,66.00,918.70
2024-06-14 01:00:00,2200.55,985.93,0.26,123.43,109.72,62.76,916.01
2024-06-14 02:00:00,2164.59,1044.85,1.39,114.71,110.67,63.45,827.14
2024-06-14 03:00:00,2142.61,1070.72,28.95,127.62,111.91,64.11,736.78
2024-06-14 04:00:00,2327.05,1157.35,121.20,160.95,133.75,65.78,685.24
2024-06-14 05:00:00,2662.30,1344.97,249.66,206.46,141.09,70.53,647.06
2024-06-14 06:00:00,2814.51,1188.29,356.35,292.16,153.54,71.49,749.99
2024-06-14 07:00:00,2840.59,1405.62,421.37,288.14,276.82,89.76,356.11
2024-06-14 08:00:00,2915.84,1649.67,551.31,191.19,174.31,66.44,280.23
2024-06-14 09:00:00,2898.28,1768.26,586.95,131.22,160.66,63.96,184.58
2024-06-14 10:00:00,2925.99,1770.34,755.55,122.55,168.74,62.09,44.09
2024-06-14 11:00:00,2895.28,1682.62,875.91,124.29,161.08,63.03,-14.40
2024-06-14 12:00:00,2837.75,1623.59,931.66,116.89,176.64,63.32,-77.46
2024-06-14 13:00:00,2735.76,1506.41,1029.42,115.21,190.00,65.63,-173.60
2024-06-14 14:00:00,2706.85,1502.72,947.42,122.29,186.36,64.13,-118.77
2024-06-14 15:00:00,2627.94,1321.56,547.83,160.99,168.55,65.73,360.49
2024-06-14 16:00:00,2508.25,1306.42,307.51,254.88,285.81,89.38,261.57
2024-06-14 17:00:00,2398.31,1375.07,182.56,184.64,197.93,85.18,369.92
2024-06-14 18:00:00,2249.63,1415.20,65.22,184.79,171.44,85.06,325.41
2024-06-14 19:00:00,2132.78,1435.24,13.56,193.57,160.34,83.80,243.57
2024-06-14 20:00:00,2091.24,1677.94,0.46,249.79,297.91,100.58,-238.16
2024-06-14 21:00:00,2006.50,1754.41,0.38,195.01,143.40,72.32,-161.79
2024-06-14 22:00:00,1966.56,1727.31,0.32,119.93,119.77,66.41,-69.55
2024-06-14 23:00:00,1930.78,1808.29,0.29,11.90,120.86,65.73,-78.75
2024-06-15 00:00:00,1933.75,1828.98,0.24,11.94,117.51,64.83,-92.36
2024-06-15 01:00:00,1931.06,1978.46,0.23,11.85,124.70,64.61,-251.37
2024-06-15 02:00:00,1912.87,2014.24,2.28,6.78,128.08,65.27,-305.85
2024-06-15 03:00:00,1983.07,2181.12,46.38,3.17,129.89,66.82,-446.54
2024-06-15 04:00:00,2144.53,2450.84,173.21,2.08,142.96,63.82,-690.66
2024-06-15 05:00:00,2422.75,2713.53,309.09,1.96,153.19,58.81,-816.25
2024-06-15 06:00:00,2780.12,2614.80,301.38,1.96,156.08,46.65,-342.94
2024-06-15 07:00:00,3141.25,2575.41,290.85,2.00,131.02,45.78,93.46
2024-06-15 08:00:00,3222.81,2585.91,171.27,2.00,127.04,45.35,288.93
2024-06-15 09:00:00,3155.01,2401.01,161.51,1.99,119.67,45.73,422.81
2024-06-15 10:00:00,3215.22,2331.62,201.74,1.98,120.46,44.43,512.72
2024-06-15 11:00:00,3284.22,2071.90,306.75,2.00,131.93,45.04,724.14
2024-06-15 12:00:00,3257.52,1907.78,366.17,2.02,139.86,44.97,794.30
2024-06-15 13:00:00,3244.04,1958.68,600.66,2.01,154.05,44.22,481.69
2024-06-15 14:00:00,3159.40,1888.06,563.24,2.01,158.85,43.54,501.14
2024-06-15 15:00:00,3092.22,1888.19,511.11,2.03,170.02,47.88,470.45
2024-06-15 16:00:00,2877.19,3035.48,556.20,2.01,173.33,64.40,-956.83
2024-06-15 17:00:00,2476.66,3079.19,344.09,9.99,174.51,67.61,-1201.15
2024-06-15 18:00:00,2310.65,2869.57,128.71,12.07,158.13,73.00,-933.26
2024-06-15 19:00:00,2188.03,2459.51,33.88,12.60,150.28,71.91,-542.55
2024-06-15 20:00:00,2114.61,2319.97,0.70,12.60,144.49,71.19,-436.70
2024-06-15 21:00:00,2080.92,2367.06,0.37,10.37,146.10,70.22,-515.50
2024-06-15 22:00:00,1989.06,2349.04,0.30,5.73,143.73,63.34,-575.31
2024-06-15 23:00:00,1964.37,2286.02,0.27,2.10,136.99,60.12,-523.57
2024-06-16 00:00:00,2017.91,2237.12,0.23,1.78,140.16,54.42,-418.27
2024-06-16 01:00:00,2076.17,2271.94,0.22,1.77,138.24,52.40,-390.83
2024-06-16 02:00:00,2048.54,2324.95,3.70,1.77,136.75,52.94,-473.63
2024-06-16 03:00:00,2164.57,2220.55,54.25,1.76,135.93,54.80,-304.78
2024-06-16 04:00:00,2110.82,2001.42,175.12,1.74,148.99,55.76,-274.41
2024-06-16 05:00:00,2441.02,1971.41,368.88,1.69,165.13,55.86,-124.27
2024-06-16 06:00:00,2745.80,1613.23,522.75,1.87,172.46,55.51,377.52
2024-06-16 07:00:00,2916.58,1426.94,593.52,1.93,179.06,55.60,657.06
2024-06-16 08:00:00,3121.81,1547.47,784.50,1.88,187.84,52.36,545.27
2024-06-16 09:00:00,3201.50,1577.11,841.67,1.89,188.96,53.10,536.29
2024-06-16 10:00:00,3123.04,1627.12,853.30,1.87,190.81,53.98,393.37
2024-06-16 11:00:00,3187.21,1537.76,918.58,1.89,185.83,52.64,488.12
2024-06-16 12:00:00,3258.53,1307.68,955.24,1.85,189.26,50.47,751.42
2024-06-16 13:00:00,3133.21,818.56,922.86,1.89,190.56,49.22,1147.66
2024-06-16 14:00:00,2990.53,683.50,721.77,1.89,177.09,50.23,1353.32
2024-06-16 15:00:00,2881.15,1049.66,626.14,2.12,171.62,57.23,971.45
2024-06-16 16:00:00,2462.93,970.30,412.66,7.31,160.06,70.00,839.89
2024-06-16 17:00:00,2210.54,968.79,189.29,48.11,212.26,88.09,701.09
2024-06-16 18:00:00,2169.41,942.29,65.22,79.12,151.27,79.70,849.39
2024-06-16 19:00:00,2110.42,1075.32,13.38,30.43,288.50,95.97,604.47
2024-06-16 20:00:00,2015.65,1038.68,0.48,150.44,170.22,82.50,570.77
2024-06-16 21:00:00,1946.92,1120.83,0.44,13.47,314.53,90.19,404.91
2024-06-16 22:00:00,1963.03,1244.54,0.36,59.11,392.11,87.11,177.11
2024-06-16 23:00:00,2025.69,1192.16,0.29,160.45,302.94,85.44,281.97
2024-06-17 00:00:00,1929.26,1261.46,0.26,118.13,140.67,68.39,338.17
2024-06-17 01:00:00,1894.73,1130.11,0.26,116.27,125.43,69.44,450.99
2024-06-17 02:00:00,1859.41,917.63,2.58,119.36,119.72,69.70,628.40
2024-06-17 03:00:00,1944.83,732.65,55.00,118.55,123.23,70.59,842.41
2024-06-17 04:00:00,2236.18,651.50,208.78,125.23,147.41,74.16,1026.61
2024-06-17 05:00:00,2567.54,556.44,519.06,119.88,171.32,79.59,1118.58
2024-06-17 06:00:00,2712.27,629.00,881.98,236.73,193.49,80.66,688.07
2024-06-17 07:00:00,2762.59,601.02,1208.99,246.46,191.72,79.70,431.93
2024-06-17 08:00:00,2901.05,635.56,1469.14,229.84,202.40,67.63,294.06
2024-06-17 09:00:00,2967.86,737.82,1503.89,133.97,210.51,60.78,318.41
2024-06-17 10:00:00,3045.82,904.92,1309.12,32.45,218.11,58.34,519.90
2024-06-17 11:00:00,3158.45,1063.36,1359.34,3.78,214.66,59.54,454.86
2024-06-17 12:00:00,3196.01,1336.84,1296.41,2.47,199.60,58.60,298.61
2024-06-17 13:00:00,3078.96,1468.38,1401.63,1.88,199.62,57.90,-53.29
2024-06-17 14:00:00,3012.86,1306.07,1375.95,39.13,199.75,59.56,29.30
2024-06-17 15:00:00,2929.91,1201.82,1161.46,105.07,193.45,68.52,196.76
2024-06-17 16:00:00,2691.76,909.85,834.66,238.72,197.08,82.15,426.40
2024-06-17 17:00:00,2520.75,746.49,426.95,326.67,214.44,84.50,718.64
2024-06-17 18:00:00,2392.04,749.55,170.15,300.21,203.09,86.24,879.82
2024-06-17 19:00:00,2284.87,735.32,44.93,279.92,197.16,88.10,936.77
2024-06-17 20:00:00,2212.17,784.91,0.90,297.28,162.00,82.80,881.44
2024-06-17 21:00:00,2117.69,973.93,0.34,195.33,144.37,72.08,728.67
2024-06-17 22:00:00,2049.77,1110.85,0.32,274.49,133.67,67.90,459.99
2024-06-17 23:00:00,2057.37,1232.06,0.28,272.71,151.97,67.49,330.00
2024-06-18 00:00:00,2030.05,1241.48,0.25,261.95,158.09,67.61,297.68
2024-06-18 01:00:00,2067.06,1356.00,0.22,130.37,159.58,65.72,352.79
2024-06-18 02:00:00,2138.81,1403.20,2.80,123.51,163.65,68.48,374.68
2024-06-18 03:00:00,2163.03,1435.59,55.93,128.91,168.70,68.69,302.68
2024-06-18 04:00:00,2284.92,1344.36,184.50,275.52,193.80,73.87,210.14
2024-06-18 05:00:00,2609.96,1408.62,443.29,246.22,212.88,80.42,215.61
2024-06-18 06:00:00,2785.71,1477.86,752.95,291.68,215.24,78.86,-33.93
2024-06-18 07:00:00,2842.37,1539.71,1001.37,177.57,229.48,65.34,-174.04
2024-06-18 08:00:00,3280.62,1494.25,1171.08,112.03,210.59,65.78,223.88
2024-06-18 09:00:00,3219.87,1458.09,1428.16,93.80,203.10,63.38,-29.47
2024-06-18 10:00:00,3080.48,1348.69,1485.31,98.27,210.00,61.74,-126.39
2024-06-18 11:00:00,3220.94,1315.29,1460.62,186.18,208.86,62.52,-16.28
2024-06-18 12:00:00,3160.30,1381.39,1528.21,177.64,213.54,61.55,-204.83
2024-06-18 13:00:00,2838.69,1424.44,1478.96,121.74,215.22,62.76,-467.38
2024-06-18 14:00:00,2737.65,1405.74,1314.06,234.99,228.66,63.31,-511.98
2024-06-18 15:00:00,2774.04,1312.14,950.64,353.87,217.76,65.31,-128.55
2024-06-18 16:00:00,2697.50,1295.42,700.95,250.44,232.16,74.26,141.35
2024-06-18 17:00:00,2536.70,1176.99,410.28,272.80,243.71,75.08,354.99
2024-06-18 18:00:00,2392.99,971.51,177.27,280.95,233.18,77.56,649.60
2024-06-18 19:00:00,2278.68,789.28,57.36,271.85,212.62,79.84,864.90
2024-06-18 20:00:00,2239.44,762.89,2.48,221.02,165.73,77.95,1006.49
2024-06-18 21:00:00,2280.59,944.95,0.41,121.40,155.95,68.44,986.64
2024-06-18 22:00:00,2149.78,1088.67,0.37,124.88,153.04,64.23,715.77
2024-06-18 23:00:00,2077.65,1148.66,0.33,134.53,152.84,66.16,572.50
2024-06-19 00:00:00,2035.96,1077.52,0.40,191.35,152.26,66.12,545.39
2024-06-19 01:00:00,1987.18,1091.27,0.25,277.50,164.21,68.57,382.43
2024-06-19 02:00:00,2001.17,1239.98,2.90,162.10,155.07,65.79,372.69
2024-06-19 03:00:00,2049.87,1488.80,51.98,138.61,163.53,65.03,139.13
2024-06-19 04:00:00,2299.67,1534.34,199.40,270.43,185.73,69.30,37.77
2024-06-19 05:00:00,2621.06,1748.29,442.35,287.81,355.02,85.78,-301.01
2024-06-19 06:00:00,2783.91,2076.24,661.76,216.69,219.02,67.50,-460.03
2024-06-19 07:00:00,2865.64,2282.68,989.64,197.34,213.58,65.35,-885.56
2024-06-19 08:00:00,3089.68,2348.48,1199.91,145.64,200.22,64.06,-871.47
2024-06-19 09:00:00,3184.51,2439.78,1304.91,116.70,213.33,52.80,-945.80
2024-06-19 10:00:00,3210.97,2562.61,1358.07,127.75,209.19,48.76,-1098.34
2024-06-19 11:00:00,3301.00,2862.76,1383.92,121.78,212.70,46.57,-1329.45
2024-06-19 12:00:00,3218.27,3048.45,1311.34,120.63,213.18,45.96,-1524.20
2024-06-19 13:00:00,3174.31,3154.80,1265.32,119.64,213.67,47.33,-1629.05
2024-06-19 14:00:00,3244.13,3331.03,1096.99,120.31,201.16,50.17,-1558.57
2024-06-19 15:00:00,3169.74,3462.37,918.24,121.34,189.85,48.83,-1573.54
2024-06-19 16:00:00,3062.53,3529.09,715.19,123.86,180.99,48.95,-1538.09
2024-06-19 17:00:00,2896.64,3483.42,419.71,123.88,164.15,52.80,-1349.98
2024-06-19 18:00:00,2629.56,3336.25,188.18,124.26,148.53,65.31,-1235.45
2024-06-19 19:00:00,2543.78,2851.42,49.96,147.48,142.13,69.53,-719.32
2024-06-19 20:00:00,2432.89,2480.34,1.95,285.53,160.08,72.48,-570.22
2024-06-19 21:00:00,2319.80,2438.34,0.49,202.09,166.91,71.96,-562.64
2024-06-19 22:00:00,2167.75,2292.85,0.47,217.94,135.27,65.21,-546.47
2024-06-19 23:00:00,2076.42,2123.43,0.45,158.46,138.63,67.09,-414.28
2024-06-20 00:00:00,2033.66,1914.02,0.43,158.76,128.13,67.20,-237.48
2024-06-20 01:00:00,1936.20,1787.44,0.40,211.48,125.04,66.76,-257.40
2024-06-20 02:00:00,1983.05,1666.09,4.35,129.68,125.03,66.41,-11.20
2024-06-20 03:00:00,2056.68,1556.14,57.56,196.58,129.92,67.38,46.58
2024-06-20 04:00:00,2282.19,1349.18,201.27,334.62,238.61,78.82,76.92
2024-06-20 05:00:00,2591.75,1343.58,545.96,284.04,286.41,91.76,37.29
2024-06-20 06:00:00,2732.22,1347.49,952.33,293.10,211.01,76.70,-150.98
2024-06-20 07:00:00,2840.77,1271.61,1420.72,144.46,213.04,71.15,-282.79
2024-06-20 08:00:00,2957.51,1176.66,1804.22,134.37,225.68,65.22,-451.49
2024-06-20 09:00:00,2977.50,1047.43,1941.81,123.43,232.46,63.10,-433.52
2024-06-20 10:00:00,3193.46,1000.34,1926.49,220.99,233.37,61.60,-252.05
2024-06-20 11:00:00,3217.02,960.68,1851.40,315.19,240.95,62.89,-217.77
2024-06-20 12:00:00,3001.15,942.71,1856.80,352.03,244.93,63.68,-462.35
2024-06-20 13:00:00,2871.49,929.12,1841.76,355.30,464.98,82.41,-804.94
2024-06-20 14:00:00,2797.93,984.71,1614.81,287.80,281.70,75.05,-448.96
2024-06-20 15:00:00,2810.66,914.69,1284.05,267.03,315.77,79.69,-53.56
2024-06-20 16:00:00,2623.64,744.99,835.71,342.68,388.46,100.62,207.92
2024-06-20 17:00:00,2470.38,623.57,473.88,369.04,363.06,99.42,538.25
2024-06-20 18:00:00,2372.84,599.89,216.67,292.04,402.78,107.31,751.28
2024-06-20 19:00:00,2266.13,513.09,57.63,304.47,389.98,105.60,892.82
2024-06-20 20:00:00,2170.35,410.07,2.20,334.82,204.82,84.85,1131.03
2024-06-20 21:00:00,2096.04,443.92,0.39,291.38,270.11,91.02,996.78
2024-06-20 22:00:00,2048.28,481.06,0.34,237.09,160.34,70.24,1096.57
2024-06-20 23:00:00,2059.42,390.65,0.32,215.32,148.30,69.58,1232.11
2024-06-21 00:00:00,2065.44,241.46,0.31,218.78,145.87,68.83,1387.84
2024-06-21 01:00:00,2047.00,109.01,0.25,155.16,145.89,66.91,1567.24
2024-06-21 02:00:00,2013.65,62.49,2.36,334.02,191.92,76.96,1343.26
2024-06-21 03:00:00,1989.35,109.15,54.64,187.96,154.06,69.22,1411.85
2024-06-21 04:00:00,2238.39,73.95,199.61,237.44,176.39,74.05,1474.37
2024-06-21 05:00:00,2544.99,33.63,467.76,246.97,207.13,80.88,1505.92
2024-06-21 06:00:00,2711.66,18.95,799.88,245.51,236.26,79.16,1329.37
2024-06-21 07:00:00,2744.94,11.06,1150.41,212.94,249.28,73.94,1044.76
2024-06-21 08:00:00,2843.03,19.84,1458.66,264.76,245.95,65.53,785.45
2024-06-21 09:00:00,2993.53,26.69,1831.19,119.18,237.93,66.28,709.75
2024-06-21 10:00:00,3000.96,37.09,1932.69,116.47,224.58,67.13,620.02
2024-06-21 11:00:00,2954.91,66.88,1873.68,119.16,220.71,67.33,604.52
2024-06-21 12:00:00,2839.25,87.66,1633.68,120.73,204.10,68.18,722.39
2024-06-21 13:00:00,2695.64,143.63,1323.61,126.55,191.44,67.87,839.70
2024-06-21 14:00:00,2814.83,205.24,1223.29,125.75,182.00,66.89,1009.16
2024-06-21 15:00:00,2550.94,331.10,731.11,309.10,196.09,70.64,910.14
2024-06-21 16:00:00,2474.28,464.90,322.38,331.08,194.33,83.49,1075.48
2024-06-21 17:00:00,2329.36,521.49,108.17,289.06,171.67,87.29,1149.04
2024-06-21 18:00:00,2216.90,508.93,38.99,272.37,156.70,88.45,1149.12
2024-06-21 19:00:00,2130.84,526.51,4.60,271.70,144.52,88.16,1093.02
2024-06-21 20:00:00,2072.37,667.13,0.58,190.21,143.35,86.19,982.63
2024-06-21 21:00:00,1992.53,726.07,0.50,119.54,130.81,71.80,941.39
2024-06-21 22:00:00,1928.03,809.33,0.37,120.04,121.22,65.88,808.78
2024-06-21 23:00:00,1881.78,857.69,0.29,226.90,121.69,65.49,607.45
2024-06-22 00:00:00,1949.33,1000.52,0.25,298.08,122.98,65.01,460.25
2024-06-22 01:00:00,2044.82,1290.28,0.20,122.53,122.37,64.82,442.12
2024-06-22 02:00:00,2014.50,1434.38,0.22,116.41,125.46,63.63,272.25
2024-06-22 03:00:00,2067.87,1403.63,5.26,120.49,128.07,63.96,344.32
2024-06-22 04:00:00,1985.17,1098.62,37.07,122.45,130.10,64.81,529.87
2024-06-22 05:00:00,2060.75,878.31,89.10,122.86,128.17,64.67,775.34
2024-06-22 06:00:00,2235.66,716.92,179.87,120.77,129.37,65.84,1020.30
2024-06-22 07:00:00,2598.30,566.24,319.84,121.31,135.44,64.78,1388.13
2024-06-22 08:00:00,2966.08,483.70,441.41,122.05,141.56,51.20,1723.63
2024-06-22 09:00:00,3086.35,522.67,648.67,139.14,156.14,47.14,1569.95
2024-06-22 10:00:00,3022.71,645.83,693.03,136.54,156.69,47.57,1340.24
2024-06-22 11:00:00,3200.48,669.53,637.95,127.13,160.52,46.63,1556.04
2024-06-22 12:00:00,3129.37,761.51,654.54,135.46,159.22,46.61,1369.32
2024-06-22 13:00:00,3018.23,836.50,681.72,127.87,160.32,47.95,1161.36
2024-06-22 14:00:00,2883.56,1068.23,757.03,136.24,157.67,47.17,714.80
2024-06-22 15:00:00,2625.71,1176.76,622.29,121.43,152.54,49.18,500.76
2024-06-22 16:00:00,2384.99,1195.45,526.75,138.35,156.74,66.14,298.95
2024-06-22 17:00:00,2253.93,1160.21,320.07,149.76,157.25,69.69,394.41
2024-06-22 18:00:00,2136.74,1089.61,148.06,146.35,154.77,72.81,522.63
2024-06-22 19:00:00,2034.27,1022.50,40.83,150.76,150.85,75.51,591.52
2024-06-22 20:00:00,1980.31,925.10,1.64,128.56,143.83,74.03,704.69
2024-06-22 21:00:00,1941.94,955.19,0.41,10.68,131.72,68.62,772.90
2024-06-22 22:00:00,1916.55,973.92,0.35,9.97,123.39,65.65,740.62
2024-06-22 23:00:00,1840.94,996.39,0.28,5.06,121.11,65.84,649.70
2024-06-23 00:00:00,1817.69,970.01,0.29,5.61,183.55,70.48,585.55
2024-06-23 01:00:00,1777.90,890.26,0.25,5.40,119.08,66.47,694.30
2024-06-23 02:00:00,1724.83,810.92,2.22,5.74,116.25,65.72,721.79
2024-06-23 03:00:00,1718.64,779.37,55.06,6.66,120.19,67.97,687.24
2024-06-23 04:00:00,1787.04,788.77,210.31,6.09,134.65,68.31,576.56
2024-06-23 05:00:00,1982.53,783.49,478.82,3.77,151.20,68.97,493.84
2024-06-23 06:00:00,2459.26,786.11,757.93,1.76,157.44,68.17,685.27
2024-06-23 07:00:00,2620.70,668.42,978.50,1.59,172.10,50.06,747.58
2024-06-23 08:00:00,2752.38,434.99,1019.75,1.39,169.65,47.40,1076.36
2024-06-23 09:00:00,2763.01,634.04,1463.54,2.13,185.17,47.79,427.72
2024-06-23 10:00:00,2884.36,699.62,1467.24,2.82,195.45,46.55,469.78
2024-06-23 11:00:00,2927.56,809.81,1419.46,2.80,200.32,46.01,446.59
2024-06-23 12:00:00,2938.89,822.48,1246.47,2.81,191.47,46.65,626.20
2024-06-23 13:00:00,2924.03,972.26,1070.51,2.82,195.99,46.62,633.15
2024-06-23 14:00:00,2731.40,1136.50,1012.80,2.85,188.08,49.78,338.52
2024-06-23 15:00:00,2642.46,1392.56,1212.37,2.84,177.86,62.04,-208.07
2024-06-23 16:00:00,2387.63,1246.79,925.57,5.39,170.59,71.05,-34.50
2024-06-23 17:00:00,2210.70,1056.84,507.63,57.37,161.26,72.77,351.91
2024-06-23 18:00:00,2117.58,936.49,185.02,117.88,146.96,77.09,651.50
2024-06-23 19:00:00,2040.15,839.91,50.45,123.13,140.01,77.04,807.05
2024-06-23 20:00:00,2046.45,865.10,2.38,136.13,137.09,76.92,826.25
2024-06-23 21:00:00,2025.08,817.74,0.48,125.58,126.04,71.94,880.49
2024-06-23 22:00:00,1942.31,783.50,0.46,124.02,118.00,67.43,846.65
2024-06-23 23:00:00,1893.55,818.20,0.39,121.82,116.02,67.10,767.21
2024-06-24 00:00:00,1864.96,836.52,0.28,117.12,116.20,67.83,724.17
2024-06-24 01:00:00,1816.68,789.11,0.28,180.14,114.62,66.71,663.31
2024-06-24 02:00:00,1785.74,798.52,3.63,123.21,111.83,65.91,680.03
2024-06-24 03:00:00,1865.47,770.99,56.12,117.31,117.70,68.36,732.39
2024-06-24 04:00:00,2149.12,742.19,209.90,190.08,139.53,72.72,791.98
2024-06-24 05:00:00,2488.96,823.60,535.59,166.09,163.28,79.53,718.13
2024-06-24 06:00:00,2789.52,813.02,1012.63,152.79,178.55,77.88,551.93
2024-06-24 07:00:00,2832.49,614.92,1456.01,153.30,200.09,72.34,333.14
2024-06-24 08:00:00,2972.74,469.42,1762.86,155.80,203.49,63.78,314.25
2024-06-24 09:00:00,3074.75,371.73,1925.48,164.68,212.71,64.16,333.11
2024-06-24 10:00:00,3055.75,326.70,1989.32,153.79,224.06,64.23,294.57
2024-06-24 11:00:00,3094.98,278.16,2119.99,171.58,229.76,64.39,226.95
2024-06-24 12:00:00,3060.38,247.25,2185.16,177.96,235.67,64.17,146.90
2024-06-24 13:00:00,2904.03,218.60,2146.34,192.88,233.82,66.42,43.16
2024-06-24 14:00:00,2836.20,182.00,1927.23,215.27,219.13,67.96,221.89
2024-06-24 15:00:00,2804.80,129.31,1561.62,215.99,206.59,69.54,618.97
2024-06-24 16:00:00,2712.03,87.83,1075.47,199.78,197.65,78.11,1070.08
2024-06-24 17:00:00,2560.65,58.36,550.87,157.97,182.41,87.63,1520.21
2024-06-24 18:00:00,2484.26,33.11,190.53,162.49,173.26,86.81,1834.92
2024-06-24 19:00:00,2281.33,28.70,50.26,268.00,155.22,87.96,1688.49
2024-06-24 20:00:00,2196.67,37.30,2.76,163.74,139.83,77.51,1772.70
2024-06-24 21:00:00,2143.08,28.96,0.44,148.22,133.72,69.82,1758.93
2024-06-24 22:00:00,2051.88,25.20,0.37,147.37,122.56,66.72,1686.80
2024-06-24 23:00:00,2043.64,27.71,0.33,148.18,122.15,66.37,1676.02
2024-06-25 00:00:00,2025.43,32.69,0.33,306.88,199.54,74.94,1407.87
2024-06-25 01:00:00,2021.96,36.45,0.27,386.52,215.91,76.94,1302.92
2024-06-25 02:00:00,1884.69,40.49,3.45,279.77,145.13,69.94,1343.53
2024-06-25 03:00:00,1933.30,43.28,58.53,137.00,126.02,68.38,1497.34
2024-06-25 04:00:00,2238.12,32.21,211.01,208.82,139.54,73.31,1570.28
2024-06-25 05:00:00,2592.41,5.84,584.81,152.60,162.90,77.82,1605.44
2024-06-25 06:00:00,2798.38,2.55,1095.77,177.90,184.09,77.70,1257.46
2024-06-25 07:00:00,2916.22,4.63,1555.85,157.64,201.04,72.90,921.41
2024-06-25 08:00:00,3051.39,7.99,1855.60,182.21,214.77,64.58,723.33
2024-06-25 09:00:00,3287.66,16.25,1950.65,215.89,226.63,61.17,814.21
2024-06-25 10:00:00,3386.34,17.06,1907.23,204.09,219.84,44.16,990.83
2024-06-25 11:00:00,3423.93,30.62,1927.52,185.57,227.16,46.90,1003.25
2024-06-25 12:00:00,3419.42,46.87,1872.89,198.01,219.77,46.62,1032.22
2024-06-25 13:00:00,3162.23,74.00,1934.89,203.61,215.25,50.02,681.40
2024-06-25 14:00:00,2925.90,98.86,1760.72,209.37,209.59,51.59,592.93
2024-06-25 15:00:00,2783.50,115.94,1475.66,211.38,200.07,65.78,711.95
2024-06-25 16:00:00,2672.27,140.08,1022.64,194.48,183.17,74.09,1054.95
2024-06-25 17:00:00,2543.58,162.31,522.88,189.22,165.99,78.18,1422.07
2024-06-25 18:00:00,2415.29,178.85,184.72,240.25,148.17,78.57,1581.98
2024-06-25 19:00:00,2286.01,194.64,48.66,218.66,137.86,76.09,1607.31
2024-06-25 20:00:00,2194.76,187.80,2.44,246.85,128.58,71.23,1554.77
2024-06-25 21:00:00,2127.42,218.51,0.51,251.26,126.68,65.85,1461.92
2024-06-25 22:00:00,2064.22,246.63,1.19,166.24,118.39,63.69,1465.35
2024-06-25 23:00:00,2064.49,192.56,0.37,124.62,118.40,63.67,1561.98
2024-06-26 00:00:00,2029.18,169.17,0.32,188.62,117.79,63.53,1486.82
2024-06-26 01:00:00,1994.45,171.19,0.33,267.06,125.20,63.50,1364.38
2024-06-26 02:00:00,1916.33,146.22,3.41,243.01,127.71,62.66,1330.43
2024-06-26 03:00:00,1965.67,109.03,56.26,212.27,124.31,64.38,1396.67
2024-06-26 04:00:00,2259.56,85.89,205.19,299.82,138.06,68.23,1459.45
2024-06-26 05:00:00,2583.20,52.65,560.44,289.70,154.31,69.85,1453.22
2024-06-26 06:00:00,2771.18,35.69,1057.62,306.19,177.36,71.24,1120.30
2024-06-26 07:00:00,2845.30,16.21,1516.69,134.30,196.99,68.32,910.16
2024-06-26 08:00:00,2938.99,33.55,1882.74,120.42,211.52,63.48,624.43
2024-06-26 09:00:00,3084.23,45.46,2115.59,114.08,226.56,60.97,518.84
2024-06-26 10:00:00,3155.48,64.66,2189.97,85.33,232.25,63.97,515.52
2024-06-26 11:00:00,3176.45,87.77,2123.88,97.99,228.57,65.80,568.99
2024-06-26 12:00:00,3131.15,104.73,2048.45,83.55,220.89,64.35,606.21
2024-06-26 13:00:00,3020.74,141.44,1999.04,108.80,212.88,65.75,489.53
2024-06-26 14:00:00,2794.94,171.83,1688.71,177.81,187.81,66.45,499.47
2024-06-26 15:00:00,2766.14,186.28,1387.92,167.74,174.36,66.14,780.88
2024-06-26 16:00:00,2660.19,212.45,928.78,322.31,161.41,66.60,965.87
2024-06-26 17:00:00,2551.89,238.54,499.15,313.80,167.17,73.39,1257.32
2024-06-26 18:00:00,2440.31,288.15,177.63,356.42,168.93,74.17,1372.42
2024-06-26 19:00:00,2352.73,381.14,45.41,300.44,164.87,73.32,1384.93
2024-06-26 20:00:00,2295.20,584.58,2.19,246.69,139.63,67.87,1251.81
2024-06-26 21:00:00,2279.37,727.10,0.58,266.42,137.37,67.05,1078.15
2024-06-26 22:00:00,2075.49,906.96,0.58,244.34,126.46,65.04,729.74
2024-06-26 23:00:00,2044.15,1094.16,0.48,209.84,127.31,64.66,544.69
2024-06-27 00:00:00,2032.33,1101.47,0.50,280.73,128.32,64.51,454.19
2024-06-27 01:00:00,1965.46,1093.51,0.42,213.29,133.60,64.51,457.75
2024-06-27 02:00:00,1946.91,1025.12,3.02,272.88,166.15,67.21,410.23
2024-06-27 03:00:00,2014.55,1037.92,54.22,144.89,138.54,63.37,573.03
2024-06-27 04:00:00,2294.13,1098.29,208.18,203.77,155.83,69.78,555.63
2024-06-27 05:00:00,2616.72,1051.54,528.34,293.22,177.23,74.67,488.95
2024-06-27 06:00:00,2779.07,995.58,963.02,279.65,187.00,74.38,276.88
2024-06-27 07:00:00,2846.73,1078.18,1399.83,265.55,205.83,69.30,-174.53
2024-06-27 08:00:00,2975.18,1070.17,1791.95,224.12,222.75,62.81,-399.20
2024-06-27 09:00:00,3004.94,1036.40,1969.83,227.21,229.95,63.61,-524.59
2024-06-27 10:00:00,3035.02,1035.07,1977.99,211.38,235.45,66.07,-493.99
2024-06-27 11:00:00,3156.48,977.58,2026.58,153.15,230.15,65.47,-299.54
2024-06-27 12:00:00,3138.97,1059.90,1970.10,208.33,226.28,66.69,-397.63
2024-06-27 13:00:00,3023.57,1203.18,1581.13,216.68,214.62,67.97,-263.09
2024-06-27 14:00:00,2858.45,1435.54,940.31,231.79,186.03,69.14,-7.23
2024-06-27 15:00:00,2859.08,1831.59,461.01,170.06,164.71,65.99,163.08
2024-06-27 16:00:00,2774.75,1774.91,181.94,303.82,156.22,73.36,281.59
2024-06-27 17:00:00,2598.81,1242.52,137.53,370.62,200.97,83.90,560.84
2024-06-27 18:00:00,2446.67,1123.01,106.09,317.59,277.17,94.68,526.00
2024-06-27 19:00:00,2354.96,1162.21,41.64,300.64,187.51,82.50,578.18
2024-06-27 20:00:00,2266.22,1009.29,4.24,271.15,157.12,79.91,742.04
2024-06-27 21:00:00,2161.95,717.44,0.44,296.44,136.88,73.93,934.21
2024-06-27 22:00:00,2085.79,583.75,0.39,278.42,116.54,68.64,1035.35
2024-06-27 23:00:00,2034.83,495.48,0.37,286.76,114.03,68.06,1067.65
2024-06-28 00:00:00,2025.50,534.29,0.30,242.57,119.45,68.39,1058.42
2024-06-28 01:00:00,1973.86,341.36,0.27,287.44,134.56,67.31,1140.69
2024-06-28 02:00:00,1933.31,235.80,0.76,279.91,161.10,71.13,1182.54
2024-06-28 03:00:00,1977.93,170.02,50.30,282.14,203.14,78.70,1191.26
2024-06-28 04:00:00,2327.35,165.73,146.15,270.19,134.28,74.07,1534.36
2024-06-28 05:00:00,2571.07,220.85,261.50,309.90,186.12,80.34,1509.86
2024-06-28 06:00:00,2729.76,258.39,540.08,273.68,194.53,76.73,1383.52
2024-06-28 07:00:00,2800.08,371.33,832.73,235.07,159.37,66.00,1132.98
2024-06-28 08:00:00,2915.49,784.10,1202.19,135.91,174.08,62.22,554.24
2024-06-28 09:00:00,3127.69,1325.85,1505.09,187.70,194.33,64.99,-153.09
2024-06-28 10:00:00,3376.14,1787.72,1449.21,131.72,195.40,61.62,-252.30
2024-06-28 11:00:00,3312.80,1712.72,1376.24,127.37,199.09,59.74,-165.02
2024-06-28 12:00:00,3282.64,2130.68,1263.75,181.19,195.76,57.26,-548.64
2024-06-28 13:00:00,3226.10,2097.63,1042.88,137.16,196.63,58.19,-309.08
2024-06-28 14:00:00,3151.18,2112.69,886.58,127.55,179.34,61.63,-219.56
2024-06-28 15:00:00,3056.81,3956.38,900.15,117.81,175.33,63.98,-2159.53
2024-06-28 16:00:00,2676.81,3935.50,561.12,117.28,170.76,68.14,-2178.67
2024-06-28 17:00:00,2444.25,3645.55,346.74,123.65,165.48,70.93,-1911.14
2024-06-28 18:00:00,2290.02,3448.52,139.58,263.87,149.77,70.85,-1785.44
2024-06-28 19:00:00,2176.18,3321.43,33.78,256.77,144.15,70.40,-1652.94
2024-06-28 20:00:00,2093.27,3064.88,1.80,248.38,142.99,72.91,-1440.58
2024-06-28 21:00:00,1985.46,2669.77,0.60,279.35,138.23,71.32,-1176.24
2024-06-28 22:00:00,1897.63,2303.04,0.44,206.87,134.37,69.18,-818.81
2024-06-28 23:00:00,1861.08,2030.82,0.38,202.50,133.59,66.55,-575.22
2024-06-29 00:00:00,1779.58,1778.57,0.34,246.63,129.22,64.70,-442.22
2024-06-29 01:00:00,1706.69,1547.02,0.29,285.36,123.97,64.68,-317.05
2024-06-29 02:00:00,1728.05,1583.97,2.93,245.96,124.32,65.18,-296.63
2024-06-29 03:00:00,1761.81,1515.91,57.53,197.67,127.13,70.11,-209.09
2024-06-29 04:00:00,1755.15,1252.27,210.14,223.96,139.09,71.17,-143.85
2024-06-29 05:00:00,1906.81,1061.30,472.51,237.29,157.16,71.23,-95.05
2024-06-29 06:00:00,2083.16,1275.20,747.33,160.14,171.56,67.23,-341.12
2024-06-29 07:00:00,2295.89,1466.79,943.02,210.04,184.69,61.52,-572.89
2024-06-29 08:00:00,2672.64,1387.26,1120.78,180.37,177.33,61.81,-257.63
2024-06-29 09:00:00,2805.42,1215.26,962.99,172.04,179.11,59.59,213.66
2024-06-29 10:00:00,2817.70,999.06,1095.28,187.42,191.08,59.54,282.51
2024-06-29 11:00:00,2788.82,722.04,1124.12,195.03,191.01,59.37,494.31
2024-06-29 12:00:00,2723.44,646.92,1256.49,210.16,199.43,58.36,349.32
2024-06-29 13:00:00,2556.20,874.21,1545.37,213.50,197.70,65.60,-342.90
2024-06-29 14:00:00,2412.35,797.51,1515.74,204.72,192.68,66.38,-367.19
2024-06-29 15:00:00,2256.53,612.78,1198.18,264.27,179.13,66.97,-67.51
2024-06-29 16:00:00,2189.03,443.41,802.05,289.10,162.28,67.42,421.94
2024-06-29 17:00:00,2083.91,269.59,421.87,334.25,153.78,80.98,821.06
2024-06-29 18:00:00,2000.37,163.51,144.66,360.56,142.59,83.66,1102.89
2024-06-29 19:00:00,1912.99,80.99,30.13,343.27,127.57,83.66,1244.75
2024-06-29 20:00:00,1882.61,64.43,0.80,312.94,111.40,79.97,1310.32
2024-06-29 21:00:00,1835.85,54.63,0.46,254.37,110.42,75.51,1338.12
2024-06-29 22:00:00,1773.55,65.86,0.41,233.93,112.94,65.74,1292.53
2024-06-29 23:00:00,1735.26,174.77,0.38,217.69,116.20,65.38,1158.35
2024-06-30 00:00:00,1675.08,221.86,0.30,211.19,115.62,64.54,1059.34
2024-06-30 01:00:00,1637.25,370.11,0.32,188.06,117.09,64.89,894.70
2024-06-30 02:00:00,1641.26,467.72,0.45,165.18,114.13,63.78,827.89
2024-06-30 03:00:00,1738.69,557.96,18.77,204.66,119.47,66.05,769.61
2024-06-30 04:00:00,1831.23,677.24,69.95,181.43,125.53,66.48,708.36
2024-06-30 05:00:00,1919.74,747.09,107.87,158.18,130.30,67.81,706.18
2024-06-30 06:00:00,2089.84,863.97,180.41,157.87,133.72,66.85,684.54
2024-06-30 07:00:00,2219.71,851.25,348.42,170.59,146.59,62.48,637.94
2024-06-30 08:00:00,2458.19,846.97,490.76,173.05,148.88,61.81,734.22
2024-06-30 09:00:00,2584.19,763.71,680.54,197.95,150.66,59.98,728.94
2024-06-30 10:00:00,2776.60,654.99,695.02,206.59,148.12,60.64,1008.83
2024-06-30 11:00:00,2719.41,556.14,682.07,226.39,148.28,59.74,1044.36
2024-06-30 12:00:00,2714.81,514.28,614.50,189.30,145.92,60.11,1188.12
2024-06-30 13:00:00,2670.82,505.28,703.31,203.47,151.36,60.65,1044.03
2024-06-30 14:00:00,2485.82,518.41,737.58,205.66,155.85,60.60,805.15
2024-06-30 15:00:00,2430.20,527.33,791.05,200.62,158.49,62.33,687.79
2024-06-30 16:00:00,2380.33,526.67,660.89,276.76,156.69,68.05,688.66
2024-06-30 17:00:00,2242.68,595.33,433.44,275.45,275.64,83.33,576.87
2024-06-30 18:00:00,2106.71,625.36,183.94,300.20,151.21,75.47,767.70
2024-06-30 19:00:00,2030.91,569.79,47.94,347.74,131.40,76.04,855.44
2024-06-30 20:00:00,1984.25,791.99,1.81,311.96,127.17,74.71,673.90
2024-06-30 21:00:00,1930.70,978.88,0.34,269.94,119.10,67.05,492.82
2024-06-30 22:00:00,1880.44,948.26,0.29,224.67,119.13,67.44,518.28
2024-06-30 23:00:00,1841.05,1017.24,0.30,232.60,132.38,67.15,388.97
2024-07-01 00:00:00,1844.03,1062.25,0.27,229.37,147.45,67.46,334.87
2024-07-01 01:00:00,1820.30,993.19,0.24,199.10,113.94,65.90,445.75
2024-07-01 02:00:00,1776.15,912.36,2.58,200.51,112.25,65.00,481.09
2024-07-01 03:00:00,1850.52,819.12,53.62,240.74,112.82,68.89,552.85
2024-07-01 04:00:00,2136.34,721.25,185.64,332.20,128.99,73.28,692.37
2024-07-01 05:00:00,2443.95,678.94,445.11,277.65,150.38,79.72,809.58
2024-07-01 06:00:00,2655.78,765.40,798.77,296.57,165.26,77.90,549.42
2024-07-01 07:00:00,2738.61,983.15,1038.16,218.49,177.90,74.99,243.28
2024-07-01 08:00:00,2928.37,1239.33,1296.00,188.67,180.55,63.37,-42.02
2024-07-01 09:00:00,2909.91,1406.33,1131.70,228.29,178.82,62.81,-100.59
2024-07-01 10:00:00,3118.56,1485.82,1475.43,132.92,187.45,62.67,-228.59
2024-07-01 11:00:00,3042.43,1616.50,1391.58,211.39,252.56,67.00,-499.21
2024-07-01 12:00:00,3123.79,1775.01,1476.37,124.66,195.92,63.35,-514.39
2024-07-01 13:00:00,3020.59,1932.72,1278.07,127.01,193.94,63.15,-577.08
2024-07-01 14:00:00,2910.58,1989.31,1112.68,143.28,184.46,63.52,-585.21
2024-07-01 15:00:00,2867.30,2096.26,842.76,273.99,266.51,71.69,-686.49
2024-07-01 16:00:00,2708.26,2219.03,507.48,296.01,295.31,87.28,-699.46
2024-07-01 17:00:00,2545.09,2104.58,271.15,282.03,211.65,81.22,-408.06
2024-07-01 18:00:00,2417.17,1864.91,110.53,347.94,350.62,94.72,-353.94
2024-07-01 19:00:00,2299.50,1755.49,16.44,280.23,195.40,83.16,-33.86
2024-07-01 20:00:00,2216.43,1632.26,0.65,324.42,175.60,77.25,3.54
2024-07-01 21:00:00,2112.37,1537.15,0.45,294.93,357.90,80.65,-161.32
2024-07-01 22:00:00,2039.24,1653.08,0.43,309.57,144.73,63.54,-134.79
2024-07-01 23:00:00,2017.00,1699.09,0.36,226.14,128.96,63.07,-103.06
2024-07-02 00:00:00,2041.33,1743.10,0.34,199.49,131.70,63.78,-99.38
2024-07-02 01:00:00,1976.55,1794.59,0.27,150.73,128.64,63.62,-163.47
2024-07-02 02:00:00,1977.33,1764.16,0.67,178.31,127.75,64.01,-159.72
2024-07-02 03:00:00,2021.48,1746.92,23.53,171.70,133.95,65.98,-122.94
2024-07-02 04:00:00,2259.75,1773.29,121.90,179.52,143.25,71.05,-31.73
2024-07-02 05:00:00,2586.73,1889.34,314.76,252.34,213.31,73.99,-159.60
2024-07-02 06:00:00,2744.68,2031.50,462.93,248.45,316.61,83.39,-401.76
2024-07-02 07:00:00,2801.48,2455.46,488.82,164.94,331.08,81.28,-724.39
2024-07-02 08:00:00,2929.60,2662.29,621.01,122.73,188.99,63.68,-731.84
2024-07-02 09:00:00,3048.94,2882.30,841.19,140.74,195.40,62.74,-1075.88
2024-07-02 10:00:00,3068.95,2973.46,979.68,117.28,202.15,59.80,-1265.98
2024-07-02 11:00:00,3102.50,3170.66,1010.57,125.58,207.01,57.87,-1471.56
2024-07-02 12:00:00,3036.82,3416.80,1027.63,119.61,206.01,59.02,-1794.55
2024-07-02 13:00:00,3010.24,3628.34,953.26,120.16,203.69,58.00,-1955.40
2024-07-02 14:00:00,2931.44,3699.14,764.53,123.91,196.57,58.70,-1913.71
2024-07-02 15:00:00,2979.64,3737.05,617.23,135.35,184.85,53.08,-1750.31
2024-07-02 16:00:00,2898.93,3707.87,483.28,137.77,173.69,63.87,-1669.83
2024-07-02 17:00:00,2734.57,3563.74,302.86,125.20,168.06,69.16,-1496.62
2024-07-02 18:00:00,2534.33,3465.90,134.46,129.83,159.64,69.17,-1427.03
2024-07-02 19:00:00,2409.54,3459.70,39.59,169.35,151.16,69.66,-1482.13
2024-07-02 20:00:00,2341.33,3287.16,1.94,234.44,148.62,69.94,-1402.96
2024-07-02 21:00:00,2308.39,3162.10,0.47,142.30,145.87,66.53,-1211.23
2024-07-02 22:00:00,2327.77,3100.09,0.46,123.61,145.13,65.73,-1109.22
2024-07-02 23:00:00,2304.35,3204.15,0.40,121.65,144.47,67.29,-1235.77
2024-07-03 00:00:00,2247.62,3201.58,0.40,168.82,141.12,67.03,-1333.46
2024-07-03 01:00:00,2156.92,2969.16,0.30,125.68,142.56,68.04,-1150.73
2024-07-03 02:00:00,2221.60,2754.50,1.75,117.59,142.40,67.38,-864.19
2024-07-03 03:00:00,2197.61,2383.56,52.29,142.01,146.03,68.23,-596.67
2024-07-03 04:00:00,2272.95,2007.33,212.47,281.24,180.09,76.61,-487.25
2024-07-03 05:00:00,2539.00,2009.98,419.00,284.03,269.19,80.17,-525.66
2024-07-03 06:00:00,2720.06,2333.21,723.15,168.75,210.26,75.72,-793.37
2024-07-03 07:00:00,2797.60,2362.59,1048.79,196.29,207.79,70.98,-1090.94
2024-07-03 08:00:00,2888.33,2344.89,1160.45,204.68,218.39,67.16,-1109.45
2024-07-03 09:00:00,2969.90,2230.47,1257.54,228.45,218.77,63.73,-1031.45
2024-07-03 10:00:00,2967.20,2121.05,1295.34,202.88,215.39,64.19,-933.79
2024-07-03 11:00:00,2999.19,2076.14,1363.23,167.66,220.42,64.90,-895.37
2024-07-03 12:00:00,2940.70,2024.46,1373.04,159.50,212.88,53.80,-885.18
2024-07-03 13:00:00,2841.08,1890.42,1202.90,177.24,212.73,55.98,-700.37
2024-07-03 14:00:00,2709.17,1588.62,1047.43,227.71,190.99,57.55,-405.33
2024-07-03 15:00:00,2742.65,1239.90,625.34,279.99,168.04,69.01,357.95
2024-07-03 16:00:00,2643.50,917.12,432.99,339.97,409.45,90.04,451.59
2024-07-03 17:00:00,2487.45,836.80,285.18,317.11,189.69,82.54,773.88
2024-07-03 18:00:00,2377.25,771.94,149.55,349.18,186.48,82.12,835.69
2024-07-03 19:00:00,2275.29,908.46,44.79,290.94,170.81,79.80,778.24
2024-07-03 20:00:00,2203.73,1042.80,1.29,231.12,147.62,79.91,698.77
2024-07-03 21:00:00,2121.22,1295.30,0.57,190.33,146.60,73.52,412.59
2024-07-03 22:00:00,2067.88,1497.48,0.51,120.87,141.86,70.78,234.07
2024-07-03 23:00:00,2116.50,1761.48,0.50,122.04,137.45,70.84,21.74
2024-07-04 00:00:00,2175.36,2039.85,0.48,158.85,141.45,69.18,-236.61
2024-07-04 01:00:00,2146.76,2272.98,0.51,134.24,142.64,67.14,-472.66
2024-07-04 02:00:00,2219.65,2591.34,0.61,143.90,147.74,66.04,-732.10
2024-07-04 03:00:00,2244.64,2929.98,13.74,116.54,143.12,67.69,-1028.51
2024-07-04 04:00:00,2403.56,3318.52,59.94,125.77,142.37,72.95,-1318.45
2024-07-04 05:00:00,2697.29,2926.19,107.86,171.83,145.86,71.94,-728.69
2024-07-04 06:00:00,2871.11,2673.28,192.75,190.69,135.10,73.06,-395.99
2024-07-04 07:00:00,3015.96,2853.08,318.81,174.45,150.01,65.63,-548.39
2024-07-04 08:00:00,3293.48,2875.30,775.13,123.30,170.01,61.43,-713.95
2024-07-04 09:00:00,3488.69,2447.04,1239.87,126.09,202.23,59.70,-588.52
2024-07-04 10:00:00,3512.24,2226.23,1301.57,126.13,215.66,61.23,-421.04
2024-07-04 11:00:00,3614.89,2052.60,915.89,154.41,213.93,61.33,214.10
2024-07-04 12:00:00,3650.88,1747.56,614.31,152.95,201.87,51.07,880.72
2024-07-04 13:00:00,3425.71,1745.53,628.48,170.57,194.94,47.50,636.33
2024-07-04 14:00:00,3354.03,1892.46,565.25,131.51,189.28,46.81,526.01
2024-07-04 15:00:00,3299.75,3053.58,882.05,119.02,188.48,49.03,-994.92
2024-07-04 16:00:00,3054.44,3650.72,694.26,123.52,187.58,68.79,-1672.84
2024-07-04 17:00:00,2711.82,3333.91,429.27,129.93,180.92,71.54,-1436.14
2024-07-04 18:00:00,2475.03,2982.55,153.09,205.09,168.99,62.11,-1099.17
2024-07-04 19:00:00,2360.47,2735.55,30.95,163.91,160.00,65.32,-797.28
2024-07-04 20:00:00,2287.18,2748.09,0.91,149.04,157.81,72.78,-843.42
2024-07-04 21:00:00,2193.03,2705.80,0.58,151.68,156.46,71.11,-894.84
2024-07-04 22:00:00,2276.55,2785.75,0.54,120.57,136.21,52.55,-821.14
2024-07-04 23:00:00,2279.85,2892.59,0.57,133.93,136.17,51.93,-937.36
2024-07-05 00:00:00,2385.12,2965.59,0.46,154.65,133.74,51.05,-922.35
2024-07-05 01:00:00,2279.23,2919.30,0.37,117.93,133.12,51.27,-944.70
2024-07-05 02:00:00,2146.85,2905.88,1.07,111.26,135.03,50.00,-1058.24
2024-07-05 03:00:00,2144.66,2856.30,38.19,112.28,137.08,53.78,-1055.24
2024-07-05 04:00:00,2300.43,2874.97,145.31,176.36,163.12,66.97,-1128.58
2024-07-05 05:00:00,2591.83,3000.08,399.56,127.00,179.60,69.71,-1186.78
2024-07-05 06:00:00,2768.31,3128.12,849.96,135.08,205.44,69.08,-1621.53
2024-07-05 07:00:00,2922.18,3486.28,1152.14,144.30,223.89,64.49,-2151.41
2024-07-05 08:00:00,3332.59,3697.08,1366.67,144.62,211.37,62.79,-2152.32
2024-07-05 09:00:00,3427.60,3395.49,1321.21,132.33,221.54,62.59,-1707.73
2024-07-05 10:00:00,3432.36,3151.88,1375.74,151.10,222.64,50.46,-1521.90
2024-07-05 11:00:00,3369.91,2742.52,923.38,149.76,210.14,48.70,-706.95
2024-07-05 12:00:00,3201.81,2747.66,788.83,129.39,207.13,48.29,-721.99
2024-07-05 13:00:00,3143.79,3288.71,1044.37,145.34,208.83,48.72,-1594.74
2024-07-05 14:00:00,3134.49,4065.44,1035.99,130.62,207.24,52.34,-2359.45
2024-07-05 15:00:00,2986.80,4259.58,965.10,130.14,192.53,64.22,-2627.10
2024-07-05 16:00:00,2725.10,4207.82,625.01,141.91,188.47,70.27,-2510.93
2024-07-05 17:00:00,2473.24,4122.16,360.45,140.84,165.41,60.17,-2378.03
2024-07-05 18:00:00,2333.87,3757.59,159.84,262.31,155.54,65.17,-2068.68
2024-07-05 19:00:00,2267.90,3325.61,44.51,368.51,152.95,64.56,-1690.29
2024-07-05 20:00:00,2160.41,2933.61,1.52,301.25,331.80,78.15,-1488.04
2024-07-05 21:00:00,2019.84,2682.29,0.72,267.84,204.35,76.71,-1214.12
2024-07-05 22:00:00,1917.06,2220.67,0.54,266.55,144.45,67.46,-784.72
2024-07-05 23:00:00,1833.95,1747.19,0.40,226.55,135.62,68.26,-346.11
2024-07-06 00:00:00,1775.30,1339.04,0.37,211.63,127.45,69.49,25.55
2024-07-06 01:00:00,1746.70,1004.94,0.33,214.44,122.13,69.26,333.87
2024-07-06 02:00:00,1752.79,752.70,2.94,224.36,121.35,68.93,580.77
2024-07-06 03:00:00,1790.39,559.29,51.19,241.62,120.41,69.08,747.04
2024-07-06 04:00:00,1936.13,449.44,128.66,261.65,129.19,67.75,897.52
2024-07-06 05:00:00,2117.00,606.30,165.19,175.36,134.96,67.30,965.96
2024-07-06 06:00:00,2307.35,800.05,167.84,260.84,129.69,67.55,879.29
2024-07-06 07:00:00,2492.40,823.15,232.11,264.84,132.61,59.32,978.45
2024-07-06 08:00:00,2620.71,1177.10,360.52,221.89,140.11,56.04,662.99
2024-07-06 09:00:00,2744.30,1730.43,549.67,224.88,146.77,47.18,43.32
2024-07-06 10:00:00,2984.80,1258.35,717.19,208.69,162.69,47.09,588.53
2024-07-06 11:00:00,3159.03,1062.52,787.73,201.59,162.04,46.79,896.14
2024-07-06 12:00:00,3204.88,912.75,483.89,274.42,141.09,47.61,1342.96
2024-07-06 13:00:00,3177.28,821.75,420.10,204.17,131.75,46.74,1550.62
2024-07-06 14:00:00,2971.98,788.60,498.34,257.32,137.09,46.89,1241.73
2024-07-06 15:00:00,2882.26,1081.13,514.76,312.54,149.96,46.29,775.32
2024-07-06 16:00:00,2608.42,1832.86,414.81,248.42,151.75,54.09,-95.58
2024-07-06 17:00:00,2466.85,2231.61,375.25,248.92,159.32,56.13,-606.42
2024-07-06 18:00:00,2298.63,3635.91,177.22,116.49,156.41,55.45,-1844.82
2024-07-06 19:00:00,2235.74,3936.51,34.83,214.29,143.35,55.46,-2150.71
2024-07-06 20:00:00,2137.21,4262.80,1.22,212.80,148.77,55.01,-2545.42
2024-07-06 21:00:00,2186.83,4527.64,0.91,119.75,137.26,52.84,-2653.54
2024-07-06 22:00:00,2048.54,3498.98,0.84,191.64,141.50,48.18,-1834.43
2024-07-06 23:00:00,1973.91,3005.29,0.66,171.67,149.34,47.86,-1403.11
2024-07-07 00:00:00,1930.63,2579.32,0.63,225.10,135.62,47.85,-1060.39
2024-07-07 01:00:00,1867.75,2438.13,0.52,221.85,129.33,50.17,-974.38
2024-07-07 02:00:00,1909.60,2607.99,1.34,210.20,128.04,51.18,-1091.35
2024-07-07 03:00:00,1886.87,3109.69,36.20,231.13,126.54,49.50,-1668.32
2024-07-07 04:00:00,1966.72,3244.00,144.25,205.25,135.73,49.93,-1815.08
2024-07-07 05:00:00,2130.31,3046.87,369.61,122.46,152.46,52.39,-1616.11
2024-07-07 06:00:00,2440.14,2435.66,560.95,182.94,167.88,50.90,-960.77
2024-07-07 07:00:00,2684.72,1790.92,496.58,228.99,172.52,48.99,-55.77
2024-07-07 08:00:00,2772.09,1668.32,568.39,200.45,177.64,48.76,105.77
2024-07-07 09:00:00,2922.44,1593.00,628.52,281.22,182.07,49.32,185.77
2024-07-07 10:00:00,2884.76,1482.30,688.55,240.41,182.17,49.51,239.11
2024-07-07 11:00:00,2926.46,1445.32,805.30,252.21,189.47,47.02,184.80
2024-07-07 12:00:00,2860.69,1299.59,749.98,180.79,187.63,46.22,394.13
2024-07-07 13:00:00,2799.87,1303.62,624.14,153.50,204.68,47.66,463.44
2024-07-07 14:00:00,2647.30,1435.56,701.74,190.79,190.56,47.73,78.36
2024-07-07 15:00:00,2614.41,2053.02,1014.63,210.44,192.96,49.05,-908.51
2024-07-07 16:00:00,2491.81,2255.12,810.70,243.93,189.59,63.39,-1073.58
2024-07-07 17:00:00,2220.07,1700.48,429.25,306.88,173.99,73.68,-467.01
2024-07-07 18:00:00,2093.54,1204.19,179.50,322.67,166.73,78.03,139.85
2024-07-07 19:00:00,2008.59,978.96,45.69,346.31,153.91,77.05,404.26
2024-07-07 20:00:00,1983.24,980.85,1.77,280.82,148.17,77.89,491.22
2024-07-07 21:00:00,1918.54,888.10,0.49,255.32,145.67,72.65,553.92
2024-07-07 22:00:00,1864.40,836.45,0.42,244.84,134.09,68.04,577.96
2024-07-07 23:00:00,1855.62,742.87,0.35,257.45,131.59,68.93,651.66
2024-07-08 00:00:00,1814.19,728.41,0.32,226.84,131.62,67.82,656.96
2024-07-08 01:00:00,1760.61,678.23,0.34,230.44,133.51,67.17,648.60
2024-07-08 02:00:00,1756.41,560.15,1.72,285.20,137.28,67.71,701.84
2024-07-08 03:00:00,1833.67,547.78,24.80,231.65,128.59,66.50,831.70
2024-07-08 04:00:00,2096.39,551.07,92.75,278.67,139.34,75.30,956.56
2024-07-08 05:00:00,2421.49,471.09,216.58,272.78,153.35,79.83,1225.20
2024-07-08 06:00:00,2623.82,529.35,399.44,299.42,156.28,79.84,1157.01
2024-07-08 07:00:00,2701.43,724.32,642.70,214.37,176.03,69.17,872.47
2024-07-08 08:00:00,2929.79,769.62,1090.95,139.09,195.66,51.15,680.83
2024-07-08 09:00:00,2973.92,812.16,1343.32,173.00,212.06,50.62,380.25
2024-07-08 10:00:00,2976.25,842.02,1447.88,199.99,213.19,50.03,220.30
2024-07-08 11:00:00,3052.33,941.65,1641.19,198.48,214.43,50.85,3.16
2024-07-08 12:00:00,2942.31,920.43,1582.17,205.60,207.87,51.36,-27.78
2024-07-08 13:00:00,2811.55,591.39,1694.96,260.24,211.77,51.34,-0.87
2024-07-08 14:00:00,2742.46,540.41,1613.36,228.04,215.14,55.78,87.35
2024-07-08 15:00:00,2673.97,496.57,1359.96,285.80,262.55,72.15,194.21
2024-07-08 16:00:00,2576.16,421.84,961.02,346.66,209.90,79.99,554.13
2024-07-08 17:00:00,2423.86,340.79,530.03,316.03,254.38,85.65,894.51
2024-07-08 18:00:00,2271.39,232.95,176.75,381.79,359.22,99.27,1018.96
2024-07-08 19:00:00,2198.59,156.58,41.68,281.27,243.35,87.61,1385.84
2024-07-08 20:00:00,2104.65,125.67,0.90,302.71,178.52,83.95,1410.46
2024-07-08 21:00:00,2042.85,98.04,0.43,309.42,168.77,80.28,1383.43
2024-07-08 22:00:00,1953.63,99.81,0.38,256.81,158.86,70.48,1364.84
2024-07-08 23:00:00,1932.18,70.27,0.32,245.39,156.34,69.60,1387.60
2024-07-09 00:00:00,1908.06,42.15,0.30,217.83,156.56,67.51,1421.09
2024-07-09 01:00:00,1878.00,26.56,0.25,203.13,156.08,68.00,1421.65
2024-07-09 02:00:00,1843.63,28.66,3.01,207.73,158.13,67.53,1376.11
2024-07-09 03:00:00,1881.59,65.27,48.71,209.10,159.75,69.75,1326.62
2024-07-09 04:00:00,2120.55,115.18,180.52,244.16,175.03,76.26,1326.91
2024-07-09 05:00:00,2412.51,136.30,448.46,264.85,191.98,78.84,1289.62
2024-07-09 06:00:00,2575.81,127.86,746.06,245.59,207.36,78.66,1167.58
2024-07-09 07:00:00,2666.13,165.43,872.22,216.90,186.59,71.70,1150.92
2024-07-09 08:00:00,2803.69,240.38,988.18,134.58,177.37,52.85,1208.03
2024-07-09 09:00:00,2979.29,403.74,912.15,192.48,172.19,52.16,1243.73
2024-07-09 10:00:00,3094.19,591.01,971.19,156.21,176.73,45.59,1150.60
2024-07-09 11:00:00,3191.80,861.86,910.11,170.63,179.80,46.14,1020.79
2024-07-09 12:00:00,3173.45,1166.89,1137.58,121.09,194.22,47.31,503.59
2024-07-09 13:00:00,3096.73,1483.73,1398.43,126.83,209.39,52.40,-176.79
2024-07-09 14:00:00,2872.14,1671.36,1183.76,144.50,210.00,60.70,-400.91
2024-07-09 15:00:00,2715.08,1766.17,852.62,203.56,193.99,66.54,-370.52
2024-07-09 16:00:00,2585.43,1823.85,490.05,302.17,175.37,69.26,-277.92
2024-07-09 17:00:00,2444.21,1945.10,295.76,315.40,174.85,76.89,-366.29
2024-07-09 18:00:00,2325.71,2110.64,124.35,372.72,163.74,76.62,-524.98
2024-07-09 19:00:00,2237.63,2338.54,24.37,198.59,155.56,77.51,-559.23
2024-07-09 20:00:00,2251.98,2472.80,0.41,152.65,149.35,69.42,-595.18
2024-07-09 21:00:00,2185.18,2383.63,0.39,180.57,145.59,69.89,-597.67
2024-07-09 22:00:00,2199.28,2331.57,0.34,201.15,144.89,64.34,-545.77
2024-07-09 23:00:00,2152.97,2482.61,0.81,167.71,140.44,65.93,-707.25
2024-07-10 00:00:00,2179.56,2646.32,0.30,155.92,144.53,65.79,-836.25
2024-07-10 01:00:00,2144.47,2305.99,0.30,262.32,135.56,66.30,-628.20
2024-07-10 02:00:00,2113.59,2390.07,0.47,176.21,138.93,62.93,-657.67
2024-07-10 03:00:00,2119.29,2427.14,15.19,116.05,149.44,64.11,-655.00
2024-07-10 04:00:00,2312.85,2264.50,93.06,133.34,158.18,63.58,-402.52
2024-07-10 05:00:00,2544.72,2312.83,383.36,151.39,175.80,67.37,-548.84
2024-07-10 06:00:00,2716.99,2248.25,559.08,196.48,195.39,68.09,-552.97
2024-07-10 07:00:00,2757.33,2198.61,576.56,287.95,200.40,67.54,-576.39
2024-07-10 08:00:00,2832.22,1996.72,660.61,363.54,459.10,85.94,-736.24
2024-07-10 09:00:00,2883.83,2035.24,725.95,196.79,211.46,69.22,-357.37
2024-07-10 10:00:00,2878.77,2164.88,668.49,156.32,178.36,64.75,-356.76
2024-07-10 11:00:00,2916.62,1980.14,1026.05,131.21,205.23,65.42,-494.17
2024-07-10 12:00:00,2886.69,1812.08,1316.35,177.20,223.75,66.08,-711.53
2024-07-10 13:00:00,2754.32,1662.95,1301.35,196.32,211.39,63.92,-684.60
2024-07-10 14:00:00,2684.52,1441.06,1316.64,164.76,203.28,66.65,-510.68
2024-07-10 15:00:00,2701.34,1180.51,1171.14,219.45,188.93,68.20,-129.68
2024-07-10 16:00:00,2618.43,1030.08,799.90,275.37,180.63,71.17,258.11
2024-07-10 17:00:00,2462.33,838.64,389.04,358.26,167.86,80.27,625.30
2024-07-10 18:00:00,2340.73,694.46,152.25,368.64,224.53,87.29,810.78
2024-07-10 19:00:00,2239.81,637.88,32.64,312.68,159.64,82.15,1011.90
2024-07-10 20:00:00,2165.96,578.07,0.78,334.37,142.59,82.97,1024.25
2024-07-10 21:00:00,2052.79,501.83,0.49,321.69,132.39,71.88,1021.71
2024-07-10 22:00:00,1985.47,465.53,0.42,258.36,126.87,69.31,1062.20
2024-07-10 23:00:00,1999.48,454.95,0.41,230.87,126.43,69.56,1114.40
2024-07-11 00:00:00,1954.81,421.17,0.43,231.18,116.09,64.69,1118.50
2024-07-11 01:00:00,1898.95,490.17,0.37,166.81,120.34,67.92,1051.20
2024-07-11 02:00:00,1890.09,527.38,0.76,215.99,118.87,66.61,958.15
2024-07-11 03:00:00,1940.41,517.49,46.85,234.97,128.51,66.75,943.24
2024-07-11 04:00:00,2152.70,469.68,144.88,292.87,141.30,73.38,1027.74
2024-07-11 05:00:00,2428.78,438.54,425.22,338.40,168.29,75.55,979.76
2024-07-11 06:00:00,2609.47,474.21,815.03,280.27,187.81,73.69,775.67
2024-07-11 07:00:00,2653.69,509.23,1152.50,249.83,198.59,66.87,473.82
2024-07-11 08:00:00,2753.67,563.96,1374.77,180.16,216.80,68.11,347.03
2024-07-11 09:00:00,2781.66,549.49,1377.80,211.79,218.08,65.99,355.70
2024-07-11 10:00:00,2826.68,565.13,1269.34,238.15,201.13,65.91,483.83
2024-07-11 11:00:00,2829.79,527.16,1231.23,206.04,196.81,63.96,601.83
2024-07-11 12:00:00,2773.39,550.31,1247.41,226.07,186.91,62.56,497.32
2024-07-11 13:00:00,2676.43,634.46,1253.80,218.68,196.85,62.46,307.36
2024-07-11 14:00:00,2651.55,787.34,1264.91,223.00,202.72,61.47,109.29
2024-07-11 15:00:00,2711.21,743.77,1105.26,239.34,213.11,64.67,341.96
2024-07-11 16:00:00,2570.24,806.14,787.90,189.65,216.35,69.23,498.00
2024-07-11 17:00:00,2410.33,751.07,412.11,326.74,221.27,85.72,610.60
2024-07-11 18:00:00,2273.98,585.55,165.35,366.91,224.98,85.25,842.78
2024-07-11 19:00:00,2186.31,614.80,32.44,320.31,210.45,85.67,920.02
2024-07-11 20:00:00,2111.70,593.71,0.72,282.23,191.82,78.77,961.61
2024-07-11 21:00:00,1994.43,651.72,0.42,171.19,167.38,77.26,923.87
2024-07-11 22:00:00,1938.90,676.55,0.43,230.36,163.09,68.43,797.32
2024-07-11 23:00:00,1917.53,682.86,0.33,234.06,139.46,67.52,790.33
2024-07-12 00:00:00,1899.58,720.39,0.33,200.95,136.84,67.47,770.97
2024-07-12 01:00:00,1906.08,791.18,0.28,184.81,136.66,66.94,723.34
2024-07-12 02:00:00,1904.42,725.06,0.86,193.14,137.48,67.96,777.18
2024-07-12 03:00:00,1953.35,673.93,36.79,198.29,153.03,68.84,819.35
2024-07-12 04:00:00,2083.20,624.99,142.45,217.56,183.51,75.63,836.25
2024-07-12 05:00:00,2351.84,595.12,305.00,213.66,182.95,77.86,974.76
2024-07-12 06:00:00,2498.47,500.33,532.45,270.01,186.88,78.68,927.32
2024-07-12 07:00:00,2525.20,419.04,749.08,325.47,258.62,75.80,694.45
2024-07-12 08:00:00,2620.51,258.82,988.85,324.08,271.65,74.83,699.33
2024-07-12 09:00:00,2664.63,144.56,1236.64,282.33,209.08,67.96,721.22
2024-07-12 10:00:00,2615.91,109.83,1223.60,269.86,203.33,64.75,741.44
2024-07-12 11:00:00,2558.89,105.52,1400.16,182.16,205.60,63.89,598.57
2024-07-12 12:00:00,2516.90,93.61,1441.19,248.57,207.50,62.79,460.27
2024-07-12 13:00:00,2444.28,89.08,1518.13,213.01,210.83,62.83,347.13
2024-07-12 14:00:00,2358.87,108.94,1273.95,244.00,194.33,66.41,468.14
2024-07-12 15:00:00,2409.92,213.40,868.13,258.08,172.58,66.61,828.05
2024-07-12 16:00:00,2332.82,511.99,515.36,245.31,171.48,67.75,818.06
2024-07-12 17:00:00,2203.63,898.20,282.60,218.04,166.40,75.31,560.02
2024-07-12 18:00:00,2109.26,1441.80,139.10,165.15,160.51,76.84,123.04
2024-07-12 19:00:00,2025.00,1771.27,31.53,189.54,155.57,77.24,-203.28
2024-07-12 20:00:00,1982.29,2105.39,0.94,170.49,145.42,72.19,-515.03
2024-07-12 21:00:00,1922.48,2324.17,0.62,130.31,145.42,68.37,-749.28
2024-07-12 22:00:00,1948.26,2627.97,0.59,139.16,152.84,68.06,-1042.94
2024-07-12 23:00:00,1932.74,2777.24,0.58,144.35,152.91,67.62,-1212.79
2024-07-13 00:00:00,1857.06,2909.48,0.47,118.26,151.77,69.13,-1394.68
2024-07-13 01:00:00,1835.38,3017.39,0.43,126.45,152.96,68.37,-1533.01
2024-07-13 02:00:00,1802.76,3083.90,0.56,121.92,152.01,66.85,-1625.24
2024-07-13 03:00:00,1787.21,3081.26,6.65,120.28,150.84,65.55,-1640.04
2024-07-13 04:00:00,1825.99,3016.19,42.73,120.76,151.64,62.57,-1570.60
2024-07-13 05:00:00,1940.50,2937.05,105.99,116.42,151.48,65.60,-1438.85
2024-07-13 06:00:00,2101.37,2830.95,174.10,120.34,147.73,66.40,-1240.94
2024-07-13 07:00:00,2297.33,2686.40,230.17,120.58,156.19,62.11,-961.15
2024-07-13 08:00:00,2640.81,2509.98,304.79,119.98,154.03,61.21,-512.13
2024-07-13 09:00:00,2874.16,1678.34,324.39,174.44,156.37,61.63,475.95
2024-07-13 10:00:00,2925.63,1516.24,385.92,173.23,153.12,60.29,633.81
2024-07-13 11:00:00,2916.74,1052.86,404.98,121.53,150.12,59.14,1125.35
2024-07-13 12:00:00,2883.90,1023.83,437.10,203.94,148.15,58.15,1009.70
2024-07-13 13:00:00,2760.98,1342.54,479.92,144.12,152.53,58.42,580.40
2024-07-13 14:00:00,2680.63,1298.18,403.65,141.12,155.76,60.09,618.97
2024-07-13 15:00:00,2637.62,1088.21,394.33,201.27,151.41,62.88,736.52
2024-07-13 16:00:00,2315.62,935.08,283.42,191.02,147.53,69.03,686.55
2024-07-13 17:00:00,2125.68,786.80,195.81,322.61,142.08,72.43,603.00
2024-07-13 18:00:00,1999.73,687.37,84.44,311.18,137.64,77.65,698.69
2024-07-13 19:00:00,1912.40,599.37,13.97,335.41,285.09,94.47,581.24
2024-07-13 20:00:00,1861.94,524.89,0.36,331.11,140.63,76.70,785.63
2024-07-13 21:00:00,1789.30,537.92,0.29,266.66,220.26,75.80,685.59
2024-07-13 22:00:00,1696.28,492.81,0.37,254.41,131.07,68.71,746.25
2024-07-13 23:00:00,1651.65,475.15,0.27,198.46,123.82,70.02,781.51
2024-07-14 00:00:00,1622.69,517.95,0.21,187.06,128.52,65.79,720.83
2024-07-14 01:00:00,1603.13,555.51,0.17,154.57,124.13,64.04,702.38
2024-07-14 02:00:00,1593.43,567.26,0.29,205.45,125.01,68.02,625.08
2024-07-14 03:00:00,1569.08,618.66,31.21,168.00,126.34,67.28,555.21
2024-07-14 04:00:00,1639.64,684.36,157.63,169.81,137.41,62.23,425.70
2024-07-14 05:00:00,1841.52,651.66,395.55,171.12,150.34,64.58,405.73
2024-07-14 06:00:00,2366.04,449.28,556.03,146.43,158.07,60.59,993.20
2024-07-14 07:00:00,2579.45,446.47,630.60,208.78,166.71,47.63,1077.00
2024-07-14 08:00:00,2726.51,507.51,615.13,144.55,176.76,49.17,1230.92
2024-07-14 09:00:00,2815.04,572.20,719.91,118.60,189.40,47.94,1164.65
2024-07-14 10:00:00,2811.56,654.09,769.07,112.39,196.43,48.58,1028.69
2024-07-14 11:00:00,2836.41,732.11,724.61,112.47,204.46,46.87,1013.47
2024-07-14 12:00:00,2815.16,797.40,614.70,180.03,198.77,44.85,977.07
2024-07-14 13:00:00,2737.83,873.94,572.53,116.83,187.84,47.03,937.29
2024-07-14 14:00:00,2715.41,912.78,431.88,152.61,171.24,45.53,998.86
2024-07-14 15:00:00,2628.80,1828.49,424.96,115.77,162.82,48.37,46.04
2024-07-14 16:00:00,2380.48,2606.33,347.83,119.33,172.03,65.11,-932.71
2024-07-14 17:00:00,2208.44,2749.60,189.05,204.64,167.41,75.67,-1180.45
2024-07-14 18:00:00,2082.10,2609.43,91.14,307.93,166.91,76.10,-1171.73
2024-07-14 19:00:00,1982.31,2582.31,17.63,318.70,159.09,76.61,-1174.33
2024-07-14 20:00:00,1947.08,2774.92,0.71,201.61,159.49,70.91,-1262.94
2024-07-14 21:00:00,1888.34,2768.71,0.48,186.87,154.64,69.02,-1293.78
2024-07-14 22:00:00,1828.03,2701.05,0.48,190.08,147.92,67.09,-1280.79
2024-07-14 23:00:00,1786.73,2620.63,0.42,178.03,150.68,66.47,-1231.46
2024-07-15 00:00:00,1755.78,2462.28,0.40,222.39,128.25,46.27,-1105.61
2024-07-15 01:00:00,1732.74,2221.89,0.32,328.40,183.28,51.25,-1054.20
2024-07-15 02:00:00,1717.06,2135.92,0.26,266.16,213.53,65.09,-965.72
2024-07-15 03:00:00,1749.22,2064.56,9.38,175.29,136.15,53.49,-691.64
2024-07-15 04:00:00,1918.23,1941.69,77.97,197.73,142.71,51.77,-496.07
2024-07-15 05:00:00,2178.86,1981.83,219.12,152.88,150.66,56.47,-384.75
2024-07-15 06:00:00,2373.06,1978.72,389.20,166.53,153.89,64.07,-382.00
2024-07-15 07:00:00,2478.19,2055.33,686.86,119.65,165.02,68.33,-619.74
2024-07-15 08:00:00,2559.04,2233.04,822.91,165.15,174.03,64.38,-903.09
2024-07-15 09:00:00,2750.82,2285.98,1127.66,125.94,182.39,62.46,-1036.40
2024-07-15 10:00:00,2861.16,2403.42,1200.77,125.21,192.16,58.78,-1122.16
2024-07-15 11:00:00,2918.69,2443.61,1234.80,139.30,192.62,57.42,-1151.94
2024-07-15 12:00:00,2917.72,2081.37,1104.93,172.49,179.42,57.18,-680.46
2024-07-15 13:00:00,2635.09,1850.18,1086.23,260.35,186.49,61.91,-812.98
2024-07-15 14:00:00,2398.65,1530.06,899.04,389.31,182.80,63.57,-668.89
2024-07-15 15:00:00,2441.27,1048.55,886.59,545.74,188.20,66.94,-297.50
2024-07-15 16:00:00,2389.22,796.89,625.32,721.56,193.18,77.77,-28.13
2024-07-15 17:00:00,2242.84,594.32,325.10,656.32,258.78,85.63,319.96
2024-07-15 18:00:00,2114.79,326.36,130.36,741.29,423.14,101.61,389.28
2024-07-15 19:00:00,2017.57,171.53,23.95,708.48,392.00,101.83,617.08
2024-07-15 20:00:00,1960.72,113.89,0.47,529.09,155.42,77.34,1081.95
2024-07-15 21:00:00,1859.52,95.73,0.37,237.39,130.39,72.16,1320.95
2024-07-15 22:00:00,1784.70,64.33,0.32,205.23,121.78,62.64,1327.98
2024-07-15 23:00:00,1746.58,38.99,0.29,230.83,105.68,62.15,1306.31
2024-07-16 00:00:00,1727.94,75.89,0.29,239.90,105.85,61.75,1242.01
2024-07-16 01:00:00,1716.83,147.40,0.25,260.24,122.47,58.97,1125.26
2024-07-16 02:00:00,1687.30,292.10,0.54,243.96,186.46,61.84,900.12
2024-07-16 03:00:00,1704.40,382.04,20.04,211.69,122.46,60.19,905.48
2024-07-16 04:00:00,1874.07,501.31,81.98,316.13,213.57,70.46,687.91
2024-07-16 05:00:00,2115.98,643.03,162.20,284.03,185.94,65.26,772.80
2024-07-16 06:00:00,2297.19,925.82,231.33,218.91,148.36,60.42,709.28
2024-07-16 07:00:00,2406.19,1230.64,292.32,229.16,147.41,55.75,447.91
2024-07-16 08:00:00,2522.06,1238.39,332.41,271.68,129.27,52.85,494.34
2024-07-16 09:00:00,2826.10,1115.30,340.83,184.79,127.41,51.28,1002.94
2024-07-16 10:00:00,2841.28,1228.97,328.78,261.89,135.63,51.77,831.30
2024-07-16 11:00:00,2799.30,1534.47,424.77,154.08,141.55,50.68,490.79
2024-07-16 12:00:00,2888.43,1943.34,624.79,108.23,156.41,52.04,0.58
2024-07-16 13:00:00,2916.22,1916.36,543.66,112.52,164.95,50.69,125.03
2024-07-16 14:00:00,2891.84,1591.65,646.41,112.75,164.43,54.42,319.29
2024-07-16 15:00:00,2606.55,1475.79,704.30,140.59,157.82,58.23,66.85
2024-07-16 16:00:00,2466.80,1044.70,582.31,291.22,167.81,64.87,313.06
2024-07-16 17:00:00,2271.81,800.61,323.75,323.55,139.59,47.86,633.61
2024-07-16 18:00:00,2146.14,521.27,124.24,401.76,146.10,57.07,892.70
2024-07-16 19:00:00,2043.31,398.13,28.03,381.62,134.01,58.43,1040.26
2024-07-16 20:00:00,1981.30,331.84,0.52,344.30,137.06,60.05,1104.70
2024-07-16 21:00:00,1879.37,391.08,0.41,292.90,141.57,53.30,997.18
2024-07-16 22:00:00,1794.41,478.87,0.46,245.00,136.53,57.10,873.59
2024-07-16 23:00:00,1781.86,567.68,0.30,169.40,127.24,56.04,858.66
2024-07-17 00:00:00,1747.04,522.03,0.25,182.07,124.17,56.18,859.88
2024-07-17 01:00:00,1728.00,444.84,0.25,185.11,122.49,55.59,917.27
2024-07-17 02:00:00,1684.46,411.68,0.24,132.33,120.86,55.68,961.18
2024-07-17 03:00:00,1719.27,392.08,27.88,176.47,138.12,57.95,924.08
2024-07-17 04:00:00,1902.11,345.17,136.93,191.45,147.86,61.06,1016.52
2024-07-17 05:00:00,2164.23,229.15,347.97,215.99,165.43,62.70,1139.86
2024-07-17 06:00:00,2292.77,183.05,574.22,226.36,177.65,66.21,1062.25
2024-07-17 07:00:00,2379.04,215.78,929.94,179.36,166.73,63.77,820.60
2024-07-17 08:00:00,2494.53,204.13,1114.79,232.28,173.51,60.47,706.46
2024-07-17 09:00:00,2540.39,231.01,1056.99,260.41,180.96,60.62,746.77
2024-07-17 10:00:00,2632.41,329.93,1173.67,203.95,182.04,62.07,677.75
2024-07-17 11:00:00,2822.22,589.27,1182.87,222.44,181.32,58.86,584.40
2024-07-17 12:00:00,2763.48,948.39,1152.45,236.49,180.69,57.90,184.43
2024-07-17 13:00:00,2705.60,1359.86,1169.79,173.09,189.90,58.87,-248.89
2024-07-17 14:00:00,2543.89,1763.86,1130.17,119.27,186.66,58.21,-717.29
2024-07-17 15:00:00,2546.25,2201.33,836.98,125.66,176.86,58.78,-856.40
2024-07-17 16:00:00,2485.06,2447.31,589.13,113.52,171.81,61.72,-901.32
2024-07-17 17:00:00,2355.07,2482.03,312.61,198.92,168.26,74.12,-883.87
2024-07-17 18:00:00,2240.45,2500.28,122.65,177.62,167.13,75.63,-805.89
2024-07-17 19:00:00,2115.65,2226.90,23.39,236.81,155.08,77.81,-607.18
2024-07-17 20:00:00,2007.35,2213.42,0.67,242.93,148.66,74.17,-675.26
2024-07-17 21:00:00,1920.78,2324.80,0.60,187.38,134.24,62.50,-791.61
2024-07-17 22:00:00,1893.78,2338.23,0.52,206.64,129.25,62.89,-846.53
2024-07-17 23:00:00,1815.76,2328.90,0.46,165.32,130.42,64.62,-876.58
2024-07-18 00:00:00,1808.96,2410.13,0.38,126.96,132.18,63.58,-926.73
2024-07-18 01:00:00,1774.32,2268.47,0.40,239.72,131.09,64.30,-932.11
2024-07-18 02:00:00,1770.50,2043.54,0.42,216.05,129.34,63.79,-685.11
2024-07-18 03:00:00,1786.57,1830.26,25.71,206.02,129.37,66.12,-473.62
2024-07-18 04:00:00,1924.62,1694.87,130.49,272.43,136.49,72.23,-384.86
2024-07-18 05:00:00,2161.61,1578.41,310.14,283.55,150.99,77.11,-241.53
2024-07-18 06:00:00,2348.27,1645.73,570.14,244.88,154.23,72.62,-342.38
2024-07-18 07:00:00,2507.88,1649.31,768.90,213.97,159.97,67.41,-354.57
2024-07-18 08:00:00,2597.70,1611.30,857.48,212.14,165.83,62.29,-314.22
2024-07-18 09:00:00,2607.93,1582.28,1088.94,213.08,171.63,59.48,-510.41
2024-07-18 10:00:00,2803.02,1501.21,1232.80,192.54,177.34,61.50,-365.49
2024-07-18 11:00:00,2833.72,1392.74,1204.14,179.33,188.89,60.28,-194.64
2024-07-18 12:00:00,2776.18,1358.02,1419.87,161.08,190.07,61.44,-417.55
2024-07-18 13:00:00,2544.81,1240.72,1418.89,210.58,195.45,61.66,-585.67
2024-07-18 14:00:00,2396.14,1148.90,1306.36,166.81,190.94,61.24,-481.29
2024-07-18 15:00:00,2390.87,1031.72,1173.91,254.03,182.89,70.29,-325.04
2024-07-18 16:00:00,2339.59,895.32,859.73,273.88,166.47,82.25,58.95
2024-07-18 17:00:00,2174.62,791.26,436.18,380.88,257.36,99.56,206.46
2024-07-18 18:00:00,2080.95,675.22,142.66,374.59,398.59,105.23,381.64
2024-07-18 19:00:00,1999.36,589.78,24.34,318.16,189.71,89.20,785.35
2024-07-18 20:00:00,1960.24,661.41,0.62,338.08,334.43,100.43,522.54
2024-07-18 21:00:00,1869.47,700.26,0.51,325.25,129.78,74.65,636.37
2024-07-18 22:00:00,1802.44,671.95,0.44,244.12,114.79,71.77,696.79
2024-07-18 23:00:00,1777.34,669.93,0.38,235.87,113.55,70.99,684.12
2024-07-19 00:00:00,1737.47,672.99,0.35,201.12,112.18,68.96,679.41
2024-07-19 01:00:00,1699.58,654.26,0.30,173.20,111.22,67.73,690.40
2024-07-19 02:00:00,1666.29,626.89,0.45,171.19,110.20,67.78,687.28
2024-07-19 03:00:00,1682.05,568.71,24.35,215.82,114.32,69.24,686.91
2024-07-19 04:00:00,1830.12,453.41,136.60,320.33,128.24,75.26,713.33
2024-07-19 05:00:00,2051.74,343.91,444.28,271.57,153.22,76.52,759.62
2024-07-19 06:00:00,2274.06,320.34,986.23,201.48,172.13,78.62,512.69
2024-07-19 07:00:00,2406.50,344.09,1441.81,242.68,193.12,68.93,113.35
2024-07-19 08:00:00,2749.65,364.03,1883.06,170.60,205.50,64.14,59.69
2024-07-19 09:00:00,2834.69,304.41,1957.33,225.20,217.95,63.00,64.22
2024-07-19 10:00:00,2838.75,235.16,2183.22,212.93,225.21,63.79,-84.24
2024-07-19 11:00:00,2737.61,171.70,2139.36,215.33,226.57,62.92,-80.98
2024-07-19 12:00:00,2589.98,127.84,2203.11,211.28,229.79,63.71,-248.25
2024-07-19 13:00:00,2409.95,80.14,2112.07,253.01,300.70,76.09,-414.91
2024-07-19 14:00:00,2364.08,50.01,1867.30,228.39,219.63,65.74,-69.68
2024-07-19 15:00:00,2364.89,32.24,1469.44,294.29,223.89,74.27,268.17
2024-07-19 16:00:00,2276.79,23.79,992.89,263.97,172.75,69.47,751.53
2024-07-19 17:00:00,2143.35,19.83,468.86,363.66,168.95,82.37,1037.11
2024-07-19 18:00:00,2031.11,18.63,135.94,362.83,159.88,83.63,1267.59
2024-07-19 19:00:00,1955.19,33.37,21.45,304.14,219.15,103.70,1270.82
2024-07-19 20:00:00,1919.70,45.44,0.53,335.67,131.84,83.63,1320.18
2024-07-19 21:00:00,1828.49,57.94,0.46,233.89,115.88,71.33,1346.67
2024-07-19 22:00:00,1748.47,89.53,0.41,186.08,109.68,68.34,1292.07
2024-07-19 23:00:00,1709.67,114.75,0.32,201.72,106.87,68.18,1215.55
2024-07-20 00:00:00,1654.14,158.12,0.33,218.88,109.12,67.60,1097.83
2024-07-20 01:00:00,1630.78,217.92,0.29,213.56,111.48,68.22,1017.14
2024-07-20 02:00:00,1593.75,224.93,0.46,218.44,110.71,67.62,969.45
2024-07-20 03:00:00,1572.67,250.69,25.07,221.19,112.17,73.65,887.75
2024-07-20 04:00:00,1628.35,260.10,143.74,262.94,120.08,74.27,764.89
2024-07-20 05:00:00,1775.05,208.47,465.85,256.79,140.21,73.83,627.48
2024-07-20 06:00:00,1969.54,169.16,990.91,230.69,165.36,69.36,341.55
2024-07-20 07:00:00,2128.83,177.17,1503.77,208.33,193.54,60.22,-16.74
2024-07-20 08:00:00,2390.82,205.86,1924.86,176.92,213.60,58.74,-191.71
2024-07-20 09:00:00,2631.84,162.43,1809.44,131.46,217.77,58.68,249.43
2024-07-20 10:00:00,2698.69,110.53,1702.23,195.04,236.93,57.81,393.64
2024-07-20 11:00:00,2684.13,114.85,1946.92,225.26,249.07,56.93,88.48
2024-07-20 12:00:00,2682.22,109.74,1723.23,218.97,245.99,56.98,324.68
2024-07-20 13:00:00,2633.24,127.84,1376.54,188.63,237.76,57.79,642.15
2024-07-20 14:00:00,2453.43,240.27,1843.23,220.78,225.86,59.29,-138.43
2024-07-20 15:00:00,2208.38,286.43,1519.19,220.84,198.22,59.86,-78.59
2024-07-20 16:00:00,2141.46,377.70,1001.26,286.50,170.47,66.55,236.53
2024-07-20 17:00:00,2028.29,578.40,457.27,347.14,153.02,75.82,414.22
2024-07-20 18:00:00,1942.50,864.56,130.85,412.20,146.63,76.39,309.29
2024-07-20 19:00:00,1899.12,1034.57,21.02,355.21,342.63,96.56,46.77
2024-07-20 20:00:00,1881.86,1211.40,0.51,282.67,257.90,89.24,37.82
2024-07-20 21:00:00,1806.27,1391.83,0.45,178.99,149.97,70.25,12.38
2024-07-20 22:00:00,1756.10,1519.97,0.39,254.96,258.37,83.39,-363.25
2024-07-20 23:00:00,1710.34,1594.94,0.34,127.63,151.22,67.33,-233.31
2024-07-21 00:00:00,1673.22,1620.28,0.29,105.47,147.94,66.61,-269.60
2024-07-21 01:00:00,1647.32,1655.19,0.26,108.04,141.16,65.81,-325.28
2024-07-21 02:00:00,1705.20,1582.07,0.42,114.69,141.98,66.10,-202.17
2024-07-21 03:00:00,1690.01,1558.41,26.90,116.33,136.16,61.89,-211.78
2024-07-21 04:00:00,1735.62,1460.70,145.40,121.68,144.93,64.89,-204.36
2024-07-21 05:00:00,1751.16,1322.00,444.51,150.56,168.98,65.68,-403.13
2024-07-21 06:00:00,1938.81,1135.67,952.71,118.27,182.14,64.31,-516.83
2024-07-21 07:00:00,2165.23,1058.93,1454.23,120.16,203.56,61.46,-735.80
2024-07-21 08:00:00,2349.59,686.49,1531.74,191.61,210.23,59.32,-332.52
2024-07-21 09:00:00,2511.40,586.54,1860.49,241.11,219.96,58.22,-457.49
2024-07-21 10:00:00,2401.19,576.84,1809.44,321.47,359.56,77.35,-745.97
2024-07-21 11:00:00,2350.81,524.34,1813.77,262.36,325.81,77.07,-655.23
2024-07-21 12:00:00,2439.57,580.81,1775.34,223.35,218.32,59.10,-420.06
2024-07-21 13:00:00,2404.39,583.45,1524.52,281.52,206.30,58.65,-252.68
2024-07-21 14:00:00,2296.68,482.36,1063.33,258.00,184.71,57.59,248.06
2024-07-21 15:00:00,2245.11,496.53,621.27,303.51,292.64,76.22,452.36
2024-07-21 16:00:00,2217.85,568.32,300.13,342.96,319.65,84.35,599.98
2024-07-21 17:00:00,2110.81,647.65,145.43,330.48,144.37,69.57,770.65
2024-07-21 18:00:00,2041.75,651.31,58.92,328.55,127.19,75.20,797.93
2024-07-21 19:00:00,1984.33,490.00,6.85,363.66,121.40,75.63,924.23
2024-07-21 20:00:00,1937.19,346.94,0.56,324.45,115.66,75.01,1072.14
2024-07-21 21:00:00,1843.66,434.46,0.35,222.70,120.26,68.64,994.83
2024-07-21 22:00:00,1778.97,628.56,0.35,128.69,118.20,67.66,833.24
2024-07-21 23:00:00,1746.40,531.13,0.28,257.26,119.28,68.06,768.28
2024-07-22 00:00:00,1690.58,331.30,0.25,327.89,287.87,82.05,658.94
2024-07-22 01:00:00,1662.80,387.60,0.24,261.65,218.28,81.60,711.24
2024-07-22 02:00:00,1682.38,682.69,0.21,169.64,127.29,68.70,631.13
2024-07-22 03:00:00,1750.69,1156.87,1.41,110.28,132.40,68.19,278.69
2024-07-22 04:00:00,1935.09,1344.73,12.50,132.80,138.45,71.82,232.15
2024-07-22 05:00:00,2155.51,1423.54,42.57,110.83,138.27,73.69,364.09
2024-07-22 06:00:00,2337.61,1573.82,110.51,152.88,142.33,73.08,282.31
2024-07-22 07:00:00,2430.03,1525.43,289.14,206.74,147.19,68.39,190.61
2024-07-22 08:00:00,2496.17,1532.86,502.47,239.79,150.14,63.12,5.22
2024-07-22 09:00:00,2524.99,1484.96,739.63,213.56,165.92,64.11,-146.00
2024-07-22 10:00:00,2559.64,1700.01,1092.50,157.43,188.04,64.71,-646.59
2024-07-22 11:00:00,2714.03,1951.23,1407.04,134.95,202.54,64.58,-1049.63
2024-07-22 12:00:00,2765.57,1925.57,1643.65,116.72,224.31,63.56,-1211.28
2024-07-22 13:00:00,2703.25,2140.32,1781.49,109.17,235.11,64.47,-1630.40
2024-07-22 14:00:00,2532.06,2343.17,1682.59,186.19,218.25,64.43,-1965.49
2024-07-22 15:00:00,2559.76,2261.57,1425.32,160.27,205.91,64.19,-1560.39
2024-07-22 16:00:00,2648.68,1980.38,848.23,245.99,170.83,77.59,-677.34
2024-07-22 17:00:00,2274.57,1698.32,445.59,287.05,158.77,80.40,-399.02
2024-07-22 18:00:00,2114.32,1268.11,120.30,394.70,141.55,81.67,105.18
2024-07-22 19:00:00,2025.85,930.02,18.49,369.18,134.67,82.33,488.24
2024-07-22 20:00:00,1972.78,844.67,0.45,239.38,126.09,79.55,679.92
2024-07-22 21:00:00,1867.62,888.62,0.40,160.86,119.82,67.69,627.59
2024-07-22 22:00:00,1792.60,849.18,0.35,223.98,117.84,66.66,531.68
2024-07-22 23:00:00,1759.01,951.47,0.31,219.46,123.17,67.42,394.36
2024-07-23 00:00:00,1719.65,1059.37,0.29,146.44,124.52,66.82,319.70
2024-07-23 01:00:00,1711.99,948.57,0.26,178.51,124.52,67.02,390.74
2024-07-23 02:00:00,1688.95,776.93,0.23,307.35,199.47,77.47,324.97
2024-07-23 03:00:00,1685.55,618.54,11.05,287.33,124.92,67.24,573.88
2024-07-23 04:00:00,1842.25,508.49,80.44,306.28,139.65,69.20,735.51
2024-07-23 05:00:00,2061.86,419.54,235.22,215.11,147.19,73.13,968.77
2024-07-23 06:00:00,2220.96,335.49,466.77,318.58,160.94,72.94,862.86
2024-07-23 07:00:00,2327.27,277.04,679.98,237.77,161.20,70.03,898.37
2024-07-23 08:00:00,2430.74,294.38,870.02,179.85,168.37,65.45,849.53
2024-07-23 09:00:00,2493.27,254.92,1023.26,213.21,179.77,61.30,757.41
2024-07-23 10:00:00,2492.02,218.32,923.14,236.32,176.88,61.85,872.18
2024-07-23 11:00:00,2500.31,213.54,725.90,280.74,270.08,74.97,931.89
2024-07-23 12:00:00,2492.86,218.76,778.43,255.11,214.90,66.36,956.33
2024-07-23 13:00:00,2446.77,204.06,957.03,205.97,165.87,60.85,849.74
2024-07-23 14:00:00,2394.47,206.49,926.91,246.31,167.00,61.59,783.05
2024-07-23 15:00:00,2464.77,200.78,909.90,313.20,305.15,79.10,653.37
2024-07-23 16:00:00,2407.97,342.76,710.71,322.13,172.85,68.56,787.79
2024-07-23 17:00:00,2262.09,526.60,372.48,345.51,162.45,70.09,781.64
2024-07-23 18:00:00,2158.28,847.96,122.83,357.38,161.41,68.90,596.66
2024-07-23 19:00:00,2090.00,1024.59,15.75,333.14,155.67,70.90,487.26
2024-07-23 20:00:00,2018.52,1048.96,0.53,346.98,239.66,74.81,304.74
2024-07-23 21:00:00,1905.60,1147.47,0.47,336.25,296.82,78.47,43.56
2024-07-23 22:00:00,1885.01,1450.03,0.45,240.31,148.42,67.55,-24.32
2024-07-23 23:00:00,1796.92,1581.93,0.37,258.91,142.33,67.71,-256.94
2024-07-24 00:00:00,1772.13,1669.70,0.33,233.58,142.51,68.03,-344.47
2024-07-24 01:00:00,1743.08,1825.35,0.31,187.00,158.88,70.35,-501.38
2024-07-24 02:00:00,1776.57,1906.45,0.31,133.42,142.30,69.11,-477.55
2024-07-24 03:00:00,1823.60,1999.69,17.70,149.07,143.54,68.69,-558.04
2024-07-24 04:00:00,1962.66,2133.44,122.42,155.62,155.39,68.19,-675.38
2024-07-24 05:00:00,2256.05,2332.60,396.42,218.52,174.05,68.38,-936.83
2024-07-24 06:00:00,2445.56,2549.05,855.16,126.06,194.70,65.70,-1348.03
2024-07-24 07:00:00,2589.10,2682.03,1339.40,144.86,222.18,62.04,-1864.45
2024-07-24 08:00:00,2675.14,2540.38,1621.37,173.04,239.07,59.71,-1961.84
2024-07-24 09:00:00,2683.26,2359.94,1771.42,191.59,250.13,58.29,-1951.06
2024-07-24 10:00:00,2861.49,2333.27,1839.10,147.05,252.03,53.65,-1767.04
2024-07-24 11:00:00,2889.06,2225.35,1646.18,116.50,227.19,54.44,-1383.93
2024-07-24 12:00:00,2911.77,2219.37,1267.63,118.24,221.61,55.11,-973.26
2024-07-24 13:00:00,2796.04,2381.13,1296.37,130.78,213.01,53.72,-1281.96
2024-07-24 14:00:00,2659.83,2528.03,1431.61,137.78,218.13,55.92,-1714.58
2024-07-24 15:00:00,2518.19,2466.38,1090.22,189.63,205.38,58.05,-1494.55
2024-07-24 16:00:00,2424.34,2253.32,697.62,224.12,177.43,65.77,-996.89
2024-07-24 17:00:00,2246.60,1878.03,336.32,267.21,156.71,74.00,-468.83
2024-07-24 18:00:00,2128.49,1539.23,111.72,240.12,160.31,85.25,-10.99
2024-07-24 19:00:00,2049.59,1256.05,12.75,262.89,151.52,84.42,279.15
2024-07-24 20:00:00,1989.94,1099.41,0.63,317.05,142.24,80.07,347.52
2024-07-24 21:00:00,1882.55,1058.73,0.49,272.83,125.05,69.36,353.23
2024-07-24 22:00:00,1812.13,1032.26,0.42,238.17,118.83,66.76,352.97
2024-07-24 23:00:00,1774.48,1010.77,0.42,197.33,116.85,66.45,379.77
2024-07-25 00:00:00,1716.36,914.81,0.37,236.58,117.10,65.47,379.48
2024-07-25 01:00:00,1671.07,723.83,0.40,197.39,118.19,64.41,564.35
2024-07-25 02:00:00,1650.96,518.69,0.34,258.43,116.42,65.11,689.35
2024-07-25 03:00:00,1666.51,398.03,18.15,228.04,122.06,65.60,831.76
2024-07-25 04:00:00,1821.61,390.74,132.12,232.94,139.10,71.92,851.72
2024-07-25 05:00:00,2056.08,319.70,402.13,298.92,152.99,73.06,806.09
2024-07-25 06:00:00,2261.30,391.78,859.71,272.08,167.63,72.49,494.85
2024-07-25 07:00:00,2384.68,499.97,1330.18,213.07,190.25,67.34,80.92
2024-07-25 08:00:00,2471.33,576.26,1646.05,144.91,212.13,65.98,-176.78
2024-07-25 09:00:00,2591.40,775.58,1635.09,133.82,221.09,64.00,-241.26
2024-07-25 10:00:00,2696.90,917.46,1567.03,122.83,227.81,59.57,-200.82
2024-07-25 11:00:00,2808.17,977.57,1538.46,133.28,230.70,59.73,-134.56
2024-07-25 12:00:00,2772.93,991.79,1363.03,141.74,211.95,58.20,3.29
2024-07-25 13:00:00,2574.02,1051.44,1030.88,259.17,217.07,64.48,-51.92
2024-07-25 14:00:00,2385.34,1153.37,703.32,176.50,179.70,62.72,107.11
2024-07-25 15:00:00,2398.42,1238.96,378.35,336.09,208.57,73.29,160.19
2024-07-25 16:00:00,2356.35,1279.54,234.43,316.47,181.46,84.42,257.35
2024-07-25 17:00:00,2239.44,1315.74,124.99,317.63,166.91,85.46,225.80
2024-07-25 18:00:00,2136.22,1469.94,57.79,313.60,159.56,85.06,47.64
2024-07-25 19:00:00,2078.94,1403.13,4.14,260.22,130.55,84.36,193.85
2024-07-25 20:00:00,2026.17,1497.38,0.55,202.44,136.14,80.27,106.66
2024-07-25 21:00:00,1930.38,1553.91,0.48,210.54,154.10,68.09,-59.27
2024-07-25 22:00:00,1859.73,1861.65,0.44,224.05,212.95,71.86,-513.80
2024-07-25 23:00:00,1883.41,2113.98,0.43,207.88,157.21,66.02,-664.78
2024-07-26 00:00:00,1859.00,2077.40,0.35,214.18,161.90,65.25,-662.50
2024-07-26 01:00:00,1782.58,1997.18,0.39,190.48,161.30,64.54,-633.82
2024-07-26 02:00:00,1755.76,1829.91,0.35,193.92,159.99,63.78,-494.79
2024-07-26 03:00:00,1769.06,1722.53,1.99,208.79,157.20,64.27,-388.36
2024-07-26 04:00:00,1888.30,1616.86,38.51,205.38,158.03,69.80,-202.97
2024-07-26 05:00:00,2082.34,1522.36,124.21,270.94,165.32,71.64,-75.01
2024-07-26 06:00:00,2300.65,1457.31,171.93,254.08,167.81,70.71,176.19
2024-07-26 07:00:00,2432.21,1310.36,179.67,242.94,167.63,67.30,461.70
2024-07-26 08:00:00,2467.22,1243.26,233.64,246.29,161.81,61.51,517.59
2024-07-26 09:00:00,2517.96,1197.48,228.97,257.04,149.20,60.78,621.60
2024-07-26 10:00:00,2505.61,1022.41,315.76,239.47,157.75,61.12,706.39
2024-07-26 11:00:00,2489.64,883.14,449.37,285.22,208.55,62.85,597.63
2024-07-26 12:00:00,2430.47,913.54,598.82,189.19,172.35,61.02,492.67
2024-07-26 13:00:00,2381.81,947.31,747.54,159.29,173.29,61.79,289.50
2024-07-26 14:00:00,2351.07,879.15,777.42,230.07,172.95,62.83,225.96
2024-07-26 15:00:00,2403.48,974.07,922.12,172.70,183.77,67.54,80.24
2024-07-26 16:00:00,2339.57,947.12,733.50,254.84,189.64,71.73,140.01
2024-07-26 17:00:00,2184.58,945.33,366.35,323.60,192.94,82.18,271.29
2024-07-26 18:00:00,2023.26,789.15,113.10,353.60,189.72,83.01,491.98
2024-07-26 19:00:00,1949.37,627.06,14.50,342.51,179.35,84.17,699.14
2024-07-26 20:00:00,1915.17,638.65,0.40,270.41,156.78,83.49,762.71
2024-07-26 21:00:00,1841.61,665.56,0.34,253.01,144.96,76.64,698.49
2024-07-26 22:00:00,1746.20,635.01,0.39,331.86,132.23,67.42,576.87
2024-07-26 23:00:00,1699.03,636.45,0.30,304.63,133.84,66.31,554.79
2024-07-27 00:00:00,1655.88,645.35,0.26,287.56,133.83,67.18,519.16
2024-07-27 01:00:00,1626.99,617.35,0.23,236.95,136.13,67.19,566.67
2024-07-27 02:00:00,1605.13,501.58,0.21,246.31,133.94,68.55,652.08
2024-07-27 03:00:00,1591.16,428.29,13.51,260.42,133.23,72.04,681.26
2024-07-27 04:00:00,1628.26,349.38,126.15,263.24,146.18,73.10,667.67
2024-07-27 05:00:00,1767.99,304.39,415.39,181.42,163.73,71.64,628.72
2024-07-27 06:00:00,1945.85,369.59,890.80,165.95,186.76,67.04,263.15
2024-07-27 07:00:00,2098.70,548.86,1243.07,176.52,211.16,65.92,-149.45
2024-07-27 08:00:00,2211.42,689.93,1629.44,131.52,224.50,66.73,-533.42
2024-07-27 09:00:00,2275.98,725.73,1738.54,205.51,233.16,66.31,-695.82
2024-07-27 10:00:00,2404.07,674.72,1845.08,255.92,238.82,66.68,-680.07
2024-07-27 11:00:00,2446.02,667.50,1826.17,225.20,232.04,65.75,-573.35
2024-07-27 12:00:00,2391.47,671.15,1871.83,213.24,217.78,65.54,-650.61
2024-07-27 13:00:00,2223.64,693.21,1891.33,217.04,209.94,66.46,-857.29
2024-07-27 14:00:00,2226.92,640.20,1748.40,225.84,201.12,67.04,-658.28
2024-07-27 15:00:00,2277.43,583.70,1390.44,283.32,182.86,66.46,-232.02
2024-07-27 16:00:00,2164.21,579.81,889.78,306.09,167.49,72.28,146.02
2024-07-27 17:00:00,2097.37,512.44,407.82,355.86,155.23,82.86,580.41
2024-07-27 18:00:00,1945.73,398.64,105.80,271.21,144.44,82.48,940.56
2024-07-27 19:00:00,1881.97,380.35,11.74,340.09,132.43,82.45,932.51
2024-07-27 20:00:00,1836.77,400.23,0.55,289.22,122.31,83.06,938.81
2024-07-27 21:00:00,1753.59,423.78,0.45,295.86,161.32,69.56,800.16
2024-07-27 22:00:00,1654.99,483.98,0.52,251.82,116.37,67.18,732.87
2024-07-27 23:00:00,1604.94,539.14,0.32,224.12,115.96,68.43,654.59
2024-07-28 00:00:00,1593.63,613.47,0.30,216.39,118.75,68.56,573.61
2024-07-28 01:00:00,1550.26,719.01,0.27,230.29,119.61,67.98,410.67
2024-07-28 02:00:00,1546.26,958.97,0.29,228.54,122.00,69.67,164.53
2024-07-28 03:00:00,1535.98,1261.45,12.59,219.62,123.29,69.90,-153.12
2024-07-28 04:00:00,1596.11,1604.73,107.41,174.47,142.45,68.62,-503.90
2024-07-28 05:00:00,1756.54,1796.89,387.75,181.98,157.83,67.80,-838.16
2024-07-28 06:00:00,1994.14,2131.86,902.30,170.60,179.14,67.75,-1460.05
2024-07-28 07:00:00,2314.32,2553.28,1406.50,144.28,209.70,63.79,-2065.79
2024-07-28 08:00:00,2534.53,2229.05,1410.50,147.68,211.87,61.05,-1528.34
2024-07-28 09:00:00,2613.45,1658.59,1213.76,172.27,220.26,50.75,-704.69
2024-07-28 10:00:00,2880.28,1161.42,823.56,221.06,202.23,48.42,420.93
2024-07-28 11:00:00,2932.49,1210.74,824.13,170.39,201.89,47.30,475.57
2024-07-28 12:00:00,2905.86,1241.09,776.40,128.83,196.33,47.56,512.87
2024-07-28 13:00:00,2827.27,1323.40,743.94,118.76,189.73,46.02,402.70
2024-07-28 14:00:00,2691.83,1534.87,703.59,119.05,184.91,46.55,100.26
2024-07-28 15:00:00,2604.56,2102.73,840.81,132.75,187.93,49.73,-711.95
2024-07-28 16:00:00,2435.55,3179.09,916.77,148.65,194.20,63.65,-2069.49
2024-07-28 17:00:00,2196.89,2866.70,396.61,272.15,167.53,72.40,-1581.04
2024-07-28 18:00:00,2038.44,2337.36,105.64,288.44,142.93,72.64,-911.19
2024-07-28 19:00:00,1965.81,2048.99,12.03,253.75,204.05,78.49,-633.89
2024-07-28 20:00:00,1916.01,1940.92,0.51,231.86,204.11,72.02,-536.04
2024-07-28 21:00:00,1810.64,1897.89,0.38,202.37,145.69,67.01,-505.03
2024-07-28 22:00:00,1789.51,1804.99,0.32,204.90,124.60,65.63,-413.16
2024-07-28 23:00:00,1726.54,1686.66,0.29,180.74,124.24,65.44,-333.22
2024-07-29 00:00:00,1660.98,1614.03,0.31,159.55,126.10,65.18,-306.60
2024-07-29 01:00:00,1678.52,1512.01,0.27,186.50,127.10,64.85,-214.59
2024-07-29 02:00:00,1672.97,1503.05,0.25,139.73,127.28,65.67,-165.35
2024-07-29 03:00:00,1701.80,1457.52,12.52,136.46,125.77,64.35,-97.38
2024-07-29 04:00:00,1873.31,1128.98,110.48,239.32,131.91,69.25,190.90
2024-07-29 05:00:00,2141.48,901.37,399.20,223.52,149.38,72.37,392.94
2024-07-29 06:00:00,2351.25,874.16,808.77,263.84,170.20,71.88,159.84
2024-07-29 07:00:00,2464.74,935.05,1206.03,230.28,191.97,64.54,-165.57
2024-07-29 08:00:00,2681.09,1020.19,1515.21,176.51,210.06,61.03,-304.62
2024-07-29 09:00:00,2899.34,762.56,1550.90,211.96,202.96,61.76,106.58
2024-07-29 10:00:00,2939.36,520.22,1344.56,204.60,205.44,51.99,609.87
2024-07-29 11:00:00,2990.87,498.86,1132.44,245.17,207.10,45.84,858.46
2024-07-29 12:00:00,2935.01,484.73,1115.87,221.42,205.21,45.33,859.93
2024-07-29 13:00:00,2799.78,498.68,1396.82,170.23,209.18,48.81,473.36
2024-07-29 14:00:00,2612.59,427.53,1610.38,239.17,201.81,59.27,71.81
2024-07-29 15:00:00,2530.78,327.40,1238.40,247.96,181.71,66.15,466.52
2024-07-29 16:00:00,2442.86,276.25,766.10,336.71,195.91,76.93,788.44
2024-07-29 17:00:00,2304.30,230.65,334.14,382.13,188.92,85.14,1080.73
2024-07-29 18:00:00,2188.08,177.92,95.77,381.71,166.57,82.13,1281.67
2024-07-29 19:00:00,2123.46,214.31,9.64,340.91,148.87,83.51,1323.60
2024-07-29 20:00:00,2059.87,258.07,0.44,302.10,123.80,81.95,1290.80
2024-07-29 21:00:00,1935.24,269.20,0.39,283.62,116.77,78.99,1183.82
2024-07-29 22:00:00,1891.06,246.26,0.33,300.67,190.35,75.02,1076.05
2024-07-29 23:00:00,1826.35,218.07,0.29,263.06,197.80,80.97,1063.68
2024-07-30 00:00:00,1756.38,207.82,0.26,258.22,143.39,69.32,1074.82
2024-07-30 01:00:00,1705.89,166.60,0.22,255.22,117.00,67.25,1097.24
2024-07-30 02:00:00,1708.98,161.05,0.23,243.55,115.29,67.71,1118.72
2024-07-30 03:00:00,1741.61,187.07,8.14,255.20,116.39,68.48,1104.03
2024-07-30 04:00:00,1937.45,172.08,105.36,265.36,138.26,72.20,1181.62
2024-07-30 05:00:00,2204.93,131.48,348.49,257.10,150.18,71.72,1243.48
2024-07-30 06:00:00,2397.30,88.05,789.45,250.16,165.80,73.77,1027.49
2024-07-30 07:00:00,2516.75,81.37,1340.52,182.39,190.87,67.90,651.31
2024-07-30 08:00:00,2647.69,92.16,1769.94,191.48,212.56,67.63,311.27
2024-07-30 09:00:00,2823.60,89.02,2038.88,248.15,227.90,62.42,154.83
2024-07-30 10:00:00,2916.47,112.25,1993.38,221.33,235.18,59.14,292.49
2024-07-30 11:00:00,2941.41,157.16,1881.29,255.38,230.47,59.00,355.55
2024-07-30 12:00:00,2881.90,149.03,2162.53,215.79,230.41,59.28,62.30
2024-07-30 13:00:00,2697.24,154.90,2146.09,236.67,228.58,61.63,-133.29
2024-07-30 14:00:00,2534.64,180.05,1888.28,286.76,216.31,64.16,-103.53
2024-07-30 15:00:00,2517.20,192.56,1451.13,276.39,197.55,68.15,328.81
2024-07-30 16:00:00,2448.76,209.79,904.79,343.33,172.47,78.40,737.34
2024-07-30 17:00:00,2303.95,200.67,367.45,419.23,180.18,81.35,1052.54
2024-07-30 18:00:00,2193.64,196.70,91.71,403.49,170.38,82.39,1246.65
2024-07-30 19:00:00,2134.97,261.71,9.83,352.53,162.49,82.46,1263.59
2024-07-30 20:00:00,2079.12,422.17,0.50,288.30,195.29,89.28,1081.08
2024-07-30 21:00:00,1942.75,528.15,0.38,242.06,131.04,77.86,961.06
2024-07-30 22:00:00,1863.52,599.89,0.33,203.20,122.48,67.90,867.63
2024-07-30 23:00:00,1840.74,608.26,0.27,240.79,137.50,68.92,782.66
2024-07-31 00:00:00,1805.63,598.39,0.26,280.45,214.91,80.40,628.90
2024-07-31 01:00:00,1772.32,676.52,0.22,297.81,131.84,67.77,596.10
2024-07-31 02:00:00,1755.05,849.03,0.22,236.38,127.41,69.77,470.03
2024-07-31 03:00:00,1777.03,958.04,9.22,256.20,124.86,70.10,356.20
2024-07-31 04:00:00,1964.63,1022.59,119.37,268.38,142.96,71.33,337.55
2024-07-31 05:00:00,2241.12,1149.26,372.64,231.63,159.37,71.31,254.32
2024-07-31 06:00:00,2459.08,1484.42,831.98,225.70,181.93,71.70,-339.12
2024-07-31 07:00:00,2581.23,1652.82,1224.15,200.97,199.30,68.93,-767.69
2024-07-31 08:00:00,2691.98,1527.68,1578.40,227.75,213.41,69.62,-927.27
2024-07-31 09:00:00,2731.85,1355.85,1788.50,242.96,221.86,62.94,-942.65
2024-07-31 10:00:00,2792.33,1216.51,1871.83,211.43,231.91,58.13,-800.13
2024-07-31 11:00:00,2930.31,1050.72,1914.48,296.01,235.18,57.29,-625.89
2024-07-31 12:00:00,2817.76,1054.29,1990.00,214.39,241.35,58.04,-742.71
2024-07-31 13:00:00,2720.13,1174.22,1977.95,157.82,235.05,61.36,-888.87
2024-07-31 14:00:00,2586.09,1217.14,1810.86,248.42,217.41,62.91,-973.03
2024-07-31 15:00:00,2555.45,1313.06,1405.03,263.69,198.66,67.70,-695.10
2024-07-31 16:00:00,2472.40,1455.83,899.93,312.50,179.67,78.01,-455.79
2024-07-31 17:00:00,2333.46,1466.49,368.08,312.87,175.86,84.61,-76.71
2024-07-31 18:00:00,2213.62,1194.10,97.39,338.10,165.49,85.00,331.37
2024-07-31 19:00:00,2146.41,1084.00,8.87,274.85,150.21,84.36,541.81
2024-07-31 20:00:00,2088.96,1036.09,0.57,277.35,143.92,82.09,546.72
2024-07-31 21:00:00,1959.50,936.50,0.50,246.85,131.16,79.40,562.83
2024-07-31 22:00:00,1883.35,776.75,0.46,234.76,117.81,66.84,684.59
2024-07-31 23:00:00,1844.54,731.47,0.38,203.80,114.83,66.13,725.83
2024-08-01 00:00:00,1822.60,741.81,0.37,195.89,120.90,67.40,694.17
2024-08-01 01:00:00,1784.57,720.61,0.32,197.21,121.99,66.11,676.26
2024-08-01 02:00:00,1814.72,729.09,0.28,173.22,119.39,65.92,724.73
2024-08-01 03:00:00,1871.54,740.69,8.99,227.32,120.50,66.95,704.94
2024-08-01 04:00:00,1965.65,675.81,101.80,211.54,131.12,75.19,767.72
2024-08-01 05:00:00,2225.77,557.22,358.21,224.26,153.64,75.92,854.20
2024-08-01 06:00:00,2416.42,503.12,743.82,296.71,168.80,76.81,625.02
2024-08-01 07:00:00,2518.38,519.92,1076.46,277.69,186.57,64.85,390.54
2024-08-01 08:00:00,2610.59,518.07,1421.78,256.44,201.66,59.37,150.92
2024-08-01 09:00:00,2658.22,469.54,1718.16,271.60,220.07,58.54,-81.97
2024-08-01 10:00:00,2689.67,426.84,1944.21,217.82,227.69,59.47,-188.60
2024-08-01 11:00:00,2760.18,453.02,2060.32,223.25,235.03,58.90,-272.69
2024-08-01 12:00:00,2715.36,566.42,2061.44,256.92,237.04,58.09,-467.14
2024-08-01 13:00:00,2646.19,751.74,1925.48,224.45,233.76,57.55,-549.36
2024-08-01 14:00:00,2558.81,912.05,1632.72,215.80,229.43,58.08,-491.68
2024-08-01 15:00:00,2554.46,984.68,1216.90,289.99,215.16,60.07,-214.81
2024-08-01 16:00:00,2474.18,975.05,711.05,409.36,192.98,67.23,116.31
2024-08-01 17:00:00,2326.52,873.00,352.08,323.81,189.48,77.45,508.26
2024-08-01 18:00:00,2191.63,705.40,116.26,347.07,182.94,77.27,760.30
2024-08-01 19:00:00,2137.17,565.85,9.62,332.21,162.65,76.21,988.47
2024-08-01 20:00:00,2071.16,600.64,0.63,278.31,155.00,67.06,967.32
2024-08-01 21:00:00,1952.09,635.00,0.49,218.22,149.20,60.56,886.40
2024-08-01 22:00:00,1901.57,669.23,0.46,219.11,208.08,69.18,733.43
2024-08-01 23:00:00,1867.03,600.90,0.47,231.03,138.00,59.70,834.60
2024-08-02 00:00:00,1828.51,494.69,0.33,226.00,135.32,60.23,909.55
2024-08-02 01:00:00,1789.82,480.45,0.28,214.77,136.22,60.33,895.68
2024-08-02 02:00:00,1766.34,546.96,0.28,214.25,135.43,59.82,807.48
2024-08-02 03:00:00,1782.20,576.30,6.52,246.56,134.94,61.57,754.23
2024-08-02 04:00:00,1971.16,515.41,86.96,224.76,144.61,68.30,928.81
2024-08-02 05:00:00,2236.11,388.09,278.39,263.31,158.22,77.18,1068.79
2024-08-02 06:00:00,2434.34,294.88,522.49,273.02,174.66,77.69,1089.43
2024-08-02 07:00:00,2522.57,260.03,625.37,308.36,181.20,71.64,1073.62
2024-08-02 08:00:00,2595.86,217.33,804.68,280.73,358.22,78.91,853.65
2024-08-02 09:00:00,2635.06,252.73,1051.93,255.87,383.04,79.58,609.79
2024-08-02 10:00:00,2621.44,285.53,1202.14,235.54,209.83,61.31,624.90
2024-08-02 11:00:00,2613.11,294.21,1238.12,230.93,194.74,61.05,591.61
2024-08-02 12:00:00,2615.91,367.82,1250.53,135.67,196.78,61.16,601.62
2024-08-02 13:00:00,2538.95,403.11,1178.32,157.65,193.94,60.70,542.65
2024-08-02 14:00:00,2507.99,384.46,989.18,253.20,183.98,60.21,634.61
2024-08-02 15:00:00,2523.01,368.63,757.18,231.61,183.81,58.62,920.74
2024-08-02 16:00:00,2491.06,393.34,478.29,317.04,169.12,62.83,1068.00
2024-08-02 17:00:00,2260.54,338.18,223.74,262.22,159.91,78.23,1195.92
2024-08-02 18:00:00,2138.93,245.61,70.18,376.13,246.21,83.47,1114.92
2024-08-02 19:00:00,2076.57,189.10,7.10,272.89,164.09,79.15,1362.08
2024-08-02 20:00:00,2022.85,156.70,0.47,327.71,139.63,73.39,1322.77
2024-08-02 21:00:00,1900.25,192.97,0.39,258.35,132.24,61.93,1252.34
2024-08-02 22:00:00,1831.72,176.61,0.36,205.37,123.63,60.81,1262.88
2024-08-02 23:00:00,1784.69,144.96,0.29,205.73,122.79,60.66,1247.87
2024-08-03 00:00:00,1746.61,154.32,0.28,213.31,125.26,60.71,1190.73
2024-08-03 01:00:00,1712.11,143.16,0.24,215.71,125.74,61.03,1164.42
2024-08-03 02:00:00,1678.68,154.04,0.26,227.66,125.65,61.18,1108.00
2024-08-03 03:00:00,1646.08,190.81,5.17,212.69,124.14,64.47,1046.87
2024-08-03 04:00:00,1678.53,237.01,91.13,191.85,136.08,67.65,952.47
2024-08-03 05:00:00,1821.29,267.15,340.04,195.61,153.32,67.64,794.97
2024-08-03 06:00:00,2017.42,277.86,800.68,201.15,174.11,62.69,498.64
2024-08-03 07:00:00,2188.25,291.80,1220.64,123.78,200.58,59.40,289.90
2024-08-03 08:00:00,2536.79,344.98,1607.10,117.98,211.69,57.60,195.03
2024-08-03 09:00:00,2622.08,379.05,1732.41,120.03,223.31,56.99,107.64
2024-08-03 10:00:00,2645.95,466.08,1650.66,121.32,222.54,53.25,129.73
2024-08-03 11:00:00,2738.30,498.26,1389.02,162.56,196.89,52.83,436.52
2024-08-03 12:00:00,2692.75,533.13,1111.17,236.58,185.41,52.18,572.01
2024-08-03 13:00:00,2543.96,536.44,783.61,185.60,172.22,55.73,808.09
2024-08-03 14:00:00,2286.13,493.13,607.24,202.88,161.62,56.64,762.42
2024-08-03 15:00:00,2256.61,430.35,423.25,207.72,151.34,58.56,983.23
2024-08-03 16:00:00,2253.89,401.15,316.67,271.03,147.20,62.59,1053.04
2024-08-03 17:00:00,2136.17,370.68,126.41,319.63,142.34,77.52,1097.55
2024-08-03 18:00:00,2060.53,387.67,47.30,300.86,143.33,78.99,1100.37
2024-08-03 19:00:00,2013.87,329.41,2.33,267.82,137.53,79.74,1194.97
2024-08-03 20:00:00,1928.96,337.05,0.54,298.66,258.44,88.62,943.35
2024-08-03 21:00:00,1811.37,350.41,0.38,290.25,135.85,64.48,967.96
2024-08-03 22:00:00,1729.31,242.44,0.41,323.36,119.79,61.65,979.79
2024-08-03 23:00:00,1682.18,209.50,0.33,261.01,117.85,59.72,1031.80
2024-08-04 00:00:00,1649.60,251.08,0.27,279.79,116.36,60.78,939.47
2024-08-04 01:00:00,1621.23,401.44,0.24,225.69,117.34,60.37,814.38
2024-08-04 02:00:00,1615.51,409.14,0.20,219.70,121.30,61.14,802.11
2024-08-04 03:00:00,1618.41,336.91,4.94,310.68,164.74,67.01,732.35
2024-08-04 04:00:00,1661.39,304.67,56.03,298.16,276.03,75.35,649.27
2024-08-04 05:00:00,1797.62,443.31,174.84,204.33,147.80,60.36,764.97
2024-08-04 06:00:00,1971.33,710.90,338.59,121.44,140.62,59.14,598.44
2024-08-04 07:00:00,2155.53,967.40,515.53,134.13,156.66,54.29,325.41
2024-08-04 08:00:00,2475.74,1296.11,743.01,142.07,173.81,53.44,65.02
2024-08-04 09:00:00,2711.26,1512.28,819.80,181.31,185.43,53.37,-42.95
2024-08-04 10:00:00,2782.03,1396.99,909.50,154.27,186.27,54.05,78.35
2024-08-04 11:00:00,2840.78,1460.86,964.73,154.82,180.47,54.12,23.67
2024-08-04 12:00:00,2818.77,1530.50,893.89,137.13,180.73,54.42,19.99
2024-08-04 13:00:00,2723.30,2213.27,1120.88,132.12,193.03,53.73,-991.94
2024-08-04 14:00:00,2645.31,2382.18,1259.44,117.93,205.69,53.51,-1375.43
2024-08-04 15:00:00,2500.25,2413.91,1240.88,180.10,202.59,53.67,-1593.04
2024-08-04 16:00:00,2396.23,2389.33,792.36,214.48,180.64,61.58,-1244.53
2024-08-04 17:00:00,2234.78,2207.00,337.92,267.45,153.86,70.33,-804.11
2024-08-04 18:00:00,2122.13,1896.73,79.30,288.98,154.12,70.76,-369.69
2024-08-04 19:00:00,2076.12,1657.21,4.37,364.27,143.06,69.82,-164.47
2024-08-04 20:00:00,2014.98,1576.83,0.49,205.82,139.61,64.83,25.40
2024-08-04 21:00:00,1930.81,1494.10,0.37,167.72,134.72,60.59,71.30
2024-08-04 22:00:00,1952.42,1427.53,0.38,216.63,131.87,60.20,114.04
2024-08-04 23:00:00,1969.11,1287.04,0.31,222.04,130.48,56.84,270.52
2024-08-05 00:00:00,1895.63,1069.93,0.26,229.12,123.18,56.87,414.45
2024-08-05 01:00:00,1782.05,946.56,0.26,169.50,119.82,56.68,487.36
2024-08-05 02:00:00,1750.86,851.03,0.23,207.93,119.21,57.09,513.62
2024-08-05 03:00:00,1812.05,757.20,7.41,181.00,121.03,60.33,683.17
2024-08-05 04:00:00,2060.70,597.03,94.58,313.90,146.40,67.40,839.40
2024-08-05 05:00:00,2385.45,421.94,360.09,281.13,175.84,67.34,1077.02
2024-08-05 06:00:00,2602.06,369.81,814.43,266.51,200.77,64.74,883.38
2024-08-05 07:00:00,2693.20,391.32,1060.16,305.05,204.95,58.23,671.21
2024-08-05 08:00:00,2848.64,322.34,1268.24,265.61,210.03,55.93,724.03
2024-08-05 09:00:00,2887.10,262.30,1496.82,292.80,225.20,56.04,551.93
2024-08-05 10:00:00,2929.93,250.86,1627.95,201.57,222.82,57.35,567.08
2024-08-05 11:00:00,3029.13,272.59,1590.76,195.90,207.70,57.42,702.48
2024-08-05 12:00:00,3046.37,269.26,1569.67,165.76,198.03,56.57,784.94
2024-08-05 13:00:00,2877.38,228.30,1497.22,169.60,200.79,57.34,721.77
2024-08-05 14:00:00,2714.04,215.57,1399.09,201.67,194.09,57.78,643.75
2024-08-05 15:00:00,2782.01,202.39,1146.37,244.14,178.30,70.11,938.50
2024-08-05 16:00:00,2682.42,179.18,731.04,274.51,189.06,71.18,1235.05
2024-08-05 17:00:00,2544.91,160.90,346.54,282.95,208.16,74.75,1469.29
2024-08-05 18:00:00,2410.41,112.25,91.19,343.60,199.92,76.12,1585.18
2024-08-05 19:00:00,2340.72,97.10,9.61,287.00,177.07,76.32,1691.18
2024-08-05 20:00:00,2262.07,57.63,0.49,263.22,150.33,75.78,1712.45
2024-08-05 21:00:00,2126.93,50.39,0.38,209.89,126.68,71.91,1665.59
2024-08-05 22:00:00,1996.35,88.12,0.36,271.42,124.83,64.13,1445.54
2024-08-05 23:00:00,1953.13,139.75,0.31,235.89,121.77,62.60,1390.65
2024-08-06 00:00:00,1938.85,223.64,0.30,225.59,126.22,61.48,1299.49
2024-08-06 01:00:00,1899.58,401.02,0.28,206.89,129.08,60.12,1100.45
2024-08-06 02:00:00,1889.05,581.66,0.29,195.91,128.93,62.90,917.59
2024-08-06 03:00:00,1932.89,790.02,4.23,199.62,134.74,63.11,739.15
2024-08-06 04:00:00,2177.24,842.62,82.36,330.32,157.93,64.67,697.16
2024-08-06 05:00:00,2523.11,791.85,346.75,228.12,175.42,64.33,914.58
2024-08-06 06:00:00,2750.91,642.24,826.82,216.63,204.09,63.74,795.49
2024-08-06 07:00:00,2847.56,601.73,1237.71,216.15,208.33,61.16,520.34
2024-08-06 08:00:00,2951.33,611.72,1633.30,158.87,208.25,57.49,279.50
2024-08-06 09:00:00,3060.34,666.49,1857.44,193.66,215.00,54.89,70.79
2024-08-06 10:00:00,3241.77,688.93,1881.74,189.89,221.27,51.64,206.06
2024-08-06 11:00:00,3331.16,674.75,1807.50,186.37,219.54,52.83,388.11
2024-08-06 12:00:00,3270.79,653.32,1653.53,213.84,216.10,52.85,479.01
2024-08-06 13:00:00,2879.62,613.60,1461.75,250.74,212.96,57.30,281.06
2024-08-06 14:00:00,2767.42,551.53,1256.75,330.87,199.62,58.85,367.67
2024-08-06 15:00:00,2782.25,507.62,917.59,510.54,189.15,72.26,582.82
2024-08-06 16:00:00,2692.30,465.16,570.35,669.90,183.74,73.61,727.53
2024-08-06 17:00:00,2557.09,417.38,267.95,734.02,211.63,78.75,845.27
2024-08-06 18:00:00,2434.03,425.28,79.76,744.63,201.57,77.91,902.79
2024-08-06 19:00:00,2369.18,585.10,8.05,708.49,201.44,79.07,785.09
2024-08-06 20:00:00,2290.12,1037.23,0.62,612.90,169.33,77.60,390.33
2024-08-06 21:00:00,2193.47,1406.51,0.50,357.14,159.79,73.23,194.55
2024-08-06 22:00:00,2124.61,1542.22,0.51,255.77,154.51,63.12,106.65
2024-08-06 23:00:00,2094.89,1463.94,0.36,283.88,243.33,70.18,31.17
2024-08-07 00:00:00,2042.73,1393.43,0.37,256.50,298.50,74.64,17.30
2024-08-07 01:00:00,1951.26,1263.36,0.35,229.97,145.83,63.55,246.59
2024-08-07 02:00:00,1909.32,1150.59,0.30,234.44,132.57,64.00,325.55
2024-08-07 03:00:00,1963.88,1124.04,9.77,261.76,130.41,65.80,369.74
2024-08-07 04:00:00,2205.72,933.17,84.41,277.68,145.31,67.97,695.07
2024-08-07 05:00:00,2567.76,676.02,336.10,310.15,157.22,65.55,1020.57
2024-08-07 06:00:00,2755.75,610.68,627.32,258.98,185.16,65.86,1005.58
2024-08-07 07:00:00,2809.28,552.62,868.58,311.84,176.52,60.64,836.88
2024-08-07 08:00:00,2920.69,427.34,1015.89,276.62,198.38,60.71,939.35
2024-08-07 09:00:00,2965.91,425.01,993.01,254.22,358.58,66.09,866.90
2024-08-07 10:00:00,2988.44,537.51,854.22,258.96,175.62,58.72,1101.13
2024-08-07 11:00:00,3114.34,591.93,888.22,216.45,167.12,57.83,1190.32
2024-08-07 12:00:00,2997.18,705.45,604.42,208.75,154.77,58.90,1262.47
2024-08-07 13:00:00,2945.51,680.51,744.43,179.13,298.67,69.95,970.44
2024-08-07 14:00:00,3109.67,596.61,990.10,171.06,157.97,58.99,1132.87
2024-08-07 15:00:00,3000.03,468.53,797.85,223.08,157.18,62.71,1288.34
2024-08-07 16:00:00,2832.84,381.16,706.83,231.34,168.96,73.71,1268.82
2024-08-07 17:00:00,2593.75,315.14,343.55,237.62,183.29,75.04,1436.84
2024-08-07 18:00:00,2467.16,441.89,89.83,280.52,182.97,74.91,1395.05
2024-08-07 19:00:00,2408.27,488.29,5.05,255.61,175.47,74.51,1407.08
2024-08-07 20:00:00,2247.09,683.93,0.49,235.64,163.09,74.77,1087.08
2024-08-07 21:00:00,2109.58,912.76,0.40,235.06,158.19,68.21,732.66
2024-08-07 22:00:00,2041.01,882.27,0.46,243.65,142.56,62.79,707.31
2024-08-07 23:00:00,2086.51,752.42,0.32,276.95,134.30,62.37,858.05
2024-08-08 00:00:00,2005.43,838.50,0.27,190.47,130.84,61.84,781.39
2024-08-08 01:00:00,1987.34,965.61,0.25,120.75,133.08,61.55,704.28
2024-08-08 02:00:00,1911.28,795.13,0.21,215.26,133.84,62.60,702.42
2024-08-08 03:00:00,1950.52,666.64,2.16,262.17,138.66,62.30,816.42
2024-08-08 04:00:00,2182.41,701.39,75.39,239.87,166.01,65.81,931.71
2024-08-08 05:00:00,2517.26,696.70,204.98,238.64,213.08,70.89,1090.56
2024-08-08 06:00:00,2705.88,600.40,368.38,269.38,193.95,66.35,1205.02
2024-08-08 07:00:00,2792.87,630.30,598.12,248.58,195.47,57.03,1061.09
2024-08-08 08:00:00,2935.36,823.74,925.55,225.33,206.55,55.72,695.82
2024-08-08 09:00:00,2991.59,1099.97,1111.73,181.77,211.84,56.34,327.81
2024-08-08 10:00:00,2974.94,1233.58,1291.57,208.40,212.60,54.64,-28.31
2024-08-08 11:00:00,3055.80,1431.66,1534.65,161.79,218.33,54.68,-347.64
2024-08-08 12:00:00,3047.85,1627.68,1572.37,159.47,225.55,54.13,-593.71
2024-08-08 13:00:00,2973.85,1781.97,1636.08,158.20,228.25,55.34,-888.37
2024-08-08 14:00:00,2818.66,1811.74,1438.99,130.95,215.12,57.02,-837.22
2024-08-08 15:00:00,2824.43,1574.04,1220.81,258.57,213.95,61.27,-506.59
2024-08-08 16:00:00,2714.02,1432.90,732.03,463.27,277.66,79.41,-273.24
2024-08-08 17:00:00,2548.08,1132.78,321.82,634.77,214.85,77.94,163.71
2024-08-08 18:00:00,2399.16,890.99,60.71,684.36,221.81,77.43,461.85
2024-08-08 19:00:00,2331.03,822.40,2.64,707.72,195.84,77.34,522.98
2024-08-08 20:00:00,2234.28,1101.37,0.48,542.68,163.34,72.98,351.16
2024-08-08 21:00:00,2100.11,1310.90,0.45,258.75,153.21,62.90,312.00
2024-08-08 22:00:00,2032.85,1603.39,0.38,130.84,149.29,61.02,85.95
2024-08-08 23:00:00,2010.06,1692.79,0.28,127.53,144.87,60.54,-18.01
2024-08-09 00:00:00,2114.80,2019.83,0.28,156.15,143.26,61.45,-268.16
2024-08-09 01:00:00,2271.23,2600.34,0.32,153.31,136.26,55.14,-675.88
2024-08-09 02:00:00,2364.44,3117.61,0.36,150.82,129.93,55.28,-1091.37
2024-08-09 03:00:00,2419.82,3068.69,0.53,146.43,128.25,55.29,-981.54
2024-08-09 04:00:00,2570.54,3409.75,12.56,149.68,128.98,53.92,-1186.44
2024-08-09 05:00:00,2785.38,3949.01,60.34,162.34,146.01,53.66,-1588.30
2024-08-09 06:00:00,2934.60,4094.44,98.53,148.77,150.11,55.08,-1614.33
2024-08-09 07:00:00,2995.36,4001.77,110.56,189.64,151.81,53.81,-1514.22
2024-08-09 08:00:00,3184.76,3601.45,150.80,182.90,142.80,45.65,-940.98
2024-08-09 09:00:00,3349.19,3041.17,275.02,147.52,154.15,43.75,-314.37
2024-08-09 10:00:00,3395.26,2348.28,523.09,100.57,164.49,43.49,213.28
2024-08-09 11:00:00,3432.95,2217.94,810.05,100.92,185.13,44.30,72.25
2024-08-09 12:00:00,3255.39,2504.05,816.35,105.12,195.50,44.44,-412.36
2024-08-09 13:00:00,3211.38,2537.59,1014.37,102.28,203.00,45.32,-693.70
2024-08-09 14:00:00,3158.65,3035.20,986.65,102.14,201.61,44.94,-1214.03
2024-08-09 15:00:00,3048.70,4077.32,862.24,115.28,188.54,45.50,-2242.58
2024-08-09 16:00:00,2847.15,4340.92,573.48,129.18,169.80,51.07,-2419.52
2024-08-09 17:00:00,2582.16,4072.88,271.56,100.47,149.19,57.73,-2071.80
2024-08-09 18:00:00,2363.61,3697.65,72.50,149.28,144.45,59.41,-1761.78
2024-08-09 19:00:00,2280.61,3490.04,2.66,168.56,136.39,59.54,-1578.79
2024-08-09 20:00:00,2209.82,3378.91,0.48,133.73,138.53,58.68,-1502.62
2024-08-09 21:00:00,2076.21,3265.64,0.57,142.47,136.78,59.37,-1530.50
2024-08-09 22:00:00,2006.79,3287.21,0.42,113.28,141.91,54.57,-1592.59
2024-08-09 23:00:00,1891.79,3277.42,0.39,100.37,151.49,54.98,-1694.91
2024-08-10 00:00:00,1877.58,3263.07,0.33,105.64,142.63,51.21,-1687.09
2024-08-10 01:00:00,1872.68,3108.59,0.28,111.42,126.42,46.02,-1521.79
2024-08-10 02:00:00,1881.31,2879.04,0.27,110.93,124.05,45.63,-1280.54
2024-08-10 03:00:00,1931.93,3089.52,1.92,110.79,124.58,48.41,-1445.30
2024-08-10 04:00:00,1880.78,3132.47,57.92,116.41,130.50,49.11,-1607.94
2024-08-10 05:00:00,2014.99,3089.19,301.21,134.72,153.82,48.90,-1714.88
2024-08-10 06:00:00,2287.09,3435.10,691.32,110.78,184.71,46.40,-2183.24
2024-08-10 07:00:00,2563.30,2978.16,778.34,110.79,188.31,45.81,-1540.20
2024-08-10 08:00:00,2708.44,2072.80,791.76,110.82,200.32,44.54,-514.01
2024-08-10 09:00:00,2876.94,1737.62,787.13,123.62,212.96,42.54,-29.24
2024-08-10 10:00:00,3081.21,1655.71,851.15,111.89,209.99,43.90,206.18
2024-08-10 11:00:00,3207.22,1556.23,883.59,110.79,212.71,45.59,396.14
2024-08-10 12:00:00,3101.35,1517.91,850.63,111.00,215.10,44.98,359.45
2024-08-10 13:00:00,2977.29,1578.65,751.39,110.86,222.98,44.94,266.19
2024-08-10 14:00:00,2751.12,1819.30,638.94,110.79,206.19,46.89,-73.26
2024-08-10 15:00:00,2723.35,3170.66,838.19,111.14,193.42,47.17,-1639.51
2024-08-10 16:00:00,2479.16,3903.57,656.87,111.84,175.35,50.20,-2421.04
2024-08-10 17:00:00,2290.43,3624.50,274.88,135.53,152.58,57.23,-1956.65
2024-08-10 18:00:00,2126.64,3292.76,60.35,363.49,163.16,60.02,-1815.36
2024-08-10 19:00:00,2088.11,2955.95,2.40,314.19,166.88,60.53,-1413.79
2024-08-10 20:00:00,1991.78,2696.15,0.57,189.07,156.45,60.56,-1113.18
2024-08-10 21:00:00,1905.22,2740.20,0.50,111.94,154.86,58.31,-1162.59
2024-08-10 22:00:00,1866.49,2872.53,0.42,136.41,146.99,57.82,-1349.50
2024-08-10 23:00:00,1819.86,2877.02,0.36,115.05,144.17,56.51,-1375.21
2024-08-11 00:00:00,1845.83,2831.62,0.36,110.79,149.73,57.43,-1305.91
2024-08-11 01:00:00,1796.95,2811.79,0.31,121.68,149.93,57.55,-1346.04
2024-08-11 02:00:00,1770.92,2718.82,0.29,116.32,147.17,58.50,-1271.98
2024-08-11 03:00:00,1702.83,2708.34,1.95,152.70,145.51,60.56,-1367.98
2024-08-11 04:00:00,1735.98,2516.47,72.79,152.87,153.71,60.21,-1222.22
2024-08-11 05:00:00,1853.47,2353.66,316.56,195.91,166.58,59.30,-1240.62
2024-08-11 06:00:00,2146.87,2356.31,763.96,149.00,182.91,55.82,-1363.26
2024-08-11 07:00:00,2375.44,2193.47,975.91,194.62,183.74,46.25,-1220.63
2024-08-11 08:00:00,2612.74,1363.50,810.67,163.50,198.38,45.02,29.45
2024-08-11 09:00:00,2747.65,1051.51,755.85,205.87,213.36,45.50,473.49
2024-08-11 10:00:00,2930.47,1051.72,746.44,197.19,200.98,44.91,687.03
2024-08-11 11:00:00,3230.44,1077.18,747.48,195.54,193.73,44.70,969.66
2024-08-11 12:00:00,3147.87,1091.35,743.50,162.52,189.09,44.53,914.69
2024-08-11 13:00:00,2710.90,1104.24,676.78,173.71,200.12,45.55,508.18
2024-08-11 14:00:00,2563.67,1726.59,761.64,157.36,193.02,44.12,-321.22
2024-08-11 15:00:00,2558.64,2560.88,1088.24,186.63,186.79,47.92,-1513.96
2024-08-11 16:00:00,2431.91,2363.71,738.92,321.70,186.26,58.83,-1239.76
2024-08-11 17:00:00,2286.07,1971.55,311.97,378.61,169.20,76.41,-623.87
2024-08-11 18:00:00,2152.23,1663.20,61.23,372.84,271.37,89.88,-308.30
2024-08-11 19:00:00,2098.29,1504.66,1.98,337.79,151.77,76.62,23.51
2024-08-11 20:00:00,2015.10,1346.25,0.44,217.43,144.63,76.28,227.81
2024-08-11 21:00:00,1935.41,1280.07,0.37,221.83,144.81,63.14,222.83
2024-08-11 22:00:00,1847.72,1247.82,0.28,255.17,136.60,60.43,145.43
2024-08-11 23:00:00,1827.12,1186.46,0.28,232.17,135.39,59.13,211.75
2024-08-12 00:00:00,1905.80,1037.97,0.24,208.40,130.22,59.03,468.10
2024-08-12 01:00:00,1872.32,878.39,0.22,239.35,131.48,59.88,561.25
2024-08-12 02:00:00,1778.72,713.11,0.22,241.98,172.33,67.57,581.71
2024-08-12 03:00:00,1860.38,581.00,2.08,261.92,135.12,62.00,816.16
2024-08-12 04:00:00,2143.78,439.92,62.22,291.38,144.69,63.63,1139.61
2024-08-12 05:00:00,2472.02,286.89,315.20,298.16,202.81,70.17,1296.72
2024-08-12 06:00:00,2677.81,170.32,840.27,265.08,244.16,75.87,1079.81
2024-08-12 07:00:00,2781.79,139.24,1349.26,259.98,205.29,57.59,768.31
2024-08-12 08:00:00,2895.77,78.41,1773.01,216.17,229.02,55.22,541.77
2024-08-12 09:00:00,2975.49,55.67,2074.03,186.97,236.00,52.65,367.84
2024-08-12 10:00:00,3016.86,22.32,2189.64,208.68,229.58,50.81,313.45
2024-08-12 11:00:00,3053.07,16.41,2218.39,189.33,229.80,50.87,345.90
2024-08-12 12:00:00,2991.02,22.12,2192.29,200.04,229.24,51.03,294.10
2024-08-12 13:00:00,2809.56,24.78,2036.51,247.57,225.68,55.46,217.31
2024-08-12 14:00:00,2758.68,28.22,1754.93,267.97,223.40,57.74,424.27
2024-08-12 15:00:00,2778.13,45.78,1332.53,343.93,202.42,57.48,793.73
2024-08-12 16:00:00,2679.20,103.08,789.31,357.83,185.66,69.82,1171.46
2024-08-12 17:00:00,2531.12,186.24,290.62,415.18,283.06,85.73,1268.10
2024-08-12 18:00:00,2391.36,384.07,56.97,324.57,313.88,90.97,1218.75
2024-08-12 19:00:00,2353.73,748.68,0.81,263.14,182.78,76.12,1080.23
2024-08-12 20:00:00,2307.52,1033.38,0.51,236.65,161.00,75.10,798.67
2024-08-12 21:00:00,2106.48,1439.64,0.46,193.74,159.64,62.41,248.30
2024-08-12 22:00:00,2100.99,1634.96,0.39,118.86,149.97,57.53,137.17
2024-08-12 23:00:00,1993.40,1621.96,0.35,116.77,152.72,58.96,40.80
2024-08-13 00:00:00,1994.88,1704.44,0.37,19.14,154.16,58.25,56.81
2024-08-13 01:00:00,1981.97,1857.68,0.31,4.55,162.44,58.89,-103.98
2024-08-13 02:00:00,1956.21,1891.91,0.30,37.33,155.20,58.86,-189.20
2024-08-13 03:00:00,2010.95,1731.56,0.83,175.02,164.16,61.44,-124.02
2024-08-13 04:00:00,2263.91,1447.95,64.94,337.01,354.92,80.59,-23.53
2024-08-13 05:00:00,2574.94,1321.22,274.63,310.10,249.25,79.00,338.52
2024-08-13 06:00:00,2758.15,1385.80,569.00,203.40,199.85,67.60,330.53
2024-08-13 07:00:00,2844.55,1341.80,803.29,174.47,213.44,58.71,250.69
2024-08-13 08:00:00,2961.57,1775.16,1206.29,113.56,229.36,56.64,-421.58
2024-08-13 09:00:00,3048.49,2256.89,1343.82,131.33,224.83,55.29,-965.77
2024-08-13 10:00:00,3039.35,2695.82,1109.17,153.69,205.02,55.64,-1182.19
2024-08-13 11:00:00,3160.77,2888.79,1072.10,121.35,205.89,57.56,-1187.02
2024-08-13 12:00:00,3107.26,2925.74,1204.11,110.28,210.56,58.53,-1404.31
2024-08-13 13:00:00,2956.26,3051.78,1030.17,113.00,210.28,57.36,-1508.58
2024-08-13 14:00:00,2878.76,2729.01,962.63,154.56,201.63,59.69,-1230.97
2024-08-13 15:00:00,2890.92,2484.03,662.15,214.05,189.24,63.95,-724.70
2024-08-13 16:00:00,2799.57,2442.40,428.86,219.16,177.71,74.46,-545.19
2024-08-13 17:00:00,2644.72,2195.97,203.18,322.55,191.60,74.65,-345.36
2024-08-13 18:00:00,2468.82,1710.66,35.71,318.88,199.54,75.35,126.61
2024-08-13 19:00:00,2438.43,2339.86,0.67,284.40,184.56,74.87,-447.89
2024-08-13 20:00:00,2325.39,2608.94,0.52,200.37,145.62,74.25,-706.46
2024-08-13 21:00:00,2192.49,2753.33,0.51,154.84,147.74,64.53,-930.61
2024-08-13 22:00:00,2239.92,2726.09,0.60,118.07,141.91,59.33,-807.96
2024-08-13 23:00:00,2163.58,2364.46,0.44,181.45,131.89,61.12,-577.81
2024-08-14 00:00:00,2056.74,1896.19,0.50,211.43,132.88,60.28,-246.37
2024-08-14 01:00:00,1957.98,1160.53,0.26,219.52,129.64,58.28,387.92
2024-08-14 02:00:00,1923.85,888.47,0.29,254.40,183.51,61.97,533.49
2024-08-14 03:00:00,2019.78,730.90,0.35,297.50,134.58,55.56,798.83
2024-08-14 04:00:00,2282.91,1047.04,31.42,213.35,149.70,61.53,777.52
2024-08-14 05:00:00,2629.05,1262.81,125.81,181.18,161.22,59.98,835.68
2024-08-14 06:00:00,2794.21,1122.67,216.61,183.05,155.39,56.62,1057.78
2024-08-14 07:00:00,2842.03,781.71,338.75,257.83,156.62,60.80,1244.28
2024-08-14 08:00:00,2957.95,419.05,556.43,285.99,173.51,58.95,1461.87
2024-08-14 09:00:00,3008.15,219.31,895.74,276.80,174.28,53.61,1386.04
2024-08-14 10:00:00,3017.50,195.17,1179.91,224.86,166.57,53.98,1194.55
2024-08-14 11:00:00,3032.02,211.27,1170.96,259.34,158.76,56.38,1172.81
2024-08-14 12:00:00,2966.26,297.92,1070.96,268.86,164.83,57.71,1103.89
2024-08-14 13:00:00,2849.60,393.48,778.16,300.00,209.20,66.01,1100.13
2024-08-14 14:00:00,2803.32,294.25,604.01,187.73,408.60,77.11,1229.37
2024-08-14 15:00:00,2849.31,133.90,411.00,280.81,399.89,80.07,1541.30
2024-08-14 16:00:00,2755.59,191.09,200.64,337.77,168.61,76.17,1779.09
2024-08-14 17:00:00,2616.23,204.98,110.59,353.54,424.30,98.69,1421.84
2024-08-14 18:00:00,2484.31,377.31,23.62,345.18,267.12,82.78,1385.86
2024-08-14 19:00:00,2415.40,445.82,0.66,342.14,197.71,78.48,1348.51
2024-08-14 20:00:00,2275.73,350.98,0.48,354.94,317.24,87.91,1162.09
2024-08-14 21:00:00,2141.16,200.96,0.44,341.82,143.15,61.47,1391.31
2024-08-14 22:00:00,2112.04,112.23,0.38,320.05,131.10,55.20,1490.91
2024-08-14 23:00:00,2028.19,134.23,0.33,267.51,129.15,51.48,1443.00
2024-08-15 00:00:00,2015.04,138.60,0.33,312.79,129.29,52.13,1379.88
2024-08-15 01:00:00,1994.81,127.03,0.35,337.29,136.29,58.92,1332.98
2024-08-15 02:00:00,1966.45,97.43,0.28,273.91,243.83,75.86,1273.12
2024-08-15 03:00:00,2020.56,165.44,0.30,264.08,138.62,66.01,1383.90
2024-08-15 04:00:00,2291.79,167.31,24.94,334.83,136.69,69.22,1556.57
2024-08-15 05:00:00,2630.34,103.07,175.00,362.15,250.60,77.25,1660.01
2024-08-15 06:00:00,2808.60,97.51,491.81,363.52,255.00,76.54,1522.15
2024-08-15 07:00:00,2888.24,166.54,872.53,278.63,187.63,60.23,1320.90
2024-08-15 08:00:00,2965.02,307.50,1421.94,212.01,206.39,57.75,757.48
2024-08-15 09:00:00,3137.94,487.13,1873.43,212.74,220.83,55.89,286.05
2024-08-15 10:00:00,3320.60,589.49,2027.22,197.89,220.11,46.03,237.44
2024-08-15 11:00:00,3440.19,594.06,1636.65,184.65,217.10,46.47,758.99
2024-08-15 12:00:00,3407.56,779.49,1518.75,127.87,218.19,46.63,714.52
2024-08-15 13:00:00,3240.81,1595.87,1386.42,141.01,216.63,49.42,-150.78
2024-08-15 14:00:00,2982.45,1979.17,1038.02,127.59,200.76,55.28,-420.49
2024-08-15 15:00:00,2929.64,2317.47,648.89,117.45,182.69,61.94,-401.02
2024-08-15 16:00:00,2852.21,2627.72,261.43,235.85,163.13,63.77,-501.85
2024-08-15 17:00:00,2711.05,2708.95,117.23,264.76,183.99,78.30,-644.37
2024-08-15 18:00:00,2594.99,2939.32,17.04,252.58,180.81,78.15,-874.94
2024-08-15 19:00:00,2522.60,2900.99,0.80,302.09,177.50,79.42,-940.09
2024-08-15 20:00:00,2358.63,2697.03,0.63,216.19,172.88,80.08,-810.44
2024-08-15 21:00:00,2213.73,2758.16,0.49,215.61,189.07,72.16,-1023.77
2024-08-15 22:00:00,2222.20,2682.54,0.50,155.77,160.47,63.87,-842.75
2024-08-15 23:00:00,2166.46,2357.72,0.42,222.80,155.54,63.69,-635.71
2024-08-16 00:00:00,2048.52,1915.34,0.45,243.71,151.23,63.95,-327.96
2024-08-16 01:00:00,1976.34,1621.81,0.36,271.95,219.85,75.41,-215.09
2024-08-16 02:00:00,1945.90,1227.76,0.32,215.90,143.03,63.62,293.47
2024-08-16 03:00:00,2031.32,908.84,0.29,199.07,136.78,64.34,719.91
2024-08-16 04:00:00,2282.18,611.07,10.43,311.10,200.12,75.40,1072.04
2024-08-16 05:00:00,2607.17,539.56,61.46,282.97,160.96,68.23,1491.86
2024-08-16 06:00:00,2772.44,592.90,162.00,188.79,148.60,69.48,1608.44
2024-08-16 07:00:00,2836.68,630.36,367.82,202.83,149.70,62.32,1421.53
2024-08-16 08:00:00,2936.20,682.29,697.61,190.89,160.65,56.18,1146.44
2024-08-16 09:00:00,2931.03,446.40,920.54,251.26,176.08,57.51,1076.96
2024-08-16 10:00:00,2873.67,411.69,1102.91,244.98,192.21,56.19,863.20
2024-08-16 11:00:00,2871.24,392.81,1327.68,226.71,205.33,56.74,659.70
2024-08-16 12:00:00,2749.27,339.87,1363.60,225.40,209.11,58.86,550.31
2024-08-16 13:00:00,2635.10,265.44,1458.19,207.55,207.95,57.82,435.85
2024-08-16 14:00:00,2613.19,231.74,1326.22,249.20,202.61,61.83,539.37
2024-08-16 15:00:00,2616.92,254.61,1107.31,257.98,192.18,64.22,737.89
2024-08-16 16:00:00,2531.44,308.65,695.48,325.79,199.03,74.53,925.89
2024-08-16 17:00:00,2358.62,284.20,262.90,377.65,226.08,79.91,1125.31
2024-08-16 18:00:00,2217.51,248.78,46.34,345.13,224.27,78.17,1272.57
2024-08-16 19:00:00,2162.46,233.94,0.69,355.89,191.67,77.96,1299.97
2024-08-16 20:00:00,2121.17,255.71,0.48,251.51,146.40,78.83,1385.89
2024-08-16 21:00:00,1935.69,325.78,0.36,289.49,142.60,66.55,1108.53
2024-08-16 22:00:00,1923.63,401.24,0.31,241.57,137.87,61.47,1079.01
2024-08-16 23:00:00,1850.17,470.66,0.29,216.32,137.06,62.29,961.27
2024-08-17 00:00:00,1805.78,547.44,0.29,248.93,138.98,58.94,809.23
2024-08-17 01:00:00,1749.71,608.60,0.25,267.13,144.38,59.13,668.11
2024-08-17 02:00:00,1697.53,615.97,0.27,271.14,143.12,58.04,607.16
2024-08-17 03:00:00,1709.09,630.02,0.39,274.92,145.61,60.39,595.78
2024-08-17 04:00:00,1756.27,540.22,40.98,261.99,145.17,66.35,699.67
2024-08-17 05:00:00,2023.05,424.33,236.04,265.58,157.27,65.12,872.60
2024-08-17 06:00:00,2262.50,400.72,598.94,227.23,171.85,63.10,798.21
2024-08-17 07:00:00,2290.49,435.37,1046.01,220.10,197.26,59.47,329.96
2024-08-17 08:00:00,2390.07,677.93,1403.00,192.06,214.31,58.85,-158.65
2024-08-17 09:00:00,2442.97,854.80,1594.08,170.73,226.53,58.70,-464.22
2024-08-17 10:00:00,2480.82,942.30,1589.93,173.79,219.25,57.09,-503.86
2024-08-17 11:00:00,2505.40,936.56,1557.68,192.14,220.39,56.58,-460.41
2024-08-17 12:00:00,2465.53,879.14,1496.66,166.16,215.49,56.56,-350.82
2024-08-17 13:00:00,2406.68,816.64,1478.18,166.17,211.51,56.05,-324.09
2024-08-17 14:00:00,2347.55,801.27,1250.28,214.05,199.51,58.86,-178.86
2024-08-17 15:00:00,2347.01,758.48,998.93,159.46,190.94,57.94,178.94
2024-08-17 16:00:00,2284.48,650.30,592.38,259.84,180.68,60.26,538.79
2024-08-17 17:00:00,2153.65,449.47,225.25,312.21,174.34,73.93,916.03
2024-08-17 18:00:00,2053.00,422.14,41.67,272.82,169.44,73.91,1070.79
2024-08-17 19:00:00,2024.83,411.02,0.69,322.06,160.56,74.11,1054.26
2024-08-17 20:00:00,1929.29,425.61,0.48,271.06,148.03,73.53,1008.39
2024-08-17 21:00:00,1833.36,342.66,0.37,294.76,143.81,60.59,989.19
2024-08-17 22:00:00,1766.18,346.96,0.43,273.47,132.15,57.86,953.55
2024-08-17 23:00:00,1695.51,412.79,0.36,188.29,135.74,58.28,898.22
2024-08-18 00:00:00,1692.14,499.10,0.34,181.67,133.69,58.06,817.61
2024-08-18 01:00:00,1656.49,568.81,0.33,201.29,135.73,59.98,688.73
2024-08-18 02:00:00,1656.77,515.62,0.26,229.48,142.23,62.87,704.54
2024-08-18 03:00:00,1645.38,436.87,0.39,277.04,131.63,63.13,734.65
2024-08-18 04:00:00,1663.90,444.85,35.99,282.37,137.35,64.03,697.50
2024-08-18 05:00:00,1800.35,463.30,170.67,265.18,144.47,63.33,691.49
2024-08-18 06:00:00,1976.61,403.84,370.92,245.11,164.35,60.12,730.21
2024-08-18 07:00:00,2114.51,418.29,561.92,233.55,174.07,57.95,666.58
2024-08-18 08:00:00,2284.71,458.34,739.66,233.66,177.21,56.41,617.29
2024-08-18 09:00:00,2370.39,547.21,979.64,218.80,182.28,54.17,386.24
2024-08-18 10:00:00,2432.11,656.55,1183.18,181.92,180.14,51.78,176.22
2024-08-18 11:00:00,2554.44,739.34,1216.36,211.49,194.80,47.82,142.45
2024-08-18 12:00:00,2743.93,1028.31,1367.58,152.38,191.37,49.36,-47.29
2024-08-18 13:00:00,2593.05,1489.04,1243.55,180.49,205.01,49.91,-577.13
2024-08-18 14:00:00,2536.51,1631.70,970.67,185.77,194.92,48.11,-496.65
2024-08-18 15:00:00,2527.68,1438.36,795.62,305.84,375.04,67.92,-457.42
2024-08-18 16:00:00,2454.74,1301.23,519.45,256.80,185.19,51.57,138.27
2024-08-18 17:00:00,2298.17,1106.55,189.12,318.39,163.75,57.95,460.10
2024-08-18 18:00:00,2182.82,1137.72,26.16,327.91,153.72,57.97,477.14
2024-08-18 19:00:00,2134.77,1015.27,0.53,321.07,149.90,56.62,589.28
2024-08-18 20:00:00,2016.45,994.95,0.41,283.62,147.06,57.50,530.61
2024-08-18 21:00:00,1910.38,950.94,0.37,254.45,144.24,52.97,505.12
2024-08-18 22:00:00,1892.05,1052.73,0.31,225.70,146.89,52.60,411.62
2024-08-18 23:00:00,1867.18,1022.78,0.31,160.62,145.93,59.42,475.89
2024-08-19 00:00:00,1861.82,1067.81,0.26,139.76,143.51,59.00,449.17
2024-08-19 01:00:00,1842.71,1001.92,0.29,195.21,137.72,58.07,447.57
2024-08-19 02:00:00,1844.42,778.50,0.24,214.63,137.09,58.48,653.37
2024-08-19 03:00:00,1933.33,590.40,0.33,173.09,140.67,61.27,965.46
2024-08-19 04:00:00,2258.84,447.26,41.18,252.48,152.52,60.95,1302.26
2024-08-19 05:00:00,2578.35,266.35,252.77,284.98,172.70,64.98,1534.14
2024-08-19 06:00:00,2741.67,130.95,723.07,268.14,195.17,65.49,1356.54
2024-08-19 07:00:00,2850.39,135.45,1251.42,225.85,212.85,57.68,964.97
2024-08-19 08:00:00,2950.27,178.43,1582.32,190.29,220.04,50.23,726.66
2024-08-19 09:00:00,2933.63,236.58,1707.44,251.78,301.00,56.25,378.40
2024-08-19 10:00:00,2916.33,305.56,1695.28,250.11,267.25,52.36,343.15
2024-08-19 11:00:00,2962.79,403.98,1694.63,155.31,236.12,49.45,420.88
2024-08-19 12:00:00,2888.58,468.70,1496.98,217.01,224.47,50.52,428.54
2024-08-19 13:00:00,2802.82,530.56,1417.14,193.58,219.98,48.91,390.26
2024-08-19 14:00:00,2776.68,559.73,1250.21,211.75,212.56,48.23,491.84
2024-08-19 15:00:00,2972.14,521.16,955.89,260.62,193.72,53.89,984.58
2024-08-19 16:00:00,2714.33,503.29,529.48,366.69,190.52,68.88,1053.29
2024-08-19 17:00:00,2560.45,515.09,197.70,329.43,250.87,74.22,1190.74
2024-08-19 18:00:00,2438.46,595.60,30.05,295.46,246.25,74.63,1194.30
2024-08-19 19:00:00,2393.16,791.93,0.64,275.37,212.03,75.68,1035.40
2024-08-19 20:00:00,2390.93,1171.48,0.45,196.27,165.55,67.71,787.11
2024-08-19 21:00:00,2109.80,1536.01,0.40,229.68,167.59,60.98,112.89
2024-08-19 22:00:00,2042.79,1864.08,0.39,181.92,164.53,61.45,-231.76
2024-08-19 23:00:00,2038.93,1986.72,0.34,209.90,163.82,60.85,-384.88
2024-08-20 00:00:00,2124.01,2073.89,0.35,259.53,164.77,59.70,-436.30
2024-08-20 01:00:00,2114.08,2213.98,0.37,161.14,166.30,58.77,-488.69
2024-08-20 02:00:00,2124.03,2275.24,0.28,119.94,168.84,58.95,-501.41
2024-08-20 03:00:00,2182.21,2281.08,0.47,157.94,173.41,59.64,-492.36
2024-08-20 04:00:00,2408.63,2315.38,46.69,192.49,181.96,62.26,-392.34
2024-08-20 05:00:00,2678.54,2156.25,200.53,150.16,191.20,66.33,-88.30
2024-08-20 06:00:00,2822.65,2062.94,408.85,265.39,194.43,66.33,-177.38
2024-08-20 07:00:00,2878.73,1956.81,681.97,275.13,200.22,65.81,-303.57
2024-08-20 08:00:00,2988.83,1880.28,1028.66,242.14,215.90,58.62,-439.24
2024-08-20 09:00:00,3049.96,1812.90,1318.56,138.92,224.49,58.39,-505.62
2024-08-20 10:00:00,3151.22,1729.70,1531.30,137.55,236.55,58.08,-544.43
2024-08-20 11:00:00,3239.65,1877.53,1421.19,162.30,225.38,58.81,-507.96
2024-08-20 12:00:00,3250.48,2019.99,1410.05,112.12,221.47,56.29,-571.59
2024-08-20 13:00:00,3148.67,2132.47,1121.16,152.13,210.46,56.95,-526.78
2024-08-20 14:00:00,3052.10,1831.11,913.29,153.58,203.68,57.97,-109.69
2024-08-20 15:00:00,2881.23,1617.22,716.97,315.81,246.79,59.64,-77.58
2024-08-20 16:00:00,2776.14,1800.16,346.54,290.84,203.78,58.55,74.07
2024-08-20 17:00:00,2623.45,1830.30,80.98,283.83,187.80,65.50,172.88
2024-08-20 18:00:00,2527.37,1762.68,7.21,236.85,177.73,65.68,274.97
2024-08-20 19:00:00,2443.43,1706.39,0.66,243.38,179.38,66.81,244.66
2024-08-20 20:00:00,2274.20,1471.45,0.42,260.44,161.16,67.55,311.04
2024-08-20 21:00:00,2117.86,1279.87,0.33,260.18,277.43,73.69,224.11
2024-08-20 22:00:00,2034.30,1023.88,0.33,199.17,153.10,61.18,594.23
2024-08-20 23:00:00,1994.54,730.76,0.29,213.79,135.34,58.65,853.38
2024-08-21 00:00:00,1990.18,475.13,0.26,246.04,128.88,58.28,1079.33
2024-08-21 01:00:00,2004.49,754.46,0.20,133.08,125.08,58.35,931.24
2024-08-21 02:00:00,2059.87,932.19,0.18,135.25,136.88,58.29,794.98
2024-08-21 03:00:00,2136.57,966.75,0.25,196.09,143.30,59.12,768.90
2024-08-21 04:00:00,2358.13,1011.47,14.46,202.33,147.10,63.44,917.16
2024-08-21 05:00:00,2640.51,1220.57,127.56,316.14,308.72,82.15,582.79
2024-08-21 06:00:00,2792.80,1294.45,455.56,304.35,311.03,66.19,358.99
2024-08-21 07:00:00,2869.21,1585.16,976.68,164.85,207.77,46.61,-114.03
2024-08-21 08:00:00,3225.61,1356.94,1419.02,133.42,212.67,38.10,63.10
2024-08-21 09:00:00,3425.92,1272.76,1091.96,141.03,216.87,39.63,661.49
2024-08-21 10:00:00,3433.94,1163.55,983.14,119.93,218.50,41.44,905.02
2024-08-21 11:00:00,3529.66,1299.59,900.73,114.20,222.26,40.58,950.08
2024-08-21 12:00:00,3484.57,1393.37,927.10,126.56,223.45,41.15,770.28
2024-08-21 13:00:00,3408.12,1145.44,756.40,114.58,219.67,42.79,1126.99
2024-08-21 14:00:00,3342.11,1063.04,627.99,127.53,205.08,44.28,1271.87
2024-08-21 15:00:00,3129.95,2331.87,735.50,117.22,179.53,53.48,-290.01
2024-08-21 16:00:00,2762.50,2540.77,431.64,150.13,186.63,62.45,-611.40
2024-08-21 17:00:00,2588.28,2417.34,162.67,174.01,172.85,65.80,-406.80
2024-08-21 18:00:00,2467.38,2252.90,22.50,223.41,168.43,67.32,-269.36
2024-08-21 19:00:00,2425.44,2146.85,0.73,234.77,166.37,66.58,-192.09
2024-08-21 20:00:00,2263.75,2161.66,0.78,202.11,169.26,67.31,-339.94
2024-08-21 21:00:00,2118.04,1958.39,0.55,207.00,159.98,63.78,-274.09
2024-08-21 22:00:00,2247.36,1799.58,0.42,138.52,144.99,57.93,103.62
2024-08-21 23:00:00,2176.32,1623.39,0.36,112.37,125.94,54.01,258.18
2024-08-22 00:00:00,2181.97,1649.42,0.33,136.07,125.42,50.16,218.47
2024-08-22 01:00:00,2189.21,1626.18,0.29,120.73,122.58,47.35,270.08
2024-08-22 02:00:00,2218.61,1693.64,0.32,127.33,122.68,47.90,224.77
2024-08-22 03:00:00,2348.81,1767.78,0.38,120.77,122.71,49.91,285.26
2024-08-22 04:00:00,2551.21,1916.12,5.23,122.93,127.83,52.22,324.61
2024-08-22 05:00:00,2779.19,2154.48,39.33,125.81,148.18,50.97,258.07
2024-08-22 06:00:00,2909.46,2296.40,123.85,124.92,150.55,48.99,162.44
2024-08-22 07:00:00,2996.73,2403.00,255.66,132.09,157.43,45.07,1.28
2024-08-22 08:00:00,3263.65,2498.49,339.63,144.88,146.47,42.23,89.78
2024-08-22 09:00:00,3429.60,1949.55,392.42,148.99,164.42,40.15,731.81
2024-08-22 10:00:00,3441.22,1793.02,364.12,122.01,164.76,41.73,952.95
2024-08-22 11:00:00,3561.16,1810.56,267.56,129.34,157.40,41.28,1152.72
2024-08-22 12:00:00,3590.55,2034.49,210.87,123.00,155.05,42.51,1022.39
2024-08-22 13:00:00,3447.46,1885.74,167.70,140.73,159.45,42.79,1048.60
2024-08-22 14:00:00,3373.30,2233.01,232.71,123.44,162.39,41.95,577.58
2024-08-22 15:00:00,3082.61,3342.27,221.29,125.74,170.13,45.41,-824.77
2024-08-22 16:00:00,2880.91,3640.31,125.05,132.80,180.19,57.28,-1257.14
2024-08-22 17:00:00,2718.42,3730.02,46.69,171.24,182.20,60.37,-1474.54
2024-08-22 18:00:00,2603.36,3648.82,3.18,236.83,179.38,61.40,-1528.47
2024-08-22 19:00:00,2517.76,3423.40,0.74,211.09,176.26,63.08,-1359.15
2024-08-22 20:00:00,2337.60,3142.99,0.67,203.66,176.60,64.79,-1253.58
2024-08-22 21:00:00,2168.32,2907.44,0.61,203.83,175.68,63.17,-1185.03
2024-08-22 22:00:00,2139.72,2428.06,0.51,210.47,173.13,61.63,-736.40
2024-08-22 23:00:00,2032.37,2019.65,0.48,143.84,172.51,59.33,-365.78
2024-08-23 00:00:00,2005.78,1942.97,0.41,120.20,169.00,58.32,-287.54
2024-08-23 01:00:00,2126.15,1967.10,0.29,123.37,150.73,55.05,-172.83
2024-08-23 02:00:00,2211.69,1902.24,0.40,120.68,141.36,56.44,-11.74
2024-08-23 03:00:00,2301.00,1819.30,0.36,145.18,139.35,57.12,137.49
2024-08-23 04:00:00,2507.68,1838.10,5.12,188.76,143.85,60.88,268.57
2024-08-23 05:00:00,2840.55,2048.64,51.33,208.18,155.82,59.76,314.08
2024-08-23 06:00:00,2971.67,2315.99,154.00,199.52,168.63,58.41,72.83
2024-08-23 07:00:00,3133.48,2770.33,256.02,170.13,139.48,50.09,-255.20
2024-08-23 08:00:00,3365.09,2264.17,221.98,124.64,145.03,44.18,562.63
2024-08-23 09:00:00,3471.50,2396.68,248.37,119.02,151.94,43.44,509.57
2024-08-23 10:00:00,3483.45,2872.06,217.49,120.74,146.96,45.66,78.18
2024-08-23 11:00:00,3486.22,2926.66,268.01,115.00,150.34,44.57,-20.81
2024-08-23 12:00:00,3449.55,2720.44,527.54,116.18,161.80,44.50,-123.21
2024-08-23 13:00:00,3356.08,2558.93,831.35,129.33,176.38,44.43,-386.99
2024-08-23 14:00:00,3274.78,2479.79,662.25,134.08,178.86,42.24,-224.92
2024-08-23 15:00:00,3049.03,3238.57,510.60,132.92,171.03,45.37,-1052.11
2024-08-23 16:00:00,2879.83,4021.91,340.16,226.89,158.29,47.16,-1916.88
2024-08-23 17:00:00,2741.14,4234.88,137.89,262.29,137.43,49.15,-2082.98
2024-08-23 18:00:00,2549.88,4253.37,15.49,134.64,142.06,50.27,-2048.43
2024-08-23 19:00:00,2494.84,4050.97,0.64,130.35,156.62,53.76,-1899.70
2024-08-23 20:00:00,2279.46,3603.60,0.54,174.25,171.95,62.54,-1735.74
2024-08-23 21:00:00,2100.77,2949.36,0.40,306.43,167.37,66.37,-1391.49
2024-08-23 22:00:00,1923.76,2285.81,0.33,335.44,243.28,69.57,-1013.05
2024-08-23 23:00:00,1850.43,1789.24,0.31,325.08,156.20,64.20,-487.12
2024-08-24 00:00:00,1763.99,1392.75,0.37,338.87,142.95,65.94,-179.01
2024-08-24 01:00:00,1719.18,1261.11,0.32,342.37,138.49,64.88,-90.17
2024-08-24 02:00:00,1695.15,1251.54,0.29,317.70,140.46,65.01,-81.95
2024-08-24 03:00:00,1718.90,1287.09,0.48,388.04,148.97,62.88,-170.61
2024-08-24 04:00:00,1779.90,1374.43,21.41,286.59,156.81,64.85,-126.24
2024-08-24 05:00:00,1948.73,1354.96,159.63,270.05,160.09,63.22,-61.55
2024-08-24 06:00:00,2146.68,1337.14,450.13,254.29,175.75,58.63,-131.82
2024-08-24 07:00:00,2475.29,1637.89,568.98,148.94,182.36,55.56,-120.99
2024-08-24 08:00:00,2717.06,1326.26,567.64,117.80,178.57,52.47,471.75
2024-08-24 09:00:00,2875.64,805.25,374.56,195.90,175.13,50.12,1272.13
2024-08-24 10:00:00,2987.57,860.83,418.70,164.89,168.97,46.09,1325.48
2024-08-24 11:00:00,2982.57,952.45,395.01,117.45,169.07,45.40,1300.90
2024-08-24 12:00:00,2876.60,929.86,329.90,120.99,167.91,45.53,1279.98
2024-08-24 13:00:00,2833.39,773.14,271.57,198.26,147.41,44.36,1396.39
2024-08-24 14:00:00,2658.59,624.65,247.22,279.12,127.37,44.63,1333.19
2024-08-24 15:00:00,2539.13,684.94,267.70,289.08,140.82,44.42,1109.65
2024-08-24 16:00:00,2324.65,863.33,227.23,243.29,161.21,53.41,773.80
2024-08-24 17:00:00,2208.50,1332.73,65.04,273.18,160.51,60.71,313.80
2024-08-24 18:00:00,2137.24,1718.12,2.90,249.62,156.28,62.78,-54.89
2024-08-24 19:00:00,2106.05,1367.56,0.53,274.17,143.96,62.37,255.01
2024-08-24 20:00:00,2046.19,889.07,0.35,283.59,132.50,61.58,676.61
2024-08-24 21:00:00,1929.07,727.13,0.25,204.51,124.38,60.61,809.39
2024-08-24 22:00:00,1920.09,589.47,0.23,157.28,111.57,58.91,1000.11
2024-08-24 23:00:00,1892.77,824.26,0.22,124.60,116.44,54.76,770.07
2024-08-25 00:00:00,1876.54,841.27,0.21,182.20,119.90,46.69,684.00
2024-08-25 01:00:00,1840.64,769.95,0.19,223.22,110.27,46.53,688.24
2024-08-25 02:00:00,1750.52,735.58,0.17,161.81,112.40,48.87,689.25
2024-08-25 03:00:00,1763.01,946.06,0.25,133.13,122.83,49.04,509.20
2024-08-25 04:00:00,1814.53,1253.25,5.36,119.17,120.61,47.10,266.63
2024-08-25 05:00:00,2070.93,1795.09,91.54,132.64,119.49,47.79,-118.15
2024-08-25 06:00:00,2301.12,1573.90,426.01,134.45,137.75,46.68,-20.31
2024-08-25 07:00:00,2488.37,1423.20,700.54,123.02,159.23,39.05,40.67
2024-08-25 08:00:00,2789.17,1531.95,616.96,116.15,184.95,38.76,297.70
2024-08-25 09:00:00,2903.16,1535.81,683.59,114.40,189.17,39.13,338.44
2024-08-25 10:00:00,3036.67,1491.55,695.34,116.01,192.49,38.17,500.32
2024-08-25 11:00:00,3144.91,1497.52,758.22,115.42,193.08,37.91,539.98
2024-08-25 12:00:00,3176.28,1444.18,794.58,114.86,194.18,38.92,586.81
2024-08-25 13:00:00,2942.12,1612.15,768.89,84.19,189.62,40.54,243.89
2024-08-25 14:00:00,2808.42,2132.64,736.41,108.16,176.65,40.86,-389.06
2024-08-25 15:00:00,2889.63,3066.79,783.07,127.39,166.22,40.58,-1297.20
2024-08-25 16:00:00,2681.27,3330.80,513.21,140.60,162.92,45.16,-1514.36
2024-08-25 17:00:00,2407.27,2844.78,170.88,164.51,147.35,57.80,-980.74
2024-08-25 18:00:00,2217.12,2489.83,15.56,271.73,142.19,59.14,-763.90
2024-08-25 19:00:00,2165.60,2375.18,0.84,277.82,144.47,59.51,-694.83
2024-08-25 20:00:00,2054.46,2510.03,0.54,234.62,142.37,57.81,-893.69
2024-08-25 21:00:00,1961.22,2584.60,0.40,169.10,139.00,55.58,-990.03
2024-08-25 22:00:00,2029.58,2650.41,0.42,123.81,106.83,43.41,-897.76
2024-08-25 23:00:00,2051.48,2839.85,0.35,125.57,104.53,43.17,-1064.67
2024-08-26 00:00:00,2217.13,2956.30,0.39,125.98,101.10,42.82,-1011.69
2024-08-26 01:00:00,2259.50,2641.27,0.35,123.54,101.97,39.26,-649.08
2024-08-26 02:00:00,2240.48,2675.16,0.37,124.88,106.76,40.13,-709.07
2024-08-26 03:00:00,2292.34,3084.12,0.38,136.71,111.02,40.94,-1083.22
2024-08-26 04:00:00,2442.74,3077.91,10.64,154.33,106.42,45.68,-954.93
2024-08-26 05:00:00,2665.60,3117.77,116.16,130.87,134.89,46.62,-883.51
2024-08-26 06:00:00,2837.07,2959.68,434.95,143.50,143.38,47.99,-895.24
2024-08-26 07:00:00,2913.97,2916.94,839.68,158.80,170.40,48.05,-1222.47
2024-08-26 08:00:00,3023.29,3076.24,1134.87,134.32,186.35,45.54,-1556.85
2024-08-26 09:00:00,3145.44,3192.75,1321.42,132.40,193.03,45.62,-1742.68
2024-08-26 10:00:00,3416.33,3202.67,1337.54,175.59,172.17,44.76,-1519.38
2024-08-26 11:00:00,3393.63,3208.92,1347.37,122.69,178.70,45.72,-1512.58
2024-08-26 12:00:00,3137.45,3172.59,1234.11,182.44,187.93,44.23,-1686.62
2024-08-26 13:00:00,3037.24,3032.44,1084.91,253.64,180.74,41.40,-1558.60
2024-08-26 14:00:00,2901.95,2867.34,904.59,224.55,176.70,46.12,-1320.16
2024-08-26 15:00:00,2880.62,2444.75,598.87,347.87,363.90,66.34,-943.94
2024-08-26 16:00:00,2748.88,1914.18,359.20,377.28,502.55,79.42,-486.27
2024-08-26 17:00:00,2552.78,1425.80,117.83,531.05,340.53,83.45,51.37
2024-08-26 18:00:00,2431.11,1245.82,9.04,617.29,485.95,90.28,-19.68
2024-08-26 19:00:00,2363.92,1232.42,0.63,522.31,245.98,71.64,288.49
2024-08-26 20:00:00,2209.39,1099.92,0.47,373.26,125.43,62.39,545.39
2024-08-26 21:00:00,2071.31,946.43,0.37,431.32,106.14,52.58,532.05
2024-08-26 22:00:00,1995.13,905.12,0.38,337.40,107.93,54.58,587.53
2024-08-26 23:00:00,2001.94,909.69,0.38,336.09,108.97,54.78,589.54
2024-08-27 00:00:00,2000.11,852.13,0.32,327.88,111.78,53.66,652.01
2024-08-27 01:00:00,1938.92,693.24,0.28,315.65,116.32,53.75,757.26
2024-08-27 02:00:00,1916.30,530.01,0.26,385.67,109.67,52.80,835.45
2024-08-27 03:00:00,2013.13,468.26,0.28,381.65,113.10,54.54,992.83
2024-08-27 04:00:00,2285.59,545.25,18.14,384.89,112.24,66.95,1155.47
2024-08-27 05:00:00,2604.11,745.18,183.36,329.24,123.06,67.77,1152.90
2024-08-27 06:00:00,2776.93,771.35,575.56,342.73,137.13,67.93,879.64
2024-08-27 07:00:00,2848.88,777.51,1020.97,424.50,175.10,54.94,393.17
2024-08-27 08:00:00,2944.84,1025.23,1301.44,434.81,203.31,52.05,-74.55
2024-08-27 09:00:00,3092.50,1457.73,1594.42,428.10,232.50,46.94,-669.92
2024-08-27 10:00:00,3239.97,1812.12,1724.70,440.47,208.10,38.95,-987.22
2024-08-27 11:00:00,3348.96,1842.49,1458.64,434.36,198.37,38.23,-625.97
2024-08-27 12:00:00,3327.48,2196.81,1533.75,440.72,192.27,40.88,-1079.79
2024-08-27 13:00:00,3136.73,2429.04,1551.95,463.13,182.64,41.65,-1534.54
2024-08-27 14:00:00,2951.96,2473.45,1351.75,467.00,201.58,41.43,-1586.16
2024-08-27 15:00:00,2935.14,2330.26,924.95,521.60,179.25,45.91,-1069.97
2024-08-27 16:00:00,2760.94,1979.72,463.71,595.64,153.48,58.96,-493.17
2024-08-27 17:00:00,2580.99,1442.34,122.39,702.76,154.19,60.40,96.24
2024-08-27 18:00:00,2468.04,1178.59,9.65,653.95,148.29,60.86,414.10
2024-08-27 19:00:00,2397.03,974.09,0.60,597.40,134.72,61.58,625.96
2024-08-27 20:00:00,2228.82,950.08,0.45,400.13,106.15,58.89,710.52
2024-08-27 21:00:00,2099.57,1026.30,0.35,230.92,103.23,48.39,687.97
2024-08-27 22:00:00,2100.91,1110.57,0.32,202.61,110.35,50.88,623.81
2024-08-27 23:00:00,2038.96,1232.09,0.33,204.48,120.80,50.32,428.53
2024-08-28 00:00:00,2003.03,1147.42,0.27,214.11,118.50,51.53,468.81
2024-08-28 01:00:00,1935.22,1058.46,0.24,203.44,118.95,52.55,499.31
2024-08-28 02:00:00,1905.37,939.28,0.23,221.63,114.72,52.03,575.16
2024-08-28 03:00:00,2023.10,902.42,0.33,201.87,114.92,53.60,747.56
2024-08-28 04:00:00,2294.50,821.22,18.97,261.68,112.72,54.75,1022.63
2024-08-28 05:00:00,2601.64,770.67,182.49,322.11,126.97,55.20,1140.93
2024-08-28 06:00:00,2748.42,583.77,632.16,326.65,149.16,55.31,998.60
2024-08-28 07:00:00,2809.11,466.69,1168.42,349.86,202.56,53.91,564.81
2024-08-28 08:00:00,2905.48,464.04,1577.81,361.90,201.31,49.01,248.56
2024-08-28 09:00:00,2975.99,594.48,1933.55,401.17,205.56,42.26,-203.91
2024-08-28 10:00:00,3095.77,833.50,2117.96,350.87,215.62,41.67,-466.67
2024-08-28 11:00:00,3249.12,1192.65,2140.68,206.55,216.07,42.94,-552.78
2024-08-28 12:00:00,3259.78,1373.23,2079.27,161.39,214.75,43.74,-615.61
2024-08-28 13:00:00,2971.68,1394.03,1941.48,214.27,216.07,48.70,-845.77
2024-08-28 14:00:00,2870.53,1514.82,1601.81,270.70,200.10,53.30,-772.99
2024-08-28 15:00:00,2868.11,1609.10,1109.75,426.41,178.60,53.69,-512.29
2024-08-28 16:00:00,2770.66,1634.32,560.31,653.46,167.67,65.33,-313.16
2024-08-28 17:00:00,2610.06,1561.54,141.33,751.56,342.00,85.74,-275.03
2024-08-28 18:00:00,2523.65,1905.50,7.22,577.96,163.97,65.40,-199.04
2024-08-28 19:00:00,2472.66,2180.63,0.71,578.58,148.61,64.57,-503.09
2024-08-28 20:00:00,2336.98,2437.01,0.60,507.16,148.15,57.05,-815.68
2024-08-28 21:00:00,2218.52,2511.04,0.48,494.55,147.45,50.75,-988.49
2024-08-28 22:00:00,2194.10,2466.02,0.43,419.23,144.47,49.41,-887.94
2024-08-28 23:00:00,2112.05,2382.42,0.39,384.17,146.00,50.29,-853.84
2024-08-29 00:00:00,2101.00,2171.72,0.38,412.35,143.77,49.58,-679.24
2024-08-29 01:00:00,2030.76,1977.07,0.40,400.02,140.33,50.75,-540.02
2024-08-29 02:00:00,1987.18,1829.37,0.36,492.12,136.85,49.82,-523.66
2024-08-29 03:00:00,2053.18,1721.66,0.38,386.68,132.41,50.12,-240.56
2024-08-29 04:00:00,2326.63,1588.05,25.28,395.06,138.64,56.70,120.23
2024-08-29 05:00:00,2634.46,1380.44,189.71,588.79,143.44,56.90,272.23
2024-08-29 06:00:00,2816.53,1114.65,516.50,462.72,149.73,58.20,512.08
2024-08-29 07:00:00,2888.90,944.72,957.92,610.11,175.70,52.43,145.43
2024-08-29 08:00:00,2977.68,918.66,1466.13,538.11,190.02,49.75,-187.47
2024-08-29 09:00:00,3021.48,883.49,1770.46,396.69,202.80,48.56,-283.08
2024-08-29 10:00:00,3024.84,920.56,1945.65,456.55,204.47,47.56,-552.64
2024-08-29 11:00:00,3075.99,1198.35,1907.86,379.31,200.39,44.45,-657.01
2024-08-29 12:00:00,3002.31,1335.83,1789.34,401.11,195.42,44.23,-766.48
2024-08-29 13:00:00,2887.26,1391.53,1435.18,554.01,183.99,47.28,-727.37
2024-08-29 14:00:00,2839.83,1351.88,1023.05,576.98,164.08,47.80,-326.77
2024-08-29 15:00:00,2836.21,1194.01,594.17,674.19,144.69,48.67,177.70
2024-08-29 16:00:00,2759.28,1229.06,369.26,681.77,145.27,62.63,268.71
2024-08-29 17:00:00,2592.07,1031.26,127.39,672.95,148.56,68.70,540.55
2024-08-29 18:00:00,2497.16,950.46,9.54,649.43,152.56,69.09,663.70
2024-08-29 19:00:00,2470.20,863.78,0.79,517.76,140.56,68.80,875.95
2024-08-29 20:00:00,2259.90,855.14,0.50,581.03,131.22,63.57,625.90
2024-08-29 21:00:00,2119.49,820.31,0.40,602.73,126.47,53.27,513.90
2024-08-29 22:00:00,2070.83,763.82,0.38,499.32,118.32,49.07,637.42
2024-08-29 23:00:00,2068.75,661.53,0.38,559.73,120.40,48.33,675.89
2024-08-30 00:00:00,2056.70,624.05,0.28,574.35,122.21,49.04,684.22
2024-08-30 01:00:00,1988.41,524.44,0.23,540.03,121.48,49.68,750.05
2024-08-30 02:00:00,1941.47,464.34,0.27,524.54,116.81,48.68,784.18
2024-08-30 03:00:00,2003.03,414.31,0.24,599.67,117.13,49.16,819.97
2024-08-30 04:00:00,2251.00,432.04,15.94,629.08,116.02,48.60,1006.78
2024-08-30 05:00:00,2558.11,506.76,182.72,624.48,130.95,63.99,1046.51
2024-08-30 06:00:00,2745.03,482.81,524.66,648.25,150.27,62.92,873.54
2024-08-30 07:00:00,2779.32,544.09,947.47,620.44,177.21,49.11,438.26
2024-08-30 08:00:00,2860.79,798.25,1264.75,610.12,200.62,46.24,-62.03
2024-08-30 09:00:00,2930.00,1003.67,1355.57,563.85,203.58,42.81,-242.41
2024-08-30 10:00:00,2854.25,1204.93,1460.64,600.65,222.30,45.10,-682.22
2024-08-30 11:00:00,2788.19,1347.31,1402.65,615.31,250.69,48.34,-878.87
2024-08-30 12:00:00,2697.43,1405.06,1444.24,512.87,216.99,44.21,-928.69
2024-08-30 13:00:00,2624.37,1526.14,1397.74,454.27,205.89,45.72,-1008.18
2024-08-30 14:00:00,2620.67,1651.95,1215.15,531.01,195.18,46.25,-1021.61
2024-08-30 15:00:00,2619.21,1480.61,912.49,617.67,180.40,48.39,-623.34
2024-08-30 16:00:00,2564.20,1449.39,489.17,458.38,160.34,54.13,-49.87
2024-08-30 17:00:00,2409.34,1352.56,132.88,369.02,146.39,66.07,339.67
2024-08-30 18:00:00,2347.54,1359.14,15.90,324.74,138.35,67.39,439.61
2024-08-30 19:00:00,2368.21,1352.05,0.55,361.97,134.10,67.43,449.68
2024-08-30 20:00:00,2111.73,1212.97,0.46,549.15,126.80,54.11,165.74
2024-08-30 21:00:00,1985.05,1146.56,0.36,644.25,122.74,48.99,19.56
2024-08-30 22:00:00,1879.54,1023.47,0.32,621.22,118.46,47.76,65.88
2024-08-30 23:00:00,1852.79,976.94,0.30,555.56,118.63,47.35,151.54
2024-08-31 00:00:00,1814.99,888.67,0.28,560.41,119.39,48.08,195.93
2024-08-31 01:00:00,1791.23,870.23,0.22,388.15,121.01,47.95,361.69
2024-08-31 02:00:00,1762.61,871.63,0.22,355.47,120.99,49.13,363.14
2024-08-31 03:00:00,1762.68,863.87,0.25,358.03,126.16,50.68,361.47
2024-08-31 04:00:00,1843.58,896.39,25.44,317.23,128.42,55.28,418.62
2024-08-31 05:00:00,1970.43,895.54,180.24,331.76,139.59,56.21,364.86
2024-08-31 06:00:00,2140.84,773.22,622.49,498.09,153.40,57.02,34.01
2024-08-31 07:00:00,2284.21,773.64,1182.30,537.97,186.75,50.85,-449.89
2024-08-31 08:00:00,2431.83,756.29,1496.63,372.59,196.18,46.60,-438.94
2024-08-31 09:00:00,2787.90,670.46,1766.01,360.66,195.84,37.94,-245.71
2024-08-31 10:00:00,3040.97,447.88,1603.27,382.13,181.53,35.69,387.78
2024-08-31 11:00:00,3112.90,155.52,1428.41,356.70,179.70,34.89,955.08
2024-08-31 12:00:00,3008.51,109.96,1314.39,359.20,174.67,36.54,1011.21
2024-08-31 13:00:00,2870.44,148.81,1831.74,343.15,174.34,35.40,334.44
2024-08-31 14:00:00,2673.38,144.88,1656.50,326.40,175.37,40.61,327.07
2024-08-31 15:00:00,2365.50,153.37,1165.32,538.04,168.65,48.09,289.42
2024-08-31 16:00:00,2314.95,119.40,556.60,456.31,147.46,53.58,979.20
2024-08-31 17:00:00,2176.93,154.31,132.16,447.12,134.75,65.27,1240.86
2024-08-31 18:00:00,2114.65,200.11,15.28,426.61,132.83,66.14,1271.35
2024-08-31 19:00:00,2046.57,207.32,0.59,418.57,131.67,66.32,1219.51
2024-08-31 20:00:00,1932.60,205.59,0.46,357.56,123.09,55.14,1188.40
2024-08-31 21:00:00,1837.84,232.49,0.38,260.03,122.29,49.59,1170.60
2024-08-31 22:00:00,1777.55,325.60,0.33,228.45,117.58,47.43,1055.71
2024-08-31 23:00:00,1727.48,374.69,0.28,254.53,115.12,46.87,933.63
2024-09-01 00:00:00,1696.97,366.97,0.31,259.90,115.45,46.60,905.74
2024-09-01 01:00:00,1678.89,319.63,0.22,262.93,115.50,46.79,931.83
2024-09-01 02:00:00,1653.41,281.84,0.24,275.67,216.87,59.88,816.87
2024-09-01 03:00:00,1663.41,282.47,0.26,268.48,196.22,59.83,854.14
2024-09-01 04:00:00,1705.37,312.84,22.84,278.24,120.19,48.01,921.16
2024-09-01 05:00:00,1938.54,357.22,166.90,285.47,130.45,46.72,949.55
2024-09-01 06:00:00,2046.88,485.33,519.17,259.39,148.24,44.54,587.93
2024-09-01 07:00:00,2215.61,384.10,975.40,276.15,167.46,43.03,367.13
2024-09-01 08:00:00,2465.77,356.88,1359.13,248.86,178.96,43.13,276.35
2024-09-01 09:00:00,2861.36,255.89,1152.09,247.34,181.17,40.33,982.10
2024-09-01 10:00:00,2988.12,264.01,1004.05,220.38,176.62,39.84,1280.68
2024-09-01 11:00:00,2961.47,358.08,1030.87,230.61,171.66,42.20,1125.52
2024-09-01 12:00:00,2965.90,349.22,647.49,313.34,160.60,41.98,1450.70
2024-09-01 13:00:00,2825.55,509.74,778.96,274.50,153.11,41.56,1065.14
2024-09-01 14:00:00,2579.15,714.00,886.22,226.97,164.32,41.52,543.39
2024-09-01 15:00:00,2510.17,697.04,642.57,271.55,162.22,45.21,688.57
2024-09-01 16:00:00,2434.03,759.12,303.22,308.79,153.36,48.45,858.63
2024-09-01 17:00:00,2316.54,810.04,86.21,292.05,148.43,61.90,915.45
2024-09-01 18:00:00,2287.82,783.55,12.29,274.44,147.58,62.25,1005.10
2024-09-01 19:00:00,2210.67,816.28,0.54,238.86,148.08,62.78,941.68
2024-09-01 20:00:00,2031.45,878.79,0.47,300.43,265.85,66.85,516.43
2024-09-01 21:00:00,1989.21,1011.77,0.37,243.79,146.38,47.87,536.56
2024-09-01 22:00:00,1961.19,1140.65,0.40,185.67,139.34,43.68,449.08
2024-09-01 23:00:00,1891.44,1230.43,0.42,227.33,140.80,42.79,247.04
2024-09-02 00:00:00,1872.28,1208.78,0.32,204.23,140.18,43.81,272.49
2024-09-02 01:00:00,1809.29,1020.73,0.33,268.45,133.16,44.32,340.28
2024-09-02 02:00:00,1816.08,821.16,0.26,316.26,132.68,43.14,500.57
2024-09-02 03:00:00,1937.55,740.76,0.32,391.07,131.52,44.16,627.54
2024-09-02 04:00:00,2445.20,850.42,21.28,407.31,144.00,49.56,970.38
2024-09-02 05:00:00,2584.07,862.97,151.75,403.60,158.42,50.55,954.18
2024-09-02 06:00:00,2777.57,857.60,449.02,417.58,178.77,51.32,820.56
2024-09-02 07:00:00,2836.15,810.56,816.70,439.24,186.68,44.82,535.72
2024-09-02 08:00:00,2938.52,850.34,1184.23,438.32,205.55,42.79,214.93
2024-09-02 09:00:00,2963.22,975.73,1425.92,411.89,224.72,43.49,-120.94
2024-09-02 10:00:00,3038.05,1134.76,1593.34,314.67,228.21,41.99,-277.39
2024-09-02 11:00:00,3103.92,1248.39,1706.71,353.07,234.03,40.60,-481.26
2024-09-02 12:00:00,3019.27,1359.01,1539.59,313.30,224.72,41.19,-461.01
2024-09-02 13:00:00,2886.75,1442.84,1134.90,356.38,211.60,43.74,-305.20
2024-09-02 14:00:00,2793.24,1479.68,797.74,531.37,194.42,44.45,-257.03
2024-09-02 15:00:00,2841.36,1454.83,473.38,583.93,178.76,45.79,102.18
2024-09-02 16:00:00,2743.46,1409.42,278.85,608.09,180.97,58.81,204.84
2024-09-02 17:00:00,2592.50,1429.42,88.06,592.10,219.49,62.43,198.61
2024-09-02 18:00:00,2519.87,1574.61,11.70,616.64,208.61,62.83,43.10
2024-09-02 19:00:00,2421.83,1832.79,0.57,587.33,194.98,63.98,-260.09
2024-09-02 20:00:00,2274.19,1888.50,0.53,561.85,166.58,60.00,-405.52
2024-09-02 21:00:00,2147.69,1913.88,0.39,593.67,164.11,47.05,-573.77
2024-09-02 22:00:00,2119.33,1848.53,0.41,545.64,155.32,44.11,-476.95
2024-09-02 23:00:00,2152.68,2010.26,0.36,425.14,147.74,43.16,-476.25
2024-09-03 00:00:00,2106.36,1921.01,0.32,368.08,134.95,45.90,-366.13
2024-09-03 01:00:00,2029.96,1985.28,0.32,350.90,144.74,44.37,-497.79
2024-09-03 02:00:00,2053.47,2158.41,0.29,361.15,158.06,46.56,-673.28
2024-09-03 03:00:00,2155.64,2184.52,0.32,472.50,159.28,48.48,-711.52
2024-09-03 04:00:00,2438.54,2192.31,15.98,486.83,165.66,51.54,-475.96
2024-09-03 05:00:00,2698.78,1935.34,149.82,577.67,172.87,53.02,-192.50
2024-09-03 06:00:00,2834.87,1702.31,405.19,531.03,185.83,50.11,-41.92
2024-09-03 07:00:00,2878.90,1395.21,548.72,584.28,207.42,49.10,91.85
2024-09-03 08:00:00,2907.05,1218.11,654.89,537.86,297.53,58.13,138.05
2024-09-03 09:00:00,2953.56,1186.79,856.45,365.33,263.37,50.11,229.31
2024-09-03 10:00:00,2946.64,1012.34,937.17,396.57,191.56,44.88,361.43
2024-09-03 11:00:00,2981.86,920.32,985.36,409.58,294.57,51.26,318.48
2024-09-03 12:00:00,2916.34,891.23,966.28,404.00,202.62,42.87,407.05
2024-09-03 13:00:00,2805.56,809.26,911.61,437.54,194.94,42.10,407.67
2024-09-03 14:00:00,2794.97,669.27,732.20,509.24,179.48,43.94,658.73
2024-09-03 15:00:00,2847.40,676.63,477.52,591.38,166.35,49.93,883.18
2024-09-03 16:00:00,2750.24,641.60,184.63,661.91,227.18,60.57,971.71
2024-09-03 17:00:00,2622.85,720.89,42.78,615.52,272.91,60.14,907.79
2024-09-03 18:00:00,2544.63,735.73,9.86,654.55,234.58,60.61,846.62
2024-09-03 19:00:00,2428.45,781.40,0.62,608.42,218.62,60.25,756.56
2024-09-03 20:00:00,2296.09,717.75,0.41,594.20,152.38,60.46,768.33
2024-09-03 21:00:00,2173.91,541.75,0.30,608.43,132.84,49.38,838.77
2024-09-03 22:00:00,2120.56,324.41,0.29,613.09,243.06,56.13,881.29
2024-09-03 23:00:00,2098.07,256.09,0.24,571.48,234.62,54.96,978.31
2024-09-04 00:00:00,2073.85,147.72,0.24,539.16,113.89,48.17,1222.45
2024-09-04 01:00:00,2027.63,126.16,0.22,463.61,104.32,46.90,1284.29
2024-09-04 02:00:00,1975.82,97.10,0.22,470.89,103.47,46.50,1255.38
2024-09-04 03:00:00,2060.07,71.06,0.24,530.81,117.46,48.81,1289.35
2024-09-04 04:00:00,2399.04,81.46,15.01,585.39,144.75,61.33,1508.64
2024-09-04 05:00:00,2743.91,37.02,117.23,574.21,173.40,58.34,1781.08
2024-09-04 06:00:00,2822.54,23.21,308.13,615.71,191.83,56.53,1624.58
2024-09-04 07:00:00,2865.68,35.40,576.45,617.46,186.33,46.99,1400.73
2024-09-04 08:00:00,2956.79,139.04,662.21,606.50,171.83,43.95,1330.82
2024-09-04 09:00:00,2983.18,216.13,775.47,392.05,168.36,41.71,1387.01
2024-09-04 10:00:00,2978.50,280.01,930.55,379.99,320.09,57.72,1007.62
2024-09-04 11:00:00,2997.22,336.56,864.49,403.27,175.82,43.01,1171.69
2024-09-04 12:00:00,2917.09,646.64,635.54,404.37,199.12,44.29,984.80
2024-09-04 13:00:00,2835.58,590.78,480.84,433.40,145.75,44.27,1138.35
2024-09-04 14:00:00,2821.46,485.45,493.87,558.77,147.00,45.31,1088.80
2024-09-04 15:00:00,2883.20,510.00,354.34,612.72,165.69,50.05,1188.20
2024-09-04 16:00:00,2777.18,460.45,198.95,676.17,208.95,53.17,1177.41
2024-09-04 17:00:00,2645.66,761.07,46.41,642.98,225.00,65.81,902.06
2024-09-04 18:00:00,2575.78,912.84,10.25,683.69,217.13,64.74,684.79
2024-09-04 19:00:00,2480.99,1190.44,0.66,610.03,174.56,66.31,436.54
2024-09-04 20:00:00,2320.89,1388.93,0.53,622.24,144.31,55.22,107.54
2024-09-04 21:00:00,2193.22,1419.35,0.37,585.86,140.22,49.38,-3.99
2024-09-04 22:00:00,2107.40,1355.22,0.38,421.86,152.53,46.59,128.62
2024-09-04 23:00:00,2096.18,1540.95,0.37,339.94,119.90,45.26,47.67
2024-09-05 00:00:00,2047.30,1594.72,0.33,349.53,130.96,45.05,-75.52
2024-09-05 01:00:00,2059.59,1736.20,0.33,277.52,189.02,45.56,-190.99
2024-09-05 02:00:00,2065.27,1823.92,0.34,237.72,208.96,55.82,-263.42
2024-09-05 03:00:00,2170.75,1898.93,0.37,269.18,250.43,57.80,-308.15
2024-09-05 04:00:00,2437.70,1962.00,15.77,237.06,143.48,46.20,30.79
2024-09-05 05:00:00,2736.56,1975.39,136.03,233.35,147.75,46.34,195.39
2024-09-05 06:00:00,2891.52,1810.47,522.08,316.23,174.72,46.02,19.66
2024-09-05 07:00:00,2963.98,1670.34,1044.55,241.62,190.74,43.98,-229.52
2024-09-05 08:00:00,3071.65,1760.49,1487.83,251.68,200.41,42.15,-673.16
2024-09-05 09:00:00,3474.97,1539.69,1571.13,246.07,211.57,34.44,-130.26
2024-09-05 10:00:00,3640.45,1090.93,1592.70,212.65,220.21,32.62,489.11
2024-09-05 11:00:00,3719.32,1130.23,1327.88,168.31,218.58,27.45,844.64
2024-09-05 12:00:00,3594.63,1239.26,1515.34,177.57,216.24,21.02,422.57
2024-09-05 13:00:00,3479.41,1273.40,1103.09,161.35,204.61,19.48,715.02
2024-09-05 14:00:00,3331.48,1654.35,1096.14,172.51,181.48,27.05,197.47
2024-09-05 15:00:00,2984.23,2351.60,840.30,209.00,160.73,47.38,-627.31
2024-09-05 16:00:00,2852.74,2247.56,370.65,201.41,136.92,50.56,-156.75
2024-09-05 17:00:00,2771.19,2415.10,81.92,176.23,129.86,52.05,-86.20
2024-09-05 18:00:00,2696.62,2546.35,10.82,194.05,123.44,52.02,-232.16
2024-09-05 19:00:00,2583.93,2734.75,0.66,164.83,130.24,53.80,-502.49
2024-09-05 20:00:00,2511.09,2771.34,0.62,157.57,112.83,51.90,-585.41
2024-09-05 21:00:00,2359.43,2807.04,0.59,155.78,117.21,50.93,-774.42
2024-09-05 22:00:00,2316.29,2876.82,0.46,174.61,120.25,50.31,-908.47
2024-09-05 23:00:00,2343.63,2827.57,0.46,160.92,121.38,49.99,-818.93
2024-09-06 00:00:00,2280.13,2824.32,0.45,157.75,121.70,51.01,-877.03
2024-09-06 01:00:00,2157.28,2862.09,0.39,159.78,121.24,52.47,-1040.50
2024-09-06 02:00:00,2144.24,2911.58,0.32,162.96,120.79,52.03,-1105.27
2024-09-06 03:00:00,2170.58,2899.74,0.42,162.30,120.47,51.27,-1065.64
2024-09-06 04:00:00,2446.02,2860.54,15.36,186.41,124.83,50.93,-794.16
2024-09-06 05:00:00,2721.04,2697.78,135.31,249.20,129.91,52.87,-546.18
2024-09-06 06:00:00,2869.01,2473.01,514.61,274.70,151.13,53.18,-599.97
2024-09-06 07:00:00,2917.52,2236.69,1050.98,326.01,167.85,52.05,-918.29
2024-09-06 08:00:00,3001.42,2136.72,1522.28,230.28,186.98,50.58,-1127.85
2024-09-06 09:00:00,3110.82,2185.90,1847.10,156.68,201.90,47.41,-1330.61
2024-09-06 10:00:00,3309.38,2493.24,1841.46,158.02,205.38,46.76,-1437.74
2024-09-06 11:00:00,3331.91,2638.96,1823.15,156.45,209.39,45.23,-1543.58
2024-09-06 12:00:00,3214.07,2673.90,1705.38,157.38,191.58,46.67,-1562.98
2024-09-06 13:00:00,3168.48,2593.05,1511.68,170.91,174.76,47.55,-1331.68
2024-09-06 14:00:00,3138.86,2386.01,1076.13,168.57,155.06,49.08,-698.44
2024-09-06 15:00:00,2764.84,2309.81,920.32,198.26,161.73,50.99,-878.93
2024-09-06 16:00:00,2628.03,2070.57,402.76,323.61,150.56,55.12,-376.79
2024-09-06 17:00:00,2464.36,1892.22,87.21,294.58,144.95,59.09,-16.08
2024-09-06 18:00:00,2394.58,2097.85,10.52,250.72,148.30,60.78,-175.77
2024-09-06 19:00:00,2444.90,2202.11,0.67,284.86,143.89,60.18,-248.92
2024-09-06 20:00:00,2365.00,2077.64,0.52,278.15,112.77,56.88,-163.09
2024-09-06 21:00:00,2135.24,2022.04,0.42,323.46,186.77,63.12,-462.61
2024-09-06 22:00:00,1968.71,1931.70,0.44,295.71,124.48,51.84,-437.41
2024-09-06 23:00:00,1903.99,1749.92,0.38,248.95,118.63,51.09,-267.35
2024-09-07 00:00:00,1861.27,1770.09,0.36,268.87,115.56,49.43,-344.87
2024-09-07 01:00:00,1829.10,1703.16,0.29,261.59,112.88,49.70,-300.35
2024-09-07 02:00:00,1785.66,1571.25,0.30,277.21,110.85,51.26,-227.13
2024-09-07 03:00:00,1795.64,1504.02,0.29,283.56,106.28,54.94,-155.30
2024-09-07 04:00:00,1861.09,1441.96,13.10,318.42,147.65,60.93,-122.81
2024-09-07 05:00:00,1997.50,1329.53,109.32,249.96,127.85,59.71,119.14
2024-09-07 06:00:00,2159.80,1123.29,367.19,266.09,139.04,52.97,209.27
2024-09-07 07:00:00,2266.35,979.76,700.16,288.10,145.42,49.77,101.19
2024-09-07 08:00:00,2383.65,853.89,1152.98,285.41,166.30,46.17,-123.02
2024-09-07 09:00:00,2563.08,831.77,1617.99,224.72,180.83,45.18,-339.44
2024-09-07 10:00:00,2754.81,948.18,1882.19,232.20,183.87,46.14,-539.67
2024-09-07 11:00:00,2810.09,951.09,1607.71,250.96,182.12,46.44,-230.63
2024-09-07 12:00:00,2750.65,924.55,1551.12,250.98,183.03,47.50,-208.50
2024-09-07 13:00:00,2616.57,1017.42,1528.25,277.83,171.31,44.24,-424.47
2024-09-07 14:00:00,2357.88,911.24,1191.00,279.96,160.72,46.28,-233.29
2024-09-07 15:00:00,2363.79,855.22,738.95,304.31,153.38,50.31,259.69
2024-09-07 16:00:00,2331.10,740.04,331.52,348.30,164.57,55.22,689.56
2024-09-07 17:00:00,2201.32,575.84,63.43,361.43,161.67,57.07,979.82
2024-09-07 18:00:00,2168.30,684.10,0.97,372.91,215.88,60.14,832.40
2024-09-07 19:00:00,2093.15,758.33,0.62,335.10,151.35,57.26,788.43
2024-09-07 20:00:00,1974.90,842.67,0.50,290.11,139.83,52.80,646.76
2024-09-07 21:00:00,1873.91,849.94,0.41,312.46,129.51,50.67,528.72
2024-09-07 22:00:00,1807.69,769.19,0.42,295.45,132.95,47.68,560.12
2024-09-07 23:00:00,1766.39,688.25,0.37,273.61,134.57,48.50,619.18
2024-09-08 00:00:00,1741.90,697.65,0.32,259.71,131.59,48.14,602.74
2024-09-08 01:00:00,1712.12,692.87,0.29,305.87,113.26,48.46,549.62
2024-09-08 02:00:00,1674.97,678.11,0.26,278.56,112.64,48.58,554.99
2024-09-08 03:00:00,1674.91,770.06,0.33,251.32,124.21,55.33,471.86
2024-09-08 04:00:00,1745.51,867.57,11.13,271.74,136.59,52.15,404.43
2024-09-08 05:00:00,1867.29,926.50,102.81,261.40,131.84,53.07,389.54
2024-09-08 06:00:00,2044.83,879.62,397.00,320.17,146.78,51.22,248.02
2024-09-08 07:00:00,2204.66,780.05,880.05,271.74,154.68,45.06,70.94
2024-09-08 08:00:00,2467.26,781.04,1367.55,241.09,169.84,45.26,-139.86
2024-09-08 09:00:00,2807.45,684.35,1361.85,242.96,168.00,45.58,302.46
2024-09-08 10:00:00,2924.73,818.34,1269.77,252.28,170.86,45.46,365.37
2024-09-08 11:00:00,2920.39,965.88,1266.04,213.31,177.72,45.45,249.50
2024-09-08 12:00:00,2843.48,1209.76,1255.45,201.27,177.63,45.26,-48.31
2024-09-08 13:00:00,2550.44,1188.79,1340.39,254.97,175.83,44.95,-456.98
2024-09-08 14:00:00,2416.80,1062.95,953.55,307.34,153.87,45.68,-108.91
2024-09-08 15:00:00,2485.94,1019.76,488.67,266.88,173.04,50.52,484.66
2024-09-08 16:00:00,2427.45,978.67,223.00,246.58,157.62,52.01,767.31
2024-09-08 17:00:00,2308.84,833.64,43.68,280.03,155.86,54.22,939.15
2024-09-08 18:00:00,2267.52,949.89,0.71,232.15,154.39,53.72,874.57
2024-09-08 19:00:00,2170.79,924.54,0.49,246.87,136.02,55.02,805.75
2024-09-08 20:00:00,2057.14,880.28,0.43,249.91,113.26,50.57,760.48
2024-09-08 21:00:00,1950.42,658.06,0.30,257.63,102.43,46.78,883.00
2024-09-08 22:00:00,1936.18,366.19,0.32,287.86,103.03,46.11,1130.78
2024-09-08 23:00:00,1886.50,242.40,0.23,253.92,99.20,47.14,1241.67
2024-09-09 00:00:00,1897.65,211.75,0.25,253.10,96.69,47.02,1286.77
2024-09-09 01:00:00,1896.52,238.03,0.23,252.52,96.99,47.58,1259.38
2024-09-09 02:00:00,1903.25,283.29,0.25,249.16,98.53,47.33,1222.92
2024-09-09 03:00:00,1991.47,378.72,0.26,252.57,96.41,45.74,1215.59
2024-09-09 04:00:00,2333.95,404.91,0.31,341.61,122.17,47.98,1414.92
2024-09-09 05:00:00,2632.82,656.88,30.25,316.50,211.74,52.38,1362.54
2024-09-09 06:00:00,2779.86,627.19,105.57,330.47,225.17,51.64,1437.52
2024-09-09 07:00:00,2839.94,490.60,239.71,358.00,206.94,48.14,1494.04
2024-09-09 08:00:00,2896.16,341.26,408.33,336.30,161.91,46.75,1599.30
2024-09-09 09:00:00,2919.12,321.65,558.22,308.00,154.86,48.39,1525.64
2024-09-09 10:00:00,2866.38,275.92,555.83,288.60,150.71,46.08,1546.86
2024-09-09 11:00:00,2885.60,390.44,605.41,266.84,249.56,55.82,1314.84
2024-09-09 12:00:00,2835.98,533.33,683.42,253.88,162.35,47.04,1153.59
2024-09-09 13:00:00,2758.10,790.59,676.48,253.19,155.76,48.11,831.51
2024-09-09 14:00:00,2737.47,1058.47,497.30,255.78,150.99,44.84,727.59
2024-09-09 15:00:00,2845.02,1262.22,386.18,264.84,163.57,50.97,714.63
2024-09-09 16:00:00,2756.64,1419.27,191.24,308.85,199.07,63.56,572.27
2024-09-09 17:00:00,2613.82,1736.39,50.39,300.62,200.84,65.11,258.13
2024-09-09 18:00:00,2570.53,2283.00,0.88,193.66,299.55,74.46,-283.52
2024-09-09 19:00:00,2503.07,2849.91,0.58,162.93,174.42,56.25,-743.41
2024-09-09 20:00:00,2458.61,3137.17,0.48,158.37,126.03,50.54,-1016.25
2024-09-09 21:00:00,2324.94,3410.76,0.43,160.92,133.11,48.35,-1430.92
2024-09-09 22:00:00,2447.19,3436.97,0.46,177.42,122.09,39.11,-1331.30
2024-09-09 23:00:00,2403.68,3505.59,0.31,158.03,132.58,35.06,-1430.29
2024-09-10 00:00:00,2417.14,3390.07,0.28,162.62,113.58,34.75,-1286.30
2024-09-10 01:00:00,2322.46,2803.82,0.30,175.64,107.29,35.13,-801.87
2024-09-10 02:00:00,2269.25,2715.93,0.28,163.68,110.23,35.65,-758.66
2024-09-10 03:00:00,2299.31,2672.98,0.26,182.63,107.77,36.29,-703.01
2024-09-10 04:00:00,2543.67,2715.89,11.68,181.60,123.49,47.47,-538.77
2024-09-10 05:00:00,2723.16,2596.13,110.64,245.24,149.11,50.61,-431.13
2024-09-10 06:00:00,2857.72,2548.94,436.50,207.34,188.35,50.53,-576.31
2024-09-10 07:00:00,2898.46,2648.65,759.18,275.95,199.80,51.82,-1039.50
2024-09-10 08:00:00,3018.27,3016.29,991.95,194.93,210.16,49.56,-1447.23
2024-09-10 09:00:00,3125.62,3299.72,1052.52,165.43,186.16,38.42,-1619.05
2024-09-10 10:00:00,3306.87,3005.41,792.92,180.55,174.53,33.86,-882.75
2024-09-10 11:00:00,3522.92,2277.00,571.36,193.08,163.12,33.33,282.57
2024-09-10 12:00:00,3437.40,2149.01,317.15,172.69,145.50,32.95,617.74
2024-09-10 13:00:00,3383.17,2302.24,260.17,168.83,139.64,32.44,477.52
2024-09-10 14:00:00,3221.61,3521.27,202.80,163.24,139.84,32.18,-840.10
2024-09-10 15:00:00,3059.96,3908.18,125.70,162.94,137.55,36.14,-1313.05
2024-09-10 16:00:00,3089.58,3290.76,56.94,181.34,116.62,46.83,-604.82
2024-09-10 17:00:00,2776.71,3085.45,25.13,174.00,131.08,50.03,-691.28
2024-09-10 18:00:00,2668.82,2909.32,0.54,207.58,126.62,50.30,-627.79
2024-09-10 19:00:00,2648.04,2732.71,0.51,194.51,121.15,50.73,-453.86
2024-09-10 20:00:00,2376.99,2627.64,0.42,185.05,133.72,49.89,-622.08
2024-09-10 21:00:00,2272.44,2551.21,0.33,184.45,138.25,48.57,-652.69
2024-09-10 22:00:00,2260.91,2468.83,0.25,169.02,131.33,48.40,-559.28
2024-09-10 23:00:00,2323.81,2304.94,0.27,158.59,126.94,47.18,-316.49
2024-09-11 00:00:00,2289.72,2041.66,0.25,195.98,117.57,48.07,-116.00
2024-09-11 01:00:00,2226.18,1845.14,0.28,183.87,111.71,48.80,34.12
2024-09-11 02:00:00,2142.70,1551.01,0.24,186.61,116.33,49.20,237.12
2024-09-11 03:00:00,2199.21,1422.62,0.22,188.85,123.50,49.21,412.47
2024-09-11 04:00:00,2506.05,1279.79,0.60,239.97,140.84,49.72,792.49
2024-09-11 05:00:00,2698.69,1120.70,43.14,259.55,161.38,54.65,1056.81
2024-09-11 06:00:00,2827.98,976.52,311.58,311.15,196.36,56.27,973.56
2024-09-11 07:00:00,2857.15,1232.98,765.72,210.62,207.07,51.35,386.76
2024-09-11 08:00:00,2916.95,1267.75,1064.90,270.33,222.59,42.42,46.62
2024-09-11 09:00:00,2972.86,1308.92,1094.89,225.01,190.21,33.79,117.59
2024-09-11 10:00:00,2965.21,1408.88,956.80,254.45,168.65,35.62,138.27
2024-09-11 11:00:00,3021.72,1618.95,1097.57,244.66,175.47,36.27,-153.87
2024-09-11 12:00:00,2979.73,1697.00,1035.50,207.85,190.76,36.47,-190.30
2024-09-11 13:00:00,2913.63,1740.91,1332.68,241.80,215.66,38.00,-658.02
2024-09-11 14:00:00,2828.85,1745.51,1020.16,307.35,214.33,47.36,-508.43
2024-09-11 15:00:00,2871.43,1902.30,754.42,315.90,224.74,52.94,-381.72
2024-09-11 16:00:00,2758.70,1910.97,261.64,355.12,221.08,64.44,-57.03
2024-09-11 17:00:00,2627.78,1942.24,25.09,386.29,207.35,67.03,-2.71
2024-09-11 18:00:00,2572.72,2088.38,0.92,361.77,207.55,67.66,-155.87
2024-09-11 19:00:00,2456.62,2302.93,0.68,323.67,202.00,64.15,-439.10
2024-09-11 20:00:00,2323.68,2287.31,0.52,312.50,179.81,54.32,-513.14
2024-09-11 21:00:00,2168.38,2193.82,0.52,277.40,172.26,51.73,-529.68
2024-09-11 22:00:00,2151.72,2125.61,0.49,187.04,168.15,49.13,-380.82
2024-09-11 23:00:00,2143.07,1774.97,0.43,228.53,162.96,48.68,-74.67
2024-09-12 00:00:00,2105.60,1246.33,0.40,230.61,175.09,51.33,399.73
2024-09-12 01:00:00,2038.69,1054.99,0.36,200.61,169.66,49.73,561.47
2024-09-12 02:00:00,1999.48,859.91,0.35,208.47,147.01,49.39,732.15
2024-09-12 03:00:00,2090.78,800.33,0.40,302.88,144.08,50.33,790.72
2024-09-12 04:00:00,2386.25,696.95,2.96,395.76,137.59,54.18,1096.59
2024-09-12 05:00:00,2671.66,694.01,107.86,400.98,161.32,54.57,1250.56
2024-09-12 06:00:00,2786.23,682.86,385.50,375.27,184.68,56.57,1099.05
2024-09-12 07:00:00,2835.08,569.44,825.83,363.78,213.61,53.03,806.78
2024-09-12 08:00:00,2953.52,471.87,1356.39,404.62,231.80,45.67,440.89
2024-09-12 09:00:00,3071.79,501.56,1682.71,376.03,220.17,47.40,241.64
2024-09-12 10:00:00,3050.49,498.82,1555.50,430.88,202.15,37.23,323.66
2024-09-12 11:00:00,2975.40,442.64,1441.94,495.84,205.35,37.60,349.87
2024-09-12 12:00:00,2903.04,400.05,1297.94,441.08,197.90,40.22,523.68
2024-09-12 13:00:00,2986.20,499.05,1348.68,384.21,172.62,44.64,534.50
2024-09-12 14:00:00,2992.79,502.57,958.82,484.22,165.50,56.62,822.85
2024-09-12 15:00:00,2924.57,517.12,518.84,619.64,163.15,67.94,1035.22
2024-09-12 16:00:00,2863.62,697.31,243.43,631.67,222.00,73.44,993.41
2024-09-12 17:00:00,2579.08,557.76,39.24,721.56,275.58,73.56,908.97
2024-09-12 18:00:00,2508.81,590.68,1.24,686.53,267.91,74.69,885.57
2024-09-12 19:00:00,2392.47,636.60,0.60,692.43,229.00,71.26,760.36
2024-09-12 20:00:00,2260.56,767.72,0.49,672.47,156.30,59.65,601.62
2024-09-12 21:00:00,2283.70,984.47,0.39,615.86,147.95,49.30,483.64
2024-09-12 22:00:00,2299.09,1182.78,0.33,579.73,145.01,47.87,341.33
2024-09-12 23:00:00,2197.30,1292.65,0.35,406.52,133.37,45.79,316.70
2024-09-13 00:00:00,2070.54,1369.97,0.28,413.01,129.69,46.17,109.44
2024-09-13 01:00:00,2052.71,1368.98,0.24,391.44,133.34,44.22,112.41
2024-09-13 02:00:00,2029.56,1371.90,0.21,377.60,137.68,42.36,97.88
2024-09-13 03:00:00,2082.83,1370.62,0.25,365.39,134.56,34.77,175.09
2024-09-13 04:00:00,2388.46,1282.65,0.90,572.26,148.67,47.98,333.85
2024-09-13 05:00:00,2694.04,1288.98,91.04,584.76,166.09,58.38,502.63
2024-09-13 06:00:00,2907.47,1160.64,516.78,639.37,236.59,56.23,295.53
2024-09-13 07:00:00,2946.91,1238.44,1072.00,627.46,248.23,51.76,-293.35
2024-09-13 08:00:00,2947.00,1520.02,1412.83,574.25,270.28,43.62,-876.29
2024-09-13 09:00:00,3016.85,1763.93,1542.92,372.35,271.74,41.08,-977.57
2024-09-13 10:00:00,2994.54,1950.21,1598.54,402.02,251.31,41.09,-1251.12
2024-09-13 11:00:00,2967.53,2064.32,1656.47,396.61,214.18,33.78,-1400.25
2024-09-13 12:00:00,2956.44,2244.02,1516.19,299.45,224.23,29.76,-1359.71
2024-09-13 13:00:00,2819.48,2448.62,1254.61,353.55,200.47,27.65,-1467.90
2024-09-13 14:00:00,2763.34,2614.50,1038.64,334.96,175.53,27.84,-1430.52
2024-09-13 15:00:00,2799.10,2543.63,675.30,383.81,175.80,31.61,-1013.52
2024-09-13 16:00:00,2596.04,2257.44,270.38,462.60,160.88,43.28,-600.89
2024-09-13 17:00:00,2429.71,2005.95,36.92,483.99,147.70,51.08,-298.40
2024-09-13 18:00:00,2366.09,1844.89,0.67,501.77,178.25,53.28,-214.89
2024-09-13 19:00:00,2252.30,1997.01,0.48,446.12,152.73,48.30,-394.60
2024-09-13 20:00:00,2160.33,2180.57,0.42,428.74,147.08,46.84,-645.41
2024-09-13 21:00:00,2034.97,2066.47,0.41,448.62,142.14,45.71,-670.63
2024-09-13 22:00:00,2012.51,1859.81,0.35,445.57,134.37,43.32,-473.09
2024-09-13 23:00:00,2036.49,1690.11,0.36,416.79,129.24,40.37,-242.63
2024-09-14 00:00:00,2147.23,1572.17,0.27,387.44,147.53,41.56,-3.59
2024-09-14 01:00:00,2078.65,1571.71,0.29,331.60,137.06,42.92,-6.96
2024-09-14 02:00:00,1976.06,1542.38,0.27,347.73,129.64,42.97,-88.86
2024-09-14 03:00:00,1947.13,1384.08,0.25,373.16,128.44,43.08,16.22
2024-09-14 04:00:00,1926.69,1224.08,1.39,375.88,127.40,44.78,151.05
2024-09-14 05:00:00,2039.32,1011.01,102.37,378.12,129.81,45.86,370.20
2024-09-14 06:00:00,2198.82,763.14,499.08,336.35,147.43,38.18,412.48
2024-09-14 07:00:00,2303.55,638.04,1003.69,363.52,151.55,29.53,114.88
2024-09-14 08:00:00,2594.26,725.21,1462.89,336.33,165.28,28.97,-126.57
2024-09-14 09:00:00,3050.47,738.07,1688.05,310.26,167.48,28.35,116.00
2024-09-14 10:00:00,3232.61,713.33,1316.02,318.23,167.69,27.89,687.27
2024-09-14 11:00:00,3271.97,699.67,1279.32,298.21,161.56,26.64,804.26
2024-09-14 12:00:00,3212.23,430.76,981.60,309.11,157.78,26.56,1304.17
2024-09-14 13:00:00,3123.06,339.95,991.59,322.33,145.06,27.13,1294.84
2024-09-14 14:00:00,2971.59,483.54,963.71,332.36,132.96,26.64,1029.92
2024-09-14 15:00:00,2645.92,401.91,689.24,259.66,134.57,35.09,1123.00
2024-09-14 16:00:00,2361.77,313.58,275.88,184.47,171.71,44.95,1369.00
2024-09-14 17:00:00,2247.01,292.24,23.44,335.25,259.23,67.04,1267.64
2024-09-14 18:00:00,2247.20,290.52,0.78,384.00,140.45,51.52,1377.44
2024-09-14 19:00:00,2152.50,257.16,0.49,381.47,136.06,50.92,1324.33
2024-09-14 20:00:00,2045.42,203.32,0.41,366.76,128.13,47.52,1297.26
2024-09-14 21:00:00,1951.77,148.76,0.36,214.28,122.20,44.47,1419.43
2024-09-14 22:00:00,1997.59,134.98,0.31,169.30,117.94,41.39,1531.76
2024-09-14 23:00:00,2063.20,161.41,0.32,167.90,107.88,36.22,1587.34
2024-09-15 00:00:00,1957.80,219.18,0.29,171.54,117.22,36.47,1411.27
2024-09-15 01:00:00,2086.92,297.25,0.23,166.79,110.76,30.70,1479.41
2024-09-15 02:00:00,1951.36,324.28,0.22,167.84,115.33,29.47,1312.40
2024-09-15 03:00:00,1871.75,280.99,0.22,177.87,259.04,45.23,1106.59
2024-09-15 04:00:00,1919.37,260.48,0.58,193.23,152.52,37.35,1273.33
2024-09-15 05:00:00,1951.78,241.06,55.67,175.64,124.16,37.27,1316.00
2024-09-15 06:00:00,2206.45,205.83,235.99,167.87,128.84,37.04,1428.73
2024-09-15 07:00:00,2433.56,156.23,462.44,126.69,132.93,27.24,1525.76
2024-09-15 08:00:00,2753.42,124.96,657.61,107.46,136.65,24.20,1700.40
2024-09-15 09:00:00,3021.47,88.71,696.14,90.09,142.07,24.90,1977.19
2024-09-15 10:00:00,3063.88,101.46,729.03,89.53,144.86,25.58,1971.18
2024-09-15 11:00:00,3056.02,190.76,743.90,89.15,148.71,26.48,1854.76
2024-09-15 12:00:00,2994.00,126.50,560.74,88.70,143.54,25.22,2046.88
2024-09-15 13:00:00,2924.58,136.25,449.95,89.17,135.93,24.01,2086.80
2024-09-15 14:00:00,2759.76,330.74,435.10,121.91,134.97,27.72,1707.20
2024-09-15 15:00:00,2514.93,385.03,271.87,207.67,168.28,42.14,1437.41
2024-09-15 16:00:00,2422.36,305.83,92.74,315.63,149.98,43.08,1512.82
2024-09-15 17:00:00,2324.04,232.84,8.26,501.93,149.98,47.10,1381.52
2024-09-15 18:00:00,2253.44,258.44,0.57,529.19,139.47,46.32,1277.17
2024-09-15 19:00:00,2126.86,326.44,0.41,534.33,135.02,46.61,1081.83
2024-09-15 20:00:00,2017.55,452.62,0.36,518.40,128.82,44.87,870.24
2024-09-15 21:00:00,1921.76,471.48,0.28,528.76,125.36,43.26,750.64
2024-09-15 22:00:00,1907.79,431.14,0.23,383.67,119.78,40.92,930.12
2024-09-15 23:00:00,1909.01,391.26,0.27,263.73,126.63,41.06,1084.15
2024-09-16 00:00:00,1907.86,393.26,0.25,250.51,125.16,41.03,1095.75
2024-09-16 01:00:00,1895.50,323.63,0.20,249.80,123.96,39.96,1156.07
2024-09-16 02:00:00,1886.97,282.60,0.22,250.61,126.29,40.59,1184.78
2024-09-16 03:00:00,1981.20,246.10,0.23,279.40,143.66,40.61,1269.24
2024-09-16 04:00:00,2323.20,226.35,0.34,521.38,235.67,42.36,1295.13
2024-09-16 05:00:00,2618.27,202.63,36.87,686.72,264.81,42.06,1383.07
2024-09-16 06:00:00,2760.53,174.26,265.46,652.23,386.00,55.27,1225.14
2024-09-16 07:00:00,2807.66,132.67,595.84,702.84,307.02,44.48,1022.59
2024-09-16 08:00:00,2891.81,100.79,963.30,665.88,288.79,38.98,831.92
2024-09-16 09:00:00,2911.55,78.51,1152.04,592.95,275.31,37.51,773.12
2024-09-16 10:00:00,2878.47,216.29,1078.26,616.80,268.09,36.94,659.92
2024-09-16 11:00:00,2907.82,419.67,1147.90,451.23,211.52,36.88,638.45
2024-09-16 12:00:00,2858.48,590.87,1119.32,367.29,201.39,37.85,539.45
2024-09-16 13:00:00,2757.44,652.01,1063.95,424.82,190.79,40.40,383.41
2024-09-16 14:00:00,2745.78,754.37,905.24,465.83,229.21,44.83,344.08
2024-09-16 15:00:00,2816.54,930.39,609.85,423.47,190.15,44.60,615.98
2024-09-16 16:00:00,2729.19,1002.60,235.00,596.29,190.45,55.22,647.40
2024-09-16 17:00:00,2617.38,805.69,15.99,755.04,287.52,66.65,684.40
2024-09-16 18:00:00,2556.66,756.42,0.58,659.90,320.03,68.48,749.14
2024-09-16 19:00:00,2386.74,637.15,0.49,471.69,166.77,55.76,1052.86
2024-09-16 20:00:00,2276.00,538.78,0.39,433.77,138.09,46.18,1116.74
2024-09-16 21:00:00,2123.54,534.65,0.33,398.10,132.66,43.93,1011.87
2024-09-16 22:00:00,2082.15,447.77,0.28,420.95,129.59,43.66,1037.93
2024-09-16 23:00:00,2049.20,492.66,0.26,383.98,126.06,44.18,999.93
2024-09-17 00:00:00,2023.60,466.60,0.21,404.50,125.27,45.02,980.15
2024-09-17 01:00:00,1984.71,407.35,0.18,420.27,124.63,44.92,985.47
2024-09-17 02:00:00,1949.96,361.48,0.18,411.66,122.63,45.65,1006.51
2024-09-17 03:00:00,2046.32,505.24,0.19,414.97,125.43,45.78,952.82
2024-09-17 04:00:00,2372.42,674.98,0.65,560.07,144.26,45.95,944.51
2024-09-17 05:00:00,2661.32,648.22,57.40,677.13,195.98,55.81,1024.66
2024-09-17 06:00:00,2785.14,436.08,293.24,734.45,213.17,55.99,1050.07
2024-09-17 07:00:00,2804.60,311.52,728.59,625.75,216.52,55.49,864.59
2024-09-17 08:00:00,2952.46,232.13,1334.41,436.22,196.55,52.13,698.99
2024-09-17 09:00:00,3208.49,160.28,1957.33,396.82,220.63,42.28,429.13
2024-09-17 10:00:00,3191.41,138.57,2070.20,355.69,231.58,38.22,354.93
2024-09-17 11:00:00,3316.89,169.57,2111.00,244.75,223.25,38.83,527.38
2024-09-17 12:00:00,3309.63,203.31,1889.17,239.13,212.03,39.89,724.09
2024-09-17 13:00:00,3141.83,246.10,1534.17,318.96,191.23,39.95,809.39
2024-09-17 14:00:00,2906.29,275.88,992.32,400.52,263.45,45.56,926.38
2024-09-17 15:00:00,2839.38,374.31,526.69,421.19,162.89,44.69,1307.50
2024-09-17 16:00:00,2721.51,437.44,212.20,634.89,170.69,54.06,1210.06
2024-09-17 17:00:00,2607.02,464.20,33.16,633.14,180.17,55.12,1239.07
2024-09-17 18:00:00,2524.84,394.14,0.61,678.42,176.22,56.18,1217.15
2024-09-17 19:00:00,2381.07,384.42,0.48,602.11,141.37,46.19,1204.39
2024-09-17 20:00:00,2233.60,298.10,0.42,418.35,132.91,44.65,1336.98
2024-09-17 21:00:00,2112.09,246.71,0.36,403.98,131.41,42.45,1285.13
2024-09-17 22:00:00,2088.94,201.62,0.32,407.07,137.14,41.48,1299.42
2024-09-17 23:00:00,2114.64,152.50,0.27,428.79,136.22,41.54,1353.11
2024-09-18 00:00:00,2020.67,118.92,0.26,413.24,133.42,40.78,1311.98
2024-09-18 01:00:00,1964.26,163.32,0.23,399.86,130.05,41.91,1227.01
2024-09-18 02:00:00,1942.70,222.51,0.23,402.37,127.79,42.38,1145.56
2024-09-18 03:00:00,2042.06,218.94,0.25,471.05,128.93,43.47,1177.38
2024-09-18 04:00:00,2371.29,231.22,0.42,621.98,143.68,43.59,1328.33
2024-09-18 05:00:00,2679.97,290.63,63.11,619.52,157.63,43.82,1503.10
2024-09-18 06:00:00,2871.44,275.33,367.53,635.15,174.21,43.53,1373.53
2024-09-18 07:00:00,3093.81,173.02,877.62,644.55,165.94,41.38,1189.15
2024-09-18 08:00:00,3165.82,96.90,1371.31,432.02,221.92,40.80,1000.61
2024-09-18 09:00:00,3295.27,108.42,1766.40,404.26,180.00,36.62,797.53
2024-09-18 10:00:00,3525.19,159.73,1936.60,320.92,182.62,33.65,889.58
2024-09-18 11:00:00,3672.30,192.51,1896.92,247.36,180.92,32.28,1120.12
2024-09-18 12:00:00,3690.08,170.11,1747.61,228.48,191.85,34.34,1315.64
2024-09-18 13:00:00,3426.62,182.71,1562.18,239.97,183.88,36.75,1218.92
2024-09-18 14:00:00,3036.38,226.44,1357.21,317.26,166.56,41.46,925.28
2024-09-18 15:00:00,2924.06,276.58,843.76,452.46,153.97,45.52,1149.62
2024-09-18 16:00:00,2757.70,319.10,294.89,544.75,165.45,54.51,1376.90
2024-09-18 17:00:00,2617.69,447.13,41.18,680.15,160.40,55.72,1230.99
2024-09-18 18:00:00,2539.01,612.26,0.76,676.01,158.77,56.86,1032.15
2024-09-18 19:00:00,2435.19,613.20,0.63,595.89,147.21,47.70,1028.51
2024-09-18 20:00:00,2316.33,515.24,0.48,426.60,140.65,43.77,1187.66
2024-09-18 21:00:00,2139.75,452.07,0.47,408.38,137.48,42.55,1096.93
2024-09-18 22:00:00,2221.31,415.00,0.42,395.61,122.57,41.16,1244.64
2024-09-18 23:00:00,2131.21,349.00,0.41,398.19,118.71,42.02,1220.96
2024-09-19 00:00:00,2026.91,307.92,0.41,387.89,119.53,41.95,1167.27
2024-09-19 01:00:00,1985.34,263.69,0.36,374.57,120.03,41.70,1183.16
2024-09-19 02:00:00,1927.40,223.42,0.34,396.53,117.10,41.84,1146.30
2024-09-19 03:00:00,2035.89,184.92,0.35,445.72,126.18,43.53,1233.26
2024-09-19 04:00:00,2367.03,172.16,0.40,633.57,144.05,45.64,1368.88
2024-09-19 05:00:00,2680.55,206.28,56.20,643.33,206.10,47.26,1519.16
2024-09-19 06:00:00,2864.75,254.55,263.42,616.74,176.67,48.38,1502.72
2024-09-19 07:00:00,2888.84,258.66,624.58,611.30,179.60,46.97,1165.49
2024-09-19 08:00:00,3073.63,236.65,1225.35,434.88,219.90,43.35,911.35
2024-09-19 09:00:00,3327.44,210.00,1874.09,391.91,225.00,42.35,581.79
2024-09-19 10:00:00,3652.97,248.69,2097.92,177.12,223.14,35.25,868.68
2024-09-19 11:00:00,3726.44,300.81,2141.69,70.91,212.37,33.86,964.65
2024-09-19 12:00:00,3718.15,323.71,1994.97,96.61,198.07,31.48,1071.11
2024-09-19 13:00:00,3497.61,332.39,1760.07,101.11,184.04,30.85,1086.83
2024-09-19 14:00:00,3023.54,339.41,1319.40,275.46,171.36,35.62,880.03
2024-09-19 15:00:00,2898.00,372.73,782.52,470.89,155.09,47.89,1066.54
2024-09-19 16:00:00,2730.32,461.99,250.42,689.28,160.21,57.81,1108.41
2024-09-19 17:00:00,2645.32,591.85,28.16,649.84,154.61,59.39,1159.30
2024-09-19 18:00:00,2529.68,819.43,0.76,634.99,145.71,59.06,867.43
2024-09-19 19:00:00,2399.63,869.29,0.60,640.14,142.10,50.06,695.35
2024-09-19 20:00:00,2248.67,773.07,0.50,493.31,136.86,47.13,795.89
2024-09-19 21:00:00,2141.14,658.40,0.48,438.93,134.42,46.16,860.83
2024-09-19 22:00:00,2174.48,640.68,0.38,421.49,131.75,46.01,932.22
2024-09-19 23:00:00,2099.06,705.41,0.34,381.84,131.10,45.34,833.08
2024-09-20 00:00:00,2060.23,626.91,0.31,394.94,132.83,45.76,857.46
2024-09-20 01:00:00,1990.99,551.40,0.29,389.16,129.89,44.53,873.70
2024-09-20 02:00:00,2012.24,474.02,0.25,387.13,128.80,45.42,974.60
2024-09-20 03:00:00,2038.90,373.12,0.30,433.29,129.44,46.08,1054.56
2024-09-20 04:00:00,2351.28,302.40,0.39,610.41,164.14,49.01,1222.69
2024-09-20 05:00:00,2735.81,281.12,36.10,560.06,137.45,55.81,1662.96
2024-09-20 06:00:00,2902.64,243.73,157.04,433.67,156.41,58.93,1850.70
2024-09-20 07:00:00,2930.92,226.84,351.88,457.84,219.53,62.35,1610.37
2024-09-20 08:00:00,3029.79,288.04,639.53,300.23,175.35,47.53,1577.00
2024-09-20 09:00:00,3164.15,352.49,1062.87,281.51,169.39,46.34,1249.25
2024-09-20 10:00:00,3410.33,374.59,1479.98,307.85,174.29,38.83,1032.58
2024-09-20 11:00:00,3594.12,265.64,1625.75,251.30,194.77,37.99,1216.50
2024-09-20 12:00:00,3554.36,239.63,1748.62,229.24,179.45,38.38,1116.46
2024-09-20 13:00:00,3313.96,218.29,1776.31,245.69,179.85,35.48,856.16
2024-09-20 14:00:00,2869.62,301.01,1390.64,295.01,178.11,45.08,657.45
2024-09-20 15:00:00,2734.14,274.08,809.98,512.42,200.07,50.80,884.48
2024-09-20 16:00:00,2579.77,307.65,246.90,565.86,205.58,60.72,1190.84
2024-09-20 17:00:00,2442.07,481.62,25.99,649.47,154.30,56.82,1071.67
2024-09-20 18:00:00,2367.00,623.24,0.71,670.58,149.98,57.07,863.19
2024-09-20 19:00:00,2199.50,711.12,0.50,498.34,145.64,57.53,784.37
2024-09-20 20:00:00,2077.39,711.88,0.43,412.69,205.76,50.83,693.92
2024-09-20 21:00:00,1975.54,609.17,0.39,405.79,138.40,46.36,773.43
2024-09-20 22:00:00,1933.01,566.79,0.31,278.59,138.34,44.34,902.51
2024-09-20 23:00:00,1905.21,574.76,0.31,258.42,135.77,43.86,889.93
2024-09-21 00:00:00,1851.37,481.14,0.29,297.43,133.63,44.18,892.49
2024-09-21 01:00:00,1779.85,421.76,0.29,277.16,132.97,43.76,902.01
2024-09-21 02:00:00,1737.62,367.25,0.26,285.66,130.18,44.10,908.30
2024-09-21 03:00:00,1745.12,336.07,0.25,274.36,132.80,46.60,953.16
2024-09-21 04:00:00,1833.45,296.69,0.44,293.49,133.13,51.64,1056.27
2024-09-21 05:00:00,1993.24,273.11,46.93,281.31,135.51,51.39,1203.08
2024-09-21 06:00:00,2201.70,240.55,255.53,303.63,147.13,51.07,1201.76
2024-09-21 07:00:00,2374.65,205.67,702.10,297.81,162.88,45.51,958.45
2024-09-21 08:00:00,2804.15,160.87,1389.86,249.46,178.58,44.42,778.78
2024-09-21 09:00:00,3139.77,131.86,1940.81,233.09,193.15,43.85,594.96
2024-09-21 10:00:00,3272.34,118.56,2160.53,171.62,194.65,43.72,581.17
2024-09-21 11:00:00,3257.84,157.71,2020.30,171.56,196.01,43.75,666.32
2024-09-21 12:00:00,3091.66,170.86,1790.47,164.24,195.57,43.86,724.80
2024-09-21 13:00:00,2944.10,216.87,1802.39,213.11,188.89,43.46,477.08
2024-09-21 14:00:00,2568.91,257.75,1409.68,227.16,179.41,43.54,449.20
2024-09-21 15:00:00,2454.46,261.71,822.13,309.48,163.76,47.03,848.25
2024-09-21 16:00:00,2343.51,275.81,249.92,403.57,154.19,59.76,1198.07
2024-09-21 17:00:00,2226.42,424.09,26.46,334.68,147.94,60.16,1230.93
2024-09-21 18:00:00,2154.90,559.25,0.78,349.22,142.47,60.37,1040.76
2024-09-21 19:00:00,2041.89,688.23,0.61,304.75,131.59,56.35,858.36
2024-09-21 20:00:00,1936.67,753.92,0.51,280.22,126.28,45.11,728.70
2024-09-21 21:00:00,1854.22,788.52,0.50,253.82,125.61,44.10,639.72
2024-09-21 22:00:00,1775.94,700.43,0.40,272.26,122.76,42.70,635.52
2024-09-21 23:00:00,1881.47,634.98,0.36,317.71,120.94,43.21,762.36
2024-09-22 00:00:00,1728.28,618.24,0.29,266.88,120.37,43.51,677.02
2024-09-22 01:00:00,1676.45,595.05,0.31,263.44,111.72,43.67,660.51
2024-09-22 02:00:00,1648.84,543.15,0.26,269.90,107.60,44.28,681.89
2024-09-22 03:00:00,1656.57,466.84,0.24,291.19,103.31,46.47,746.70
2024-09-22 04:00:00,1724.41,455.50,0.33,263.65,95.13,46.37,861.62
2024-09-22 05:00:00,1857.78,462.17,46.58,262.50,99.55,46.83,938.21
2024-09-22 06:00:00,2046.88,440.88,286.29,274.98,106.35,45.06,891.17
2024-09-22 07:00:00,2237.82,399.96,728.90,301.51,134.27,43.29,627.77
2024-09-22 08:00:00,2607.26,308.01,1319.49,251.64,138.64,42.10,545.23
2024-09-22 09:00:00,2925.89,321.55,1812.62,253.49,152.71,41.87,341.45
2024-09-22 10:00:00,3089.66,313.86,2045.07,213.86,167.30,43.03,304.35
2024-09-22 11:00:00,2886.53,281.24,2064.02,265.71,357.11,58.24,-141.83
2024-09-22 12:00:00,2821.37,254.19,1951.71,260.11,364.44,58.85,-70.18
2024-09-22 13:00:00,2919.21,224.68,1683.62,277.27,167.59,42.04,521.74
2024-09-22 14:00:00,2559.24,182.80,1288.20,285.93,137.14,40.41,622.39
2024-09-22 15:00:00,2611.09,153.68,715.64,347.36,120.05,45.01,1227.11
2024-09-22 16:00:00,2433.04,168.37,208.51,359.62,272.42,69.61,1352.12
2024-09-22 17:00:00,2319.36,316.77,22.51,341.57,128.75,56.75,1450.74
2024-09-22 18:00:00,2232.99,480.21,0.64,311.48,123.41,55.85,1259.18
2024-09-22 19:00:00,2122.94,624.99,0.46,298.77,103.74,55.56,1037.13
2024-09-22 20:00:00,2116.01,604.84,0.36,287.25,100.76,53.83,1067.33
2024-09-22 21:00:00,1929.77,573.57,0.40,252.62,98.79,43.29,959.23
2024-09-22 22:00:00,1928.26,508.30,0.33,247.25,96.43,40.98,1033.05
2024-09-22 23:00:00,1954.64,447.30,0.28,178.32,94.01,40.98,1191.83
2024-09-23 00:00:00,1893.93,421.52,0.25,249.73,92.64,41.64,1086.22
2024-09-23 01:00:00,1836.52,343.03,0.25,281.44,92.72,40.88,1076.36
2024-09-23 02:00:00,1835.02,301.26,0.22,262.32,91.53,40.99,1136.96
2024-09-23 03:00:00,1948.48,261.80,0.26,323.63,94.95,42.71,1223.26
2024-09-23 04:00:00,2322.76,237.44,0.32,472.55,174.18,51.85,1384.42
2024-09-23 05:00:00,2644.90,258.11,47.30,595.30,332.95,70.08,1338.69
2024-09-23 06:00:00,2829.15,256.81,240.05,614.68,189.95,54.75,1470.07
2024-09-23 07:00:00,2909.94,263.26,609.65,430.63,137.74,44.14,1421.82
2024-09-23 08:00:00,3119.39,190.58,1130.76,437.77,122.20,43.07,1192.19
2024-09-23 09:00:00,3262.79,174.55,1584.28,352.80,142.65,46.08,960.00
2024-09-23 10:00:00,2989.96,167.64,1521.86,405.33,174.83,47.78,669.85
2024-09-23 11:00:00,2957.72,168.52,1618.89,320.40,164.76,46.28,636.44
2024-09-23 12:00:00,2888.77,166.46,1342.40,362.46,157.68,47.45,810.00
2024-09-23 13:00:00,2841.36,129.75,1064.41,479.35,239.81,53.90,871.88
2024-09-23 14:00:00,2736.02,123.07,589.89,525.31,217.67,47.42,1230.20
2024-09-23 15:00:00,2843.37,130.25,335.41,622.66,228.12,56.11,1468.35
2024-09-23 16:00:00,2731.70,152.80,99.49,683.96,293.24,58.05,1441.80
2024-09-23 17:00:00,2649.54,201.15,18.82,724.84,296.03,59.74,1346.54
2024-09-23 18:00:00,2518.60,300.21,0.69,607.47,271.70,57.85,1278.34
2024-09-23 19:00:00,2364.73,424.40,0.43,539.79,199.43,49.48,1148.96
2024-09-23 20:00:00,2226.77,549.27,0.35,444.54,181.00,46.79,1002.73
2024-09-23 21:00:00,2118.95,673.04,0.28,306.37,103.44,45.56,988.02
2024-09-23 22:00:00,2102.09,745.11,0.26,234.95,90.07,46.14,983.50
2024-09-23 23:00:00,2118.20,728.14,0.20,252.10,92.39,44.42,998.88
2024-09-24 00:00:00,2047.09,716.40,0.20,248.31,90.02,46.67,943.37
2024-09-24 01:00:00,1951.64,697.91,0.19,215.88,131.00,48.03,856.58
2024-09-24 02:00:00,1936.39,654.55,0.18,245.88,86.36,45.66,901.73
2024-09-24 03:00:00,2033.11,572.22,0.22,216.02,110.10,47.04,1085.43
2024-09-24 04:00:00,2382.47,527.69,0.27,266.80,108.94,50.91,1425.68
2024-09-24 05:00:00,2756.19,448.53,25.64,274.19,139.62,49.66,1816.07
2024-09-24 06:00:00,2840.63,401.83,88.07,291.18,153.13,51.97,1852.03
2024-09-24 07:00:00,2889.27,381.53,195.36,277.37,143.07,46.13,1843.63
2024-09-24 08:00:00,2922.63,354.81,372.20,287.92,154.09,48.85,1702.26
2024-09-24 09:00:00,2965.15,416.03,581.08,276.55,122.72,45.27,1521.05
2024-09-24 10:00:00,2976.11,471.76,803.72,209.19,129.90,43.90,1315.78
2024-09-24 11:00:00,2984.07,506.32,858.52,205.69,138.01,43.04,1230.75
2024-09-24 12:00:00,2903.88,656.96,717.52,230.92,135.25,43.04,1118.37
2024-09-24 13:00:00,2781.84,723.16,677.90,208.95,143.59,44.15,981.93
2024-09-24 14:00:00,2745.18,839.12,556.84,275.93,166.38,43.92,860.43
2024-09-24 15:00:00,2836.87,825.38,342.35,333.49,165.54,47.75,1119.94
2024-09-24 16:00:00,2743.11,924.04,130.36,333.97,173.75,48.46,1130.19
2024-09-24 17:00:00,2664.02,1078.36,14.64,336.12,169.22,49.75,1013.58
2024-09-24 18:00:00,2553.23,1269.86,0.50,329.47,176.66,50.43,724.02
2024-09-24 19:00:00,2432.45,1522.83,0.39,303.07,168.77,49.57,385.73
2024-09-24 20:00:00,2304.37,1730.21,0.32,269.43,237.66,46.91,18.30
2024-09-24 21:00:00,2421.55,2074.50,0.37,158.01,123.51,42.67,21.14
2024-09-24 22:00:00,2522.33,2507.90,0.29,164.84,112.68,29.65,-294.57
2024-09-24 23:00:00,2702.33,3047.50,0.30,153.94,108.07,29.15,-638.46
2024-09-25 00:00:00,2713.43,3454.17,0.31,131.88,112.71,30.35,-1017.91
2024-09-25 01:00:00,2556.27,3617.58,0.28,136.23,115.28,29.42,-1344.27
2024-09-25 02:00:00,2456.65,3600.09,0.27,135.45,114.42,29.19,-1424.60
2024-09-25 03:00:00,2536.67,3554.96,0.28,144.00,118.68,30.33,-1313.54
2024-09-25 04:00:00,2698.23,3396.37,0.38,183.29,116.48,33.87,-1034.19
2024-09-25 05:00:00,2916.01,3194.95,29.78,227.40,119.32,44.89,-702.45
2024-09-25 06:00:00,3044.90,3054.26,200.90,168.13,130.62,43.60,-554.78
2024-09-25 07:00:00,3045.38,3102.68,553.76,179.50,146.76,40.92,-980.41
2024-09-25 08:00:00,3110.35,2974.63,807.45,198.34,146.53,24.66,-1043.44
2024-09-25 09:00:00,3200.95,2927.08,908.93,175.02,164.50,26.78,-1003.66
2024-09-25 10:00:00,3177.07,2790.70,1116.58,185.07,177.39,24.60,-1119.54
2024-09-25 11:00:00,3206.62,2852.25,1208.72,164.44,173.86,24.89,-1219.77
2024-09-25 12:00:00,3094.33,2839.69,1068.78,183.77,173.84,27.45,-1201.29
2024-09-25 13:00:00,2968.56,2505.25,871.37,291.10,173.89,30.16,-905.43
2024-09-25 14:00:00,2801.51,2034.94,680.03,268.58,317.28,59.05,-561.03
2024-09-25 15:00:00,2842.64,1592.24,401.00,330.57,272.96,64.62,178.70
2024-09-25 16:00:00,2762.81,1075.61,119.14,350.68,262.90,56.99,895.13
2024-09-25 17:00:00,2686.90,896.04,3.69,340.05,253.48,55.73,1135.74
2024-09-25 18:00:00,2668.85,751.57,0.78,293.70,215.36,56.63,1348.62
2024-09-25 19:00:00,2442.51,579.59,0.56,319.25,152.67,54.87,1333.23
2024-09-25 20:00:00,2252.52,433.87,0.49,324.07,148.39,47.28,1296.44
2024-09-25 21:00:00,2130.93,308.29,0.44,242.57,116.08,46.32,1415.21
2024-09-25 22:00:00,2147.05,254.14,0.36,47.40,106.19,46.50,1690.19
2024-09-25 23:00:00,2116.29,221.93,0.31,72.76,139.14,51.78,1628.45
2024-09-26 00:00:00,2085.44,259.89,0.28,250.34,132.31,50.51,1390.10
2024-09-26 01:00:00,2077.22,338.34,0.26,297.90,122.09,49.69,1267.08
2024-09-26 02:00:00,2087.61,517.16,0.29,272.63,97.93,44.90,1152.89
2024-09-26 03:00:00,2162.18,749.99,0.30,253.22,109.80,45.37,1001.57
2024-09-26 04:00:00,2463.91,1015.71,0.36,259.03,134.94,46.63,1005.08
2024-09-26 05:00:00,2733.06,1301.94,13.99,237.63,148.35,52.07,976.86
2024-09-26 06:00:00,2865.20,1509.97,125.50,268.57,175.22,50.25,733.50
2024-09-26 07:00:00,2927.64,1669.56,251.18,348.61,244.60,55.96,355.35
2024-09-26 08:00:00,3073.62,1910.25,368.56,278.94,151.91,46.37,315.33
2024-09-26 09:00:00,3278.89,2251.35,474.01,165.86,157.18,25.76,202.35
2024-09-26 10:00:00,3316.08,2660.20,401.50,155.77,150.32,21.24,-75.23
2024-09-26 11:00:00,3412.85,2791.57,343.91,151.38,147.38,21.61,-45.24
2024-09-26 12:00:00,3379.42,2793.17,298.56,161.65,166.29,22.82,-65.28
2024-09-26 13:00:00,3112.89,2790.79,295.54,162.10,142.52,23.47,-304.04
2024-09-26 14:00:00,2987.65,2732.57,270.49,178.73,134.12,28.32,-358.89
2024-09-26 15:00:00,3356.14,2345.31,124.15,377.27,114.74,42.52,349.59
2024-09-26 16:00:00,2886.90,2218.34,46.91,350.59,120.69,47.63,100.40
2024-09-26 17:00:00,2768.91,2090.58,0.81,294.36,120.01,52.10,208.59
2024-09-26 18:00:00,2688.18,1716.83,0.39,305.09,112.23,52.85,498.15
2024-09-26 19:00:00,2513.58,1136.20,0.37,261.03,92.88,48.67,971.90
2024-09-26 20:00:00,2357.14,692.42,0.32,244.95,96.19,45.19,1275.99
2024-09-26 21:00:00,2369.21,537.32,0.31,175.58,96.12,41.37,1516.41
2024-09-26 22:00:00,2808.66,446.26,0.28,197.97,87.22,28.84,2045.99
2024-09-26 23:00:00,2757.75,564.45,0.29,212.21,85.95,27.75,1864.99
2024-09-27 00:00:00,2785.66,550.26,0.21,255.44,87.93,28.36,1861.41
2024-09-27 01:00:00,2796.31,393.19,0.18,224.27,84.86,28.38,2063.44
2024-09-27 02:00:00,2728.52,441.55,0.19,233.13,91.71,28.94,1931.01
2024-09-27 03:00:00,2742.83,633.43,0.24,313.08,94.46,28.85,1670.71
2024-09-27 04:00:00,2793.42,888.52,0.21,218.63,110.31,30.37,1543.25
2024-09-27 05:00:00,2840.23,915.56,8.70,300.66,130.98,31.60,1450.59
2024-09-27 06:00:00,2949.27,994.39,71.64,306.03,135.56,39.55,1399.81
2024-09-27 07:00:00,3157.55,1102.52,251.47,228.15,132.18,43.36,1397.75
2024-09-27 08:00:00,3337.61,1239.11,293.96,246.67,144.49,40.04,1371.10
2024-09-27 09:00:00,3301.49,1396.01,363.75,154.56,148.59,37.96,1198.43
2024-09-27 10:00:00,3254.35,1500.79,297.98,129.06,152.77,40.80,1130.76
2024-09-27 11:00:00,3314.10,1650.84,308.23,133.09,153.37,38.79,1027.52
2024-09-27 12:00:00,3286.14,1575.42,285.52,155.09,151.39,29.79,1086.72
2024-09-27 13:00:00,3211.38,1539.73,239.75,189.86,151.53,28.11,1060.29
2024-09-27 14:00:00,3131.57,1371.50,172.37,176.20,148.07,32.47,1228.69
2024-09-27 15:00:00,2869.34,1160.15,125.56,238.03,145.89,41.64,1155.72
2024-09-27 16:00:00,2766.88,1031.85,44.50,268.47,140.73,47.95,1230.91
2024-09-27 17:00:00,2647.36,1274.03,0.63,204.99,137.92,50.64,976.88
2024-09-27 18:00:00,2558.95,1270.00,0.24,210.93,153.19,51.77,870.53
2024-09-27 19:00:00,2439.59,1207.08,0.18,196.96,141.64,51.31,840.13
2024-09-27 20:00:00,2398.61,1296.39,0.15,205.31,153.92,47.36,693.36
2024-09-27 21:00:00,2278.63,1358.85,0.14,128.90,154.33,43.70,590.55
2024-09-27 22:00:00,2467.09,1659.58,0.10,43.08,140.72,30.90,590.38
2024-09-27 23:00:00,2468.37,2210.32,0.11,18.68,135.59,29.10,72.33
2024-09-28 00:00:00,2426.96,2528.65,0.11,1.62,137.92,29.07,-272.56
2024-09-28 01:00:00,2418.05,2772.42,0.11,1.62,119.29,28.96,-506.43
2024-09-28 02:00:00,2300.23,3179.06,0.12,1.61,124.68,32.34,-1039.73
2024-09-28 03:00:00,2216.43,3427.87,0.14,1.63,143.93,40.99,-1400.36
2024-09-28 04:00:00,2206.40,3584.79,0.18,1.66,164.71,42.67,-1589.70
2024-09-28 05:00:00,2298.40,3588.61,24.25,1.63,168.77,43.28,-1530.27
2024-09-28 06:00:00,2423.09,3578.91,270.61,1.50,181.09,44.15,-1655.36
2024-09-28 07:00:00,2589.73,3644.79,767.13,1.63,201.65,45.48,-2073.35
2024-09-28 08:00:00,3054.26,3777.47,1144.36,1.92,218.91,43.64,-2134.40
2024-09-28 09:00:00,3251.28,3748.43,1093.58,2.09,200.19,34.64,-1830.23
2024-09-28 10:00:00,3285.72,3152.86,1029.09,1.84,181.87,27.70,-1110.09
2024-09-28 11:00:00,3220.38,3103.67,1000.42,1.85,179.31,27.13,-1094.53
2024-09-28 12:00:00,3148.74,2797.61,1111.31,1.89,184.49,26.16,-975.05
2024-09-28 13:00:00,3123.34,2759.57,1051.46,1.91,167.18,27.36,-886.45
2024-09-28 14:00:00,2892.86,3606.86,769.03,12.57,163.58,38.04,-1699.43
2024-09-28 15:00:00,2592.75,3667.92,442.77,33.12,188.79,44.05,-1786.17
2024-09-28 16:00:00,2553.11,3365.03,75.43,42.82,182.34,45.13,-1159.92
2024-09-28 17:00:00,2515.71,3227.23,0.95,79.12,181.28,47.27,-1022.42
2024-09-28 18:00:00,2385.41,3209.66,0.58,76.14,169.02,48.53,-1120.83
2024-09-28 19:00:00,2303.39,2934.68,0.44,33.61,161.69,48.62,-877.86
2024-09-28 20:00:00,2212.54,2762.84,0.34,69.32,183.56,49.16,-854.89
2024-09-28 21:00:00,2109.05,2605.03,0.33,86.49,249.25,54.06,-888.33
2024-09-28 22:00:00,2064.26,2560.23,0.28,106.93,156.05,45.11,-806.57
2024-09-28 23:00:00,1979.02,2545.24,0.24,226.43,167.80,44.15,-1007.05
2024-09-29 00:00:00,1948.54,2444.08,0.22,205.07,153.37,44.28,-900.62
2024-09-29 01:00:00,1890.70,2360.59,0.20,223.33,149.71,44.66,-889.90
2024-09-29 02:00:00,1839.26,2240.42,0.21,229.90,147.05,46.71,-827.20
2024-09-29 03:00:00,1848.13,2188.78,0.20,219.43,149.75,48.39,-760.58
2024-09-29 04:00:00,1904.64,1870.31,0.19,281.62,162.72,52.72,-465.15
2024-09-29 05:00:00,2031.82,1502.41,23.69,311.94,165.38,53.09,-27.01
2024-09-29 06:00:00,2180.86,1104.04,277.50,314.64,167.72,53.24,261.23
2024-09-29 07:00:00,2325.41,764.90,635.20,201.46,184.17,43.61,493.42
2024-09-29 08:00:00,2891.11,482.89,1031.43,130.39,175.23,33.25,1035.42
2024-09-29 09:00:00,3158.97,419.55,1215.05,124.42,170.38,25.38,1201.53
2024-09-29 10:00:00,3156.67,395.99,1251.34,122.88,151.19,25.10,1207.67
2024-09-29 11:00:00,3154.33,341.90,1028.37,128.79,152.14,24.92,1475.71
2024-09-29 12:00:00,3026.11,435.22,858.66,142.63,165.80,25.27,1395.95
2024-09-29 13:00:00,2897.12,791.44,833.21,127.94,172.84,27.10,941.83
2024-09-29 14:00:00,2443.14,865.84,662.53,200.61,172.30,38.93,500.35
2024-09-29 15:00:00,2510.15,761.09,280.76,384.47,168.34,47.22,865.52
2024-09-29 16:00:00,2488.02,648.19,50.80,491.80,227.62,52.11,1015.00
2024-09-29 17:00:00,2421.81,627.38,1.16,473.24,227.93,54.82,1034.75
2024-09-29 18:00:00,2320.32,689.55,0.74,482.06,216.27,54.67,874.47
2024-09-29 19:00:00,2192.25,830.82,0.48,458.87,176.29,50.62,672.70
2024-09-29 20:00:00,2104.32,997.77,0.38,364.18,157.32,48.40,533.65
2024-09-29 21:00:00,2025.71,1072.42,0.30,318.68,152.46,44.18,435.36
2024-09-29 22:00:00,2305.92,1303.55,0.27,285.97,147.02,39.50,527.42
2024-09-29 23:00:00,2528.98,1522.72,0.28,272.25,143.47,39.38,548.71
2024-09-30 00:00:00,2593.68,1628.31,0.25,229.20,146.46,27.53,559.82
2024-09-30 01:00:00,2610.61,1722.15,0.24,222.08,144.23,26.35,493.42
2024-09-30 02:00:00,2550.11,1712.11,0.21,221.75,152.41,27.55,434.01
2024-09-30 03:00:00,2353.57,1776.83,0.24,225.17,158.41,37.77,152.89
2024-09-30 04:00:00,2514.24,1940.78,0.33,297.88,179.00,41.91,51.91
2024-09-30 05:00:00,2762.78,2067.36,20.90,466.18,183.90,42.88,-21.10
2024-09-30 06:00:00,2893.37,2142.54,203.94,476.08,216.40,32.50,-180.60
2024-09-30 07:00:00,2927.26,2287.76,598.79,413.76,220.61,30.95,-627.22
2024-09-30 08:00:00,3053.22,2667.87,1137.15,231.03,232.14,29.05,-1246.87
2024-09-30 09:00:00,3297.74,3273.64,1426.54,200.36,236.37,30.79,-1872.50
2024-09-30 10:00:00,3525.67,3654.96,1565.63,193.75,225.33,29.25,-2145.93
2024-09-30 11:00:00,3637.91,3754.16,1626.15,193.12,228.36,28.03,-2194.79
2024-09-30 12:00:00,3565.71,3895.00,1516.15,193.99,225.28,31.15,-2298.61
2024-09-30 13:00:00,3310.90,4044.06,1344.43,204.18,230.89,30.32,-2546.04
2024-09-30 14:00:00,3057.37,4106.76,951.90,249.28,216.45,30.77,-2500.70
2024-09-30 15:00:00,3012.28,4087.41,476.55,285.00,210.32,34.68,-2084.54
2024-09-30 16:00:00,2965.12,4065.64,100.68,266.31,193.41,34.32,-1698.01
2024-09-30 17:00:00,2910.49,3919.27,1.13,242.62,187.03,34.21,-1476.57
2024-09-30 18:00:00,2771.25,3865.98,1.06,255.02,183.77,34.10,-1571.25
2024-09-30 19:00:00,2657.39,3954.01,0.94,271.00,163.68,33.45,-1768.13
2024-09-30 20:00:00,2589.57,3890.18,0.90,251.27,157.65,29.92,-1742.63
2024-09-30 21:00:00,2595.16,3834.92,0.80,232.11,141.01,27.96,-1643.96
2024-09-30 22:00:00,2838.35,3819.55,0.77,218.67,116.44,27.10,-1346.06
2024-09-30 23:00:00,2926.51,3365.33,0.77,236.82,103.19,25.18,-807.03
2024-10-01 00:00:00,2909.58,3309.18,0.77,217.63,102.50,26.20,-749.10
2024-10-01 01:00:00,2819.73,3254.97,0.68,216.66,102.87,26.81,-784.44
2024-10-01 02:00:00,2636.59,3235.40,0.64,217.02,112.69,27.72,-958.98
2024-10-01 03:00:00,2585.96,3946.07,0.56,245.92,134.49,33.06,-1776.41
2024-10-01 04:00:00,2726.25,4137.80,0.63,310.10,193.86,33.28,-1951.91
2024-10-01 05:00:00,2951.86,4169.69,10.00,319.38,197.54,37.15,-1784.55
2024-10-01 06:00:00,3076.20,4226.53,124.69,300.14,196.63,36.57,-1810.95
2024-10-01 07:00:00,3189.34,4343.58,354.94,275.23,212.15,36.91,-2035.91
2024-10-01 08:00:00,3231.54,4281.01,621.60,266.91,248.41,30.76,-2219.46
2024-10-01 09:00:00,3330.70,4340.87,776.37,268.79,269.78,27.21,-2354.89
2024-10-01 10:00:00,3373.30,4399.75,811.83,259.99,248.95,30.22,-2380.02
2024-10-01 11:00:00,3389.75,4343.28,697.02,241.88,253.95,31.04,-2180.06
2024-10-01 12:00:00,3216.60,4259.36,449.67,245.21,243.05,31.03,-2014.42
2024-10-01 13:00:00,3103.33,4065.69,421.16,260.97,224.71,33.69,-1905.54
2024-10-01 14:00:00,3121.73,3978.31,351.88,289.54,218.37,33.41,-1752.31
2024-10-01 15:00:00,3124.58,3734.38,184.36,319.38,210.32,35.16,-1361.57
2024-10-01 16:00:00,2956.83,3439.94,32.54,361.77,203.19,34.85,-1117.90
2024-10-01 17:00:00,2879.81,3157.02,0.73,447.07,385.59,54.77,-1168.22
2024-10-01 18:00:00,2786.30,3242.83,0.62,372.86,289.57,43.92,-1166.30
2024-10-01 19:00:00,2633.95,3228.14,0.54,355.71,287.32,46.49,-1286.73
2024-10-01 20:00:00,2543.44,3166.09,0.51,278.66,232.53,39.94,-1176.61
2024-10-01 21:00:00,2388.90,3006.95,0.50,296.78,184.44,35.52,-1137.69
2024-10-01 22:00:00,2402.88,2794.85,0.44,271.14,182.08,31.92,-879.98
2024-10-01 23:00:00,2453.25,2769.42,0.42,222.86,182.92,32.64,-757.42
2024-10-02 00:00:00,2380.46,2703.84,0.31,202.85,182.46,37.87,-749.39
2024-10-02 01:00:00,2299.47,2646.65,0.29,195.75,181.45,35.81,-762.64
2024-10-02 02:00:00,2311.37,2605.65,0.30,189.96,173.80,33.31,-693.86
2024-10-02 03:00:00,2434.93,2614.31,0.35,278.99,178.59,33.20,-672.79
2024-10-02 04:00:00,2648.60,2625.53,0.43,322.13,183.83,33.99,-519.84
2024-10-02 05:00:00,2902.64,2594.26,22.80,406.19,214.49,41.30,-379.04
2024-10-02 06:00:00,3037.90,2430.17,261.69,637.77,253.81,41.23,-589.22
2024-10-02 07:00:00,3111.16,2248.30,806.66,558.19,291.22,38.52,-834.09
2024-10-02 08:00:00,3343.00,2180.33,1506.12,289.77,285.09,33.74,-954.46
2024-10-02 09:00:00,3370.20,2350.92,1748.55,251.58,270.63,32.28,-1286.15
2024-10-02 10:00:00,3231.61,2137.82,1718.10,251.76,252.63,30.33,-1161.53
2024-10-02 11:00:00,3265.01,1788.41,1707.22,285.84,249.02,32.24,-800.32
2024-10-02 12:00:00,3151.31,1602.70,1539.82,295.76,225.73,30.64,-545.93
2024-10-02 13:00:00,2976.65,1654.84,1248.28,302.59,228.12,30.02,-489.70
2024-10-02 14:00:00,3030.38,1656.87,1073.25,351.85,290.30,32.97,-377.35
2024-10-02 15:00:00,3057.36,1511.23,588.70,523.01,333.52,34.47,63.72
2024-10-02 16:00:00,2891.39,1423.77,95.13,614.61,344.66,43.33,367.49
2024-10-02 17:00:00,2839.82,1568.85,7.26,684.30,347.85,42.82,186.34
2024-10-02 18:00:00,2703.58,1557.45,0.77,623.10,346.62,42.46,130.90
2024-10-02 19:00:00,2586.67,1596.74,0.59,601.22,390.54,39.23,-44.36
2024-10-02 20:00:00,2449.50,1439.90,0.48,573.63,270.46,28.92,133.91
2024-10-02 21:00:00,2299.86,1398.45,0.46,404.99,165.19,27.02,301.57
2024-10-02 22:00:00,2384.86,1355.66,0.40,279.33,152.77,26.70,567.80
2024-10-02 23:00:00,2442.64,1279.88,0.37,247.78,152.26,28.01,731.83
2024-10-03 00:00:00,2424.45,1273.02,0.35,224.21,147.00,28.94,748.63
2024-10-03 01:00:00,2287.43,1233.45,0.36,277.59,146.43,28.71,598.73
2024-10-03 02:00:00,2354.08,1123.55,0.29,226.57,141.02,28.29,832.02
2024-10-03 03:00:00,2383.61,1061.52,0.31,226.46,139.64,28.93,924.52
2024-10-03 04:00:00,2682.35,998.05,0.33,281.77,143.14,29.53,1227.08
2024-10-03 05:00:00,2981.84,955.10,21.16,351.43,133.86,30.67,1487.17
2024-10-03 06:00:00,3089.08,904.58,314.20,513.81,137.49,30.60,1185.98
2024-10-03 07:00:00,3215.70,771.95,964.92,391.37,178.60,29.85,876.60
2024-10-03 08:00:00,3295.71,620.63,1542.31,307.93,217.59,26.90,577.83
2024-10-03 09:00:00,3363.68,585.46,1838.88,324.36,224.59,26.52,361.20
2024-10-03 10:00:00,3477.61,554.38,2050.35,262.62,203.48,23.30,380.79
2024-10-03 11:00:00,3433.71,522.69,1979.61,252.20,206.65,20.41,449.60
2024-10-03 12:00:00,3410.79,502.20,1919.45,265.47,195.61,24.92,500.60
2024-10-03 13:00:00,3170.14,494.79,1596.81,283.73,203.82,25.11,563.20
2024-10-03 14:00:00,2877.02,454.71,965.60,355.78,188.59,27.00,882.76
2024-10-03 15:00:00,2907.93,350.82,459.33,567.55,218.92,28.41,1280.29
2024-10-03 16:00:00,2859.08,272.86,66.75,764.45,238.64,29.96,1483.85
2024-10-03 17:00:00,2825.25,251.54,0.77,763.78,228.13,31.51,1547.04
2024-10-03 18:00:00,2748.90,220.78,0.61,760.08,288.12,38.86,1437.85
2024-10-03 19:00:00,2627.29,200.26,0.48,736.78,310.78,44.90,1331.75
2024-10-03 20:00:00,2441.79,138.07,0.41,548.04,183.78,30.96,1538.13
2024-10-03 21:00:00,2411.41,90.43,0.32,471.16,159.19,29.44,1658.08
2024-10-03 22:00:00,2374.86,55.76,0.29,471.20,154.27,27.65,1663.25
2024-10-03 23:00:00,2348.32,31.66,0.22,448.23,158.05,27.44,1680.42
2024-10-04 00:00:00,2276.02,35.90,0.19,446.83,153.06,26.98,1610.85
2024-10-04 01:00:00,2211.03,41.44,0.19,401.23,155.31,27.05,1583.62
2024-10-04 02:00:00,2164.50,47.44,0.21,404.73,152.70,28.68,1528.57
2024-10-04 03:00:00,2254.44,50.89,0.25,488.45,191.08,28.53,1493.09
2024-10-04 04:00:00,2572.59,77.92,0.31,810.09,331.82,30.64,1319.54
2024-10-04 05:00:00,2893.95,95.77,11.75,820.61,353.99,35.06,1574.29
2024-10-04 06:00:00,3004.43,109.90,223.83,820.33,396.06,35.49,1416.31
2024-10-04 07:00:00,3088.60,100.39,735.63,671.98,403.07,35.65,1139.59
2024-10-04 08:00:00,3147.35,80.91,1194.02,652.62,361.84,27.28,828.09
2024-10-04 09:00:00,3129.24,102.47,1445.80,502.60,337.73,25.54,712.52
2024-10-04 10:00:00,2952.57,175.30,1366.58,467.49,242.75,25.18,672.71
2024-10-04 11:00:00,2919.40,243.36,1271.41,328.27,227.17,27.20,819.41
2024-10-04 12:00:00,2753.03,308.64,1097.77,416.85,215.33,27.60,684.23
2024-10-04 13:00:00,2722.63,286.17,1004.08,416.14,207.37,27.39,778.74
2024-10-04 14:00:00,2671.61,284.54,657.49,675.43,292.20,29.76,729.45
2024-10-04 15:00:00,2763.58,219.68,299.93,668.12,330.80,31.50,1211.01
2024-10-04 16:00:00,2719.50,124.79,41.94,659.32,361.13,36.49,1493.44
2024-10-04 17:00:00,2628.13,73.51,0.77,673.72,359.52,37.31,1480.98
2024-10-04 18:00:00,2583.84,80.52,0.52,669.34,339.45,37.14,1454.48
2024-10-04 19:00:00,2388.53,84.01,0.39,760.59,309.21,32.59,1199.35
2024-10-04 20:00:00,2221.38,98.48,0.34,795.85,278.22,27.62,1018.65
2024-10-04 21:00:00,2133.82,108.84,0.28,792.52,254.48,25.75,949.78
2024-10-04 22:00:00,2120.67,120.71,0.22,781.39,181.63,26.13,1008.32
2024-10-04 23:00:00,2107.47,137.74,0.22,525.69,162.95,26.15,1252.51
2024-10-05 00:00:00,2076.58,166.86,0.18,423.75,167.54,26.99,1288.93
2024-10-05 01:00:00,2061.24,160.67,0.16,437.46,297.26,37.65,1126.05
2024-10-05 02:00:00,2014.34,166.40,0.16,445.30,316.54,41.49,1042.46
2024-10-05 03:00:00,1993.82,228.18,0.14,362.94,162.23,26.03,1212.32
2024-10-05 04:00:00,2064.71,278.97,0.19,529.26,168.75,32.70,1052.76
2024-10-05 05:00:00,2202.65,317.32,6.87,734.42,182.40,34.74,924.74
2024-10-05 06:00:00,2343.16,314.46,151.05,744.25,192.47,34.84,903.84
2024-10-05 07:00:00,2481.52,225.75,568.16,623.83,190.92,29.30,841.12
2024-10-05 08:00:00,2565.25,133.38,1068.58,362.57,212.52,27.13,758.78
2024-10-05 09:00:00,2597.47,171.01,1379.36,292.84,228.76,26.31,496.64
2024-10-05 10:00:00,2617.75,207.80,1437.61,304.19,252.80,26.64,386.19
2024-10-05 11:00:00,2665.20,219.24,1378.13,295.11,246.01,25.97,498.00
2024-10-05 12:00:00,2544.84,236.54,1257.87,295.03,232.65,26.12,494.17
2024-10-05 13:00:00,2485.15,236.11,1031.27,398.73,226.62,25.98,564.07
2024-10-05 14:00:00,2449.01,244.52,682.80,496.00,252.79,25.31,745.06
2024-10-05 15:00:00,2503.05,276.54,316.36,695.92,315.24,30.27,866.15
2024-10-05 16:00:00,2495.98,321.30,43.76,704.99,346.61,33.02,1043.88
2024-10-05 17:00:00,2456.88,382.09,0.76,708.33,458.16,42.37,862.80
2024-10-05 18:00:00,2357.91,504.03,0.47,693.61,363.35,35.50,758.58
2024-10-05 19:00:00,2256.09,570.01,0.38,599.53,330.47,29.54,723.80
2024-10-05 20:00:00,2145.82,604.49,0.32,456.55,310.18,27.04,744.60
2024-10-05 21:00:00,2043.65,649.82,0.27,325.46,222.44,27.30,815.63
2024-10-05 22:00:00,2058.98,684.66,0.24,276.76,178.73,25.41,890.82
2024-10-05 23:00:00,2043.15,743.65,0.23,251.77,169.27,25.70,850.42
2024-10-06 00:00:00,2045.87,749.09,0.20,305.35,168.11,27.09,793.97
2024-10-06 01:00:00,2023.17,797.39,0.17,273.13,165.60,26.64,758.21
2024-10-06 02:00:00,2003.50,862.64,0.19,322.60,161.24,26.20,628.59
2024-10-06 03:00:00,2008.62,958.45,0.22,279.08,164.54,25.73,578.55
2024-10-06 04:00:00,2036.11,1060.36,0.25,199.84,162.13,26.52,584.93
2024-10-06 05:00:00,2189.81,1117.53,9.36,203.74,167.34,27.41,662.29
2024-10-06 06:00:00,2308.76,1114.21,207.24,200.50,182.69,26.93,574.95
2024-10-06 07:00:00,2379.54,934.94,701.62,200.50,208.55,27.09,304.59
2024-10-06 08:00:00,2622.22,759.29,1203.51,201.46,217.23,23.20,215.11
2024-10-06 09:00:00,2869.29,855.18,1535.95,202.72,197.66,17.71,57.53
2024-10-06 10:00:00,2957.67,1045.56,1626.44,219.56,199.95,18.00,-154.31
2024-10-06 11:00:00,3050.30,1055.09,1506.80,224.83,189.68,18.01,53.48
2024-10-06 12:00:00,3061.62,949.66,1148.21,200.30,180.08,17.52,563.41
2024-10-06 13:00:00,2945.65,857.34,796.56,273.37,175.52,19.55,820.84
2024-10-06 14:00:00,2505.37,881.46,662.20,390.07,202.32,25.11,341.61
2024-10-06 15:00:00,2540.42,804.33,300.54,479.17,213.14,28.73,711.98
2024-10-06 16:00:00,2530.04,978.41,31.49,681.48,216.25,33.59,586.30
2024-10-06 17:00:00,2502.20,1475.01,0.66,637.14,229.76,34.07,123.15
2024-10-06 18:00:00,2415.33,1884.36,0.52,335.81,232.85,33.79,-74.37
2024-10-06 19:00:00,2359.08,1946.44,0.39,290.17,226.22,29.42,-136.08
2024-10-06 20:00:00,2238.60,2028.35,0.36,258.45,189.52,28.28,-269.17
2024-10-06 21:00:00,2181.11,2048.66,0.33,234.41,186.04,27.24,-318.10
2024-10-06 22:00:00,2474.96,2179.91,0.27,228.74,176.52,25.63,-138.66
2024-10-06 23:00:00,2459.49,2175.59,0.28,236.75,177.39,25.53,-158.49
2024-10-07 00:00:00,2471.68,2020.08,0.21,255.57,186.37,25.98,-18.95
2024-10-07 01:00:00,2448.50,2102.23,0.24,240.84,178.84,27.40,-103.47
2024-10-07 02:00:00,2409.64,2406.71,0.29,239.28,179.87,26.56,-445.37
2024-10-07 03:00:00,2492.40,2528.62,0.31,271.14,182.86,26.29,-519.28
2024-10-07 04:00:00,2611.93,2621.42,0.32,297.91,187.89,27.06,-525.36
2024-10-07 05:00:00,3022.31,2714.05,3.83,285.38,181.57,28.24,-193.39
2024-10-07 06:00:00,3090.30,2891.35,55.37,268.92,184.76,27.94,-340.50
2024-10-07 07:00:00,3217.55,3017.25,133.05,229.39,192.92,27.04,-384.49
2024-10-07 08:00:00,3277.67,3136.28,177.90,226.87,200.61,24.82,-491.28
2024-10-07 09:00:00,3334.09,3154.52,189.21,203.78,200.68,27.67,-444.23
2024-10-07 10:00:00,3346.03,2996.30,207.66,198.31,188.35,36.95,-284.00
2024-10-07 11:00:00,3344.32,2857.48,211.67,199.64,187.84,38.45,-153.42
2024-10-07 12:00:00,3204.57,2452.85,169.85,233.15,190.18,38.06,117.94
2024-10-07 13:00:00,3040.65,2260.57,182.74,300.09,219.19,38.75,36.70
2024-10-07 14:00:00,2992.80,2057.46,213.09,382.85,410.15,57.82,-131.16
2024-10-07 15:00:00,3039.16,1861.89,115.34,618.05,459.49,61.98,-80.16
2024-10-07 16:00:00,2922.22,1551.90,16.70,717.04,557.19,71.15,5.74
2024-10-07 17:00:00,2844.94,1332.72,0.54,753.96,614.76,74.33,66.24
2024-10-07 18:00:00,2680.18,1144.18,0.37,777.33,388.56,51.03,316.40
2024-10-07 19:00:00,2524.76,965.89,0.31,808.95,430.86,61.50,254.94
2024-10-07 20:00:00,2360.13,1024.32,0.29,787.21,369.42,49.11,127.46
2024-10-07 21:00:00,2248.07,933.45,0.25,562.59,195.06,40.46,513.95
2024-10-07 22:00:00,2237.53,881.23,0.23,464.97,175.43,39.74,673.66
2024-10-07 23:00:00,2245.04,795.71,0.24,488.38,167.91,40.37,750.06
2024-10-08 00:00:00,2263.40,815.76,0.21,420.28,198.39,40.88,785.68
2024-10-08 01:00:00,2287.37,779.32,0.18,359.05,164.30,40.45,941.88
2024-10-08 02:00:00,2241.45,883.89,0.17,378.92,195.50,40.66,740.22
2024-10-08 03:00:00,2238.59,929.59,0.17,354.64,180.53,41.47,729.92
2024-10-08 04:00:00,2539.42,1188.99,0.24,519.10,254.03,43.71,530.87
2024-10-08 05:00:00,2921.25,1621.26,0.43,648.35,222.43,49.17,377.04
2024-10-08 06:00:00,3038.30,1850.28,28.32,688.98,226.49,46.27,195.62
2024-10-08 07:00:00,3049.56,2022.27,109.12,513.99,220.77,46.51,134.53
2024-10-08 08:00:00,3140.73,2079.92,151.52,483.02,269.34,46.17,108.43
2024-10-08 09:00:00,3165.14,2090.14,170.62,469.99,340.26,60.79,30.96
2024-10-08 10:00:00,3149.44,2149.34,184.63,320.06,211.15,39.38,242.59
2024-10-08 11:00:00,3194.15,2167.53,179.27,394.31,209.17,39.79,201.71
2024-10-08 12:00:00,3102.38,2027.56,200.07,476.82,350.46,55.61,-10.49
2024-10-08 13:00:00,2962.13,2075.00,165.18,561.89,359.94,45.34,-247.70
2024-10-08 14:00:00,2951.89,2089.33,131.41,649.84,338.11,42.43,-301.84
2024-10-08 15:00:00,3057.89,1948.43,74.64,822.53,377.88,45.10,-213.17
2024-10-08 16:00:00,2993.28,1807.70,15.81,823.55,426.83,46.82,-129.84
2024-10-08 17:00:00,2883.83,1710.99,0.41,816.86,386.93,46.43,-80.20
2024-10-08 18:00:00,2697.51,1502.93,0.31,824.83,372.81,45.33,-51.25
2024-10-08 19:00:00,2565.23,1558.13,0.24,772.61,310.14,44.77,-122.94
2024-10-08 20:00:00,2406.58,1418.47,0.20,570.51,215.65,43.14,156.17
2024-10-08 21:00:00,2310.23,1195.71,0.20,514.67,227.67,39.11,330.55
2024-10-08 22:00:00,2386.63,1141.17,0.13,286.52,171.06,40.41,744.97
2024-10-08 23:00:00,2410.15,1002.75,0.19,238.86,174.26,38.03,953.61
2024-10-09 00:00:00,2452.58,883.72,0.15,234.28,173.67,38.07,1120.37
2024-10-09 01:00:00,2427.88,816.46,0.19,221.76,174.71,37.53,1174.90
2024-10-09 02:00:00,2423.28,862.86,0.22,233.89,171.51,36.47,1115.97
2024-10-09 03:00:00,2300.41,732.86,0.28,309.55,174.04,37.42,1043.96
2024-10-09 04:00:00,2546.11,766.00,0.32,595.94,182.44,40.32,958.50
2024-10-09 05:00:00,2891.03,732.64,10.37,815.21,212.68,44.72,1072.80
2024-10-09 06:00:00,3002.77,779.82,94.87,808.32,216.84,45.11,1055.45
2024-10-09 07:00:00,3077.92,822.72,295.14,538.75,196.66,43.40,1178.80
2024-10-09 08:00:00,3186.62,978.82,439.16,363.44,150.75,42.23,1209.93
2024-10-09 09:00:00,3194.64,1011.49,493.48,274.40,144.68,40.10,1228.00
2024-10-09 10:00:00,3155.94,1036.74,525.31,272.06,146.57,38.86,1133.84
2024-10-09 11:00:00,3199.05,1032.88,744.89,276.85,150.90,39.36,951.57
2024-10-09 12:00:00,3061.10,1019.78,697.10,300.00,175.61,40.44,825.48
2024-10-09 13:00:00,2956.68,1031.18,588.18,416.15,216.18,39.60,662.78
2024-10-09 14:00:00,2891.33,1020.12,337.46,687.55,273.80,42.69,527.04
2024-10-09 15:00:00,3023.84,896.17,196.03,733.26,347.47,47.49,800.69
2024-10-09 16:00:00,2937.22,919.18,16.24,689.76,333.67,58.51,917.06
2024-10-09 17:00:00,2913.11,985.41,0.67,578.37,319.57,58.55,967.95
2024-10-09 18:00:00,2808.88,1107.28,0.51,576.43,305.45,58.28,758.43
2024-10-09 19:00:00,2624.22,1025.75,0.45,607.56,244.98,50.85,692.12
2024-10-09 20:00:00,2391.31,830.33,0.35,533.50,150.69,48.69,825.37
2024-10-09 21:00:00,2338.72,561.98,0.34,309.70,138.69,46.24,1279.40
2024-10-09 22:00:00,2277.49,350.45,0.32,275.89,127.55,44.30,1476.65
2024-10-09 23:00:00,2438.34,212.90,0.25,258.17,125.94,41.15,1797.54
2024-10-10 00:00:00,2544.02,126.39,0.25,253.53,124.29,41.09,1996.17
2024-10-10 01:00:00,2611.16,59.28,0.20,240.89,121.62,41.00,2145.96
2024-10-10 02:00:00,2672.88,34.04,0.19,223.23,120.95,40.90,2251.32
2024-10-10 03:00:00,2703.43,108.08,0.24,249.49,120.05,43.00,2180.18
2024-10-10 04:00:00,2681.87,532.42,0.29,344.31,124.44,46.15,1631.71
2024-10-10 05:00:00,2924.77,1263.69,0.41,426.87,142.16,46.36,1042.50
2024-10-10 06:00:00,3102.14,1735.18,27.66,483.77,154.54,47.21,651.40
2024-10-10 07:00:00,3151.26,2191.17,89.12,376.76,158.84,46.66,286.19
2024-10-10 08:00:00,3233.92,2516.14,227.94,357.36,164.31,44.36,-78.70
2024-10-10 09:00:00,3298.78,2921.77,425.06,246.20,169.61,32.09,-498.51
2024-10-10 10:00:00,3434.58,3399.54,672.25,79.19,176.88,28.14,-924.00
2024-10-10 11:00:00,3600.30,4069.07,771.28,64.85,194.59,27.25,-1529.31
2024-10-10 12:00:00,3520.64,4292.34,821.51,73.07,239.33,27.66,-1935.69
2024-10-10 13:00:00,3313.75,4379.31,656.03,77.38,244.21,28.05,-2073.70
2024-10-10 14:00:00,3354.72,4425.43,478.60,84.13,231.68,37.51,-1905.25
2024-10-10 15:00:00,3313.77,4279.66,168.88,89.41,222.45,45.08,-1494.15
2024-10-10 16:00:00,3311.33,4259.66,15.49,86.48,212.97,47.46,-1313.41
2024-10-10 17:00:00,3355.25,4370.24,1.19,86.05,212.27,47.02,-1363.97
2024-10-10 18:00:00,3207.48,4545.67,0.92,74.72,211.43,47.06,-1674.70
2024-10-10 19:00:00,3249.59,4648.26,0.73,68.24,207.60,47.40,-1724.91
2024-10-10 20:00:00,3023.77,4552.45,0.73,68.30,205.02,44.07,-1849.17
2024-10-10 21:00:00,2799.34,4412.36,0.63,67.87,194.78,41.01,-1919.60
2024-10-10 22:00:00,2851.03,4171.05,0.53,67.17,167.76,28.41,-1586.28
2024-10-10 23:00:00,2850.24,4044.83,0.49,67.16,166.83,27.11,-1458.32
2024-10-11 00:00:00,2728.25,3883.32,0.40,67.35,166.03,27.46,-1418.50
2024-10-11 01:00:00,2658.21,3797.34,0.29,66.99,176.40,27.29,-1412.24
2024-10-11 02:00:00,2543.93,3648.10,0.30,67.08,175.47,27.12,-1376.38
2024-10-11 03:00:00,2611.69,3515.09,0.32,68.21,172.05,28.01,-1174.31
2024-10-11 04:00:00,2799.82,3282.00,0.33,101.66,200.94,31.34,-818.92
2024-10-11 05:00:00,3102.39,3133.42,2.72,151.39,205.66,42.63,-435.88
2024-10-11 06:00:00,3158.17,2933.88,135.73,181.01,462.72,57.27,-614.83
2024-10-11 07:00:00,3105.17,2510.88,524.03,113.51,243.83,45.03,-334.52
2024-10-11 08:00:00,3215.12,2300.53,1015.18,80.00,240.20,43.45,-466.73
2024-10-11 09:00:00,3278.22,2475.65,1222.77,76.97,247.60,42.57,-789.83
2024-10-11 10:00:00,3246.06,2804.75,1175.83,97.25,234.18,41.42,-1109.97
2024-10-11 11:00:00,3236.34,3003.88,1086.09,220.46,234.70,41.54,-1353.06
2024-10-11 12:00:00,3056.15,3151.41,848.12,253.04,222.42,42.31,-1463.72
2024-10-11 13:00:00,3066.51,3274.61,710.82,245.90,216.28,43.22,-1426.67
2024-10-11 14:00:00,3039.65,3393.25,485.86,313.41,220.50,43.28,-1419.19
2024-10-11 15:00:00,2983.52,3371.17,165.77,515.25,237.49,44.43,-1353.12
2024-10-11 16:00:00,2948.38,3297.79,10.81,678.30,359.19,48.30,-1448.41
2024-10-11 17:00:00,2871.60,3099.97,0.86,689.42,420.92,51.60,-1393.56
2024-10-11 18:00:00,2763.13,3133.70,0.55,569.64,422.29,55.85,-1421.20
2024-10-11 19:00:00,2609.79,2973.04,0.47,547.67,386.34,56.73,-1356.88
2024-10-11 20:00:00,2343.39,2480.54,0.38,576.20,337.90,52.86,-1106.76
2024-10-11 21:00:00,2205.93,1885.34,0.31,479.06,313.24,49.17,-523.55
2024-10-11 22:00:00,2187.24,1408.91,0.28,382.80,237.64,47.82,107.63
2024-10-11 23:00:00,2143.39,1071.00,0.23,395.49,215.65,48.55,410.20
2024-10-12 00:00:00,2135.30,936.23,0.24,355.68,210.33,48.31,582.39
2024-10-12 01:00:00,2055.28,822.84,0.19,396.13,202.41,46.74,584.91
2024-10-12 02:00:00,2040.83,1095.76,0.26,371.16,200.94,46.07,324.42
2024-10-12 03:00:00,2042.49,1098.06,0.26,378.15,210.82,48.32,304.77
2024-10-12 04:00:00,2105.28,1130.36,0.31,498.30,245.52,51.04,177.69
2024-10-12 05:00:00,2310.70,1527.70,2.13,470.43,215.15,51.93,41.19
2024-10-12 06:00:00,2540.99,1892.87,102.96,287.87,194.47,48.20,12.45
2024-10-12 07:00:00,2648.89,2168.76,409.32,232.49,224.91,47.15,-436.20
2024-10-12 08:00:00,2880.46,2487.84,783.13,196.11,248.31,47.84,-885.12
2024-10-12 09:00:00,2961.46,2827.93,1019.90,194.39,253.04,44.87,-1381.20
2024-10-12 10:00:00,3017.32,3198.94,1086.95,191.56,234.89,33.19,-1730.68
2024-10-12 11:00:00,3063.39,3459.65,978.44,195.24,221.97,32.18,-1826.53
2024-10-12 12:00:00,2915.39,3532.90,836.76,199.48,196.78,34.05,-1886.92
2024-10-12 13:00:00,2789.06,3516.98,548.04,205.66,200.99,43.55,-1728.60
2024-10-12 14:00:00,2776.18,3311.22,271.18,210.45,198.49,45.45,-1262.94
2024-10-12 15:00:00,2745.43,3201.97,103.94,296.11,220.17,52.11,-1131.35
2024-10-12 16:00:00,2831.41,3295.43,8.00,229.14,212.72,53.77,-970.13
2024-10-12 17:00:00,2675.83,3375.85,0.80,224.69,217.07,52.61,-1197.40
2024-10-12 18:00:00,2566.37,3634.44,0.71,219.47,214.22,48.14,-1552.96
2024-10-12 19:00:00,2484.30,3790.77,0.63,212.66,206.07,40.69,-1768.73
2024-10-12 20:00:00,2467.47,3773.74,0.55,206.26,190.91,36.82,-1743.18
2024-10-12 21:00:00,2507.21,3536.56,0.48,141.59,175.19,34.70,-1383.53
2024-10-12 22:00:00,2792.97,2424.12,0.40,72.39,138.15,32.79,122.92
2024-10-12 23:00:00,2803.32,2414.25,0.37,72.39,138.47,32.58,143.07
2024-10-13 00:00:00,2751.39,1918.15,0.32,72.41,127.51,33.08,597.86
2024-10-13 01:00:00,2700.06,1456.70,0.25,72.48,105.18,32.90,1030.52
2024-10-13 02:00:00,2692.51,1251.12,0.21,72.74,86.81,37.52,1242.04
2024-10-13 03:00:00,2664.82,1102.91,0.20,72.47,90.17,35.04,1361.98
2024-10-13 04:00:00,2630.16,1389.69,0.22,72.11,105.15,35.69,1025.20
2024-10-13 05:00:00,2677.01,1064.16,0.26,71.89,113.65,35.44,1389.41
2024-10-13 06:00:00,2575.50,899.70,40.20,71.68,136.97,34.26,1390.39
2024-10-13 07:00:00,2789.63,637.56,280.55,72.12,155.86,33.93,1607.26
2024-10-13 08:00:00,3180.80,900.84,688.13,72.16,147.33,34.30,1335.74
2024-10-13 09:00:00,3132.80,1007.96,1043.42,72.28,168.73,31.84,806.20
2024-10-13 10:00:00,3149.97,1324.17,1157.76,72.02,173.09,30.71,389.60
2024-10-13 11:00:00,3087.90,1464.98,1045.03,72.00,173.28,31.35,298.77
2024-10-13 12:00:00,3045.95,1537.76,896.09,72.12,161.27,30.98,345.41
2024-10-13 13:00:00,2896.22,1620.80,628.32,72.31,168.93,31.62,371.63
2024-10-13 14:00:00,2820.86,1725.52,276.42,72.93,178.14,39.25,526.12
2024-10-13 15:00:00,2894.89,1822.27,104.06,83.94,183.40,46.93,651.81
2024-10-13 16:00:00,2722.30,1916.77,6.46,115.18,190.84,51.73,438.89
2024-10-13 17:00:00,2584.01,1915.07,0.97,138.50,211.48,52.65,263.03
2024-10-13 18:00:00,2500.10,1824.57,0.96,158.45,205.11,52.01,256.50
2024-10-13 19:00:00,2404.45,1817.38,0.90,157.02,218.24,51.73,156.80
2024-10-13 20:00:00,2384.07,1916.32,0.79,156.49,191.88,51.62,64.65
2024-10-13 21:00:00,2288.54,2002.58,0.71,119.61,212.20,50.21,-99.12
2024-10-13 22:00:00,2411.06,2075.34,0.62,78.39,190.10,47.30,17.13
2024-10-13 23:00:00,2380.78,2160.25,0.61,71.27,182.77,47.91,-84.33
2024-10-14 00:00:00,2389.11,2237.21,0.38,72.22,203.81,48.36,-175.07
2024-10-14 01:00:00,2302.44,2137.82,0.32,74.27,202.12,46.97,-161.10
2024-10-14 02:00:00,2321.15,2170.25,0.37,120.97,199.62,48.36,-220.59
2024-10-14 03:00:00,2356.72,2166.26,0.37,233.18,217.83,49.86,-313.02
2024-10-14 04:00:00,2604.50,2088.07,0.37,519.76,259.09,52.85,-318.07
2024-10-14 05:00:00,2935.62,1989.23,0.88,519.45,377.48,56.57,-10.49
2024-10-14 06:00:00,3021.26,2042.18,81.87,730.79,425.42,58.31,-319.94
2024-10-14 07:00:00,3026.79,2006.13,415.55,649.93,441.20,58.37,-546.78
2024-10-14 08:00:00,3142.55,2021.27,877.82,642.77,434.01,53.30,-888.11
2024-10-14 09:00:00,3167.09,2197.76,1029.53,466.00,354.93,48.52,-931.16
2024-10-14 10:00:00,3095.13,2161.92,986.31,489.17,338.36,47.89,-930.98
2024-10-14 11:00:00,3129.11,2160.58,1001.01,491.22,333.47,47.90,-907.70
2024-10-14 12:00:00,3064.94,2141.16,975.33,548.85,327.63,48.61,-979.55
2024-10-14 13:00:00,2936.25,2049.40,774.58,661.56,341.54,50.80,-944.50
2024-10-14 14:00:00,2889.66,1809.01,528.51,743.94,390.70,51.56,-636.90
2024-10-14 15:00:00,2966.40,1637.64,206.81,763.07,530.71,59.23,-233.71
2024-10-14 16:00:00,2947.33,1536.67,14.67,762.26,509.11,65.62,56.43
2024-10-14 17:00:00,2846.89,1439.21,1.18,762.52,508.27,65.02,68.10
2024-10-14 18:00:00,2677.51,1354.23,0.65,741.60,487.73,64.22,26.37
2024-10-14 19:00:00,2558.71,1169.23,0.42,723.35,413.99,55.12,194.24
2024-10-14 20:00:00,2446.95,1136.28,0.35,685.79,406.29,55.28,160.58
2024-10-14 21:00:00,2340.33,1112.67,0.27,499.74,353.89,50.48,320.91
2024-10-14 22:00:00,2302.84,1062.81,0.26,379.78,267.73,47.75,542.26
2024-10-14 23:00:00,2334.30,958.28,0.24,407.18,213.30,47.36,705.56
2024-10-15 00:00:00,2277.06,791.75,0.21,376.97,205.80,47.60,852.39
2024-10-15 01:00:00,2269.62,660.76,0.20,391.72,202.90,47.13,964.57
2024-10-15 02:00:00,2250.88,573.80,0.18,419.63,198.65,47.93,1008.53
2024-10-15 03:00:00,2313.90,489.08,0.21,486.57,250.00,49.28,1036.54
2024-10-15 04:00:00,2641.41,365.73,0.29,715.82,399.24,52.98,1105.12
2024-10-15 05:00:00,2974.55,206.45,2.13,755.47,484.16,66.02,1457.92
2024-10-15 06:00:00,3093.96,67.42,128.32,771.09,506.47,66.97,1551.42
2024-10-15 07:00:00,3152.03,25.01,492.04,733.64,470.20,65.80,1363.08
2024-10-15 08:00:00,3181.46,12.20,1042.12,552.16,402.07,53.83,1116.72
2024-10-15 09:00:00,3395.71,12.78,1609.87,387.99,275.64,48.47,1058.55
2024-10-15 10:00:00,3358.23,12.40,1731.44,476.02,312.61,49.45,774.10
2024-10-15 11:00:00,3368.33,7.55,1744.13,489.28,276.44,46.41,802.18
2024-10-15 12:00:00,3289.27,14.68,1569.75,469.97,263.40,47.89,921.19
2024-10-15 13:00:00,3190.19,14.40,1415.52,451.05,252.81,49.43,1004.65
2024-10-15 14:00:00,3014.47,34.71,871.84,507.44,273.79,51.47,1272.85
2024-10-15 15:00:00,2948.71,99.25,270.87,771.73,400.87,58.90,1344.74
2024-10-15 16:00:00,2959.32,306.50,13.69,819.47,394.82,60.29,1362.32
2024-10-15 17:00:00,2955.60,714.56,0.76,744.31,388.17,60.97,1044.52
2024-10-15 18:00:00,2830.90,1160.46,0.49,410.88,338.53,54.51,863.68
2024-10-15 19:00:00,2637.77,1454.21,0.41,340.04,211.69,50.03,579.15
2024-10-15 20:00:00,2580.19,1687.49,0.38,348.51,169.47,50.27,321.71
2024-10-15 21:00:00,2529.15,1863.68,0.31,230.01,180.57,48.54,203.74
2024-10-15 22:00:00,2720.58,1982.20,0.26,190.84,175.09,47.97,322.07
2024-10-15 23:00:00,2888.53,2071.74,0.23,197.76,152.99,47.01,416.65
2024-10-16 00:00:00,3053.25,2211.25,0.21,187.67,150.56,36.89,464.52
2024-10-16 01:00:00,3015.09,2226.57,0.21,186.97,143.17,32.19,423.87
2024-10-16 02:00:00,2915.06,2255.07,0.20,198.20,138.62,32.64,288.17
2024-10-16 03:00:00,2934.24,2524.99,0.22,190.47,141.34,46.87,27.99
2024-10-16 04:00:00,2905.33,2798.44,0.25,204.15,173.24,50.13,-323.37
2024-10-16 05:00:00,3136.35,3063.19,9.65,221.12,194.62,50.97,-405.83
2024-10-16 06:00:00,3272.41,3315.15,84.97,247.23,215.50,50.77,-643.66
2024-10-16 07:00:00,3384.04,3592.76,386.12,274.15,237.34,48.71,-1157.47
2024-10-16 08:00:00,3614.04,3988.36,781.29,202.28,221.75,47.76,-1630.04
2024-10-16 09:00:00,4015.08,4340.34,1363.23,184.68,224.43,34.40,-2134.54
2024-10-16 10:00:00,4228.43,4371.80,1378.46,190.22,205.73,32.29,-1952.55
2024-10-16 11:00:00,4136.44,4332.91,1567.37,193.66,214.40,32.48,-2206.93
2024-10-16 12:00:00,3994.92,4319.69,1040.29,192.98,210.31,40.42,-1811.16
2024-10-16 13:00:00,3856.22,4299.59,861.70,195.65,193.24,35.44,-1731.94
2024-10-16 14:00:00,3520.73,4461.24,694.59,310.95,203.81,36.00,-2188.28
2024-10-16 15:00:00,3390.67,4401.70,180.53,293.44,203.12,39.23,-1729.71
2024-10-16 16:00:00,3326.52,4403.12,11.95,267.73,180.42,39.07,-1578.17
2024-10-16 17:00:00,3258.60,4474.14,0.84,251.98,175.27,39.31,-1685.23
2024-10-16 18:00:00,3085.27,4466.01,0.72,228.70,175.41,35.64,-1823.60
2024-10-16 19:00:00,3075.11,4390.44,0.61,200.14,169.69,35.04,-1723.04
2024-10-16 20:00:00,2899.32,4185.34,0.58,210.43,162.31,35.32,-1696.92
2024-10-16 21:00:00,2970.08,3941.58,0.51,207.55,152.19,34.64,-1368.60
2024-10-16 22:00:00,2895.55,3691.81,0.48,69.44,125.46,31.72,-1025.49
2024-10-16 23:00:00,2890.86,3490.67,0.44,69.80,116.51,31.62,-820.46
2024-10-17 00:00:00,2933.85,3352.16,0.45,69.39,117.13,30.50,-638.04
2024-10-17 01:00:00,2985.15,3288.30,0.39,68.78,120.09,31.46,-526.03
2024-10-17 02:00:00,2895.59,3296.57,0.33,69.01,118.77,32.82,-624.06
2024-10-17 03:00:00,2583.90,3440.11,0.35,69.35,156.27,43.36,-1127.79
2024-10-17 04:00:00,2686.36,3546.63,0.33,70.31,177.34,46.15,-1156.74
2024-10-17 05:00:00,3083.50,3527.23,0.90,85.58,174.24,48.05,-754.91
2024-10-17 06:00:00,3226.73,3473.69,63.68,85.21,183.81,47.00,-628.92
2024-10-17 07:00:00,3343.04,3378.31,458.30,79.47,192.18,35.50,-803.15
2024-10-17 08:00:00,3530.69,3316.58,817.75,75.98,205.04,34.17,-921.26
2024-10-17 09:00:00,3538.95,3135.53,964.62,73.18,206.67,32.90,-876.48
2024-10-17 10:00:00,3535.80,2862.56,1149.29,73.25,202.90,32.86,-787.58
2024-10-17 11:00:00,3322.99,2575.44,876.72,130.87,212.09,34.63,-509.39
2024-10-17 12:00:00,3056.88,2240.25,492.85,260.26,195.78,37.76,-172.46
2024-10-17 13:00:00,2971.86,2188.28,395.79,331.33,221.73,46.58,-214.52
2024-10-17 14:00:00,2920.02,2049.84,196.07,524.53,231.00,50.71,-134.56
2024-10-17 15:00:00,3075.81,1849.62,66.47,711.20,311.66,55.46,78.79
2024-10-17 16:00:00,3072.73,1705.52,7.26,707.05,380.02,54.76,215.26
2024-10-17 17:00:00,2940.83,1607.66,0.79,738.87,384.43,55.65,151.03
2024-10-17 18:00:00,2727.90,1375.76,0.54,739.15,412.71,59.39,138.16
2024-10-17 19:00:00,2600.79,1167.25,0.50,566.84,312.34,55.43,496.28
2024-10-17 20:00:00,2434.08,928.23,0.44,507.71,221.88,56.55,716.98
2024-10-17 21:00:00,2289.90,733.83,0.39,469.39,198.16,53.97,831.61
2024-10-17 22:00:00,2333.19,644.70,0.37,334.92,158.02,51.17,1141.73
2024-10-17 23:00:00,2267.06,452.30,0.34,423.89,158.53,51.54,1178.30
2024-10-18 00:00:00,2218.35,399.82,0.28,472.53,173.72,50.60,1119.27
2024-10-18 01:00:00,2154.14,348.53,0.21,482.10,180.14,50.81,1090.08
2024-10-18 02:00:00,2110.58,210.70,0.22,479.78,175.43,51.28,1190.90
2024-10-18 03:00:00,2171.51,165.64,0.31,487.56,185.77,51.72,1278.36
2024-10-18 04:00:00,2404.76,144.59,0.26,648.98,235.17,53.61,1319.81
2024-10-18 05:00:00,2744.51,239.60,0.36,744.74,288.70,65.10,1403.53
2024-10-18 06:00:00,2897.24,289.43,30.02,738.43,308.32,65.46,1463.38
2024-10-18 07:00:00,2939.44,174.89,97.92,631.09,296.67,66.08,1670.36
2024-10-18 08:00:00,3031.06,86.29,162.60,615.20,347.90,58.57,1758.00
2024-10-18 09:00:00,3012.93,70.46,265.26,483.10,212.14,50.10,1928.97
2024-10-18 10:00:00,3027.28,121.40,432.63,470.41,204.38,50.08,1745.76
2024-10-18 11:00:00,2933.36,289.65,365.89,460.48,201.85,48.49,1564.34
2024-10-18 12:00:00,2812.57,290.87,308.13,473.88,204.14,50.12,1482.82
2024-10-18 13:00:00,2709.00,251.66,238.13,504.27,246.16,50.54,1415.60
2024-10-18 14:00:00,2745.09,216.39,207.87,732.03,300.57,54.03,1231.66
2024-10-18 15:00:00,2785.64,253.84,45.63,748.18,351.15,57.16,1326.90
2024-10-18 16:00:00,2735.51,288.63,0.75,772.30,368.20,60.15,1242.81
2024-10-18 17:00:00,2596.75,429.96,0.32,738.44,361.50,60.44,1003.40
2024-10-18 18:00:00,2421.32,655.13,0.28,725.94,349.30,60.50,627.83
2024-10-18 19:00:00,2332.51,889.91,0.21,678.43,229.45,56.01,476.11
2024-10-18 20:00:00,2224.66,1017.77,0.19,481.09,224.01,55.19,444.03
2024-10-18 21:00:00,2149.03,1097.08,0.22,465.04,207.57,52.06,324.72
2024-10-18 22:00:00,2135.71,1109.81,0.16,507.99,193.68,50.69,270.78
2024-10-18 23:00:00,2141.38,1153.55,0.19,496.96,196.21,48.90,243.19
2024-10-19 00:00:00,2099.32,1011.28,0.17,472.91,189.77,48.75,374.29
2024-10-19 01:00:00,2080.71,955.12,0.14,444.48,192.90,49.09,436.86
2024-10-19 02:00:00,2021.25,847.37,0.16,442.13,273.63,50.68,405.11
2024-10-19 03:00:00,1989.18,778.57,0.16,470.42,239.77,52.76,445.40
2024-10-19 04:00:00,2040.59,850.50,0.18,480.53,292.82,59.72,354.61
2024-10-19 05:00:00,2196.34,960.54,0.32,546.21,234.19,57.49,395.25
2024-10-19 06:00:00,2345.65,971.65,26.07,461.73,185.91,56.54,641.63
2024-10-19 07:00:00,2427.74,734.86,118.17,482.70,178.36,53.98,857.22
2024-10-19 08:00:00,2500.92,662.58,220.52,472.24,176.74,49.64,916.91
2024-10-19 09:00:00,2517.76,614.39,319.13,420.80,174.87,46.25,939.82
2024-10-19 10:00:00,2545.14,603.53,357.64,353.35,267.37,49.86,910.79
2024-10-19 11:00:00,2513.37,517.81,368.01,328.81,179.96,46.07,1070.19
2024-10-19 12:00:00,2472.80,563.33,265.49,445.21,165.49,45.31,985.55
2024-10-19 13:00:00,2491.19,575.84,196.35,361.98,166.21,45.20,1143.12
2024-10-19 14:00:00,2489.45,616.23,105.93,674.34,198.02,48.29,844.17
2024-10-19 15:00:00,2657.71,667.93,31.42,760.30,300.15,56.87,838.44
2024-10-19 16:00:00,2677.81,825.33,0.48,671.92,309.94,57.26,810.56
2024-10-19 17:00:00,2564.51,790.31,0.37,625.27,313.15,57.52,775.56
2024-10-19 18:00:00,2433.04,852.90,0.25,555.33,276.20,54.98,691.21
2024-10-19 19:00:00,2323.21,1082.23,0.21,361.29,188.72,52.76,635.76
2024-10-19 20:00:00,2206.12,1174.05,0.20,334.54,163.61,50.66,480.89
2024-10-19 21:00:00,2155.17,1440.37,0.16,297.46,158.16,46.50,210.29
2024-10-19 22:00:00,2156.16,1659.98,0.15,287.39,167.17,49.83,-10.43
2024-10-19 23:00:00,2185.23,1815.41,0.16,276.64,184.82,47.27,-141.10
2024-10-20 00:00:00,2094.85,1835.07,0.14,302.17,186.92,46.88,-278.34
2024-10-20 01:00:00,2037.58,1842.36,0.14,387.97,219.93,47.64,-462.38
2024-10-20 02:00:00,2070.99,2050.30,0.13,261.53,182.82,46.90,-472.68
2024-10-20 03:00:00,2100.79,2142.88,0.13,199.77,184.58,45.54,-474.05
2024-10-20 04:00:00,2206.75,2213.41,0.15,201.50,193.24,37.98,-441.65
2024-10-20 05:00:00,2242.72,2139.20,0.21,235.79,193.21,39.00,-366.94
2024-10-20 06:00:00,2312.86,1832.32,39.08,318.97,191.71,39.84,-111.30
2024-10-20 07:00:00,2471.46,1831.08,198.19,249.51,189.18,38.52,-37.17
2024-10-20 08:00:00,2994.42,1973.17,393.97,114.00,200.55,37.55,272.95
2024-10-20 09:00:00,3120.23,1670.01,360.67,71.69,198.42,31.01,786.05
2024-10-20 10:00:00,3185.60,1556.64,313.95,72.33,183.64,29.72,1027.14
2024-10-20 11:00:00,3240.84,1299.05,190.58,72.63,161.48,29.57,1485.20
2024-10-20 12:00:00,3330.59,1796.99,252.80,90.65,166.00,29.19,992.72
2024-10-20 13:00:00,3152.28,2413.88,168.51,89.59,173.20,30.29,274.53
2024-10-20 14:00:00,3081.26,3155.19,114.96,97.18,181.22,33.98,-503.40
2024-10-20 15:00:00,2947.51,3397.69,35.25,153.63,186.79,38.56,-867.10
2024-10-20 16:00:00,2950.00,3640.65,0.42,151.79,189.88,41.91,-1076.91
2024-10-20 17:00:00,2872.87,3918.75,0.35,146.37,192.70,40.69,-1428.28
2024-10-20 18:00:00,2923.60,4225.02,0.31,135.73,181.10,40.95,-1661.50
2024-10-20 19:00:00,2983.51,4428.55,0.28,136.28,157.75,38.22,-1779.66
2024-10-20 20:00:00,2896.10,4577.87,0.27,121.59,157.01,36.96,-1999.68
2024-10-20 21:00:00,2891.99,4323.13,0.26,91.87,157.55,36.94,-1719.75
2024-10-20 22:00:00,3086.35,3043.82,0.22,86.45,147.11,30.77,-223.96
2024-10-20 23:00:00,3045.85,2821.13,0.22,79.55,146.63,29.76,-33.50
2024-10-21 00:00:00,3014.13,2719.42,0.20,69.66,148.80,29.73,44.35
2024-10-21 01:00:00,2786.42,2751.44,0.19,91.88,147.95,29.70,-236.71
2024-10-21 02:00:00,2735.65,2877.63,0.19,90.15,156.32,29.47,-419.97
2024-10-21 03:00:00,2912.74,4104.76,0.23,89.58,159.34,29.89,-1473.12
2024-10-21 04:00:00,3127.35,4155.72,0.25,89.71,174.81,37.05,-1332.30
2024-10-21 05:00:00,3237.55,4284.30,0.34,111.10,184.67,40.88,-1386.05
2024-10-21 06:00:00,3268.34,4083.61,44.57,212.99,190.79,41.84,-1307.66
2024-10-21 07:00:00,3249.38,4065.82,126.32,210.36,231.30,41.86,-1428.41
2024-10-21 08:00:00,3339.06,4070.99,259.84,200.53,232.90,41.76,-1469.00
2024-10-21 09:00:00,3480.92,4141.21,425.71,187.70,237.36,39.86,-1553.10
2024-10-21 10:00:00,3443.52,4036.06,430.25,188.70,239.22,35.59,-1488.30
2024-10-21 11:00:00,3402.85,3809.46,390.40,194.45,210.98,36.28,-1240.96
2024-10-21 12:00:00,3415.52,3562.16,391.15,236.45,202.31,36.41,-1015.07
2024-10-21 13:00:00,3198.51,3349.24,286.95,320.95,204.78,36.37,-1002.10
2024-10-21 14:00:00,2999.00,3237.31,161.29,389.93,221.26,42.67,-1055.64
2024-10-21 15:00:00,3119.30,2771.43,49.28,639.90,301.63,45.48,-690.90
2024-10-21 16:00:00,2983.71,2183.21,0.68,832.32,359.57,48.17,-442.48
2024-10-21 17:00:00,2872.33,1747.48,0.35,816.25,369.19,48.54,-111.78
2024-10-21 18:00:00,2685.66,1358.29,0.25,782.49,362.19,48.40,131.86
2024-10-21 19:00:00,2587.51,1236.55,0.21,799.12,303.44,45.42,200.57
2024-10-21 20:00:00,2437.33,1153.05,0.19,773.50,279.36,43.60,185.55
2024-10-21 21:00:00,2283.71,958.83,0.17,602.34,201.06,42.58,476.41
2024-10-21 22:00:00,2236.20,1005.64,0.15,532.70,202.38,39.55,453.55
2024-10-21 23:00:00,2224.00,865.16,0.15,521.52,196.93,38.23,599.95
2024-10-22 00:00:00,2234.16,817.83,0.13,456.97,190.26,37.58,729.42
2024-10-22 01:00:00,2183.64,896.61,0.13,405.47,203.90,37.34,638.14
2024-10-22 02:00:00,2182.75,925.96,0.17,387.16,194.22,37.53,635.61
2024-10-22 03:00:00,2261.13,1044.12,0.18,502.88,178.12,37.10,496.68
2024-10-22 04:00:00,2579.74,1194.40,0.20,710.40,193.43,39.33,439.64
2024-10-22 05:00:00,2959.47,1408.56,0.30,698.82,251.07,43.91,554.35
2024-10-22 06:00:00,3080.29,1634.16,38.67,803.89,263.96,44.70,292.48
2024-10-22 07:00:00,3059.92,1864.00,293.90,768.73,261.44,44.79,-175.38
2024-10-22 08:00:00,3119.56,1950.01,753.38,443.40,232.80,39.32,-301.67
2024-10-22 09:00:00,3217.46,2416.67,1054.60,295.99,237.55,36.52,-826.33
2024-10-22 10:00:00,3434.30,3128.71,1005.87,251.44,221.26,34.19,-1209.40
2024-10-22 11:00:00,3620.68,3526.05,942.13,222.62,220.13,31.60,-1324.27
2024-10-22 12:00:00,3522.69,3576.64,864.63,224.63,221.08,32.63,-1399.39
2024-10-22 13:00:00,3397.01,3555.50,627.39,227.58,188.56,33.60,-1238.21
2024-10-22 14:00:00,3231.53,3409.58,276.03,270.44,222.26,33.72,-982.88
2024-10-22 15:00:00,3113.23,3234.26,64.40,454.01,454.65,46.01,-1142.58
2024-10-22 16:00:00,3116.14,3092.08,0.88,693.43,388.71,39.79,-1101.09
2024-10-22 17:00:00,3019.14,3014.72,0.68,595.71,349.83,38.92,-983.07
2024-10-22 18:00:00,2883.10,3058.97,0.50,566.64,344.67,38.79,-1128.74
2024-10-22 19:00:00,2718.13,2974.91,0.40,612.11,316.80,34.38,-1222.60
2024-10-22 20:00:00,2523.50,2844.94,0.32,507.57,217.41,33.88,-1082.81
2024-10-22 21:00:00,2479.88,2810.16,0.26,323.73,190.07,32.44,-878.78
2024-10-22 22:00:00,2591.39,2658.59,0.23,341.56,183.00,32.61,-626.65
2024-10-22 23:00:00,2418.27,2325.78,0.19,392.64,181.75,32.63,-516.73
2024-10-23 00:00:00,2306.32,2004.35,0.17,450.48,180.58,32.27,-363.61
2024-10-23 01:00:00,2252.29,1940.71,0.16,440.79,179.96,31.93,-343.36
2024-10-23 02:00:00,2259.03,1864.63,0.14,381.45,174.10,32.33,-195.42
2024-10-23 03:00:00,2313.59,1985.94,0.20,450.22,204.81,32.72,-362.17
2024-10-23 04:00:00,2641.73,1920.77,0.29,743.28,298.84,35.46,-358.98
2024-10-23 05:00:00,3061.28,2049.82,0.51,816.46,378.63,34.90,-221.45
2024-10-23 06:00:00,3176.09,2085.50,37.70,820.71,385.54,32.49,-187.80
2024-10-23 07:00:00,3132.73,2104.48,314.81,813.95,395.99,32.56,-531.27
2024-10-23 08:00:00,3118.33,1960.88,591.14,770.42,264.10,29.24,-499.72
2024-10-23 09:00:00,3122.23,1831.59,746.87,571.05,489.58,43.60,-563.34
2024-10-23 10:00:00,3183.49,1944.11,804.15,570.14,471.69,45.99,-655.46
2024-10-23 11:00:00,3210.55,2175.86,778.72,542.05,229.78,34.04,-552.44
2024-10-23 12:00:00,3147.41,2315.75,830.50,483.19,225.03,31.58,-741.02
2024-10-23 13:00:00,3019.45,2180.08,612.67,525.20,239.83,32.82,-573.56
2024-10-23 14:00:00,2943.92,1763.07,326.24,672.16,298.92,35.76,-154.41
2024-10-23 15:00:00,3035.82,1580.54,91.85,839.28,383.73,38.23,99.95
2024-10-23 16:00:00,3097.98,1640.53,2.26,827.78,414.44,39.74,171.04
2024-10-23 17:00:00,2906.89,1783.79,0.70,822.89,411.30,40.51,-154.44
2024-10-23 18:00:00,2748.85,2046.70,0.56,782.26,388.65,41.12,-512.54
2024-10-23 19:00:00,2604.20,2150.10,0.46,785.67,308.45,38.10,-680.53
2024-10-23 20:00:00,2467.16,2107.59,0.40,685.29,284.97,35.44,-648.54
2024-10-23 21:00:00,2323.96,2024.71,0.32,499.01,195.66,34.83,-432.60
2024-10-23 22:00:00,2434.69,2173.09,0.33,444.37,159.83,34.30,-379.35
2024-10-23 23:00:00,2397.15,2142.42,0.29,335.59,162.24,34.24,-279.49
2024-10-24 00:00:00,2385.12,1971.84,0.30,381.69,166.15,34.35,-171.15
2024-10-24 01:00:00,2425.61,1879.98,0.31,483.81,266.80,45.57,-252.92
2024-10-24 02:00:00,2302.73,1764.98,0.25,411.04,159.98,34.81,-70.31
2024-10-24 03:00:00,2387.02,1751.37,0.29,468.92,157.79,34.70,-27.96
2024-10-24 04:00:00,2597.64,1700.13,0.28,707.88,299.39,36.44,-148.54
2024-10-24 05:00:00,2963.46,1833.13,0.41,826.82,384.65,41.94,-125.85
2024-10-24 06:00:00,3059.47,1926.74,21.49,840.57,396.69,42.80,-170.96
2024-10-24 07:00:00,3087.73,1736.21,118.33,767.90,327.63,40.81,94.71
2024-10-24 08:00:00,3160.56,1516.11,300.11,786.56,303.52,47.33,204.29
2024-10-24 09:00:00,3166.71,1354.34,419.37,577.70,194.43,34.82,583.47
2024-10-24 10:00:00,3157.71,1210.82,602.37,540.14,166.64,32.48,602.59
2024-10-24 11:00:00,3220.70,1041.92,747.63,516.82,166.76,32.82,712.22
2024-10-24 12:00:00,3186.54,1054.91,778.81,502.42,169.47,31.93,646.84
2024-10-24 13:00:00,3093.17,945.94,792.57,750.78,208.12,33.06,360.49
2024-10-24 14:00:00,2978.46,935.61,472.44,800.53,267.90,35.91,463.74
2024-10-24 15:00:00,3061.83,1051.82,103.60,827.66,376.82,50.32,649.23
2024-10-24 16:00:00,3056.93,1379.63,0.87,830.42,377.52,52.13,414.21
2024-10-24 17:00:00,2948.81,1739.82,0.54,817.91,377.45,51.08,-40.23
2024-10-24 18:00:00,2779.49,1894.95,0.50,711.64,338.60,40.02,-208.19
2024-10-24 19:00:00,2663.59,2033.52,0.39,535.57,353.97,37.68,-299.85
2024-10-24 20:00:00,2564.72,2075.58,0.28,410.20,222.05,34.79,-180.19
2024-10-24 21:00:00,2406.98,1931.58,0.27,485.49,161.46,33.87,-207.76
2024-10-24 22:00:00,2503.91,1688.94,0.28,490.31,159.02,32.94,130.28
2024-10-24 23:00:00,2468.19,1477.32,0.16,490.99,156.49,32.96,308.02
2024-10-25 00:00:00,2397.38,1344.96,0.17,433.92,156.70,32.82,426.85
2024-10-25 01:00:00,2251.12,1205.10,0.14,453.21,149.65,33.01,408.20
2024-10-25 02:00:00,2171.85,1206.37,0.14,486.25,147.05,34.01,296.03
2024-10-25 03:00:00,2265.04,1126.15,0.19,624.67,176.10,34.14,301.88
2024-10-25 04:00:00,2580.01,980.48,0.27,827.76,274.21,35.45,459.71
2024-10-25 05:00:00,2942.61,862.14,0.31,838.82,335.40,42.21,861.50
2024-10-25 06:00:00,3094.64,682.80,16.76,793.68,331.46,42.89,1224.93
2024-10-25 07:00:00,3073.78,597.74,48.56,754.12,329.30,44.85,1297.11
2024-10-25 08:00:00,3156.23,604.50,146.58,724.88,198.88,41.58,1437.79
2024-10-25 09:00:00,3169.87,545.14,344.17,508.78,148.67,36.17,1584.90
2024-10-25 10:00:00,3081.01,469.52,466.89,502.75,149.45,35.00,1455.36
2024-10-25 11:00:00,2995.89,409.01,452.76,448.82,161.87,36.41,1484.82
2024-10-25 12:00:00,2839.15,470.17,372.48,451.31,171.07,37.91,1334.09
2024-10-25 13:00:00,2785.59,485.46,212.96,693.63,215.74,38.46,1137.23
2024-10-25 14:00:00,2776.32,439.89,85.97,737.86,297.94,41.94,1170.49
2024-10-25 15:00:00,2902.54,344.56,32.69,785.43,407.02,56.41,1273.82
2024-10-25 16:00:00,2870.40,295.23,0.63,833.01,429.27,58.97,1250.83
2024-10-25 17:00:00,2685.48,313.26,0.38,830.17,427.84,59.28,1052.09
2024-10-25 18:00:00,2512.83,256.76,0.30,843.18,368.88,47.40,994.02
2024-10-25 19:00:00,2412.98,294.42,0.26,799.97,290.22,40.13,985.74
2024-10-25 20:00:00,2299.12,274.66,0.29,772.44,264.39,39.96,945.27
2024-10-25 21:00:00,2192.20,236.29,0.25,767.09,153.85,38.67,993.70
2024-10-25 22:00:00,2121.13,174.22,0.25,779.89,152.34,37.52,974.76
2024-10-25 23:00:00,2142.60,120.13,0.24,785.13,144.36,37.72,1052.83
2024-10-26 00:00:00,2135.30,118.85,0.21,768.08,145.21,36.69,1064.23
2024-10-26 01:00:00,2042.37,103.65,0.21,775.78,134.11,36.78,989.83
2024-10-26 02:00:00,2000.09,82.95,0.16,763.92,137.21,37.30,976.67
2024-10-26 03:00:00,1974.95,59.98,0.16,774.99,160.17,39.31,938.47
2024-10-26 04:00:00,2041.79,56.83,0.17,789.86,281.46,40.69,870.96
2024-10-26 05:00:00,2196.62,48.17,0.20,826.81,315.29,46.85,957.43
2024-10-26 06:00:00,2368.60,29.60,25.76,790.80,321.18,48.31,1150.90
2024-10-26 07:00:00,2507.63,39.92,210.59,761.59,292.91,46.59,1153.88
2024-10-26 08:00:00,2615.08,89.92,621.05,626.92,239.59,40.43,995.19
2024-10-26 09:00:00,2712.50,117.11,926.51,424.86,169.88,38.76,1033.25
2024-10-26 10:00:00,2796.17,238.36,1029.33,447.84,174.80,38.51,864.96
2024-10-26 11:00:00,2700.51,371.87,890.10,443.78,172.16,36.64,783.84
2024-10-26 12:00:00,2602.98,441.60,737.39,419.13,168.03,37.50,797.06
2024-10-26 13:00:00,2456.39,580.30,430.08,531.69,175.14,37.63,699.45
2024-10-26 14:00:00,2473.59,645.76,206.99,783.07,295.35,38.75,501.50
2024-10-26 15:00:00,2607.66,871.35,41.83,835.01,368.98,42.35,445.94
2024-10-26 16:00:00,2642.01,1197.19,0.58,844.12,391.68,44.90,161.25
2024-10-26 17:00:00,2503.08,1517.43,0.44,783.42,549.93,53.81,-404.15
2024-10-26 18:00:00,2349.04,1772.05,0.34,692.75,385.82,43.12,-547.21
2024-10-26 19:00:00,2257.08,1889.48,0.26,578.98,231.92,41.07,-486.66
2024-10-26 20:00:00,2160.53,2124.52,0.25,535.57,315.59,41.23,-858.61
2024-10-26 21:00:00,2115.55,2410.58,0.20,455.97,217.27,38.92,-1009.38
2024-10-26 22:00:00,2129.20,2539.19,0.19,468.87,189.26,39.15,-1109.40
2024-10-26 23:00:00,2169.73,2822.24,0.18,424.05,192.41,39.06,-1310.18
2024-10-27 00:00:00,2227.04,2752.87,0.17,308.35,191.68,40.20,-1067.95
2024-10-27 01:00:00,2094.05,2110.59,0.16,307.87,196.36,40.84,-563.48
2024-10-27 02:00:00,2011.11,1523.89,0.14,291.05,172.66,41.17,-19.51
2024-10-27 03:00:00,2022.13,1344.56,0.14,292.75,167.28,41.83,173.86
2024-10-27 04:00:00,1944.35,1371.15,0.14,311.15,169.94,44.16,46.10
2024-10-27 05:00:00,2088.13,1148.25,0.19,342.93,167.77,45.75,381.49
2024-10-27 06:00:00,2190.26,1297.07,7.83,519.79,169.27,46.00,148.43
2024-10-27 07:00:00,2377.17,1573.55,25.04,475.89,179.11,44.93,76.75
2024-10-27 08:00:00,2561.77,2103.79,69.39,438.15,190.51,43.26,-285.45
2024-10-27 09:00:00,2830.82,2416.14,246.77,374.37,200.08,44.70,-453.17
2024-10-27 10:00:00,3024.54,2645.95,654.63,258.47,202.87,41.47,-781.00
2024-10-27 11:00:00,3149.05,2950.64,911.96,354.72,217.39,35.30,-1323.05
2024-10-27 12:00:00,3176.93,3363.69,977.63,239.01,220.45,34.75,-1660.73
2024-10-27 13:00:00,2911.84,3332.68,757.17,427.47,211.84,35.93,-1855.23
2024-10-27 14:00:00,2692.15,2874.20,440.19,421.93,222.62,36.75,-1305.80
2024-10-27 15:00:00,2593.16,2323.45,79.21,644.33,315.12,37.05,-808.27
2024-10-27 16:00:00,2835.18,2128.10,0.65,837.27,417.62,43.54,-594.45
2024-10-27 17:00:00,2757.54,1836.93,0.56,847.68,417.30,43.11,-390.32
2024-10-27 18:00:00,2604.85,1784.63,0.38,833.15,623.97,58.14,-698.11
2024-10-27 19:00:00,2551.33,1820.70,0.28,828.91,397.67,45.81,-544.33
2024-10-27 20:00:00,2452.10,1934.84,0.26,810.23,319.08,41.34,-655.72
2024-10-27 21:00:00,2371.21,2123.83,0.20,638.24,292.47,40.19,-725.71
2024-10-27 22:00:00,2335.46,2370.75,0.18,494.33,221.12,39.09,-792.00
2024-10-27 23:00:00,2298.51,2363.58,0.19,359.10,200.33,39.09,-665.68
2024-10-28 00:00:00,2343.19,2351.70,0.17,302.38,195.78,38.84,-547.54
2024-10-28 01:00:00,2369.36,2232.24,0.17,290.58,194.96,38.19,-388.55
2024-10-28 02:00:00,2330.33,2048.07,0.11,291.80,187.56,37.87,-236.84
2024-10-28 03:00:00,2298.49,1809.04,0.17,295.23,185.43,38.15,-31.29
2024-10-28 04:00:00,2555.32,1573.97,0.20,317.33,179.82,38.33,443.72
2024-10-28 05:00:00,2958.24,1511.48,0.23,496.27,176.75,40.02,731.30
2024-10-28 06:00:00,3089.41,1476.95,13.71,573.46,236.26,45.97,740.85
2024-10-28 07:00:00,3231.01,1541.58,64.30,639.16,238.21,47.88,697.72
2024-10-28 08:00:00,3213.76,1598.45,164.85,605.46,220.76,46.66,575.35
2024-10-28 09:00:00,3244.24,1599.93,189.38,435.26,192.95,37.33,787.36
2024-10-28 10:00:00,3278.74,1375.63,265.17,357.17,198.32,36.89,1043.43
2024-10-28 11:00:00,3182.03,1098.13,223.60,346.50,203.93,37.20,1270.66
2024-10-28 12:00:00,3174.12,756.11,204.56,559.63,195.83,36.46,1419.32
2024-10-28 13:00:00,3084.51,756.37,184.73,730.83,221.13,36.62,1152.84
2024-10-28 14:00:00,3069.55,736.63,100.82,768.05,333.62,38.38,1089.71
2024-10-28 15:00:00,3078.03,574.99,24.75,820.16,436.45,44.72,1174.43
2024-10-28 16:00:00,3241.73,474.85,0.36,848.68,483.25,49.56,1382.28
2024-10-28 17:00:00,3094.11,329.44,0.31,841.12,429.34,47.64,1443.84
2024-10-28 18:00:00,2875.95,214.25,0.27,842.32,426.47,48.07,1342.39
2024-10-28 19:00:00,2707.20,186.41,0.18,821.88,376.58,44.59,1275.56
2024-10-28 20:00:00,2574.14,142.59,0.18,805.24,337.42,40.77,1245.99
2024-10-28 21:00:00,2445.73,118.82,0.15,700.95,286.32,38.26,1299.29
2024-10-28 22:00:00,2327.00,62.17,0.14,676.55,199.18,38.14,1348.78
2024-10-28 23:00:00,2350.35,47.54,0.12,745.24,184.29,37.06,1334.23
2024-10-29 00:00:00,2338.54,44.21,0.13,726.28,184.57,38.51,1342.93
2024-10-29 01:00:00,2315.71,41.25,0.12,707.82,203.69,38.70,1322.27
2024-10-29 02:00:00,2238.92,65.78,0.10,756.29,186.51,39.53,1188.97
2024-10-29 03:00:00,2163.17,53.90,0.18,743.98,195.17,39.06,1129.14
2024-10-29 04:00:00,2261.45,70.06,0.20,757.61,222.32,38.98,1170.31
2024-10-29 05:00:00,2616.07,71.76,0.23,797.92,266.42,41.80,1435.69
2024-10-29 06:00:00,2936.72,82.58,15.88,825.65,347.93,44.19,1618.10
2024-10-29 07:00:00,3053.78,90.37,89.00,828.50,359.48,44.54,1639.76
2024-10-29 08:00:00,3064.41,88.47,216.46,791.29,343.87,42.92,1579.25
2024-10-29 09:00:00,3149.65,109.91,337.33,757.08,304.75,42.40,1595.97
2024-10-29 10:00:00,3141.89,151.91,402.36,747.80,278.07,39.52,1519.85
2024-10-29 11:00:00,3085.31,228.07,333.33,689.49,335.28,37.40,1459.54
2024-10-29 12:00:00,3065.36,369.96,299.56,715.63,361.29,38.38,1278.10
2024-10-29 13:00:00,2983.55,486.36,191.49,763.49,358.56,40.17,1141.11
2024-10-29 14:00:00,2927.40,572.09,91.81,759.60,414.71,43.04,1043.54
2024-10-29 15:00:00,2909.55,601.24,24.44,842.69,469.13,52.49,917.13
2024-10-29 16:00:00,3130.07,677.28,0.81,855.31,530.40,56.11,1007.70
2024-10-29 17:00:00,3028.37,754.41,0.60,832.59,512.53,56.52,869.43
2024-10-29 18:00:00,2813.48,943.22,0.35,820.38,506.57,56.03,484.58
2024-10-29 19:00:00,2650.14,1202.48,0.28,805.24,409.65,44.26,186.01
2024-10-29 20:00:00,2578.48,1663.53,0.19,772.24,335.22,42.77,-237.63
2024-10-29 21:00:00,2462.63,1933.51,0.15,729.35,315.48,40.65,-558.76
2024-10-29 22:00:00,2346.19,2174.56,0.15,722.88,300.62,40.98,-895.26
2024-10-29 23:00:00,2358.13,2308.19,0.15,725.26,270.78,40.53,-988.77
2024-10-30 00:00:00,2387.60,2666.57,0.12,600.91,226.28,40.44,-1148.83
2024-10-30 01:00:00,2424.09,2994.29,0.13,473.28,207.38,40.50,-1293.58
2024-10-30 02:00:00,2482.43,3001.71,0.13,451.83,204.81,40.02,-1218.16
2024-10-30 03:00:00,2469.56,2886.43,0.14,449.34,201.66,40.25,-1110.34
2024-10-30 04:00:00,2544.09,3031.45,0.18,445.97,207.16,40.46,-1183.24
2024-10-30 05:00:00,2806.58,3143.08,0.23,454.20,215.82,40.27,-1049.50
2024-10-30 06:00:00,3117.53,3295.59,17.35,707.55,236.65,43.59,-1185.82
2024-10-30 07:00:00,3223.34,3247.67,189.37,737.21,230.13,45.36,-1228.75
2024-10-30 08:00:00,3301.03,3315.19,462.03,580.13,226.19,45.73,-1330.89
2024-10-30 09:00:00,3559.49,3409.34,771.03,305.50,227.27,37.25,-1193.24
2024-10-30 10:00:00,3650.86,3596.58,985.13,254.66,232.98,34.44,-1455.21
2024-10-30 11:00:00,3557.86,3652.17,963.29,259.95,251.83,36.31,-1608.13
2024-10-30 12:00:00,3507.46,3511.63,868.48,262.87,270.18,38.85,-1447.15
2024-10-30 13:00:00,3283.25,3398.20,536.51,342.48,271.92,41.63,-1309.78
2024-10-30 14:00:00,3089.45,3013.63,254.65,693.32,347.64,44.93,-1267.34
2024-10-30 15:00:00,3064.91,2851.81,39.61,800.66,399.96,48.75,-1078.52
2024-10-30 16:00:00,3254.71,2753.90,0.85,841.15,444.92,46.76,-835.41
2024-10-30 17:00:00,3151.25,2612.60,0.87,821.56,465.49,48.92,-800.63
2024-10-30 18:00:00,2940.73,2293.37,0.57,786.32,445.28,50.95,-638.12
2024-10-30 19:00:00,2788.29,2222.48,0.46,817.64,394.55,51.06,-700.27
2024-10-30 20:00:00,2697.66,2244.61,0.38,786.46,368.98,49.92,-754.90
2024-10-30 21:00:00,2525.19,2073.75,0.35,781.38,351.32,53.78,-737.56
2024-10-30 22:00:00,2385.98,1779.74,0.35,786.60,267.99,54.01,-504.96
2024-10-30 23:00:00,2357.88,1807.72,0.36,703.68,246.47,55.76,-458.43
2024-10-31 00:00:00,2346.90,2218.82,0.28,509.59,250.49,55.29,-689.92
2024-10-31 01:00:00,2339.02,2413.07,0.24,413.38,259.96,55.35,-805.19
2024-10-31 02:00:00,2473.68,2628.29,0.24,301.80,245.78,55.41,-760.03
2024-10-31 03:00:00,2506.52,2849.83,0.26,315.43,249.60,56.37,-967.11
2024-10-31 04:00:00,2600.41,3117.17,0.29,323.16,255.57,53.59,-1151.51
2024-10-31 05:00:00,2847.08,3415.29,0.31,355.40,246.03,54.13,-1226.53
2024-10-31 06:00:00,3149.33,3565.98,10.32,440.75,236.37,55.92,-1162.54
2024-10-31 07:00:00,3256.13,3714.42,43.01,443.80,231.46,56.13,-1235.04
2024-10-31 08:00:00,3354.85,3903.89,109.96,270.98,226.16,53.19,-1211.74
2024-10-31 09:00:00,3571.76,4096.97,174.43,210.26,206.31,52.31,-1170.97
2024-10-31 10:00:00,3578.64,4318.65,218.88,211.14,182.80,47.14,-1402.59
2024-10-31 11:00:00,3597.10,4353.98,195.60,237.38,163.91,48.50,-1404.72
2024-10-31 12:00:00,3588.40,4357.10,191.92,261.35,175.13,44.16,-1443.63
2024-10-31 13:00:00,3551.35,4324.66,148.27,276.07,163.78,39.87,-1403.64
2024-10-31 14:00:00,3533.48,4288.20,67.42,282.06,159.44,37.57,-1303.86
2024-10-31 15:00:00,3469.57,4380.45,9.01,266.43,152.62,39.51,-1380.81
2024-10-31 16:00:00,3612.72,4370.67,0.54,255.11,159.36,40.80,-1216.45
2024-10-31 17:00:00,3545.89,4353.03,0.51,247.66,158.27,39.98,-1256.15
2024-10-31 18:00:00,3340.33,4292.50,0.40,241.21,159.71,39.92,-1395.79
2024-10-31 19:00:00,3336.64,4285.08,0.32,159.94,145.40,40.70,-1297.15
2024-10-31 20:00:00,3170.05,4326.44,0.30,68.83,148.53,40.53,-1416.80
2024-10-31 21:00:00,3054.95,4363.79,0.31,69.45,148.04,39.84,-1568.88
2024-10-31 22:00:00,3004.93,4403.41,0.31,68.92,144.02,40.37,-1654.52
2024-10-31 23:00:00,3230.81,4387.96,0.28,68.38,159.34,37.21,-1424.56
2024-11-01 00:00:00,3267.19,4315.29,0.27,68.46,154.81,37.08,-1310.77
2024-11-01 01:00:00,3291.70,3968.33,0.20,68.59,156.70,38.13,-942.28
2024-11-01 02:00:00,3167.35,3800.60,0.21,68.60,159.90,39.29,-903.31
2024-11-01 03:00:00,3104.30,3749.11,0.24,68.80,161.19,38.51,-915.57
2024-11-01 04:00:00,3098.95,3864.61,0.30,68.60,157.52,38.06,-1032.20
2024-11-01 05:00:00,3241.83,4271.69,0.36,71.85,157.75,37.04,-1299.17
2024-11-01 06:00:00,3600.09,4276.20,4.49,91.87,158.93,37.15,-970.90
2024-11-01 07:00:00,3658.14,4287.11,66.43,89.21,166.24,40.79,-993.90
2024-11-01 08:00:00,3668.59,4257.91,140.22,88.25,165.76,40.76,-1026.53
2024-11-01 09:00:00,3757.94,4341.22,171.92,68.96,166.98,38.02,-1031.42
2024-11-01 10:00:00,3767.39,4313.42,237.90,69.22,161.77,36.36,-1053.46
2024-11-01 11:00:00,3759.11,4187.30,253.15,68.53,157.94,37.26,-947.26
2024-11-01 12:00:00,3699.75,4204.57,284.92,68.87,164.96,38.91,-1064.72
2024-11-01 13:00:00,3592.74,4219.66,205.42,68.12,163.40,41.06,-1107.16
2024-11-01 14:00:00,3637.11,4226.89,116.59,67.90,162.12,43.80,-982.29
2024-11-01 15:00:00,3547.93,4210.89,14.41,68.48,161.02,33.50,-942.68
2024-11-01 16:00:00,3570.20,4082.68,0.45,68.48,165.30,32.02,-780.97
2024-11-01 17:00:00,3229.84,3912.09,0.43,68.32,164.20,32.81,-950.33
2024-11-01 18:00:00,3086.38,3695.70,0.30,68.40,152.34,38.99,-871.64
2024-11-01 19:00:00,3034.16,3449.53,0.23,68.74,164.66,48.85,-700.11
2024-11-01 20:00:00,3111.72,3183.76,0.17,68.34,164.08,49.61,-356.53
2024-11-01 21:00:00,2883.81,3020.17,0.15,72.39,171.02,47.43,-429.65
2024-11-01 22:00:00,2761.05,2743.49,0.13,148.45,179.12,47.19,-359.67
2024-11-01 23:00:00,2492.19,2588.23,0.12,217.70,194.29,48.71,-559.00
2024-11-02 00:00:00,2305.00,2306.78,0.11,301.70,212.60,46.64,-565.25
2024-11-02 01:00:00,2180.02,1908.65,0.09,423.78,231.46,49.60,-435.64
2024-11-02 02:00:00,2167.83,1589.90,0.09,406.61,242.69,52.78,-126.31
2024-11-02 03:00:00,2068.00,1161.40,0.12,398.61,238.71,53.18,213.91
2024-11-02 04:00:00,2140.64,956.64,0.15,427.35,231.64,54.77,468.03
2024-11-02 05:00:00,2205.55,723.72,0.20,556.22,223.71,50.48,649.20
2024-11-02 06:00:00,2404.58,392.43,18.42,635.84,239.68,53.62,1062.53
2024-11-02 07:00:00,2569.22,182.62,221.69,642.51,256.30,55.63,1208.40
2024-11-02 08:00:00,2629.97,121.63,519.36,621.03,270.95,55.36,1039.49
2024-11-02 09:00:00,2669.12,80.18,913.87,453.82,277.87,49.69,891.58
2024-11-02 10:00:00,2617.18,70.71,1141.03,510.75,291.27,50.13,551.19
2024-11-02 11:00:00,2572.69,129.27,1152.18,397.44,316.35,53.09,522.38
2024-11-02 12:00:00,2529.59,189.34,927.51,408.37,373.55,47.34,581.58
2024-11-02 13:00:00,2489.76,278.97,589.45,609.46,373.07,45.70,591.10
2024-11-02 14:00:00,2480.48,252.08,212.96,647.21,396.04,47.39,922.94
2024-11-02 15:00:00,2628.54,315.16,28.68,711.42,441.12,61.08,1069.15
2024-11-02 16:00:00,2850.78,407.32,0.67,697.18,472.20,70.94,1200.56
2024-11-02 17:00:00,2798.02,468.89,0.58,662.25,475.03,70.52,1118.82
2024-11-02 18:00:00,2598.78,624.86,0.38,617.02,444.15,72.44,838.08
2024-11-02 19:00:00,2508.48,849.64,0.31,643.48,439.98,68.21,504.95
2024-11-02 20:00:00,2363.30,1090.50,0.25,644.15,408.03,55.51,162.94
2024-11-02 21:00:00,2261.49,1330.64,0.22,663.57,386.95,53.61,-175.53
2024-11-02 22:00:00,2220.03,1610.58,0.21,646.71,371.89,51.80,-463.08
2024-11-02 23:00:00,2184.89,1829.07,0.18,601.99,285.64,52.67,-586.42
2024-11-03 00:00:00,2157.29,2044.24,0.16,465.13,260.60,52.44,-667.17
2024-11-03 01:00:00,2151.76,2268.06,0.14,396.17,272.12,51.48,-837.96
2024-11-03 02:00:00,2158.11,2554.92,0.13,414.33,273.51,52.52,-1139.05
2024-11-03 03:00:00,2165.50,2632.90,0.14,380.10,265.93,50.82,-1166.13
2024-11-03 04:00:00,2252.63,2837.49,0.14,355.55,346.46,52.14,-1340.88
2024-11-03 05:00:00,2348.95,2961.28,0.19,330.73,291.51,51.19,-1287.69
2024-11-03 06:00:00,2542.96,3024.81,2.20,303.77,250.02,50.57,-1090.23
2024-11-03 07:00:00,2655.44,3178.68,64.30,299.68,208.78,49.49,-1147.44
2024-11-03 08:00:00,2825.48,3258.15,174.69,264.43,210.51,54.48,-1138.67
2024-11-03 09:00:00,2937.18,3209.22,287.67,236.17,213.16,50.47,-1061.34
2024-11-03 10:00:00,3034.96,3240.34,382.38,194.83,219.91,49.57,-1053.99
2024-11-03 11:00:00,3058.28,3198.67,433.88,208.67,218.32,48.36,-1051.46
2024-11-03 12:00:00,2980.72,3227.14,429.04,207.76,197.97,46.79,-1129.87
2024-11-03 13:00:00,2863.91,3232.53,323.92,353.56,279.20,51.30,-1378.50
2024-11-03 14:00:00,2773.65,3319.60,141.27,376.77,227.15,48.41,-1341.47
2024-11-03 15:00:00,2871.12,3400.94,16.12,466.57,356.48,55.99,-1426.89
2024-11-03 16:00:00,3034.06,3440.15,0.49,693.41,247.11,51.88,-1400.87
2024-11-03 17:00:00,2996.02,3361.07,0.41,565.74,303.45,54.01,-1290.57
2024-11-03 18:00:00,2768.55,3339.64,0.31,513.54,246.33,53.98,-1387.16
2024-11-03 19:00:00,2580.55,3106.88,0.24,526.29,253.50,54.16,-1362.40
2024-11-03 20:00:00,2533.34,2697.85,0.17,463.93,217.23,57.19,-904.90
2024-11-03 21:00:00,2388.99,2369.00,0.15,541.24,375.91,69.26,-968.48
2024-11-03 22:00:00,2215.34,1905.50,0.16,465.99,269.82,55.23,-483.39
2024-11-03 23:00:00,2286.99,1465.89,0.14,555.03,326.49,49.34,-111.65
2024-11-04 00:00:00,2242.49,1104.20,0.11,420.77,296.35,50.62,368.68
2024-11-04 01:00:00,2179.60,858.54,0.09,424.78,289.11,50.11,555.26
2024-11-04 02:00:00,2141.25,569.12,0.09,376.62,285.73,48.68,859.21
2024-11-04 03:00:00,2088.60,338.14,0.10,395.81,285.57,48.90,1018.37
2024-11-04 04:00:00,2215.90,180.76,0.13,630.44,294.24,49.30,1059.26
2024-11-04 05:00:00,2615.23,111.73,0.24,760.56,400.31,52.63,1287.99
2024-11-04 06:00:00,2940.09,70.21,4.38,787.50,411.23,63.79,1601.14
2024-11-04 07:00:00,3140.78,49.81,79.08,741.25,414.05,67.26,1787.50
2024-11-04 08:00:00,3135.43,84.29,227.86,669.29,417.60,64.24,1670.27
2024-11-04 09:00:00,3188.78,110.36,336.38,640.80,388.47,53.22,1657.56
2024-11-04 10:00:00,3219.38,90.42,343.93,486.05,346.42,49.94,1900.41
2024-11-04 11:00:00,3164.79,70.76,309.65,634.18,331.98,49.27,1766.77
2024-11-04 12:00:00,3149.21,72.54,238.29,712.07,340.26,49.95,1734.15
2024-11-04 13:00:00,3082.74,118.95,147.72,765.54,367.74,49.79,1630.95
2024-11-04 14:00:00,2995.93,138.05,64.75,779.32,440.61,50.96,1520.16
2024-11-04 15:00:00,3248.75,149.56,7.27,681.34,462.49,61.10,1884.98
2024-11-04 16:00:00,3287.18,143.04,0.59,725.87,511.47,63.67,1840.49
2024-11-04 17:00:00,3102.24,142.64,0.41,735.26,519.07,62.32,1640.63
2024-11-04 18:00:00,2874.20,144.33,0.26,812.17,537.47,68.29,1309.77
2024-11-04 19:00:00,2757.86,170.70,0.24,778.99,468.92,66.88,1270.22
2024-11-04 20:00:00,2595.93,164.66,0.22,785.81,324.77,65.88,1252.70
2024-11-04 21:00:00,2488.74,159.42,0.17,706.12,256.61,51.78,1312.73
2024-11-04 22:00:00,2389.31,111.03,0.20,526.41,223.97,49.55,1476.21
2024-11-04 23:00:00,2539.08,99.56,0.20,516.03,197.89,50.04,1673.43
2024-11-05 00:00:00,2440.21,101.52,0.16,552.82,230.78,50.22,1502.89
2024-11-05 01:00:00,2367.93,107.36,0.20,473.24,191.61,49.08,1544.56
2024-11-05 02:00:00,2281.41,109.09,0.17,449.58,189.77,50.89,1480.07
2024-11-05 03:00:00,2201.93,97.41,0.17,488.42,188.72,48.65,1376.75
2024-11-05 04:00:00,2369.22,102.56,0.18,533.49,205.23,48.13,1477.74
2024-11-05 05:00:00,2837.05,84.12,0.21,536.66,263.67,50.77,1899.59
2024-11-05 06:00:00,3389.76,71.85,2.88,500.99,265.17,57.63,2489.23
2024-11-05 07:00:00,3231.47,72.09,48.65,517.55,287.51,58.56,2245.12
2024-11-05 08:00:00,3121.23,106.60,138.60,677.58,306.92,50.58,1838.89
2024-11-05 09:00:00,3215.84,93.73,228.34,689.20,267.05,44.92,1890.64
2024-11-05 10:00:00,3216.20,87.92,264.22,681.34,259.45,48.19,1873.10
2024-11-05 11:00:00,3175.34,82.63,260.14,719.90,265.24,42.88,1802.60
2024-11-05 12:00:00,3170.73,80.21,206.28,755.23,293.22,37.21,1796.00
2024-11-05 13:00:00,3073.91,54.62,113.32,938.52,289.24,38.39,1637.18
2024-11-05 14:00:00,3080.68,35.33,50.93,1031.12,492.35,56.14,1412.81
2024-11-05 15:00:00,3036.50,19.28,10.46,1034.63,508.41,56.13,1405.36
2024-11-05 16:00:00,3266.00,17.71,8.27,1141.19,596.85,72.08,1427.86
2024-11-05 17:00:00,3036.81,20.78,0.84,1185.28,564.65,67.56,1195.68
2024-11-05 18:00:00,2837.84,27.81,0.32,1183.91,560.22,71.02,992.44
2024-11-05 19:00:00,2697.30,38.77,0.20,1117.00,466.02,60.34,1013.00
2024-11-05 20:00:00,2581.08,31.69,0.22,898.49,400.12,56.29,1192.16
2024-11-05 21:00:00,2468.43,32.24,0.15,725.30,329.31,53.51,1325.93
2024-11-05 22:00:00,2423.77,28.48,0.15,689.40,299.73,51.75,1352.12
2024-11-05 23:00:00,2404.84,18.70,0.16,675.28,239.03,50.61,1419.08
2024-11-06 00:00:00,2422.43,9.11,0.13,643.06,228.05,52.72,1487.19
2024-11-06 01:00:00,2459.95,9.40,0.13,441.61,231.29,52.77,1722.77
2024-11-06 02:00:00,2419.75,7.77,0.09,410.80,232.92,52.79,1713.40
2024-11-06 03:00:00,2342.45,8.04,0.18,451.96,233.64,53.15,1593.61
2024-11-06 04:00:00,2401.31,5.86,0.19,521.97,252.97,53.46,1564.77
2024-11-06 05:00:00,2767.26,10.00,0.31,764.65,380.90,55.75,1553.40
2024-11-06 06:00:00,2989.63,21.20,0.80,818.00,603.67,69.18,1474.38
2024-11-06 07:00:00,3137.99,30.33,26.48,780.00,692.31,83.41,1523.37
2024-11-06 08:00:00,3176.94,47.90,76.40,837.25,498.13,60.65,1654.52
2024-11-06 09:00:00,3226.39,65.04,112.39,886.19,450.77,54.27,1655.47
2024-11-06 10:00:00,3225.09,94.35,146.15,1010.88,450.05,53.77,1467.74
2024-11-06 11:00:00,3158.04,109.44,148.34,1101.96,504.33,56.85,1234.79
2024-11-06 12:00:00,3190.49,117.06,122.75,1158.39,665.09,85.64,1039.24
2024-11-06 13:00:00,3140.46,124.66,93.35,1142.24,618.74,78.84,1080.51
2024-11-06 14:00:00,3025.44,123.05,49.27,1188.43,654.32,83.01,925.12
2024-11-06 15:00:00,3055.04,133.46,9.92,1185.06,658.06,76.32,990.02
2024-11-06 16:00:00,3192.53,171.64,9.02,1193.39,751.70,93.91,970.59
2024-11-06 17:00:00,3056.89,182.99,0.69,1191.85,669.62,76.04,933.59
2024-11-06 18:00:00,2956.97,277.70,0.39,1179.83,636.88,69.68,790.26
2024-11-06 19:00:00,2720.83,370.32,0.29,1136.63,559.43,67.21,584.95
2024-11-06 20:00:00,2679.57,367.14,0.25,874.92,411.66,58.16,965.43
2024-11-06 21:00:00,2489.95,330.99,0.25,737.38,365.28,59.04,994.91
2024-11-06 22:00:00,2420.92,307.47,0.30,612.27,341.34,56.21,1101.30
2024-11-06 23:00:00,2451.68,353.20,0.25,473.19,230.33,54.85,1337.99
2024-11-07 00:00:00,2494.24,418.87,0.22,479.44,203.81,54.79,1335.13
2024-11-07 01:00:00,2538.53,437.62,0.26,474.41,206.07,54.85,1363.11
2024-11-07 02:00:00,2448.83,409.70,0.19,469.76,209.99,55.30,1301.85
2024-11-07 03:00:00,2448.32,362.15,0.19,443.82,212.17,55.99,1372.09
2024-11-07 04:00:00,2409.17,307.99,0.27,498.35,251.42,55.86,1293.19
2024-11-07 05:00:00,2729.85,230.42,0.28,811.59,344.72,57.55,1283.16
2024-11-07 06:00:00,2954.71,183.77,0.53,1042.14,441.27,63.46,1221.03
2024-11-07 07:00:00,3107.09,134.03,25.28,1028.66,446.29,64.68,1405.78
2024-11-07 08:00:00,3260.50,66.95,83.21,854.29,420.42,75.53,1758.11
2024-11-07 09:00:00,3190.82,52.15,152.32,1031.55,404.44,69.70,1478.76
2024-11-07 10:00:00,3201.43,35.40,179.95,1081.03,401.18,66.93,1434.89
2024-11-07 11:00:00,3167.06,20.31,222.67,1078.30,399.43,67.42,1376.99
2024-11-07 12:00:00,3152.69,19.66,184.80,1085.56,400.31,71.32,1389.11
2024-11-07 13:00:00,3075.04,12.91,105.88,1119.87,461.65,74.30,1298.21
2024-11-07 14:00:00,3035.54,8.96,40.54,1121.05,500.67,75.44,1286.87
2024-11-07 15:00:00,3030.57,8.16,9.57,1164.93,566.76,79.01,1199.93
2024-11-07 16:00:00,3177.71,11.77,8.26,1198.28,577.00,79.85,1300.52
2024-11-07 17:00:00,3026.77,11.71,0.64,1202.57,566.04,76.40,1167.35
2024-11-07 18:00:00,2969.33,10.84,0.31,1148.63,568.31,71.75,1167.55
2024-11-07 19:00:00,2698.00,13.68,0.27,1093.07,475.30,61.36,1052.48
2024-11-07 20:00:00,2616.17,29.15,0.26,842.42,416.16,59.14,1267.30
2024-11-07 21:00:00,2461.65,72.77,0.23,733.64,378.94,50.71,1223.60
2024-11-07 22:00:00,2357.95,96.78,0.20,635.81,319.98,49.49,1253.81
2024-11-07 23:00:00,2429.28,140.86,0.18,377.73,240.02,47.55,1621.24
2024-11-08 00:00:00,2507.16,160.40,0.15,287.50,222.55,55.65,1779.12
2024-11-08 01:00:00,2519.50,122.37,0.12,256.87,228.91,61.67,1847.73
2024-11-08 02:00:00,2524.46,112.45,0.13,318.08,218.48,62.82,1810.87
2024-11-08 03:00:00,2465.63,111.04,0.16,274.28,214.37,62.04,1802.15
2024-11-08 04:00:00,2370.23,101.42,0.22,368.64,254.78,61.62,1581.78
2024-11-08 05:00:00,2697.45,115.69,0.27,719.82,370.59,62.95,1426.22
2024-11-08 06:00:00,2967.91,131.99,0.33,772.07,488.42,72.08,1500.91
2024-11-08 07:00:00,3094.26,178.77,23.46,770.29,556.85,74.24,1488.81
2024-11-08 08:00:00,3116.20,244.06,75.42,756.86,505.81,68.32,1463.80
2024-11-08 09:00:00,3183.04,350.79,111.94,748.98,434.38,58.58,1476.55
2024-11-08 10:00:00,3151.14,439.41,153.49,703.97,411.18,59.09,1381.97
2024-11-08 11:00:00,3079.22,468.99,164.09,688.62,372.03,57.40,1325.77
2024-11-08 12:00:00,3030.35,471.27,139.65,672.40,355.35,56.06,1333.26
2024-11-08 13:00:00,2891.88,436.35,77.08,605.18,345.11,57.07,1369.06
2024-11-08 14:00:00,2916.90,486.49,32.58,676.73,367.40,59.08,1292.58
2024-11-08 15:00:00,2995.52,655.39,0.73,703.16,436.98,61.90,1134.97
2024-11-08 16:00:00,3075.33,713.25,0.39,715.51,452.11,65.96,1125.86
2024-11-08 17:00:00,2927.15,856.61,0.35,642.43,438.72,66.25,920.64
2024-11-08 18:00:00,2811.11,985.30,0.24,406.26,374.96,65.90,976.22
2024-11-08 19:00:00,2647.79,1101.15,0.18,465.19,467.45,74.77,537.05
2024-11-08 20:00:00,2842.19,1096.81,0.17,428.86,402.23,74.50,837.74
2024-11-08 21:00:00,2736.21,1098.42,0.14,441.55,449.21,75.86,668.98
2024-11-08 22:00:00,2613.08,1078.77,0.15,451.81,224.28,57.84,798.22
2024-11-08 23:00:00,2278.88,988.14,0.17,526.90,230.05,51.70,480.08
2024-11-09 00:00:00,2222.54,957.38,0.12,665.74,234.56,53.71,309.39
2024-11-09 01:00:00,2153.84,992.55,0.12,662.00,244.13,52.16,201.22
2024-11-09 02:00:00,2094.25,947.52,0.12,629.84,245.70,51.07,218.31
2024-11-09 03:00:00,2046.80,1005.29,0.13,651.65,247.61,52.69,87.88
2024-11-09 04:00:00,2072.02,1082.39,0.16,655.24,248.73,52.69,30.97
2024-11-09 05:00:00,2180.32,1119.37,0.17,658.42,269.93,54.99,75.72
2024-11-09 06:00:00,2349.21,985.87,0.24,648.49,345.75,58.70,308.32
2024-11-09 07:00:00,2512.84,854.09,11.09,669.00,413.88,59.07,503.73
2024-11-09 08:00:00,2624.49,768.37,30.75,677.42,417.66,57.70,670.57
2024-11-09 09:00:00,2701.81,606.15,57.53,718.47,429.34,53.07,835.45
2024-11-09 10:00:00,2733.62,554.33,79.25,667.73,467.84,52.17,910.19
2024-11-09 11:00:00,2735.46,465.29,83.77,641.62,370.78,51.51,1120.48
2024-11-09 12:00:00,2717.97,473.46,72.04,578.72,372.69,52.02,1167.11
2024-11-09 13:00:00,2689.88,473.69,41.42,581.28,484.18,52.43,1054.74
2024-11-09 14:00:00,2674.89,428.94,17.87,699.27,449.76,54.76,1022.27
2024-11-09 15:00:00,2769.70,419.57,0.27,737.28,494.54,67.65,1048.37
2024-11-09 16:00:00,2918.43,387.73,0.32,749.34,516.98,71.96,1190.11
2024-11-09 17:00:00,2772.67,336.23,0.28,750.54,522.94,71.22,1089.54
2024-11-09 18:00:00,2580.54,280.97,0.24,746.28,515.89,71.33,963.93
2024-11-09 19:00:00,2465.16,252.30,0.16,747.40,497.23,59.12,907.16
2024-11-09 20:00:00,2399.95,227.28,0.15,722.73,437.55,57.71,952.72
2024-11-09 21:00:00,2296.33,200.53,0.15,713.23,416.86,55.96,907.81
2024-11-09 22:00:00,2216.27,217.87,0.11,724.21,328.34,54.50,889.61
2024-11-09 23:00:00,2236.96,251.29,0.13,706.11,269.34,54.11,954.41
2024-11-10 00:00:00,2247.39,283.11,0.13,651.12,267.92,54.51,989.06
2024-11-10 01:00:00,2221.25,260.84,0.07,641.87,266.70,54.82,995.47
2024-11-10 02:00:00,2176.34,254.31,0.12,650.08,267.86,54.78,947.70
2024-11-10 03:00:00,2096.18,249.20,0.11,642.18,243.20,54.42,905.57
2024-11-10 04:00:00,2052.11,239.73,0.14,655.50,240.14,53.32,861.79
2024-11-10 05:00:00,2115.80,217.24,0.18,640.68,239.22,56.25,960.60
2024-11-10 06:00:00,2257.31,233.77,0.17,662.15,228.19,57.99,1073.28
2024-11-10 07:00:00,2421.06,273.34,14.65,718.43,232.11,58.59,1122.18
2024-11-10 08:00:00,2570.42,308.18,67.36,711.26,235.72,58.38,1187.56
2024-11-10 09:00:00,2674.47,371.90,117.34,701.58,241.01,55.69,1185.11
2024-11-10 10:00:00,2725.76,462.72,138.67,682.38,257.34,55.08,1127.50
2024-11-10 11:00:00,2735.39,277.82,157.49,685.56,256.65,54.84,1300.95
2024-11-10 12:00:00,2753.54,151.81,158.84,684.55,314.27,55.34,1386.59
2024-11-10 13:00:00,2722.66,161.09,96.49,705.91,368.87,55.12,1333.12
2024-11-10 14:00:00,2752.29,219.48,40.03,760.73,423.91,56.99,1248.89
2024-11-10 15:00:00,2884.65,239.08,9.17,779.89,470.04,59.55,1324.76
2024-11-10 16:00:00,3038.67,247.04,0.38,787.23,502.16,71.84,1427.71
2024-11-10 17:00:00,2833.32,235.50,0.29,775.13,501.33,70.60,1248.37
2024-11-10 18:00:00,2659.76,283.98,0.23,722.02,500.68,72.53,1078.26
2024-11-10 19:00:00,2549.63,258.78,0.23,719.04,473.30,61.84,1034.42
2024-11-10 20:00:00,2450.31,363.72,0.14,687.77,426.95,59.85,909.99
2024-11-10 21:00:00,2383.77,450.99,0.15,634.63,399.38,56.95,839.87
2024-11-10 22:00:00,2307.29,450.78,0.17,612.17,390.30,53.39,798.61
2024-11-10 23:00:00,2342.78,467.53,0.13,619.15,302.07,53.47,898.65
2024-11-11 00:00:00,2390.07,366.86,0.12,620.88,285.72,52.55,1062.18
2024-11-11 01:00:00,2370.57,219.39,0.15,555.71,250.34,52.92,1290.56
2024-11-11 02:00:00,2344.79,123.90,0.13,420.04,289.89,54.50,1454.67
2024-11-11 03:00:00,2313.18,65.80,0.12,428.40,489.07,69.02,1259.23
2024-11-11 04:00:00,2333.07,106.75,0.16,602.54,442.85,62.55,1116.43
2024-11-11 05:00:00,2643.27,244.04,0.24,680.29,360.04,59.27,1297.49
2024-11-11 06:00:00,3017.26,327.83,0.27,730.10,421.99,65.05,1470.01
2024-11-11 07:00:00,3178.62,291.06,25.79,736.44,449.50,65.40,1608.17
2024-11-11 08:00:00,3191.74,246.77,73.48,762.42,487.99,66.17,1552.79
2024-11-11 09:00:00,3313.77,306.89,137.14,736.10,427.09,56.93,1647.72
2024-11-11 10:00:00,3281.80,299.77,149.81,732.23,398.62,53.22,1646.15
2024-11-11 11:00:00,3223.68,368.37,166.46,742.73,382.67,52.92,1508.27
2024-11-11 12:00:00,3258.27,467.06,189.05,723.80,391.48,54.90,1429.64
2024-11-11 13:00:00,3210.79,501.75,171.77,741.40,410.95,54.20,1328.58
2024-11-11 14:00:00,3101.44,557.69,69.70,757.58,434.05,58.84,1221.21
2024-11-11 15:00:00,3158.50,552.53,13.10,759.15,477.20,59.58,1294.95
2024-11-11 16:00:00,3315.29,513.93,0.42,768.42,516.47,69.54,1444.29
2024-11-11 17:00:00,3143.47,492.53,0.36,767.40,521.59,64.50,1295.06
2024-11-11 18:00:00,2951.77,405.84,0.21,763.74,504.21,57.74,1218.09
2024-11-11 19:00:00,2803.91,297.47,0.20,737.81,461.38,49.24,1255.94
2024-11-11 20:00:00,2701.40,221.73,0.19,644.69,306.98,50.75,1475.14
2024-11-11 21:00:00,2572.44,167.84,0.15,624.69,264.71,51.82,1461.34
2024-11-11 22:00:00,2488.98,155.83,0.16,617.92,248.99,48.03,1415.96
2024-11-11 23:00:00,2529.30,167.81,0.16,630.79,238.75,47.94,1441.89
2024-11-12 00:00:00,2584.87,171.74,0.11,630.11,247.69,49.18,1484.13
2024-11-12 01:00:00,2565.25,195.99,0.14,627.74,246.27,53.20,1440.20
2024-11-12 02:00:00,2427.89,190.45,0.12,696.91,245.97,51.17,1241.58
2024-11-12 03:00:00,2387.26,169.55,0.13,696.22,244.33,50.10,1225.23
2024-11-12 04:00:00,2473.94,177.50,0.21,637.79,252.95,49.67,1353.97
2024-11-12 05:00:00,2761.85,123.08,0.27,813.82,362.35,52.20,1408.09
2024-11-12 06:00:00,3137.83,93.36,10.89,1017.19,530.78,64.62,1418.86
2024-11-12 07:00:00,3231.77,69.69,94.03,1125.89,547.81,67.36,1324.92
2024-11-12 08:00:00,3279.52,67.38,410.54,1088.13,567.00,70.07,1074.21
2024-11-12 09:00:00,3409.35,51.34,798.59,1132.78,525.24,67.00,832.40
2024-11-12 10:00:00,3448.82,28.56,946.44,1080.51,497.01,56.44,837.67
2024-11-12 11:00:00,3427.60,26.83,970.29,1072.51,513.22,50.68,791.99
2024-11-12 12:00:00,3246.40,16.59,713.99,1079.76,497.24,52.42,884.06
2024-11-12 13:00:00,3094.35,9.32,382.59,1019.89,523.04,54.45,1102.92
2024-11-12 14:00:00,3017.21,18.62,131.38,1109.50,558.65,67.88,1128.88
2024-11-12 15:00:00,3108.70,27.64,9.18,1131.92,643.97,65.35,1228.45
2024-11-12 16:00:00,3273.90,30.98,0.98,1053.86,660.06,69.79,1456.14
2024-11-12 17:00:00,3137.54,33.92,0.59,920.37,635.64,66.02,1478.91
2024-11-12 18:00:00,2968.76,42.19,0.37,1082.11,596.18,73.20,1172.79
2024-11-12 19:00:00,2809.93,92.06,0.33,1036.02,551.22,70.87,1057.43
2024-11-12 20:00:00,2702.98,164.99,0.27,845.14,450.68,61.43,1178.41
2024-11-12 21:00:00,2579.73,252.45,0.21,778.13,429.36,62.55,1055.18
2024-11-12 22:00:00,2499.56,437.08,0.18,754.90,395.92,58.16,851.30
2024-11-12 23:00:00,2521.47,589.57,0.17,702.47,290.35,60.23,876.80
2024-11-13 00:00:00,2539.24,692.91,0.16,718.36,272.02,59.17,794.93
2024-11-13 01:00:00,2541.91,804.37,0.14,705.91,282.52,57.63,689.48
2024-11-13 02:00:00,2475.27,955.45,0.13,722.07,336.66,59.21,399.76
2024-11-13 03:00:00,2385.45,1098.93,0.14,700.81,290.37,59.88,233.57
2024-11-13 04:00:00,2514.37,1354.48,0.18,708.71,309.11,60.41,79.67
2024-11-13 05:00:00,2791.19,1348.38,0.31,848.42,429.31,62.97,99.74
2024-11-13 06:00:00,3092.15,1208.52,0.40,1077.71,626.97,76.80,99.41
2024-11-13 07:00:00,3203.89,1292.10,30.08,1129.25,654.59,81.88,13.68
2024-11-13 08:00:00,3204.39,1388.28,183.12,1125.44,620.31,74.84,-189.93
2024-11-13 09:00:00,3246.82,1486.41,289.02,1074.92,573.67,62.73,-242.20
2024-11-13 10:00:00,3293.73,1645.89,379.41,1093.21,494.26,57.90,-379.52
2024-11-13 11:00:00,3184.36,1615.48,305.88,990.00,483.29,60.66,-273.40
2024-11-13 12:00:00,3212.14,1643.13,204.34,789.21,479.44,64.60,28.81
2024-11-13 13:00:00,3251.30,1942.60,121.66,841.42,513.41,69.88,-240.18
2024-11-13 14:00:00,3279.82,2347.78,37.63,808.58,547.38,84.85,-548.98
2024-11-13 15:00:00,3310.47,2516.57,0.65,671.85,564.23,89.10,-534.59
2024-11-13 16:00:00,3426.64,2758.46,0.67,899.71,582.91,89.00,-906.73
2024-11-13 17:00:00,3249.44,2839.55,0.48,1111.83,518.67,86.25,-1309.53
2024-11-13 18:00:00,3077.88,2964.03,0.40,1069.27,464.83,85.68,-1508.73
2024-11-13 19:00:00,2941.51,3033.32,0.35,729.74,380.65,71.38,-1276.00
2024-11-13 20:00:00,2929.51,3238.03,0.30,474.96,292.42,71.38,-1149.93
2024-11-13 21:00:00,2853.52,3208.63,0.29,335.57,216.97,68.80,-979.07
2024-11-13 22:00:00,2881.29,3220.98,0.30,214.19,215.91,68.47,-840.83
2024-11-13 23:00:00,2968.47,3346.31,0.29,201.00,208.13,64.94,-854.14
2024-11-14 00:00:00,2959.64,3357.77,0.26,203.63,213.80,66.01,-883.73
2024-11-14 01:00:00,2900.26,3239.81,0.29,202.33,183.54,65.35,-792.92
2024-11-14 02:00:00,2802.02,3166.01,0.29,214.00,185.41,65.57,-831.15
2024-11-14 03:00:00,2756.11,3128.51,0.33,203.20,184.03,66.84,-828.65
2024-11-14 04:00:00,3164.69,3159.19,0.33,232.79,195.65,65.99,-491.14
2024-11-14 05:00:00,3085.38,2982.48,0.29,358.55,267.14,71.03,-596.23
2024-11-14 06:00:00,3218.38,2848.73,2.16,548.15,387.47,74.64,-644.91
2024-11-14 07:00:00,3294.37,2706.91,84.87,719.24,408.50,73.20,-700.35
2024-11-14 08:00:00,3289.68,2432.72,321.85,623.54,431.08,77.65,-599.20
2024-11-14 09:00:00,3354.78,2192.36,562.32,687.17,436.69,75.86,-601.95
2024-11-14 10:00:00,3342.28,2006.63,695.25,675.21,436.19,72.62,-546.06
2024-11-14 11:00:00,3168.31,1889.56,704.19,714.69,463.44,65.47,-671.31
2024-11-14 12:00:00,3175.51,1629.43,607.06,724.37,487.10,70.26,-345.04
2024-11-14 13:00:00,3104.90,1315.31,399.41,740.53,499.34,72.63,75.15
2024-11-14 14:00:00,3022.18,1043.72,147.32,812.91,510.10,83.50,422.19
2024-11-14 15:00:00,3112.70,934.12,7.31,831.46,579.26,86.87,671.25
2024-11-14 16:00:00,3324.75,910.87,0.65,848.46,704.86,104.76,752.73
2024-11-14 17:00:00,3192.21,1053.24,0.49,855.63,601.28,88.42,590.86
2024-11-14 18:00:00,3013.52,1428.03,0.36,837.14,606.19,87.81,51.55
2024-11-14 19:00:00,2884.48,1770.54,0.26,780.07,551.48,86.40,-306.53
2024-11-14 20:00:00,2816.26,2209.94,0.21,765.00,485.36,77.41,-723.71
2024-11-14 21:00:00,2776.39,2574.22,0.18,738.71,439.65,71.85,-1050.36
2024-11-14 22:00:00,2580.27,2779.27,0.18,740.79,316.39,69.06,-1327.65
2024-11-14 23:00:00,2632.75,2918.94,0.17,798.61,293.25,66.25,-1446.62
2024-11-15 00:00:00,2618.18,3089.85,0.14,753.69,264.10,65.23,-1556.92
2024-11-15 01:00:00,2564.12,3152.61,0.12,614.83,265.68,65.50,-1536.84
2024-11-15 02:00:00,2506.63,3054.96,0.12,693.46,266.82,61.39,-1572.18
2024-11-15 03:00:00,2522.30,3041.35,0.12,554.48,267.31,63.33,-1406.24
2024-11-15 04:00:00,2666.63,2954.44,0.17,611.45,266.75,61.54,-1229.79
2024-11-15 05:00:00,2906.36,2923.04,0.29,754.24,315.13,61.08,-1149.66
2024-11-15 06:00:00,3149.01,2722.17,0.34,831.36,455.70,66.54,-929.59
2024-11-15 07:00:00,3243.39,2520.68,19.70,859.45,466.44,67.12,-692.26
2024-11-15 08:00:00,3260.95,2488.55,101.03,839.82,479.05,64.89,-714.94
2024-11-15 09:00:00,3350.38,2524.98,194.06,789.45,445.07,60.50,-666.10
2024-11-15 10:00:00,3296.23,2668.53,217.14,798.34,391.20,56.88,-838.50
2024-11-15 11:00:00,3215.04,2732.53,204.26,746.97,355.44,56.93,-883.37
2024-11-15 12:00:00,3115.63,2663.45,155.99,715.06,295.83,60.28,-777.58
2024-11-15 13:00:00,3006.84,2541.61,100.66,705.02,287.07,62.00,-691.91
2024-11-15 14:00:00,2976.10,2591.46,32.32,682.64,331.07,64.37,-728.22
2024-11-15 15:00:00,3118.21,2858.69,0.58,669.91,333.76,68.84,-816.23
2024-11-15 16:00:00,3316.85,3219.97,0.53,698.64,278.95,69.62,-953.58
2024-11-15 17:00:00,3206.88,3593.99,0.43,564.34,281.30,69.51,-1305.06
2024-11-15 18:00:00,3088.43,3827.57,0.37,433.65,234.18,64.24,-1473.96
2024-11-15 19:00:00,3083.91,4054.64,0.30,375.10,214.19,62.46,-1624.96
2024-11-15 20:00:00,3074.23,4225.04,0.33,281.32,196.81,59.83,-1691.33
2024-11-15 21:00:00,2955.40,4355.95,0.29,200.46,189.45,60.76,-1853.82
2024-11-15 22:00:00,2875.56,4490.35,0.27,197.68,189.80,61.10,-2065.74
2024-11-15 23:00:00,2915.33,4546.25,0.26,199.59,186.55,56.90,-2076.45
2024-11-16 00:00:00,3380.70,4411.76,0.24,187.49,159.42,44.75,-1425.28
2024-11-16 01:00:00,3436.73,4261.51,0.20,186.90,154.35,42.76,-1211.06
2024-11-16 02:00:00,3305.57,4114.67,0.20,186.20,153.43,43.71,-1194.55
2024-11-16 03:00:00,3160.98,4155.19,0.19,185.09,153.20,42.51,-1377.19
2024-11-16 04:00:00,3077.38,4061.08,0.20,185.79,150.81,43.51,-1365.97
2024-11-16 05:00:00,3115.67,4019.57,0.24,189.81,150.47,42.45,-1288.82
2024-11-16 06:00:00,3180.45,4008.58,0.28,190.66,150.27,43.42,-1214.76
2024-11-16 07:00:00,3112.84,3693.27,11.19,202.74,163.03,42.02,-1001.52
2024-11-16 08:00:00,3115.50,3522.85,84.08,187.43,180.27,47.25,-908.64
2024-11-16 09:00:00,3056.42,3076.59,212.89,185.85,185.71,45.50,-652.35
2024-11-16 10:00:00,3068.33,3059.70,290.18,199.55,179.67,45.44,-708.43
2024-11-16 11:00:00,3155.94,3390.16,302.76,186.85,188.34,45.32,-959.85
2024-11-16 12:00:00,3233.13,3475.94,360.30,185.22,201.98,45.52,-1038.24
2024-11-16 13:00:00,3251.40,3442.04,239.66,185.70,170.88,46.47,-835.66
2024-11-16 14:00:00,3047.13,3400.11,75.51,195.98,162.74,46.02,-835.60
2024-11-16 15:00:00,3079.88,3281.62,8.91,202.96,197.66,51.01,-664.58
2024-11-16 16:00:00,3126.75,3178.73,0.47,206.48,193.99,63.01,-518.31
2024-11-16 17:00:00,2980.62,3138.67,0.40,256.65,208.91,63.57,-689.80
2024-11-16 18:00:00,2864.20,3134.74,0.28,243.23,220.22,62.06,-798.68
2024-11-16 19:00:00,2846.59,3291.35,0.21,218.69,175.52,61.81,-903.17
2024-11-16 20:00:00,2786.52,3324.24,0.17,219.01,193.75,61.86,-1014.70
2024-11-16 21:00:00,2767.83,3406.87,0.15,193.37,174.38,60.60,-1069.84
2024-11-16 22:00:00,2746.82,3486.38,0.15,171.87,168.69,47.19,-1129.63
2024-11-16 23:00:00,3008.14,3617.33,0.16,72.35,146.91,45.72,-876.38
2024-11-17 00:00:00,3004.10,3693.24,0.15,76.03,149.44,45.22,-962.08
2024-11-17 01:00:00,2824.11,3732.89,0.17,76.36,142.19,46.90,-1176.35
2024-11-17 02:00:00,2757.03,3764.00,0.15,83.51,142.47,48.99,-1283.98
2024-11-17 03:00:00,2736.83,3776.96,0.14,85.91,146.06,48.61,-1322.80
2024-11-17 04:00:00,2716.06,3668.59,0.17,86.30,146.90,47.02,-1234.84
2024-11-17 05:00:00,2696.97,3534.25,0.23,87.94,171.64,47.77,-1146.86
2024-11-17 06:00:00,2795.64,3528.02,0.40,88.59,168.89,49.81,-1042.14
2024-11-17 07:00:00,2964.93,3562.63,41.03,71.67,178.90,49.86,-941.29
2024-11-17 08:00:00,3009.67,3492.99,160.13,75.58,194.84,48.85,-965.08
2024-11-17 09:00:00,3192.49,3622.55,355.98,79.03,184.07,51.37,-1102.84
2024-11-17 10:00:00,3369.01,3752.08,406.20,142.11,166.87,52.35,-1153.05
2024-11-17 11:00:00,3487.06,3795.90,381.13,198.16,155.19,51.19,-1096.91
2024-11-17 12:00:00,3320.30,3786.33,377.58,197.03,164.35,49.02,-1256.74
2024-11-17 13:00:00,3146.82,3833.21,202.88,194.77,187.74,49.76,-1323.94
2024-11-17 14:00:00,3091.37,3742.28,73.12,198.92,198.41,51.54,-1175.34
2024-11-17 15:00:00,3186.84,3776.26,1.79,259.41,199.60,51.66,-1104.29
2024-11-17 16:00:00,3375.43,3685.51,0.52,280.08,218.32,63.31,-874.89
2024-11-17 17:00:00,3221.74,3535.56,0.46,341.63,200.62,64.07,-923.01
2024-11-17 18:00:00,3039.17,3593.82,0.40,335.93,195.20,63.22,-1151.86
2024-11-17 19:00:00,2943.17,3571.37,0.34,293.92,192.09,61.04,-1177.89
2024-11-17 20:00:00,2888.26,3464.55,0.28,247.18,196.14,60.36,-1082.49
2024-11-17 21:00:00,2885.86,3277.50,0.28,233.23,191.51,60.84,-879.82
2024-11-17 22:00:00,2835.54,3056.68,0.22,299.13,184.25,60.60,-767.70
2024-11-17 23:00:00,2729.31,2844.09,0.24,371.99,182.89,60.67,-732.86
2024-11-18 00:00:00,2719.96,2649.25,0.24,387.56,177.78,58.00,-554.93
2024-11-18 01:00:00,2875.35,2611.46,0.18,365.46,176.00,56.19,-335.88
2024-11-18 02:00:00,2810.85,2415.61,0.21,369.63,173.29,54.88,-204.68
2024-11-18 03:00:00,2887.38,2539.27,0.19,364.49,178.38,56.12,-252.98
2024-11-18 04:00:00,3203.80,2675.68,0.17,372.47,188.72,57.69,-93.03
2024-11-18 05:00:00,3144.58,2655.89,0.26,494.24,202.91,59.08,-270.10
2024-11-18 06:00:00,3367.11,2607.19,0.32,661.65,224.93,60.07,-189.42
2024-11-18 07:00:00,3385.02,2651.71,40.28,723.14,286.28,58.88,-377.37
2024-11-18 08:00:00,3410.98,2413.88,272.30,725.35,287.98,58.79,-349.55
2024-11-18 09:00:00,3627.44,2147.46,586.86,489.05,331.70,58.98,11.26
2024-11-18 10:00:00,3556.15,2046.95,736.83,461.21,261.03,55.34,-7.67
2024-11-18 11:00:00,3368.64,2215.82,544.97,427.61,276.47,57.16,-155.81
2024-11-18 12:00:00,3492.76,2276.99,498.47,435.52,271.17,54.40,-46.30
2024-11-18 13:00:00,3400.70,2352.81,278.53,536.76,299.81,55.52,-125.05
2024-11-18 14:00:00,3377.60,2666.24,80.68,742.02,355.00,59.93,-528.56
2024-11-18 15:00:00,3424.52,2714.05,10.66,758.96,380.06,60.55,-502.21
2024-11-18 16:00:00,3551.15,2594.21,0.56,802.30,452.64,62.24,-363.20
2024-11-18 17:00:00,3382.26,2463.74,0.47,804.01,523.13,61.27,-472.73
2024-11-18 18:00:00,3235.52,2343.71,0.36,771.76,497.90,60.92,-441.60
2024-11-18 19:00:00,2971.71,2118.98,0.29,757.81,421.09,61.30,-389.97
2024-11-18 20:00:00,2855.37,1914.85,0.23,731.54,382.60,63.72,-239.67
2024-11-18 21:00:00,2708.76,1809.85,0.22,745.65,341.42,62.59,-253.21
2024-11-18 22:00:00,2635.20,1597.86,0.20,730.51,308.93,60.56,-64.97
2024-11-18 23:00:00,2711.53,1596.24,0.15,724.63,213.11,57.78,117.66
2024-11-19 00:00:00,2732.29,1145.27,0.18,696.99,188.96,57.30,641.51
2024-11-19 01:00:00,2767.64,969.43,0.14,638.30,181.34,57.85,918.49
2024-11-19 02:00:00,2727.75,820.80,0.13,506.87,177.78,57.92,1162.23
2024-11-19 03:00:00,2671.46,772.39,0.17,599.62,176.97,56.25,1064.01
2024-11-19 04:00:00,2708.46,592.80,0.19,730.40,176.62,56.66,1149.53
2024-11-19 05:00:00,2977.81,439.08,0.26,739.41,231.31,62.79,1502.32
2024-11-19 06:00:00,3263.61,368.69,0.31,767.48,388.90,68.41,1667.26
2024-11-19 07:00:00,3424.66,287.09,25.07,738.11,415.26,68.15,1888.74
2024-11-19 08:00:00,3387.54,267.12,124.44,752.15,432.54,69.85,1738.99
2024-11-19 09:00:00,3435.14,216.09,249.57,796.06,436.12,65.36,1669.58
2024-11-19 10:00:00,3388.57,69.35,329.56,757.95,425.79,58.00,1745.64
2024-11-19 11:00:00,3339.30,63.28,433.51,754.47,397.81,58.41,1629.49
2024-11-19 12:00:00,3363.09,72.60,379.00,742.51,394.36,60.73,1711.58
2024-11-19 13:00:00,3320.87,46.99,234.31,778.79,401.10,63.10,1794.40
2024-11-19 14:00:00,3262.44,56.62,69.79,802.03,556.64,80.54,1694.34
2024-11-19 15:00:00,3371.03,70.69,0.70,799.72,666.67,90.16,1740.59
2024-11-19 16:00:00,3504.10,119.83,0.58,788.36,494.59,67.22,2031.08
2024-11-19 17:00:00,3375.81,322.46,0.45,791.35,416.15,63.42,1779.63
2024-11-19 18:00:00,3261.77,285.47,0.38,734.86,390.17,61.89,1786.70
2024-11-19 19:00:00,3108.08,307.96,0.31,739.66,362.24,61.68,1634.09
2024-11-19 20:00:00,2987.56,415.03,0.19,719.26,315.41,59.67,1475.76
2024-11-19 21:00:00,2855.14,397.81,0.17,703.24,330.95,57.87,1362.82
2024-11-19 22:00:00,2842.81,325.79,0.17,510.34,221.31,56.83,1726.03
2024-11-19 23:00:00,2825.09,462.97,0.16,513.80,182.08,57.54,1606.07
2024-11-20 00:00:00,2897.77,444.94,0.16,483.24,182.89,58.41,1725.85
2024-11-20 01:00:00,2976.57,427.19,0.13,445.33,181.89,57.47,1862.38
2024-11-20 02:00:00,2918.40,459.41,0.14,451.14,186.99,58.46,1759.95
2024-11-20 03:00:00,2849.30,590.73,0.15,465.89,186.74,58.80,1544.69
2024-11-20 04:00:00,2870.02,694.32,0.19,515.35,197.23,59.85,1400.84
2024-11-20 05:00:00,3099.32,803.62,0.28,673.52,313.61,61.89,1243.76
2024-11-20 06:00:00,3413.36,822.10,0.42,718.53,466.26,66.84,1336.48
2024-11-20 07:00:00,3548.46,783.04,38.27,723.09,496.69,66.88,1438.24
2024-11-20 08:00:00,3577.76,969.15,187.39,755.82,490.32,65.17,1107.63
2024-11-20 09:00:00,3690.02,1075.56,494.27,714.65,416.89,60.31,926.07
2024-11-20 10:00:00,3731.97,1167.98,556.19,714.55,402.60,59.37,828.95
2024-11-20 11:00:00,3699.31,1180.55,456.92,727.87,368.49,59.21,903.95
2024-11-20 12:00:00,3655.85,916.79,369.81,691.55,361.33,60.67,1253.24
2024-11-20 13:00:00,3558.82,715.18,275.21,702.16,377.38,63.01,1423.69
2024-11-20 14:00:00,3408.70,769.53,68.03,720.90,400.53,63.86,1383.41
2024-11-20 15:00:00,3530.17,834.55,10.57,727.29,424.12,65.70,1465.61
2024-11-20 16:00:00,3610.51,886.50,0.55,732.99,467.92,67.84,1452.34
2024-11-20 17:00:00,3476.85,832.43,0.47,720.99,445.57,65.71,1409.34
2024-11-20 18:00:00,3279.74,851.17,0.38,736.88,388.39,65.08,1235.51
2024-11-20 19:00:00,3115.01,788.30,0.33,725.47,380.00,62.38,1156.40
2024-11-20 20:00:00,3014.07,591.58,0.33,705.26,408.67,54.46,1251.45
2024-11-20 21:00:00,2899.77,383.61,0.33,703.90,493.32,68.57,1247.78
2024-11-20 22:00:00,2893.76,348.83,0.31,679.83,493.47,61.44,1307.76
2024-11-20 23:00:00,2881.32,374.16,0.33,508.73,538.13,62.24,1395.73
2024-11-21 00:00:00,2908.28,528.45,0.24,482.29,506.28,55.42,1333.40
2024-11-21 01:00:00,2943.27,644.54,0.25,452.15,555.70,57.82,1230.34
2024-11-21 02:00:00,2907.83,665.26,0.25,442.12,545.62,58.02,1194.52
2024-11-21 03:00:00,2802.97,696.08,0.29,438.70,546.50,56.26,1063.12
2024-11-21 04:00:00,2833.24,774.07,0.32,489.38,447.74,56.99,1062.59
2024-11-21 05:00:00,3130.96,802.50,0.31,665.82,434.34,63.18,1162.50
2024-11-21 06:00:00,3538.82,921.00,0.42,650.55,420.93,65.36,1478.28
2024-11-21 07:00:00,3634.71,530.77,16.03,668.09,422.65,68.83,1926.11
2024-11-21 08:00:00,3651.86,523.55,39.89,676.43,410.40,68.47,1930.91
2024-11-21 09:00:00,3735.57,353.36,120.08,645.74,387.09,64.40,2162.71
2024-11-21 10:00:00,3710.59,325.00,230.33,622.42,382.12,62.21,2086.26
2024-11-21 11:00:00,3566.03,358.33,252.71,616.28,686.25,95.56,1554.75
2024-11-21 12:00:00,3494.25,334.17,276.24,629.11,631.11,83.87,1537.46
2024-11-21 13:00:00,3455.16,274.84,162.61,675.29,568.68,80.96,1690.46
2024-11-21 14:00:00,3464.54,240.12,39.91,705.65,475.41,64.00,1937.14
2024-11-21 15:00:00,3544.51,254.65,0.53,711.39,651.97,81.14,1842.34
2024-11-21 16:00:00,3651.62,222.97,0.59,714.43,720.73,96.88,1893.69
2024-11-21 17:00:00,3520.01,205.48,0.50,718.37,551.64,78.70,1962.94
2024-11-21 18:00:00,3374.17,160.13,0.41,723.48,493.54,73.78,1920.41
2024-11-21 19:00:00,3222.03,143.28,0.34,724.05,486.73,65.80,1799.66
2024-11-21 20:00:00,3156.07,190.63,0.29,726.36,430.94,63.69,1741.73
2024-11-21 21:00:00,3034.77,227.39,0.29,711.02,530.45,73.21,1490.12
2024-11-21 22:00:00,2996.76,263.01,0.24,712.08,533.48,72.02,1413.58
2024-11-21 23:00:00,2910.71,327.19,0.26,715.36,395.51,58.22,1412.03
2024-11-22 00:00:00,2955.62,452.28,0.24,718.68,340.67,58.05,1383.87
2024-11-22 01:00:00,2980.19,668.50,0.20,627.27,319.39,59.33,1303.60
2024-11-22 02:00:00,3025.57,605.11,0.13,435.78,318.58,59.95,1604.26
2024-11-22 03:00:00,3010.14,624.43,0.14,423.11,353.27,60.94,1546.38
2024-11-22 04:00:00,3005.51,681.88,0.19,461.69,332.72,61.64,1465.52
2024-11-22 05:00:00,3188.12,476.65,0.28,694.95,422.68,62.83,1528.64
2024-11-22 06:00:00,3536.00,326.17,0.32,694.42,524.59,67.58,1920.83
2024-11-22 07:00:00,3656.01,252.09,14.16,730.20,540.66,68.72,2048.11
2024-11-22 08:00:00,3655.89,241.45,40.77,559.97,544.57,69.64,2197.42
2024-11-22 09:00:00,3641.30,208.94,81.52,515.62,539.87,70.83,2222.57
2024-11-22 10:00:00,3647.41,360.09,112.75,517.70,479.07,68.42,2107.05
2024-11-22 11:00:00,3588.61,507.50,121.92,510.42,417.28,68.57,1960.94
2024-11-22 12:00:00,3557.23,740.19,127.79,510.73,373.43,69.31,1733.59
2024-11-22 13:00:00,3508.33,1208.76,94.47,578.16,400.98,72.02,1151.90
2024-11-22 14:00:00,3461.94,1818.91,26.94,617.40,444.51,70.99,480.94
2024-11-22 15:00:00,3567.13,2006.77,0.35,707.55,486.02,72.26,292.00
2024-11-22 16:00:00,3694.77,2009.63,0.39,711.44,526.28,77.54,367.29
2024-11-22 17:00:00,3492.97,1879.15,0.32,721.15,525.13,77.48,287.47
2024-11-22 18:00:00,3275.94,1713.88,0.26,711.59,516.99,76.97,254.02
2024-11-22 19:00:00,3133.33,1856.46,0.20,704.43,457.29,72.84,40.18
2024-11-22 20:00:00,3036.57,1993.60,0.16,664.16,381.26,69.55,-74.32
2024-11-22 21:00:00,3043.95,2331.48,0.15,553.66,513.82,82.13,-439.36
2024-11-22 22:00:00,3117.54,2751.44,0.15,464.33,361.75,67.09,-529.25
2024-11-22 23:00:00,3246.06,2980.56,0.14,455.44,220.96,64.91,-477.81
2024-11-23 00:00:00,3302.84,2959.73,0.14,445.41,204.66,65.70,-374.70
2024-11-23 01:00:00,3305.88,2965.20,0.13,430.91,209.63,65.82,-367.53
2024-11-23 02:00:00,3314.62,2962.72,0.13,419.39,204.92,65.97,-340.38
2024-11-23 03:00:00,3231.45,2635.72,0.14,418.35,198.06,68.09,-90.85
2024-11-23 04:00:00,3138.57,2389.87,0.20,443.09,184.69,68.57,50.45
2024-11-23 05:00:00,3160.50,2222.52,0.24,465.02,180.22,68.18,222.29
2024-11-23 06:00:00,3116.10,1926.02,0.35,591.90,185.71,67.43,342.76
2024-11-23 07:00:00,3153.06,1543.69,18.42,718.09,195.20,69.32,606.40
2024-11-23 08:00:00,3278.76,1297.39,81.05,713.58,193.23,71.91,919.39
2024-11-23 09:00:00,3281.99,1197.89,167.86,699.25,189.83,71.54,953.52
2024-11-23 10:00:00,3221.16,1112.94,252.11,695.11,197.83,71.76,889.28
2024-11-23 11:00:00,3253.97,1171.76,262.72,595.79,211.30,71.98,938.20
2024-11-23 12:00:00,3175.55,1335.41,209.15,662.27,223.30,73.05,670.09
2024-11-23 13:00:00,3133.55,1585.75,124.52,694.93,305.11,72.13,348.96
2024-11-23 14:00:00,3173.53,1925.22,29.71,705.98,331.32,69.53,109.72
2024-11-23 15:00:00,3453.30,2419.83,0.32,697.18,336.01,69.24,-71.44
2024-11-23 16:00:00,3594.57,2695.51,0.49,671.47,340.97,71.70,-187.78
2024-11-23 17:00:00,3566.19,2952.32,0.41,520.92,247.23,69.18,-226.09
2024-11-23 18:00:00,3364.81,3272.58,0.30,501.71,205.09,69.56,-686.35
2024-11-23 19:00:00,3266.91,3340.26,0.27,445.99,219.51,67.46,-808.60
2024-11-23 20:00:00,3316.67,3432.27,0.24,388.34,188.65,65.37,-760.17
2024-11-23 21:00:00,3306.40,3570.06,0.21,308.46,189.73,64.69,-828.79
2024-11-23 22:00:00,3318.81,3626.35,0.21,285.62,187.48,64.49,-847.42
2024-11-23 23:00:00,3392.51,3181.98,0.19,266.39,130.05,49.15,-237.03
2024-11-24 00:00:00,3448.50,3389.21,0.19,219.88,128.70,47.75,-339.01
2024-11-24 01:00:00,3481.71,3030.94,0.18,215.63,132.18,47.20,53.85
2024-11-24 02:00:00,3492.68,3075.17,0.19,264.75,134.61,46.31,-29.99
2024-11-24 03:00:00,3418.52,3177.56,0.20,232.14,136.01,47.75,-176.89
2024-11-24 04:00:00,3326.09,3208.79,0.23,210.93,135.05,48.71,-279.29
2024-11-24 05:00:00,3327.92,3172.94,0.27,202.80,137.39,46.77,-233.89
2024-11-24 06:00:00,3439.80,3742.67,0.27,205.72,131.84,49.73,-692.27
2024-11-24 07:00:00,3543.04,3807.77,0.33,320.67,131.18,47.70,-765.91
2024-11-24 08:00:00,3596.83,4066.39,13.38,334.24,132.52,45.62,-997.26
2024-11-24 09:00:00,3754.82,4140.74,43.64,251.05,135.31,47.63,-865.49
2024-11-24 10:00:00,3796.81,4289.06,120.43,243.08,138.73,44.73,-1041.32
2024-11-24 11:00:00,3946.97,4435.52,237.01,160.37,145.54,45.75,-1079.56
2024-11-24 12:00:00,3814.80,4474.28,177.62,71.87,146.65,45.27,-1103.10
2024-11-24 13:00:00,3805.92,4533.50,109.90,79.27,138.69,48.38,-1106.03
2024-11-24 14:00:00,3669.11,4719.35,36.14,111.83,147.46,50.37,-1398.17
2024-11-24 15:00:00,3515.88,4807.98,0.38,112.94,146.32,50.21,-1604.36
2024-11-24 16:00:00,3717.77,4837.08,0.54,131.19,146.85,51.19,-1451.23
2024-11-24 17:00:00,3562.07,4833.44,0.53,133.62,146.00,49.71,-1603.25
2024-11-24 18:00:00,3489.78,4813.51,0.45,107.79,142.86,48.72,-1625.87
2024-11-24 19:00:00,3505.16,4738.95,0.36,106.85,140.66,48.96,-1532.67
2024-11-24 20:00:00,3441.39,4711.45,0.27,87.53,138.21,49.06,-1547.37
2024-11-24 21:00:00,3256.56,4740.28,0.26,68.74,140.27,47.12,-1742.18
2024-11-24 22:00:00,3263.25,4097.64,0.26,78.77,139.90,46.57,-1102.19
2024-11-24 23:00:00,3265.81,3361.85,0.32,93.01,138.59,45.91,-376.11
2024-11-25 00:00:00,3230.51,3427.80,0.25,88.06,140.62,46.70,-475.02
2024-11-25 01:00:00,3166.32,3212.53,0.29,80.33,130.25,46.04,-304.86
2024-11-25 02:00:00,3207.44,3114.65,0.24,69.79,124.69,45.79,-149.50
2024-11-25 03:00:00,3020.73,3184.18,0.27,68.75,135.77,46.39,-416.32
2024-11-25 04:00:00,3154.73,3208.31,0.31,90.76,135.33,46.78,-328.89
2024-11-25 05:00:00,3347.87,4006.80,0.34,189.95,159.85,49.64,-1060.92
2024-11-25 06:00:00,3455.01,4551.32,0.43,200.44,210.96,53.08,-1563.53
2024-11-25 07:00:00,3503.05,4444.04,11.88,209.09,221.68,63.04,-1448.81
2024-11-25 08:00:00,3616.50,4358.08,28.62,197.86,196.65,62.97,-1229.87
2024-11-25 09:00:00,3678.57,4273.13,68.21,210.33,196.97,62.31,-1134.71
2024-11-25 10:00:00,3683.12,4231.28,130.21,234.85,204.54,61.67,-1181.93
2024-11-25 11:00:00,3697.94,4055.31,145.24,215.95,228.62,63.02,-1012.34
2024-11-25 12:00:00,3721.73,3953.57,113.97,218.18,237.84,61.05,-865.15
2024-11-25 13:00:00,3600.44,3822.02,56.01,244.63,232.89,61.84,-819.08
2024-11-25 14:00:00,3508.49,3523.15,21.89,209.50,197.98,61.74,-507.97
2024-11-25 15:00:00,3571.28,3431.72,0.27,206.58,229.62,63.14,-362.37
2024-11-25 16:00:00,3735.45,3544.31,0.48,211.81,240.18,66.20,-329.86
2024-11-25 17:00:00,3611.75,3681.09,0.37,189.36,245.30,65.61,-572.32
2024-11-25 18:00:00,3410.51,3856.09,0.29,198.37,226.05,65.04,-937.65
2024-11-25 19:00:00,3312.28,3902.29,0.24,210.36,220.05,64.61,-1087.45
2024-11-25 20:00:00,3281.97,3821.25,0.22,196.24,186.25,64.42,-988.47
2024-11-25 21:00:00,3191.70,3751.70,0.21,186.94,195.67,64.06,-1009.03
2024-11-25 22:00:00,3087.79,3753.04,0.23,192.40,174.12,63.21,-1097.59
2024-11-25 23:00:00,2988.27,3887.05,0.16,199.88,175.64,60.54,-1337.06
2024-11-26 00:00:00,3072.19,3942.85,0.16,188.07,174.92,49.98,-1285.93
2024-11-26 01:00:00,2891.65,4102.59,0.17,196.49,176.44,59.95,-1646.24
2024-11-26 02:00:00,3017.62,4156.28,0.17,184.13,179.05,61.84,-1566.30
2024-11-26 03:00:00,2821.43,4204.87,0.21,206.30,181.78,61.77,-1835.54
2024-11-26 04:00:00,3013.58,4234.82,0.25,188.80,163.85,62.00,-1638.34
2024-11-26 05:00:00,3203.71,4321.27,0.31,342.97,190.55,63.74,-1717.69
2024-11-26 06:00:00,3519.06,4196.43,0.40,346.25,199.26,66.36,-1291.89
2024-11-26 07:00:00,3613.90,4136.22,35.64,274.68,201.96,65.08,-1102.10
2024-11-26 08:00:00,3610.47,4099.70,180.22,216.39,214.53,63.67,-1166.64
2024-11-26 09:00:00,3755.37,4100.65,318.27,202.52,221.48,62.73,-1152.60
2024-11-26 10:00:00,3690.42,4197.49,400.71,194.54,227.23,63.06,-1395.01
2024-11-26 11:00:00,3700.68,4113.96,390.63,191.89,224.31,57.58,-1280.44
2024-11-26 12:00:00,3624.56,4072.29,352.39,207.62,223.07,57.60,-1290.90
2024-11-26 13:00:00,3632.71,3884.35,200.14,198.76,199.14,57.48,-909.73
2024-11-26 14:00:00,3475.86,3665.66,48.85,253.53,202.93,61.05,-758.67
2024-11-26 15:00:00,3503.14,3437.01,0.61,348.77,251.91,62.64,-600.17
2024-11-26 16:00:00,3592.42,3139.87,0.63,400.67,387.60,74.31,-413.41
2024-11-26 17:00:00,3411.56,2843.79,0.52,437.41,255.25,63.78,-191.76
2024-11-26 18:00:00,3256.95,2703.76,0.38,423.43,226.72,61.38,-161.20
2024-11-26 19:00:00,3215.27,2642.13,0.31,381.00,210.55,61.14,-82.14
2024-11-26 20:00:00,3179.04,2615.20,0.21,503.52,242.85,60.12,-245.30
2024-11-26 21:00:00,3182.07,2632.48,0.21,521.37,206.67,59.73,-240.83
2024-11-26 22:00:00,2922.76,2534.37,0.20,486.60,396.12,74.70,-571.96
2024-11-26 23:00:00,2691.19,2325.45,0.22,494.89,247.74,60.07,-439.49
2024-11-27 00:00:00,2616.29,2229.57,0.18,536.80,239.48,58.95,-450.95
2024-11-27 01:00:00,2551.53,2137.01,0.12,569.63,238.88,59.45,-456.16
2024-11-27 02:00:00,2528.86,2114.03,0.15,607.39,240.65,60.03,-495.94
2024-11-27 03:00:00,2495.99,1980.11,0.16,604.57,239.17,62.21,-392.31
2024-11-27 04:00:00,2609.27,1695.21,0.21,616.04,247.65,61.16,-13.37
2024-11-27 05:00:00,2923.57,1415.18,0.25,636.03,334.84,61.26,473.51
2024-11-27 06:00:00,3260.31,1085.27,0.31,692.09,461.95,63.92,954.12
2024-11-27 07:00:00,3373.22,892.64,18.69,709.62,479.84,68.52,1201.61
2024-11-27 08:00:00,3351.49,665.26,178.03,710.64,476.96,67.61,1250.80
2024-11-27 09:00:00,3419.37,508.76,390.17,673.50,463.31,65.74,1315.68
2024-11-27 10:00:00,3339.49,333.18,447.11,707.85,470.73,62.30,1315.98
2024-11-27 11:00:00,3338.65,237.20,352.53,668.62,426.22,62.85,1589.13
2024-11-27 12:00:00,3350.06,193.81,215.94,711.12,407.32,62.61,1757.05
2024-11-27 13:00:00,3322.63,223.61,72.30,699.04,402.57,64.49,1858.36
2024-11-27 14:00:00,3293.69,303.10,9.66,700.15,393.58,66.87,1818.12
2024-11-27 15:00:00,3369.62,420.42,0.32,688.29,359.30,66.16,1832.70
2024-11-27 16:00:00,3451.17,825.90,0.44,727.49,387.13,65.49,1442.64
2024-11-27 17:00:00,3403.05,1329.97,0.42,663.70,361.50,65.60,979.63
2024-11-27 18:00:00,3219.88,1662.22,0.39,611.90,351.70,64.82,526.79
2024-11-27 19:00:00,3168.30,2057.21,0.36,396.93,268.98,64.20,378.57
2024-11-27 20:00:00,3160.53,2409.36,0.30,311.40,205.14,62.53,169.87
2024-11-27 21:00:00,3085.61,2736.20,0.28,359.07,195.88,63.40,-271.15
2024-11-27 22:00:00,3086.74,3044.85,0.28,243.18,187.64,62.26,-453.46
2024-11-27 23:00:00,3158.46,3286.38,0.28,213.95,191.56,55.97,-591.69
2024-11-28 00:00:00,3243.71,3425.03,0.29,223.01,177.84,45.47,-629.92
2024-11-28 01:00:00,3290.24,3591.30,0.29,215.54,185.37,52.01,-756.30
2024-11-28 02:00:00,3258.48,3626.55,0.30,208.87,177.67,44.66,-801.39
2024-11-28 03:00:00,3000.01,3541.59,0.29,231.46,182.19,56.48,-1013.85
2024-11-28 04:00:00,3053.72,3400.17,0.33,217.52,183.00,58.49,-807.79
2024-11-28 05:00:00,3228.11,3273.11,0.31,264.70,204.09,63.33,-579.59
2024-11-28 06:00:00,3423.49,3237.46,0.40,397.28,266.97,66.48,-547.32
2024-11-28 07:00:00,3441.37,3191.20,6.78,599.67,301.77,58.67,-718.73
2024-11-28 08:00:00,3554.15,3083.80,69.53,643.34,289.16,52.78,-586.56
2024-11-28 09:00:00,3616.52,2951.60,204.23,472.17,295.25,54.47,-363.30
2024-11-28 10:00:00,3571.06,2756.45,274.01,426.85,288.57,55.76,-232.74
2024-11-28 11:00:00,3534.33,2447.08,249.19,366.36,290.88,62.49,116.13
2024-11-28 12:00:00,3521.79,2114.21,181.11,442.08,296.97,62.46,422.78
2024-11-28 13:00:00,3503.95,1850.60,106.47,520.51,361.86,64.06,598.31
2024-11-28 14:00:00,3447.97,1609.63,21.23,701.56,357.48,65.64,690.29
2024-11-28 15:00:00,3378.60,1256.26,0.42,778.05,441.63,67.20,832.93
2024-11-28 16:00:00,3462.41,812.56,0.53,786.59,461.21,67.98,1331.31
2024-11-28 17:00:00,3342.45,499.07,0.51,722.64,499.15,68.64,1550.26
2024-11-28 18:00:00,3142.41,334.31,0.46,802.63,511.76,66.88,1424.10
2024-11-28 19:00:00,2972.93,301.72,0.39,822.83,469.32,66.04,1310.48
2024-11-28 20:00:00,2877.36,194.59,0.32,812.43,420.80,64.74,1382.43
2024-11-28 21:00:00,2801.17,110.82,0.27,794.80,380.94,64.64,1447.57
2024-11-28 22:00:00,2734.37,58.89,0.28,786.26,346.32,62.43,1478.19
2024-11-28 23:00:00,2740.86,50.63,0.28,736.71,354.20,60.53,1536.62
2024-11-29 00:00:00,2772.78,112.08,0.24,744.85,320.26,60.55,1532.79
2024-11-29 01:00:00,2765.36,148.62,0.22,761.85,344.04,60.62,1447.92
2024-11-29 02:00:00,2693.15,260.53,0.25,750.05,320.48,60.47,1299.25
2024-11-29 03:00:00,2610.50,482.25,0.25,734.61,357.55,61.64,971.97
2024-11-29 04:00:00,2675.31,768.43,0.29,767.72,386.30,62.17,688.43
2024-11-29 05:00:00,2989.15,1039.31,0.31,764.59,480.11,66.12,636.61
2024-11-29 06:00:00,3335.34,1227.19,0.34,809.78,543.95,70.89,680.83
2024-11-29 07:00:00,3461.42,1379.34,12.41,814.05,561.84,71.05,620.50
2024-11-29 08:00:00,3485.55,1545.33,130.52,796.62,561.97,69.96,378.75
2024-11-29 09:00:00,3532.57,1778.94,269.96,764.27,524.49,64.27,128.10
2024-11-29 10:00:00,3515.55,1926.87,349.33,746.86,458.43,59.87,-28.46
2024-11-29 11:00:00,3407.51,1983.33,311.85,734.68,438.42,58.67,-121.85
2024-11-29 12:00:00,3355.52,2198.87,215.71,736.03,434.94,59.08,-291.55
2024-11-29 13:00:00,3286.70,2458.61,119.91,732.37,418.24,60.13,-505.12
2024-11-29 14:00:00,3250.39,2556.30,28.86,721.10,423.17,62.02,-543.30
2024-11-29 15:00:00,3303.78,2533.42,0.29,743.72,460.83,62.96,-499.76
2024-11-29 16:00:00,3433.22,2585.71,0.47,757.49,546.40,70.56,-530.03
2024-11-29 17:00:00,3303.47,2688.02,0.41,762.51,561.42,67.93,-779.21
2024-11-29 18:00:00,3101.51,2819.87,0.33,744.40,551.30,68.36,-1085.09
2024-11-29 19:00:00,2912.08,2856.61,0.27,744.66,449.12,61.99,-1202.65
2024-11-29 20:00:00,2965.82,2808.76,0.22,723.05,386.38,61.66,-1016.54
2024-11-29 21:00:00,2674.72,2835.03,0.23,728.48,319.98,61.22,-1272.37
2024-11-29 22:00:00,2604.69,2943.01,0.22,657.16,263.83,62.04,-1323.62
2024-11-29 23:00:00,2722.13,3033.05,0.21,504.59,207.75,60.94,-1086.58
2024-11-30 00:00:00,2934.70,3145.58,0.18,531.96,207.26,60.60,-1013.25
2024-11-30 01:00:00,2951.61,3193.01,0.15,474.63,206.51,60.93,-985.44
2024-11-30 02:00:00,3038.77,3233.09,0.15,467.28,205.49,57.85,-927.17
2024-11-30 03:00:00,3071.91,3224.20,0.15,432.86,210.15,58.02,-855.64
2024-11-30 04:00:00,3090.99,3290.53,0.18,349.61,185.22,57.94,-794.25
2024-11-30 05:00:00,3085.15,3381.55,0.24,366.78,179.76,58.62,-903.86
2024-11-30 06:00:00,3136.35,3424.70,0.28,279.85,186.56,61.19,-818.30
2024-11-30 07:00:00,3221.40,3356.99,11.52,273.24,188.59,61.19,-672.37
2024-11-30 08:00:00,3403.54,3328.14,155.40,320.32,191.80,60.62,-655.20
2024-11-30 09:00:00,3465.31,3283.85,344.86,288.97,206.10,60.91,-722.00
2024-11-30 10:00:00,3429.16,3241.03,398.78,303.82,209.81,60.74,-787.62
2024-11-30 11:00:00,3425.53,3174.25,323.90,313.31,205.20,59.27,-653.40
2024-11-30 12:00:00,3213.87,3136.14,235.42,543.15,436.04,66.74,-1206.25
2024-11-30 13:00:00,3009.86,2953.70,111.89,536.74,339.29,61.76,-996.31
2024-11-30 14:00:00,3017.27,2783.11,22.37,762.78,383.37,64.47,-1001.48
2024-11-30 15:00:00,3093.87,2715.03,0.37,789.81,474.51,66.47,-955.18
2024-11-30 16:00:00,3174.22,2672.34,0.47,783.64,587.10,74.13,-946.09
2024-11-30 17:00:00,3109.98,2552.65,0.42,755.04,574.66,73.39,-848.74
2024-11-30 18:00:00,3023.84,2471.46,0.33,715.74,544.10,71.70,-782.27
2024-11-30 19:00:00,2756.90,2237.22,0.29,792.12,541.68,68.65,-885.66
2024-11-30 20:00:00,2629.25,2065.25,0.20,827.33,537.59,68.56,-872.15
2024-11-30 21:00:00,2583.77,1899.53,0.18,716.03,442.35,66.69,-543.57
2024-11-30 22:00:00,2435.16,1880.66,0.16,765.40,419.10,66.62,-699.15
2024-11-30 23:00:00,2480.50,1962.77,0.18,624.08,349.02,65.48,-523.28
2024-12-01 00:00:00,2438.07,1835.86,0.17,486.64,337.27,65.17,-289.46
2024-12-01 01:00:00,2425.29,1682.81,0.15,549.46,314.60,65.04,-188.98
2024-12-01 02:00:00,2450.88,1668.43,0.14,536.37,212.51,64.22,-32.92
2024-12-01 03:00:00,2402.67,1685.49,0.12,524.38,180.65,68.41,-58.59
2024-12-01 04:00:00,2368.14,1635.96,0.13,500.45,203.85,69.00,-43.40
2024-12-01 05:00:00,2395.14,1563.16,0.19,525.69,274.34,71.46,-41.92
2024-12-01 06:00:00,2555.67,1545.71,0.20,492.55,272.49,71.79,170.61
2024-12-01 07:00:00,2625.26,1593.09,1.96,785.54,427.07,75.72,-260.39
2024-12-01 08:00:00,2803.27,1671.42,33.40,726.90,341.40,76.89,-49.45
2024-12-01 09:00:00,2822.99,1677.86,87.26,717.25,312.29,76.43,-50.48
2024-12-01 10:00:00,2856.61,1568.42,133.80,700.17,359.76,79.25,12.61
2024-12-01 11:00:00,2882.21,1657.23,146.01,738.45,342.66,74.04,-79.09
2024-12-01 12:00:00,2984.76,1805.22,192.09,702.68,336.93,72.25,-127.09
2024-12-01 13:00:00,2831.71,1890.30,125.72,745.88,352.91,71.90,-357.68
2024-12-01 14:00:00,2830.26,2050.69,27.45,802.52,453.92,69.58,-576.61
2024-12-01 15:00:00,3029.29,2406.78,0.30,744.38,445.15,67.31,-637.52
2024-12-01 16:00:00,3374.00,2731.67,0.36,737.81,440.31,67.55,-606.52
2024-12-01 17:00:00,3302.01,3017.58,0.34,710.94,379.66,66.81,-876.07
2024-12-01 18:00:00,3126.81,3216.14,0.30,457.28,331.36,66.45,-947.36
2024-12-01 19:00:00,3062.21,3242.55,0.21,463.72,214.46,66.96,-928.31
2024-12-01 20:00:00,3098.53,3174.69,0.20,433.34,177.31,61.55,-751.08
2024-12-01 21:00:00,3039.46,3081.23,0.16,348.39,180.67,48.08,-621.72
2024-12-01 22:00:00,2875.30,2900.63,0.18,295.47,171.11,46.21,-541.14
2024-12-01 23:00:00,3287.45,2857.66,0.15,242.86,151.11,46.06,-12.99
2024-12-02 00:00:00,3253.98,2848.17,0.15,389.59,148.47,46.11,-180.94
2024-12-02 01:00:00,3166.39,2919.33,0.16,359.85,159.62,47.04,-321.90
2024-12-02 02:00:00,3043.86,2838.96,0.16,346.31,149.53,46.48,-339.80
2024-12-02 03:00:00,2842.97,2612.54,0.18,370.78,143.96,49.15,-335.75
2024-12-02 04:00:00,2929.95,2609.05,0.16,303.25,138.05,57.21,-180.18
2024-12-02 05:00:00,3115.01,2632.53,0.21,404.00,169.86,59.24,-153.45
2024-12-02 06:00:00,3401.28,2728.33,0.38,431.82,316.81,65.59,-144.45
2024-12-02 07:00:00,3490.51,2912.91,1.99,483.79,296.89,65.31,-272.79
2024-12-02 08:00:00,3562.65,3023.71,22.52,538.73,205.62,62.83,-293.25
2024-12-02 09:00:00,3697.12,3046.59,49.41,509.50,211.92,60.17,-182.56
2024-12-02 10:00:00,3614.77,2867.44,79.79,561.20,308.28,59.64,-263.79
2024-12-02 11:00:00,3552.35,2781.00,96.74,587.81,335.29,61.20,-311.84
2024-12-02 12:00:00,3482.77,2784.05,80.46,575.09,305.04,62.89,-327.13
2024-12-02 13:00:00,3394.97,2664.76,45.09,654.26,326.98,62.89,-361.29
2024-12-02 14:00:00,3425.99,2425.27,11.14,784.23,396.04,64.36,-257.44
2024-12-02 15:00:00,3445.83,2168.79,0.22,897.83,537.66,72.09,-233.19
2024-12-02 16:00:00,3513.78,2007.66,0.38,882.47,467.26,68.93,84.26
2024-12-02 17:00:00,3345.77,1836.42,0.33,878.13,428.66,69.65,130.00
2024-12-02 18:00:00,3123.21,1770.83,0.23,886.84,411.19,68.33,-16.62
2024-12-02 19:00:00,2953.08,1741.97,0.17,854.37,358.72,64.76,-69.52
2024-12-02 20:00:00,2855.76,1831.49,0.16,808.84,310.12,65.73,-163.01
2024-12-02 21:00:00,2817.28,1954.03,0.19,667.06,298.16,63.19,-167.68
2024-12-02 22:00:00,2736.61,2046.26,0.16,563.17,226.12,62.91,-164.42
2024-12-02 23:00:00,2704.38,2028.74,0.17,520.85,227.71,61.00,-136.27
2024-12-03 00:00:00,2717.76,2033.38,0.15,500.40,230.10,60.85,-109.20
2024-12-03 01:00:00,2671.89,1920.25,0.14,465.22,228.39,60.36,-4.48
2024-12-03 02:00:00,2619.82,1774.88,0.13,445.51,227.57,60.73,108.87
2024-12-03 03:00:00,2573.13,1786.11,0.17,499.21,234.79,62.19,-11.50
2024-12-03 04:00:00,2570.91,1989.23,0.17,634.97,233.70,61.97,-351.44
2024-12-03 05:00:00,2917.96,2134.23,0.26,756.33,293.35,64.86,-333.54
2024-12-03 06:00:00,3332.84,2467.50,0.43,808.26,432.94,68.74,-447.79
2024-12-03 07:00:00,3481.45,2604.84,4.14,842.38,558.73,75.51,-606.56
2024-12-03 08:00:00,3576.76,2805.14,50.52,855.98,609.87,84.10,-831.36
2024-12-03 09:00:00,3685.91,3052.66,146.77,840.66,481.58,72.05,-910.21
2024-12-03 10:00:00,3740.45,3368.22,203.52,815.71,457.57,66.84,-1173.80
2024-12-03 11:00:00,3698.37,3467.72,237.77,773.90,464.59,66.32,-1314.42
2024-12-03 12:00:00,3704.83,3472.52,184.89,814.68,585.99,55.87,-1411.61
2024-12-03 13:00:00,3615.59,3389.00,100.10,883.60,662.67,76.00,-1498.21
2024-12-03 14:00:00,3512.51,3317.93,24.31,904.40,630.62,82.18,-1449.42
2024-12-03 15:00:00,3550.75,3364.00,0.38,895.18,567.72,79.77,-1358.89
2024-12-03 16:00:00,3633.01,3392.09,0.47,889.61,601.46,80.29,-1333.52
2024-12-03 17:00:00,3448.34,3238.14,0.37,878.81,587.93,81.01,-1340.26
2024-12-03 18:00:00,3254.21,3006.45,0.27,872.76,567.38,78.35,-1273.67
2024-12-03 19:00:00,3130.78,2583.95,0.23,855.57,548.09,67.46,-926.88
2024-12-03 20:00:00,3027.36,2321.68,0.20,770.53,491.48,65.53,-624.56
2024-12-03 21:00:00,2971.84,2183.88,0.20,749.44,443.65,64.19,-471.94
2024-12-03 22:00:00,2870.65,2023.22,0.15,775.18,411.09,61.72,-402.99
2024-12-03 23:00:00,2897.38,1936.66,0.15,733.70,373.73,61.97,-210.99
2024-12-04 00:00:00,2879.25,1811.97,0.16,752.24,359.99,61.86,-109.19
2024-12-04 01:00:00,2836.09,1681.91,0.13,751.63,355.11,61.65,-16.76
2024-12-04 02:00:00,2846.81,1626.97,0.10,742.27,341.75,61.64,71.61
2024-12-04 03:00:00,2822.61,1515.53,0.13,713.23,348.46,62.30,180.81
2024-12-04 04:00:00,2748.94,1290.61,0.15,749.37,352.65,62.90,290.90
2024-12-04 05:00:00,3138.11,1109.47,0.29,846.39,395.20,63.62,720.63
2024-12-04 06:00:00,3346.87,1008.47,0.32,935.17,457.76,70.98,871.32
2024-12-04 07:00:00,3430.75,937.43,11.23,1043.51,531.00,81.94,823.23
2024-12-04 08:00:00,3508.98,942.82,31.94,1094.07,535.60,83.29,818.60
2024-12-04 09:00:00,3557.55,910.21,81.46,1164.17,519.41,77.79,802.10
2024-12-04 10:00:00,3545.77,901.35,126.91,1241.69,507.08,67.77,698.31
2024-12-04 11:00:00,3494.28,821.21,133.20,1227.25,506.56,66.03,737.27
2024-12-04 12:00:00,3461.25,611.29,108.44,1205.40,510.50,65.07,957.97
2024-12-04 13:00:00,3426.31,561.79,66.25,1166.41,526.40,72.03,1030.62
2024-12-04 14:00:00,3359.90,596.16,19.04,1250.62,538.06,70.46,882.76
2024-12-04 15:00:00,3505.47,661.02,0.36,1291.22,556.56,79.72,913.83
2024-12-04 16:00:00,3541.52,713.70,0.53,1281.17,593.78,87.79,861.76
2024-12-04 17:00:00,3424.93,778.01,0.39,1246.88,593.58,88.95,714.09
2024-12-04 18:00:00,3221.05,780.55,0.32,1162.61,581.22,82.34,611.49
2024-12-04 19:00:00,3079.63,878.07,0.27,1004.75,510.25,70.20,613.52
2024-12-04 20:00:00,3004.23,1049.36,0.28,899.45,435.84,67.87,548.88
2024-12-04 21:00:00,2895.83,1138.51,0.28,831.95,409.31,66.58,446.71
2024-12-04 22:00:00,2756.12,1203.76,0.28,802.30,383.12,67.33,296.92
2024-12-04 23:00:00,2792.33,1206.79,0.25,758.53,280.54,66.52,477.16
2024-12-05 00:00:00,2767.19,1419.13,0.26,756.86,265.44,66.94,256.36
2024-12-05 01:00:00,2787.73,1665.73,0.24,720.99,270.56,68.10,59.73
2024-12-05 02:00:00,2807.50,1841.38,0.24,521.91,255.16,68.74,117.90
2024-12-05 03:00:00,2818.06,1982.07,0.26,507.06,260.15,68.41,-2.06
2024-12-05 04:00:00,2944.82,2164.52,0.29,563.99,411.03,73.64,-271.18
2024-12-05 05:00:00,3146.26,2384.35,0.34,704.14,414.92,69.62,-429.62
2024-12-05 06:00:00,3366.08,2507.86,0.81,847.33,493.51,77.66,-563.73
2024-12-05 07:00:00,3525.55,2763.36,18.68,854.30,691.62,102.48,-907.40
2024-12-05 08:00:00,3591.86,3197.88,63.07,904.83,524.29,80.75,-1181.59
2024-12-05 09:00:00,3633.80,3547.62,133.44,920.27,411.42,68.35,-1449.74
2024-12-05 10:00:00,3689.23,3881.39,161.84,718.42,381.47,65.70,-1522.29
2024-12-05 11:00:00,3680.79,4120.00,164.04,688.04,365.25,66.04,-1725.29
2024-12-05 12:00:00,3703.94,4209.68,126.83,718.86,351.79,65.03,-1771.10
2024-12-05 13:00:00,3789.50,4400.93,75.05,656.32,271.11,64.09,-1680.72
2024-12-05 14:00:00,3766.17,4567.57,18.30,646.10,247.38,63.83,-1779.91
2024-12-05 15:00:00,3848.82,4560.15,0.39,630.09,239.39,64.50,-1648.48
2024-12-05 16:00:00,3979.68,4560.13,0.53,553.87,238.46,65.71,-1441.64
2024-12-05 17:00:00,3998.12,4583.36,0.52,463.25,223.99,65.68,-1341.04
2024-12-05 18:00:00,3768.67,4547.13,0.42,456.42,217.07,63.91,-1518.69
2024-12-05 19:00:00,3744.42,4469.20,0.35,382.24,218.88,60.79,-1389.51
2024-12-05 20:00:00,3695.99,4357.19,0.30,368.27,213.19,52.09,-1297.38
2024-12-05 21:00:00,3727.43,3966.54,0.27,349.44,177.10,50.03,-818.24
2024-12-05 22:00:00,3607.49,3911.69,0.22,276.03,205.31,48.47,-836.66
2024-12-05 23:00:00,3608.16,3748.08,0.19,252.01,142.84,45.17,-582.37
2024-12-06 00:00:00,3805.65,3582.10,0.17,239.17,132.02,43.82,-193.78
2024-12-06 01:00:00,3767.61,3584.59,0.17,237.73,134.18,44.12,-235.46
2024-12-06 02:00:00,3636.76,3590.23,0.18,243.15,133.33,44.47,-376.92
2024-12-06 03:00:00,3609.66,3523.14,0.20,274.10,135.88,45.18,-371.14
2024-12-06 04:00:00,3532.58,3365.01,0.22,306.38,134.38,48.30,-324.13
2024-12-06 05:00:00,3280.03,3084.12,0.26,616.88,192.26,60.57,-676.54
2024-12-06 06:00:00,3440.74,2665.62,0.29,767.69,234.78,68.46,-298.81
2024-12-06 07:00:00,3476.66,2173.77,0.71,838.32,254.96,69.47,136.77
2024-12-06 08:00:00,3507.29,1723.09,34.16,858.49,261.30,70.72,557.00
2024-12-06 09:00:00,3564.53,1320.75,73.56,853.99,251.47,70.24,992.04
2024-12-06 10:00:00,3550.97,1127.66,107.97,833.95,255.23,72.60,1150.83
2024-12-06 11:00:00,3478.19,1001.70,103.18,802.37,277.83,71.77,1218.52
2024-12-06 12:00:00,3364.51,841.80,87.41,814.64,320.32,69.62,1227.79
2024-12-06 13:00:00,3252.95,620.40,44.30,765.22,370.99,68.33,1381.04
2024-12-06 14:00:00,3226.09,512.45,16.10,737.54,401.08,68.99,1487.08
2024-12-06 15:00:00,3275.63,424.48,0.27,742.02,439.53,68.01,1598.67
2024-12-06 16:00:00,3336.69,360.68,0.38,785.96,494.20,73.72,1618.71
2024-12-06 17:00:00,3201.26,232.93,0.37,798.82,502.29,75.48,1588.63
2024-12-06 18:00:00,3035.58,161.15,0.36,785.41,481.37,77.15,1527.41
2024-12-06 19:00:00,2888.64,135.68,0.31,792.38,525.41,76.65,1355.67
2024-12-06 20:00:00,2774.33,151.39,0.23,750.88,449.19,72.49,1347.65
2024-12-06 21:00:00,2687.18,94.98,0.25,708.82,415.84,72.91,1391.87
2024-12-06 22:00:00,2532.66,92.36,0.26,685.10,368.06,72.11,1312.17
2024-12-06 23:00:00,2545.50,153.81,0.20,499.67,331.57,71.62,1486.13
2024-12-07 00:00:00,2531.40,298.23,0.15,480.95,243.20,71.09,1435.35
2024-12-07 01:00:00,2599.73,521.28,0.10,470.98,229.10,71.73,1304.04
2024-12-07 02:00:00,2755.42,878.43,0.10,373.72,212.12,71.44,1217.22
2024-12-07 03:00:00,2915.10,1435.23,0.11,273.66,175.23,71.97,956.57
2024-12-07 04:00:00,2900.38,1823.94,0.16,276.90,171.85,71.93,553.39
2024-12-07 05:00:00,3054.70,2300.56,0.21,262.93,185.62,72.42,230.64
2024-12-07 06:00:00,3155.88,2646.39,0.22,265.03,193.87,73.20,-25.35
2024-12-07 07:00:00,3146.97,2815.95,0.53,313.11,189.52,74.10,-248.80
2024-12-07 08:00:00,3261.97,3032.77,18.35,342.84,191.64,73.32,-399.83
2024-12-07 09:00:00,3340.80,3060.16,54.72,351.39,185.90,72.68,-386.82
2024-12-07 10:00:00,3389.52,3104.41,81.85,374.21,182.82,72.20,-428.81
2024-12-07 11:00:00,3545.82,3283.06,73.96,346.48,195.73,72.63,-428.73
2024-12-07 12:00:00,3367.61,3208.76,69.66,326.54,202.43,71.90,-514.52
2024-12-07 13:00:00,3371.03,3123.16,34.86,352.08,205.05,71.76,-418.63
2024-12-07 14:00:00,3448.55,3144.27,12.49,383.37,239.81,70.99,-405.05
2024-12-07 15:00:00,3483.16,3181.51,0.33,376.85,265.23,71.55,-414.99
2024-12-07 16:00:00,3395.66,3093.04,0.38,392.30,256.69,72.08,-421.87
2024-12-07 17:00:00,3335.41,2918.59,0.30,472.47,267.37,72.63,-398.53
2024-12-07 18:00:00,2957.69,2539.12,0.26,580.88,258.74,72.49,-496.55
2024-12-07 19:00:00,2847.99,2290.98,0.21,777.51,466.48,84.74,-774.43
2024-12-07 20:00:00,2764.46,2375.89,0.17,795.29,247.19,73.44,-730.08
2024-12-07 21:00:00,2637.51,2416.87,0.16,694.90,231.07,70.18,-778.38
2024-12-07 22:00:00,2637.70,2355.10,0.15,472.54,224.69,71.74,-489.18
2024-12-07 23:00:00,2883.84,2201.68,0.12,308.65,171.10,70.47,129.32
2024-12-08 00:00:00,2884.04,2207.69,0.11,283.14,168.17,70.52,151.84
2024-12-08 01:00:00,2806.19,2269.26,0.10,275.00,148.83,70.46,40.18
2024-12-08 02:00:00,2841.36,2377.91,0.12,264.38,149.11,69.79,-22.21
2024-12-08 03:00:00,2903.01,2570.39,0.12,279.31,154.08,71.10,-174.33
2024-12-08 04:00:00,2814.68,2654.28,0.15,258.55,181.13,71.30,-353.02
2024-12-08 05:00:00,2805.93,2712.64,0.21,260.11,174.59,71.27,-415.25
2024-12-08 06:00:00,2993.70,2737.66,0.28,251.44,177.47,68.64,-244.26
2024-12-08 07:00:00,3077.72,2814.35,0.47,362.72,183.11,73.01,-358.51
2024-12-08 08:00:00,3003.49,2827.98,18.95,363.35,240.16,77.75,-527.43
2024-12-08 09:00:00,2988.35,2896.54,62.25,596.71,247.70,77.71,-895.15
2024-12-08 10:00:00,2993.32,3010.47,114.27,686.20,285.25,78.11,-1183.93
2024-12-08 11:00:00,3082.46,3098.13,155.11,701.46,365.25,74.31,-1314.44
2024-12-08 12:00:00,3026.65,3002.49,105.69,678.56,378.52,72.36,-1213.86
2024-12-08 13:00:00,2984.07,2899.14,59.22,544.38,374.06,72.12,-967.71
2024-12-08 14:00:00,3066.05,2897.18,14.72,483.61,368.72,72.82,-773.96
2024-12-08 15:00:00,3298.94,2955.63,0.27,536.09,372.33,71.71,-639.87
2024-12-08 16:00:00,3459.61,3061.26,0.40,467.23,373.35,74.29,-519.87
2024-12-08 17:00:00,3325.54,3296.08,0.29,398.02,375.82,73.28,-820.86
2024-12-08 18:00:00,3254.60,3378.19,0.25,377.28,329.35,73.63,-907.02
2024-12-08 19:00:00,3186.14,3365.70,0.20,363.01,213.83,73.46,-832.73
2024-12-08 20:00:00,3117.66,3262.88,0.17,362.77,173.73,71.70,-756.23
2024-12-08 21:00:00,3175.18,3277.09,0.15,301.33,171.81,70.24,-648.18
2024-12-08 22:00:00,3154.39,3415.21,0.16,278.43,163.12,70.49,-775.61
2024-12-08 23:00:00,3204.29,3489.28,0.13,261.73,142.71,40.90,-732.99
2024-12-09 00:00:00,3141.34,3637.78,0.12,273.30,158.72,44.33,-975.61
2024-12-09 01:00:00,3268.37,3678.60,0.11,249.60,160.90,50.57,-873.72
2024-12-09 02:00:00,3328.33,3691.06,0.14,243.64,157.09,50.95,-817.03
2024-12-09 03:00:00,3312.80,3690.93,0.14,255.10,157.07,52.42,-845.19
2024-12-09 04:00:00,3389.31,3783.61,0.18,340.77,162.27,51.81,-951.64
2024-12-09 05:00:00,3594.68,3835.46,0.25,440.28,167.11,54.00,-904.81
2024-12-09 06:00:00,3688.71,3886.04,0.33,506.02,215.25,54.53,-975.87
2024-12-09 07:00:00,3758.35,3839.24,15.39,534.26,227.95,54.93,-915.97
2024-12-09 08:00:00,3973.57,3766.50,54.68,502.73,219.73,58.00,-630.60
2024-12-09 09:00:00,3874.49,3642.76,121.52,551.88,239.82,60.58,-744.64
2024-12-09 10:00:00,3797.03,3585.37,182.59,597.75,272.20,64.22,-907.64
2024-12-09 11:00:00,3745.86,3380.08,186.22,628.07,318.36,63.36,-832.81
2024-12-09 12:00:00,3680.04,3117.34,136.93,643.78,345.63,63.67,-629.76
2024-12-09 13:00:00,3723.89,2816.00,87.57,658.26,336.71,64.44,-241.62
2024-12-09 14:00:00,3543.14,2631.82,20.25,723.67,419.31,66.25,-320.71
2024-12-09 15:00:00,3593.51,2575.97,0.27,739.01,428.75,67.34,-220.35
2024-12-09 16:00:00,3753.49,2524.53,0.40,747.55,470.76,72.83,-65.16
2024-12-09 17:00:00,3516.18,2430.22,0.36,735.83,486.61,72.08,-211.57
2024-12-09 18:00:00,3404.17,2292.45,0.27,784.24,500.13,69.22,-244.64
2024-12-09 19:00:00,3253.71,2062.41,0.21,816.30,485.64,68.50,-181.81
2024-12-09 20:00:00,3057.55,1791.06,0.18,833.65,420.92,66.38,-57.12
2024-12-09 21:00:00,2986.20,1494.59,0.16,790.06,396.33,66.79,235.84
2024-12-09 22:00:00,2886.90,1179.95,0.15,652.00,372.65,70.20,609.36
2024-12-09 23:00:00,3027.38,1017.44,0.11,561.87,280.66,69.44,1095.43
2024-12-10 00:00:00,2934.75,871.26,0.12,563.69,267.73,69.92,1159.61
2024-12-10 01:00:00,2803.66,766.65,0.13,567.42,269.93,69.33,1127.72
2024-12-10 02:00:00,2744.85,701.58,0.12,548.56,277.29,63.46,1151.48
2024-12-10 03:00:00,2636.88,633.11,0.14,561.90,274.73,64.40,1099.93
2024-12-10 04:00:00,2651.87,513.76,0.14,605.36,330.11,68.19,1131.63
2024-12-10 05:00:00,3014.97,360.55,0.22,844.41,403.75,70.02,1333.23
2024-12-10 06:00:00,3363.47,246.24,0.27,849.01,486.42,71.83,1706.79
2024-12-10 07:00:00,3527.52,154.62,0.78,851.57,514.63,74.12,1929.06
2024-12-10 08:00:00,3545.10,95.85,36.71,894.63,510.51,74.86,1929.69
2024-12-10 09:00:00,3566.13,71.58,79.25,900.19,543.39,72.37,1896.64
2024-12-10 10:00:00,3532.11,46.90,122.35,901.54,545.92,73.15,1839.53
2024-12-10 11:00:00,3501.34,33.58,133.55,903.21,538.96,71.52,1817.58
2024-12-10 12:00:00,3471.48,27.25,111.40,938.20,523.73,71.29,1796.62
2024-12-10 13:00:00,3451.44,49.01,62.22,968.58,512.48,70.74,1785.60
2024-12-10 14:00:00,3428.45,83.50,10.91,937.74,553.62,74.67,1765.21
2024-12-10 15:00:00,3532.50,76.57,0.30,934.62,546.57,82.85,1888.79
2024-12-10 16:00:00,3619.28,72.15,0.41,934.66,545.37,82.42,1981.30
2024-12-10 17:00:00,3465.17,105.17,0.30,923.96,579.65,85.10,1768.02
2024-12-10 18:00:00,3278.57,130.87,0.22,900.88,559.31,82.87,1601.68
2024-12-10 19:00:00,3139.63,154.47,0.18,885.22,529.95,72.77,1494.29
2024-12-10 20:00:00,3030.18,206.34,0.16,841.82,461.90,67.55,1449.64
2024-12-10 21:00:00,2943.73,279.26,0.15,829.54,451.44,66.37,1314.35
2024-12-10 22:00:00,2851.17,336.26,0.14,827.33,436.12,66.48,1182.25
2024-12-10 23:00:00,2918.15,395.34,0.13,814.57,426.75,64.46,1214.40
2024-12-11 00:00:00,2963.19,467.60,0.12,824.43,428.96,64.71,1174.68
2024-12-11 01:00:00,2942.34,526.19,0.11,779.24,432.90,65.20,1135.59
2024-12-11 02:00:00,2825.34,560.76,0.13,815.43,464.06,66.20,916.12
2024-12-11 03:00:00,2690.69,503.17,0.16,864.78,427.82,65.90,826.31
2024-12-11 04:00:00,2750.97,436.11,0.23,981.74,432.97,66.87,830.19
2024-12-11 05:00:00,3010.99,358.70,0.30,1087.54,531.02,70.69,959.55
2024-12-11 06:00:00,3321.08,386.80,0.36,1189.44,693.21,90.25,957.91
2024-12-11 07:00:00,3438.50,390.85,3.06,1311.03,741.42,101.13,888.20
2024-12-11 08:00:00,3463.93,437.36,44.83,1401.28,744.55,100.99,732.06
2024-12-11 09:00:00,3445.87,475.89,140.87,1399.10,747.75,100.10,579.17
2024-12-11 10:00:00,3425.87,461.10,187.99,1409.33,769.33,90.28,504.56
2024-12-11 11:00:00,3338.86,408.28,169.38,1413.25,786.29,92.71,465.84
2024-12-11 12:00:00,3337.16,438.72,137.70,1411.31,817.39,100.74,428.20
2024-12-11 13:00:00,3336.83,546.35,72.05,1435.89,796.89,107.17,375.25
2024-12-11 14:00:00,3256.77,660.17,10.87,1448.20,760.39,98.24,275.58
2024-12-11 15:00:00,3328.48,689.65,0.87,1453.32,765.44,96.91,319.07
2024-12-11 16:00:00,3479.91,768.07,0.69,1446.76,787.01,101.00,373.17
2024-12-11 17:00:00,3268.86,723.79,0.43,1421.59,812.83,107.22,199.72
2024-12-11 18:00:00,3066.95,633.88,0.39,1409.98,830.81,108.70,79.99
2024-12-11 19:00:00,2968.00,535.13,0.34,1412.31,769.21,96.68,151.14
2024-12-11 20:00:00,2897.30,387.73,0.30,1377.07,567.73,72.87,488.59
2024-12-11 21:00:00,2789.36,330.80,0.26,1327.14,538.06,72.51,517.65
2024-12-11 22:00:00,2718.85,291.05,0.24,1090.32,523.03,72.20,739.27
2024-12-11 23:00:00,2817.07,188.13,0.20,987.27,453.71,74.24,1110.81
2024-12-12 00:00:00,2833.76,124.01,0.20,1012.27,447.47,74.89,1172.22
2024-12-12 01:00:00,2864.37,102.74,0.19,892.50,435.84,74.45,1355.94
2024-12-12 02:00:00,2767.86,74.64,0.18,903.95,399.74,74.22,1312.53
2024-12-12 03:00:00,2658.83,49.19,0.23,973.99,451.27,73.60,1107.97
2024-12-12 04:00:00,2671.68,27.22,0.27,1095.59,492.03,74.23,979.55
2024-12-12 05:00:00,2960.91,19.34,0.27,1255.33,556.46,74.90,1051.73
2024-12-12 06:00:00,3219.35,14.10,0.42,1367.63,626.08,92.64,1115.49
2024-12-12 07:00:00,3353.03,23.76,0.71,1399.41,664.83,100.38,1160.91
2024-12-12 08:00:00,3329.32,36.64,14.79,1400.36,790.27,110.31,973.83
2024-12-12 09:00:00,3380.17,51.88,54.61,1382.42,666.88,99.73,1121.46
2024-12-12 10:00:00,3409.23,63.12,75.46,1360.31,649.73,92.80,1164.68
2024-12-12 11:00:00,3337.47,64.16,82.71,1345.34,644.70,91.00,1106.46
2024-12-12 12:00:00,3312.35,61.96,67.49,1347.45,637.95,89.54,1104.84
2024-12-12 13:00:00,3228.58,65.83,35.06,1344.93,663.40,87.76,1028.49
2024-12-12 14:00:00,3172.57,54.79,4.76,1383.01,669.20,92.20,965.50
2024-12-12 15:00:00,3236.37,55.45,0.71,1432.62,677.13,99.80,967.63
2024-12-12 16:00:00,3285.39,65.60,2.19,1441.45,685.60,100.48,987.56
2024-12-12 17:00:00,3154.30,69.41,1.12,1332.62,674.55,94.98,979.19
2024-12-12 18:00:00,3034.36,53.36,0.44,1180.30,649.06,91.45,1057.21
2024-12-12 19:00:00,2891.61,68.87,0.32,1167.11,629.33,87.58,935.88
2024-12-12 20:00:00,2856.26,79.34,0.23,1066.82,558.65,75.96,1072.75
2024-12-12 21:00:00,2783.94,104.30,0.22,1017.25,512.41,75.79,1071.55
2024-12-12 22:00:00,2745.31,103.32,0.20,909.85,503.28,76.25,1149.92
2024-12-12 23:00:00,2754.49,135.07,0.17,925.05,403.20,73.73,1214.60
2024-12-13 00:00:00,2798.77,170.82,0.14,912.35,387.83,73.38,1251.79
2024-12-13 01:00:00,2785.27,216.18,0.15,922.56,391.94,71.14,1180.70
2024-12-13 02:00:00,2775.69,284.03,0.13,878.50,384.58,74.37,1151.56
2024-12-13 03:00:00,2717.41,432.86,0.14,906.72,372.75,76.07,926.61
2024-12-13 04:00:00,2719.19,586.76,0.16,925.08,387.03,76.65,741.00
2024-12-13 05:00:00,3058.52,742.99,0.24,886.81,471.69,79.68,874.51
2024-12-13 06:00:00,3333.67,860.67,0.30,883.56,579.03,94.56,912.85
2024-12-13 07:00:00,3406.38,1090.64,1.41,860.08,599.55,96.48,755.58
2024-12-13 08:00:00,3395.56,1412.32,39.78,843.57,580.57,96.03,420.68
2024-12-13 09:00:00,3426.01,1330.46,104.02,842.14,580.60,91.13,475.14
2024-12-13 10:00:00,3433.47,1344.13,159.41,844.43,621.01,80.26,381.52
2024-12-13 11:00:00,3374.30,1273.13,150.09,832.72,573.99,76.09,465.54
2024-12-13 12:00:00,3332.33,1204.54,116.72,840.30,561.52,75.23,531.40
2024-12-13 13:00:00,3168.33,1083.89,56.83,851.62,702.51,104.30,366.59
2024-12-13 14:00:00,3145.68,1005.27,7.62,811.76,634.05,89.50,594.90
2024-12-13 15:00:00,3248.06,990.10,0.42,790.15,659.12,93.21,712.43
2024-12-13 16:00:00,3334.76,1066.21,0.68,833.18,660.58,95.33,676.08
2024-12-13 17:00:00,3227.44,1109.17,0.43,822.47,605.58,95.38,591.56
2024-12-13 18:00:00,3031.87,1170.30,0.36,832.24,598.32,91.58,336.22
2024-12-13 19:00:00,2907.19,1297.05,0.30,826.75,544.94,80.57,155.00
2024-12-13 20:00:00,2892.58,1350.06,0.27,823.28,457.19,78.63,180.65
2024-12-13 21:00:00,2769.70,1383.96,0.24,825.35,456.54,78.11,23.05
2024-12-13 22:00:00,2692.33,1349.22,0.19,793.60,422.28,77.40,47.12
2024-12-13 23:00:00,2610.25,1149.47,0.16,810.30,626.46,86.82,-65.36
2024-12-14 00:00:00,2637.45,1227.06,0.16,759.60,673.70,93.71,-119.11
2024-12-14 01:00:00,2602.79,1385.04,0.14,765.62,459.99,78.84,-89.02
2024-12-14 02:00:00,2586.17,1585.59,0.14,719.87,377.68,79.94,-179.18
2024-12-14 03:00:00,2555.13,1754.41,0.14,649.47,452.87,82.57,-386.71
2024-12-14 04:00:00,2540.59,1790.00,0.16,530.28,390.56,81.40,-254.03
2024-12-14 05:00:00,2597.64,1892.96,0.18,513.20,596.86,98.89,-506.75
2024-12-14 06:00:00,2787.27,2236.68,0.29,460.99,491.37,84.04,-488.55
2024-12-14 07:00:00,2838.50,2390.56,0.31,559.99,424.49,80.39,-619.64
2024-12-14 08:00:00,2939.79,2278.18,12.19,593.14,492.81,79.45,-518.61
2024-12-14 09:00:00,3209.12,2326.83,61.45,513.70,498.01,91.96,-285.58
2024-12-14 10:00:00,3382.01,2469.52,154.56,460.28,260.03,77.42,-42.48
2024-12-14 11:00:00,3420.74,2596.64,217.14,330.01,231.20,72.15,-29.12
2024-12-14 12:00:00,3412.05,2754.23,186.83,311.86,186.45,71.83,-102.02
2024-12-14 13:00:00,3427.07,3013.47,130.68,293.95,183.95,71.48,-269.18
2024-12-14 14:00:00,3350.04,3118.29,30.94,289.40,181.98,74.51,-347.68
2024-12-14 15:00:00,3381.66,2903.15,0.36,278.23,178.64,73.67,-54.99
2024-12-14 16:00:00,3448.38,2828.96,0.39,294.47,245.47,76.57,-0.27
2024-12-14 17:00:00,3530.82,2894.52,0.33,289.85,177.92,75.17,90.23
2024-12-14 18:00:00,3305.30,2928.16,0.24,252.07,157.49,75.74,-111.10
2024-12-14 19:00:00,3196.05,2880.54,0.21,232.70,150.56,75.47,-146.01
2024-12-14 20:00:00,3202.35,2776.00,0.18,201.34,149.20,71.46,1.63
2024-12-14 21:00:00,3092.57,2856.09,0.15,195.23,156.52,71.15,-189.18
2024-12-14 22:00:00,2965.39,2740.52,0.13,218.70,150.58,71.58,-218.69
2024-12-14 23:00:00,2936.73,2701.75,0.13,295.69,153.99,70.68,-287.83
2024-12-15 00:00:00,3058.98,2620.55,0.12,255.68,147.10,70.12,-36.84
2024-12-15 01:00:00,3050.34,2574.91,0.12,208.59,154.22,70.85,39.48
2024-12-15 02:00:00,2907.51,2348.13,0.14,292.91,153.83,72.71,37.65
2024-12-15 03:00:00,2837.54,2200.77,0.13,309.83,145.66,73.17,105.86
2024-12-15 04:00:00,2753.10,1951.34,0.16,264.55,141.85,70.91,322.17
2024-12-15 05:00:00,2762.11,1589.61,0.20,247.06,156.83,69.62,696.64
2024-12-15 06:00:00,2863.70,1559.67,0.23,253.10,155.79,71.68,820.93
2024-12-15 07:00:00,2960.57,1793.97,1.13,333.64,168.70,72.86,587.88
2024-12-15 08:00:00,3114.26,2374.70,25.84,299.54,209.26,73.93,128.56
2024-12-15 09:00:00,3151.49,2732.73,66.81,339.98,193.79,69.91,-254.12
2024-12-15 10:00:00,3304.23,3218.87,83.98,349.88,188.68,69.56,-609.46
2024-12-15 11:00:00,3341.81,3655.73,74.50,312.18,189.08,58.81,-951.05
2024-12-15 12:00:00,3359.51,4022.49,59.69,270.71,189.90,57.04,-1242.88
2024-12-15 13:00:00,3442.49,4314.44,33.79,283.47,178.01,56.76,-1426.49
2024-12-15 14:00:00,3420.17,4263.44,3.93,274.95,161.41,57.42,-1343.61
2024-12-15 15:00:00,3517.50,4247.94,0.41,256.33,150.98,59.08,-1200.02
2024-12-15 16:00:00,3648.14,4303.97,0.50,145.00,144.08,59.06,-1007.03
2024-12-15 17:00:00,3589.40,4413.70,0.37,24.50,142.07,57.37,-1051.25
2024-12-15 18:00:00,3457.52,4554.84,0.35,19.71,141.27,57.62,-1318.88
2024-12-15 19:00:00,3470.40,4717.17,0.32,2.32,142.34,56.78,-1451.26
2024-12-15 20:00:00,3420.44,4813.79,0.30,15.55,139.71,52.67,-1604.10
2024-12-15 21:00:00,3369.36,4823.23,0.28,13.71,141.01,52.66,-1663.88
2024-12-15 22:00:00,3345.23,4705.13,0.23,2.47,137.51,51.97,-1554.30
2024-12-15 23:00:00,3563.39,4139.85,0.44,2.65,144.02,52.12,-777.88
2024-12-16 00:00:00,3557.40,3973.99,0.47,2.70,141.26,50.03,-613.32
2024-12-16 01:00:00,3500.74,3870.27,0.47,2.74,138.42,50.97,-564.57
2024-12-16 02:00:00,3432.23,3944.09,0.44,2.77,132.35,52.70,-702.40
2024-12-16 03:00:00,3269.64,4064.34,0.46,2.68,131.11,52.79,-984.10
2024-12-16 04:00:00,3255.05,4053.31,0.47,7.83,132.14,51.93,-992.91
2024-12-16 05:00:00,3535.75,4457.88,0.47,74.10,147.70,53.66,-1200.49
2024-12-16 06:00:00,3564.65,4208.91,0.51,170.48,190.91,53.86,-1062.48
2024-12-16 07:00:00,3686.53,3972.40,0.76,209.78,225.75,53.15,-777.61
2024-12-16 08:00:00,3783.91,3887.74,27.52,208.95,185.25,52.19,-580.07
2024-12-16 09:00:00,3818.12,3870.39,98.94,190.00,222.73,50.94,-617.22
2024-12-16 10:00:00,3884.16,3962.10,152.49,182.30,215.49,48.47,-679.05
2024-12-16 11:00:00,3869.89,4035.09,161.34,197.60,215.25,52.88,-794.79
2024-12-16 12:00:00,3850.05,4002.90,115.51,193.69,207.70,54.28,-726.52
2024-12-16 13:00:00,3812.88,3982.22,52.72,194.91,208.01,52.43,-679.89
2024-12-16 14:00:00,3683.71,3928.86,5.35,217.53,225.99,53.56,-750.04
2024-12-16 15:00:00,3791.05,4056.72,0.41,192.80,228.12,53.78,-743.19
2024-12-16 16:00:00,3877.08,4142.81,0.58,213.87,242.13,53.01,-777.89
2024-12-16 17:00:00,3735.74,4333.42,0.53,228.91,257.35,55.70,-1142.70
2024-12-16 18:00:00,3587.22,4385.35,0.42,175.63,256.18,54.43,-1287.25
2024-12-16 19:00:00,3395.70,4254.00,0.34,173.31,256.43,54.66,-1345.53
2024-12-16 20:00:00,3365.39,4186.10,0.29,171.58,251.15,53.28,-1299.49
2024-12-16 21:00:00,3363.70,4210.80,0.31,167.20,236.02,53.46,-1306.50
2024-12-16 22:00:00,3205.30,4260.43,0.28,167.44,219.71,52.28,-1497.19
2024-12-16 23:00:00,3274.29,4261.16,0.26,180.62,256.77,52.30,-1479.09
2024-12-17 00:00:00,3204.85,4254.91,0.27,166.88,239.98,51.76,-1511.38
2024-12-17 01:00:00,3114.40,4117.05,0.26,170.67,233.52,51.67,-1461.13
2024-12-17 02:00:00,2965.47,3922.93,0.24,168.15,232.64,51.87,-1412.56
2024-12-17 03:00:00,2937.98,3575.75,0.20,176.70,212.65,53.52,-1083.05
2024-12-17 04:00:00,3022.00,3215.75,0.20,171.55,233.25,54.84,-655.99
2024-12-17 05:00:00,3111.11,2914.08,0.29,267.14,245.45,65.58,-384.06
2024-12-17 06:00:00,3461.88,2696.37,0.34,395.30,244.13,67.50,55.75
2024-12-17 07:00:00,3535.63,2345.35,1.10,381.42,215.16,67.73,522.39
2024-12-17 08:00:00,3539.22,2201.00,34.01,417.06,215.60,68.75,600.55
2024-12-17 09:00:00,3446.89,1944.85,130.45,358.24,307.71,67.84,635.41
2024-12-17 10:00:00,3435.74,1879.88,210.78,355.66,323.30,66.55,597.24
2024-12-17 11:00:00,3420.13,1977.36,212.74,338.28,320.68,66.29,502.16
2024-12-17 12:00:00,3375.26,1902.74,154.00,433.09,330.20,68.40,484.35
2024-12-17 13:00:00,3241.63,1792.17,70.99,477.59,350.59,68.93,478.83
2024-12-17 14:00:00,3200.85,1778.60,9.53,509.54,404.43,69.08,427.01
2024-12-17 15:00:00,3273.03,1713.24,0.34,536.30,419.20,68.71,532.55
2024-12-17 16:00:00,3394.41,1665.21,0.59,626.99,442.79,71.49,584.64
2024-12-17 17:00:00,3258.43,1648.60,0.43,451.39,419.07,71.73,664.32
2024-12-17 18:00:00,3065.63,1606.79,0.34,438.11,416.34,71.31,530.09
2024-12-17 19:00:00,2922.10,1685.86,0.28,403.58,413.46,70.15,346.19
2024-12-17 20:00:00,2831.97,1778.03,0.23,398.15,358.02,66.85,228.21
2024-12-17 21:00:00,2775.83,2067.44,0.23,283.47,269.51,67.14,85.64
2024-12-17 22:00:00,2769.95,2293.37,0.22,188.78,251.74,61.50,-27.90
2024-12-17 23:00:00,2996.34,2409.82,0.20,170.96,192.00,50.53,170.42
2024-12-18 00:00:00,2857.39,2601.18,0.20,166.37,188.99,51.63,-153.33
2024-12-18 01:00:00,3011.66,2945.43,0.22,165.27,187.29,51.74,-340.73
2024-12-18 02:00:00,3133.52,3478.50,0.26,165.29,170.63,47.47,-730.84
2024-12-18 03:00:00,3199.78,3843.31,0.40,161.34,141.63,49.86,-999.03
2024-12-18 04:00:00,3317.73,4097.83,0.50,166.54,142.72,49.81,-1142.00
2024-12-18 05:00:00,3506.35,4221.77,0.60,176.66,144.68,55.28,-1095.17
2024-12-18 06:00:00,3603.02,4176.97,0.68,271.47,209.71,69.52,-1127.70
2024-12-18 07:00:00,3644.99,4212.20,0.77,322.49,239.55,69.20,-1201.58
2024-12-18 08:00:00,3706.44,4214.56,3.85,307.07,243.93,67.59,-1132.95
2024-12-18 09:00:00,3877.19,4142.67,19.56,298.67,241.18,64.55,-891.88
2024-12-18 10:00:00,3867.41,4192.48,38.13,287.93,246.76,58.46,-958.74
2024-12-18 11:00:00,3846.11,4242.24,30.30,288.17,247.82,54.24,-1019.10
2024-12-18 12:00:00,3839.68,4329.33,26.31,303.71,251.11,54.73,-1127.99
2024-12-18 13:00:00,3888.38,4337.13,13.18,328.71,236.11,53.31,-1082.40
2024-12-18 14:00:00,3839.01,4392.98,1.42,327.03,223.71,54.44,-1163.14
2024-12-18 15:00:00,3857.89,4458.62,0.66,289.92,216.92,56.81,-1167.50
2024-12-18 16:00:00,3936.96,4509.35,0.86,248.51,202.32,54.62,-1081.41
2024-12-18 17:00:00,3904.39,4714.93,0.66,193.65,181.46,53.28,-1242.11
2024-12-18 18:00:00,3741.75,4698.58,0.66,65.82,161.29,57.33,-1244.63
2024-12-18 19:00:00,3670.60,4538.71,0.58,49.43,146.19,58.38,-1125.48
2024-12-18 20:00:00,3646.76,4450.71,0.50,49.16,139.44,55.36,-1050.90
2024-12-18 21:00:00,3430.40,4327.80,0.54,48.74,156.35,56.60,-1161.97
2024-12-18 22:00:00,3329.57,4064.80,0.51,49.06,155.88,56.41,-999.26
2024-12-18 23:00:00,3385.53,3466.60,0.41,49.53,146.02,48.33,-327.53
2024-12-19 00:00:00,3249.57,2391.07,0.33,49.71,139.27,47.03,619.89
2024-12-19 01:00:00,3238.08,1436.79,0.28,49.54,111.20,46.99,1591.09
2024-12-19 02:00:00,3345.55,881.34,0.24,50.72,107.31,46.45,2257.33
2024-12-19 03:00:00,3315.24,667.84,0.25,50.04,103.23,47.41,2444.21
2024-12-19 04:00:00,3159.84,577.55,0.25,55.77,107.93,50.59,2365.50
2024-12-19 05:00:00,3211.79,502.10,0.33,127.79,142.76,54.17,2382.23
2024-12-19 06:00:00,3389.94,761.96,0.38,254.97,225.27,66.94,2077.77
2024-12-19 07:00:00,3540.79,1388.45,0.43,324.17,254.52,75.56,1495.16
2024-12-19 08:00:00,3388.69,1415.66,12.87,366.21,249.74,76.80,1264.89
2024-12-19 09:00:00,3497.31,1549.01,84.51,383.33,293.39,73.75,1110.87
2024-12-19 10:00:00,3684.70,1995.86,168.38,416.99,276.64,69.93,754.23
2024-12-19 11:00:00,3814.16,2116.40,192.53,426.68,218.94,59.52,797.48
2024-12-19 12:00:00,3816.25,2365.11,216.08,461.55,213.54,56.93,500.47
2024-12-19 13:00:00,3599.69,2778.99,136.95,406.47,222.55,58.03,-5.97
2024-12-19 14:00:00,3518.37,3253.97,23.00,367.90,202.65,57.00,-388.88
2024-12-19 15:00:00,3581.09,3458.47,0.48,404.40,198.19,53.22,-536.26
2024-12-19 16:00:00,3744.45,3610.74,0.63,387.14,204.83,51.08,-512.74
2024-12-19 17:00:00,3673.42,3877.58,0.58,257.72,194.38,51.14,-710.65
2024-12-19 18:00:00,3832.90,4120.89,0.57,180.41,175.86,51.82,-699.35
2024-12-19 19:00:00,3567.26,4290.28,0.56,175.55,190.20,51.70,-1143.67
2024-12-19 20:00:00,3490.47,4399.62,0.49,195.64,199.92,49.50,-1357.33
2024-12-19 21:00:00,3429.28,4451.78,0.48,175.02,198.66,48.33,-1447.61
2024-12-19 22:00:00,3259.55,4459.29,0.46,173.87,182.19,48.42,-1607.38
2024-12-19 23:00:00,3462.05,4385.95,0.44,222.82,132.68,50.62,-1333.42
2024-12-20 00:00:00,3377.05,4300.20,0.45,210.96,131.70,50.12,-1318.97
2024-12-20 01:00:00,3383.18,4012.98,0.41,194.54,125.83,49.89,-1003.28
2024-12-20 02:00:00,3347.28,4090.23,0.43,200.27,127.43,48.29,-1122.04
2024-12-20 03:00:00,3291.61,3889.67,0.47,198.63,125.58,49.42,-974.78
2024-12-20 04:00:00,3309.83,4159.79,0.48,211.41,138.67,49.69,-1252.96
2024-12-20 05:00:00,3474.38,4200.07,0.55,210.28,158.07,55.17,-1152.51
2024-12-20 06:00:00,3596.89,4206.05,0.61,217.59,184.77,68.70,-1083.84
2024-12-20 07:00:00,3767.34,4146.63,3.62,219.83,182.93,69.05,-857.76
2024-12-20 08:00:00,3772.64,4003.02,97.86,219.97,215.74,70.68,-837.58
2024-12-20 09:00:00,3710.01,3872.61,225.10,221.73,259.10,70.14,-941.63
2024-12-20 10:00:00,3503.88,3649.75,303.90,222.76,259.58,68.68,-1003.82
2024-12-20 11:00:00,3634.02,3396.30,297.31,235.55,259.80,66.47,-624.36
2024-12-20 12:00:00,3458.85,3055.00,274.08,197.02,238.98,67.05,-376.34
2024-12-20 13:00:00,3323.85,2738.03,144.40,264.06,224.62,68.77,-119.13
2024-12-20 14:00:00,3212.02,2201.13,42.47,344.23,251.31,70.19,299.59
2024-12-20 15:00:00,3260.61,2014.84,0.45,338.37,277.69,73.02,553.15
2024-12-20 16:00:00,3285.44,1815.33,0.61,335.05,283.60,74.29,773.52
2024-12-20 17:00:00,3256.42,1854.63,0.48,382.81,257.39,74.04,683.82
2024-12-20 18:00:00,3100.68,2032.82,0.33,352.27,252.79,74.98,384.41
2024-12-20 19:00:00,3092.84,2423.76,0.33,286.63,241.83,70.15,67.20
2024-12-20 20:00:00,3098.37,2931.34,0.28,180.76,196.32,62.03,-275.40
2024-12-20 21:00:00,3036.91,3477.51,0.33,164.90,183.94,52.74,-845.42
2024-12-20 22:00:00,3219.58,3858.26,0.37,162.70,171.86,53.39,-1029.81
2024-12-20 23:00:00,3299.57,4081.96,0.31,164.45,173.56,51.23,-1175.00
2024-12-21 00:00:00,3255.58,4135.67,0.39,163.50,173.33,50.94,-1271.37
2024-12-21 01:00:00,3220.41,4071.01,0.30,162.95,170.68,51.76,-1239.35
2024-12-21 02:00:00,3079.12,3634.18,0.22,163.91,166.08,52.34,-940.72
2024-12-21 03:00:00,2892.77,2882.27,0.21,172.48,159.64,51.34,-376.19
2024-12-21 04:00:00,2830.08,2764.39,0.22,162.26,165.87,51.16,-316.85
2024-12-21 05:00:00,2857.65,2895.24,0.24,160.30,161.77,51.07,-414.15
2024-12-21 06:00:00,2962.43,2831.73,0.29,158.87,164.55,54.25,-250.43
2024-12-21 07:00:00,3088.67,2926.06,1.47,153.13,166.20,55.29,-216.90
2024-12-21 08:00:00,3045.21,3069.58,27.35,164.03,180.00,55.50,-454.69
2024-12-21 09:00:00,3163.21,3258.74,97.93,149.30,189.75,53.65,-589.50
2024-12-21 10:00:00,3177.20,3656.28,113.20,155.88,224.02,51.89,-1027.38
2024-12-21 11:00:00,3255.12,3943.12,116.15,156.08,195.10,49.74,-1208.28
2024-12-21 12:00:00,3258.27,4081.28,79.26,142.46,190.70,51.27,-1290.03
2024-12-21 13:00:00,3266.18,4193.96,38.25,151.18,183.71,52.00,-1356.05
2024-12-21 14:00:00,3267.02,4358.21,3.02,159.95,181.03,53.18,-1491.80
2024-12-21 15:00:00,3295.69,4474.38,0.54,164.01,181.30,53.84,-1581.72
2024-12-21 16:00:00,3462.93,4466.73,0.61,165.30,180.95,54.17,-1408.22
2024-12-21 17:00:00,3424.80,4416.18,0.54,163.15,164.88,54.36,-1377.50
2024-12-21 18:00:00,3208.02,4264.64,0.50,177.18,161.89,52.39,-1451.84
2024-12-21 19:00:00,3213.98,4159.39,0.46,187.77,143.06,52.78,-1332.71
2024-12-21 20:00:00,3239.52,3992.95,0.36,174.74,121.22,49.20,-1102.08
2024-12-21 21:00:00,3148.09,3771.39,0.30,157.61,125.47,47.27,-956.99
2024-12-21 22:00:00,3168.48,3593.20,0.23,74.08,122.46,45.28,-669.79
2024-12-21 23:00:00,3238.70,3269.39,0.20,2.55,129.77,45.29,-211.44
2024-12-22 00:00:00,3227.69,2898.21,0.23,2.59,118.65,44.88,160.26
2024-12-22 01:00:00,3227.36,2733.02,0.24,2.54,127.34,46.20,315.32
2024-12-22 02:00:00,3155.49,1874.29,0.19,2.54,120.39,47.06,1108.34
2024-12-22 03:00:00,3132.32,1709.77,0.21,2.50,117.85,46.10,1253.17
2024-12-22 04:00:00,2972.46,1831.93,0.23,2.45,118.58,46.84,969.70
2024-12-22 05:00:00,3029.10,1714.11,0.24,2.42,119.86,47.05,1142.58
2024-12-22 06:00:00,3050.50,2388.15,0.25,2.29,111.67,48.82,496.38
2024-12-22 07:00:00,3209.88,2316.44,0.94,111.20,123.01,57.28,598.01
2024-12-22 08:00:00,3169.74,2103.90,48.40,142.12,126.86,63.85,681.67
2024-12-22 09:00:00,3178.72,2027.98,208.87,167.53,158.97,62.76,549.61
2024-12-22 10:00:00,3154.42,1791.67,312.35,189.82,181.47,62.60,613.29
2024-12-22 11:00:00,3177.47,1956.85,332.67,156.39,180.35,64.17,483.85
2024-12-22 12:00:00,3055.57,1688.27,272.79,176.63,182.78,67.23,664.54
2024-12-22 13:00:00,3087.51,1745.44,115.83,237.91,168.49,67.54,749.22
2024-12-22 14:00:00,3057.78,2008.02,12.97,308.87,154.23,67.22,503.36
2024-12-22 15:00:00,3109.35,2144.91,0.37,240.26,160.55,66.53,493.35
2024-12-22 16:00:00,3212.48,2355.66,0.60,291.46,308.90,75.04,177.54
2024-12-22 17:00:00,3133.65,2397.62,0.48,184.51,215.15,69.24,263.63
2024-12-22 18:00:00,2966.75,2540.14,0.33,259.53,234.07,69.52,-140.03
2024-12-22 19:00:00,2932.21,2749.68,0.31,195.18,214.10,67.34,-297.50
2024-12-22 20:00:00,3052.96,3030.36,0.27,158.82,209.72,63.98,-413.35
2024-12-22 21:00:00,2953.07,3293.13,0.30,154.56,214.49,63.23,-775.61
2024-12-22 22:00:00,2941.83,3417.30,0.32,150.62,182.27,62.72,-874.16
2024-12-22 23:00:00,2938.00,3295.61,0.25,146.89,148.63,63.10,-719.31
2024-12-23 00:00:00,2871.74,3162.09,0.18,159.03,141.96,53.90,-648.19
2024-12-23 01:00:00,2966.35,3164.72,0.20,154.04,150.89,50.43,-556.87
2024-12-23 02:00:00,3109.95,3338.99,0.33,151.22,127.10,46.76,-557.33
2024-12-23 03:00:00,2983.70,3319.88,0.38,151.94,121.28,47.78,-660.58
2024-12-23 04:00:00,2886.98,3296.35,0.42,151.61,127.09,55.79,-747.39
2024-12-23 05:00:00,2862.30,3230.64,0.42,151.54,146.94,64.16,-734.51
2024-12-23 06:00:00,2949.96,3169.59,0.41,183.98,156.94,67.47,-631.47
2024-12-23 07:00:00,3079.96,2958.23,0.86,216.98,175.28,67.81,-342.21
2024-12-23 08:00:00,3250.86,2981.57,66.07,211.23,181.79,67.98,-261.05
2024-12-23 09:00:00,3458.92,3187.83,282.15,215.61,186.69,65.60,-482.10
2024-12-23 10:00:00,3518.64,3320.48,481.37,212.95,214.05,68.82,-782.35
2024-12-23 11:00:00,3447.06,3248.85,550.91,273.82,208.72,65.68,-904.33
2024-12-23 12:00:00,3429.17,3179.08,469.56,269.94,218.22,64.29,-775.26
2024-12-23 13:00:00,3310.70,3042.72,259.87,246.12,202.89,64.63,-509.07
2024-12-23 14:00:00,3154.71,2899.83,46.78,222.87,228.29,65.66,-311.86
2024-12-23 15:00:00,3095.23,2819.89,0.38,327.33,295.99,66.38,-418.03
2024-12-23 16:00:00,3255.27,2642.25,0.53,358.08,397.35,71.50,-217.71
2024-12-23 17:00:00,3112.09,2414.61,0.42,349.77,411.46,74.22,-141.73
2024-12-23 18:00:00,2914.60,2005.06,0.32,338.44,399.60,75.75,92.22
2024-12-23 19:00:00,2734.85,1857.90,0.27,360.22,403.30,74.91,35.07
2024-12-23 20:00:00,2627.41,1433.37,0.23,345.67,392.20,71.21,381.61
2024-12-23 21:00:00,2554.49,922.46,0.17,356.74,371.09,69.77,831.22
2024-12-23 22:00:00,2477.32,556.23,0.16,357.02,338.20,66.24,1156.39
2024-12-23 23:00:00,2431.80,279.92,0.11,356.94,182.47,63.62,1545.63
2024-12-24 00:00:00,2365.55,122.72,0.14,348.61,206.01,65.42,1619.64
2024-12-24 01:00:00,2364.61,57.82,0.14,377.44,158.08,65.85,1702.37
2024-12-24 02:00:00,2375.88,39.07,0.12,370.46,164.98,63.84,1734.54
2024-12-24 03:00:00,2333.88,130.41,0.15,391.01,220.01,66.03,1523.41
2024-12-24 04:00:00,2234.20,295.68,0.19,366.07,167.35,65.51,1336.43
2024-12-24 05:00:00,2247.45,521.67,0.27,370.77,223.33,70.42,1058.05
2024-12-24 06:00:00,2413.70,729.39,0.28,381.74,374.19,75.13,849.85
2024-12-24 07:00:00,2603.00,881.13,1.37,450.56,421.73,75.94,769.02
2024-12-24 08:00:00,2704.09,1074.49,48.61,417.19,472.95,76.23,611.37
2024-12-24 09:00:00,2747.45,1416.93,97.30,382.66,473.83,75.64,298.08
2024-12-24 10:00:00,2818.15,1694.95,138.64,370.91,441.72,72.01,96.64
2024-12-24 11:00:00,2800.96,1938.16,170.63,438.58,517.19,71.75,-338.50
2024-12-24 12:00:00,2790.36,2163.61,125.05,465.86,445.64,67.84,-480.86
2024-12-24 13:00:00,2799.82,2315.75,64.61,484.98,405.36,68.23,-542.33
2024-12-24 14:00:00,2874.08,2581.63,9.35,490.23,433.10,67.89,-711.28
2024-12-24 15:00:00,3073.20,2809.35,0.35,414.90,435.51,70.20,-660.28
2024-12-24 16:00:00,3161.63,2894.71,0.56,429.44,451.11,71.02,-688.36
2024-12-24 17:00:00,2858.40,3002.42,0.42,351.09,389.00,72.47,-959.86
2024-12-24 18:00:00,2650.19,2852.64,0.30,329.89,371.01,71.69,-978.21
2024-12-24 19:00:00,2498.53,2576.45,0.27,340.88,360.75,69.21,-852.03
2024-12-24 20:00:00,2321.56,2418.79,0.25,382.61,310.92,68.50,-862.44
2024-12-24 21:00:00,2232.37,2462.21,0.22,367.09,231.10,62.25,-893.41
2024-12-24 22:00:00,2309.37,2393.74,0.21,341.83,200.33,59.13,-688.98
2024-12-24 23:00:00,2430.33,2232.51,0.19,342.59,235.01,56.99,-439.85
2024-12-25 00:00:00,2279.37,2127.24,0.19,343.08,232.71,57.59,-484.23
2024-12-25 01:00:00,2198.61,1987.60,0.16,323.27,223.08,56.26,-394.56
2024-12-25 02:00:00,2246.71,1767.15,0.16,372.56,198.32,52.69,-146.92
2024-12-25 03:00:00,2326.19,1555.33,0.19,372.61,249.57,52.62,93.13
2024-12-25 04:00:00,2289.01,1416.39,0.25,407.44,272.01,53.80,136.33
2024-12-25 05:00:00,2258.61,1545.47,0.29,351.14,218.80,53.97,86.10
2024-12-25 06:00:00,2325.74,1462.53,0.36,350.23,281.80,54.59,173.14
2024-12-25 07:00:00,2305.44,1297.80,0.40,470.83,370.10,56.11,106.99
2024-12-25 08:00:00,2417.01,1386.04,12.75,445.19,363.92,56.11,149.92
2024-12-25 09:00:00,2520.12,1267.74,59.75,356.94,362.12,56.90,413.62
2024-12-25 10:00:00,2570.48,1226.70,114.25,421.54,371.08,57.98,375.85
2024-12-25 11:00:00,2591.77,1369.72,138.74,429.15,420.64,60.89,169.56
2024-12-25 12:00:00,2627.40,1537.90,106.59,389.78,374.55,64.76,150.57
2024-12-25 13:00:00,2506.92,1601.59,54.32,408.14,379.82,65.89,-6.00
2024-12-25 14:00:00,2508.69,1515.99,8.02,402.23,405.68,72.03,101.34
2024-12-25 15:00:00,2601.95,1634.45,0.40,430.13,520.44,72.50,-59.13
2024-12-25 16:00:00,2706.95,1697.70,0.62,428.98,528.23,73.12,-24.77
2024-12-25 17:00:00,2711.63,1732.05,0.50,458.21,490.34,74.00,-46.54
2024-12-25 18:00:00,2528.44,1784.88,0.39,427.59,500.43,70.06,-257.98
2024-12-25 19:00:00,2425.72,1922.00,0.41,426.17,443.19,69.31,-438.32
2024-12-25 20:00:00,2347.84,1912.75,0.35,485.97,449.52,68.16,-571.79
2024-12-25 21:00:00,2219.00,1691.94,0.35,458.37,403.24,65.64,-403.37
2024-12-25 22:00:00,2162.84,1725.82,0.30,432.01,409.00,64.49,-471.59
2024-12-25 23:00:00,2172.86,1616.34,0.28,413.78,268.35,65.98,-194.58
2024-12-26 00:00:00,2170.87,1467.24,0.26,410.79,225.56,66.84,-2.58
2024-12-26 01:00:00,2133.26,1378.78,0.21,421.58,239.18,66.61,24.21
2024-12-26 02:00:00,2140.59,1187.19,0.26,368.70,224.08,67.09,290.59
2024-12-26 03:00:00,2080.43,1141.21,0.27,356.67,218.67,67.17,293.77
2024-12-26 04:00:00,1993.36,1067.97,0.29,397.55,229.12,66.89,228.85
2024-12-26 05:00:00,2052.65,935.61,0.30,366.16,315.70,67.87,364.25
2024-12-26 06:00:00,2164.65,949.67,0.34,424.79,374.20,73.37,339.29
2024-12-26 07:00:00,2331.30,828.96,1.74,443.42,412.37,74.51,567.42
2024-12-26 08:00:00,2467.36,838.85,24.10,454.80,471.34,75.56,599.72
2024-12-26 09:00:00,2596.36,830.67,72.66,363.05,416.79,70.92,839.38
2024-12-26 10:00:00,2643.54,826.23,104.44,407.52,415.95,69.87,816.29
2024-12-26 11:00:00,2596.32,817.06,98.39,454.53,440.65,70.73,711.88
2024-12-26 12:00:00,2548.15,801.15,68.61,396.87,397.98,68.11,812.33
2024-12-26 13:00:00,2494.79,617.59,36.72,416.20,423.28,67.94,930.03
2024-12-26 14:00:00,2484.03,466.89,8.57,459.84,492.19,69.62,983.90
2024-12-26 15:00:00,2566.16,415.52,0.35,436.83,498.71,69.89,1141.77
2024-12-26 16:00:00,2640.62,384.89,0.45,463.38,514.35,68.24,1206.34
2024-12-26 17:00:00,2596.00,386.63,0.34,465.51,519.79,70.76,1149.96
2024-12-26 18:00:00,2493.63,375.49,0.25,432.23,519.08,71.50,1092.08
2024-12-26 19:00:00,2399.13,392.10,0.23,424.02,495.67,69.63,1014.42
2024-12-26 20:00:00,2334.04,287.63,0.18,420.84,455.84,68.08,1098.42
2024-12-26 21:00:00,2241.25,269.66,0.16,424.57,483.52,69.19,991.24
2024-12-26 22:00:00,2128.32,235.01,0.14,410.94,344.06,38.89,1096.72
2024-12-26 23:00:00,2171.91,215.47,0.16,438.28,222.35,44.81,1248.25
2024-12-27 00:00:00,2204.13,193.52,0.13,401.15,177.22,56.35,1373.22
2024-12-27 01:00:00,2178.23,132.54,0.11,396.31,176.77,57.95,1412.01
2024-12-27 02:00:00,2124.12,103.95,0.11,403.81,170.62,55.36,1387.82
2024-12-27 03:00:00,2058.91,107.90,0.15,406.84,170.29,54.04,1317.10
2024-12-27 04:00:00,2031.21,130.53,0.18,411.15,201.65,54.86,1230.28
2024-12-27 05:00:00,2148.00,112.10,0.23,413.01,350.93,57.35,1211.70
2024-12-27 06:00:00,2369.80,119.90,0.26,449.80,445.93,63.18,1287.83
2024-12-27 07:00:00,2628.82,158.00,0.37,433.36,462.68,65.00,1506.49
2024-12-27 08:00:00,2685.95,206.01,19.89,435.23,476.64,67.41,1477.86
2024-12-27 09:00:00,2788.41,292.42,66.45,441.54,430.15,64.53,1490.38
2024-12-27 10:00:00,2836.31,385.60,103.79,396.94,393.58,63.94,1489.53
2024-12-27 11:00:00,2848.75,430.12,101.92,375.36,393.41,63.92,1481.19
2024-12-27 12:00:00,2817.11,412.12,68.10,396.23,397.42,62.95,1477.22
2024-12-27 13:00:00,2774.06,391.43,35.04,416.83,403.01,60.57,1464.01
2024-12-27 14:00:00,2740.61,302.56,7.41,474.34,481.95,63.49,1407.77
2024-12-27 15:00:00,2817.04,255.24,0.27,510.16,532.33,66.65,1449.06
2024-12-27 16:00:00,2922.65,212.84,0.37,499.64,551.47,69.56,1585.48
2024-12-27 17:00:00,2831.11,189.73,0.34,501.25,549.59,70.61,1516.23
2024-12-27 18:00:00,2663.11,180.59,0.26,484.93,544.01,72.30,1377.86
2024-12-27 19:00:00,2526.59,209.16,0.20,417.71,508.51,68.23,1319.63
2024-12-27 20:00:00,2442.64,252.58,0.15,424.93,630.70,76.90,1054.36
2024-12-27 21:00:00,2335.31,308.10,0.15,395.16,430.90,66.73,1131.25
2024-12-27 22:00:00,2265.36,341.77,0.14,435.82,449.73,65.58,969.21
2024-12-27 23:00:00,2294.08,404.84,0.13,397.51,364.76,65.48,1058.32
2024-12-28 00:00:00,2291.20,424.61,0.13,400.28,361.58,65.80,1035.72
2024-12-28 01:00:00,2274.40,479.39,0.10,420.20,364.62,64.30,942.85
2024-12-28 02:00:00,2253.81,486.86,0.12,421.17,286.53,63.97,992.07
2024-12-28 03:00:00,2201.08,487.42,0.13,379.71,351.86,66.51,912.51
2024-12-28 04:00:00,2120.16,511.98,0.16,382.73,269.66,67.88,884.82
2024-12-28 05:00:00,2129.37,496.06,0.20,421.15,295.55,68.44,845.01
2024-12-28 06:00:00,2244.86,452.45,0.22,484.87,391.30,71.91,840.95
2024-12-28 07:00:00,2435.98,523.88,0.31,488.02,420.83,72.44,927.11
2024-12-28 08:00:00,2582.08,626.55,18.48,478.74,421.61,72.74,959.74
2024-12-28 09:00:00,2745.96,747.49,79.69,378.34,411.51,66.49,1058.24
2024-12-28 10:00:00,2756.53,864.46,115.09,367.69,386.70,64.63,953.94
2024-12-28 11:00:00,2751.21,1007.01,105.30,373.79,388.39,64.38,809.07
2024-12-28 12:00:00,2717.08,1168.71,92.28,373.73,385.58,62.57,630.97
2024-12-28 13:00:00,2695.44,1308.83,59.92,374.78,398.79,61.88,488.15
2024-12-28 14:00:00,2689.60,1407.17,13.48,397.79,439.67,63.34,363.31
2024-12-28 15:00:00,2796.13,1460.17,0.33,448.40,478.97,63.25,338.50
2024-12-28 16:00:00,2908.78,1609.56,0.48,481.97,504.72,68.95,237.52
2024-12-28 17:00:00,2837.12,1757.27,0.41,461.33,519.47,68.94,26.43
2024-12-28 18:00:00,2678.93,1866.47,0.31,474.82,522.21,69.65,-257.78
2024-12-28 19:00:00,2570.32,1870.06,0.24,381.99,480.96,65.45,-231.59
2024-12-28 20:00:00,2511.71,1878.04,0.24,390.82,441.47,62.83,-264.77
2024-12-28 21:00:00,2424.54,1915.65,0.19,451.23,413.59,62.11,-421.58
2024-12-28 22:00:00,2338.27,2044.09,0.17,400.21,406.96,58.23,-574.39
2024-12-28 23:00:00,2270.64,2154.03,0.17,450.65,245.55,57.51,-640.26
2024-12-29 00:00:00,2218.41,2096.81,0.15,448.32,225.55,56.59,-612.01
2024-12-29 01:00:00,2199.41,2148.30,0.15,436.08,224.79,56.55,-669.34
2024-12-29 02:00:00,2232.91,2412.65,0.16,396.67,221.21,56.02,-856.64
2024-12-29 03:00:00,2383.54,2604.99,0.16,367.00,201.52,55.39,-848.36
2024-12-29 04:00:00,2365.04,2934.93,0.22,369.29,323.70,58.15,-1324.15
2024-12-29 05:00:00,2599.54,3214.50,0.30,381.48,237.23,57.27,-1294.17
2024-12-29 06:00:00,2787.85,3449.28,0.34,361.73,182.69,57.17,-1266.23
2024-12-29 07:00:00,2981.74,3712.40,0.40,393.69,178.44,56.59,-1362.74
2024-12-29 08:00:00,3058.85,3755.84,15.07,396.37,178.69,51.05,-1341.10
2024-12-29 09:00:00,3306.09,3799.59,120.78,240.66,171.38,42.20,-1071.47
2024-12-29 10:00:00,3393.15,3814.21,176.79,150.97,167.67,41.48,-961.03
2024-12-29 11:00:00,3370.06,3857.58,149.02,187.01,165.11,41.12,-1032.79
2024-12-29 12:00:00,3256.94,3866.94,100.34,213.50,163.77,41.24,-1131.97
2024-12-29 13:00:00,3391.34,3956.78,45.42,186.24,171.48,40.74,-1012.36
2024-12-29 14:00:00,3380.49,4091.90,6.86,176.90,170.03,42.02,-1110.17
2024-12-29 15:00:00,3359.93,4311.23,0.47,177.31,169.42,42.79,-1344.38
2024-12-29 16:00:00,3466.86,4519.68,0.59,153.00,176.64,44.73,-1430.90
2024-12-29 17:00:00,3425.49,4663.33,0.52,72.89,163.77,45.08,-1523.26
2024-12-29 18:00:00,3433.08,4773.65,0.46,2.99,156.34,44.21,-1547.57
2024-12-29 19:00:00,3500.58,4772.01,0.45,3.02,147.42,43.91,-1469.37
2024-12-29 20:00:00,3409.83,4843.82,0.43,2.54,157.59,43.25,-1640.87
2024-12-29 21:00:00,3358.72,4630.11,0.41,2.81,138.25,42.86,-1458.65
2024-12-29 22:00:00,3243.27,4176.02,0.39,2.83,142.23,42.38,-1123.58
2024-12-29 23:00:00,3355.95,4752.79,0.39,1.90,163.50,42.83,-1608.10
2024-12-30 00:00:00,3376.08,4798.92,0.44,1.56,167.89,43.29,-1638.78
2024-12-30 01:00:00,3281.39,4835.84,0.42,1.51,172.36,43.84,-1775.16
2024-12-30 02:00:00,3139.35,4842.60,0.42,1.50,175.14,45.81,-1928.58
2024-12-30 03:00:00,3025.34,4803.57,0.42,1.60,179.24,46.32,-2008.43
2024-12-30 04:00:00,2718.26,4575.68,0.40,1.41,199.67,46.25,-2107.80
2024-12-30 05:00:00,2746.63,4280.81,0.42,1.43,199.87,46.62,-1785.15
2024-12-30 06:00:00,3017.13,3987.90,0.36,1.73,204.18,46.54,-1226.16
2024-12-30 07:00:00,3093.15,3587.79,0.42,69.16,212.06,49.56,-828.43
2024-12-30 08:00:00,3119.75,3186.24,12.11,164.95,209.90,50.98,-507.30
2024-12-30 09:00:00,3188.45,3053.03,38.07,185.54,210.05,49.29,-350.30
2024-12-30 10:00:00,3203.69,3101.43,59.07,209.84,210.07,51.33,-430.77
2024-12-30 11:00:00,3167.14,3208.13,60.91,174.96,212.52,52.64,-544.80
2024-12-30 12:00:00,3189.40,3386.38,35.97,232.28,237.64,48.81,-754.67
2024-12-30 13:00:00,3233.14,3584.69,15.10,255.16,241.94,53.65,-920.32
2024-12-30 14:00:00,3391.89,4011.39,1.86,194.90,247.98,60.31,-1127.38
2024-12-30 15:00:00,3458.12,4210.79,0.49,176.00,243.39,61.63,-1237.01
2024-12-30 16:00:00,3488.84,4216.63,0.66,205.65,243.46,63.34,-1243.86
2024-12-30 17:00:00,3475.40,4193.21,0.59,166.99,244.47,64.13,-1196.68
2024-12-30 18:00:00,3288.71,4152.76,0.51,144.59,240.64,56.32,-1308.77
2024-12-30 19:00:00,3113.68,3784.98,0.41,152.31,220.20,51.34,-1098.26
2024-12-30 20:00:00,3007.40,3234.80,0.27,167.28,220.02,48.36,-666.00
2024-12-30 21:00:00,2976.11,2887.61,0.25,153.83,202.40,49.26,-319.92
2024-12-30 22:00:00,2694.13,2376.57,0.20,171.95,194.16,48.59,-100.04
2024-12-30 23:00:00,2620.79,1853.21,0.17,220.40,217.87,49.91,276.68
2024-12-31 00:00:00,2611.48,1208.26,0.14,186.97,207.91,50.41,955.17
2024-12-31 01:00:00,2495.20,659.48,0.14,192.36,196.24,50.88,1393.54
2024-12-31 02:00:00,2595.00,408.65,0.12,160.18,161.59,50.45,1811.51
2024-12-31 03:00:00,2483.95,334.27,0.13,177.19,150.91,50.12,1768.77
2024-12-31 04:00:00,2521.88,417.56,0.15,154.19,145.75,50.78,1750.86
2024-12-31 05:00:00,2639.26,902.70,0.22,194.20,164.18,51.09,1324.23
2024-12-31 06:00:00,2750.05,1225.83,0.32,227.30,206.02,54.79,1033.07
2024-12-31 07:00:00,2702.87,1608.62,0.36,268.13,242.47,57.54,522.76
2024-12-31 08:00:00,2750.20,2021.48,5.74,287.64,254.42,53.55,124.53
2024-12-31 09:00:00,2946.65,2449.08,25.15,294.61,251.96,49.98,-127.16
2024-12-31 10:00:00,3051.83,2839.06,40.49,287.32,260.63,47.05,-425.75
2024-12-31 11:00:00,3111.32,3214.71,36.00,266.45,265.88,47.09,-721.77
2024-12-31 12:00:00,3214.81,3803.21,29.10,256.08,230.20,48.48,-1155.31
2024-12-31 13:00:00,3315.78,4367.55,20.50,202.65,207.27,48.29,-1533.64
2024-12-31 14:00:00,3379.13,4575.33,4.04,261.57,203.69,50.18,-1718.67
2024-12-31 15:00:00,3471.13,4755.03,0.53,263.32,208.42,49.38,-1808.66
2024-12-31 16:00:00,3475.11,4818.78,0.70,275.83,213.44,50.24,-1886.93
2024-12-31 17:00:00,3346.19,4833.49,0.68,252.92,210.25,49.33,-2003.44
2024-12-31 18:00:00,3150.10,4877.99,0.60,235.37,201.27,48.93,-2217.10
2024-12-31 19:00:00,3220.21,4758.37,0.54,179.78,168.45,47.27,-1937.12
2024-12-31 20:00:00,3156.74,4905.63,0.49,138.67,165.04,44.14,-2100.15
2024-12-31 21:00:00,3138.90,4882.39,0.45,140.65,158.57,43.64,-2089.76
2024-12-31 22:00:00,3062.64,4756.53,0.43,59.98,169.53,44.03,-1970.90
