time,ExchangeNO_MWh,ExchangeSE_MWh,ExchangeGE_MWh,ExchangeNL_MWh,ExchangeGB_MWh,ExchangeGreatBelt_MWh
2023-12-31 23:00:00,-1700.64,-485.10,2581.48,522.75,-504.81,-539.50
2024-01-01 00:00:00,-1701.02,-495.87,2532.59,677.96,-592.66,-540.40
2024-01-01 01:00:00,-1700.74,-212.47,2429.78,588.68,-400.23,-540.50
2024-01-01 02:00:00,-1700.94,-457.78,2518.08,643.68,-29.80,-538.00
2024-01-01 03:00:00,-1387.55,-308.11,2441.79,287.38,366.12,-498.80
2024-01-01 04:00:00,-1273.28,-335.48,1935.31,673.34,435.17,-508.50
2024-01-01 05:00:00,-1287.39,-472.91,2035.32,616.86,507.85,-521.50
2024-01-01 06:00:00,-1528.97,-439.71,2303.15,455.41,463.13,-509.40
2024-01-01 07:00:00,-1681.65,-570.67,2253.55,678.21,567.81,-469.30
2024-01-01 08:00:00,-1701.96,-707.76,2518.88,683.47,152.94,-552.80
2024-01-01 09:00:00,-1702.17,-525.82,2418.81,683.35,-493.00,-152.70
2024-01-01 10:00:00,-1697.37,-545.68,2535.80,683.23,-794.28,120.20
2024-01-01 11:00:00,-1635.25,-565.22,2532.03,683.18,-800.60,199.80
2024-01-01 12:00:00,-1696.36,-679.34,2516.14,683.31,-800.53,512.50
2024-01-01 13:00:00,-1700.34,-626.92,2484.08,683.23,-800.60,532.00
2024-01-01 14:00:00,-1661.49,-592.28,2402.76,672.12,-800.65,313.20
2024-01-01 15:00:00,-1358.94,-502.95,2423.66,124.47,-800.97,126.70
2024-01-01 16:00:00,-1027.34,-207.16,2519.06,-545.45,-800.84,68.30
2024-01-01 17:00:00,-1265.24,-615.88,2401.49,78.84,-800.93,58.70
2024-01-01 18:00:00,-1259.74,-595.75,2567.92,-68.92,-800.99,-152.40
2024-01-01 19:00:00,-1669.06,-675.28,2434.71,585.20,-788.55,-103.30
2024-01-01 20:00:00,-1700.50,-712.78,2432.20,561.30,-217.63,-383.20
2024-01-01 21:00:00,-1700.73,-728.80,2392.87,138.15,51.15,-257.30
2024-01-01 22:00:00,-1700.24,-731.60,1358.46,671.74,763.04,-576.20
2024-01-01 23:00:00,-1700.76,-731.85,1849.64,683.55,696.72,-600.00
2024-01-02 00:00:00,-1700.57,-731.85,2093.61,683.37,468.23,-544.20
2024-01-02 01:00:00,-1700.67,-731.86,1950.68,683.41,774.96,-588.50
2024-01-02 02:00:00,-1700.73,-731.94,2071.11,683.37,782.46,-597.00
2024-01-02 03:00:00,-1700.68,-731.73,1846.88,683.39,781.31,-561.30
2024-01-02 04:00:00,-1700.62,-731.87,1391.23,683.15,770.92,-441.00
2024-01-02 05:00:00,-1700.09,-731.96,1511.84,677.64,292.41,-527.70
2024-01-02 06:00:00,-1651.35,-726.14,1343.74,397.24,98.07,-320.50
2024-01-02 07:00:00,-1210.93,-645.23,1551.45,-274.12,-302.56,-263.50
2024-01-02 08:00:00,-767.25,-637.38,1630.61,-677.61,-789.56,-192.70
2024-01-02 09:00:00,-355.05,-673.66,752.00,-669.86,-762.02,-79.40
2024-01-02 10:00:00,-35.44,-703.50,364.60,-495.04,-780.53,-311.60
2024-01-02 11:00:00,-109.45,-466.40,279.58,-674.84,-799.27,-337.40
2024-01-02 12:00:00,-329.34,-482.81,541.70,-518.39,-771.16,-583.00
2024-01-02 13:00:00,-337.55,-268.26,277.47,-456.71,-766.86,-580.10
2024-01-02 14:00:00,-615.86,-331.17,319.78,-678.83,-605.28,-388.90
2024-01-02 15:00:00,-646.56,-393.00,536.40,-698.51,-662.71,-501.50
2024-01-02 16:00:00,-646.16,-169.80,277.25,-526.16,-607.31,-557.50
2024-01-02 17:00:00,-1288.99,-664.30,474.13,-299.20,-0.68,-578.00
2024-01-02 18:00:00,-1677.71,-724.52,1821.18,-627.97,0.00,-589.60
2024-01-02 19:00:00,-1700.99,-725.04,1293.35,-700.94,0.00,-450.90
2024-01-02 20:00:00,-1701.23,-730.75,2161.03,-702.16,-0.05,-524.60
2024-01-02 21:00:00,-1701.61,-724.79,1851.22,-700.91,-0.30,-492.20
2024-01-02 22:00:00,-1701.57,-318.41,2255.24,-629.26,-746.54,-502.80
2024-01-02 23:00:00,-1701.50,-619.20,2504.68,-270.50,-800.09,-498.30
2024-01-03 00:00:00,-1700.91,-675.98,2502.90,78.93,-800.16,-543.80
2024-01-03 01:00:00,-1701.07,-271.50,2454.09,-408.16,-795.34,-473.80
2024-01-03 02:00:00,-1700.78,-697.89,2441.68,53.32,-552.33,-593.90
2024-01-03 03:00:00,-1700.97,-731.15,2427.50,242.75,-301.15,-601.20
2024-01-03 04:00:00,-1701.06,-731.27,2168.02,479.67,-144.59,-596.60
2024-01-03 05:00:00,-1701.45,-705.26,1997.76,503.37,-469.65,-514.90
2024-01-03 06:00:00,-1699.22,-332.21,1755.13,3.30,-554.99,-324.90
2024-01-03 07:00:00,-1693.18,-305.16,2127.91,-329.14,-795.10,-523.80
2024-01-03 08:00:00,-1577.09,-311.01,2316.04,-694.05,-800.15,-408.50
2024-01-03 09:00:00,-1360.42,-416.37,2388.94,-694.79,-800.35,-503.90
2024-01-03 10:00:00,-1552.37,-705.48,2514.21,-330.05,-800.29,-581.60
2024-01-03 11:00:00,-1558.87,-659.49,2496.63,-407.43,-800.29,-485.30
2024-01-03 12:00:00,-1607.59,-720.63,2493.61,-172.49,-800.26,-575.60
2024-01-03 13:00:00,-1220.79,-662.33,2105.77,-434.72,-800.56,-406.30
2024-01-03 14:00:00,-776.91,-564.37,1655.35,-696.49,-800.56,-565.60
2024-01-03 15:00:00,-467.39,-703.86,1474.70,-702.28,-799.74,-579.70
2024-01-03 16:00:00,-69.53,-469.40,597.53,-702.57,-800.91,-306.00
2024-01-03 17:00:00,-124.35,-199.42,91.96,-702.36,-800.79,-187.70
2024-01-03 18:00:00,-134.35,-242.64,325.80,-702.42,-800.72,-558.10
2024-01-03 19:00:00,-371.55,-405.30,528.66,-699.84,-800.85,-412.00
2024-01-03 20:00:00,-813.12,-673.86,998.91,-573.88,-800.73,-159.00
2024-01-03 21:00:00,-1268.27,-726.58,1045.04,-376.66,-797.54,192.50
2024-01-03 22:00:00,-1670.00,-700.45,1545.29,-362.35,-651.72,-164.70
2024-01-03 23:00:00,-1697.52,-728.95,1316.09,129.06,-651.90,-193.90
2024-01-04 00:00:00,-1697.69,-731.37,1215.27,671.31,-668.99,-441.00
2024-01-04 01:00:00,-1697.91,-731.43,1639.90,668.63,-571.06,-548.20
2024-01-04 02:00:00,-1697.90,-731.49,1763.39,683.05,-503.88,-554.70
2024-01-04 03:00:00,-1665.53,-731.56,1787.12,676.32,-598.40,-554.10
2024-01-04 04:00:00,-1223.65,-731.68,1384.46,339.23,-600.59,-508.10
2024-01-04 05:00:00,-766.31,-724.91,508.05,-8.41,-591.63,-33.20
2024-01-04 06:00:00,-351.92,-628.55,603.06,-687.67,-523.93,98.60
2024-01-04 07:00:00,-477.93,-701.56,682.02,-699.99,75.11,-119.50
2024-01-04 08:00:00,-243.14,-729.46,928.31,-580.89,-7.07,-423.50
2024-01-04 09:00:00,-188.84,-721.27,881.86,-623.62,-190.58,-7.90
2024-01-04 10:00:00,-29.64,-720.25,1019.12,-443.90,-234.05,-225.00
2024-01-04 11:00:00,-3.74,-562.41,1100.15,-22.75,-371.63,-418.50
2024-01-04 12:00:00,-17.54,-527.68,1902.01,-634.61,-313.37,-417.60
2024-01-04 13:00:00,-3.63,-509.53,989.02,-86.42,-281.40,101.20
2024-01-04 14:00:00,146.17,-708.82,743.29,444.65,-265.98,-123.10
2024-01-04 15:00:00,189.97,-684.65,762.24,544.32,193.49,-565.10
2024-01-04 16:00:00,-66.53,-692.60,1530.22,187.06,84.08,-539.00
2024-01-04 17:00:00,97.77,-604.04,711.76,671.60,34.31,-545.90
2024-01-04 18:00:00,245.37,-382.77,-420.63,681.16,707.31,-583.10
2024-01-04 19:00:00,528.87,-320.97,-383.84,614.16,133.95,-384.10
2024-01-04 20:00:00,781.57,-178.41,-869.31,681.52,115.57,-347.80
2024-01-04 21:00:00,560.39,318.22,-1340.13,674.95,46.69,-166.00
2024-01-04 22:00:00,644.59,463.03,-1694.41,678.21,-46.12,73.50
2024-01-04 23:00:00,236.67,7.87,-115.86,456.18,-0.44,-305.40
2024-01-05 00:00:00,-197.75,-491.25,951.28,572.76,-146.67,-485.00
2024-01-05 01:00:00,-603.05,-600.04,1548.07,680.69,-167.97,-505.50
2024-01-05 02:00:00,-496.25,-686.15,1250.71,683.14,-82.15,-397.90
2024-01-05 03:00:00,-219.21,-728.55,709.08,683.01,-75.36,-369.80
2024-01-05 04:00:00,5.81,-731.30,148.83,683.06,159.69,-316.50
2024-01-05 05:00:00,169.69,-731.35,-171.95,671.31,441.47,-501.30
2024-01-05 06:00:00,558.18,-731.44,418.64,94.97,10.79,-431.40
2024-01-05 07:00:00,868.87,-731.50,399.46,-402.53,194.92,-431.00
2024-01-05 08:00:00,610.27,-731.49,865.51,-559.33,-77.42,-370.20
2024-01-05 09:00:00,607.46,-731.38,757.63,-658.74,-217.80,-256.80
2024-01-05 10:00:00,555.56,-731.66,795.37,-701.35,-461.05,-342.10
2024-01-05 11:00:00,110.06,-731.67,1328.63,-702.34,-499.79,-529.10
2024-01-05 12:00:00,188.96,-731.59,1154.04,-701.70,-494.62,-543.50
2024-01-05 13:00:00,-1.34,-731.67,905.65,-667.22,-212.70,-543.50
2024-01-05 14:00:00,13.76,-731.68,456.93,-547.78,-25.56,-542.60
2024-01-05 15:00:00,-14.04,-731.65,597.65,-605.04,-89.33,-562.30
2024-01-05 16:00:00,357.76,-731.62,1144.25,-675.87,-561.45,-518.50
2024-01-05 17:00:00,480.96,-731.56,893.27,-596.76,-571.60,-560.00
2024-01-05 18:00:00,354.76,-730.81,802.64,-304.74,-613.42,-555.40
2024-01-05 19:00:00,113.66,-713.93,807.73,-80.16,-769.94,-433.40
2024-01-05 20:00:00,-118.94,-689.38,1112.97,-675.91,-350.37,-221.40
2024-01-05 21:00:00,-536.84,-506.94,826.55,-86.95,-356.07,-334.00
2024-01-05 22:00:00,-704.24,-343.66,795.72,-220.29,-177.96,-322.50
2024-01-05 23:00:00,-1086.77,-477.18,1508.97,-252.55,-787.05,-104.30
2024-01-06 00:00:00,-1418.82,-431.73,1893.43,197.47,-800.51,-408.10
2024-01-06 01:00:00,-1305.14,-535.95,2048.86,126.43,-800.46,-345.90
2024-01-06 02:00:00,-1551.39,-583.67,2092.91,455.12,-799.52,-428.90
2024-01-06 03:00:00,-1524.01,-692.60,2160.92,489.73,-800.48,-338.20
2024-01-06 04:00:00,-1525.05,-709.87,2118.32,508.45,-797.51,-421.60
2024-01-06 05:00:00,-1518.61,-729.41,2218.60,485.32,-652.27,-567.40
2024-01-06 06:00:00,-1206.37,-730.70,2199.07,56.60,-580.54,-598.00
2024-01-06 07:00:00,-944.34,-726.73,1473.94,79.82,-98.06,-577.70
2024-01-06 08:00:00,-1263.39,-730.29,1318.79,532.02,-43.70,-573.80
2024-01-06 09:00:00,-1535.43,-729.04,1718.07,355.37,-157.32,-309.70
2024-01-06 10:00:00,-1346.81,-708.82,1191.78,496.96,-135.21,-256.20
2024-01-06 11:00:00,-1112.02,-729.47,1380.14,290.89,-55.10,-512.10
2024-01-06 12:00:00,-831.20,-731.32,1033.46,590.81,-145.91,-564.90
2024-01-06 13:00:00,-805.71,-730.91,1435.88,264.48,-33.18,-601.10
2024-01-06 14:00:00,-659.83,-731.22,953.63,585.49,82.03,-601.20
2024-01-06 15:00:00,-248.13,-731.20,813.00,644.46,-60.45,-601.20
2024-01-06 16:00:00,-222.23,-731.07,2023.82,188.57,-665.01,-601.30
2024-01-06 17:00:00,-501.93,-716.66,2462.97,81.49,-796.86,-597.80
2024-01-06 18:00:00,-642.53,-528.34,2142.32,28.27,-746.16,-536.40
2024-01-06 19:00:00,-814.83,-570.20,2209.45,-88.81,-618.30,-340.90
2024-01-06 20:00:00,-1050.51,-691.74,2223.60,355.62,-430.81,-468.40
2024-01-06 21:00:00,-1459.51,-621.69,2401.18,647.62,-474.27,-545.90
2024-01-06 22:00:00,-1231.78,-587.41,2247.08,584.85,-248.23,-503.80
2024-01-06 23:00:00,-878.33,-313.81,2484.18,66.79,-640.06,-253.30
2024-01-07 00:00:00,-478.13,-590.85,2162.57,511.81,-566.14,-439.30
2024-01-07 01:00:00,-314.53,-700.79,2313.54,485.52,-726.06,-379.10
2024-01-07 02:00:00,-112.63,-658.68,2299.99,467.52,-681.44,-493.60
2024-01-07 03:00:00,-75.23,-725.80,2186.36,676.09,-668.43,-532.70
2024-01-07 04:00:00,-161.13,-731.21,2251.04,590.41,-772.52,-328.10
2024-01-07 05:00:00,-305.93,-731.07,2255.82,624.85,-507.71,-534.10
2024-01-07 06:00:00,-282.93,-731.14,2234.34,639.82,-416.61,-535.10
2024-01-07 07:00:00,-338.44,-731.13,2499.98,180.48,-152.96,-516.30
2024-01-07 08:00:00,-369.95,-728.89,2327.88,586.86,-417.53,-455.60
2024-01-07 09:00:00,-128.55,-691.05,1999.30,467.49,-603.37,-305.40
2024-01-07 10:00:00,-144.35,-638.22,1927.63,415.68,-684.79,-360.60
2024-01-07 11:00:00,-113.25,-689.11,2167.44,570.65,-769.41,-449.50
2024-01-07 12:00:00,-29.55,-678.06,1926.36,680.49,-800.10,-377.30
2024-01-07 13:00:00,-18.75,-710.48,2017.91,681.55,-796.90,-477.40
2024-01-07 14:00:00,-183.35,-680.94,1874.14,621.11,-610.79,-386.30
2024-01-07 15:00:00,-339.05,-723.61,1653.75,681.43,-251.10,-486.90
2024-01-07 16:00:00,-129.05,-719.49,1524.43,672.31,-465.92,-427.60
2024-01-07 17:00:00,-459.25,-564.30,2117.31,169.06,-793.60,-334.60
2024-01-07 18:00:00,-642.25,-558.66,1997.71,510.09,-800.07,-490.00
2024-01-07 19:00:00,-47.43,-406.24,1235.34,389.00,-776.23,-469.30
2024-01-07 20:00:00,-22.23,-480.00,657.02,676.43,-771.47,-310.90
2024-01-07 21:00:00,-215.13,-337.51,449.31,682.59,-574.14,-222.30
2024-01-07 22:00:00,-14.73,-299.58,-13.52,669.80,-530.75,78.90
2024-01-07 23:00:00,-204.43,-317.06,148.54,673.63,-717.21,486.70
2024-01-08 00:00:00,-463.73,-689.82,1229.56,253.57,-754.06,496.40
2024-01-08 01:00:00,-612.64,-725.97,1208.44,664.91,-721.11,561.40
2024-01-08 02:00:00,-445.34,-730.27,1512.22,677.17,-720.61,218.70
2024-01-08 03:00:00,-616.95,-727.10,1877.56,675.07,-718.15,55.60
2024-01-08 04:00:00,-612.55,-667.29,2006.59,397.95,-377.97,-95.10
2024-01-08 05:00:00,-52.23,-556.09,1277.09,669.27,-1.40,-548.50
2024-01-08 06:00:00,-563.85,-718.43,1692.11,682.72,315.09,-575.50
2024-01-08 07:00:00,-877.95,-730.86,2273.25,682.70,223.98,-574.00
2024-01-08 08:00:00,-894.95,-731.12,2521.10,682.64,21.65,-573.20
2024-01-08 09:00:00,-513.45,-731.34,2295.93,646.38,-2.03,-572.50
2024-01-08 10:00:00,-558.65,-731.50,2343.67,681.60,-1.05,-565.60
2024-01-08 11:00:00,-595.65,-731.52,2460.75,682.64,62.12,-568.00
2024-01-08 12:00:00,-303.05,-731.54,2367.30,682.62,100.50,-565.00
2024-01-08 13:00:00,178.16,-731.42,1821.57,682.70,166.55,-564.20
2024-01-08 14:00:00,156.87,-731.41,2467.37,682.58,-615.85,-566.30
2024-01-08 15:00:00,128.97,-731.43,1857.66,682.62,131.17,-575.00
2024-01-08 16:00:00,183.77,-712.43,1617.21,682.53,391.67,-578.00
2024-01-08 17:00:00,160.76,-419.09,1306.14,682.43,308.72,-574.70
2024-01-08 18:00:00,416.47,-52.81,1092.11,682.55,-270.22,-534.40
2024-01-08 19:00:00,516.47,278.26,730.38,682.65,-603.08,-398.80
2024-01-08 20:00:00,804.67,480.65,408.07,682.75,-559.50,-432.20
2024-01-08 21:00:00,772.67,628.26,-130.85,674.51,-178.32,-450.80
2024-01-08 22:00:00,548.37,616.11,197.50,274.61,-46.05,-327.60
2024-01-08 23:00:00,1068.08,648.68,-1027.24,673.84,409.67,-305.80
2024-01-09 00:00:00,1406.04,711.50,-1675.26,681.50,537.13,-226.70
2024-01-09 01:00:00,1139.23,715.76,-1188.74,618.00,563.76,-410.60
2024-01-09 02:00:00,1284.18,715.93,-1571.61,579.09,565.04,-152.70
2024-01-09 03:00:00,1537.59,715.84,-2117.68,679.38,590.88,-23.20
2024-01-09 04:00:00,1431.42,716.05,-1947.77,615.48,708.46,-232.20
2024-01-09 05:00:00,1418.06,716.03,-1771.25,681.32,777.75,-510.80
2024-01-09 06:00:00,1572.18,704.95,-1560.51,682.76,767.20,-561.40
2024-01-09 07:00:00,1648.58,521.13,-588.60,682.78,36.26,-564.10
2024-01-09 08:00:00,1649.73,614.41,-818.58,682.76,181.27,-560.50
2024-01-09 09:00:00,1578.91,568.07,-814.10,682.71,278.97,-531.10
2024-01-09 10:00:00,1593.16,493.19,-884.85,682.60,145.91,-518.20
2024-01-09 11:00:00,1628.96,-29.81,-905.57,682.75,550.13,-555.00
2024-01-09 12:00:00,1609.91,121.09,-942.10,682.60,515.82,-561.50
2024-01-09 13:00:00,1609.65,309.39,-1488.66,682.75,776.71,-563.10
2024-01-09 14:00:00,1621.17,652.94,-1858.01,682.83,783.21,-585.80
2024-01-09 15:00:00,1644.97,340.00,-1454.35,682.73,778.94,-568.20
2024-01-09 16:00:00,1612.19,222.81,-886.28,682.61,584.52,-565.40
2024-01-09 17:00:00,1650.90,348.05,-1015.30,682.77,456.53,-564.30
2024-01-09 18:00:00,1653.45,690.93,-1502.69,682.79,480.43,-544.80
2024-01-09 19:00:00,1653.98,607.42,-1517.60,682.64,369.64,-555.70
2024-01-09 20:00:00,1652.24,532.46,-1990.22,682.72,774.60,-472.20
2024-01-09 21:00:00,1630.64,703.07,-2254.68,682.73,783.31,-379.20
2024-01-09 22:00:00,1652.17,715.67,-2194.66,682.66,782.73,-565.30
2024-01-09 23:00:00,1652.31,715.86,-2417.01,682.87,782.73,-295.00
2024-01-10 00:00:00,1653.20,715.90,-2359.23,678.05,782.24,-249.50
2024-01-10 01:00:00,1642.46,715.93,-2397.77,447.14,754.32,74.70
2024-01-10 02:00:00,1646.58,715.91,-2460.32,501.28,753.71,92.30
2024-01-10 03:00:00,1648.93,715.93,-2501.04,678.96,754.01,5.90
2024-01-10 04:00:00,1564.47,715.93,-2436.35,682.80,766.25,-37.10
2024-01-10 05:00:00,982.64,716.02,-1332.70,682.94,775.27,-426.50
2024-01-10 06:00:00,984.34,716.02,-583.55,682.76,440.62,-541.20
2024-01-10 07:00:00,1148.78,700.26,-365.26,682.81,32.40,-549.50
2024-01-10 08:00:00,1118.77,446.49,-337.30,682.75,44.86,-466.30
2024-01-10 09:00:00,1027.73,330.41,-321.41,682.62,355.27,-556.00
2024-01-10 10:00:00,1141.78,281.42,-632.44,682.70,517.61,-559.90
2024-01-10 11:00:00,1148.19,283.39,-258.40,682.67,44.13,-550.80
2024-01-10 12:00:00,1155.08,555.76,-733.24,682.55,206.36,-435.30
2024-01-10 13:00:00,1555.83,666.91,-1760.22,682.66,771.49,-458.10
2024-01-10 14:00:00,1647.86,712.87,-1886.64,682.64,783.28,-550.40
2024-01-10 15:00:00,1652.93,715.66,-1828.68,682.38,776.97,-525.80
2024-01-10 16:00:00,1653.28,715.75,-1604.56,670.06,487.03,-391.80
2024-01-10 17:00:00,1652.93,715.84,-1830.26,653.81,477.69,-354.60
2024-01-10 18:00:00,1653.39,716.04,-1882.75,681.91,153.58,-298.00
2024-01-10 19:00:00,1653.03,715.99,-1910.57,682.61,85.18,-436.50
2024-01-10 20:00:00,1647.59,716.01,-1905.97,682.57,18.48,-470.70
2024-01-10 21:00:00,1653.39,715.93,-2200.14,682.20,128.98,-502.80
2024-01-10 22:00:00,1652.34,697.73,-2433.37,655.68,241.46,-358.50
2024-01-10 23:00:00,1621.08,453.85,-2391.12,288.26,719.74,-314.00
2024-01-11 00:00:00,1368.72,696.20,-2014.62,27.43,537.45,-102.10
2024-01-11 01:00:00,1575.30,715.42,-2052.34,151.23,220.83,25.70
2024-01-11 02:00:00,1589.17,715.49,-2212.66,114.45,300.28,71.10
2024-01-11 03:00:00,1471.92,715.70,-2489.67,529.89,357.16,78.90
2024-01-11 04:00:00,1588.20,715.77,-2505.29,441.35,717.95,-131.70
2024-01-11 05:00:00,1649.48,715.83,-2338.35,230.26,782.04,-120.70
2024-01-11 06:00:00,1647.16,715.84,-1602.20,55.45,782.65,-317.10
2024-01-11 07:00:00,1530.51,715.80,-1422.47,-17.58,757.81,-32.00
2024-01-11 08:00:00,1149.55,715.71,-1021.23,139.16,673.37,-131.60
2024-01-11 09:00:00,1149.83,715.80,-903.49,613.50,8.07,-184.00
2024-01-11 10:00:00,1150.42,715.49,-1314.57,663.99,-22.42,51.00
2024-01-11 11:00:00,1139.51,709.28,-1130.52,357.48,41.27,-54.80
2024-01-11 12:00:00,1084.71,705.52,-1233.51,426.85,265.77,-137.50
2024-01-11 13:00:00,1145.70,689.73,-1608.18,651.10,93.82,-4.60
2024-01-11 14:00:00,1150.78,360.32,-1613.55,609.12,298.63,121.60
2024-01-11 15:00:00,1560.56,-583.64,-708.38,661.36,381.40,-200.20
2024-01-11 16:00:00,1633.59,-59.22,-643.78,462.09,215.20,-246.30
2024-01-11 17:00:00,1610.15,156.44,-884.82,377.45,83.50,-67.20
2024-01-11 18:00:00,1625.26,458.40,-1210.82,345.74,-84.66,37.80
2024-01-11 19:00:00,1632.77,683.85,-1317.58,581.31,5.33,-385.40
2024-01-11 20:00:00,1652.32,714.43,-1786.81,637.03,297.46,-267.30
2024-01-11 21:00:00,1653.53,715.60,-2437.33,654.83,637.83,-103.60
2024-01-11 22:00:00,1653.58,715.64,-2339.19,678.08,780.52,-471.20
2024-01-11 23:00:00,1653.91,715.70,-2402.49,663.13,779.06,-416.30
2024-01-12 00:00:00,1654.07,715.78,-2260.38,679.49,584.64,-460.80
2024-01-12 01:00:00,1654.02,714.20,-2493.92,515.05,535.88,-538.90
2024-01-12 02:00:00,1653.87,685.88,-2360.55,676.89,373.35,-535.50
2024-01-12 03:00:00,1625.58,671.26,-2506.65,545.91,500.31,-538.20
2024-01-12 04:00:00,1486.22,712.78,-2483.10,416.92,666.55,-539.70
2024-01-12 05:00:00,1581.34,716.00,-2428.68,261.82,761.09,-539.00
2024-01-12 06:00:00,1648.97,716.04,-2439.55,331.17,715.46,-506.70
2024-01-12 07:00:00,1653.68,702.51,-2010.19,110.79,486.69,-345.20
2024-01-12 08:00:00,1653.49,512.45,-1976.88,275.60,214.94,-176.50
2024-01-12 09:00:00,1648.53,598.25,-1479.62,38.30,-57.25,-318.10
2024-01-12 10:00:00,1633.78,692.41,-1400.21,-148.85,-138.18,-400.60
2024-01-12 11:00:00,1650.72,713.93,-1528.72,-69.78,-242.37,-392.50
2024-01-12 12:00:00,1653.34,714.92,-1605.98,-131.26,-62.05,-393.70
2024-01-12 13:00:00,1653.23,714.84,-1812.46,-85.27,-1.27,-205.40
2024-01-12 14:00:00,1629.08,714.73,-1795.91,-106.06,-0.06,-244.80
2024-01-12 15:00:00,1451.27,714.55,-1639.02,80.14,-3.52,-413.30
2024-01-12 16:00:00,1349.09,709.40,-459.04,-563.79,-111.25,-506.20
2024-01-12 17:00:00,1624.72,714.26,-1436.61,-160.75,-122.83,-401.20
2024-01-12 18:00:00,1630.98,711.43,-1913.07,-259.96,-250.77,-334.10
2024-01-12 19:00:00,1375.69,665.45,-1805.60,154.26,-402.75,-447.50
2024-01-12 20:00:00,1421.07,711.44,-2015.64,433.84,-651.66,-535.10
2024-01-12 21:00:00,1077.56,708.94,-1477.84,-217.30,-550.91,-503.20
2024-01-12 22:00:00,913.71,678.92,-1351.38,-551.55,-547.98,-403.10
2024-01-12 23:00:00,1035.47,141.01,-722.50,-698.29,-659.71,-499.60
2024-01-13 00:00:00,358.15,-112.37,-532.98,-653.34,-683.65,-118.80
2024-01-13 01:00:00,-0.68,-443.88,14.56,-701.47,-749.19,-65.60
2024-01-13 02:00:00,-399.07,-335.10,109.46,-702.58,-751.56,28.60
2024-01-13 03:00:00,-695.26,-40.10,17.04,-702.64,-799.21,211.90
2024-01-13 04:00:00,-1013.27,178.11,79.83,-697.99,-790.94,255.10
2024-01-13 05:00:00,-1394.70,279.81,13.18,-486.92,-798.72,252.50
2024-01-13 06:00:00,-1377.58,251.91,-141.43,-686.20,-722.85,409.80
2024-01-13 07:00:00,-1149.72,-360.00,52.71,-702.48,-798.73,559.20
2024-01-13 08:00:00,-832.41,-493.81,34.87,-702.68,-800.34,334.20
2024-01-13 09:00:00,-888.82,-44.04,-182.27,-702.49,-800.65,26.30
2024-01-13 10:00:00,-1063.41,-201.97,40.11,-702.51,-800.45,-101.90
2024-01-13 11:00:00,-1313.97,-591.71,689.26,-702.52,-800.67,-24.40
2024-01-13 12:00:00,-1624.21,-689.22,743.06,-702.47,-800.76,277.60
2024-01-13 13:00:00,-1528.60,-675.36,834.12,-702.45,-800.59,109.80
2024-01-13 14:00:00,-1542.72,-222.99,843.93,-702.43,-800.67,-247.10
2024-01-13 15:00:00,-1230.18,-154.37,826.63,-702.46,-800.53,-466.20
2024-01-13 16:00:00,-858.82,-2.65,567.55,-702.47,-800.54,-506.50
2024-01-13 17:00:00,-739.83,24.21,534.41,-702.51,-800.69,-483.80
2024-01-13 18:00:00,-608.35,-519.93,561.83,-702.34,-800.68,-311.40
2024-01-13 19:00:00,-762.15,-511.70,545.39,-702.59,-800.84,157.90
2024-01-13 20:00:00,-903.35,-301.86,557.57,-702.38,-800.77,254.80
2024-01-13 21:00:00,-1106.25,-173.03,529.70,-700.19,-800.66,568.40
2024-01-13 22:00:00,-1114.87,-298.66,617.39,-584.12,-799.75,586.20
2024-01-13 23:00:00,-1325.83,-284.38,1091.80,-545.37,-800.45,550.00
2024-01-14 00:00:00,-1182.60,-511.81,1224.05,-420.72,-800.45,426.10
2024-01-14 01:00:00,-1338.19,-518.30,1813.89,-487.98,-800.41,174.10
2024-01-14 02:00:00,-1323.38,-635.80,1883.81,-396.48,-800.46,167.60
2024-01-14 03:00:00,-954.95,-567.02,1777.05,-626.31,-800.62,89.60
2024-01-14 04:00:00,-708.25,-162.58,1017.22,-550.66,-800.64,33.20
2024-01-14 05:00:00,-417.14,-140.77,561.00,-506.57,-800.58,180.20
2024-01-14 06:00:00,-43.34,-327.31,647.54,-689.84,-800.57,105.60
2024-01-14 07:00:00,-112.04,-578.59,789.27,-629.29,-800.52,129.60
2024-01-14 08:00:00,-68.04,-183.07,490.64,-609.01,-799.15,-170.70
2024-01-14 09:00:00,20.66,-375.85,352.39,-672.93,-732.80,-80.50
2024-01-14 10:00:00,-125.04,-708.11,647.02,-519.24,-770.46,-250.40
2024-01-14 11:00:00,-464.94,-731.16,475.46,141.48,-799.88,-447.20
2024-01-14 12:00:00,-119.24,-716.02,738.26,-459.69,-799.93,-521.70
2024-01-14 13:00:00,-273.24,-586.50,800.25,-415.97,-770.44,-523.10
2024-01-14 14:00:00,-313.64,-489.74,651.66,-602.89,-731.52,-306.70
2024-01-14 15:00:00,-450.94,-249.17,872.07,-658.96,-730.57,-420.50
2024-01-14 16:00:00,-243.84,-213.89,816.53,-698.83,-732.03,-254.40
2024-01-14 17:00:00,-356.84,-271.10,1029.95,-681.50,-799.11,-377.80
2024-01-14 18:00:00,-267.24,-673.14,981.87,-288.02,-800.55,-366.50
2024-01-14 19:00:00,-586.14,-375.31,711.46,-253.77,-800.74,60.00
2024-01-14 20:00:00,-426.24,-546.89,783.58,-510.11,-800.71,214.70
2024-01-14 21:00:00,-329.64,-599.69,695.66,-681.81,-800.56,546.70
2024-01-14 22:00:00,-694.84,-287.74,136.87,-87.01,-800.60,513.30
2024-01-14 23:00:00,-385.44,-499.56,408.11,-363.83,-799.96,252.40
2024-01-15 00:00:00,-625.43,-426.50,1158.54,-695.37,-776.52,29.30
2024-01-15 01:00:00,-1025.23,-355.19,1221.23,-696.99,-799.96,95.80
2024-01-15 02:00:00,-985.63,-458.94,912.03,-435.39,-800.60,60.40
2024-01-15 03:00:00,-801.03,-162.80,981.50,-519.15,-800.55,-263.60
2024-01-15 04:00:00,-384.41,174.54,419.37,-677.34,-790.87,-435.80
2024-01-15 05:00:00,-219.11,442.67,-63.58,-687.17,-336.87,-436.60
2024-01-15 06:00:00,-414.23,-39.54,198.25,-14.11,-112.01,-413.60
2024-01-15 07:00:00,-376.94,67.20,376.18,0.00,-54.00,-565.00
2024-01-15 08:00:00,-419.04,644.04,234.75,0.00,-203.95,-350.00
2024-01-15 09:00:00,-136.34,502.23,141.88,0.00,-190.71,-5.00
2024-01-15 10:00:00,-132.74,609.34,218.79,-0.17,-255.79,269.00
2024-01-15 11:00:00,113.36,594.88,425.06,-0.64,37.75,-79.90
2024-01-15 12:00:00,66.66,103.21,1298.90,-0.60,171.81,-256.00
2024-01-15 13:00:00,113.86,520.08,389.01,-0.62,440.42,43.20
2024-01-15 14:00:00,494.16,223.19,345.67,-0.61,518.70,-334.90
2024-01-15 15:00:00,888.66,-549.78,901.56,-0.59,183.50,-69.10
2024-01-15 16:00:00,1128.09,-292.76,1171.63,-0.61,-414.46,41.20
2024-01-15 17:00:00,1364.94,-87.53,823.22,-0.60,-465.30,-4.80
2024-01-15 18:00:00,1588.95,-253.73,1078.31,-0.60,-712.38,-94.10
2024-01-15 19:00:00,1376.02,-142.07,1396.74,-0.61,-1153.56,107.50
2024-01-15 20:00:00,1178.59,-170.41,1599.75,-0.60,-702.76,-294.90
2024-01-15 21:00:00,755.60,50.74,2128.22,-0.62,-762.94,-487.30
2024-01-15 22:00:00,262.23,346.08,1622.68,-0.60,-384.13,-312.10
2024-01-15 23:00:00,771.20,50.06,1403.20,-0.60,-196.86,-371.60
2024-01-16 00:00:00,973.80,-215.83,1699.87,-0.58,-567.18,-266.90
2024-01-16 01:00:00,730.80,-77.09,1756.06,-0.59,-594.74,-194.50
2024-01-16 02:00:00,541.20,152.03,1529.37,-0.61,-284.47,-347.20
2024-01-16 03:00:00,567.80,-29.84,1541.53,-0.61,-88.88,-394.50
2024-01-16 04:00:00,799.90,-207.38,1397.36,-0.60,11.20,-483.10
2024-01-16 05:00:00,1224.02,-696.10,1000.69,-0.62,670.81,-543.50
2024-01-16 06:00:00,1118.41,-731.12,1116.36,-0.62,803.88,-597.40
2024-01-16 07:00:00,793.01,-731.23,1500.08,-0.62,729.60,-601.10
2024-01-16 08:00:00,915.10,-731.34,1581.60,-0.62,386.48,-601.20
2024-01-16 09:00:00,753.20,-731.57,1806.38,-0.61,231.87,-591.60
2024-01-16 10:00:00,1562.60,-731.85,674.28,-0.72,135.67,-463.10
2024-01-16 11:00:00,1630.12,-731.96,311.53,-0.75,311.30,-540.50
2024-01-16 12:00:00,1264.18,-731.97,340.74,-0.80,299.95,-441.90
2024-01-16 13:00:00,633.00,-731.98,221.77,-0.72,565.76,-531.60
2024-01-16 14:00:00,420.09,-731.95,-118.39,-0.70,863.59,-543.70
2024-01-16 15:00:00,941.50,-732.15,-331.81,-0.65,199.19,-589.20
2024-01-16 16:00:00,609.50,-732.25,347.03,-0.65,-233.06,-601.20
2024-01-16 17:00:00,369.80,-730.58,224.80,-0.68,-57.83,-598.80
2024-01-16 18:00:00,443.10,-706.55,441.09,-0.65,-673.98,-533.70
2024-01-16 19:00:00,349.40,-681.77,1167.58,-0.66,-1288.60,-407.50
2024-01-16 20:00:00,21.70,-338.73,166.19,-0.64,-348.76,-394.80
2024-01-16 21:00:00,-371.80,-161.81,59.37,-0.63,-219.74,-373.50
2024-01-16 22:00:00,-823.69,-507.35,442.49,-0.61,-81.48,-343.00
2024-01-16 23:00:00,-1281.17,-726.08,774.24,-0.59,-404.37,-24.60
2024-01-17 00:00:00,-1677.07,-731.38,678.14,-0.60,-419.09,-20.40
2024-01-17 01:00:00,-1704.84,-731.79,527.06,-0.62,-592.07,48.30
2024-01-17 02:00:00,-1696.03,-727.53,769.11,-0.60,-616.07,-75.80
2024-01-17 03:00:00,-1544.04,-667.27,650.41,-0.59,-701.71,-180.00
2024-01-17 04:00:00,-1334.11,-723.13,264.74,-0.62,-613.16,180.50
2024-01-17 05:00:00,-1044.05,-706.35,174.60,-0.61,-587.63,334.70
2024-01-17 06:00:00,-693.14,-602.88,213.19,-0.62,-663.09,273.80
2024-01-17 07:00:00,-645.01,-57.03,-177.58,-0.60,-764.88,228.60
2024-01-17 08:00:00,-867.01,446.75,-190.07,-0.64,-742.02,309.50
2024-01-17 09:00:00,-460.83,556.92,-326.15,-0.63,-601.36,133.50
2024-01-17 10:00:00,-9.61,203.81,-569.39,-0.64,-614.17,242.20
2024-01-17 11:00:00,433.38,679.87,-1502.15,-0.59,-144.44,-184.40
2024-01-17 12:00:00,802.27,715.56,-2236.61,-0.59,184.83,-33.90
2024-01-17 13:00:00,1203.46,715.58,-1999.70,-0.60,-72.20,-284.00
2024-01-17 14:00:00,1042.80,715.56,-1862.20,-0.65,70.41,-352.20
2024-01-17 15:00:00,847.30,715.60,-1307.96,-0.65,69.48,-451.30
2024-01-17 16:00:00,1079.65,715.73,-1151.99,-0.63,49.76,-435.30
2024-01-17 17:00:00,1313.63,715.88,-1099.08,-0.63,-585.00,-158.70
2024-01-17 18:00:00,1310.94,715.96,-1491.76,-0.62,164.21,-553.20
2024-01-17 19:00:00,1630.88,716.03,-1771.07,-0.59,-85.53,-390.80
2024-01-17 20:00:00,1653.48,716.12,-2122.30,-0.58,394.85,-422.10
2024-01-17 21:00:00,1651.80,716.05,-1947.51,-0.61,230.09,-320.90
2024-01-17 22:00:00,1608.26,716.14,-2080.10,-0.62,166.84,-163.20
2024-01-17 23:00:00,1369.61,716.15,-1541.25,-0.64,-0.33,-173.80
2024-01-18 00:00:00,1295.86,716.20,-1502.77,-0.65,-29.02,-155.10
2024-01-18 01:00:00,1155.01,716.12,-1466.39,-0.64,-0.69,-96.30
2024-01-18 02:00:00,1340.89,716.12,-1849.63,-0.65,0.10,12.40
2024-01-18 03:00:00,1356.68,716.15,-1835.47,-0.63,14.00,-28.80
2024-01-18 04:00:00,1449.47,713.60,-2244.76,-0.65,671.13,-434.30
2024-01-18 05:00:00,1088.96,675.50,-2400.53,-0.59,1326.98,-454.30
2024-01-18 06:00:00,1346.57,665.20,-2493.21,0.00,1042.15,-538.30
2024-01-18 07:00:00,850.71,443.81,-2255.18,0.00,1344.95,-475.90
2024-01-18 08:00:00,772.38,501.64,-1321.45,0.00,451.33,-280.30
2024-01-18 09:00:00,1565.29,635.21,-1202.74,-0.45,-467.16,-500.90
2024-01-18 10:00:00,1595.07,711.44,-2172.34,-0.63,78.33,-480.70
2024-01-18 11:00:00,1290.89,715.75,-1865.85,-0.61,-261.85,-499.50
2024-01-18 12:00:00,1356.96,691.50,-2355.10,-0.64,78.87,-450.80
2024-01-18 13:00:00,1533.50,313.86,-1841.39,-0.63,-495.56,-473.50
2024-01-18 14:00:00,1446.92,158.78,-2186.37,-0.67,194.61,-414.40
2024-01-18 15:00:00,1310.82,-175.90,-2112.44,-0.66,160.26,-142.80
2024-01-18 16:00:00,1489.18,-566.89,-1279.62,-0.75,-335.27,-392.80
2024-01-18 17:00:00,1089.78,-363.40,-536.72,-0.89,-827.82,-301.60
2024-01-18 18:00:00,657.11,1.41,-26.23,-0.80,-1104.59,-510.00
2024-01-18 19:00:00,405.42,284.75,167.43,-0.72,-1431.13,-279.90
2024-01-18 20:00:00,198.00,378.27,14.95,-0.70,-1275.20,-57.30
2024-01-18 21:00:00,-35.30,374.48,47.46,-0.69,-1328.96,71.10
2024-01-18 22:00:00,-252.50,-18.22,104.35,-0.66,-833.27,70.80
2024-01-18 23:00:00,-658.50,28.90,439.46,-0.64,-1004.86,371.40
2024-01-19 00:00:00,-1092.50,425.01,700.43,-0.68,-1196.15,411.80
2024-01-19 01:00:00,-1175.09,625.85,997.97,-0.68,-1128.12,174.20
2024-01-19 02:00:00,-877.34,-195.36,1315.82,-0.65,-1200.25,346.60
2024-01-19 03:00:00,-940.64,44.92,1362.73,-0.64,-1196.23,-172.80
2024-01-19 04:00:00,-801.94,-446.90,1381.33,-0.62,-923.73,-394.60
2024-01-19 05:00:00,-173.94,-600.75,466.24,-0.65,-563.74,-448.60
2024-01-19 06:00:00,-373.04,-723.16,514.79,-0.66,-403.69,-195.30
2024-01-19 07:00:00,-459.04,-731.79,1421.24,-0.61,-992.33,-346.50
2024-01-19 08:00:00,-639.14,-693.57,1756.48,-0.05,-1446.05,-149.00
2024-01-19 09:00:00,-866.24,-157.73,1496.56,0.00,-1444.55,-268.20
2024-01-19 10:00:00,-620.74,-143.61,642.37,-0.54,-929.56,-301.40
2024-01-19 11:00:00,-372.84,-313.81,177.62,7.68,-580.85,-41.20
2024-01-19 12:00:00,-399.45,-714.71,1138.57,8.59,-600.34,-322.70
2024-01-19 13:00:00,-293.75,-731.46,818.93,8.61,-384.54,-224.10
2024-01-19 14:00:00,-249.74,-731.52,556.18,0.51,-254.65,-251.50
2024-01-19 15:00:00,-308.24,-731.86,687.19,-15.62,-365.55,-55.60
2024-01-19 16:00:00,-163.64,-728.18,1059.76,-288.72,-459.44,-123.50
2024-01-19 17:00:00,89.66,-673.18,1194.54,0.00,-1429.89,-65.00
2024-01-19 18:00:00,-574.84,-695.94,1802.62,0.00,-1453.39,-300.60
2024-01-19 19:00:00,-999.44,-667.83,1781.30,0.00,-1349.81,-290.90
2024-01-19 20:00:00,-708.34,-690.46,872.98,0.00,-910.35,-439.70
2024-01-19 21:00:00,-825.54,-673.66,260.66,0.00,-984.83,-69.60
2024-01-19 22:00:00,-805.33,-693.86,51.10,0.00,-813.21,-327.50
2024-01-19 23:00:00,-801.93,-707.59,681.99,0.00,-1206.34,-502.80
2024-01-20 00:00:00,-882.13,-730.30,362.31,0.00,-910.05,-443.00
2024-01-20 01:00:00,-1024.43,-731.79,770.79,0.00,-1207.63,-443.00
2024-01-20 02:00:00,-1304.38,-731.78,1193.99,0.00,-1140.71,-523.90
2024-01-20 03:00:00,-1675.87,-731.72,1570.84,0.00,-1060.32,-513.70
2024-01-20 04:00:00,-1505.08,-731.85,1614.03,0.00,-1010.52,-527.70
2024-01-20 05:00:00,-1160.38,-727.01,1160.59,0.00,-729.37,-385.00
2024-01-20 06:00:00,-711.03,-731.37,1241.47,0.00,-792.13,-245.50
2024-01-20 07:00:00,-278.34,-731.35,468.75,0.00,-395.14,-45.40
2024-01-20 08:00:00,40.66,-720.61,521.69,0.00,-513.99,-72.50
2024-01-20 09:00:00,46.76,-729.12,971.23,0.00,-785.79,-96.80
2024-01-20 10:00:00,-40.84,-729.90,1193.20,0.00,-741.71,-253.70
2024-01-20 11:00:00,-352.14,-730.00,1463.14,0.00,-740.27,-207.00
2024-01-20 12:00:00,-417.44,-730.00,1265.55,0.00,-724.81,27.30
2024-01-20 13:00:00,-484.14,-731.60,1370.99,0.00,-745.48,28.70
2024-01-20 14:00:00,-194.24,-732.18,711.56,0.00,-211.22,-277.30
2024-01-20 15:00:00,256.56,-732.31,52.46,0.00,-52.61,-264.40
2024-01-20 16:00:00,215.87,-732.32,194.02,0.00,-7.12,-549.60
2024-01-20 17:00:00,-140.63,-732.32,377.07,0.00,-284.96,-564.10
2024-01-20 18:00:00,-686.93,-720.94,735.15,0.00,-544.66,-562.50
2024-01-20 19:00:00,-325.34,-542.60,501.43,0.00,-1073.12,-542.90
2024-01-20 20:00:00,-324.14,-295.30,430.16,0.00,-1204.63,-591.50
2024-01-20 21:00:00,59.17,-152.81,-156.78,0.00,-1214.91,-514.20
2024-01-20 22:00:00,-328.73,-209.13,109.31,0.00,-1166.00,-464.90
2024-01-20 23:00:00,-766.54,-620.80,279.00,0.00,-847.80,-11.80
2024-01-21 00:00:00,-1169.78,-726.10,519.73,0.00,-846.66,256.70
2024-01-21 01:00:00,-903.54,-731.76,369.09,0.00,-891.93,232.10
2024-01-21 02:00:00,-1018.74,-731.94,811.71,0.00,-850.09,178.80
2024-01-21 03:00:00,-1333.67,-732.14,805.35,0.00,-679.32,262.90
2024-01-21 04:00:00,-1666.71,-732.27,673.98,0.00,-494.50,349.60
2024-01-21 05:00:00,-1392.52,-732.35,679.64,0.00,-892.26,540.70
2024-01-21 06:00:00,-1595.45,-732.29,1042.33,0.00,-1103.17,451.30
2024-01-21 07:00:00,-1658.74,-732.30,749.14,0.00,-892.59,435.20
2024-01-21 08:00:00,-1504.77,-732.37,568.76,0.00,-955.45,401.70
2024-01-21 09:00:00,-1690.07,-732.55,834.96,0.00,-803.62,403.50
2024-01-21 10:00:00,-1692.58,-732.63,874.36,0.00,-800.36,382.10
2024-01-21 11:00:00,-1370.92,-732.58,527.06,0.00,-800.60,552.60
2024-01-21 12:00:00,-1485.22,-732.53,630.53,0.00,-800.51,586.00
2024-01-21 13:00:00,-1687.75,-732.42,858.33,0.00,-800.36,576.20
2024-01-21 14:00:00,-1705.16,-732.40,910.17,0.00,-800.37,547.50
2024-01-21 15:00:00,-1690.45,-732.38,913.33,0.00,-800.16,578.20
2024-01-21 16:00:00,-1450.50,-732.51,780.14,0.00,-804.09,542.00
2024-01-21 17:00:00,-1074.18,-732.30,556.51,0.00,-971.92,290.60
2024-01-21 18:00:00,-1243.84,-732.57,749.37,0.00,-1069.49,37.50
2024-01-21 19:00:00,-1660.88,-732.50,765.32,0.00,-1021.18,282.70
2024-01-21 20:00:00,-1699.47,-732.66,683.45,0.00,-833.19,165.60
2024-01-21 21:00:00,-1705.29,-732.59,691.29,0.00,-1087.90,298.20
2024-01-21 22:00:00,-1705.84,-732.07,650.94,0.00,-1079.67,437.40
2024-01-21 23:00:00,-1705.88,-720.91,911.96,0.00,-437.94,-1.30
2024-01-22 00:00:00,-1706.07,-730.83,795.21,0.00,60.38,-53.80
2024-01-22 01:00:00,-1699.71,-720.85,707.75,0.00,316.56,-26.30
2024-01-22 02:00:00,-1616.90,-723.35,1078.55,0.00,327.63,-245.40
2024-01-22 03:00:00,-1645.17,-728.56,1174.44,0.00,192.38,36.90
2024-01-22 04:00:00,-1504.23,-679.30,690.77,0.00,-169.28,543.10
2024-01-22 05:00:00,-1660.00,-646.35,621.37,0.00,-464.23,580.20
2024-01-22 06:00:00,-1283.09,-156.04,314.55,0.00,-1340.32,477.60
2024-01-22 07:00:00,-1142.03,-132.30,289.37,0.00,-1448.74,402.10
2024-01-22 08:00:00,-1472.74,-519.60,615.32,0.00,-1148.85,523.90
2024-01-22 09:00:00,-1360.84,-252.19,449.47,0.00,-1450.78,429.70
2024-01-22 10:00:00,-1480.36,-73.20,241.93,0.00,-1453.50,392.80
2024-01-22 11:00:00,-1630.31,-33.79,178.87,0.00,-1269.50,444.30
2024-01-22 12:00:00,-1701.52,-300.61,876.64,0.00,-1286.22,483.50
2024-01-22 13:00:00,-1705.61,428.39,423.19,0.00,-1454.04,318.70
2024-01-22 14:00:00,-1672.86,612.55,176.14,0.00,-1449.46,310.70
2024-01-22 15:00:00,-1214.04,-15.42,315.56,0.00,-1334.78,215.40
2024-01-22 16:00:00,-845.16,-18.51,-3.66,-0.05,-1335.04,255.70
2024-01-22 17:00:00,-1078.63,57.97,44.88,-0.02,-1453.64,361.70
2024-01-22 18:00:00,-1229.97,-215.35,157.94,0.00,-1377.75,488.10
2024-01-22 19:00:00,-1618.27,-84.88,150.26,0.00,-1090.10,556.70
2024-01-22 20:00:00,-1700.89,116.80,468.14,0.00,-1449.66,586.30
2024-01-22 21:00:00,-1705.00,175.20,268.02,0.00,-1437.31,588.00
2024-01-22 22:00:00,-1705.41,22.59,180.63,0.00,-978.76,588.00
2024-01-22 23:00:00,-1705.32,-141.79,174.66,0.00,-610.62,588.00
2024-01-23 00:00:00,-1705.41,-400.93,875.03,0.00,-696.58,587.90
2024-01-23 01:00:00,-1705.32,-381.32,927.98,0.00,-603.32,587.90
2024-01-23 02:00:00,-1705.43,-612.60,1211.99,0.00,-570.57,588.00
2024-01-23 03:00:00,-1705.67,-342.35,730.06,0.00,-401.39,587.90
2024-01-23 04:00:00,-1690.46,34.82,447.74,0.00,-806.65,588.00
2024-01-23 05:00:00,-1449.48,267.38,50.38,0.00,-1046.50,588.00
2024-01-23 06:00:00,-1105.06,-181.11,76.40,0.00,-1106.88,583.80
2024-01-23 07:00:00,-1005.24,-2.95,91.56,0.00,-1450.17,525.40
2024-01-23 08:00:00,-1081.52,199.85,22.97,0.00,-1457.82,533.20
2024-01-23 09:00:00,-1255.54,477.29,-39.76,0.00,-1455.30,449.70
2024-01-23 10:00:00,-1655.32,357.20,160.29,0.00,-1361.54,493.60
2024-01-23 11:00:00,-1696.38,-30.49,723.67,0.00,-1455.78,581.80
2024-01-23 12:00:00,-1551.59,292.04,522.73,0.00,-1457.66,588.00
2024-01-23 13:00:00,-1112.00,530.65,84.38,0.00,-1451.89,588.00
2024-01-23 14:00:00,-662.34,552.49,-36.63,-0.14,-1442.84,584.00
2024-01-23 15:00:00,-437.35,104.33,-67.63,-0.66,-755.18,459.20
2024-01-23 16:00:00,-30.75,150.14,-20.59,-0.65,-812.22,117.60
2024-01-23 17:00:00,-29.15,19.58,412.29,-0.63,-1395.14,11.50
2024-01-23 18:00:00,-442.04,128.40,382.88,-0.66,-1408.73,124.40
2024-01-23 19:00:00,-889.54,1.99,444.07,-0.62,-1456.77,264.50
2024-01-23 20:00:00,-1342.73,-256.97,656.14,-0.58,-1446.94,430.30
2024-01-23 21:00:00,-1669.93,12.63,263.64,-0.59,-1209.99,542.30
2024-01-23 22:00:00,-1704.86,-519.77,863.91,-0.64,-556.70,-72.60
2024-01-23 23:00:00,-1705.48,-540.59,1294.21,-0.62,-72.98,-572.50
2024-01-24 00:00:00,-1705.57,-578.55,2238.12,-0.62,-113.28,-597.50
2024-01-24 01:00:00,-1705.70,-501.15,2029.87,-0.66,-110.37,-544.70
2024-01-24 02:00:00,-1705.76,-720.67,2119.61,-0.66,-48.02,-563.20
2024-01-24 03:00:00,-1706.01,-731.12,1943.11,-0.70,41.74,-601.40
2024-01-24 04:00:00,-1705.91,-679.67,1812.32,-0.68,433.35,-599.40
2024-01-24 05:00:00,-1700.69,-65.12,880.90,-0.67,-307.05,-486.10
2024-01-24 06:00:00,-1594.98,-102.31,972.70,-0.61,-1065.96,41.40
2024-01-24 07:00:00,-1087.61,-62.35,223.11,-0.63,-415.43,-159.30
2024-01-24 08:00:00,-970.27,-177.52,-67.39,-0.67,-400.96,208.10
2024-01-24 09:00:00,-967.34,-406.83,181.43,-0.61,-400.84,139.40
2024-01-24 10:00:00,-937.19,-517.87,654.44,-0.37,-400.80,-330.70
2024-01-24 11:00:00,-1153.20,-537.37,855.57,2.10,-400.83,-515.70
2024-01-24 12:00:00,-1392.98,-718.34,1117.51,91.01,-408.96,-322.50
2024-01-24 13:00:00,-1019.43,-708.60,1338.33,-579.72,-792.29,109.50
2024-01-24 14:00:00,-1173.54,-381.44,743.00,-699.91,-802.21,533.20
2024-01-24 15:00:00,-930.35,-561.36,932.29,-687.54,-882.93,442.60
2024-01-24 16:00:00,-625.85,-570.01,1137.89,-630.22,-1203.71,173.20
2024-01-24 17:00:00,-953.05,-477.61,943.18,-655.79,-1144.11,399.70
2024-01-24 18:00:00,-864.54,-442.71,947.16,-701.45,-1449.84,481.10
2024-01-24 19:00:00,-987.24,-679.93,1131.32,-700.97,-1397.39,525.60
2024-01-24 20:00:00,-1160.44,-679.68,905.31,-629.55,-938.25,496.60
2024-01-24 21:00:00,-1446.39,-578.08,921.60,-613.45,-1082.47,557.80
2024-01-24 22:00:00,-1636.46,-673.66,907.69,-550.95,-917.74,542.00
2024-01-24 23:00:00,-1664.78,-727.28,1148.94,-292.83,-1379.72,580.00
2024-01-25 00:00:00,-1703.38,-725.58,918.01,-192.36,-1224.05,584.30
2024-01-25 01:00:00,-1694.90,-561.89,686.68,-48.83,-1203.96,536.00
2024-01-25 02:00:00,-1573.62,-391.93,989.17,-670.61,-1310.07,577.20
2024-01-25 03:00:00,-1549.76,-333.31,995.60,-702.08,-1303.42,464.10
2024-01-25 04:00:00,-1234.94,-350.87,822.30,-700.46,-1119.25,200.80
2024-01-25 05:00:00,-796.54,-610.29,433.92,-604.12,-1036.18,268.10
2024-01-25 06:00:00,-392.05,-203.94,334.86,-553.25,-1156.43,138.80
2024-01-25 07:00:00,-61.45,-373.50,952.14,-699.32,-1234.35,-133.50
2024-01-25 08:00:00,-119.04,-365.06,289.27,-702.46,-418.70,230.50
2024-01-25 09:00:00,-501.84,-460.28,899.67,-702.31,-400.63,399.10
2024-01-25 10:00:00,-275.24,-495.34,1008.34,-701.49,-400.74,575.30
2024-01-25 11:00:00,92.56,-146.54,719.22,-701.20,-391.48,588.10
2024-01-25 12:00:00,518.96,304.31,-332.76,-648.34,49.82,579.40
2024-01-25 13:00:00,957.96,170.72,-748.84,-453.70,367.53,441.10
2024-01-25 14:00:00,1306.37,225.21,-792.20,-335.58,391.41,164.60
2024-01-25 15:00:00,1551.59,129.01,-1110.26,-50.66,662.08,4.70
2024-01-25 16:00:00,1627.82,397.33,-1901.15,565.90,704.52,-97.70
2024-01-25 17:00:00,1617.49,459.47,-1866.73,681.14,684.77,-406.30
2024-01-25 18:00:00,1641.24,420.14,-2054.20,683.38,595.71,-256.30
2024-01-25 19:00:00,1550.21,442.22,-2375.79,673.61,751.52,-112.00
2024-01-25 20:00:00,1240.50,338.26,-1479.08,184.12,561.92,-151.20
2024-01-25 21:00:00,1200.61,485.32,-681.15,-495.36,466.14,-511.70
2024-01-25 22:00:00,914.69,87.45,116.90,-440.56,244.13,-536.80
2024-01-25 23:00:00,1117.12,-162.15,34.29,-272.55,85.33,-539.30
2024-01-26 00:00:00,717.10,68.46,64.46,-473.57,161.24,-539.40
2024-01-26 01:00:00,269.70,-339.06,104.36,21.44,352.85,-539.40
2024-01-26 02:00:00,-179.70,-526.75,39.02,170.96,476.38,-539.50
2024-01-26 03:00:00,-632.00,-411.01,58.78,272.37,362.97,-539.40
2024-01-26 04:00:00,-1040.27,-198.96,164.02,-66.46,566.58,-539.50
2024-01-26 05:00:00,-720.37,-384.33,72.59,-427.42,598.91,-504.20
2024-01-26 06:00:00,-481.77,-126.86,43.14,-339.33,-620.26,-41.50
2024-01-26 07:00:00,-563.27,11.48,188.00,-621.19,-689.39,-99.40
2024-01-26 08:00:00,-393.18,133.78,669.23,-559.15,-1315.32,-492.80
2024-01-26 09:00:00,-733.36,-98.52,1286.27,-630.44,-1405.66,-246.50
2024-01-26 10:00:00,-1057.62,-120.12,775.66,51.69,-1404.64,395.10
2024-01-26 11:00:00,-1493.88,-87.07,490.20,669.93,-1272.65,411.00
2024-01-26 12:00:00,-1689.24,-214.85,84.81,672.93,-981.51,569.60
2024-01-26 13:00:00,-1701.49,-315.35,216.41,161.94,-831.22,587.90
2024-01-26 14:00:00,-1693.68,-351.24,435.67,30.79,-947.13,587.90
2024-01-26 15:00:00,-1544.59,-168.24,947.26,-643.81,-1141.56,583.60
2024-01-26 16:00:00,-1102.15,-17.35,749.81,-701.53,-1421.90,528.40
2024-01-26 17:00:00,-659.45,-497.12,679.45,-702.56,-1456.98,583.70
2024-01-26 18:00:00,-374.25,-519.45,184.06,-702.58,-1457.51,587.90
2024-01-26 19:00:00,-329.23,-340.92,140.08,-702.52,-1457.67,588.00
2024-01-26 20:00:00,-487.62,395.53,146.61,-702.51,-1457.63,588.00
2024-01-26 21:00:00,-810.73,339.23,-22.06,-702.54,-1458.04,588.00
2024-01-26 22:00:00,-747.23,188.72,233.73,-702.50,-1453.40,587.90
2024-01-26 23:00:00,-541.13,218.07,89.89,-702.55,-1260.26,588.00
2024-01-27 00:00:00,-202.52,23.71,142.65,-702.31,-1329.72,587.90
2024-01-27 01:00:00,-228.34,-149.48,58.71,-680.04,-922.31,587.90
2024-01-27 02:00:00,-421.94,98.33,132.65,-637.53,-802.87,587.90
2024-01-27 03:00:00,-618.94,225.88,355.54,-641.62,-780.30,587.80
2024-01-27 04:00:00,-94.64,171.14,58.91,-648.72,-784.62,587.80
2024-01-27 05:00:00,272.16,85.82,-22.67,-623.64,-1015.06,588.00
2024-01-27 06:00:00,458.36,-30.10,24.45,-700.96,-1116.90,587.90
2024-01-27 07:00:00,511.46,22.83,342.50,-702.74,-1401.84,588.00
2024-01-27 08:00:00,648.76,-6.66,305.49,-702.81,-1456.81,484.80
2024-01-27 09:00:00,428.76,-21.41,654.20,-702.74,-1457.82,438.80
2024-01-27 10:00:00,105.26,-426.46,1509.14,-692.87,-1457.61,391.20
2024-01-27 11:00:00,-54.24,-504.41,1455.31,-213.47,-1457.44,247.10
2024-01-27 12:00:00,-403.04,-521.98,1420.63,-15.15,-1453.30,505.80
2024-01-27 13:00:00,71.36,3.89,727.34,-529.25,-1257.85,316.10
2024-01-27 14:00:00,939.96,15.01,-168.81,-684.67,-1097.47,315.20
2024-01-27 15:00:00,1134.79,439.53,-676.32,-702.45,-1036.55,196.10
2024-01-27 16:00:00,1250.38,698.76,-915.47,-702.71,-1160.19,227.80
2024-01-27 17:00:00,1556.52,715.26,-941.41,-702.80,-1451.38,221.30
2024-01-27 18:00:00,1465.19,697.36,-1018.78,-702.71,-1457.76,280.90
2024-01-27 19:00:00,1254.27,437.01,-843.21,-702.76,-1457.88,392.70
2024-01-27 20:00:00,1080.70,441.73,-794.59,-702.78,-1453.74,394.20
2024-01-27 21:00:00,816.30,606.32,-776.58,-702.79,-1281.23,395.40
2024-01-27 22:00:00,673.20,709.31,-808.78,-702.72,-1183.52,431.60
2024-01-27 23:00:00,106.43,715.85,-746.19,-702.48,-611.67,283.20
2024-01-28 00:00:00,173.02,715.75,-719.90,-702.37,-614.98,349.50
2024-01-28 01:00:00,591.61,716.00,-871.88,-683.51,-548.03,207.10
2024-01-28 02:00:00,1178.16,716.07,-1375.01,-702.17,-352.67,5.30
2024-01-28 03:00:00,1621.35,716.04,-2168.35,-698.10,-73.65,109.10
2024-01-28 04:00:00,1634.19,716.10,-2257.45,-480.22,-182.65,7.20
2024-01-28 05:00:00,1419.68,716.18,-1937.80,-629.81,-193.64,-32.20
2024-01-28 06:00:00,989.32,716.12,-1420.20,-423.40,-337.14,-99.10
2024-01-28 07:00:00,643.62,680.56,-1184.25,-139.29,-320.55,-145.40
2024-01-28 08:00:00,156.83,241.35,21.89,-514.68,-384.69,57.60
2024-01-28 09:00:00,-373.49,-322.89,797.67,-62.70,-721.85,143.20
2024-01-28 10:00:00,-912.20,-420.85,985.68,471.50,-729.10,92.70
2024-01-28 11:00:00,-1212.82,-355.93,1138.12,41.66,-729.11,518.90
2024-01-28 12:00:00,-1540.49,-529.45,2243.30,0.00,-729.03,10.40
2024-01-28 13:00:00,-1626.55,-179.09,1276.54,0.00,-729.37,208.50
2024-01-28 14:00:00,-976.53,599.84,46.75,0.00,-714.75,12.10
2024-01-28 15:00:00,-843.12,632.03,-760.71,0.00,-64.26,-51.20
2024-01-28 16:00:00,114.17,674.62,-538.56,0.00,-1408.99,71.70
2024-01-28 17:00:00,54.17,551.42,-817.32,0.00,-1457.85,355.50
2024-01-28 18:00:00,-331.63,319.02,-568.59,0.00,-1452.77,574.00
2024-01-28 19:00:00,-624.84,-165.60,-91.88,0.00,-1215.41,588.00
2024-01-28 20:00:00,-764.72,40.14,-16.57,0.00,-1337.67,588.00
2024-01-28 21:00:00,-559.32,65.97,-278.57,0.00,-1290.29,588.00
2024-01-28 22:00:00,-825.34,-456.39,376.79,0.00,-1183.97,582.10
2024-01-28 23:00:00,-905.44,-367.40,262.04,0.00,-752.98,502.60
2024-01-29 00:00:00,-918.74,-325.17,205.30,0.00,-772.84,578.70
2024-01-29 01:00:00,-868.04,-195.85,184.30,0.00,-800.35,494.90
2024-01-29 02:00:00,-580.34,-110.26,87.68,0.00,-801.01,448.50
2024-01-29 03:00:00,-137.24,-182.55,-97.96,0.00,-800.88,493.50
2024-01-29 04:00:00,310.65,-39.85,-566.61,0.00,-800.85,581.80
2024-01-29 05:00:00,757.86,150.62,-612.99,0.00,-800.73,575.80
2024-01-29 06:00:00,1204.83,424.45,-564.77,0.00,-804.84,402.70
2024-01-29 07:00:00,1624.70,696.70,-1015.53,0.00,-1009.66,391.10
2024-01-29 08:00:00,1652.55,715.38,248.06,0.00,-1347.58,69.10
2024-01-29 09:00:00,1652.28,714.31,293.45,0.00,-1229.68,281.50
2024-01-29 10:00:00,1650.13,700.23,654.67,0.00,-1255.82,156.70
2024-01-29 11:00:00,1652.43,713.99,74.71,0.00,-817.75,209.80
2024-01-29 12:00:00,1652.25,714.99,511.41,0.00,-1128.82,-59.60
2024-01-29 13:00:00,1653.29,714.64,111.70,0.00,-803.24,33.50
2024-01-29 14:00:00,1648.04,704.03,-283.54,0.00,-554.88,0.90
2024-01-29 15:00:00,1564.39,684.17,-718.54,0.00,155.96,-63.80
2024-01-29 16:00:00,1635.44,649.81,-1487.19,0.00,587.19,305.60
2024-01-29 17:00:00,1636.04,637.63,-1347.36,0.00,322.57,337.60
2024-01-29 18:00:00,1521.90,654.64,-1158.55,0.00,340.86,126.50
2024-01-29 19:00:00,1645.07,699.41,-1280.14,0.00,52.03,157.90
2024-01-29 20:00:00,1654.41,714.61,-900.23,0.00,-290.41,-95.90
2024-01-29 21:00:00,1654.58,715.52,-586.40,0.00,-211.32,-318.20
2024-01-29 22:00:00,1654.71,715.71,-677.88,0.00,-199.12,-345.20
2024-01-29 23:00:00,1654.41,715.82,-368.73,0.00,-393.50,-266.50
2024-01-30 00:00:00,1654.46,715.94,-483.36,0.00,-531.14,-91.40
2024-01-30 01:00:00,1654.46,715.89,-376.61,0.00,-712.48,-93.10
2024-01-30 02:00:00,1654.59,716.08,-281.87,0.00,-550.15,-479.10
2024-01-30 03:00:00,1640.96,715.89,-596.91,0.00,-350.68,-353.30
2024-01-30 04:00:00,1438.01,715.91,-471.20,0.00,-519.90,-334.10
2024-01-30 05:00:00,1358.60,694.12,-142.78,0.00,-794.51,-539.00
2024-01-30 06:00:00,1416.89,355.08,-38.59,0.00,-798.80,-540.00
2024-01-30 07:00:00,1099.13,404.14,-59.34,0.00,-722.44,-531.00
2024-01-30 08:00:00,685.00,681.45,128.30,0.00,-905.90,-387.60
2024-01-30 09:00:00,314.00,680.95,272.44,0.00,-917.79,-263.00
2024-01-30 10:00:00,587.70,394.61,425.34,0.00,-882.80,-537.40
2024-01-30 11:00:00,86.40,406.46,644.60,0.00,-631.12,-542.70
2024-01-30 12:00:00,458.50,332.58,251.61,0.00,-850.14,-542.20
2024-01-30 13:00:00,359.20,517.18,44.77,0.00,-837.93,-553.10
2024-01-30 14:00:00,432.30,454.11,-12.32,0.00,-937.13,-542.90
2024-01-30 15:00:00,549.60,452.20,49.99,0.00,-1110.26,-540.90
2024-01-30 16:00:00,650.10,651.45,-320.87,0.00,-956.79,-520.40
2024-01-30 17:00:00,683.20,387.98,76.65,0.00,-1447.08,-233.80
2024-01-30 18:00:00,859.50,80.58,105.25,0.00,-1457.76,-128.80
2024-01-30 19:00:00,991.00,-268.02,70.79,0.00,-1456.63,270.30
2024-01-30 20:00:00,1078.00,-701.69,57.60,0.00,-1408.75,568.50
2024-01-30 21:00:00,1002.60,-727.94,-22.43,0.00,-1456.18,588.10
2024-01-30 22:00:00,508.13,-642.11,69.04,0.00,-1437.49,587.90
2024-01-30 23:00:00,75.03,-489.26,42.45,0.00,-1452.69,588.00
2024-01-31 00:00:00,-202.26,-445.13,270.26,0.00,-1250.65,588.00
2024-01-31 01:00:00,-221.07,-61.82,26.50,0.00,-1255.81,587.80
2024-01-31 02:00:00,-383.47,-217.54,82.92,0.00,-1253.29,587.90
2024-01-31 03:00:00,-357.07,-339.83,184.52,0.00,-1120.35,587.90
2024-01-31 04:00:00,-135.27,-111.09,-338.60,0.00,-690.68,587.80
2024-01-31 05:00:00,276.63,205.22,-826.28,0.00,-601.99,575.10
2024-01-31 06:00:00,373.03,261.89,-792.23,0.00,-410.74,399.50
2024-01-31 07:00:00,211.74,229.64,-601.26,0.00,-689.71,500.30
2024-01-31 08:00:00,322.44,53.31,-65.98,0.00,-987.36,413.20
2024-01-31 09:00:00,-58.76,-73.74,-80.54,0.00,-1050.54,576.10
2024-01-31 10:00:00,-197.06,-209.56,-30.29,0.00,-1299.22,588.00
2024-01-31 11:00:00,-628.16,-246.48,-60.43,0.00,-1350.15,587.90
2024-01-31 12:00:00,-1067.58,24.15,87.49,0.00,-1450.21,588.00
2024-01-31 13:00:00,-1219.96,303.45,106.21,0.00,-1452.33,588.00
2024-01-31 14:00:00,-1152.78,464.50,31.14,0.00,-1448.13,588.00
2024-01-31 15:00:00,-1011.80,237.13,40.22,0.00,-1457.31,587.30
2024-01-31 16:00:00,-658.72,-136.61,-22.62,0.00,-1457.58,575.20
2024-01-31 17:00:00,-516.04,-424.00,45.29,0.00,-1457.68,587.00
2024-01-31 18:00:00,-846.62,-177.60,72.70,0.00,-1453.61,588.00
2024-01-31 19:00:00,-961.64,-116.69,16.57,0.00,-1264.01,587.90
2024-01-31 20:00:00,-1213.05,116.35,112.13,0.00,-1382.81,587.90
2024-01-31 21:00:00,-1651.80,249.37,204.02,0.00,-1305.84,588.00
2024-01-31 22:00:00,-1703.56,-11.24,615.53,0.00,-1377.20,588.00
2024-01-31 23:00:00,-1704.64,108.40,346.68,0.00,-865.37,588.00
2024-02-01 00:00:00,-1702.37,-162.14,595.13,0.00,-801.73,587.80
2024-02-01 01:00:00,-1669.30,78.70,202.40,0.00,-810.54,587.90
2024-02-01 02:00:00,-1701.58,51.80,238.07,0.00,-916.06,587.70
2024-02-01 03:00:00,-1686.77,32.92,177.61,0.00,-997.57,587.80
2024-02-01 04:00:00,-1412.52,-242.61,19.00,0.00,-959.93,587.90
2024-02-01 05:00:00,-971.39,101.76,-163.45,0.00,-1353.29,587.80
2024-02-01 06:00:00,-677.02,-161.24,-26.35,0.00,-1455.39,584.90
2024-02-01 07:00:00,-644.54,-268.12,88.81,0.00,-1457.60,545.70
2024-02-01 08:00:00,-832.32,-138.32,43.93,-0.85,-1457.33,584.70
2024-02-01 09:00:00,-988.21,-3.15,-15.24,-1.36,-1457.35,587.90
2024-02-01 10:00:00,-1194.52,-9.75,-4.60,-1.36,-1457.27,587.80
2024-02-01 11:00:00,-1254.59,-127.99,16.75,80.13,-1457.54,587.80
2024-02-01 12:00:00,-1060.21,112.76,22.80,-342.03,-1457.36,587.80
2024-02-01 13:00:00,-748.82,321.50,-6.94,-694.56,-1457.61,587.80
2024-02-01 14:00:00,-326.52,-160.72,82.18,-702.36,-1457.61,587.70
2024-02-01 15:00:00,8.78,-182.07,51.92,-702.20,-1457.75,587.80
2024-02-01 16:00:00,237.88,-16.59,-25.39,-702.57,-1457.65,517.70
2024-02-01 17:00:00,573.79,-323.07,39.72,-702.56,-1456.73,570.30
2024-02-01 18:00:00,828.19,-411.92,-73.07,-702.59,-1457.89,587.30
2024-02-01 19:00:00,900.09,-326.36,-70.71,-701.39,-1457.85,588.20
2024-02-01 20:00:00,1029.29,-142.20,-138.90,-648.58,-1457.58,588.00
2024-02-01 21:00:00,961.49,231.06,-608.54,-619.24,-1439.01,587.90
2024-02-01 22:00:00,625.89,164.33,-461.32,-700.79,-1376.87,587.90
2024-02-01 23:00:00,187.09,65.12,-265.23,-700.30,-871.82,588.00
2024-02-02 00:00:00,-217.30,-159.40,245.64,-596.40,-910.00,588.00
2024-02-02 01:00:00,-593.60,531.64,191.39,-665.46,-933.94,588.00
2024-02-02 02:00:00,-674.80,353.19,41.39,-3.22,-932.41,587.90
2024-02-02 03:00:00,-556.10,472.19,52.96,-338.96,-838.42,587.80
2024-02-02 04:00:00,-581.20,640.36,194.51,-690.96,-936.75,587.80
2024-02-02 05:00:00,-91.20,-13.64,205.07,-524.02,-1101.30,562.50
2024-02-02 06:00:00,269.49,457.74,37.93,-664.60,-1353.03,212.40
2024-02-02 07:00:00,242.79,191.22,144.80,-701.91,-1426.70,358.00
2024-02-02 08:00:00,418.49,-327.24,49.42,-700.43,-1456.73,520.00
2024-02-02 09:00:00,253.57,-660.74,417.92,-609.41,-1457.47,337.50
2024-02-02 10:00:00,58.58,-430.57,464.10,-658.82,-1457.30,283.00
2024-02-02 11:00:00,-376.43,-711.46,698.24,-465.29,-1455.24,567.30
2024-02-02 12:00:00,-831.73,-613.76,1116.16,-694.72,-1368.63,588.00
2024-02-02 13:00:00,-1255.34,-362.44,1215.09,-577.48,-1405.55,587.90
2024-02-02 14:00:00,-1115.40,3.49,780.84,-699.92,-1364.28,587.80
2024-02-02 15:00:00,-729.52,-64.71,363.28,-702.52,-1320.31,587.80
2024-02-02 16:00:00,-358.12,103.12,40.00,-702.37,-1454.54,587.80
2024-02-02 17:00:00,-352.22,144.63,19.04,-702.64,-1457.77,587.80
2024-02-02 18:00:00,-678.52,326.21,80.28,-702.59,-1457.87,587.70
2024-02-02 19:00:00,-1095.44,699.05,297.43,-702.50,-1457.73,587.70
2024-02-02 20:00:00,-1530.96,708.74,435.07,-702.59,-1457.82,587.70
2024-02-02 21:00:00,-1440.70,603.89,266.22,-702.53,-1454.74,587.80
2024-02-02 22:00:00,-1681.50,601.46,539.83,-702.58,-1307.86,587.80
2024-02-02 23:00:00,-1356.08,530.21,56.04,-702.56,-811.33,587.70
2024-02-03 00:00:00,-1446.50,270.06,234.61,-702.61,-800.56,588.90
2024-02-03 01:00:00,-1541.64,339.75,575.42,-702.48,-798.97,587.70
2024-02-03 02:00:00,-1541.82,548.76,235.51,-700.79,-722.34,587.80
2024-02-03 03:00:00,-1539.75,547.04,26.61,-612.01,-504.76,587.70
2024-02-03 04:00:00,-1477.29,367.27,430.60,-597.68,-788.04,587.60
2024-02-03 05:00:00,-1281.75,512.71,-27.34,-555.10,-686.94,587.70
2024-02-03 06:00:00,-1240.68,421.99,92.28,-699.49,-601.91,587.80
2024-02-03 07:00:00,-1355.37,614.02,230.62,-702.33,-796.30,587.80
2024-02-03 08:00:00,-1161.09,85.74,27.16,-702.73,-800.48,587.70
2024-02-03 09:00:00,-1067.92,-265.65,10.19,-702.61,-800.52,587.80
2024-02-03 10:00:00,-1253.69,-285.68,-100.54,-702.55,-800.36,587.70
2024-02-03 11:00:00,-1674.97,-82.98,56.75,-702.66,-800.61,587.80
2024-02-03 12:00:00,-1706.35,236.96,39.08,-702.47,-800.54,587.70
2024-02-03 13:00:00,-1706.42,263.94,92.03,-702.32,-800.54,587.80
2024-02-03 14:00:00,-1690.46,252.52,54.78,-702.58,-813.95,587.70
2024-02-03 15:00:00,-1442.75,271.65,438.11,-702.39,-1426.88,587.90
2024-02-03 16:00:00,-1032.08,362.93,62.28,-702.51,-1457.28,587.90
2024-02-03 17:00:00,-916.82,405.33,-12.51,-702.76,-1457.96,587.90
2024-02-03 18:00:00,-605.12,123.49,200.87,-702.61,-1457.81,587.80
2024-02-03 19:00:00,-687.52,564.20,28.37,-702.44,-1457.89,587.90
2024-02-03 20:00:00,-1121.92,600.83,141.81,-702.62,-1457.92,587.90
2024-02-03 21:00:00,-1539.06,680.53,206.61,-702.70,-1455.78,587.80
2024-02-03 22:00:00,-1687.63,528.05,400.03,-702.45,-1353.83,587.80
2024-02-03 23:00:00,-1705.07,173.18,512.91,-702.72,-812.56,587.90
2024-02-04 00:00:00,-1705.66,-86.86,1165.65,-702.45,-800.60,587.80
2024-02-04 01:00:00,-1706.41,-103.29,1343.70,-699.00,-798.76,587.80
2024-02-04 02:00:00,-1680.80,-117.25,1039.58,-528.20,-516.60,587.50
2024-02-04 03:00:00,-1577.91,-535.42,1228.14,-499.49,0.00,585.70
2024-02-04 04:00:00,-1407.32,-383.90,840.37,-498.28,0.00,585.80
2024-02-04 05:00:00,-1435.88,-726.04,1229.54,-561.52,0.00,561.50
2024-02-04 06:00:00,-1542.73,-717.45,1271.69,-699.19,0.00,329.10
2024-02-04 07:00:00,-1689.40,-713.68,1343.69,-691.92,0.00,335.60
2024-02-04 08:00:00,-1705.32,-668.83,1729.83,-702.19,0.00,-6.00
2024-02-04 09:00:00,-1705.35,-567.39,1569.38,-702.43,0.00,126.40
2024-02-04 10:00:00,-1705.62,-532.79,1356.50,-702.26,0.00,241.40
2024-02-04 11:00:00,-1705.60,-524.52,1310.46,-694.73,0.00,213.80
2024-02-04 12:00:00,-1705.84,-595.66,2213.71,-702.22,0.00,-396.80
2024-02-04 13:00:00,-1705.85,-556.95,1925.72,-702.46,0.00,-342.10
2024-02-04 14:00:00,-1705.64,-644.65,1795.52,-702.44,0.00,-158.40
2024-02-04 15:00:00,-1705.98,-598.51,1986.25,-702.45,0.00,-228.40
2024-02-04 16:00:00,-1705.91,-325.50,1247.28,-702.44,0.00,284.90
2024-02-04 17:00:00,-1705.38,-306.05,814.39,-702.47,0.00,445.60
2024-02-04 18:00:00,-1705.35,-306.07,1191.82,-702.51,0.00,2.30
2024-02-04 19:00:00,-1705.18,-306.04,1297.80,-702.48,0.00,-95.20
2024-02-04 20:00:00,-1705.88,-306.04,1413.08,-702.47,0.00,129.30
2024-02-04 21:00:00,-1706.29,-267.86,1559.38,-702.47,0.00,104.60
2024-02-04 22:00:00,-1706.51,-0.50,2005.67,-701.48,0.00,-412.80
2024-02-04 23:00:00,-1706.00,-182.56,2492.34,-651.39,0.00,-470.40
2024-02-05 00:00:00,-1706.49,-310.39,2470.30,-701.03,0.00,-436.30
2024-02-05 01:00:00,-1705.94,-377.76,2501.66,-686.39,0.00,-419.60
2024-02-05 02:00:00,-1625.07,-688.08,2448.99,-286.14,0.00,-441.20
2024-02-05 03:00:00,-1705.15,-731.41,2314.16,122.81,0.00,-532.90
2024-02-05 04:00:00,-1334.72,-732.40,1992.68,71.68,0.00,-369.90
2024-02-05 05:00:00,-1202.33,-510.89,1551.80,-29.32,0.00,110.40
2024-02-05 06:00:00,-770.74,284.14,1099.57,-687.76,0.00,559.20
2024-02-05 07:00:00,-324.34,501.01,1063.75,-702.76,0.00,587.80
2024-02-05 08:00:00,-36.14,-108.59,1678.70,-702.58,0.00,587.80
2024-02-05 09:00:00,-92.54,-653.10,2453.04,-702.60,0.00,587.90
2024-02-05 10:00:00,-12.34,-706.80,2259.34,-702.55,0.00,580.00
2024-02-05 11:00:00,-223.04,-728.89,2534.23,-702.50,0.00,356.90
2024-02-05 12:00:00,-609.74,-630.40,2532.33,-702.50,0.00,543.30
2024-02-05 13:00:00,-827.54,-720.46,2535.07,-702.48,0.00,541.10
2024-02-05 14:00:00,-528.44,-655.30,2300.90,-702.39,0.00,49.20
2024-02-05 15:00:00,-222.94,-284.52,1332.61,-702.25,0.00,108.00
2024-02-05 16:00:00,-49.04,235.66,765.02,-702.15,0.00,10.30
2024-02-05 17:00:00,-57.84,137.10,572.74,-702.39,0.00,97.80
2024-02-05 18:00:00,-84.64,-407.39,821.99,-702.30,0.00,67.50
2024-02-05 19:00:00,-27.54,-633.91,852.61,-702.07,0.00,100.00
2024-02-05 20:00:00,-298.93,-709.95,1304.80,-696.57,0.00,18.90
2024-02-05 21:00:00,-662.33,-520.09,1132.29,-413.33,0.00,75.20
2024-02-05 22:00:00,-1116.36,-715.72,1347.95,76.75,0.00,-20.80
2024-02-05 23:00:00,-1515.42,-731.16,2348.87,-41.39,0.00,-321.80
2024-02-06 00:00:00,-1497.23,-731.28,2346.47,328.44,0.00,-502.30
2024-02-06 01:00:00,-1694.00,-731.33,2486.76,314.97,0.00,-245.10
2024-02-06 02:00:00,-1705.23,-731.43,2228.30,480.96,0.00,-100.50
2024-02-06 03:00:00,-1705.11,-731.35,2195.23,607.65,0.00,-336.40
2024-02-06 04:00:00,-1674.88,-731.32,2212.98,-45.43,0.00,-192.80
2024-02-06 05:00:00,-1230.22,-731.38,1289.35,-24.17,0.00,-79.30
2024-02-06 06:00:00,-778.45,-731.26,1401.62,-551.73,0.00,-327.60
2024-02-06 07:00:00,-495.95,-731.37,1349.07,-699.25,0.00,-436.40
2024-02-06 08:00:00,-605.44,-731.90,1509.80,-702.20,0.00,-345.60
2024-02-06 09:00:00,-905.84,-732.39,1884.26,-691.57,0.00,-194.00
2024-02-06 10:00:00,-1092.34,-732.37,1755.04,-189.79,0.00,-275.70
2024-02-06 11:00:00,-1181.84,-730.31,1474.14,-27.20,0.00,-244.10
2024-02-06 12:00:00,-1191.68,-722.67,1282.25,80.15,0.00,-306.70
2024-02-06 13:00:00,-1129.34,-594.09,750.55,-100.06,0.00,5.70
2024-02-06 14:00:00,-859.64,-713.18,1342.11,-556.46,0.00,-263.50
2024-02-06 15:00:00,-877.93,-731.50,1425.85,-699.25,0.00,-242.80
2024-02-06 16:00:00,-921.44,-708.77,1578.98,-702.47,0.00,-82.10
2024-02-06 17:00:00,-542.54,-390.20,831.08,-702.49,0.00,-20.00
2024-02-06 18:00:00,-542.64,-596.16,1212.75,-701.01,0.00,-231.30
2024-02-06 19:00:00,-970.61,-484.58,1440.21,-630.41,0.00,-225.90
2024-02-06 20:00:00,-1421.22,-683.62,2041.93,-701.06,0.00,-83.80
2024-02-06 21:00:00,-1686.74,-704.90,2248.83,-702.48,0.00,-91.80
2024-02-06 22:00:00,-1704.43,-730.53,2356.22,-696.43,0.00,-175.20
2024-02-06 23:00:00,-1704.72,-732.53,2221.50,-409.27,0.00,-112.60
2024-02-07 00:00:00,-1704.55,-729.58,2477.32,-696.04,0.00,-0.30
2024-02-07 01:00:00,-1701.93,-690.75,2598.00,-702.42,0.00,-92.90
2024-02-07 02:00:00,-1637.53,-729.48,2436.04,-696.59,0.00,102.90
2024-02-07 03:00:00,-1297.46,-727.72,1625.74,-408.67,0.00,185.50
2024-02-07 04:00:00,-845.34,-639.25,1297.24,-41.59,0.00,-369.40
2024-02-07 05:00:00,-455.75,-447.69,1313.74,-560.55,0.00,-394.20
2024-02-07 06:00:00,-597.44,-478.27,1391.00,-349.66,0.00,-524.20
2024-02-07 07:00:00,-274.44,-714.52,1432.91,-333.82,0.00,-533.40
2024-02-07 08:00:00,-73.24,-729.87,1376.59,-693.96,0.00,-330.40
2024-02-07 09:00:00,-401.64,-691.78,1323.02,-665.29,0.00,29.30
2024-02-07 10:00:00,-695.74,-539.10,663.67,-6.19,0.00,-83.30
2024-02-07 11:00:00,-343.44,-601.91,-52.85,630.39,0.00,-497.50
2024-02-07 12:00:00,-36.84,-657.45,-223.48,680.25,0.00,-320.60
2024-02-07 13:00:00,850.86,-528.04,-685.78,574.19,0.00,-525.90
2024-02-07 14:00:00,1219.39,-513.61,-924.28,663.73,0.00,-425.50
2024-02-07 15:00:00,1545.99,-447.61,-1077.81,596.40,0.00,-249.00
2024-02-07 16:00:00,1556.36,-369.34,-135.99,-3.53,0.00,-532.60
2024-02-07 17:00:00,1013.35,-99.03,-644.81,87.47,0.00,-402.80
2024-02-07 18:00:00,598.30,-189.17,-1120.53,427.42,0.00,-385.90
2024-02-07 19:00:00,387.20,-211.17,-1354.02,678.73,0.00,-439.50
2024-02-07 20:00:00,753.61,-157.68,-1615.51,681.93,0.00,-537.40
2024-02-07 21:00:00,999.94,-28.40,-2408.14,571.30,0.00,-232.10
2024-02-07 22:00:00,825.43,236.37,-2136.88,234.01,0.00,-459.00
2024-02-07 23:00:00,1144.74,171.58,-2086.14,-129.05,0.00,-342.00
2024-02-08 00:00:00,764.61,521.33,-2207.71,-135.65,0.00,-66.50
2024-02-08 01:00:00,511.71,525.56,-2171.77,211.53,0.00,-41.90
2024-02-08 02:00:00,506.91,502.55,-2213.73,673.75,0.00,26.90
2024-02-08 03:00:00,851.41,438.21,-2402.45,683.51,0.00,191.40
2024-02-08 04:00:00,1211.85,241.48,-2135.01,683.38,0.00,-139.90
2024-02-08 05:00:00,1625.62,241.93,-1941.41,683.40,0.00,-462.90
2024-02-08 06:00:00,1653.54,-88.88,-1372.29,678.35,0.00,-566.50
2024-02-08 07:00:00,1649.28,60.41,-1203.33,414.22,0.00,-379.40
2024-02-08 08:00:00,1628.88,337.82,-1089.84,-256.86,0.00,23.40
2024-02-08 09:00:00,1596.76,251.74,-1159.74,-255.23,0.00,350.10
2024-02-08 10:00:00,1650.00,558.53,-1933.30,401.03,0.00,230.40
2024-02-08 11:00:00,1654.09,600.27,-1671.85,-4.81,0.00,246.50
2024-02-08 12:00:00,1651.32,378.16,-1391.92,227.14,0.00,22.60
2024-02-08 13:00:00,1653.82,-67.71,-1133.17,673.51,0.00,-198.50
2024-02-08 14:00:00,1654.19,-597.08,-303.82,655.50,0.00,-330.40
2024-02-08 15:00:00,1654.37,-725.50,83.38,530.71,-0.09,-157.30
2024-02-08 16:00:00,1641.47,-732.09,205.91,680.17,0.15,-359.50
2024-02-08 17:00:00,1450.06,-732.15,494.89,683.53,0.16,-529.30
2024-02-08 18:00:00,1584.95,-730.59,249.67,682.32,0.14,-528.00
2024-02-08 19:00:00,1652.55,-692.05,-45.72,624.91,0.12,-356.00
2024-02-08 20:00:00,1621.79,-462.87,-352.95,568.85,0.16,-367.20
2024-02-08 21:00:00,1499.52,-228.37,-1091.94,638.98,0.27,-99.30
2024-02-08 22:00:00,1379.03,-333.76,-749.31,530.91,12.50,-315.20
2024-02-08 23:00:00,954.64,-603.35,-101.66,61.66,572.94,-524.20
2024-02-09 00:00:00,491.34,-704.10,379.94,75.54,300.28,-521.80
2024-02-09 01:00:00,-113.96,-730.67,1343.42,-128.55,-136.76,-539.20
2024-02-09 02:00:00,-317.66,-729.75,1059.82,-47.93,14.16,-457.40
2024-02-09 03:00:00,-713.27,-698.80,818.14,283.96,-144.91,-351.00
2024-02-09 04:00:00,-574.07,-722.53,737.70,-73.36,-48.84,-464.20
2024-02-09 05:00:00,-627.10,-730.85,788.67,-688.69,52.96,-269.00
2024-02-09 06:00:00,162.44,-731.24,863.25,-702.16,-1116.05,-401.30
2024-02-09 07:00:00,-67.26,-731.23,478.74,-697.48,-1043.70,-27.80
2024-02-09 08:00:00,-576.15,-731.07,1224.06,-702.18,-1448.17,-0.10
2024-02-09 09:00:00,-825.15,-731.22,1530.85,-702.33,-1457.23,0.00
2024-02-09 10:00:00,-823.75,-731.21,1349.76,-701.07,-1457.13,-0.20
2024-02-09 11:00:00,-954.65,-731.29,1292.44,-645.47,-1457.30,-12.40
2024-02-09 12:00:00,-365.66,-721.34,908.06,-695.21,-1453.53,-217.60
2024-02-09 13:00:00,-403.76,-554.37,215.25,-434.00,-1273.76,-291.60
2024-02-09 14:00:00,-112.87,-271.52,-357.53,-689.70,-960.77,-416.50
2024-02-09 15:00:00,-390.77,-465.46,-497.52,-387.46,-671.81,-301.80
2024-02-09 16:00:00,-167.89,-176.60,-448.18,-690.30,-866.02,-130.00
2024-02-09 17:00:00,223.10,-21.56,-577.18,-700.21,-1246.39,-184.00
2024-02-09 18:00:00,178.70,-211.70,-487.80,-652.08,-1298.20,-163.30
2024-02-09 19:00:00,-13.20,-220.56,-529.59,-700.93,-956.98,-165.60
2024-02-09 20:00:00,-50.80,-119.09,-582.83,-702.23,-1007.64,-41.10
2024-02-09 21:00:00,-51.30,-192.29,-770.18,-701.94,-1079.96,356.50
2024-02-09 22:00:00,78.50,-260.36,-517.04,-694.07,-1217.92,126.30
2024-02-09 23:00:00,-105.58,-166.77,-1124.79,-306.18,-742.30,232.80
2024-02-10 00:00:00,-51.17,-237.08,-580.23,-609.88,-766.55,277.70
2024-02-10 01:00:00,-139.00,-10.38,-818.59,-250.50,-1037.69,303.60
2024-02-10 02:00:00,-204.60,-13.75,-361.11,-373.71,-1361.70,226.00
2024-02-10 03:00:00,-111.90,125.46,-750.31,-692.05,-862.57,183.40
2024-02-10 04:00:00,-4.40,71.69,-1068.90,-550.89,-906.65,310.10
2024-02-10 05:00:00,82.80,44.26,-1316.38,-525.73,-893.07,477.70
2024-02-10 06:00:00,64.70,158.85,-1345.50,-544.11,-967.45,553.30
2024-02-10 07:00:00,-3.33,122.55,-807.53,-622.84,-839.04,139.70
2024-02-10 08:00:00,-50.49,157.50,-664.06,-698.38,-1024.83,378.90
2024-02-10 09:00:00,27.65,252.66,-485.07,-588.67,-1374.28,414.70
2024-02-10 10:00:00,-211.58,516.78,-559.71,-450.67,-1381.29,395.00
2024-02-10 11:00:00,-408.00,558.74,-311.01,-453.06,-1356.92,351.00
2024-02-10 12:00:00,-586.19,443.89,-52.05,-473.64,-1314.07,418.50
2024-02-10 13:00:00,-244.48,363.71,-766.64,-396.75,-957.48,411.40
2024-02-10 14:00:00,82.65,351.76,-1032.56,-435.22,-923.07,226.90
2024-02-10 15:00:00,71.95,253.92,-959.58,-475.45,-805.55,211.20
2024-02-10 16:00:00,-246.74,253.91,35.39,-697.26,-942.94,-40.50
2024-02-10 17:00:00,-268.40,356.51,-100.53,-702.28,-1430.83,504.90
2024-02-10 18:00:00,-15.47,480.33,-619.82,-702.13,-1456.72,520.60
2024-02-10 19:00:00,-64.67,423.41,-104.58,-693.70,-1457.50,154.70
2024-02-10 20:00:00,-189.38,562.63,-91.64,-702.12,-1457.30,280.80
2024-02-10 21:00:00,-85.68,314.40,-37.82,-702.34,-1456.84,353.60
2024-02-10 22:00:00,-144.78,571.59,200.45,-702.31,-1438.05,-102.50
2024-02-10 23:00:00,-439.90,222.79,400.90,-702.25,-1400.20,498.00
2024-02-11 00:00:00,-855.10,436.35,238.09,-701.34,-992.41,476.40
2024-02-11 01:00:00,-1257.30,547.75,327.93,-656.17,-804.14,551.90
2024-02-11 02:00:00,-1608.39,423.46,1002.22,-701.11,-800.16,524.70
2024-02-11 03:00:00,-1646.52,237.33,1253.57,-692.68,-800.11,508.90
2024-02-11 04:00:00,-1668.29,260.34,1133.56,-698.81,-800.26,571.30
2024-02-11 05:00:00,-1675.80,349.80,996.44,-537.69,-800.23,450.10
2024-02-11 06:00:00,-1321.12,523.72,557.13,-446.59,-807.05,73.80
2024-02-11 07:00:00,-907.04,-237.60,1099.44,-668.24,-1131.17,244.00
2024-02-11 08:00:00,-467.64,-344.87,960.14,-572.97,-1448.38,142.60
2024-02-11 09:00:00,-147.01,34.32,107.06,-554.68,-1352.18,194.00
2024-02-11 10:00:00,-289.71,537.53,-1085.55,-194.21,-869.36,109.50
2024-02-11 11:00:00,-100.31,653.00,-1274.43,-479.92,-801.32,214.90
2024-02-11 12:00:00,-96.00,590.53,-997.10,-387.69,-800.20,-42.00
2024-02-11 13:00:00,-95.40,476.83,-1263.07,-400.59,-797.91,429.00
2024-02-11 14:00:00,58.99,191.93,-734.00,-624.33,-699.26,207.20
2024-02-11 15:00:00,480.40,250.15,-859.11,-700.66,-778.77,74.10
2024-02-11 16:00:00,894.60,343.81,-1225.22,-702.23,-799.50,210.10
2024-02-11 17:00:00,988.70,315.77,-1529.08,-702.34,-800.08,524.00
2024-02-11 18:00:00,987.19,500.99,-1587.51,-702.26,-799.92,385.10
2024-02-11 19:00:00,733.66,702.31,-1537.23,-696.96,-800.11,508.90
2024-02-11 20:00:00,676.07,715.97,-1549.54,-439.33,-796.53,473.10
2024-02-11 21:00:00,979.47,716.01,-1774.22,-479.26,-761.55,588.20
2024-02-11 22:00:00,1093.84,712.72,-1708.43,-365.48,-791.33,587.90
2024-02-11 23:00:00,1364.94,669.30,-1699.28,-581.30,-645.13,582.50
2024-02-12 00:00:00,878.20,712.75,-1197.33,-413.70,-625.39,553.10
2024-02-12 01:00:00,926.60,716.07,-1152.98,-371.04,-641.71,574.60
2024-02-12 02:00:00,785.21,716.21,-747.96,-462.05,-623.55,586.20
2024-02-12 03:00:00,1108.85,716.02,-1163.71,-384.04,-505.60,578.10
2024-02-12 04:00:00,1475.36,715.91,-1439.43,-407.31,-340.14,434.60
2024-02-12 05:00:00,1629.48,714.37,-1997.79,184.66,-240.90,108.10
2024-02-12 06:00:00,1412.05,682.28,-1580.00,301.70,91.06,-310.30
2024-02-12 07:00:00,1088.31,534.48,-632.97,314.26,-187.94,-424.00
2024-02-12 08:00:00,971.30,662.30,-592.41,672.76,-319.09,-538.00
2024-02-12 09:00:00,839.30,606.37,-290.55,546.94,-146.41,-421.10
2024-02-12 10:00:00,677.20,453.83,42.80,678.34,-99.80,-539.60
2024-02-12 11:00:00,796.40,621.77,-286.09,570.69,-20.70,-373.50
2024-02-12 12:00:00,434.40,679.44,-22.10,1.47,264.42,-125.10
2024-02-12 13:00:00,610.70,547.03,-256.55,630.35,272.01,-582.90
2024-02-12 14:00:00,509.20,29.69,118.70,165.82,769.75,-589.10
2024-02-12 15:00:00,924.57,-0.50,-852.15,659.82,643.85,-543.60
2024-02-12 16:00:00,1480.57,47.06,-1400.95,599.17,780.27,-547.40
2024-02-12 17:00:00,1501.06,563.33,-1453.57,-8.88,774.47,-539.00
2024-02-12 18:00:00,1615.05,259.84,-1179.40,145.66,362.44,-503.50
2024-02-12 19:00:00,1624.61,462.12,-502.35,-480.44,87.98,-538.00
2024-02-12 20:00:00,1649.55,406.55,-600.26,50.80,-341.40,-532.70
2024-02-12 21:00:00,1635.01,379.58,-803.33,113.45,-359.58,-404.40
2024-02-12 22:00:00,1379.00,277.55,-654.83,-167.57,-229.60,-124.30
2024-02-12 23:00:00,1562.84,395.19,-739.58,-689.25,-55.54,212.00
2024-02-13 00:00:00,1331.13,433.65,-770.02,-599.33,-127.75,501.60
2024-02-13 01:00:00,931.30,125.33,-628.51,-296.33,-273.62,498.60
2024-02-13 02:00:00,453.80,222.89,-365.92,-256.18,-333.91,535.40
2024-02-13 03:00:00,72.80,344.17,-21.38,-187.25,-314.08,358.20
2024-02-13 04:00:00,265.80,347.66,99.34,-656.79,-177.64,387.80
2024-02-13 05:00:00,678.40,387.38,50.09,-701.59,-141.10,-114.50
2024-02-13 06:00:00,787.90,366.46,103.24,-690.60,-186.69,-562.00
2024-02-13 07:00:00,389.50,346.02,77.66,-383.97,-306.33,-573.00
2024-02-13 08:00:00,87.20,551.14,181.05,-109.27,-888.51,-302.50
2024-02-13 09:00:00,-366.30,457.78,422.47,515.46,-1397.24,-63.70
2024-02-13 10:00:00,-742.09,-3.97,1063.02,403.60,-1447.94,127.90
2024-02-13 11:00:00,-822.99,-244.15,1182.35,677.25,-1063.21,-519.60
2024-02-13 12:00:00,-775.59,-417.30,750.52,682.30,-897.98,-94.30
2024-02-13 13:00:00,-527.10,33.38,717.46,614.62,-1399.14,-121.70
2024-02-13 14:00:00,-134.70,556.34,-13.60,82.74,-1172.74,145.10
2024-02-13 15:00:00,-110.90,292.81,-642.35,612.18,-521.48,8.30
2024-02-13 16:00:00,-236.59,101.93,-868.42,682.36,45.98,96.00
2024-02-13 17:00:00,-135.39,257.33,-811.27,676.46,-290.08,124.60
2024-02-13 18:00:00,-90.69,394.48,-594.51,318.32,-471.54,199.20
2024-02-13 19:00:00,408.00,572.11,-278.51,-159.33,-1334.51,384.10
2024-02-13 20:00:00,743.63,672.70,71.00,-594.46,-1455.09,371.00
2024-02-13 21:00:00,980.36,576.45,-90.82,-390.13,-1450.17,385.40
2024-02-13 22:00:00,588.95,372.60,-9.44,-43.93,-1111.36,395.80
2024-02-13 23:00:00,199.05,-17.83,362.26,123.52,-806.89,555.70
2024-02-14 00:00:00,-8.54,-293.24,728.85,671.96,-800.17,458.00
2024-02-14 01:00:00,-419.04,-612.88,1604.30,683.55,-800.24,570.80
2024-02-14 02:00:00,-777.64,-725.43,2225.81,674.48,-800.13,554.30
2024-02-14 03:00:00,-403.24,-693.84,2298.82,221.64,-795.12,494.10
2024-02-14 04:00:00,6.36,-136.87,1750.94,-410.60,-544.37,356.70
2024-02-14 05:00:00,131.06,198.48,901.06,-561.07,-5.14,510.40
2024-02-14 06:00:00,485.46,653.68,527.94,-343.07,-83.18,-58.50
2024-02-14 07:00:00,438.16,663.20,1045.42,-555.21,-180.41,-167.60
2024-02-14 08:00:00,264.06,710.31,789.48,105.08,-734.54,314.90
2024-02-14 09:00:00,92.65,685.44,1264.17,178.49,-799.03,245.70
2024-02-14 10:00:00,190.85,600.03,842.00,667.04,-797.01,232.70
2024-02-14 11:00:00,135.95,319.40,1143.86,683.48,-635.02,120.20
2024-02-14 12:00:00,201.15,393.76,1297.98,683.67,-656.42,-85.90
2024-02-14 13:00:00,548.35,504.48,65.53,682.76,19.19,-105.70
2024-02-14 14:00:00,863.55,614.91,-545.54,639.53,120.79,-181.20
2024-02-14 15:00:00,1234.75,615.96,-1254.69,682.81,475.39,-376.30
2024-02-14 16:00:00,1607.16,478.32,-1610.78,673.88,615.93,-534.20
2024-02-14 17:00:00,1495.70,411.50,-617.09,185.08,184.62,-540.40
2024-02-14 18:00:00,1633.19,535.18,-322.80,-120.88,-305.03,-537.90
2024-02-14 19:00:00,1645.61,641.66,234.30,-160.10,-738.99,-462.10
2024-02-14 20:00:00,1646.13,711.76,42.60,-52.27,-696.70,-350.80
2024-02-14 21:00:00,1628.15,712.10,-349.32,536.97,-693.38,-473.30
2024-02-14 22:00:00,1256.60,644.39,379.24,159.51,-596.66,-528.30
2024-02-14 23:00:00,1007.19,529.88,447.13,610.74,-680.48,-508.00
2024-02-15 00:00:00,1020.39,512.30,542.67,665.22,-692.78,-446.50
2024-02-15 01:00:00,876.59,678.13,-313.61,569.69,344.95,-509.00
2024-02-15 02:00:00,851.70,619.79,-196.67,678.25,118.32,-482.10
2024-02-15 03:00:00,1076.60,201.77,-459.53,683.47,347.39,-485.50
2024-02-15 04:00:00,1418.75,544.56,-1542.23,678.34,582.13,-458.30
2024-02-15 05:00:00,1640.29,678.98,-2092.47,646.89,576.23,-229.70
2024-02-15 06:00:00,1655.13,304.48,-1785.52,681.82,665.23,-262.60
2024-02-15 07:00:00,1655.01,321.46,-1277.11,632.83,148.45,-138.20
2024-02-15 08:00:00,1653.02,335.55,-1128.48,681.45,10.96,-316.60
2024-02-15 09:00:00,1610.15,279.22,-845.71,621.41,-190.35,-109.10
2024-02-15 10:00:00,1441.06,386.66,-692.37,513.50,-218.45,12.10
2024-02-15 11:00:00,1051.28,692.54,-625.20,461.66,-382.95,286.60
2024-02-15 12:00:00,886.39,686.50,-637.34,671.11,-567.23,292.90
2024-02-15 13:00:00,1249.16,663.89,-1104.15,654.32,-132.26,-127.40
2024-02-15 14:00:00,1578.10,516.47,-1679.26,682.99,288.39,-350.30
2024-02-15 15:00:00,1491.16,536.50,-2294.40,682.70,659.66,-201.30
2024-02-15 16:00:00,1601.96,581.00,-2314.81,632.09,622.71,-391.50
2024-02-15 17:00:00,1651.52,706.66,-1890.38,682.46,-311.94,-473.10
2024-02-15 18:00:00,1646.89,714.73,-2167.35,679.70,-730.46,-229.80
2024-02-15 19:00:00,1508.53,701.19,-2356.25,483.87,-798.93,-4.80
2024-02-15 20:00:00,1173.15,714.86,-1940.64,255.23,-800.53,-39.30
2024-02-15 21:00:00,776.11,716.03,-1811.70,380.29,-800.58,-38.10
2024-02-15 22:00:00,332.10,679.23,-1495.67,453.74,-807.88,93.60
2024-02-15 23:00:00,-72.66,116.86,-22.43,382.87,-1142.14,140.20
2024-02-16 00:00:00,-79.00,-461.58,400.61,-134.00,-805.84,488.50
2024-02-16 01:00:00,-218.20,-580.85,-44.37,519.00,-673.92,477.60
2024-02-16 02:00:00,-558.30,-709.42,251.44,680.66,-462.76,235.20
2024-02-16 03:00:00,-617.90,-581.30,508.07,670.52,-832.70,263.60
2024-02-16 04:00:00,-403.00,-146.92,9.49,13.08,-637.46,469.40
2024-02-16 05:00:00,-23.90,507.51,-584.08,-28.45,-966.03,496.70
2024-02-16 06:00:00,384.11,673.97,-170.30,-309.69,-1284.58,275.50
2024-02-16 07:00:00,281.71,699.21,-87.50,-646.17,-1044.98,317.00
2024-02-16 08:00:00,-48.00,515.58,673.41,-701.59,-1443.24,566.60
2024-02-16 09:00:00,-120.80,671.87,784.50,-702.67,-1198.24,407.20
2024-02-16 10:00:00,-193.20,257.91,997.18,-702.62,-808.95,373.10
2024-02-16 11:00:00,-233.00,67.94,1145.97,-702.53,-800.49,306.70
2024-02-16 12:00:00,-220.40,-182.65,1314.92,-701.83,-812.96,378.80
2024-02-16 13:00:00,-68.30,508.83,1158.85,-662.02,-1411.25,350.50
2024-02-16 14:00:00,906.61,357.10,168.36,-701.53,-1431.11,400.50
2024-02-16 15:00:00,750.70,630.39,-147.90,-693.94,-1385.06,449.30
2024-02-16 16:00:00,670.30,711.23,-457.53,-702.43,-1455.90,580.60
2024-02-16 17:00:00,563.71,696.59,-841.89,-702.66,-1457.20,572.70
2024-02-16 18:00:00,502.81,386.34,-718.72,-702.62,-1457.61,354.10
2024-02-16 19:00:00,693.13,-171.42,-507.51,-702.57,-1457.40,293.10
2024-02-16 20:00:00,534.23,-337.87,-501.68,-702.51,-1457.32,568.80
2024-02-16 21:00:00,491.83,-515.40,-428.05,-702.60,-1457.20,585.30
2024-02-16 22:00:00,240.33,-389.56,-375.36,-702.46,-1457.35,545.80
2024-02-16 23:00:00,440.15,-526.07,-341.17,-702.58,-1456.88,546.40
2024-02-17 00:00:00,375.73,-535.30,-226.47,-702.49,-1457.18,582.00
2024-02-17 01:00:00,482.03,-343.06,-299.75,-701.80,-1456.96,587.90
2024-02-17 02:00:00,337.23,19.37,-233.15,-660.25,-1455.03,587.90
2024-02-17 03:00:00,252.10,392.26,-119.40,-701.20,-1453.98,587.90
2024-02-17 04:00:00,286.60,598.09,20.62,-693.75,-1304.12,587.90
2024-02-17 05:00:00,937.56,627.94,-258.43,-702.31,-1391.21,588.00
2024-02-17 06:00:00,1445.67,709.94,-350.46,-702.38,-1360.91,587.90
2024-02-17 07:00:00,1598.24,715.86,-404.53,-702.51,-1195.64,587.90
2024-02-17 08:00:00,1634.44,715.73,-149.55,-702.55,-1353.44,587.90
2024-02-17 09:00:00,1484.89,715.70,0.56,-702.57,-1357.04,587.90
2024-02-17 10:00:00,1451.99,715.80,-0.17,-702.63,-1355.10,587.80
2024-02-17 11:00:00,1163.90,715.67,176.35,-702.48,-1258.30,587.80
2024-02-17 12:00:00,1249.85,715.55,155.56,-700.99,-1202.20,516.50
2024-02-17 13:00:00,1608.39,715.61,-244.75,-609.21,-903.96,262.40
2024-02-17 14:00:00,1527.14,715.69,-1279.56,-103.14,46.23,96.60
2024-02-17 15:00:00,1605.88,715.67,-2223.20,569.80,768.04,-107.30
2024-02-17 16:00:00,1651.68,715.58,-2297.86,681.51,782.67,-208.90
2024-02-17 17:00:00,1654.50,687.54,-2058.50,684.01,759.08,-439.30
2024-02-17 18:00:00,1654.39,297.51,-1736.11,683.86,772.36,-419.00
2024-02-17 19:00:00,1654.50,591.64,-2046.64,683.92,293.14,-46.10
2024-02-17 20:00:00,1654.59,706.65,-2050.90,681.12,247.61,13.40
2024-02-17 21:00:00,1654.54,715.87,-2294.10,676.67,191.06,9.60
2024-02-17 22:00:00,1645.01,715.95,-2023.52,470.01,-29.67,-95.80
2024-02-17 23:00:00,1371.41,716.01,-2143.35,679.25,-138.10,-42.00
2024-02-18 00:00:00,932.19,716.13,-1958.40,678.54,-150.98,-120.60
2024-02-18 01:00:00,650.00,711.70,-1375.78,435.24,-151.38,-261.10
2024-02-18 02:00:00,649.70,636.31,-1634.26,676.30,-151.23,-259.10
2024-02-18 03:00:00,397.40,459.66,-1456.82,599.88,-151.34,-99.00
2024-02-18 04:00:00,251.30,-116.64,-844.37,418.93,-153.32,42.30
2024-02-18 05:00:00,91.80,-656.09,-578.26,508.95,-255.04,93.60
2024-02-18 06:00:00,-383.79,-101.32,-91.84,259.05,-774.08,234.60
2024-02-18 07:00:00,-665.99,-405.74,524.75,449.97,-1297.53,387.60
2024-02-18 08:00:00,-1112.39,-611.66,1085.12,-92.61,-811.17,501.00
2024-02-18 09:00:00,-1554.67,-527.60,1268.31,147.28,-800.13,578.80
2024-02-18 10:00:00,-1692.08,-583.50,1702.97,-43.08,-800.10,556.60
2024-02-18 11:00:00,-1649.91,-732.40,2339.75,87.85,-800.24,122.30
2024-02-18 12:00:00,-1039.08,-705.23,2403.93,57.78,-800.24,48.00
2024-02-18 13:00:00,-456.75,-314.76,1813.32,-222.77,-800.38,487.90
2024-02-18 14:00:00,-246.35,112.25,1640.25,-428.67,-812.83,526.10
2024-02-18 15:00:00,434.25,674.93,868.53,-282.00,-1390.22,583.60
2024-02-18 16:00:00,908.64,714.58,424.16,-363.63,-1216.31,584.30
2024-02-18 17:00:00,1487.91,715.23,214.74,-534.82,-1268.69,499.00
2024-02-18 18:00:00,1622.72,715.23,-639.00,-263.10,-1040.42,534.30
2024-02-18 19:00:00,1632.97,715.34,-549.89,-540.12,-805.74,382.60
2024-02-18 20:00:00,1486.79,715.36,-631.15,-494.61,-800.48,263.20
2024-02-18 21:00:00,1032.49,700.18,-418.75,-481.33,-800.63,66.50
2024-02-18 22:00:00,157.70,441.99,863.44,-697.54,-800.47,123.60
2024-02-18 23:00:00,-415.90,-90.93,2058.50,-702.59,-791.10,128.70
2024-02-19 00:00:00,-664.10,-650.84,2465.06,-697.94,-362.86,384.40
2024-02-19 01:00:00,-840.30,-715.35,2459.01,-475.35,-398.67,550.50
2024-02-19 02:00:00,-1002.29,-701.26,2548.98,-446.95,-357.51,553.80
2024-02-19 03:00:00,-766.18,-702.11,2380.61,-598.58,-78.13,428.70
2024-02-19 04:00:00,-506.79,-500.08,1371.38,58.69,359.99,-18.20
2024-02-19 05:00:00,325.30,-32.48,-134.84,-26.39,333.73,153.40
2024-02-19 06:00:00,644.81,310.55,50.82,-387.37,-138.88,72.10
2024-02-19 07:00:00,635.12,345.16,-102.38,-587.56,-12.97,137.90
2024-02-19 08:00:00,544.20,91.00,408.84,-398.46,-462.14,221.20
2024-02-19 09:00:00,714.13,346.46,-175.77,-86.87,-538.05,192.40
2024-02-19 10:00:00,712.90,4.34,470.91,5.88,-302.87,-320.00
2024-02-19 11:00:00,826.03,-220.07,4.32,663.05,-206.12,-437.30
2024-02-19 12:00:00,1341.92,-410.33,-98.64,667.78,-367.73,-515.70
2024-02-19 13:00:00,1567.61,-312.40,-550.10,523.48,-262.97,-539.00
2024-02-19 14:00:00,1327.47,55.88,-332.06,-142.50,17.68,-543.20
2024-02-19 15:00:00,1205.36,66.55,-133.51,-240.72,-74.74,-506.00
2024-02-19 16:00:00,1254.13,581.59,-1586.01,240.12,224.97,-285.60
2024-02-19 17:00:00,1172.22,343.10,-687.49,-265.83,-73.97,-107.50
2024-02-19 18:00:00,1327.21,432.85,-527.38,-296.55,-870.34,248.50
2024-02-19 19:00:00,1404.12,654.14,-486.03,-434.34,-1034.44,101.60
2024-02-19 20:00:00,1264.27,616.40,-582.26,-427.58,-863.24,77.80
2024-02-19 21:00:00,897.83,705.48,-720.26,-508.41,-853.05,388.90
2024-02-19 22:00:00,637.44,658.38,-362.26,-676.01,-1015.38,558.10
2024-02-19 23:00:00,777.05,519.70,-559.84,-685.88,-627.94,338.50
2024-02-20 00:00:00,816.46,479.59,-718.25,-700.21,-610.15,280.70
2024-02-20 01:00:00,633.12,552.78,-721.34,-607.45,-814.57,237.80
2024-02-20 02:00:00,319.71,624.57,-691.05,-698.17,-495.40,244.50
2024-02-20 03:00:00,144.30,482.76,-747.00,-594.74,-509.98,510.20
2024-02-20 04:00:00,541.44,251.86,-844.90,-696.12,-270.11,444.60
2024-02-20 05:00:00,861.95,621.37,-1102.18,-696.86,7.14,-15.90
2024-02-20 06:00:00,479.34,291.19,-750.36,-433.42,266.42,135.80
2024-02-20 07:00:00,244.14,662.48,-751.11,-645.43,238.81,407.70
2024-02-20 08:00:00,-171.07,514.73,78.85,-700.43,-79.70,462.80
2024-02-20 09:00:00,-681.88,675.67,884.08,-651.64,-646.93,263.00
2024-02-20 10:00:00,-456.78,568.83,563.79,-701.40,-605.40,199.70
2024-02-20 11:00:00,294.53,412.98,327.77,-699.49,-635.67,-96.40
2024-02-20 12:00:00,623.84,141.80,245.34,-547.20,-763.74,-207.50
2024-02-20 13:00:00,173.03,392.64,656.97,-572.41,-779.32,-327.20
2024-02-20 14:00:00,251.90,648.33,67.50,-613.80,-863.41,146.80
2024-02-20 15:00:00,258.90,680.53,139.75,-526.73,-701.62,-292.50
2024-02-20 16:00:00,338.80,534.63,-172.87,-230.46,-442.06,-472.90
2024-02-20 17:00:00,358.91,667.18,-104.94,-692.21,-846.04,-150.10
2024-02-20 18:00:00,124.80,682.45,-72.26,-702.51,-1393.37,-55.40
2024-02-20 19:00:00,300.41,211.05,54.49,-702.47,-1310.58,-59.90
2024-02-20 20:00:00,326.43,-176.60,160.28,-689.34,-1380.55,459.90
2024-02-20 21:00:00,161.04,-367.49,-32.29,-57.36,-1379.51,531.90
2024-02-20 22:00:00,152.44,-307.96,-11.01,-328.14,-1262.19,467.90
2024-02-20 23:00:00,92.93,-253.82,140.72,-506.24,-1305.63,576.20
2024-02-21 00:00:00,-324.47,-236.07,144.44,-287.47,-1303.60,585.70
2024-02-21 01:00:00,-750.66,-294.84,101.08,77.62,-1148.77,521.90
2024-02-21 02:00:00,-949.96,-616.24,4.28,282.83,-912.65,468.20
2024-02-21 03:00:00,-847.86,-440.62,227.56,-386.33,-937.32,514.40
2024-02-21 04:00:00,-896.26,-687.18,-96.20,-695.71,53.69,581.70
2024-02-21 05:00:00,-484.17,-339.66,-245.13,-702.62,-247.97,442.10
2024-02-21 06:00:00,47.32,105.69,-90.86,-702.55,-862.48,306.40
2024-02-21 07:00:00,486.60,657.76,-288.13,-702.57,-1377.52,386.60
2024-02-21 08:00:00,794.00,688.03,-221.60,-702.53,-1455.84,209.50
2024-02-21 09:00:00,831.30,560.16,-358.80,-702.55,-1457.38,557.00
2024-02-21 10:00:00,596.70,558.81,-64.86,-702.44,-1456.99,562.80
2024-02-21 11:00:00,321.80,661.08,208.83,-692.85,-1440.52,588.10
2024-02-21 12:00:00,404.20,706.45,92.79,-702.42,-1343.71,588.00
2024-02-21 13:00:00,716.40,627.78,41.17,-702.52,-1448.94,556.80
2024-02-21 14:00:00,1133.88,703.36,-7.19,-702.45,-1165.68,81.60
2024-02-21 15:00:00,1288.06,626.77,47.33,-689.30,-869.22,-461.50
2024-02-21 16:00:00,1276.04,669.50,-519.79,-623.43,-566.09,-407.70
2024-02-21 17:00:00,952.20,710.09,-74.01,-610.91,-941.69,-474.40
2024-02-21 18:00:00,525.20,636.04,119.20,-622.61,-1398.24,-335.70
2024-02-21 19:00:00,82.22,117.84,372.28,-464.50,-1456.38,40.10
2024-02-21 20:00:00,-367.46,-236.53,1300.04,-685.62,-1456.53,161.90
2024-02-21 21:00:00,-823.36,-386.03,887.34,-139.92,-1409.95,440.20
2024-02-21 22:00:00,-1274.42,-706.68,1297.36,-598.12,-652.62,496.20
2024-02-21 23:00:00,-1626.61,-676.47,1689.37,-512.91,-415.77,220.80
2024-02-22 00:00:00,-1670.26,-421.61,1648.02,-384.18,-250.12,-87.90
2024-02-22 01:00:00,-1275.12,-47.24,1049.04,-613.79,-440.73,188.60
2024-02-22 02:00:00,-822.94,-98.90,555.07,-352.45,-455.55,562.70
2024-02-22 03:00:00,-366.75,92.55,-123.83,-211.33,44.92,588.00
2024-02-22 04:00:00,175.78,666.98,-934.20,-247.83,282.91,587.50
2024-02-22 05:00:00,898.50,714.49,-935.28,-677.24,277.41,415.10
2024-02-22 06:00:00,1432.81,715.76,-799.27,-573.03,-215.60,274.10
2024-02-22 07:00:00,1557.10,715.81,-945.85,-681.25,-75.96,241.50
2024-02-22 08:00:00,1537.37,715.84,-154.25,-702.17,-977.89,301.10
2024-02-22 09:00:00,1648.83,701.47,294.20,-689.94,-1447.45,111.60
2024-02-22 10:00:00,1638.72,506.91,439.52,-91.44,-1457.12,-442.20
2024-02-22 11:00:00,1653.64,700.42,541.58,-531.09,-1456.95,-417.30
2024-02-22 12:00:00,1653.51,715.61,461.49,-698.95,-1457.49,-455.50
2024-02-22 13:00:00,1647.94,710.02,629.74,-702.48,-1457.19,-452.10
2024-02-22 14:00:00,1540.40,646.65,1135.02,-689.73,-1456.61,-595.20
2024-02-22 15:00:00,1114.11,706.68,622.84,-76.96,-1409.43,-490.70
2024-02-22 16:00:00,686.49,715.44,1098.62,-255.47,-1455.50,-379.80
2024-02-22 17:00:00,494.41,680.76,861.68,-594.28,-1418.17,-71.30
2024-02-22 18:00:00,-29.07,140.87,755.56,-545.54,-1409.45,313.70
2024-02-22 19:00:00,-668.77,-424.10,832.88,-660.78,-813.49,515.00
2024-02-22 20:00:00,-1141.36,-369.70,1094.78,-617.78,-800.26,451.90
2024-02-22 21:00:00,-1582.15,-281.83,1034.27,-447.66,-800.31,526.30
2024-02-22 22:00:00,-1687.33,-603.11,1489.25,-270.01,-800.33,361.70
2024-02-22 23:00:00,-1699.94,-200.69,1917.02,-649.17,-800.40,158.60
2024-02-23 00:00:00,-1700.37,-30.76,1996.74,-628.27,-798.40,-45.30
2024-02-23 01:00:00,-1700.75,180.70,1899.78,-553.36,-709.34,67.60
2024-02-23 02:00:00,-1698.13,107.06,2061.56,-387.99,-797.15,277.50
2024-02-23 03:00:00,-1655.88,-80.58,1638.08,277.14,-751.29,263.50
2024-02-23 04:00:00,-1644.81,197.04,1468.43,-4.12,-751.20,470.50
2024-02-23 05:00:00,-1366.50,652.84,781.76,-449.20,-811.44,391.50
2024-02-23 06:00:00,-786.75,583.00,739.38,-529.30,-1396.84,167.60
2024-02-23 07:00:00,-572.24,371.83,571.32,-698.54,-1404.06,162.90
2024-02-23 08:00:00,-772.82,138.25,304.00,-699.55,-1349.90,377.70
2024-02-23 09:00:00,-1046.22,-151.83,148.92,-565.98,-984.52,572.70
2024-02-23 10:00:00,-1211.56,-64.30,21.87,-651.41,-812.70,588.00
2024-02-23 11:00:00,-1415.45,215.33,-32.25,-372.42,-1223.37,588.00
2024-02-23 12:00:00,-1451.87,340.19,-2.39,-130.34,-1452.27,525.10
2024-02-23 13:00:00,-1034.51,254.75,-36.91,-332.79,-1456.83,581.90
2024-02-23 14:00:00,-684.52,185.51,57.01,-694.27,-1433.12,551.90
2024-02-23 15:00:00,-242.32,390.81,203.66,-702.37,-1456.52,236.30
2024-02-23 16:00:00,200.09,694.50,73.89,-702.21,-1457.13,336.00
2024-02-23 17:00:00,610.00,715.44,-221.92,-702.40,-1456.93,306.40
2024-02-23 18:00:00,1019.79,715.51,-800.98,-702.31,-1456.88,393.60
2024-02-23 19:00:00,990.89,715.61,-779.10,-702.36,-1457.13,443.80
2024-02-23 20:00:00,1296.34,715.65,-1021.28,-702.45,-1456.80,539.00
2024-02-23 21:00:00,1596.19,715.75,-1250.27,-702.41,-1457.03,473.50
2024-02-23 22:00:00,1633.50,715.86,-1228.03,-701.27,-1448.93,514.70
2024-02-23 23:00:00,1309.76,760.80,-887.01,-638.82,-1063.67,389.40
2024-02-24 00:00:00,1496.01,717.63,-1017.35,-637.60,-724.44,208.50
2024-02-24 01:00:00,1477.89,717.49,-721.07,-647.21,-666.29,97.20
2024-02-24 02:00:00,1642.04,717.35,-527.70,-693.77,-741.10,75.10
2024-02-24 03:00:00,1653.48,717.31,-695.36,-562.90,-714.40,15.10
2024-02-24 04:00:00,1653.52,717.25,-385.10,-637.19,-736.64,-178.10
2024-02-24 05:00:00,1653.46,716.98,-538.23,-701.31,-774.97,-43.80
2024-02-24 06:00:00,1651.07,716.96,-341.85,-702.68,-770.80,-63.60
2024-02-24 07:00:00,1608.43,716.85,264.69,-698.71,-1212.68,-84.50
2024-02-24 08:00:00,1563.33,680.12,641.77,-702.48,-1438.68,-1.40
2024-02-24 09:00:00,1083.16,118.20,809.12,-702.55,-814.51,486.30
2024-02-24 10:00:00,721.69,-259.94,1400.30,-698.29,-800.34,535.90
2024-02-24 11:00:00,262.50,-406.14,1772.74,-482.40,-800.25,584.30
2024-02-24 12:00:00,-274.30,-417.68,2280.81,-321.37,-800.31,574.30
2024-02-24 13:00:00,79.90,-488.06,2441.01,-693.17,-800.30,427.20
2024-02-24 14:00:00,510.90,40.80,1236.12,-661.11,-797.79,354.10
2024-02-24 15:00:00,943.00,523.52,547.13,-701.41,-752.56,15.10
2024-02-24 16:00:00,1117.84,705.31,308.64,-700.58,-799.39,47.60
2024-02-24 17:00:00,1622.34,715.33,313.32,-700.11,-800.19,-17.60
2024-02-24 18:00:00,1640.50,715.53,-872.21,-572.04,-800.53,210.30
2024-02-24 19:00:00,1582.66,715.31,-1019.04,-40.88,-807.94,260.50
2024-02-24 20:00:00,1655.18,715.46,-401.16,-501.05,-1162.14,454.80
2024-02-24 21:00:00,1612.55,715.49,-684.63,-512.57,-1173.53,576.90
2024-02-24 22:00:00,1126.84,715.76,-270.66,-360.63,-819.34,536.90
2024-02-24 23:00:00,1407.36,715.95,35.94,-532.84,-1321.84,431.40
2024-02-25 00:00:00,964.85,716.03,112.00,-399.76,-1423.88,544.70
2024-02-25 01:00:00,1104.65,716.19,-8.42,-695.80,-1122.17,517.70
2024-02-25 02:00:00,1345.87,716.03,-361.64,-702.45,-874.31,565.30
2024-02-25 03:00:00,1609.63,716.22,-695.52,-702.47,-801.30,555.20
2024-02-25 04:00:00,1529.97,716.02,-566.70,-702.65,-784.56,537.00
2024-02-25 05:00:00,1484.36,716.16,-293.08,-702.48,-1047.64,496.10
2024-02-25 06:00:00,1349.20,716.15,13.55,-702.48,-1188.04,474.40
2024-02-25 07:00:00,1190.89,716.13,253.58,-697.67,-1262.21,363.60
2024-02-25 08:00:00,904.79,716.08,822.86,-699.76,-1346.59,176.10
2024-02-25 09:00:00,851.99,702.02,452.21,-574.94,-952.30,320.90
2024-02-25 10:00:00,960.09,464.77,655.31,-664.29,-803.48,563.50
2024-02-25 11:00:00,807.89,-116.70,1429.80,-334.26,-800.32,503.20
2024-02-25 12:00:00,1160.56,-654.54,2117.30,-489.65,-800.27,321.50
2024-02-25 13:00:00,1351.54,-118.28,945.05,-47.17,-800.59,418.20
2024-02-25 14:00:00,1630.05,462.82,301.52,-542.66,-800.00,409.40
2024-02-25 15:00:00,1639.90,699.36,-185.79,-231.29,-763.03,290.50
2024-02-25 16:00:00,1524.50,685.40,-193.74,-321.70,-182.19,176.30
2024-02-25 17:00:00,1599.19,689.30,-405.14,-298.61,-13.53,120.30
2024-02-25 18:00:00,1483.17,713.93,-605.00,373.70,-363.04,18.70
2024-02-25 19:00:00,1639.94,715.55,-1136.56,677.53,-371.68,-24.30
2024-02-25 20:00:00,1653.95,715.43,-1641.26,672.01,-50.49,-64.50
2024-02-25 21:00:00,1638.23,715.59,-685.90,93.58,-182.12,-188.40
2024-02-25 22:00:00,1480.33,715.89,-787.69,217.46,-77.13,-9.00
2024-02-25 23:00:00,1623.58,715.72,-433.73,74.65,-130.30,-16.60
2024-02-26 00:00:00,1646.00,716.12,-906.39,487.88,-129.44,-12.10
2024-02-26 01:00:00,1571.32,716.13,-1070.45,668.62,-122.61,-0.30
2024-02-26 02:00:00,1450.76,716.19,-526.91,162.73,-70.42,-6.50
2024-02-26 03:00:00,1479.59,716.08,-1221.42,669.02,123.32,-74.00
2024-02-26 04:00:00,1557.07,715.99,-1206.69,550.73,-6.93,-2.70
2024-02-26 05:00:00,1415.39,699.43,-1676.86,680.31,467.98,-38.30
2024-02-26 06:00:00,1612.27,472.74,-893.79,677.34,264.27,-319.60
2024-02-26 07:00:00,1338.22,649.97,-183.74,377.42,201.23,-508.40
2024-02-26 08:00:00,1487.92,688.31,-513.22,416.73,-92.62,-443.30
2024-02-26 09:00:00,1398.84,713.49,-771.68,285.23,-172.44,-163.10
2024-02-26 10:00:00,1368.43,715.52,-1047.66,171.62,-110.92,4.30
2024-02-26 11:00:00,1635.67,715.76,-1213.13,102.94,-301.86,167.80
2024-02-26 12:00:00,1654.93,715.80,-1115.67,147.78,-426.32,144.20
2024-02-26 13:00:00,1654.88,715.98,-821.58,105.89,-219.98,-340.50
2024-02-26 14:00:00,1654.91,716.05,-1427.65,481.08,-294.13,-214.40
2024-02-26 15:00:00,1654.91,697.70,-1721.54,679.05,8.61,-243.80
2024-02-26 16:00:00,1653.32,437.31,-1023.06,683.10,84.05,-421.60
2024-02-26 17:00:00,1631.66,489.14,-731.61,665.87,-232.40,-336.40
2024-02-26 18:00:00,1644.13,529.83,-176.22,638.65,-788.48,-430.90
2024-02-26 19:00:00,1652.21,700.51,-649.53,679.58,-800.19,-156.30
2024-02-26 20:00:00,1628.25,680.80,-685.44,640.31,-776.70,-7.60
2024-02-26 21:00:00,1652.92,707.86,-643.82,546.27,-799.15,-55.00
2024-02-26 22:00:00,1655.02,636.69,-246.23,153.04,-748.98,-21.40
2024-02-26 23:00:00,1655.07,603.32,136.22,355.32,-611.28,-362.20
2024-02-27 00:00:00,1653.32,577.40,9.44,492.70,-579.51,-359.10
2024-02-27 01:00:00,1634.02,683.52,131.08,331.43,-572.49,-422.40
2024-02-27 02:00:00,1654.00,714.44,-720.80,604.58,-124.10,-286.90
2024-02-27 03:00:00,1655.20,716.07,-1273.06,682.05,191.95,-135.10
2024-02-27 04:00:00,1655.30,716.05,-1751.81,683.49,565.77,-106.60
2024-02-27 05:00:00,1654.80,700.97,-1977.53,683.56,776.48,-78.60
2024-02-27 06:00:00,1654.76,494.23,-1421.02,683.66,682.92,-154.40
2024-02-27 07:00:00,1648.25,692.96,-1755.39,682.21,611.85,-36.20
2024-02-27 08:00:00,1630.05,696.07,-1444.95,619.05,684.81,-317.70
2024-02-27 09:00:00,1605.32,693.84,-1863.41,682.16,684.80,58.60
2024-02-27 10:00:00,1651.72,714.04,-1652.38,683.50,618.58,-85.20
2024-02-27 11:00:00,1655.05,715.83,-1746.76,683.33,779.54,-218.30
2024-02-27 12:00:00,1654.94,716.06,-1646.49,683.41,783.20,-350.90
2024-02-27 13:00:00,1655.45,704.16,-1915.23,683.62,782.17,-192.60
2024-02-27 14:00:00,1655.30,542.22,-1654.21,683.40,783.18,-496.10
2024-02-27 15:00:00,1655.21,703.16,-1975.88,683.53,782.45,-452.90
2024-02-27 16:00:00,1655.05,667.91,-1855.72,680.65,743.59,-503.40
2024-02-27 17:00:00,1655.19,710.85,-1824.67,527.53,485.54,-372.20
2024-02-27 18:00:00,1655.20,715.27,-1904.87,350.83,304.28,-246.20
2024-02-27 19:00:00,1655.17,715.40,-1806.63,-50.10,268.69,-88.10
2024-02-27 20:00:00,1654.95,715.35,-1753.46,-234.93,239.58,-123.10
2024-02-27 21:00:00,1654.74,715.49,-2413.95,101.46,133.31,-171.80
2024-02-27 22:00:00,1655.03,715.79,-2105.02,216.79,-152.41,-382.50
2024-02-27 23:00:00,1654.96,715.86,-1835.67,-160.85,-192.73,-115.10
2024-02-28 00:00:00,1655.09,715.98,-2102.08,-11.56,-433.79,-64.70
2024-02-28 01:00:00,1654.80,715.94,-1996.31,-2.65,-488.10,-273.10
2024-02-28 02:00:00,1654.89,715.99,-1953.77,77.54,-678.26,-346.40
2024-02-28 03:00:00,1655.27,716.01,-1920.67,-215.37,-603.73,-251.30
2024-02-28 04:00:00,1655.11,716.05,-2202.35,59.23,-317.08,-404.80
2024-02-28 05:00:00,1655.15,710.11,-2344.18,668.21,-461.60,-487.60
2024-02-28 06:00:00,1627.68,605.26,-2148.43,562.87,53.24,-494.50
2024-02-28 07:00:00,1216.48,362.49,-696.85,-106.31,61.80,-432.00
2024-02-28 08:00:00,850.30,690.30,-495.84,-456.19,104.95,-235.40
2024-02-28 09:00:00,825.60,715.60,-383.86,-668.59,159.90,-143.00
2024-02-28 10:00:00,830.02,715.74,-191.15,-670.58,-201.23,-178.40
2024-02-28 11:00:00,905.94,715.93,-251.93,-542.27,-395.16,-458.90
2024-02-28 12:00:00,1014.44,716.04,-163.52,-698.87,-351.71,-454.60
2024-02-28 13:00:00,1275.85,692.04,-488.00,-702.50,-362.10,-388.30
2024-02-28 14:00:00,1599.12,554.42,-581.38,-693.57,-204.56,-498.60
2024-02-28 15:00:00,1652.20,712.71,-2060.00,-238.15,637.09,-372.50
2024-02-28 16:00:00,1654.57,709.81,-2429.49,310.34,644.90,-286.60
2024-02-28 17:00:00,1654.52,563.80,-2281.46,671.86,410.53,-505.40
2024-02-28 18:00:00,1654.41,639.92,-2278.37,481.15,-142.02,-383.60
2024-02-28 19:00:00,1654.48,708.90,-2215.01,210.65,-476.01,-301.90
2024-02-28 20:00:00,1633.24,710.04,-2157.80,-19.70,-384.45,-331.00
2024-02-28 21:00:00,1301.04,622.61,-2013.30,-572.99,-232.88,40.90
2024-02-28 22:00:00,838.61,484.85,-1932.27,-698.78,-43.34,193.10
2024-02-28 23:00:00,-21.98,699.68,-37.45,-701.48,-1238.16,274.10
2024-02-29 00:00:00,-447.65,683.26,54.31,-701.51,-1283.32,364.20
2024-02-29 01:00:00,-344.44,172.59,34.51,-701.44,-1211.62,476.40
2024-02-29 02:00:00,-477.56,-121.37,79.75,-701.36,-900.66,540.60
2024-02-29 03:00:00,-746.83,-46.10,35.85,-701.64,-738.19,584.60
2024-02-29 04:00:00,-413.85,143.14,34.64,-701.29,-1265.69,586.00
2024-02-29 05:00:00,-218.15,455.46,-57.62,-701.48,-1453.18,398.20
2024-02-29 06:00:00,-145.86,610.73,1.89,-701.51,-1453.30,388.20
2024-02-29 07:00:00,-221.66,715.33,77.05,-701.22,-1457.03,395.50
2024-02-29 08:00:00,-365.96,715.39,75.23,-701.15,-1456.26,578.10
2024-02-29 09:00:00,-412.97,715.61,1.08,-701.21,-1456.09,563.50
2024-02-29 10:00:00,-416.26,715.61,100.47,-701.27,-1456.23,588.10
2024-02-29 11:00:00,-288.48,715.91,214.24,-701.21,-1456.28,588.10
2024-02-29 12:00:00,-101.10,716.13,152.29,-701.17,-1457.34,588.10
2024-02-29 13:00:00,-48.79,716.19,39.19,-701.28,-1457.43,588.00
2024-02-29 14:00:00,165.61,716.20,-40.62,-701.25,-1457.25,588.00
2024-02-29 15:00:00,322.91,676.99,80.56,-701.28,-1457.39,574.40
2024-02-29 16:00:00,514.29,709.38,-70.66,-701.26,-1457.11,393.00
2024-02-29 17:00:00,740.49,703.03,-37.08,-701.16,-1457.22,219.70
2024-02-29 18:00:00,393.82,529.60,30.07,-701.33,-1457.33,561.50
2024-02-29 19:00:00,376.22,625.39,31.02,-701.09,-1457.17,588.10
2024-02-29 20:00:00,310.22,703.09,96.10,-701.45,-1457.27,588.00
2024-02-29 21:00:00,425.62,618.54,11.18,-701.58,-1457.34,587.90
2024-02-29 22:00:00,162.32,626.96,69.26,-701.51,-1457.34,588.00
2024-02-29 23:00:00,540.43,205.39,113.83,-698.87,-1456.78,582.00
2024-03-01 00:00:00,628.42,149.02,-94.17,-575.54,-1457.48,510.10
2024-03-01 01:00:00,535.52,323.75,-277.67,-479.39,-1456.54,502.80
2024-03-01 02:00:00,656.72,263.30,-203.68,-638.13,-1411.35,467.20
2024-03-01 03:00:00,682.22,241.33,-182.38,-699.36,-1452.90,520.80
2024-03-01 04:00:00,678.42,292.56,-438.31,-697.87,-1289.41,567.80
2024-03-01 05:00:00,906.80,680.00,-851.59,-561.35,-1412.14,442.20
2024-03-01 06:00:00,1211.63,714.73,-750.46,-699.48,-1456.31,222.00
2024-03-01 07:00:00,1116.69,715.15,-688.70,-702.70,-1457.50,102.00
2024-03-01 08:00:00,1387.18,715.17,-782.42,-701.20,-1456.88,-47.10
2024-03-01 09:00:00,1389.47,715.17,-938.87,-624.93,-1454.29,-76.50
2024-03-01 10:00:00,1090.78,683.66,-1252.30,-0.01,-1293.88,-157.50
2024-03-01 11:00:00,1361.10,234.74,-2059.12,663.78,-810.78,-115.70
2024-03-01 12:00:00,1606.71,625.31,-2337.13,683.35,-792.41,-34.50
2024-03-01 13:00:00,1623.17,714.46,-2505.14,678.07,-422.70,-265.50
2024-03-01 14:00:00,1622.96,700.52,-2326.31,427.36,-37.21,-442.50
2024-03-01 15:00:00,1623.32,556.02,-2318.59,570.26,362.53,-569.30
2024-03-01 16:00:00,1623.31,709.11,-2444.49,443.49,365.99,-474.10
2024-03-01 17:00:00,1623.11,715.48,-1583.79,241.48,-193.52,-438.10
2024-03-01 18:00:00,1623.26,715.39,-1123.47,83.45,-787.56,-205.50
2024-03-01 19:00:00,1623.01,715.32,-1324.21,39.46,-809.94,-43.10
2024-03-01 20:00:00,1623.22,697.19,-606.27,112.99,-1263.41,-460.90
2024-03-01 21:00:00,1623.36,432.70,-883.24,664.80,-1375.72,-576.70
2024-03-01 22:00:00,1623.79,391.11,-1375.61,679.72,-1074.47,-272.00
2024-03-01 23:00:00,1622.40,693.20,-1001.35,682.38,-1387.67,-507.40
2024-03-02 00:00:00,1600.95,715.40,-1652.41,675.36,-813.21,-387.80
2024-03-02 01:00:00,1560.73,715.57,-1579.93,321.38,-806.04,-374.60
2024-03-02 02:00:00,1499.47,715.68,-1272.53,99.30,-1075.64,-217.40
2024-03-02 03:00:00,1256.45,713.51,-981.84,-258.02,-1128.48,-196.30
2024-03-02 04:00:00,878.52,672.97,-556.21,-679.72,-1076.03,-83.60
2024-03-02 05:00:00,1180.05,533.50,-1158.12,-566.43,-805.91,-173.80
2024-03-02 06:00:00,1595.72,531.10,-1620.75,-434.84,-789.76,-137.10
2024-03-02 07:00:00,1623.94,703.34,-1624.05,-60.61,-799.98,-433.00
2024-03-02 08:00:00,1623.92,715.58,-2049.11,606.73,-792.75,-566.00
2024-03-02 09:00:00,1623.42,710.60,-1949.41,682.25,-800.22,-479.30
2024-03-02 10:00:00,1595.79,592.89,-1864.33,683.47,-800.43,-190.90
2024-03-02 11:00:00,1175.14,-278.90,104.52,683.44,-800.60,-493.80
2024-03-02 12:00:00,783.69,-606.38,782.64,683.48,-800.45,-229.50
2024-03-02 13:00:00,1173.23,-44.61,-91.42,671.74,-800.63,-401.90
2024-03-02 14:00:00,1594.79,325.72,-773.24,99.81,-794.90,59.80
2024-03-02 15:00:00,1623.09,389.50,-566.53,-327.48,-531.83,34.10
2024-03-02 16:00:00,1622.76,660.19,-847.14,-176.16,-359.96,-161.70
2024-03-02 17:00:00,1623.39,283.06,-124.40,-665.75,-534.16,-31.90
2024-03-02 18:00:00,1623.65,98.42,-250.23,-435.10,-808.24,-154.80
2024-03-02 19:00:00,1623.27,120.77,298.58,-283.12,-1443.66,-363.00
2024-03-02 20:00:00,1613.48,108.05,612.12,-543.47,-1457.67,-525.90
2024-03-02 21:00:00,1487.97,94.91,163.50,-230.15,-1457.75,-460.90
2024-03-02 22:00:00,1075.27,-211.35,175.07,-36.66,-1444.23,-73.60
2024-03-02 23:00:00,815.90,-335.61,39.60,-464.36,-814.49,352.60
2024-03-03 00:00:00,399.50,-17.38,366.18,-697.42,-800.59,559.80
2024-03-03 01:00:00,20.93,523.24,283.01,-702.50,-800.57,347.30
2024-03-03 02:00:00,135.23,524.53,39.69,-702.57,-804.25,409.30
2024-03-03 03:00:00,342.71,658.81,-84.20,-702.52,-988.18,339.30
2024-03-03 04:00:00,443.93,515.72,603.56,-702.41,-1399.03,134.10
2024-03-03 05:00:00,146.83,623.36,742.97,-702.58,-1409.36,145.80
2024-03-03 06:00:00,257.42,698.70,641.96,-702.44,-1442.84,261.40
2024-03-03 07:00:00,131.03,659.44,113.29,-702.56,-814.48,351.90
2024-03-03 08:00:00,12.54,350.34,369.11,-702.50,-800.47,454.80
2024-03-03 09:00:00,-19.49,2.15,779.17,-702.55,-800.45,541.90
2024-03-03 10:00:00,-135.70,-126.11,985.27,-701.84,-800.49,497.90
2024-03-03 11:00:00,86.71,-8.56,849.55,-665.91,-800.50,354.60
2024-03-03 12:00:00,-120.60,-117.02,1149.35,-228.44,-800.52,81.90
2024-03-03 13:00:00,279.50,-210.73,426.72,-34.66,-808.49,288.70
2024-03-03 14:00:00,726.30,-31.74,422.69,-522.20,-1187.50,352.30
2024-03-03 15:00:00,1171.52,667.60,-968.68,-688.46,-1144.46,549.40
2024-03-03 16:00:00,1571.42,715.82,-1665.48,-211.10,-813.30,240.50
2024-03-03 17:00:00,1621.68,710.20,-1155.93,-688.75,-1072.69,224.80
2024-03-03 18:00:00,1623.31,630.00,-821.08,-561.19,-1442.03,90.20
2024-03-03 19:00:00,1623.24,709.82,-1610.54,-325.17,-1112.11,341.00
2024-03-03 20:00:00,1623.21,716.02,-1400.88,-693.08,-826.47,358.40
2024-03-03 21:00:00,1623.38,715.94,-1693.94,-645.64,-800.88,525.40
2024-03-03 22:00:00,1623.57,715.91,-1622.16,-688.27,-800.53,545.10
2024-03-03 23:00:00,1623.24,716.01,-1510.53,-631.04,-800.49,553.10
2024-03-04 00:00:00,1623.52,716.11,-1389.22,-691.41,-800.54,467.50
2024-03-04 01:00:00,1623.37,715.94,-1637.71,-653.27,-800.22,524.10
2024-03-04 02:00:00,1623.39,715.92,-1633.27,-371.04,-785.59,389.50
2024-03-04 03:00:00,1623.43,715.95,-1587.03,-516.11,-633.28,456.40
2024-03-04 04:00:00,1623.20,715.80,-2004.18,-236.64,-499.15,558.80
2024-03-04 05:00:00,1623.15,715.89,-2031.74,-522.38,-441.69,585.30
2024-03-04 06:00:00,1623.68,706.68,-2305.38,58.71,-538.66,556.10
2024-03-04 07:00:00,1624.05,601.11,-1917.73,-67.39,-693.10,504.50
2024-03-04 08:00:00,1624.20,705.89,-1935.33,-493.98,-786.58,585.80
2024-03-04 09:00:00,1624.24,664.67,-2316.54,-70.02,-800.07,588.00
2024-03-04 10:00:00,1562.33,703.29,-2320.24,-392.44,-800.30,588.00
2024-03-04 11:00:00,1251.72,577.52,-2140.71,-690.54,-800.15,541.40
2024-03-04 12:00:00,805.58,567.89,-1970.06,-448.56,-800.48,581.80
2024-03-04 13:00:00,1080.28,584.94,-1907.93,-696.71,-800.38,585.80
2024-03-04 14:00:00,1132.38,597.70,-1802.76,-702.38,-800.51,576.90
2024-03-04 15:00:00,1199.12,558.84,-1860.19,-702.47,-800.34,588.00
2024-03-04 16:00:00,1595.30,408.24,-2140.93,-702.51,-800.32,588.10
2024-03-04 17:00:00,1606.13,510.65,-2129.36,-702.42,-806.06,520.90
2024-03-04 18:00:00,1335.20,615.25,-1706.86,-702.58,-1082.30,342.80
2024-03-04 19:00:00,967.59,709.16,-909.46,-702.44,-1447.73,119.60
2024-03-04 20:00:00,886.58,712.85,-773.73,-702.55,-1453.84,257.90
2024-03-04 21:00:00,661.36,714.68,-929.96,-702.38,-1290.37,518.10
2024-03-04 22:00:00,554.15,710.57,-809.54,-702.49,-1393.53,453.10
2024-03-04 23:00:00,211.46,641.37,-785.15,-702.47,-865.81,298.60
2024-03-05 00:00:00,109.18,656.23,-795.25,-702.47,-922.36,405.80
2024-03-05 01:00:00,274.50,659.34,-748.94,-702.44,-1301.24,576.40
2024-03-05 02:00:00,374.26,520.50,-836.35,-702.35,-1238.92,580.20
2024-03-05 03:00:00,485.95,534.36,-880.31,-702.46,-1306.49,507.40
2024-03-05 04:00:00,471.48,618.32,-897.26,-702.46,-1405.98,582.30
2024-03-05 05:00:00,465.96,566.19,-675.06,-702.39,-1456.33,564.70
2024-03-05 06:00:00,58.07,478.58,-85.69,-702.41,-1457.37,475.20
2024-03-05 07:00:00,66.59,181.75,63.55,-702.45,-1457.31,377.10
2024-03-05 08:00:00,69.17,496.03,34.41,-702.36,-1457.25,217.80
2024-03-05 09:00:00,268.90,342.33,-58.44,-702.29,-1457.19,341.00
2024-03-05 10:00:00,348.91,292.23,-62.64,-702.20,-1457.58,267.30
2024-03-05 11:00:00,297.72,237.53,-2.72,-702.26,-1457.37,296.40
2024-03-05 12:00:00,-3.13,497.39,-31.50,-702.27,-1457.36,349.70
2024-03-05 13:00:00,94.18,375.75,-65.89,-702.31,-1457.25,438.40
2024-03-05 14:00:00,198.77,583.43,-14.63,-702.25,-1457.33,349.80
2024-03-05 15:00:00,621.80,567.58,41.49,-702.37,-1457.20,352.30
2024-03-05 16:00:00,1068.81,595.51,-116.34,-702.37,-1457.23,341.50
2024-03-05 17:00:00,1496.80,592.94,-496.65,-702.39,-1457.10,283.00
2024-03-05 18:00:00,1616.63,503.21,-827.53,-702.50,-1456.08,431.00
2024-03-05 19:00:00,1622.88,569.00,-1426.22,-522.70,-1399.15,525.30
2024-03-05 20:00:00,1623.05,706.22,-1585.12,-577.66,-1382.91,513.50
2024-03-05 21:00:00,1622.68,715.90,-1523.14,-286.23,-1435.30,153.00
2024-03-05 22:00:00,1622.79,715.83,-1802.49,-156.57,-1202.14,-66.30
2024-03-05 23:00:00,1622.92,609.03,-1752.09,170.68,-808.77,-77.90
2024-03-06 00:00:00,1623.15,578.83,-1544.47,123.42,-783.62,122.00
2024-03-06 01:00:00,1623.40,706.47,-1263.29,33.53,-768.12,-48.00
2024-03-06 02:00:00,1623.23,715.94,-1434.71,16.95,-689.18,-115.80
2024-03-06 03:00:00,1623.27,710.09,-1335.13,7.88,-581.72,-144.10
2024-03-06 04:00:00,1623.26,617.60,-1919.78,-92.00,-147.22,-15.90
2024-03-06 05:00:00,1621.79,527.47,-2277.57,113.04,261.50,-84.00
2024-03-06 06:00:00,1603.60,587.62,-2023.09,283.98,77.52,-0.90
2024-03-06 07:00:00,1610.77,614.00,-1317.45,65.80,-302.88,63.10
2024-03-06 08:00:00,1465.63,607.52,-1020.84,231.77,-297.45,-105.40
2024-03-06 09:00:00,1612.35,612.47,-1583.09,673.73,-230.58,-48.90
2024-03-06 10:00:00,1623.15,662.33,-1250.88,682.31,-217.53,-213.70
2024-03-06 11:00:00,1623.37,713.91,-1454.06,624.79,-213.14,-116.40
2024-03-06 12:00:00,1623.30,716.04,-634.71,530.76,-239.99,-396.30
2024-03-06 13:00:00,1623.59,716.04,-1249.04,678.82,-104.63,-16.90
2024-03-06 14:00:00,1623.81,715.98,-1350.05,626.04,-143.34,24.10
2024-03-06 15:00:00,1623.85,716.02,-2136.66,682.43,509.38,30.10
2024-03-06 16:00:00,1623.83,714.16,-2103.11,681.98,766.43,-43.20
2024-03-06 17:00:00,1623.66,573.72,-1624.82,603.52,238.44,-5.90
2024-03-06 18:00:00,1622.97,499.50,-1288.86,350.28,-156.14,53.20
2024-03-06 19:00:00,1610.64,318.18,-354.51,-15.85,-220.40,-304.60
2024-03-06 20:00:00,1622.84,620.82,-326.04,-188.73,-93.45,-334.80
2024-03-06 21:00:00,1623.89,703.58,-769.32,150.49,-556.07,155.20
2024-03-06 22:00:00,1623.91,709.03,-703.81,-179.81,-234.85,-22.80
2024-03-06 23:00:00,1623.83,715.07,-507.56,-646.93,-84.67,329.70
2024-03-07 00:00:00,1623.86,715.58,-546.13,-542.67,-86.81,413.30
2024-03-07 01:00:00,1624.10,715.59,-216.45,-521.67,-112.37,110.00
2024-03-07 02:00:00,1623.68,715.58,-716.27,41.57,-86.83,11.40
2024-03-07 03:00:00,1623.82,715.56,-754.02,69.63,-81.37,-65.60
2024-03-07 04:00:00,1623.81,653.34,-757.65,65.90,-71.83,-323.70
2024-03-07 05:00:00,1596.64,457.07,-434.26,-357.04,138.19,-218.10
2024-03-07 06:00:00,1197.62,170.79,292.85,-47.00,-80.14,-229.10
2024-03-07 07:00:00,1059.42,459.73,866.20,-381.39,-229.14,-575.90
2024-03-07 08:00:00,1238.48,640.02,757.41,62.98,-1064.51,-575.40
2024-03-07 09:00:00,1038.43,712.77,78.06,444.20,-1020.40,-184.00
2024-03-07 10:00:00,857.00,716.03,212.75,453.14,-959.15,-185.40
2024-03-07 11:00:00,487.40,712.74,373.54,678.29,-893.59,-234.70
2024-03-07 12:00:00,393.00,668.82,552.92,677.81,-1139.26,-188.00
2024-03-07 13:00:00,976.43,712.27,-374.90,407.04,-876.29,-165.20
2024-03-07 14:00:00,1421.59,715.64,-515.57,-46.20,-619.24,-206.70
2024-03-07 15:00:00,1611.22,711.97,-1329.55,188.86,216.09,-380.10
2024-03-07 16:00:00,1616.12,658.56,-1500.81,642.47,270.20,-324.30
2024-03-07 17:00:00,1536.99,645.79,-1429.16,682.48,436.23,-441.40
2024-03-07 18:00:00,1548.42,397.81,-588.05,655.69,-236.13,-512.00
2024-03-07 19:00:00,1615.92,131.98,224.73,224.77,-790.20,-228.10
2024-03-07 20:00:00,1623.55,675.32,-394.70,673.28,-783.03,-455.70
2024-03-07 21:00:00,1623.47,699.34,-700.24,683.37,-784.40,-459.20
2024-03-07 22:00:00,1623.36,460.30,-864.50,683.41,-446.41,-294.40
2024-03-07 23:00:00,1623.29,218.25,-1002.37,683.27,152.90,-431.10
2024-03-08 00:00:00,1620.53,357.09,-1093.67,683.27,196.58,-340.90
2024-03-08 01:00:00,1557.52,492.45,-1282.17,683.18,491.69,-517.70
2024-03-08 02:00:00,1209.49,700.92,-1339.69,673.20,716.54,-530.20
2024-03-08 03:00:00,1051.95,715.72,-1341.88,681.27,774.94,-429.40
2024-03-08 04:00:00,1298.19,715.70,-1228.08,602.83,476.42,-528.90
2024-03-08 05:00:00,1112.78,709.99,-1196.59,674.09,424.51,-479.00
2024-03-08 06:00:00,684.00,585.21,21.35,624.12,-286.58,-262.00
2024-03-08 07:00:00,277.10,437.01,286.98,495.26,-345.30,114.00
2024-03-08 08:00:00,136.40,283.85,592.57,662.61,-695.19,88.40
2024-03-08 09:00:00,-289.39,-63.30,1495.15,683.04,-707.79,-220.90
2024-03-08 10:00:00,-744.97,-619.71,2358.43,683.04,-729.15,-114.70
2024-03-08 11:00:00,-1187.81,-663.29,2441.26,683.11,-729.30,43.80
2024-03-08 12:00:00,-1380.85,-663.49,2497.24,683.22,-729.05,-2.10
2024-03-08 13:00:00,-1232.24,-663.56,2424.09,683.11,-729.27,-40.30
2024-03-08 14:00:00,-794.03,-625.62,1946.49,683.46,-729.41,97.90
2024-03-08 15:00:00,-338.13,-51.95,1221.14,671.63,-724.59,-133.30
2024-03-08 16:00:00,110.47,509.40,237.19,71.11,-477.99,187.70
2024-03-08 17:00:00,549.17,472.74,862.66,-548.75,-723.71,-171.60
2024-03-08 18:00:00,807.37,177.54,728.83,-448.20,-729.65,-518.90
2024-03-08 19:00:00,408.67,653.66,469.44,-671.64,-729.59,-178.30
2024-03-08 20:00:00,-66.93,465.98,686.95,-297.86,-715.04,-95.80
2024-03-08 21:00:00,-871.33,647.16,621.53,-112.41,-28.06,-372.20
2024-03-08 22:00:00,-815.43,513.61,519.90,386.47,-559.18,-60.20
2024-03-08 23:00:00,-427.93,-21.73,505.07,336.09,-10.52,-495.80
2024-03-09 00:00:00,-41.70,-501.57,306.34,675.26,-39.29,-539.60
2024-03-09 01:00:00,-138.61,-500.39,159.11,662.57,141.29,-540.20
2024-03-09 02:00:00,-191.69,-546.25,266.88,658.49,28.39,-525.60
2024-03-09 03:00:00,-402.92,-608.53,230.23,658.65,190.27,-410.90
2024-03-09 04:00:00,-279.89,-623.63,-52.68,674.47,130.96,-407.50
2024-03-09 05:00:00,-409.93,-598.29,217.23,275.70,117.56,-371.70
2024-03-09 06:00:00,-344.43,-579.26,416.41,-133.57,-47.19,-440.50
2024-03-09 07:00:00,-1091.62,-529.06,442.87,-40.94,-279.70,-39.90
2024-03-09 08:00:00,-1216.46,-650.11,985.37,242.64,-780.06,-215.60
2024-03-09 09:00:00,-1632.77,-707.86,1019.96,664.44,-799.60,-30.20
2024-03-09 10:00:00,-1663.75,-458.23,1260.11,232.05,-799.77,223.70
2024-03-09 11:00:00,-1664.39,-711.76,2056.03,673.26,-799.64,-319.00
2024-03-09 12:00:00,-1664.66,-722.53,2432.67,683.20,-799.80,220.50
2024-03-09 13:00:00,-1664.42,-597.00,1400.33,675.37,-799.95,339.70
2024-03-09 14:00:00,-1634.87,-697.12,772.34,278.02,-806.96,221.70
2024-03-09 15:00:00,-1197.17,-319.69,434.18,-295.45,-1140.37,465.40
2024-03-09 16:00:00,-738.54,235.55,142.55,-667.76,-1450.33,583.70
2024-03-09 17:00:00,-301.44,233.65,4.89,-701.77,-1457.17,588.10
2024-03-09 18:00:00,26.26,-313.03,81.40,-702.37,-1457.50,588.00
2024-03-09 19:00:00,427.05,-657.83,28.57,-698.24,-1454.20,587.90
2024-03-09 20:00:00,-253.44,-529.38,335.66,-492.29,-1308.95,588.00
2024-03-09 21:00:00,-759.64,-279.83,458.09,-421.69,-1251.72,588.10
2024-03-09 22:00:00,-900.94,-492.89,280.56,-276.15,-963.37,573.10
2024-03-09 23:00:00,-941.34,-653.79,973.61,-691.47,-984.70,527.60
2024-03-10 00:00:00,-1093.78,-563.00,906.93,-624.38,-801.28,504.70
2024-03-10 01:00:00,-1403.21,-570.02,1294.91,-700.54,-799.78,582.50
2024-03-10 02:00:00,-1477.67,-561.13,1316.63,-702.33,-791.31,577.10
2024-03-10 03:00:00,-1401.69,-421.06,1283.46,-702.22,-750.96,433.10
2024-03-10 04:00:00,-1440.44,-429.53,1286.67,-700.68,-750.01,544.20
2024-03-10 05:00:00,-1372.04,-313.15,1238.30,-624.90,-751.03,381.60
2024-03-10 06:00:00,-1340.34,-328.07,1314.63,-629.32,-798.75,341.60
2024-03-10 07:00:00,-1568.70,-701.80,2189.78,-692.34,-799.58,221.00
2024-03-10 08:00:00,-1658.94,-611.34,1551.33,-280.76,-799.81,448.80
2024-03-10 09:00:00,-1664.88,-431.60,1426.23,241.79,-799.59,467.60
2024-03-10 10:00:00,-1664.86,-254.84,1029.91,670.54,-799.61,555.30
2024-03-10 11:00:00,-1664.90,-544.22,1520.97,520.35,-799.63,365.10
2024-03-10 12:00:00,-1664.87,-484.27,1368.55,548.18,-799.82,401.60
2024-03-10 13:00:00,-1664.62,142.06,1337.69,10.33,-799.92,237.40
2024-03-10 14:00:00,-1633.64,157.50,217.94,-15.52,-799.98,469.30
2024-03-10 15:00:00,-1293.67,-339.80,41.55,39.22,-813.35,397.30
2024-03-10 16:00:00,-861.74,-218.51,169.83,-444.67,-1442.85,575.30
2024-03-10 17:00:00,-694.64,-315.09,177.78,-691.28,-1456.88,588.10
2024-03-10 18:00:00,-662.34,-656.30,259.28,-668.43,-1457.12,588.00
2024-03-10 19:00:00,-873.94,-476.91,242.73,-701.45,-1456.97,527.50
2024-03-10 20:00:00,-1229.74,-475.43,476.86,-702.29,-1457.15,575.80
2024-03-10 21:00:00,-1514.67,-350.25,558.35,-702.38,-1457.01,587.90
2024-03-10 22:00:00,-1519.38,-240.75,626.45,-702.42,-1443.65,588.00
2024-03-10 23:00:00,-1620.73,-56.82,380.65,-702.22,-814.22,588.00
2024-03-11 00:00:00,-1649.62,85.05,437.08,-702.26,-800.18,522.20
2024-03-11 01:00:00,-1644.97,-13.05,331.58,-694.43,-800.26,517.50
2024-03-11 02:00:00,-1613.68,-291.86,424.54,-604.16,-803.33,544.20
2024-03-11 03:00:00,-1276.06,-382.67,365.50,-700.25,-945.77,572.10
2024-03-11 04:00:00,-888.04,-148.08,1.22,-700.76,-1032.96,359.70
2024-03-11 05:00:00,-434.75,-418.43,29.84,-614.49,-1204.51,399.60
2024-03-11 06:00:00,-16.74,-513.25,122.08,-680.84,-1298.13,39.30
2024-03-11 07:00:00,-41.84,-672.72,32.97,-541.30,-1013.84,-231.80
2024-03-11 08:00:00,40.98,-713.43,194.19,-698.65,-1447.11,21.60
2024-03-11 09:00:00,-147.72,-670.84,-77.01,-702.10,-1384.62,475.70
2024-03-11 10:00:00,-679.03,-572.22,-524.04,-702.23,-194.85,413.80
2024-03-11 11:00:00,-836.63,-611.30,156.46,-702.07,-663.36,456.70
2024-03-11 12:00:00,49.26,-692.98,-544.31,-702.29,-700.69,576.70
2024-03-11 13:00:00,160.36,-671.44,-442.07,-702.10,-700.91,538.20
2024-03-11 14:00:00,351.56,-372.19,-583.63,-702.16,-700.84,471.00
2024-03-11 15:00:00,455.48,59.53,-835.64,-702.13,-700.97,427.40
2024-03-11 16:00:00,532.95,610.47,-1300.27,-699.03,-700.70,532.40
2024-03-11 17:00:00,1155.16,606.73,-1796.84,-551.33,-700.66,385.10
2024-03-11 18:00:00,1129.11,645.44,-1686.32,-698.83,-700.74,505.20
2024-03-11 19:00:00,1386.44,640.09,-1803.88,-701.31,-700.68,498.50
2024-03-11 20:00:00,1436.96,646.84,-1699.86,-661.31,-700.88,387.20
2024-03-11 21:00:00,1518.80,650.38,-1619.93,-617.72,-717.13,337.20
2024-03-11 22:00:00,1489.03,647.16,-1531.16,-406.99,-647.43,136.60
2024-03-11 23:00:00,1052.97,596.55,-1355.50,243.13,-30.90,-437.40
2024-03-12 00:00:00,1442.59,599.81,-713.67,-92.79,-775.35,-46.20
2024-03-12 01:00:00,1618.15,599.90,-408.10,-472.54,-779.99,23.40
2024-03-12 02:00:00,1618.18,593.72,-1000.27,165.82,-718.77,-9.60
2024-03-12 03:00:00,1620.04,598.05,-1864.11,472.74,-10.66,-147.30
2024-03-12 04:00:00,1593.47,585.62,-1977.55,438.40,79.21,-54.50
2024-03-12 05:00:00,1485.87,599.89,-2217.07,273.92,699.65,-67.00
2024-03-12 06:00:00,1244.98,590.86,-1839.85,487.06,707.10,-190.10
2024-03-12 07:00:00,954.10,536.50,-1321.67,459.27,411.10,42.70
2024-03-12 08:00:00,1288.41,595.97,-823.99,449.33,16.43,-352.10
2024-03-12 09:00:00,1340.66,600.74,-1038.96,497.18,51.75,-209.80
2024-03-12 10:00:00,1603.81,600.86,-1562.48,352.16,573.22,-305.60
2024-03-12 11:00:00,1622.69,601.06,-1550.54,596.74,371.30,-246.00
2024-03-12 12:00:00,1622.83,601.20,-1367.37,623.84,319.72,-375.00
2024-03-12 13:00:00,1622.96,601.37,-2191.45,635.22,679.36,117.90
2024-03-12 14:00:00,1623.22,601.36,-2144.13,637.47,734.74,15.00
2024-03-12 15:00:00,1623.30,601.27,-2216.43,682.35,782.03,-11.70
2024-03-12 16:00:00,1623.39,601.29,-2019.44,683.82,783.05,-181.10
2024-03-12 17:00:00,1623.14,601.27,-1966.24,683.76,783.00,-321.30
2024-03-12 18:00:00,1623.19,601.37,-2125.18,683.90,780.26,-345.90
2024-03-12 19:00:00,1623.12,600.23,-2277.03,683.71,781.40,-227.90
2024-03-12 20:00:00,1623.30,587.79,-2135.97,673.66,704.92,-281.10
2024-03-12 21:00:00,1623.48,600.55,-2072.90,683.12,609.70,-67.30
2024-03-12 22:00:00,1623.69,601.41,-2349.78,668.15,660.70,81.40
2024-03-12 23:00:00,1623.61,601.43,-1767.89,683.29,174.60,-36.70
2024-03-13 00:00:00,1623.54,601.37,-2181.03,683.77,547.36,-28.30
2024-03-13 01:00:00,1623.51,601.41,-2235.70,683.46,681.70,-90.40
2024-03-13 02:00:00,1623.53,601.38,-2425.99,683.58,780.20,-379.30
2024-03-13 03:00:00,1623.46,601.48,-2297.18,683.41,782.85,-470.60
2024-03-13 04:00:00,1623.08,601.38,-2413.22,670.91,772.14,-352.50
2024-03-13 05:00:00,1622.96,601.42,-2143.65,40.41,764.87,-329.20
2024-03-13 06:00:00,1605.14,601.37,-728.70,-520.18,-85.29,-473.30
2024-03-13 07:00:00,1417.07,597.10,-912.93,-695.10,182.53,-397.20
2024-03-13 08:00:00,1586.87,599.42,-1030.36,-512.35,-393.76,-444.70
2024-03-13 09:00:00,1215.81,557.90,-1006.05,-278.69,-424.80,-586.70
2024-03-13 10:00:00,1105.03,299.64,-685.76,-671.73,-498.42,-544.50
2024-03-13 11:00:00,863.80,-200.38,-71.67,-702.10,-618.62,-540.40
2024-03-13 12:00:00,757.93,174.34,60.32,-702.43,-873.97,-540.50
2024-03-13 13:00:00,650.24,455.23,86.56,-702.51,-781.53,-534.00
2024-03-13 14:00:00,982.75,491.05,-684.55,-702.58,-493.92,-389.20
2024-03-13 15:00:00,1217.57,237.32,-391.36,-699.15,-707.60,-526.90
2024-03-13 16:00:00,1554.47,-102.54,-456.70,-541.25,-723.64,-540.60
2024-03-13 17:00:00,1533.94,395.44,-199.67,-667.02,-1441.28,-540.50
2024-03-13 18:00:00,1273.19,272.93,-99.03,-700.91,-1457.19,-536.40
2024-03-13 19:00:00,1142.35,68.40,-68.24,-661.09,-1457.31,-431.90
2024-03-13 20:00:00,997.10,-361.82,-10.88,-700.37,-1457.37,-185.60
2024-03-13 21:00:00,723.03,-441.12,-19.81,-690.58,-1457.01,0.20
2024-03-13 22:00:00,468.23,-551.19,6.51,-683.04,-1435.85,170.50
2024-03-13 23:00:00,372.23,-670.15,46.89,-702.00,-1293.01,219.70
2024-03-14 00:00:00,228.73,-661.86,16.44,-702.50,-1197.05,339.10
2024-03-14 01:00:00,58.93,-423.34,-24.44,-702.47,-1296.29,421.20
2024-03-14 02:00:00,-84.98,-356.41,51.89,-698.31,-1353.65,493.10
2024-03-14 03:00:00,25.63,-441.36,-30.56,-681.75,-836.62,309.10
2024-03-14 04:00:00,-226.60,136.03,62.48,-678.90,-995.41,417.50
2024-03-14 05:00:00,8.28,649.88,-3.18,-701.88,-1447.37,352.50
2024-03-14 06:00:00,132.99,607.77,88.70,-702.46,-1457.38,339.20
2024-03-14 07:00:00,253.09,594.97,108.10,-696.92,-1457.25,222.20
2024-03-14 08:00:00,188.11,464.81,155.37,-404.83,-1457.38,287.30
2024-03-14 09:00:00,167.93,58.85,62.01,278.25,-1457.38,291.80
2024-03-14 10:00:00,-357.97,-116.78,141.45,673.27,-1457.30,378.90
2024-03-14 11:00:00,-622.47,0.30,327.50,597.85,-1457.32,349.20
2024-03-14 12:00:00,-788.37,108.70,566.39,672.64,-1457.54,249.60
2024-03-14 13:00:00,-350.58,299.41,359.48,219.88,-1457.32,190.70
2024-03-14 14:00:00,111.40,642.81,86.43,-464.16,-1457.29,116.90
2024-03-14 15:00:00,744.19,702.52,-400.24,-697.36,-1450.61,-2.90
2024-03-14 16:00:00,1533.97,647.81,-709.51,-702.46,-1454.18,-234.20
2024-03-14 17:00:00,1379.46,563.43,-521.77,-702.73,-1454.39,-306.10
2024-03-14 18:00:00,950.29,525.12,-44.48,-702.43,-1457.43,-198.20
2024-03-14 19:00:00,554.60,595.82,-4.92,-702.71,-1457.62,3.60
2024-03-14 20:00:00,244.49,574.94,-5.54,-700.56,-1457.40,345.20
2024-03-14 21:00:00,-36.79,273.97,18.04,-586.73,-1453.39,572.80
2024-03-14 22:00:00,-476.07,-159.75,164.06,0.49,-1236.61,588.10
2024-03-14 23:00:00,-933.78,-225.07,83.73,395.51,-622.64,588.00
2024-03-15 00:00:00,-1368.63,201.24,63.23,521.93,-307.27,588.10
2024-03-15 01:00:00,-1477.72,494.36,284.51,177.71,-389.36,588.00
2024-03-15 02:00:00,-1645.84,621.13,85.96,325.05,-418.08,588.00
2024-03-15 03:00:00,-1535.90,400.45,2.40,-111.64,0.62,588.10
2024-03-15 04:00:00,-1124.85,143.04,-24.29,-546.30,229.87,586.50
2024-03-15 05:00:00,-687.44,304.56,-33.01,-694.39,-443.41,545.10
2024-03-15 06:00:00,-379.74,527.96,11.35,-681.57,-951.22,248.80
2024-03-15 07:00:00,-190.14,222.98,147.80,-552.83,-1422.27,343.40
2024-03-15 08:00:00,-599.74,126.04,289.54,132.19,-1388.42,35.70
2024-03-15 09:00:00,-1058.61,-410.05,613.67,672.06,-1242.93,173.00
2024-03-15 10:00:00,-1500.03,-447.94,948.30,682.53,-831.83,-15.90
2024-03-15 11:00:00,-1656.85,-460.13,1317.21,614.23,-800.67,-320.50
2024-03-15 12:00:00,-1639.41,-401.00,1198.03,487.88,-810.00,-261.70
2024-03-15 13:00:00,-1233.77,-447.83,700.45,678.05,-1270.77,-170.10
2024-03-15 14:00:00,-778.04,-441.38,24.92,607.47,-1144.16,-192.00
2024-03-15 15:00:00,-322.14,121.30,-677.42,242.14,-892.05,-215.80
2024-03-15 16:00:00,148.55,603.11,-1439.44,220.96,-905.54,-152.70
2024-03-15 17:00:00,885.75,649.75,-1634.13,-53.89,-1177.14,-148.60
2024-03-15 18:00:00,1072.23,636.63,-1428.40,-688.54,-1451.31,60.10
2024-03-15 19:00:00,320.44,505.64,-771.66,-702.58,-1457.53,234.70
2024-03-15 20:00:00,-143.13,379.50,-471.19,-702.51,-1457.47,400.50
2024-03-15 21:00:00,-445.63,248.25,-198.52,-702.62,-1457.71,575.70
2024-03-15 22:00:00,-718.13,271.26,27.60,-696.20,-1456.10,588.00
2024-03-15 23:00:00,-807.03,275.47,-97.44,-401.51,-1386.75,588.00
2024-03-16 00:00:00,-1211.08,471.90,423.32,-695.91,-1189.83,588.00
2024-03-16 01:00:00,-1257.99,415.15,233.86,-699.68,-814.29,588.00
2024-03-16 02:00:00,-1528.48,426.42,576.10,-557.52,-1066.96,587.90
2024-03-16 03:00:00,-1657.29,289.95,375.54,-144.10,-1318.78,587.90
2024-03-16 04:00:00,-1576.06,254.58,709.81,-666.30,-1420.89,587.90
2024-03-16 05:00:00,-1324.56,237.77,121.27,-701.73,-1454.85,587.90
2024-03-16 06:00:00,-969.14,110.73,-248.47,-675.82,-1375.45,588.00
2024-03-16 07:00:00,-1011.54,39.65,-765.72,-430.93,-1455.47,588.00
2024-03-16 08:00:00,-1171.68,-180.82,-447.69,-696.11,-1457.13,587.90
2024-03-16 09:00:00,-1304.06,-153.18,-516.24,-702.41,-1457.15,588.00
2024-03-16 10:00:00,-1427.61,-146.50,-446.72,-702.26,-1457.06,587.90
2024-03-16 11:00:00,-1665.72,-195.90,40.35,-702.25,-1450.02,588.00
2024-03-16 12:00:00,-1666.09,-451.93,638.29,-702.45,-1110.45,587.90
2024-03-16 13:00:00,-1666.13,-439.45,238.57,-702.25,-820.14,587.80
2024-03-16 14:00:00,-1636.40,-36.74,367.80,-702.34,-1437.29,575.60
2024-03-16 15:00:00,-1198.21,-139.42,-12.68,-702.15,-1456.92,587.90
2024-03-16 16:00:00,-721.65,-145.69,-9.77,-702.21,-1457.44,587.80
2024-03-16 17:00:00,-37.25,24.25,-436.08,-689.78,-1454.49,587.90
2024-03-16 18:00:00,242.65,469.87,-831.21,-702.27,-1332.25,587.90
2024-03-16 19:00:00,752.35,345.71,-886.13,-702.38,-1452.24,587.90
2024-03-16 20:00:00,875.15,512.45,-1026.03,-702.54,-1350.74,587.90
2024-03-16 21:00:00,1160.18,562.83,-819.32,-702.55,-1413.62,587.80
2024-03-16 22:00:00,1581.70,605.77,-898.95,-702.46,-1284.82,587.80
2024-03-16 23:00:00,1620.17,708.95,-522.05,-700.83,-1440.36,566.60
2024-03-17 00:00:00,1596.55,716.25,-628.20,-599.62,-854.02,340.80
2024-03-17 01:00:00,1439.89,716.20,-1493.43,68.95,-343.93,400.40
2024-03-17 02:00:00,1609.23,716.19,-2006.33,283.32,-3.19,302.20
2024-03-17 03:00:00,1622.11,716.14,-2047.36,211.21,118.59,387.70
2024-03-17 04:00:00,1603.50,716.14,-2060.13,40.36,209.91,289.80
2024-03-17 05:00:00,1374.77,716.08,-1951.83,669.87,141.26,154.80
2024-03-17 06:00:00,778.72,679.10,-1429.30,677.39,80.73,167.30
2024-03-17 07:00:00,319.40,131.91,-537.11,371.20,192.70,20.30
2024-03-17 08:00:00,-195.00,-246.85,1247.70,-308.89,-773.93,198.00
2024-03-17 09:00:00,-1149.78,-554.40,2544.85,-693.28,-800.32,519.10
2024-03-17 10:00:00,-1347.20,-151.98,2418.08,-663.74,-800.25,551.70
2024-03-17 11:00:00,-851.33,-366.75,1759.13,-551.14,-800.55,540.50
2024-03-17 12:00:00,-1030.04,-369.77,1785.29,-441.87,-800.47,525.50
2024-03-17 13:00:00,-242.14,-323.95,1771.05,-514.86,-800.33,14.90
2024-03-17 14:00:00,589.56,95.91,-139.23,163.76,-800.44,28.40
2024-03-17 15:00:00,1531.12,665.65,-2008.65,664.36,-790.58,-290.80
2024-03-17 16:00:00,1607.54,504.50,-1674.99,274.88,-338.87,-514.90
2024-03-17 17:00:00,1398.71,500.22,-1702.23,626.17,-452.61,-539.50
2024-03-17 18:00:00,1417.15,556.18,-646.33,-35.63,-1202.15,-540.50
2024-03-17 19:00:00,1583.08,404.25,34.30,-687.57,-1398.40,-543.60
2024-03-17 20:00:00,1303.34,658.20,102.29,-673.68,-1450.45,-574.00
2024-03-17 21:00:00,1077.40,567.12,27.66,-695.11,-1409.48,-388.60
2024-03-17 22:00:00,804.43,591.53,59.96,-377.45,-1456.20,-562.00
2024-03-17 23:00:00,952.21,545.89,100.64,-695.12,-1437.17,-388.30
2024-03-18 00:00:00,984.60,549.98,-142.66,-702.30,-1406.06,-317.30
2024-03-18 01:00:00,785.71,548.43,-27.15,-702.48,-1310.83,-263.80
2024-03-18 02:00:00,645.11,513.82,54.04,-702.34,-1388.68,-138.50
2024-03-18 03:00:00,706.01,496.34,123.99,-702.39,-1356.13,-314.40
2024-03-18 04:00:00,1119.01,493.66,-55.16,-697.61,-1270.85,-525.80
2024-03-18 05:00:00,1442.31,480.43,-936.72,-470.57,-905.36,-524.70
2024-03-18 06:00:00,1175.61,558.86,-629.93,-491.41,-1215.62,-317.30
2024-03-18 07:00:00,889.45,376.37,-347.67,-490.19,-1097.04,-444.10
2024-03-18 08:00:00,1247.13,212.70,-213.29,-416.13,-1449.24,-480.60
2024-03-18 09:00:00,1256.76,131.58,-103.91,-416.00,-1456.87,-482.10
2024-03-18 10:00:00,1425.28,127.05,-96.14,-490.05,-1456.82,-524.70
2024-03-18 11:00:00,1395.04,248.77,-347.38,-489.35,-1456.79,-517.00
2024-03-18 12:00:00,1191.10,362.67,-614.23,-383.10,-1452.51,-206.80
2024-03-18 13:00:00,1504.08,553.56,-1071.19,-487.27,-1240.39,-250.10
2024-03-18 14:00:00,1616.53,582.35,-1657.43,-409.64,-570.49,-521.10
2024-03-18 15:00:00,1620.60,353.60,-1732.65,-489.67,-60.86,-540.50
2024-03-18 16:00:00,1622.51,348.82,-1917.25,-491.29,382.66,-540.50
2024-03-18 17:00:00,1623.02,571.87,-1958.71,-473.49,296.56,-539.80
2024-03-18 18:00:00,1622.90,631.45,-1657.21,-490.56,-342.79,-464.30
2024-03-18 19:00:00,1623.20,416.35,-1507.55,-459.16,-450.57,-532.30
2024-03-18 20:00:00,1622.29,401.29,-1345.34,-490.93,-606.04,-526.50
2024-03-18 21:00:00,1566.39,553.21,-1390.38,-491.70,-701.46,-537.90
2024-03-18 22:00:00,952.96,594.92,-916.02,-491.73,-473.84,-500.30
2024-03-18 23:00:00,893.84,647.59,-1514.35,-487.08,262.26,-494.60
2024-03-19 00:00:00,1087.44,651.34,-1470.47,-489.71,23.82,-358.00
2024-03-19 01:00:00,1165.17,646.13,-1604.67,-485.80,127.53,-368.70
2024-03-19 02:00:00,808.45,578.61,-1649.47,-297.57,379.82,-249.90
2024-03-19 03:00:00,709.54,645.46,-1738.40,-395.91,580.34,-323.40
2024-03-19 04:00:00,1119.79,644.81,-2175.20,-435.12,679.22,-516.30
2024-03-19 05:00:00,1521.49,564.28,-2254.27,-269.28,559.58,-485.70
2024-03-19 06:00:00,1232.42,639.58,-1248.95,-486.37,-262.61,-387.80
2024-03-19 07:00:00,821.81,573.73,-1167.86,-473.71,-39.41,-451.60
2024-03-19 08:00:00,738.72,512.73,-372.61,-450.74,-863.73,-250.60
2024-03-19 09:00:00,514.01,584.41,14.06,-329.28,-1443.01,50.90
2024-03-19 10:00:00,257.80,410.43,-133.26,130.52,-1384.86,4.80
2024-03-19 11:00:00,-202.60,-28.14,650.08,671.85,-1455.23,-196.70
2024-03-19 12:00:00,193.59,-300.72,781.59,682.56,-1449.81,-261.00
2024-03-19 13:00:00,1068.01,171.44,-956.20,638.47,-1110.95,-243.00
2024-03-19 14:00:00,1269.87,609.03,-2011.55,636.58,-806.34,-197.40
2024-03-19 15:00:00,1504.18,464.59,-2062.80,681.94,-796.57,-396.80
2024-03-19 16:00:00,1616.28,454.56,-2394.29,635.42,-635.03,-160.00
2024-03-19 17:00:00,1623.06,498.19,-2433.01,-30.40,-182.54,33.60
2024-03-19 18:00:00,1623.10,504.41,-2009.61,-429.40,-108.17,-277.90
2024-03-19 19:00:00,1623.19,551.37,-1588.13,-448.80,-868.48,104.20
2024-03-19 20:00:00,1623.50,501.88,-1407.77,-471.94,-886.58,236.90
2024-03-19 21:00:00,1623.44,598.85,-1326.25,-406.20,-753.64,302.50
2024-03-19 22:00:00,1623.27,701.88,-1444.91,13.12,-846.38,372.00
2024-03-19 23:00:00,1622.66,610.07,-1080.96,65.89,-755.75,365.00
2024-03-20 00:00:00,1622.69,602.70,-1356.44,670.01,-751.41,274.80
2024-03-20 01:00:00,1622.59,602.58,-1207.60,683.07,-734.91,252.80
2024-03-20 02:00:00,1622.57,602.31,-1279.20,682.89,-444.08,43.20
2024-03-20 03:00:00,1622.80,602.23,-1573.50,682.99,-89.27,50.40
2024-03-20 04:00:00,1623.19,602.04,-1949.91,677.86,346.59,-1.30
2024-03-20 05:00:00,1623.56,600.50,-2162.37,682.58,773.16,-81.90
2024-03-20 06:00:00,1600.49,579.02,-1692.30,623.23,701.98,-162.50
2024-03-20 07:00:00,1247.40,594.86,500.83,-25.12,-747.41,70.00
2024-03-20 08:00:00,838.30,534.42,312.86,463.53,-800.52,291.80
2024-03-20 09:00:00,890.80,596.10,-168.94,670.09,-800.39,398.20
2024-03-20 10:00:00,862.51,592.18,-3.21,215.36,-800.34,544.90
2024-03-20 11:00:00,1270.21,446.16,-96.40,-184.72,-800.30,515.70
2024-03-20 12:00:00,1593.56,241.20,-268.99,-208.85,-800.38,446.60
2024-03-20 13:00:00,1612.13,560.15,-631.37,284.33,-800.16,-127.10
2024-03-20 14:00:00,1621.89,599.87,-159.48,15.46,-800.17,-290.80
2024-03-20 15:00:00,1622.73,600.91,-508.90,256.40,-800.33,-3.90
2024-03-20 16:00:00,1622.58,600.93,-666.90,372.28,-800.34,432.30
2024-03-20 17:00:00,1622.48,600.98,-897.37,-256.75,-44.43,489.10
2024-03-20 18:00:00,1622.21,600.90,-2058.53,353.99,382.16,475.30
2024-03-20 19:00:00,1622.38,600.92,-1861.00,676.63,330.63,-193.70
2024-03-20 20:00:00,1622.82,600.92,-1932.29,650.70,494.46,-402.60
2024-03-20 21:00:00,1622.90,600.92,-2133.04,662.62,382.45,-365.70
2024-03-20 22:00:00,1622.93,608.04,-1438.98,45.16,356.11,-465.50
2024-03-20 23:00:00,1622.94,708.42,-1434.66,585.07,-727.91,-235.70
2024-03-21 00:00:00,1622.68,715.98,-693.84,121.46,-806.23,-448.60
2024-03-21 01:00:00,1622.71,715.96,-917.30,671.29,-1065.93,-440.90
2024-03-21 02:00:00,1620.95,595.60,-972.23,682.79,-641.93,-548.50
2024-03-21 03:00:00,1592.49,164.44,-818.06,643.18,-279.96,-409.70
2024-03-21 04:00:00,1569.47,432.89,-1154.02,590.01,138.49,-540.00
2024-03-21 05:00:00,1469.65,426.60,-1170.02,-52.57,708.38,-304.70
2024-03-21 06:00:00,1521.12,113.98,-399.40,134.60,325.48,-410.80
2024-03-21 07:00:00,1156.94,508.00,823.94,-432.05,-771.11,5.10
2024-03-21 08:00:00,906.19,693.80,717.91,-490.85,-800.64,221.90
2024-03-21 09:00:00,1155.64,712.95,401.25,-491.81,-806.49,201.30
2024-03-21 10:00:00,1496.69,693.52,407.33,-491.81,-1086.26,81.90
2024-03-21 11:00:00,1583.51,692.20,499.95,-477.86,-1261.37,-211.90
2024-03-21 12:00:00,1148.10,372.32,749.17,196.36,-1039.80,-562.40
2024-03-21 13:00:00,1340.30,500.08,-72.36,424.50,-786.33,-537.60
2024-03-21 14:00:00,1381.18,311.08,-490.18,355.80,-10.96,-539.80
2024-03-21 15:00:00,1545.40,93.07,-1238.04,676.48,426.92,-544.20
2024-03-21 16:00:00,1503.78,32.34,-2009.94,683.57,776.17,-591.90
2024-03-21 17:00:00,1572.61,-387.46,-2480.02,682.71,777.93,-393.80
2024-03-21 18:00:00,1041.33,-115.73,-2417.74,631.36,504.22,-485.60
2024-03-21 19:00:00,1118.84,294.54,-2378.73,271.75,-335.55,-230.80
2024-03-21 20:00:00,1181.32,680.34,-2235.17,-260.02,-545.14,-119.20
2024-03-21 21:00:00,1338.15,533.55,-1929.90,-298.98,-769.25,-322.30
2024-03-21 22:00:00,1104.90,-39.58,-1339.34,-330.79,-630.80,-423.00
2024-03-21 23:00:00,671.00,-575.82,-14.36,-486.80,-760.86,-205.00
2024-03-22 00:00:00,223.20,-596.48,-39.87,-411.42,-492.12,-172.10
2024-03-22 01:00:00,-225.50,-382.10,-4.04,-139.35,-202.82,-432.20
2024-03-22 02:00:00,-679.10,-512.55,-8.31,-295.00,545.84,-366.90
2024-03-22 03:00:00,-1110.20,-598.23,-125.51,270.15,740.53,-435.80
2024-03-22 04:00:00,-1100.70,-489.98,32.17,-355.45,774.89,-57.80
2024-03-22 05:00:00,-732.09,-314.49,-14.57,-109.67,436.40,-230.80
2024-03-22 06:00:00,-321.40,164.23,-9.29,-64.87,-777.53,70.50
2024-03-22 07:00:00,-40.38,35.15,109.30,-131.45,-993.57,41.20
2024-03-22 08:00:00,-430.79,-506.10,-299.52,258.51,-58.01,9.40
2024-03-22 09:00:00,-559.86,-528.29,466.98,-319.49,-814.39,469.90
2024-03-22 10:00:00,-838.36,-557.90,41.44,-488.36,-213.32,357.90
2024-03-22 11:00:00,-830.17,-597.47,333.23,-489.69,-656.97,159.00
2024-03-22 12:00:00,-309.67,-555.34,-685.79,-398.51,-845.04,211.10
2024-03-22 13:00:00,-482.31,-469.74,-549.78,-485.89,-1153.16,400.50
2024-03-22 14:00:00,-73.27,-548.54,-882.07,-306.89,-1075.73,388.50
2024-03-22 15:00:00,374.12,-447.29,-1007.59,-487.61,-307.07,-246.40
2024-03-22 16:00:00,819.83,-39.52,-1263.30,-491.82,-156.60,-292.80
2024-03-22 17:00:00,1334.49,513.84,-1276.91,-491.77,-1292.15,275.90
2024-03-22 18:00:00,1609.97,551.50,-1787.23,-491.88,-1145.20,423.80
2024-03-22 19:00:00,1606.92,551.58,-2481.05,-490.27,-804.49,563.50
2024-03-22 20:00:00,1359.95,551.72,-2433.05,-416.91,-639.01,395.60
2024-03-22 21:00:00,927.79,533.85,-2499.70,-489.93,-115.41,338.00
2024-03-22 22:00:00,524.72,270.99,-2469.27,-476.51,522.37,310.60
2024-03-22 23:00:00,730.62,129.20,-2440.78,-491.67,777.98,197.10
2024-03-23 00:00:00,857.72,-137.54,-2240.93,-491.88,783.09,61.50
2024-03-23 01:00:00,834.03,35.66,-2141.32,-490.33,782.99,2.70
2024-03-23 02:00:00,713.90,-201.87,-1788.49,-414.94,783.02,-9.90
2024-03-23 03:00:00,245.90,-352.27,-940.44,-490.15,782.97,-128.80
2024-03-23 04:00:00,85.90,-439.73,-746.76,-491.09,782.90,49.10
2024-03-23 05:00:00,378.30,-180.25,-1259.35,-438.58,782.90,85.90
2024-03-23 06:00:00,-301.40,-319.61,-1262.23,239.29,782.06,74.60
2024-03-23 07:00:00,-979.07,-563.98,-447.56,640.98,783.10,-445.00
2024-03-23 08:00:00,-1344.54,-609.65,-99.61,682.45,783.21,-536.50
2024-03-23 09:00:00,-1353.86,-611.90,-93.74,672.03,780.43,-542.80
2024-03-23 10:00:00,-1647.89,-612.02,1022.02,131.41,655.76,-601.10
2024-03-23 11:00:00,-1665.89,-611.87,1142.11,671.29,234.45,-601.30
2024-03-23 12:00:00,-1666.13,-612.06,2084.92,683.34,-177.95,-601.40
2024-03-23 13:00:00,-1666.13,-612.03,2287.16,682.92,-176.45,-557.70
2024-03-23 14:00:00,-1666.05,-612.21,1541.68,668.56,-104.02,-357.00
2024-03-23 15:00:00,-1640.49,-605.15,615.30,681.31,751.64,-529.30
2024-03-23 16:00:00,-1263.15,-458.03,112.65,583.75,140.75,-309.70
2024-03-23 17:00:00,-798.14,269.53,183.47,-54.75,-863.08,225.00
2024-03-23 18:00:00,-186.04,446.38,26.56,-482.59,-1055.90,168.50
2024-03-23 19:00:00,-2.94,77.69,491.52,-482.42,-1291.09,126.40
2024-03-23 20:00:00,-673.93,-313.27,1157.56,-24.68,-940.82,-271.90
2024-03-23 21:00:00,-1135.98,-555.21,700.01,265.48,214.38,-377.40
2024-03-23 22:00:00,-1137.94,-497.14,471.01,673.75,375.33,-349.80
2024-03-23 23:00:00,-1502.07,-600.83,1096.01,682.53,724.50,-484.60
2024-03-24 00:00:00,-1501.99,-611.43,1436.81,682.50,764.37,-432.80
2024-03-24 01:00:00,-1448.19,-611.78,1606.39,682.54,764.96,-342.90
2024-03-24 02:00:00,-1372.82,-611.84,1647.30,682.20,762.11,-333.00
2024-03-24 03:00:00,-1577.44,-611.77,1936.85,675.81,761.41,-298.10
2024-03-24 04:00:00,-1597.03,-611.76,2305.04,675.83,731.73,-425.80
2024-03-24 05:00:00,-1660.46,-611.75,2503.42,683.16,732.98,-353.20
2024-03-24 06:00:00,-1665.68,-611.83,2491.83,683.27,778.43,-362.80
2024-03-24 07:00:00,-1664.04,-524.79,2470.08,683.21,778.86,-317.40
2024-03-24 08:00:00,-1644.98,-572.42,2480.46,683.28,778.37,-365.20
2024-03-24 09:00:00,-1642.48,-545.26,2505.84,683.41,781.90,-418.00
2024-03-24 10:00:00,-1621.10,-527.74,2488.81,683.29,777.49,-495.80
2024-03-24 11:00:00,-1348.57,-550.52,2456.33,683.30,671.21,-566.80
2024-03-24 12:00:00,-998.24,-550.35,2513.79,683.31,-157.47,-219.30
2024-03-24 13:00:00,-1097.41,-604.70,2441.92,683.19,189.88,-572.10
2024-03-24 14:00:00,-922.91,-561.92,2071.52,682.53,188.48,-601.30
2024-03-24 15:00:00,-236.31,-561.94,1874.82,636.79,-299.17,-579.90
2024-03-24 16:00:00,480.36,270.96,1251.29,-29.55,-793.23,-383.10
2024-03-24 17:00:00,937.86,517.27,694.47,-482.21,-985.81,-26.20
2024-03-24 18:00:00,1332.00,535.61,323.86,-491.53,-1171.10,-0.30
2024-03-24 19:00:00,1112.11,570.25,723.17,-464.40,-1429.97,-0.30
2024-03-24 20:00:00,1141.48,339.58,866.15,-306.82,-1453.73,-25.10
2024-03-24 21:00:00,1394.02,481.47,1165.91,-356.85,-1449.72,-352.00
2024-03-24 22:00:00,1255.92,451.98,1088.12,-400.14,-1238.15,-97.70
2024-03-24 23:00:00,1158.35,538.90,578.14,-334.28,-792.38,114.60
2024-03-25 00:00:00,1229.37,519.80,650.51,-412.59,-796.33,100.90
2024-03-25 01:00:00,1192.74,528.07,673.78,-489.43,-781.47,219.10
2024-03-25 02:00:00,1574.15,630.43,234.47,-446.30,-750.55,56.00
2024-03-25 03:00:00,1613.21,606.72,54.46,-274.58,-540.31,-204.50
2024-03-25 04:00:00,1621.94,335.45,-84.44,80.96,-247.93,-375.40
2024-03-25 05:00:00,1599.00,427.68,-1618.78,665.24,345.54,-144.60
2024-03-25 06:00:00,1252.82,88.44,-226.96,413.01,230.60,-444.20
2024-03-25 07:00:00,1022.90,540.81,-221.54,419.00,-272.32,-284.00
2024-03-25 08:00:00,1175.72,373.71,-561.18,677.80,-781.00,251.10
2024-03-25 09:00:00,932.14,328.90,-371.46,683.41,-796.71,278.20
2024-03-25 10:00:00,772.34,301.43,-292.17,683.61,-797.32,322.90
2024-03-25 11:00:00,414.15,-195.45,721.60,683.46,-797.36,6.10
2024-03-25 12:00:00,804.31,-484.21,963.12,683.42,-797.30,-339.80
2024-03-25 13:00:00,1246.33,-44.52,62.60,681.98,-797.78,-434.20
2024-03-25 14:00:00,1596.24,-382.72,85.49,614.42,-810.22,-410.90
2024-03-25 15:00:00,1614.80,38.67,-916.36,682.03,-98.97,-508.50
2024-03-25 16:00:00,1620.27,323.15,-1917.14,683.75,762.22,-489.00
2024-03-25 17:00:00,1620.63,627.50,-2350.59,683.98,783.21,-172.30
2024-03-25 18:00:00,1620.93,650.09,-2441.51,684.06,780.84,-154.40
2024-03-25 19:00:00,1620.78,639.01,-2313.63,683.90,651.55,-168.00
2024-03-25 20:00:00,1621.00,473.64,-1541.36,682.97,246.56,-101.20
2024-03-25 21:00:00,1620.95,442.77,-1127.46,648.00,-331.44,141.80
2024-03-25 22:00:00,1622.68,582.80,-1534.42,513.12,-56.73,192.80
2024-03-25 23:00:00,1622.67,532.91,-830.57,662.06,-746.26,54.90
2024-03-26 00:00:00,1622.93,622.23,-861.29,673.62,-674.41,-53.80
2024-03-26 01:00:00,1620.01,533.76,-635.07,668.16,-793.51,-35.60
2024-03-26 02:00:00,1620.00,525.31,-906.73,670.43,-590.54,-0.30
2024-03-26 03:00:00,1619.98,537.01,-1266.51,644.56,-357.39,-22.80
2024-03-26 04:00:00,1601.64,516.29,-1598.95,682.37,19.25,-140.30
2024-03-26 05:00:00,1280.40,598.48,-792.71,659.80,-259.65,-419.00
2024-03-26 06:00:00,846.03,266.32,511.67,4.55,-309.76,-202.50
2024-03-26 07:00:00,456.80,577.63,1264.21,-481.45,-786.99,-38.50
2024-03-26 08:00:00,34.70,590.53,1148.47,-482.23,-800.38,240.60
2024-03-26 09:00:00,-241.29,603.01,636.30,-30.81,-800.41,61.80
2024-03-26 10:00:00,-266.77,471.83,985.22,-475.34,-800.32,-269.40
2024-03-26 11:00:00,122.31,451.48,551.45,-461.24,-800.29,-575.30
2024-03-26 12:00:00,163.81,-17.74,48.88,183.33,-800.19,-497.40
2024-03-26 13:00:00,467.03,-42.81,-65.70,-471.76,-800.12,-230.50
2024-03-26 14:00:00,265.24,-82.04,-28.99,-488.50,-813.48,-491.40
2024-03-26 15:00:00,645.02,404.60,-517.13,-432.17,-1442.90,-398.70
2024-03-26 16:00:00,786.83,492.75,-44.58,-490.47,-1457.19,-434.70
2024-03-26 17:00:00,920.63,402.86,-46.29,-491.77,-1457.43,-52.00
2024-03-26 18:00:00,628.41,474.57,-92.05,-491.87,-1457.30,103.80
2024-03-26 19:00:00,318.11,525.13,55.48,-491.92,-1457.50,119.00
2024-03-26 20:00:00,354.83,630.97,144.50,-491.90,-1457.68,-32.90
2024-03-26 21:00:00,670.71,687.48,-39.23,-489.59,-1451.25,2.60
2024-03-26 22:00:00,418.62,482.74,-240.50,-376.10,-1153.44,378.10
2024-03-26 23:00:00,277.42,585.77,-689.87,-328.00,-788.56,568.00
2024-03-27 00:00:00,212.91,659.16,-650.18,-33.74,-926.14,481.30
2024-03-27 01:00:00,210.82,629.15,-727.88,-154.92,-687.25,468.90
2024-03-27 02:00:00,-141.07,468.50,-814.77,111.64,-234.97,457.80
2024-03-27 03:00:00,161.61,277.44,-799.78,-138.72,-110.29,456.80
2024-03-27 04:00:00,58.94,396.65,-906.60,2.98,-141.09,459.90
2024-03-27 05:00:00,824.01,695.14,-773.47,-348.11,-876.13,230.20
2024-03-27 06:00:00,1073.04,716.16,-308.78,-488.79,-1423.83,133.90
2024-03-27 07:00:00,1476.45,623.91,-334.13,-491.84,-1456.65,39.80
2024-03-27 08:00:00,1622.02,346.80,-377.82,-490.98,-1457.33,50.50
2024-03-27 09:00:00,1611.13,346.57,-330.85,-450.57,-1457.14,59.60
2024-03-27 10:00:00,1431.30,346.50,-34.42,-490.04,-1454.11,39.90
2024-03-27 11:00:00,1246.81,346.42,-530.94,-449.44,-1297.60,290.00
2024-03-27 12:00:00,1436.45,346.37,-1120.10,-483.35,-801.18,275.20
2024-03-27 13:00:00,1578.96,346.33,-969.32,-130.32,-1115.47,265.00
2024-03-27 14:00:00,1624.51,347.55,-1374.32,-41.50,-963.76,293.80
2024-03-27 15:00:00,1624.48,350.28,-2100.72,426.27,179.62,-2.30
2024-03-27 16:00:00,1624.38,423.05,-2328.82,678.68,769.92,-500.30
2024-03-27 17:00:00,1624.33,697.70,-2488.58,684.11,776.17,-498.00
2024-03-27 18:00:00,1624.41,716.09,-2417.55,684.05,453.03,-345.20
2024-03-27 19:00:00,1624.97,716.13,-2351.19,683.88,333.63,-378.10
2024-03-27 20:00:00,1624.64,716.20,-2403.46,683.76,317.61,-376.80
2024-03-27 21:00:00,1624.40,716.39,-2366.86,683.32,212.10,-239.40
2024-03-27 22:00:00,1624.52,716.50,-1845.81,660.91,64.70,-249.80
2024-03-27 23:00:00,1624.34,717.47,-624.93,292.45,-415.14,-377.40
2024-03-28 00:00:00,1614.83,708.71,-815.89,597.39,-649.75,-286.70
2024-03-28 01:00:00,1449.50,573.64,-962.07,678.40,-89.77,-333.70
2024-03-28 02:00:00,1044.04,466.83,-1166.27,498.98,408.04,-27.00
2024-03-28 03:00:00,752.40,675.09,-1407.15,365.68,747.89,-42.40
2024-03-28 04:00:00,1066.39,446.35,-1360.35,165.14,771.12,-82.70
2024-03-28 05:00:00,1450.73,678.63,-1294.44,-466.42,390.83,88.40
2024-03-28 06:00:00,1263.71,715.53,-1608.95,50.82,162.22,75.00
2024-03-28 07:00:00,841.34,706.00,-434.14,-365.09,-261.59,104.70
2024-03-28 08:00:00,394.64,569.16,456.65,-489.30,-672.03,303.00
2024-03-28 09:00:00,-53.09,471.12,1444.88,-479.01,-797.93,360.50
2024-03-28 10:00:00,-486.09,206.77,1695.84,150.10,-800.95,572.80
2024-03-28 11:00:00,-758.09,189.54,1268.17,468.23,-801.04,584.60
2024-03-28 12:00:00,-1048.89,406.79,1153.24,678.94,-800.97,582.40
2024-03-28 13:00:00,-1167.10,262.19,1403.76,683.58,-800.85,494.30
2024-03-28 14:00:00,-958.64,-148.89,1680.81,683.46,-800.70,32.90
2024-03-28 15:00:00,-520.64,-63.26,788.81,673.03,-813.85,11.50
2024-03-28 16:00:00,-78.12,284.09,446.48,155.72,-1443.47,100.80
2024-03-28 17:00:00,187.28,690.49,-163.65,-200.78,-1457.13,34.60
2024-03-28 18:00:00,-124.22,716.88,13.12,-485.71,-1457.44,229.00
2024-03-28 19:00:00,-521.11,693.12,260.52,-481.92,-1457.68,424.20
2024-03-28 20:00:00,-1028.60,362.44,840.01,12.33,-1444.21,531.60
2024-03-28 21:00:00,-1467.94,203.56,298.92,641.36,-814.63,585.10
2024-03-28 22:00:00,-1644.51,269.77,1059.06,115.23,-796.95,587.10
2024-03-28 23:00:00,-1664.34,-289.42,1160.02,671.05,-630.66,569.80
2024-03-29 00:00:00,-1664.71,316.86,763.01,677.00,-697.00,556.50
2024-03-29 01:00:00,-1656.78,433.52,746.16,674.53,-696.33,435.20
2024-03-29 02:00:00,-1659.72,643.54,549.28,566.49,-602.82,298.20
2024-03-29 03:00:00,-1664.99,357.18,821.61,512.12,-796.05,395.20
2024-03-29 04:00:00,-1665.27,43.83,1131.98,235.09,-800.38,582.90
2024-03-29 05:00:00,-1655.19,-55.31,1142.84,198.05,-800.35,587.00
2024-03-29 06:00:00,-1544.33,-489.94,1834.65,-250.66,-800.26,493.50
2024-03-29 07:00:00,-1567.66,-549.23,1955.04,-486.09,-800.12,566.10
2024-03-29 08:00:00,-1649.29,-446.24,1648.74,-455.70,-800.12,588.00
2024-03-29 09:00:00,-1525.67,-663.04,1286.58,-38.68,-800.24,575.70
2024-03-29 10:00:00,-1630.79,-549.18,1130.90,72.33,-800.40,439.00
2024-03-29 11:00:00,-1434.03,-631.90,1398.79,587.72,-800.39,-340.10
2024-03-29 12:00:00,-1022.19,-527.65,1128.22,678.06,-800.41,-490.80
2024-03-29 13:00:00,-632.05,-717.21,1250.22,499.81,-800.55,-431.10
2024-03-29 14:00:00,-137.25,-689.66,752.80,317.80,-802.80,-238.90
2024-03-29 15:00:00,316.15,-113.17,42.00,-96.35,-912.82,122.10
2024-03-29 16:00:00,775.36,467.59,-660.92,264.96,-651.30,-445.20
2024-03-29 17:00:00,1384.02,702.33,-1377.17,-128.00,-40.70,-424.70
2024-03-29 18:00:00,1609.03,716.24,-1023.10,-480.71,-547.07,-274.00
2024-03-29 19:00:00,1622.13,716.41,-583.11,-311.16,-1032.57,-309.40
2024-03-29 20:00:00,1622.41,716.56,-429.30,115.61,-1154.15,-572.80
2024-03-29 21:00:00,1622.71,716.55,-514.95,-232.23,-958.33,-500.40
2024-03-29 22:00:00,1622.77,716.52,-1153.02,-484.52,-780.20,-164.40
2024-03-29 23:00:00,1622.53,716.41,-1159.44,-392.92,-730.82,-218.20
2024-03-30 00:00:00,1622.45,716.48,-963.87,-489.57,-798.86,-169.50
2024-03-30 01:00:00,1622.47,716.55,-1328.59,-469.35,-800.27,99.40
2024-03-30 02:00:00,1598.10,716.41,-1841.35,132.73,-800.16,-115.70
2024-03-30 03:00:00,1266.29,716.48,-872.37,-476.34,-800.06,-67.20
2024-03-30 04:00:00,844.13,696.83,-401.29,-414.80,-771.78,5.90
2024-03-30 05:00:00,580.03,420.73,-635.03,82.66,-782.67,336.20
2024-03-30 06:00:00,159.39,11.26,491.19,-474.17,-436.37,346.10
2024-03-30 07:00:00,-205.20,-76.16,1334.10,-486.77,-792.18,313.20
2024-03-30 08:00:00,-37.50,142.61,1082.66,-491.55,-800.56,291.30
2024-03-30 09:00:00,-54.26,644.67,1027.99,-491.42,-800.51,212.90
2024-03-30 10:00:00,-184.78,452.49,1233.15,-475.42,-800.46,207.00
2024-03-30 11:00:00,-451.60,-147.00,1815.98,-491.41,-800.23,397.70
2024-03-30 12:00:00,-909.40,-130.97,2054.59,-489.89,-800.15,575.80
2024-03-30 13:00:00,-494.49,561.04,669.23,-399.03,-799.55,533.30
2024-03-30 14:00:00,241.23,666.41,-536.96,-463.26,-742.75,530.40
2024-03-30 15:00:00,406.15,712.78,-1832.96,205.72,-241.19,134.50
2024-03-30 16:00:00,830.73,706.99,-2011.40,311.93,-457.62,-204.00
2024-03-30 17:00:00,1271.31,715.70,-1543.48,-355.65,-875.81,-238.70
2024-03-30 18:00:00,1573.24,713.65,-886.54,-489.21,-1443.40,-379.80
2024-03-30 19:00:00,1621.90,715.37,-1586.72,-491.30,-1385.90,-26.40
2024-03-30 20:00:00,1623.53,715.56,-1146.62,-458.42,-1302.14,-224.40
2024-03-30 21:00:00,1614.74,710.49,-885.18,-491.02,-1226.44,-311.00
2024-03-30 22:00:00,1487.51,640.41,-386.77,-491.91,-1223.12,-420.00
2024-03-30 23:00:00,1614.10,710.21,-923.02,-489.39,-809.47,-243.00
2024-03-31 00:00:00,1623.51,715.75,-1024.82,-357.14,-799.65,-126.70
2024-03-31 01:00:00,1621.80,713.29,-1246.43,44.06,-751.69,-350.00
2024-03-31 02:00:00,1585.17,667.57,-1582.22,300.59,-252.61,-176.00
2024-03-31 03:00:00,1560.43,603.23,-1844.81,452.08,1.95,-200.50
2024-03-31 04:00:00,1482.69,658.82,-2105.98,671.50,360.22,-240.20
2024-03-31 05:00:00,1143.70,686.60,-2001.01,683.59,486.10,123.50
2024-03-31 06:00:00,702.89,302.82,-1281.60,683.66,288.92,542.20
2024-03-31 07:00:00,255.89,262.00,109.26,683.52,-278.68,278.30
2024-03-31 08:00:00,-190.20,515.31,86.54,683.59,138.78,3.70
2024-03-31 09:00:00,-643.69,-356.98,1293.11,683.55,299.25,-26.20
2024-03-31 10:00:00,-1072.30,-658.62,2445.19,683.36,391.74,-359.10
2024-03-31 11:00:00,-1030.91,-724.04,2531.76,683.37,391.86,-320.50
2024-03-31 12:00:00,-598.20,-719.40,2463.30,683.30,268.09,-316.80
2024-03-31 13:00:00,-247.20,-716.21,2424.97,678.80,111.23,-511.20
2024-03-31 14:00:00,293.50,-471.94,2422.41,458.64,-760.60,-243.50
2024-03-31 15:00:00,748.29,43.17,17.06,671.37,136.09,-145.90
2024-03-31 16:00:00,1159.60,395.07,361.87,313.10,-774.77,-189.20
2024-03-31 17:00:00,1594.12,695.59,-11.91,-364.75,-584.92,-90.80
2024-03-31 18:00:00,1621.98,716.13,397.62,-489.66,-795.50,-176.30
2024-03-31 19:00:00,1621.55,712.44,230.06,-492.09,-799.54,-114.70
2024-03-31 20:00:00,1591.32,651.98,332.27,-492.12,-741.15,-159.20
2024-03-31 21:00:00,934.99,144.28,856.49,-485.29,-239.49,6.90
2024-03-31 22:00:00,524.30,-417.86,847.99,-142.94,159.74,502.40
2024-03-31 23:00:00,265.40,-690.05,865.58,276.83,438.10,384.80
2024-04-01 00:00:00,-127.10,-412.63,688.67,673.53,464.35,290.10
2024-04-01 01:00:00,-237.70,-90.45,214.39,586.94,631.27,361.30
2024-04-01 02:00:00,39.10,359.07,-508.92,524.75,506.46,337.30
2024-04-01 03:00:00,575.70,693.86,-587.20,-41.04,484.19,-115.00
2024-04-01 04:00:00,655.10,709.03,-1369.98,501.42,413.01,-76.70
2024-04-01 05:00:00,974.50,708.45,-1609.62,505.48,391.52,-192.00
2024-04-01 06:00:00,624.70,711.46,-1108.40,400.32,412.44,-267.40
2024-04-01 07:00:00,202.70,674.08,-468.86,-262.24,366.44,159.10
2024-04-01 08:00:00,82.10,500.17,600.74,-54.80,-671.08,89.60
2024-04-01 09:00:00,64.31,520.18,965.95,-301.14,-654.51,36.40
2024-04-01 10:00:00,-188.50,406.18,1786.95,-482.38,-796.83,-80.80
2024-04-01 11:00:00,-254.40,418.97,1805.80,-209.25,-793.92,-183.90
2024-04-01 12:00:00,-648.30,-19.82,1968.04,401.47,-497.78,-56.80
2024-04-01 13:00:00,-1152.15,-436.46,2422.85,678.19,-163.64,107.30
2024-04-01 14:00:00,-977.03,-288.31,2439.40,679.69,-533.24,77.70
2024-04-01 15:00:00,-1274.08,-249.53,2420.83,463.15,-290.67,288.40
2024-04-01 16:00:00,-844.33,469.70,2373.97,-176.78,-789.17,129.90
2024-04-01 17:00:00,79.77,663.56,1241.23,-485.25,-800.55,253.50
2024-04-01 18:00:00,36.27,527.01,1181.99,-491.98,-800.30,178.80
2024-04-01 19:00:00,-684.13,251.10,1977.68,-486.14,-800.13,249.60
2024-04-01 20:00:00,-1086.83,156.68,2470.52,-211.46,-799.93,26.80
2024-04-01 21:00:00,-926.93,-297.82,2547.92,-180.97,-798.85,208.00
2024-04-01 22:00:00,-1241.75,-236.75,2588.26,-244.99,-719.86,545.50
2024-04-01 23:00:00,-1323.37,-292.31,2436.19,176.07,-301.91,313.60
2024-04-02 00:00:00,-1424.38,-264.61,2368.50,672.58,-499.87,313.20
2024-04-02 01:00:00,-1569.22,-107.56,2375.15,664.17,-793.72,569.70
2024-04-02 02:00:00,-1360.29,-311.56,2077.96,615.60,-800.45,587.70
2024-04-02 03:00:00,-955.24,-268.07,1605.53,162.43,-801.64,569.70
2024-04-02 04:00:00,-501.05,136.66,434.13,173.20,-863.73,236.00
2024-04-02 05:00:00,-90.83,490.20,635.76,-224.39,-935.75,-221.40
2024-04-02 06:00:00,66.57,471.54,306.36,110.16,-1108.12,59.90
2024-04-02 07:00:00,-690.84,8.20,1254.32,-162.32,-807.19,477.30
2024-04-02 08:00:00,-1171.31,-553.20,2371.55,495.99,-800.10,146.10
2024-04-02 09:00:00,-1558.45,-522.25,2452.69,656.03,-799.90,404.30
2024-04-02 10:00:00,-1585.19,-380.09,2451.64,530.13,-799.91,576.60
2024-04-02 11:00:00,-1475.49,-384.47,2455.37,530.28,-799.97,520.60
2024-04-02 12:00:00,-1124.32,-361.41,2347.87,679.96,-800.06,261.70
2024-04-02 13:00:00,-739.75,-621.45,2424.35,683.32,-800.28,69.50
2024-04-02 14:00:00,-338.65,-674.38,2497.88,683.09,-800.25,-6.40
2024-04-02 15:00:00,106.45,-103.44,1922.48,655.79,-806.02,-343.00
2024-04-02 16:00:00,554.45,463.56,906.59,-9.57,-1067.50,187.20
2024-04-02 17:00:00,1012.21,501.73,959.85,-468.38,-729.27,-182.60
2024-04-02 18:00:00,1583.29,501.73,-588.91,169.85,-534.51,-189.70
2024-04-02 19:00:00,1621.72,501.74,-849.63,593.99,-646.10,-135.20
2024-04-02 20:00:00,1622.00,501.80,-751.48,125.41,-466.38,-142.20
2024-04-02 21:00:00,1622.00,372.02,-568.18,415.96,-479.29,-282.90
2024-04-02 22:00:00,1622.66,301.15,-828.33,195.58,-146.57,-122.80
2024-04-02 23:00:00,1622.80,84.11,-1071.41,525.58,115.72,-247.60
2024-04-03 00:00:00,1623.03,473.55,-1505.26,664.53,215.37,-390.20
2024-04-03 01:00:00,1622.73,501.93,-1758.28,657.23,582.81,-371.00
2024-04-03 02:00:00,1622.68,501.79,-2070.63,648.33,727.38,-234.90
2024-04-03 03:00:00,1622.53,501.89,-2133.62,682.66,760.95,-280.60
2024-04-03 04:00:00,1622.82,499.18,-1988.74,644.47,757.95,-254.60
2024-04-03 05:00:00,1611.22,457.57,-1714.75,581.67,757.89,-384.70
2024-04-03 06:00:00,1534.51,438.77,-1090.78,216.36,731.91,-548.70
2024-04-03 07:00:00,1608.54,493.62,-14.84,-401.11,-308.22,-497.80
2024-04-03 08:00:00,1557.31,500.34,-116.18,-282.58,-329.36,-538.30
2024-04-03 09:00:00,1618.80,499.89,-946.47,35.93,-122.37,-487.30
2024-04-03 10:00:00,1623.63,501.54,-2186.56,669.98,45.80,-360.00
2024-04-03 11:00:00,1623.49,483.50,-2499.61,674.84,22.01,-351.30
2024-04-03 12:00:00,1623.24,202.88,-1872.57,235.09,-130.17,-523.50
2024-04-03 13:00:00,1608.15,-61.38,-2478.35,568.24,404.17,-539.10
2024-04-03 14:00:00,1341.91,238.55,-2430.53,263.99,605.83,-539.50
2024-04-03 15:00:00,1222.98,516.79,-2356.23,435.10,468.86,-539.40
2024-04-03 16:00:00,1181.30,393.26,-2551.29,648.46,457.69,-539.60
2024-04-03 17:00:00,1367.33,282.91,-2339.13,644.73,-113.34,-539.50
2024-04-03 18:00:00,1241.31,316.75,-2172.77,683.26,-406.16,-539.50
2024-04-03 19:00:00,1317.23,402.98,-2133.09,679.45,-791.57,-520.40
2024-04-03 20:00:00,1292.14,265.26,-2145.31,457.23,-799.15,-260.10
2024-04-03 21:00:00,1119.44,-293.51,-1586.21,678.43,-712.85,-477.70
2024-04-03 22:00:00,432.71,-583.08,-1806.64,654.44,557.25,-537.50
2024-04-03 23:00:00,-258.69,-676.87,-1182.24,677.03,748.29,-540.40
2024-04-04 00:00:00,-446.89,-689.29,-328.44,382.20,283.68,-512.40
2024-04-04 01:00:00,-600.18,-705.71,-617.12,358.45,289.95,-206.60
2024-04-04 02:00:00,-188.47,-720.41,-688.29,262.37,216.01,-250.70
2024-04-04 03:00:00,257.63,-711.21,-1032.36,252.95,160.10,-247.70
2024-04-04 04:00:00,662.83,-618.23,-979.82,-283.68,332.23,-436.80
2024-04-04 05:00:00,497.51,-702.15,-118.16,-339.39,239.81,-534.00
2024-04-04 06:00:00,545.74,-400.08,-55.20,-299.00,-75.93,-534.60
2024-04-04 07:00:00,333.33,-221.44,88.43,24.13,-393.47,-458.30
2024-04-04 08:00:00,128.21,-295.15,504.15,12.45,-400.44,-362.00
2024-04-04 09:00:00,-60.20,-254.18,85.45,669.26,-400.55,-292.40
2024-04-04 10:00:00,-308.70,290.07,-396.45,684.12,-400.71,-124.50
2024-04-04 11:00:00,-255.90,485.45,-424.70,683.99,-400.71,20.60
2024-04-04 12:00:00,-76.20,438.97,195.98,683.92,-400.78,-223.30
2024-04-04 13:00:00,-141.50,244.11,653.27,683.85,-400.79,-111.80
2024-04-04 14:00:00,267.60,145.27,884.76,683.78,-400.83,-465.00
2024-04-04 15:00:00,660.30,227.06,299.60,670.75,-400.65,-396.60
2024-04-04 16:00:00,753.30,548.75,153.06,19.16,-400.08,-444.30
2024-04-04 17:00:00,964.40,242.57,-120.94,-596.02,-371.83,-66.60
2024-04-04 18:00:00,599.30,374.05,70.76,-700.63,-400.11,-199.60
2024-04-04 19:00:00,476.60,437.77,-13.61,-687.53,-400.70,-254.30
2024-04-04 20:00:00,-311.20,392.54,-7.46,-93.30,-400.60,-216.20
2024-04-04 21:00:00,-616.49,268.99,191.16,-527.35,-387.60,175.80
2024-04-04 22:00:00,-979.10,-83.96,148.74,-561.84,133.22,475.80
2024-04-04 23:00:00,-862.60,-508.14,63.71,-200.45,123.89,436.60
2024-04-05 00:00:00,-825.60,-575.69,-35.76,-163.91,282.35,377.30
2024-04-05 01:00:00,-446.90,-395.06,-347.07,-569.21,389.75,520.90
2024-04-05 02:00:00,-634.69,-377.51,-23.34,-161.34,392.01,385.20
2024-04-05 03:00:00,51.40,377.16,-654.48,-111.37,392.04,10.50
2024-04-05 04:00:00,641.61,627.18,-675.49,-144.60,391.97,-12.20
2024-04-05 05:00:00,693.11,684.38,-216.82,247.73,388.02,-533.70
2024-04-05 06:00:00,932.32,714.40,-366.39,313.92,191.09,-275.10
2024-04-05 07:00:00,650.22,680.14,536.40,-208.78,-168.49,-11.50
2024-04-05 08:00:00,411.01,157.24,695.99,72.22,-276.77,474.30
2024-04-05 09:00:00,358.61,102.93,645.95,-81.06,-397.31,579.70
2024-04-05 10:00:00,14.82,133.51,604.89,142.37,-374.04,516.30
2024-04-05 11:00:00,-204.06,53.53,542.00,370.48,-171.76,122.20
2024-04-05 12:00:00,-755.10,492.16,468.88,677.31,308.85,-364.10
2024-04-05 13:00:00,-1208.08,236.74,612.43,683.89,394.30,-121.50
2024-04-05 14:00:00,-1621.73,-626.60,490.09,683.49,611.09,341.30
2024-04-05 15:00:00,-1417.96,-716.37,-107.99,681.47,683.73,97.70
2024-04-05 16:00:00,-973.82,-460.85,279.62,574.40,-484.83,-292.00
2024-04-05 17:00:00,-545.53,47.47,79.34,-47.60,-1330.57,75.00
2024-04-05 18:00:00,-515.02,289.20,278.83,-665.06,-1443.61,35.00
2024-04-05 19:00:00,-317.72,137.24,294.31,-701.93,-1406.36,-126.40
2024-04-05 20:00:00,-268.63,-419.96,191.34,-699.53,-1096.18,243.60
2024-04-05 21:00:00,-672.63,-702.88,15.80,-547.78,45.75,-87.80
2024-04-05 22:00:00,-1099.14,-713.08,154.79,-699.21,767.31,243.80
2024-04-05 23:00:00,-1050.24,-64.50,37.21,-702.68,782.26,285.00
2024-04-06 00:00:00,-621.14,25.09,-79.02,-702.70,782.19,163.40
2024-04-06 01:00:00,-184.03,-62.10,-470.67,-702.76,782.19,322.40
2024-04-06 02:00:00,23.17,188.91,-559.11,-702.75,782.19,129.20
2024-04-06 03:00:00,12.07,671.11,-604.43,-691.81,782.32,104.50
2024-04-06 04:00:00,-158.42,556.39,-756.55,-148.31,782.51,342.90
2024-04-06 05:00:00,102.17,514.12,-1334.21,522.78,776.91,484.90
2024-04-06 06:00:00,3.07,93.43,-186.54,415.82,515.47,69.90
2024-04-06 07:00:00,-627.43,-482.82,470.02,413.02,509.61,149.80
2024-04-06 08:00:00,-836.64,-685.63,1184.13,412.94,509.86,10.20
2024-04-06 09:00:00,-669.44,-544.90,1142.80,412.99,509.83,-0.30
2024-04-06 10:00:00,-1176.34,-248.53,1298.17,412.89,509.91,-0.30
2024-04-06 11:00:00,-1274.65,-266.18,1482.00,412.96,509.91,-0.30
2024-04-06 12:00:00,-1376.38,-280.43,1412.67,413.00,509.76,-0.30
2024-04-06 13:00:00,-1499.78,-472.21,1178.57,412.98,509.83,-0.20
2024-04-06 14:00:00,-1653.67,-716.62,1468.37,413.09,510.21,-0.30
2024-04-06 15:00:00,-1632.50,-730.38,698.98,409.31,510.35,-0.20
2024-04-06 16:00:00,-1343.03,-677.98,-18.53,209.54,506.32,19.70
2024-04-06 17:00:00,-1118.04,-376.69,61.20,-377.06,292.90,-0.10
2024-04-06 18:00:00,-1061.44,-427.55,64.99,-473.54,332.26,-0.30
2024-04-06 19:00:00,-1261.62,-470.75,104.82,-342.59,321.11,2.00
2024-04-06 20:00:00,-1403.07,-695.39,91.19,-151.93,507.02,56.70
2024-04-06 21:00:00,-1646.06,-444.86,51.34,-179.45,510.75,196.30
2024-04-06 22:00:00,-1645.48,-525.85,-50.68,283.16,507.05,20.10
2024-04-06 23:00:00,-1391.88,-377.50,-218.16,281.53,510.05,102.90
2024-04-07 00:00:00,-1547.70,-273.55,200.91,406.93,484.82,123.20
2024-04-07 01:00:00,-1643.86,118.10,20.92,409.84,483.03,87.30
2024-04-07 02:00:00,-1475.14,-464.59,541.98,404.92,472.80,132.10
2024-04-07 03:00:00,-1484.31,-299.25,494.19,29.35,386.07,119.70
2024-04-07 04:00:00,-1394.56,-217.23,434.93,-288.46,336.12,17.60
2024-04-07 05:00:00,-1566.43,-442.99,680.58,-69.07,276.91,186.60
2024-04-07 06:00:00,-1660.26,-311.56,1189.65,-409.54,-223.96,492.30
2024-04-07 07:00:00,-1666.87,-510.29,1298.66,-154.63,190.22,59.80
2024-04-07 08:00:00,-1666.84,-702.97,161.39,400.83,241.48,27.10
2024-04-07 09:00:00,-1667.25,-751.87,1185.11,412.90,381.89,-0.20
2024-04-07 10:00:00,-1667.18,-733.03,1357.97,412.84,368.89,-0.30
2024-04-07 11:00:00,-1667.14,-598.90,1458.18,412.77,412.38,-0.30
2024-04-07 12:00:00,-1666.34,-574.26,1446.35,412.86,478.15,13.90
2024-04-07 13:00:00,-1651.62,-205.83,1255.27,408.09,213.61,198.60
2024-04-07 14:00:00,-1583.98,-366.35,368.15,174.67,134.05,14.50
2024-04-07 15:00:00,-1535.11,-690.72,-15.16,55.52,281.02,-0.30
2024-04-07 16:00:00,-1378.74,-294.92,79.62,-298.90,133.37,-0.30
2024-04-07 17:00:00,-343.22,-26.03,-77.27,-477.96,-323.62,-0.30
2024-04-07 18:00:00,99.69,60.99,-160.97,-481.81,-477.71,-0.30
2024-04-07 19:00:00,419.46,-43.46,-109.49,-481.96,-476.05,-0.20
2024-04-07 20:00:00,325.40,160.22,-311.07,-481.95,-235.64,-0.30
2024-04-07 21:00:00,-49.41,37.26,-121.75,-482.03,-193.84,-0.30
2024-04-07 22:00:00,-178.63,-222.55,-490.89,-482.03,390.71,-0.30
2024-04-07 23:00:00,-361.64,-266.52,-284.30,-482.04,497.95,-0.30
2024-04-08 00:00:00,-72.44,-291.83,-96.65,-481.97,71.84,14.00
2024-04-08 01:00:00,-5.24,-229.52,-420.78,-481.99,499.58,62.80
2024-04-08 02:00:00,-333.73,146.77,-454.01,-481.96,508.72,73.50
2024-04-08 03:00:00,-321.24,140.44,-386.11,-479.93,485.14,87.20
2024-04-08 04:00:00,-56.41,468.02,-396.66,-389.65,255.32,8.90
2024-04-08 05:00:00,500.50,546.88,-411.49,-479.85,100.55,-0.30
2024-04-08 06:00:00,488.49,703.73,-413.59,-479.19,-237.79,-0.30
2024-04-08 07:00:00,133.49,700.33,-439.62,-350.07,-475.58,-0.30
2024-04-08 08:00:00,-378.41,667.90,-48.48,-479.00,-480.76,-0.30
2024-04-08 09:00:00,-349.81,694.60,-61.20,-481.70,-480.63,-0.30
2024-04-08 10:00:00,-185.71,549.07,227.74,-481.73,-480.66,71.00
2024-04-08 11:00:00,-186.20,704.66,159.67,-481.69,-480.60,423.40
2024-04-08 12:00:00,290.99,702.08,-363.64,-481.78,-470.88,495.30
2024-04-08 13:00:00,-171.14,606.01,-85.07,-468.14,-16.63,528.70
2024-04-08 14:00:00,214.66,708.32,-96.53,187.25,-262.35,31.40
2024-04-08 15:00:00,66.96,716.23,-303.32,414.14,349.83,-7.10
2024-04-08 16:00:00,999.92,689.76,-1518.73,678.96,684.20,-113.40
2024-04-08 17:00:00,1590.58,716.71,-1995.34,684.51,691.14,-325.70
2024-04-08 18:00:00,1622.39,716.69,-1810.35,684.23,689.87,-570.10
2024-04-08 19:00:00,1622.39,617.45,-1471.66,663.58,597.92,-596.10
2024-04-08 20:00:00,1622.42,706.37,-98.06,8.71,-361.52,-597.90
2024-04-08 21:00:00,1622.59,715.83,13.14,-7.16,-601.75,-555.70
2024-04-08 22:00:00,1622.34,713.84,154.46,-526.88,-279.78,-544.30
2024-04-08 23:00:00,1620.37,715.47,-937.61,116.31,68.92,-543.70
2024-04-09 00:00:00,1581.39,707.03,-1757.40,317.23,359.00,-409.60
2024-04-09 01:00:00,1530.31,585.69,-1833.19,464.10,360.91,-551.10
2024-04-09 02:00:00,1616.26,552.50,-2181.54,670.45,7.46,-555.90
2024-04-09 03:00:00,1603.95,459.26,-2280.35,638.53,0.00,-597.90
2024-04-09 04:00:00,1593.74,532.93,-2340.36,603.48,0.00,-597.50
2024-04-09 05:00:00,1177.03,413.82,-1184.89,-34.90,0.00,-543.10
2024-04-09 06:00:00,767.43,188.64,-140.50,-460.10,0.00,-507.70
2024-04-09 07:00:00,323.10,169.99,15.53,-104.94,0.00,-423.80
2024-04-09 08:00:00,-81.70,149.35,-267.60,494.72,0.00,-112.20
2024-04-09 09:00:00,-532.21,369.78,13.57,681.47,0.00,-143.80
2024-04-09 10:00:00,-987.58,90.36,-6.09,684.05,0.00,513.40
2024-04-09 11:00:00,-1398.03,425.17,356.59,680.72,0.00,390.40
2024-04-09 12:00:00,-1197.70,-65.51,885.73,542.13,0.00,375.00
2024-04-09 13:00:00,-813.53,290.63,24.33,485.59,0.00,532.30
2024-04-09 14:00:00,-129.24,-310.76,412.94,679.55,0.00,12.10
2024-04-09 15:00:00,175.26,386.52,37.04,671.52,0.00,-508.30
2024-04-09 16:00:00,679.86,289.52,-208.71,50.33,0.00,-527.60
2024-04-09 17:00:00,397.86,177.69,-28.32,-341.80,0.00,-361.50
2024-04-09 18:00:00,58.46,151.04,36.49,-194.85,0.00,-519.50
2024-04-09 19:00:00,-316.43,84.34,-96.94,-220.19,0.00,-382.50
2024-04-09 20:00:00,-767.33,-316.32,-30.20,-353.29,0.00,70.90
2024-04-09 21:00:00,-1224.34,-157.62,-295.40,-162.61,0.00,185.20
2024-04-09 22:00:00,-1633.92,-449.93,114.11,-270.69,0.00,479.50
2024-04-09 23:00:00,-1611.43,-244.99,-84.57,-386.63,0.00,575.70
2024-04-10 00:00:00,-1500.76,-133.31,-0.07,-656.07,0.00,486.60
2024-04-10 01:00:00,-1653.92,-46.74,9.84,-701.51,0.00,400.90
2024-04-10 02:00:00,-1663.66,-239.70,39.97,-702.36,0.00,344.80
2024-04-10 03:00:00,-1630.86,-124.08,58.32,-702.36,0.00,218.00
2024-04-10 04:00:00,-1663.33,-130.02,173.47,-702.46,0.00,384.60
2024-04-10 05:00:00,-1663.80,-175.51,50.04,-702.32,0.00,549.60
2024-04-10 06:00:00,-1630.05,390.28,-558.35,-702.40,0.00,586.20
2024-04-10 07:00:00,-1642.47,396.04,-624.99,-701.95,0.00,498.80
2024-04-10 08:00:00,-1659.80,-44.41,-342.56,-667.79,0.00,575.40
2024-04-10 09:00:00,-1663.78,-124.60,-358.78,-701.30,0.00,588.00
2024-04-10 10:00:00,-1645.03,-73.39,-438.88,-660.74,0.00,566.50
2024-04-10 11:00:00,-1657.49,-387.69,-478.94,-101.48,0.00,410.10
2024-04-10 12:00:00,-1516.59,-604.78,-540.93,319.92,0.00,253.10
2024-04-10 13:00:00,-1076.65,-587.54,-518.03,-7.89,0.00,96.20
2024-04-10 14:00:00,-616.75,-461.73,-541.58,-687.87,0.00,187.10
2024-04-10 15:00:00,-162.35,114.69,-997.07,-688.54,0.00,5.80
2024-04-10 16:00:00,285.66,678.14,-2246.89,-3.28,0.00,-266.10
2024-04-10 17:00:00,720.48,716.38,-2326.13,572.22,0.00,-519.10
2024-04-10 18:00:00,1005.65,716.33,-2152.09,670.13,0.00,-544.10
2024-04-10 19:00:00,1582.87,716.16,-2130.05,86.57,0.00,-571.90
2024-04-10 20:00:00,1460.31,696.89,-1813.59,-450.27,0.00,-587.40
2024-04-10 21:00:00,882.83,305.44,-1252.97,-332.74,0.00,-601.30
2024-04-10 22:00:00,96.12,35.93,20.48,-683.78,0.00,-537.70
2024-04-10 23:00:00,-225.88,-139.91,-163.07,-184.46,0.00,-399.70
2024-04-11 00:00:00,-483.38,-101.33,23.21,-659.72,0.00,-249.20
2024-04-11 01:00:00,-927.76,-58.04,50.06,-673.21,0.00,-112.10
2024-04-11 02:00:00,-1369.13,-163.35,-24.46,-522.70,0.00,150.00
2024-04-11 03:00:00,-1575.33,-563.81,-4.85,-677.16,0.00,533.20
2024-04-11 04:00:00,-1644.79,-364.41,-38.11,-701.90,0.00,497.80
2024-04-11 05:00:00,-1412.97,-356.62,-33.00,-702.08,0.00,386.40
2024-04-11 06:00:00,-1226.64,-95.17,-56.69,-702.42,0.00,226.90
2024-04-11 07:00:00,-1469.42,-181.71,181.03,-702.45,0.00,306.50
2024-04-11 08:00:00,-1653.46,476.95,21.28,-702.72,0.00,331.60
2024-04-11 09:00:00,-1666.43,283.04,161.91,-702.55,0.00,559.90
2024-04-11 10:00:00,-1652.60,258.21,33.09,-702.74,0.00,584.50
2024-04-11 11:00:00,-1423.58,154.00,334.40,-702.59,0.00,580.30
2024-04-11 12:00:00,-1040.35,-1.89,-85.70,-702.70,0.00,310.00
2024-04-11 13:00:00,-585.05,-412.84,-434.39,-702.67,-0.02,533.10
2024-04-11 14:00:00,-131.35,-13.67,-556.59,-703.11,-0.82,203.10
2024-04-11 15:00:00,298.17,322.18,-1150.84,-702.61,-0.92,85.10
2024-04-11 16:00:00,502.56,690.85,-1387.40,-698.89,-0.68,-59.30
2024-04-11 17:00:00,1190.54,715.98,-1719.10,-691.92,-0.62,196.40
2024-04-11 18:00:00,1597.51,715.96,-2447.02,-174.66,-0.61,319.50
2024-04-11 19:00:00,1623.21,715.96,-2203.96,-465.09,-0.65,431.20
2024-04-11 20:00:00,1623.07,715.98,-2220.48,-687.71,-0.64,446.80
2024-04-11 21:00:00,1603.48,715.94,-2179.43,-395.81,-0.76,297.30
2024-04-11 22:00:00,1335.53,715.41,-1536.35,-696.14,-0.92,318.60
2024-04-11 23:00:00,1372.72,707.04,-1426.99,-701.27,-0.88,298.90
2024-04-12 00:00:00,982.04,714.83,-1263.70,-621.43,-0.98,331.40
2024-04-12 01:00:00,568.02,706.84,-1077.46,-528.13,-1.08,393.50
2024-04-12 02:00:00,508.33,705.50,-1060.76,-688.60,-1.01,297.80
2024-04-12 03:00:00,-3.17,526.40,-885.68,-195.67,-1.01,18.80
2024-04-12 04:00:00,-38.77,44.30,-137.99,-470.13,-1.05,-16.00
2024-04-12 05:00:00,133.64,253.12,-61.19,-697.87,-0.96,-278.20
2024-04-12 06:00:00,90.73,36.76,-55.73,-689.52,-0.81,-430.10
2024-04-12 07:00:00,-360.59,-463.42,46.43,-50.40,-0.82,-566.60
2024-04-12 08:00:00,-1243.04,-716.52,606.69,622.27,-1.07,-501.80
2024-04-12 09:00:00,-1641.40,-732.31,1147.43,682.75,-1.07,-593.70
2024-04-12 10:00:00,-1642.27,-732.34,2192.03,683.50,-1.09,-531.30
2024-04-12 11:00:00,-1274.83,-732.21,1903.80,683.49,-1.23,-537.80
2024-04-12 12:00:00,-855.64,-732.39,953.77,681.81,-1.22,-540.60
2024-04-12 13:00:00,-888.15,-706.18,827.42,596.01,-0.97,-540.60
2024-04-12 14:00:00,-479.16,-346.29,98.19,569.90,0.00,-532.70
2024-04-12 15:00:00,-48.44,-18.08,-333.58,14.12,0.00,-366.80
2024-04-12 16:00:00,345.38,513.03,-1170.40,-636.30,0.00,396.20
2024-04-12 17:00:00,676.09,582.16,-1373.36,-701.57,0.00,327.70
2024-04-12 18:00:00,908.79,609.20,-1470.04,-702.64,0.00,187.00
2024-04-12 19:00:00,1031.99,656.66,-1853.60,-702.72,0.00,516.60
2024-04-12 20:00:00,1053.79,663.15,-1756.89,-698.88,0.00,549.70
2024-04-12 21:00:00,993.10,660.18,-1783.80,-522.21,0.00,564.00
2024-04-12 22:00:00,1094.99,697.45,-1803.61,-658.33,0.00,381.20
2024-04-12 23:00:00,886.70,712.61,-1637.99,-476.87,0.00,191.40
2024-04-13 00:00:00,681.79,583.68,-1011.87,-640.32,0.00,3.60
2024-04-13 01:00:00,358.89,581.62,-937.68,-290.67,0.00,-74.60
2024-04-13 02:00:00,412.39,564.52,-1016.07,-215.34,0.00,-72.60
2024-04-13 03:00:00,533.19,380.30,-1083.20,-260.98,0.00,7.70
2024-04-13 04:00:00,549.69,177.77,-638.46,-690.99,0.00,134.90
2024-04-13 05:00:00,791.18,182.80,-699.63,-585.07,0.00,125.30
2024-04-13 06:00:00,-75.33,-288.33,1.31,-161.06,0.00,230.30
2024-04-13 07:00:00,-1015.40,-494.16,861.19,146.38,0.71,232.10
2024-04-13 08:00:00,-1474.95,-461.51,1186.13,547.96,-0.92,555.30
2024-04-13 09:00:00,-1526.97,-417.62,2192.30,613.15,0.00,575.10
2024-04-13 10:00:00,-1489.75,-471.62,2351.77,625.75,0.00,513.60
2024-04-13 11:00:00,-1139.90,-487.42,2478.73,682.48,0.00,239.50
2024-04-13 12:00:00,-989.84,-500.85,2458.32,681.29,-0.86,155.50
2024-04-13 13:00:00,-852.54,-404.93,2270.32,550.12,-1.18,305.00
2024-04-13 14:00:00,-471.74,-422.34,1834.16,541.25,-1.47,217.60
2024-04-13 15:00:00,47.45,-274.73,337.88,247.53,-0.21,294.60
2024-04-13 16:00:00,961.76,192.89,-1114.42,148.52,0.00,-183.90
2024-04-13 17:00:00,1012.99,224.00,-677.54,-526.97,-0.27,-397.40
2024-04-13 18:00:00,476.83,157.17,-334.82,-699.05,-0.20,-554.40
2024-04-13 19:00:00,101.92,-172.89,-123.36,-702.56,0.00,-409.20
2024-04-13 20:00:00,-126.08,-230.29,-495.47,-696.68,0.00,-74.50
2024-04-13 21:00:00,-610.17,-491.74,-63.09,-696.78,0.00,92.40
2024-04-13 22:00:00,-882.19,-444.45,383.50,-695.25,0.00,-27.80
2024-04-13 23:00:00,-1465.60,-256.54,240.18,-631.16,0.00,517.20
2024-04-14 00:00:00,-1652.95,-59.60,146.43,-700.92,0.00,575.90
2024-04-14 01:00:00,-1665.50,-29.73,16.68,-702.71,0.00,574.10
2024-04-14 02:00:00,-1644.22,-13.06,71.65,-702.57,0.00,587.00
2024-04-14 03:00:00,-1105.41,-96.58,-107.33,-702.67,0.00,477.90
2024-04-14 04:00:00,-1622.71,53.61,-53.34,-702.63,0.00,525.30
2024-04-14 05:00:00,-1657.78,-432.24,361.49,-702.57,0.00,567.50
2024-04-14 06:00:00,-1544.89,-467.94,49.15,-693.90,0.00,467.50
2024-04-14 07:00:00,-1643.21,-444.56,405.05,-262.12,0.00,-22.30
2024-04-14 08:00:00,-1665.08,-504.98,864.05,154.59,-0.00,-117.70
2024-04-14 09:00:00,-1666.60,-509.47,1431.03,530.48,-0.23,213.40
2024-04-14 10:00:00,-1666.93,-509.49,2232.95,489.94,0.00,-43.60
2024-04-14 11:00:00,-1666.79,-509.54,2239.26,679.45,0.00,-89.10
2024-04-14 12:00:00,-1638.49,-509.41,2294.42,680.44,0.00,-78.50
2024-04-14 13:00:00,-1214.83,-509.57,1933.82,507.66,-0.78,-473.40
2024-04-14 14:00:00,-732.54,-509.55,1194.15,-168.24,-2.20,-176.40
2024-04-14 15:00:00,47.45,-480.49,-194.20,-691.02,-17.78,-447.90
2024-04-14 16:00:00,173.15,-87.41,-844.75,-702.59,-698.29,213.30
2024-04-14 17:00:00,594.65,-329.61,-1002.59,-702.50,-791.19,544.10
2024-04-14 18:00:00,1039.18,-255.15,-1258.28,-702.59,-541.60,503.60
2024-04-14 19:00:00,1470.90,-112.81,-1356.18,-702.69,-578.59,570.00
2024-04-14 20:00:00,1613.90,227.96,-2300.90,-702.69,398.12,444.80
2024-04-14 21:00:00,1622.67,249.29,-2499.50,-702.83,773.65,496.90
2024-04-14 22:00:00,1622.71,205.79,-2345.64,-702.73,781.16,580.50
2024-04-14 23:00:00,1623.45,202.26,-2393.09,-700.06,781.11,550.50
2024-04-15 00:00:00,1608.77,202.13,-2183.10,-549.83,781.06,406.70
2024-04-15 01:00:00,1415.25,202.00,-2255.38,73.92,781.04,307.20
2024-04-15 02:00:00,1096.89,201.87,-2112.66,593.10,780.59,221.30
2024-04-15 03:00:00,461.69,201.82,-1246.89,625.54,780.54,21.80
2024-04-15 04:00:00,27.69,201.27,-929.66,679.19,780.66,54.20
2024-04-15 05:00:00,0.00,189.88,-822.85,683.26,781.07,63.70
2024-04-15 06:00:00,0.00,179.37,-1224.49,683.91,776.05,115.20
2024-04-15 07:00:00,0.00,-108.58,-577.28,683.75,539.37,-368.80
2024-04-15 08:00:00,0.00,179.49,-951.75,678.73,451.28,-346.80
2024-04-15 09:00:00,0.00,201.96,-1174.33,433.78,360.35,19.90
2024-04-15 10:00:00,0.00,156.76,-988.07,185.81,20.88,232.40
2024-04-15 11:00:00,0.00,-442.56,124.64,-154.59,541.84,-235.50
2024-04-15 12:00:00,0.00,-410.96,233.01,-683.25,775.29,185.50
2024-04-15 13:00:00,0.00,-502.37,-186.72,-325.51,751.28,347.60
2024-04-15 14:00:00,0.00,-504.80,-483.51,154.41,780.44,-14.50
2024-04-15 15:00:00,0.00,-434.12,-871.65,672.99,778.91,-339.10
2024-04-15 16:00:00,0.00,-349.82,-896.13,682.92,667.49,-394.90
2024-04-15 17:00:00,0.00,-37.02,-720.83,629.42,213.24,-521.10
2024-04-15 18:00:00,0.00,170.06,-591.33,453.32,-132.58,-403.40
2024-04-15 19:00:00,0.00,-74.70,-130.96,197.10,3.15,-504.70
2024-04-15 20:00:00,0.00,-206.09,-559.94,349.92,320.40,-312.40
2024-04-15 21:00:00,0.00,-489.29,-93.57,675.80,678.57,-547.20
2024-04-15 22:00:00,0.00,-509.54,-113.61,658.37,779.05,-100.90
2024-04-15 23:00:00,0.00,-508.48,16.11,533.38,780.79,-35.60
2024-04-16 00:00:00,0.00,-471.00,81.51,581.57,779.08,-202.20
2024-04-16 01:00:00,0.00,-203.30,-77.87,278.70,757.08,-123.00
2024-04-16 02:00:00,0.00,-481.22,-35.24,467.05,779.70,-413.90
2024-04-16 03:00:00,0.00,-376.31,64.67,397.70,551.62,-470.50
2024-04-16 04:00:00,0.00,144.81,-537.10,159.63,0.00,104.90
2024-04-16 05:00:00,0.00,-112.52,-60.10,570.52,0.00,-109.30
2024-04-16 06:00:00,0.00,-482.57,545.49,668.30,0.00,-387.30
2024-04-16 07:00:00,0.00,-483.85,987.22,26.46,0.00,-499.10
2024-04-16 08:00:00,0.00,-329.78,-243.07,633.66,0.00,-366.30
2024-04-16 09:00:00,0.00,-495.89,-800.32,629.24,0.00,-230.60
2024-04-16 10:00:00,0.00,-308.42,-1090.86,681.07,0.00,-417.20
2024-04-16 11:00:00,0.00,-62.38,-1452.94,609.92,0.00,-3.70
2024-04-16 12:00:00,0.00,124.54,-1527.57,-49.32,-0.38,401.00
2024-04-16 13:00:00,0.00,201.84,-1327.61,-52.91,-65.97,-139.40
2024-04-16 14:00:00,0.00,201.85,-958.45,219.33,54.73,-477.60
2024-04-16 15:00:00,-0.20,197.47,-1809.35,624.40,533.80,-134.10
2024-04-16 16:00:00,-0.30,97.24,-1462.03,682.56,776.14,-181.60
2024-04-16 17:00:00,-0.30,-388.23,-787.86,678.67,780.94,63.80
2024-04-16 18:00:00,21.40,147.75,-609.87,413.94,752.71,-0.30
2024-04-16 19:00:00,308.50,-71.06,1178.50,-252.25,-354.79,-63.60
2024-04-16 20:00:00,329.40,183.22,917.45,-693.50,113.88,-152.40
2024-04-16 21:00:00,329.40,202.44,1015.07,-703.06,-321.23,-22.10
2024-04-16 22:00:00,329.50,202.21,532.65,-702.62,312.67,-94.80
2024-04-16 23:00:00,329.40,202.00,150.44,-681.58,594.81,123.80
2024-04-17 00:00:00,329.50,201.87,-30.42,-455.28,337.27,312.50
2024-04-17 01:00:00,329.40,201.78,-556.14,-70.41,532.73,148.20
2024-04-17 02:00:00,329.40,201.89,-1274.50,474.51,775.83,122.00
2024-04-17 03:00:00,329.50,189.43,-948.02,342.79,780.98,-96.30
2024-04-17 04:00:00,329.40,4.74,-647.45,568.11,781.20,-409.60
2024-04-17 05:00:00,329.50,2.20,-593.76,681.64,771.53,-346.30
2024-04-17 06:00:00,329.50,52.68,-501.68,683.93,297.47,-92.20
2024-04-17 07:00:00,329.50,192.36,-541.52,679.46,-97.07,123.40
2024-04-17 08:00:00,329.50,202.06,-609.99,455.94,-108.37,393.70
2024-04-17 09:00:00,329.60,201.99,-208.70,-0.06,306.15,191.10
2024-04-17 10:00:00,329.60,201.88,-1427.54,537.81,424.86,395.10
2024-04-17 11:00:00,329.60,201.88,-501.49,279.90,85.58,242.10
2024-04-17 12:00:00,329.60,201.68,-1117.49,639.13,577.00,-40.20
2024-04-17 13:00:00,329.60,193.42,-1430.40,677.41,526.04,291.70
2024-04-17 14:00:00,329.60,199.41,-1331.03,430.43,246.12,478.40
2024-04-17 15:00:00,329.70,199.84,-790.58,587.22,23.02,327.70
2024-04-17 16:00:00,329.60,200.93,-565.01,681.14,449.34,-285.50
2024-04-17 17:00:00,329.60,202.19,-943.26,646.40,563.91,287.50
2024-04-17 18:00:00,329.70,202.28,-538.54,411.18,467.42,299.70
2024-04-17 19:00:00,329.60,202.41,595.88,-238.07,-13.78,373.60
2024-04-17 20:00:00,329.70,202.47,-99.68,269.52,145.64,230.20
2024-04-17 21:00:00,329.70,202.31,249.10,-24.14,295.32,127.50
2024-04-17 22:00:00,329.70,202.15,-192.05,82.99,491.00,381.20
2024-04-17 23:00:00,329.70,201.97,-412.64,382.30,370.92,446.00
2024-04-18 00:00:00,329.70,201.82,-287.64,81.99,398.64,458.80
2024-04-18 01:00:00,329.80,201.82,-341.83,170.99,245.84,506.60
2024-04-18 02:00:00,329.70,201.91,-1120.54,671.28,561.32,480.20
2024-04-18 03:00:00,329.80,180.04,-926.42,643.39,776.27,96.10
2024-04-18 04:00:00,329.80,-19.37,-312.10,682.90,765.89,-458.70
2024-04-18 05:00:00,326.80,-356.65,798.97,679.24,35.35,-428.10
2024-04-18 06:00:00,285.80,-508.14,574.00,458.61,7.41,-171.70
2024-04-18 07:00:00,295.20,-449.93,814.06,678.70,-604.46,19.70
2024-04-18 08:00:00,278.80,-134.60,-816.20,681.51,527.87,213.00
2024-04-18 09:00:00,296.50,64.97,-982.86,582.08,531.59,259.50
2024-04-18 10:00:00,327.20,-215.34,-282.83,592.85,-312.27,381.70
2024-04-18 11:00:00,315.90,153.62,-756.26,679.73,-34.22,-39.60
2024-04-18 12:00:00,107.80,-90.52,-259.56,585.12,371.61,-343.20
2024-04-18 13:00:00,-121.00,-353.63,-58.88,674.74,701.83,-545.20
2024-04-18 14:00:00,-83.50,-301.51,-23.85,363.24,779.80,-334.30
2024-04-18 15:00:00,341.40,-131.04,-923.65,668.11,781.55,-97.10
2024-04-18 16:00:00,1087.90,-305.12,-1262.62,574.83,774.69,-159.40
2024-04-18 17:00:00,1149.80,-289.78,-1057.02,404.01,447.43,12.00
2024-04-18 18:00:00,1149.90,-53.47,-685.85,-201.16,411.40,227.40
2024-04-18 19:00:00,1150.00,174.65,-738.71,-153.27,199.44,446.10
2024-04-18 20:00:00,1150.30,200.43,-1278.83,10.34,577.23,538.40
2024-04-18 21:00:00,1150.10,202.38,-1980.24,669.17,697.83,377.60
2024-04-18 22:00:00,1124.70,202.35,-1646.75,673.83,779.53,-23.60
2024-04-18 23:00:00,734.10,164.49,-1246.26,683.54,781.16,-306.40
2024-04-19 00:00:00,293.30,-330.89,-512.64,677.77,780.73,-78.50
2024-04-19 01:00:00,-107.70,129.46,-358.68,392.00,780.49,-141.20
2024-04-19 02:00:00,-310.60,-342.54,136.49,572.12,780.60,-399.30
2024-04-19 03:00:00,55.10,-707.66,-104.27,519.71,780.51,-254.80
2024-04-19 04:00:00,278.40,-732.07,-15.90,414.21,779.61,-523.70
2024-04-19 05:00:00,712.40,-732.02,-16.42,-234.17,732.73,-540.60
2024-04-19 06:00:00,876.10,-732.30,336.03,-667.42,223.50,-534.50
2024-04-19 07:00:00,787.50,-730.72,762.13,-410.76,-772.47,-318.80
2024-04-19 08:00:00,823.70,-695.53,1121.81,-690.31,-1042.39,-508.10
2024-04-19 09:00:00,32.00,-525.40,1058.21,-418.48,-1247.73,-399.60
2024-04-19 10:00:00,-307.90,-604.91,901.22,221.79,-1371.19,-525.40
2024-04-19 11:00:00,-367.10,-723.66,351.10,673.76,-1051.21,-535.60
2024-04-19 12:00:00,-441.20,-706.89,120.83,683.23,-725.57,-538.70
2024-04-19 13:00:00,-841.80,-371.96,236.07,683.42,-606.77,-540.50
2024-04-19 14:00:00,-815.00,-686.74,-16.14,683.34,109.90,-518.30
2024-04-19 15:00:00,5.70,-419.23,-665.70,682.51,-234.42,-146.40
2024-04-19 16:00:00,481.70,-162.50,-1031.07,639.58,-1039.88,408.20
2024-04-19 17:00:00,913.70,172.30,-1008.27,547.01,-1444.84,331.60
2024-04-19 18:00:00,1135.50,202.30,-547.25,102.61,-1453.53,385.20
2024-04-19 19:00:00,1149.60,202.40,-613.65,380.22,-1453.91,481.70
2024-04-19 20:00:00,1134.10,200.11,-361.18,134.18,-1452.83,573.70
2024-04-19 21:00:00,881.50,128.16,-208.32,513.17,-1437.55,585.40
2024-04-19 22:00:00,461.70,-305.96,86.89,680.00,-635.10,554.30
2024-04-19 23:00:00,227.80,-186.67,-122.72,683.55,-30.46,551.80
2024-04-20 00:00:00,144.50,108.33,-412.76,683.47,196.06,563.00
2024-04-20 01:00:00,195.90,170.44,-669.64,683.57,308.95,570.20
2024-04-20 02:00:00,501.60,184.95,-840.16,683.56,247.22,491.70
2024-04-20 03:00:00,797.50,123.20,-860.57,683.50,340.62,247.10
2024-04-20 04:00:00,1065.10,151.27,-1085.65,683.06,270.48,355.30
2024-04-20 05:00:00,869.80,-0.48,-642.30,655.99,173.61,328.60
2024-04-20 06:00:00,692.50,-0.45,346.80,636.98,-777.05,273.50
2024-04-20 07:00:00,231.40,-0.29,269.24,682.42,-798.40,462.70
2024-04-20 08:00:00,-11.40,-0.48,-115.27,683.36,-798.40,428.50
2024-04-20 09:00:00,-474.30,-0.47,103.43,683.44,-796.13,369.80
2024-04-20 10:00:00,-1129.90,-0.48,728.60,683.59,-676.37,60.90
2024-04-20 11:00:00,-1176.30,-0.48,265.05,683.80,251.10,-318.20
2024-04-20 12:00:00,-1163.90,-0.48,-103.61,683.78,384.13,-210.10
2024-04-20 13:00:00,-964.80,-0.48,159.68,683.65,200.05,-518.20
2024-04-20 14:00:00,-788.60,-0.49,114.41,683.51,292.78,-501.60
2024-04-20 15:00:00,-328.20,-0.49,-364.87,683.51,82.20,11.50
2024-04-20 16:00:00,533.50,-0.49,-91.08,683.86,-778.87,-162.80
2024-04-20 17:00:00,1021.70,-0.49,-264.90,684.05,-798.15,-212.20
2024-04-20 18:00:00,1143.10,55.06,-279.21,683.70,-798.42,28.10
2024-04-20 19:00:00,1149.90,201.84,-316.10,683.64,-798.40,-92.30
2024-04-20 20:00:00,1150.30,201.82,-523.68,683.60,-795.44,-215.60
2024-04-20 21:00:00,1150.10,202.01,-585.62,671.59,-639.80,-372.00
2024-04-20 22:00:00,1150.20,200.94,-701.25,97.78,-260.73,-138.20
2024-04-20 23:00:00,1150.20,182.88,-1646.84,647.38,335.28,-312.70
2024-04-21 00:00:00,1146.50,187.69,-1294.43,483.31,51.02,-150.90
2024-04-21 01:00:00,1098.50,-2.98,-665.25,7.93,193.42,-95.70
2024-04-21 02:00:00,1122.20,26.09,-693.05,364.04,58.92,-178.50
2024-04-21 03:00:00,1015.10,-93.15,-691.58,676.55,63.85,-170.30
2024-04-21 04:00:00,595.60,122.00,-1170.73,683.38,386.78,238.50
2024-04-21 05:00:00,165.70,-170.36,-243.00,683.28,143.48,155.50
2024-04-21 06:00:00,-268.30,-313.88,35.27,683.36,338.92,95.60
2024-04-21 07:00:00,-714.70,-169.15,1348.46,683.18,-603.28,-282.40
2024-04-21 08:00:00,-796.40,-692.82,2412.61,683.14,-794.20,-546.30
2024-04-21 09:00:00,-336.10,-732.03,2339.93,683.03,-798.19,-601.20
2024-04-21 10:00:00,-336.90,-732.14,2487.18,682.72,-798.03,-601.40
2024-04-21 11:00:00,-337.00,-732.25,2417.71,657.20,-798.07,-597.60
2024-04-21 12:00:00,-337.00,-732.23,2255.75,666.95,-798.18,-544.30
2024-04-21 13:00:00,-336.90,-732.37,2007.94,502.64,-798.49,-534.60
2024-04-21 14:00:00,-337.00,-696.14,1511.83,526.00,-798.29,-439.80
2024-04-21 15:00:00,-272.10,-161.64,498.12,671.92,-798.54,-386.80
2024-04-21 16:00:00,160.90,181.06,-495.64,621.75,-797.21,-231.60
2024-04-21 17:00:00,328.20,681.17,-930.82,74.18,-735.33,168.90
2024-04-21 18:00:00,328.20,711.88,-604.65,-3.75,-797.14,14.60
2024-04-21 19:00:00,328.30,715.17,-545.77,-175.73,-798.49,190.20
2024-04-21 20:00:00,328.50,715.77,-286.64,58.43,-797.59,31.90
2024-04-21 21:00:00,328.30,715.95,-363.38,-136.44,-731.66,134.80
2024-04-21 22:00:00,328.40,716.17,-1142.54,464.42,139.09,-232.40
2024-04-21 23:00:00,328.50,716.18,-662.26,283.95,336.91,-335.10
2024-04-22 00:00:00,328.50,716.15,-845.53,141.10,345.55,-18.40
2024-04-22 01:00:00,328.50,716.29,-1647.28,667.49,528.85,-39.60
2024-04-22 02:00:00,328.40,716.36,-1862.07,679.24,636.48,72.70
2024-04-22 03:00:00,328.40,680.11,-2035.03,683.74,777.68,122.70
2024-04-22 04:00:00,328.50,141.80,-1248.02,679.73,776.77,-168.70
2024-04-22 05:00:00,328.40,-126.95,-757.52,462.65,582.17,2.00
2024-04-22 06:00:00,328.00,-141.53,-504.81,243.38,115.79,78.30
2024-04-22 07:00:00,321.50,-555.90,-17.28,571.92,-565.18,80.50
2024-04-22 08:00:00,327.10,-686.28,152.47,586.64,-651.81,141.00
2024-04-22 09:00:00,328.30,-247.10,-595.72,586.62,-692.54,126.00
2024-04-22 10:00:00,328.50,-577.82,-107.20,586.62,-694.35,31.70
2024-04-22 11:00:00,328.40,-701.14,265.63,585.87,-727.61,-0.30
2024-04-22 12:00:00,328.40,-399.59,123.58,552.08,-708.70,2.50
2024-04-22 13:00:00,313.50,-660.35,-207.25,567.58,-226.46,48.90
2024-04-22 14:00:00,71.80,-724.79,223.30,588.04,-33.58,-30.70
2024-04-22 15:00:00,-268.10,-680.44,501.23,676.52,624.14,-506.10
2024-04-22 16:00:00,13.50,-712.72,429.36,683.28,763.79,-529.50
2024-04-22 17:00:00,125.90,-476.33,73.34,683.64,780.44,-351.20
2024-04-22 18:00:00,315.60,-246.44,-351.59,683.57,781.07,-64.50
2024-04-22 19:00:00,328.20,-681.25,548.34,683.63,781.01,-451.50
2024-04-22 20:00:00,328.20,-472.61,222.36,683.55,781.08,-411.40
2024-04-22 21:00:00,328.40,-255.39,204.74,675.50,781.13,-552.90
2024-04-22 22:00:00,328.20,344.01,-199.24,285.63,781.03,-258.50
2024-04-22 23:00:00,328.40,693.72,-900.37,378.86,781.30,-179.00
2024-04-23 00:00:00,328.20,716.13,-1539.69,643.87,781.49,-1.60
2024-04-23 01:00:00,328.30,716.29,-2079.45,680.49,781.49,131.00
2024-04-23 02:00:00,328.50,703.30,-2371.38,683.77,781.61,177.70
2024-04-23 03:00:00,328.40,473.73,-2025.27,675.65,781.28,-77.90
2024-04-23 04:00:00,328.50,-140.09,-1206.65,680.31,781.45,-566.30
2024-04-23 05:00:00,328.00,-448.54,-817.75,499.78,780.35,-597.40
2024-04-23 06:00:00,317.90,-252.43,-680.39,-138.20,730.17,-544.60
2024-04-23 07:00:00,289.80,-131.93,-1580.84,467.65,540.80,-528.00
2024-04-23 08:00:00,272.50,-170.81,-982.06,463.86,406.04,-522.60
2024-04-23 09:00:00,270.50,209.35,-1181.91,433.45,183.07,-249.20
2024-04-23 10:00:00,261.10,368.57,-635.69,415.59,-678.11,-253.70
2024-04-23 11:00:00,257.00,576.65,-842.57,406.95,-644.17,-66.40
2024-04-23 12:00:00,289.00,520.93,-1316.40,273.91,-358.19,268.80
2024-04-23 13:00:00,293.80,330.25,-1799.27,411.92,432.02,-244.90
2024-04-23 14:00:00,325.80,333.24,-1672.54,427.92,774.29,-580.70
2024-04-23 15:00:00,328.10,0.36,-1416.43,468.94,781.28,-135.10
2024-04-23 16:00:00,328.10,-224.83,-1548.53,679.18,781.24,-126.50
2024-04-23 17:00:00,328.10,-297.81,-1097.00,683.68,781.03,-521.00
2024-04-23 18:00:00,328.20,-515.12,-743.89,683.55,781.09,-513.00
2024-04-23 19:00:00,328.30,-239.21,-971.57,680.77,778.88,-485.00
2024-04-23 20:00:00,328.10,277.33,-1505.03,680.55,725.31,-487.30
2024-04-23 21:00:00,328.20,574.54,-2037.96,566.37,774.72,-204.30
2024-04-23 22:00:00,328.30,495.62,-2295.15,634.89,537.20,273.20
2024-04-23 23:00:00,327.90,585.17,-2368.12,558.33,619.62,266.30
2024-04-24 00:00:00,328.30,592.68,-2334.67,616.18,680.27,107.70
2024-04-24 01:00:00,328.20,485.63,-2388.52,682.11,607.94,295.10
2024-04-24 02:00:00,328.30,347.21,-2118.20,682.53,776.85,-57.80
2024-04-24 03:00:00,328.30,-112.59,-1344.55,637.77,780.32,-199.30
2024-04-24 04:00:00,328.20,-491.18,-575.98,613.43,780.64,-442.70
2024-04-24 05:00:00,323.00,-715.50,-269.75,456.20,770.40,-331.40
2024-04-24 06:00:00,253.70,-696.02,238.91,135.29,251.09,89.00
2024-04-24 07:00:00,322.70,-468.75,751.23,293.95,-482.81,34.90
2024-04-24 08:00:00,328.30,-712.51,1260.89,459.74,-489.95,-209.60
2024-04-24 09:00:00,328.20,-729.38,557.48,473.93,-51.07,10.90
2024-04-24 10:00:00,328.20,-676.42,844.24,490.78,-414.31,-31.20
2024-04-24 11:00:00,328.20,-436.13,920.58,493.22,-621.42,-7.00
2024-04-24 12:00:00,328.30,-591.91,1269.03,509.93,-720.34,-83.70
2024-04-24 13:00:00,328.10,-629.87,1174.95,541.20,-721.28,-150.10
2024-04-24 14:00:00,328.19,-506.16,1254.07,556.27,-796.40,-252.90
2024-04-24 15:00:00,327.91,-538.87,1055.45,543.73,-738.44,68.90
2024-04-24 16:00:00,326.70,-316.46,-152.21,601.90,608.89,-422.00
2024-04-24 17:00:00,327.70,-86.05,-822.02,669.06,778.30,-252.60
2024-04-24 18:00:00,355.40,-119.46,-1131.81,679.13,780.19,126.80
2024-04-24 19:00:00,772.00,-49.78,-786.82,476.06,730.88,-310.20
2024-04-24 20:00:00,1197.01,57.36,-1093.86,532.40,144.51,70.90
2024-04-24 21:00:00,1301.75,542.59,-1686.46,635.66,355.95,-0.40
2024-04-24 22:00:00,940.00,339.62,-660.98,373.41,356.54,-137.90
2024-04-24 23:00:00,926.90,69.77,-323.06,32.37,664.61,-90.60
2024-04-25 00:00:00,984.70,41.01,-973.15,589.30,712.71,-64.80
2024-04-25 01:00:00,1132.86,144.09,-969.15,530.51,737.20,-259.80
2024-04-25 02:00:00,1437.97,-218.20,-776.36,519.85,756.69,-403.90
2024-04-25 03:00:00,1483.56,-350.82,-972.10,663.03,780.17,-453.40
2024-04-25 04:00:00,1556.63,-384.24,-1039.02,525.14,780.89,-514.60
2024-04-25 05:00:00,1560.96,-671.64,-628.96,410.05,781.06,-530.40
2024-04-25 06:00:00,1341.36,-634.04,-1008.99,530.19,774.48,-226.00
2024-04-25 07:00:00,1226.52,-635.94,-691.16,586.79,458.51,-243.30
2024-04-25 08:00:00,1189.19,-692.38,-397.94,676.04,159.22,-238.40
2024-04-25 09:00:00,1028.60,-492.04,-700.16,424.71,213.38,144.10
2024-04-25 10:00:00,755.10,-165.71,-381.63,627.49,-95.36,-271.80
2024-04-25 11:00:00,270.40,-119.42,475.03,673.20,-393.14,-511.50
2024-04-25 12:00:00,46.90,-46.97,864.03,595.68,-590.33,-507.40
2024-04-25 13:00:00,445.80,-643.48,939.34,544.92,-442.64,-425.40
2024-04-25 14:00:00,836.30,-286.06,205.58,677.63,-559.79,-248.80
2024-04-25 15:00:00,955.40,68.73,-551.83,538.78,-17.71,-284.10
2024-04-25 16:00:00,1249.33,-92.40,-1096.46,680.56,272.44,-276.70
2024-04-25 17:00:00,1597.50,-160.04,-1874.63,683.85,766.50,-309.50
2024-04-25 18:00:00,1621.03,-127.25,-1668.46,683.90,574.90,-376.20
2024-04-25 19:00:00,1610.03,-112.30,-1577.38,673.58,401.41,-249.90
2024-04-25 20:00:00,1464.26,273.74,-1101.34,163.64,356.95,-304.70
2024-04-25 21:00:00,1564.40,527.04,-1427.19,-8.06,162.40,-265.10
2024-04-25 22:00:00,1346.22,616.22,-456.29,-568.71,15.99,-160.90
2024-04-25 23:00:00,1602.49,635.41,-1720.73,-78.79,145.68,295.80
2024-04-26 00:00:00,1621.84,696.61,-2221.36,404.68,77.20,164.70
2024-04-26 01:00:00,1622.11,691.17,-2006.07,191.69,-60.34,255.40
2024-04-26 02:00:00,1622.08,686.71,-1879.06,-433.33,142.10,327.20
2024-04-26 03:00:00,1621.92,554.94,-2289.51,-150.22,595.62,49.40
2024-04-26 04:00:00,1618.89,274.37,-2354.27,-224.19,1022.12,-250.60
2024-04-26 05:00:00,1587.84,-120.66,-1381.38,39.24,461.79,-516.10
2024-04-26 06:00:00,1602.36,-248.21,-19.57,-361.76,-448.84,-502.50
2024-04-26 07:00:00,1413.42,-132.35,121.17,-476.37,-791.10,-128.40
2024-04-26 08:00:00,1020.15,-40.01,-736.66,196.13,-798.32,259.80
2024-04-26 09:00:00,540.93,88.05,-1084.83,472.18,-798.16,349.60
2024-04-26 10:00:00,99.54,-185.89,-772.35,676.34,-798.48,384.40
2024-04-26 11:00:00,-218.06,-257.13,-196.12,565.25,-798.33,480.20
2024-04-26 12:00:00,63.51,231.51,-994.26,680.76,-798.24,483.50
2024-04-26 13:00:00,202.94,-239.00,-561.32,679.09,-795.48,389.60
2024-04-26 14:00:00,642.55,103.38,-1017.55,467.74,-791.21,545.40
2024-04-26 15:00:00,1488.22,482.87,-2083.91,584.42,-455.08,148.20
2024-04-26 16:00:00,1617.40,608.08,-2056.46,399.74,-122.45,-265.50
2024-04-26 17:00:00,1616.40,573.56,-2161.02,257.64,668.63,-522.70
2024-04-26 18:00:00,1551.67,681.87,-2297.08,42.55,1013.38,-406.00
2024-04-26 19:00:00,1612.17,704.68,-2023.97,304.37,542.74,-410.90
2024-04-26 20:00:00,1619.84,715.56,-1872.47,620.90,-40.40,-131.80
2024-04-26 21:00:00,1620.73,716.34,-1230.94,13.38,169.18,-270.00
2024-04-26 22:00:00,1622.41,716.43,-887.17,67.07,-304.16,-135.30
2024-04-26 23:00:00,1622.82,716.74,-1468.30,651.51,-182.11,-105.50
2024-04-27 00:00:00,1622.63,716.42,-1305.01,683.55,-355.40,-63.00
2024-04-27 01:00:00,1622.80,716.37,-2024.00,684.00,274.73,-8.50
2024-04-27 02:00:00,1622.97,716.34,-2321.15,683.96,563.50,-65.90
2024-04-27 03:00:00,1603.20,684.73,-2309.18,682.33,574.85,-176.90
2024-04-27 04:00:00,1292.73,234.41,-1320.22,591.79,599.04,-290.70
2024-04-27 05:00:00,853.50,200.26,-79.81,-45.60,60.53,79.40
2024-04-27 06:00:00,407.79,146.35,1556.84,-564.47,-722.07,337.40
2024-04-27 07:00:00,-40.31,-171.10,1970.45,-324.52,-796.71,559.90
2024-04-27 08:00:00,-487.31,178.76,1922.36,-342.43,-798.11,588.10
2024-04-27 09:00:00,-878.61,-449.63,2389.84,329.86,-797.94,575.90
2024-04-27 10:00:00,-1374.29,-333.33,1971.62,630.67,-798.25,575.00
2024-04-27 11:00:00,-1073.88,-455.14,1994.65,682.54,-798.30,377.40
2024-04-27 12:00:00,-971.64,-712.02,2446.61,683.79,-798.01,204.20
2024-04-27 13:00:00,-581.94,-731.91,2355.96,670.58,-798.16,24.20
2024-04-27 14:00:00,-131.44,-712.44,2331.12,-0.62,-798.34,169.70
2024-04-27 15:00:00,328.56,-392.18,1698.73,-687.78,-798.48,421.40
2024-04-27 16:00:00,936.16,161.66,210.50,-702.02,-798.63,462.10
2024-04-27 17:00:00,1219.67,199.74,-467.45,-672.26,-790.87,390.60
2024-04-27 18:00:00,1595.66,199.74,-1518.81,-627.01,-429.38,329.60
2024-04-27 19:00:00,1617.67,198.57,-1304.52,-701.09,-801.69,455.30
2024-04-27 20:00:00,1582.90,194.65,-859.09,-702.73,-1366.38,488.30
2024-04-27 21:00:00,1111.98,137.50,-429.14,-687.86,-1380.47,276.60
2024-04-27 22:00:00,682.15,167.89,-132.47,-262.34,-1161.76,-269.20
2024-04-27 23:00:00,343.13,9.16,-293.13,-226.65,-642.44,75.30
2024-04-28 00:00:00,0.03,-38.10,297.33,-154.08,-784.55,368.00
2024-04-28 01:00:00,-433.81,-208.25,1171.51,95.40,-273.63,-144.00
2024-04-28 02:00:00,-828.71,-390.36,950.26,645.17,308.22,-268.80
2024-04-28 03:00:00,-887.81,-490.76,627.42,683.56,711.48,-223.60
2024-04-28 04:00:00,-1136.01,-466.54,844.00,683.94,296.37,147.70
2024-04-28 05:00:00,-1128.95,-707.70,1623.95,683.86,209.54,-9.50
2024-04-28 06:00:00,-1434.36,-481.18,2040.81,672.57,-565.58,462.50
2024-04-28 07:00:00,-1618.01,-699.67,1710.83,683.45,24.16,279.00
2024-04-28 08:00:00,-1665.99,-642.45,2348.56,683.59,-779.42,380.10
2024-04-28 09:00:00,-1666.81,-725.55,2289.64,683.58,-798.01,-4.20
2024-04-28 10:00:00,-1635.92,-481.24,2276.84,683.14,-798.19,24.30
2024-04-28 11:00:00,-1666.20,-275.39,2433.00,668.52,-798.03,299.60
2024-04-28 12:00:00,-1668.92,-257.32,2388.99,669.04,-798.18,444.80
2024-04-28 13:00:00,-1649.94,-340.92,2325.69,578.98,-798.10,495.90
2024-04-28 14:00:00,-1347.93,-697.78,2221.81,681.31,-798.16,539.30
2024-04-28 15:00:00,-879.85,-550.71,1803.06,683.44,-803.60,56.90
2024-04-28 16:00:00,-136.65,152.35,137.08,649.25,-1052.83,440.60
2024-04-28 17:00:00,603.35,202.13,166.24,-17.17,-1445.14,564.30
2024-04-28 18:00:00,700.17,214.52,316.77,-495.01,-1453.01,400.40
2024-04-28 19:00:00,897.27,369.05,-39.64,-698.70,-1406.06,161.10
2024-04-28 20:00:00,905.07,104.13,-61.32,-702.93,-1452.77,15.70
2024-04-28 21:00:00,292.98,39.91,-32.82,-702.94,-1452.15,264.80
2024-04-28 22:00:00,467.36,-73.44,-592.80,-702.73,-1348.29,527.10
2024-04-28 23:00:00,615.09,-248.13,-751.17,-702.76,-989.94,410.10
2024-04-29 00:00:00,952.53,-268.75,-846.45,-702.73,-790.98,221.70
2024-04-29 01:00:00,1561.70,143.07,-1448.18,-702.38,-880.77,255.40
2024-04-29 02:00:00,1619.50,199.56,-2084.17,-681.63,-112.78,281.80
2024-04-29 03:00:00,1620.92,201.69,-2181.39,-697.56,624.31,209.40
2024-04-29 04:00:00,1620.92,201.76,-2223.44,-644.36,999.94,103.30
2024-04-29 05:00:00,1619.97,202.04,-1799.05,-14.04,377.03,-282.20
2024-04-29 06:00:00,1517.30,202.24,-1283.15,0.00,-888.09,-131.10
2024-04-29 07:00:00,999.54,202.10,-790.74,0.00,-1442.09,-306.00
2024-04-29 08:00:00,170.17,202.04,-616.65,0.00,-1453.41,284.00
2024-04-29 09:00:00,126.46,202.00,-928.68,0.00,-1453.46,298.60
2024-04-29 10:00:00,-529.14,190.46,16.43,0.00,-1453.72,292.70
2024-04-29 11:00:00,-553.79,28.53,941.47,0.00,-1453.38,291.50
2024-04-29 12:00:00,-82.28,121.08,684.98,0.00,-1439.27,271.80
2024-04-29 13:00:00,863.23,197.46,-1030.84,0.00,-740.77,-183.10
2024-04-29 14:00:00,1093.95,202.29,-1695.03,0.00,60.73,-153.00
2024-04-29 15:00:00,1355.95,202.33,-2485.51,0.00,1046.78,-113.00
2024-04-29 16:00:00,1432.50,202.38,-2253.50,0.00,1398.50,-217.60
2024-04-29 17:00:00,1609.11,202.30,-2233.30,0.00,1405.36,-128.20
2024-04-29 18:00:00,1621.73,202.16,-2085.32,0.00,1396.42,57.90
2024-04-29 19:00:00,1621.71,202.13,-1758.70,0.00,963.30,206.10
2024-04-29 20:00:00,1622.05,202.08,-1587.31,0.00,465.25,152.20
2024-04-29 21:00:00,1622.05,201.99,-1186.87,0.00,37.44,-276.60
2024-04-29 22:00:00,1621.70,201.96,-906.43,0.00,-889.93,4.80
2024-04-29 23:00:00,1614.70,199.52,-905.69,0.00,-654.60,-385.10
2024-04-30 00:00:00,1617.24,190.49,-885.38,0.00,-550.73,-459.00
2024-04-30 01:00:00,1558.28,97.40,-878.08,0.00,-514.61,-423.10
2024-04-30 02:00:00,1465.94,92.29,-865.63,0.00,-500.87,-491.00
2024-04-30 03:00:00,1611.22,151.37,-1249.48,0.00,-789.28,-363.20
2024-04-30 04:00:00,1590.06,-154.78,-855.92,0.00,-590.43,-526.80
2024-04-30 05:00:00,1100.10,168.09,-676.57,0.00,-538.10,-468.60
2024-04-30 06:00:00,947.41,154.26,-470.66,0.00,-1413.63,211.10
2024-04-30 07:00:00,1000.02,-120.65,-145.68,0.00,-1453.71,107.40
2024-04-30 08:00:00,203.81,159.03,-117.73,0.00,-1453.88,424.00
2024-04-30 09:00:00,-215.78,-125.40,356.27,0.00,-1453.85,301.10
2024-04-30 10:00:00,-498.17,-112.43,1385.34,0.00,-1453.76,-160.40
2024-04-30 11:00:00,-741.79,203.96,956.58,0.00,-1452.83,18.90
2024-04-30 12:00:00,-812.38,-75.95,1129.73,0.00,-1400.46,-84.20
2024-04-30 13:00:00,-482.17,-342.58,594.07,0.00,-1038.90,-397.90
2024-04-30 14:00:00,-706.05,-342.34,-130.62,0.00,-585.53,102.70
2024-04-30 15:00:00,170.42,73.30,-691.84,0.00,-1433.78,491.40
2024-04-30 16:00:00,372.73,164.97,-673.85,0.00,-1436.73,337.50
2024-04-30 17:00:00,1015.82,182.61,-706.99,0.00,-1453.73,222.40
2024-04-30 18:00:00,1201.62,112.42,-625.98,0.00,-1453.75,173.70
2024-04-30 19:00:00,1294.73,0.33,-722.51,0.00,-1453.94,306.50
2024-04-30 20:00:00,1142.82,-96.00,-854.23,0.00,-1454.03,545.40
2024-04-30 21:00:00,936.02,122.26,-897.96,0.00,-1452.09,548.30
2024-04-30 22:00:00,690.81,174.36,-950.78,0.00,-1344.07,585.30
2024-04-30 23:00:00,426.82,85.87,-1016.02,0.00,-755.85,578.60
2024-05-01 00:00:00,301.43,-61.91,-1000.63,0.00,-165.37,489.00
2024-05-01 01:00:00,348.43,-66.13,-950.14,0.00,12.37,453.70
2024-05-01 02:00:00,798.35,60.58,-613.91,0.00,-954.38,459.90
2024-05-01 03:00:00,501.44,149.67,-238.55,0.00,-1179.20,572.00
2024-05-01 04:00:00,-141.97,-198.28,165.88,0.00,-229.54,493.00
2024-05-01 05:00:00,-62.98,173.16,284.63,0.00,-656.46,244.10
2024-05-01 06:00:00,-724.88,201.96,1587.16,0.00,-1436.42,225.70
2024-05-01 07:00:00,-912.07,202.00,1134.16,0.00,-1454.02,567.40
2024-05-01 08:00:00,-1525.96,202.01,1790.78,0.00,-1453.91,587.90
2024-05-01 09:00:00,-1476.59,193.27,2214.02,0.00,-1453.99,587.70
2024-05-01 10:00:00,-1629.31,82.48,2420.86,0.00,-1453.70,587.80
2024-05-01 11:00:00,-1282.07,193.72,2149.47,0.00,-1453.63,587.70
2024-05-01 12:00:00,-1117.48,122.26,2015.54,0.00,-1453.58,587.80
2024-05-01 13:00:00,-1556.93,129.65,2471.96,0.00,-1453.18,587.70
2024-05-01 14:00:00,-1573.85,-0.07,2377.21,0.00,-1453.14,587.70
2024-05-01 15:00:00,-1195.50,-159.91,1707.97,0.00,-1453.87,586.30
2024-05-01 16:00:00,-386.73,142.26,255.71,0.00,-1454.00,556.70
2024-05-01 17:00:00,51.87,199.66,371.62,0.00,-1453.92,412.00
2024-05-01 18:00:00,190.46,202.36,219.69,0.00,-1454.09,440.90
2024-05-01 19:00:00,19.48,202.35,120.58,0.00,-1454.28,447.60
2024-05-01 20:00:00,-212.95,196.83,-113.23,0.00,-1454.30,571.10
2024-05-01 21:00:00,-295.85,121.75,11.13,0.00,-1454.29,444.00
2024-05-01 22:00:00,-477.76,196.25,5.27,0.00,-1454.22,552.50
2024-05-01 23:00:00,-665.07,202.24,43.87,0.00,-1448.63,571.50
2024-05-02 00:00:00,-776.86,202.16,89.35,0.00,-1178.34,370.90
2024-05-02 01:00:00,-710.36,202.06,-98.99,0.00,-961.31,178.00
2024-05-02 02:00:00,-402.26,199.80,12.56,0.00,-1151.06,49.50
2024-05-02 03:00:00,-114.75,155.71,-25.69,0.00,-1396.42,234.70
2024-05-02 04:00:00,-224.83,11.73,25.18,0.00,-905.04,69.10
2024-05-02 05:00:00,-110.84,188.66,34.36,0.00,-1441.48,327.50
2024-05-02 06:00:00,-422.55,202.07,14.18,0.00,-1453.78,566.40
2024-05-02 07:00:00,-759.56,196.11,12.99,0.00,-1453.86,547.70
2024-05-02 08:00:00,-1144.66,88.33,8.05,0.00,-1453.41,577.00
2024-05-02 09:00:00,-1581.44,-243.50,1255.73,0.00,-1453.52,514.80
2024-05-02 10:00:00,-1629.31,-123.37,1756.75,0.00,-1453.21,578.60
2024-05-02 11:00:00,-1573.48,-132.51,2325.50,0.00,-1453.48,586.80
2024-05-02 12:00:00,-1596.79,-152.48,877.58,-0.06,-1453.93,583.60
2024-05-02 13:00:00,-1661.08,-176.17,1118.32,7.71,-1453.97,450.90
2024-05-02 14:00:00,-1589.87,-186.79,-297.73,623.07,-1453.75,153.30
2024-05-02 15:00:00,-1190.75,25.77,7.05,6.10,-1453.91,323.50
2024-05-02 16:00:00,-755.34,30.41,-46.35,-1.50,-1454.08,434.90
2024-05-02 17:00:00,-322.35,176.89,-79.92,-1.50,-1453.91,533.20
2024-05-02 18:00:00,437.39,-20.22,5.41,-1.50,-1454.08,54.10
2024-05-02 19:00:00,598.49,-195.01,-4.49,-1.49,-1454.02,27.80
2024-05-02 20:00:00,514.48,-78.05,-89.60,-1.47,-1454.49,-123.70
2024-05-02 21:00:00,-49.22,171.44,-157.24,-12.41,-1441.03,-18.20
2024-05-02 22:00:00,-63.91,5.93,-46.52,-686.29,-813.08,-15.80
2024-05-02 23:00:00,-59.41,-94.46,58.97,-702.88,-798.86,-145.50
2024-05-03 00:00:00,-67.83,172.19,-106.32,-701.76,-798.77,-179.80
2024-05-03 01:00:00,-65.11,152.96,-18.86,-646.07,-798.75,-236.30
2024-05-03 02:00:00,-66.32,-205.43,-29.36,-198.50,-798.92,-290.50
2024-05-03 03:00:00,-83.81,163.78,27.52,-691.31,-798.83,-108.90
2024-05-03 04:00:00,-43.62,66.17,105.38,-702.66,-798.88,105.90
2024-05-03 05:00:00,321.81,58.35,-79.56,-702.74,-812.06,65.00
2024-05-03 06:00:00,649.89,41.17,-34.33,-702.52,-1439.84,42.20
2024-05-03 07:00:00,717.96,-39.37,-266.67,-702.49,-1454.03,-34.20
2024-05-03 08:00:00,514.96,-18.09,-221.13,-702.45,-1454.20,-65.80
2024-05-03 09:00:00,454.06,-115.78,-222.47,-702.51,-1453.74,38.40
2024-05-03 10:00:00,208.26,-99.94,-281.23,-702.55,-1453.79,248.70
2024-05-03 11:00:00,-121.97,55.34,-339.14,-702.45,-1453.64,556.60
2024-05-03 12:00:00,-82.37,-39.55,-392.66,-698.80,-1453.73,469.70
2024-05-03 13:00:00,340.35,-48.88,-552.82,-526.69,-1453.51,208.30
2024-05-03 14:00:00,809.95,185.39,-963.93,-692.79,-1432.12,482.40
2024-05-03 15:00:00,1564.50,202.32,-2043.53,-399.33,-688.42,415.40
2024-05-03 16:00:00,1622.72,202.34,-1725.15,264.52,-576.49,250.30
2024-05-03 17:00:00,1622.48,202.33,-2109.16,674.05,-19.78,130.70
2024-05-03 18:00:00,1622.93,202.34,-1951.49,626.94,42.91,62.40
2024-05-03 19:00:00,1622.60,202.32,-1089.47,46.25,33.17,5.00
2024-05-03 20:00:00,1622.74,202.28,-1170.36,28.65,112.30,-150.40
2024-05-03 21:00:00,1622.83,202.18,-1655.71,234.94,573.95,-78.70
2024-05-03 22:00:00,1622.84,202.14,-1627.16,33.65,503.02,-73.70
2024-05-03 23:00:00,1622.78,202.16,-1908.28,340.87,725.71,-115.10
2024-05-04 00:00:00,1622.91,202.07,-1329.29,-46.80,542.18,-128.00
2024-05-04 01:00:00,1622.64,202.11,-1248.76,-209.60,689.89,-73.80
2024-05-04 02:00:00,1622.51,202.05,-1500.66,-33.80,928.40,-60.90
2024-05-04 03:00:00,1622.78,202.02,-1497.83,-84.72,970.39,88.80
2024-05-04 04:00:00,1622.63,202.06,-1797.47,416.73,927.19,-145.70
2024-05-04 05:00:00,1622.65,201.98,-1258.74,380.00,224.00,19.30
2024-05-04 06:00:00,1622.46,202.06,-259.35,34.40,-215.12,-136.80
2024-05-04 07:00:00,1608.27,202.03,67.02,-19.24,-786.01,25.00
2024-05-04 08:00:00,1396.03,194.92,-21.71,265.81,-798.57,173.00
2024-05-04 09:00:00,1256.27,88.25,-157.35,296.17,-798.74,362.50
2024-05-04 10:00:00,631.40,175.30,-7.01,666.19,-795.56,320.10
2024-05-04 11:00:00,-167.71,11.67,1428.79,231.07,-649.34,237.70
2024-05-04 12:00:00,319.70,-172.83,1578.73,-88.23,-527.57,165.20
2024-05-04 13:00:00,943.07,202.12,864.27,-689.14,-768.31,280.10
2024-05-04 14:00:00,1380.43,202.06,-103.70,-699.81,161.41,-297.50
2024-05-04 15:00:00,1607.72,202.06,134.13,-553.36,-306.60,-231.20
2024-05-04 16:00:00,1621.67,202.06,-617.77,26.70,26.75,-183.70
2024-05-04 17:00:00,1621.86,202.05,-2147.34,670.44,1041.91,-87.10
2024-05-04 18:00:00,1621.97,202.02,-1825.38,669.75,1068.45,-322.20
2024-05-04 19:00:00,1622.31,202.01,-1684.99,670.61,1068.05,-418.70
2024-05-04 20:00:00,1622.08,201.96,-1230.26,0.58,1012.82,-55.70
2024-05-04 21:00:00,1621.91,201.96,569.17,-629.26,-381.57,233.80
2024-05-04 22:00:00,1622.00,201.96,648.54,-680.87,-790.85,322.80
2024-05-04 23:00:00,1621.83,201.94,367.81,-702.75,-798.86,418.30
2024-05-05 00:00:00,1621.89,201.92,156.46,-703.34,-798.88,458.50
2024-05-05 01:00:00,1622.02,265.05,378.39,-703.34,-798.96,439.80
2024-05-05 02:00:00,1621.94,201.96,615.78,-703.13,-798.77,508.60
2024-05-05 03:00:00,1622.07,201.94,458.67,-703.04,-798.71,583.80
2024-05-05 04:00:00,1604.47,201.96,378.85,-701.47,-798.61,579.40
2024-05-05 05:00:00,1326.21,201.86,524.97,-624.02,-798.65,506.10
2024-05-05 06:00:00,892.99,183.81,1325.09,-698.70,-798.45,437.00
2024-05-05 07:00:00,446.79,-15.27,1935.60,-567.71,-798.36,354.60
2024-05-05 08:00:00,2.49,202.00,2311.73,-85.18,-798.42,171.30
2024-05-05 09:00:00,-383.30,202.00,2288.33,585.60,-798.29,-73.30
2024-05-05 10:00:00,-669.30,200.85,2243.01,681.62,-798.39,-14.10
2024-05-05 11:00:00,-594.80,167.75,2362.42,683.40,-798.40,-105.10
2024-05-05 12:00:00,-267.40,-78.04,2291.19,672.63,-798.46,-143.60
2024-05-05 13:00:00,172.30,-7.06,2291.58,131.22,-798.48,-212.00
2024-05-05 14:00:00,562.80,9.06,2123.68,-470.07,-798.73,-230.40
2024-05-05 15:00:00,265.10,165.34,796.26,-82.32,-798.53,381.00
2024-05-05 16:00:00,1230.50,411.73,46.89,-688.78,-796.59,329.50
2024-05-05 17:00:00,1604.34,696.43,-403.94,-702.80,-696.00,-7.10
2024-05-05 18:00:00,1621.44,716.21,-592.60,-695.88,-463.33,-64.20
2024-05-05 19:00:00,1621.53,716.08,-703.68,-529.48,-633.07,131.30
2024-05-05 20:00:00,1621.81,716.20,-386.25,-694.82,-588.54,16.60
2024-05-05 21:00:00,1621.85,716.10,-816.11,-500.36,-423.99,82.80
2024-05-05 22:00:00,1621.97,716.06,-58.66,-673.21,-784.07,-82.50
2024-05-05 23:00:00,1623.43,716.06,-467.53,-700.97,-510.97,194.10
2024-05-06 00:00:00,1622.18,716.01,-938.56,-638.02,-96.32,338.90
2024-05-06 01:00:00,1621.99,715.98,-1038.47,-601.28,-270.87,422.70
2024-05-06 02:00:00,1621.49,715.95,-1157.82,-691.36,-274.19,522.50
2024-05-06 03:00:00,1612.68,715.98,-2018.50,-267.84,414.93,400.50
2024-05-06 04:00:00,1612.54,686.27,-1693.47,-681.76,894.03,340.10
2024-05-06 05:00:00,1622.30,253.06,-1453.35,-143.91,1050.48,-44.50
2024-05-06 06:00:00,1613.20,166.10,-610.54,-72.64,363.74,-144.60
2024-05-06 07:00:00,1620.89,199.17,-624.63,216.79,-229.28,-68.50
2024-05-06 08:00:00,1619.24,199.38,-269.88,137.33,-392.45,-207.20
2024-05-06 09:00:00,1414.26,155.38,-6.33,669.60,-409.76,-487.90
2024-05-06 10:00:00,1607.30,152.27,5.33,567.49,-901.52,-447.80
2024-05-06 11:00:00,1622.76,152.07,326.20,681.01,-1245.45,-410.60
2024-05-06 12:00:00,1622.43,152.03,-526.52,671.68,-819.83,55.30
2024-05-06 13:00:00,1622.26,151.97,-759.77,666.40,-242.54,-287.60
2024-05-06 14:00:00,1622.51,155.02,-961.18,-0.66,679.56,-337.10
2024-05-06 15:00:00,1621.00,198.58,-378.59,-687.43,676.81,-55.40
2024-05-06 16:00:00,1606.08,201.96,-772.28,-688.78,1060.07,-91.20
2024-05-06 17:00:00,1618.29,201.94,-1277.38,-1.57,1066.85,-299.80
2024-05-06 18:00:00,1621.71,197.89,-1797.40,669.48,1056.14,-491.80
2024-05-06 19:00:00,1621.39,140.10,-1527.00,673.84,454.98,-36.00
2024-05-06 20:00:00,1610.24,150.56,-1321.00,233.05,269.00,252.30
2024-05-06 21:00:00,1620.14,163.57,-1712.41,368.35,54.70,274.40
2024-05-06 22:00:00,1616.68,337.16,-1321.93,21.48,-235.29,344.90
2024-05-06 23:00:00,1622.31,349.50,-886.15,-538.12,-231.20,449.50
2024-05-07 00:00:00,1620.92,349.57,-845.32,-698.22,-263.25,534.10
2024-05-07 01:00:00,1621.95,353.27,-1237.18,-637.38,-25.14,552.50
2024-05-07 02:00:00,1615.26,398.75,-1161.80,-687.41,15.89,327.00
2024-05-07 03:00:00,1528.93,387.60,-2186.85,-6.04,536.30,325.30
2024-05-07 04:00:00,1615.60,154.10,-2353.34,439.88,1057.06,-25.40
2024-05-07 05:00:00,1623.06,-220.79,-1354.31,556.19,1030.18,-473.60
2024-05-07 06:00:00,1622.78,331.91,-1105.49,520.27,-258.46,64.60
2024-05-07 07:00:00,1622.83,399.73,-686.72,542.42,-1084.61,206.90
2024-05-07 08:00:00,1622.79,401.74,-626.67,543.26,-1347.22,289.90
2024-05-07 09:00:00,1611.32,396.45,-427.86,554.33,-1402.04,20.20
2024-05-07 10:00:00,1558.26,401.93,-933.18,568.95,-1452.49,367.70
2024-05-07 11:00:00,1521.65,401.90,-828.32,584.75,-1453.61,244.80
2024-05-07 12:00:00,1438.21,394.88,-879.32,604.48,-1450.05,450.40
2024-05-07 13:00:00,1571.21,287.00,-829.76,293.02,-1264.31,512.10
2024-05-07 14:00:00,1617.33,354.04,-1009.21,-2.49,-628.45,312.90
2024-05-07 15:00:00,1620.70,398.97,-2446.12,614.40,685.40,62.60
2024-05-07 16:00:00,1620.85,405.27,-2031.05,682.62,682.11,-303.80
2024-05-07 17:00:00,1620.87,448.66,-2285.75,683.89,1060.30,-187.50
2024-05-07 18:00:00,1620.73,451.70,-2260.77,684.07,1065.11,-158.50
2024-05-07 19:00:00,1620.80,451.63,-1661.14,683.99,905.15,-541.50
2024-05-07 20:00:00,1620.78,421.96,-1529.83,683.99,707.03,-526.70
2024-05-07 21:00:00,1620.41,140.43,-1040.16,670.36,521.77,-488.30
2024-05-07 22:00:00,1622.11,382.77,-104.54,0.11,-270.76,-170.70
2024-05-07 23:00:00,1622.53,401.55,232.17,-633.39,-303.15,146.40
2024-05-08 00:00:00,1617.43,401.57,63.46,-566.83,-70.92,59.10
2024-05-08 01:00:00,1546.78,401.56,-423.86,-599.78,406.11,-12.00
2024-05-08 02:00:00,1615.63,398.36,-1600.80,0.70,835.84,137.60
2024-05-08 03:00:00,1620.93,355.02,-2420.16,659.52,1063.41,167.00
2024-05-08 04:00:00,1620.88,351.95,-2043.20,172.57,1068.06,184.10
2024-05-08 05:00:00,1620.91,351.87,-1392.14,-261.18,1052.45,32.60
2024-05-08 06:00:00,1620.98,351.89,-719.83,-614.23,294.45,352.90
2024-05-08 07:00:00,1621.68,351.91,-18.30,-701.19,-770.95,376.10
2024-05-08 08:00:00,1622.44,351.87,41.64,-702.77,-847.75,121.60
2024-05-08 09:00:00,1622.66,351.87,-16.04,-701.83,-1277.26,339.90
2024-05-08 10:00:00,1622.29,351.88,-422.64,-659.26,-1241.61,484.70
2024-05-08 11:00:00,1622.35,351.90,-1034.43,-233.41,-910.09,301.90
2024-05-08 12:00:00,1623.15,374.22,-428.14,-692.15,-784.92,-111.50
2024-05-08 13:00:00,1623.61,693.25,-708.39,-688.75,-814.32,-136.40
2024-05-08 14:00:00,1623.79,687.60,-1609.96,-4.23,-295.85,-220.80
2024-05-08 15:00:00,1623.24,10.66,-2432.55,534.19,999.89,-455.90
2024-05-08 16:00:00,1623.38,-201.89,-2300.01,680.97,1066.96,-405.40
2024-05-08 17:00:00,1622.96,-161.12,-2326.41,674.01,1068.57,-208.40
2024-05-08 18:00:00,1622.81,195.00,-2064.45,183.10,1068.39,-163.60
2024-05-08 19:00:00,1623.23,275.45,-1603.22,-427.19,1061.17,-11.00
2024-05-08 20:00:00,1623.39,425.71,-1148.71,-659.87,729.31,-5.60
2024-05-08 21:00:00,1623.39,696.99,-1154.48,-656.32,876.37,-328.40
2024-05-08 22:00:00,1623.31,715.84,-1858.31,-443.23,1064.19,-84.60
2024-05-08 23:00:00,1623.80,715.82,-1676.44,-697.04,1068.26,-85.60
2024-05-09 00:00:00,1623.56,715.88,-1738.98,-702.58,1068.02,-55.20
2024-05-09 01:00:00,1623.53,715.78,-1999.86,-678.56,1068.14,77.90
2024-05-09 02:00:00,1623.57,715.84,-2145.23,-677.26,1068.08,148.50
2024-05-09 03:00:00,1623.65,715.79,-2229.33,-645.84,1067.94,102.20
2024-05-09 04:00:00,1623.63,715.80,-2099.02,-700.31,1020.17,13.00
2024-05-09 05:00:00,1596.10,707.30,-942.55,-626.71,-385.91,125.70
2024-05-09 06:00:00,1185.92,557.06,-744.43,-203.74,-869.96,304.90
2024-05-09 07:00:00,741.03,167.23,-374.32,53.88,-800.59,189.80
2024-05-09 08:00:00,294.60,-329.13,917.64,-236.11,-798.68,61.90
2024-05-09 09:00:00,-139.80,-646.73,1593.25,241.07,-798.36,-139.70
2024-05-09 10:00:00,-377.51,-517.70,1677.74,476.13,-798.62,-287.90
2024-05-09 11:00:00,-661.11,-682.21,2216.60,538.65,-798.41,-546.40
2024-05-09 12:00:00,-576.71,-731.97,2437.95,438.59,-798.45,-472.00
2024-05-09 13:00:00,-143.50,-707.52,2092.30,112.01,-798.89,-243.60
2024-05-09 14:00:00,304.11,-471.65,1432.08,89.84,-798.78,-505.10
2024-05-09 15:00:00,750.53,7.37,-330.27,256.36,-795.49,-24.90
2024-05-09 16:00:00,1195.25,678.21,-880.53,-186.25,-639.95,-128.60
2024-05-09 17:00:00,1596.45,716.24,-1987.89,337.68,-282.77,-232.30
2024-05-09 18:00:00,1623.22,716.25,-1882.41,-202.49,-143.51,28.30
2024-05-09 19:00:00,1623.19,716.31,-2065.29,-213.79,-134.32,147.00
2024-05-09 20:00:00,1623.17,716.29,-1643.74,-309.06,-760.62,392.00
2024-05-09 21:00:00,1622.81,716.33,-1634.35,-693.43,-612.31,445.50
2024-05-09 22:00:00,1615.86,716.31,-1507.39,-701.95,-592.82,253.20
2024-05-09 23:00:00,1615.39,716.24,-1521.09,-701.79,-382.82,163.10
2024-05-10 00:00:00,1621.24,716.37,-1479.86,-701.78,-626.07,417.10
2024-05-10 01:00:00,1620.29,716.30,-1987.52,-701.82,-240.64,574.90
2024-05-10 02:00:00,1592.79,716.28,-2275.84,-701.90,142.87,571.20
2024-05-10 03:00:00,1601.18,716.37,-2210.74,-701.82,450.98,309.80
2024-05-10 04:00:00,1574.38,716.30,-2230.82,-695.60,904.55,96.60
2024-05-10 05:00:00,1164.74,716.36,-1739.23,-371.75,391.60,414.00
2024-05-10 06:00:00,803.14,694.64,-469.20,251.23,-755.42,243.80
2024-05-10 07:00:00,533.51,323.13,-338.05,409.69,-486.60,247.70
2024-05-10 08:00:00,95.73,-539.05,1018.54,413.00,-479.51,234.20
2024-05-10 09:00:00,-539.19,-661.34,1464.25,413.03,-479.29,564.60
2024-05-10 10:00:00,-600.68,-538.75,1542.36,413.10,-479.22,588.20
2024-05-10 11:00:00,-701.28,-278.40,1374.12,413.08,-479.42,588.00
2024-05-10 12:00:00,-742.18,-356.73,1451.85,413.12,-479.24,561.80
2024-05-10 13:00:00,-634.78,-481.35,1372.57,411.63,-479.47,191.80
2024-05-10 14:00:00,96.59,-333.44,459.80,345.82,-479.46,158.10
2024-05-10 15:00:00,537.41,574.70,-468.58,316.97,-463.61,10.30
2024-05-10 16:00:00,565.69,707.92,-530.16,-321.25,290.00,-0.30
2024-05-10 17:00:00,565.79,538.57,-388.64,-348.32,505.32,-0.30
2024-05-10 18:00:00,565.70,293.75,-444.72,59.77,509.76,-0.30
2024-05-10 19:00:00,565.70,493.24,-225.13,-186.49,505.79,11.70
2024-05-10 20:00:00,565.49,539.52,101.44,-291.02,319.10,-0.30
2024-05-10 21:00:00,563.80,616.78,-84.03,-233.07,350.88,5.80
2024-05-10 22:00:00,564.60,709.58,-190.48,308.05,-224.95,103.10
2024-05-10 23:00:00,565.70,716.30,-167.62,407.19,-424.31,199.60
2024-05-11 00:00:00,565.79,715.93,-255.67,410.27,-373.63,200.40
2024-05-11 01:00:00,565.69,715.85,-141.27,288.46,-397.24,69.70
2024-05-11 02:00:00,565.80,715.90,-183.21,155.56,-299.94,58.30
2024-05-11 03:00:00,565.80,715.77,-477.11,303.12,-45.02,57.40
2024-05-11 04:00:00,565.80,715.66,-257.14,-173.50,185.00,-0.30
2024-05-11 05:00:00,540.31,706.04,-343.04,399.99,-407.13,32.10
2024-05-11 06:00:00,144.90,525.75,-111.89,410.96,-478.28,473.30
2024-05-11 07:00:00,-302.59,-41.46,1022.96,321.63,-479.29,347.70
2024-05-11 08:00:00,-749.70,-249.19,1407.24,389.75,-479.04,532.60
2024-05-11 09:00:00,-1160.71,212.32,1451.19,388.47,-463.24,577.40
2024-05-11 10:00:00,-1536.49,428.93,1420.38,346.76,299.90,462.80
2024-05-11 11:00:00,-1577.97,78.95,1458.95,411.35,440.28,461.30
2024-05-11 12:00:00,-1199.69,-117.63,1494.22,412.89,72.05,522.20
2024-05-11 13:00:00,-837.24,-336.78,1303.74,412.50,211.01,35.20
2024-05-11 14:00:00,-392.54,-450.31,1314.09,390.46,211.97,22.30
2024-05-11 15:00:00,57.65,112.19,-273.78,412.24,17.45,321.10
2024-05-11 16:00:00,481.15,675.76,-422.13,408.91,-378.36,27.10
2024-05-11 17:00:00,561.45,715.49,-435.04,218.28,-139.91,72.10
2024-05-11 18:00:00,565.45,716.25,-164.29,-48.77,-49.22,86.90
2024-05-11 19:00:00,565.35,716.12,-168.67,116.52,-147.52,84.40
2024-05-11 20:00:00,556.75,716.13,329.07,-75.10,-319.86,5.30
2024-05-11 21:00:00,422.55,716.04,44.70,302.68,-354.35,-0.30
2024-05-11 22:00:00,283.05,716.07,-434.24,409.54,66.56,-0.30
2024-05-11 23:00:00,293.45,714.45,-470.94,363.71,208.11,-0.30
2024-05-12 00:00:00,344.65,685.77,-417.90,71.91,406.00,-0.30
2024-05-12 01:00:00,126.86,600.53,-411.36,364.21,365.41,-0.20
2024-05-12 02:00:00,431.75,451.84,-492.21,287.91,299.17,-26.40
2024-05-12 03:00:00,847.86,691.38,-1749.51,674.22,727.45,-308.60
2024-05-12 04:00:00,523.66,595.91,-905.51,628.46,186.25,7.60
2024-05-12 05:00:00,82.06,208.33,-206.70,619.53,182.58,419.50
2024-05-12 06:00:00,-368.24,-368.93,1724.18,264.95,-4.96,15.30
2024-05-12 07:00:00,-823.84,-681.78,2493.49,674.57,-271.38,-88.30
2024-05-12 08:00:00,-1250.76,-677.00,2450.57,683.73,-225.03,116.90
2024-05-12 09:00:00,-1598.13,-590.73,2446.32,683.64,-18.56,354.80
2024-05-12 10:00:00,-1578.24,-290.47,2539.78,683.53,-675.26,529.30
2024-05-12 11:00:00,-1567.14,-380.75,2476.69,683.55,-304.84,491.30
2024-05-12 12:00:00,-1215.54,-619.40,2467.47,683.51,-185.59,226.80
2024-05-12 13:00:00,-764.44,-690.17,2384.76,683.64,-557.18,203.90
2024-05-12 14:00:00,-508.44,-714.96,2374.03,674.97,-181.87,-428.10
2024-05-12 15:00:00,89.56,-468.15,1759.72,237.00,-784.81,-377.30
2024-05-12 16:00:00,549.06,119.27,589.13,-445.73,-811.57,-248.00
2024-05-12 17:00:00,991.39,678.87,516.83,-655.05,-1439.53,-139.20
2024-05-12 18:00:00,1397.87,716.21,628.64,-701.32,-1453.89,-397.10
2024-05-12 19:00:00,1589.13,716.12,301.16,-682.58,-1454.01,-306.00
2024-05-12 20:00:00,1332.73,716.35,240.35,-691.67,-1454.13,-109.40
2024-05-12 21:00:00,984.26,705.82,541.02,-642.14,-1450.53,-146.30
2024-05-12 22:00:00,577.80,565.20,647.55,-426.22,-1258.79,-0.90
2024-05-12 23:00:00,555.30,670.84,401.85,-636.02,-1060.85,108.30
2024-05-13 00:00:00,520.00,687.27,177.13,-622.21,-984.36,27.00
2024-05-13 01:00:00,727.61,459.92,364.51,-556.33,-1326.27,-0.30
2024-05-13 02:00:00,1062.94,295.92,138.00,-699.63,-1136.03,-8.00
2024-05-13 03:00:00,1388.21,514.85,-31.11,-702.64,-1253.12,-162.10
2024-05-13 04:00:00,1581.15,690.87,-22.68,-701.93,-1343.45,-451.80
2024-05-13 05:00:00,1621.30,456.33,41.29,-661.92,-974.87,-553.50
2024-05-13 06:00:00,1590.74,443.41,-137.54,-691.46,-1443.15,-336.20
2024-05-13 07:00:00,1091.35,34.59,-4.97,-200.45,-1440.97,-437.20
2024-05-13 08:00:00,358.00,-524.98,-220.30,477.24,-812.96,-461.80
2024-05-13 09:00:00,62.79,-492.13,100.81,666.50,-798.76,-259.80
2024-05-13 10:00:00,-253.40,80.61,606.89,52.49,-798.63,-249.90
2024-05-13 11:00:00,-648.20,-57.23,726.76,352.52,-798.68,-485.00
2024-05-13 12:00:00,-513.67,177.70,215.30,-223.83,-798.59,-382.40
2024-05-13 13:00:00,-682.08,278.47,59.24,-13.72,-798.76,-440.30
2024-05-13 14:00:00,-299.38,60.46,21.26,-426.87,-810.80,-450.70
2024-05-13 15:00:00,149.22,354.78,7.47,-694.38,-1404.94,84.00
2024-05-13 16:00:00,719.82,358.58,-156.46,-587.16,-1447.34,170.50
2024-05-13 17:00:00,1049.77,404.88,1.30,-700.08,-1183.48,-3.60
2024-05-13 18:00:00,1466.74,495.38,44.15,-702.77,-1304.15,-152.80
2024-05-13 19:00:00,1555.41,501.65,102.43,-702.77,-1450.76,-85.60
2024-05-13 20:00:00,1440.47,498.50,-243.58,-702.93,-1454.17,215.00
2024-05-13 21:00:00,1019.93,456.96,-176.33,-702.78,-1454.17,345.30
2024-05-13 22:00:00,587.41,474.24,50.00,-702.90,-1454.34,349.40
2024-05-13 23:00:00,734.10,499.77,34.19,-702.91,-1454.09,273.60
2024-05-14 00:00:00,824.20,501.49,100.62,-702.81,-1454.38,206.10
2024-05-14 01:00:00,911.10,501.44,30.59,-702.62,-1453.54,210.30
2024-05-14 02:00:00,877.40,497.97,30.36,-702.81,-1414.05,251.70
2024-05-14 03:00:00,853.70,447.09,197.34,-697.53,-1412.52,121.40
2024-05-14 04:00:00,836.21,497.35,356.16,-447.05,-1287.74,-254.40
2024-05-14 05:00:00,1063.80,460.36,84.20,-366.69,-919.73,-526.90
2024-05-14 06:00:00,518.90,373.97,109.56,248.80,-1428.59,-192.80
2024-05-14 07:00:00,-25.00,-79.96,498.68,50.98,-812.48,-294.20
2024-05-14 08:00:00,-471.40,-245.49,1064.18,571.87,-798.23,-16.20
2024-05-14 09:00:00,-901.29,-72.29,1721.03,607.35,-797.89,-0.30
2024-05-14 10:00:00,-1303.52,-233.73,1817.97,681.95,-797.85,-0.30
2024-05-14 11:00:00,-1385.43,-30.55,1994.78,683.57,-797.99,30.20
2024-05-14 12:00:00,-1384.65,-214.07,1826.59,681.11,-798.07,387.80
2024-05-14 13:00:00,-1215.47,-255.39,1577.09,547.80,-798.26,179.50
2024-05-14 14:00:00,-1021.13,-534.59,810.03,-126.87,-798.31,100.70
2024-05-14 15:00:00,-579.04,97.50,318.75,-689.99,-811.50,172.70
2024-05-14 16:00:00,-125.30,607.57,317.70,-702.65,-1439.61,-34.80
2024-05-14 17:00:00,322.70,709.63,154.90,-702.72,-1453.89,29.10
2024-05-14 18:00:00,759.57,706.80,53.96,-702.84,-1454.22,71.10
2024-05-14 19:00:00,1031.16,569.67,26.44,-702.84,-1453.73,113.80
2024-05-14 20:00:00,759.16,581.10,-30.79,-702.97,-1453.94,419.50
2024-05-14 21:00:00,454.68,580.33,-2.04,-702.84,-1454.04,483.40
2024-05-14 22:00:00,173.20,697.09,81.01,-702.90,-1443.92,512.40
2024-05-14 23:00:00,380.09,711.18,80.69,-702.89,-1416.58,345.60
2024-05-15 00:00:00,607.98,701.73,79.82,-702.82,-1453.30,286.20
2024-05-15 01:00:00,613.19,710.67,37.40,-702.79,-1454.22,355.50
2024-05-15 02:00:00,733.87,628.57,-11.39,-702.76,-1454.15,379.40
2024-05-15 03:00:00,1002.95,432.32,13.30,-702.68,-1454.06,213.50
2024-05-15 04:00:00,1424.19,670.85,99.10,-701.28,-1447.87,-339.90
2024-05-15 05:00:00,1611.03,466.84,167.99,-632.33,-1156.40,-564.50
2024-05-15 06:00:00,1596.39,655.76,127.08,-700.85,-1331.42,-474.90
2024-05-15 07:00:00,1188.78,144.06,232.08,-702.48,-1445.18,197.60
2024-05-15 08:00:00,744.00,-196.11,410.03,-702.42,-1146.31,351.80
2024-05-15 09:00:00,297.39,-690.66,1063.02,-702.41,-805.92,142.10
2024-05-15 10:00:00,-151.40,-733.01,1880.03,-702.36,-798.26,-182.40
2024-05-15 11:00:00,-598.51,-725.87,1493.21,-702.49,-798.25,359.40
2024-05-15 12:00:00,-950.11,-595.23,1176.54,-702.66,-798.38,538.10
2024-05-15 13:00:00,-1087.98,-256.79,324.36,-702.57,-798.60,588.00
2024-05-15 14:00:00,-760.69,-425.47,-47.13,-702.60,-811.74,404.90
2024-05-15 15:00:00,-335.48,117.70,668.05,-702.53,-1439.73,165.10
2024-05-15 16:00:00,-210.27,501.65,398.70,-702.72,-1453.95,8.10
2024-05-15 17:00:00,554.73,403.61,279.68,-702.59,-1453.49,-149.00
2024-05-15 18:00:00,925.10,611.10,1.43,-702.77,-1430.06,-252.70
2024-05-15 19:00:00,937.00,646.26,-6.49,-702.95,-1453.86,-121.70
2024-05-15 20:00:00,624.10,711.85,-39.02,-702.81,-1454.09,191.40
2024-05-15 21:00:00,125.31,703.39,-115.40,-703.03,-1454.25,526.30
2024-05-15 22:00:00,-261.26,520.66,57.80,-702.75,-1454.59,581.80
2024-05-15 23:00:00,-389.96,580.51,13.82,-702.87,-1454.24,588.00
2024-05-16 00:00:00,-334.66,639.27,-9.26,-702.71,-1451.57,588.00
2024-05-16 01:00:00,-294.06,689.26,-14.42,-702.77,-1454.32,587.90
2024-05-16 02:00:00,-314.56,658.51,16.81,-702.67,-1454.53,587.10
2024-05-16 03:00:00,-307.36,598.24,25.53,-702.83,-1454.31,560.70
2024-05-16 04:00:00,77.74,437.93,65.81,-702.66,-1454.03,367.20
2024-05-16 05:00:00,707.42,188.65,8.49,-702.63,-1453.81,19.50
2024-05-16 06:00:00,396.24,139.83,-37.43,-702.43,-1453.84,165.60
2024-05-16 07:00:00,-48.06,-28.57,-46.74,-702.42,-1453.77,220.00
2024-05-16 08:00:00,-499.88,-372.23,-62.64,-702.38,-1440.41,542.90
2024-05-16 09:00:00,-945.79,-709.52,235.41,-702.39,-812.49,88.10
2024-05-16 10:00:00,-1200.99,-728.06,859.65,-702.50,-798.09,-216.70
2024-05-16 11:00:00,-1259.01,-684.64,1240.15,-702.49,-798.02,-36.00
2024-05-16 12:00:00,-1359.68,-474.11,750.97,-702.48,-798.09,77.00
2024-05-16 13:00:00,-1448.36,-591.45,-82.24,-702.52,-811.49,262.40
2024-05-16 14:00:00,-1033.27,-685.67,-5.84,-702.55,-1439.00,401.90
2024-05-16 15:00:00,-580.15,-138.65,-96.38,-702.51,-1452.31,-99.30
2024-05-16 16:00:00,-227.14,232.03,21.96,-696.12,-1453.57,-341.90
2024-05-16 17:00:00,-205.74,488.19,43.79,-391.00,-1453.48,-430.70
2024-05-16 18:00:00,-197.33,699.45,60.31,-695.61,-1453.71,32.40
2024-05-16 19:00:00,-93.43,675.41,1.67,-702.84,-1453.95,179.90
2024-05-16 20:00:00,-258.73,692.40,-21.80,-702.93,-1453.98,294.20
2024-05-16 21:00:00,-454.23,541.14,-132.01,-702.85,-1453.56,568.60
2024-05-16 22:00:00,72.37,251.51,-465.38,-702.86,-1453.72,587.90
2024-05-16 23:00:00,228.17,352.22,-555.03,-702.78,-1453.96,588.00
2024-05-17 00:00:00,138.57,449.83,-492.96,-702.73,-1454.22,587.90
2024-05-17 01:00:00,195.78,468.47,-496.92,-702.73,-1454.10,587.90
2024-05-17 02:00:00,381.38,502.67,-556.13,-702.71,-1453.95,587.90
2024-05-17 03:00:00,363.07,611.36,-556.20,-702.75,-1453.99,587.90
2024-05-17 04:00:00,364.18,707.89,-554.08,-702.57,-1453.92,562.10
2024-05-17 05:00:00,558.47,714.21,-571.08,-702.73,-1453.51,485.60
2024-05-17 06:00:00,712.17,705.55,-767.20,-702.40,-1441.22,490.70
2024-05-17 07:00:00,226.67,541.90,-638.16,-702.54,-1405.66,581.70
2024-05-17 08:00:00,-71.03,225.41,-331.59,-699.43,-1451.38,587.90
2024-05-17 09:00:00,-143.43,275.87,-710.49,-550.09,-1453.69,557.80
2024-05-17 10:00:00,-924.48,96.04,-167.72,-145.41,-1453.62,160.10
2024-05-17 11:00:00,-1612.37,4.49,28.72,-256.37,-1453.56,547.60
2024-05-17 12:00:00,-1483.96,-206.48,10.37,-179.41,-1453.53,453.30
2024-05-17 13:00:00,-1082.91,55.67,-97.87,-690.92,-1453.53,451.70
2024-05-17 14:00:00,-895.34,282.31,151.84,-702.61,-1453.58,57.30
2024-05-17 15:00:00,-671.33,310.83,7.65,-702.59,-1453.63,444.30
2024-05-17 16:00:00,-117.64,512.58,-82.58,-702.74,-1453.76,403.40
2024-05-17 17:00:00,315.49,617.19,45.69,-702.71,-1451.16,228.50
2024-05-17 18:00:00,740.89,710.15,-113.46,-702.77,-1313.19,225.40
2024-05-17 19:00:00,889.49,716.27,-52.49,-702.99,-1313.01,366.80
2024-05-17 20:00:00,830.19,716.25,5.06,-703.13,-1451.22,434.90
2024-05-17 21:00:00,1087.65,716.34,-343.12,-703.15,-1453.24,487.90
2024-05-17 22:00:00,1556.96,716.29,-774.28,-703.01,-1398.63,382.80
2024-05-17 23:00:00,1387.55,716.32,-437.77,-702.87,-1399.20,230.70
2024-05-18 00:00:00,1602.97,716.24,-776.55,-702.69,-1446.18,214.70
2024-05-18 01:00:00,1619.86,716.17,-1240.52,-688.12,-1299.19,207.50
2024-05-18 02:00:00,1620.10,716.26,-1654.10,-628.57,-638.27,175.20
2024-05-18 03:00:00,1617.41,715.92,-1911.24,-662.48,-366.54,175.30
2024-05-18 04:00:00,1572.25,716.27,-1417.10,-597.40,-408.49,-4.00
2024-05-18 05:00:00,1594.43,716.26,-2040.54,-477.60,-0.52,122.30
2024-05-18 06:00:00,1592.82,716.43,-1774.97,-85.95,-723.05,174.90
2024-05-18 07:00:00,1281.21,688.88,-1751.94,-37.15,-796.19,302.30
2024-05-18 08:00:00,982.46,267.75,-1587.25,311.44,-798.45,322.80
2024-05-18 09:00:00,694.73,-116.18,-1096.17,398.31,-798.59,395.30
2024-05-18 10:00:00,592.22,-49.51,-1007.62,672.34,-798.38,416.70
2024-05-18 11:00:00,888.30,-203.49,-133.06,405.61,-798.58,191.90
2024-05-18 12:00:00,937.50,-235.40,335.78,-247.64,-798.43,296.90
2024-05-18 13:00:00,1116.88,496.12,-692.24,-297.46,-798.30,194.50
2024-05-18 14:00:00,1359.91,511.33,-623.68,-631.50,-797.33,242.60
2024-05-18 15:00:00,1350.86,702.33,-1480.86,-193.03,-745.80,246.10
2024-05-18 16:00:00,1571.89,716.29,-2029.21,107.60,-374.38,196.30
2024-05-18 17:00:00,1153.30,716.43,-1913.14,602.08,-47.27,88.40
2024-05-18 18:00:00,1130.96,716.35,-2100.81,681.51,620.04,-100.50
2024-05-18 19:00:00,1283.71,716.43,-2195.69,631.21,718.43,-106.30
2024-05-18 20:00:00,1599.11,716.58,-1786.76,363.13,246.98,-114.60
2024-05-18 21:00:00,1621.12,716.81,-1094.91,-278.78,88.86,-98.80
2024-05-18 22:00:00,1620.99,716.79,-316.30,-674.04,-624.41,147.00
2024-05-18 23:00:00,1621.92,716.81,-341.74,-702.35,-246.28,-171.60
2024-05-19 00:00:00,1620.80,716.73,142.17,-673.72,-577.37,-343.20
2024-05-19 01:00:00,1620.81,716.71,-450.98,-144.13,-430.15,-358.80
2024-05-19 02:00:00,1620.92,716.82,-52.85,-677.63,-363.21,-234.10
2024-05-19 03:00:00,1621.02,716.78,-373.59,-621.14,-33.31,-300.50
2024-05-19 04:00:00,1618.37,716.77,-1162.23,-131.69,-13.17,-190.00
2024-05-19 05:00:00,1565.56,716.80,-916.65,-266.68,-199.02,-209.20
2024-05-19 06:00:00,813.95,693.66,218.18,-685.94,-689.84,55.60
2024-05-19 07:00:00,1176.08,374.70,-72.35,-337.94,-796.38,89.70
2024-05-19 08:00:00,862.34,524.32,-592.99,-14.68,-798.63,-18.10
2024-05-19 09:00:00,-55.89,595.05,-284.57,354.77,-798.51,387.50
2024-05-19 10:00:00,-380.70,575.42,-27.67,544.20,-792.51,446.10
2024-05-19 11:00:00,-825.09,326.24,945.99,580.73,-507.78,420.30
2024-05-19 12:00:00,-59.10,-378.26,1078.50,492.35,-591.55,476.70
2024-05-19 13:00:00,-64.40,-400.57,1297.30,535.05,-336.25,125.80
2024-05-19 14:00:00,294.00,-398.16,1183.51,680.60,-584.69,-339.20
2024-05-19 15:00:00,735.43,303.88,-2082.25,683.64,-196.46,143.30
2024-05-19 16:00:00,1183.24,695.59,-2060.87,671.82,-784.55,-94.80
2024-05-19 17:00:00,1594.12,704.53,-1094.55,278.56,-791.60,-572.00
2024-05-19 18:00:00,1621.59,542.38,-1226.50,582.96,-468.95,-504.10
2024-05-19 19:00:00,1621.89,703.73,-940.05,475.28,-791.26,-209.10
2024-05-19 20:00:00,1622.41,716.32,-902.00,473.36,-794.75,-141.40
2024-05-19 21:00:00,1622.72,716.39,-827.69,147.93,-586.04,-80.70
2024-05-19 22:00:00,1621.07,716.29,-1535.42,283.68,-88.00,-44.20
2024-05-19 23:00:00,1496.52,716.38,-1961.79,398.52,418.00,-76.00
2024-05-20 00:00:00,1612.57,716.32,-2335.70,468.79,680.74,-130.00
2024-05-20 01:00:00,1622.29,716.35,-2342.76,473.50,1002.14,-492.30
2024-05-20 02:00:00,1622.67,716.63,-2302.74,372.54,994.78,-461.80
2024-05-20 03:00:00,1622.93,716.60,-2463.12,530.71,975.16,-463.10
2024-05-20 04:00:00,1622.10,716.67,-2510.15,621.20,879.56,-533.30
2024-05-20 05:00:00,1566.98,505.14,-2320.98,595.51,662.97,-403.60
2024-05-20 06:00:00,985.88,676.56,-973.74,441.89,-746.52,-44.00
2024-05-20 07:00:00,851.13,315.01,-163.40,-218.39,-798.64,17.10
2024-05-20 08:00:00,424.84,-14.36,-303.99,71.30,-798.68,330.50
2024-05-20 09:00:00,-5.99,-214.85,601.82,-184.43,-798.70,161.20
2024-05-20 10:00:00,-228.50,-184.82,933.30,-79.06,-798.47,-181.60
2024-05-20 11:00:00,-524.30,0.50,1706.21,-166.45,-798.26,-261.60
2024-05-20 12:00:00,-368.11,-158.69,1341.54,263.39,-798.43,-294.10
2024-05-20 13:00:00,40.59,-637.00,674.89,294.84,-798.45,211.00
2024-05-20 14:00:00,485.52,65.32,-1100.07,212.50,-798.25,397.50
2024-05-20 15:00:00,931.02,475.61,-1864.42,574.61,-798.02,49.70
2024-05-20 16:00:00,1362.13,701.65,-1529.19,124.32,-779.09,-142.10
2024-05-20 17:00:00,1425.83,716.21,-1994.60,-4.57,-77.38,84.40
2024-05-20 18:00:00,1416.26,716.20,-2452.56,34.92,733.24,-39.10
2024-05-20 19:00:00,1340.85,716.17,-1787.02,-71.85,-151.46,286.60
2024-05-20 20:00:00,1515.53,716.21,-1011.13,-674.69,-639.18,376.90
2024-05-20 21:00:00,1614.70,716.14,-1295.74,-648.37,-745.28,482.60
2024-05-20 22:00:00,1621.07,716.28,-645.26,-635.67,-1389.18,440.80
2024-05-20 23:00:00,1621.17,716.30,-753.04,-666.85,-1376.67,445.90
2024-05-21 00:00:00,1621.38,716.20,-970.39,-615.37,-1452.56,585.10
2024-05-21 01:00:00,1621.65,716.30,-919.07,-685.99,-1454.12,585.80
2024-05-21 02:00:00,1621.64,716.21,-849.09,-579.76,-1445.70,541.10
2024-05-21 03:00:00,1621.55,716.26,-874.80,-668.18,-1362.78,543.50
2024-05-21 04:00:00,1621.28,685.91,-382.04,-695.38,-1386.92,159.70
2024-05-21 05:00:00,1571.90,239.86,-736.59,-384.05,-625.65,101.10
2024-05-21 06:00:00,1312.28,99.42,-91.39,-408.95,-1420.04,278.90
2024-05-21 07:00:00,1153.57,196.37,-23.22,-690.18,-1453.31,193.10
2024-05-21 08:00:00,726.62,20.90,-27.38,-419.62,-1453.55,95.70
2024-05-21 09:00:00,280.74,78.35,-83.81,-689.52,-1453.44,476.00
2024-05-21 10:00:00,-167.16,11.24,-141.36,-382.64,-1453.20,349.00
2024-05-21 11:00:00,-590.56,201.08,-26.89,-583.54,-1453.60,496.90
2024-05-21 12:00:00,-644.16,220.94,-39.23,-700.07,-1453.38,579.00
2024-05-21 13:00:00,-584.06,221.38,-14.81,-702.46,-1453.37,447.80
2024-05-21 14:00:00,-284.66,214.05,-2.05,-702.54,-1453.50,259.50
2024-05-21 15:00:00,200.23,113.82,60.46,-702.53,-1453.58,274.70
2024-05-21 16:00:00,663.32,214.08,-29.04,-702.60,-1453.69,275.20
2024-05-21 17:00:00,1005.04,222.31,28.30,-702.67,-1453.62,256.40
2024-05-21 18:00:00,1313.50,222.23,63.32,-702.67,-1453.90,296.10
2024-05-21 19:00:00,1488.74,222.25,-29.72,-702.86,-1454.13,301.80
2024-05-21 20:00:00,1085.88,222.22,17.59,-702.83,-1454.13,395.00
2024-05-21 21:00:00,805.13,222.32,-90.25,-702.81,-1454.19,576.10
2024-05-21 22:00:00,746.74,222.37,44.21,-702.84,-1454.19,587.80
2024-05-21 23:00:00,827.22,222.33,-69.54,-702.70,-1454.32,587.90
2024-05-22 00:00:00,896.83,222.34,-23.78,-702.73,-1454.17,587.80
2024-05-22 01:00:00,961.03,222.25,-149.60,-702.78,-1454.06,587.80
2024-05-22 02:00:00,770.63,222.22,-60.23,-702.72,-1454.08,587.80
2024-05-22 03:00:00,815.03,222.21,-74.30,-702.68,-1454.12,553.00
2024-05-22 04:00:00,434.25,197.49,32.17,-702.71,-1453.65,574.10
2024-05-22 05:00:00,251.35,222.20,-8.80,-702.59,-1453.75,533.80
2024-05-22 06:00:00,29.94,222.31,84.94,-702.39,-1453.95,540.90
2024-05-22 07:00:00,-457.27,222.29,188.04,-702.52,-1453.50,585.00
2024-05-22 08:00:00,-575.89,221.03,3.34,-702.66,-1453.76,587.80
2024-05-22 09:00:00,-681.19,197.03,-35.65,-702.52,-1453.61,587.90
2024-05-22 10:00:00,-781.59,148.75,38.99,-702.57,-1453.65,587.80
2024-05-22 11:00:00,-158.68,219.85,-317.80,-698.87,-1453.84,587.80
2024-05-22 12:00:00,175.22,222.37,-724.57,-528.56,-1453.73,587.70
2024-05-22 13:00:00,344.41,222.41,-922.43,-691.10,-1453.41,587.80
2024-05-22 14:00:00,472.51,222.35,-1269.10,-308.09,-1440.11,587.70
2024-05-22 15:00:00,646.63,222.40,-2103.83,196.59,-776.16,470.40
2024-05-22 16:00:00,1201.34,222.38,-2324.74,441.26,-690.05,357.20
2024-05-22 17:00:00,1582.70,222.33,-2515.67,237.68,-190.12,334.50
2024-05-22 18:00:00,1446.84,222.31,-2465.70,-61.17,710.71,202.30
2024-05-22 19:00:00,1590.41,222.33,-2220.75,-366.82,969.20,183.50
2024-05-22 20:00:00,1615.10,222.33,-2355.17,-682.08,1066.05,442.80
2024-05-22 21:00:00,1621.19,222.29,-2519.89,-26.09,1066.94,234.70
2024-05-22 22:00:00,1621.48,222.38,-2243.34,-544.13,1022.33,168.90
2024-05-22 23:00:00,1621.53,222.35,-2354.13,-684.06,1066.91,146.30
2024-05-23 00:00:00,1621.78,222.31,-2231.21,-434.10,1067.98,39.10
2024-05-23 01:00:00,1621.34,222.31,-2352.27,-192.56,1067.94,-234.20
2024-05-23 02:00:00,1621.67,222.27,-2303.57,89.33,1068.02,-386.00
2024-05-23 03:00:00,1602.56,222.33,-2504.94,545.35,1068.08,-591.50
2024-05-23 04:00:00,1139.26,222.22,-1933.05,680.43,1068.06,-601.10
2024-05-23 05:00:00,1443.00,181.06,-1942.10,629.21,1067.77,-590.00
2024-05-23 06:00:00,1615.30,162.44,-1715.07,428.27,984.81,-489.80
2024-05-23 07:00:00,1603.36,37.59,409.14,-24.97,-554.23,-428.30
2024-05-23 08:00:00,1353.25,209.61,888.50,-61.95,-794.65,-402.50
2024-05-23 09:00:00,1562.72,222.12,320.93,504.40,-798.55,-482.40
2024-05-23 10:00:00,1614.33,222.23,113.99,487.74,-798.65,-36.20
2024-05-23 11:00:00,1619.89,222.28,7.18,327.73,-798.73,122.30
2024-05-23 12:00:00,1620.59,222.29,289.42,439.77,-798.59,-351.50
2024-05-23 13:00:00,1620.68,252.78,95.84,463.94,-786.18,-384.80
2024-05-23 14:00:00,1620.29,684.92,-664.31,374.04,-176.20,-520.40
2024-05-23 15:00:00,1620.44,716.23,-1401.98,653.12,310.29,-591.90
2024-05-23 16:00:00,1620.30,716.31,-2185.53,552.84,951.71,-543.50
2024-05-23 17:00:00,1620.33,625.12,-2348.80,662.99,1065.45,-601.10
2024-05-23 18:00:00,1620.44,666.32,-2377.21,657.10,1068.59,-597.20
2024-05-23 19:00:00,1620.64,709.57,-2336.35,601.82,1068.25,-535.10
2024-05-23 20:00:00,1620.66,657.69,-2320.81,610.22,1066.50,-422.20
2024-05-23 21:00:00,1620.81,716.17,-2280.76,485.07,969.58,-355.50
2024-05-23 22:00:00,1620.44,716.28,-1557.94,193.91,274.85,-205.50
2024-05-23 23:00:00,1620.80,716.20,-2027.17,381.40,555.59,-359.80
2024-05-24 00:00:00,1620.76,716.33,-1143.62,-136.08,13.11,-30.20
2024-05-24 01:00:00,1620.80,716.27,-807.40,-447.47,1.21,-71.10
2024-05-24 02:00:00,1620.63,716.26,-1385.44,-466.52,510.11,-58.70
2024-05-24 03:00:00,1620.87,716.21,-2376.41,-16.63,1022.97,24.00
2024-05-24 04:00:00,1621.11,673.13,-2252.52,478.50,1063.32,-447.60
2024-05-24 05:00:00,1621.80,687.80,-2174.45,662.30,884.14,-420.30
2024-05-24 06:00:00,1621.65,716.35,-1504.18,489.02,142.78,-346.80
2024-05-24 07:00:00,1620.09,716.30,-80.15,-83.04,-779.02,-551.50
2024-05-24 08:00:00,1600.71,716.47,-216.67,-80.65,-855.91,-376.20
2024-05-24 09:00:00,1619.99,716.32,-465.58,-178.93,-799.74,-268.70
2024-05-24 10:00:00,1621.67,716.24,-403.91,-594.45,-798.38,-310.60
2024-05-24 11:00:00,1621.62,716.40,-295.38,-700.20,-798.38,-254.30
2024-05-24 12:00:00,1621.50,708.89,-372.45,-702.15,-798.22,-327.10
2024-05-24 13:00:00,1621.47,711.63,-214.24,-684.95,-793.41,-394.90
2024-05-24 14:00:00,1621.58,716.41,-465.18,-292.82,-796.21,-414.80
2024-05-24 15:00:00,1615.79,716.39,-1029.06,68.23,-701.79,-358.80
2024-05-24 16:00:00,1516.29,716.50,-997.89,348.81,-741.11,-296.90
2024-05-24 17:00:00,1334.01,716.51,-1173.73,676.48,-439.20,-406.50
2024-05-24 18:00:00,1330.43,716.50,-1176.74,673.75,-465.76,-267.20
2024-05-24 19:00:00,1358.88,716.36,-1624.77,683.61,-221.78,-104.70
2024-05-24 20:00:00,1194.04,716.30,-1932.72,680.88,199.00,-109.60
2024-05-24 21:00:00,1366.38,716.39,-2166.28,526.47,304.51,-32.90
2024-05-24 22:00:00,1409.20,716.42,-1142.83,3.73,-450.61,90.00
2024-05-24 23:00:00,1474.55,716.72,-1347.80,261.83,-400.09,29.10
2024-05-25 00:00:00,1599.32,716.52,-632.82,-263.71,-664.83,25.10
2024-05-25 01:00:00,1444.77,716.39,-242.21,-693.53,-474.56,65.60
2024-05-25 02:00:00,1607.12,716.45,-480.81,-694.03,-347.54,37.20
2024-05-25 03:00:00,1619.81,716.47,-1188.29,-240.27,-198.18,204.50
2024-05-25 04:00:00,1619.85,716.34,-1288.67,-295.52,-97.00,40.30
2024-05-25 05:00:00,1619.00,716.41,-1505.09,93.53,-369.20,6.30
2024-05-25 06:00:00,1620.72,716.47,-739.94,-478.51,-789.08,-0.30
2024-05-25 07:00:00,1593.91,716.47,-757.22,-491.90,-798.50,-82.90
2024-05-25 08:00:00,1181.55,688.13,-217.60,-491.84,-798.49,-99.70
2024-05-25 09:00:00,760.20,247.86,289.46,-491.80,-798.34,292.80
2024-05-25 10:00:00,335.50,-201.41,1296.96,-491.86,-798.35,403.70
2024-05-25 11:00:00,115.30,-141.11,1507.66,-490.22,-798.29,511.20
2024-05-25 12:00:00,344.11,6.40,1468.47,-411.51,-792.42,117.70
2024-05-25 13:00:00,597.41,-118.10,880.45,-176.92,-508.78,132.80
2024-05-25 14:00:00,1029.72,486.38,-454.20,-247.40,-636.46,308.00
2024-05-25 15:00:00,1461.44,703.69,-1785.03,416.89,-179.96,-192.20
2024-05-25 16:00:00,1587.30,716.38,-2114.26,516.46,701.89,-574.70
2024-05-25 17:00:00,1333.86,716.46,-2147.70,680.52,1041.70,-528.00
2024-05-25 18:00:00,1458.88,716.55,-2222.99,683.31,1066.95,-522.80
2024-05-25 19:00:00,1375.24,716.50,-2037.43,620.36,1014.76,-409.40
2024-05-25 20:00:00,1430.09,716.45,-1357.92,-39.21,549.92,-25.70
2024-05-25 21:00:00,1614.23,716.36,-1816.95,-33.10,611.49,-50.80
2024-05-25 22:00:00,1620.99,716.45,-845.57,-532.76,-85.95,33.30
2024-05-25 23:00:00,1621.04,716.40,-1233.38,-96.58,10.60,-171.80
2024-05-26 00:00:00,1621.15,716.57,-1028.65,-200.08,-29.85,-162.30
2024-05-26 01:00:00,1621.32,716.45,-1373.80,200.12,187.78,-423.50
2024-05-26 02:00:00,1621.47,716.41,-2364.11,-0.54,791.91,-42.20
2024-05-26 03:00:00,1621.29,716.25,-2387.82,185.43,811.87,-179.10
2024-05-26 04:00:00,1619.60,716.47,-2464.49,276.31,746.30,-229.70
2024-05-26 05:00:00,1564.28,683.59,-2033.67,208.80,687.72,-406.80
2024-05-26 06:00:00,1140.88,298.33,-969.31,453.34,200.50,-86.60
2024-05-26 07:00:00,678.10,-361.13,892.77,426.80,-79.92,-495.80
2024-05-26 08:00:00,-11.20,-21.54,1189.89,640.04,-576.34,-93.40
2024-05-26 09:00:00,-214.90,503.44,513.01,587.09,-492.16,445.80
2024-05-26 10:00:00,-581.79,567.00,1147.89,372.47,-501.48,563.50
2024-05-26 11:00:00,-422.59,138.71,2229.80,237.88,-588.98,331.90
2024-05-26 12:00:00,-34.09,-282.36,2062.73,-89.09,-220.52,547.20
2024-05-26 13:00:00,398.60,-13.84,2264.60,-680.88,-785.29,564.50
2024-05-26 14:00:00,608.10,146.59,1489.20,-278.18,-798.56,222.00
2024-05-26 15:00:00,660.90,677.96,228.20,-86.51,-793.29,258.00
2024-05-26 16:00:00,1439.24,716.15,-454.44,23.10,-530.28,-319.30
2024-05-26 17:00:00,1103.28,716.32,-416.07,-114.11,-332.90,-77.90
2024-05-26 18:00:00,1273.31,716.25,178.28,-507.64,-678.94,-44.40
2024-05-26 19:00:00,1468.21,716.15,-525.26,-612.36,-317.63,-118.50
2024-05-26 20:00:00,1298.81,716.24,-387.89,-351.66,-792.52,-9.80
2024-05-26 21:00:00,1598.25,716.33,-382.82,-288.45,-964.01,-340.40
2024-05-26 22:00:00,1618.13,716.27,-2155.82,207.60,575.26,-185.70
2024-05-26 23:00:00,1616.39,716.36,-2283.26,237.19,658.64,48.90
2024-05-27 00:00:00,1617.22,716.33,-2362.17,152.93,801.79,96.80
2024-05-27 01:00:00,1583.84,716.40,-2346.82,122.83,944.25,-7.90
2024-05-27 02:00:00,1608.58,716.38,-2491.52,187.66,919.64,-167.60
2024-05-27 03:00:00,1545.51,716.27,-2510.54,341.46,959.80,-510.00
2024-05-27 04:00:00,1389.77,710.56,-2434.94,268.45,984.23,-539.90
2024-05-27 05:00:00,1604.63,606.09,-2445.62,310.92,742.08,-540.60
2024-05-27 06:00:00,1588.89,330.89,-2161.43,366.41,678.55,-540.60
2024-05-27 07:00:00,1136.84,362.21,-1987.88,587.96,671.83,-540.60
2024-05-27 08:00:00,1231.56,568.17,-2024.80,681.86,61.97,-540.60
2024-05-27 09:00:00,1484.82,684.49,-1916.85,683.53,-725.37,-538.40
2024-05-27 10:00:00,1222.27,499.65,-1448.83,683.60,-797.44,-506.10
2024-05-27 11:00:00,1128.52,696.94,-1716.22,674.57,-798.58,-527.10
2024-05-27 12:00:00,1513.30,716.22,-1938.11,193.29,-795.19,-359.50
2024-05-27 13:00:00,1588.72,716.39,-2033.41,-448.36,-611.63,-122.30
2024-05-27 14:00:00,1193.06,716.37,-2319.78,-406.57,45.89,-19.40
2024-05-27 15:00:00,1148.04,716.46,-2465.15,-396.23,752.01,-124.60
2024-05-27 16:00:00,1500.01,716.29,-2463.91,-467.06,1045.29,-139.50
2024-05-27 17:00:00,1608.07,716.37,-2495.36,-108.46,1067.90,-221.90
2024-05-27 18:00:00,1521.89,716.36,-2527.81,288.04,1067.88,-146.10
2024-05-27 19:00:00,1422.15,716.34,-2499.38,675.37,1044.98,-220.20
2024-05-27 20:00:00,1345.62,710.34,-2386.04,684.25,879.97,-129.60
2024-05-27 21:00:00,1600.96,629.83,-2228.53,684.23,711.72,-70.90
2024-05-27 22:00:00,1620.10,709.57,-1726.36,673.71,293.66,-500.80
2024-05-27 23:00:00,1620.36,716.15,-913.63,119.37,68.73,-492.30
2024-05-28 00:00:00,1620.32,716.21,-611.97,-472.44,354.10,-347.00
2024-05-28 01:00:00,1620.35,716.29,-882.29,-487.64,394.64,-286.50
2024-05-28 02:00:00,1620.60,716.19,-1412.80,-307.87,647.61,-88.80
2024-05-28 03:00:00,1605.94,716.20,-2050.77,-100.84,1057.59,10.60
2024-05-28 04:00:00,1504.88,716.17,-2338.51,542.88,1066.41,-194.70
2024-05-28 05:00:00,1497.35,716.26,-2235.08,680.93,1054.76,-307.40
2024-05-28 06:00:00,1610.60,716.28,-1466.10,683.64,432.70,-460.50
2024-05-28 07:00:00,1620.56,716.33,-265.34,683.59,-760.39,-426.90
2024-05-28 08:00:00,1620.47,716.38,-428.81,683.54,-798.41,-402.80
2024-05-28 09:00:00,1620.20,716.30,-823.50,683.37,-798.42,-237.60
2024-05-28 10:00:00,1617.41,716.38,-1147.29,681.84,-798.34,-117.50
2024-05-28 11:00:00,1572.88,716.38,-967.38,579.77,-797.30,-284.70
2024-05-28 12:00:00,1616.82,716.53,-726.14,171.04,-746.70,-542.60
2024-05-28 13:00:00,1607.20,716.61,-1332.03,521.15,-794.11,-584.90
2024-05-28 14:00:00,1452.14,716.76,-1020.22,2.97,-684.31,-364.80
2024-05-28 15:00:00,1607.78,716.73,-1634.86,-1.78,31.54,-319.60
2024-05-28 16:00:00,1620.70,716.78,-2368.59,-253.22,581.89,-49.00
2024-05-28 17:00:00,1590.51,716.91,-2358.99,-125.39,1058.19,-345.70
2024-05-28 18:00:00,1162.48,716.88,-2392.64,99.58,1059.74,91.30
2024-05-28 19:00:00,1270.64,716.62,-2251.05,470.71,692.17,-5.20
2024-05-28 20:00:00,1368.37,716.64,-2241.82,677.80,566.86,-139.70
2024-05-28 21:00:00,1574.89,710.79,-2078.27,604.11,150.82,-351.40
2024-05-28 22:00:00,1170.04,624.15,-1017.65,679.39,-622.31,-512.60
2024-05-28 23:00:00,691.11,617.62,-533.35,538.61,-672.36,-516.40
2024-05-29 00:00:00,571.21,616.01,-784.13,652.40,-582.83,-534.20
2024-05-29 01:00:00,123.51,593.27,-427.38,452.89,-372.47,-542.50
2024-05-29 02:00:00,102.90,571.73,-73.63,96.10,-370.10,-592.60
2024-05-29 03:00:00,342.32,606.91,-0.44,-478.27,-353.57,-545.10
2024-05-29 04:00:00,575.73,547.06,-14.57,-491.88,-524.95,-547.40
2024-05-29 05:00:00,1158.37,392.93,-251.15,-491.92,-758.53,-542.20
2024-05-29 06:00:00,1478.11,461.34,-109.42,-491.80,-1438.54,-541.70
2024-05-29 07:00:00,1324.02,565.15,-265.15,-491.85,-1452.52,-541.70
2024-05-29 08:00:00,954.70,520.71,81.69,-490.61,-1404.03,-522.50
2024-05-29 09:00:00,772.62,-53.39,724.22,-430.12,-1452.56,-241.30
2024-05-29 10:00:00,1128.21,18.64,86.62,-261.67,-1450.94,-41.80
2024-05-29 11:00:00,1390.07,272.27,-743.24,402.57,-1453.52,-143.00
2024-05-29 12:00:00,1552.29,353.04,-864.91,212.39,-1441.61,74.70
2024-05-29 13:00:00,1607.87,596.46,-1140.51,251.62,-1149.69,-120.30
2024-05-29 14:00:00,1585.41,612.69,-729.03,105.69,-1162.49,-268.60
2024-05-29 15:00:00,1590.24,616.14,-1751.78,629.49,-926.62,-83.30
2024-05-29 16:00:00,1179.78,616.69,-2316.51,677.45,-345.62,-120.50
2024-05-29 17:00:00,1149.22,616.58,-2419.00,384.45,475.70,-300.00
2024-05-29 18:00:00,1148.93,616.63,-2415.19,53.26,869.77,-341.30
2024-05-29 19:00:00,1149.23,616.61,-2301.03,-436.14,1056.16,-93.20
2024-05-29 20:00:00,1148.94,616.60,-2412.70,-47.24,1062.58,-75.00
2024-05-29 21:00:00,1148.92,622.91,-2052.08,-390.54,786.84,86.20
2024-05-29 22:00:00,1149.12,709.73,-2241.46,126.17,507.15,101.90
2024-05-29 23:00:00,1149.32,716.24,-2245.68,-431.67,1005.86,170.90
2024-05-30 00:00:00,1149.32,716.21,-2242.86,-482.05,1021.15,83.90
2024-05-30 01:00:00,1149.22,716.23,-2263.80,-481.94,1067.22,131.90
2024-05-30 02:00:00,1149.32,716.17,-2279.01,-436.36,1068.13,201.10
2024-05-30 03:00:00,1149.43,716.08,-2352.83,-468.34,1066.99,341.70
2024-05-30 04:00:00,1149.53,716.17,-1953.90,-483.40,1065.43,12.40
2024-05-30 05:00:00,1149.22,717.06,-1914.90,-104.80,904.45,-208.10
2024-05-30 06:00:00,1148.83,717.53,-1669.46,551.64,-74.61,-248.30
2024-05-30 07:00:00,1154.27,717.25,-798.43,-79.97,-625.22,-231.40
2024-05-30 08:00:00,1199.68,717.13,-1193.14,561.01,-794.67,-355.30
2024-05-30 09:00:00,1591.63,717.06,-1799.79,584.69,-798.27,-343.10
2024-05-30 10:00:00,1614.38,717.12,-1859.40,653.39,-795.35,-208.90
2024-05-30 11:00:00,1620.81,717.25,-1889.98,560.05,-642.73,-111.80
2024-05-30 12:00:00,1621.37,717.75,-1696.07,332.01,-140.82,-382.80
2024-05-30 13:00:00,1621.64,717.44,-1756.76,-105.32,92.87,-101.20
2024-05-30 14:00:00,1621.56,717.43,-1779.10,-213.18,361.60,-5.40
2024-05-30 15:00:00,1621.63,717.58,-2209.54,110.31,657.91,121.80
2024-05-30 16:00:00,1621.81,717.57,-2213.23,231.14,809.09,-5.90
2024-05-30 17:00:00,1621.60,717.58,-2087.48,459.94,1016.96,-185.30
2024-05-30 18:00:00,1621.63,718.33,-1997.83,604.88,832.41,-379.40
2024-05-30 19:00:00,1621.76,717.67,-1489.88,46.24,686.81,-168.80
2024-05-30 20:00:00,1621.50,717.58,-1932.29,665.58,688.99,-177.90
2024-05-30 21:00:00,1621.48,717.76,-2137.46,604.65,688.14,-23.40
2024-05-30 22:00:00,1621.50,717.77,-2238.16,667.00,688.19,-107.70
2024-05-30 23:00:00,1623.12,718.07,-2288.47,498.93,688.02,43.40
2024-05-31 00:00:00,1621.41,717.76,-1841.79,-113.50,675.14,217.50
2024-05-31 01:00:00,1621.43,717.78,-1683.14,184.77,41.72,105.60
2024-05-31 02:00:00,1621.60,717.72,-2016.89,-357.92,1041.31,-6.50
2024-05-31 03:00:00,1621.62,717.83,-1843.66,-557.66,1068.13,-119.40
2024-05-31 04:00:00,1621.76,717.71,-1754.22,-200.75,1068.13,-477.60
2024-05-31 05:00:00,1621.30,717.44,-1563.45,-387.08,1041.96,-267.60
2024-05-31 06:00:00,1621.02,708.62,-1441.59,269.06,-2.96,-242.60
2024-05-31 07:00:00,1621.05,639.18,-1545.32,655.64,-146.09,-433.80
2024-05-31 08:00:00,1620.90,716.69,-1482.27,308.18,-472.48,-261.70
2024-05-31 09:00:00,1620.47,716.77,-1958.23,508.37,-791.27,18.00
2024-05-31 10:00:00,1609.80,716.82,-2001.69,633.49,-798.28,-141.10
2024-05-31 11:00:00,1448.35,716.77,-1969.33,682.84,-798.27,-124.60
2024-05-31 12:00:00,1421.35,716.81,-2076.35,684.03,-798.75,4.50
2024-05-31 13:00:00,1207.73,716.79,-2131.82,684.02,-818.91,212.90
2024-05-31 14:00:00,1276.72,716.95,-2159.97,683.98,-865.66,174.60
2024-05-31 15:00:00,1597.46,716.93,-2162.72,683.82,-796.85,-12.50
2024-05-31 16:00:00,1621.00,717.14,-1789.69,683.78,-655.03,-363.90
2024-05-31 17:00:00,1620.96,515.87,-1386.06,683.59,-794.23,-259.50
2024-05-31 18:00:00,1621.06,371.38,-1485.52,674.06,-748.44,31.40
2024-05-31 19:00:00,1621.02,692.32,-1662.92,664.22,-321.59,-430.20
2024-05-31 20:00:00,1621.16,716.53,-1344.80,595.17,-783.73,-75.60
2024-05-31 21:00:00,1621.19,716.69,-1491.62,556.17,-598.79,-11.70
2024-05-31 22:00:00,1621.23,716.63,-1775.29,678.70,-353.78,-129.90
2024-05-31 23:00:00,1620.93,716.59,-2137.74,568.76,244.66,-159.20
2024-06-01 00:00:00,1620.97,716.78,-2263.23,392.89,764.04,-327.00
2024-06-01 01:00:00,1620.88,716.86,-2182.57,246.56,776.54,-136.50
2024-06-01 02:00:00,1620.98,716.76,-2111.01,243.77,845.91,-321.50
2024-06-01 03:00:00,1620.73,716.83,-2055.55,71.93,854.09,-268.50
2024-06-01 04:00:00,1620.96,699.11,-2113.83,-38.50,932.05,-450.10
2024-06-01 05:00:00,1621.00,437.41,-2089.15,500.43,253.71,-401.40
2024-06-01 06:00:00,1617.89,423.45,-1842.70,647.12,-390.00,-402.00
2024-06-01 07:00:00,1607.08,592.24,-1862.38,345.22,-503.12,-217.50
2024-06-01 08:00:00,1545.05,716.38,-1202.45,-335.24,-787.66,-196.70
2024-06-01 09:00:00,911.50,684.42,-556.35,-693.93,-584.46,-172.90
2024-06-01 10:00:00,143.92,216.26,61.16,-702.76,-148.54,-4.50
2024-06-01 11:00:00,59.52,201.44,935.63,-702.58,-783.49,28.30
2024-06-01 12:00:00,15.50,137.00,814.60,-702.69,-798.18,343.00
2024-06-01 13:00:00,55.43,189.32,927.30,-702.81,-810.07,-132.40
2024-06-01 14:00:00,431.03,156.43,1130.66,-703.11,-1384.35,-206.50
2024-06-01 15:00:00,873.33,673.77,396.48,-702.96,-1439.91,-384.50
2024-06-01 16:00:00,1311.76,715.82,-70.43,-702.97,-1152.09,-356.80
2024-06-01 17:00:00,1600.08,716.47,-677.54,-702.86,-806.22,-169.60
2024-06-01 18:00:00,1619.62,716.46,-419.14,-695.86,-798.48,-202.40
2024-06-01 19:00:00,1619.66,716.22,-662.26,-321.03,-794.53,-184.30
2024-06-01 20:00:00,1619.60,716.36,-568.44,-591.53,-608.25,-244.90
2024-06-01 21:00:00,1593.23,716.30,-719.37,-9.18,-838.42,-292.20
2024-06-01 22:00:00,1178.15,714.52,-682.75,658.40,-989.65,-308.50
2024-06-01 23:00:00,824.49,691.68,-663.55,545.87,-663.00,-273.20
2024-06-02 00:00:00,1008.79,705.32,-381.40,104.82,-852.68,-240.60
2024-06-02 01:00:00,585.09,628.31,-756.02,153.35,38.65,-234.50
2024-06-02 02:00:00,821.19,701.64,-356.03,-340.33,-240.74,-197.40
2024-06-02 03:00:00,55.89,696.64,38.11,-694.17,39.17,161.60
2024-06-02 04:00:00,67.40,428.26,-92.52,-695.04,-30.13,516.40
2024-06-02 05:00:00,-60.01,164.77,-63.94,-281.39,-115.91,464.70
2024-06-02 06:00:00,-21.11,-191.71,1098.52,-586.94,-388.80,261.40
2024-06-02 07:00:00,-38.81,-485.13,1054.58,-699.20,-233.12,377.10
2024-06-02 08:00:00,-210.40,-263.70,710.94,-644.93,-449.34,399.90
2024-06-02 09:00:00,-619.38,306.85,149.99,-282.90,-641.70,383.40
2024-06-02 10:00:00,-576.68,662.68,-173.64,-371.69,-509.40,182.90
2024-06-02 11:00:00,-1200.33,312.97,373.54,229.01,-183.91,415.40
2024-06-02 12:00:00,-915.43,-158.88,1521.65,666.62,-438.24,341.40
2024-06-02 13:00:00,-558.64,-224.17,1569.12,529.24,-303.83,-41.00
2024-06-02 14:00:00,-440.64,28.06,829.92,510.95,-535.20,-67.40
2024-06-02 15:00:00,41.89,469.43,-261.39,-160.13,-580.97,-116.20
2024-06-02 16:00:00,769.07,615.63,160.64,-689.53,-1434.06,-82.30
2024-06-02 17:00:00,1353.49,709.84,-132.08,-702.57,-1450.15,-285.30
2024-06-02 18:00:00,1604.96,716.15,-495.34,-702.67,-1291.66,-369.70
2024-06-02 19:00:00,1618.79,592.81,-621.78,-702.70,-1449.02,-101.80
2024-06-02 20:00:00,1582.08,690.26,-509.83,-702.59,-1403.90,-317.30
2024-06-02 21:00:00,1542.96,716.11,-648.92,-702.81,-1357.68,-197.70
2024-06-02 22:00:00,1507.16,716.18,-759.67,-702.57,-1296.81,-228.40
2024-06-02 23:00:00,1287.11,716.30,-859.85,-702.53,-907.78,-420.20
2024-06-03 00:00:00,1291.54,716.34,-954.39,-702.63,-667.68,-510.30
2024-06-03 01:00:00,1588.26,715.50,-1037.64,-702.64,-1015.14,-242.00
2024-06-03 02:00:00,1485.61,700.36,-1057.81,-702.62,-758.91,-412.10
2024-06-03 03:00:00,1592.92,715.48,-1419.97,-702.60,-867.02,-138.50
2024-06-03 04:00:00,1618.85,716.50,-1678.43,-702.40,-414.65,-245.10
2024-06-03 05:00:00,1620.08,702.09,-1970.25,-701.11,-105.35,-427.70
2024-06-03 06:00:00,1620.29,554.38,-1746.28,-620.60,16.67,-589.30
2024-06-03 07:00:00,1401.24,709.29,-1304.71,-681.60,-160.29,-601.40
2024-06-03 08:00:00,1568.00,681.35,-905.84,-649.61,-805.30,-601.40
2024-06-03 09:00:00,1357.99,716.17,-862.86,-157.91,-1005.76,-582.10
2024-06-03 10:00:00,1601.26,716.27,-890.19,-378.64,-1434.34,-275.40
2024-06-03 11:00:00,1620.62,711.21,-913.95,-178.12,-1279.87,-454.30
2024-06-03 12:00:00,1620.50,669.90,-744.12,-216.34,-1449.83,-380.40
2024-06-03 13:00:00,1620.87,716.19,-922.28,-595.50,-1448.67,-126.90
2024-06-03 14:00:00,1621.09,716.78,-1120.64,-144.55,-1443.54,-566.40
2024-06-03 15:00:00,1620.86,716.73,-1293.35,-246.58,-976.75,-496.10
2024-06-03 16:00:00,1620.75,716.78,-2235.82,-173.63,171.31,-588.10
2024-06-03 17:00:00,1620.99,716.83,-2324.89,-472.70,674.68,-473.10
2024-06-03 18:00:00,1621.04,716.72,-2441.26,-695.32,1060.21,-402.80
2024-06-03 19:00:00,1621.36,716.72,-2420.96,-575.37,1068.38,-303.50
2024-06-03 20:00:00,1621.68,716.95,-2441.43,-18.32,1065.56,-355.50
2024-06-03 21:00:00,1621.70,716.85,-2242.51,-68.01,916.12,-214.90
2024-06-03 22:00:00,1621.45,716.88,-2481.47,473.44,300.91,-103.20
2024-06-03 23:00:00,1621.74,716.69,-2473.57,287.25,587.44,-138.50
2024-06-04 00:00:00,1621.76,716.90,-2419.56,610.56,447.33,-282.30
2024-06-04 01:00:00,1621.81,716.83,-2421.26,539.81,664.77,-336.30
2024-06-04 02:00:00,1621.95,716.75,-2335.10,169.49,1059.92,-352.30
2024-06-04 03:00:00,1621.90,710.97,-2433.26,314.59,1068.41,-339.80
2024-06-04 04:00:00,1613.20,629.72,-2393.51,664.91,1061.67,-580.50
2024-06-04 05:00:00,1522.59,709.79,-2175.18,682.73,743.48,-561.50
2024-06-04 06:00:00,1523.53,716.45,-2324.96,621.88,812.05,-495.00
2024-06-04 07:00:00,1429.04,716.77,-1868.64,36.51,616.28,-431.70
2024-06-04 08:00:00,1522.26,716.62,-2025.27,619.26,-301.93,-341.60
2024-06-04 09:00:00,1615.54,717.03,-2253.63,623.80,-251.34,-482.10
2024-06-04 10:00:00,1621.67,717.03,-2301.00,541.07,-628.53,-331.40
2024-06-04 11:00:00,1589.67,717.14,-2334.37,87.92,-787.40,-41.50
2024-06-04 12:00:00,1252.15,716.25,-1377.42,-558.68,-439.03,-304.50
2024-06-04 13:00:00,1501.60,704.88,-1730.79,-699.17,-406.98,-45.50
2024-06-04 14:00:00,1614.62,715.89,-2042.43,-695.63,-172.77,2.60
2024-06-04 15:00:00,1621.99,717.16,-2055.14,-700.34,-419.65,127.60
2024-06-04 16:00:00,1622.10,717.12,-2245.44,-628.43,-137.01,160.40
2024-06-04 17:00:00,1622.07,717.11,-2445.86,-426.38,44.19,-35.90
2024-06-04 18:00:00,1622.08,717.05,-2344.61,-674.51,243.66,-98.60
2024-06-04 19:00:00,1622.03,717.07,-2173.97,-702.21,252.99,-264.80
2024-06-04 20:00:00,1618.79,708.92,-1782.99,-702.64,-465.25,-383.40
2024-06-04 21:00:00,1534.32,488.42,-1116.87,-702.89,-796.55,-579.50
2024-06-04 22:00:00,1212.94,665.60,-306.06,-697.65,-1429.56,-494.20
2024-06-04 23:00:00,1116.11,716.29,-641.81,-414.72,-1330.32,-519.60
2024-06-05 00:00:00,801.58,716.58,-790.29,-570.72,-917.89,-349.50
2024-06-05 01:00:00,763.18,714.94,-381.58,-686.82,-1405.23,-272.50
2024-06-05 02:00:00,377.57,686.24,-157.70,-702.13,-1444.43,-48.60
2024-06-05 03:00:00,391.67,702.49,-679.90,-702.57,-1042.95,65.60
2024-06-05 04:00:00,708.28,716.61,-1006.37,-702.43,-996.17,16.00
2024-06-05 05:00:00,832.28,696.65,-1216.77,-694.94,-1299.77,33.70
2024-06-05 06:00:00,577.28,392.29,-769.14,-702.24,-1450.49,-136.00
2024-06-05 07:00:00,211.56,435.31,-718.95,-698.82,-1453.74,-366.00
2024-06-05 08:00:00,-180.83,195.07,-630.34,-483.57,-1448.25,-39.40
2024-06-05 09:00:00,-557.24,513.97,-522.31,-417.01,-1181.67,-92.30
2024-06-05 10:00:00,-661.71,-14.34,-526.14,259.47,-655.69,-323.30
2024-06-05 11:00:00,-831.09,-432.03,-493.40,673.34,-135.20,-351.40
2024-06-05 12:00:00,-404.88,-335.99,-492.62,674.70,-368.13,-446.40
2024-06-05 13:00:00,-203.67,-376.07,-453.66,172.69,389.62,-590.90
2024-06-05 14:00:00,459.05,252.63,-589.75,37.98,-614.41,-589.40
2024-06-05 15:00:00,634.14,689.97,-1025.37,-201.07,-502.42,-408.50
2024-06-05 16:00:00,1222.00,716.33,-1203.70,-451.82,-773.11,-307.90
2024-06-05 17:00:00,1568.58,716.16,-1623.72,-544.36,-212.95,-374.70
2024-06-05 18:00:00,1603.08,716.08,-2301.60,-372.50,176.14,-45.40
2024-06-05 19:00:00,1584.85,716.07,-1970.82,-457.37,134.94,-48.70
2024-06-05 20:00:00,1606.12,716.07,-1780.05,-680.33,37.37,32.70
2024-06-05 21:00:00,1620.97,716.20,-1787.15,-699.45,-67.43,-155.00
2024-06-05 22:00:00,1621.22,655.33,-1184.27,-515.79,-431.84,-373.70
2024-06-05 23:00:00,1621.69,716.05,-1809.48,-546.97,-237.00,-35.10
2024-06-06 00:00:00,1621.37,715.97,-1441.05,-520.66,-532.57,-24.80
2024-06-06 01:00:00,1621.23,716.03,-1634.35,-662.69,-215.10,124.10
2024-06-06 02:00:00,1621.29,715.91,-1881.63,-586.87,-6.82,58.80
2024-06-06 03:00:00,1621.03,715.91,-1791.05,-499.95,-98.51,-93.80
2024-06-06 04:00:00,1620.97,715.95,-1436.41,-531.20,140.45,-488.50
2024-06-06 05:00:00,1621.19,715.96,-1138.19,-580.16,-356.70,-10.60
2024-06-06 06:00:00,1594.93,716.06,-1009.08,-697.81,-839.95,357.70
2024-06-06 07:00:00,1175.51,709.60,-564.13,-594.08,-1440.28,426.70
2024-06-06 08:00:00,789.10,591.08,7.64,-634.93,-1453.59,496.80
2024-06-06 09:00:00,291.00,370.65,857.47,-340.28,-1440.33,489.90
2024-06-06 10:00:00,-139.10,-155.17,1053.72,-290.13,-812.47,476.30
2024-06-06 11:00:00,-175.54,-640.67,1145.50,-171.89,-803.11,582.20
2024-06-06 12:00:00,232.85,-639.45,284.38,465.14,-1037.55,557.30
2024-06-06 13:00:00,680.71,303.31,-495.86,39.62,-1051.85,2.50
2024-06-06 14:00:00,1126.91,694.12,-1350.50,39.29,-787.54,-151.30
2024-06-06 15:00:00,1552.71,636.84,-2071.98,347.68,-499.80,-151.40
2024-06-06 16:00:00,1619.29,669.68,-2070.70,592.89,-51.75,-473.00
2024-06-06 17:00:00,1622.48,715.98,-2447.96,272.92,866.96,-478.00
2024-06-06 18:00:00,1622.26,715.90,-2326.95,326.67,1060.74,-481.70
2024-06-06 19:00:00,1622.16,715.83,-1965.00,-32.29,862.04,-239.60
2024-06-06 20:00:00,1622.25,715.76,-1445.47,12.29,307.28,-264.90
2024-06-06 21:00:00,1622.65,715.70,-2456.87,556.27,901.10,-403.10
2024-06-06 22:00:00,1622.55,715.68,-2449.55,525.18,676.06,-242.40
2024-06-06 23:00:00,1622.56,715.65,-2466.74,661.70,720.85,-296.00
2024-06-07 00:00:00,1622.56,715.79,-2408.56,-1.24,956.61,71.00
2024-06-07 01:00:00,1622.51,715.69,-2123.81,-505.10,1065.93,117.30
2024-06-07 02:00:00,1622.75,715.73,-2272.69,-410.00,1068.21,-19.00
2024-06-07 03:00:00,1622.73,715.62,-2462.43,158.53,1068.07,-492.10
2024-06-07 04:00:00,1622.79,715.67,-2363.55,174.57,1068.21,-460.10
2024-06-07 05:00:00,1621.51,715.59,-2337.94,168.69,1053.11,-534.30
2024-06-07 06:00:00,1605.72,716.62,-2511.77,655.09,298.77,-526.40
2024-06-07 07:00:00,1613.84,716.55,-2117.11,670.13,-648.45,-408.80
2024-06-07 08:00:00,1480.71,683.26,-1138.56,12.97,-730.34,-451.40
2024-06-07 09:00:00,1055.95,366.22,-690.21,-26.54,-1169.65,26.70
2024-06-07 10:00:00,647.12,-360.89,-489.90,432.43,-1274.58,90.40
2024-06-07 11:00:00,209.69,-410.75,201.39,-230.12,-954.21,327.30
2024-06-07 12:00:00,-91.11,-603.06,851.98,-688.31,-800.90,295.70
2024-06-07 13:00:00,303.51,106.28,821.28,-494.93,-760.37,-368.70
2024-06-07 14:00:00,962.62,303.48,-609.30,-397.86,-595.73,-300.80
2024-06-07 15:00:00,1190.37,690.00,-2254.23,-178.03,448.54,-525.70
2024-06-07 16:00:00,1333.10,715.50,-2264.89,-336.77,766.65,-494.90
2024-06-07 17:00:00,1604.12,716.15,-2390.70,-542.95,846.43,-366.50
2024-06-07 18:00:00,1623.01,716.18,-2464.78,-527.49,1054.71,-401.30
2024-06-07 19:00:00,1623.01,716.07,-2449.68,-523.45,1066.15,-170.80
2024-06-07 20:00:00,1622.91,716.08,-2400.99,-354.86,970.10,-424.30
2024-06-07 21:00:00,1623.06,716.11,-2494.68,-482.55,1050.52,-336.10
2024-06-07 22:00:00,1622.56,716.12,-2430.11,-698.24,835.78,-225.50
2024-06-07 23:00:00,1590.35,689.25,-2433.77,-702.90,912.27,-389.60
2024-06-08 00:00:00,1167.89,316.31,-1137.02,-702.91,485.71,-580.90
2024-06-08 01:00:00,768.61,469.30,-1081.95,-702.78,594.24,-530.70
2024-06-08 02:00:00,650.01,567.07,-1002.58,-702.78,410.71,-445.20
2024-06-08 03:00:00,813.31,706.08,-1404.65,-702.69,228.29,-162.50
2024-06-08 04:00:00,1103.63,715.77,-1359.30,-702.65,32.40,-145.20
2024-06-08 05:00:00,1437.59,713.61,-1525.53,-697.93,-181.42,-123.60
2024-06-08 06:00:00,859.48,641.05,-777.17,-474.99,-726.33,228.70
2024-06-08 07:00:00,228.53,84.86,1305.79,-657.66,-796.85,-204.40
2024-06-08 08:00:00,-218.00,-310.60,2255.47,-382.90,-793.92,-16.60
2024-06-08 09:00:00,-666.50,-150.00,2005.32,9.02,-578.80,460.30
2024-06-08 10:00:00,-1032.80,89.36,2337.24,548.26,-378.67,482.70
2024-06-08 11:00:00,-968.90,222.85,2322.81,646.16,-347.99,444.10
2024-06-08 12:00:00,-1002.70,359.93,1849.51,608.71,40.68,443.10
2024-06-08 13:00:00,-856.20,119.35,1601.22,612.71,258.86,152.90
2024-06-08 14:00:00,-764.40,21.84,1122.57,397.77,386.89,251.60
2024-06-08 15:00:00,-112.70,-163.93,799.58,-7.21,-246.59,-153.90
2024-06-08 16:00:00,175.92,372.04,-112.43,-687.69,-529.20,332.00
2024-06-08 17:00:00,715.71,695.06,-38.32,-702.62,-1117.36,-70.50
2024-06-08 18:00:00,567.91,715.76,1.95,-702.54,-1274.24,139.90
2024-06-08 19:00:00,513.81,702.78,99.18,-702.51,-1277.69,136.50
2024-06-08 20:00:00,757.33,492.36,52.77,-702.76,-1277.81,82.00
2024-06-08 21:00:00,788.34,175.16,-16.44,-700.36,-1270.27,230.40
2024-06-08 22:00:00,-113.29,389.28,-22.77,-575.94,-886.51,228.90
2024-06-08 23:00:00,-362.99,-82.21,-3.86,-699.86,-9.49,218.90
2024-06-09 00:00:00,-172.37,-428.55,90.53,-702.82,-81.15,279.90
2024-06-09 01:00:00,214.02,-451.37,87.38,-697.44,-518.70,271.80
2024-06-09 02:00:00,346.53,-498.61,72.38,-665.22,-406.97,208.40
2024-06-09 03:00:00,-44.78,-541.88,87.76,-466.27,-384.51,302.70
2024-06-09 04:00:00,-165.18,-503.37,59.30,-411.72,-277.22,431.70
2024-06-09 05:00:00,4.83,-270.77,122.40,-690.92,-829.51,513.80
2024-06-09 06:00:00,-640.31,-320.11,389.57,-435.96,-132.60,535.50
2024-06-09 07:00:00,-1446.42,9.52,1479.61,-248.93,-402.59,526.60
2024-06-09 08:00:00,-1582.89,116.38,2045.52,2.26,117.62,220.30
2024-06-09 09:00:00,-1653.67,264.38,2046.84,217.25,-87.88,176.40
2024-06-09 10:00:00,-1643.48,110.90,2408.61,42.58,-277.62,147.00
2024-06-09 11:00:00,-1611.41,515.37,2100.87,243.88,-610.07,112.00
2024-06-09 12:00:00,-1603.58,59.68,2522.32,-215.29,-80.04,111.80
2024-06-09 13:00:00,-1638.29,76.14,2274.59,-189.10,185.42,89.50
2024-06-09 14:00:00,-1613.35,-500.38,2308.66,-690.75,243.94,-112.50
2024-06-09 15:00:00,-1205.31,-395.35,1249.39,-702.32,-783.15,262.20
2024-06-09 16:00:00,-750.07,58.71,341.32,-702.34,-1439.09,289.80
2024-06-09 17:00:00,-314.07,474.60,-24.31,-702.52,-1453.40,237.00
2024-06-09 18:00:00,52.14,297.21,17.81,-702.60,-1452.67,122.40
2024-06-09 19:00:00,248.34,608.45,2.31,-702.72,-1401.87,-167.60
2024-06-09 20:00:00,398.54,694.45,-232.69,-702.72,-1257.76,-127.00
2024-06-09 21:00:00,244.93,684.61,-442.77,-702.76,-1305.56,208.80
2024-06-09 22:00:00,591.42,704.69,-852.48,-696.88,-1444.34,318.20
2024-06-09 23:00:00,343.93,588.98,-887.76,-410.11,-1292.86,420.20
2024-06-10 00:00:00,548.25,387.31,-850.47,-696.09,-1130.59,441.20
2024-06-10 01:00:00,399.14,477.21,-889.02,-702.77,-919.30,421.60
2024-06-10 02:00:00,-185.64,185.35,-903.12,-702.83,208.57,422.90
2024-06-10 03:00:00,39.65,341.46,-1201.54,-702.79,250.61,224.20
2024-06-10 04:00:00,353.26,638.31,-1842.78,-702.83,459.44,189.20
2024-06-10 05:00:00,291.55,683.06,-918.73,-702.64,-302.75,75.70
2024-06-10 06:00:00,561.64,684.37,-447.72,-702.48,-1352.01,79.00
2024-06-10 07:00:00,715.43,265.11,-357.59,-684.20,-1451.08,216.20
2024-06-10 08:00:00,794.66,-198.93,-666.31,-23.76,-1449.24,85.00
2024-06-10 09:00:00,740.26,-211.50,-850.23,19.05,-1233.67,67.60
2024-06-10 10:00:00,332.17,-561.48,-764.26,305.24,-1053.27,93.50
2024-06-10 11:00:00,286.28,-620.09,-721.01,479.39,-939.80,31.90
2024-06-10 12:00:00,100.48,-411.98,-816.38,679.65,-853.97,-78.70
2024-06-10 13:00:00,369.09,-414.15,-1413.66,683.97,-146.03,-313.80
2024-06-10 14:00:00,1073.77,400.72,-2276.16,679.44,-398.44,-422.00
2024-06-10 15:00:00,1427.33,355.92,-2475.93,637.68,-91.32,-431.40
2024-06-10 16:00:00,1609.86,691.37,-2392.16,503.40,-591.95,-322.00
2024-06-10 17:00:00,1621.32,558.94,-2617.62,306.52,162.72,-344.40
2024-06-10 18:00:00,1621.11,616.08,-1915.62,300.46,-113.17,-523.40
2024-06-10 19:00:00,1621.16,709.80,-1212.02,672.50,-1238.97,-487.00
2024-06-10 20:00:00,1622.30,716.10,-914.55,552.38,-1367.41,-328.00
2024-06-10 21:00:00,1620.27,627.49,110.65,119.56,-1434.30,-556.30
2024-06-10 22:00:00,1620.92,640.58,-160.18,-316.14,-574.79,-601.30
2024-06-10 23:00:00,1604.03,710.99,68.05,-695.14,-508.54,-597.50
2024-06-11 00:00:00,1514.83,699.89,175.21,-691.62,-655.72,-546.40
2024-06-11 01:00:00,1520.49,353.98,-12.85,-173.80,-660.61,-592.50
2024-06-11 02:00:00,1518.75,330.93,-21.83,-690.96,-278.45,-544.50
2024-06-11 03:00:00,1604.36,535.37,-84.29,-698.78,-585.41,-540.70
2024-06-11 04:00:00,1594.26,330.27,-388.86,-507.61,-59.97,-540.70
2024-06-11 05:00:00,1202.70,247.45,787.14,-689.47,-523.26,-540.60
2024-06-11 06:00:00,1171.62,635.60,896.96,-274.25,-1380.51,-540.30
2024-06-11 07:00:00,755.30,614.70,917.30,-18.51,-1451.06,-498.30
2024-06-11 08:00:00,349.10,576.28,658.70,81.77,-1370.57,31.60
2024-06-11 09:00:00,357.20,218.54,642.71,-206.05,-810.94,64.80
2024-06-11 10:00:00,-486.50,312.51,801.91,275.07,-798.22,166.60
2024-06-11 11:00:00,-882.80,195.68,888.73,529.78,-798.32,440.80
2024-06-11 12:00:00,-594.90,-200.89,1195.45,680.17,-798.41,104.50
2024-06-11 13:00:00,-157.09,-677.95,1240.86,675.36,-811.20,-63.20
2024-06-11 14:00:00,291.14,-391.57,910.14,285.30,-1439.27,59.30
2024-06-11 15:00:00,736.21,68.09,78.86,84.33,-1453.38,167.50
2024-06-11 16:00:00,1176.24,246.46,22.10,-162.51,-1453.38,-132.10
2024-06-11 17:00:00,1594.52,685.40,-224.25,-690.66,-1451.63,-109.10
2024-06-11 18:00:00,1621.89,716.20,-200.23,-702.58,-1368.29,-192.00
2024-06-11 19:00:00,1621.62,716.15,-461.16,-702.53,-1405.31,123.50
2024-06-11 20:00:00,1621.76,716.12,-895.34,-700.54,-1203.59,338.20
2024-06-11 21:00:00,1621.38,716.13,-542.06,-594.00,-1447.80,117.00
2024-06-11 22:00:00,1621.65,716.02,-848.56,-700.04,-1446.98,325.70
2024-06-11 23:00:00,1621.83,716.01,-1024.18,-702.66,-1396.79,428.60
2024-06-12 00:00:00,1621.77,710.09,-969.94,-702.62,-1387.84,432.30
2024-06-12 01:00:00,1621.64,629.94,-954.29,-702.59,-1246.17,431.30
2024-06-12 02:00:00,1619.26,709.64,-1079.41,-702.46,-1208.91,377.10
2024-06-12 03:00:00,1621.43,715.92,-907.45,-679.64,-1401.89,275.10
2024-06-12 04:00:00,1597.90,707.29,-1210.14,-700.63,-535.44,-360.50
2024-06-12 05:00:00,1256.52,590.52,-679.97,-629.35,-591.45,-455.50
2024-06-12 06:00:00,1288.26,695.07,-291.36,-509.75,-1214.00,-427.60
2024-06-12 07:00:00,1218.17,400.31,190.30,-596.89,-1448.31,-485.50
2024-06-12 08:00:00,715.24,214.59,218.10,70.24,-1442.99,-516.30
2024-06-12 09:00:00,522.03,-216.72,737.22,-20.88,-1453.36,-292.60
2024-06-12 10:00:00,94.03,-668.12,993.16,219.08,-1453.46,-114.20
2024-06-12 11:00:00,-305.48,-719.00,1275.56,436.17,-1453.38,-210.50
2024-06-12 12:00:00,14.70,-714.50,1164.55,379.54,-1453.46,-381.20
2024-06-12 13:00:00,277.30,-427.49,974.04,-149.62,-1453.57,-288.40
2024-06-12 14:00:00,905.38,316.29,-81.07,-615.73,-1453.44,-173.40
2024-06-12 15:00:00,1556.29,700.59,-849.30,-700.85,-1453.66,-219.70
2024-06-12 16:00:00,1620.35,715.02,-1004.12,-695.71,-1448.93,-450.60
2024-06-12 17:00:00,1621.33,678.55,-1047.17,-376.09,-1216.58,-452.60
2024-06-12 18:00:00,1621.69,704.55,-1661.34,-684.33,-642.32,-116.20
2024-06-12 19:00:00,1621.71,716.11,-1678.30,-674.50,-696.33,81.90
2024-06-12 20:00:00,1621.84,715.98,-2136.37,-222.46,-659.56,0.20
2024-06-12 21:00:00,1621.94,716.09,-2227.94,-63.84,-788.44,-152.50
2024-06-12 22:00:00,1621.96,715.99,-1962.19,-520.75,-500.69,-54.60
2024-06-12 23:00:00,1603.49,716.13,-2291.25,142.88,-479.71,-243.40
2024-06-13 00:00:00,1555.68,716.29,-2454.84,627.03,-477.84,-402.10
2024-06-13 01:00:00,1582.23,716.36,-2386.42,452.54,-493.86,-345.80
2024-06-13 02:00:00,1611.95,716.38,-2303.95,17.05,-241.48,-371.40
2024-06-13 03:00:00,1565.32,716.36,-2430.28,-449.89,437.16,-209.50
2024-06-13 04:00:00,1618.05,716.24,-2392.17,-686.39,727.87,-169.90
2024-06-13 05:00:00,1621.88,716.31,-2331.32,-148.24,285.46,-219.40
2024-06-13 06:00:00,1622.55,716.65,-1912.36,435.81,-677.61,-473.90
2024-06-13 07:00:00,1622.56,716.48,-2042.37,414.00,-796.16,-352.90
2024-06-13 08:00:00,1620.61,716.40,-2034.98,516.53,-798.34,-492.90
2024-06-13 09:00:00,1468.88,702.53,-2122.87,478.60,-798.24,-216.50
2024-06-13 10:00:00,1130.46,589.98,-1911.33,679.50,-798.13,-229.50
2024-06-13 11:00:00,867.73,678.00,-1309.17,672.93,-798.22,-553.30
2024-06-13 12:00:00,880.03,439.91,-893.62,156.15,-798.18,-272.20
2024-06-13 13:00:00,1257.91,684.61,-1702.11,642.78,-798.21,-382.50
2024-06-13 14:00:00,1599.83,716.07,-1953.20,678.15,-796.44,-341.10
2024-06-13 15:00:00,1622.02,716.92,-1562.88,456.36,-695.54,-310.20
2024-06-13 16:00:00,1622.12,716.94,-1835.41,328.86,99.67,-429.00
2024-06-13 17:00:00,1622.51,716.84,-2408.24,-105.31,1048.31,-378.60
2024-06-13 18:00:00,1622.19,716.80,-2319.53,-33.86,1062.00,-319.50
2024-06-13 19:00:00,1622.31,657.33,-1858.66,215.54,742.62,-549.70
2024-06-13 20:00:00,1622.08,694.60,-1909.20,410.68,690.03,-420.10
2024-06-13 21:00:00,1622.34,629.95,-2194.95,611.65,907.13,-512.50
2024-06-13 22:00:00,1622.47,709.46,-1967.32,-54.59,1062.85,-357.30
2024-06-13 23:00:00,1622.37,715.88,-1278.66,-688.65,961.08,-428.20
2024-06-14 00:00:00,1622.37,716.00,-1143.64,-679.06,846.52,-443.50
2024-06-14 01:00:00,1622.34,715.86,-1704.41,-338.04,1060.86,-440.60
2024-06-14 02:00:00,1622.57,716.00,-1692.24,-432.42,949.64,-336.40
2024-06-14 03:00:00,1622.84,716.00,-1561.37,-522.33,831.94,-350.30
2024-06-14 04:00:00,1622.84,716.08,-1927.44,-233.12,947.39,-440.50
2024-06-14 05:00:00,1622.91,710.35,-2120.74,182.58,708.55,-456.60
2024-06-14 06:00:00,1622.69,680.76,-1351.43,617.66,-368.90,-450.80
2024-06-14 07:00:00,1621.67,715.92,-1591.24,681.95,-736.10,-336.10
2024-06-14 08:00:00,1621.69,715.81,-1508.81,660.45,-993.41,-215.50
2024-06-14 09:00:00,1621.52,716.01,-1406.80,670.43,-1064.28,-352.30
2024-06-14 10:00:00,1610.77,707.36,-984.08,74.93,-1445.09,80.20
2024-06-14 11:00:00,1421.37,567.45,-909.91,180.88,-1453.79,179.60
2024-06-14 12:00:00,951.06,398.17,-242.90,278.61,-1453.61,-8.80
2024-06-14 13:00:00,1573.37,687.94,-581.23,-84.16,-1444.42,-325.10
2024-06-14 14:00:00,1615.29,629.81,-1227.51,101.10,-1000.77,-236.70
2024-06-14 15:00:00,1506.54,709.27,-1139.06,59.58,-745.54,-30.30
2024-06-14 16:00:00,1615.25,716.10,-1871.41,569.85,-510.42,-257.80
2024-06-14 17:00:00,1622.33,635.33,-2253.95,-72.73,395.65,43.30
2024-06-14 18:00:00,1622.37,664.29,-2432.55,136.16,616.04,-280.90
2024-06-14 19:00:00,1622.34,695.01,-1681.37,-396.30,150.48,-146.60
2024-06-14 20:00:00,1622.31,715.90,-1401.12,-628.01,-529.13,-18.10
2024-06-14 21:00:00,1622.47,715.89,-860.61,-701.49,-792.84,-145.20
2024-06-14 22:00:00,1603.45,716.04,-845.10,-702.92,-798.52,-42.50
2024-06-14 23:00:00,1317.95,714.31,-664.24,-702.94,-798.62,54.80
2024-06-15 00:00:00,1077.70,689.03,-339.00,-702.77,-798.52,-18.80
2024-06-15 01:00:00,830.93,699.62,-277.71,-702.87,-798.55,-2.80
2024-06-15 02:00:00,192.53,493.30,493.15,-702.87,-798.46,16.50
2024-06-15 03:00:00,-236.07,334.64,888.18,-696.37,-798.43,61.50
2024-06-15 04:00:00,-862.17,-46.92,1210.51,-376.03,-798.34,182.30
2024-06-15 05:00:00,-1323.32,-426.30,1633.74,-7.62,-798.35,105.60
2024-06-15 06:00:00,-1625.90,-454.24,2049.40,53.71,-798.41,432.50
2024-06-15 07:00:00,-1666.56,-714.13,2396.16,669.91,-798.32,206.40
2024-06-15 08:00:00,-1659.30,-713.74,2595.20,683.18,-798.41,182.00
2024-06-15 09:00:00,-1642.53,-393.40,2537.61,683.43,-798.39,36.10
2024-06-15 10:00:00,-1596.35,-516.79,2497.11,683.57,-798.42,243.60
2024-06-15 11:00:00,-1468.18,-330.36,2483.18,683.52,-798.42,154.40
2024-06-15 12:00:00,-1344.50,-513.05,2462.78,673.18,-798.41,314.30
2024-06-15 13:00:00,-1019.69,-385.90,2355.10,174.52,-798.24,155.90
2024-06-15 14:00:00,-574.14,-696.15,2476.63,-11.20,-798.30,104.30
2024-06-15 15:00:00,-135.75,-513.87,2474.56,-640.12,-798.37,84.00
2024-06-15 16:00:00,72.25,-660.43,1140.47,-354.20,-811.22,-343.70
2024-06-15 17:00:00,266.77,206.09,219.87,107.25,-1439.13,-562.00
2024-06-15 18:00:00,1169.88,384.14,-108.60,-385.28,-1453.71,-539.70
2024-06-15 19:00:00,1592.19,232.29,179.89,-554.51,-1453.61,-538.80
2024-06-15 20:00:00,1594.09,465.06,197.87,-699.46,-1453.77,-540.50
2024-06-15 21:00:00,1182.18,663.59,328.07,-702.86,-1453.67,-532.80
2024-06-15 22:00:00,742.63,194.64,1043.40,-696.51,-1448.97,-410.50
2024-06-15 23:00:00,395.20,-147.49,1125.69,-397.16,-1188.62,-311.20
2024-06-16 00:00:00,-41.60,-82.87,626.84,-385.65,-239.99,-295.00
2024-06-16 01:00:00,-548.30,-580.40,537.43,46.62,-132.98,286.80
2024-06-16 02:00:00,-668.60,-626.23,-253.04,528.75,477.38,68.10
2024-06-16 03:00:00,-455.10,-648.10,231.76,241.99,488.97,-164.30
2024-06-16 04:00:00,-153.00,-493.69,-607.82,642.26,488.85,-151.00
2024-06-16 05:00:00,-509.80,-653.92,-59.11,651.70,391.16,55.70
2024-06-16 06:00:00,-939.59,-164.99,1039.05,164.64,150.22,128.20
2024-06-16 07:00:00,-1384.20,-400.97,1685.82,670.74,88.87,-3.20
2024-06-16 08:00:00,-1649.07,-510.94,2227.87,616.13,-292.83,154.10
2024-06-16 09:00:00,-1653.38,-598.77,2406.25,681.95,-395.25,95.50
2024-06-16 10:00:00,-1446.14,-723.21,2508.88,683.32,-298.99,-330.50
2024-06-16 11:00:00,-1077.87,-720.31,2459.73,682.10,-292.42,-563.10
2024-06-16 12:00:00,-623.55,-731.65,2044.83,608.45,53.94,-600.60
2024-06-16 13:00:00,-175.34,-732.95,1894.59,663.98,98.68,-601.30
2024-06-16 14:00:00,191.65,-718.64,1599.31,598.33,284.07,-601.40
2024-06-16 15:00:00,718.95,-472.72,1018.69,80.40,177.52,-551.40
2024-06-16 16:00:00,1172.88,115.39,-415.66,670.30,-753.12,50.10
2024-06-16 17:00:00,1595.26,678.39,-1918.62,683.79,-581.34,243.60
2024-06-16 18:00:00,1623.19,716.06,-1935.87,683.77,-6.36,-231.40
2024-06-16 19:00:00,1623.36,716.16,-1824.74,683.15,-324.46,-269.00
2024-06-16 20:00:00,1623.47,716.20,-2019.62,653.21,-168.89,-233.60
2024-06-16 21:00:00,1623.39,716.41,-1524.45,312.71,-405.16,-318.00
2024-06-16 22:00:00,1623.45,716.51,-2133.38,520.80,-191.28,-359.00
2024-06-16 23:00:00,1623.32,716.51,-1361.57,260.17,-616.25,-340.20
2024-06-17 00:00:00,1623.24,629.96,-1805.32,476.00,-60.32,-525.40
2024-06-17 01:00:00,1623.42,708.18,-1909.63,427.17,134.15,-532.30
2024-06-17 02:00:00,1623.37,715.94,-1987.30,526.83,118.05,-368.50
2024-06-17 03:00:00,1623.40,705.45,-2047.42,639.45,385.23,-463.70
2024-06-17 04:00:00,1601.17,655.93,-2169.87,612.06,723.73,-396.40
2024-06-17 05:00:00,1279.31,707.40,-1901.58,668.90,864.76,-500.20
2024-06-17 06:00:00,1304.88,714.71,-934.71,18.15,-244.95,-170.00
2024-06-17 07:00:00,1370.00,698.30,-562.38,-249.24,-788.84,-35.90
2024-06-17 08:00:00,1607.32,710.74,-622.39,8.22,-911.43,-498.40
2024-06-17 09:00:00,1591.59,707.80,-923.17,668.97,-1190.79,-536.00
2024-06-17 10:00:00,1095.49,597.71,-164.66,683.66,-1165.60,-526.70
2024-06-17 11:00:00,874.01,559.14,-572.11,683.55,-806.53,-283.20
2024-06-17 12:00:00,1145.76,678.09,-838.07,683.43,-798.29,-572.30
2024-06-17 13:00:00,1089.64,682.40,-1201.37,683.67,-798.33,-509.30
2024-06-17 14:00:00,1263.41,713.90,-1396.86,683.80,-797.65,-437.30
2024-06-17 15:00:00,1361.46,716.31,-1818.20,683.87,-763.58,16.90
2024-06-17 16:00:00,1405.59,713.04,-1605.89,682.43,-468.77,-300.00
2024-06-17 17:00:00,1612.87,673.31,-1992.14,606.83,219.07,-401.30
2024-06-17 18:00:00,1609.67,713.32,-1899.58,291.07,654.85,-489.50
2024-06-17 19:00:00,1587.06,716.34,-1779.91,203.50,649.38,-439.60
2024-06-17 20:00:00,1620.12,716.41,-1358.01,44.36,7.26,-148.70
2024-06-17 21:00:00,1623.03,716.28,-676.23,-518.17,-228.44,-187.80
2024-06-17 22:00:00,1622.63,716.39,-1334.81,148.86,-437.08,-256.00
2024-06-17 23:00:00,1622.78,716.35,-2117.02,627.67,-282.07,-237.70
2024-06-18 00:00:00,1622.74,716.39,-1853.11,596.24,-639.88,-144.70
2024-06-18 01:00:00,1623.00,716.17,-1799.58,631.50,-626.79,-191.50
2024-06-18 02:00:00,1623.02,716.27,-2442.41,679.25,-13.55,-187.90
2024-06-18 03:00:00,1606.33,716.28,-2343.51,677.39,0.00,-353.80
2024-06-18 04:00:00,1371.99,716.28,-2316.35,668.41,0.00,-230.20
2024-06-18 05:00:00,1308.78,716.14,-2349.50,576.89,0.00,-36.70
2024-06-18 06:00:00,1343.81,709.10,-1661.65,-96.49,0.00,-328.70
2024-06-18 07:00:00,1315.51,715.95,-1184.44,-689.46,0.00,-331.60
2024-06-18 08:00:00,1352.10,716.67,-1016.19,-702.80,0.00,-125.90
2024-06-18 09:00:00,1330.92,716.87,-1258.24,-702.41,0.00,-116.60
2024-06-18 10:00:00,1120.84,716.96,-1251.92,-702.67,0.00,-9.60
2024-06-18 11:00:00,1280.13,717.38,-1309.20,-702.59,0.00,-2.00
2024-06-18 12:00:00,1367.47,717.34,-1503.66,-702.47,0.00,-83.50
2024-06-18 13:00:00,1606.58,717.38,-1531.95,-701.99,0.00,-557.40
2024-06-18 14:00:00,1623.53,717.29,-1788.59,-671.12,0.00,-393.10
2024-06-18 15:00:00,1623.49,717.25,-2029.46,-2.54,0.00,-437.30
2024-06-18 16:00:00,1623.55,713.16,-2468.56,603.69,0.00,-330.50
2024-06-18 17:00:00,1623.56,656.47,-2047.88,682.45,0.00,-559.60
2024-06-18 18:00:00,1415.15,711.89,-2105.79,683.96,0.00,-55.60
2024-06-18 19:00:00,1421.55,716.28,-1890.08,682.14,0.00,-65.00
2024-06-18 20:00:00,1429.73,716.32,-1754.24,599.08,0.00,15.60
2024-06-18 21:00:00,1611.02,716.31,-1854.44,637.66,0.00,-123.90
2024-06-18 22:00:00,1623.72,716.25,-1631.40,1.00,0.00,6.20
2024-06-18 23:00:00,1623.60,716.34,-1695.85,-71.39,0.00,-0.20
2024-06-19 00:00:00,1623.45,716.25,-1726.65,-37.35,0.00,-30.30
2024-06-19 01:00:00,1623.47,716.32,-1529.81,-87.05,0.00,-340.50
2024-06-19 02:00:00,1623.00,716.41,-1755.80,163.88,0.00,-374.80
2024-06-19 03:00:00,1601.37,716.46,-1891.53,14.53,0.00,-301.70
2024-06-19 04:00:00,1372.20,716.39,-2301.01,610.10,0.00,-359.90
2024-06-19 05:00:00,1355.55,708.92,-2022.28,22.00,0.00,-365.20
2024-06-19 06:00:00,1355.74,592.82,-1717.77,-218.41,0.00,-472.40
2024-06-19 07:00:00,1336.89,490.88,-1873.43,-447.90,0.00,-392.00
2024-06-19 08:00:00,1041.51,613.17,-1258.40,-697.15,0.00,-570.60
2024-06-19 09:00:00,632.88,669.98,-1135.99,-702.47,0.00,-410.20
2024-06-19 10:00:00,257.07,622.86,-801.96,-693.21,0.00,-483.10
2024-06-19 11:00:00,-159.30,273.73,-676.61,-242.76,0.00,-524.50
2024-06-19 12:00:00,-334.89,122.25,-530.89,-187.26,-0.41,-593.00
2024-06-19 13:00:00,-413.81,269.81,-561.09,-398.25,-0.81,-524.90
2024-06-19 14:00:00,-246.69,50.85,-635.04,-296.88,-1.41,-429.40
2024-06-19 15:00:00,97.48,475.80,-941.16,-693.63,-0.84,-511.20
2024-06-19 16:00:00,517.62,-14.40,-926.76,-702.55,0.00,-412.00
2024-06-19 17:00:00,924.13,5.08,-1087.69,-702.60,0.00,-488.90
2024-06-19 18:00:00,1256.77,668.61,-2004.41,-702.72,0.00,-453.70
2024-06-19 19:00:00,1467.05,716.26,-2089.64,-702.59,0.00,-110.40
2024-06-19 20:00:00,1613.23,716.19,-2238.88,-702.56,0.00,41.80
2024-06-19 21:00:00,1623.08,716.06,-2233.16,-701.51,0.00,32.90
2024-06-19 22:00:00,1623.08,716.11,-2120.03,-645.13,0.00,-120.50
2024-06-19 23:00:00,1622.96,716.10,-1979.17,-701.58,0.00,-72.60
2024-06-20 00:00:00,1622.93,716.25,-1957.72,-702.84,0.00,83.90
2024-06-20 01:00:00,1621.51,716.22,-2066.52,-702.82,0.00,174.20
2024-06-20 02:00:00,1621.08,716.32,-1967.43,-691.58,0.00,310.40
2024-06-20 03:00:00,1614.69,716.37,-2277.93,-142.25,0.00,135.70
2024-06-20 04:00:00,1605.11,716.33,-2381.53,266.21,0.00,-129.20
2024-06-20 05:00:00,1362.64,716.51,-2136.56,321.50,0.00,-226.80
2024-06-20 06:00:00,1157.57,716.74,-1203.58,-347.58,-0.74,-473.40
2024-06-20 07:00:00,1121.04,716.65,-847.52,-694.97,-1.09,-576.90
2024-06-20 08:00:00,1047.43,716.49,-1029.94,-702.39,-1.08,-482.00
2024-06-20 09:00:00,1151.69,716.56,-1566.42,-702.38,-1.07,-31.90
2024-06-20 10:00:00,1157.98,716.51,-1411.00,-702.39,-0.96,-12.20
2024-06-20 11:00:00,1592.29,716.58,-1618.00,-702.56,-1.08,-205.00
2024-06-20 12:00:00,1623.38,716.58,-2070.69,-702.61,-1.11,-27.90
2024-06-20 13:00:00,1623.64,716.72,-2099.50,-688.31,-1.09,-356.40
2024-06-20 14:00:00,1623.55,716.60,-2205.63,-1.24,-0.94,-581.30
2024-06-20 15:00:00,1623.79,716.76,-2525.91,669.15,-1.16,-536.20
2024-06-20 16:00:00,1623.55,716.78,-2370.38,682.29,-0.82,-443.50
2024-06-20 17:00:00,1623.87,717.04,-2432.56,610.06,-0.96,20.80
2024-06-20 18:00:00,1623.54,716.91,-2132.83,544.73,-1.07,0.00
2024-06-20 19:00:00,1623.95,717.05,-1435.76,44.28,-0.01,-56.70
2024-06-20 20:00:00,1623.74,716.89,-496.97,-613.54,0.00,-99.10
2024-06-20 21:00:00,1623.64,717.00,-559.69,-695.07,0.00,-89.10
2024-06-20 22:00:00,1623.39,716.99,-606.87,-584.64,0.00,-52.30
2024-06-20 23:00:00,1618.81,717.26,-556.07,-442.99,0.00,-104.90
2024-06-21 00:00:00,1620.95,716.93,-1190.68,228.55,0.00,12.10
2024-06-21 01:00:00,1623.72,716.72,-1674.71,674.31,0.00,227.20
2024-06-21 02:00:00,1623.74,716.71,-1744.19,683.79,0.00,63.20
2024-06-21 03:00:00,1623.74,716.65,-1647.57,683.73,0.00,35.30
2024-06-21 04:00:00,1623.90,716.67,-1393.44,683.74,0.00,-156.50
2024-06-21 05:00:00,1624.06,716.61,-1498.74,681.29,0.00,-17.30
2024-06-21 06:00:00,1615.81,716.72,-1397.21,549.50,0.05,-155.50
2024-06-21 07:00:00,1515.34,716.75,-577.93,-110.21,3.52,-502.70
2024-06-21 08:00:00,1616.29,716.75,-1091.70,46.35,4.16,-506.40
2024-06-21 09:00:00,1623.48,716.85,-1117.42,-469.74,0.19,-43.60
2024-06-21 10:00:00,1607.31,717.05,-1087.43,-690.49,1.17,72.40
2024-06-21 11:00:00,1372.72,717.16,-1398.70,-336.85,-0.92,251.10
2024-06-21 12:00:00,1355.97,717.21,-930.93,-269.25,-0.81,-149.80
2024-06-21 13:00:00,1372.67,717.27,-340.07,-679.18,-0.70,-230.30
2024-06-21 14:00:00,1607.14,717.25,-404.36,-688.71,-0.66,-221.50
2024-06-21 15:00:00,1623.95,717.16,-1223.21,-1.78,-0.09,-205.90
2024-06-21 16:00:00,1623.95,716.98,-1781.97,647.92,0.00,-131.40
2024-06-21 17:00:00,1623.93,717.15,-1810.12,639.19,0.00,-21.10
2024-06-21 18:00:00,1623.90,717.22,-1037.23,12.02,0.00,-166.80
2024-06-21 19:00:00,1623.73,717.08,-1240.76,33.67,0.00,-40.70
2024-06-21 20:00:00,1623.85,717.08,-785.31,-597.49,0.00,24.50
2024-06-21 21:00:00,1623.90,716.90,-754.27,-575.14,0.00,-70.00
2024-06-21 22:00:00,1624.04,717.00,-776.18,-676.99,0.00,-79.10
2024-06-21 23:00:00,1625.28,717.03,-966.98,-702.18,0.00,-65.70
2024-06-22 00:00:00,1624.07,717.06,-1436.54,-701.94,0.00,257.60
2024-06-22 01:00:00,1623.98,707.71,-1303.46,-653.41,0.00,67.30
2024-06-22 02:00:00,1583.50,572.30,-1132.80,-585.66,0.00,-165.10
2024-06-22 03:00:00,1062.88,531.67,-1327.03,90.50,0.00,-13.70
2024-06-22 04:00:00,1043.43,477.08,-1442.07,286.84,0.00,164.60
2024-06-22 05:00:00,1219.85,675.76,-966.43,-104.85,0.00,-49.00
2024-06-22 06:00:00,949.40,565.59,-737.29,170.30,0.00,72.30
2024-06-22 07:00:00,570.50,18.40,200.06,562.80,-0.03,36.40
2024-06-22 08:00:00,238.90,-420.57,1919.35,379.74,-0.48,-393.30
2024-06-22 09:00:00,-27.20,-652.77,2435.19,320.24,-0.82,-504.70
2024-06-22 10:00:00,-120.70,-732.68,2540.40,107.88,-1.27,-453.40
2024-06-22 11:00:00,-497.69,-732.80,2463.54,668.75,-1.26,-344.50
2024-06-22 12:00:00,-196.90,-732.95,2266.01,552.51,-1.26,-518.10
2024-06-22 13:00:00,123.94,-718.43,2136.95,83.04,-0.94,-463.20
2024-06-22 14:00:00,692.61,-472.46,620.61,201.40,-0.46,-326.90
2024-06-22 15:00:00,1126.21,115.83,-102.01,-428.79,-17.67,-192.80
2024-06-22 16:00:00,1239.22,678.63,-971.52,-118.42,-780.87,251.90
2024-06-22 17:00:00,1268.34,716.25,-1352.86,276.02,-789.34,276.00
2024-06-22 18:00:00,1226.80,716.17,-1328.91,16.00,-347.23,239.80
2024-06-22 19:00:00,1223.49,716.28,-894.07,-327.25,-361.13,234.20
2024-06-22 20:00:00,1226.91,716.17,-36.20,-694.92,-740.28,233.00
2024-06-22 21:00:00,1292.50,716.31,26.06,-702.88,-749.79,190.70
2024-06-22 22:00:00,1601.13,716.18,-461.07,-699.99,-785.53,369.90
2024-06-22 23:00:00,1623.31,716.29,-820.20,-558.59,-798.81,487.70
2024-06-23 00:00:00,1623.21,716.26,-712.98,-699.87,-799.16,458.10
2024-06-23 01:00:00,1616.36,716.29,-589.97,-702.96,-791.63,446.20
2024-06-23 02:00:00,1523.24,716.32,-885.46,-702.99,-425.41,496.10
2024-06-23 03:00:00,1600.73,713.97,-1097.07,-703.03,-322.55,495.20
2024-06-23 04:00:00,1497.15,676.81,-1217.98,-696.26,-7.26,324.10
2024-06-23 05:00:00,1070.67,120.16,-599.69,-343.95,0.94,245.70
2024-06-23 06:00:00,623.69,-390.35,57.60,337.67,-13.93,70.60
2024-06-23 07:00:00,176.09,-455.88,1245.18,676.67,-780.99,-113.50
2024-06-23 08:00:00,-271.90,76.82,1880.86,683.73,-798.55,-494.60
2024-06-23 09:00:00,-686.10,314.67,1440.03,683.64,-798.42,-526.10
2024-06-23 10:00:00,-715.60,-451.07,2214.32,682.00,-798.47,-461.40
2024-06-23 11:00:00,-925.70,-615.54,2480.23,596.53,-798.33,-290.60
2024-06-23 12:00:00,-378.70,-413.27,2528.73,-69.09,-797.97,-243.50
2024-06-23 13:00:00,23.70,-344.19,2448.91,-340.70,-798.17,-356.40
2024-06-23 14:00:00,279.20,-446.09,2157.03,-345.07,-798.26,-508.30
2024-06-23 15:00:00,551.63,115.36,-256.84,328.88,-798.59,-148.50
2024-06-23 16:00:00,1160.49,678.56,-2079.34,676.63,-790.85,320.00
2024-06-23 17:00:00,1595.59,716.18,-2162.63,670.43,-382.76,-84.90
2024-06-23 18:00:00,1623.33,716.23,-2068.49,1.85,742.99,-364.40
2024-06-23 19:00:00,1623.71,716.09,-1321.53,-548.26,523.65,-186.60
2024-06-23 20:00:00,1623.78,716.07,-1262.99,-698.36,604.75,-157.00
2024-06-23 21:00:00,1623.75,716.16,-1450.16,-609.61,643.54,-43.20
2024-06-23 22:00:00,1614.60,716.17,-1574.99,-10.39,168.86,-67.60
2024-06-23 23:00:00,1486.89,716.13,-577.40,-667.47,-189.34,-1.60
2024-06-24 00:00:00,1526.89,716.13,-494.01,-702.50,-255.04,-67.30
2024-06-24 01:00:00,1617.24,716.09,-754.82,-699.54,-75.15,-140.50
2024-06-24 02:00:00,1623.80,709.18,-1002.11,-671.89,90.74,-69.70
2024-06-24 03:00:00,1589.02,572.91,-2046.85,-5.89,692.50,-69.30
2024-06-24 04:00:00,1110.97,37.92,-2108.15,633.74,1060.00,57.50
2024-06-24 05:00:00,1025.89,-0.05,-2105.85,682.76,1023.89,91.50
2024-06-24 06:00:00,919.60,0.00,-789.86,636.11,-279.32,65.40
2024-06-24 07:00:00,1083.86,0.00,-308.12,681.70,-1024.40,-99.90
2024-06-24 08:00:00,1291.53,0.00,-743.58,627.70,-804.20,-57.20
2024-06-24 09:00:00,917.80,0.00,-439.00,676.04,-798.74,-23.00
2024-06-24 10:00:00,455.00,0.00,514.13,367.65,-798.61,-243.60
2024-06-24 11:00:00,169.80,0.00,376.30,520.12,-798.47,-40.80
2024-06-24 12:00:00,519.70,0.00,336.56,488.70,-797.56,-400.50
2024-06-24 13:00:00,697.80,0.00,-440.53,628.89,-798.50,-44.50
2024-06-24 14:00:00,1011.30,0.00,-434.13,618.59,-796.37,-177.50
2024-06-24 15:00:00,974.30,0.00,20.06,677.81,-686.20,-367.00
2024-06-24 16:00:00,1152.07,0.00,-371.63,677.02,51.02,-438.40
2024-06-24 17:00:00,1339.86,0.00,-996.90,451.30,992.05,-266.10
2024-06-24 18:00:00,1354.51,0.00,-1209.15,667.99,1063.67,-42.10
2024-06-24 19:00:00,1353.87,0.00,-772.80,135.87,888.16,83.40
2024-06-24 20:00:00,1340.32,0.00,-36.10,-475.67,759.35,184.80
2024-06-24 21:00:00,1348.29,0.00,572.64,-472.34,72.83,237.50
2024-06-24 22:00:00,1264.96,0.00,19.83,64.92,419.79,-82.70
2024-06-24 23:00:00,1305.43,0.00,124.33,31.60,406.66,-192.00
2024-06-25 00:00:00,1352.42,0.00,-61.90,-31.72,475.07,-326.00
2024-06-25 01:00:00,1355.36,0.00,-292.99,117.61,589.54,-466.60
2024-06-25 02:00:00,1345.63,0.00,-470.04,179.43,609.71,-321.20
2024-06-25 03:00:00,1299.56,0.00,-699.49,79.30,1056.77,-238.80
2024-06-25 04:00:00,1346.91,0.00,-848.47,317.58,993.97,-239.70
2024-06-25 05:00:00,1351.12,0.00,-919.22,574.47,708.47,-109.40
2024-06-25 06:00:00,1291.18,0.00,968.77,16.54,-1111.13,92.10
2024-06-25 07:00:00,801.90,0.00,976.03,-289.97,-998.65,432.10
2024-06-25 08:00:00,501.00,0.00,1055.25,-220.10,-998.53,385.70
2024-06-25 09:00:00,360.40,0.00,950.34,1.61,-998.33,500.20
2024-06-25 10:00:00,-166.00,0.00,1653.06,325.94,-998.27,176.10
2024-06-25 11:00:00,-495.80,0.00,1652.43,488.35,-998.13,356.40
2024-06-25 12:00:00,-223.20,0.00,1539.05,641.58,-998.21,73.00
2024-06-25 13:00:00,215.50,0.00,1050.84,682.46,-998.21,-269.20
2024-06-25 14:00:00,662.70,0.00,144.69,666.28,-998.14,117.40
2024-06-25 15:00:00,1220.82,0.00,-169.47,682.45,-997.26,-24.60
2024-06-25 16:00:00,1235.92,0.00,241.02,633.26,-932.25,-123.00
2024-06-25 17:00:00,1170.22,0.00,148.56,646.01,-85.42,-457.30
2024-06-25 18:00:00,1343.14,0.00,-261.10,642.78,274.05,-416.90
2024-06-25 19:00:00,1355.70,0.00,-96.55,274.80,226.16,-152.80
2024-06-25 20:00:00,1355.65,0.00,786.72,-186.53,-334.58,-66.50
2024-06-25 21:00:00,1355.34,0.00,99.57,102.78,-469.96,374.20
2024-06-25 22:00:00,1355.34,0.00,-181.22,210.03,-368.20,449.40
2024-06-25 23:00:00,1355.79,0.00,-84.16,105.26,-349.72,534.80
2024-06-26 00:00:00,1355.71,0.00,-388.46,421.03,-264.85,363.40
2024-06-26 01:00:00,1355.76,0.00,-8.20,131.74,-244.62,129.70
2024-06-26 02:00:00,1355.57,0.00,-248.46,-95.61,51.82,267.10
2024-06-26 03:00:00,1355.56,0.00,-777.46,57.09,692.78,68.70
2024-06-26 04:00:00,1204.08,0.00,-620.27,266.15,842.19,-232.70
2024-06-26 05:00:00,1341.56,0.00,-16.74,-395.72,337.31,186.80
2024-06-26 06:00:00,1352.43,0.00,360.59,-322.97,-628.05,358.30
2024-06-26 07:00:00,1347.27,0.00,431.43,-343.42,-990.82,465.70
2024-06-26 08:00:00,1220.70,0.00,81.35,282.73,-989.84,29.50
2024-06-26 09:00:00,808.60,0.00,418.10,91.43,-998.09,198.80
2024-06-26 10:00:00,559.30,0.00,565.36,158.98,-998.22,230.10
2024-06-26 11:00:00,227.10,0.00,359.03,610.08,-998.12,370.90
2024-06-26 12:00:00,319.30,0.00,399.73,676.98,-998.20,208.40
2024-06-26 13:00:00,1134.21,0.00,-463.90,547.45,-994.93,266.70
2024-06-26 14:00:00,1346.18,0.00,-608.64,244.43,-840.11,357.60
2024-06-26 15:00:00,1353.83,0.00,-337.77,476.39,-866.76,155.20
2024-06-26 16:00:00,1336.04,0.00,-907.17,478.11,163.39,-104.50
2024-06-26 17:00:00,1353.36,0.00,-1917.13,618.26,1049.53,153.30
2024-06-26 18:00:00,1354.56,0.00,-1932.28,455.75,1068.60,425.80
2024-06-26 19:00:00,1354.69,0.00,-1918.18,670.84,1067.58,210.00
2024-06-26 20:00:00,1353.82,0.00,-1649.89,272.83,1002.74,272.30
2024-06-26 21:00:00,1356.12,0.00,-931.76,86.34,80.25,487.20
2024-06-26 22:00:00,1356.36,0.00,-258.70,-456.86,52.04,36.90
2024-06-26 23:00:00,1345.60,0.00,-260.10,-462.92,-77.59,-0.30
2024-06-27 00:00:00,1260.08,0.00,-131.30,-484.01,-230.58,40.00
2024-06-27 01:00:00,1357.37,0.00,-1279.57,-113.39,395.14,98.20
2024-06-27 02:00:00,1350.93,0.00,-2172.96,263.52,864.13,104.60
2024-06-27 03:00:00,1346.22,0.00,-2226.80,458.29,1055.02,-59.70
2024-06-27 04:00:00,1347.69,0.00,-2293.85,676.56,1063.44,-238.20
2024-06-27 05:00:00,1357.02,0.00,-1803.73,548.06,818.60,-431.00
2024-06-27 06:00:00,1357.07,0.00,-996.45,243.68,93.47,-420.90
2024-06-27 07:00:00,1356.79,0.00,-617.17,-298.79,-509.76,-105.60
2024-06-27 08:00:00,1356.69,0.00,-49.94,-481.25,-986.41,-238.30
2024-06-27 09:00:00,1323.42,0.00,-550.55,-162.85,-973.71,-160.90
2024-06-27 10:00:00,903.13,0.00,-850.94,184.24,-641.92,-88.50
2024-06-27 11:00:00,455.90,0.00,-1396.67,459.77,568.96,-387.50
2024-06-27 12:00:00,74.80,0.00,-1628.29,579.04,957.62,-380.80
2024-06-27 13:00:00,657.20,0.00,-2024.23,444.15,1065.89,-406.10
2024-06-27 14:00:00,1261.53,0.00,-2262.39,118.14,1064.59,-189.10
2024-06-27 15:00:00,1249.86,0.00,-2568.35,556.70,1068.17,-143.30
2024-06-27 16:00:00,1130.83,0.00,-2177.90,677.76,1067.50,-416.60
2024-06-27 17:00:00,1340.34,0.00,-2184.00,528.37,1068.13,-192.00
2024-06-27 18:00:00,1355.93,0.00,-2457.16,674.24,1068.19,-115.20
2024-06-27 19:00:00,1355.99,0.00,-2303.76,684.20,1068.25,-226.50
2024-06-27 20:00:00,1356.07,0.00,-2215.37,684.41,1068.23,-151.30
2024-06-27 21:00:00,1355.99,0.00,-2353.62,684.23,1068.20,179.40
2024-06-27 22:00:00,1356.12,0.00,-2052.52,678.90,1068.25,-15.40
2024-06-27 23:00:00,1356.22,0.00,-1922.42,684.10,1068.25,-118.50
2024-06-28 00:00:00,1356.09,0.00,-1955.79,658.62,1068.20,-68.70
2024-06-28 01:00:00,1356.28,0.00,-1212.08,12.50,1068.20,-84.20
2024-06-28 02:00:00,1356.09,0.00,-1662.28,511.89,1068.24,-91.40
2024-06-28 03:00:00,1356.21,0.00,-1701.24,554.71,1067.99,-86.40
2024-06-28 04:00:00,1356.18,0.00,-1479.04,680.72,1068.20,-91.70
2024-06-28 05:00:00,1356.41,0.00,-1387.99,641.57,1068.08,-168.20
2024-06-28 06:00:00,1337.70,0.00,-629.84,-13.31,1058.68,-369.70
2024-06-28 07:00:00,1205.85,0.00,-247.08,102.70,586.01,-514.50
2024-06-28 08:00:00,1045.63,0.00,429.33,-478.55,-42.38,-399.80
2024-06-28 09:00:00,548.71,0.00,1048.17,-491.49,-735.57,-522.90
2024-06-28 10:00:00,-50.81,0.00,1485.85,-468.22,-767.12,-452.00
2024-06-28 11:00:00,-291.12,0.00,1627.31,-355.06,-988.16,-158.00
2024-06-28 12:00:00,-925.11,0.00,1838.96,-251.14,-988.55,-222.80
2024-06-28 13:00:00,-778.88,0.00,1302.39,179.85,-992.23,-20.20
2024-06-28 14:00:00,-567.42,0.00,1231.42,-34.73,-711.33,-137.50
2024-06-28 15:00:00,249.75,0.00,-357.85,-687.86,-1091.27,-272.30
2024-06-28 16:00:00,724.86,0.00,-754.17,-702.64,-1096.42,-350.30
2024-06-28 17:00:00,1172.12,0.00,-1165.81,-702.62,-1201.52,-13.30
2024-06-28 18:00:00,1595.02,0.00,-1109.57,-702.17,-1357.22,-211.50
2024-06-28 19:00:00,1624.09,0.00,-1733.27,-673.83,-510.23,-359.70
2024-06-28 20:00:00,1608.86,0.00,-2030.49,-690.32,-260.74,-67.90
2024-06-28 21:00:00,1406.09,0.00,-2103.54,-121.62,-597.76,240.60
2024-06-28 22:00:00,1607.11,0.00,-1908.09,-689.60,92.36,79.40
2024-06-28 23:00:00,1622.81,0.00,-1603.21,-703.43,109.81,-1.20
2024-06-29 00:00:00,1622.82,0.00,-1040.94,-702.49,-227.61,-94.00
2024-06-29 01:00:00,1622.91,0.00,-1174.00,-683.32,262.06,-344.70
2024-06-29 02:00:00,1623.07,0.00,-1342.79,-632.16,364.45,-309.20
2024-06-29 03:00:00,1623.17,0.00,-1814.27,-162.23,413.93,-269.70
2024-06-29 04:00:00,1623.27,0.00,-2406.96,271.78,565.26,-197.20
2024-06-29 05:00:00,1601.68,0.00,-2216.86,586.56,36.07,-102.50
2024-06-29 06:00:00,1262.19,0.00,-919.58,403.02,-970.96,-115.80
2024-06-29 07:00:00,734.62,0.00,9.35,-169.26,-998.50,-149.10
2024-06-29 08:00:00,459.23,0.00,228.83,23.23,-998.32,29.40
2024-06-29 09:00:00,-72.70,0.00,1361.26,-535.79,-998.22,459.10
2024-06-29 10:00:00,-478.80,0.00,1101.38,93.45,-998.33,564.80
2024-06-29 11:00:00,-551.20,0.00,1123.12,576.43,-998.23,344.20
2024-06-29 12:00:00,-113.80,0.00,1163.98,-29.31,-998.15,326.60
2024-06-29 13:00:00,677.63,0.00,199.94,-586.37,-993.60,359.50
2024-06-29 14:00:00,1156.86,0.00,-580.89,-193.02,-779.04,28.90
2024-06-29 15:00:00,1221.20,0.00,-1148.81,457.02,-743.32,146.40
2024-06-29 16:00:00,1597.91,0.00,-1776.15,599.50,-273.42,274.10
2024-06-29 17:00:00,1623.94,0.00,-2231.57,77.30,1021.69,329.70
2024-06-29 18:00:00,1623.88,0.00,-1052.83,-607.79,1041.74,97.90
2024-06-29 19:00:00,1623.99,0.00,436.36,-701.43,-8.67,-105.50
2024-06-29 20:00:00,1624.01,0.00,1262.40,-703.26,-808.93,-63.90
2024-06-29 21:00:00,1624.20,0.00,1291.98,-703.05,-899.61,24.60
2024-06-29 22:00:00,1624.18,0.00,905.94,-692.97,-991.13,446.50
2024-06-29 23:00:00,1623.86,0.00,299.08,-536.64,-707.36,479.40
2024-06-30 00:00:00,1624.28,0.00,139.72,-697.49,-516.57,509.40
2024-06-30 01:00:00,1623.01,0.00,-286.48,-608.68,-158.55,325.40
2024-06-30 02:00:00,1599.65,0.00,-721.36,-24.94,-162.86,137.40
2024-06-30 03:00:00,1444.78,0.00,-706.60,338.09,-260.96,-45.70
2024-06-30 04:00:00,1031.40,0.00,-910.23,644.25,-268.16,211.10
2024-06-30 05:00:00,598.09,0.00,-587.97,218.72,-44.56,521.90
2024-06-30 06:00:00,507.70,0.00,222.32,-287.37,-13.61,255.50
2024-06-30 07:00:00,38.00,0.00,1333.72,-691.93,-390.45,348.60
2024-06-30 08:00:00,-353.70,0.00,1703.65,-598.09,-379.24,361.60
2024-06-30 09:00:00,-646.20,0.00,2077.74,-598.82,-569.38,465.60
2024-06-30 10:00:00,-847.10,0.00,1854.96,61.63,-550.87,490.20
2024-06-30 11:00:00,-774.40,-0.31,2315.18,-391.76,-601.05,496.70
2024-06-30 12:00:00,-541.50,43.03,1993.62,209.22,-694.86,178.60
2024-06-30 13:00:00,-108.70,263.53,1733.88,-270.79,-601.49,27.60
2024-06-30 14:00:00,613.43,686.20,397.42,-690.51,-499.39,298.00
2024-06-30 15:00:00,1279.03,716.18,-649.40,-547.11,-287.11,176.20
2024-06-30 16:00:00,1466.40,716.12,-565.41,-515.90,-632.35,219.80
2024-06-30 17:00:00,1607.83,716.27,-901.45,-479.26,-695.12,328.60
2024-06-30 18:00:00,1443.39,716.27,-375.93,-362.54,-983.18,329.70
2024-06-30 19:00:00,1468.87,716.23,-491.71,-577.45,-567.39,306.90
2024-06-30 20:00:00,1428.04,716.22,-716.86,-306.36,-571.03,123.90
2024-06-30 21:00:00,1481.37,716.19,-638.18,-381.80,-702.06,17.30
2024-06-30 22:00:00,1623.76,716.10,-1006.21,30.61,-554.98,-291.00
2024-06-30 23:00:00,1623.99,716.50,-646.05,-468.43,-629.24,-207.80
2024-07-01 00:00:00,1623.99,716.10,-1854.84,39.83,-21.20,-169.00
2024-07-01 01:00:00,1624.17,716.24,-2089.80,-169.03,686.37,-322.20
2024-07-01 02:00:00,1623.86,716.16,-1120.32,-315.91,-200.70,-222.00
2024-07-01 03:00:00,1624.11,716.30,-1978.11,304.28,430.97,-544.70
2024-07-01 04:00:00,1624.21,705.72,-2312.85,409.67,841.22,-575.60
2024-07-01 05:00:00,1624.08,581.93,-1811.58,-43.54,1055.68,-597.00
2024-07-01 06:00:00,1623.76,710.11,-2245.15,356.72,636.48,-532.50
2024-07-01 07:00:00,1624.27,716.37,-1378.15,675.86,-933.86,-461.20
2024-07-01 08:00:00,1624.28,717.10,-1596.53,641.20,-1046.47,-381.60
2024-07-01 09:00:00,1623.95,717.06,-1944.93,628.16,-1000.13,-124.70
2024-07-01 10:00:00,1624.05,717.07,-1610.95,34.23,-1035.89,42.90
2024-07-01 11:00:00,1623.75,717.32,-1063.19,-477.43,-1429.76,130.10
2024-07-01 12:00:00,1389.49,706.91,-611.40,-323.18,-1453.90,-222.30
2024-07-01 13:00:00,1186.45,564.30,-661.10,305.77,-1454.39,-518.10
2024-07-01 14:00:00,1441.99,705.35,-512.12,-349.74,-1445.19,-425.50
2024-07-01 15:00:00,1388.12,716.59,-1284.84,-478.15,-1008.30,-19.90
2024-07-01 16:00:00,1379.70,716.58,-1967.85,38.63,-985.41,118.90
2024-07-01 17:00:00,1379.96,716.60,-1900.52,-37.07,-335.72,-231.30
2024-07-01 18:00:00,1380.06,716.38,-2114.91,-341.00,395.53,-390.00
2024-07-01 19:00:00,1379.88,716.53,-2339.27,135.89,397.12,-324.00
2024-07-01 20:00:00,1379.74,716.58,-1493.20,-349.62,-273.66,23.70
2024-07-01 21:00:00,1379.65,716.62,-2586.17,-205.57,315.45,218.70
2024-07-01 22:00:00,1379.68,716.59,-2094.77,-485.81,427.92,-78.40
2024-07-01 23:00:00,1379.65,716.66,-2438.44,-492.07,772.04,-40.90
2024-07-02 00:00:00,1378.85,716.58,-2483.30,-492.04,732.13,48.40
2024-07-02 01:00:00,1361.69,716.37,-2503.28,-492.04,853.10,-99.30
2024-07-02 02:00:00,1302.23,709.70,-2461.15,-492.03,998.13,-216.60
2024-07-02 03:00:00,1354.35,705.02,-2489.78,-492.00,1043.57,-244.10
2024-07-02 04:00:00,1359.36,714.02,-2378.38,-492.11,1052.49,-287.10
2024-07-02 05:00:00,1378.38,714.48,-1872.64,-492.02,392.50,-280.30
2024-07-02 06:00:00,1379.60,714.51,-1516.17,-491.99,-585.32,97.60
2024-07-02 07:00:00,1379.65,716.66,-1107.66,-490.80,-1435.74,213.50
2024-07-02 08:00:00,1379.65,717.13,-855.07,-445.77,-1454.48,-73.30
2024-07-02 09:00:00,1352.01,717.04,-671.37,-490.85,-1454.42,-528.30
2024-07-02 10:00:00,941.82,716.99,-589.57,-488.66,-1448.66,-397.90
2024-07-02 11:00:00,574.60,715.62,-582.03,-328.96,-1454.29,-396.50
2024-07-02 12:00:00,230.60,697.70,-530.98,-207.33,-1453.84,-530.70
2024-07-02 13:00:00,162.29,707.82,-440.90,-485.64,-1445.98,-453.00
2024-07-02 14:00:00,227.99,662.83,-444.70,-484.76,-1422.28,-452.80
2024-07-02 15:00:00,647.10,678.41,-964.73,-154.26,-1453.13,-503.70
2024-07-02 16:00:00,1051.13,662.22,-1079.18,-484.28,-1430.41,-389.30
2024-07-02 17:00:00,1291.28,646.13,-1101.11,-491.71,-1453.71,-387.50
2024-07-02 18:00:00,1390.42,711.42,-1087.28,-491.75,-1454.43,-495.40
2024-07-02 19:00:00,1608.24,716.18,-1671.25,-491.79,-1454.42,-189.10
2024-07-02 20:00:00,1617.67,716.34,-1673.21,-491.96,-1449.20,-122.60
2024-07-02 21:00:00,1529.24,716.11,-2123.27,-491.84,-1189.77,348.30
2024-07-02 22:00:00,1381.18,716.12,-1373.44,-491.93,-1444.75,103.60
2024-07-02 23:00:00,1255.91,716.09,-1483.47,-491.86,-1453.04,220.60
2024-07-03 00:00:00,1163.51,714.11,-1400.54,-491.91,-1442.14,123.50
2024-07-03 01:00:00,1230.86,679.38,-1786.42,-492.02,-820.24,37.70
2024-07-03 02:00:00,1230.22,627.09,-2110.90,-491.96,-280.14,161.50
2024-07-03 03:00:00,1280.87,651.31,-2245.59,-491.96,8.70,200.00
2024-07-03 04:00:00,1372.48,711.89,-2052.27,-489.01,-344.93,314.60
2024-07-03 05:00:00,1378.99,716.76,-787.86,-345.88,-1280.57,-207.10
2024-07-03 06:00:00,1379.33,701.64,-652.89,-319.24,-1412.81,-489.40
2024-07-03 07:00:00,1379.27,579.74,-510.94,-487.97,-1453.63,-597.40
2024-07-03 08:00:00,1379.28,483.28,-431.75,-491.81,-1454.25,-594.20
2024-07-03 09:00:00,1374.21,568.65,-534.33,-491.79,-1454.38,-493.80
2024-07-03 10:00:00,1305.33,693.55,-570.48,-490.09,-1454.50,-417.60
2024-07-03 11:00:00,1307.16,694.55,-660.96,-396.56,-1454.17,-385.40
2024-07-03 12:00:00,1360.44,266.29,-737.36,268.47,-1454.21,-588.80
2024-07-03 13:00:00,1294.20,3.81,-611.84,671.21,-1456.55,-601.20
2024-07-03 14:00:00,1353.87,172.20,-599.32,678.52,-1414.69,-595.90
2024-07-03 15:00:00,1605.89,680.40,-2038.42,437.41,92.48,-419.80
2024-07-03 16:00:00,1623.61,717.37,-2085.52,-141.32,526.04,-188.60
2024-07-03 17:00:00,1623.56,717.63,-2096.96,-439.17,1056.52,-87.70
2024-07-03 18:00:00,1623.53,717.40,-2176.05,-383.08,1067.89,-14.00
2024-07-03 19:00:00,1623.27,717.42,-2267.10,-248.89,1068.14,-114.60
2024-07-03 20:00:00,1623.48,717.29,-2096.76,-115.48,1068.03,-497.80
2024-07-03 21:00:00,1608.44,716.01,-2186.03,-476.37,1068.14,-317.60
2024-07-03 22:00:00,1366.72,663.00,-2514.69,-178.01,1068.05,-171.00
2024-07-03 23:00:00,931.89,102.57,-1614.50,-235.92,1067.89,-230.20
2024-07-04 00:00:00,484.99,-413.19,-904.27,34.35,1068.01,-506.50
2024-07-04 01:00:00,41.20,-424.60,-972.89,286.38,1067.76,-470.50
2024-07-04 02:00:00,-319.30,-441.34,-948.68,304.09,1059.12,-386.00
2024-07-04 03:00:00,-149.17,-443.77,-745.93,-293.72,1067.77,-463.70
2024-07-04 04:00:00,-193.37,-670.19,-596.76,-487.77,1064.24,-434.60
2024-07-04 05:00:00,-288.40,-597.78,191.41,-491.89,871.17,-413.20
2024-07-04 06:00:00,-399.00,-294.54,293.88,-482.92,401.09,85.50
2024-07-04 07:00:00,-832.19,-657.40,446.88,-43.83,481.85,56.30
2024-07-04 08:00:00,-1244.85,-282.82,83.88,404.55,450.89,-125.60
2024-07-04 09:00:00,-973.54,-699.49,725.66,677.45,202.09,-520.70
2024-07-04 10:00:00,-970.73,-732.64,1292.97,680.57,-150.71,-540.50
2024-07-04 11:00:00,-643.72,-732.78,1308.95,682.79,139.36,-540.50
2024-07-04 12:00:00,-483.54,-732.86,1758.91,656.81,247.20,-565.80
2024-07-04 13:00:00,-488.24,-732.79,1699.40,682.94,15.62,-540.60
2024-07-04 14:00:00,-607.64,-732.96,1968.53,677.07,-238.29,-540.70
2024-07-04 15:00:00,-712.04,-714.00,480.45,361.64,115.43,-526.40
2024-07-04 16:00:00,-463.02,-410.42,-245.50,-23.11,-291.08,-239.70
2024-07-04 17:00:00,-92.14,118.20,-385.79,-279.75,-692.47,-104.20
2024-07-04 18:00:00,8.15,648.87,23.91,-480.20,-1292.69,-7.20
2024-07-04 19:00:00,230.16,640.03,-456.66,-290.71,-919.79,-0.30
2024-07-04 20:00:00,515.46,643.23,-888.62,-485.88,-631.60,4.00
2024-07-04 21:00:00,235.96,662.27,-1158.91,-411.29,-302.86,80.00
2024-07-04 22:00:00,-203.83,104.14,-1152.95,-490.24,728.63,193.10
2024-07-04 23:00:00,-605.74,-478.32,-868.88,-490.13,1061.70,444.00
2024-07-05 00:00:00,-273.64,-518.46,-1020.27,-401.39,1068.32,223.10
2024-07-05 01:00:00,-29.64,-378.86,-1071.48,-395.45,1067.33,-136.60
2024-07-05 02:00:00,-350.02,83.37,-1050.08,-474.95,1063.64,-330.20
2024-07-05 03:00:00,-762.64,-42.67,-939.92,-368.66,1064.85,-6.20
2024-07-05 04:00:00,-1128.63,77.23,-928.84,-489.21,862.27,478.60
2024-07-05 05:00:00,-885.66,541.31,-334.15,-491.78,-579.01,562.50
2024-07-05 06:00:00,-754.47,427.86,-112.01,-491.84,-1267.16,576.10
2024-07-05 07:00:00,-1589.78,-116.74,752.05,-491.89,-1110.94,405.90
2024-07-05 08:00:00,-1671.24,-261.55,1163.48,-491.78,-1000.73,109.50
2024-07-05 09:00:00,-1671.23,-455.29,1656.90,-486.98,-998.32,247.20
2024-07-05 10:00:00,-1671.72,-709.60,2472.75,-247.20,-998.12,-368.00
2024-07-05 11:00:00,-1672.16,-722.52,2445.30,124.69,-998.26,116.00
2024-07-05 12:00:00,-1658.46,-681.21,2355.40,102.18,-998.20,158.30
2024-07-05 13:00:00,-1510.65,-496.75,1622.63,-188.67,-998.20,-23.10
2024-07-05 14:00:00,-1083.30,-671.12,798.50,-454.99,-1007.15,58.60
2024-07-05 15:00:00,-623.18,49.16,-173.00,-697.13,-1444.35,261.40
2024-07-05 16:00:00,-169.09,386.16,-778.73,-702.58,-1454.09,207.40
2024-07-05 17:00:00,278.54,514.49,-1254.45,-702.49,-1447.82,233.70
2024-07-05 18:00:00,725.34,700.98,-1968.70,-702.73,-1132.87,309.30
2024-07-05 19:00:00,1298.37,716.16,-2265.93,-701.55,-1001.13,263.80
2024-07-05 20:00:00,1607.55,716.25,-2326.88,-641.79,-987.97,144.80
2024-07-05 21:00:00,1623.90,716.83,-2372.89,-347.38,-948.88,114.30
2024-07-05 22:00:00,1624.31,717.00,-2423.36,162.43,-774.70,-90.40
2024-07-05 23:00:00,1623.73,716.08,-2123.54,565.83,-976.91,-151.30
2024-07-06 00:00:00,1584.45,696.90,-2196.02,481.50,-168.88,-372.40
2024-07-06 01:00:00,1143.89,581.28,-1399.59,487.34,-151.35,-327.70
2024-07-06 02:00:00,335.10,200.86,205.28,60.37,-218.83,-2.00
2024-07-06 03:00:00,65.00,-373.05,2009.36,-593.89,-474.88,114.50
2024-07-06 04:00:00,-92.50,-650.28,1945.06,-205.37,-252.59,153.20
2024-07-06 05:00:00,-290.30,-718.11,2064.29,383.52,-419.43,-54.00
2024-07-06 06:00:00,-180.00,-625.73,2561.31,176.49,-937.58,-115.20
2024-07-06 07:00:00,-572.12,-658.27,2482.22,578.62,-997.20,145.20
2024-07-06 08:00:00,-978.02,-396.49,2458.27,156.13,-998.11,421.20
2024-07-06 09:00:00,-1249.69,-378.12,2426.73,219.03,-959.23,-15.40
2024-07-06 10:00:00,-1538.38,-609.16,2452.34,181.79,352.54,-250.60
2024-07-06 11:00:00,-1664.23,-725.04,2443.45,672.98,494.27,-325.30
2024-07-06 12:00:00,-1670.12,-729.69,2517.13,683.84,768.20,-226.40
2024-07-06 13:00:00,-1644.08,-677.62,2340.11,675.69,655.52,201.00
2024-07-06 14:00:00,-1587.69,-532.26,2465.26,282.13,151.29,463.00
2024-07-06 15:00:00,-1627.76,-142.79,2100.18,63.55,-124.47,506.60
2024-07-06 16:00:00,-1598.53,414.92,1203.05,-61.85,-405.27,352.10
2024-07-06 17:00:00,-1295.92,652.40,1278.07,-688.62,-985.35,433.00
2024-07-06 18:00:00,-1189.35,-200.27,1032.80,-702.63,-998.47,213.10
2024-07-06 19:00:00,-1247.30,-613.91,1298.94,-702.47,-998.37,112.40
2024-07-06 20:00:00,-1068.94,-673.54,947.56,-702.61,-996.78,-51.10
2024-07-06 21:00:00,-1207.68,-676.29,697.03,-702.51,-888.87,124.80
2024-07-06 22:00:00,-1519.09,-567.61,883.09,-702.60,182.17,-110.40
2024-07-06 23:00:00,-1660.98,-60.68,290.54,-702.67,863.29,-132.60
2024-07-07 00:00:00,-1668.60,230.89,582.12,-700.91,827.81,-331.70
2024-07-07 01:00:00,-1649.62,495.93,677.10,-625.30,-67.70,195.20
2024-07-07 02:00:00,-1396.64,546.48,67.37,-634.24,379.78,-54.10
2024-07-07 03:00:00,-1651.26,283.20,431.69,-679.93,228.28,-280.30
2024-07-07 04:00:00,-1672.08,-230.73,941.53,-699.86,46.75,-200.70
2024-07-07 05:00:00,-1664.39,-39.41,858.43,-578.53,79.80,-272.00
2024-07-07 06:00:00,-1556.42,-203.92,858.45,-314.70,478.53,-222.70
2024-07-07 07:00:00,-1604.93,-645.58,1777.53,363.04,261.97,-207.80
2024-07-07 08:00:00,-1590.81,-177.90,2144.97,676.94,-958.84,11.40
2024-07-07 09:00:00,-1639.73,-507.97,2354.95,683.50,-998.18,293.20
2024-07-07 10:00:00,-1398.59,-684.17,2454.39,683.43,-998.35,182.40
2024-07-07 11:00:00,-1045.66,-541.29,2465.00,683.56,-998.12,-378.70
2024-07-07 12:00:00,-596.95,-685.60,2400.77,683.76,-998.04,-409.80
2024-07-07 13:00:00,-247.85,-718.62,2241.50,678.18,-998.07,-491.70
2024-07-07 14:00:00,189.35,-661.31,1459.05,525.68,-998.11,-436.30
2024-07-07 15:00:00,716.08,-282.26,-293.83,175.18,-998.28,-225.40
2024-07-07 16:00:00,1140.80,395.97,-1777.94,587.64,-997.26,-422.80
2024-07-07 17:00:00,1148.70,698.72,-1648.02,682.04,-938.25,-410.20
2024-07-07 18:00:00,1520.24,717.46,-1893.98,678.02,-388.59,-493.30
2024-07-07 19:00:00,1624.16,717.48,-1755.86,613.95,-334.17,-461.30
2024-07-07 20:00:00,1624.05,717.34,-1880.37,654.45,-210.95,-413.30
2024-07-07 21:00:00,1623.96,717.24,-1679.92,664.98,-402.64,-369.70
2024-07-07 22:00:00,1624.12,717.38,-1240.56,56.08,-376.06,-203.00
2024-07-07 23:00:00,1623.89,717.64,-1592.43,546.56,-495.20,-148.80
2024-07-08 00:00:00,1624.18,717.33,-1788.81,671.32,-561.17,-5.90
2024-07-08 01:00:00,1623.95,717.26,-1818.91,654.48,-606.77,78.60
2024-07-08 02:00:00,1623.99,717.31,-1839.87,386.83,-280.82,94.40
2024-07-08 03:00:00,1623.92,717.24,-2241.46,296.97,385.73,49.30
2024-07-08 04:00:00,1623.97,717.27,-2311.24,142.03,1053.33,-268.80
2024-07-08 05:00:00,1623.75,717.36,-1770.77,152.40,1021.46,-519.00
2024-07-08 06:00:00,1623.86,717.34,-10.10,-363.50,-353.49,-457.10
2024-07-08 07:00:00,1624.00,717.33,138.61,-392.19,-985.08,-230.20
2024-07-08 08:00:00,1595.09,699.03,-91.27,-335.84,-998.28,-187.90
2024-07-08 09:00:00,918.50,627.89,261.55,-392.43,-998.26,-37.00
2024-07-08 10:00:00,516.90,99.36,1201.69,-448.22,-998.24,-151.20
2024-07-08 11:00:00,17.42,45.17,1004.83,-196.08,-998.28,130.10
2024-07-08 12:00:00,689.24,123.52,616.58,-454.47,-998.15,-4.50
2024-07-08 13:00:00,1034.12,413.87,243.70,-491.22,-998.13,-203.20
2024-07-08 14:00:00,1493.35,697.49,-253.54,-489.33,-998.02,-362.60
2024-07-08 15:00:00,1610.99,716.30,-414.15,-342.58,-953.25,-423.10
2024-07-08 16:00:00,1570.87,716.31,-1932.99,275.95,360.39,-436.40
2024-07-08 17:00:00,1621.29,716.32,-2486.74,434.63,1053.90,-444.90
2024-07-08 18:00:00,1605.59,716.33,-1962.14,20.17,1068.30,-429.30
2024-07-08 19:00:00,1362.18,716.17,-1942.56,560.51,1061.14,-371.60
2024-07-08 20:00:00,1605.53,716.20,-1391.47,11.46,737.35,-268.60
2024-07-08 21:00:00,1624.24,717.43,-2135.78,643.71,1008.03,-474.20
2024-07-08 22:00:00,1624.59,717.28,-2132.43,683.52,1002.47,-530.60
2024-07-08 23:00:00,1624.48,717.76,-1809.00,682.12,669.84,-497.60
2024-07-09 00:00:00,1624.55,717.36,-1866.72,597.17,810.23,-461.50
2024-07-09 01:00:00,1624.25,717.06,-1635.75,631.22,546.27,-461.40
2024-07-09 02:00:00,1624.44,717.22,-1684.55,372.56,802.34,-455.90
2024-07-09 03:00:00,1624.24,717.55,-2315.00,677.18,1061.75,-439.10
2024-07-09 04:00:00,1624.39,703.18,-2217.05,679.84,1067.54,-531.00
2024-07-09 05:00:00,1624.42,508.19,-1866.73,487.52,1049.12,-512.90
2024-07-09 06:00:00,1624.37,588.76,-1248.25,585.61,103.69,-486.60
2024-07-09 07:00:00,1598.56,708.37,-339.34,559.33,-969.30,-406.70
2024-07-09 08:00:00,1199.42,679.63,22.54,436.45,-998.50,-131.50
2024-07-09 09:00:00,753.99,118.51,691.41,356.68,-998.47,321.60
2024-07-09 10:00:00,306.29,-452.87,1872.99,250.26,-998.27,172.20
2024-07-09 11:00:00,-88.61,-715.88,2343.06,275.07,-998.45,205.60
2024-07-09 12:00:00,280.42,-717.81,1580.86,206.76,-998.23,151.60
2024-07-09 13:00:00,570.84,-471.88,1387.02,-392.64,-1005.92,-264.20
2024-07-09 14:00:00,874.41,59.76,382.24,-389.96,-1376.86,49.50
2024-07-09 15:00:00,1357.37,672.22,-864.59,-297.94,-1251.87,14.30
2024-07-09 16:00:00,1608.15,716.56,-1386.68,-431.96,-1005.59,221.60
2024-07-09 17:00:00,1624.00,716.52,-1511.40,-358.91,-854.00,17.50
2024-07-09 18:00:00,1623.98,716.63,-1174.90,-359.94,-1425.66,94.90
2024-07-09 19:00:00,1618.29,716.47,-1076.30,-488.89,-1454.40,125.60
2024-07-09 20:00:00,1313.10,717.75,-975.52,-492.07,-1454.95,296.50
2024-07-09 21:00:00,1053.33,707.17,-954.91,-491.97,-1453.68,542.40
2024-07-09 22:00:00,1003.32,613.55,-864.28,-491.97,-1388.89,582.50
2024-07-09 23:00:00,1013.91,565.95,-929.53,-491.93,-1453.46,587.80
2024-07-10 00:00:00,771.39,702.52,-952.98,-491.31,-1453.68,587.80
2024-07-10 01:00:00,844.69,680.91,-892.01,-460.00,-1389.68,587.90
2024-07-10 02:00:00,1156.48,598.30,-1056.74,-491.10,-1452.32,587.70
2024-07-10 03:00:00,1277.84,460.57,-1083.65,-491.98,-1400.48,582.70
2024-07-10 04:00:00,1550.55,698.59,-1534.46,-488.26,-1138.54,509.60
2024-07-10 05:00:00,1620.49,716.95,-1717.91,-320.91,-1240.26,392.80
2024-07-10 06:00:00,1624.08,716.92,-889.26,-465.13,-1444.98,-94.60
2024-07-10 07:00:00,1623.94,716.97,-1077.73,-491.50,-1208.77,-139.30
2024-07-10 08:00:00,1623.66,717.13,-1204.37,-491.00,-1112.16,-269.50
2024-07-10 09:00:00,1623.85,717.08,-608.61,-431.55,-1202.65,-455.50
2024-07-10 10:00:00,1623.60,717.40,-403.25,-490.80,-1232.83,-570.90
2024-07-10 11:00:00,1623.67,698.37,-690.94,-479.58,-1335.39,-310.30
2024-07-10 12:00:00,1623.48,440.84,-1249.00,125.69,-1072.46,-580.10
2024-07-10 13:00:00,1623.64,488.49,-1662.35,432.41,-971.99,-594.80
2024-07-10 14:00:00,1623.44,693.52,-2155.09,452.07,-612.22,-512.40
2024-07-10 15:00:00,1623.49,635.30,-2097.31,451.06,-151.02,-591.20
2024-07-10 16:00:00,1623.56,547.43,-2459.46,384.96,688.03,-526.40
2024-07-10 17:00:00,1623.52,700.86,-2452.24,130.42,1014.74,-392.00
2024-07-10 18:00:00,1623.50,716.66,-2508.01,201.82,1067.21,-290.40
2024-07-10 19:00:00,1623.43,716.54,-2416.27,130.40,1066.50,-108.70
2024-07-10 20:00:00,1623.39,716.58,-2124.80,153.88,969.90,-314.70
2024-07-10 21:00:00,1623.52,716.62,-1574.88,-84.77,424.92,-83.70
2024-07-10 22:00:00,1623.44,716.71,-2107.40,403.05,498.30,-71.90
2024-07-10 23:00:00,1623.41,716.81,-2045.45,676.91,90.12,52.60
2024-07-11 00:00:00,1623.37,716.79,-2422.07,611.83,595.78,-7.20
2024-07-11 01:00:00,1623.50,717.05,-2492.07,573.39,889.73,-260.40
2024-07-11 02:00:00,1623.42,717.47,-2424.06,575.25,925.08,-459.00
2024-07-11 03:00:00,1623.44,717.58,-2382.21,446.25,1041.58,-503.40
2024-07-11 04:00:00,1623.45,717.70,-2338.55,442.83,1066.90,-484.60
2024-07-11 05:00:00,1623.93,717.72,-2293.81,411.34,1059.68,-539.10
2024-07-11 06:00:00,1623.80,689.31,-2015.64,385.71,624.48,-532.00
2024-07-11 07:00:00,1623.16,452.52,-403.75,-94.22,-683.89,-420.00
2024-07-11 08:00:00,1623.42,697.59,-266.34,-320.39,-992.35,-394.90
2024-07-11 09:00:00,1623.21,716.66,51.20,-465.44,-998.33,-571.60
2024-07-11 10:00:00,1623.55,716.74,-110.14,-452.96,-998.16,-295.20
2024-07-11 11:00:00,1623.49,716.75,-366.65,-192.36,-998.30,-181.10
2024-07-11 12:00:00,1623.69,716.77,-1062.20,319.76,-998.31,-102.40
2024-07-11 13:00:00,1623.72,716.76,-672.86,-64.86,-998.20,-297.20
2024-07-11 14:00:00,1623.80,710.07,-1169.33,437.41,-995.65,-497.00
2024-07-11 15:00:00,1623.60,691.38,-1241.80,655.06,-837.37,-548.90
2024-07-11 16:00:00,1623.80,715.97,-2436.06,543.86,476.13,-425.70
2024-07-11 17:00:00,1623.71,716.62,-2418.59,94.19,1056.27,-461.60
2024-07-11 18:00:00,1623.49,716.75,-2464.92,395.15,1068.12,-495.80
2024-07-11 19:00:00,1623.64,716.67,-2443.81,344.31,1067.99,-388.80
2024-07-11 20:00:00,1623.62,716.70,-2200.62,35.54,1060.07,-273.70
2024-07-11 21:00:00,1623.64,716.69,-1536.24,-424.85,664.03,-119.40
2024-07-11 22:00:00,1623.58,717.43,-2149.92,-15.90,702.24,-80.10
2024-07-11 23:00:00,1623.88,717.34,-1758.30,469.25,165.87,-427.70
2024-07-12 00:00:00,1623.87,716.05,-1868.81,679.62,31.33,-411.10
2024-07-12 01:00:00,1623.77,646.28,-2085.76,670.70,463.76,-595.40
2024-07-12 02:00:00,1623.93,543.67,-2384.76,525.17,960.17,-491.00
2024-07-12 03:00:00,1618.67,712.51,-2460.61,422.63,957.65,-431.50
2024-07-12 04:00:00,1390.64,716.62,-2343.64,575.51,1058.73,-561.60
2024-07-12 05:00:00,925.10,716.65,-1876.12,667.29,736.25,-194.40
2024-07-12 06:00:00,505.20,716.79,-1241.10,555.55,473.78,-82.90
2024-07-12 07:00:00,476.00,717.53,-272.00,244.06,-460.35,-10.80
2024-07-12 08:00:00,476.10,717.55,81.16,532.84,-968.72,-139.60
2024-07-12 09:00:00,476.10,717.49,-588.76,541.73,-122.34,-303.00
2024-07-12 10:00:00,476.00,717.51,583.51,-125.90,-739.49,-170.20
2024-07-12 11:00:00,476.00,717.53,486.58,-484.27,-404.97,-192.30
2024-07-12 12:00:00,476.85,717.53,365.42,-491.87,-419.65,-188.00
2024-07-12 13:00:00,504.75,717.66,229.13,-491.74,-553.46,-59.20
2024-07-12 14:00:00,923.14,717.66,-155.85,-490.90,-632.62,106.70
2024-07-12 15:00:00,1359.57,717.44,-124.83,-433.55,-989.88,299.30
2024-07-12 16:00:00,1607.05,717.39,-753.07,-22.48,-998.22,267.40
2024-07-12 17:00:00,1622.92,717.24,-1101.68,123.93,-998.29,195.90
2024-07-12 18:00:00,1606.81,717.39,-1514.02,211.28,-998.32,99.90
2024-07-12 19:00:00,1163.14,717.34,-1522.31,-74.89,-998.47,511.90
2024-07-12 20:00:00,1119.03,717.29,-1256.17,-596.80,-998.58,500.20
2024-07-12 21:00:00,1051.71,717.34,-1400.39,-700.93,-998.60,581.60
2024-07-12 22:00:00,1303.11,717.39,-1949.58,-702.95,-998.62,587.70
2024-07-12 23:00:00,954.61,717.47,-1773.56,-702.90,-994.01,585.60
2024-07-13 00:00:00,545.18,715.71,-1685.23,-702.84,-777.40,509.90
2024-07-13 01:00:00,383.78,693.46,-1568.51,-702.70,-696.74,357.70
2024-07-13 02:00:00,247.48,688.34,-1677.49,-702.70,-500.48,319.60
2024-07-13 03:00:00,156.29,681.68,-1597.40,-700.90,-522.60,342.90
2024-07-13 04:00:00,432.39,707.82,-1552.96,-611.49,-890.57,344.20
2024-07-13 05:00:00,556.79,712.51,-1410.43,-569.79,-870.02,142.10
2024-07-13 06:00:00,713.10,678.82,-1035.50,-689.05,-995.51,87.20
2024-07-13 07:00:00,50.93,116.29,246.22,-311.75,-998.44,-64.40
2024-07-13 08:00:00,-388.91,-410.70,1832.28,-150.31,-998.49,-396.00
2024-07-13 09:00:00,-420.49,-373.10,2350.56,234.99,-998.40,-317.60
2024-07-13 10:00:00,-755.91,204.29,1806.13,674.07,-998.38,-296.40
2024-07-13 11:00:00,-1048.50,461.61,1910.66,683.51,-998.42,116.50
2024-07-13 12:00:00,-673.61,-18.04,2453.07,683.05,-998.46,-436.30
2024-07-13 13:00:00,-247.11,-500.71,2097.56,658.59,-998.43,-429.50
2024-07-13 14:00:00,-158.60,-680.52,2312.27,665.68,-998.55,-521.30
2024-07-13 15:00:00,616.60,-118.19,1479.93,-2.40,-998.42,-241.00
2024-07-13 16:00:00,1458.03,463.63,135.88,-634.04,-998.46,261.50
2024-07-13 17:00:00,1569.25,701.98,-500.96,-386.31,-993.46,212.50
2024-07-13 18:00:00,1618.67,716.27,-433.01,-527.30,-754.04,78.10
2024-07-13 19:00:00,1622.56,716.35,-336.13,-556.27,-913.97,48.70
2024-07-13 20:00:00,1622.47,716.30,-153.66,-644.81,-642.87,-111.80
2024-07-13 21:00:00,1602.45,716.23,-37.05,-700.02,-971.02,75.00
2024-07-13 22:00:00,1325.18,716.42,-200.27,-613.24,-650.34,168.50
2024-07-13 23:00:00,1460.07,716.51,-234.29,-556.87,-706.22,102.30
2024-07-14 00:00:00,1447.45,716.58,-554.00,-653.54,-405.45,169.80
2024-07-14 01:00:00,1602.75,716.49,-512.16,-504.65,-704.95,104.90
2024-07-14 02:00:00,1472.08,716.72,-812.18,-651.37,-176.06,75.90
2024-07-14 03:00:00,991.17,715.31,-517.77,-700.28,-44.82,111.60
2024-07-14 04:00:00,774.23,658.85,-683.84,-600.90,186.36,91.00
2024-07-14 05:00:00,260.50,107.04,112.35,75.65,-487.71,337.90
2024-07-14 06:00:00,-176.61,-239.59,1626.23,670.81,-746.35,-141.30
2024-07-14 07:00:00,-620.11,-416.82,2280.59,683.48,-992.74,142.60
2024-07-14 08:00:00,-1078.72,10.83,2485.16,683.49,-998.34,128.50
2024-07-14 09:00:00,-1512.20,202.21,2468.01,683.28,-998.35,321.70
2024-07-14 10:00:00,-1441.10,33.07,2365.15,683.58,-998.31,386.30
2024-07-14 11:00:00,-1019.24,-370.60,2450.40,683.59,-998.26,267.60
2024-07-14 12:00:00,-589.04,-613.79,2565.89,683.66,-998.25,-71.40
2024-07-14 13:00:00,-167.64,-725.16,2399.70,683.80,-998.20,-255.20
2024-07-14 14:00:00,278.76,-717.82,2266.14,675.15,-998.38,-505.00
2024-07-14 15:00:00,724.86,-472.37,717.18,395.81,-1007.43,-312.00
2024-07-14 16:00:00,1170.87,94.36,-1001.90,360.22,-1442.67,-113.60
2024-07-14 17:00:00,1594.53,343.74,-1617.20,375.49,-1349.41,-527.60
2024-07-14 18:00:00,1623.93,253.74,-1442.52,-83.73,-983.75,-539.40
2024-07-14 19:00:00,1624.07,440.37,-1592.92,-273.27,-835.89,-536.70
2024-07-14 20:00:00,1624.07,484.30,-1296.94,-674.78,-883.49,-516.10
2024-07-14 21:00:00,1624.06,700.92,-1527.83,-702.09,-989.85,-399.00
2024-07-14 22:00:00,1623.96,717.21,-1472.19,-702.46,-1092.20,-355.10
2024-07-14 23:00:00,1625.34,717.20,-1336.98,-702.39,-1248.73,-285.90
2024-07-15 00:00:00,1623.70,717.24,-993.17,-702.32,-1449.76,-301.30
2024-07-15 01:00:00,1624.23,717.35,-989.77,-702.41,-1452.70,-250.90
2024-07-15 02:00:00,1624.46,717.53,-1057.86,-701.01,-1366.04,-182.80
2024-07-15 03:00:00,1624.35,717.64,-1448.08,-623.60,-718.25,-243.70
2024-07-15 04:00:00,1624.54,717.66,-1460.62,-696.62,-408.73,-272.30
2024-07-15 05:00:00,1624.37,717.55,-630.16,-496.55,-1042.26,-557.70
2024-07-15 06:00:00,1614.82,712.42,-561.83,-491.91,-1336.10,-319.40
2024-07-15 07:00:00,1343.33,602.69,-508.14,-491.51,-1450.80,-115.30
2024-07-15 08:00:00,677.31,30.65,80.52,-469.62,-1445.25,223.30
2024-07-15 09:00:00,709.11,-520.95,-22.61,-102.75,-1008.40,-90.80
2024-07-15 10:00:00,-224.99,-221.78,441.72,-97.50,-998.22,-21.40
2024-07-15 11:00:00,-158.88,239.07,46.91,39.89,-998.23,-320.70
2024-07-15 12:00:00,-4.40,-228.49,875.33,-103.99,-998.21,-220.70
2024-07-15 13:00:00,663.52,19.98,13.57,-470.40,-1006.75,-32.90
2024-07-15 14:00:00,869.73,575.99,-730.61,140.78,-1412.07,-112.70
2024-07-15 15:00:00,1495.74,707.93,-1907.49,15.77,-620.26,10.80
2024-07-15 16:00:00,1617.05,716.92,-2354.02,654.61,-171.10,-491.60
2024-07-15 17:00:00,1622.32,717.02,-2544.61,84.10,1030.73,-589.60
2024-07-15 18:00:00,1622.14,717.00,-2499.31,82.52,1068.13,-601.20
2024-07-15 19:00:00,1622.50,702.51,-2505.99,330.66,1065.50,-598.10
2024-07-15 20:00:00,1622.76,613.45,-2247.33,620.30,938.07,-465.30
2024-07-15 21:00:00,1623.09,707.85,-1018.40,-36.77,263.58,-218.40
2024-07-15 22:00:00,1622.66,716.59,262.27,-367.19,-865.85,-40.50
2024-07-15 23:00:00,1623.44,716.68,94.36,-488.47,-498.10,-141.60
2024-07-16 00:00:00,1622.70,716.53,-659.78,-431.21,-28.54,22.30
2024-07-16 01:00:00,1617.24,716.62,309.61,-467.86,-974.85,-75.50
2024-07-16 02:00:00,1622.11,716.69,-75.25,-295.40,-992.52,-75.50
2024-07-16 03:00:00,1622.22,716.52,-1120.92,305.35,-667.09,49.40
2024-07-16 04:00:00,1621.96,716.66,-1708.73,-71.30,271.93,-142.60
2024-07-16 05:00:00,1622.26,716.71,-1201.85,90.05,-145.16,-309.20
2024-07-16 06:00:00,1597.82,716.75,-1455.47,357.14,-133.27,-373.70
2024-07-16 07:00:00,1244.65,703.09,-897.98,350.30,-979.05,26.90
2024-07-16 08:00:00,682.09,465.86,-145.79,380.20,-998.51,110.50
2024-07-16 09:00:00,575.49,-88.78,800.17,384.43,-998.57,330.20
2024-07-16 10:00:00,278.69,-285.66,1776.80,348.32,-998.45,-288.40
2024-07-16 11:00:00,-251.71,-599.13,2328.50,403.69,-998.36,-392.20
2024-07-16 12:00:00,-185.31,-724.89,2095.73,405.12,-998.37,-591.70
2024-07-16 13:00:00,-247.91,-700.36,2267.99,398.47,-998.27,-594.90
2024-07-16 14:00:00,154.69,-205.30,1743.24,91.93,-998.27,-467.00
2024-07-16 15:00:00,756.62,377.75,-810.60,670.67,-992.50,64.90
2024-07-16 16:00:00,971.33,696.55,-1074.77,656.46,-706.41,-230.10
2024-07-16 17:00:00,1578.65,716.81,-1289.82,683.28,-560.20,-495.10
2024-07-16 18:00:00,1624.09,717.09,-2217.08,683.90,676.89,-592.20
2024-07-16 19:00:00,1624.53,717.26,-916.90,683.99,-678.22,-390.40
2024-07-16 20:00:00,1624.63,717.15,-836.88,674.59,-992.38,-82.40
2024-07-16 21:00:00,1587.73,717.25,-435.49,213.46,-976.77,-109.00
2024-07-16 22:00:00,1068.97,717.09,-55.08,-136.19,-998.60,277.40
2024-07-16 23:00:00,1114.79,717.12,-17.56,-326.83,-998.96,370.10
2024-07-17 00:00:00,1087.29,717.16,235.94,-457.99,-999.02,276.50
2024-07-17 01:00:00,1220.42,717.04,178.56,-491.40,-998.75,291.40
2024-07-17 02:00:00,1310.41,717.09,184.16,-492.16,-999.11,240.80
2024-07-17 03:00:00,1226.00,717.10,576.81,-492.16,-1010.37,-93.30
2024-07-17 04:00:00,1189.78,716.91,721.21,-492.25,-1006.23,-112.90
2024-07-17 05:00:00,1341.73,717.02,732.59,-492.26,-1075.62,-83.60
2024-07-17 06:00:00,1407.38,716.92,1039.07,-492.04,-1437.29,-171.80
2024-07-17 07:00:00,1591.42,717.04,169.35,-492.00,-1011.70,-153.50
2024-07-17 08:00:00,1303.78,716.99,416.83,-491.92,-1161.72,-77.50
2024-07-17 09:00:00,1122.06,686.50,501.42,-491.95,-1026.86,-44.40
2024-07-17 10:00:00,1096.18,231.95,513.59,-491.99,-998.88,326.90
2024-07-17 11:00:00,464.89,232.50,1042.63,-478.02,-998.10,320.50
2024-07-17 12:00:00,368.09,-236.44,520.41,183.13,-998.36,347.60
2024-07-17 13:00:00,718.81,-216.60,20.86,-237.29,-1007.27,472.60
2024-07-17 14:00:00,879.42,-133.75,-136.09,-201.89,-1443.99,319.00
2024-07-17 15:00:00,1153.64,520.31,-820.80,-485.08,-1453.37,228.90
2024-07-17 16:00:00,1291.42,573.40,-947.58,-475.45,-1444.10,101.00
2024-07-17 17:00:00,1386.69,701.52,-1610.99,-490.87,-927.72,57.50
2024-07-17 18:00:00,1352.69,716.89,-2051.43,-463.07,-323.37,-37.60
2024-07-17 19:00:00,1409.45,716.85,-1683.87,-491.28,-545.03,-13.30
2024-07-17 20:00:00,1608.34,717.17,-1871.14,-491.93,-788.10,150.40
2024-07-17 21:00:00,1607.92,717.12,-2268.45,-487.17,-551.84,190.80
2024-07-17 22:00:00,1438.83,717.29,-2295.45,-252.24,-958.46,503.50
2024-07-17 23:00:00,1609.90,717.16,-2471.04,-435.28,-693.92,396.60
2024-07-18 00:00:00,1610.18,717.15,-2501.00,-428.50,-609.45,284.90
2024-07-18 01:00:00,1442.34,717.19,-2437.57,-303.00,-711.38,360.30
2024-07-18 02:00:00,1507.81,717.19,-2399.26,-347.30,-586.46,422.90
2024-07-18 03:00:00,1377.71,717.22,-2418.64,-487.29,-12.62,350.00
2024-07-18 04:00:00,1432.28,717.20,-2368.87,-417.26,50.59,201.20
2024-07-18 05:00:00,1610.57,717.16,-2376.52,-357.91,77.07,88.10
2024-07-18 06:00:00,1573.42,717.16,-2062.29,-79.51,-640.67,149.50
2024-07-18 07:00:00,922.02,717.10,-962.25,-482.81,-726.43,177.80
2024-07-18 08:00:00,1244.13,715.78,-1201.90,-491.93,-727.90,147.60
2024-07-18 09:00:00,936.44,696.59,-1252.01,-485.66,-727.88,322.10
2024-07-18 10:00:00,121.90,664.95,-728.49,-172.93,-727.81,476.90
2024-07-18 11:00:00,77.41,403.11,-508.50,319.04,-727.99,242.30
2024-07-18 12:00:00,296.23,398.02,-706.97,210.55,-727.78,112.40
2024-07-18 13:00:00,996.23,644.22,-1095.85,-422.36,-712.71,4.80
2024-07-18 14:00:00,1377.96,464.05,-1994.59,-232.53,-30.78,-65.40
2024-07-18 15:00:00,1599.28,698.76,-1755.48,-29.72,-697.38,-140.50
2024-07-18 16:00:00,1542.14,716.75,-2424.46,259.49,-1.27,-33.70
2024-07-18 17:00:00,1617.40,716.77,-2362.18,-303.51,708.98,-171.00
2024-07-18 18:00:00,1623.58,716.75,-2379.85,-471.02,1060.88,-168.70
2024-07-18 19:00:00,1623.26,716.68,-2136.33,-279.95,1066.28,-204.60
2024-07-18 20:00:00,1623.51,716.64,-2166.23,-486.89,963.70,-128.20
2024-07-18 21:00:00,1617.68,716.56,-1926.47,-457.57,861.07,-174.90
2024-07-18 22:00:00,1528.09,716.63,-1615.94,-144.81,225.50,-12.70
2024-07-18 23:00:00,1478.13,716.77,-2013.58,-35.34,479.04,59.10
2024-07-19 00:00:00,1471.56,716.76,-1940.86,-256.27,629.12,59.10
2024-07-19 01:00:00,1427.46,716.70,-2462.71,159.02,848.93,1.00
2024-07-19 02:00:00,1418.72,716.74,-2481.03,38.18,994.97,-0.30
2024-07-19 03:00:00,1318.20,716.72,-2427.67,41.00,1038.96,-0.30
2024-07-19 04:00:00,1146.49,716.73,-2369.66,193.00,1067.27,-40.50
2024-07-19 05:00:00,1269.12,717.04,-2405.04,243.13,1022.56,-87.20
2024-07-19 06:00:00,1398.27,717.24,-748.99,-425.73,-327.21,-100.90
2024-07-19 07:00:00,1601.97,717.33,-655.16,-490.84,-991.94,-68.00
2024-07-19 08:00:00,1612.59,717.32,-746.64,-491.81,-1359.97,328.20
2024-07-19 09:00:00,1488.52,717.28,-783.38,-488.84,-1238.56,369.20
2024-07-19 10:00:00,1474.14,717.36,-1230.25,-346.85,-1112.23,413.60
2024-07-19 11:00:00,1207.48,717.36,-975.34,-359.31,-1174.67,503.50
2024-07-19 12:00:00,1207.33,717.41,-1199.13,-289.00,-1097.76,412.90
2024-07-19 13:00:00,1594.77,717.80,-1506.59,-443.65,-997.33,220.10
2024-07-19 14:00:00,1623.84,717.69,-1339.57,-125.98,-838.85,-106.80
2024-07-19 15:00:00,1623.70,718.19,-2247.71,540.97,-171.68,-195.30
2024-07-19 16:00:00,1623.58,718.12,-2380.72,510.95,572.39,-292.80
2024-07-19 17:00:00,1623.61,718.04,-2367.65,444.97,1058.05,-439.90
2024-07-19 18:00:00,1623.66,717.92,-1978.72,75.40,1066.54,-237.20
2024-07-19 19:00:00,1624.10,717.89,-1356.29,-533.97,971.98,-152.90
2024-07-19 20:00:00,1624.12,717.77,-683.50,-646.20,457.00,-149.00
2024-07-19 21:00:00,1624.22,717.87,-454.54,-695.45,208.57,-54.00
2024-07-19 22:00:00,1624.22,717.91,-657.95,-360.64,26.53,-58.00
2024-07-19 23:00:00,1624.09,717.89,-369.85,-681.99,-69.99,-4.60
2024-07-20 00:00:00,1624.38,717.70,-1310.17,-1.83,76.45,-8.70
2024-07-20 01:00:00,1624.21,717.93,-2361.93,669.67,477.86,-110.60
2024-07-20 02:00:00,1624.03,717.97,-2415.91,679.39,546.07,-182.10
2024-07-20 03:00:00,1623.69,717.85,-2309.69,454.49,524.62,-123.20
2024-07-20 04:00:00,1623.94,717.88,-2326.68,678.93,174.81,-104.00
2024-07-20 05:00:00,1624.02,717.94,-1945.96,675.51,-464.63,20.60
2024-07-20 06:00:00,1595.99,704.22,-1427.71,246.10,-939.25,162.20
2024-07-20 07:00:00,1175.13,475.30,-504.26,-406.70,-997.61,241.40
2024-07-20 08:00:00,728.39,-106.75,167.08,-20.50,-998.53,38.60
2024-07-20 09:00:00,210.29,-678.14,1539.62,645.20,-998.34,-469.20
2024-07-20 10:00:00,-479.61,-732.19,2421.01,682.03,-998.11,-499.50
2024-07-20 11:00:00,-1032.30,-732.92,2465.41,682.63,-998.23,-296.10
2024-07-20 12:00:00,-622.19,-732.94,2427.22,682.62,-998.03,-432.00
2024-07-20 13:00:00,24.91,-690.43,2098.41,678.30,-998.14,-470.90
2024-07-20 14:00:00,458.61,-112.31,494.84,470.07,-998.04,-451.60
2024-07-20 15:00:00,1138.94,469.45,-1179.50,615.13,-1003.22,-119.40
2024-07-20 16:00:00,1535.86,702.68,-642.50,-34.38,-1254.73,-70.40
2024-07-20 17:00:00,1554.11,716.73,-122.86,-335.32,-1338.04,-60.40
2024-07-20 18:00:00,1553.97,717.36,-758.97,-695.10,-217.97,-290.00
2024-07-20 19:00:00,1554.21,717.34,-93.66,-703.23,-1025.29,-402.60
2024-07-20 20:00:00,1557.05,717.30,-102.20,-703.36,-1420.48,-10.50
2024-07-20 21:00:00,1622.88,717.27,-232.34,-701.52,-1364.31,-29.60
2024-07-20 22:00:00,1623.17,717.40,-747.33,-619.58,-1234.10,-102.80
2024-07-20 23:00:00,1623.06,717.38,-512.21,-701.32,-1318.21,-42.00
2024-07-21 00:00:00,1623.08,717.20,-865.38,-702.47,-1061.94,19.90
2024-07-21 01:00:00,1613.93,701.91,-1015.76,-701.02,-624.34,-300.00
2024-07-21 02:00:00,1492.37,495.56,-1743.07,-702.21,738.99,-483.80
2024-07-21 03:00:00,1584.55,700.72,-2062.74,-703.00,690.99,-422.30
2024-07-21 04:00:00,1567.65,716.63,-2023.11,-698.20,565.37,-332.70
2024-07-21 05:00:00,1591.72,716.85,-2042.67,-470.86,-240.06,41.90
2024-07-21 06:00:00,1174.84,680.30,-2093.98,-631.65,275.36,78.30
2024-07-21 07:00:00,728.53,118.30,-1192.68,40.44,-19.78,-410.60
2024-07-21 08:00:00,281.50,-438.36,902.01,243.66,-972.12,-349.20
2024-07-21 09:00:00,-164.28,-210.46,1481.72,-393.99,-998.29,-172.20
2024-07-21 10:00:00,-588.49,468.00,719.95,-654.70,-998.24,307.50
2024-07-21 11:00:00,-592.59,403.04,867.31,-660.88,-998.12,326.00
2024-07-21 12:00:00,-169.17,122.63,1256.21,-673.06,-998.17,41.50
2024-07-21 13:00:00,278.81,-495.74,1454.00,-131.46,-998.09,-360.20
2024-07-21 14:00:00,749.49,222.82,-207.52,178.61,-993.44,298.10
2024-07-21 15:00:00,1502.83,690.22,-1575.80,114.33,-753.92,474.70
2024-07-21 16:00:00,1590.40,716.77,-1952.58,483.12,-631.93,394.20
2024-07-21 17:00:00,1584.21,716.82,-1844.13,475.61,-298.65,136.80
2024-07-21 18:00:00,1584.70,716.91,-2229.16,56.44,983.34,-314.30
2024-07-21 19:00:00,1620.42,716.82,-2163.29,-119.25,823.53,46.00
2024-07-21 20:00:00,1623.08,716.79,-2103.21,-72.16,593.24,314.40
2024-07-21 21:00:00,1623.06,716.73,-2385.46,395.58,386.22,258.70
2024-07-21 22:00:00,1623.20,716.68,-2483.39,494.66,640.29,-158.20
2024-07-21 23:00:00,1623.03,716.81,-2001.99,678.65,-167.52,-80.70
2024-07-22 00:00:00,1623.04,716.66,-2254.83,673.19,-188.91,89.80
2024-07-22 01:00:00,1623.18,716.67,-2384.09,562.86,103.31,89.30
2024-07-22 02:00:00,1623.29,716.75,-2427.45,315.86,323.98,78.70
2024-07-22 03:00:00,1623.08,692.58,-2351.46,-236.87,543.56,7.80
2024-07-22 04:00:00,1623.31,367.72,-2371.45,-123.91,1001.88,-265.40
2024-07-22 05:00:00,1623.16,691.43,-2188.00,-319.13,856.63,-300.00
2024-07-22 06:00:00,1623.22,716.73,-1200.66,279.94,-707.62,-429.30
2024-07-22 07:00:00,1623.57,716.83,-924.20,675.12,-1439.41,-461.30
2024-07-22 08:00:00,1596.01,716.90,-1100.41,683.45,-1454.52,-436.20
2024-07-22 09:00:00,1179.25,691.17,-1007.06,681.73,-1454.49,-236.60
2024-07-22 10:00:00,889.52,284.91,-813.72,592.62,-1454.52,-145.40
2024-07-22 11:00:00,-90.69,-272.61,559.83,473.46,-1454.33,-265.30
2024-07-22 12:00:00,-121.70,-689.74,1037.31,503.85,-1454.30,-486.70
2024-07-22 13:00:00,411.62,-595.62,510.31,68.05,-1453.96,-570.80
2024-07-22 14:00:00,633.91,71.93,-655.53,-49.32,-1447.58,-518.90
2024-07-22 15:00:00,970.00,308.71,-2027.55,364.36,-1127.70,-48.20
2024-07-22 16:00:00,1276.27,689.88,-1843.69,312.36,-999.95,-112.20
2024-07-22 17:00:00,1601.72,643.21,-1453.71,-357.90,-885.34,53.00
2024-07-22 18:00:00,1623.45,492.47,-2282.82,-472.00,743.39,0.70
2024-07-22 19:00:00,1623.73,529.70,-2229.24,-478.64,1035.99,6.70
2024-07-22 20:00:00,1624.10,704.18,-1891.24,167.31,-16.42,92.00
2024-07-22 21:00:00,1623.94,716.60,-1923.92,668.63,-351.06,-106.60
2024-07-22 22:00:00,1624.14,716.67,-2078.33,450.75,-188.45,6.90
2024-07-22 23:00:00,1624.19,716.67,-1840.85,670.15,-733.00,-42.80
2024-07-23 00:00:00,1624.15,716.75,-1387.88,479.35,-818.07,-294.60
2024-07-23 01:00:00,1624.11,716.75,-1409.78,533.41,-846.45,-227.30
2024-07-23 02:00:00,1623.86,716.60,-1454.16,300.46,-742.39,-119.40
2024-07-23 03:00:00,1623.77,716.60,-1516.62,286.64,-266.12,-270.40
2024-07-23 04:00:00,1623.93,716.77,-2417.67,277.54,1019.75,-484.80
2024-07-23 05:00:00,1619.20,716.75,-1894.06,111.62,943.27,-528.00
2024-07-23 06:00:00,1485.93,716.78,-1292.71,423.89,-19.23,-451.80
2024-07-23 07:00:00,1613.47,716.96,-1102.13,618.84,-976.96,28.20
2024-07-23 08:00:00,1623.09,716.92,-477.47,-42.96,-998.34,28.30
2024-07-23 09:00:00,1623.14,716.96,-102.76,-481.66,-998.46,0.20
2024-07-23 10:00:00,1623.04,717.10,-12.41,-457.02,-998.23,-0.30
2024-07-23 11:00:00,1621.25,717.07,-301.96,-129.26,-998.49,23.30
2024-07-23 12:00:00,1623.98,707.17,-895.80,541.37,-998.59,-21.80
2024-07-23 13:00:00,1624.00,515.02,-928.53,680.85,-998.40,-43.20
2024-07-23 14:00:00,1624.21,614.59,-1175.52,676.73,-996.65,39.70
2024-07-23 15:00:00,1624.22,672.48,-1375.51,657.53,-898.04,-27.30
2024-07-23 16:00:00,1624.52,617.45,-1277.96,627.90,-740.72,-63.40
2024-07-23 17:00:00,1626.02,512.85,-1115.46,678.72,-391.60,-528.90
2024-07-23 18:00:00,1625.21,569.84,-1952.74,661.95,225.91,-533.50
2024-07-23 19:00:00,1625.32,678.93,-1183.74,458.59,-637.45,-454.40
2024-07-23 20:00:00,1624.99,686.80,-718.60,-208.50,-979.36,-100.60
2024-07-23 21:00:00,1625.12,678.83,-1107.49,-146.88,-893.31,-112.70
2024-07-23 22:00:00,1625.00,673.49,-1683.29,495.64,-995.87,-139.30
2024-07-23 23:00:00,1625.14,688.29,-1756.39,233.55,-974.12,-73.40
2024-07-24 00:00:00,1625.42,689.45,-2185.63,383.85,-718.16,-139.40
2024-07-24 01:00:00,1625.64,688.92,-2102.36,-234.08,-203.10,-276.40
2024-07-24 02:00:00,1625.32,688.76,-2299.33,413.04,-638.74,-266.60
2024-07-24 03:00:00,1625.28,688.85,-1921.76,242.44,-879.86,-313.00
2024-07-24 04:00:00,1625.15,656.29,-1898.16,-166.17,-1006.09,113.60
2024-07-24 05:00:00,1603.40,378.35,-1133.53,-399.28,-1434.77,49.00
2024-07-24 06:00:00,1264.76,155.51,-948.53,-489.83,-1008.44,-321.50
2024-07-24 07:00:00,822.03,79.57,-795.33,-491.78,-998.33,-480.60
2024-07-24 08:00:00,380.02,158.04,-663.38,-491.69,-998.32,-346.50
2024-07-24 09:00:00,-70.80,295.74,-724.60,-483.96,-998.25,30.80
2024-07-24 10:00:00,-486.07,196.08,20.25,-93.31,-998.09,-405.90
2024-07-24 11:00:00,-696.56,324.50,23.88,257.52,-998.17,-295.10
2024-07-24 12:00:00,-888.19,-357.51,844.21,550.82,-998.09,-124.50
2024-07-24 13:00:00,-295.37,-402.37,543.18,-67.44,-1006.67,-53.30
2024-07-24 14:00:00,774.31,-291.64,-42.55,-482.50,-1426.70,-245.50
2024-07-24 15:00:00,459.22,273.02,-547.48,-482.93,-1453.88,257.50
2024-07-24 16:00:00,997.96,666.20,-958.66,-478.35,-1436.33,212.30
2024-07-24 17:00:00,1386.94,686.96,-1527.24,-484.13,-555.16,23.80
2024-07-24 18:00:00,1585.06,686.94,-2114.44,-139.34,72.70,-101.90
2024-07-24 19:00:00,1615.43,686.96,-2012.36,-360.27,559.59,-210.20
2024-07-24 20:00:00,1623.76,686.88,-2065.56,-270.79,477.93,-104.70
2024-07-24 21:00:00,1623.87,686.87,-2014.37,-441.74,401.70,96.90
2024-07-24 22:00:00,1623.33,686.90,-2443.53,-478.43,839.11,125.60
2024-07-24 23:00:00,1615.22,679.57,-2107.75,-491.80,650.22,34.30
2024-07-25 00:00:00,1615.94,579.64,-1820.41,-492.09,496.70,-0.30
2024-07-25 01:00:00,1609.35,678.62,-1947.38,-492.16,716.22,-0.30
2024-07-25 02:00:00,1623.08,686.70,-2067.68,-480.63,938.78,-10.90
2024-07-25 03:00:00,1623.91,686.66,-2426.83,85.55,1029.97,-167.50
2024-07-25 04:00:00,1623.46,671.68,-2403.71,279.57,924.02,-243.30
2024-07-25 05:00:00,1621.65,459.93,-2409.26,574.14,990.22,-430.60
2024-07-25 06:00:00,1600.21,526.17,-1980.87,670.91,62.03,-383.60
2024-07-25 07:00:00,1622.47,623.12,-890.15,145.10,-970.72,-448.90
2024-07-25 08:00:00,1595.81,667.32,-869.98,-462.80,-998.52,-108.60
2024-07-25 09:00:00,1171.40,560.42,-187.65,-406.23,-1003.61,-375.60
2024-07-25 10:00:00,724.52,567.45,-263.06,83.47,-1257.80,-55.40
2024-07-25 11:00:00,304.59,-252.43,849.48,518.62,-1004.22,-550.60
2024-07-25 12:00:00,306.59,-355.96,1158.96,282.33,-998.23,-390.40
2024-07-25 13:00:00,861.22,631.23,-87.46,-53.04,-998.17,-405.70
2024-07-25 14:00:00,1415.01,687.56,-672.35,-168.36,-995.45,-159.30
2024-07-25 15:00:00,1609.99,687.45,-1089.48,-119.66,-845.22,-82.90
2024-07-25 16:00:00,1610.01,687.41,-1939.74,173.53,28.04,-301.90
2024-07-25 17:00:00,1425.55,687.37,-2352.34,226.54,549.68,-311.00
2024-07-25 18:00:00,1277.36,687.21,-2491.09,-99.71,961.77,-287.90
2024-07-25 19:00:00,1142.21,687.34,-2430.37,57.75,1054.13,-317.20
2024-07-25 20:00:00,1392.52,687.24,-2374.09,-108.54,932.14,-422.60
2024-07-25 21:00:00,1550.71,687.83,-2485.27,-111.54,867.80,-568.80
2024-07-25 22:00:00,1597.74,687.98,-2350.63,-483.16,387.07,-352.80
2024-07-25 23:00:00,1299.39,687.39,-2247.47,-465.62,337.93,-276.40
2024-07-26 00:00:00,1461.33,687.33,-2167.51,-468.43,83.68,-258.90
2024-07-26 01:00:00,1522.35,687.31,-2474.48,-491.45,314.96,-192.50
2024-07-26 02:00:00,1517.13,687.32,-2420.47,-491.95,299.28,-86.10
2024-07-26 03:00:00,1539.63,687.28,-2456.96,-491.76,477.45,-144.00
2024-07-26 04:00:00,1383.21,671.13,-2450.17,-483.47,899.13,-222.80
2024-07-26 05:00:00,1606.49,435.39,-2367.17,-358.43,1045.81,-437.10
2024-07-26 06:00:00,1620.73,495.87,-1425.95,-204.56,119.20,-429.10
2024-07-26 07:00:00,1622.51,705.67,-1277.67,466.41,-968.73,-86.50
2024-07-26 08:00:00,1623.13,716.65,-1532.39,679.37,-998.57,29.40
2024-07-26 09:00:00,1623.07,716.85,-1433.43,683.82,-998.30,29.60
2024-07-26 10:00:00,1623.17,716.57,-1424.36,683.68,-998.27,105.60
2024-07-26 11:00:00,1623.34,716.76,-1494.56,683.46,-998.27,66.90
2024-07-26 12:00:00,1596.81,716.86,-1491.98,683.57,-998.39,-14.20
2024-07-26 13:00:00,1216.31,716.92,-1326.53,680.45,-997.85,0.20
2024-07-26 14:00:00,1159.05,716.92,-1242.55,516.71,-949.87,25.70
2024-07-26 15:00:00,1322.59,716.94,-1895.53,-59.22,1.67,-6.20
2024-07-26 16:00:00,1305.82,716.95,-1728.69,-688.38,738.50,-204.20
2024-07-26 17:00:00,1413.90,717.20,-2181.16,-702.63,1061.47,-37.50
2024-07-26 18:00:00,1144.24,717.26,-1785.35,-702.70,1068.12,50.40
2024-07-26 19:00:00,1266.88,717.21,-1575.31,-702.51,1066.38,-73.50
2024-07-26 20:00:00,1418.90,717.18,-1577.71,-669.72,981.57,-107.50
2024-07-26 21:00:00,1610.81,717.31,-2124.31,-101.16,904.13,-308.30
2024-07-26 22:00:00,1623.84,717.41,-1923.80,-545.20,946.12,-241.50
2024-07-26 23:00:00,1623.94,717.37,-2428.55,13.05,1064.48,-435.50
2024-07-27 00:00:00,1624.06,717.33,-2446.23,131.84,1064.27,-572.10
2024-07-27 01:00:00,1624.14,717.37,-2458.00,145.07,1067.09,-529.00
2024-07-27 02:00:00,1624.27,717.34,-2273.97,-338.62,1066.96,-143.90
2024-07-27 03:00:00,1624.16,717.40,-2369.08,79.85,1066.72,-437.80
2024-07-27 04:00:00,1624.18,717.23,-2460.22,164.47,1064.81,-442.80
2024-07-27 05:00:00,1623.82,717.38,-2470.71,112.70,945.43,-299.90
2024-07-27 06:00:00,1623.70,716.54,-2382.21,504.37,-163.76,-35.50
2024-07-27 07:00:00,1599.95,717.18,-1987.46,654.69,-980.40,-153.40
2024-07-27 08:00:00,1229.50,717.08,-2034.39,550.42,-998.63,2.60
2024-07-27 09:00:00,803.11,717.03,-1250.65,103.26,-998.57,-70.00
2024-07-27 10:00:00,600.50,717.12,-1357.61,457.35,-998.23,-99.20
2024-07-27 11:00:00,348.51,717.17,-1041.58,372.48,-997.63,27.70
2024-07-27 12:00:00,1008.90,717.07,-1321.87,-161.31,-975.10,81.70
2024-07-27 13:00:00,1193.87,717.24,-2299.91,441.86,-984.74,74.40
2024-07-27 14:00:00,1594.82,701.63,-2429.70,117.06,-333.98,-308.10
2024-07-27 15:00:00,1623.04,529.40,-2311.50,-166.75,618.89,-525.10
2024-07-27 16:00:00,1623.30,693.39,-2450.20,198.45,623.28,-542.20
2024-07-27 17:00:00,1623.11,578.10,-2370.42,391.24,947.68,-589.30
2024-07-27 18:00:00,1623.29,706.55,-2391.80,437.46,1054.16,-489.10
2024-07-27 19:00:00,1623.48,716.70,-2104.66,673.07,517.82,-493.90
2024-07-27 20:00:00,1623.73,716.62,-1774.38,677.39,-95.66,-208.90
2024-07-27 21:00:00,1623.33,716.62,-2225.88,633.69,163.70,-111.30
2024-07-27 22:00:00,1623.63,716.97,-1970.44,660.08,211.53,-508.90
2024-07-27 23:00:00,1605.12,717.32,-1588.61,373.29,-199.03,-253.50
2024-07-28 00:00:00,1476.71,717.30,-1466.88,569.33,-526.36,-196.50
2024-07-28 01:00:00,1613.65,717.22,-1231.64,197.22,-614.39,-271.40
2024-07-28 02:00:00,1622.97,717.30,-1576.17,-252.42,-209.06,-138.10
2024-07-28 03:00:00,1622.86,717.31,-2327.36,384.57,-323.31,-227.20
2024-07-28 04:00:00,1600.98,717.32,-2268.16,296.16,-575.00,-275.20
2024-07-28 05:00:00,1262.20,717.42,-2234.54,256.16,-595.41,-244.00
2024-07-28 06:00:00,864.07,690.43,-2373.34,175.28,-989.49,173.00
2024-07-28 07:00:00,375.87,254.62,-2017.07,431.58,-998.69,-112.10
2024-07-28 08:00:00,-74.19,-325.29,-226.42,582.77,-998.42,-486.80
2024-07-28 09:00:00,-525.39,-39.66,575.66,678.19,-998.20,-395.30
2024-07-28 10:00:00,-967.71,-348.95,2563.64,662.28,-998.23,-490.10
2024-07-28 11:00:00,-1350.09,-178.38,2252.49,680.98,-998.03,68.60
2024-07-28 12:00:00,-1361.83,139.28,1990.49,582.15,-998.21,161.00
2024-07-28 13:00:00,-950.13,-94.45,1734.72,668.94,-998.07,41.70
2024-07-28 14:00:00,-493.94,-333.49,2147.21,49.85,-998.17,-271.20
2024-07-28 15:00:00,-43.12,-66.34,963.76,-576.40,-1007.05,17.20
2024-07-28 16:00:00,404.84,394.06,-1051.89,-700.14,-1444.06,327.70
2024-07-28 17:00:00,851.34,697.31,-1010.99,-702.57,-1448.93,32.80
2024-07-28 18:00:00,1472.56,716.65,-1539.84,-702.77,-1175.39,317.60
2024-07-28 19:00:00,1621.32,716.78,-1951.67,-702.35,-735.77,417.80
2024-07-28 20:00:00,1622.76,716.64,-1718.40,-688.22,-903.32,434.50
2024-07-28 21:00:00,1622.68,716.68,-1688.02,-697.90,-885.78,427.30
2024-07-28 22:00:00,1599.69,714.42,-1828.13,-702.25,-653.29,456.40
2024-07-28 23:00:00,1297.21,681.17,-2033.44,-703.55,-101.42,526.80
2024-07-29 00:00:00,1575.65,714.28,-1859.62,-702.98,-492.32,458.40
2024-07-29 01:00:00,1442.45,716.76,-2060.77,-703.00,-112.13,502.10
2024-07-29 02:00:00,1463.66,716.62,-2085.19,-702.86,-2.38,444.80
2024-07-29 03:00:00,1594.05,716.67,-2064.83,-702.15,2.68,356.20
2024-07-29 04:00:00,1459.15,717.04,-1775.65,-661.83,145.09,307.10
2024-07-29 05:00:00,1529.65,717.30,-1630.81,-461.41,245.01,-6.80
2024-07-29 06:00:00,1562.35,717.28,-1235.91,219.31,-738.00,-365.20
2024-07-29 07:00:00,751.34,671.85,-949.31,558.43,-1396.68,198.80
2024-07-29 08:00:00,610.22,107.66,-1073.66,681.36,-1007.80,377.60
2024-07-29 09:00:00,275.49,-367.73,58.72,678.49,-998.29,459.90
2024-07-29 10:00:00,-178.60,-694.29,1476.52,448.51,-998.17,555.90
2024-07-29 11:00:00,-766.40,-732.26,2449.74,678.17,-998.29,227.50
2024-07-29 12:00:00,-466.30,-718.56,2164.88,683.39,-997.98,194.50
2024-07-29 13:00:00,239.40,-472.64,798.74,683.61,-998.05,222.30
2024-07-29 14:00:00,720.80,115.65,-438.68,683.53,-998.18,-11.30
2024-07-29 15:00:00,1472.55,679.20,-1300.01,683.36,-936.57,-132.00
2024-07-29 16:00:00,1612.53,716.84,-2302.03,665.18,641.03,-545.10
2024-07-29 17:00:00,1623.24,716.73,-2363.71,632.60,1028.46,-556.60
2024-07-29 18:00:00,1623.58,716.90,-2264.88,675.55,1067.61,-537.10
2024-07-29 19:00:00,1623.56,716.60,-2293.43,681.48,1068.19,-472.80
2024-07-29 20:00:00,1623.48,716.68,-2207.81,562.16,1063.00,-466.70
2024-07-29 21:00:00,1623.38,716.56,-1944.20,54.13,809.05,-75.10
2024-07-29 22:00:00,1623.48,716.83,-2061.39,277.03,550.70,-30.60
2024-07-29 23:00:00,1624.01,716.91,-2321.43,674.59,527.01,-157.40
2024-07-30 00:00:00,1623.51,711.65,-2179.24,646.26,387.35,-114.70
2024-07-30 01:00:00,1623.27,630.46,-2400.29,677.16,858.65,-292.00
2024-07-30 02:00:00,1623.40,710.37,-2238.66,430.77,972.14,-379.30
2024-07-30 03:00:00,1623.72,716.58,-1718.36,-200.57,1065.65,-383.00
2024-07-30 04:00:00,1624.09,716.58,-1527.55,-106.12,1064.82,-590.20
2024-07-30 05:00:00,1620.26,716.66,-1659.93,288.86,849.03,-571.40
2024-07-30 06:00:00,1539.08,717.26,-1013.32,667.53,-707.57,-175.50
2024-07-30 07:00:00,1171.22,714.18,-686.96,598.17,-1083.60,-61.70
2024-07-30 08:00:00,728.61,632.88,-594.23,250.44,-1000.54,294.10
2024-07-30 09:00:00,279.09,65.87,-324.30,667.77,-998.31,464.70
2024-07-30 10:00:00,-224.21,-483.33,1923.99,515.97,-998.23,-441.70
2024-07-30 11:00:00,-301.01,-639.60,2229.84,621.69,-998.17,-557.20
2024-07-30 12:00:00,-81.41,-66.50,773.82,489.82,-998.24,-55.20
2024-07-30 13:00:00,329.41,634.09,-682.83,429.56,-998.22,154.70
2024-07-30 14:00:00,753.01,714.34,-724.15,289.01,-995.34,-140.40
2024-07-30 15:00:00,912.21,716.77,-1143.85,613.64,-772.87,2.90
2024-07-30 16:00:00,1515.17,716.81,-2347.03,380.98,972.71,-501.30
2024-07-30 17:00:00,1512.92,717.11,-1715.95,304.11,685.35,-451.00
2024-07-30 18:00:00,1610.12,717.09,-1665.57,-104.39,1010.00,-320.60
2024-07-30 19:00:00,1607.02,716.99,-2001.12,454.34,952.07,-465.70
2024-07-30 20:00:00,1621.94,716.95,-2297.47,607.14,832.42,-399.90
2024-07-30 21:00:00,1623.03,717.11,-1583.83,99.28,393.16,-287.70
2024-07-30 22:00:00,1622.94,717.10,-2029.10,660.61,128.48,-232.40
2024-07-30 23:00:00,1622.82,717.51,-2062.33,654.06,-58.60,-90.80
2024-07-31 00:00:00,1622.88,716.98,-2279.82,662.25,-36.48,-56.90
2024-07-31 01:00:00,1622.93,717.08,-2060.76,669.52,184.24,-536.90
2024-07-31 02:00:00,1623.07,716.97,-2438.59,166.38,862.41,-460.20
2024-07-31 03:00:00,1623.06,716.82,-2322.99,-172.32,1023.23,-511.60
2024-07-31 04:00:00,1623.18,717.22,-2158.06,-350.57,1020.89,-515.10
2024-07-31 05:00:00,1622.78,717.10,-2174.67,-424.34,1019.25,-505.80
2024-07-31 06:00:00,1613.78,717.27,-2159.96,178.63,-383.64,-305.20
2024-07-31 07:00:00,1595.12,717.24,-1032.79,-473.61,-987.05,-586.60
2024-07-31 08:00:00,1214.82,717.33,-1145.78,-317.88,-1054.06,-341.70
2024-07-31 09:00:00,991.78,717.36,-1184.97,204.19,-1376.31,-294.70
2024-07-31 10:00:00,630.78,717.16,-1076.22,-258.22,-1111.43,297.80
2024-07-31 11:00:00,575.29,717.23,-1340.77,-113.79,-1005.56,541.70
2024-07-31 12:00:00,962.70,717.31,-1984.76,467.86,-1256.02,350.20
2024-07-31 13:00:00,1494.23,717.07,-1433.43,43.72,-1440.06,-270.40
2024-07-31 14:00:00,1586.27,717.20,-1687.39,-371.26,-958.75,-259.10
2024-07-31 15:00:00,1254.35,717.37,-2120.71,-54.63,-9.98,-481.50
2024-07-31 16:00:00,1307.35,717.37,-1756.32,-312.39,69.60,-481.40
2024-07-31 17:00:00,1240.24,717.40,-1940.86,227.25,168.26,-489.00
2024-07-31 18:00:00,1558.03,717.21,-1687.37,-232.04,549.14,-573.60
2024-07-31 19:00:00,1539.06,717.17,-1206.14,-69.32,51.25,-490.20
2024-07-31 20:00:00,1439.21,717.18,-1998.37,391.89,11.82,-15.00
2024-07-31 21:00:00,1600.23,717.13,-1735.87,-52.62,173.55,-139.60
2024-07-31 22:00:00,1464.80,717.14,-1744.02,529.88,-309.61,26.40
2024-07-31 23:00:00,1465.51,716.99,-2393.71,676.20,580.64,-319.80
2024-08-01 00:00:00,1513.69,717.03,-2391.11,683.54,688.81,-517.80
2024-08-01 01:00:00,1442.40,717.01,-2326.90,681.09,656.36,-493.70
2024-08-01 02:00:00,1601.24,717.00,-2486.54,562.92,920.01,-589.90
2024-08-01 03:00:00,1468.42,717.01,-2455.06,506.67,991.70,-523.80
2024-08-01 04:00:00,1391.61,716.84,-2417.52,289.97,1063.52,-276.70
2024-08-01 05:00:00,1612.98,716.80,-2334.26,313.75,869.12,-324.20
2024-08-01 06:00:00,1623.01,716.91,-694.48,-353.94,-705.88,39.40
2024-08-01 07:00:00,1623.07,717.00,-574.19,-449.30,-993.64,67.60
2024-08-01 08:00:00,1623.15,717.04,-434.20,-697.21,-998.46,-59.40
2024-08-01 09:00:00,1622.89,717.11,-668.59,-702.75,-998.33,-52.30
2024-08-01 10:00:00,1622.98,717.27,-963.19,-700.97,-998.30,133.60
2024-08-01 11:00:00,1622.88,717.34,-1113.73,-624.28,-998.20,123.30
2024-08-01 12:00:00,1622.94,717.48,-1104.61,-460.54,-989.81,-252.60
2024-08-01 13:00:00,1622.87,717.41,-1351.75,-697.28,-577.00,-263.60
2024-08-01 14:00:00,1623.00,717.49,-1393.47,-702.48,-321.52,-414.70
2024-08-01 15:00:00,1604.54,717.28,-1909.78,-688.64,574.29,-512.50
2024-08-01 16:00:00,1419.32,717.26,-1849.36,-29.10,263.29,-405.10
2024-08-01 17:00:00,1595.26,717.25,-1288.20,-687.85,296.39,-124.60
2024-08-01 18:00:00,1348.61,717.13,-1271.92,-694.58,659.26,1.80
2024-08-01 19:00:00,1417.70,717.14,-1136.03,-275.54,401.00,-135.80
2024-08-01 20:00:00,1436.54,717.01,-1564.57,395.10,98.64,-115.40
2024-08-01 21:00:00,1600.94,717.06,-1879.78,228.04,320.94,-100.80
2024-08-01 22:00:00,1615.54,716.94,-1457.49,93.37,-170.43,-64.50
2024-08-01 23:00:00,1623.24,716.92,-1670.52,670.16,-175.09,-330.10
2024-08-02 00:00:00,1623.13,716.88,-1905.99,679.83,-66.30,-138.00
2024-08-02 01:00:00,1623.02,716.82,-2056.35,683.09,202.20,-273.10
2024-08-02 02:00:00,1623.18,716.87,-2412.29,660.47,642.16,-422.90
2024-08-02 03:00:00,1623.06,714.38,-2369.32,271.53,1013.38,-498.80
2024-08-02 04:00:00,1623.04,671.93,-2250.63,360.86,1057.92,-534.30
2024-08-02 05:00:00,1623.09,632.30,-1838.19,563.02,589.77,-501.20
2024-08-02 06:00:00,1622.95,710.75,-1601.53,673.83,-271.17,-45.40
2024-08-02 07:00:00,1623.01,716.67,-1424.97,636.41,-440.60,-36.90
2024-08-02 08:00:00,1622.99,716.56,-1492.18,639.96,-755.37,121.70
2024-08-02 09:00:00,1622.99,716.80,-1490.28,682.64,-987.96,65.60
2024-08-02 10:00:00,1622.84,717.13,-1704.07,680.99,-745.29,53.30
2024-08-02 11:00:00,1622.78,717.12,-1554.90,568.20,-638.59,-123.00
2024-08-02 12:00:00,1612.34,717.20,-1721.50,680.36,-790.88,104.10
2024-08-02 13:00:00,1475.24,717.11,-1261.14,646.28,-965.43,-69.40
2024-08-02 14:00:00,1612.17,717.19,-1633.61,572.39,-334.44,-299.10
2024-08-02 15:00:00,1622.84,717.14,-1815.40,662.35,140.81,-407.00
2024-08-02 16:00:00,1622.84,717.19,-2027.99,649.74,558.92,-452.70
2024-08-02 17:00:00,1623.00,716.96,-2215.83,133.90,993.40,-55.50
2024-08-02 18:00:00,1623.15,716.87,-1539.00,-376.87,1065.07,-374.30
2024-08-02 19:00:00,1623.17,716.99,-1708.36,24.23,956.45,-250.40
2024-08-02 20:00:00,1623.08,716.99,-2138.05,624.04,422.90,73.80
2024-08-02 21:00:00,1623.34,717.05,-1740.92,62.93,600.15,-10.20
2024-08-02 22:00:00,1623.21,717.05,-2146.08,670.43,864.56,-466.30
2024-08-02 23:00:00,1623.23,717.00,-2068.03,676.26,672.20,-372.80
2024-08-03 00:00:00,1623.31,717.03,-2395.44,620.97,1005.95,-381.10
2024-08-03 01:00:00,1623.12,717.00,-2189.21,620.03,789.68,-396.20
2024-08-03 02:00:00,1623.20,716.87,-2222.40,369.96,1000.36,-380.00
2024-08-03 03:00:00,1623.27,716.95,-2347.24,376.87,1065.02,-388.00
2024-08-03 04:00:00,1613.93,716.96,-2124.37,114.12,1001.33,-369.50
2024-08-03 05:00:00,1481.08,716.83,-1630.83,269.07,274.51,-315.70
2024-08-03 06:00:00,1393.17,716.97,-1245.61,674.22,-959.20,-80.90
2024-08-03 07:00:00,863.62,681.05,-818.20,634.67,-998.74,-72.50
2024-08-03 08:00:00,181.59,133.32,629.30,167.16,-998.53,82.20
2024-08-03 09:00:00,-299.01,-344.40,665.84,624.56,-998.25,458.90
2024-08-03 10:00:00,-349.21,-284.63,1250.02,386.35,-998.31,125.50
2024-08-03 11:00:00,-886.00,-266.38,1945.50,558.76,-998.16,82.80
2024-08-03 12:00:00,-341.41,-303.93,2139.51,363.57,-998.23,-287.50
2024-08-03 13:00:00,279.59,125.11,759.52,676.72,-998.35,-34.50
2024-08-03 14:00:00,911.42,678.88,-819.96,683.74,-998.47,306.80
2024-08-03 15:00:00,1360.55,716.62,-847.41,683.90,-948.64,18.20
2024-08-03 16:00:00,1606.85,717.38,-2200.50,683.23,495.48,-249.40
2024-08-03 17:00:00,1622.27,717.52,-2313.64,658.71,600.08,-187.40
2024-08-03 18:00:00,1622.55,653.36,-2326.48,663.25,1057.70,-570.00
2024-08-03 19:00:00,1622.75,710.05,-2367.79,682.57,1050.69,-503.30
2024-08-03 20:00:00,1609.40,716.46,-2130.61,664.18,191.93,-108.00
2024-08-03 21:00:00,1278.34,717.03,-1211.53,207.19,213.93,-237.00
2024-08-03 22:00:00,1597.89,716.49,-1871.78,675.48,213.01,-351.30
2024-08-03 23:00:00,1622.88,717.19,-1825.31,652.18,172.16,-307.30
2024-08-04 00:00:00,1622.97,717.19,-1528.90,297.39,-55.48,-113.70
2024-08-04 01:00:00,1623.38,717.09,-1499.96,158.47,13.59,-198.20
2024-08-04 02:00:00,1623.99,717.08,-1670.23,242.43,199.95,-311.10
2024-08-04 03:00:00,1623.89,717.00,-1668.53,416.20,-99.51,-256.70
2024-08-04 04:00:00,1611.26,716.99,-1340.54,254.07,-468.12,-124.40
2024-08-04 05:00:00,1383.04,717.17,-1025.57,574.64,-947.61,63.30
2024-08-04 06:00:00,747.09,693.94,-526.88,511.62,-997.83,170.50
2024-08-04 07:00:00,251.68,324.94,527.79,-50.23,-998.58,269.80
2024-08-04 08:00:00,-491.61,-216.53,1066.89,377.70,-998.63,327.20
2024-08-04 09:00:00,-699.51,-58.08,1993.31,129.01,-998.68,-409.00
2024-08-04 10:00:00,-926.41,-311.28,2335.13,414.80,-998.50,-435.40
2024-08-04 11:00:00,-1201.91,-260.08,2397.70,492.83,-995.48,-409.40
2024-08-04 12:00:00,-1164.24,-425.79,2315.19,306.77,-854.73,-157.20
2024-08-04 13:00:00,-326.03,-394.79,1409.31,-284.83,-984.60,-411.00
2024-08-04 14:00:00,-7.41,-449.81,552.59,-440.10,-489.10,-541.60
2024-08-04 15:00:00,172.57,115.51,-561.11,-350.54,-765.17,-204.30
2024-08-04 16:00:00,800.66,679.10,-1227.38,-691.40,-539.91,-265.60
2024-08-04 17:00:00,1381.64,716.84,-1821.89,-555.54,-147.16,-378.00
2024-08-04 18:00:00,1595.91,716.90,-2273.16,-699.52,523.38,-233.20
2024-08-04 19:00:00,1351.73,716.68,-2060.80,-702.86,631.87,-101.10
2024-08-04 20:00:00,1473.71,716.67,-2199.44,-702.90,755.16,-17.80
2024-08-04 21:00:00,1595.30,716.78,-2178.46,-702.94,576.12,64.50
2024-08-04 22:00:00,1339.03,717.18,-2145.46,-703.07,983.56,-77.20
2024-08-04 23:00:00,1301.28,716.52,-2199.15,-702.98,940.95,213.90
2024-08-05 00:00:00,1544.69,716.96,-2162.28,-702.99,881.86,136.20
2024-08-05 01:00:00,1606.42,716.92,-2419.44,-703.07,1063.73,222.80
2024-08-05 02:00:00,1448.79,716.99,-2165.02,-696.89,1067.85,141.90
2024-08-05 03:00:00,1592.00,716.92,-2319.84,-393.36,1042.65,44.80
2024-08-05 04:00:00,1355.07,686.86,-1422.77,289.24,27.70,-96.70
2024-08-05 05:00:00,1517.33,254.09,-1372.23,675.62,0.00,2.20
2024-08-05 06:00:00,1598.16,222.71,-1418.98,683.89,0.00,-202.40
2024-08-05 07:00:00,1446.67,222.79,-1250.21,683.66,0.00,-431.70
2024-08-05 08:00:00,1616.76,222.79,-1540.45,683.73,0.00,-258.80
2024-08-05 09:00:00,1597.64,222.77,-1709.19,683.71,0.00,-243.00
2024-08-05 10:00:00,1134.14,213.59,-1544.07,683.72,0.00,79.70
2024-08-05 11:00:00,862.99,59.76,-894.16,683.79,0.00,-9.90
2024-08-05 12:00:00,526.69,-231.47,37.25,683.77,0.00,-231.30
2024-08-05 13:00:00,234.99,-238.63,-28.33,683.53,0.00,70.20
2024-08-05 14:00:00,1059.52,191.29,-1214.23,683.77,0.00,-76.60
2024-08-05 15:00:00,1588.81,222.71,-1294.30,683.88,0.00,-262.60
2024-08-05 16:00:00,1622.12,222.73,-793.34,683.94,0.00,-500.40
2024-08-05 17:00:00,1622.09,222.69,-628.71,682.92,0.00,-429.70
2024-08-05 18:00:00,1622.31,222.67,-438.07,639.37,0.00,-461.10
2024-08-05 19:00:00,1622.73,222.70,-286.28,538.82,0.00,-406.80
2024-08-05 20:00:00,1622.69,222.74,-301.08,462.31,0.00,-294.20
2024-08-05 21:00:00,1622.46,222.80,-917.38,562.12,0.00,175.60
2024-08-05 22:00:00,1622.45,222.76,-1064.89,538.43,0.00,126.80
2024-08-05 23:00:00,1622.57,222.79,-1159.89,627.09,0.00,78.10
2024-08-06 00:00:00,1622.51,222.77,-1213.63,647.04,0.00,20.80
2024-08-06 01:00:00,1622.33,222.75,-1388.46,633.62,0.00,10.20
2024-08-06 02:00:00,1622.51,222.69,-1555.14,683.23,0.00,-55.70
2024-08-06 03:00:00,1607.46,222.69,-1779.79,684.28,0.00,4.50
2024-08-06 04:00:00,1404.68,222.71,-1728.78,681.95,0.00,116.60
2024-08-06 05:00:00,1607.10,222.76,-1515.08,582.31,0.00,17.50
2024-08-06 06:00:00,1594.71,222.78,-1388.32,654.32,0.00,-288.00
2024-08-06 07:00:00,1187.03,222.63,-738.20,-3.03,0.00,-148.10
2024-08-06 08:00:00,902.69,187.77,-682.24,-163.03,0.00,34.30
2024-08-06 09:00:00,294.09,-234.55,383.59,-3.74,0.00,-368.60
2024-08-06 10:00:00,-167.31,-203.39,473.62,13.44,0.00,89.70
2024-08-06 11:00:00,-564.61,-256.64,334.43,658.72,0.00,216.20
2024-08-06 12:00:00,-169.11,-249.56,568.46,682.31,0.00,-353.10
2024-08-06 13:00:00,294.99,30.75,-525.38,642.30,0.00,-161.60
2024-08-06 14:00:00,1033.29,211.06,-1649.33,682.55,0.00,90.10
2024-08-06 15:00:00,1244.22,222.60,-1547.63,683.84,0.00,-20.20
2024-08-06 16:00:00,1600.43,222.64,-1637.30,683.77,0.00,-142.00
2024-08-06 17:00:00,1622.45,222.57,-1559.05,682.79,0.00,-123.50
2024-08-06 18:00:00,1622.50,222.60,-1688.25,622.14,0.00,123.80
2024-08-06 19:00:00,1622.35,222.55,-1752.05,550.44,0.00,141.80
2024-08-06 20:00:00,1612.80,222.65,-2070.58,680.86,0.00,-55.40
2024-08-06 21:00:00,1394.30,222.69,-2077.56,672.82,0.00,-17.70
2024-08-06 22:00:00,1604.97,222.74,-2028.63,602.58,0.00,-295.00
2024-08-06 23:00:00,1623.77,222.71,-1677.54,-56.67,0.00,-81.10
2024-08-07 00:00:00,1623.66,222.67,-1705.48,-50.45,0.00,-73.10
2024-08-07 01:00:00,1623.73,222.71,-932.80,-601.14,0.00,-65.90
2024-08-07 02:00:00,1623.54,222.71,-959.62,-482.58,0.00,-78.50
2024-08-07 03:00:00,1623.55,222.66,-1440.11,26.83,0.00,-63.20
2024-08-07 04:00:00,1615.03,222.69,-1258.61,120.57,0.00,-4.60
2024-08-07 05:00:00,1564.67,222.72,-898.46,93.05,0.00,38.60
2024-08-07 06:00:00,1611.19,222.77,-1498.71,361.04,0.00,309.30
2024-08-07 07:00:00,1437.25,222.79,-415.97,-307.69,0.00,-99.50
2024-08-07 08:00:00,1608.54,222.84,-256.24,-686.59,0.00,50.80
2024-08-07 09:00:00,1623.02,222.81,-1154.69,-309.44,0.00,485.20
2024-08-07 10:00:00,1622.99,222.81,-1044.86,-223.42,0.00,523.60
2024-08-07 11:00:00,1623.09,222.75,-1033.58,50.55,0.00,327.50
2024-08-07 12:00:00,1622.83,222.73,-1687.14,668.65,0.00,435.40
2024-08-07 13:00:00,1622.89,222.69,-1542.45,608.20,0.00,59.10
2024-08-07 14:00:00,1622.78,222.64,-1189.18,682.23,0.00,-205.60
2024-08-07 15:00:00,1622.68,222.60,-957.11,683.87,0.00,-283.70
2024-08-07 16:00:00,1622.78,222.57,-1024.11,683.69,0.00,-236.10
2024-08-07 17:00:00,1623.04,222.65,-1145.81,682.66,0.00,54.30
2024-08-07 18:00:00,1623.13,222.72,-1118.07,636.67,0.00,30.60
2024-08-07 19:00:00,1623.18,222.67,-1061.64,595.67,0.00,27.20
2024-08-07 20:00:00,1623.01,222.72,-1360.14,604.09,0.00,-2.60
2024-08-07 21:00:00,1623.13,222.67,-1107.17,190.14,0.00,-196.10
2024-08-07 22:00:00,1623.32,222.69,-1176.92,134.72,0.00,-96.50
2024-08-07 23:00:00,1623.55,222.81,-380.08,-539.93,0.00,-68.30
2024-08-08 00:00:00,1623.62,222.68,-348.69,-657.52,0.00,-58.70
2024-08-08 01:00:00,1623.46,222.68,-382.28,-698.98,0.00,-60.60
2024-08-08 02:00:00,1623.42,222.59,-554.68,-530.41,0.00,-58.50
2024-08-08 03:00:00,1623.01,222.70,-1224.33,123.14,0.00,71.90
2024-08-08 04:00:00,1623.31,222.70,-1348.87,370.87,0.00,63.70
2024-08-08 05:00:00,1623.04,222.73,-725.40,-76.90,0.00,47.10
2024-08-08 06:00:00,1622.94,222.69,-373.49,-318.02,0.00,50.90
2024-08-08 07:00:00,1623.06,222.80,-1219.82,350.45,0.00,84.60
2024-08-08 08:00:00,1622.98,204.18,-1480.34,676.81,0.00,-327.80
2024-08-08 09:00:00,1609.16,-4.37,-1444.62,673.13,0.00,-505.50
2024-08-08 10:00:00,1495.57,210.00,-1462.51,185.22,0.00,-456.60
2024-08-08 11:00:00,726.24,221.99,-1186.46,353.89,0.00,-463.30
2024-08-08 12:00:00,311.33,213.03,-1156.25,561.58,0.00,-523.40
2024-08-08 13:00:00,987.70,221.74,-1715.16,170.15,0.00,-552.80
2024-08-08 14:00:00,1440.08,222.70,-1755.78,-159.52,0.00,-584.70
2024-08-08 15:00:00,1612.58,222.74,-2173.50,399.09,0.00,-567.50
2024-08-08 16:00:00,1622.79,222.74,-2348.67,475.20,0.00,-245.30
2024-08-08 17:00:00,1622.86,222.73,-2184.34,620.66,0.00,-118.20
2024-08-08 18:00:00,1623.16,222.72,-1936.51,564.28,0.00,-11.80
2024-08-08 19:00:00,1622.85,222.70,-1936.27,681.50,0.00,-67.80
2024-08-08 20:00:00,1623.05,222.68,-2074.15,684.28,0.00,-104.70
2024-08-08 21:00:00,1623.20,222.70,-2079.12,673.72,0.00,-128.50
2024-08-08 22:00:00,1606.70,222.70,-1468.02,159.77,0.00,-435.20
2024-08-08 23:00:00,1375.74,215.85,-544.12,-525.68,0.00,-539.80
2024-08-09 00:00:00,1032.80,109.29,-113.53,-699.32,0.00,-597.40
2024-08-09 01:00:00,888.41,-84.65,-175.37,-702.97,0.00,-601.30
2024-08-09 02:00:00,560.93,-241.27,-110.67,-702.85,0.00,-597.50
2024-08-09 03:00:00,287.13,-26.71,5.39,-702.75,0.00,-544.60
2024-08-09 04:00:00,159.63,-166.53,58.02,-702.66,0.00,-534.90
2024-08-09 05:00:00,-149.76,-148.86,-127.14,-702.64,0.00,-459.90
2024-08-09 06:00:00,-318.67,-0.94,-67.08,-701.85,0.00,-525.80
2024-08-09 07:00:00,-702.97,178.24,187.63,-661.42,0.00,-515.70
2024-08-09 08:00:00,-947.48,-237.62,492.91,-6.49,0.00,-242.30
2024-08-09 09:00:00,-1308.44,-252.96,1038.92,663.51,0.00,-455.40
2024-08-09 10:00:00,-1661.37,-245.57,1619.18,666.14,0.00,-165.10
2024-08-09 11:00:00,-1655.50,-189.81,1733.63,683.32,0.00,-499.40
2024-08-09 12:00:00,-1528.43,-65.58,1092.50,683.54,0.00,-594.40
2024-08-09 13:00:00,-1645.78,-233.82,1103.72,683.38,0.00,-601.20
2024-08-09 14:00:00,-1669.21,-264.16,650.85,669.89,0.00,-601.40
2024-08-09 15:00:00,-1643.72,-197.07,188.35,-0.14,0.00,-590.00
2024-08-09 16:00:00,-1485.63,194.21,-103.19,-625.22,0.00,-399.70
2024-08-09 17:00:00,-1044.46,222.76,-588.68,-701.32,0.00,39.90
2024-08-09 18:00:00,-627.76,222.73,-729.26,-702.70,0.00,75.20
2024-08-09 19:00:00,-353.55,222.77,-794.56,-702.86,0.00,49.40
2024-08-09 20:00:00,-298.25,222.82,-831.20,-702.89,0.00,106.90
2024-08-09 21:00:00,-378.15,222.84,-855.04,-702.85,0.00,182.70
2024-08-09 22:00:00,-316.94,222.76,-1035.31,-702.90,0.00,239.80
2024-08-09 23:00:00,-306.04,222.88,-1107.05,-702.91,0.00,198.20
2024-08-10 00:00:00,-555.25,222.58,-886.16,-702.85,0.00,234.60
2024-08-10 01:00:00,-318.65,218.01,-871.79,-702.87,0.00,153.50
2024-08-10 02:00:00,7.17,221.28,-868.55,-702.83,0.00,62.40
2024-08-10 03:00:00,-1.23,221.76,-980.75,-702.87,0.00,17.80
2024-08-10 04:00:00,-421.45,221.73,-814.58,-702.94,0.00,109.30
2024-08-10 05:00:00,-533.35,221.69,-853.24,-702.88,0.00,152.90
2024-08-10 06:00:00,-856.17,218.20,-947.17,-702.70,0.00,104.60
2024-08-10 07:00:00,-1180.09,146.41,130.02,-699.24,0.00,62.70
2024-08-10 08:00:00,-1283.09,-138.15,1096.78,-520.46,0.00,330.90
2024-08-10 09:00:00,-1632.00,-261.86,1882.39,164.54,0.00,-182.30
2024-08-10 10:00:00,-1663.83,-259.63,1618.45,672.80,0.00,-161.60
2024-08-10 11:00:00,-1664.56,-225.10,1626.18,683.52,0.00,-23.90
2024-08-10 12:00:00,-1667.76,-66.68,1655.76,683.43,0.00,-245.30
2024-08-10 13:00:00,-1667.84,-219.64,1694.88,675.99,0.00,-217.20
2024-08-10 14:00:00,-1654.19,-254.35,2035.81,298.67,0.00,-499.20
2024-08-10 15:00:00,-1390.71,-63.05,345.52,-329.87,0.00,-201.40
2024-08-10 16:00:00,-1055.45,173.81,-833.11,-694.79,0.00,-11.50
2024-08-10 17:00:00,-584.77,220.23,-911.18,-702.64,0.00,21.70
2024-08-10 18:00:00,144.05,222.65,-1526.04,-688.32,0.00,32.30
2024-08-10 19:00:00,828.18,222.63,-1855.10,-702.39,0.00,92.90
2024-08-10 20:00:00,1254.17,222.68,-2006.05,-702.98,0.00,119.00
2024-08-10 21:00:00,1151.86,222.69,-2182.85,-702.88,0.00,348.60
2024-08-10 22:00:00,1018.02,222.75,-2137.14,-702.92,0.00,249.80
2024-08-10 23:00:00,934.32,222.87,-2182.81,-702.88,0.00,353.30
2024-08-11 00:00:00,1101.61,222.74,-2288.28,-702.88,0.00,360.90
2024-08-11 01:00:00,1032.21,222.71,-2248.94,-702.82,0.00,350.80
2024-08-11 02:00:00,1019.02,222.70,-2190.82,-702.88,0.00,380.00
2024-08-11 03:00:00,787.81,222.70,-2157.28,-702.81,0.00,481.60
2024-08-11 04:00:00,895.41,222.67,-2110.70,-702.80,0.00,473.20
2024-08-11 05:00:00,736.60,222.68,-1958.70,-702.80,0.00,461.60
2024-08-11 06:00:00,375.88,213.00,-1583.14,-692.10,0.00,323.10
2024-08-11 07:00:00,-664.70,51.90,-614.47,-193.67,0.00,200.30
2024-08-11 08:00:00,-916.81,-241.44,1980.04,-448.24,0.00,-344.10
2024-08-11 09:00:00,-1566.38,-176.81,2372.08,137.40,0.00,-292.80
2024-08-11 10:00:00,-1611.52,-120.22,2290.82,286.94,0.00,-159.00
2024-08-11 11:00:00,-1273.45,-205.48,2346.94,537.85,0.00,-436.20
2024-08-11 12:00:00,-851.84,-261.59,2221.15,327.86,0.00,-520.90
2024-08-11 13:00:00,-397.34,-199.02,1626.35,-191.61,0.00,-330.20
2024-08-11 14:00:00,52.56,-45.75,375.04,-681.67,0.00,-21.40
2024-08-11 15:00:00,501.04,205.66,-1815.13,-632.63,0.00,227.10
2024-08-11 16:00:00,946.47,222.69,-1590.67,-523.15,0.00,-295.10
2024-08-11 17:00:00,1381.72,222.68,-1928.24,87.67,0.00,-387.70
2024-08-11 18:00:00,1608.60,222.68,-1461.40,-390.48,0.00,-287.70
2024-08-11 19:00:00,1622.74,222.70,-1554.79,220.66,0.00,-487.80
2024-08-11 20:00:00,1622.76,222.74,-2038.77,639.99,0.00,-218.90
2024-08-11 21:00:00,1622.93,222.74,-2043.89,535.36,0.00,-114.30
2024-08-11 22:00:00,1623.04,222.69,-2157.09,540.49,0.00,-83.70
2024-08-11 23:00:00,1622.97,222.70,-2193.91,641.09,0.00,-81.10
2024-08-12 00:00:00,1622.85,222.66,-1327.41,8.70,0.00,-58.70
2024-08-12 01:00:00,1622.58,222.66,-1859.27,624.67,0.00,-49.40
2024-08-12 02:00:00,1622.63,222.62,-1924.18,607.13,0.00,53.50
2024-08-12 03:00:00,1622.42,222.61,-1766.60,639.23,0.00,98.50
2024-08-12 04:00:00,1622.51,222.63,-1439.90,679.87,0.00,54.50
2024-08-12 05:00:00,1623.01,222.64,-1272.43,672.50,0.00,51.00
2024-08-12 06:00:00,1623.61,222.70,-1413.87,588.78,0.00,58.60
2024-08-12 07:00:00,1596.73,222.72,-1484.68,605.35,0.00,-171.80
2024-08-12 08:00:00,1191.05,222.73,-1079.70,345.08,0.00,-137.40
2024-08-12 09:00:00,825.30,222.74,-1230.34,561.44,0.00,-11.30
2024-08-12 10:00:00,302.30,222.58,-723.21,557.98,0.00,-46.20
2024-08-12 11:00:00,-44.89,217.54,-227.72,680.07,0.00,-279.10
2024-08-12 12:00:00,415.01,221.91,-975.28,668.77,0.00,-36.30
2024-08-12 13:00:00,1053.17,222.71,-922.16,87.09,0.00,-223.50
2024-08-12 14:00:00,1284.67,222.67,-501.02,-578.05,0.00,-4.00
2024-08-12 15:00:00,1598.94,222.72,-1111.35,83.72,0.00,-0.30
2024-08-12 16:00:00,1620.79,222.67,-1023.39,353.39,0.00,-2.00
2024-08-12 17:00:00,1623.07,222.61,-806.66,254.17,0.00,-25.10
2024-08-12 18:00:00,1622.09,222.66,-253.62,-422.48,0.00,50.10
2024-08-12 19:00:00,1622.00,222.62,20.69,-691.59,0.00,-93.50
2024-08-12 20:00:00,1622.27,222.62,-83.58,-399.55,0.00,-563.10
2024-08-12 21:00:00,1622.03,222.65,-975.30,-84.48,0.00,-536.60
2024-08-12 22:00:00,1571.96,222.62,-380.78,-689.52,0.00,-587.10
2024-08-12 23:00:00,968.37,222.61,7.85,-703.13,0.00,-454.90
2024-08-13 00:00:00,1269.39,222.62,-207.57,-703.13,0.00,-524.50
2024-08-13 01:00:00,1597.93,222.62,-813.43,-702.90,0.00,-408.20
2024-08-13 02:00:00,1620.93,222.61,-837.11,-702.82,0.00,-492.80
2024-08-13 03:00:00,1621.22,222.59,-955.09,-702.85,0.00,-309.90
2024-08-13 04:00:00,1621.17,222.57,-864.96,-702.82,0.00,-299.50
2024-08-13 05:00:00,1621.24,222.65,-478.43,-702.74,0.00,-324.20
2024-08-13 06:00:00,1621.48,222.72,-466.56,-702.81,0.00,-344.30
2024-08-13 07:00:00,1601.23,222.73,-515.80,-702.57,0.00,-354.90
2024-08-13 08:00:00,1283.96,222.78,-893.77,-702.25,0.00,-332.30
2024-08-13 09:00:00,844.64,222.76,-741.04,-702.34,0.00,-589.80
2024-08-13 10:00:00,399.64,222.82,-568.20,-702.55,0.00,-533.90
2024-08-13 11:00:00,2.92,222.76,-183.29,-702.72,0.00,-526.70
2024-08-13 12:00:00,-141.48,222.75,-425.52,-702.57,0.00,-357.50
2024-08-13 13:00:00,339.11,222.75,-1384.57,-702.27,0.00,16.40
2024-08-13 14:00:00,815.94,222.72,-1754.01,-680.51,0.00,164.90
2024-08-13 15:00:00,1206.45,222.74,-2206.69,-90.60,0.00,143.40
2024-08-13 16:00:00,1298.23,222.75,-2549.77,248.99,0.00,234.60
2024-08-13 17:00:00,1466.64,222.77,-2158.87,-248.60,0.00,372.70
2024-08-13 18:00:00,1612.95,222.70,-1717.02,-259.92,0.00,267.90
2024-08-13 19:00:00,1435.85,222.70,-2386.03,-30.22,0.00,309.80
2024-08-13 20:00:00,1146.36,222.67,-1531.04,-679.75,0.00,135.30
2024-08-13 21:00:00,759.35,222.72,-1765.21,-541.08,0.00,393.60
2024-08-13 22:00:00,1093.54,222.68,-2222.26,-399.52,0.00,497.60
2024-08-13 23:00:00,955.63,222.67,-2100.89,-54.52,0.00,399.30
2024-08-14 00:00:00,1197.25,222.60,-2213.01,173.39,0.00,373.40
2024-08-14 01:00:00,1315.78,222.60,-1963.76,540.60,0.00,272.70
2024-08-14 02:00:00,1608.86,222.66,-2209.21,634.79,0.00,276.40
2024-08-14 03:00:00,1621.71,222.68,-2028.98,683.02,0.00,300.40
2024-08-14 04:00:00,1615.25,222.68,-1890.77,680.95,0.00,149.40
2024-08-14 05:00:00,1220.17,222.75,-1723.76,670.23,0.00,446.30
2024-08-14 06:00:00,1372.49,222.83,-1102.55,3.71,0.00,561.30
2024-08-14 07:00:00,1328.95,222.77,-396.02,-466.61,0.00,555.20
2024-08-14 08:00:00,1582.88,222.73,-330.95,-466.09,0.00,453.30
2024-08-14 09:00:00,1447.66,222.78,-26.59,-610.72,0.00,352.90
2024-08-14 10:00:00,1602.64,222.80,-423.06,-556.34,0.00,348.50
2024-08-14 11:00:00,1437.73,222.87,-294.25,-699.54,0.00,506.00
2024-08-14 12:00:00,1434.94,222.86,-363.36,-702.56,0.00,512.00
2024-08-14 13:00:00,1608.66,222.78,-311.67,-693.74,0.00,274.10
2024-08-14 14:00:00,1621.33,222.79,-535.29,-254.87,0.00,175.40
2024-08-14 15:00:00,1621.39,222.68,-891.95,414.89,0.00,174.30
2024-08-14 16:00:00,1621.57,222.76,-664.50,651.86,0.00,-52.60
2024-08-14 17:00:00,1622.04,222.69,-1220.74,683.64,0.00,114.20
2024-08-14 18:00:00,1621.72,222.70,-1098.81,684.15,0.00,-43.90
2024-08-14 19:00:00,1621.66,222.68,-1186.84,684.10,0.00,6.90
2024-08-14 20:00:00,1612.62,222.64,-1273.21,683.53,0.00,-83.50
2024-08-14 21:00:00,1491.17,222.57,-883.49,657.96,0.00,-96.90
2024-08-14 22:00:00,1612.41,222.62,-1102.72,665.70,0.00,92.90
2024-08-14 23:00:00,1621.69,222.68,-1046.18,666.20,0.00,-21.40
2024-08-15 00:00:00,1621.56,222.73,-1015.07,681.85,0.00,-131.20
2024-08-15 01:00:00,1621.52,222.76,-1010.64,682.13,0.00,-182.80
2024-08-15 02:00:00,1621.70,222.75,-1070.79,681.96,0.00,-182.50
2024-08-15 03:00:00,1609.61,222.73,-1045.20,672.76,0.00,-76.00
2024-08-15 04:00:00,1436.00,222.72,-751.88,674.93,0.00,-25.20
2024-08-15 05:00:00,1601.03,214.84,-430.76,658.60,0.00,-383.70
2024-08-15 06:00:00,1618.24,16.53,-502.94,665.91,0.00,-275.60
2024-08-15 07:00:00,1538.83,-0.47,-733.54,678.88,0.00,-162.80
2024-08-15 08:00:00,1115.29,0.14,-804.86,467.31,0.00,-20.40
2024-08-15 09:00:00,660.09,-17.10,-688.49,674.95,0.00,-343.40
2024-08-15 10:00:00,-143.51,-252.31,662.94,494.62,0.00,-524.30
2024-08-15 11:00:00,-741.91,-269.79,1661.67,649.62,0.00,-540.60
2024-08-15 12:00:00,-226.31,-269.89,1083.04,667.77,0.00,-540.10
2024-08-15 13:00:00,-22.01,-258.06,7.56,615.13,0.00,-493.40
2024-08-15 14:00:00,77.00,-73.48,-1139.21,682.31,0.00,32.90
2024-08-15 15:00:00,1217.43,190.35,-2244.21,682.92,0.00,-247.50
2024-08-15 16:00:00,1615.66,27.48,-2241.37,636.98,0.00,-540.60
2024-08-15 17:00:00,1623.61,107.57,-2514.87,679.82,0.00,-540.50
2024-08-15 18:00:00,1623.70,-111.39,-2381.90,532.45,0.00,-537.80
2024-08-15 19:00:00,1623.49,102.39,-2312.75,174.79,0.00,-528.00
2024-08-15 20:00:00,1623.12,216.22,-2299.77,126.30,0.00,-476.30
2024-08-15 21:00:00,1609.97,222.71,-2422.18,76.42,0.00,-510.70
2024-08-15 22:00:00,1454.44,222.76,-1403.09,-587.46,0.00,-529.40
2024-08-15 23:00:00,1597.49,222.76,-1424.16,-700.40,0.00,-331.40
2024-08-16 00:00:00,1622.06,222.78,-1382.10,-682.10,0.00,-108.60
2024-08-16 01:00:00,1618.23,222.81,-1899.78,-142.55,0.00,-13.80
2024-08-16 02:00:00,1532.18,222.76,-1815.06,484.09,0.00,-130.50
2024-08-16 03:00:00,1515.54,222.72,-1477.46,679.91,0.00,-220.80
2024-08-16 04:00:00,1614.04,222.76,-1461.54,683.88,0.00,12.90
2024-08-16 05:00:00,1532.30,222.79,-962.88,670.25,0.00,29.40
2024-08-16 06:00:00,1377.19,222.81,-31.78,-0.78,0.00,41.00
2024-08-16 07:00:00,1116.56,222.81,489.02,-687.86,0.00,281.00
2024-08-16 08:00:00,1175.83,222.86,593.65,-702.70,0.00,-143.20
2024-08-16 09:00:00,1078.22,222.87,580.37,-700.40,0.00,-104.10
2024-08-16 10:00:00,1446.78,222.87,-512.94,-585.51,0.00,292.00
2024-08-16 11:00:00,1474.75,222.82,-503.59,-699.99,0.00,165.70
2024-08-16 12:00:00,1611.57,222.80,-479.81,-693.69,-0.35,-110.20
2024-08-16 13:00:00,1615.70,222.72,-1313.56,-260.78,-0.44,172.20
2024-08-16 14:00:00,1534.77,222.74,-804.38,-116.37,0.00,-297.40
2024-08-16 15:00:00,1539.94,222.79,-1412.53,370.09,0.00,17.60
2024-08-16 16:00:00,1481.71,222.87,-1286.88,467.10,0.00,41.10
2024-08-16 17:00:00,1612.08,222.82,-1127.78,416.19,0.00,2.00
2024-08-16 18:00:00,1621.92,222.79,-1016.32,461.88,0.00,-17.70
2024-08-16 19:00:00,1622.02,222.70,-926.16,437.51,0.00,-56.10
2024-08-16 20:00:00,1622.10,222.70,-1022.11,500.50,0.00,62.70
2024-08-16 21:00:00,1622.44,222.67,-1101.91,342.73,0.00,22.60
2024-08-16 22:00:00,1622.09,222.68,-1442.11,676.46,0.00,-0.10
2024-08-16 23:00:00,1622.02,222.68,-1560.52,677.38,0.00,-0.30
2024-08-17 00:00:00,1621.92,222.67,-1701.48,666.42,0.00,-0.30
2024-08-17 01:00:00,1621.91,222.67,-1851.30,675.02,0.00,-0.20
2024-08-17 02:00:00,1621.84,222.64,-1901.81,664.79,0.00,-0.30
2024-08-17 03:00:00,1622.04,222.63,-1803.36,644.08,0.00,-89.60
2024-08-17 04:00:00,1622.11,222.60,-1710.03,639.59,0.00,-74.60
2024-08-17 05:00:00,1622.22,222.63,-1414.54,622.30,0.00,-180.00
2024-08-17 06:00:00,1622.09,222.71,-1545.40,682.61,0.00,-183.80
2024-08-17 07:00:00,1622.00,222.66,-1993.28,683.78,0.00,-205.20
2024-08-17 08:00:00,1594.71,222.67,-2410.14,682.11,0.00,-248.00
2024-08-17 09:00:00,1173.76,222.72,-2286.20,599.90,0.00,-174.40
2024-08-17 10:00:00,740.63,222.82,-1712.05,590.45,0.00,-345.70
2024-08-17 11:00:00,533.92,222.81,-1691.49,673.65,0.00,-199.30
2024-08-17 12:00:00,1103.85,222.82,-2001.80,603.11,0.00,-278.80
2024-08-17 13:00:00,1444.99,222.81,-2166.37,325.78,0.00,-151.30
2024-08-17 14:00:00,1436.36,222.82,-1916.52,572.08,0.00,-493.60
2024-08-17 15:00:00,1608.80,222.85,-2167.88,680.77,0.00,-165.60
2024-08-17 16:00:00,1621.41,222.87,-1942.25,647.07,0.00,-10.30
2024-08-17 17:00:00,1621.43,222.79,-1626.82,682.33,0.00,16.30
2024-08-17 18:00:00,1597.06,222.78,-1397.66,648.91,0.00,-0.30
2024-08-17 19:00:00,1482.52,222.69,-1330.30,677.55,0.00,1.80
2024-08-17 20:00:00,1612.86,222.74,-1480.32,635.91,0.00,17.20
2024-08-17 21:00:00,1621.79,222.72,-1555.41,682.90,0.00,17.20
2024-08-17 22:00:00,1607.19,222.70,-1557.13,679.29,0.00,1.50
2024-08-17 23:00:00,1590.64,222.66,-1607.63,675.25,0.00,17.30
2024-08-18 00:00:00,1590.34,222.63,-1679.69,667.13,0.00,17.20
2024-08-18 01:00:00,1596.17,222.63,-1813.52,677.25,0.00,6.20
2024-08-18 02:00:00,1620.80,222.58,-1772.50,603.96,0.00,29.70
2024-08-18 03:00:00,1621.20,222.52,-1774.55,658.99,0.00,6.50
2024-08-18 04:00:00,1621.29,222.60,-1758.17,585.48,0.00,26.30
2024-08-18 05:00:00,1621.74,222.61,-1629.08,580.02,0.00,-103.80
2024-08-18 06:00:00,1621.58,222.62,-1446.99,397.01,0.00,-64.00
2024-08-18 07:00:00,1618.78,222.61,-1222.09,40.69,0.00,6.60
2024-08-18 08:00:00,1485.26,222.63,-1083.94,62.03,0.00,-68.70
2024-08-18 09:00:00,1439.37,222.60,-1012.60,-1.13,0.00,-262.00
2024-08-18 10:00:00,1407.77,222.57,-1133.23,-27.09,0.00,-293.80
2024-08-18 11:00:00,1200.93,222.64,-1462.92,513.07,-0.57,-330.70
2024-08-18 12:00:00,1348.66,222.69,-1670.39,422.51,-2.95,-367.80
2024-08-18 13:00:00,1045.67,222.74,-2226.62,663.42,-2.95,-279.40
2024-08-18 14:00:00,1582.41,222.81,-2313.58,372.94,-2.83,-358.40
2024-08-18 15:00:00,1622.61,222.77,-1556.86,-253.14,12.89,-505.70
2024-08-18 16:00:00,1622.17,222.78,-2313.73,275.07,778.27,-446.30
2024-08-18 17:00:00,1622.19,222.74,-1989.69,23.88,1062.68,-481.70
2024-08-18 18:00:00,1622.53,222.75,-1789.18,-216.54,1049.79,-412.20
2024-08-18 19:00:00,1622.56,222.72,-711.51,-688.64,121.85,22.30
2024-08-18 20:00:00,1622.38,222.75,-958.22,-517.96,141.67,20.00
2024-08-18 21:00:00,1622.42,222.70,-825.44,-662.67,145.20,2.90
2024-08-18 22:00:00,1622.44,222.70,-952.01,-377.77,-81.73,-22.00
2024-08-18 23:00:00,1622.33,222.70,-1073.18,-495.15,206.39,-7.20
2024-08-19 00:00:00,1622.31,222.69,-1125.38,-488.48,235.24,-17.20
2024-08-19 01:00:00,1622.61,222.70,-1000.13,-524.38,127.07,-0.30
2024-08-19 02:00:00,1622.48,222.69,-1994.57,146.97,656.10,-0.30
2024-08-19 03:00:00,1622.49,222.66,-2350.81,461.51,1036.21,-26.60
2024-08-19 04:00:00,1622.69,222.61,-1821.01,645.23,1067.44,-434.70
2024-08-19 05:00:00,1622.82,194.19,-1441.06,683.27,1068.73,-593.80
2024-08-19 06:00:00,1622.63,222.69,-1718.96,684.07,1059.60,-513.50
2024-08-19 07:00:00,1479.01,222.69,-1525.75,683.69,615.73,-510.40
2024-08-19 08:00:00,1447.37,222.70,-1303.74,683.23,113.49,-436.40
2024-08-19 09:00:00,1609.80,222.72,-1436.03,682.77,-292.06,-408.80
2024-08-19 10:00:00,1621.47,222.71,-1001.92,591.30,-667.70,-422.70
2024-08-19 11:00:00,1609.50,222.68,-234.22,0.00,-670.68,-506.40
2024-08-19 12:00:00,1436.74,222.70,-1161.46,0.00,443.36,-512.80
2024-08-19 13:00:00,1420.62,222.71,-1579.10,-0.03,873.76,-547.70
2024-08-19 14:00:00,1392.19,222.72,-2311.28,626.08,1056.24,-494.10
2024-08-19 15:00:00,1606.04,210.98,-2318.26,683.36,1068.46,-266.00
2024-08-19 16:00:00,1622.17,196.59,-2151.07,683.16,1068.44,-366.00
2024-08-19 17:00:00,1621.86,222.40,-2084.67,662.75,1068.60,-300.20
2024-08-19 18:00:00,1621.98,222.31,-2052.37,641.52,1068.16,-307.30
2024-08-19 19:00:00,1622.11,222.23,-2341.53,652.62,1047.26,-167.30
2024-08-19 20:00:00,1616.04,222.32,-2354.93,302.31,919.27,82.10
2024-08-19 21:00:00,1535.81,222.23,-2242.41,-371.97,1055.83,-86.60
2024-08-19 22:00:00,1549.43,222.26,-2168.27,-496.83,1068.16,-406.50
2024-08-19 23:00:00,1459.65,222.14,-2311.99,-591.73,1066.76,-229.70
2024-08-20 00:00:00,1610.58,222.16,-2383.89,-700.83,1007.68,-192.00
2024-08-20 01:00:00,1621.96,222.17,-2414.29,-703.17,1066.74,-282.10
2024-08-20 02:00:00,1619.73,222.11,-2378.35,-702.96,1068.06,-330.00
2024-08-20 03:00:00,1588.52,222.16,-2379.51,-702.88,1068.16,-288.80
2024-08-20 04:00:00,1619.46,222.10,-2280.01,-702.75,1049.46,-300.60
2024-08-20 05:00:00,1510.81,222.12,-816.77,-702.12,118.35,-420.70
2024-08-20 06:00:00,1609.63,222.14,-1042.60,-673.85,-7.30,-285.40
2024-08-20 07:00:00,1622.11,222.19,-932.09,-502.92,-602.76,-110.10
2024-08-20 08:00:00,1597.76,222.30,-1078.81,-109.38,-991.30,-79.80
2024-08-20 09:00:00,1223.24,222.39,-1199.10,115.88,-676.83,-191.20
2024-08-20 10:00:00,707.12,222.32,-663.35,-356.29,-100.62,-353.60
2024-08-20 11:00:00,471.62,222.32,-453.35,-98.83,-221.52,-428.20
2024-08-20 12:00:00,457.44,222.25,-73.08,-672.75,-21.75,-483.70
2024-08-20 13:00:00,708.34,222.26,-327.40,-702.24,41.76,-469.50
2024-08-20 14:00:00,996.89,222.31,-603.29,-702.56,422.66,-445.70
2024-08-20 15:00:00,1562.34,188.59,-2013.44,-700.50,1054.53,-169.10
2024-08-20 16:00:00,1478.26,222.29,-1926.05,-589.73,1068.50,-179.20
2024-08-20 17:00:00,1351.81,222.26,-2279.74,-47.33,1067.48,-141.60
2024-08-20 18:00:00,1426.44,222.31,-2528.42,343.49,1020.55,-209.40
2024-08-20 19:00:00,1617.21,222.34,-2356.07,-82.72,965.41,-121.50
2024-08-20 20:00:00,1622.50,222.40,-2253.61,-481.83,1050.48,151.10
2024-08-20 21:00:00,1622.34,211.34,-2284.57,-696.37,1067.97,303.40
2024-08-20 22:00:00,1302.44,50.42,-1451.99,-701.07,1068.13,326.30
2024-08-20 23:00:00,1318.11,38.46,-1188.07,-699.70,1068.19,316.40
2024-08-21 00:00:00,1602.76,38.47,-1180.86,-612.40,1068.06,163.30
2024-08-21 01:00:00,1622.58,38.48,-1103.97,-700.42,1067.97,6.60
2024-08-21 02:00:00,1622.54,38.46,-933.18,-694.17,1067.92,-306.60
2024-08-21 03:00:00,1622.45,38.52,-916.44,-701.88,1063.85,-337.60
2024-08-21 04:00:00,1622.57,38.50,-649.75,-658.39,821.82,-257.60
2024-08-21 05:00:00,1623.11,38.50,94.29,-448.78,-549.43,-174.90
2024-08-21 06:00:00,1577.54,38.49,513.92,-600.11,-1032.55,-138.30
2024-08-21 07:00:00,1229.88,34.43,786.81,-686.43,-1436.02,-42.70
2024-08-21 08:00:00,395.59,-29.97,999.02,-1.73,-983.00,-316.80
2024-08-21 09:00:00,-411.91,-107.91,1119.64,666.70,-342.82,-262.20
2024-08-21 10:00:00,-833.91,-255.77,1749.79,570.47,-151.55,-174.00
2024-08-21 11:00:00,-686.91,-217.63,2048.17,247.20,-255.64,-185.10
2024-08-21 12:00:00,-989.81,-265.91,1830.83,424.36,247.20,-476.40
2024-08-21 13:00:00,-658.81,-269.81,2033.96,583.46,-72.30,-489.50
2024-08-21 14:00:00,-54.71,-262.81,2073.25,670.77,-751.53,-403.10
2024-08-21 15:00:00,390.69,-152.57,333.27,153.79,-1005.59,-9.60
2024-08-21 16:00:00,504.82,26.06,-132.78,-70.31,-1210.90,271.70
2024-08-21 17:00:00,954.22,38.52,-101.16,-164.24,-1387.54,253.40
2024-08-21 18:00:00,1292.50,38.52,-9.24,-617.76,-1318.07,344.70
2024-08-21 19:00:00,1285.59,38.48,-92.21,-701.18,-1093.37,370.60
2024-08-21 20:00:00,1154.82,38.48,-331.31,-702.80,-884.93,385.80
2024-08-21 21:00:00,674.82,23.48,-716.34,-702.85,10.80,436.00
2024-08-21 22:00:00,164.79,-181.48,-408.77,-702.91,752.29,479.70
2024-08-21 23:00:00,140.29,-9.72,-343.39,-702.94,809.55,364.40
2024-08-22 00:00:00,168.79,-136.87,16.53,-702.79,836.11,36.70
2024-08-22 01:00:00,435.39,-225.11,-86.35,-702.98,923.82,-74.70
2024-08-22 02:00:00,566.99,-264.76,2.04,-702.97,1007.17,-383.70
2024-08-22 03:00:00,805.81,-228.30,-102.15,-702.93,1008.72,-495.90
2024-08-22 04:00:00,914.83,-268.15,-65.22,-702.85,983.31,-537.30
2024-08-22 05:00:00,1029.43,-266.62,11.88,-700.48,724.36,-540.50
2024-08-22 06:00:00,949.03,-250.99,-14.73,-669.11,688.74,-540.50
2024-08-22 07:00:00,302.43,-268.50,36.46,16.50,443.69,-529.30
2024-08-22 08:00:00,-18.89,-269.75,89.09,669.36,43.08,-423.10
2024-08-22 09:00:00,-111.51,-269.79,731.93,682.81,285.27,-586.90
2024-08-22 10:00:00,-349.21,-269.80,1580.09,655.60,-66.33,-597.40
2024-08-22 11:00:00,-619.21,-262.82,1967.75,572.65,42.85,-548.50
2024-08-22 12:00:00,-26.91,-172.49,1403.77,340.09,75.44,-597.50
2024-08-22 13:00:00,149.79,-263.07,1420.76,630.41,-287.99,-601.30
2024-08-22 14:00:00,416.49,-251.02,1177.27,669.23,-855.69,-578.70
2024-08-22 15:00:00,980.72,19.20,-113.90,-0.63,-1440.06,-270.10
2024-08-22 16:00:00,1440.95,32.00,-137.70,-687.64,-1453.44,-451.30
2024-08-22 17:00:00,1321.78,-53.08,3.75,-702.48,-1453.30,-591.20
2024-08-22 18:00:00,1197.99,31.41,-66.88,-702.43,-1453.37,-535.20
2024-08-22 19:00:00,1153.11,38.47,-14.49,-702.23,-1453.41,-380.60
2024-08-22 20:00:00,1089.74,38.48,-105.81,-702.46,-1453.32,-120.20
2024-08-22 21:00:00,749.46,49.89,-83.94,-702.40,-1451.93,253.90
2024-08-22 22:00:00,548.44,210.86,273.38,-702.61,-1379.77,313.30
2024-08-22 23:00:00,651.44,222.37,109.90,-701.38,-1075.01,426.90
2024-08-23 00:00:00,315.24,222.41,-6.17,-649.34,-602.49,432.80
2024-08-23 01:00:00,-317.59,222.28,77.00,-681.40,124.99,401.90
2024-08-23 02:00:00,-105.09,203.82,-71.51,-518.13,38.78,440.40
2024-08-23 03:00:00,-383.39,-44.95,79.44,-381.82,475.01,393.20
2024-08-23 04:00:00,2.31,-248.38,46.55,-398.12,630.81,235.40
2024-08-23 05:00:00,-24.69,-164.65,167.48,-217.66,329.41,224.20
2024-08-23 06:00:00,165.21,-240.48,28.67,-151.96,308.09,-36.70
2024-08-23 07:00:00,-427.70,-250.39,1074.34,-84.55,-161.21,-405.70
2024-08-23 08:00:00,-296.80,-263.90,1153.90,273.61,184.22,-488.40
2024-08-23 09:00:00,-767.40,-234.99,2283.27,323.48,-592.80,-502.00
2024-08-23 10:00:00,-1334.75,-161.48,2392.95,-108.42,-237.31,-472.80
2024-08-23 11:00:00,-1626.60,-106.96,2261.32,52.85,-77.22,-524.20
2024-08-23 12:00:00,-1597.60,-214.79,2198.63,533.36,-497.70,-545.10
2024-08-23 13:00:00,-1554.55,-223.12,2386.08,494.27,-912.26,-577.40
2024-08-23 14:00:00,-1114.54,-23.94,2263.40,-3.16,-862.98,-483.70
2024-08-23 15:00:00,-357.55,208.54,395.92,-629.51,-942.42,272.90
2024-08-23 16:00:00,-306.46,222.40,-114.81,-701.20,-1442.02,425.20
2024-08-23 17:00:00,-381.38,222.29,-112.98,-702.58,-1454.04,345.70
2024-08-23 18:00:00,-386.28,222.40,-48.59,-702.59,-1453.87,320.50
2024-08-23 19:00:00,275.83,222.34,-577.03,-702.77,-1450.67,332.60
2024-08-23 20:00:00,1324.80,222.42,-1644.17,-702.67,-1278.22,342.10
2024-08-23 21:00:00,1621.88,222.35,-1767.51,-699.02,-986.20,217.00
2024-08-23 22:00:00,1621.90,222.25,-2265.35,-524.06,-89.99,22.20
2024-08-23 23:00:00,1621.83,222.29,-2500.65,-698.19,1033.50,-165.90
2024-08-24 00:00:00,1621.94,222.21,-2235.75,-667.39,1068.19,-188.20
2024-08-24 01:00:00,1621.84,222.23,-2252.17,-513.98,1068.12,-236.20
2024-08-24 02:00:00,1622.08,222.16,-2094.21,-609.10,1067.82,-290.70
2024-08-24 03:00:00,1621.61,222.17,-2348.96,-353.78,1066.04,-377.70
2024-08-24 04:00:00,1616.08,222.14,-2284.80,-264.08,972.33,-387.90
2024-08-24 05:00:00,1620.40,222.16,-2295.91,-74.82,857.82,-391.20
2024-08-24 06:00:00,1579.38,222.17,-1665.22,-131.96,22.81,-159.00
2024-08-24 07:00:00,1155.56,206.33,-14.21,-689.95,-970.63,191.90
2024-08-24 08:00:00,712.40,-30.37,1146.53,-700.46,-998.06,341.70
2024-08-24 09:00:00,269.29,-221.52,2383.80,-590.67,-997.88,429.10
2024-08-24 10:00:00,-151.50,-238.85,2438.86,-302.29,-998.02,577.30
2024-08-24 11:00:00,-376.30,32.87,2351.29,-271.47,-997.88,562.40
2024-08-24 12:00:00,-259.10,-244.95,2215.16,394.46,-995.59,170.00
2024-08-24 13:00:00,45.20,-258.79,2437.26,426.67,-926.45,-327.50
2024-08-24 14:00:00,484.30,-117.02,2380.61,-245.73,-867.26,-301.70
2024-08-24 15:00:00,930.50,-160.18,1855.64,-693.11,-969.20,146.00
2024-08-24 16:00:00,1364.93,195.97,-367.10,-702.76,82.57,200.20
2024-08-24 17:00:00,1606.42,222.33,-1107.43,-702.74,564.82,-269.60
2024-08-24 18:00:00,1607.51,101.58,-947.44,-700.98,138.54,-254.10
2024-08-24 19:00:00,1415.51,213.50,12.59,-606.88,-787.60,7.90
2024-08-24 20:00:00,1214.88,222.37,-504.77,-26.50,-725.76,496.40
2024-08-24 21:00:00,1236.31,222.36,-487.55,-635.46,-84.17,557.90
2024-08-24 22:00:00,1385.30,222.33,-934.42,-500.20,737.99,89.10
2024-08-24 23:00:00,1330.89,222.27,-1077.68,-540.93,713.01,122.50
2024-08-25 00:00:00,1080.26,222.22,-217.17,-632.83,362.41,-130.90
2024-08-25 01:00:00,613.10,222.23,354.20,-650.35,214.77,-65.70
2024-08-25 02:00:00,731.60,222.18,335.26,-702.83,256.53,-153.50
2024-08-25 03:00:00,756.20,222.17,244.80,-704.18,138.72,-148.50
2024-08-25 04:00:00,845.50,222.22,19.29,-703.64,-40.75,-76.00
2024-08-25 05:00:00,554.11,222.18,166.98,-679.68,-168.73,-213.00
2024-08-25 06:00:00,526.93,222.21,125.03,-700.15,80.07,-274.40
2024-08-25 07:00:00,109.02,192.03,366.24,-593.69,-124.23,91.30
2024-08-25 08:00:00,-325.61,-223.21,1123.91,-68.36,240.76,-449.80
2024-08-25 09:00:00,-559.31,-44.37,1238.94,-421.80,5.08,119.90
2024-08-25 10:00:00,-931.40,-212.86,1313.33,156.26,45.50,129.50
2024-08-25 11:00:00,-739.81,-253.92,1208.02,282.58,54.50,-11.40
2024-08-25 12:00:00,-501.81,-267.16,816.54,669.40,243.34,-373.50
2024-08-25 13:00:00,-165.61,-265.34,107.05,586.57,476.02,-494.80
2024-08-25 14:00:00,-20.00,-267.63,-197.90,156.07,478.30,-537.90
2024-08-25 15:00:00,-4.68,-243.80,-485.81,-526.72,504.00,-540.20
2024-08-25 16:00:00,-75.48,126.25,-75.75,-699.07,-321.52,-468.80
2024-08-25 17:00:00,793.18,172.74,-185.92,-702.77,-552.77,-505.20
2024-08-25 18:00:00,1418.31,14.14,-192.27,-702.78,-737.31,-564.00
2024-08-25 19:00:00,1609.27,120.42,-11.65,-702.91,-1112.86,-597.10
2024-08-25 20:00:00,1609.68,171.15,-398.40,-702.95,-997.88,-575.30
2024-08-25 21:00:00,1270.33,209.00,-10.74,-703.13,-1159.99,-595.50
2024-08-25 22:00:00,748.92,196.66,-105.83,-702.94,-433.66,-600.90
2024-08-25 23:00:00,1095.23,201.92,19.49,-702.86,-1077.25,-601.20
2024-08-26 00:00:00,604.72,0.54,-4.51,-702.85,-354.89,-554.70
2024-08-26 01:00:00,1098.71,88.53,-37.08,-702.83,-524.92,-571.50
2024-08-26 02:00:00,972.64,112.66,-0.44,-702.66,-576.66,-514.60
2024-08-26 03:00:00,341.14,104.53,-9.07,-702.74,-412.68,-404.40
2024-08-26 04:00:00,285.04,119.42,-325.44,-702.77,-303.08,-28.10
2024-08-26 05:00:00,1031.14,215.36,-64.81,-702.60,-1362.60,0.00
2024-08-26 06:00:00,1016.35,222.07,21.42,-702.63,-1452.44,0.00
2024-08-26 07:00:00,700.73,222.14,10.27,-702.45,-1453.16,0.00
2024-08-26 08:00:00,350.00,222.14,-5.61,-702.21,-1421.17,0.00
2024-08-26 09:00:00,246.19,222.30,-75.83,-682.13,-1453.22,0.00
2024-08-26 10:00:00,-206.30,221.99,29.79,-111.15,-1453.72,0.00
2024-08-26 11:00:00,-19.19,216.08,-307.02,51.50,-1453.94,0.00
2024-08-26 12:00:00,52.10,221.05,-12.33,-493.55,-1453.89,0.00
2024-08-26 13:00:00,482.20,221.31,-109.63,-698.52,-1453.96,0.00
2024-08-26 14:00:00,967.47,221.32,-409.90,-691.63,-1407.41,0.00
2024-08-26 15:00:00,958.76,221.34,-1932.27,-151.94,-39.83,0.00
2024-08-26 16:00:00,1128.69,221.32,-2523.96,178.15,509.52,0.00
2024-08-26 17:00:00,1114.48,221.40,-2471.71,131.23,1055.97,0.00
2024-08-26 18:00:00,1106.12,221.31,-2442.99,27.53,1068.34,0.00
2024-08-26 19:00:00,1438.52,221.32,-2495.72,56.20,1068.17,0.00
2024-08-26 20:00:00,1344.87,221.28,-2121.36,34.72,1065.88,0.00
2024-08-26 21:00:00,1366.84,221.24,-2360.67,256.39,1048.25,0.00
2024-08-26 22:00:00,1326.15,221.20,-1974.27,-53.15,1067.60,0.00
2024-08-26 23:00:00,1332.14,221.21,-2362.71,330.82,1068.08,0.00
2024-08-27 00:00:00,1466.64,221.24,-2429.57,325.40,1068.30,0.00
2024-08-27 01:00:00,1513.62,221.21,-2421.22,375.70,1067.94,0.00
2024-08-27 02:00:00,1429.04,221.16,-2437.48,554.69,1068.04,0.00
2024-08-27 03:00:00,1422.75,221.16,-2384.12,664.77,1068.27,0.00
2024-08-27 04:00:00,1406.05,221.07,-2223.34,683.64,1068.05,0.00
2024-08-27 05:00:00,1188.80,221.11,-2006.66,681.66,1067.99,0.00
2024-08-27 06:00:00,1450.01,221.25,-2424.85,565.22,1068.02,0.00
2024-08-27 07:00:00,1610.61,222.17,-2417.28,-86.23,1063.90,0.00
2024-08-27 08:00:00,1271.40,222.22,-2130.80,-253.68,816.31,0.00
2024-08-27 09:00:00,685.13,222.36,-867.87,-360.46,-349.07,0.00
2024-08-27 10:00:00,304.23,197.36,-688.67,-186.20,-613.93,0.00
2024-08-27 11:00:00,-222.17,-110.74,-66.31,456.90,-683.64,0.00
2024-08-27 12:00:00,-261.37,-229.24,-503.29,665.68,-751.58,0.00
2024-08-27 13:00:00,389.81,191.26,-1627.76,1.83,-489.68,0.00
2024-08-27 14:00:00,964.61,222.42,-2215.67,-560.35,2.83,0.00
2024-08-27 15:00:00,983.02,222.38,-2481.43,-683.58,889.63,0.00
2024-08-27 16:00:00,1002.26,222.41,-2449.95,-241.40,973.50,0.00
2024-08-27 17:00:00,1406.32,222.43,-2208.74,-390.24,1066.47,0.00
2024-08-27 18:00:00,1584.88,222.38,-2341.54,-117.97,1066.35,0.00
2024-08-27 19:00:00,1444.39,222.37,-1723.83,-311.57,994.60,0.00
2024-08-27 20:00:00,1523.22,222.37,-977.32,-585.99,528.24,0.00
2024-08-27 21:00:00,1614.21,222.32,-947.27,-657.34,456.05,0.00
2024-08-27 22:00:00,1605.35,222.44,-292.27,-629.33,-282.38,0.00
2024-08-27 23:00:00,1388.81,222.34,-339.63,-605.55,-237.44,0.00
2024-08-28 00:00:00,1375.37,222.31,-504.45,-592.53,-31.90,0.00
2024-08-28 01:00:00,1421.91,222.29,-1673.65,20.80,507.96,0.00
2024-08-28 02:00:00,1471.97,222.27,-2364.63,331.22,914.33,0.00
2024-08-28 03:00:00,1519.13,222.21,-2345.22,472.02,879.42,0.00
2024-08-28 04:00:00,1528.06,222.28,-1983.36,306.72,948.93,0.00
2024-08-28 05:00:00,1614.37,222.27,-1373.92,-329.83,1008.04,0.00
2024-08-28 06:00:00,1620.54,222.24,-654.24,-609.55,419.61,0.00
2024-08-28 07:00:00,1587.62,222.37,-5.83,-291.97,-947.37,0.00
2024-08-28 08:00:00,1146.55,222.48,193.17,-306.61,-1007.03,0.00
2024-08-28 09:00:00,1366.09,222.53,149.92,-500.77,-1441.67,0.00
2024-08-28 10:00:00,1284.71,222.46,6.14,-622.21,-1357.76,0.00
2024-08-28 11:00:00,1001.42,216.51,197.19,-517.89,-1450.02,0.00
2024-08-28 12:00:00,581.42,138.58,213.11,-158.70,-1390.03,0.00
2024-08-28 13:00:00,1323.01,216.14,-1185.81,-193.02,-1006.08,0.00
2024-08-28 14:00:00,1372.58,222.40,-1237.13,-204.78,-926.06,0.00
2024-08-28 15:00:00,1469.17,222.38,-2548.04,-123.94,468.13,0.00
2024-08-28 16:00:00,1174.73,222.36,-2379.66,-382.34,1051.75,0.00
2024-08-28 17:00:00,1544.75,222.32,-2454.27,-656.11,1068.27,0.00
2024-08-28 18:00:00,1462.63,222.33,-2404.24,-544.62,1064.85,0.00
2024-08-28 19:00:00,1472.09,222.35,-2376.67,-696.79,875.93,0.00
2024-08-28 20:00:00,1524.00,222.35,-2144.95,-553.60,136.51,0.00
2024-08-28 21:00:00,1485.46,222.42,-1674.75,-626.78,-394.84,0.00
2024-08-28 22:00:00,1425.48,222.43,-887.76,-701.38,-946.71,0.00
2024-08-28 23:00:00,1524.92,222.41,-1200.41,-696.90,-703.86,0.00
2024-08-29 00:00:00,1529.76,222.33,-1539.88,-399.48,-491.96,0.00
2024-08-29 01:00:00,1614.31,222.33,-1608.44,-354.39,-413.83,0.00
2024-08-29 02:00:00,1621.18,222.34,-2350.05,-118.20,101.08,0.00
2024-08-29 03:00:00,1621.32,74.35,-2424.98,259.00,229.75,0.00
2024-08-29 04:00:00,1610.45,-0.47,-2455.33,108.29,857.29,0.00
2024-08-29 05:00:00,1440.19,12.76,-2360.59,403.90,775.97,0.00
2024-08-29 06:00:00,1425.14,208.25,-1362.08,8.36,232.41,0.00
2024-08-29 07:00:00,1503.30,222.36,-819.25,-22.08,-738.91,0.00
2024-08-29 08:00:00,1605.67,222.40,-436.35,-611.32,-967.87,0.00
2024-08-29 09:00:00,1558.89,222.50,-1109.41,-5.38,-949.69,0.00
2024-08-29 10:00:00,1612.11,222.49,-1769.34,378.99,-996.89,0.00
2024-08-29 11:00:00,1554.76,222.52,-1812.42,375.37,-997.24,0.00
2024-08-29 12:00:00,1493.93,222.49,-1661.40,145.80,-967.30,0.00
2024-08-29 13:00:00,1289.85,222.52,-1529.60,36.98,-747.11,0.00
2024-08-29 14:00:00,1459.66,222.46,-2199.48,614.06,-423.47,0.00
2024-08-29 15:00:00,1462.60,222.47,-2337.42,582.51,247.55,0.00
2024-08-29 16:00:00,1452.87,222.43,-2463.27,70.89,985.80,0.00
2024-08-29 17:00:00,1210.11,222.36,-2558.80,599.94,1066.94,0.00
2024-08-29 18:00:00,1530.38,222.38,-2535.84,378.33,1068.46,0.00
2024-08-29 19:00:00,1481.78,222.34,-2449.49,554.58,1066.74,0.00
2024-08-29 20:00:00,1614.83,174.43,-2537.25,396.43,977.46,0.00
2024-08-29 21:00:00,1520.39,244.29,-2525.62,633.51,641.33,0.00
2024-08-29 22:00:00,1479.31,657.43,-2411.66,198.95,713.39,0.00
2024-08-29 23:00:00,1599.82,686.52,-2460.24,306.00,543.80,0.00
2024-08-30 00:00:00,1620.40,686.55,-2458.20,139.51,695.97,0.00
2024-08-30 01:00:00,1619.36,686.55,-2511.28,-61.92,1017.34,0.00
2024-08-30 02:00:00,1604.15,686.62,-2499.14,45.52,947.03,0.00
2024-08-30 03:00:00,1385.21,686.46,-2442.91,172.23,1018.98,0.00
2024-08-30 04:00:00,1318.87,686.52,-2488.44,449.52,1040.30,0.00
2024-08-30 05:00:00,1185.40,686.66,-2418.45,536.45,1056.45,0.00
2024-08-30 06:00:00,1312.92,686.75,-2290.63,668.92,495.58,0.00
2024-08-30 07:00:00,1331.44,687.10,-1373.37,105.92,-312.82,0.00
2024-08-30 08:00:00,1384.37,686.87,-1219.44,-14.28,-899.54,0.00
2024-08-30 09:00:00,1605.79,687.17,-2179.13,431.66,-787.90,0.00
2024-08-30 10:00:00,1621.15,687.15,-2084.80,-0.48,-905.05,-0.20
2024-08-30 11:00:00,1621.22,687.23,-1662.55,-584.71,-939.95,-0.10
2024-08-30 12:00:00,1615.13,687.15,-1985.79,-320.60,-924.57,0.00
2024-08-30 13:00:00,1534.50,687.15,-1748.06,-557.32,-924.95,0.50
2024-08-30 14:00:00,1482.58,686.96,-2342.17,-512.74,-335.94,-0.30
2024-08-30 15:00:00,1421.01,686.96,-2448.57,-203.81,-47.72,-31.20
2024-08-30 16:00:00,1575.71,686.95,-2580.08,469.86,293.89,-496.20
2024-08-30 17:00:00,1574.06,686.96,-2575.77,621.64,625.68,-592.90
2024-08-30 18:00:00,1621.73,686.89,-2583.10,655.37,514.12,-455.40
2024-08-30 19:00:00,1621.74,686.75,-2304.72,611.29,-37.39,-128.00
2024-08-30 20:00:00,1621.96,686.93,-1971.59,438.86,-672.13,61.70
2024-08-30 21:00:00,1621.63,686.82,-2045.47,179.42,-365.34,-57.50
2024-08-30 22:00:00,1621.82,686.87,-2399.78,618.31,26.46,-487.80
2024-08-30 23:00:00,1621.82,686.86,-2450.21,665.26,-6.79,-365.40
2024-08-31 00:00:00,1621.79,686.73,-2485.49,676.53,-16.14,-287.50
2024-08-31 01:00:00,1621.87,686.75,-2450.30,346.34,404.13,-247.10
2024-08-31 02:00:00,1621.88,686.73,-2512.36,663.47,153.32,-249.90
2024-08-31 03:00:00,1621.71,686.80,-2495.89,143.15,704.60,-298.90
2024-08-31 04:00:00,1612.80,686.69,-2555.40,470.58,681.14,-477.20
2024-08-31 05:00:00,1507.82,686.71,-2456.56,574.04,403.45,-350.60
2024-08-31 06:00:00,1612.64,686.61,-2252.82,570.06,-159.98,-422.50
2024-08-31 07:00:00,1569.52,686.86,-2533.31,672.76,-706.72,-139.00
2024-08-31 08:00:00,793.25,681.69,-1770.75,544.18,-832.21,144.90
2024-08-31 09:00:00,425.72,568.43,-667.82,62.88,-994.23,359.30
2024-08-31 10:00:00,167.29,6.36,655.40,669.71,-997.99,-113.00
2024-08-31 11:00:00,329.69,-572.08,1905.09,683.23,-997.85,-393.00
2024-08-31 12:00:00,306.19,-494.16,1523.35,683.36,-996.34,-11.20
2024-08-31 13:00:00,719.89,85.29,-554.16,683.11,-902.20,302.50
2024-08-31 14:00:00,1239.34,648.51,-1948.19,671.11,-131.30,-152.40
2024-08-31 15:00:00,1579.92,686.45,-1499.64,666.16,-719.37,-424.10
2024-08-31 16:00:00,1450.06,686.50,-1841.83,441.31,425.45,-182.30
2024-08-31 17:00:00,1461.05,686.60,-2266.29,560.68,891.22,-92.40
2024-08-31 18:00:00,1610.10,686.54,-1905.49,149.39,718.32,12.50
2024-08-31 19:00:00,1620.58,686.65,-541.06,-521.64,-24.72,-0.30
2024-08-31 20:00:00,1620.77,686.62,-1066.91,-79.87,19.09,8.70
2024-08-31 21:00:00,1621.04,686.62,-384.23,-689.26,-136.37,72.80
2024-08-31 22:00:00,1621.06,686.52,-887.49,-703.27,340.28,-1.40
2024-08-31 23:00:00,1621.14,686.56,-933.69,-702.75,402.96,-140.60
2024-09-01 00:00:00,1620.94,686.50,-1185.95,-668.85,597.29,-144.20
2024-09-01 01:00:00,1621.20,686.68,-1334.15,-480.30,1001.30,-562.90
2024-09-01 02:00:00,1621.11,686.68,-1362.43,-698.19,1063.30,-493.60
2024-09-01 03:00:00,1620.92,686.60,-1093.39,-703.00,927.70,-584.70
2024-09-01 04:00:00,1613.96,686.64,-1032.44,-703.09,954.09,-598.00
2024-09-01 05:00:00,1501.10,686.62,-831.41,-703.00,764.75,-468.50
2024-09-01 06:00:00,1241.78,686.48,-608.63,-702.95,226.26,-255.00
2024-09-01 07:00:00,1137.27,659.67,191.33,-702.67,-953.38,34.90
2024-09-01 08:00:00,671.52,237.60,842.13,-693.12,-1107.98,326.20
2024-09-01 09:00:00,270.20,-305.02,2279.42,-220.94,-1000.66,-40.90
2024-09-01 10:00:00,-60.40,-113.85,2344.67,161.36,-997.91,-53.20
2024-09-01 11:00:00,-278.20,-445.20,2461.17,548.20,-997.85,-162.60
2024-09-01 12:00:00,105.50,-566.24,2512.88,676.07,-997.71,-279.80
2024-09-01 13:00:00,355.80,-362.57,1628.09,450.06,-1006.54,0.30
2024-09-01 14:00:00,918.80,212.43,1003.16,-227.72,-1444.07,80.80
2024-09-01 15:00:00,1176.50,657.02,1483.33,-688.52,-1450.26,-489.50
2024-09-01 16:00:00,1590.49,686.28,1055.34,-694.45,-1270.04,-509.00
2024-09-01 17:00:00,1560.62,686.19,131.30,-307.27,-637.89,-517.50
2024-09-01 18:00:00,1616.27,686.29,15.16,-694.00,-255.93,-362.70
2024-09-01 19:00:00,1620.82,686.20,456.91,-702.86,-949.28,-170.10
2024-09-01 20:00:00,1620.98,688.89,365.13,-702.98,-1075.59,-380.00
2024-09-01 21:00:00,1621.07,674.79,479.77,-701.39,-1062.18,-475.50
2024-09-01 22:00:00,1621.12,502.92,-255.22,-622.23,-366.11,-431.40
2024-09-01 23:00:00,1621.01,533.40,-226.39,-701.19,-491.38,-488.40
2024-09-02 00:00:00,1621.11,533.31,-648.71,-702.84,-308.58,-221.80
2024-09-02 01:00:00,1621.00,496.34,-672.85,-695.53,-176.09,-232.60
2024-09-02 02:00:00,1620.61,582.85,-1004.62,-323.78,-119.68,-254.80
2024-09-02 03:00:00,1619.41,632.09,-1776.59,280.35,264.99,-392.70
2024-09-02 04:00:00,1603.39,683.61,-1991.38,-34.51,1002.08,-292.80
2024-09-02 05:00:00,1410.23,681.22,-741.91,-635.31,679.95,-440.00
2024-09-02 06:00:00,1557.89,579.87,-648.31,-351.65,92.96,-410.20
2024-09-02 07:00:00,1619.25,482.70,-483.76,-33.05,-680.93,-368.50
2024-09-02 08:00:00,1597.44,167.95,-637.00,27.28,-698.83,-241.90
2024-09-02 09:00:00,1312.99,72.73,-32.83,-228.59,-698.74,-546.50
2024-09-02 10:00:00,1143.85,585.29,-30.50,-691.90,-698.63,-585.50
2024-09-02 11:00:00,780.90,630.04,-125.27,-702.29,-698.54,-366.10
2024-09-02 12:00:00,892.52,633.19,-55.86,-702.43,-698.62,-529.80
2024-09-02 13:00:00,954.75,674.04,32.62,-690.51,-707.49,-568.60
2024-09-02 14:00:00,1582.81,685.65,-850.08,-91.52,-1122.39,-461.50
2024-09-02 15:00:00,1621.04,686.75,-2066.92,285.05,-155.14,-268.60
2024-09-02 16:00:00,1620.99,686.78,-2440.69,-380.51,1029.16,-310.90
2024-09-02 17:00:00,1620.90,686.59,-2427.00,-696.08,1068.40,-54.20
2024-09-02 18:00:00,1620.78,686.74,-2117.07,-702.80,1041.25,-485.80
2024-09-02 19:00:00,1620.80,686.78,-1465.04,-702.85,-77.58,-322.20
2024-09-02 20:00:00,1620.90,686.71,-1059.83,-703.03,-922.67,-27.60
2024-09-02 21:00:00,1620.99,686.72,-931.37,-700.75,-1172.16,-77.20
2024-09-02 22:00:00,1620.73,686.21,-1964.46,-589.94,-212.99,-16.50
2024-09-02 23:00:00,1620.96,686.28,-2069.30,-338.30,-327.29,-48.60
2024-09-03 00:00:00,1620.93,686.21,-2052.40,-395.89,-228.07,3.10
2024-09-03 01:00:00,1621.23,686.39,-2323.18,-149.96,-150.37,-181.90
2024-09-03 02:00:00,1482.76,686.57,-2312.28,-604.52,454.49,-380.30
2024-09-03 03:00:00,1203.61,686.60,-2477.54,-698.16,800.26,-226.30
2024-09-03 04:00:00,1319.30,686.65,-2529.13,-612.22,1062.14,-402.70
2024-09-03 05:00:00,1449.62,686.79,-2450.16,-447.71,1063.86,-494.90
2024-09-03 06:00:00,1441.84,686.82,-2392.86,-94.21,806.99,-490.50
2024-09-03 07:00:00,1532.60,686.77,-2222.44,440.09,-224.07,-121.10
2024-09-03 08:00:00,1621.53,672.54,-981.25,-210.01,-969.76,5.00
2024-09-03 09:00:00,1602.85,686.45,-566.94,-659.81,-941.33,108.10
2024-09-03 10:00:00,1490.50,686.36,-681.09,-337.83,-996.00,199.50
2024-09-03 11:00:00,1621.37,686.48,-587.96,-662.71,-997.69,259.00
2024-09-03 12:00:00,1602.91,686.70,-590.60,-700.81,-978.75,387.60
2024-09-03 13:00:00,1347.78,686.62,-756.28,-619.47,-621.98,371.00
2024-09-03 14:00:00,1328.25,686.77,-1931.76,42.58,356.70,176.20
2024-09-03 15:00:00,1287.26,686.72,-1850.18,-208.83,1053.11,-84.90
2024-09-03 16:00:00,1372.49,686.85,-2370.63,444.80,1068.40,-230.20
2024-09-03 17:00:00,1427.31,686.97,-2428.77,256.26,1068.12,-102.10
2024-09-03 18:00:00,929.42,686.90,-1741.27,-156.07,1068.03,59.60
2024-09-03 19:00:00,1212.77,686.96,-2465.68,336.62,1064.10,-78.20
2024-09-03 20:00:00,1252.65,687.00,-2383.27,671.23,868.92,-328.20
2024-09-03 21:00:00,1596.73,686.85,-2413.20,402.27,954.93,-388.80
2024-09-03 22:00:00,1621.21,686.92,-2322.74,413.23,665.67,-183.00
2024-09-03 23:00:00,1621.22,686.92,-2333.84,347.00,935.11,-278.10
2024-09-04 00:00:00,1621.28,686.84,-2301.16,570.29,963.99,-318.80
2024-09-04 01:00:00,1621.62,687.16,-2330.14,679.13,1047.71,-421.20
2024-09-04 02:00:00,1621.65,687.22,-2353.96,681.28,1048.97,-429.80
2024-09-04 03:00:00,1621.65,687.12,-2344.12,683.58,1067.32,-426.20
2024-09-04 04:00:00,1603.31,687.11,-2277.59,669.55,1067.76,-241.50
2024-09-04 05:00:00,1360.09,679.52,-2073.22,681.24,1061.94,71.50
2024-09-04 06:00:00,1602.80,613.36,-1951.69,547.30,736.91,75.90
2024-09-04 07:00:00,1621.76,681.20,-632.66,203.71,-307.59,-165.70
2024-09-04 08:00:00,1621.99,686.55,346.21,-476.49,-571.24,-276.20
2024-09-04 09:00:00,1621.87,686.77,8.73,-624.13,-165.63,-140.60
2024-09-04 10:00:00,1619.84,686.58,-923.64,-695.07,-106.18,426.10
2024-09-04 11:00:00,1482.46,686.71,-902.23,-394.31,-147.95,447.00
2024-09-04 12:00:00,1562.27,686.70,-1693.10,-60.52,-2.95,492.40
2024-09-04 13:00:00,1574.10,687.22,-1308.16,-257.53,-70.47,513.20
2024-09-04 14:00:00,1567.11,687.04,-2108.64,406.45,227.04,309.80
2024-09-04 15:00:00,1387.02,687.18,-2380.85,577.91,814.23,102.70
2024-09-04 16:00:00,1377.03,686.86,-2497.86,339.42,975.36,296.60
2024-09-04 17:00:00,1230.89,686.80,-2373.88,157.02,859.93,341.30
2024-09-04 18:00:00,1173.55,686.70,-1930.84,482.96,-278.68,551.10
2024-09-04 19:00:00,1499.40,686.75,-2367.14,84.19,10.05,523.30
2024-09-04 20:00:00,1468.83,686.73,-2401.19,-476.66,247.12,582.70
2024-09-04 21:00:00,1610.66,686.76,-2183.63,-489.65,-213.03,584.90
2024-09-04 22:00:00,1612.78,686.66,-1505.41,-514.11,-713.90,562.60
2024-09-04 23:00:00,1522.63,686.66,-1285.57,-492.42,-801.24,417.60
2024-09-05 00:00:00,1614.42,686.72,-1109.84,-625.42,-919.69,278.30
2024-09-05 01:00:00,1621.84,686.67,-1227.72,-629.54,-919.15,276.90
2024-09-05 02:00:00,1621.70,686.74,-1449.30,-620.70,-706.56,204.70
2024-09-05 03:00:00,1621.67,686.72,-1262.65,-565.96,-925.43,137.50
2024-09-05 04:00:00,1565.80,686.70,-1149.04,-403.87,-710.00,41.20
2024-09-05 05:00:00,1615.16,686.99,-453.52,-621.73,-1050.12,18.60
2024-09-05 06:00:00,1595.40,686.69,46.68,-701.13,-1445.28,-162.70
2024-09-05 07:00:00,1342.94,659.59,11.17,-702.63,-1454.00,-86.60
2024-09-05 08:00:00,902.93,311.92,157.57,-699.14,-1445.35,98.90
2024-09-05 09:00:00,452.70,-268.04,1071.75,-526.67,-1008.20,148.20
2024-09-05 10:00:00,4.30,-600.32,2074.79,31.32,-997.88,-23.10
2024-09-05 11:00:00,-341.34,-675.41,2363.09,619.92,-997.81,-123.80
2024-09-05 12:00:00,-696.61,-458.86,2431.19,374.30,-997.85,-229.60
2024-09-05 13:00:00,-337.81,-279.38,2426.57,60.49,-997.75,-157.10
2024-09-05 14:00:00,105.76,-240.16,1617.35,-154.22,-1006.57,-124.70
2024-09-05 15:00:00,553.57,393.62,278.07,-690.51,-1443.36,281.30
2024-09-05 16:00:00,1073.85,669.80,-18.90,-702.69,-1453.80,275.00
2024-09-05 17:00:00,1364.26,686.62,-43.11,-702.92,-1453.96,62.90
2024-09-05 18:00:00,1285.01,686.49,-60.94,-702.94,-1454.48,14.70
2024-09-05 19:00:00,827.02,685.97,-43.01,-703.03,-1454.54,185.10
2024-09-05 20:00:00,728.52,609.76,-2.04,-703.03,-1454.42,235.80
2024-09-05 21:00:00,334.90,679.50,-155.15,-703.04,-1454.62,524.00
2024-09-05 22:00:00,-19.42,685.18,0.97,-703.00,-1454.40,582.20
2024-09-05 23:00:00,87.49,685.16,-16.04,-702.89,-1446.75,574.10
2024-09-06 00:00:00,112.98,685.31,-26.47,-702.89,-1454.46,508.50
2024-09-06 01:00:00,-103.33,685.17,-30.50,-702.91,-1454.43,565.50
2024-09-06 02:00:00,-114.83,685.25,-12.33,-702.86,-1454.40,493.90
2024-09-06 03:00:00,42.97,685.33,-22.82,-702.83,-1454.29,386.00
2024-09-06 04:00:00,690.90,685.47,-16.08,-702.61,-1454.23,2.40
2024-09-06 05:00:00,1088.42,685.30,-27.39,-702.80,-1454.31,-135.40
2024-09-06 06:00:00,1007.52,685.38,-5.75,-702.62,-1454.21,-130.30
2024-09-06 07:00:00,539.90,686.27,63.23,-702.69,-1454.21,-50.80
2024-09-06 08:00:00,156.09,686.41,-38.36,-696.10,-1453.99,218.10
2024-09-06 09:00:00,-332.03,686.78,-183.70,-388.99,-1453.97,341.30
2024-09-06 10:00:00,-705.54,686.71,200.79,-695.23,-1453.87,529.40
2024-09-06 11:00:00,-939.43,683.23,326.08,-702.41,-1453.65,542.60
2024-09-06 12:00:00,-880.04,625.82,296.96,-702.43,-1453.50,550.20
2024-09-06 13:00:00,-597.32,485.49,385.21,-702.78,-1453.48,551.20
2024-09-06 14:00:00,146.92,424.76,363.32,-702.59,-1446.86,516.00
2024-09-06 15:00:00,907.02,550.69,2.97,-702.61,-1453.41,-183.60
2024-09-06 16:00:00,1272.23,673.51,84.54,-702.59,-1453.68,-250.80
2024-09-06 17:00:00,1585.10,686.11,-43.79,-702.91,-1454.09,-86.50
2024-09-06 18:00:00,1570.77,686.15,-43.03,-703.01,-1453.35,-233.30
2024-09-06 19:00:00,1456.18,686.26,-468.87,-702.86,-1407.64,188.00
2024-09-06 20:00:00,1616.82,686.29,-786.95,-701.58,-1448.77,471.10
2024-09-06 21:00:00,1593.99,686.35,-1291.38,-640.26,-1305.70,494.40
2024-09-06 22:00:00,1239.28,686.30,-910.79,-698.52,-1195.59,441.90
2024-09-06 23:00:00,1496.83,686.36,-1120.92,-644.74,-991.38,306.50
2024-09-07 00:00:00,1173.30,686.24,-1312.24,-259.46,-940.31,307.60
2024-09-07 01:00:00,1344.65,686.28,-1698.39,-195.77,-633.72,196.60
2024-09-07 02:00:00,1435.11,686.41,-1521.16,-605.67,-352.52,130.70
2024-09-07 03:00:00,1576.00,686.31,-1265.61,-697.92,-495.87,41.80
2024-09-07 04:00:00,1618.88,686.29,-1875.36,-696.40,74.07,69.70
2024-09-07 05:00:00,1621.40,686.32,-1156.05,-392.48,-472.75,-167.30
2024-09-07 06:00:00,1621.70,686.30,-588.89,-670.73,-759.02,-80.10
2024-09-07 07:00:00,1592.40,686.31,-590.94,-701.39,-992.80,107.60
2024-09-07 08:00:00,1018.75,686.30,-256.55,-663.79,-998.23,90.50
2024-09-07 09:00:00,714.72,686.39,-283.64,-597.37,-997.94,138.40
2024-09-07 10:00:00,90.30,677.02,-162.08,-521.32,-997.99,374.40
2024-09-07 11:00:00,-515.39,536.52,268.37,22.77,-997.91,455.00
2024-09-07 12:00:00,62.12,466.55,-278.33,291.97,-997.92,247.10
2024-09-07 13:00:00,486.51,671.40,-1305.31,463.45,-997.82,257.30
2024-09-07 14:00:00,1229.32,686.63,-1769.70,602.76,-997.89,15.60
2024-09-07 15:00:00,1580.27,686.71,-1751.61,658.06,-980.83,67.10
2024-09-07 16:00:00,1531.49,686.72,-1897.24,505.28,-116.49,-20.20
2024-09-07 17:00:00,1615.70,686.64,-1685.70,-89.12,741.60,-289.30
2024-09-07 18:00:00,1606.62,686.64,-1806.80,529.27,-196.03,12.70
2024-09-07 19:00:00,1454.51,686.75,-446.70,-73.31,-854.32,21.50
2024-09-07 20:00:00,1611.47,686.82,-1125.90,381.19,-933.52,26.70
2024-09-07 21:00:00,1622.11,686.70,-794.67,-281.02,-764.70,60.30
2024-09-07 22:00:00,1622.12,686.73,-152.15,-629.46,-993.12,26.00
2024-09-07 23:00:00,1622.15,686.70,-37.87,-666.18,-998.51,12.90
2024-09-08 00:00:00,1622.38,686.75,-87.21,-621.36,-997.52,-0.30
2024-09-08 01:00:00,1622.01,686.70,-111.05,-701.02,-946.73,-0.30
2024-09-08 02:00:00,1617.25,686.78,-177.41,-702.91,-883.42,14.70
2024-09-08 03:00:00,1621.62,686.68,-970.15,-687.48,-176.81,-2.00
2024-09-08 04:00:00,1617.42,686.59,-1067.65,-496.06,-320.48,-15.40
2024-09-08 05:00:00,1599.82,686.61,-470.88,-689.22,-739.09,2.30
2024-09-08 06:00:00,1601.24,686.59,-833.23,-236.45,-992.73,22.60
2024-09-08 07:00:00,1289.11,686.66,-1049.76,147.21,-998.28,-4.00
2024-09-08 08:00:00,845.34,678.41,-1185.91,69.08,-998.28,451.50
2024-09-08 09:00:00,323.42,539.31,-558.65,621.18,-998.10,375.30
2024-09-08 10:00:00,-61.40,198.13,751.25,634.98,-998.00,-159.60
2024-09-08 11:00:00,86.30,-105.33,851.52,600.15,-997.75,-185.40
2024-09-08 12:00:00,231.74,226.43,-355.90,681.16,-997.95,166.20
2024-09-08 13:00:00,720.03,656.63,-1907.53,648.61,-997.63,422.90
2024-09-08 14:00:00,1047.69,686.20,-1806.28,682.91,-950.23,230.80
2024-09-08 15:00:00,1545.51,686.22,-2469.16,672.25,219.75,-169.90
2024-09-08 16:00:00,1286.79,686.21,-2048.99,230.09,984.42,-371.20
2024-09-08 17:00:00,1520.79,686.12,-1807.59,-13.29,1053.93,-500.80
2024-09-08 18:00:00,1596.56,686.30,-1329.61,-525.10,704.61,-258.20
2024-09-08 19:00:00,1603.60,686.10,-1094.46,-699.25,503.57,-193.80
2024-09-08 20:00:00,1617.39,686.36,-1193.28,-693.28,455.19,-111.90
2024-09-08 21:00:00,1609.61,686.23,-536.05,-548.61,-331.58,3.40
2024-09-08 22:00:00,1520.52,686.29,-905.98,50.47,-255.52,35.00
2024-09-08 23:00:00,1618.92,686.90,-1256.96,208.33,-60.33,44.80
2024-09-09 00:00:00,1621.40,686.24,-681.41,-313.39,27.23,-53.30
2024-09-09 01:00:00,1621.32,686.27,-866.17,-662.35,497.91,-17.60
2024-09-09 02:00:00,1621.41,686.35,-1611.79,-428.04,953.69,1.30
2024-09-09 03:00:00,1621.44,686.13,-2299.38,189.20,1065.30,-47.10
2024-09-09 04:00:00,1620.93,666.13,-2367.98,571.30,1074.23,-149.70
2024-09-09 05:00:00,1619.67,373.66,-1988.31,13.00,1397.32,-52.80
2024-09-09 06:00:00,1236.51,352.42,-1509.13,0.00,1404.62,-46.90
2024-09-09 07:00:00,1486.75,352.40,-1609.43,0.00,1400.72,-136.40
2024-09-09 08:00:00,1609.01,352.15,-1399.46,0.00,1217.39,-179.80
2024-09-09 09:00:00,1414.05,348.87,-1450.35,0.00,1314.97,-101.90
2024-09-09 10:00:00,1527.63,302.22,-912.46,0.00,734.46,-105.00
2024-09-09 11:00:00,1620.98,255.38,-325.82,0.00,49.90,-285.60
2024-09-09 12:00:00,1621.02,252.38,-401.93,0.00,154.13,-472.00
2024-09-09 13:00:00,1621.58,255.52,-1436.48,0.00,844.29,-453.40
2024-09-09 14:00:00,1621.34,299.03,-1521.16,0.00,865.09,-536.70
2024-09-09 15:00:00,1621.48,302.11,-1759.32,0.00,755.56,-205.20
2024-09-09 16:00:00,1621.32,302.07,-1667.87,0.00,222.56,94.20
2024-09-09 17:00:00,1621.38,302.08,-955.98,0.00,-879.04,169.70
2024-09-09 18:00:00,1608.76,299.04,-838.25,0.00,-1393.87,40.80
2024-09-09 19:00:00,1109.27,255.42,-647.83,0.00,-1453.07,-7.20
2024-09-09 20:00:00,410.52,249.16,-233.35,0.00,-1454.38,11.80
2024-09-09 21:00:00,773.10,179.95,-1187.62,0.00,-1454.15,257.80
2024-09-09 22:00:00,805.22,46.29,-619.09,0.00,-1454.12,-109.60
2024-09-09 23:00:00,975.91,48.08,-1091.36,0.00,-1454.22,91.30
2024-09-10 00:00:00,976.16,39.21,-857.26,0.00,-1444.81,0.40
2024-09-10 01:00:00,1493.41,38.46,-1305.65,0.00,-964.60,-63.50
2024-09-10 02:00:00,1278.00,38.48,-1934.73,0.00,-10.70,-129.70
2024-09-10 03:00:00,903.94,38.47,-2144.71,0.00,770.79,-271.50
2024-09-10 04:00:00,760.53,38.92,-1652.98,0.00,576.36,-261.60
2024-09-10 05:00:00,1010.93,51.09,-413.58,0.00,-1029.97,-49.60
2024-09-10 06:00:00,872.95,95.57,-47.61,0.00,-1381.22,-116.00
2024-09-10 07:00:00,412.82,51.47,27.91,0.00,-1452.71,-79.00
2024-09-10 08:00:00,-1.49,24.39,96.14,0.00,-1454.07,-112.20
2024-09-10 09:00:00,-79.40,40.41,29.74,0.00,-1451.79,-158.00
2024-09-10 10:00:00,-423.68,25.27,1001.62,0.00,-1341.87,-144.10
2024-09-10 11:00:00,-380.51,-128.35,1872.80,0.00,-1129.18,47.80
2024-09-10 12:00:00,-281.71,-85.09,1806.04,0.00,-1253.29,431.80
2024-09-10 13:00:00,-76.01,-311.52,2093.80,0.00,-1372.65,143.90
2024-09-10 14:00:00,-191.94,16.71,765.23,0.00,-1452.10,22.00
2024-09-10 15:00:00,-260.94,100.88,54.06,0.00,-1453.86,246.80
2024-09-10 16:00:00,47.08,152.43,465.88,0.00,-1454.00,183.80
2024-09-10 17:00:00,290.08,199.28,-66.58,0.00,-1454.17,340.10
2024-09-10 18:00:00,382.28,199.03,-227.37,0.00,-1454.13,472.40
2024-09-10 19:00:00,849.58,155.08,-572.75,0.00,-1454.27,568.50
2024-09-10 20:00:00,493.68,152.10,-396.40,0.00,-1454.47,583.00
2024-09-10 21:00:00,109.67,145.93,8.03,0.00,-1439.12,522.80
2024-09-10 22:00:00,370.39,58.70,-724.74,0.00,-641.73,378.10
2024-09-10 23:00:00,-125.94,97.55,-1153.18,0.00,592.78,272.30
2024-09-11 00:00:00,-173.05,86.35,-1297.60,0.00,1176.89,91.40
2024-09-11 01:00:00,6.45,97.84,-1095.84,0.00,1022.88,2.80
2024-09-11 02:00:00,17.55,54.77,-968.83,0.00,1362.23,-228.60
2024-09-11 03:00:00,500.95,98.55,-1234.86,0.00,1401.33,-353.50
2024-09-11 04:00:00,830.56,100.49,-1001.02,0.00,1398.15,-535.70
2024-09-11 05:00:00,1540.61,148.46,-1372.99,0.00,1082.03,-341.30
2024-09-11 06:00:00,1618.95,151.89,-976.64,0.00,-208.15,387.50
2024-09-11 07:00:00,1600.05,148.65,-1316.90,0.00,-249.83,204.80
2024-09-11 08:00:00,1105.72,104.73,-986.14,0.00,68.01,-245.70
2024-09-11 09:00:00,1482.63,92.45,-1398.63,0.00,473.93,-532.80
2024-09-11 10:00:00,1424.23,101.06,-1506.87,0.00,636.75,-516.90
2024-09-11 11:00:00,1593.76,101.98,-1574.46,0.00,67.15,-342.30
2024-09-11 12:00:00,1338.51,102.11,-1544.13,0.00,467.62,-554.40
2024-09-11 13:00:00,1529.82,86.41,-2026.59,0.00,228.84,-476.50
2024-09-11 14:00:00,1434.52,70.78,-2109.22,0.00,586.40,-490.90
2024-09-11 15:00:00,1421.66,-8.56,-2016.32,0.00,624.70,-403.20
2024-09-11 16:00:00,1252.48,194.98,-2042.87,0.00,957.68,-419.30
2024-09-11 17:00:00,1584.39,202.02,-1984.54,0.00,600.51,-405.10
2024-09-11 18:00:00,1372.51,201.95,-1628.48,0.00,-26.35,-75.50
2024-09-11 19:00:00,1303.73,198.69,-1625.43,0.00,-286.39,-29.70
2024-09-11 20:00:00,1537.87,154.86,-2271.32,0.00,227.24,-161.80
2024-09-11 21:00:00,1612.69,153.16,-2240.72,0.00,-151.81,97.00
2024-09-11 22:00:00,1418.63,170.69,-2240.06,0.00,143.92,126.00
2024-09-11 23:00:00,1439.91,171.84,-2192.19,0.00,496.68,9.10
2024-09-12 00:00:00,1617.86,171.82,-2089.99,0.00,670.33,29.70
2024-09-12 01:00:00,1621.77,173.70,-2197.73,0.00,966.84,-3.10
2024-09-12 02:00:00,1592.74,203.15,-2161.37,0.00,1178.52,-80.90
2024-09-12 03:00:00,1474.76,248.85,-1950.08,0.00,1135.79,-118.60
2024-09-12 04:00:00,1618.16,251.87,-2009.50,0.00,1396.46,-160.40
2024-09-12 05:00:00,1621.25,251.88,-1938.04,0.00,1290.87,24.60
2024-09-12 06:00:00,1621.46,251.81,-1167.04,0.00,385.92,6.90
2024-09-12 07:00:00,1603.00,251.86,-509.05,0.00,-592.43,53.40
2024-09-12 08:00:00,1382.34,241.42,-207.76,0.00,-1017.61,42.50
2024-09-12 09:00:00,1453.59,251.79,-408.38,0.00,-1089.05,33.70
2024-09-12 10:00:00,1340.50,251.88,-22.53,0.00,-1413.99,167.80
2024-09-12 11:00:00,1603.15,251.92,-391.04,0.00,-1251.46,137.30
2024-09-12 12:00:00,1621.72,252.00,-199.28,0.00,-1239.06,88.30
2024-09-12 13:00:00,1617.95,255.27,-653.65,0.00,-513.87,-171.20
2024-09-12 14:00:00,1558.32,298.79,-1772.17,0.00,980.91,-243.00
2024-09-12 15:00:00,1569.64,301.83,-2222.60,0.00,1396.74,-10.40
2024-09-12 16:00:00,1602.77,295.70,-2309.01,0.00,1404.84,-0.90
2024-09-12 17:00:00,1352.27,208.50,-2021.83,0.00,1403.74,-33.70
2024-09-12 18:00:00,1444.90,201.87,-2126.16,0.00,1359.46,5.50
2024-09-12 19:00:00,1609.23,204.73,-2282.23,0.00,1399.33,-170.70
2024-09-12 20:00:00,1622.03,248.75,-2255.94,0.00,1182.18,-195.40
2024-09-12 21:00:00,1621.98,251.84,-1830.33,0.00,453.54,-13.40
2024-09-12 22:00:00,1592.15,251.82,-1745.97,0.00,303.73,-60.40
2024-09-12 23:00:00,1563.79,251.85,-1598.95,0.00,100.31,-0.30
2024-09-13 00:00:00,1427.21,251.84,-1459.12,0.00,-110.19,-0.30
2024-09-13 01:00:00,1466.14,251.83,-1344.55,0.00,-260.71,-0.30
2024-09-13 02:00:00,1428.12,251.86,-1504.63,0.00,-77.18,-0.30
2024-09-13 03:00:00,1345.42,251.79,-1701.15,0.00,296.93,-17.90
2024-09-13 04:00:00,1515.73,251.79,-2371.94,0.00,1190.68,-252.40
2024-09-13 05:00:00,1566.45,251.77,-1548.56,0.00,283.06,-50.10
2024-09-13 06:00:00,1404.60,248.56,-1068.15,0.00,-309.49,20.00
2024-09-13 07:00:00,1199.91,146.98,-329.39,0.00,-1359.94,49.10
2024-09-13 08:00:00,1204.89,103.73,-1102.53,0.00,-1232.78,150.40
2024-09-13 09:00:00,1089.31,199.44,-1347.50,0.00,-1225.32,306.50
2024-09-13 10:00:00,1085.70,201.79,-1407.70,-0.41,-1448.31,317.80
2024-09-13 11:00:00,1461.13,201.82,-1762.95,-8.28,-1446.57,154.60
2024-09-13 12:00:00,1608.39,201.97,-2011.77,-383.61,-1109.99,335.30
2024-09-13 13:00:00,1476.45,198.86,-1367.54,-694.59,-1352.07,271.00
2024-09-13 14:00:00,1314.00,158.27,-1090.63,-702.28,-1442.18,332.30
2024-09-13 15:00:00,1069.80,198.91,-821.09,-702.45,-1007.69,249.00
2024-09-13 16:00:00,1443.68,205.11,-1098.80,-702.64,-997.73,549.50
2024-09-13 17:00:00,1481.52,248.68,-712.27,-702.73,-998.10,384.50
2024-09-13 18:00:00,1611.63,251.83,-692.17,-701.64,-998.14,313.60
2024-09-13 19:00:00,1621.56,248.62,-921.97,-644.21,-998.20,299.60
2024-09-13 20:00:00,1621.68,204.83,-946.26,-602.59,-1001.06,78.00
2024-09-13 21:00:00,1621.52,201.76,-672.03,-700.51,-1140.98,19.60
2024-09-13 22:00:00,1621.63,201.75,-437.14,-702.91,-1447.42,291.00
2024-09-13 23:00:00,1621.79,201.74,-441.51,-703.53,-1454.42,533.30
2024-09-14 00:00:00,1621.71,201.67,-177.38,-702.74,-1450.85,504.00
2024-09-14 01:00:00,1621.51,201.69,-337.70,-693.87,-1272.98,474.40
2024-09-14 02:00:00,1621.75,201.77,-268.74,-696.51,-1248.33,301.20
2024-09-14 03:00:00,1621.58,201.95,-407.38,-648.40,-943.74,192.20
2024-09-14 04:00:00,1621.52,202.09,-234.44,-627.04,-1050.58,239.50
2024-09-14 05:00:00,1621.70,202.22,-259.39,-13.90,-1296.04,115.60
2024-09-14 06:00:00,1621.78,205.45,-405.39,0.01,-1231.35,222.00
2024-09-14 07:00:00,1593.77,252.08,-641.30,0.31,-1304.08,214.10
2024-09-14 08:00:00,1172.05,263.36,-274.34,32.31,-1321.46,1.50
2024-09-14 09:00:00,726.99,-257.43,483.51,621.49,-1236.47,-222.10
2024-09-14 10:00:00,-74.71,-488.97,1497.65,666.85,-384.05,-529.50
2024-09-14 11:00:00,-523.81,-428.24,1651.69,590.52,52.00,-537.90
2024-09-14 12:00:00,-170.11,-429.51,1657.68,649.59,137.12,-540.60
2024-09-14 13:00:00,229.99,-441.76,2080.84,244.52,-302.35,-516.40
2024-09-14 14:00:00,670.79,-207.61,425.12,-10.88,310.60,-158.10
2024-09-14 15:00:00,1112.70,222.44,-65.19,-686.06,527.51,11.60
2024-09-14 16:00:00,1588.60,252.29,-639.70,-626.33,623.14,171.00
2024-09-14 17:00:00,1620.56,252.23,-340.33,-396.73,7.80,124.10
2024-09-14 18:00:00,1620.74,252.11,479.62,-538.81,-629.72,193.50
2024-09-14 19:00:00,1620.68,252.10,566.62,-626.83,-796.95,308.70
2024-09-14 20:00:00,1621.47,252.03,-11.07,-450.13,-295.54,180.50
2024-09-14 21:00:00,1621.12,251.98,62.16,-696.35,33.12,147.40
2024-09-14 22:00:00,1621.18,251.93,-499.09,-643.53,562.77,238.50
2024-09-14 23:00:00,1621.39,251.87,-188.93,-608.04,373.05,138.00
2024-09-15 00:00:00,1621.41,251.78,-463.37,-629.47,106.62,524.30
2024-09-15 01:00:00,1621.51,251.78,-334.06,-630.42,-1.70,572.30
2024-09-15 02:00:00,1621.29,251.70,-444.72,-653.25,51.88,485.50
2024-09-15 03:00:00,1621.39,251.75,-739.68,-687.21,207.13,453.20
2024-09-15 04:00:00,1621.30,251.73,-560.98,-475.82,-8.70,445.80
2024-09-15 05:00:00,1621.11,251.87,-533.97,10.57,-197.59,164.00
2024-09-15 06:00:00,1621.17,252.16,185.70,-1.42,-979.98,351.10
2024-09-15 07:00:00,1593.45,220.45,196.41,2.19,-998.13,511.40
2024-09-15 08:00:00,1172.67,-246.56,1535.60,209.15,-998.05,27.60
2024-09-15 09:00:00,727.09,-432.69,2477.67,673.30,-997.98,-470.20
2024-09-15 10:00:00,280.68,84.70,2432.51,683.56,-997.88,-512.40
2024-09-15 11:00:00,-109.91,209.55,2427.19,683.46,-998.02,-357.50
2024-09-15 12:00:00,278.39,-13.75,2511.86,672.70,-997.92,-404.40
2024-09-15 13:00:00,724.29,-206.50,2496.12,157.20,-997.90,-86.40
2024-09-15 14:00:00,1170.42,223.84,525.88,601.52,-997.96,183.50
2024-09-15 15:00:00,1593.29,298.88,148.73,361.71,-980.10,14.90
2024-09-15 16:00:00,1621.14,301.97,-893.79,582.18,-88.89,-9.80
2024-09-15 17:00:00,1620.99,301.95,-827.72,579.87,-202.06,-91.50
2024-09-15 18:00:00,1621.35,301.89,-525.55,398.97,-274.08,-245.40
2024-09-15 19:00:00,1620.55,300.93,-788.52,652.21,-498.85,-204.50
2024-09-15 20:00:00,1570.03,253.22,-1829.53,649.81,231.62,-4.90
2024-09-15 21:00:00,1428.97,252.05,-753.82,71.84,-248.20,-0.20
2024-09-15 22:00:00,1617.10,252.03,-1320.07,597.62,-213.67,-2.90
2024-09-15 23:00:00,1621.30,252.01,-1226.25,651.02,-96.02,-117.90
2024-09-16 00:00:00,1621.18,252.00,-1231.26,682.63,-101.30,-127.50
2024-09-16 01:00:00,1621.50,251.98,-1257.07,656.42,-67.55,-49.20
2024-09-16 02:00:00,1621.16,251.94,-1419.57,682.67,93.98,-45.40
2024-09-16 03:00:00,1617.42,251.94,-1358.11,658.35,158.73,-59.10
2024-09-16 04:00:00,1432.28,251.92,-2189.96,657.73,1047.56,95.60
2024-09-16 05:00:00,1521.57,251.91,-2142.58,636.76,1067.70,47.70
2024-09-16 06:00:00,1590.71,251.93,-2101.08,259.04,1063.64,160.90
2024-09-16 07:00:00,1256.38,251.96,-2026.70,672.10,842.85,26.00
2024-09-16 08:00:00,1365.70,251.95,-1454.41,569.36,101.33,-2.00
2024-09-16 09:00:00,1431.36,252.03,-1363.62,680.27,-198.43,-28.50
2024-09-16 10:00:00,1609.08,252.13,-1652.86,682.62,-316.35,85.30
2024-09-16 11:00:00,1621.77,252.21,-2030.64,681.67,-414.16,527.60
2024-09-16 12:00:00,1621.69,252.27,-2556.36,641.19,126.26,454.40
2024-09-16 13:00:00,1621.77,252.29,-2344.40,682.67,98.08,73.00
2024-09-16 14:00:00,1621.56,252.31,-2454.28,683.47,350.01,-109.00
2024-09-16 15:00:00,1621.27,252.30,-2496.23,677.27,800.26,-238.90
2024-09-16 16:00:00,1621.71,252.25,-2464.67,370.50,827.21,40.40
2024-09-16 17:00:00,1621.34,252.24,-2393.73,564.80,522.64,117.10
2024-09-16 18:00:00,1621.42,252.26,-2261.82,674.36,303.62,159.30
2024-09-16 19:00:00,1621.68,252.23,-1006.00,654.41,-706.67,237.20
2024-09-16 20:00:00,1621.55,252.14,-587.57,377.87,-797.65,250.40
2024-09-16 21:00:00,1565.33,252.10,-980.26,624.53,-725.22,275.40
2024-09-16 22:00:00,1479.11,252.03,-87.72,123.00,-894.00,165.50
2024-09-16 23:00:00,1525.52,252.15,-819.66,594.11,-768.88,216.70
2024-09-17 00:00:00,1615.49,252.00,-967.91,681.92,-725.85,124.50
2024-09-17 01:00:00,1621.76,251.97,-936.98,683.62,-811.30,176.40
2024-09-17 02:00:00,1622.00,251.93,-1349.04,682.45,-448.03,247.20
2024-09-17 03:00:00,1613.06,251.95,-2050.21,628.36,211.87,297.80
2024-09-17 04:00:00,1478.75,251.90,-2425.11,671.48,859.99,107.50
2024-09-17 05:00:00,1425.56,251.85,-1565.80,154.28,1056.57,-297.80
2024-09-17 06:00:00,1410.19,251.86,-1550.64,288.26,673.50,-23.10
2024-09-17 07:00:00,1228.98,251.87,-198.01,482.24,-853.48,-47.00
2024-09-17 08:00:00,1140.38,251.94,-429.47,618.88,-799.94,-82.80
2024-09-17 09:00:00,1322.60,251.91,-746.43,579.03,-978.28,0.30
2024-09-17 10:00:00,1515.84,251.95,-1061.35,536.82,-997.63,109.30
2024-09-17 11:00:00,1590.47,248.63,-874.62,484.17,-997.88,76.60
2024-09-17 12:00:00,1269.35,203.40,-564.52,286.24,-997.67,527.30
2024-09-17 13:00:00,1596.45,248.74,-1185.18,569.59,-995.11,574.90
2024-09-17 14:00:00,1622.20,252.22,-1238.21,592.48,-837.51,535.20
2024-09-17 15:00:00,1622.19,250.20,-1614.28,679.94,123.25,246.20
2024-09-17 16:00:00,1622.39,220.63,-1889.99,602.78,937.74,-283.50
2024-09-17 17:00:00,1622.14,248.05,-1465.94,644.26,548.06,-357.50
2024-09-17 18:00:00,1622.24,250.06,-304.81,595.34,-763.08,-182.60
2024-09-17 19:00:00,1622.38,251.65,-115.88,515.20,-991.76,-77.20
2024-09-17 20:00:00,1622.34,252.17,-230.25,665.46,-872.24,-100.50
2024-09-17 21:00:00,1622.41,248.89,-156.29,509.17,-988.36,49.30
2024-09-17 22:00:00,1622.35,205.15,-269.62,486.70,-669.17,-76.00
2024-09-17 23:00:00,1622.36,202.03,-844.38,643.59,-144.00,-126.50
2024-09-18 00:00:00,1622.59,202.00,-1177.92,597.29,172.82,-104.80
2024-09-18 01:00:00,1622.45,201.97,-1279.61,645.42,129.98,-93.20
2024-09-18 02:00:00,1622.61,201.94,-1566.86,658.87,255.20,-26.20
2024-09-18 03:00:00,1622.64,205.15,-1806.08,585.44,621.95,-51.70
2024-09-18 04:00:00,1622.61,248.74,-2153.39,678.03,1058.04,-125.70
2024-09-18 05:00:00,1607.53,248.59,-1866.01,514.21,1057.49,-58.70
2024-09-18 06:00:00,1382.14,201.66,-1062.06,477.36,522.63,-148.20
2024-09-18 07:00:00,1311.72,154.74,546.84,-139.26,-620.78,-64.10
2024-09-18 08:00:00,1366.32,148.45,989.96,-482.01,-990.32,-31.80
2024-09-18 09:00:00,1189.73,104.93,416.43,-374.65,-998.11,459.20
2024-09-18 10:00:00,1256.81,69.57,813.91,-446.56,-998.05,193.90
2024-09-18 11:00:00,597.00,-387.19,1720.92,229.97,-997.88,-42.70
2024-09-18 12:00:00,166.40,-343.81,2311.03,674.09,-997.87,-494.20
2024-09-18 13:00:00,686.09,-346.51,1515.46,681.51,-997.72,-319.90
2024-09-18 14:00:00,1200.41,121.36,68.03,586.09,-964.82,-85.80
2024-09-18 15:00:00,1594.07,202.54,-1261.35,559.17,167.99,-112.80
2024-09-18 16:00:00,1621.22,249.19,-1105.16,335.20,151.86,124.60
2024-09-18 17:00:00,1621.00,252.13,-736.71,-2.80,157.58,-60.20
2024-09-18 18:00:00,1621.08,248.87,-700.54,47.66,-75.12,-109.80
2024-09-18 19:00:00,1621.15,205.19,-415.47,574.71,-834.78,-122.30
2024-09-18 20:00:00,1621.26,202.12,-333.96,663.53,-947.28,-18.00
2024-09-18 21:00:00,1621.33,198.84,-516.06,675.36,-993.94,111.40
2024-09-18 22:00:00,1621.27,175.71,-78.80,402.14,-826.89,-48.80
2024-09-18 23:00:00,1621.38,198.75,289.79,-72.66,-841.30,25.00
2024-09-19 00:00:00,1621.59,154.80,482.41,-483.13,-994.61,386.20
2024-09-19 01:00:00,1621.61,151.79,441.53,-490.06,-996.60,454.90
2024-09-19 02:00:00,1621.52,155.02,378.62,-390.27,-905.19,286.60
2024-09-19 03:00:00,1621.47,202.09,-747.93,6.83,-79.50,230.30
2024-09-19 04:00:00,1621.69,248.74,-1768.63,96.53,1037.35,133.20
2024-09-19 05:00:00,1597.14,251.77,-2133.90,641.65,1063.29,99.20
2024-09-19 06:00:00,1397.16,248.61,-1143.82,127.21,799.36,74.20
2024-09-19 07:00:00,1371.07,201.65,826.50,-478.64,-783.69,28.60
2024-09-19 08:00:00,1305.61,154.88,407.89,-482.71,-994.62,520.30
2024-09-19 09:00:00,1002.86,114.37,29.79,-31.32,-998.00,464.10
2024-09-19 10:00:00,701.00,-415.88,861.49,488.96,-997.78,230.90
2024-09-19 11:00:00,107.19,-407.92,2191.27,592.15,-997.74,-520.30
2024-09-19 12:00:00,76.19,-398.48,2288.71,609.98,-997.78,-507.50
2024-09-19 13:00:00,708.39,-235.70,924.10,617.56,-997.72,70.20
2024-09-19 14:00:00,1170.05,176.77,-673.13,656.26,-991.21,541.30
2024-09-19 15:00:00,1592.52,249.10,-1067.71,593.82,-662.20,361.00
2024-09-19 16:00:00,1620.95,252.13,-1008.77,552.00,-635.50,327.60
2024-09-19 17:00:00,1621.10,252.15,-574.64,249.13,-554.14,165.70
2024-09-19 18:00:00,1621.18,252.17,-91.73,-106.72,-988.08,180.60
2024-09-19 19:00:00,1621.27,248.99,-725.54,172.97,-998.43,376.10
2024-09-19 20:00:00,1621.28,205.16,-230.21,-308.81,-998.44,506.90
2024-09-19 21:00:00,1621.19,216.19,-36.42,-425.87,-998.46,484.20
2024-09-19 22:00:00,1621.41,413.46,-785.39,152.23,-998.39,528.90
2024-09-19 23:00:00,1621.29,427.56,-601.37,-78.67,-998.53,462.80
2024-09-20 00:00:00,1621.51,427.59,-223.00,-367.36,-998.28,397.00
2024-09-20 01:00:00,1621.53,427.56,-789.85,175.89,-998.13,436.70
2024-09-20 02:00:00,1621.76,424.46,-756.14,192.48,-962.26,454.30
2024-09-20 03:00:00,1621.51,376.10,-2014.02,615.59,36.29,419.10
2024-09-20 04:00:00,1621.77,281.93,-2165.41,260.61,997.19,226.60
2024-09-20 05:00:00,1622.54,225.66,-1420.01,174.44,1028.93,31.40
2024-09-20 06:00:00,1622.56,229.65,-666.41,543.80,-269.59,390.70
2024-09-20 07:00:00,1596.21,343.81,-160.81,299.70,-982.25,513.70
2024-09-20 08:00:00,1248.97,422.05,17.95,335.12,-997.99,550.90
2024-09-20 09:00:00,755.50,374.39,175.92,524.23,-997.98,417.20
2024-09-20 10:00:00,299.50,-252.57,2271.67,181.92,-998.13,-469.80
2024-09-20 11:00:00,-106.00,-375.41,2331.25,668.22,-997.85,-303.70
2024-09-20 12:00:00,86.50,-353.77,2437.78,474.90,-997.84,-531.10
2024-09-20 13:00:00,452.10,-92.29,1523.17,233.00,-1001.62,-258.20
2024-09-20 14:00:00,1226.03,450.64,187.55,-348.72,-1184.15,326.10
2024-09-20 15:00:00,1598.81,436.24,-520.89,30.38,-745.15,85.10
2024-09-20 16:00:00,1621.70,421.78,-141.26,-403.33,-355.95,47.90
2024-09-20 17:00:00,1621.45,306.07,92.43,-627.05,-171.44,-149.80
2024-09-20 18:00:00,1621.48,227.32,298.54,-697.56,-439.68,-146.90
2024-09-20 19:00:00,1621.66,229.65,640.71,-694.73,-1057.12,44.20
2024-09-20 20:00:00,1621.63,344.06,86.63,-306.51,-983.79,-68.10
2024-09-20 21:00:00,1622.07,405.76,269.42,-524.72,-947.20,-51.90
2024-09-20 22:00:00,1622.06,169.34,628.16,-638.25,-898.19,19.40
2024-09-20 23:00:00,1622.17,151.94,366.32,-410.42,-827.19,-12.90
2024-09-21 00:00:00,1621.96,151.93,490.55,-384.38,-917.88,-69.70
2024-09-21 01:00:00,1622.06,151.91,384.88,-346.33,-942.20,31.70
2024-09-21 02:00:00,1622.18,151.90,170.44,-358.41,-712.01,34.20
2024-09-21 03:00:00,1622.07,155.11,276.51,-693.72,-450.32,43.50
2024-09-21 04:00:00,1621.96,198.98,32.31,-618.29,-181.59,2.90
2024-09-21 05:00:00,1613.97,204.67,-44.04,-622.85,36.73,14.60
2024-09-21 06:00:00,1529.23,248.81,441.04,-700.79,-341.43,24.90
2024-09-21 07:00:00,1315.93,235.21,406.98,-689.81,-690.86,381.00
2024-09-21 08:00:00,780.99,4.83,354.97,-73.89,-698.72,410.60
2024-09-21 09:00:00,451.99,-182.17,581.99,56.67,-698.81,385.30
2024-09-21 10:00:00,-28.61,-324.23,848.20,669.49,-698.68,115.00
2024-09-21 11:00:00,-311.71,-240.56,1102.60,642.15,-698.66,172.50
2024-09-21 12:00:00,-11.41,-300.62,1039.16,678.17,-698.60,18.10
2024-09-21 13:00:00,83.99,-273.97,870.81,481.14,-704.40,19.50
2024-09-21 14:00:00,1100.47,170.73,-539.54,508.65,-974.62,183.50
2024-09-21 15:00:00,1594.46,202.82,-1369.78,583.88,-130.24,-32.90
2024-09-21 16:00:00,1622.85,202.79,-1611.40,-72.83,1030.95,25.70
2024-09-21 17:00:00,1622.61,202.76,-940.18,-650.03,994.27,1.50
2024-09-21 18:00:00,1622.27,199.57,-216.16,-302.24,-267.28,4.60
2024-09-21 19:00:00,1622.39,155.61,-342.15,-150.99,-505.00,78.50
2024-09-21 20:00:00,1622.74,152.50,-198.26,-465.85,-326.23,-56.20
2024-09-21 21:00:00,1622.73,158.43,-31.44,-408.03,-667.16,-34.80
2024-09-21 22:00:00,1622.58,245.94,-14.35,-210.96,-821.28,-186.40
2024-09-21 23:00:00,1623.32,252.38,-67.71,-362.45,-530.18,-153.00
2024-09-22 00:00:00,1622.97,252.39,-1071.81,259.89,-357.62,-28.80
2024-09-22 01:00:00,1620.15,252.39,-563.48,-192.34,-200.81,-255.40
2024-09-22 02:00:00,1619.70,249.13,-803.29,-70.36,-107.69,-205.60
2024-09-22 03:00:00,1622.56,202.29,-202.25,-674.22,-72.78,-128.90
2024-09-22 04:00:00,1622.49,155.23,-530.03,-644.24,272.47,-14.30
2024-09-22 05:00:00,1622.68,155.50,-456.11,-599.08,234.33,-19.10
2024-09-22 06:00:00,1622.73,202.60,-777.80,7.74,-149.81,-14.30
2024-09-22 07:00:00,1595.01,249.25,-39.94,-591.17,-978.68,393.30
2024-09-22 08:00:00,1173.28,252.34,77.75,-444.50,-998.04,484.40
2024-09-22 09:00:00,728.52,246.21,490.66,-589.94,-997.89,463.90
2024-09-22 10:00:00,295.60,149.18,1113.40,-551.08,-997.96,295.20
2024-09-22 11:00:00,-74.40,31.68,1176.71,-50.35,-997.88,-227.60
2024-09-22 12:00:00,317.70,-209.85,1180.72,-82.36,-997.70,-278.70
2024-09-22 13:00:00,771.11,220.68,404.81,29.31,-997.76,93.60
2024-09-22 14:00:00,1290.27,252.89,-578.72,463.97,-962.62,156.60
2024-09-22 15:00:00,1599.68,249.59,-846.68,-34.25,251.17,7.60
2024-09-22 16:00:00,1622.21,202.67,-865.41,-621.15,974.70,39.10
2024-09-22 17:00:00,1622.11,155.74,-388.29,-646.89,839.07,-131.00
2024-09-22 18:00:00,1621.99,155.95,-769.14,-354.85,799.93,-194.70
2024-09-22 19:00:00,1622.06,202.93,-1464.69,178.34,595.60,-97.10
2024-09-22 20:00:00,1622.23,249.51,-1468.65,132.91,597.92,-66.60
2024-09-22 21:00:00,1622.04,246.40,-1475.60,153.31,492.18,-79.10
2024-09-22 22:00:00,1622.08,159.02,-1352.64,169.71,455.07,-20.20
2024-09-22 23:00:00,1622.32,152.39,-1514.98,658.37,274.03,-0.30
2024-09-23 00:00:00,1622.31,152.38,-1565.01,671.64,246.30,-41.40
2024-09-23 01:00:00,1622.13,152.37,-1575.60,579.77,391.08,-93.40
2024-09-23 02:00:00,1622.61,155.55,-1791.12,597.83,651.80,-99.70
2024-09-23 03:00:00,1622.43,199.43,-2252.07,682.28,1058.29,-87.10
2024-09-23 04:00:00,1622.51,203.04,-2124.40,684.02,1067.46,-68.20
2024-09-23 05:00:00,1622.54,246.59,-2162.16,683.92,1068.10,-120.30
2024-09-23 06:00:00,1598.02,247.07,-1622.87,681.43,1042.32,-475.90
2024-09-23 07:00:00,1250.96,200.13,-511.46,567.00,-30.91,-53.90
2024-09-23 08:00:00,1373.85,153.41,-51.76,657.95,-976.47,35.20
2024-09-23 09:00:00,1616.99,150.42,-1021.50,683.06,-997.96,529.00
2024-09-23 10:00:00,1621.96,153.09,-1043.16,683.65,-997.79,252.10
2024-09-23 11:00:00,1617.07,196.85,-1097.38,683.85,-997.85,233.90
2024-09-23 12:00:00,1500.45,200.46,-948.04,683.53,-995.90,369.50
2024-09-23 13:00:00,1621.97,200.49,-1238.05,683.75,-867.38,471.10
2024-09-23 14:00:00,1622.15,203.11,-1398.36,682.21,271.50,-150.40
2024-09-23 15:00:00,1622.38,246.80,-1697.13,607.34,879.86,-190.90
2024-09-23 16:00:00,1622.28,250.43,-1836.59,461.21,1064.17,-119.70
2024-09-23 17:00:00,1622.31,247.18,-1981.85,634.64,1067.96,-243.70
2024-09-23 18:00:00,1622.44,203.53,-1914.41,660.32,1062.75,-356.30
2024-09-23 19:00:00,1622.35,200.41,-1387.57,28.38,802.19,-116.80
2024-09-23 20:00:00,1622.43,200.46,-1895.42,562.15,583.61,-70.50
2024-09-23 21:00:00,1622.19,197.18,-2103.56,630.64,641.88,-0.30
2024-09-23 22:00:00,1622.27,150.26,-1012.24,678.39,-454.87,-0.30
2024-09-23 23:00:00,1622.10,103.48,-949.04,683.94,-461.30,-0.30
2024-09-24 00:00:00,1622.17,100.48,-1230.59,683.57,-232.06,-0.20
2024-09-24 01:00:00,1621.99,100.47,-999.51,668.07,-592.05,57.60
2024-09-24 02:00:00,1622.13,103.07,-1422.50,678.78,-81.36,1.60
2024-09-24 03:00:00,1622.28,146.83,-1680.22,673.72,237.23,85.60
2024-09-24 04:00:00,1622.21,153.04,-1865.72,683.27,836.28,-3.40
2024-09-24 05:00:00,1622.11,196.71,-1662.32,675.91,1059.65,-76.00
2024-09-24 06:00:00,1622.25,198.14,-991.76,474.82,851.98,-303.40
2024-09-24 07:00:00,1621.82,150.24,685.46,22.19,-518.98,-117.10
2024-09-24 08:00:00,1621.98,103.14,280.74,669.15,-985.06,12.30
2024-09-24 09:00:00,1622.18,53.47,97.73,678.71,-931.94,0.90
2024-09-24 10:00:00,1622.18,40.99,196.49,465.61,-996.58,-12.90
2024-09-24 11:00:00,1622.33,40.50,92.27,656.98,-997.93,-183.40
2024-09-24 12:00:00,1622.36,40.50,-92.31,624.54,-997.83,-78.90
2024-09-24 13:00:00,1482.74,47.35,-140.72,580.43,-982.76,-5.10
2024-09-24 14:00:00,1275.06,57.81,-905.07,663.26,-223.83,-6.80
2024-09-24 15:00:00,1313.32,190.37,-772.84,302.53,167.56,-81.00
2024-09-24 16:00:00,1322.95,203.09,-319.56,528.24,-547.02,-57.50
2024-09-24 17:00:00,1341.34,246.82,-59.14,361.46,-912.60,35.70
2024-09-24 18:00:00,1555.25,247.20,-49.71,-220.90,-996.42,188.60
2024-09-24 19:00:00,1615.41,203.46,-315.12,-461.75,-1006.96,350.70
2024-09-24 20:00:00,1616.59,197.14,-766.54,-139.88,-1443.91,554.90
2024-09-24 21:00:00,1508.94,150.40,-228.28,-350.30,-1454.21,394.60
2024-09-24 22:00:00,1082.52,101.59,52.63,-488.88,-1454.43,412.00
2024-09-24 23:00:00,636.52,63.91,30.46,-491.91,-1453.95,576.50
2024-09-25 00:00:00,189.50,174.15,-23.21,-491.88,-1454.17,587.70
2024-09-25 01:00:00,-149.23,194.07,-31.16,-491.83,-1453.92,587.80
2024-09-25 02:00:00,-151.93,150.25,-64.51,-491.93,-1454.18,587.70
2024-09-25 03:00:00,73.68,101.61,-98.69,-491.89,-1454.16,555.90
2024-09-25 04:00:00,493.63,51.43,-23.74,-491.93,-1454.08,390.50
2024-09-25 05:00:00,848.24,47.50,-82.04,-491.98,-1454.17,430.00
2024-09-25 06:00:00,827.02,-9.65,-5.71,-491.95,-1454.19,579.70
2024-09-25 07:00:00,322.23,50.52,8.29,-491.86,-1454.09,584.50
2024-09-25 08:00:00,296.93,50.56,10.06,-491.87,-1454.22,545.10
2024-09-25 09:00:00,841.63,50.58,-534.47,-491.83,-1453.97,584.40
2024-09-25 10:00:00,338.71,50.58,-150.68,-491.78,-1454.07,587.70
2024-09-25 11:00:00,478.22,50.57,-390.51,-491.83,-1453.83,587.60
2024-09-25 12:00:00,934.13,50.60,-828.03,-491.84,-1453.75,587.60
2024-09-25 13:00:00,1273.59,50.62,-873.78,-490.13,-1453.33,587.60
2024-09-25 14:00:00,1599.14,50.63,-1000.41,-399.26,-1392.72,581.60
2024-09-25 15:00:00,1621.01,50.63,-2037.56,224.14,-113.32,433.80
2024-09-25 16:00:00,1621.31,50.60,-2277.37,222.40,1037.68,240.50
2024-09-25 17:00:00,1570.35,50.59,-2377.31,594.91,1053.31,243.90
2024-09-25 18:00:00,1459.20,50.58,-1030.84,289.33,316.15,264.20
2024-09-25 19:00:00,1610.02,50.57,149.80,-252.49,-476.08,251.40
2024-09-25 20:00:00,1621.35,50.56,400.12,-196.85,-793.65,214.90
2024-09-25 21:00:00,1621.35,53.16,779.26,-344.60,-993.86,299.90
2024-09-25 22:00:00,1621.18,96.85,872.90,-272.58,-998.26,370.10
2024-09-25 23:00:00,1621.40,103.12,1059.02,-487.40,-998.20,330.50
2024-09-26 00:00:00,1621.46,146.72,816.82,-492.31,-998.19,295.60
2024-09-26 01:00:00,1621.27,150.34,737.90,-492.13,-997.20,246.90
2024-09-26 02:00:00,1621.57,152.98,622.54,-492.13,-950.37,198.30
2024-09-26 03:00:00,1621.30,196.58,233.20,-492.06,-997.75,440.30
2024-09-26 04:00:00,1621.65,200.31,-217.68,-491.92,-546.07,438.80
2024-09-26 05:00:00,1610.41,200.25,168.64,-491.51,-747.63,236.70
2024-09-26 06:00:00,1295.86,200.28,693.99,-463.49,-1387.23,394.10
2024-09-26 07:00:00,1534.80,200.30,-239.71,215.13,-1452.17,97.00
2024-09-26 08:00:00,1483.72,200.30,-1175.68,673.53,-1453.94,587.40
2024-09-26 09:00:00,598.47,169.55,-281.96,683.42,-1445.13,478.00
2024-09-26 10:00:00,19.74,-267.96,-72.40,683.32,-1008.22,570.30
2024-09-26 11:00:00,-15.97,-213.56,-77.16,683.22,-998.07,576.30
2024-09-26 12:00:00,112.91,-274.18,-28.78,683.21,-1006.75,448.30
2024-09-26 13:00:00,42.71,123.94,-274.08,670.04,-1443.86,577.20
2024-09-26 14:00:00,262.72,196.67,42.52,3.47,-1451.77,587.50
2024-09-26 15:00:00,968.31,200.31,450.66,-481.21,-1334.07,545.60
2024-09-26 16:00:00,1579.21,200.27,-321.87,-491.77,-1451.14,585.70
2024-09-26 17:00:00,1613.67,200.29,-262.91,-491.83,-1435.74,585.10
2024-09-26 18:00:00,1535.70,200.27,5.42,-489.35,-1292.89,539.00
2024-09-26 19:00:00,1573.47,197.06,406.56,-365.15,-1425.44,585.40
2024-09-26 20:00:00,1574.61,150.18,681.73,-259.73,-1452.60,581.80
2024-09-26 21:00:00,1119.31,75.57,1462.93,-177.99,-1445.42,482.00
2024-09-26 22:00:00,1022.00,-207.59,1983.21,42.49,-1004.53,210.40
2024-09-26 23:00:00,691.70,-162.07,2290.80,-201.33,-798.91,44.80
2024-09-27 00:00:00,357.30,-135.92,1919.45,420.18,-484.70,-214.90
2024-09-27 01:00:00,-80.20,-145.15,2070.04,544.80,120.85,-446.90
2024-09-27 02:00:00,-507.41,-208.34,1659.34,680.32,673.10,-366.00
2024-09-27 03:00:00,-774.81,-334.97,1803.52,672.03,774.25,-469.30
2024-09-27 04:00:00,18.19,-188.28,908.76,348.39,559.90,-103.70
2024-09-27 05:00:00,142.79,223.01,1433.19,-245.99,-633.91,531.50
2024-09-27 06:00:00,597.99,267.82,1423.90,-487.01,-990.60,587.70
2024-09-27 07:00:00,61.49,-14.22,2241.94,-481.20,-997.85,587.60
2024-09-27 08:00:00,-650.81,15.16,2391.15,25.84,-997.95,587.70
2024-09-27 09:00:00,-786.61,133.00,2423.20,-160.93,-997.82,587.60
2024-09-27 10:00:00,-673.81,325.62,2373.76,-484.41,-997.91,587.50
2024-09-27 11:00:00,-714.51,246.25,2397.40,-491.67,-997.75,587.80
2024-09-27 12:00:00,-417.31,-53.39,2459.55,-491.74,-997.90,587.50
2024-09-27 13:00:00,-110.71,-290.85,2404.14,-491.58,-997.91,547.20
2024-09-27 14:00:00,326.39,-202.66,2174.71,-495.54,-997.81,423.60
2024-09-27 15:00:00,773.19,286.82,1243.08,-696.87,-1006.70,556.20
2024-09-27 16:00:00,1178.19,344.96,1227.63,-661.11,-1443.55,584.80
2024-09-27 17:00:00,961.61,344.88,1238.08,-701.66,-1453.82,587.80
2024-09-27 18:00:00,413.00,334.43,1691.93,-702.63,-1453.80,587.60
2024-09-27 19:00:00,414.40,194.04,1800.75,-702.72,-1453.85,587.50
2024-09-27 20:00:00,379.41,333.48,1549.28,-702.61,-1453.79,587.60
2024-09-27 21:00:00,566.41,323.20,1275.23,-701.28,-1445.10,572.10
2024-09-27 22:00:00,586.81,11.62,1272.05,-637.21,-1008.18,365.30
2024-09-27 23:00:00,23.43,13.43,1153.86,-692.05,-998.04,571.70
2024-09-28 00:00:00,-411.18,165.22,907.32,-520.95,-997.97,585.00
2024-09-28 01:00:00,-675.58,45.10,926.21,-357.77,-997.99,553.60
2024-09-28 02:00:00,-872.27,276.95,498.98,-478.60,-996.89,532.10
2024-09-28 03:00:00,-1329.22,215.29,406.84,-226.01,-958.76,491.50
2024-09-28 04:00:00,-1285.78,14.19,1157.12,-617.02,-1437.52,579.30
2024-09-28 05:00:00,-1004.45,0.00,1146.52,-690.32,-1453.62,471.60
2024-09-28 06:00:00,-1062.65,0.00,981.59,-697.16,-1453.84,576.70
2024-09-28 07:00:00,-1416.02,0.00,694.24,-427.41,-1445.16,521.00
2024-09-28 08:00:00,-1650.46,0.00,1052.80,-353.13,-1008.21,-175.40
2024-09-28 09:00:00,-1660.74,0.00,1238.29,-206.95,-997.93,-202.90
2024-09-28 10:00:00,-1665.78,0.00,1648.63,446.73,-997.77,-541.90
2024-09-28 11:00:00,-1654.71,0.00,1405.02,677.99,-997.83,-525.00
2024-09-28 12:00:00,-1484.86,0.00,1171.64,681.71,-997.84,-345.70
2024-09-28 13:00:00,-1592.74,0.00,1229.90,592.85,-1006.46,-110.00
2024-09-28 14:00:00,-766.47,0.00,487.81,-0.88,-1443.40,23.50
2024-09-28 15:00:00,-392.47,0.00,223.06,-663.69,-1453.87,500.80
2024-09-28 16:00:00,774.36,0.00,-264.71,-702.04,-1454.02,486.50
2024-09-28 17:00:00,1377.97,0.00,-805.36,-702.55,-1453.69,561.20
2024-09-28 18:00:00,1595.15,0.00,-1115.54,-702.70,-1454.04,556.30
2024-09-28 19:00:00,1524.29,0.00,-834.31,-702.71,-1453.02,587.90
2024-09-28 20:00:00,1620.73,0.00,-906.95,-702.68,-1453.79,587.80
2024-09-28 21:00:00,1615.26,0.00,-958.82,-702.75,-1429.82,587.80
2024-09-28 22:00:00,1517.26,0.00,-765.05,-702.81,-1423.16,567.20
2024-09-28 23:00:00,1610.73,0.00,-815.80,-702.38,-1453.60,354.00
2024-09-29 00:00:00,1606.00,0.00,-836.91,-681.55,-1454.36,466.20
2024-09-29 01:00:00,1400.82,0.00,-700.42,-657.03,-1451.97,518.70
2024-09-29 02:00:00,1463.26,0.00,-774.32,-701.14,-1328.70,513.70
2024-09-29 03:00:00,1421.41,0.00,-807.37,-676.75,-1208.97,511.10
2024-09-29 04:00:00,1255.01,0.00,-460.91,-651.49,-1117.66,509.90
2024-09-29 05:00:00,1452.84,0.00,-462.61,-398.00,-992.35,373.10
2024-09-29 06:00:00,1379.29,0.00,-577.42,212.78,-997.82,244.40
2024-09-29 07:00:00,702.41,0.00,574.93,-274.02,-998.10,488.20
2024-09-29 08:00:00,302.50,0.00,1642.66,-19.22,-998.12,107.60
2024-09-29 09:00:00,-424.61,0.00,2359.18,508.45,-998.19,-243.30
2024-09-29 10:00:00,-693.61,0.00,2435.72,491.94,-998.08,-28.30
2024-09-29 11:00:00,-545.21,0.00,2473.33,666.87,-997.98,-121.30
2024-09-29 12:00:00,-111.71,0.00,2316.61,37.89,-997.94,151.10
2024-09-29 13:00:00,302.99,0.00,2238.27,-639.75,-997.78,38.10
2024-09-29 14:00:00,366.89,0.00,995.33,-205.05,-997.91,341.10
2024-09-29 15:00:00,1252.25,0.00,1154.12,-664.84,-952.00,76.00
2024-09-29 16:00:00,1596.84,0.00,-809.46,-182.71,410.03,0.30
2024-09-29 17:00:00,1621.86,0.00,-1913.12,347.52,946.79,31.70
2024-09-29 18:00:00,1613.92,0.00,-15.79,-313.51,-204.64,-205.50
2024-09-29 19:00:00,1379.88,-0.01,978.33,-694.09,-978.10,-13.30
2024-09-29 20:00:00,1243.33,-0.57,816.49,-682.88,-842.42,-0.30
2024-09-29 21:00:00,790.20,-22.27,-133.69,-11.49,-187.19,-0.20
2024-09-29 22:00:00,422.50,-331.13,-542.90,44.42,886.23,48.30
2024-09-29 23:00:00,10.20,-333.47,61.13,-29.95,721.59,119.20
2024-09-30 00:00:00,-128.00,-35.73,412.14,105.39,477.42,-271.40
2024-09-30 01:00:00,107.60,-59.26,-199.16,552.29,626.75,-534.80
2024-09-30 02:00:00,65.70,-334.08,-4.73,351.97,911.65,-556.50
2024-09-30 03:00:00,456.20,-353.13,241.03,-319.69,624.08,-495.60
2024-09-30 04:00:00,619.71,-306.55,74.46,-299.84,489.53,-525.40
2024-09-30 05:00:00,1303.21,77.78,545.61,-487.42,-1155.18,-305.10
2024-09-30 06:00:00,1341.60,170.05,447.19,-491.90,-1313.84,-333.70
2024-09-30 07:00:00,838.23,-124.01,914.91,-482.13,-1450.82,-323.40
2024-09-30 08:00:00,361.65,-116.98,179.41,22.99,-1452.83,-241.10
2024-09-30 09:00:00,-448.87,-337.96,1020.30,-159.15,-1453.82,-493.00
2024-09-30 10:00:00,-1100.20,-354.67,1243.22,-226.34,-1444.84,-263.10
2024-09-30 11:00:00,-1383.67,-354.60,1193.44,-483.86,-1007.89,-158.20
2024-09-30 12:00:00,-1401.50,-354.67,1174.16,-405.57,-1006.51,-304.50
2024-09-30 13:00:00,-1394.29,-354.62,900.60,-368.60,-1443.23,114.10
2024-09-30 14:00:00,-1261.16,-321.04,546.67,-488.79,-1453.79,477.40
2024-09-30 15:00:00,-837.15,109.33,170.95,-491.80,-1453.77,417.90
2024-09-30 16:00:00,-445.75,115.38,220.73,-491.81,-1454.05,357.50
2024-09-30 17:00:00,-12.95,144.28,-49.86,-490.94,-1454.11,387.00
2024-09-30 18:00:00,-280.55,116.95,107.66,-447.65,-1454.07,386.40
2024-09-30 19:00:00,-690.23,-293.77,673.96,-487.26,-1454.12,483.30
2024-09-30 20:00:00,-1288.96,36.77,768.31,-302.60,-1446.04,489.90
2024-09-30 21:00:00,-1390.74,-340.81,895.49,-250.30,-1039.31,481.70
2024-09-30 22:00:00,-1386.92,-169.10,1157.34,-486.44,-919.34,458.40
2024-09-30 23:00:00,-1224.40,-245.24,1315.05,-491.76,-748.58,587.90
2024-10-01 00:00:00,-1146.58,-241.18,1237.08,-484.56,-701.56,587.70
2024-10-01 01:00:00,-1263.26,-220.35,1195.48,-147.40,-936.62,587.70
2024-10-01 02:00:00,-1375.01,-100.18,1160.44,-381.09,-850.84,587.70
2024-10-01 03:00:00,-1114.17,-132.27,390.86,-488.81,-1019.61,587.60
2024-10-01 04:00:00,-533.46,34.34,-121.12,-465.79,-1444.38,578.50
2024-10-01 05:00:00,-137.86,41.37,-190.79,-491.20,-1454.08,448.00
2024-10-01 06:00:00,-223.65,-45.59,-6.93,-491.64,-1454.14,411.00
2024-10-01 07:00:00,-373.35,-158.18,-6.54,-491.63,-1454.11,447.90
2024-10-01 08:00:00,-302.75,-298.61,-142.63,-491.69,-1454.08,470.30
2024-10-01 09:00:00,-352.07,-273.33,-357.40,-491.71,-1454.08,573.70
2024-10-01 10:00:00,-5.76,-43.29,-969.31,-491.63,-1453.93,583.90
2024-10-01 11:00:00,350.24,-21.17,-1148.42,-491.65,-1452.86,583.80
2024-10-01 12:00:00,5.95,-243.61,-406.45,-491.71,-1453.99,575.40
2024-10-01 13:00:00,351.75,71.87,-843.16,-491.69,-1454.11,459.80
2024-10-01 14:00:00,715.36,99.28,-1177.76,-491.65,-1453.94,556.40
2024-10-01 15:00:00,1345.66,140.56,-1245.03,-491.61,-1452.24,341.10
2024-10-01 16:00:00,1605.66,96.68,-1283.33,-491.73,-1427.48,382.30
2024-10-01 17:00:00,1601.29,57.59,-1232.38,-491.72,-1453.10,350.10
2024-10-01 18:00:00,1620.00,140.47,-1293.74,-491.69,-1400.84,259.50
2024-10-01 19:00:00,1621.61,143.43,-1492.74,-490.95,-1421.58,353.50
2024-10-01 20:00:00,1603.01,96.47,-1508.43,-448.70,-1371.77,452.80
2024-10-01 21:00:00,1340.20,46.59,-1216.45,-314.83,-1341.70,348.50
2024-10-01 22:00:00,1290.36,3.45,-533.11,-487.91,-1451.47,298.70
2024-10-01 23:00:00,980.03,15.27,-66.67,-491.80,-1454.15,259.90
2024-10-02 00:00:00,931.83,13.38,-23.19,-491.86,-1454.14,274.60
2024-10-02 01:00:00,805.63,47.91,5.87,-491.77,-1454.19,323.90
2024-10-02 02:00:00,957.83,36.39,-62.08,-491.93,-1454.08,320.00
2024-10-02 03:00:00,786.34,30.98,49.92,-491.93,-1454.01,405.90
2024-10-02 04:00:00,1115.85,50.53,-44.03,-491.91,-1453.98,303.70
2024-10-02 05:00:00,1332.16,34.88,-4.46,-491.83,-1445.28,195.50
2024-10-02 06:00:00,972.83,-199.06,344.08,-488.22,-1008.35,-210.50
2024-10-02 07:00:00,879.33,-136.01,-60.66,-490.98,-998.06,-27.70
2024-10-02 08:00:00,1210.71,-143.45,-253.19,-491.71,-997.91,-278.90
2024-10-02 09:00:00,896.83,-51.31,-176.56,-491.72,-997.79,-465.60
2024-10-02 10:00:00,943.22,-133.31,45.69,-491.69,-997.83,-527.60
2024-10-02 11:00:00,1204.45,6.49,-18.56,-491.79,-997.90,-503.00
2024-10-02 12:00:00,1207.25,49.32,-25.85,-491.84,-997.91,-286.90
2024-10-02 13:00:00,1362.82,54.51,-297.71,-491.78,-997.74,-119.80
2024-10-02 14:00:00,1373.94,101.49,-159.03,-477.95,-970.90,-244.90
2024-10-02 15:00:00,1374.06,152.06,-1387.76,191.97,124.39,-391.00
2024-10-02 16:00:00,1374.17,198.76,-1236.99,225.36,-75.51,-118.30
2024-10-02 17:00:00,1374.02,201.82,-839.60,-129.68,-620.52,200.30
2024-10-02 18:00:00,1374.33,201.79,-380.07,-413.32,-989.84,338.00
2024-10-02 19:00:00,1374.13,201.78,-402.52,-459.71,-996.44,238.40
2024-10-02 20:00:00,1374.03,201.75,-280.35,-483.43,-901.70,223.60
2024-10-02 21:00:00,1374.04,210.76,-252.92,-323.77,-945.44,238.90
2024-10-02 22:00:00,1374.05,337.99,-73.83,13.46,-997.16,-86.70
2024-10-02 23:00:00,1372.71,347.19,-6.14,-1.97,-998.16,18.20
2024-10-03 00:00:00,1372.74,347.36,84.97,-455.42,-998.21,397.20
2024-10-03 01:00:00,1370.80,347.33,-103.47,-455.38,-998.05,437.50
2024-10-03 02:00:00,1371.03,347.22,192.53,-373.16,-998.10,292.50
2024-10-03 03:00:00,1373.53,347.05,171.40,-459.15,-998.01,489.70
2024-10-03 04:00:00,1373.46,347.04,577.98,-472.00,-998.10,398.70
2024-10-03 05:00:00,1373.59,346.92,811.47,-491.53,-998.08,444.80
2024-10-03 06:00:00,1373.59,346.99,771.10,-491.96,-997.94,184.20
2024-10-03 07:00:00,1373.92,346.89,380.20,-478.13,-998.19,251.90
2024-10-03 08:00:00,1374.00,345.31,-565.94,199.31,-998.05,223.20
2024-10-03 09:00:00,1322.66,339.94,-1280.02,672.65,-997.93,303.90
2024-10-03 10:00:00,702.51,213.06,-580.56,652.88,-997.90,390.80
2024-10-03 11:00:00,563.81,-214.30,-35.70,682.71,-997.82,450.90
2024-10-03 12:00:00,1076.78,-166.03,-514.32,683.28,-997.82,418.70
2024-10-03 13:00:00,1356.51,312.91,-849.63,672.79,-997.88,68.50
2024-10-03 14:00:00,1373.98,347.16,-277.28,151.67,-991.57,278.80
2024-10-03 15:00:00,1374.38,347.27,291.16,-387.33,-677.79,332.60
2024-10-03 16:00:00,1374.41,347.16,716.94,-432.43,-884.63,362.40
2024-10-03 17:00:00,1374.25,346.93,675.54,-407.62,-758.06,316.00
2024-10-03 18:00:00,1374.51,346.65,554.16,-419.28,-811.00,392.80
2024-10-03 19:00:00,1374.58,346.89,531.19,-347.31,-973.09,399.50
2024-10-03 20:00:00,1374.58,346.96,775.22,-344.85,-892.98,279.20
2024-10-03 21:00:00,1374.49,346.87,868.71,-404.05,-996.15,468.20
2024-10-03 22:00:00,1374.31,346.90,897.08,-434.62,-997.22,476.80
2024-10-03 23:00:00,1374.51,346.81,879.67,-442.12,-919.75,441.30
2024-10-04 00:00:00,1374.37,346.95,620.32,-438.36,-689.94,397.50
2024-10-04 01:00:00,1374.48,347.14,100.86,74.61,-705.47,392.00
2024-10-04 02:00:00,1374.51,347.21,-359.00,226.24,-496.39,436.00
2024-10-04 03:00:00,1374.47,347.27,-940.74,136.81,105.19,470.10
2024-10-04 04:00:00,1374.42,335.92,-380.66,-273.79,434.65,-171.00
2024-10-04 05:00:00,1374.39,167.06,-38.95,-267.58,588.57,-249.20
2024-10-04 06:00:00,1369.11,10.60,839.73,-259.52,-240.80,-302.80
2024-10-04 07:00:00,1302.63,-0.28,479.36,-162.09,-304.03,-176.00
2024-10-04 08:00:00,1369.52,-0.27,66.46,224.28,-903.49,71.60
2024-10-04 09:00:00,1374.28,-0.28,-350.28,674.07,-961.27,-24.00
2024-10-04 10:00:00,1374.38,-0.28,-393.08,683.58,-801.80,-190.10
2024-10-04 11:00:00,1374.42,-0.28,-552.76,683.58,-656.46,-29.10
2024-10-04 12:00:00,1374.45,-0.43,-1192.62,683.64,-69.90,-110.90
2024-10-04 13:00:00,1390.10,-0.48,-1373.41,677.74,160.08,-75.30
2024-10-04 14:00:00,1606.80,23.27,-2132.33,393.33,903.89,-65.50
2024-10-04 15:00:00,1622.35,383.46,-2145.10,549.96,986.73,-186.40
2024-10-04 16:00:00,1622.32,695.18,-2398.15,667.72,1065.86,-159.50
2024-10-04 17:00:00,1622.46,715.73,-1684.31,-0.59,1000.28,-172.60
2024-10-04 18:00:00,1622.53,715.79,-438.86,-668.34,355.75,-132.40
2024-10-04 19:00:00,1622.66,715.94,-523.06,-669.47,111.08,-57.80
2024-10-04 20:00:00,1622.77,715.87,-440.82,-620.77,-78.00,-180.40
2024-10-04 21:00:00,1622.63,716.04,-438.46,-701.62,-97.71,-151.10
2024-10-04 22:00:00,1622.73,716.22,-172.68,-703.47,-292.89,-161.60
2024-10-04 23:00:00,1622.77,716.35,-284.57,-702.73,-326.91,227.60
2024-10-05 00:00:00,1622.21,508.48,-131.93,-665.61,-318.21,274.00
2024-10-05 01:00:00,1622.15,349.67,70.54,-694.12,-512.49,290.30
2024-10-05 02:00:00,1622.22,469.61,-307.19,-675.09,-147.89,80.80
2024-10-05 03:00:00,1622.10,715.84,-438.16,-608.74,112.48,-191.20
2024-10-05 04:00:00,1622.21,715.80,-974.54,-614.89,409.88,-105.70
2024-10-05 05:00:00,1622.23,715.88,-1222.21,-139.89,120.33,-171.60
2024-10-05 06:00:00,1622.17,715.89,-1094.95,319.32,-341.59,-317.00
2024-10-05 07:00:00,1622.22,716.03,-1185.92,673.99,-882.80,-102.40
2024-10-05 08:00:00,1621.91,715.95,-1097.86,595.44,-995.76,-80.90
2024-10-05 09:00:00,1621.98,715.90,-1348.77,658.50,-998.08,-152.90
2024-10-05 10:00:00,1596.22,715.81,-1358.63,642.22,-998.03,-211.40
2024-10-05 11:00:00,1247.64,715.78,-1083.67,682.04,-992.09,-71.70
2024-10-05 12:00:00,1415.18,715.72,-1583.14,682.65,-691.23,-45.00
2024-10-05 13:00:00,1513.61,715.84,-1591.08,654.00,-246.99,-481.30
2024-10-05 14:00:00,1619.74,716.22,-2036.38,433.79,597.40,-585.70
2024-10-05 15:00:00,1621.97,716.33,-1784.52,364.10,275.07,-326.80
2024-10-05 16:00:00,1621.85,716.33,-2448.58,528.87,1040.01,-414.60
2024-10-05 17:00:00,1621.92,716.40,-2137.40,649.87,486.80,-474.80
2024-10-05 18:00:00,1622.04,704.23,-1677.19,671.14,-334.75,-226.90
2024-10-05 19:00:00,1622.28,624.94,-2335.91,682.44,620.65,-490.60
2024-10-05 20:00:00,1622.37,714.43,-2416.99,612.19,719.31,-506.70
2024-10-05 21:00:00,1622.14,714.93,-2030.95,-21.53,677.33,-146.30
2024-10-05 22:00:00,1622.14,709.31,-2411.23,492.92,990.07,-512.40
2024-10-05 23:00:00,1622.34,668.61,-2264.60,296.51,1066.95,-539.40
2024-10-06 00:00:00,1622.63,715.89,-2269.35,226.03,1018.18,-519.40
2024-10-06 01:00:00,1622.72,716.17,-2132.41,321.05,769.07,-538.40
2024-10-06 02:00:00,1622.58,716.24,-2273.08,204.13,873.52,-514.80
2024-10-06 03:00:00,1622.47,716.27,-2131.63,141.62,760.51,-530.70
2024-10-06 04:00:00,1601.90,709.69,-2155.02,193.15,746.61,-511.40
2024-10-06 05:00:00,1292.73,573.22,-2039.21,537.78,817.36,-519.60
2024-10-06 06:00:00,988.20,37.89,-331.38,-52.67,-32.49,-34.60
2024-10-06 07:00:00,630.39,-0.48,181.03,-47.34,-489.20,30.20
2024-10-06 08:00:00,392.99,-0.48,-68.49,534.58,-694.29,50.80
2024-10-06 09:00:00,-24.11,-0.48,359.46,327.40,-698.65,93.90
2024-10-06 10:00:00,-510.20,-0.48,637.05,410.25,-698.73,7.80
2024-10-06 11:00:00,-660.40,-0.48,616.75,672.80,-698.48,123.30
2024-10-06 12:00:00,-344.40,-0.48,912.35,683.11,-698.56,11.40
2024-10-06 13:00:00,171.90,-0.48,520.42,683.42,-698.61,144.20
2024-10-06 14:00:00,531.69,-0.48,-312.84,683.31,-698.58,138.50
2024-10-06 15:00:00,816.90,36.58,-100.20,660.73,-709.33,7.30
2024-10-06 16:00:00,1410.63,570.80,-209.05,136.82,-1239.31,-83.60
2024-10-06 17:00:00,1610.09,619.52,83.11,-280.47,-1449.79,-459.30
2024-10-06 18:00:00,1608.79,497.71,188.05,-394.36,-1454.47,-520.10
2024-10-06 19:00:00,1434.08,120.65,126.09,120.53,-1454.53,-482.90
2024-10-06 20:00:00,1487.34,94.66,41.26,20.93,-1454.27,-459.10
2024-10-06 21:00:00,1216.55,-37.23,263.68,173.68,-1449.09,-485.70
2024-10-06 22:00:00,780.40,-50.99,969.04,-374.73,-1189.49,-272.90
2024-10-06 23:00:00,358.20,43.20,1054.03,-73.48,-1447.94,-92.50
2024-10-07 00:00:00,19.80,-15.69,1221.88,179.43,-1454.26,29.90
2024-10-07 01:00:00,-331.01,-249.60,1131.41,548.04,-1452.22,249.90
2024-10-07 02:00:00,-112.58,195.81,790.14,-90.44,-1354.29,126.00
2024-10-07 03:00:00,321.52,539.81,99.12,-470.21,-1271.23,261.70
2024-10-07 04:00:00,765.40,703.45,164.03,-697.57,-1449.77,-10.90
2024-10-07 05:00:00,1144.65,698.00,5.25,-702.63,-1454.06,115.40
2024-10-07 06:00:00,933.88,681.69,35.51,-701.38,-1451.90,161.70
2024-10-07 07:00:00,783.38,659.78,118.30,-643.34,-1453.81,151.20
2024-10-07 08:00:00,552.77,632.48,-113.96,-529.70,-1454.28,421.40
2024-10-07 09:00:00,434.58,534.35,-320.10,-55.71,-1454.04,416.70
2024-10-07 10:00:00,341.51,276.43,-343.41,586.24,-1453.77,309.00
2024-10-07 11:00:00,682.01,-7.40,-258.64,673.26,-1453.95,211.30
2024-10-07 12:00:00,1026.29,391.16,-101.91,266.44,-1453.74,-10.30
2024-10-07 13:00:00,1353.04,662.87,-558.73,282.22,-1439.50,-263.20
2024-10-07 14:00:00,1375.60,713.43,-1663.83,384.05,-657.01,-283.40
2024-10-07 15:00:00,1343.47,716.14,-2173.22,-277.36,886.00,-575.20
2024-10-07 16:00:00,1072.82,716.31,-1656.81,-595.70,889.82,-420.70
2024-10-07 17:00:00,925.99,716.37,-2190.96,-116.15,847.09,-116.10
2024-10-07 18:00:00,904.27,716.47,-784.33,-399.59,-12.43,-108.00
2024-10-07 19:00:00,906.69,716.47,-940.64,-66.06,-529.92,168.40
2024-10-07 20:00:00,907.71,716.37,-294.02,-569.83,-714.77,82.00
2024-10-07 21:00:00,907.41,716.47,163.54,-467.33,-872.23,66.10
2024-10-07 22:00:00,907.38,716.24,-290.80,174.14,-995.30,162.00
2024-10-07 23:00:00,907.62,716.28,-572.90,624.67,-998.11,72.50
2024-10-08 00:00:00,907.69,716.12,-523.53,682.67,-998.18,0.90
2024-10-08 01:00:00,907.65,716.19,-363.19,683.75,-1000.92,-1.60
2024-10-08 02:00:00,907.75,716.18,-361.88,683.70,-1138.73,-66.80
2024-10-08 03:00:00,907.92,716.22,-362.82,682.87,-1032.96,-181.30
2024-10-08 04:00:00,907.99,716.10,-708.07,644.31,-665.05,-364.40
2024-10-08 05:00:00,908.02,716.56,-668.41,460.39,-794.63,-244.90
2024-10-08 06:00:00,907.76,716.94,248.94,-34.68,-1260.54,-382.80
2024-10-08 07:00:00,907.93,737.95,768.96,-455.78,-1449.83,-374.70
2024-10-08 08:00:00,907.82,723.35,330.92,-20.92,-1453.94,-378.80
2024-10-08 09:00:00,907.84,717.62,-567.54,646.26,-1453.91,-219.30
2024-10-08 10:00:00,905.42,717.72,-307.56,677.24,-1453.84,-296.40
2024-10-08 11:00:00,872.80,717.61,-97.68,410.99,-1454.02,-248.00
2024-10-08 12:00:00,904.34,717.53,-629.60,675.19,-1453.84,-224.10
2024-10-08 13:00:00,907.96,717.59,-797.30,579.28,-1442.03,-213.20
2024-10-08 14:00:00,907.91,717.53,-1426.49,670.73,-811.62,-359.90
2024-10-08 15:00:00,908.04,717.54,-2163.59,147.57,372.07,-194.80
2024-10-08 16:00:00,908.20,717.57,-2417.53,-293.68,1051.30,-95.70
2024-10-08 17:00:00,908.26,717.46,-2191.36,-122.18,866.81,-259.20
2024-10-08 18:00:00,908.06,717.53,-1355.66,529.05,-770.03,-80.20
2024-10-08 19:00:00,908.05,717.30,-1304.10,675.20,-994.68,-124.70
2024-10-08 20:00:00,908.14,717.44,-918.59,682.98,-997.51,-236.30
2024-10-08 21:00:00,905.38,717.52,-1084.57,660.59,-969.46,101.10
2024-10-08 22:00:00,669.70,717.58,-283.44,628.95,-997.23,9.40
2024-10-08 23:00:00,642.00,717.54,-55.28,636.99,-987.34,-0.30
2024-10-09 00:00:00,698.40,717.67,13.72,620.77,-929.89,-0.30
2024-10-09 01:00:00,611.50,717.46,-1.42,542.65,-693.49,-1.80
2024-10-09 02:00:00,695.39,717.53,-287.57,624.71,-573.20,-60.90
2024-10-09 03:00:00,692.82,717.45,-1375.62,656.76,354.46,-1.90
2024-10-09 04:00:00,807.03,717.40,-2098.87,681.38,881.76,-30.20
2024-10-09 05:00:00,902.17,717.54,-1156.06,588.24,466.62,-445.70
2024-10-09 06:00:00,908.22,717.58,-589.43,233.62,60.86,-275.40
2024-10-09 07:00:00,908.31,717.57,999.71,87.16,-1288.75,-245.20
2024-10-09 08:00:00,908.13,717.55,904.30,669.76,-1451.32,-538.50
2024-10-09 09:00:00,908.05,706.26,734.36,678.44,-1454.01,-345.10
2024-10-09 10:00:00,908.17,542.63,1190.30,455.22,-1453.78,-508.70
2024-10-09 11:00:00,908.21,703.77,1281.38,-213.31,-1447.18,-281.30
2024-10-09 12:00:00,893.00,716.26,1055.82,-691.94,-1111.56,-36.10
2024-10-09 13:00:00,666.98,716.52,969.79,-702.64,-992.46,4.60
2024-10-09 14:00:00,529.56,716.52,772.50,-698.89,-591.65,-201.00
2024-10-09 15:00:00,647.63,716.56,726.04,-522.06,-633.67,-133.80
2024-10-09 16:00:00,626.03,716.50,496.61,-698.25,-292.52,68.70
2024-10-09 17:00:00,802.46,716.43,575.17,-681.61,-372.01,-72.50
2024-10-09 18:00:00,902.25,716.57,599.21,-702.39,-983.70,226.50
2024-10-09 19:00:00,908.12,716.55,649.98,-702.99,-998.14,118.60
2024-10-09 20:00:00,899.94,716.61,898.43,-702.99,-995.31,8.70
2024-10-09 21:00:00,679.44,716.53,1569.64,-701.99,-829.42,-154.80
2024-10-09 22:00:00,675.10,716.41,514.81,-640.13,133.16,77.30
2024-10-09 23:00:00,863.00,701.79,-133.43,-66.39,362.78,69.80
2024-10-10 00:00:00,463.01,458.98,1379.04,-623.20,-233.15,551.50
2024-10-10 01:00:00,61.13,45.73,2148.86,-272.87,-417.29,580.40
2024-10-10 02:00:00,49.11,139.12,1282.73,-38.64,276.40,542.60
2024-10-10 03:00:00,458.90,444.30,261.10,481.58,319.01,215.30
2024-10-10 04:00:00,865.51,644.27,-267.18,382.86,-41.95,48.20
2024-10-10 05:00:00,906.58,712.18,266.19,-290.45,-960.00,408.00
2024-10-10 06:00:00,907.42,716.03,328.02,-541.82,-997.75,239.50
2024-10-10 07:00:00,901.28,716.15,73.46,-694.53,-998.17,288.00
2024-10-10 08:00:00,779.76,685.73,-105.34,-702.53,-997.92,261.60
2024-10-10 09:00:00,356.41,219.00,131.30,-695.95,-998.07,488.80
2024-10-10 10:00:00,-38.95,-267.42,245.68,-371.73,-997.87,506.30
2024-10-10 11:00:00,-328.50,-671.68,781.04,-695.08,-997.89,382.80
2024-10-10 12:00:00,-307.00,-460.96,254.96,-702.54,-1006.44,286.30
2024-10-10 13:00:00,-312.00,-88.53,92.85,-702.49,-1443.32,379.80
2024-10-10 14:00:00,214.44,-309.24,10.92,-702.39,-1453.87,334.90
2024-10-10 15:00:00,341.04,-183.02,60.23,-702.51,-1453.68,443.80
2024-10-10 16:00:00,264.06,58.59,51.91,-702.65,-1454.01,468.70
2024-10-10 17:00:00,304.57,124.34,-123.36,-702.41,-1453.90,486.80
2024-10-10 18:00:00,269.66,-167.99,-156.28,-702.61,-1453.99,536.50
2024-10-10 19:00:00,-45.10,-111.48,3.90,-702.60,-1454.03,584.40
2024-10-10 20:00:00,-323.90,-37.86,81.62,-702.59,-1453.94,587.50
2024-10-10 21:00:00,-173.90,-193.84,17.26,-702.72,-1454.00,587.60
2024-10-10 22:00:00,-353.30,176.17,155.02,-702.54,-1449.13,587.50
2024-10-10 23:00:00,-402.40,501.56,11.66,-702.59,-1453.94,587.40
2024-10-11 00:00:00,-367.20,458.47,57.80,-701.43,-1453.74,587.60
2024-10-11 01:00:00,-404.80,487.54,1.63,-646.84,-1437.38,587.60
2024-10-11 02:00:00,-380.00,476.52,23.98,-701.40,-1382.98,587.50
2024-10-11 03:00:00,-41.81,214.90,34.06,-702.57,-1266.49,587.60
2024-10-11 04:00:00,391.26,171.39,63.52,-702.71,-1312.49,570.10
2024-10-11 05:00:00,741.46,600.04,-38.65,-702.74,-1357.70,321.70
2024-10-11 06:00:00,867.92,715.17,-346.18,-702.05,-1452.18,302.50
2024-10-11 07:00:00,827.05,716.13,-84.07,-678.55,-1454.28,339.20
2024-10-11 08:00:00,887.77,715.55,-268.09,-701.99,-1454.36,354.40
2024-10-11 09:00:00,562.23,704.37,-382.15,-702.50,-1453.87,482.10
2024-10-11 10:00:00,-130.75,705.79,-50.62,-702.47,-1453.83,521.90
2024-10-11 11:00:00,-126.92,542.64,-106.26,-702.48,-1453.84,493.80
2024-10-11 12:00:00,34.14,159.26,104.61,-701.63,-1453.90,393.80
2024-10-11 13:00:00,492.65,155.37,-273.32,-655.52,-1453.85,308.00
2024-10-11 14:00:00,494.46,496.81,-496.25,-653.48,-1450.04,189.30
2024-10-11 15:00:00,899.28,702.47,-1056.17,-701.46,-1265.13,67.90
2024-10-11 16:00:00,1204.91,716.21,-1614.74,-702.85,-977.35,-74.60
2024-10-11 17:00:00,1264.52,716.30,-1745.79,-702.74,-997.54,71.70
2024-10-11 18:00:00,1227.90,716.29,-1860.21,-702.69,-998.10,195.60
2024-10-11 19:00:00,1162.61,716.30,-1746.37,-702.85,-998.27,211.70
2024-10-11 20:00:00,1062.01,716.36,-1402.82,-702.60,-998.11,218.40
2024-10-11 21:00:00,1322.63,716.44,-1287.05,-702.60,-1006.87,433.90
2024-10-11 22:00:00,1601.71,716.55,-630.62,-702.66,-1435.05,557.70
2024-10-11 23:00:00,1595.79,716.48,-706.63,-702.70,-1008.24,515.50
2024-10-12 00:00:00,1489.58,716.51,-357.93,-702.54,-998.13,434.90
2024-10-12 01:00:00,1611.75,716.47,-343.55,-702.64,-998.02,300.90
2024-10-12 02:00:00,1621.50,716.60,-673.82,-701.49,-998.07,359.70
2024-10-12 03:00:00,1620.49,716.65,-686.93,-650.78,-1000.66,306.00
2024-10-12 04:00:00,1614.81,716.51,-547.10,-687.76,-1140.86,222.10
2024-10-12 05:00:00,1583.07,716.51,-833.11,-15.26,-1446.91,36.90
2024-10-12 06:00:00,1009.21,705.75,-189.03,0.00,-1453.87,-59.60
2024-10-12 07:00:00,512.73,512.92,41.41,0.01,-1441.48,-61.80
2024-10-12 08:00:00,307.82,-39.38,291.21,-0.01,-1453.57,8.80
2024-10-12 09:00:00,63.94,-242.74,66.64,-0.01,-1453.83,184.80
2024-10-12 10:00:00,-588.79,-256.32,280.74,0.02,-1453.63,287.30
2024-10-12 11:00:00,-1254.60,-290.92,1092.66,0.00,-1453.66,80.00
2024-10-12 12:00:00,-1295.44,-405.42,1113.36,-0.00,-1453.71,154.30
2024-10-12 13:00:00,-663.05,-11.86,192.89,-0.02,-1453.77,207.20
2024-10-12 14:00:00,-69.36,551.00,-574.41,-13.92,-1453.85,297.60
2024-10-12 15:00:00,265.53,707.57,-305.13,-687.56,-1453.86,342.10
2024-10-12 16:00:00,177.13,702.79,-38.50,-702.55,-1453.80,344.80
2024-10-12 17:00:00,-68.67,504.40,-5.20,-698.10,-1454.14,524.30
2024-10-12 18:00:00,-667.27,430.24,33.23,-479.82,-1453.74,584.40
2024-10-12 19:00:00,-1130.51,465.63,82.51,-322.98,-1451.08,587.70
2024-10-12 20:00:00,-1319.47,111.56,402.44,-229.06,-1296.35,587.70
2024-10-12 21:00:00,-1313.80,-214.39,230.05,282.50,-943.20,575.30
2024-10-12 22:00:00,-408.64,50.28,1091.78,-377.34,-633.97,400.80
2024-10-12 23:00:00,85.66,601.33,253.07,-592.61,-619.77,415.40
2024-10-13 00:00:00,-2.54,684.28,717.49,-699.69,-656.88,555.20
2024-10-13 01:00:00,-1.34,304.00,1915.60,-670.94,-801.90,285.10
2024-10-13 02:00:00,-58.34,261.69,1980.01,-622.77,-798.24,479.70
2024-10-13 03:00:00,-133.64,284.05,1801.20,-687.70,-483.43,581.50
2024-10-13 04:00:00,-745.16,-29.81,2058.64,-430.72,-415.65,587.90
2024-10-13 05:00:00,-692.71,-77.03,2470.17,85.95,-984.47,587.50
2024-10-13 06:00:00,-469.03,-2.68,2552.17,-279.54,-998.13,587.60
2024-10-13 07:00:00,-783.63,-9.73,2619.99,191.24,-998.21,587.60
2024-10-13 08:00:00,-969.11,-172.24,2305.58,596.80,-998.09,572.80
2024-10-13 09:00:00,-976.08,-469.06,2358.95,547.76,-998.17,342.80
2024-10-13 10:00:00,-975.74,-715.76,2390.40,680.00,-998.00,8.70
2024-10-13 11:00:00,-966.79,-727.02,2492.23,680.92,-998.07,-182.50
2024-10-13 12:00:00,-976.66,-613.24,2418.03,557.37,-997.89,-42.20
2024-10-13 13:00:00,-1195.70,-253.54,2439.73,-1.78,-997.88,380.80
2024-10-13 14:00:00,-1105.84,155.39,2545.72,-646.89,-998.05,575.80
2024-10-13 15:00:00,-827.15,245.47,2351.28,-701.79,-997.91,581.90
2024-10-13 16:00:00,-376.35,684.29,1345.58,-702.53,-1006.80,494.70
2024-10-13 17:00:00,162.95,715.99,1073.87,-702.69,-1442.19,455.10
2024-10-13 18:00:00,615.35,716.02,680.30,-702.46,-1385.62,332.90
2024-10-13 19:00:00,499.55,716.05,656.47,-702.56,-1440.71,428.00
2024-10-13 20:00:00,603.65,716.05,433.52,-702.52,-1453.45,467.40
2024-10-13 21:00:00,217.65,691.47,597.98,-702.64,-1444.99,541.40
2024-10-13 22:00:00,-165.54,324.05,993.90,-702.37,-1008.20,575.30
2024-10-13 23:00:00,-46.84,141.91,984.64,-702.53,-997.70,536.20
2024-10-14 00:00:00,272.26,177.59,627.27,-702.56,-997.83,448.20
2024-10-14 01:00:00,726.26,136.29,241.59,-702.58,-1005.06,442.40
2024-10-14 02:00:00,1135.22,208.20,-14.41,-702.58,-1360.61,513.60
2024-10-14 03:00:00,1063.63,682.82,-242.93,-698.42,-1448.03,329.90
2024-10-14 04:00:00,1160.39,716.30,-538.26,-496.69,-1249.51,89.70
2024-10-14 05:00:00,1356.98,716.24,-753.02,-491.99,-817.29,-21.40
2024-10-14 06:00:00,1183.27,716.37,-855.25,-492.07,-762.46,-109.80
2024-10-14 07:00:00,1078.19,716.50,-237.11,-492.11,-1438.15,-174.10
2024-10-14 08:00:00,997.37,716.52,-981.78,-492.03,-1454.29,326.10
2024-10-14 09:00:00,1176.67,716.55,-1315.13,-492.00,-1453.55,436.30
2024-10-14 10:00:00,1366.19,716.64,-1488.80,-492.01,-1420.21,387.20
2024-10-14 11:00:00,1378.57,716.64,-2015.66,-491.94,-1007.71,512.40
2024-10-14 12:00:00,1362.72,716.72,-1590.11,-489.24,-997.84,18.20
2024-10-14 13:00:00,1157.88,716.70,-1660.60,-348.52,-997.16,187.20
2024-10-14 14:00:00,1362.06,716.63,-1611.42,-254.88,-965.29,116.00
2024-10-14 15:00:00,1377.59,716.72,-841.21,-486.63,-997.19,-3.00
2024-10-14 16:00:00,1377.88,716.69,-354.53,-491.92,-997.99,-193.70
2024-10-14 17:00:00,1377.56,716.70,-434.40,-492.08,-998.18,-101.50
2024-10-14 18:00:00,1377.47,716.70,-459.88,-490.52,-997.70,-119.70
2024-10-14 19:00:00,1377.58,716.59,-499.70,-419.28,-962.65,-18.30
2024-10-14 20:00:00,1377.57,716.62,-882.15,-419.17,-827.89,195.60
2024-10-14 21:00:00,1377.56,716.67,-597.89,-487.17,-874.96,186.70
2024-10-14 22:00:00,1377.50,716.71,-207.89,-363.84,-995.63,15.40
2024-10-14 23:00:00,1377.62,716.62,-636.19,180.66,-997.05,63.90
2024-10-15 00:00:00,1377.44,716.70,-9.65,-420.77,-926.63,115.30
2024-10-15 01:00:00,1377.59,716.80,-301.23,-38.78,-990.91,201.10
2024-10-15 02:00:00,1377.65,716.74,-808.35,145.55,-736.66,313.60
2024-10-15 03:00:00,1377.74,716.23,-1955.51,541.23,83.55,273.30
2024-10-15 04:00:00,1377.87,716.08,-2520.13,680.32,948.78,-97.80
2024-10-15 05:00:00,1377.97,716.21,-2409.19,643.80,1065.82,63.30
2024-10-15 06:00:00,1375.04,716.35,-2125.29,574.13,882.49,128.70
2024-10-15 07:00:00,1377.53,716.44,-2117.70,679.34,730.27,-22.80
2024-10-15 08:00:00,1378.04,716.69,-608.01,589.48,-917.48,-42.00
2024-10-15 09:00:00,1377.98,716.82,-614.47,610.59,-998.07,-34.30
2024-10-15 10:00:00,1377.89,716.87,-413.07,11.17,-998.06,79.30
2024-10-15 11:00:00,1378.01,716.78,-910.99,600.77,-997.99,15.60
2024-10-15 12:00:00,1377.96,716.61,-757.26,675.15,-996.57,-94.70
2024-10-15 13:00:00,1378.00,716.76,-426.91,353.01,-911.60,-104.60
2024-10-15 14:00:00,1377.95,716.68,-920.58,444.45,-290.16,-55.50
2024-10-15 15:00:00,1377.81,716.70,-296.07,-221.91,-90.99,-140.80
2024-10-15 16:00:00,1378.10,716.80,-860.16,-472.88,627.06,-26.60
2024-10-15 17:00:00,1378.11,716.86,-529.96,194.27,-729.86,15.10
2024-10-15 18:00:00,1378.15,716.82,-614.12,341.63,-1002.40,43.60
2024-10-15 19:00:00,1378.16,716.73,-480.13,673.50,-1444.31,-264.80
2024-10-15 20:00:00,1349.48,716.76,-410.84,548.05,-1445.85,-435.90
2024-10-15 21:00:00,859.10,682.25,-605.40,174.04,-1004.15,97.90
2024-10-15 22:00:00,487.99,160.33,449.91,-425.78,-751.88,401.50
2024-10-15 23:00:00,-113.21,-281.10,227.86,168.72,13.18,401.20
2024-10-16 00:00:00,-427.41,-439.38,666.50,380.17,-222.66,507.30
2024-10-16 01:00:00,-395.61,-433.76,1296.48,22.87,-267.02,200.90
2024-10-16 02:00:00,-263.10,-434.43,916.18,76.98,-20.05,12.60
2024-10-16 03:00:00,24.60,-272.50,234.36,-387.98,224.51,205.00
2024-10-16 04:00:00,324.80,130.72,-26.43,-489.96,-331.59,69.10
2024-10-16 05:00:00,726.92,677.51,43.19,-491.81,-1299.65,-62.00
2024-10-16 06:00:00,671.11,684.45,-13.56,-491.86,-1451.20,-42.60
2024-10-16 07:00:00,251.31,215.97,45.76,-488.65,-1453.96,272.10
2024-10-16 08:00:00,-196.19,-238.90,175.74,-469.31,-1446.98,545.60
2024-10-16 09:00:00,-646.09,-568.89,-5.59,-52.53,-1105.94,244.50
2024-10-16 10:00:00,-1094.00,-132.91,262.64,51.48,-999.96,-39.80
2024-10-16 11:00:00,-1301.14,56.28,373.94,-244.81,-997.81,-93.40
2024-10-16 12:00:00,-1378.35,-209.50,945.80,-486.27,-997.74,314.90
2024-10-16 13:00:00,-916.52,-661.46,881.30,-491.66,-1006.50,462.90
2024-10-16 14:00:00,-960.12,-323.52,467.32,-491.78,-1443.38,563.20
2024-10-16 15:00:00,-212.72,58.76,19.99,-491.79,-1453.85,349.90
2024-10-16 16:00:00,-3.42,46.70,-27.87,-491.80,-1453.88,352.10
2024-10-16 17:00:00,101.18,-121.27,-125.02,-485.41,-1454.01,399.30
2024-10-16 18:00:00,-98.13,-397.79,-5.52,-364.68,-1454.09,496.60
2024-10-16 19:00:00,-174.53,-397.94,208.04,-482.07,-1454.05,577.50
2024-10-16 20:00:00,-443.03,-511.38,279.16,-139.08,-1453.89,571.30
2024-10-16 21:00:00,-627.13,-324.17,376.75,65.15,-1445.30,586.10
2024-10-16 22:00:00,-577.03,-57.98,399.16,-368.75,-1008.39,587.50
2024-10-16 23:00:00,-579.73,52.03,560.94,-443.26,-997.95,587.50
2024-10-17 00:00:00,-452.13,249.91,465.44,-490.80,-998.07,587.60
2024-10-17 01:00:00,-524.03,164.22,738.23,-491.90,-998.14,585.60
2024-10-17 02:00:00,-458.73,497.75,268.63,-491.86,-1006.75,566.90
2024-10-17 03:00:00,-399.63,607.37,151.93,-490.62,-1443.84,447.00
2024-10-17 04:00:00,-134.33,378.12,121.78,-433.04,-1454.07,364.80
2024-10-17 05:00:00,103.97,689.30,-36.76,-484.61,-1454.11,427.30
2024-10-17 06:00:00,154.97,706.93,23.11,-491.74,-1453.99,431.80
2024-10-17 07:00:00,-95.63,673.32,21.64,-491.84,-1453.94,543.30
2024-10-17 08:00:00,-38.93,659.62,-12.81,-491.84,-1453.91,416.60
2024-10-17 09:00:00,64.97,562.85,6.28,-491.81,-1453.87,435.10
2024-10-17 10:00:00,482.67,301.51,-124.89,-491.68,-1453.70,498.50
2024-10-17 11:00:00,687.57,450.02,-112.88,-491.81,-1453.90,411.60
2024-10-17 12:00:00,1219.80,713.60,-606.48,-491.81,-1453.67,446.10
2024-10-17 13:00:00,1372.74,715.99,-611.60,-481.52,-1453.03,242.90
2024-10-17 14:00:00,1377.68,715.93,-610.13,20.58,-1436.32,-202.30
2024-10-17 15:00:00,1375.98,715.78,-1680.31,114.65,-539.10,91.80
2024-10-17 16:00:00,1332.44,716.12,-1836.64,-86.15,263.60,-174.10
2024-10-17 17:00:00,1375.18,716.08,-1633.40,362.76,-713.38,43.80
2024-10-17 18:00:00,1375.39,716.33,-1349.08,86.94,-993.73,302.30
2024-10-17 19:00:00,1375.80,716.40,-493.49,-204.23,-1079.20,181.00
2024-10-17 20:00:00,1375.89,716.38,-453.38,-249.44,-993.27,320.80
2024-10-17 21:00:00,1375.96,716.59,-228.45,-450.25,-997.83,415.60
2024-10-17 22:00:00,1375.75,716.44,117.10,-491.22,-998.15,421.80
2024-10-17 23:00:00,1375.83,716.33,117.88,-492.01,-998.04,458.30
2024-10-18 00:00:00,1375.87,716.33,24.85,-492.05,-998.22,492.50
2024-10-18 01:00:00,1375.54,716.29,-9.95,-491.97,-998.14,498.30
2024-10-18 02:00:00,1375.68,716.14,36.76,-491.38,-995.89,549.60
2024-10-18 03:00:00,1375.58,716.04,-91.72,-457.78,-811.27,547.50
2024-10-18 04:00:00,1375.79,716.03,-1438.95,-170.29,829.53,7.70
2024-10-18 05:00:00,1375.97,716.14,-1739.63,392.87,1065.58,-407.40
2024-10-18 06:00:00,1375.87,716.15,-1194.66,-20.23,1027.14,-440.90
2024-10-18 07:00:00,1377.70,716.10,312.36,-443.19,-261.31,-31.30
2024-10-18 08:00:00,1436.43,716.01,386.30,-481.91,-608.93,310.10
2024-10-18 09:00:00,1595.55,715.97,566.37,-466.93,-404.30,-77.70
2024-10-18 10:00:00,1407.54,716.07,254.95,-445.51,-185.89,-1.40
2024-10-18 11:00:00,1606.09,716.23,-229.49,-454.08,-208.71,134.30
2024-10-18 12:00:00,1621.57,716.38,-1072.33,-379.68,458.68,138.20
2024-10-18 13:00:00,1621.62,716.47,-1119.44,-443.98,717.43,-76.50
2024-10-18 14:00:00,1621.44,716.50,-1502.37,-470.53,1056.02,-189.40
2024-10-18 15:00:00,1592.80,716.25,-1411.98,-189.84,778.47,-158.80
2024-10-18 16:00:00,1382.34,716.37,-1501.04,263.34,561.50,-179.70
2024-10-18 17:00:00,1377.72,716.45,-1646.47,143.10,759.30,-346.70
2024-10-18 18:00:00,1377.43,716.31,-1227.08,-368.36,348.43,-218.90
2024-10-18 19:00:00,1377.30,716.20,-1184.68,-159.72,-48.19,-224.80
2024-10-18 20:00:00,1377.25,716.36,-758.49,-481.55,-523.94,114.40
2024-10-18 21:00:00,1377.48,716.45,-493.69,-677.81,-720.81,123.10
2024-10-18 22:00:00,1377.27,716.56,-616.54,-453.49,-705.12,-47.90
2024-10-18 23:00:00,1377.29,716.51,-156.19,-697.36,-991.36,-5.70
2024-10-19 00:00:00,1377.26,716.62,-0.85,-702.77,-995.77,-20.20
2024-10-19 01:00:00,1377.22,716.46,-31.46,-693.80,-874.66,-56.90
2024-10-19 02:00:00,1376.96,716.63,-65.47,-675.63,-844.67,-102.70
2024-10-19 03:00:00,1376.96,716.35,-97.09,-649.98,-773.05,-127.80
2024-10-19 04:00:00,1376.87,716.54,-265.76,-681.42,-719.32,-72.30
2024-10-19 05:00:00,1377.02,716.68,93.16,-702.47,-976.33,-112.80
2024-10-19 06:00:00,1377.08,716.49,338.58,-702.78,-997.84,-89.90
2024-10-19 07:00:00,1377.22,716.68,496.98,-702.99,-1006.37,-24.30
2024-10-19 08:00:00,1377.05,716.58,1063.23,-702.07,-1424.57,-113.30
2024-10-19 09:00:00,1374.09,716.68,1228.54,-666.26,-1453.64,-259.60
2024-10-19 10:00:00,1377.81,716.64,1152.68,-702.05,-1453.79,-180.50
2024-10-19 11:00:00,1378.19,716.60,1301.00,-702.77,-1430.52,-192.30
2024-10-19 12:00:00,1391.38,716.71,1138.47,-689.42,-1318.59,-253.00
2024-10-19 13:00:00,1606.25,716.70,39.26,-18.03,-1013.37,-187.70
2024-10-19 14:00:00,1621.86,716.64,-1380.78,515.44,-420.30,-208.70
2024-10-19 15:00:00,1609.57,716.62,-1777.78,628.92,-260.98,-77.90
2024-10-19 16:00:00,1447.97,716.64,-953.28,581.03,-980.90,-0.90
2024-10-19 17:00:00,1609.53,716.83,-1253.43,586.32,-998.09,114.40
2024-10-19 18:00:00,1621.88,716.83,-774.23,-59.23,-998.15,184.10
2024-10-19 19:00:00,1621.68,716.91,-334.98,-639.67,-997.99,269.80
2024-10-19 20:00:00,1621.86,716.89,-383.45,-697.95,-998.05,221.60
2024-10-19 21:00:00,1622.05,716.89,-683.91,-532.60,-1002.44,90.30
2024-10-19 22:00:00,1622.00,716.77,-1077.55,-325.08,-1224.77,278.20
2024-10-19 23:00:00,1622.26,716.79,-825.82,-562.00,-1330.02,237.70
2024-10-20 00:00:00,1622.36,716.55,-1436.57,-344.18,-1056.90,220.40
2024-10-20 01:00:00,1607.71,716.59,-1984.71,-256.80,-640.07,94.90
2024-10-20 02:00:00,1374.11,716.58,-2340.72,-692.75,530.30,-60.20
2024-10-20 03:00:00,1059.23,716.57,-2307.95,-702.44,765.44,-4.90
2024-10-20 04:00:00,829.23,716.56,-2271.96,-686.09,1056.71,-86.10
2024-10-20 05:00:00,1133.82,716.83,-2213.73,-592.81,832.25,-243.30
2024-10-20 06:00:00,952.83,679.97,-1896.02,-656.08,1015.01,-207.00
2024-10-20 07:00:00,580.33,117.20,-849.26,-701.72,869.48,-53.20
2024-10-20 08:00:00,7.90,-389.01,569.18,-688.91,459.79,314.00
2024-10-20 09:00:00,-399.71,-525.62,1497.09,-5.03,-83.38,302.70
2024-10-20 10:00:00,-685.11,7.64,1503.47,511.69,-737.45,426.90
2024-10-20 11:00:00,-770.41,494.42,1362.68,679.61,-767.61,486.50
2024-10-20 12:00:00,-561.71,326.76,1456.81,654.01,-983.65,100.50
2024-10-20 13:00:00,-568.11,-205.48,1388.46,678.57,-579.41,-439.50
2024-10-20 14:00:00,110.40,-197.23,-897.83,445.48,-10.72,46.50
2024-10-20 15:00:00,547.03,351.40,-992.80,-229.29,-267.94,-275.50
2024-10-20 16:00:00,538.49,599.43,-704.32,-459.21,-615.91,-435.40
2024-10-20 17:00:00,114.69,132.68,-220.56,-237.48,-1367.62,150.00
2024-10-20 18:00:00,-577.89,-244.32,477.30,-211.05,-1448.25,342.70
2024-10-20 19:00:00,-770.56,-680.58,804.74,-396.89,-1227.87,491.50
2024-10-20 20:00:00,-960.00,-436.61,143.88,-533.41,-675.94,462.40
2024-10-20 21:00:00,-632.38,-619.46,-93.84,-416.12,-115.95,158.00
2024-10-20 22:00:00,-541.37,-82.00,531.15,-305.38,313.24,-139.60
2024-10-20 23:00:00,-690.00,0.71,392.95,-91.54,814.78,-460.40
2024-10-21 00:00:00,-1258.50,-0.48,854.58,330.83,576.32,-458.40
2024-10-21 01:00:00,-1554.96,-8.73,934.03,185.83,568.62,-361.50
2024-10-21 02:00:00,-1404.91,-149.96,720.79,-103.00,765.61,-248.50
2024-10-21 03:00:00,-1430.02,-470.34,19.57,-307.37,485.73,229.30
2024-10-21 04:00:00,-1315.61,-113.97,24.64,-537.82,62.76,547.70
2024-10-21 05:00:00,-410.47,465.99,-227.43,-458.72,-1165.82,410.40
2024-10-21 06:00:00,55.44,485.56,-90.92,-697.12,-1426.22,365.60
2024-10-21 07:00:00,-234.32,466.67,140.56,-702.78,-1453.64,355.10
2024-10-21 08:00:00,-17.62,501.46,-41.52,-702.48,-1453.75,244.90
2024-10-21 09:00:00,-3.72,501.49,-145.34,-702.72,-1453.91,251.10
2024-10-21 10:00:00,-62.32,501.65,112.47,-702.52,-1453.79,116.20
2024-10-21 11:00:00,406.08,501.73,-43.14,-702.48,-1454.14,51.00
2024-10-21 12:00:00,824.18,501.80,-68.18,-702.63,-1453.74,-116.50
2024-10-21 13:00:00,997.06,501.95,-125.87,-702.56,-1452.79,-219.90
2024-10-21 14:00:00,1383.41,501.94,-555.94,-689.58,-1358.37,-337.10
2024-10-21 15:00:00,1432.44,501.95,-2381.06,-48.68,34.65,-230.20
2024-10-21 16:00:00,1292.34,501.93,-2256.60,-486.40,674.24,-168.00
2024-10-21 17:00:00,1608.28,501.88,-2311.15,138.67,39.64,-89.10
2024-10-21 18:00:00,1621.20,501.99,-2442.94,510.39,142.02,-200.80
2024-10-21 19:00:00,1621.17,501.95,-2447.15,473.42,185.38,-134.20
2024-10-21 20:00:00,1621.17,501.86,-2428.29,641.59,71.81,-222.60
2024-10-21 21:00:00,1621.41,507.88,-1031.61,1.20,-635.06,12.60
2024-10-21 22:00:00,1621.11,594.93,-2045.58,581.88,-102.48,-196.30
2024-10-21 23:00:00,1621.01,601.61,-1916.36,562.24,54.95,-323.50
2024-10-22 00:00:00,1621.34,601.38,-1807.40,193.16,497.43,-376.50
2024-10-22 01:00:00,1621.04,601.33,-1138.57,-485.58,258.73,-218.80
2024-10-22 02:00:00,1621.20,601.46,-943.89,-540.73,398.08,-500.50
2024-10-22 03:00:00,1621.52,601.39,-1352.78,-472.80,600.35,-501.00
2024-10-22 04:00:00,1621.47,601.37,-1464.26,-492.79,409.95,-236.10
2024-10-22 05:00:00,1500.06,601.40,-679.64,-694.91,330.45,-503.00
2024-10-22 06:00:00,1169.05,601.39,436.78,-544.05,-851.19,-519.50
2024-10-22 07:00:00,1499.66,601.52,-309.21,-215.56,-1335.68,-416.10
2024-10-22 08:00:00,1615.00,601.47,-593.54,42.78,-1451.79,-515.60
2024-10-22 09:00:00,1613.58,599.97,-685.66,-465.43,-1453.90,-434.90
2024-10-22 10:00:00,1301.84,577.03,-658.41,-697.27,-1453.99,-278.60
2024-10-22 11:00:00,627.08,531.10,-429.06,-686.75,-1453.84,87.20
2024-10-22 12:00:00,823.00,583.68,-668.19,-532.70,-1453.68,-151.50
2024-10-22 13:00:00,1232.85,596.55,-585.55,-541.98,-1452.79,-487.30
2024-10-22 14:00:00,1574.47,665.07,-581.42,-698.00,-1406.11,-536.90
2024-10-22 15:00:00,1589.94,612.22,-1194.64,-646.38,-1452.82,-50.90
2024-10-22 16:00:00,1149.84,708.81,-924.21,-466.72,-1453.92,-114.90
2024-10-22 17:00:00,1345.23,715.96,-1223.49,-312.50,-1453.27,-55.00
2024-10-22 18:00:00,1375.68,716.02,-1390.06,-694.02,-1403.36,267.00
2024-10-22 19:00:00,1526.81,715.95,-2259.09,-702.88,-1007.60,504.20
2024-10-22 20:00:00,1608.42,716.05,-2292.68,-702.75,-998.14,586.30
2024-10-22 21:00:00,1609.46,715.97,-2075.42,-702.82,-998.27,572.30
2024-10-22 22:00:00,1622.46,716.06,-1843.25,-702.79,-998.23,579.10
2024-10-22 23:00:00,1624.72,716.22,-1738.91,-702.94,-998.32,582.50
2024-10-23 00:00:00,1622.69,716.40,-1488.85,-702.91,-998.14,487.20
2024-10-23 01:00:00,1622.63,716.53,-1456.25,-698.77,-982.49,455.00
2024-10-23 02:00:00,1622.69,716.71,-1824.64,-499.95,-667.13,456.90
2024-10-23 03:00:00,1610.98,716.74,-1816.55,-686.86,-380.18,193.70
2024-10-23 04:00:00,1448.51,716.73,-2417.47,-146.83,194.38,-154.30
2024-10-23 05:00:00,1610.07,716.65,-2506.21,-543.42,1048.86,-547.40
2024-10-23 06:00:00,1613.50,716.76,-2455.35,-492.33,998.73,-569.10
2024-10-23 07:00:00,1480.00,716.65,-1570.17,-225.18,-605.97,-326.60
2024-10-23 08:00:00,1511.30,716.48,-1936.21,443.42,-941.11,-293.60
2024-10-23 09:00:00,1616.09,716.65,-2171.72,398.73,-996.89,-126.20
2024-10-23 10:00:00,1622.32,716.72,-2197.29,224.74,-998.05,-23.90
2024-10-23 11:00:00,1622.51,716.58,-1929.86,272.94,-997.80,-236.80
2024-10-23 12:00:00,1622.15,716.66,-1527.27,-363.37,-995.60,-193.60
2024-10-23 13:00:00,1622.23,716.66,-2048.12,223.80,-846.23,-241.90
2024-10-23 14:00:00,1622.58,716.72,-2430.45,49.64,384.71,-497.60
2024-10-23 15:00:00,1622.41,716.72,-2306.09,-19.58,522.49,-436.00
2024-10-23 16:00:00,1622.09,716.76,-2527.86,-6.73,910.99,-544.20
2024-10-23 17:00:00,1606.87,716.79,-2450.11,78.44,416.68,-523.10
2024-10-23 18:00:00,1388.56,716.66,-2458.89,-29.60,414.22,-543.50
2024-10-23 19:00:00,1379.12,716.81,-2312.42,-254.09,132.85,-342.80
2024-10-23 20:00:00,1469.93,716.72,-2472.57,-185.93,39.21,-215.90
2024-10-23 21:00:00,1526.06,709.80,-1925.83,-680.01,17.67,-80.30
2024-10-23 22:00:00,1615.98,610.74,-2455.52,-244.40,345.55,-251.70
2024-10-23 23:00:00,1622.38,603.45,-2278.53,-616.35,677.07,-287.50
2024-10-24 00:00:00,1622.28,603.16,-2199.42,-358.71,554.74,-393.20
2024-10-24 01:00:00,1622.41,603.05,-2480.77,-521.65,903.74,-379.70
2024-10-24 02:00:00,1622.48,602.93,-2373.73,-643.00,1065.00,-344.00
2024-10-24 03:00:00,1618.21,559.70,-2528.87,-501.21,1068.51,-244.30
2024-10-24 04:00:00,1622.34,6.19,-2374.75,-6.59,1068.58,-464.30
2024-10-24 05:00:00,1622.23,0.00,-2419.92,173.96,1063.78,-565.90
2024-10-24 06:00:00,1539.92,0.00,-2353.79,386.85,795.96,-539.90
2024-10-24 07:00:00,1605.28,0.00,-1502.20,675.88,-364.84,-319.40
2024-10-24 08:00:00,1620.14,0.00,-853.62,609.50,-984.13,-187.60
2024-10-24 09:00:00,1620.45,0.00,-505.54,572.74,-997.98,-106.20
2024-10-24 10:00:00,1620.47,0.00,-585.42,621.08,-997.83,-55.70
2024-10-24 11:00:00,1620.31,0.00,-670.51,681.78,-997.87,78.50
2024-10-24 12:00:00,1620.37,0.00,-709.94,680.79,-982.68,38.30
2024-10-24 13:00:00,1620.57,0.00,-1311.14,554.98,-212.22,-291.70
2024-10-24 14:00:00,1620.35,0.00,-1236.73,214.56,208.67,-343.10
2024-10-24 15:00:00,1620.55,0.00,-1664.40,573.49,363.19,-243.60
2024-10-24 16:00:00,1621.84,0.00,-729.15,76.28,-181.36,-373.40
2024-10-24 17:00:00,1621.88,0.00,-283.94,-11.70,-1265.77,-100.70
2024-10-24 18:00:00,1621.71,0.00,-48.06,-442.06,-1450.68,110.90
2024-10-24 19:00:00,1621.75,0.00,-487.42,-408.59,-1449.09,423.50
2024-10-24 20:00:00,1621.76,0.00,-262.91,-506.68,-1199.95,167.60
2024-10-24 21:00:00,1621.61,0.00,-494.43,-593.49,-1002.75,261.30
2024-10-24 22:00:00,1621.73,0.00,-501.66,-231.42,-997.97,239.60
2024-10-24 23:00:00,1621.78,0.00,-630.82,1.63,-998.17,313.60
2024-10-25 00:00:00,1615.59,0.00,-235.88,-132.03,-998.02,177.20
2024-10-25 01:00:00,1533.82,0.00,-267.04,-56.66,-998.22,196.30
2024-10-25 02:00:00,1596.54,0.00,-783.84,253.08,-996.45,226.70
2024-10-25 03:00:00,1350.64,0.00,-785.59,390.94,-893.90,239.80
2024-10-25 04:00:00,1602.44,0.00,-2007.24,610.78,157.93,95.80
2024-10-25 05:00:00,1621.95,0.00,-2184.50,681.89,1034.75,-292.60
2024-10-25 06:00:00,1621.66,0.00,-1411.24,653.21,753.70,-392.40
2024-10-25 07:00:00,1621.60,0.00,183.18,632.17,-917.74,-222.10
2024-10-25 08:00:00,1621.55,0.00,337.03,624.63,-997.92,-147.50
2024-10-25 09:00:00,1621.43,0.00,947.60,-43.11,-998.03,57.00
2024-10-25 10:00:00,1621.81,0.00,1174.89,-504.19,-997.95,160.80
2024-10-25 11:00:00,1621.71,0.00,772.58,-92.41,-998.06,181.00
2024-10-25 12:00:00,1621.63,0.00,108.92,368.93,-995.79,230.40
2024-10-25 13:00:00,1621.63,0.00,-185.70,675.46,-872.87,-101.30
2024-10-25 14:00:00,1621.85,0.00,-703.69,601.55,-50.31,-298.90
2024-10-25 15:00:00,1621.63,0.00,-1347.83,675.90,727.42,-403.30
2024-10-25 16:00:00,1621.82,0.00,-1770.60,512.84,980.38,-93.60
2024-10-25 17:00:00,1621.52,0.00,-872.91,589.74,-219.06,-67.20
2024-10-25 18:00:00,1621.96,0.00,-422.81,630.76,-827.49,-8.40
2024-10-25 19:00:00,1621.80,0.00,-313.69,604.66,-957.43,30.40
2024-10-25 20:00:00,1621.84,0.00,-652.96,681.10,-611.81,-92.90
2024-10-25 21:00:00,1610.26,0.00,-550.66,664.92,-627.62,-103.20
2024-10-25 22:00:00,1310.99,0.00,-184.81,644.04,-874.36,78.90
2024-10-25 23:00:00,1425.83,0.00,-197.90,554.37,-762.77,33.30
2024-10-26 00:00:00,1596.95,0.00,-315.56,665.69,-867.45,-15.40
2024-10-26 01:00:00,1447.37,0.00,-410.79,612.03,-632.47,-26.30
2024-10-26 02:00:00,1609.29,0.00,-1377.99,611.11,134.56,-0.30
2024-10-26 03:00:00,1621.86,0.00,-1698.67,632.42,438.46,-55.60
2024-10-26 04:00:00,1612.75,0.00,-2250.35,678.73,880.13,-50.30
2024-10-26 05:00:00,1485.10,0.00,-1869.38,658.73,754.88,-71.90
2024-10-26 06:00:00,1521.40,0.00,-146.73,82.56,-247.13,-59.20
2024-10-26 07:00:00,1563.92,0.00,240.20,-214.51,-862.83,427.10
2024-10-26 08:00:00,1618.20,0.00,-66.38,446.42,-995.45,-7.60
2024-10-26 09:00:00,1621.53,0.00,-363.57,635.67,-998.19,137.80
2024-10-26 10:00:00,1610.89,0.00,-476.02,572.98,-998.08,155.20
2024-10-26 11:00:00,1464.20,0.00,-387.04,615.43,-997.45,88.70
2024-10-26 12:00:00,1610.14,0.00,-440.05,642.92,-965.86,-50.10
2024-10-26 13:00:00,1621.89,0.00,-698.07,630.12,-795.08,-59.40
2024-10-26 14:00:00,1622.18,0.00,-1716.68,352.40,315.20,-71.60
2024-10-26 15:00:00,1621.98,0.00,-1912.61,-53.07,877.94,-88.30
2024-10-26 16:00:00,1621.87,0.00,-715.87,-560.86,-61.38,-122.50
2024-10-26 17:00:00,1621.84,0.00,-160.21,-655.77,-976.90,-233.10
2024-10-26 18:00:00,1621.83,0.00,-308.49,-656.07,-998.08,-206.40
2024-10-26 19:00:00,1621.60,0.00,-253.04,-669.30,-997.92,-188.00
2024-10-26 20:00:00,1621.84,0.00,-748.13,-673.22,-998.10,-61.00
2024-10-26 21:00:00,1621.71,0.00,-1004.66,-692.77,-998.06,64.40
2024-10-26 22:00:00,1621.66,0.00,-1523.70,-243.40,-997.97,34.00
2024-10-26 23:00:00,1621.91,0.00,-1387.37,-668.77,-984.75,108.80
2024-10-27 00:00:00,1590.94,0.00,-1705.07,-588.41,-316.01,-49.40
2024-10-27 01:00:00,1184.21,0.00,-1201.49,-567.06,-164.04,184.90
2024-10-27 02:00:00,1593.97,0.00,-1753.81,-12.06,3.89,148.50
2024-10-27 03:00:00,1618.24,0.00,-2178.14,218.52,289.93,225.30
2024-10-27 04:00:00,1386.34,0.00,-1996.40,481.98,-163.32,337.50
2024-10-27 05:00:00,1574.53,0.00,-994.08,-164.66,-450.51,416.20
2024-10-27 06:00:00,1620.89,0.00,-344.60,-691.28,-985.48,548.90
2024-10-27 07:00:00,1621.89,0.00,-197.14,-702.72,-997.98,352.70
2024-10-27 08:00:00,1622.04,0.00,-372.47,-702.28,-998.03,165.30
2024-10-27 09:00:00,1621.67,0.00,-220.36,-677.56,-998.02,-178.90
2024-10-27 10:00:00,1621.77,0.00,-685.14,-556.36,-998.08,-163.20
2024-10-27 11:00:00,1621.93,0.00,-1169.11,-572.04,-1001.53,-202.30
2024-10-27 12:00:00,1622.16,0.00,-1000.22,-584.34,-1171.93,-526.40
2024-10-27 13:00:00,1622.14,0.00,-1334.55,-696.17,-847.25,-599.40
2024-10-27 14:00:00,1622.06,0.00,-1613.77,-568.80,-637.09,-108.20
2024-10-27 15:00:00,1621.95,-0.08,-2182.47,-639.94,280.87,111.40
2024-10-27 16:00:00,1621.89,8.79,-2145.89,-416.68,90.74,246.70
2024-10-27 17:00:00,1621.84,327.09,-1374.31,-693.30,-430.84,159.20
2024-10-27 18:00:00,1621.80,570.21,-2327.62,-688.89,105.90,20.50
2024-10-27 19:00:00,1621.82,601.94,-2477.57,-12.31,-83.62,-194.60
2024-10-27 20:00:00,1621.86,602.02,-2456.02,158.59,-250.37,-331.80
2024-10-27 21:00:00,1600.47,602.04,-2458.56,-94.16,-65.10,-310.40
2024-10-27 22:00:00,1275.81,602.06,-2491.92,-263.12,317.07,-231.90
2024-10-27 23:00:00,998.62,602.00,-2416.76,-352.21,606.27,-103.60
2024-10-28 00:00:00,1083.06,602.05,-2519.35,-337.11,655.80,-32.00
2024-10-28 01:00:00,927.24,602.00,-2389.02,-21.46,674.09,-181.40
2024-10-28 02:00:00,709.91,602.01,-2187.77,-68.87,881.48,-173.60
2024-10-28 03:00:00,715.91,586.18,-1323.61,-5.37,272.71,-277.10
2024-10-28 04:00:00,722.62,553.58,-54.04,-137.95,-167.59,-472.90
2024-10-28 05:00:00,642.80,574.27,21.36,-3.21,69.17,-573.10
2024-10-28 06:00:00,1033.45,252.43,87.68,0.00,-142.02,-490.70
2024-10-28 07:00:00,1452.52,576.89,95.76,0.00,-958.14,-469.30
2024-10-28 08:00:00,1464.13,507.85,-522.55,0.00,-372.47,-501.60
2024-10-28 09:00:00,825.29,297.55,199.16,0.00,-0.45,-534.20
2024-10-28 10:00:00,744.29,581.10,111.05,0.00,0.00,-393.00
2024-10-28 11:00:00,986.29,601.46,122.21,0.00,0.00,-439.30
2024-10-28 12:00:00,764.69,601.51,561.93,0.00,-134.21,-374.60
2024-10-28 13:00:00,1427.19,601.37,143.42,0.00,-727.34,-291.80
2024-10-28 14:00:00,1273.08,564.05,221.05,0.00,-727.77,-240.70
2024-10-28 15:00:00,1597.03,569.73,-258.30,0.00,-382.93,-351.10
2024-10-28 16:00:00,1622.50,509.04,-841.90,0.00,168.14,-75.50
2024-10-28 17:00:00,1622.55,508.52,-295.63,0.00,-469.60,78.00
2024-10-28 18:00:00,1622.46,594.69,-804.63,0.00,-118.53,48.40
2024-10-28 19:00:00,1622.20,601.19,-304.00,0.00,-689.03,45.20
2024-10-28 20:00:00,1622.62,601.56,-128.83,0.00,-919.25,69.90
2024-10-28 21:00:00,1622.33,601.68,-178.46,0.00,-991.16,244.90
2024-10-28 22:00:00,1622.47,601.93,58.49,0.00,-958.52,24.40
2024-10-28 23:00:00,1622.30,601.98,389.39,0.00,-1434.04,154.60
2024-10-29 00:00:00,1622.40,601.95,302.17,0.00,-1429.79,246.20
2024-10-29 01:00:00,1622.69,601.84,299.94,0.00,-1449.50,247.30
2024-10-29 02:00:00,1622.53,602.03,-38.39,0.00,-1244.50,247.30
2024-10-29 03:00:00,1622.53,601.94,-688.85,0.00,-337.99,-68.50
2024-10-29 04:00:00,1622.60,591.12,-1722.88,0.00,639.77,39.70
2024-10-29 05:00:00,1622.79,433.88,-1981.07,0.00,1388.50,-28.40
2024-10-29 06:00:00,1607.01,394.78,-1757.60,0.00,1405.41,-31.50
2024-10-29 07:00:00,1375.61,213.36,-905.52,0.00,1394.20,-437.90
2024-10-29 08:00:00,1202.75,269.82,-461.54,0.00,821.13,-252.90
2024-10-29 09:00:00,1319.57,451.72,-173.41,0.00,35.69,-37.60
2024-10-29 10:00:00,1464.46,331.60,-392.17,0.00,139.46,-23.50
2024-10-29 11:00:00,1609.64,360.35,-115.66,0.00,-20.19,-374.60
2024-10-29 12:00:00,1622.10,573.07,-800.53,0.00,203.47,-320.00
2024-10-29 13:00:00,1621.95,418.23,-1801.35,0.00,927.17,-24.90
2024-10-29 14:00:00,1622.08,448.54,-1981.61,0.00,1286.23,-331.70
2024-10-29 15:00:00,1621.93,451.57,-1272.08,0.00,546.01,-430.30
2024-10-29 16:00:00,1622.19,457.78,-1726.19,0.00,1096.51,-442.60
2024-10-29 17:00:00,1622.47,548.45,-2303.26,0.00,1208.47,-206.70
2024-10-29 18:00:00,1622.56,598.47,-2055.29,0.00,545.94,-227.10
2024-10-29 19:00:00,1622.46,601.74,-1873.35,0.00,-52.14,-112.70
2024-10-29 20:00:00,1622.42,601.90,-2440.37,0.00,-24.59,3.00
2024-10-29 21:00:00,1622.37,602.03,-2426.83,0.00,-324.84,-31.50
2024-10-29 22:00:00,1622.30,609.00,-2107.32,0.00,-1024.14,4.90
2024-10-29 23:00:00,1622.06,708.98,-2051.83,0.00,-1443.68,175.70
2024-10-30 00:00:00,1622.25,716.09,-2420.78,0.00,-1452.49,386.10
2024-10-30 01:00:00,1622.28,716.15,-2439.79,0.00,-1427.22,235.00
2024-10-30 02:00:00,1615.10,716.05,-2366.07,0.00,-1452.84,269.60
2024-10-30 03:00:00,1516.30,716.03,-2318.01,0.00,-1452.96,428.30
2024-10-30 04:00:00,1565.18,716.03,-2450.03,0.00,-1452.03,437.60
2024-10-30 05:00:00,1617.91,716.07,-2432.65,0.00,-1393.54,442.70
2024-10-30 06:00:00,1622.74,716.48,-2643.72,0.00,-1200.81,319.50
2024-10-30 07:00:00,1612.14,716.71,-2404.81,0.00,-1317.79,165.00
2024-10-30 08:00:00,1493.08,716.63,-2424.14,0.00,-1450.16,333.70
2024-10-30 09:00:00,1596.53,716.50,-2513.30,0.00,-1452.77,459.80
2024-10-30 10:00:00,1306.96,716.64,-2396.26,0.00,-1453.36,370.80
2024-10-30 11:00:00,948.47,716.67,-2161.57,0.00,-1453.20,341.50
2024-10-30 12:00:00,977.22,716.56,-2099.67,0.00,-1453.36,412.10
2024-10-30 13:00:00,1377.21,716.55,-2407.00,0.00,-1453.34,456.80
2024-10-30 14:00:00,1600.28,716.43,-2410.46,0.00,-1452.89,279.30
2024-10-30 15:00:00,1527.17,716.21,-2218.44,0.00,-1417.65,314.20
2024-10-30 16:00:00,1442.27,716.43,-2445.70,0.00,-846.70,298.30
2024-10-30 17:00:00,1608.89,716.39,-2241.94,0.00,-1036.66,152.70
2024-10-30 18:00:00,1621.36,716.47,-2128.81,0.00,-1125.34,278.20
2024-10-30 19:00:00,1621.32,716.51,-2319.43,0.00,-1114.57,395.90
2024-10-30 20:00:00,1607.35,716.56,-2256.65,0.00,-950.95,128.80
2024-10-30 21:00:00,1416.06,716.52,-2415.93,0.00,-813.81,359.60
2024-10-30 22:00:00,1391.33,716.67,-2235.36,0.00,-886.70,509.10
2024-10-30 23:00:00,1604.55,716.54,-1922.32,0.00,-1397.00,539.80
2024-10-31 00:00:00,1617.95,716.62,-1974.65,0.00,-1413.04,363.20
2024-10-31 01:00:00,1407.54,716.63,-2177.09,0.00,-1123.77,371.50
2024-10-31 02:00:00,1359.57,716.64,-2257.45,0.00,-1030.69,451.90
2024-10-31 03:00:00,1436.29,716.59,-2414.16,0.00,-1126.83,421.00
2024-10-31 04:00:00,1488.75,716.63,-2491.80,0.00,-1125.40,260.30
2024-10-31 05:00:00,1445.41,716.63,-2402.96,0.00,-1124.92,139.30
2024-10-31 06:00:00,1593.93,716.62,-2410.68,0.00,-1258.02,195.60
2024-10-31 07:00:00,1454.14,716.73,-2168.63,0.00,-1448.67,211.40
2024-10-31 08:00:00,1071.43,698.33,-1828.42,0.00,-1453.29,300.20
2024-10-31 09:00:00,763.69,414.70,-1159.66,0.00,-1453.31,263.60
2024-10-31 10:00:00,499.91,145.21,-957.38,0.00,-1453.64,363.30
2024-10-31 11:00:00,150.39,412.96,-916.98,0.00,-1453.48,402.40
2024-10-31 12:00:00,-322.33,564.27,-549.59,0.00,-1453.58,317.60
2024-10-31 13:00:00,-134.50,279.93,-479.32,0.00,-1453.45,383.70
2024-10-31 14:00:00,-121.91,538.83,-577.75,-0.30,-1453.53,310.80
2024-10-31 15:00:00,-166.90,317.52,-15.96,-0.64,-1453.63,-61.20
2024-10-31 16:00:00,-6.09,302.53,-179.16,-0.64,-1453.49,120.40
2024-10-31 17:00:00,-67.19,187.27,-214.33,-0.64,-1453.57,292.30
2024-10-31 18:00:00,-198.78,103.55,84.07,-0.63,-1453.40,69.40
2024-10-31 19:00:00,-465.59,291.16,16.75,-0.64,-1453.43,314.60
2024-10-31 20:00:00,-508.09,325.57,25.18,-0.63,-1453.43,194.60
2024-10-31 21:00:00,-613.61,353.16,11.82,-0.64,-1453.41,133.80
2024-10-31 22:00:00,-534.59,96.67,-12.77,-0.63,-1453.50,250.30
2024-10-31 23:00:00,-427.69,329.94,-8.64,-0.65,-1453.42,135.90
2024-11-01 00:00:00,20.63,158.57,90.18,-0.63,-1453.52,-126.00
2024-11-01 01:00:00,300.53,176.53,66.13,-0.65,-1453.72,-31.10
2024-11-01 02:00:00,315.12,161.31,78.31,-0.66,-1453.60,-3.80
2024-11-01 03:00:00,445.62,193.69,-18.16,-0.66,-1453.46,-82.60
2024-11-01 04:00:00,94.91,298.60,17.67,-0.62,-1453.76,11.00
2024-11-01 05:00:00,-91.78,261.24,-30.60,0.00,-1453.13,15.10
2024-11-01 06:00:00,94.14,158.75,-5.61,0.00,-1453.17,235.00
2024-11-01 07:00:00,49.33,307.06,-144.06,0.00,-1453.33,247.10
2024-11-01 08:00:00,59.52,557.14,-450.92,-0.06,-1453.00,260.80
2024-11-01 09:00:00,547.61,684.03,-701.86,-8.30,-1453.40,-99.50
2024-11-01 10:00:00,670.91,714.36,-723.64,-9.05,-1453.54,-252.50
2024-11-01 11:00:00,679.91,715.90,-754.84,-0.04,-1453.70,-134.50
2024-11-01 12:00:00,692.60,716.11,-965.53,-0.02,-1453.38,-54.50
2024-11-01 13:00:00,568.59,716.27,-1079.06,-0.03,-1453.54,140.60
2024-11-01 14:00:00,576.59,716.25,-1110.20,-0.01,-1453.32,288.40
2024-11-01 15:00:00,706.30,716.32,-1092.43,-0.01,-1453.46,180.60
2024-11-01 16:00:00,874.91,716.93,-1071.92,0.00,-1453.49,152.60
2024-11-01 17:00:00,689.00,716.40,-1021.25,-0.01,-1453.77,119.30
2024-11-01 18:00:00,618.40,706.82,-1060.50,-14.10,-1453.36,331.10
2024-11-01 19:00:00,1128.45,716.28,-1373.06,-284.69,-1453.49,566.40
2024-11-01 20:00:00,693.72,717.21,-793.01,0.00,-1453.45,479.00
2024-11-01 21:00:00,953.92,717.17,-1034.14,0.00,-1453.71,387.10
2024-11-01 22:00:00,1154.61,717.17,-1074.61,0.00,-1451.54,294.70
2024-11-01 23:00:00,1144.49,717.20,-1042.96,0.00,-1353.73,-24.00
2024-11-02 00:00:00,1458.52,717.24,-1666.89,-13.31,-1388.30,327.50
2024-11-02 01:00:00,1610.81,717.02,-991.83,-686.72,-1370.83,285.90
2024-11-02 02:00:00,1620.29,717.08,-482.51,-692.23,-1400.84,111.90
2024-11-02 03:00:00,1620.04,717.10,-876.22,-224.85,-1298.95,276.80
2024-11-02 04:00:00,1611.18,717.03,-1517.09,446.24,-929.74,140.40
2024-11-02 05:00:00,1489.89,717.14,-1864.52,481.51,-184.32,9.50
2024-11-02 06:00:00,1610.94,717.12,-1138.34,129.62,-157.42,-99.40
2024-11-02 07:00:00,1620.04,717.13,43.70,-292.50,-572.78,-307.20
2024-11-02 08:00:00,1620.05,717.06,-103.03,99.74,-914.83,-379.50
2024-11-02 09:00:00,1620.11,717.09,-151.38,132.40,-1101.05,-325.60
2024-11-02 10:00:00,1619.94,717.14,-494.40,-178.21,-982.37,-130.90
2024-11-02 11:00:00,1620.14,717.21,-763.75,255.63,-997.54,-309.30
2024-11-02 12:00:00,1620.20,717.29,-917.94,377.80,-993.98,-221.80
2024-11-02 13:00:00,1620.24,717.31,-1302.47,455.48,-770.86,-128.60
2024-11-02 14:00:00,1620.10,717.33,-1991.26,522.64,246.03,-191.90
2024-11-02 15:00:00,1620.19,717.16,-2353.23,537.66,1045.26,-497.90
2024-11-02 16:00:00,1620.22,717.30,-1827.40,396.03,807.50,-513.10
2024-11-02 17:00:00,1602.67,717.26,-2381.83,445.67,960.74,-225.70
2024-11-02 18:00:00,1435.04,717.32,-1559.28,-106.54,557.45,-205.90
2024-11-02 19:00:00,1607.57,717.16,-2409.99,394.40,553.40,-357.60
2024-11-02 20:00:00,1620.23,717.33,-2296.44,545.16,-294.04,-129.30
2024-11-02 21:00:00,1620.09,717.26,-2002.26,-110.68,-400.93,1.00
2024-11-02 22:00:00,1605.73,717.25,-2111.05,-36.81,-675.90,37.70
2024-11-02 23:00:00,1457.80,717.01,-1467.87,-331.17,-961.89,-0.30
2024-11-03 00:00:00,1611.05,717.04,-1862.81,-165.22,-997.22,30.00
2024-11-03 01:00:00,1620.35,717.03,-2043.74,-243.09,-997.81,109.30
2024-11-03 02:00:00,1620.11,716.96,-2056.37,-617.22,-997.83,195.30
2024-11-03 03:00:00,1620.14,716.75,-2203.33,-553.56,-997.72,251.60
2024-11-03 04:00:00,1618.71,716.71,-2388.98,-699.45,-997.87,410.00
2024-11-03 05:00:00,1598.36,716.93,-2341.43,-702.64,-997.81,438.90
2024-11-03 06:00:00,1613.50,716.74,-2138.22,-702.62,-997.73,418.10
2024-11-03 07:00:00,1526.12,716.75,-1936.98,-702.63,-1000.39,249.70
2024-11-03 08:00:00,1613.47,716.75,-1786.06,-702.69,-1133.14,153.00
2024-11-03 09:00:00,1610.32,716.90,-1952.30,-702.51,-1174.64,440.90
2024-11-03 10:00:00,1513.77,716.91,-1884.32,-702.63,-1078.31,380.60
2024-11-03 11:00:00,1552.12,717.05,-2068.68,-702.55,-999.59,450.20
2024-11-03 12:00:00,1560.70,717.04,-2118.62,-702.62,-997.68,411.30
2024-11-03 13:00:00,1456.38,717.05,-2382.68,-702.44,-997.81,531.00
2024-11-03 14:00:00,1608.58,717.12,-2378.78,-691.58,-997.61,400.80
2024-11-03 15:00:00,1619.71,716.96,-2447.55,-683.01,-997.61,364.60
2024-11-03 16:00:00,1536.49,717.11,-2365.73,-656.89,-997.65,365.80
2024-11-03 17:00:00,1603.00,717.15,-2329.93,-645.83,-997.76,362.80
2024-11-03 18:00:00,1390.41,717.08,-2175.81,-701.37,-997.77,380.30
2024-11-03 19:00:00,1207.28,717.04,-2017.97,-702.64,-997.71,431.60
2024-11-03 20:00:00,1566.48,717.02,-1848.32,-702.61,-997.67,360.20
2024-11-03 21:00:00,1621.49,716.90,-1877.09,-698.32,-997.26,265.80
2024-11-03 22:00:00,1621.39,716.86,-1373.80,-494.87,-969.17,16.20
2024-11-03 23:00:00,1616.44,716.85,-1077.62,-675.43,-513.19,-178.70
2024-11-04 00:00:00,1491.64,716.87,-1373.69,-19.69,-359.65,-86.80
2024-11-04 01:00:00,1610.70,716.62,-1383.57,200.92,-381.51,-207.90
2024-11-04 02:00:00,1619.86,716.61,-1854.83,609.91,-62.83,-169.50
2024-11-04 03:00:00,1620.17,716.66,-2008.93,656.19,91.78,-57.50
2024-11-04 04:00:00,1620.35,716.53,-2231.69,625.95,336.53,-8.40
2024-11-04 05:00:00,1620.26,710.15,-2433.38,682.31,1051.95,-343.30
2024-11-04 06:00:00,1619.68,580.16,-2210.45,676.07,1066.68,-131.00
2024-11-04 07:00:00,1593.22,81.60,-716.21,312.62,975.07,-458.80
2024-11-04 08:00:00,1428.02,629.03,-492.48,200.42,217.97,-312.70
2024-11-04 09:00:00,1552.43,23.43,-384.80,664.60,-220.70,22.60
2024-11-04 10:00:00,1617.82,661.31,-336.76,672.58,-331.94,-382.60
2024-11-04 11:00:00,1622.56,714.51,-525.72,683.21,-374.08,-353.70
2024-11-04 12:00:00,1622.79,703.91,-322.06,678.77,-492.36,-456.90
2024-11-04 13:00:00,1622.77,522.45,-476.16,443.33,-282.73,-198.70
2024-11-04 14:00:00,1606.09,312.35,-537.22,240.10,280.05,-381.20
2024-11-04 15:00:00,1327.64,455.51,19.60,-354.20,840.22,-403.80
2024-11-04 16:00:00,1435.57,593.66,-67.05,-405.43,690.34,-406.60
2024-11-04 17:00:00,1375.29,708.20,-174.45,-186.53,313.51,-395.40
2024-11-04 18:00:00,1370.53,715.88,-584.60,197.94,-165.98,-224.00
2024-11-04 19:00:00,1597.86,715.99,-643.62,308.37,-631.68,-76.70
2024-11-04 20:00:00,1533.92,716.19,-574.69,-126.58,-327.86,31.70
2024-11-04 21:00:00,1614.37,716.43,-643.90,-247.80,-250.57,124.20
2024-11-04 22:00:00,1604.21,716.53,-630.76,-155.23,-107.94,49.40
2024-11-04 23:00:00,1365.77,716.51,-455.69,381.05,-370.50,36.30
2024-11-05 00:00:00,1348.56,716.54,-533.09,-18.47,-98.75,88.10
2024-11-05 01:00:00,1348.51,716.67,-567.40,233.68,-140.60,-46.30
2024-11-05 02:00:00,1348.63,716.48,-632.29,90.14,-78.68,35.80
2024-11-05 03:00:00,1348.67,716.61,-630.42,-128.83,25.51,45.20
2024-11-05 04:00:00,1348.49,716.54,-622.88,-588.54,579.74,44.40
2024-11-05 05:00:00,1348.49,716.57,-72.94,-472.79,778.55,-398.30
2024-11-05 06:00:00,1346.45,716.64,-38.17,-94.16,979.57,-421.10
2024-11-05 07:00:00,1348.45,716.66,-97.68,187.18,435.81,-345.30
2024-11-05 08:00:00,1348.45,716.74,-91.86,42.83,-350.87,173.60
2024-11-05 09:00:00,1348.54,716.64,-195.91,669.82,-663.75,15.30
2024-11-05 10:00:00,1348.53,716.68,-246.71,683.32,-676.92,48.20
2024-11-05 11:00:00,1348.44,716.77,-266.73,677.95,-684.04,10.20
2024-11-05 12:00:00,1348.47,716.72,-561.56,416.90,-16.53,-108.00
2024-11-05 13:00:00,1348.53,712.54,-492.77,156.68,0.00,-87.80
2024-11-05 14:00:00,1348.50,655.58,-599.41,216.04,0.00,-207.90
2024-11-05 15:00:00,1348.52,711.15,-129.95,-233.27,11.70,-302.80
2024-11-05 16:00:00,1339.44,715.98,-614.69,-390.11,599.45,-222.20
2024-11-05 17:00:00,1067.63,716.20,-451.64,3.25,84.93,-224.70
2024-11-05 18:00:00,879.49,716.22,-429.37,166.48,-268.67,-71.70
2024-11-05 19:00:00,1132.34,716.43,-296.13,-406.63,-139.51,6.50
2024-11-05 20:00:00,1204.05,716.53,-355.27,-421.78,52.73,-4.10
2024-11-05 21:00:00,1338.31,716.54,-612.41,-525.78,460.17,-50.90
2024-11-05 22:00:00,1350.03,716.57,-520.17,-677.74,389.93,93.50
2024-11-05 23:00:00,1385.84,716.58,36.20,-698.33,-115.22,94.00
2024-11-06 00:00:00,1388.08,716.85,3.79,-513.07,-36.86,-71.60
2024-11-06 01:00:00,1388.39,716.53,-14.53,-498.77,80.45,50.70
2024-11-06 02:00:00,1388.25,716.52,-39.97,-509.65,149.75,8.50
2024-11-06 03:00:00,1388.01,716.66,-23.88,-551.73,15.85,48.70
2024-11-06 04:00:00,1388.18,681.61,64.24,-513.63,-0.03,-55.60
2024-11-06 05:00:00,1388.01,199.13,-52.61,112.56,0.00,-93.70
2024-11-06 06:00:00,1388.03,396.36,227.31,-91.03,0.00,-446.30
2024-11-06 07:00:00,1378.83,231.16,199.69,-19.11,0.00,-267.20
2024-11-06 08:00:00,1247.49,674.65,379.27,-335.30,0.00,-311.60
2024-11-06 09:00:00,1246.89,590.70,300.68,0.00,0.00,-482.80
2024-11-06 10:00:00,1378.39,629.78,-2.23,0.00,0.00,-538.20
2024-11-06 11:00:00,1387.61,587.80,-201.73,0.00,0.00,-538.90
2024-11-06 12:00:00,1387.74,608.59,-488.39,0.00,0.00,-468.70
2024-11-06 13:00:00,1387.64,458.75,-379.98,0.00,0.00,-385.90
2024-11-06 14:00:00,1387.67,334.99,-511.33,0.00,0.00,-286.20
2024-11-06 15:00:00,1387.67,240.65,-469.50,0.00,0.00,-168.80
2024-11-06 16:00:00,1382.13,405.45,-654.49,0.00,0.00,-162.50
2024-11-06 17:00:00,1300.39,490.76,-587.60,-1.16,0.00,-268.80
2024-11-06 18:00:00,1369.00,466.10,-497.35,-238.40,0.00,-309.10
2024-11-06 19:00:00,1194.07,192.28,-691.30,0.00,0.00,-110.10
2024-11-06 20:00:00,1098.40,300.61,-194.18,0.00,0.00,-239.40
2024-11-06 21:00:00,1133.89,470.54,-553.12,0.00,0.00,-56.40
2024-11-06 22:00:00,1112.85,700.64,-653.50,0.00,0.00,-58.70
2024-11-06 23:00:00,1323.71,716.25,-665.67,0.00,0.00,-36.30
2024-11-07 00:00:00,1301.01,716.26,-680.94,0.00,0.00,-1.20
2024-11-07 01:00:00,1376.59,716.25,-729.52,0.00,0.00,-0.20
2024-11-07 02:00:00,1300.92,716.22,-714.99,0.00,0.00,-0.30
2024-11-07 03:00:00,1369.88,714.71,-713.79,0.00,0.00,1.30
2024-11-07 04:00:00,1207.07,656.85,-640.54,0.00,0.00,69.80
2024-11-07 05:00:00,1269.87,116.88,10.02,0.00,0.00,-113.60
2024-11-07 06:00:00,1113.50,-337.47,581.90,0.00,0.00,-136.90
2024-11-07 07:00:00,1282.24,53.32,448.52,0.00,0.00,-378.30
2024-11-07 08:00:00,1382.30,-0.88,323.48,0.00,0.00,53.20
2024-11-07 09:00:00,1165.02,65.62,507.42,0.00,0.00,-259.30
2024-11-07 10:00:00,1098.20,241.41,639.68,0.00,0.00,-544.40
2024-11-07 11:00:00,1185.54,383.47,391.18,0.00,0.00,-583.20
2024-11-07 12:00:00,1244.64,15.98,600.69,0.00,0.00,-472.20
2024-11-07 13:00:00,1379.18,-39.11,367.43,0.00,0.00,-409.30
2024-11-07 14:00:00,1379.65,197.07,253.05,0.00,0.00,-542.90
2024-11-07 15:00:00,1248.15,-1.21,254.89,-0.10,0.00,-301.80
2024-11-07 16:00:00,1226.67,-28.90,208.17,98.08,0.00,-203.50
2024-11-07 17:00:00,1076.26,-117.63,191.02,282.11,0.00,-264.40
2024-11-07 18:00:00,1366.02,-225.24,-33.59,324.38,-0.51,-263.50
2024-11-07 19:00:00,1388.45,-14.29,179.99,-335.86,0.00,-165.80
2024-11-07 20:00:00,1388.41,210.38,-15.04,-101.48,-0.08,-214.90
2024-11-07 21:00:00,1388.42,302.33,38.89,-397.64,0.00,-108.40
2024-11-07 22:00:00,1388.38,570.17,27.19,-674.83,0.00,-57.10
2024-11-07 23:00:00,1388.46,392.15,125.43,-14.90,0.00,-269.90
2024-11-08 00:00:00,1388.64,682.98,11.29,0.01,0.00,-303.80
2024-11-08 01:00:00,1388.32,716.49,25.41,0.01,0.00,-282.50
2024-11-08 02:00:00,1388.42,716.25,-7.92,0.03,0.00,-285.90
2024-11-08 03:00:00,1388.45,716.41,-3.64,0.03,0.00,-299.10
2024-11-08 04:00:00,1388.51,701.02,-10.28,0.02,0.00,-497.50
2024-11-08 05:00:00,1388.43,458.90,-15.54,0.03,0.00,-405.60
2024-11-08 06:00:00,1387.94,140.06,190.58,0.04,0.00,-217.70
2024-11-08 07:00:00,1387.86,30.45,329.57,0.03,0.00,-259.10
2024-11-08 08:00:00,1388.04,-203.72,610.35,0.03,0.00,-330.90
2024-11-08 09:00:00,1388.22,-282.99,847.60,0.03,0.00,-476.30
2024-11-08 10:00:00,1174.03,108.62,414.48,0.03,0.00,-315.20
2024-11-08 11:00:00,1060.50,176.90,577.66,0.02,-0.01,-489.30
2024-11-08 12:00:00,1278.41,248.81,324.84,0.00,0.00,-518.80
2024-11-08 13:00:00,1598.79,241.95,-13.76,-0.02,0.00,-457.90
2024-11-08 14:00:00,1611.69,145.81,42.82,-0.02,-0.03,-507.70
2024-11-08 15:00:00,1474.12,102.02,61.05,-0.00,-0.02,-502.20
2024-11-08 16:00:00,1431.84,109.73,88.79,0.01,-0.00,-504.50
2024-11-08 17:00:00,1611.50,128.05,-592.04,0.01,0.02,-226.90
2024-11-08 18:00:00,1620.91,28.93,-649.91,0.01,-33.01,9.30
2024-11-08 19:00:00,1621.15,183.29,-457.10,0.01,-1183.30,373.00
2024-11-08 20:00:00,1612.77,353.38,-381.02,0.02,-1209.10,461.70
2024-11-08 21:00:00,1482.35,495.50,-578.43,0.03,-945.06,214.60
2024-11-08 22:00:00,1437.98,649.56,-479.52,3.11,-801.81,-11.10
2024-11-08 23:00:00,1607.00,712.00,-1425.18,148.07,-743.02,181.20
2024-11-09 00:00:00,1619.45,715.91,-1166.67,35.44,-833.54,-61.20
2024-11-09 01:00:00,1619.57,716.40,-1327.22,-39.27,-648.05,-120.20
2024-11-09 02:00:00,1619.45,716.45,-1202.68,69.07,-814.57,-169.40
2024-11-09 03:00:00,1611.91,716.48,-1336.43,37.35,-822.94,-118.50
2024-11-09 04:00:00,1583.27,710.83,-2341.64,576.79,-495.37,-2.90
2024-11-09 05:00:00,1601.88,607.42,-2056.77,123.65,-291.57,91.10
2024-11-09 06:00:00,1530.23,344.95,-1397.64,159.44,-388.35,59.70
2024-11-09 07:00:00,1584.66,334.36,-833.86,-126.22,-309.91,-145.30
2024-11-09 08:00:00,1618.16,246.04,-279.72,-273.94,-721.97,82.00
2024-11-09 09:00:00,1620.81,676.97,191.61,-563.00,-973.74,-117.20
2024-11-09 10:00:00,1620.83,614.32,-655.66,-405.46,-206.73,-57.10
2024-11-09 11:00:00,1620.79,620.67,390.43,-413.74,-842.28,-255.40
2024-11-09 12:00:00,1620.68,473.18,53.20,-175.03,-837.22,32.30
2024-11-09 13:00:00,1620.66,147.81,-372.13,492.52,-881.11,47.00
2024-11-09 14:00:00,1552.80,648.73,-1278.17,506.73,-316.22,-91.60
2024-11-09 15:00:00,1543.37,714.56,-1705.44,671.69,8.59,-184.40
2024-11-09 16:00:00,1620.32,716.96,-1533.79,657.39,226.83,-497.60
2024-11-09 17:00:00,1620.24,693.69,-976.80,537.08,-414.57,-370.10
2024-11-09 18:00:00,1620.41,383.96,-1466.24,676.48,-249.97,-0.70
2024-11-09 19:00:00,1620.43,691.88,-914.41,502.19,-619.73,-373.20
2024-11-09 20:00:00,1620.62,715.83,-1293.44,237.91,-181.89,-146.30
2024-11-09 21:00:00,1620.56,715.99,-1062.78,95.69,-432.75,-28.90
2024-11-09 22:00:00,1620.66,715.83,-1129.45,60.54,-376.56,-1.40
2024-11-09 23:00:00,1620.75,716.18,-1242.48,469.51,-645.35,35.80
2024-11-10 00:00:00,1620.81,716.14,-1027.89,459.74,-799.13,19.40
2024-11-10 01:00:00,1621.11,716.54,-1162.76,678.63,-860.85,2.80
2024-11-10 02:00:00,1621.13,716.44,-1506.76,683.03,-592.44,26.30
2024-11-10 03:00:00,1621.20,716.83,-1990.23,659.47,-227.69,126.00
2024-11-10 04:00:00,1621.06,698.36,-2174.83,682.68,-70.09,104.60
2024-11-10 05:00:00,1620.95,430.83,-1924.39,652.95,107.86,72.40
2024-11-10 06:00:00,1621.20,325.10,-1010.36,99.37,7.77,30.20
2024-11-10 07:00:00,1608.67,55.75,-1435.15,657.70,282.12,-46.90
2024-11-10 08:00:00,1446.46,-65.76,-1699.51,683.33,724.54,98.50
2024-11-10 09:00:00,1599.20,-172.45,-1934.63,683.71,678.48,330.80
2024-11-10 10:00:00,1475.05,327.38,-1695.30,680.16,-14.79,355.00
2024-11-10 11:00:00,1393.23,93.14,-866.59,521.93,-202.96,362.20
2024-11-10 12:00:00,1603.67,562.80,-2267.70,677.96,853.26,-43.40
2024-11-10 13:00:00,1619.25,104.32,-2279.08,674.42,900.70,313.50
2024-11-10 14:00:00,1613.55,274.15,-2386.32,683.37,1042.13,22.00
2024-11-10 15:00:00,1533.76,687.72,-2265.68,682.21,1067.95,-381.20
2024-11-10 16:00:00,1613.94,683.90,-2013.14,616.11,1064.09,-537.20
2024-11-10 17:00:00,1620.76,226.77,-1982.57,665.38,845.83,-127.80
2024-11-10 18:00:00,1620.62,279.64,-2147.67,576.62,846.86,-97.80
2024-11-10 19:00:00,1598.00,281.13,-1265.37,58.42,548.23,-186.00
2024-11-10 20:00:00,1318.33,415.36,-1180.07,68.31,285.26,2.80
2024-11-10 21:00:00,1598.73,582.70,-2045.09,97.57,596.17,9.80
2024-11-10 22:00:00,1516.86,614.38,-2053.78,23.36,526.79,171.00
2024-11-10 23:00:00,1423.73,232.29,-1528.39,664.96,-104.75,210.80
2024-11-11 00:00:00,1505.17,326.57,-1529.25,654.36,-153.27,258.60
2024-11-11 01:00:00,1612.41,384.82,-1460.28,653.90,-207.39,307.10
2024-11-11 02:00:00,1619.41,409.88,-1424.21,661.25,-188.96,377.30
2024-11-11 03:00:00,1619.57,293.38,-1942.92,661.87,236.93,390.40
2024-11-11 04:00:00,1619.57,-33.74,-2117.55,683.02,662.84,302.30
2024-11-11 05:00:00,1358.91,16.75,-1971.24,683.35,1059.22,150.50
2024-11-11 06:00:00,1273.62,-122.88,-1419.26,682.87,1060.96,-5.30
2024-11-11 07:00:00,1231.03,-665.62,-386.88,655.06,667.97,106.60
2024-11-11 08:00:00,739.41,-707.78,1340.91,26.33,-260.38,414.30
2024-11-11 09:00:00,739.51,-712.39,418.50,668.63,-42.53,576.00
2024-11-11 10:00:00,695.46,-713.06,-512.38,683.30,924.03,568.80
2024-11-11 11:00:00,1238.15,-709.37,-1100.33,683.20,820.82,575.80
2024-11-11 12:00:00,1144.15,-709.95,-1196.51,683.33,926.42,582.20
2024-11-11 13:00:00,1097.32,-729.98,-1328.53,683.27,1063.09,543.40
2024-11-11 14:00:00,1193.62,-677.59,-1539.34,683.20,1045.52,515.80
2024-11-11 15:00:00,1366.88,-130.65,-1678.56,681.04,1067.84,-11.60
2024-11-11 16:00:00,1249.03,251.65,-1146.12,571.50,1054.14,-535.90
2024-11-11 17:00:00,1362.97,294.18,-529.85,400.09,325.57,-557.90
2024-11-11 18:00:00,1168.85,166.36,40.32,635.71,-400.34,-392.80
2024-11-11 19:00:00,1362.77,664.29,-1015.43,682.34,-63.54,-374.50
2024-11-11 20:00:00,1213.01,464.14,-595.49,683.46,143.71,-433.70
2024-11-11 21:00:00,1375.77,-60.54,-518.65,683.37,-59.42,40.80
2024-11-11 22:00:00,1388.57,129.66,-744.48,683.27,24.74,-65.80
2024-11-11 23:00:00,1388.66,16.03,-787.73,683.40,216.93,-75.40
2024-11-12 00:00:00,1388.54,163.56,-542.94,683.39,-244.21,35.80
2024-11-12 01:00:00,1388.39,239.54,-519.55,681.84,-383.72,33.70
2024-11-12 02:00:00,1385.54,221.72,-736.16,611.57,-132.70,-108.40
2024-11-12 03:00:00,1388.12,196.94,-1204.64,635.04,591.68,-381.90
2024-11-12 04:00:00,1388.23,169.86,-1964.97,644.53,1033.11,83.20
2024-11-12 05:00:00,1388.53,679.41,-2235.75,682.42,1067.48,-174.00
2024-11-12 06:00:00,1388.44,679.31,-1935.03,682.85,1068.29,-465.00
2024-11-12 07:00:00,1388.37,179.92,-1636.86,651.99,1068.50,-327.00
2024-11-12 08:00:00,1388.60,398.69,-2089.36,682.58,1068.41,-374.70
2024-11-12 09:00:00,1388.57,423.99,-2209.04,683.33,1068.65,-523.10
2024-11-12 10:00:00,1388.55,555.66,-2257.05,683.50,1068.21,-601.20
2024-11-12 11:00:00,1388.19,434.71,-2184.73,683.43,1068.48,-598.10
2024-11-12 12:00:00,1388.29,509.01,-2229.07,680.49,1068.35,-533.00
2024-11-12 13:00:00,1388.35,574.53,-2061.18,532.00,1068.23,-399.00
2024-11-12 14:00:00,1379.07,715.00,-2081.12,539.51,1068.32,-491.90
2024-11-12 15:00:00,1232.43,681.38,-1867.14,654.81,1068.27,-541.30
2024-11-12 16:00:00,1020.90,198.31,-1372.46,679.82,1065.16,-135.60
2024-11-12 17:00:00,1104.03,680.13,-1422.74,646.18,907.60,-436.30
2024-11-12 18:00:00,1369.60,717.54,-1551.65,464.01,621.78,-448.50
2024-11-12 19:00:00,1388.43,681.35,-1956.39,644.73,417.10,-117.80
2024-11-12 20:00:00,1388.40,174.51,-2097.61,682.14,1046.36,-15.40
2024-11-12 21:00:00,1388.40,281.23,-2157.97,681.96,952.76,-91.20
2024-11-12 22:00:00,1388.50,303.70,-2046.73,626.70,767.72,-188.60
2024-11-12 23:00:00,1388.46,400.64,-1534.38,682.91,240.66,-301.50
2024-11-13 00:00:00,1388.38,611.92,-1899.03,681.45,51.90,-39.70
2024-11-13 01:00:00,1388.14,694.91,-1885.98,654.00,-100.48,-61.10
2024-11-13 02:00:00,1388.28,707.50,-2266.69,659.97,45.80,-135.10
2024-11-13 03:00:00,1388.42,701.89,-2397.45,388.96,325.25,-173.50
2024-11-13 04:00:00,1388.45,444.67,-2407.96,205.44,788.97,-339.90
2024-11-13 05:00:00,1388.35,-136.71,-2372.29,673.43,1062.46,-515.50
2024-11-13 06:00:00,1388.41,-648.62,-2173.36,682.34,1068.43,-217.80
2024-11-13 07:00:00,1378.48,-584.59,-1991.96,617.56,1068.48,-474.30
2024-11-13 08:00:00,1121.58,-544.83,-1761.37,425.14,1068.35,-498.80
2024-11-13 09:00:00,1368.81,-486.53,-2244.15,525.19,1067.48,-473.00
2024-11-13 10:00:00,1388.40,-425.18,-2454.06,670.25,1028.16,-587.10
2024-11-13 11:00:00,1388.15,-468.94,-2320.79,456.78,1067.41,-396.00
2024-11-13 12:00:00,1388.41,-428.23,-2306.82,678.61,1068.33,-371.50
2024-11-13 13:00:00,1388.29,-424.92,-2539.63,682.93,1068.35,-415.20
2024-11-13 14:00:00,1388.22,-430.71,-2798.34,639.25,1060.39,-407.80
2024-11-13 15:00:00,1388.43,117.72,-2479.75,352.53,653.27,-566.80
2024-11-13 16:00:00,1388.73,680.24,-2413.15,-186.15,154.00,-530.40
2024-11-13 17:00:00,1388.55,718.03,-2300.76,-315.30,-618.05,-182.00
2024-11-13 18:00:00,1388.64,718.07,-2347.42,-354.49,-913.13,-0.40
2024-11-13 19:00:00,1388.52,718.09,-2146.35,-447.46,-895.80,107.00
2024-11-13 20:00:00,1388.80,718.15,-1843.31,-357.15,-1253.11,196.70
2024-11-13 21:00:00,1388.65,699.89,-1330.42,-487.54,-1449.35,199.70
2024-11-13 22:00:00,1354.91,428.92,-710.67,-490.73,-1454.17,30.90
2024-11-13 23:00:00,874.53,268.55,6.77,-490.57,-1454.01,-59.40
2024-11-14 00:00:00,810.33,127.68,70.75,-490.71,-1453.88,52.10
2024-11-14 01:00:00,855.73,114.82,119.00,-490.63,-1453.93,62.10
2024-11-14 02:00:00,1004.25,74.31,39.96,-490.60,-1453.88,-5.20
2024-11-14 03:00:00,1034.85,196.01,-22.67,-490.67,-1453.87,-92.30
2024-11-14 04:00:00,806.82,683.30,-28.32,-490.66,-1454.07,-8.20
2024-11-14 05:00:00,625.92,718.69,37.85,-490.65,-1453.84,-34.20
2024-11-14 06:00:00,901.12,718.60,-235.79,-490.68,-1453.05,-85.10
2024-11-14 07:00:00,598.51,718.57,59.51,-490.57,-1410.97,-175.40
2024-11-14 08:00:00,559.83,718.42,118.23,-490.69,-1452.79,-52.20
2024-11-14 09:00:00,719.04,718.37,51.60,-490.67,-1453.89,-146.40
2024-11-14 10:00:00,693.64,718.49,-26.51,-490.60,-1453.97,12.90
2024-11-14 11:00:00,925.64,718.31,-457.92,-490.60,-1454.04,87.30
2024-11-14 12:00:00,943.95,718.19,-124.66,-490.71,-1450.92,59.10
2024-11-14 13:00:00,944.62,718.37,110.85,-490.80,-1286.79,78.90
2024-11-14 14:00:00,948.03,718.22,-98.53,-485.28,-717.85,57.60
2024-11-14 15:00:00,949.87,718.20,-503.87,-215.55,-95.20,-182.20
2024-11-14 16:00:00,975.49,718.05,699.41,-381.84,-888.39,-370.00
2024-11-14 17:00:00,1377.40,718.06,-536.15,-397.91,-335.64,-234.90
2024-11-14 18:00:00,1606.32,718.12,-736.54,-334.97,-770.09,-431.30
2024-11-14 19:00:00,1620.46,718.16,-829.25,-482.90,-838.89,-494.10
2024-11-14 20:00:00,1550.25,706.07,-1354.57,-221.49,-866.27,-537.70
2024-11-14 21:00:00,1581.89,544.22,-1473.30,-388.45,-875.92,-438.80
2024-11-14 22:00:00,905.67,705.62,-1499.98,-489.57,-806.39,-143.00
2024-11-14 23:00:00,1176.07,718.25,-1944.92,-488.75,-911.37,4.10
2024-11-15 00:00:00,1289.64,718.20,-2135.58,-487.67,-948.40,6.90
2024-11-15 01:00:00,1311.65,718.30,-2171.66,-318.23,-987.21,-89.70
2024-11-15 02:00:00,1248.18,718.14,-2175.67,-385.66,-988.26,11.10
2024-11-15 03:00:00,1596.03,718.29,-2251.49,-489.22,-997.86,18.00
2024-11-15 04:00:00,1621.09,718.38,-2406.65,-489.98,-997.83,325.20
2024-11-15 05:00:00,1528.29,718.42,-2420.95,-416.35,-990.97,431.90
2024-11-15 06:00:00,1516.45,718.47,-2251.25,-484.58,-682.37,253.70
2024-11-15 07:00:00,1444.62,718.53,-2208.71,-464.76,-433.14,251.20
2024-11-15 08:00:00,1608.66,718.55,-2336.09,-491.12,-466.04,251.10
2024-11-15 09:00:00,1608.79,718.60,-2446.18,-491.65,-247.25,191.60
2024-11-15 10:00:00,1439.39,718.75,-2453.65,-491.29,-297.40,245.70
2024-11-15 11:00:00,1521.02,718.81,-2207.03,-467.44,-685.04,236.30
2024-11-15 12:00:00,1614.56,718.80,-2069.19,-377.03,-877.62,212.90
2024-11-15 13:00:00,1620.67,718.88,-2156.47,-403.49,-699.99,228.50
2024-11-15 14:00:00,1620.87,718.91,-2017.21,-388.77,-891.72,229.70
2024-11-15 15:00:00,1620.79,718.76,-1933.35,-437.00,-1008.63,223.20
2024-11-15 16:00:00,1620.98,718.90,-1522.10,-461.33,-1276.84,-33.20
2024-11-15 17:00:00,1600.75,718.80,-1421.82,-697.46,-1449.94,-55.40
2024-11-15 18:00:00,1065.12,718.87,-1328.35,-702.68,-1453.83,226.90
2024-11-15 19:00:00,681.87,718.94,-1354.18,-702.65,-1446.54,477.60
2024-11-15 20:00:00,492.06,718.84,-1308.99,-702.49,-1453.76,563.00
2024-11-15 21:00:00,334.96,718.91,-1310.24,-702.48,-1453.96,559.00
2024-11-15 22:00:00,191.16,682.27,-1281.76,-702.52,-1453.99,499.10
2024-11-15 23:00:00,377.48,165.83,-1050.05,-702.46,-1447.36,580.10
2024-11-16 00:00:00,343.27,453.85,-557.40,-702.50,-1453.70,491.20
2024-11-16 01:00:00,361.40,165.37,-42.05,-702.54,-1453.84,460.60
2024-11-16 02:00:00,316.50,182.22,-30.63,-702.72,-1454.03,494.10
2024-11-16 03:00:00,375.10,61.85,-109.94,-702.57,-1453.94,452.30
2024-11-16 04:00:00,350.50,121.60,-201.69,-702.73,-1453.95,520.30
2024-11-16 05:00:00,292.90,246.55,-137.91,-702.56,-1453.70,465.90
2024-11-16 06:00:00,193.00,387.81,-79.84,-702.64,-1453.99,440.90
2024-11-16 07:00:00,173.42,345.44,182.14,-702.59,-1453.82,453.90
2024-11-16 08:00:00,177.80,447.18,72.51,-702.72,-1453.72,550.30
2024-11-16 09:00:00,257.78,680.90,-5.61,-702.76,-1454.06,571.40
2024-11-16 10:00:00,352.98,541.27,32.97,-702.59,-1453.85,520.80
2024-11-16 11:00:00,303.36,647.74,-195.09,-702.63,-1453.93,440.70
2024-11-16 12:00:00,364.15,701.14,-411.57,-702.66,-1454.00,464.70
2024-11-16 13:00:00,349.26,717.64,-130.87,-702.61,-1453.98,384.90
2024-11-16 14:00:00,446.00,345.74,59.22,-702.59,-1453.98,470.00
2024-11-16 15:00:00,442.68,692.60,83.79,-702.66,-1454.10,273.10
2024-11-16 16:00:00,595.29,718.04,68.31,-702.64,-1454.10,256.80
2024-11-16 17:00:00,553.88,718.07,52.29,-702.85,-1454.10,142.90
2024-11-16 18:00:00,458.08,718.30,34.01,-702.60,-1454.27,147.80
2024-11-16 19:00:00,442.28,625.17,-13.29,-702.80,-1454.33,199.80
2024-11-16 20:00:00,285.49,571.46,51.57,-702.56,-1454.27,233.60
2024-11-16 21:00:00,259.48,571.61,-2.99,-702.61,-1454.14,258.80
2024-11-16 22:00:00,461.60,353.00,7.85,-702.68,-1454.21,204.80
2024-11-16 23:00:00,308.99,691.91,68.19,-702.60,-1453.97,211.10
2024-11-17 00:00:00,314.78,717.58,-18.84,-702.69,-1454.21,181.30
2024-11-17 01:00:00,100.89,717.73,-28.41,-702.51,-1454.05,190.00
2024-11-17 02:00:00,-65.42,717.87,-21.91,-702.47,-1454.06,242.00
2024-11-17 03:00:00,-202.82,717.96,-27.57,-702.57,-1454.29,346.50
2024-11-17 04:00:00,-117.52,718.10,-8.65,-702.44,-1453.83,329.50
2024-11-17 05:00:00,-134.12,718.21,-1.92,-702.41,-1454.43,427.80
2024-11-17 06:00:00,-282.72,718.02,104.21,-702.30,-1454.05,574.70
2024-11-17 07:00:00,-7.82,717.91,24.39,-702.40,-1454.28,480.90
2024-11-17 08:00:00,-181.22,717.98,103.12,-702.44,-1453.82,551.30
2024-11-17 09:00:00,-216.73,692.91,9.08,-688.64,-1453.87,554.40
2024-11-17 10:00:00,-609.30,331.10,21.58,-11.11,-1454.03,568.70
2024-11-17 11:00:00,-556.69,274.89,-37.01,207.73,-1454.03,468.20
2024-11-17 12:00:00,-524.90,209.29,-37.42,-9.10,-1453.82,559.20
2024-11-17 13:00:00,-161.81,363.38,27.39,-589.90,-1453.60,490.60
2024-11-17 14:00:00,-104.01,459.92,83.57,-700.41,-1453.82,539.40
2024-11-17 15:00:00,-91.82,703.96,78.16,-702.26,-1454.02,361.70
2024-11-17 16:00:00,265.09,714.32,129.45,-702.41,-1453.94,172.60
2024-11-17 17:00:00,259.39,656.54,65.13,-702.41,-1453.95,252.30
2024-11-17 18:00:00,43.78,543.92,11.81,-702.22,-1454.05,404.90
2024-11-17 19:00:00,97.29,365.33,34.99,-702.25,-1453.85,480.60
2024-11-17 20:00:00,-11.21,492.62,66.44,-702.37,-1453.98,526.00
2024-11-17 21:00:00,144.00,447.35,101.24,-702.27,-1453.94,583.80
2024-11-17 22:00:00,148.80,627.91,24.14,-702.33,-1454.01,587.80
2024-11-17 23:00:00,136.90,712.32,1.82,-702.31,-1453.99,572.40
2024-11-18 00:00:00,392.52,717.25,42.73,-702.38,-1454.05,449.00
2024-11-18 01:00:00,581.83,717.43,-5.50,-700.41,-1453.84,524.60
2024-11-18 02:00:00,564.14,717.51,87.92,-614.32,-1453.92,494.00
2024-11-18 03:00:00,657.53,717.71,-55.31,-629.36,-1453.05,509.50
2024-11-18 04:00:00,922.43,710.47,-14.62,-700.64,-1406.37,395.70
2024-11-18 05:00:00,1497.14,561.69,48.10,-697.90,-1438.63,-240.50
2024-11-18 06:00:00,1207.06,33.16,-52.35,-496.18,-716.11,-165.00
2024-11-18 07:00:00,706.53,137.86,117.05,-491.77,-698.65,-148.40
2024-11-18 08:00:00,643.53,247.38,193.00,-491.71,-698.65,-243.10
2024-11-18 09:00:00,799.61,517.73,13.49,-491.70,-698.86,-129.00
2024-11-18 10:00:00,1052.56,192.09,72.84,-491.70,-698.75,-134.70
2024-11-18 11:00:00,1247.05,-173.10,59.22,-491.71,-698.78,-98.50
2024-11-18 12:00:00,1149.19,118.93,-11.49,-491.67,-698.76,-112.50
2024-11-18 13:00:00,1463.70,-214.02,-11.13,-491.74,-698.76,-173.10
2024-11-18 14:00:00,1576.89,-95.44,-753.65,-485.10,-698.87,-72.40
2024-11-18 15:00:00,1157.98,101.10,-842.92,-155.11,-698.75,-64.50
2024-11-18 16:00:00,1117.70,229.71,-813.78,-65.91,-702.53,-128.40
2024-11-18 17:00:00,1090.10,684.72,-372.68,-480.11,-899.36,-495.40
2024-11-18 18:00:00,1164.29,717.59,-524.72,-487.04,-1102.03,-209.70
2024-11-18 19:00:00,983.49,717.69,-393.98,-490.88,-1437.40,231.10
2024-11-18 20:00:00,1205.69,717.75,-1035.47,-490.38,-1008.77,371.50
2024-11-18 21:00:00,1461.52,717.73,-1445.08,-406.42,-998.07,417.10
2024-11-18 22:00:00,1611.35,710.80,-1974.36,245.23,-994.49,336.50
2024-11-18 23:00:00,1593.27,610.69,-1645.50,87.54,-998.25,469.90
2024-11-19 00:00:00,1334.98,651.24,-1412.94,598.63,-997.40,467.00
2024-11-19 01:00:00,1476.21,620.22,-1147.35,657.16,-956.85,269.10
2024-11-19 02:00:00,1609.72,654.27,-919.35,550.92,-812.14,78.80
2024-11-19 03:00:00,1601.00,705.20,-1877.20,637.13,-61.72,59.60
2024-11-19 04:00:00,1301.81,624.07,-2057.10,682.89,434.36,163.50
2024-11-19 05:00:00,715.89,238.42,-909.58,683.60,950.29,-176.30
2024-11-19 06:00:00,347.29,-341.97,297.49,683.62,809.82,-129.00
2024-11-19 07:00:00,544.80,-659.27,338.31,682.26,1051.64,-69.00
2024-11-19 08:00:00,232.80,-112.65,457.35,621.84,498.45,41.20
2024-11-19 09:00:00,148.80,381.68,647.60,640.51,-87.70,-61.30
2024-11-19 10:00:00,490.54,568.70,442.43,636.65,-322.57,-70.10
2024-11-19 11:00:00,578.43,654.45,517.04,677.73,-683.16,-115.00
2024-11-19 12:00:00,432.64,623.39,589.51,464.19,-340.64,-57.50
2024-11-19 13:00:00,950.42,438.27,147.18,668.51,-341.28,-68.70
2024-11-19 14:00:00,660.22,543.58,12.77,639.95,67.52,-229.70
2024-11-19 15:00:00,265.61,550.62,174.19,682.71,312.46,-245.00
2024-11-19 16:00:00,316.70,66.38,350.44,683.57,781.59,-167.60
2024-11-19 17:00:00,-192.59,472.45,32.74,683.58,536.25,247.20
2024-11-19 18:00:00,-163.66,703.55,12.64,682.55,420.02,131.60
2024-11-19 19:00:00,276.74,717.76,333.36,637.19,-438.56,107.60
2024-11-19 20:00:00,717.64,717.95,-292.19,675.09,-359.14,16.40
2024-11-19 21:00:00,1160.74,718.02,-315.51,314.78,-716.21,201.00
2024-11-19 22:00:00,1579.02,718.10,279.03,-135.03,-983.69,268.60
2024-11-19 23:00:00,1616.70,718.13,312.26,-471.43,-823.70,254.10
2024-11-20 00:00:00,1620.11,718.20,-120.48,131.77,-863.45,239.70
2024-11-20 01:00:00,1620.29,717.97,68.12,-38.55,-767.85,262.40
2024-11-20 02:00:00,1620.24,717.91,-72.93,46.29,-759.75,208.20
2024-11-20 03:00:00,1620.18,718.01,-924.03,582.16,-695.52,243.90
2024-11-20 04:00:00,1620.31,718.05,-842.99,-22.91,-238.22,166.60
2024-11-20 05:00:00,1575.13,717.75,-2295.73,578.74,313.18,354.70
2024-11-20 06:00:00,935.20,717.16,-2113.67,663.16,708.62,426.00
2024-11-20 07:00:00,908.87,705.23,-1261.64,622.72,388.26,74.80
2024-11-20 08:00:00,1335.79,703.48,-1063.96,19.41,115.01,-2.10
2024-11-20 09:00:00,965.05,699.31,-779.19,420.80,-347.90,-32.00
2024-11-20 10:00:00,1433.85,698.12,-1188.94,7.60,-132.17,10.50
2024-11-20 11:00:00,1424.02,689.95,-880.52,-27.07,-505.93,203.50
2024-11-20 12:00:00,1352.68,684.95,-735.64,87.06,-441.41,305.60
2024-11-20 13:00:00,1414.87,611.11,-1127.42,2.14,-39.61,562.60
2024-11-20 14:00:00,1295.62,285.87,-1355.19,557.64,77.88,521.60
2024-11-20 15:00:00,1385.96,544.58,-1141.87,126.08,43.85,507.00
2024-11-20 16:00:00,1393.50,478.99,164.03,-469.71,-291.27,176.80
2024-11-20 17:00:00,1103.27,673.46,1052.19,-491.24,-932.94,4.60
2024-11-20 18:00:00,1201.36,689.96,894.51,-471.88,-947.74,-130.70
2024-11-20 19:00:00,860.39,714.56,946.08,-274.33,-924.29,-166.00
2024-11-20 20:00:00,800.67,717.30,869.32,-406.09,-995.35,265.60
2024-11-20 21:00:00,800.74,717.45,732.75,-489.77,-943.59,430.20
2024-11-20 22:00:00,800.49,717.30,828.81,-483.81,-996.93,441.90
2024-11-20 23:00:00,938.04,717.34,257.26,-94.79,-998.12,576.00
2024-11-21 00:00:00,944.64,717.28,57.10,39.06,-998.18,573.50
2024-11-21 01:00:00,944.61,717.24,-364.17,493.65,-998.19,437.20
2024-11-21 02:00:00,944.67,717.30,-442.93,399.48,-998.10,574.10
2024-11-21 03:00:00,944.69,717.23,-512.68,336.38,-998.01,575.50
2024-11-21 04:00:00,943.49,717.22,-36.18,-179.07,-894.26,511.40
2024-11-21 05:00:00,908.81,692.88,-1436.04,475.79,141.36,379.70
2024-11-21 06:00:00,666.05,305.74,-1055.91,679.00,747.30,136.10
2024-11-21 07:00:00,880.19,-231.70,-326.96,681.37,625.11,298.10
2024-11-21 08:00:00,909.24,58.04,450.50,591.87,-547.84,469.10
2024-11-21 09:00:00,902.18,570.23,841.10,526.59,-988.19,310.80
2024-11-21 10:00:00,944.60,42.76,1790.02,-142.09,-997.92,448.90
2024-11-21 11:00:00,944.48,-492.57,2013.75,-478.92,-998.10,566.10
2024-11-21 12:00:00,944.49,-14.91,1513.95,-229.09,-965.67,288.70
2024-11-21 13:00:00,939.86,-215.24,705.49,409.75,171.21,-320.60
2024-11-21 14:00:00,561.84,131.16,510.82,-6.75,606.87,133.20
2024-11-21 15:00:00,661.02,677.23,353.88,309.12,-265.61,106.70
2024-11-21 16:00:00,838.73,638.31,-357.34,675.24,165.15,-66.40
2024-11-21 17:00:00,904.00,101.51,-501.41,683.25,542.99,232.60
2024-11-21 18:00:00,510.41,-323.06,-281.33,681.81,879.99,452.60
2024-11-21 19:00:00,912.60,-425.36,-566.54,617.60,1064.46,196.90
2024-11-21 20:00:00,943.27,137.20,-1059.19,670.91,1067.03,-17.50
2024-11-21 21:00:00,942.28,681.21,-1752.19,654.74,992.18,-28.10
2024-11-21 22:00:00,913.43,715.63,-1902.51,655.01,853.61,178.40
2024-11-21 23:00:00,799.18,622.43,-579.06,681.86,238.23,-350.60
2024-11-22 00:00:00,799.11,715.25,-488.54,670.25,-12.21,-300.00
2024-11-22 01:00:00,799.05,717.90,-556.18,670.12,-93.48,-233.80
2024-11-22 02:00:00,799.10,717.94,-517.62,680.38,-2.75,-72.80
2024-11-22 03:00:00,799.17,717.92,-1129.69,585.39,231.49,342.10
2024-11-22 04:00:00,799.22,681.42,-782.92,577.20,225.50,-34.90
2024-11-22 05:00:00,761.46,118.58,-118.10,593.90,696.80,-524.00
2024-11-22 06:00:00,399.71,-466.24,905.72,516.52,806.03,-240.90
2024-11-22 07:00:00,537.26,-667.40,1280.42,463.39,688.74,-254.30
2024-11-22 08:00:00,345.60,-676.10,1195.37,678.36,801.69,-147.50
2024-11-22 09:00:00,628.46,-623.78,1252.30,683.30,607.58,-325.30
2024-11-22 10:00:00,679.20,-665.87,1659.87,682.86,-21.91,-227.10
2024-11-22 11:00:00,515.49,-502.83,1813.90,675.06,-318.37,-222.30
2024-11-22 12:00:00,589.89,-77.70,1196.11,683.04,-356.45,-301.30
2024-11-22 13:00:00,578.09,211.30,812.15,683.21,-687.24,-445.60
2024-11-22 14:00:00,318.29,-293.93,1070.68,683.17,-916.37,-380.90
2024-11-22 15:00:00,311.29,-252.33,1050.50,678.65,-996.21,-499.90
2024-11-22 16:00:00,502.69,-284.11,1249.39,453.31,-1005.78,-548.20
2024-11-22 17:00:00,775.29,270.58,916.47,169.25,-1402.02,-442.10
2024-11-22 18:00:00,793.89,690.27,719.07,-348.83,-1389.68,-210.70
2024-11-22 19:00:00,794.10,717.70,735.87,-642.70,-1452.49,-112.30
2024-11-22 20:00:00,794.20,717.68,358.38,-700.63,-1454.14,210.20
2024-11-22 21:00:00,793.91,717.73,-103.71,-670.22,-1454.07,277.00
2024-11-22 22:00:00,673.01,689.68,167.09,-701.29,-1453.55,95.80
2024-11-22 23:00:00,919.62,249.59,273.72,-701.87,-1420.47,201.60
2024-11-23 00:00:00,1416.80,-327.91,264.45,-701.59,-1453.25,426.80
2024-11-23 01:00:00,1507.32,-562.51,426.03,-695.97,-1454.00,411.60
2024-11-23 02:00:00,1102.05,-142.85,282.29,-697.15,-1453.93,569.20
2024-11-23 03:00:00,837.64,431.91,71.54,-514.55,-1453.09,535.70
2024-11-23 04:00:00,1102.61,689.27,-794.26,-70.13,-1405.13,528.10
2024-11-23 05:00:00,1467.36,708.31,-1113.89,-12.66,-1135.83,309.00
2024-11-23 06:00:00,1611.41,708.72,-916.36,-567.68,-899.34,406.00
2024-11-23 07:00:00,1619.65,708.66,-870.44,-618.75,-673.91,441.20
2024-11-23 08:00:00,1619.30,708.70,-316.05,-700.54,-907.22,515.20
2024-11-23 09:00:00,1619.75,708.68,-25.19,-701.15,-1201.57,553.00
2024-11-23 10:00:00,1619.83,704.67,273.32,-650.21,-1448.22,389.90
2024-11-23 11:00:00,1619.63,648.47,502.47,-550.45,-1453.92,172.00
2024-11-23 12:00:00,1619.71,685.75,402.67,-381.58,-1453.86,-202.60
2024-11-23 13:00:00,1595.60,707.51,482.03,-512.97,-1453.71,-469.50
2024-11-23 14:00:00,1267.56,694.37,782.40,-697.80,-1439.61,-497.20
2024-11-23 15:00:00,1112.01,497.15,8.31,-701.64,-716.18,-271.10
2024-11-23 16:00:00,428.00,663.60,-103.64,-702.01,-698.62,224.90
2024-11-23 17:00:00,502.12,508.18,-16.44,-701.53,-698.61,180.20
2024-11-23 18:00:00,276.84,252.64,225.28,-701.24,-698.57,-41.30
2024-11-23 19:00:00,-93.74,78.45,613.66,-683.43,-698.53,-25.00
2024-11-23 20:00:00,-364.96,10.66,936.35,-701.12,-698.49,57.40
2024-11-23 21:00:00,-633.57,-102.56,785.95,-699.88,-698.23,519.50
2024-11-23 22:00:00,-590.69,-641.80,1165.68,-622.38,-669.63,511.40
2024-11-23 23:00:00,-1011.07,-630.55,2175.23,-668.40,-282.25,180.00
2024-11-24 00:00:00,-1429.90,-587.36,2034.43,-377.38,-177.30,198.50
2024-11-24 01:00:00,-1648.99,-651.62,2114.38,-219.03,-24.29,483.40
2024-11-24 02:00:00,-1637.82,-664.80,1354.04,151.21,207.19,560.20
2024-11-24 03:00:00,-1297.54,-666.60,1176.54,64.94,447.77,98.00
2024-11-24 04:00:00,-1634.06,-675.70,1199.70,39.17,652.40,139.20
2024-11-24 05:00:00,-1635.62,-638.94,1178.83,271.79,640.94,-50.90
2024-11-24 06:00:00,-1662.47,-680.76,2046.73,-214.35,-214.22,32.80
2024-11-24 07:00:00,-1665.05,-656.59,2380.06,-225.40,-590.33,-8.60
2024-11-24 08:00:00,-1664.63,-288.83,1828.34,-225.50,-696.24,49.60
2024-11-24 09:00:00,-1664.80,-621.88,2083.26,-214.34,-698.73,251.00
2024-11-24 10:00:00,-1664.74,-619.03,1353.12,318.74,-703.31,273.90
2024-11-24 11:00:00,-1665.23,-204.15,2220.31,-278.80,-989.89,-161.80
2024-11-24 12:00:00,-1665.41,-120.66,1985.54,-408.28,-997.90,103.60
2024-11-24 13:00:00,-1655.00,241.35,1466.38,-695.28,-997.98,534.50
2024-11-24 14:00:00,-1407.49,-84.64,1210.60,-701.64,-997.90,582.90
2024-11-24 15:00:00,-1340.63,-429.14,1260.20,-682.69,-997.99,585.90
2024-11-24 16:00:00,-1113.70,-420.67,1204.65,-701.49,-998.03,578.00
2024-11-24 17:00:00,-1324.32,-248.18,1090.25,-701.98,-998.03,579.00
2024-11-24 18:00:00,-1640.06,21.43,1216.21,-702.10,-998.15,476.80
2024-11-24 19:00:00,-1663.14,140.76,1191.21,-702.17,-998.23,498.90
2024-11-24 20:00:00,-1663.25,426.66,1003.67,-702.22,-998.03,385.80
2024-11-24 21:00:00,-1663.17,635.60,615.20,-702.13,-997.99,370.30
2024-11-24 22:00:00,-1656.56,685.71,1168.46,-691.13,-990.17,381.50
2024-11-24 23:00:00,-1560.26,640.61,1136.23,-156.52,-581.37,145.20
2024-11-25 00:00:00,-1603.60,696.18,1030.41,-281.07,-480.84,163.90
2024-11-25 01:00:00,-1657.09,696.34,1065.49,-339.93,-289.36,219.70
2024-11-25 02:00:00,-1623.60,700.01,1088.02,-206.13,-228.00,120.20
2024-11-25 03:00:00,-1659.66,635.11,749.72,-214.93,-9.45,82.90
2024-11-25 04:00:00,-1609.44,687.90,92.12,38.16,139.87,322.50
2024-11-25 05:00:00,-952.28,689.26,-179.70,-397.69,-133.81,-86.70
2024-11-25 06:00:00,-883.63,694.89,20.08,-579.03,-1176.93,361.10
2024-11-25 07:00:00,-341.93,691.11,40.19,-699.55,-1448.33,309.70
2024-11-25 08:00:00,-221.33,688.45,111.16,-702.19,-1454.06,348.10
2024-11-25 09:00:00,-56.23,688.31,107.58,-702.16,-1454.01,281.80
2024-11-25 10:00:00,-8.53,690.45,9.67,-702.10,-1453.92,282.50
2024-11-25 11:00:00,74.17,690.64,113.69,-702.24,-1453.91,265.30
2024-11-25 12:00:00,431.07,690.88,-27.48,-702.20,-1453.91,196.50
2024-11-25 13:00:00,492.47,686.61,-43.36,-702.21,-1439.99,187.40
2024-11-25 14:00:00,43.98,618.61,-20.73,-702.53,-716.29,269.00
2024-11-25 15:00:00,188.29,624.54,-13.69,-702.35,-698.86,239.70
2024-11-25 16:00:00,408.99,687.40,-139.22,-702.30,-698.83,114.10
2024-11-25 17:00:00,63.38,705.03,-85.00,-702.31,-698.82,145.40
2024-11-25 18:00:00,-86.62,709.26,-21.21,-702.34,-698.74,-138.00
2024-11-25 19:00:00,-162.32,684.71,31.97,-702.34,-698.77,-240.70
2024-11-25 20:00:00,-118.92,690.51,-3.92,-702.49,-698.85,-154.80
2024-11-25 21:00:00,-132.32,658.11,-64.55,-702.31,-698.76,-69.20
2024-11-25 22:00:00,-45.32,504.56,-177.16,-702.33,-698.84,21.50
2024-11-25 23:00:00,-344.92,524.63,-310.94,-702.28,-698.75,195.20
2024-11-26 00:00:00,-406.42,411.79,-32.34,-702.44,-712.82,156.30
2024-11-26 01:00:00,-548.50,691.13,23.19,-702.34,-1436.42,326.70
2024-11-26 02:00:00,-475.60,629.04,-21.38,-702.26,-1454.20,458.10
2024-11-26 03:00:00,-581.40,471.70,-3.09,-702.25,-1454.00,433.50
2024-11-26 04:00:00,-474.50,490.09,-51.51,-700.22,-1453.90,551.70
2024-11-26 05:00:00,221.60,333.38,-784.72,-593.57,-1430.39,536.00
2024-11-26 06:00:00,146.20,409.70,-797.39,-699.76,-716.04,365.40
2024-11-26 07:00:00,434.20,433.18,-890.90,-702.28,-698.70,322.40
2024-11-26 08:00:00,93.30,418.26,-538.48,-702.27,-698.75,261.30
2024-11-26 09:00:00,-155.89,456.09,-367.43,-702.18,-698.69,315.50
2024-11-26 10:00:00,-364.49,551.04,-561.89,-695.84,-698.73,374.90
2024-11-26 11:00:00,-553.12,470.42,-322.04,-383.74,-698.66,206.70
2024-11-26 12:00:00,26.38,513.57,-773.12,-304.59,-698.74,-54.40
2024-11-26 13:00:00,478.50,696.42,-978.42,-690.18,-698.76,282.70
2024-11-26 14:00:00,891.59,716.55,-1188.67,-702.42,-698.83,223.10
2024-11-26 15:00:00,977.58,716.98,-1184.66,-697.64,-698.82,286.40
2024-11-26 16:00:00,1053.17,717.13,-1208.60,-460.93,-712.88,198.70
2024-11-26 17:00:00,1109.28,717.15,-442.70,-391.52,-1436.47,252.50
2024-11-26 18:00:00,1143.34,717.05,-368.70,-560.24,-1454.26,361.60
2024-11-26 19:00:00,904.35,717.13,-32.57,-532.35,-1454.10,315.40
2024-11-26 20:00:00,1134.86,716.82,-328.47,-650.73,-1454.17,336.40
2024-11-26 21:00:00,1260.91,709.82,-539.76,-650.43,-1454.06,432.70
2024-11-26 22:00:00,1384.42,717.68,-889.48,-700.39,-1453.19,369.00
2024-11-26 23:00:00,1604.82,718.60,-1027.46,-665.05,-1415.10,344.70
2024-11-27 00:00:00,1619.98,719.11,-932.09,-700.08,-1453.07,295.20
2024-11-27 01:00:00,1620.74,718.70,-897.44,-618.66,-1452.50,173.00
2024-11-27 02:00:00,1620.58,718.69,-1659.39,-86.72,-1358.51,269.40
2024-11-27 03:00:00,1620.33,718.76,-2137.40,430.93,-973.84,-51.10
2024-11-27 04:00:00,1620.03,718.57,-2508.84,226.99,-306.32,236.20
2024-11-27 05:00:00,1612.22,707.72,-2379.69,-349.58,696.74,186.10
2024-11-27 06:00:00,1620.49,545.76,-2346.52,240.80,1059.88,-166.30
2024-11-27 07:00:00,1621.47,512.53,-2157.07,655.59,1067.99,-498.90
2024-11-27 08:00:00,1621.43,576.62,-2265.59,682.72,1062.61,-427.00
2024-11-27 09:00:00,1621.49,414.40,-2099.82,674.59,963.92,-258.90
2024-11-27 10:00:00,1621.43,509.08,-1391.21,570.65,391.13,-385.10
2024-11-27 11:00:00,1621.32,691.89,-43.51,404.19,-569.67,-515.10
2024-11-27 12:00:00,1621.43,716.39,436.94,117.79,-696.49,-439.00
2024-11-27 13:00:00,1621.34,710.47,-154.47,471.55,-698.83,-91.70
2024-11-27 14:00:00,1620.89,579.29,739.40,-140.53,-698.82,-282.10
2024-11-27 15:00:00,1617.05,240.89,1383.91,-592.03,-698.82,-118.30
2024-11-27 16:00:00,1613.86,6.84,1022.72,-595.29,-704.30,98.80
2024-11-27 17:00:00,1448.34,-206.47,1914.68,-699.86,-999.55,-477.50
2024-11-27 18:00:00,1580.50,163.04,1190.05,-702.17,-1439.83,-264.80
2024-11-27 19:00:00,1443.00,681.77,464.16,-699.30,-1261.46,-249.60
2024-11-27 20:00:00,1096.97,717.45,526.87,-701.80,-1166.72,-302.90
2024-11-27 21:00:00,936.91,717.45,128.86,-701.54,-1447.03,94.20
2024-11-27 22:00:00,998.30,687.52,496.93,-693.92,-1453.79,-488.50
2024-11-27 23:00:00,1019.62,220.83,436.36,-646.94,-1445.06,-176.50
2024-11-28 00:00:00,492.80,-300.85,827.51,-134.29,-1008.40,-506.70
2024-11-28 01:00:00,197.40,-613.56,1310.16,-129.36,-997.75,-523.20
2024-11-28 02:00:00,128.61,-656.78,1765.14,-462.64,-997.81,-577.90
2024-11-28 03:00:00,318.71,-624.20,1252.21,-436.45,-1006.33,-517.80
2024-11-28 04:00:00,834.14,-103.53,867.58,-696.21,-1443.08,-266.70
2024-11-28 05:00:00,1331.67,430.09,127.20,-701.59,-1439.56,-327.40
2024-11-28 06:00:00,1126.45,3.53,285.10,-679.82,-716.19,-566.40
2024-11-28 07:00:00,1369.49,-649.97,309.38,-692.81,-698.61,-356.20
2024-11-28 08:00:00,1559.96,-691.27,52.54,-507.55,-698.64,-301.60
2024-11-28 09:00:00,1576.86,-625.95,412.00,-671.98,-698.64,-355.60
2024-11-28 10:00:00,1515.16,-196.79,197.09,-519.78,-698.72,-529.70
2024-11-28 11:00:00,1380.55,114.60,44.15,-165.84,-698.62,-558.70
2024-11-28 12:00:00,1524.54,443.49,207.46,-689.95,-698.67,-364.10
2024-11-28 13:00:00,1509.68,700.79,-248.72,-702.15,-698.68,37.40
2024-11-28 14:00:00,1503.85,717.90,-145.18,-701.32,-698.45,13.50
2024-11-28 15:00:00,911.39,717.21,495.42,-655.71,-685.48,50.10
2024-11-28 16:00:00,785.00,705.95,862.69,-495.17,-521.36,-5.80
2024-11-28 17:00:00,1113.17,696.16,1737.67,-659.61,-1418.34,81.20
2024-11-28 18:00:00,1376.17,694.96,373.32,-465.25,-853.50,298.40
2024-11-28 19:00:00,1050.24,694.72,684.89,-209.63,-1321.74,412.00
2024-11-28 20:00:00,1033.70,695.06,-316.15,179.53,-495.41,285.70
2024-11-28 21:00:00,1581.83,700.64,-832.74,157.34,89.00,-248.50
2024-11-28 22:00:00,1621.64,694.58,-623.86,67.69,-3.45,-278.40
2024-11-28 23:00:00,1621.64,690.61,100.62,-567.50,-143.24,-165.50
2024-11-29 00:00:00,1621.67,690.68,-339.06,-129.28,-274.03,-37.20
2024-11-29 01:00:00,1621.70,690.65,-775.62,69.42,-84.04,-74.20
2024-11-29 02:00:00,1621.84,690.61,-1971.52,670.26,308.86,-20.80
2024-11-29 03:00:00,1622.15,690.54,-2417.48,683.93,512.03,-119.20
2024-11-29 04:00:00,1584.53,690.64,-2429.72,677.72,667.47,-502.20
2024-11-29 05:00:00,1466.29,688.81,-2427.16,379.18,1059.60,-530.10
2024-11-29 06:00:00,1334.61,688.59,-2402.15,536.81,1067.18,-544.20
2024-11-29 07:00:00,1419.24,688.47,-2336.87,390.28,996.68,-537.30
2024-11-29 08:00:00,1469.61,688.49,-2437.94,307.74,894.85,-544.00
2024-11-29 09:00:00,1462.88,689.11,-2449.04,436.39,560.85,-572.10
2024-11-29 10:00:00,1267.44,698.11,-2368.70,675.03,242.96,-543.30
2024-11-29 11:00:00,1593.88,699.08,-2407.07,512.39,2.57,-522.70
2024-11-29 12:00:00,1622.04,699.17,-2504.96,286.62,179.68,-574.10
2024-11-29 13:00:00,1609.13,548.02,-2534.89,-154.37,602.09,-575.10
2024-11-29 14:00:00,1273.24,681.51,-2500.92,-199.76,792.34,-589.70
2024-11-29 15:00:00,1496.96,697.38,-2476.21,-156.38,463.39,-524.90
2024-11-29 16:00:00,1602.50,697.42,-2212.36,-224.76,169.36,-562.20
2024-11-29 17:00:00,1422.73,697.37,-2299.70,362.77,-430.48,-531.90
2024-11-29 18:00:00,1247.45,698.86,-2406.81,381.04,-576.63,-429.00
2024-11-29 19:00:00,1407.37,716.25,-2355.18,437.93,-970.92,-438.10
2024-11-29 20:00:00,1519.17,717.44,-1792.51,-233.20,-997.64,-229.80
2024-11-29 21:00:00,1615.75,717.70,-1952.48,-691.90,-997.05,35.60
2024-11-29 22:00:00,1622.09,717.73,-1969.22,-701.63,-996.09,3.50
2024-11-29 23:00:00,1622.29,717.92,-1813.24,-680.70,-997.95,65.10
2024-11-30 00:00:00,1622.19,717.91,-1795.45,-701.59,-998.12,141.80
2024-11-30 01:00:00,1622.20,717.79,-1815.19,-701.95,-998.09,189.80
2024-11-30 02:00:00,1622.24,717.90,-1769.60,-702.14,-998.17,202.60
2024-11-30 03:00:00,1622.35,717.86,-1815.70,-701.97,-997.99,319.80
2024-11-30 04:00:00,1607.48,717.97,-1750.56,-701.94,-998.20,331.00
2024-11-30 05:00:00,1408.27,732.49,-1727.02,-702.01,-999.59,384.00
2024-11-30 06:00:00,1606.63,723.58,-1779.54,-701.80,-1090.57,423.40
2024-11-30 07:00:00,1622.19,718.76,-1423.64,-701.86,-1445.22,557.40
2024-11-30 08:00:00,1622.28,718.83,-1335.26,-701.85,-1453.80,494.60
2024-11-30 09:00:00,1615.94,718.69,-1289.35,-701.81,-1453.68,388.20
2024-11-30 10:00:00,1438.07,717.01,-1310.43,-701.85,-1453.52,523.10
2024-11-30 11:00:00,1374.47,693.42,-836.53,-701.82,-1453.64,270.70
2024-11-30 12:00:00,1600.46,716.93,-1859.76,-701.02,-1445.17,482.30
2024-11-30 13:00:00,1622.17,718.69,-1981.71,-660.56,-1008.11,313.20
2024-11-30 14:00:00,1621.98,718.67,-2200.02,-427.58,-982.13,267.60
2024-11-30 15:00:00,1603.88,718.82,-2011.76,-485.06,-922.96,141.90
2024-11-30 16:00:00,1359.24,718.74,-1643.50,-636.25,-890.12,145.80
2024-11-30 17:00:00,1602.23,718.47,-1492.91,-700.55,-995.38,19.40
2024-11-30 18:00:00,1621.75,718.32,-1630.49,-701.93,-995.12,205.20
2024-11-30 19:00:00,1622.32,718.39,-1762.04,-699.25,-995.58,230.50
2024-11-30 20:00:00,1622.38,718.26,-2040.10,-569.18,-868.70,265.20
2024-11-30 21:00:00,1622.12,718.28,-1854.29,-647.48,-683.19,301.00
2024-11-30 22:00:00,1621.97,718.29,-2169.68,-630.62,-474.82,235.70
2024-11-30 23:00:00,1621.96,718.29,-2056.81,-699.87,-193.05,86.20
2024-12-01 00:00:00,1621.92,718.59,-1716.75,-668.65,-151.46,-93.10
2024-12-01 01:00:00,1622.18,718.18,-1914.52,-695.03,166.81,-86.60
2024-12-01 02:00:00,1621.84,718.18,-2099.96,-398.79,243.41,-117.60
2024-12-01 03:00:00,1621.93,718.10,-2463.70,-530.76,686.54,-90.70
2024-12-01 04:00:00,1622.16,718.06,-2377.68,-693.41,702.57,-15.10
2024-12-01 05:00:00,1622.15,718.18,-2383.01,-698.39,711.65,-12.50
2024-12-01 06:00:00,1622.26,718.09,-2139.34,-603.72,736.11,-162.80
2024-12-01 07:00:00,1622.13,718.04,-2212.95,-370.67,150.66,-167.60
2024-12-01 08:00:00,1621.88,718.14,-1622.24,97.99,-923.31,58.10
2024-12-01 09:00:00,1622.02,718.27,-1605.18,146.78,-996.97,64.60
2024-12-01 10:00:00,1621.99,717.97,-1551.51,205.24,-998.07,17.00
2024-12-01 11:00:00,1622.14,714.04,-1907.00,487.77,-998.03,2.00
2024-12-01 12:00:00,1622.25,716.29,-2086.43,572.94,-997.94,45.80
2024-12-01 13:00:00,1622.22,716.17,-2259.92,627.98,-998.02,-66.10
2024-12-01 14:00:00,1622.15,716.20,-2309.09,470.00,-994.97,-80.90
2024-12-01 15:00:00,1622.23,716.28,-1877.88,-126.48,-853.47,-118.20
2024-12-01 16:00:00,1622.06,717.79,-1382.35,437.99,-1439.51,-562.50
2024-12-01 17:00:00,1622.20,718.51,-1347.02,77.35,-1454.12,-493.00
2024-12-01 18:00:00,1622.10,718.72,-1059.21,-412.96,-1453.91,-362.10
2024-12-01 19:00:00,1622.15,718.70,-783.15,-695.96,-1453.96,-336.10
2024-12-01 20:00:00,1610.58,718.78,-635.34,-702.12,-1453.97,-289.00
2024-12-01 21:00:00,1427.75,718.69,-529.89,-702.02,-1453.94,-82.30
2024-12-01 22:00:00,1151.93,718.52,-461.76,-701.99,-1453.74,205.90
2024-12-01 23:00:00,1066.05,718.62,257.95,-701.85,-1453.87,100.10
2024-12-02 00:00:00,1047.41,718.60,22.00,-702.00,-1453.75,186.80
2024-12-02 01:00:00,955.91,718.44,4.11,-701.01,-1453.95,154.60
2024-12-02 02:00:00,769.51,718.56,-33.67,-652.03,-1453.57,311.40
2024-12-02 03:00:00,666.61,718.62,10.65,-701.02,-1453.70,423.10
2024-12-02 04:00:00,986.80,718.63,-150.85,-702.21,-1453.75,421.20
2024-12-02 05:00:00,1349.94,718.01,-359.91,-698.00,-1439.60,276.10
2024-12-02 06:00:00,996.15,706.66,-1010.48,-496.09,-716.38,375.70
2024-12-02 07:00:00,784.90,715.87,-1057.62,-477.88,-698.66,460.60
2024-12-02 08:00:00,744.20,716.45,-1036.39,-424.56,-698.65,405.70
2024-12-02 09:00:00,923.50,716.51,-980.84,-480.37,-698.67,337.30
2024-12-02 10:00:00,1001.30,716.49,-1024.11,-491.08,-698.69,232.30
2024-12-02 11:00:00,1080.10,716.46,-1193.30,-491.37,-698.72,275.00
2024-12-02 12:00:00,868.99,716.29,-1091.97,-491.45,-698.70,369.70
2024-12-02 13:00:00,962.49,716.41,-1252.01,-491.27,-698.72,401.80
2024-12-02 14:00:00,1008.65,716.44,-1221.53,-472.69,-700.01,411.70
2024-12-02 15:00:00,1578.87,716.47,-1427.87,-72.45,-769.00,-259.20
2024-12-02 16:00:00,1447.10,716.45,-1405.76,607.23,-780.36,-500.40
2024-12-02 17:00:00,1608.24,716.31,-1508.17,660.76,-936.74,-410.40
2024-12-02 18:00:00,1620.29,716.45,-1398.47,180.71,-1062.10,-73.50
2024-12-02 19:00:00,1620.71,716.34,-1046.37,-382.38,-1225.21,247.40
2024-12-02 20:00:00,1620.50,716.37,-1189.38,-384.60,-1295.40,369.50
2024-12-02 21:00:00,1620.77,716.56,-748.38,-489.09,-1450.23,182.70
2024-12-02 22:00:00,1596.40,718.25,-843.56,-491.64,-1454.17,310.30
2024-12-02 23:00:00,1270.65,715.78,-269.28,-491.76,-1454.25,92.60
2024-12-03 00:00:00,1594.94,717.08,-760.48,-481.63,-1454.11,275.00
2024-12-03 01:00:00,1620.85,717.16,-1070.87,-135.13,-1453.98,317.50
2024-12-03 02:00:00,1620.87,717.28,-893.09,-153.36,-1449.12,266.30
2024-12-03 03:00:00,1620.84,717.24,-1297.54,-73.29,-1184.14,205.40
2024-12-03 04:00:00,1620.74,717.21,-1617.39,-198.95,-1155.25,282.20
2024-12-03 05:00:00,1620.91,717.22,-2317.01,459.75,-982.90,168.50
2024-12-03 06:00:00,1450.80,713.55,-2187.58,422.19,-794.05,-52.70
2024-12-03 07:00:00,1385.33,715.89,-2331.15,667.37,-877.59,-166.40
2024-12-03 08:00:00,1389.32,718.09,-2347.96,166.75,-748.85,-8.70
2024-12-03 09:00:00,1389.29,718.24,-2485.58,321.18,-992.05,138.70
2024-12-03 10:00:00,1389.23,718.26,-2491.09,425.20,-995.20,-220.20
2024-12-03 11:00:00,1389.27,718.24,-2483.15,-241.29,-845.29,147.80
2024-12-03 12:00:00,1389.31,718.34,-2485.54,-482.93,-907.79,357.00
2024-12-03 13:00:00,1389.48,718.71,-2411.86,-333.27,-870.06,8.80
2024-12-03 14:00:00,1389.50,718.48,-2223.18,-468.51,-621.91,-243.80
2024-12-03 15:00:00,1254.36,718.49,-1715.90,-491.03,-869.42,-255.40
2024-12-03 16:00:00,1177.03,718.60,-1334.25,-477.40,-995.00,-422.50
2024-12-03 17:00:00,914.08,718.43,-1958.41,162.45,-997.91,-178.90
2024-12-03 18:00:00,846.89,718.58,-2258.17,309.04,-994.20,104.20
2024-12-03 19:00:00,1351.50,718.49,-2282.64,-103.18,-901.94,290.90
2024-12-03 20:00:00,1388.61,718.51,-2465.40,122.02,-830.50,442.20
2024-12-03 21:00:00,1388.44,718.64,-2491.76,384.05,-859.91,388.60
2024-12-03 22:00:00,1388.37,718.60,-2542.10,271.44,-775.60,536.30
2024-12-03 23:00:00,1388.38,718.65,-2547.21,302.69,-524.41,450.90
2024-12-04 00:00:00,1388.41,718.68,-2453.99,214.52,-320.71,343.90
2024-12-04 01:00:00,1388.17,718.52,-2436.50,-121.00,21.94,412.10
2024-12-04 02:00:00,1388.10,718.62,-2459.54,153.62,13.31,257.50
2024-12-04 03:00:00,1388.11,718.63,-2463.23,-3.27,193.17,347.40
2024-12-04 04:00:00,1376.17,718.64,-2459.69,-0.83,339.81,316.80
2024-12-04 05:00:00,1216.34,690.11,-2468.89,32.20,1052.28,198.60
2024-12-04 06:00:00,1358.63,312.48,-2331.11,669.49,1067.52,-205.70
2024-12-04 07:00:00,1127.37,644.91,-2254.28,682.90,1009.82,-387.50
2024-12-04 08:00:00,1339.55,670.99,-2010.78,644.83,501.20,-327.20
2024-12-04 09:00:00,935.52,670.87,-2035.83,682.86,918.37,-369.70
2024-12-04 10:00:00,1072.63,673.44,-2220.46,683.68,793.32,-304.30
2024-12-04 11:00:00,928.76,711.47,-1957.97,682.78,774.63,-402.40
2024-12-04 12:00:00,922.23,676.18,-2110.09,631.15,873.90,-35.40
2024-12-04 13:00:00,1357.88,714.66,-2342.63,398.22,1013.28,-110.80
2024-12-04 14:00:00,1389.42,717.86,-2437.66,344.62,911.53,-43.00
2024-12-04 15:00:00,1389.20,717.80,-2492.10,672.21,1064.72,-438.00
2024-12-04 16:00:00,1389.19,717.99,-2388.95,481.58,1068.24,-406.30
2024-12-04 17:00:00,1389.16,717.83,-2483.64,500.03,1067.40,-476.70
2024-12-04 18:00:00,1389.34,717.95,-2377.33,235.46,1011.07,-365.00
2024-12-04 19:00:00,1389.65,717.97,-2467.62,634.98,488.85,-150.30
2024-12-04 20:00:00,1388.82,717.97,-2481.66,412.91,806.63,-295.80
2024-12-04 21:00:00,1381.81,718.01,-2479.34,607.17,325.07,-106.00
2024-12-04 22:00:00,1387.96,718.10,-2415.24,74.50,430.80,100.80
2024-12-04 23:00:00,1388.31,718.02,-2451.77,316.17,565.23,-58.80
2024-12-05 00:00:00,1388.54,717.98,-2395.13,421.25,196.72,-73.00
2024-12-05 01:00:00,1388.57,718.02,-2476.70,327.79,237.85,-135.80
2024-12-05 02:00:00,1388.58,718.01,-2475.15,177.01,418.86,-109.40
2024-12-05 03:00:00,1388.69,717.97,-2321.67,188.77,50.49,-26.30
2024-12-05 04:00:00,1388.43,715.89,-2496.27,471.89,-370.40,19.30
2024-12-05 05:00:00,1388.63,658.33,-2407.65,679.01,-324.44,-423.50
2024-12-05 06:00:00,1389.01,249.37,-2246.60,671.96,-144.18,-483.30
2024-12-05 07:00:00,1389.05,-49.94,-1628.81,98.66,-198.96,-517.40
2024-12-05 08:00:00,1388.89,-111.73,-1027.36,3.05,-1083.04,-351.40
2024-12-05 09:00:00,1264.85,-182.53,-885.82,119.66,-1195.20,-570.70
2024-12-05 10:00:00,1045.73,-235.83,-584.05,178.25,-1390.09,-536.30
2024-12-05 11:00:00,953.83,-374.24,-341.83,2.60,-1452.24,-513.40
2024-12-05 12:00:00,1117.61,-654.47,-325.50,-1.50,-1453.64,-453.60
2024-12-05 13:00:00,961.20,-636.63,-10.02,-1.49,-1453.10,-540.70
2024-12-05 14:00:00,748.32,-605.97,43.56,-1.50,-1421.22,-543.10
2024-12-05 15:00:00,460.21,-649.41,86.56,-1.52,-1007.92,-536.40
2024-12-05 16:00:00,250.54,-138.56,3.42,-1.42,-997.82,-557.80
2024-12-05 17:00:00,425.54,-323.14,-3.92,-1.34,-1006.38,-431.80
2024-12-05 18:00:00,100.61,-172.91,33.62,-1.29,-1443.02,-35.70
2024-12-05 19:00:00,-233.70,356.95,28.87,4.41,-1453.64,-92.40
2024-12-05 20:00:00,-298.71,306.15,-20.84,286.12,-1453.41,-116.70
2024-12-05 21:00:00,-60.00,689.27,26.62,399.63,-1452.67,-421.10
2024-12-05 22:00:00,-265.50,691.32,45.52,664.15,-1441.86,-530.30
2024-12-05 23:00:00,-694.26,344.51,676.25,27.23,-843.00,-93.10
2024-12-06 00:00:00,-970.97,690.36,668.54,668.74,-894.75,-355.70
2024-12-06 01:00:00,-1018.06,713.16,433.87,682.77,-961.79,-85.40
2024-12-06 02:00:00,-597.35,651.90,101.10,646.12,-785.29,-393.40
2024-12-06 03:00:00,-189.26,712.81,-254.34,650.07,-714.32,-576.10
2024-12-06 04:00:00,253.54,717.81,-461.35,161.54,-634.86,-360.80
2024-12-06 05:00:00,676.31,717.87,-878.34,77.67,-1247.75,-22.30
2024-12-06 06:00:00,758.91,715.02,-707.68,2.88,-1304.73,236.80
2024-12-06 07:00:00,950.03,672.67,-1313.38,133.41,-703.46,397.50
2024-12-06 08:00:00,1342.81,669.54,-1609.94,355.88,-500.89,299.60
2024-12-06 09:00:00,1604.20,669.33,-1468.89,418.79,-687.59,456.20
2024-12-06 10:00:00,1615.67,669.22,-1732.19,629.89,-127.97,96.20
2024-12-06 11:00:00,1612.08,671.62,-532.06,128.87,-677.50,15.50
2024-12-06 12:00:00,1598.23,714.46,-411.70,99.30,-771.00,-1.50
2024-12-06 13:00:00,1428.40,716.55,22.84,670.18,-1142.03,-314.90
2024-12-06 14:00:00,1414.63,699.03,-397.98,659.01,-860.31,-27.30
2024-12-06 15:00:00,1325.75,697.90,-221.30,656.56,-894.64,34.40
2024-12-06 16:00:00,1313.52,699.28,-140.03,331.70,-655.05,69.30
2024-12-06 17:00:00,1373.51,716.59,-860.82,351.90,-45.75,53.20
2024-12-06 18:00:00,1610.04,717.73,-1879.60,373.33,710.01,-4.10
2024-12-06 19:00:00,1603.71,717.80,-1735.38,392.01,541.62,-164.10
2024-12-06 20:00:00,1460.96,717.84,-1448.16,676.46,114.05,-173.50
2024-12-06 21:00:00,1497.25,717.69,-1590.60,643.07,156.07,-31.60
2024-12-06 22:00:00,1601.43,717.86,-1906.99,680.97,219.21,-0.30
2024-12-06 23:00:00,1427.79,714.60,-2297.13,601.61,1039.56,-0.30
2024-12-07 00:00:00,1327.29,672.15,-1316.40,102.75,571.16,78.40
2024-12-07 01:00:00,1321.18,669.18,-1684.99,637.90,607.97,-247.20
2024-12-07 02:00:00,1324.25,669.19,-1375.97,427.25,677.90,-505.40
2024-12-07 03:00:00,1355.49,647.05,-1638.41,229.23,930.31,-567.10
2024-12-07 04:00:00,1181.83,328.72,-1347.10,534.74,398.00,-542.80
2024-12-07 05:00:00,979.01,287.87,-837.56,360.51,-34.79,-524.40
2024-12-07 06:00:00,1146.88,430.19,-529.91,94.53,-579.24,-587.80
2024-12-07 07:00:00,769.75,698.36,-83.85,-78.03,-1066.43,-488.60
2024-12-07 08:00:00,858.04,717.49,32.71,-49.39,-1431.37,-527.30
2024-12-07 09:00:00,602.45,711.45,174.64,85.12,-1453.67,-506.80
2024-12-07 10:00:00,553.26,609.69,279.35,110.69,-1453.71,-528.10
2024-12-07 11:00:00,881.83,407.31,-209.58,520.81,-1453.80,-575.30
2024-12-07 12:00:00,594.96,557.99,36.79,254.43,-1453.89,-504.80
2024-12-07 13:00:00,765.05,707.45,4.68,61.07,-1453.68,-503.20
2024-12-07 14:00:00,1185.21,718.05,-32.12,-337.51,-1453.78,-484.90
2024-12-07 15:00:00,933.43,717.99,-81.48,-299.46,-1453.87,-231.60
2024-12-07 16:00:00,820.01,717.97,-9.60,-669.59,-1453.86,173.20
2024-12-07 17:00:00,1567.05,718.12,-652.91,-698.60,-1453.89,121.70
2024-12-07 18:00:00,1622.07,718.16,-1175.16,-608.82,-1450.60,397.80
2024-12-07 19:00:00,1621.97,718.16,-1798.45,-604.65,-1272.46,561.00
2024-12-07 20:00:00,1607.55,718.18,-2099.51,-699.61,-574.78,318.10
2024-12-07 21:00:00,1218.22,718.28,-2213.80,-701.75,-87.53,288.20
2024-12-07 22:00:00,1362.05,718.24,-2261.81,-701.85,238.49,155.70
2024-12-07 23:00:00,1374.46,718.38,-2213.41,-701.82,963.21,-11.50
2024-12-08 00:00:00,1487.09,718.53,-2299.60,-701.81,1040.63,-93.00
2024-12-08 01:00:00,1272.43,718.38,-2252.93,-696.99,1067.60,-68.30
2024-12-08 02:00:00,1058.47,718.30,-2203.77,-456.17,1067.85,-206.90
2024-12-08 03:00:00,1078.22,718.33,-2343.11,-594.92,1067.76,-100.60
2024-12-08 04:00:00,658.02,718.35,-2287.34,-382.04,1067.60,-127.60
2024-12-08 05:00:00,558.52,718.46,-2421.35,-320.42,1067.75,-18.20
2024-12-08 06:00:00,567.34,718.35,-2219.54,-10.04,1063.93,-364.30
2024-12-08 07:00:00,695.73,718.34,-1668.26,-444.17,896.05,-556.20
2024-12-08 08:00:00,981.70,718.29,-1347.24,-696.35,-98.24,-85.60
2024-12-08 09:00:00,1174.37,718.37,-1114.67,-701.92,-1130.40,159.10
2024-12-08 10:00:00,1265.59,718.34,-1142.93,-701.92,-1291.82,-31.20
2024-12-08 11:00:00,1229.46,718.49,-1234.92,-702.02,-1450.04,124.60
2024-12-08 12:00:00,1233.29,718.41,-1223.96,-702.01,-1453.99,214.40
2024-12-08 13:00:00,1401.90,718.45,-1023.53,-701.89,-1453.83,91.20
2024-12-08 14:00:00,1313.20,718.54,-518.61,-702.10,-1454.29,-130.70
2024-12-08 15:00:00,1337.04,717.98,-282.20,-702.01,-1453.89,-256.80
2024-12-08 16:00:00,1286.58,713.93,-45.06,-702.10,-1453.93,-319.30
2024-12-08 17:00:00,1101.77,715.03,-129.23,-702.26,-1453.98,-352.20
2024-12-08 18:00:00,1144.57,689.56,-264.54,-702.02,-1453.09,-321.50
2024-12-08 19:00:00,1001.99,658.90,49.81,-702.23,-1454.00,-387.20
2024-12-08 20:00:00,1224.66,711.03,-227.60,-702.15,-1453.98,-308.20
2024-12-08 21:00:00,1007.73,716.64,-276.25,-702.28,-1453.92,59.90
2024-12-08 22:00:00,397.53,717.57,-287.97,-698.69,-1443.85,539.80
2024-12-08 23:00:00,-493.15,691.99,-51.80,-518.05,-920.08,558.10
2024-12-09 00:00:00,-821.27,-0.49,87.66,69.64,-772.74,461.60
2024-12-09 01:00:00,-851.07,5.48,154.45,408.23,-1162.11,571.30
2024-12-09 02:00:00,-1195.24,446.42,4.19,640.72,-1112.51,399.40
2024-12-09 03:00:00,-1012.81,711.66,-32.43,349.26,-1134.37,273.50
2024-12-09 04:00:00,-187.92,587.72,-112.23,5.37,-1398.37,153.80
2024-12-09 05:00:00,52.18,192.47,-47.85,-13.23,-1438.58,350.20
2024-12-09 06:00:00,396.96,-189.54,-94.19,-481.00,-716.30,108.20
2024-12-09 07:00:00,133.36,-73.23,111.79,-491.45,-698.64,102.20
2024-12-09 08:00:00,255.26,127.57,27.95,-491.49,-698.69,148.80
2024-12-09 09:00:00,234.96,103.14,3.10,-491.35,-698.60,104.10
2024-12-09 10:00:00,535.46,-207.09,22.03,-491.46,-698.58,-68.00
2024-12-09 11:00:00,680.07,-220.24,38.11,-491.30,-698.65,-140.80
2024-12-09 12:00:00,512.28,92.95,21.84,-491.27,-698.55,-67.00
2024-12-09 13:00:00,522.08,490.11,-14.25,-491.27,-698.58,-49.70
2024-12-09 14:00:00,524.58,382.56,1.22,-485.25,-698.62,-45.20
2024-12-09 15:00:00,324.96,224.45,-0.19,-200.24,-698.53,129.20
2024-12-09 16:00:00,322.47,625.06,-7.46,-472.75,-712.58,180.10
2024-12-09 17:00:00,503.66,702.89,-1.16,104.16,-1436.12,-85.00
2024-12-09 18:00:00,355.26,706.57,-54.24,341.52,-1453.55,-140.20
2024-12-09 19:00:00,707.37,706.67,-11.72,-16.12,-1453.71,-114.30
2024-12-09 20:00:00,616.57,706.46,16.96,-251.65,-1453.56,308.10
2024-12-09 21:00:00,843.86,707.10,40.55,-63.70,-1453.57,161.60
2024-12-09 22:00:00,1131.74,716.07,48.66,72.80,-1453.91,94.00
2024-12-09 23:00:00,1293.38,704.85,392.89,-231.50,-1453.60,389.40
2024-12-10 00:00:00,1500.87,703.75,74.85,-36.68,-1453.67,370.50
2024-12-10 01:00:00,1440.68,703.56,182.91,70.73,-1453.56,183.40
2024-12-10 02:00:00,1581.12,703.74,365.64,-58.83,-1453.69,13.50
2024-12-10 03:00:00,1182.24,703.80,213.24,298.93,-1448.47,150.20
2024-12-10 04:00:00,862.09,700.65,-298.03,675.19,-1356.46,548.20
2024-12-10 05:00:00,490.59,660.46,-678.92,683.46,-390.96,568.60
2024-12-10 06:00:00,135.24,556.00,-763.65,683.21,808.89,287.10
2024-12-10 07:00:00,284.33,646.89,-758.97,668.91,1017.59,70.30
2024-12-10 08:00:00,888.59,415.95,-1309.92,683.15,1067.21,184.70
2024-12-10 09:00:00,522.92,658.67,-1455.14,683.41,1068.49,418.30
2024-12-10 10:00:00,393.56,678.28,-1276.65,683.42,1068.32,292.60
2024-12-10 11:00:00,701.32,678.52,-1790.08,681.42,1068.30,478.10
2024-12-10 12:00:00,354.26,681.07,-1366.83,589.94,1068.38,469.80
2024-12-10 13:00:00,371.88,681.06,-1219.40,492.12,1068.24,391.70
2024-12-10 14:00:00,505.74,675.61,-1348.62,509.19,1059.89,363.40
2024-12-10 15:00:00,499.34,632.40,-972.48,679.53,607.90,442.10
2024-12-10 16:00:00,502.49,647.38,15.62,681.54,-333.13,467.40
2024-12-10 17:00:00,518.91,699.00,-547.97,681.51,255.97,160.60
2024-12-10 18:00:00,650.72,702.74,-880.68,681.39,340.11,107.40
2024-12-10 19:00:00,662.78,702.67,-1075.60,681.47,492.56,30.40
2024-12-10 20:00:00,718.09,702.95,-1207.69,681.57,537.53,17.20
2024-12-10 21:00:00,895.45,702.94,-1631.93,682.93,660.15,4.80
2024-12-10 22:00:00,908.20,704.22,-2011.38,683.33,892.08,5.80
2024-12-10 23:00:00,908.16,717.28,-2037.07,683.32,901.10,41.60
2024-12-11 00:00:00,907.96,718.08,-2137.84,684.09,946.69,55.70
2024-12-11 01:00:00,908.29,718.11,-2060.51,683.37,845.63,40.70
2024-12-11 02:00:00,908.03,718.10,-2350.82,683.23,845.88,111.70
2024-12-11 03:00:00,907.92,717.98,-2333.38,683.55,978.04,-127.80
2024-12-11 04:00:00,907.79,718.08,-2343.59,683.25,1066.16,-201.50
2024-12-11 05:00:00,907.48,711.99,-2250.45,683.47,1068.35,-161.30
2024-12-11 06:00:00,907.85,613.88,-2367.14,683.41,1062.21,57.70
2024-12-11 07:00:00,904.64,565.11,-2133.79,683.52,749.32,119.40
2024-12-11 08:00:00,905.04,562.06,-1809.91,679.18,300.09,95.60
2024-12-11 09:00:00,907.96,629.20,-1506.21,478.98,158.05,-88.80
2024-12-11 10:00:00,906.87,474.94,-1838.75,438.49,556.02,-33.00
2024-12-11 11:00:00,863.93,428.04,-1499.83,230.84,280.36,162.50
2024-12-11 12:00:00,508.41,697.91,-1322.52,31.23,164.38,348.80
2024-12-11 13:00:00,521.78,717.60,-1353.85,53.50,232.32,203.90
2024-12-11 14:00:00,683.35,717.69,-2196.68,493.51,450.51,127.20
2024-12-11 15:00:00,720.65,712.40,-2097.42,436.98,428.16,118.30
2024-12-11 16:00:00,1120.02,641.79,-2194.00,103.49,351.18,350.70
2024-12-11 17:00:00,1293.40,669.46,-2470.78,671.40,-242.86,279.10
2024-12-11 18:00:00,1316.97,714.89,-2389.67,683.72,-177.93,-68.00
2024-12-11 19:00:00,1330.24,717.85,-2430.32,683.68,-15.81,-134.50
2024-12-11 20:00:00,1193.06,718.01,-2370.53,671.58,524.38,-247.90
2024-12-11 21:00:00,1271.66,718.02,-1135.18,89.22,-390.48,-35.60
2024-12-11 22:00:00,1370.69,718.09,-1263.50,-365.77,340.16,-60.40
2024-12-11 23:00:00,1006.63,718.32,-1594.97,212.00,698.93,69.90
2024-12-12 00:00:00,1072.00,718.83,-1764.40,498.42,542.37,105.00
2024-12-12 01:00:00,1187.05,718.19,-1833.10,564.87,681.53,37.40
2024-12-12 02:00:00,1364.45,718.17,-2004.19,666.49,729.79,-162.20
2024-12-12 03:00:00,1377.07,718.30,-2400.10,683.34,987.46,-258.10
2024-12-12 04:00:00,1349.51,718.22,-2362.46,683.62,1066.55,-475.90
2024-12-12 05:00:00,1201.77,718.22,-2365.48,682.83,1062.50,-248.10
2024-12-12 06:00:00,1366.04,715.96,-2134.40,636.07,778.62,-246.80
2024-12-12 07:00:00,1377.89,677.61,-1683.30,244.62,772.20,-228.10
2024-12-12 08:00:00,1377.92,674.97,-1776.30,81.15,772.19,-156.10
2024-12-12 09:00:00,1377.74,677.16,-1524.98,107.75,772.19,-288.40
2024-12-12 10:00:00,1377.62,715.46,-1472.18,128.30,772.29,-356.80
2024-12-12 11:00:00,1362.66,718.41,-1412.92,84.00,759.41,-405.10
2024-12-12 12:00:00,1139.98,715.15,-753.25,258.52,117.64,-373.20
2024-12-12 13:00:00,1077.39,675.10,-1309.05,192.64,757.01,-364.60
2024-12-12 14:00:00,1029.79,674.73,-1264.59,51.41,770.15,-296.00
2024-12-12 15:00:00,1027.40,712.02,-1130.94,-161.72,649.37,-128.50
2024-12-12 16:00:00,1028.60,679.41,-836.78,43.12,156.81,-83.60
2024-12-12 17:00:00,1039.40,714.91,-1139.45,400.19,-55.85,20.00
2024-12-12 18:00:00,997.50,717.91,-1583.30,626.46,410.35,-111.70
2024-12-12 19:00:00,1344.21,718.00,-2261.08,618.47,482.59,33.70
2024-12-12 20:00:00,1364.78,718.01,-796.12,28.04,-110.16,-131.80
2024-12-12 21:00:00,1236.33,718.08,-1606.38,644.38,156.34,-77.20
2024-12-12 22:00:00,1322.12,718.05,-1856.05,683.08,335.63,-52.90
2024-12-12 23:00:00,1363.45,717.95,-2070.79,683.37,470.62,50.00
2024-12-13 00:00:00,1191.18,718.05,-1890.17,683.40,546.33,3.00
2024-12-13 01:00:00,1195.60,718.04,-2097.53,683.34,681.54,-0.30
2024-12-13 02:00:00,1329.07,718.04,-2216.29,683.25,716.39,-78.90
2024-12-13 03:00:00,1362.98,718.14,-2396.10,683.44,874.34,-316.20
2024-12-13 04:00:00,1331.08,718.28,-2384.94,683.34,929.84,-536.60
2024-12-13 05:00:00,1375.64,717.45,-2401.37,681.14,1041.66,-540.00
2024-12-13 06:00:00,1378.27,699.23,-2327.66,556.03,1019.28,-412.30
2024-12-13 07:00:00,1352.90,703.38,-1596.99,76.52,315.18,-95.40
2024-12-13 08:00:00,1000.56,703.45,-1855.63,-275.74,660.54,187.50
2024-12-13 09:00:00,994.61,703.42,-970.31,-346.13,-96.55,190.10
2024-12-13 10:00:00,1321.47,703.49,-1402.32,86.60,-710.21,382.50
2024-12-13 11:00:00,1277.64,703.69,-1297.53,88.95,-581.30,274.10
2024-12-13 12:00:00,1580.84,703.59,-814.72,-473.49,-557.32,92.50
2024-12-13 13:00:00,1599.48,704.63,-1315.98,-227.52,-436.72,42.70
2024-12-13 14:00:00,1396.29,715.68,-1789.71,423.42,-162.78,12.00
2024-12-13 15:00:00,1605.32,716.38,-1456.41,556.40,-769.36,60.10
2024-12-13 16:00:00,1612.54,716.52,-914.68,-19.99,-774.41,56.10
2024-12-13 17:00:00,1620.87,716.48,-1277.36,219.40,-605.83,-82.00
2024-12-13 18:00:00,1621.01,718.21,-2134.45,673.77,-437.42,-104.90
2024-12-13 19:00:00,1621.13,718.49,-2204.56,674.36,-532.42,-122.00
2024-12-13 20:00:00,1620.89,718.36,-2110.26,473.47,-412.91,-108.90
2024-12-13 21:00:00,1620.61,718.45,-2349.42,326.95,-230.44,-63.10
2024-12-13 22:00:00,1620.81,718.36,-2304.28,108.58,-143.35,47.00
2024-12-13 23:00:00,1620.88,684.45,-2175.58,110.22,-505.13,199.80
2024-12-14 00:00:00,1621.37,717.56,-2243.98,-210.16,-252.90,249.00
2024-12-14 01:00:00,1620.97,717.62,-2274.28,-258.43,-130.99,236.10
2024-12-14 02:00:00,1620.74,717.72,-2252.25,-257.09,-133.80,125.50
2024-12-14 03:00:00,1620.60,717.50,-2330.02,-652.75,-34.14,292.10
2024-12-14 04:00:00,1620.61,717.71,-2137.49,-604.83,-218.74,368.70
2024-12-14 05:00:00,1620.52,717.91,-2152.03,-686.70,-496.06,489.60
2024-12-14 06:00:00,1599.00,715.32,-2088.00,-669.46,-332.71,287.30
2024-12-14 07:00:00,1315.00,675.49,-1740.76,-593.71,-591.47,315.80
2024-12-14 08:00:00,1598.43,715.17,-1333.01,-699.55,-1355.65,556.00
2024-12-14 09:00:00,1616.88,716.24,-1041.76,-702.00,-1451.94,577.00
2024-12-14 10:00:00,1543.91,688.24,-668.65,-700.60,-1453.58,548.20
2024-12-14 11:00:00,1330.19,716.18,-462.49,-631.83,-1453.78,472.60
2024-12-14 12:00:00,1351.93,718.75,-385.14,-700.34,-1454.01,366.80
2024-12-14 13:00:00,1430.20,718.73,-524.85,-700.25,-1453.82,260.80
2024-12-14 14:00:00,1395.65,718.75,-498.36,-619.27,-1454.06,109.60
2024-12-14 15:00:00,1445.41,718.77,-385.25,-695.41,-1454.01,315.50
2024-12-14 16:00:00,1610.91,718.68,-536.55,-613.73,-1453.88,274.30
2024-12-14 17:00:00,1578.01,718.59,-224.76,-700.26,-1454.05,172.70
2024-12-14 18:00:00,971.07,718.52,-31.90,-702.23,-1454.05,387.50
2024-12-14 19:00:00,807.30,718.59,59.31,-702.21,-1453.70,424.70
2024-12-14 20:00:00,922.61,718.56,158.90,-702.11,-1430.12,333.80
2024-12-14 21:00:00,968.80,718.56,-0.60,-702.06,-1453.48,279.60
2024-12-14 22:00:00,792.30,718.51,75.18,-702.16,-1454.02,351.50
2024-12-14 23:00:00,811.60,718.58,22.27,-702.15,-1454.12,316.00
2024-12-15 00:00:00,765.31,718.58,201.12,-702.04,-1454.00,434.20
2024-12-15 01:00:00,883.22,718.57,183.25,-695.44,-1454.22,404.10
2024-12-15 02:00:00,796.32,718.56,231.97,-664.97,-1453.94,409.70
2024-12-15 03:00:00,1012.53,718.44,133.47,-661.55,-1454.23,357.20
2024-12-15 04:00:00,1266.41,718.39,78.48,-676.91,-1453.49,389.30
2024-12-15 05:00:00,1271.01,718.33,256.43,-626.30,-1427.93,505.10
2024-12-15 06:00:00,1271.22,718.36,236.03,-634.27,-1336.72,566.30
2024-12-15 07:00:00,1388.27,718.32,126.01,-700.60,-1451.11,507.00
2024-12-15 08:00:00,1515.62,718.85,-12.64,-702.01,-1454.15,62.90
2024-12-15 09:00:00,1401.82,701.65,98.07,-702.11,-1454.25,-299.30
2024-12-15 10:00:00,1598.32,421.95,33.36,-702.06,-1453.53,-507.50
2024-12-15 11:00:00,1592.22,-50.65,186.41,-701.94,-1454.00,-523.10
2024-12-15 12:00:00,1205.38,-50.91,240.13,-701.99,-1453.69,-481.80
2024-12-15 13:00:00,987.87,-519.45,578.46,-702.08,-1453.79,-317.50
2024-12-15 14:00:00,1129.14,-283.10,369.56,-702.10,-1453.71,-403.40
2024-12-15 15:00:00,733.21,290.14,246.69,-702.07,-1453.70,-314.30
2024-12-15 16:00:00,334.80,691.28,36.67,-702.04,-1454.24,86.50
2024-12-15 17:00:00,42.81,717.67,15.20,-702.09,-1453.64,328.80
2024-12-15 18:00:00,-516.57,718.10,213.41,-702.16,-1452.17,420.50
2024-12-15 19:00:00,-796.57,718.10,323.26,-700.56,-1357.98,362.50
2024-12-15 20:00:00,-1295.98,718.20,681.13,-626.54,-1451.62,370.70
2024-12-15 21:00:00,-1287.81,718.30,829.39,-659.79,-1454.17,190.20
2024-12-15 22:00:00,-1636.06,683.06,1380.14,-312.93,-1442.11,-226.40
2024-12-15 23:00:00,-1661.52,179.73,1445.54,236.71,-833.13,-145.20
2024-12-16 00:00:00,-1623.30,142.63,875.90,584.76,-707.31,114.00
2024-12-16 01:00:00,-1608.23,-302.55,1294.55,555.48,-885.43,381.60
2024-12-16 02:00:00,-1601.54,-241.31,1141.51,307.28,-722.14,413.80
2024-12-16 03:00:00,-1613.51,-324.90,1554.74,291.55,-990.28,98.30
2024-12-16 04:00:00,-1260.13,176.00,238.61,516.10,-943.30,279.80
2024-12-16 05:00:00,-728.02,680.03,-2.15,-4.08,-1331.07,184.80
2024-12-16 06:00:00,-428.13,659.27,-30.13,-679.87,-714.01,130.40
2024-12-16 07:00:00,2.47,711.20,223.02,-702.14,-698.77,-313.40
2024-12-16 08:00:00,364.27,682.14,116.54,-702.31,-698.71,-342.00
2024-12-16 09:00:00,383.38,711.62,190.22,-702.32,-698.73,-501.40
2024-12-16 10:00:00,430.38,713.63,-67.16,-702.27,-698.72,-354.90
2024-12-16 11:00:00,396.38,705.49,48.87,-702.32,-698.70,-544.50
2024-12-16 12:00:00,400.18,676.59,49.53,-702.15,-698.77,-451.90
2024-12-16 13:00:00,674.96,245.26,34.03,-702.16,-698.79,-233.20
2024-12-16 14:00:00,1029.15,-0.49,86.60,-702.17,-698.82,-464.30
2024-12-16 15:00:00,868.45,15.42,161.64,-702.49,-698.91,-387.30
2024-12-16 16:00:00,894.06,227.97,87.13,-702.51,-712.75,-571.80
2024-12-16 17:00:00,656.57,673.49,-139.91,-702.46,-1436.20,-194.20
2024-12-16 18:00:00,281.37,714.06,16.04,-702.05,-1453.67,-143.00
2024-12-16 19:00:00,-27.03,672.15,156.75,-702.17,-1453.82,8.60
2024-12-16 20:00:00,-81.13,615.29,39.14,-702.23,-1453.97,283.40
2024-12-16 21:00:00,-194.43,658.62,-58.12,-702.14,-1453.72,443.30
2024-12-16 22:00:00,-417.33,676.41,-32.88,-698.13,-1453.86,428.60
2024-12-16 23:00:00,-594.73,715.29,1.69,-509.05,-1453.90,361.60
2024-12-17 00:00:00,-617.23,718.21,-51.36,-608.54,-1453.85,501.40
2024-12-17 01:00:00,-824.73,717.78,50.59,-339.52,-1454.25,389.00
2024-12-17 02:00:00,-500.73,717.73,-15.61,-643.01,-1454.03,483.10
2024-12-17 03:00:00,-302.22,713.68,174.91,-701.08,-1454.13,485.80
2024-12-17 04:00:00,312.98,650.62,64.26,-702.10,-1454.04,472.30
2024-12-17 05:00:00,693.59,599.89,131.03,-701.85,-1439.92,333.20
2024-12-17 06:00:00,1128.24,473.13,-0.57,-687.44,-716.41,-141.20
2024-12-17 07:00:00,1551.49,421.74,186.17,-683.36,-683.65,-270.00
2024-12-17 08:00:00,1617.25,478.51,-63.03,-625.66,-698.73,-107.80
2024-12-17 09:00:00,1620.21,545.62,39.78,-682.36,-698.94,-188.90
2024-12-17 10:00:00,1619.91,655.97,-9.49,-701.95,-699.00,-268.20
2024-12-17 11:00:00,1619.96,429.68,-144.25,-702.38,-699.05,-1.80
2024-12-17 12:00:00,1620.05,437.76,-497.41,-701.34,-693.62,318.90
2024-12-17 13:00:00,1619.99,688.51,-1028.73,-653.34,-459.79,312.20
2024-12-17 14:00:00,1615.15,682.38,-1196.70,-652.00,-61.03,39.20
2024-12-17 15:00:00,1609.56,669.45,-1321.62,-635.40,242.86,-32.30
2024-12-17 16:00:00,1498.47,672.59,-1337.91,-101.37,366.86,-514.00
2024-12-17 17:00:00,1611.68,669.90,-898.70,369.22,-600.79,-487.00
2024-12-17 18:00:00,1616.07,525.16,-447.93,-179.62,-782.78,-200.80
2024-12-17 19:00:00,1620.06,669.50,106.52,-542.86,-1432.92,-74.10
2024-12-17 20:00:00,1620.11,683.82,-243.11,-699.19,-1242.23,108.80
2024-12-17 21:00:00,1588.56,715.77,-164.23,-702.46,-1443.10,91.10
2024-12-17 22:00:00,1164.53,681.47,62.36,-701.63,-1134.53,-100.10
2024-12-17 23:00:00,1130.93,144.84,97.64,-666.32,-117.57,-419.10
2024-12-18 00:00:00,771.50,-66.45,-91.40,-683.79,444.21,-527.40
2024-12-18 01:00:00,425.00,-250.06,-162.23,-550.88,453.54,-256.10
2024-12-18 02:00:00,-20.81,-631.68,-358.95,-633.51,898.51,15.60
2024-12-18 03:00:00,-534.20,-658.79,-241.58,-291.79,683.14,44.20
2024-12-18 04:00:00,-733.20,-658.93,-22.72,-580.43,829.58,23.70
2024-12-18 05:00:00,-102.98,-643.98,-25.00,-697.08,448.66,-74.80
2024-12-18 06:00:00,359.33,-412.60,62.45,-580.03,-398.25,-158.60
2024-12-18 07:00:00,805.83,-336.31,72.98,-699.26,-691.82,-353.00
2024-12-18 08:00:00,1232.68,-671.46,30.47,-701.84,-698.40,-324.40
2024-12-18 09:00:00,1357.45,-696.53,-102.19,-702.26,-698.65,-49.70
2024-12-18 10:00:00,1370.76,-698.42,36.51,-702.36,-698.53,-266.70
2024-12-18 11:00:00,1155.23,-724.16,-14.44,-701.20,-698.54,-36.00
2024-12-18 12:00:00,1223.98,-732.60,-34.35,-636.87,-698.44,-249.70
2024-12-18 13:00:00,1242.54,-723.37,-68.41,-555.79,-698.57,-278.80
2024-12-18 14:00:00,1044.83,-554.96,-75.80,-698.92,-698.60,-179.70
2024-12-18 15:00:00,614.72,-93.00,-47.04,-702.15,-698.52,-241.50
2024-12-18 16:00:00,170.85,142.72,-74.83,-702.13,-712.51,94.50
2024-12-18 17:00:00,-210.87,677.18,-32.59,-701.85,-1435.79,461.80
2024-12-18 18:00:00,-289.67,673.30,50.70,-702.00,-1453.86,476.90
2024-12-18 19:00:00,-211.37,714.25,-16.55,-701.17,-1453.84,543.20
2024-12-18 20:00:00,-101.17,717.48,-46.72,-661.25,-1453.84,494.60
2024-12-18 21:00:00,-189.77,717.75,-141.60,-536.21,-1454.15,442.00
2024-12-18 22:00:00,-367.07,717.92,109.47,-368.27,-1445.72,354.40
2024-12-18 23:00:00,-753.77,718.12,473.37,37.67,-1009.01,206.10
2024-12-19 00:00:00,-880.09,716.52,1669.86,-2.83,-997.68,114.10
2024-12-19 01:00:00,-944.11,691.43,2451.72,11.20,-965.75,346.60
2024-12-19 02:00:00,-748.11,641.12,2321.87,120.67,-432.03,353.80
2024-12-19 03:00:00,-166.20,425.20,1416.92,626.39,416.50,-274.60
2024-12-19 04:00:00,-17.60,550.78,784.80,459.20,915.13,-326.80
2024-12-19 05:00:00,120.60,649.07,1690.41,-35.90,-159.85,117.90
2024-12-19 06:00:00,934.44,677.74,1397.97,-688.17,-686.61,442.40
2024-12-19 07:00:00,1592.13,328.17,563.29,-702.39,-698.74,412.70
2024-12-19 08:00:00,1622.20,422.28,255.13,-702.25,-698.97,366.50
2024-12-19 09:00:00,1609.42,412.25,99.08,-702.27,-698.90,391.30
2024-12-19 10:00:00,1434.31,397.88,-7.89,-702.32,-698.85,331.10
2024-12-19 11:00:00,1497.48,438.81,-22.20,-702.34,-698.66,284.40
2024-12-19 12:00:00,1271.64,364.68,70.01,-702.29,-698.78,195.20
2024-12-19 13:00:00,887.73,295.38,36.92,-702.21,-698.68,174.90
2024-12-19 14:00:00,827.73,247.51,-7.06,-702.20,-698.56,-56.30
2024-12-19 15:00:00,870.55,209.69,18.72,-702.25,-698.56,-234.40
2024-12-19 16:00:00,639.41,680.35,-98.29,-702.21,-712.40,-319.60
2024-12-19 17:00:00,578.80,662.29,5.11,-702.24,-1436.01,181.40
2024-12-19 18:00:00,514.00,496.41,-21.06,-699.62,-1453.88,464.80
2024-12-19 19:00:00,514.00,-69.13,-16.38,-580.17,-1453.89,461.90
2024-12-19 20:00:00,876.32,-442.74,10.83,-699.32,-1453.63,351.20
2024-12-19 21:00:00,467.41,-273.92,15.30,-702.03,-1453.57,499.20
2024-12-19 22:00:00,317.00,-155.11,-79.03,-702.01,-1453.62,465.40
2024-12-19 23:00:00,175.31,-175.89,404.40,-701.86,-1453.58,418.20
2024-12-20 00:00:00,264.79,270.87,-48.83,-701.85,-1453.64,349.70
2024-12-20 01:00:00,67.87,689.80,44.06,-701.88,-1453.73,350.60
2024-12-20 02:00:00,65.86,716.83,1.09,-701.81,-1453.51,249.50
2024-12-20 03:00:00,53.17,680.52,133.84,-701.73,-1449.69,309.10
2024-12-20 04:00:00,74.99,351.42,144.81,-701.84,-1453.64,331.30
2024-12-20 05:00:00,432.70,122.64,-26.44,-701.82,-1453.40,473.80
2024-12-20 06:00:00,863.63,-11.17,182.71,-701.78,-1453.63,36.40
2024-12-20 07:00:00,1127.78,-224.92,46.85,-701.91,-1453.56,348.00
2024-12-20 08:00:00,1303.70,-76.67,-66.84,-701.77,-1453.80,157.80
2024-12-20 09:00:00,1394.04,-151.10,41.83,-701.95,-1453.45,-71.00
2024-12-20 10:00:00,1269.57,-109.57,110.87,-701.91,-1453.87,-118.90
2024-12-20 11:00:00,1511.93,236.69,-25.72,-701.75,-1453.72,-191.80
2024-12-20 12:00:00,1605.41,686.91,-57.40,-702.07,-1453.68,-455.50
2024-12-20 13:00:00,1418.10,718.16,-86.25,-701.94,-1453.70,-13.50
2024-12-20 14:00:00,1036.84,718.08,278.22,-701.91,-1453.74,422.10
2024-12-20 15:00:00,1115.92,715.35,548.85,-702.26,-1454.01,329.30
2024-12-20 16:00:00,1095.53,711.18,805.40,-702.14,-1454.15,317.70
2024-12-20 17:00:00,1536.06,653.83,553.16,-702.30,-1454.03,97.10
2024-12-20 18:00:00,1543.66,649.65,128.10,-702.26,-1453.84,219.10
2024-12-20 19:00:00,1542.64,636.04,-72.74,-702.26,-1453.78,117.30
2024-12-20 20:00:00,1464.25,423.44,122.11,-702.17,-1453.83,-129.20
2024-12-20 21:00:00,974.24,86.71,-142.69,-702.24,-1453.55,392.10
2024-12-20 22:00:00,186.58,571.44,-22.78,-702.03,-1450.22,387.20
2024-12-20 23:00:00,-215.23,370.63,255.22,-701.84,-1269.49,385.70
2024-12-21 00:00:00,-177.24,486.12,61.47,-691.88,-1130.34,180.50
2024-12-21 01:00:00,-902.85,702.73,207.01,-668.99,-696.14,118.90
2024-12-21 02:00:00,-1327.69,716.96,835.45,-701.06,-929.48,465.10
2024-12-21 03:00:00,-1178.35,697.63,803.49,-696.24,-404.23,401.50
2024-12-21 04:00:00,-563.44,621.22,2.87,-701.99,-221.92,546.40
2024-12-21 05:00:00,-117.52,357.16,-81.36,-702.20,-13.23,143.00
2024-12-21 06:00:00,-502.93,660.15,357.62,-702.29,-271.37,208.40
2024-12-21 07:00:00,-804.34,670.54,1013.55,-702.27,-697.18,302.80
2024-12-21 08:00:00,-417.14,685.42,841.96,-702.20,-1155.02,292.30
2024-12-21 09:00:00,-234.14,697.26,685.43,-702.23,-1041.92,6.10
2024-12-21 10:00:00,-18.24,432.11,637.27,-702.15,-1248.37,-128.00
2024-12-21 11:00:00,62.15,390.39,442.60,-702.10,-1253.52,-147.80
2024-12-21 12:00:00,149.06,239.13,447.90,-702.14,-1249.98,-174.00
2024-12-21 13:00:00,-258.85,116.13,509.80,-702.14,-1078.28,57.30
2024-12-21 14:00:00,-646.36,122.09,556.08,-700.31,-1048.20,224.90
2024-12-21 15:00:00,-772.16,561.31,995.16,-620.50,-1358.43,-387.10
2024-12-21 16:00:00,-664.74,610.48,580.37,-697.74,-1451.08,214.50
2024-12-21 17:00:00,-908.24,593.50,777.67,-584.75,-1447.19,191.50
2024-12-21 18:00:00,-1333.73,252.96,1252.08,-699.34,-1126.91,203.10
2024-12-21 19:00:00,-1491.14,336.68,1632.39,-701.04,-999.29,-110.30
2024-12-21 20:00:00,-1654.09,-33.95,2200.61,-651.36,-932.80,-30.50
2024-12-21 21:00:00,-1662.96,305.72,2089.85,-607.23,-845.07,-237.30
2024-12-21 22:00:00,-1640.92,-15.52,2154.61,-612.35,-372.60,-183.00
2024-12-21 23:00:00,-1327.67,-546.80,2353.36,-452.33,175.71,-413.70
2024-12-22 00:00:00,-1148.38,-211.17,1954.43,-637.08,529.76,-327.30
2024-12-22 01:00:00,-1173.15,-346.39,2180.93,-396.08,288.52,-238.50
2024-12-22 02:00:00,-1168.95,-498.29,2175.11,106.82,721.96,-228.30
2024-12-22 03:00:00,-1077.55,-625.56,1919.12,259.41,803.35,-25.60
2024-12-22 04:00:00,-940.95,-409.75,1688.79,-61.41,846.03,-153.00
2024-12-22 05:00:00,-828.05,-142.56,1645.03,63.06,779.10,-374.00
2024-12-22 06:00:00,-1189.74,246.28,1120.79,-36.04,613.09,-258.00
2024-12-22 07:00:00,-1309.51,134.32,1349.98,-653.13,719.44,356.90
2024-12-22 08:00:00,-616.14,648.49,122.92,-375.39,451.38,450.40
2024-12-22 09:00:00,-27.04,715.65,569.51,-532.47,-554.05,378.00
2024-12-22 10:00:00,399.57,717.64,73.88,-698.59,-44.21,165.00
2024-12-22 11:00:00,1109.81,703.58,-19.78,-701.54,-574.22,-34.00
2024-12-22 12:00:00,1202.15,514.86,145.75,-672.55,-457.68,-68.00
2024-12-22 13:00:00,1420.14,697.52,129.84,-701.56,-660.73,-136.00
2024-12-22 14:00:00,1610.88,716.87,-51.40,-702.30,-823.09,-247.60
2024-12-22 15:00:00,1623.41,717.54,131.85,-702.23,-920.11,-357.10
2024-12-22 16:00:00,1623.48,717.52,-15.90,-702.24,-1297.52,-147.80
2024-12-22 17:00:00,1623.42,717.85,357.85,-702.23,-1449.96,-283.30
2024-12-22 18:00:00,1623.56,718.03,-110.42,-702.31,-1453.79,-215.10
2024-12-22 19:00:00,1623.51,717.98,-14.08,-702.22,-1453.49,-469.20
2024-12-22 20:00:00,1602.08,714.80,-34.04,-702.19,-1454.01,-540.00
2024-12-22 21:00:00,1265.25,714.34,-158.46,-702.21,-1444.83,-449.70
2024-12-22 22:00:00,829.80,710.92,-154.51,-701.99,-971.89,-586.50
2024-12-22 23:00:00,456.22,660.44,-252.24,-701.99,-325.04,-556.70
2024-12-23 00:00:00,12.31,630.82,-14.70,-698.32,-143.99,-434.30
2024-12-23 01:00:00,-395.98,339.76,-5.89,-516.24,207.48,-186.00
2024-12-23 02:00:00,-205.11,-133.46,-34.40,18.10,335.63,-538.10
2024-12-23 03:00:00,195.71,-580.69,28.75,-0.18,297.23,-601.40
2024-12-23 04:00:00,640.59,-484.08,-119.90,-281.50,98.90,-601.40
2024-12-23 05:00:00,1033.80,77.06,93.33,-554.05,-832.64,-552.00
2024-12-23 06:00:00,688.63,641.22,160.70,-698.76,-1439.16,15.90
2024-12-23 07:00:00,892.85,654.99,291.27,-701.86,-1453.65,-25.80
2024-12-23 08:00:00,1259.04,713.59,73.17,-701.97,-1453.58,-151.30
2024-12-23 09:00:00,924.22,718.01,289.18,-701.84,-1453.78,-257.90
2024-12-23 10:00:00,911.71,718.17,156.82,-701.87,-1453.78,-413.40
2024-12-23 11:00:00,939.00,718.35,129.40,-702.00,-1453.69,-535.40
2024-12-23 12:00:00,1120.70,718.20,69.39,-701.99,-1453.77,-527.80
2024-12-23 13:00:00,1423.28,718.09,46.20,-702.07,-1453.97,-540.60
2024-12-23 14:00:00,1595.04,718.33,60.49,-702.16,-1452.56,-531.00
2024-12-23 15:00:00,1404.67,718.27,78.02,-702.30,-1392.29,-524.40
2024-12-23 16:00:00,1594.63,718.33,129.14,-702.44,-1428.37,-529.00
2024-12-23 17:00:00,1428.40,718.39,217.23,-702.16,-1453.29,-350.30
2024-12-23 18:00:00,1324.56,718.39,519.10,-698.68,-1452.05,-319.10
2024-12-23 19:00:00,1611.20,718.33,-256.84,-534.92,-1356.81,-145.90
2024-12-23 20:00:00,1493.43,718.47,140.32,-695.37,-1249.83,-25.40
2024-12-23 21:00:00,1496.18,718.25,223.64,-640.94,-987.52,21.60
2024-12-23 22:00:00,1614.13,718.30,300.29,-632.74,-997.49,153.90
2024-12-23 23:00:00,1622.85,718.17,587.18,-662.67,-993.61,273.70
2024-12-24 00:00:00,1623.31,718.04,331.55,-584.67,-768.99,300.40
2024-12-24 01:00:00,1622.91,715.55,339.65,-496.47,-638.08,158.80
2024-12-24 02:00:00,1622.73,679.10,-309.06,-623.28,430.15,-65.10
2024-12-24 03:00:00,1623.02,715.55,-1064.62,-539.40,805.45,-16.60
2024-12-24 04:00:00,1622.74,715.91,-1108.41,-515.71,852.00,-230.10
2024-12-24 05:00:00,1623.07,687.55,-1486.66,-470.10,864.59,-160.40
2024-12-24 06:00:00,1623.17,715.89,-1105.43,-198.57,247.60,-432.80
2024-12-24 07:00:00,1622.93,718.13,-889.54,-412.62,182.23,-452.10
2024-12-24 08:00:00,1601.04,718.14,-830.86,-287.06,-498.09,-91.80
2024-12-24 09:00:00,1315.96,718.16,-264.49,-396.75,-1058.01,-16.80
2024-12-24 10:00:00,1600.92,718.20,-431.45,-633.14,-1001.99,-155.90
2024-12-24 11:00:00,1602.18,718.06,-1459.23,-359.52,-779.18,-60.80
2024-12-24 12:00:00,1314.88,718.28,-1161.43,52.07,-954.17,-450.50
2024-12-24 13:00:00,1465.60,718.32,-1316.38,-237.88,-742.19,-429.80
2024-12-24 14:00:00,1464.20,718.27,-1498.88,-154.45,-818.02,-422.40
2024-12-24 15:00:00,1341.39,718.40,-1064.89,-478.74,-772.74,-403.70
2024-12-24 16:00:00,1418.97,718.28,-829.87,-429.85,-1045.79,-520.10
2024-12-24 17:00:00,1555.97,718.31,-1076.10,-498.33,-1302.41,-357.30
2024-12-24 18:00:00,1471.05,718.47,-1358.43,-486.03,-1219.57,-103.70
2024-12-24 19:00:00,1573.43,718.40,-1322.97,-697.32,-1319.87,196.30
2024-12-24 20:00:00,1618.92,718.40,-1325.75,-699.13,-1419.47,244.60
2024-12-24 21:00:00,1621.22,718.31,-1880.61,-563.70,-1171.92,383.30
2024-12-24 22:00:00,1534.59,718.29,-1781.04,-572.36,-1072.06,483.60
2024-12-24 23:00:00,1483.58,718.24,-1814.67,-666.11,-672.99,512.10
2024-12-25 00:00:00,1610.63,718.00,-1888.74,-700.40,-644.41,420.70
2024-12-25 01:00:00,1621.76,718.20,-1840.41,-676.01,-704.50,486.40
2024-12-25 02:00:00,1621.82,718.27,-1843.77,-617.02,-518.22,492.00
2024-12-25 03:00:00,1621.75,718.36,-1979.22,-424.43,-428.83,585.50
2024-12-25 04:00:00,1621.98,718.33,-2084.68,-464.56,-236.25,581.50
2024-12-25 05:00:00,1621.78,718.38,-2339.03,-384.41,-13.03,482.40
2024-12-25 06:00:00,1621.82,718.41,-2129.21,-410.86,116.37,256.60
2024-12-25 07:00:00,1621.95,718.40,-2023.27,-514.90,-14.59,319.40
2024-12-25 08:00:00,1621.90,718.38,-1410.02,-408.82,-693.72,322.20
2024-12-25 09:00:00,1621.70,718.36,-822.64,-408.62,-990.88,295.70
2024-12-25 10:00:00,1621.74,718.52,-447.31,-647.55,-983.76,114.20
2024-12-25 11:00:00,1621.95,718.49,-1349.35,31.06,-997.79,145.20
2024-12-25 12:00:00,1621.95,718.43,-1710.73,669.92,-998.10,-150.90
2024-12-25 13:00:00,1622.11,718.60,-1965.87,683.72,-997.97,-66.60
2024-12-25 14:00:00,1621.99,718.56,-2045.75,679.93,-993.59,120.20
2024-12-25 15:00:00,1621.85,718.54,-2236.72,493.47,-769.48,113.20
2024-12-25 16:00:00,1622.22,718.52,-2015.89,312.41,-801.93,139.90
2024-12-25 17:00:00,1622.13,718.64,-1979.80,-42.54,-773.67,408.70
2024-12-25 18:00:00,1622.44,718.62,-2053.08,-289.95,-445.91,189.90
2024-12-25 19:00:00,1621.94,718.62,-2301.38,-455.01,-370.80,348.30
2024-12-25 20:00:00,1622.05,718.54,-2139.99,-496.88,-562.01,286.50
2024-12-25 21:00:00,1622.10,718.53,-2087.80,-315.21,-660.28,319.30
2024-12-25 22:00:00,1622.00,718.49,-2098.56,-604.88,-464.04,355.40
2024-12-25 23:00:00,1622.30,718.59,-1480.84,-646.55,-913.38,505.30
2024-12-26 00:00:00,1622.00,718.58,-1153.57,-608.89,-996.11,415.40
2024-12-26 01:00:00,1622.36,718.59,-1128.90,-612.70,-992.75,417.60
2024-12-26 02:00:00,1622.33,718.68,-1103.24,-605.21,-718.47,376.50
2024-12-26 03:00:00,1622.16,718.57,-1256.56,-609.52,-618.58,437.70
2024-12-26 04:00:00,1622.30,718.60,-1157.36,-641.23,-689.26,375.80
2024-12-26 05:00:00,1622.14,718.50,-776.54,-629.44,-807.91,237.50
2024-12-26 06:00:00,1622.22,718.63,-765.51,-629.81,-874.34,268.10
2024-12-26 07:00:00,1622.08,718.54,-957.67,-652.22,-359.71,196.40
2024-12-26 08:00:00,1622.14,718.61,-742.81,-538.89,-584.13,124.80
2024-12-26 09:00:00,1622.17,718.55,-49.04,-412.46,-988.35,-51.50
2024-12-26 10:00:00,1622.18,718.54,99.68,-612.09,-998.02,-14.00
2024-12-26 11:00:00,1622.38,718.50,-59.42,-557.78,-998.01,-13.80
2024-12-26 12:00:00,1622.29,718.47,126.39,-489.50,-998.11,-167.20
2024-12-26 13:00:00,1622.19,718.44,-500.20,162.17,-998.07,-74.50
2024-12-26 14:00:00,1622.09,718.42,-980.46,656.19,-993.34,-39.00
2024-12-26 15:00:00,1622.13,718.47,-845.76,673.14,-998.11,-28.10
2024-12-26 16:00:00,1621.67,718.48,-399.12,169.68,-994.37,90.00
2024-12-26 17:00:00,1621.75,718.53,134.06,-382.32,-998.16,56.10
2024-12-26 18:00:00,1622.03,718.50,-514.33,260.10,-998.33,4.10
2024-12-26 19:00:00,1622.00,718.50,-535.37,160.57,-996.29,45.00
2024-12-26 20:00:00,1621.83,718.46,-698.95,258.92,-886.45,84.60
2024-12-26 21:00:00,1621.78,718.38,-686.50,160.22,-995.04,172.40
2024-12-26 22:00:00,1622.12,719.13,-353.66,15.01,-978.39,72.50
2024-12-26 23:00:00,1622.35,680.39,323.92,-527.44,-960.38,109.40
2024-12-27 00:00:00,1621.54,717.53,187.81,-390.16,-997.19,233.70
2024-12-27 01:00:00,1493.91,717.43,339.63,-219.53,-995.93,76.50
2024-12-27 02:00:00,1604.09,717.75,22.86,67.19,-970.57,-53.50
2024-12-27 03:00:00,1482.96,717.81,-392.84,153.57,-635.90,-8.50
2024-12-27 04:00:00,1473.45,717.92,-1071.24,158.09,3.16,-51.10
2024-12-27 05:00:00,1482.63,718.01,-1231.03,51.11,137.18,53.80
2024-12-27 06:00:00,1614.47,718.03,-1922.32,56.57,815.07,6.00
2024-12-27 07:00:00,1623.97,718.11,-1700.06,154.11,644.96,65.40
2024-12-27 08:00:00,1624.00,718.61,-559.43,-288.79,-71.12,54.60
2024-12-27 09:00:00,1623.67,718.63,-128.54,-343.86,-657.43,277.90
2024-12-27 10:00:00,1624.10,718.64,38.99,-277.76,-805.55,191.10
2024-12-27 11:00:00,1624.07,718.67,18.37,-102.31,-931.41,153.80
2024-12-27 12:00:00,1623.78,718.58,-9.73,110.62,-992.14,26.10
2024-12-27 13:00:00,1623.79,718.83,-797.50,671.69,-752.50,-0.30
2024-12-27 14:00:00,1624.05,718.85,-1459.11,683.20,-175.02,15.80
2024-12-27 15:00:00,1624.16,718.80,-1809.80,660.01,239.70,16.20
2024-12-27 16:00:00,1624.11,718.84,-1670.58,674.67,229.74,8.70
2024-12-27 17:00:00,1623.97,718.76,-735.43,255.51,-480.79,134.20
2024-12-27 18:00:00,1624.14,718.69,-720.15,134.06,-429.18,50.30
2024-12-27 19:00:00,1624.13,718.74,-1347.50,204.90,82.46,36.90
2024-12-27 20:00:00,1623.79,718.86,-1445.89,100.33,62.26,-5.00
2024-12-27 21:00:00,1623.67,718.79,-1030.74,225.66,-330.53,-75.60
2024-12-27 22:00:00,1624.10,718.97,-1187.79,215.99,-269.37,-132.70
2024-12-27 23:00:00,1624.20,718.83,-468.96,209.78,-712.93,-312.60
2024-12-28 00:00:00,1624.17,718.99,-500.43,153.34,-827.04,-133.30
2024-12-28 01:00:00,1624.16,718.91,-661.01,223.50,-826.72,-136.00
2024-12-28 02:00:00,1623.99,718.96,-746.73,107.70,-674.55,-37.30
2024-12-28 03:00:00,1622.80,718.95,-1264.67,155.87,-307.54,-12.90
2024-12-28 04:00:00,1622.22,719.07,-995.58,141.88,-435.85,-166.90
2024-12-28 05:00:00,1622.37,714.05,-1271.25,96.26,-168.11,-148.30
2024-12-28 06:00:00,1622.14,476.12,-1376.37,162.48,-22.73,-20.70
2024-12-28 07:00:00,1622.49,563.55,-1925.00,101.33,562.24,2.50
2024-12-28 08:00:00,1622.93,472.04,-1849.05,175.10,402.72,136.00
2024-12-28 09:00:00,1622.87,517.72,-865.61,287.63,-395.17,-109.20
2024-12-28 10:00:00,1622.45,566.84,-299.60,178.74,-936.19,-178.30
2024-12-28 11:00:00,1622.66,566.29,-515.28,308.85,-996.74,-176.70
2024-12-28 12:00:00,1622.91,476.34,-422.02,76.62,-993.68,-129.20
2024-12-28 13:00:00,1622.65,654.45,-1585.61,659.74,-734.29,-128.80
2024-12-28 14:00:00,1623.03,423.21,-2043.37,282.12,456.42,-378.10
2024-12-28 15:00:00,1622.67,471.96,-2030.63,-351.80,1003.00,-376.70
2024-12-28 16:00:00,1622.84,712.88,-2297.45,-34.85,684.90,-450.80
2024-12-28 17:00:00,1623.12,718.18,-1731.33,-507.93,-38.41,-37.20
2024-12-28 18:00:00,1622.97,717.82,-1836.99,-537.51,-75.07,-149.00
2024-12-28 19:00:00,1622.77,718.03,-2395.23,-696.99,633.92,-114.10
2024-12-28 20:00:00,1622.81,718.01,-2266.48,-678.03,434.32,-95.40
2024-12-28 21:00:00,1622.70,717.88,-2282.71,-659.57,243.02,-62.90
2024-12-28 22:00:00,1622.47,718.05,-2323.82,-623.41,-22.38,54.70
2024-12-28 23:00:00,1622.65,717.98,-1633.86,-330.52,-926.71,-89.80
2024-12-29 00:00:00,1623.26,718.02,-1358.45,-659.78,-946.06,11.00
2024-12-29 01:00:00,1622.61,717.91,-1672.22,-582.92,-996.12,241.40
2024-12-29 02:00:00,1622.11,717.85,-2239.40,-356.30,-976.61,375.70
2024-12-29 03:00:00,1622.76,717.94,-1924.04,-694.46,-950.07,379.50
2024-12-29 04:00:00,1623.07,718.60,-2577.68,-701.72,-887.92,501.50
2024-12-29 05:00:00,1623.95,718.30,-2303.65,-687.88,-1079.39,434.50
2024-12-29 06:00:00,1621.54,718.72,-2040.47,-669.97,-1323.14,427.10
2024-12-29 07:00:00,1493.24,718.84,-1861.48,-701.30,-1450.54,438.50
2024-12-29 08:00:00,1545.02,718.77,-1910.28,-702.00,-1453.41,460.80
2024-12-29 09:00:00,1332.33,718.75,-1255.73,-702.14,-1453.89,289.20
2024-12-29 10:00:00,588.57,718.94,-233.30,-702.01,-1453.93,120.70
2024-12-29 11:00:00,519.96,718.86,-216.69,-702.09,-1454.03,101.20
2024-12-29 12:00:00,543.37,718.84,-360.98,-702.07,-1453.22,122.10
2024-12-29 13:00:00,910.78,718.85,-678.13,-702.11,-1420.35,158.60
2024-12-29 14:00:00,970.58,718.81,-870.38,-701.99,-1452.09,224.90
2024-12-29 15:00:00,559.47,718.80,-715.26,-702.14,-1453.85,248.60
2024-12-29 16:00:00,175.16,718.83,-365.93,-702.18,-1453.79,197.00
2024-12-29 17:00:00,-373.64,719.22,-115.80,-702.17,-1453.96,403.10
2024-12-29 18:00:00,-251.54,719.28,-40.12,-702.15,-1453.64,180.60
2024-12-29 19:00:00,-362.84,719.22,-38.35,-702.07,-1453.74,368.40
2024-12-29 20:00:00,-421.14,719.21,-54.50,-702.10,-1453.74,271.40
2024-12-29 21:00:00,-366.94,714.43,-38.09,-702.15,-1454.00,388.10
2024-12-29 22:00:00,-157.64,657.50,87.19,-702.13,-1454.11,445.60
2024-12-29 23:00:00,-679.84,713.05,158.37,-702.05,-1453.43,355.80
2024-12-30 00:00:00,-520.25,717.90,-36.30,-701.70,-1453.83,355.40
2024-12-30 01:00:00,-697.25,717.91,-30.99,-682.45,-1454.09,371.70
2024-12-30 02:00:00,-853.05,718.05,-82.06,-676.12,-1453.81,418.40
2024-12-30 03:00:00,-1128.34,706.26,-57.13,-581.62,-1453.90,506.30
2024-12-30 04:00:00,-958.96,544.26,40.09,-699.46,-1453.93,420.20
2024-12-30 05:00:00,-524.19,705.02,16.52,-701.98,-1453.74,173.20
2024-12-30 06:00:00,-112.36,717.70,164.28,-702.03,-1453.95,160.20
2024-12-30 07:00:00,-196.25,717.63,254.74,-702.04,-1454.02,551.50
2024-12-30 08:00:00,492.77,717.57,43.74,-702.08,-1454.00,394.70
2024-12-30 09:00:00,1096.54,711.97,33.58,-702.01,-1453.67,-36.70
2024-12-30 10:00:00,1450.22,635.61,48.14,-702.09,-1453.94,-408.70
2024-12-30 11:00:00,1358.49,682.70,84.99,-701.98,-1453.80,-515.20
2024-12-30 12:00:00,1316.54,238.83,14.43,-701.99,-1453.79,-168.70
2024-12-30 13:00:00,1524.83,-343.26,7.97,-702.08,-1453.78,46.00
2024-12-30 14:00:00,1469.38,-639.99,-75.64,-702.04,-1453.89,274.80
2024-12-30 15:00:00,1214.32,-636.66,24.58,-702.17,-1453.87,316.80
2024-12-30 16:00:00,1051.51,-289.14,36.06,-702.26,-1454.03,114.00
2024-12-30 17:00:00,784.62,235.63,10.18,-702.12,-1454.00,-71.00
2024-12-30 18:00:00,391.68,670.43,13.22,-702.13,-1453.97,-228.00
2024-12-30 19:00:00,317.21,462.65,48.90,-702.09,-1454.32,229.40
2024-12-30 20:00:00,666.32,572.49,90.89,-702.02,-1454.17,160.50
2024-12-30 21:00:00,726.71,708.00,-58.74,-702.12,-1454.07,460.30
2024-12-30 22:00:00,699.52,717.00,60.93,-702.01,-1453.38,577.90
2024-12-30 23:00:00,1051.51,693.48,78.71,-702.13,-1413.29,568.40
2024-12-31 00:00:00,1075.39,718.26,143.37,-701.73,-801.43,521.30
2024-12-31 01:00:00,654.59,713.94,75.15,-683.89,102.76,531.00
2024-12-31 02:00:00,135.29,653.75,177.43,-608.37,887.21,566.20
2024-12-31 03:00:00,-85.21,713.49,30.61,-532.47,1064.16,578.20
2024-12-31 04:00:00,-123.91,718.02,12.10,-346.47,1046.22,444.90
2024-12-31 05:00:00,292.79,718.30,-301.74,-627.97,1067.85,175.00
2024-12-31 06:00:00,581.89,718.47,-113.33,-701.05,1045.49,-498.40
2024-12-31 07:00:00,944.79,718.36,-40.86,-702.38,79.56,-476.70
2024-12-31 08:00:00,1109.99,718.32,21.03,-702.14,-742.07,-280.60
2024-12-31 09:00:00,899.12,715.60,149.51,-702.07,-1029.41,-159.90
2024-12-31 10:00:00,1049.82,642.00,171.30,-702.07,-1397.11,-189.70
2024-12-31 11:00:00,1396.34,80.64,74.07,-702.04,-1424.78,-146.00
2024-12-31 12:00:00,1345.72,-390.66,-32.30,-702.00,-1452.66,76.60
2024-12-31 13:00:00,1109.35,-648.92,-42.06,-701.96,-1450.55,200.50
2024-12-31 14:00:00,763.34,-716.41,-16.65,-702.00,-1453.45,406.50
2024-12-31 15:00:00,546.22,-540.97,-46.00,-702.02,-1453.38,387.50
2024-12-31 16:00:00,167.29,-212.81,-38.95,-701.93,-1453.32,352.80
2024-12-31 17:00:00,-13.43,145.16,-108.25,-702.12,-1453.30,128.50
2024-12-31 18:00:00,-680.04,538.18,-17.53,-701.95,-1450.86,95.10
2024-12-31 19:00:00,-834.34,546.97,-25.55,-696.14,-1322.47,394.40
2024-12-31 20:00:00,-1206.01,535.03,-79.31,-393.35,-1001.71,45.20
2024-12-31 21:00:00,-1512.16,667.85,-14.65,118.16,-1031.37,-317.60
2024-12-31 22:00:00,-1654.41,179.46,-41.26,212.88,-93.37,-574.20
