time,load_mw,wind_onshore_pu,wind_offshore_pu,solar_pu
2021-12-31 23:00:00,2196.234258,0.285392,0.858194,0.000016
2022-01-01 00:00:00,2206.210314,0.290887,0.830161,0.000016
2022-01-01 01:00:00,2147.758315,0.261130,0.832478,0.000017
2022-01-01 02:00:00,2023.389045,0.230216,0.763552,0.000015
2022-01-01 03:00:00,2050.223766,0.227821,0.643501,0.000017
2022-01-01 04:00:00,2065.765754,0.179039,0.715244,0.000016
2022-01-01 05:00:00,2084.435142,0.160398,0.619058,0.000017
2022-01-01 06:00:00,2066.479591,0.105688,0.613988,0.000012
2022-01-01 07:00:00,2150.338575,0.078959,0.362872,0.000045
2022-01-01 08:00:00,2230.101005,0.047242,0.127808,0.005692
2022-01-01 09:00:00,2269.102956,0.028817,0.158589,0.024453
2022-01-01 10:00:00,2341.285697,0.038145,0.172036,0.040615
2022-01-01 11:00:00,2380.105037,0.069973,0.297285,0.034435
2022-01-01 12:00:00,2433.077936,0.102604,0.379598,0.020736
2022-01-01 13:00:00,2408.267989,0.137322,0.494600,0.007330
2022-01-01 14:00:00,2402.950391,0.210344,0.664258,0.001939
2022-01-01 15:00:00,2537.965005,0.349316,0.730889,0.000067
2022-01-01 16:00:00,2714.821409,0.471484,0.763327,0.000072
2022-01-01 17:00:00,2676.454197,0.530965,0.915994,0.000073
2022-01-01 18:00:00,2542.076191,0.544560,0.964097,0.000045
2022-01-01 19:00:00,2553.571740,0.573182,0.958471,0.000046
2022-01-01 20:00:00,2505.460395,0.581592,0.967845,0.000021
2022-01-01 21:00:00,2414.792427,0.572352,0.924885,0.000022
2022-01-01 22:00:00,2406.864838,0.555806,0.936345,0.000021
2022-01-01 23:00:00,2320.610160,0.433133,0.856145,0.000017
2022-01-02 00:00:00,2161.555721,0.419999,0.758300,0.000019
2022-01-02 01:00:00,2096.367729,0.390788,0.778620,0.000019
2022-01-02 02:00:00,2195.661639,0.345440,0.764699,0.000015
2022-01-02 03:00:00,2074.022148,0.343981,0.754599,0.000015
2022-01-02 04:00:00,2135.436410,0.363847,0.785380,0.000017
2022-01-02 05:00:00,2221.738550,0.375788,0.700937,0.000024
2022-01-02 06:00:00,2336.412227,0.365614,0.678246,0.000045
2022-01-02 07:00:00,2409.684922,0.336553,0.571146,0.000053
2022-01-02 08:00:00,2521.059367,0.303428,0.527293,0.001206
2022-01-02 09:00:00,2622.633858,0.276974,0.389217,0.007692
2022-01-02 10:00:00,2590.846294,0.212581,0.285394,0.012761
2022-01-02 11:00:00,2613.973582,0.168611,0.207929,0.017288
2022-01-02 12:00:00,2619.124064,0.152522,0.171210,0.013816
2022-01-02 13:00:00,2620.913430,0.150023,0.289369,0.007038
2022-01-02 14:00:00,2653.058751,0.145851,0.447085,0.000492
2022-01-02 15:00:00,2761.763795,0.186000,0.532777,0.000061
2022-01-02 16:00:00,2968.083645,0.268033,0.539436,0.000085
2022-01-02 17:00:00,2890.305035,0.356477,0.696942,0.000059
2022-01-02 18:00:00,2712.393898,0.451617,0.808109,0.000053
2022-01-02 19:00:00,2666.049713,0.518980,0.874655,0.000068
2022-01-02 20:00:00,2607.892006,0.511948,0.854760,0.000023
2022-01-02 21:00:00,2485.998101,0.443021,0.753612,0.000018
2022-01-02 22:00:00,2417.231281,0.393003,0.691969,0.000013
2022-01-02 23:00:00,2275.604542,0.368511,0.717756,0.000015
2022-01-03 00:00:00,2254.887895,0.376461,0.712023,0.000013
2022-01-03 01:00:00,2245.727120,0.385796,0.716273,0.000014
2022-01-03 02:00:00,2240.692543,0.438308,0.702534,0.000017
2022-01-03 03:00:00,2290.097505,0.468750,0.748391,0.000022
2022-01-03 04:00:00,2439.619885,0.503482,0.792598,0.000022
2022-01-03 05:00:00,2798.082696,0.568749,0.835473,0.000028
2022-01-03 06:00:00,3317.290264,0.614622,0.798525,0.000048
2022-01-03 07:00:00,3518.891171,0.608671,0.891015,0.000052
2022-01-03 08:00:00,3320.476531,0.717110,0.955691,0.003565
2022-01-03 09:00:00,3392.139075,0.760172,0.948705,0.016221
2022-01-03 10:00:00,3417.908978,0.813080,0.950371,0.033690
2022-01-03 11:00:00,3350.456831,0.838952,0.970483,0.037673
2022-01-03 12:00:00,3269.398931,0.854767,0.964515,0.038634
2022-01-03 13:00:00,3239.620332,0.860497,0.968032,0.023703
2022-01-03 14:00:00,3255.793498,0.867453,0.965771,0.004824
2022-01-03 15:00:00,3370.963780,0.881366,0.944439,0.000080
2022-01-03 16:00:00,3509.332382,0.890808,0.968872,0.000052
2022-01-03 17:00:00,3462.814138,0.857594,0.924575,0.000045
2022-01-03 18:00:00,3425.879537,0.682155,0.969566,0.000035
2022-01-03 19:00:00,3036.963578,0.548812,0.903530,0.000029
2022-01-03 20:00:00,2709.857318,0.418729,0.639897,0.000023
2022-01-03 21:00:00,2547.480850,0.336306,0.531354,0.000020
2022-01-03 22:00:00,2396.533371,0.293231,0.475173,0.000019
2022-01-03 23:00:00,2300.644780,0.238872,0.421899,0.000014
2022-01-04 00:00:00,2238.369897,0.184469,0.346285,0.000012
2022-01-04 01:00:00,2194.697883,0.169015,0.283382,0.000010
2022-01-04 02:00:00,2196.204671,0.181600,0.296595,0.000012
2022-01-04 03:00:00,2234.563335,0.194478,0.325180,0.000014
2022-01-04 04:00:00,2360.659250,0.210779,0.301123,0.000014
2022-01-04 05:00:00,2708.832034,0.237137,0.349735,0.000020
2022-01-04 06:00:00,3099.102689,0.275498,0.401288,0.000080
2022-01-04 07:00:00,3285.350552,0.272426,0.390550,0.000096
2022-01-04 08:00:00,3297.909756,0.268360,0.469420,0.012585
2022-01-04 09:00:00,3344.581925,0.271665,0.632660,0.068655
2022-01-04 10:00:00,3343.623797,0.288989,0.717045,0.114147
2022-01-04 11:00:00,3283.484794,0.300443,0.715887,0.151431
2022-01-04 12:00:00,3280.094295,0.327623,0.735565,0.147863
2022-01-04 13:00:00,3217.901390,0.382082,0.798556,0.078447
2022-01-04 14:00:00,3168.429595,0.416937,0.869642,0.018506
2022-01-04 15:00:00,3300.901038,0.466266,0.914067,0.000189
2022-01-04 16:00:00,3529.344917,0.474667,0.949887,0.000064
2022-01-04 17:00:00,3383.075108,0.455925,0.953276,0.000025
2022-01-04 18:00:00,3170.672355,0.502081,0.957551,0.000028
2022-01-04 19:00:00,3008.745609,0.597242,0.938898,0.000026
2022-01-04 20:00:00,2872.770469,0.650400,0.963912,0.000023
2022-01-04 21:00:00,2772.159483,0.648465,0.973987,0.000025
2022-01-04 22:00:00,2565.820317,0.600934,0.981934,0.000029
2022-01-04 23:00:00,2544.703215,0.643346,0.941455,0.000029
2022-01-05 00:00:00,2461.164605,0.622685,0.972724,0.000027
2022-01-05 01:00:00,2696.345451,0.513693,0.932094,0.000022
2022-01-05 02:00:00,2736.192634,0.460452,0.898259,0.000020
2022-01-05 03:00:00,2697.864601,0.381087,0.937657,0.000021
2022-01-05 04:00:00,2537.616527,0.351370,0.956530,0.000021
2022-01-05 05:00:00,2863.807306,0.338540,0.913779,0.000050
2022-01-05 06:00:00,3226.736397,0.279121,0.856412,0.000298
2022-01-05 07:00:00,3386.975321,0.210687,0.826245,0.000360
2022-01-05 08:00:00,3372.295418,0.144592,0.816556,0.009290
2022-01-05 09:00:00,3414.484544,0.148611,0.838803,0.046286
2022-01-05 10:00:00,3397.646489,0.221145,0.766129,0.082886
2022-01-05 11:00:00,3339.952988,0.304998,0.753890,0.081485
2022-01-05 12:00:00,3341.924916,0.425944,0.743340,0.058846
2022-01-05 13:00:00,3309.804972,0.459354,0.878551,0.033353
2022-01-05 14:00:00,3255.184498,0.411976,0.932935,0.011035
2022-01-05 15:00:00,3336.327830,0.366466,0.875183,0.000149
2022-01-05 16:00:00,3546.225730,0.381810,0.732905,0.000078
2022-01-05 17:00:00,3480.623777,0.406905,0.634779,0.000125
2022-01-05 18:00:00,3306.370436,0.402318,0.646608,0.000103
2022-01-05 19:00:00,3213.373115,0.351962,0.746699,0.000128
2022-01-05 20:00:00,3105.509728,0.288801,0.799007,0.000060
2022-01-05 21:00:00,2930.553705,0.243556,0.628163,0.000067
2022-01-05 22:00:00,2753.391716,0.226265,0.605930,0.000064
2022-01-05 23:00:00,2518.017430,0.229440,0.864156,0.000100
2022-01-06 00:00:00,2470.870368,0.215385,0.925882,0.000128
2022-01-06 01:00:00,2422.221017,0.173825,0.822974,0.000133
2022-01-06 02:00:00,2411.004413,0.108240,0.676457,0.000114
2022-01-06 03:00:00,2460.084642,0.061299,0.551590,0.000111
2022-01-06 04:00:00,2579.966441,0.033277,0.386359,0.000098
2022-01-06 05:00:00,2967.851618,0.017046,0.207594,0.000075
2022-01-06 06:00:00,3348.827195,0.012687,0.129390,0.000051
2022-01-06 07:00:00,3520.338077,0.024535,0.137394,0.000405
2022-01-06 08:00:00,3483.255503,0.056338,0.101671,0.031924
2022-01-06 09:00:00,3485.893841,0.088320,0.145725,0.130883
2022-01-06 10:00:00,3403.026868,0.070610,0.107049,0.225512
2022-01-06 11:00:00,3318.309882,0.046368,0.110916,0.252329
2022-01-06 12:00:00,3289.952223,0.037697,0.110214,0.210489
2022-01-06 13:00:00,3214.204021,0.050683,0.134215,0.091081
2022-01-06 14:00:00,3164.828954,0.069679,0.146300,0.019613
2022-01-06 15:00:00,3298.962020,0.106876,0.205694,0.000281
2022-01-06 16:00:00,3545.836195,0.137443,0.279290,0.000116
2022-01-06 17:00:00,3423.350969,0.172985,0.358826,0.000090
2022-01-06 18:00:00,3233.151044,0.219734,0.463566,0.000105
2022-01-06 19:00:00,3067.670372,0.251128,0.577003,0.000085
2022-01-06 20:00:00,2941.321289,0.270414,0.673938,0.000059
2022-01-06 21:00:00,2742.569286,0.321154,0.744529,0.000026
2022-01-06 22:00:00,2642.562927,0.349714,0.838402,0.000021
2022-01-06 23:00:00,2491.804767,0.395072,0.841123,0.000020
2022-01-07 00:00:00,2447.139982,0.443379,0.870246,0.000017
2022-01-07 01:00:00,2652.991549,0.513706,0.907746,0.000020
2022-01-07 02:00:00,2624.932058,0.609319,0.974381,0.000023
2022-01-07 03:00:00,2518.178217,0.660876,0.984008,0.000028
2022-01-07 04:00:00,2812.590459,0.681816,0.987303,0.000028
2022-01-07 05:00:00,3110.981584,0.711363,0.973060,0.000052
2022-01-07 06:00:00,3536.727183,0.689237,0.968785,0.000100
2022-01-07 07:00:00,3651.470791,0.603446,0.903246,0.000076
2022-01-07 08:00:00,3574.670841,0.535995,0.583135,0.003540
2022-01-07 09:00:00,3462.891278,0.440346,0.804209,0.025793
2022-01-07 10:00:00,3538.598736,0.412457,0.831455,0.052422
2022-01-07 11:00:00,3444.899268,0.363243,0.832631,0.083638
2022-01-07 12:00:00,3333.619160,0.358628,0.886884,0.114675
2022-01-07 13:00:00,3147.045719,0.329915,0.741278,0.066053
2022-01-07 14:00:00,3103.430059,0.296559,0.783649,0.008710
2022-01-07 15:00:00,3198.788310,0.298685,0.607702,0.000062
2022-01-07 16:00:00,3420.365820,0.243996,0.546660,0.000016
2022-01-07 17:00:00,3285.310252,0.284568,0.553628,0.000021
2022-01-07 18:00:00,3063.964491,0.281579,0.694875,0.000020
2022-01-07 19:00:00,2859.937160,0.268106,0.627579,0.000021
2022-01-07 20:00:00,2680.442953,0.251717,0.593296,0.000020
2022-01-07 21:00:00,2677.333528,0.249961,0.594424,0.000015
2022-01-07 22:00:00,2462.435124,0.259624,0.656180,0.000015
2022-01-07 23:00:00,2332.452405,0.290569,0.534423,0.000016
2022-01-08 00:00:00,2254.979686,0.288319,0.417227,0.000015
2022-01-08 01:00:00,2217.258014,0.311224,0.415746,0.000014
2022-01-08 02:00:00,2205.778739,0.343233,0.692087,0.000016
2022-01-08 03:00:00,2215.918726,0.366314,0.639802,0.000015
2022-01-08 04:00:00,2261.391988,0.401724,0.561905,0.000015
2022-01-08 05:00:00,2397.376598,0.420151,0.923626,0.000021
2022-01-08 06:00:00,2557.066830,0.469489,0.943759,0.000060
2022-01-08 07:00:00,2733.046081,0.470079,0.927331,0.000100
2022-01-08 08:00:00,2836.677793,0.408719,0.856590,0.010238
2022-01-08 09:00:00,2867.189052,0.384289,0.782300,0.071804
2022-01-08 10:00:00,2851.200873,0.296534,0.622948,0.115628
2022-01-08 11:00:00,2767.806731,0.213137,0.628936,0.121649
2022-01-08 12:00:00,2716.171148,0.162958,0.723157,0.086620
2022-01-08 13:00:00,2706.525268,0.149122,0.666668,0.056988
2022-01-08 14:00:00,2721.389425,0.142430,0.675830,0.015365
2022-01-08 15:00:00,2874.918829,0.144429,0.728097,0.000124
2022-01-08 16:00:00,3141.109015,0.183146,0.653810,0.000027
2022-01-08 17:00:00,3073.609087,0.242091,0.647574,0.000022
2022-01-08 18:00:00,2858.283146,0.310557,0.698273,0.000018
2022-01-08 19:00:00,2739.391937,0.342139,0.788404,0.000018
2022-01-08 20:00:00,2631.494152,0.354716,0.852812,0.000021
2022-01-08 21:00:00,2539.351437,0.391083,0.840018,0.000018
2022-01-08 22:00:00,2466.972073,0.432814,0.860542,0.000020
2022-01-08 23:00:00,2525.233232,0.462119,0.900485,0.000022
2022-01-09 00:00:00,2488.924314,0.490643,0.922820,0.000018
2022-01-09 01:00:00,2477.259458,0.487103,0.953261,0.000017
2022-01-09 02:00:00,2592.243216,0.461138,0.986680,0.000016
2022-01-09 03:00:00,2612.476341,0.451099,0.988021,0.000019
2022-01-09 04:00:00,2628.107008,0.442522,0.984075,0.000020
2022-01-09 05:00:00,2594.431157,0.427291,0.961635,0.000019
2022-01-09 06:00:00,2571.122936,0.392722,0.923886,0.000019
2022-01-09 07:00:00,2740.492604,0.374315,0.880763,0.000027
2022-01-09 08:00:00,2775.023604,0.339037,0.812567,0.002186
2022-01-09 09:00:00,2822.194996,0.306219,0.671566,0.010853
2022-01-09 10:00:00,2843.362534,0.280741,0.612076,0.021018
2022-01-09 11:00:00,2835.850127,0.256017,0.552942,0.027661
2022-01-09 12:00:00,2815.700124,0.239385,0.510545,0.031012
2022-01-09 13:00:00,2798.839880,0.238134,0.479241,0.016889
2022-01-09 14:00:00,2808.019253,0.236263,0.441227,0.003794
2022-01-09 15:00:00,2974.283165,0.236010,0.547388,0.000025
2022-01-09 16:00:00,3225.359552,0.243924,0.598293,0.000025
2022-01-09 17:00:00,3128.337091,0.254148,0.572116,0.000021
2022-01-09 18:00:00,2923.112241,0.272480,0.540491,0.000020
2022-01-09 19:00:00,2767.455469,0.286981,0.504285,0.000018
2022-01-09 20:00:00,2620.083315,0.280901,0.438634,0.000018
2022-01-09 21:00:00,2505.499021,0.271342,0.421415,0.000013
2022-01-09 22:00:00,2391.181056,0.273245,0.362958,0.000019
2022-01-09 23:00:00,2332.419815,0.289702,0.347052,0.000017
2022-01-10 00:00:00,2277.541372,0.277417,0.393784,0.000017
2022-01-10 01:00:00,2258.275706,0.271969,0.448575,0.000014
2022-01-10 02:00:00,2252.760601,0.263598,0.468247,0.000012
2022-01-10 03:00:00,2316.105284,0.256585,0.600391,0.000015
2022-01-10 04:00:00,2468.125112,0.244891,0.678755,0.000017
2022-01-10 05:00:00,2820.600775,0.224951,0.515201,0.000031
2022-01-10 06:00:00,3245.186377,0.209008,0.501289,0.000059
2022-01-10 07:00:00,3404.044511,0.205973,0.392158,0.000119
2022-01-10 08:00:00,3367.448742,0.187397,0.391047,0.008987
2022-01-10 09:00:00,3422.170848,0.171840,0.390338,0.038670
2022-01-10 10:00:00,3400.327622,0.160439,0.419021,0.085798
2022-01-10 11:00:00,3332.177799,0.161923,0.407527,0.114910
2022-01-10 12:00:00,3322.931144,0.158295,0.414746,0.088588
2022-01-10 13:00:00,3270.989558,0.146110,0.411671,0.036743
2022-01-10 14:00:00,3211.689921,0.094567,0.432991,0.006914
2022-01-10 15:00:00,3309.393584,0.080507,0.413190,0.000067
2022-01-10 16:00:00,3521.030521,0.085778,0.423543,0.000035
2022-01-10 17:00:00,3375.971735,0.096196,0.403831,0.000025
2022-01-10 18:00:00,3164.747204,0.112355,0.404880,0.000018
2022-01-10 19:00:00,2995.181351,0.143545,0.425235,0.000014
2022-01-10 20:00:00,2847.507943,0.174927,0.497180,0.000014
2022-01-10 21:00:00,2706.279849,0.207542,0.522366,0.000018
2022-01-10 22:00:00,2554.732982,0.222490,0.494116,0.000020
2022-01-10 23:00:00,2436.121899,0.217822,0.483063,0.000019
2022-01-11 00:00:00,2368.607571,0.196298,0.518433,0.000018
2022-01-11 01:00:00,2343.913063,0.196833,0.525767,0.000016
2022-01-11 02:00:00,2334.627250,0.202347,0.548723,0.000014
2022-01-11 03:00:00,2386.347560,0.204423,0.562312,0.000018
2022-01-11 04:00:00,2525.966594,0.220395,0.606858,0.000020
2022-01-11 05:00:00,2897.903683,0.265125,0.697584,0.000039
2022-01-11 06:00:00,3286.910057,0.324036,0.772465,0.000066
2022-01-11 07:00:00,3425.042648,0.358305,0.752997,0.000575
2022-01-11 08:00:00,3400.563377,0.389713,0.762165,0.008517
2022-01-11 09:00:00,3459.998870,0.409540,0.761359,0.022599
2022-01-11 10:00:00,3457.346510,0.449385,0.808606,0.040403
2022-01-11 11:00:00,3387.450296,0.490401,0.786311,0.042427
2022-01-11 12:00:00,3381.742641,0.497039,0.801074,0.033080
2022-01-11 13:00:00,3346.933648,0.483266,0.849293,0.018854
2022-01-11 14:00:00,3289.880557,0.483712,0.830647,0.003281
2022-01-11 15:00:00,3372.041090,0.459451,0.821188,0.000074
2022-01-11 16:00:00,3550.646988,0.389020,0.765476,0.000034
2022-01-11 17:00:00,3362.474713,0.269382,0.597527,0.000030
2022-01-11 18:00:00,3156.162835,0.182037,0.471617,0.000032
2022-01-11 19:00:00,2983.134594,0.131851,0.411590,0.000031
2022-01-11 20:00:00,2816.192926,0.094066,0.288974,0.000028
2022-01-11 21:00:00,2655.074001,0.074899,0.146299,0.000027
2022-01-11 22:00:00,2501.595090,0.063262,0.118418,0.000028
2022-01-11 23:00:00,2387.857788,0.094020,0.084764,0.000022
2022-01-12 00:00:00,2325.885448,0.121457,0.105705,0.000014
2022-01-12 01:00:00,2297.361453,0.136262,0.176813,0.000010
2022-01-12 02:00:00,2294.718404,0.141634,0.180778,0.000012
2022-01-12 03:00:00,2341.185854,0.180101,0.202364,0.000014
2022-01-12 04:00:00,2491.896807,0.206254,0.211975,0.000018
2022-01-12 05:00:00,2861.466903,0.211877,0.229376,0.000056
2022-01-12 06:00:00,3247.359298,0.233484,0.303105,0.000075
2022-01-12 07:00:00,3389.999092,0.309887,0.343820,0.000618
2022-01-12 08:00:00,3365.893147,0.361376,0.448910,0.012479
2022-01-12 09:00:00,3404.779644,0.368694,0.508928,0.046790
2022-01-12 10:00:00,3376.759056,0.371362,0.596617,0.066128
2022-01-12 11:00:00,3292.983615,0.389760,0.585615,0.071976
2022-01-12 12:00:00,3298.892031,0.427901,0.677044,0.059598
2022-01-12 13:00:00,3252.032843,0.475965,0.752343,0.037884
2022-01-12 14:00:00,3183.776945,0.518962,0.763767,0.007552
2022-01-12 15:00:00,3276.860889,0.519863,0.734099,0.000172
2022-01-12 16:00:00,3487.966276,0.523387,0.772538,0.000106
2022-01-12 17:00:00,3346.333564,0.525494,0.749162,0.000109
2022-01-12 18:00:00,3169.037116,0.536713,0.763037,0.000149
2022-01-12 19:00:00,3045.622925,0.572012,0.801801,0.000150
2022-01-12 20:00:00,2906.379338,0.617542,0.837367,0.000110
2022-01-12 21:00:00,2791.365305,0.661608,0.830677,0.000111
2022-01-12 22:00:00,2854.695029,0.696407,0.804366,0.000112
2022-01-12 23:00:00,2872.756935,0.675904,0.813316,0.000104
2022-01-13 00:00:00,2819.827754,0.694458,0.864576,0.000092
2022-01-13 01:00:00,2790.751145,0.704739,0.843158,0.000090
2022-01-13 02:00:00,2792.075457,0.685447,0.909187,0.000105
2022-01-13 03:00:00,2827.947622,0.683269,0.884506,0.000086
2022-01-13 04:00:00,2941.740540,0.663828,0.851234,0.000091
2022-01-13 05:00:00,3289.339109,0.662550,0.902701,0.000065
2022-01-13 06:00:00,3681.077109,0.618053,0.918117,0.000096
2022-01-13 07:00:00,3826.138087,0.690254,0.920357,0.000106
2022-01-13 08:00:00,3628.100816,0.720608,0.926906,0.012075
2022-01-13 09:00:00,3697.489503,0.747142,0.927820,0.049391
2022-01-13 10:00:00,3792.407165,0.738157,0.905855,0.070840
2022-01-13 11:00:00,3703.134762,0.770967,0.872429,0.089627
2022-01-13 12:00:00,3830.158344,0.717278,0.871774,0.081743
2022-01-13 13:00:00,3750.317664,0.716179,0.868167,0.063359
2022-01-13 14:00:00,3675.175192,0.698172,0.864116,0.027610
2022-01-13 15:00:00,3695.803331,0.733221,0.858359,0.001939
2022-01-13 16:00:00,3917.717472,0.750795,0.910697,0.000081
2022-01-13 17:00:00,3790.810570,0.787427,0.860483,0.000040
2022-01-13 18:00:00,3666.172340,0.719375,0.844195,0.000040
2022-01-13 19:00:00,3531.554964,0.702109,0.873632,0.000041
2022-01-13 20:00:00,3393.834183,0.656624,0.839387,0.000040
2022-01-13 21:00:00,3212.989165,0.652378,0.915706,0.000047
2022-01-13 22:00:00,3059.829725,0.761332,0.864392,0.000040
2022-01-13 23:00:00,2913.896242,0.622488,0.776965,0.000043
2022-01-14 00:00:00,2876.070564,0.597593,0.751637,0.000045
2022-01-14 01:00:00,2833.556818,0.575228,0.764435,0.000046
2022-01-14 02:00:00,2839.291851,0.586423,0.741247,0.000041
2022-01-14 03:00:00,2873.033064,0.598443,0.766715,0.000036
2022-01-14 04:00:00,2976.635015,0.596466,0.806097,0.000043
2022-01-14 05:00:00,3334.088537,0.583720,0.794529,0.000044
2022-01-14 06:00:00,3718.716702,0.620036,0.708532,0.000113
2022-01-14 07:00:00,3854.968399,0.675274,0.623979,0.000363
2022-01-14 08:00:00,3790.571246,0.682802,0.690094,0.027397
2022-01-14 09:00:00,3718.111691,0.527819,0.878277,0.112426
2022-01-14 10:00:00,3665.647171,0.479920,0.869133,0.215295
2022-01-14 11:00:00,3574.287729,0.466358,0.816886,0.271841
2022-01-14 12:00:00,3496.948094,0.442606,0.795706,0.247788
2022-01-14 13:00:00,3315.103098,0.389038,0.746525,0.156756
2022-01-14 14:00:00,3228.236680,0.322945,0.785334,0.044194
2022-01-14 15:00:00,3306.452743,0.283368,0.762114,0.001581
2022-01-14 16:00:00,3452.978879,0.315456,0.685467,0.000074
2022-01-14 17:00:00,3142.821983,0.320981,0.696619,0.000044
2022-01-14 18:00:00,2911.342051,0.295450,0.669025,0.000030
2022-01-14 19:00:00,2738.724368,0.247369,0.598581,0.000022
2022-01-14 20:00:00,2596.102395,0.213753,0.525287,0.000019
2022-01-14 21:00:00,2478.260562,0.166298,0.373799,0.000019
2022-01-14 22:00:00,2370.763564,0.146461,0.308142,0.000019
2022-01-14 23:00:00,2265.353443,0.120065,0.246621,0.000014
2022-01-15 00:00:00,2202.912340,0.107649,0.213062,0.000015
2022-01-15 01:00:00,2167.226930,0.109898,0.182737,0.000014
2022-01-15 02:00:00,2150.544176,0.153905,0.166787,0.000015
2022-01-15 03:00:00,2154.111001,0.163065,0.126266,0.000014
2022-01-15 04:00:00,2206.084229,0.137606,0.069194,0.000046
2022-01-15 05:00:00,2343.262553,0.130780,0.049587,0.000064
2022-01-15 06:00:00,2526.680907,0.134508,0.026523,0.000049
2022-01-15 07:00:00,2710.354745,0.113319,0.038288,0.001214
2022-01-15 08:00:00,2777.339795,0.122593,0.038159,0.034770
2022-01-15 09:00:00,2798.871093,0.132490,0.060535,0.094658
2022-01-15 10:00:00,2765.932196,0.136200,0.145655,0.127061
2022-01-15 11:00:00,2710.269521,0.138659,0.195308,0.130645
2022-01-15 12:00:00,2659.595515,0.147562,0.182376,0.098933
2022-01-15 13:00:00,2627.127012,0.146459,0.218563,0.058527
2022-01-15 14:00:00,2640.587053,0.162341,0.246928,0.020791
2022-01-15 15:00:00,2769.948970,0.195453,0.298095,0.000529
2022-01-15 16:00:00,3035.912597,0.240113,0.339271,0.000068
2022-01-15 17:00:00,2961.547669,0.277455,0.362389,0.000055
2022-01-15 18:00:00,2734.401386,0.281675,0.418236,0.000050
2022-01-15 19:00:00,2574.752445,0.282794,0.466529,0.000029
2022-01-15 20:00:00,2448.011442,0.296966,0.511419,0.000021
2022-01-15 21:00:00,2343.292772,0.326406,0.557127,0.000021
2022-01-15 22:00:00,2236.759222,0.351824,0.612891,0.000019
2022-01-15 23:00:00,2156.556857,0.385982,0.629992,0.000017
2022-01-16 00:00:00,2104.073893,0.415900,0.673708,0.000015
2022-01-16 01:00:00,2076.996780,0.458011,0.665618,0.000017
2022-01-16 02:00:00,2059.087885,0.450294,0.674680,0.000015
2022-01-16 03:00:00,2052.922513,0.388952,0.658775,0.000013
2022-01-16 04:00:00,2092.684435,0.345624,0.704201,0.000016
2022-01-16 05:00:00,2191.114980,0.340149,0.634936,0.000047
2022-01-16 06:00:00,2350.201784,0.368696,0.685088,0.000073
2022-01-16 07:00:00,2517.991167,0.382813,0.682284,0.000091
2022-01-16 08:00:00,2626.573142,0.398261,0.682224,0.004966
2022-01-16 09:00:00,2705.909457,0.450313,0.765481,0.019623
2022-01-16 10:00:00,2859.929831,0.539202,0.823452,0.046515
2022-01-16 11:00:00,3113.579351,0.612905,0.870663,0.061490
2022-01-16 12:00:00,3140.048894,0.606282,0.905445,0.050486
2022-01-16 13:00:00,3167.637746,0.593652,0.909109,0.034343
2022-01-16 14:00:00,3162.040532,0.654310,0.929500,0.018072
2022-01-16 15:00:00,3301.341993,0.685745,0.918309,0.000703
2022-01-16 16:00:00,3572.424308,0.742953,0.950824,0.000065
2022-01-16 17:00:00,3515.048632,0.731795,0.893129,0.000035
2022-01-16 18:00:00,3338.960194,0.633772,0.930391,0.000030
2022-01-16 19:00:00,3188.973243,0.611573,0.826573,0.000029
2022-01-16 20:00:00,3074.379096,0.648795,0.890198,0.000035
2022-01-16 21:00:00,2976.263679,0.676411,0.816485,0.000040
2022-01-16 22:00:00,2876.891486,0.693974,0.796419,0.000045
2022-01-16 23:00:00,2907.719772,0.631546,0.796629,0.000041
2022-01-17 00:00:00,2844.280505,0.640094,0.793586,0.000037
2022-01-17 01:00:00,2822.615617,0.636700,0.786224,0.000036
2022-01-17 02:00:00,2798.494042,0.659146,0.850506,0.000036
2022-01-17 03:00:00,2810.816786,0.646097,0.841869,0.000034
2022-01-17 04:00:00,2958.967418,0.604298,0.798905,0.000036
2022-01-17 05:00:00,3353.003072,0.656834,0.818589,0.000043
2022-01-17 06:00:00,3663.006933,0.814377,0.729709,0.000066
2022-01-17 07:00:00,3668.803196,0.715087,0.964265,0.001330
2022-01-17 08:00:00,3778.635949,0.771918,0.941701,0.045405
2022-01-17 09:00:00,3802.174395,0.697074,0.904736,0.157116
2022-01-17 10:00:00,3780.569764,0.683573,0.905750,0.261853
2022-01-17 11:00:00,3792.161522,0.674355,0.906477,0.305929
2022-01-17 12:00:00,3790.497920,0.660846,0.892124,0.278533
2022-01-17 13:00:00,3659.749891,0.653583,0.897160,0.171596
2022-01-17 14:00:00,3569.848334,0.572826,0.957419,0.053536
2022-01-17 15:00:00,3630.494459,0.386077,0.939852,0.003175
2022-01-17 16:00:00,3893.519804,0.278754,0.933806,0.000105
2022-01-17 17:00:00,3659.651534,0.333101,0.795499,0.000095
2022-01-17 18:00:00,3412.962694,0.399109,0.715168,0.000065
2022-01-17 19:00:00,3079.668019,0.388141,0.720059,0.000070
2022-01-17 20:00:00,2916.110542,0.357850,0.599782,0.000069
2022-01-17 21:00:00,2774.301839,0.317712,0.466498,0.000089
2022-01-17 22:00:00,2538.509643,0.290960,0.431837,0.000091
2022-01-17 23:00:00,2456.773469,0.297883,0.391068,0.000071
2022-01-18 00:00:00,2438.262528,0.251839,0.484801,0.000067
2022-01-18 01:00:00,2350.840984,0.217294,0.500104,0.000073
2022-01-18 02:00:00,2238.492204,0.267780,0.437936,0.000068
2022-01-18 03:00:00,2296.392305,0.303315,0.577742,0.000085
2022-01-18 04:00:00,2433.526348,0.314741,0.621081,0.000061
2022-01-18 05:00:00,2809.336152,0.330626,0.612613,0.000058
2022-01-18 06:00:00,3201.170081,0.334092,0.523247,0.000064
2022-01-18 07:00:00,3307.321736,0.373712,0.418266,0.000617
2022-01-18 08:00:00,3301.576585,0.440374,0.383363,0.020106
2022-01-18 09:00:00,3328.376142,0.499433,0.333313,0.060103
2022-01-18 10:00:00,3305.645468,0.518378,0.469507,0.073909
2022-01-18 11:00:00,3273.928384,0.544809,0.706652,0.101312
2022-01-18 12:00:00,3274.566812,0.621094,0.672501,0.093159
2022-01-18 13:00:00,3191.008151,0.619160,0.550085,0.079462
2022-01-18 14:00:00,3107.509540,0.545135,0.648490,0.043275
2022-01-18 15:00:00,3166.501050,0.517529,0.727087,0.004601
2022-01-18 16:00:00,3438.779338,0.571347,0.688853,0.000062
2022-01-18 17:00:00,3308.766398,0.550076,0.665765,0.000081
2022-01-18 18:00:00,3096.462751,0.504334,0.696045,0.000094
2022-01-18 19:00:00,2933.787477,0.482450,0.797061,0.000076
2022-01-18 20:00:00,2751.676060,0.482224,0.851006,0.000036
2022-01-18 21:00:00,2603.340639,0.502281,0.881568,0.000026
2022-01-18 22:00:00,2500.439170,0.532323,0.917464,0.000028
2022-01-18 23:00:00,2672.335954,0.592993,0.927507,0.000033
2022-01-19 00:00:00,2783.810074,0.569042,0.930735,0.000036
2022-01-19 01:00:00,2742.501793,0.523500,0.909347,0.000031
2022-01-19 02:00:00,2775.796657,0.495973,0.926844,0.000037
2022-01-19 03:00:00,2816.107914,0.518627,0.941244,0.000044
2022-01-19 04:00:00,2941.740681,0.601838,0.934797,0.000045
2022-01-19 05:00:00,3303.698566,0.717687,0.933512,0.000071
2022-01-19 06:00:00,3484.019357,0.821980,0.974879,0.000094
2022-01-19 07:00:00,3578.841235,0.833137,0.970023,0.000226
2022-01-19 08:00:00,3587.036740,0.826906,0.972095,0.004676
2022-01-19 09:00:00,3654.490362,0.844576,0.972496,0.012173
2022-01-19 10:00:00,3592.429378,0.866623,0.919439,0.014011
2022-01-19 11:00:00,3671.114333,0.877973,0.947543,0.012402
2022-01-19 12:00:00,3886.369096,0.867340,0.915895,0.010826
2022-01-19 13:00:00,3897.508576,0.868966,0.906072,0.007592
2022-01-19 14:00:00,3858.997383,0.815126,0.909640,0.005131
2022-01-19 15:00:00,3904.125464,0.862644,0.954623,0.000232
2022-01-19 16:00:00,4010.355097,0.927054,0.935558,0.000151
2022-01-19 17:00:00,3927.453396,0.842455,0.887718,0.000186
2022-01-19 18:00:00,3736.943000,0.787107,0.869836,0.000192
2022-01-19 19:00:00,3592.202086,0.729950,0.876163,0.000174
2022-01-19 20:00:00,3453.157500,0.678920,0.913823,0.000109
2022-01-19 21:00:00,3240.255369,0.734058,0.917765,0.000079
2022-01-19 22:00:00,3150.357282,0.797738,0.901143,0.000112
2022-01-19 23:00:00,3054.408904,0.821423,0.829733,0.000186
2022-01-20 00:00:00,3024.647898,0.832360,0.872353,0.000159
2022-01-20 01:00:00,2979.961545,0.820017,0.901504,0.000148
2022-01-20 02:00:00,2983.429767,0.830034,0.889741,0.000148
2022-01-20 03:00:00,3018.579362,0.874134,0.865219,0.000141
2022-01-20 04:00:00,3163.016298,0.817952,0.852477,0.000152
2022-01-20 05:00:00,3515.857971,0.713350,0.878777,0.000129
2022-01-20 06:00:00,3855.115824,0.802358,0.945687,0.000103
2022-01-20 07:00:00,3892.188295,0.831910,0.950094,0.002371
2022-01-20 08:00:00,3704.942486,0.821268,0.961178,0.044099
2022-01-20 09:00:00,3828.875000,0.864613,0.953461,0.148099
2022-01-20 10:00:00,3942.610252,0.851758,0.961725,0.239840
2022-01-20 11:00:00,3870.163190,0.899095,0.942472,0.266705
2022-01-20 12:00:00,3792.942572,0.892592,0.951163,0.269462
2022-01-20 13:00:00,3780.412161,0.826151,0.961445,0.183362
2022-01-20 14:00:00,3692.981954,0.746642,0.971941,0.070199
2022-01-20 15:00:00,3434.626512,0.639769,0.970288,0.004817
2022-01-20 16:00:00,3582.358585,0.564655,0.969321,0.000166
2022-01-20 17:00:00,3540.602621,0.477700,0.966494,0.000145
2022-01-20 18:00:00,3252.444543,0.455027,0.971778,0.000134
2022-01-20 19:00:00,3392.925979,0.419116,0.963161,0.000120
2022-01-20 20:00:00,3349.151673,0.332824,0.964745,0.000098
2022-01-20 21:00:00,3322.178911,0.310467,0.968471,0.000105
2022-01-20 22:00:00,3128.992999,0.303857,0.970800,0.000107
2022-01-20 23:00:00,2718.154834,0.284625,0.974537,0.000081
2022-01-21 00:00:00,2484.995867,0.299956,0.966368,0.000073
2022-01-21 01:00:00,2412.984677,0.294372,0.957952,0.000075
2022-01-21 02:00:00,2401.016483,0.260096,0.956547,0.000075
2022-01-21 03:00:00,2471.539715,0.256846,0.953036,0.000073
2022-01-21 04:00:00,2667.818371,0.267624,0.955694,0.000073
2022-01-21 05:00:00,2940.900353,0.232148,0.946785,0.000067
2022-01-21 06:00:00,3330.270740,0.260154,0.910408,0.000078
2022-01-21 07:00:00,3502.182754,0.274628,0.837033,0.002604
2022-01-21 08:00:00,3399.116598,0.264446,0.626695,0.050406
2022-01-21 09:00:00,3385.334080,0.265247,0.626759,0.140511
2022-01-21 10:00:00,3294.378202,0.284843,0.517574,0.168413
2022-01-21 11:00:00,3167.919062,0.361986,0.544873,0.120753
2022-01-21 12:00:00,3448.803219,0.417628,0.712330,0.099737
2022-01-21 13:00:00,3544.105150,0.464562,0.744903,0.058807
2022-01-21 14:00:00,3571.947501,0.374207,0.742447,0.025036
2022-01-21 15:00:00,3643.551246,0.479507,0.687573,0.003276
2022-01-21 16:00:00,3858.777646,0.471471,0.755081,0.000052
2022-01-21 17:00:00,3731.234885,0.417211,0.759298,0.000048
2022-01-21 18:00:00,3474.645714,0.327486,0.775008,0.000037
2022-01-21 19:00:00,3223.416981,0.294733,0.761669,0.000035
2022-01-21 20:00:00,2752.206610,0.308043,0.741580,0.000030
2022-01-21 21:00:00,2582.301283,0.215245,0.682129,0.000032
2022-01-21 22:00:00,2427.962834,0.130368,0.673314,0.000034
2022-01-21 23:00:00,2283.761316,0.125659,0.647640,0.000026
2022-01-22 00:00:00,2218.699024,0.115943,0.610083,0.000023
2022-01-22 01:00:00,2181.323864,0.099773,0.528032,0.000022
2022-01-22 02:00:00,2115.080585,0.100427,0.521435,0.000018
2022-01-22 03:00:00,2135.358800,0.144673,0.551357,0.000020
2022-01-22 04:00:00,2401.542841,0.180927,0.500457,0.000026
2022-01-22 05:00:00,2312.736372,0.186093,0.419674,0.000075
2022-01-22 06:00:00,2762.682944,0.186342,0.392115,0.000090
2022-01-22 07:00:00,3027.721601,0.209670,0.416444,0.000685
2022-01-22 08:00:00,2977.493924,0.204387,0.440794,0.017481
2022-01-22 09:00:00,2906.864053,0.209016,0.565720,0.059896
2022-01-22 10:00:00,2881.602631,0.220469,0.672003,0.076591
2022-01-22 11:00:00,2811.737452,0.255999,0.651024,0.092604
2022-01-22 12:00:00,2920.748686,0.316021,0.652748,0.077389
2022-01-22 13:00:00,2869.108058,0.317713,0.545205,0.052965
2022-01-22 14:00:00,2724.557442,0.334700,0.474557,0.024502
2022-01-22 15:00:00,2848.935550,0.357173,0.487428,0.002613
2022-01-22 16:00:00,3078.268456,0.371781,0.480524,0.000038
2022-01-22 17:00:00,3065.746697,0.379420,0.544162,0.000029
2022-01-22 18:00:00,2885.710799,0.369139,0.563320,0.000029
2022-01-22 19:00:00,2781.312046,0.367769,0.432337,0.000020
2022-01-22 20:00:00,2625.960164,0.387027,0.486475,0.000022
2022-01-22 21:00:00,2578.644824,0.350216,0.591609,0.000025
2022-01-22 22:00:00,2361.173855,0.308625,0.532757,0.000021
2022-01-22 23:00:00,2102.889804,0.296839,0.490755,0.000021
2022-01-23 00:00:00,2024.989817,0.274289,0.511935,0.000021
2022-01-23 01:00:00,1977.721951,0.260071,0.441941,0.000021
2022-01-23 02:00:00,1948.883407,0.248563,0.307274,0.000019
2022-01-23 03:00:00,1957.795691,0.280598,0.330816,0.000017
2022-01-23 04:00:00,1996.851910,0.287354,0.406756,0.000019
2022-01-23 05:00:00,2101.342230,0.290543,0.514927,0.000023
2022-01-23 06:00:00,2261.196023,0.307603,0.528208,0.000028
2022-01-23 07:00:00,2430.661480,0.273997,0.618076,0.000720
2022-01-23 08:00:00,2527.537710,0.246459,0.612104,0.017140
2022-01-23 09:00:00,2572.845513,0.221942,0.599271,0.060662
2022-01-23 10:00:00,2566.276073,0.226064,0.613353,0.074094
2022-01-23 11:00:00,2543.996999,0.230971,0.657821,0.074656
2022-01-23 12:00:00,2529.996758,0.261321,0.578833,0.061252
2022-01-23 13:00:00,2541.304610,0.339623,0.576784,0.039514
2022-01-23 14:00:00,2560.582707,0.375291,0.449919,0.016046
2022-01-23 15:00:00,2682.812982,0.349224,0.408235,0.001071
2022-01-23 16:00:00,2991.583632,0.297822,0.499909,0.000090
2022-01-23 17:00:00,2909.423991,0.251119,0.538652,0.000075
2022-01-23 18:00:00,2700.006085,0.234974,0.520411,0.000096
2022-01-23 19:00:00,2549.458281,0.247667,0.507890,0.000085
2022-01-23 20:00:00,2431.905038,0.285966,0.541677,0.000059
2022-01-23 21:00:00,2323.763302,0.354023,0.597660,0.000066
2022-01-23 22:00:00,2230.302378,0.436693,0.684132,0.000049
2022-01-23 23:00:00,2187.497840,0.514501,0.752797,0.000039
2022-01-24 00:00:00,2140.993724,0.524577,0.731425,0.000021
2022-01-24 01:00:00,2119.077028,0.493711,0.792145,0.000019
2022-01-24 02:00:00,2107.290381,0.490266,0.725770,0.000018
2022-01-24 03:00:00,2162.745395,0.482501,0.773411,0.000022
2022-01-24 04:00:00,2309.959463,0.468006,0.755915,0.000022
2022-01-24 05:00:00,2695.368476,0.453680,0.706293,0.000028
2022-01-24 06:00:00,3090.512910,0.433885,0.656732,0.000047
2022-01-24 07:00:00,3250.323812,0.420488,0.719799,0.000059
2022-01-24 08:00:00,3250.667447,0.409838,0.710696,0.002565
2022-01-24 09:00:00,3303.326791,0.417451,0.688831,0.010578
2022-01-24 10:00:00,3300.640471,0.428209,0.635953,0.016649
2022-01-24 11:00:00,3247.587643,0.434637,0.660645,0.021245
2022-01-24 12:00:00,3261.437112,0.420966,0.697115,0.027669
2022-01-24 13:00:00,3208.528330,0.403056,0.695952,0.030815
2022-01-24 14:00:00,3120.663374,0.402665,0.603959,0.016695
2022-01-24 15:00:00,3166.390531,0.423221,0.605291,0.002045
2022-01-24 16:00:00,3404.587530,0.448017,0.623403,0.000065
2022-01-24 17:00:00,3210.633929,0.453513,0.648778,0.000049
2022-01-24 18:00:00,3001.793058,0.423557,0.683512,0.000042
2022-01-24 19:00:00,2840.574326,0.384672,0.742367,0.000018
2022-01-24 20:00:00,2680.283827,0.394127,0.701189,0.000019
2022-01-24 21:00:00,2526.114438,0.424274,0.694866,0.000019
2022-01-24 22:00:00,2398.303794,0.469777,0.761718,0.000022
2022-01-24 23:00:00,2290.425743,0.509233,0.828633,0.000020
2022-01-25 00:00:00,2245.845564,0.505656,0.833528,0.000020
2022-01-25 01:00:00,2202.405023,0.478269,0.833636,0.000021
2022-01-25 02:00:00,2178.338348,0.407086,0.807616,0.000015
2022-01-25 03:00:00,2217.872475,0.333221,0.727175,0.000016
2022-01-25 04:00:00,2345.872633,0.308415,0.527065,0.000020
2022-01-25 05:00:00,2699.680193,0.286330,0.460437,0.000036
2022-01-25 06:00:00,3088.673038,0.269270,0.450353,0.000059
2022-01-25 07:00:00,3224.240285,0.263742,0.430480,0.002752
2022-01-25 08:00:00,3192.429081,0.218808,0.411980,0.033672
2022-01-25 09:00:00,3233.820945,0.193248,0.420092,0.101704
2022-01-25 10:00:00,3207.613636,0.201968,0.400054,0.150404
2022-01-25 11:00:00,3130.178747,0.232360,0.426819,0.148866
2022-01-25 12:00:00,3137.316587,0.252058,0.520079,0.116726
2022-01-25 13:00:00,3090.807093,0.250303,0.522679,0.070019
2022-01-25 14:00:00,3037.288309,0.237149,0.510828,0.018506
2022-01-25 15:00:00,3087.391820,0.220660,0.507008,0.001268
2022-01-25 16:00:00,3318.379731,0.205378,0.451468,0.000076
2022-01-25 17:00:00,3191.826086,0.198211,0.571768,0.000082
2022-01-25 18:00:00,2998.267029,0.216099,0.716408,0.000069
2022-01-25 19:00:00,2821.881717,0.273792,0.695916,0.000066
2022-01-25 20:00:00,2654.173808,0.332265,0.682609,0.000050
2022-01-25 21:00:00,2513.280217,0.404550,0.794017,0.000036
2022-01-25 22:00:00,2386.564342,0.508518,0.868842,0.000035
2022-01-25 23:00:00,2346.600341,0.565429,0.890893,0.000038
2022-01-26 00:00:00,2324.905237,0.586697,0.910411,0.000034
2022-01-26 01:00:00,2298.271533,0.603654,0.948292,0.000036
2022-01-26 02:00:00,2273.015708,0.641016,0.943677,0.000039
2022-01-26 03:00:00,2342.482264,0.668810,0.923033,0.000042
2022-01-26 04:00:00,2563.508650,0.668010,0.947973,0.000035
2022-01-26 05:00:00,2856.917193,0.703748,0.933563,0.000029
2022-01-26 06:00:00,3201.203218,0.756595,0.953193,0.000048
2022-01-26 07:00:00,3317.634748,0.748989,0.943056,0.000254
2022-01-26 08:00:00,3307.484493,0.730842,0.943535,0.007797
2022-01-26 09:00:00,3354.025167,0.722938,0.923848,0.046007
2022-01-26 10:00:00,3335.523593,0.683346,0.926149,0.096499
2022-01-26 11:00:00,3258.594413,0.686286,0.900917,0.093180
2022-01-26 12:00:00,3311.908524,0.709689,0.888826,0.083014
2022-01-26 13:00:00,3438.473516,0.770622,0.847411,0.057893
2022-01-26 14:00:00,3302.861859,0.777807,0.857900,0.045091
2022-01-26 15:00:00,3440.209925,0.753838,0.912932,0.012033
2022-01-26 16:00:00,3639.553683,0.730205,0.929789,0.000133
2022-01-26 17:00:00,3510.061827,0.670520,0.961972,0.000134
2022-01-26 18:00:00,3395.989256,0.621408,0.947826,0.000142
2022-01-26 19:00:00,3298.538007,0.569202,0.944498,0.000132
2022-01-26 20:00:00,3176.140519,0.477623,0.889292,0.000059
2022-01-26 21:00:00,3077.066880,0.505127,0.764327,0.000061
2022-01-26 22:00:00,2972.810700,0.523275,0.838792,0.000070
2022-01-26 23:00:00,2908.464837,0.550334,0.798005,0.000072
2022-01-27 00:00:00,2857.665474,0.611801,0.867784,0.000066
2022-01-27 01:00:00,2771.064675,0.589985,0.880728,0.000060
2022-01-27 02:00:00,2727.744851,0.605328,0.886890,0.000064
2022-01-27 03:00:00,2771.649531,0.609932,0.881378,0.000067
2022-01-27 04:00:00,2906.185707,0.610537,0.877671,0.000065
2022-01-27 05:00:00,3193.183545,0.648029,0.853270,0.000082
2022-01-27 06:00:00,3597.260754,0.707500,0.788472,0.000131
2022-01-27 07:00:00,3728.641505,0.729648,0.741884,0.001451
2022-01-27 08:00:00,3709.925761,0.708499,0.731136,0.023118
2022-01-27 09:00:00,3762.429700,0.720212,0.720816,0.087947
2022-01-27 10:00:00,3696.653682,0.691989,0.787478,0.182044
2022-01-27 11:00:00,3683.789940,0.672134,0.803941,0.235160
2022-01-27 12:00:00,3678.129174,0.660232,0.842638,0.185747
2022-01-27 13:00:00,3606.722702,0.641414,0.817040,0.118270
2022-01-27 14:00:00,3610.854594,0.656718,0.789446,0.050290
2022-01-27 15:00:00,3662.885966,0.636846,0.818632,0.007165
2022-01-27 16:00:00,3930.191188,0.808710,0.719373,0.000052
2022-01-27 17:00:00,3788.326680,0.741657,0.793361,0.000063
2022-01-27 18:00:00,3595.219568,0.676267,0.781442,0.000065
2022-01-27 19:00:00,3447.020653,0.629194,0.774223,0.000066
2022-01-27 20:00:00,3308.025001,0.634777,0.827612,0.000066
2022-01-27 21:00:00,3156.400302,0.658795,0.783235,0.000066
2022-01-27 22:00:00,2979.955152,0.634990,0.778511,0.000065
2022-01-27 23:00:00,2814.381804,0.575282,0.777525,0.000065
2022-01-28 00:00:00,2750.177560,0.592771,0.802026,0.000063
2022-01-28 01:00:00,2716.963684,0.559848,0.813856,0.000051
2022-01-28 02:00:00,2768.941165,0.523847,0.842359,0.000049
2022-01-28 03:00:00,2829.327835,0.496718,0.816756,0.000056
2022-01-28 04:00:00,2928.647054,0.434793,0.804994,0.000053
2022-01-28 05:00:00,3287.030471,0.354782,0.707696,0.000054
2022-01-28 06:00:00,3613.698472,0.436028,0.573044,0.000101
2022-01-28 07:00:00,3654.709816,0.390630,0.573466,0.006113
2022-01-28 08:00:00,3523.930000,0.275654,0.733579,0.091989
2022-01-28 09:00:00,3565.636455,0.172853,0.657337,0.242861
2022-01-28 10:00:00,3617.381792,0.108184,0.466577,0.322926
2022-01-28 11:00:00,3527.364096,0.108026,0.237886,0.336451
2022-01-28 12:00:00,3274.325164,0.161030,0.196459,0.285269
2022-01-28 13:00:00,3163.242109,0.176814,0.251947,0.154986
2022-01-28 14:00:00,2851.999263,0.207970,0.300609,0.055300
2022-01-28 15:00:00,2889.535666,0.190312,0.427142,0.007328
2022-01-28 16:00:00,3164.845772,0.193678,0.476936,0.000141
2022-01-28 17:00:00,3013.249850,0.256138,0.485462,0.000128
2022-01-28 18:00:00,2826.697877,0.337880,0.687784,0.000095
2022-01-28 19:00:00,2701.046579,0.441434,0.831344,0.000079
2022-01-28 20:00:00,2881.980594,0.555363,0.864341,0.000063
2022-01-28 21:00:00,2820.648149,0.648058,0.880365,0.000036
2022-01-28 22:00:00,2695.979258,0.719206,0.924251,0.000034
2022-01-28 23:00:00,2618.105541,0.727991,0.929233,0.000040
2022-01-29 00:00:00,2541.823684,0.621939,0.883366,0.000036
2022-01-29 01:00:00,2458.854890,0.567382,0.934409,0.000032
2022-01-29 02:00:00,2486.136102,0.541693,0.785085,0.000035
2022-01-29 03:00:00,2499.967938,0.594691,0.873776,0.000041
2022-01-29 04:00:00,2554.923879,0.580782,0.823526,0.000044
2022-01-29 05:00:00,2738.034953,0.528922,0.814909,0.000053
2022-01-29 06:00:00,2892.329828,0.565161,0.738550,0.000129
2022-01-29 07:00:00,3008.224938,0.578968,0.769845,0.000409
2022-01-29 08:00:00,3124.183855,0.587840,0.776569,0.010888
2022-01-29 09:00:00,3174.522936,0.736894,0.809828,0.032060
2022-01-29 10:00:00,3140.492658,0.754918,0.835877,0.046110
2022-01-29 11:00:00,3113.039766,0.779133,0.885906,0.050479
2022-01-29 12:00:00,3108.028676,0.818819,0.798914,0.038034
2022-01-29 13:00:00,3017.648313,0.745157,0.752901,0.033682
2022-01-29 14:00:00,3032.643847,0.787963,0.663300,0.034762
2022-01-29 15:00:00,2984.092921,0.719962,0.607960,0.002013
2022-01-29 16:00:00,2976.253587,0.546882,0.601162,0.000041
2022-01-29 17:00:00,2885.549490,0.508713,0.431503,0.000036
2022-01-29 18:00:00,2677.380554,0.509102,0.413897,0.000039
2022-01-29 19:00:00,2552.266573,0.513359,0.498234,0.000045
2022-01-29 20:00:00,2467.804434,0.512687,0.480148,0.000047
2022-01-29 21:00:00,2358.996015,0.502084,0.508147,0.000046
2022-01-29 22:00:00,2274.785817,0.451912,0.460641,0.000045
2022-01-29 23:00:00,2354.373898,0.481764,0.477012,0.000050
2022-01-30 00:00:00,2303.923432,0.476809,0.501560,0.000046
2022-01-30 01:00:00,2271.145129,0.370018,0.530477,0.000045
2022-01-30 02:00:00,2249.264004,0.337692,0.500408,0.000044
2022-01-30 03:00:00,2260.967638,0.387045,0.468162,0.000050
2022-01-30 04:00:00,2306.230235,0.472474,0.500090,0.000049
2022-01-30 05:00:00,2423.518661,0.560518,0.592039,0.000047
2022-01-30 06:00:00,2593.010209,0.624052,0.698159,0.000051
2022-01-30 07:00:00,2752.437456,0.691372,0.666709,0.005937
2022-01-30 08:00:00,2850.288986,0.769457,0.650842,0.074050
2022-01-30 09:00:00,2925.093184,0.818037,0.724029,0.214842
2022-01-30 10:00:00,3166.895206,0.840889,0.830200,0.321850
2022-01-30 11:00:00,3211.832987,0.749324,0.900785,0.357506
2022-01-30 12:00:00,3183.215968,0.786591,0.892027,0.349286
2022-01-30 13:00:00,3114.373061,0.766262,0.953605,0.231651
2022-01-30 14:00:00,3092.431616,0.635485,0.944331,0.089052
2022-01-30 15:00:00,3025.226702,0.534698,0.952148,0.009760
2022-01-30 16:00:00,3007.607510,0.414888,0.907894,0.000151
2022-01-30 17:00:00,2983.962627,0.318285,0.864890,0.000114
2022-01-30 18:00:00,3132.912647,0.238713,0.799538,0.000061
2022-01-30 19:00:00,2851.104284,0.196212,0.591038,0.000050
2022-01-30 20:00:00,2711.002012,0.091428,0.300365,0.000044
2022-01-30 21:00:00,2387.519034,0.044083,0.199657,0.000041
2022-01-30 22:00:00,2315.312677,0.041772,0.178733,0.000031
2022-01-30 23:00:00,2134.389721,0.044614,0.181672,0.000030
2022-01-31 00:00:00,2175.369625,0.056417,0.183739,0.000029
2022-01-31 01:00:00,2099.304802,0.070184,0.272085,0.000027
2022-01-31 02:00:00,2119.947221,0.084775,0.192376,0.000023
2022-01-31 03:00:00,2136.316872,0.087146,0.251517,0.000023
2022-01-31 04:00:00,2258.806888,0.101104,0.377921,0.000023
2022-01-31 05:00:00,2653.820374,0.082626,0.413351,0.000039
2022-01-31 06:00:00,3046.229460,0.062624,0.325417,0.000105
2022-01-31 07:00:00,3190.347413,0.042186,0.260561,0.002698
2022-01-31 08:00:00,3202.012023,0.031226,0.219753,0.023679
2022-01-31 09:00:00,3229.460929,0.017830,0.108477,0.073520
2022-01-31 10:00:00,3209.684669,0.010583,0.010952,0.075335
2022-01-31 11:00:00,3165.162748,0.009477,0.000309,0.100581
2022-01-31 12:00:00,3157.724558,0.005457,0.013880,0.108146
2022-01-31 13:00:00,3109.980604,0.003727,0.038736,0.086048
2022-01-31 14:00:00,3025.522401,0.005867,0.038356,0.046113
2022-01-31 15:00:00,3043.399687,0.005871,0.033000,0.010169
2022-01-31 16:00:00,3342.139452,0.012225,0.052767,0.000121
2022-01-31 17:00:00,3245.760754,0.017523,0.076533,0.000111
2022-01-31 18:00:00,3060.158498,0.029473,0.356694,0.000116
2022-01-31 19:00:00,2900.513889,0.085217,0.613987,0.000089
2022-01-31 20:00:00,2729.032683,0.169340,0.636360,0.000092
2022-01-31 21:00:00,2585.995911,0.246303,0.680857,0.000077
2022-01-31 22:00:00,2456.901667,0.349923,0.744482,0.000092
2022-01-31 23:00:00,2351.189035,0.384143,0.781915,0.000084
2022-02-01 00:00:00,2306.179240,0.369186,0.883025,0.000089
2022-02-01 01:00:00,2278.665189,0.404824,0.886162,0.000070
2022-02-01 02:00:00,2279.207876,0.407622,0.911200,0.000069
2022-02-01 03:00:00,2309.008854,0.352969,0.909556,0.000056
2022-02-01 04:00:00,2434.832996,0.261077,0.865110,0.000039
2022-02-01 05:00:00,2811.304549,0.205821,0.859234,0.000034
2022-02-01 06:00:00,3208.284292,0.230107,0.863517,0.000068
2022-02-01 07:00:00,3329.761643,0.302038,0.802414,0.002270
2022-02-01 08:00:00,3359.990628,0.486279,0.723910,0.009541
2022-02-01 09:00:00,3424.055214,0.614128,0.765492,0.026040
2022-02-01 10:00:00,3433.653723,0.700692,0.914837,0.050703
2022-02-01 11:00:00,3361.997007,0.765729,0.971566,0.063767
2022-02-01 12:00:00,3350.412085,0.857682,0.961242,0.069333
2022-02-01 13:00:00,3285.399105,0.897133,0.973995,0.098726
2022-02-01 14:00:00,3207.220217,0.936840,0.979514,0.053595
2022-02-01 15:00:00,3207.952520,0.940894,0.970700,0.008338
2022-02-01 16:00:00,3469.202593,0.920761,0.964705,0.000097
2022-02-01 17:00:00,3460.701396,0.859591,0.966264,0.000083
2022-02-01 18:00:00,3258.918393,0.817430,0.973798,0.000098
2022-02-01 19:00:00,3117.288345,0.787353,0.973217,0.000112
2022-02-01 20:00:00,3132.715852,0.781235,0.938252,0.000075
2022-02-01 21:00:00,2858.593179,0.795402,0.770043,0.000054
2022-02-01 22:00:00,2905.069113,0.806066,0.684269,0.000065
2022-02-01 23:00:00,2715.146116,0.863622,0.714338,0.000069
2022-02-02 00:00:00,2866.189396,0.824001,0.938788,0.000066
2022-02-02 01:00:00,2847.747604,0.799659,0.974715,0.000064
2022-02-02 02:00:00,2821.375171,0.734696,0.926025,0.000071
2022-02-02 03:00:00,2888.959467,0.698469,0.920697,0.000071
2022-02-02 04:00:00,2969.258397,0.720223,0.841587,0.000068
2022-02-02 05:00:00,3291.665415,0.601007,0.866691,0.000051
2022-02-02 06:00:00,3481.460052,0.588337,0.945833,0.000249
2022-02-02 07:00:00,3532.292497,0.463845,0.935232,0.011509
2022-02-02 08:00:00,3409.138208,0.417660,0.901152,0.094281
2022-02-02 09:00:00,3521.000860,0.433603,0.829137,0.215822
2022-02-02 10:00:00,3688.781395,0.477996,0.722768,0.334483
2022-02-02 11:00:00,3524.651974,0.564456,0.726178,0.363159
2022-02-02 12:00:00,3650.615608,0.654535,0.671152,0.274332
2022-02-02 13:00:00,3659.966015,0.690507,0.648536,0.217178
2022-02-02 14:00:00,3563.545721,0.577096,0.626932,0.106658
2022-02-02 15:00:00,3307.222048,0.437327,0.571669,0.031184
2022-02-02 16:00:00,3365.151693,0.302794,0.524780,0.000140
2022-02-02 17:00:00,3281.775090,0.196309,0.600583,0.000187
2022-02-02 18:00:00,3086.009999,0.208583,0.670537,0.000173
2022-02-02 19:00:00,2927.938510,0.317942,0.600134,0.000177
2022-02-02 20:00:00,2744.132620,0.378113,0.474521,0.000090
2022-02-02 21:00:00,2568.840208,0.345351,0.510759,0.000090
2022-02-02 22:00:00,2430.700916,0.360230,0.514370,0.000103
2022-02-02 23:00:00,2324.760324,0.346753,0.551939,0.000106
2022-02-03 00:00:00,2300.340335,0.288946,0.531628,0.000122
2022-02-03 01:00:00,2287.887246,0.199087,0.546456,0.000099
2022-02-03 02:00:00,2231.355361,0.135212,0.442109,0.000053
2022-02-03 03:00:00,2269.433157,0.128888,0.472737,0.000055
2022-02-03 04:00:00,2477.740242,0.160314,0.623897,0.000059
2022-02-03 05:00:00,2814.894697,0.232819,0.590282,0.000056
2022-02-03 06:00:00,3193.715109,0.286962,0.718674,0.000102
2022-02-03 07:00:00,3306.394754,0.334779,0.761185,0.000379
2022-02-03 08:00:00,3329.869540,0.398667,0.754119,0.006301
2022-02-03 09:00:00,3380.232548,0.391148,0.844966,0.019030
2022-02-03 10:00:00,3377.275291,0.357992,0.896803,0.027178
2022-02-03 11:00:00,3276.322068,0.385665,0.897823,0.033537
2022-02-03 12:00:00,3247.861507,0.402057,0.756591,0.036533
2022-02-03 13:00:00,3180.777395,0.386055,0.584539,0.029646
2022-02-03 14:00:00,3093.593826,0.339186,0.594888,0.014628
2022-02-03 15:00:00,3102.951699,0.308408,0.575211,0.002806
2022-02-03 16:00:00,3323.011238,0.297424,0.530169,0.000091
2022-02-03 17:00:00,3219.425096,0.309767,0.481761,0.000106
2022-02-03 18:00:00,3010.411493,0.305291,0.458793,0.000118
2022-02-03 19:00:00,2861.040801,0.282761,0.516734,0.000136
2022-02-03 20:00:00,2701.792525,0.307613,0.502590,0.000129
2022-02-03 21:00:00,2551.685764,0.327916,0.576196,0.000139
2022-02-03 22:00:00,2404.756489,0.361233,0.686107,0.000096
2022-02-03 23:00:00,2289.887455,0.392263,0.699052,0.000070
2022-02-04 00:00:00,2242.859868,0.446660,0.675568,0.000065
2022-02-04 01:00:00,2213.159050,0.515068,0.846082,0.000059
2022-02-04 02:00:00,2220.720649,0.603902,0.916263,0.000065
2022-02-04 03:00:00,2278.869925,0.709911,0.952592,0.000055
2022-02-04 04:00:00,2420.023989,0.773738,0.966247,0.000068
2022-02-04 05:00:00,2781.541785,0.786667,0.973222,0.000057
2022-02-04 06:00:00,3173.046571,0.750853,0.970571,0.000091
2022-02-04 07:00:00,3256.991085,0.595985,0.770972,0.000258
2022-02-04 08:00:00,3236.977482,0.429996,0.592929,0.006778
2022-02-04 09:00:00,3286.361833,0.301880,0.503961,0.022535
2022-02-04 10:00:00,3253.962213,0.276575,0.558172,0.039926
2022-02-04 11:00:00,3212.627635,0.296550,0.575749,0.048906
2022-02-04 12:00:00,3240.358926,0.274088,0.479439,0.045468
2022-02-04 13:00:00,3244.882441,0.243177,0.363404,0.033891
2022-02-04 14:00:00,3045.963659,0.202935,0.373532,0.021644
2022-02-04 15:00:00,2952.464121,0.202333,0.420636,0.006403
2022-02-04 16:00:00,3188.145259,0.243056,0.654996,0.000049
2022-02-04 17:00:00,3165.177168,0.310179,0.673245,0.000039
2022-02-04 18:00:00,2891.204936,0.341512,0.808922,0.000037
2022-02-04 19:00:00,3030.285201,0.422569,0.869270,0.000047
2022-02-04 20:00:00,3006.189891,0.454195,0.909940,0.000046
2022-02-04 21:00:00,2737.549682,0.461572,0.892875,0.000044
2022-02-04 22:00:00,2778.449767,0.429658,0.884927,0.000042
2022-02-04 23:00:00,2778.090307,0.457004,0.887823,0.000038
2022-02-05 00:00:00,2740.189663,0.417909,0.875262,0.000042
2022-02-05 01:00:00,2704.830968,0.421387,0.922624,0.000049
2022-02-05 02:00:00,2759.546050,0.428744,0.905933,0.000047
2022-02-05 03:00:00,2747.532370,0.460847,0.908123,0.000045
2022-02-05 04:00:00,2772.589039,0.467336,0.824901,0.000056
2022-02-05 05:00:00,2880.704737,0.499533,0.784715,0.000090
2022-02-05 06:00:00,3036.000934,0.541158,0.949039,0.000117
2022-02-05 07:00:00,3140.682569,0.553563,0.931096,0.012524
2022-02-05 08:00:00,3221.227153,0.651608,0.943931,0.083160
2022-02-05 09:00:00,3242.579431,0.613729,0.952861,0.159623
2022-02-05 10:00:00,3262.555732,0.604426,0.951717,0.248264
2022-02-05 11:00:00,3210.471697,0.640320,0.942593,0.202496
2022-02-05 12:00:00,3194.692480,0.677646,0.937018,0.231558
2022-02-05 13:00:00,3098.907883,0.640732,0.966420,0.093316
2022-02-05 14:00:00,3064.936711,0.642117,0.966888,0.043638
2022-02-05 15:00:00,3147.076080,0.770269,0.918143,0.005776
2022-02-05 16:00:00,3328.986946,0.879267,0.948115,0.000093
2022-02-05 17:00:00,3281.461760,0.848593,0.973107,0.000100
2022-02-05 18:00:00,3240.701241,0.824095,0.951796,0.000079
2022-02-05 19:00:00,3119.751578,0.796812,0.973464,0.000069
2022-02-05 20:00:00,2985.172304,0.860615,0.972609,0.000066
2022-02-05 21:00:00,2907.101592,0.890564,0.972942,0.000071
2022-02-05 22:00:00,2780.036753,0.874687,0.969797,0.000068
2022-02-05 23:00:00,2721.176630,0.771247,0.961972,0.000060
2022-02-06 00:00:00,2577.071252,0.684164,0.966753,0.000052
2022-02-06 01:00:00,2421.832556,0.586427,0.931009,0.000044
2022-02-06 02:00:00,2360.535147,0.518950,0.877259,0.000046
2022-02-06 03:00:00,2388.198619,0.511358,0.858329,0.000047
2022-02-06 04:00:00,2459.633279,0.478704,0.887825,0.000045
2022-02-06 05:00:00,2498.043960,0.465101,0.890025,0.000043
2022-02-06 06:00:00,2600.385007,0.471209,0.886787,0.000055
2022-02-06 07:00:00,2782.555201,0.541259,0.846473,0.008848
2022-02-06 08:00:00,2854.533253,0.577225,0.923636,0.047689
2022-02-06 09:00:00,2914.312840,0.530078,0.882221,0.118235
2022-02-06 10:00:00,2909.287806,0.450107,0.861470,0.165112
2022-02-06 11:00:00,2995.292677,0.439584,0.762393,0.187645
2022-02-06 12:00:00,2985.219188,0.410434,0.713064,0.164167
2022-02-06 13:00:00,2702.472326,0.384212,0.813887,0.133322
2022-02-06 14:00:00,2700.111789,0.340459,0.724226,0.087368
2022-02-06 15:00:00,2735.245464,0.337694,0.672058,0.012494
2022-02-06 16:00:00,3039.978891,0.315646,0.668024,0.000083
2022-02-06 17:00:00,3024.269954,0.291207,0.580526,0.000056
2022-02-06 18:00:00,2825.874018,0.264038,0.666624,0.000052
2022-02-06 19:00:00,2725.311784,0.275162,0.665967,0.000058
2022-02-06 20:00:00,2632.232821,0.308921,0.851972,0.000075
2022-02-06 21:00:00,2555.705901,0.369690,0.896849,0.000091
2022-02-06 22:00:00,2450.843529,0.439400,0.931553,0.000085
2022-02-06 23:00:00,2559.134590,0.507489,0.946511,0.000095
2022-02-07 00:00:00,2721.635511,0.552134,0.899413,0.000104
2022-02-07 01:00:00,2641.380333,0.668652,0.954278,0.000099
2022-02-07 02:00:00,2754.922162,0.716873,0.907387,0.000068
2022-02-07 03:00:00,2796.762316,0.776440,0.907880,0.000055
2022-02-07 04:00:00,2966.661383,0.824422,0.957849,0.000061
2022-02-07 05:00:00,3266.823172,0.859547,0.951474,0.000055
2022-02-07 06:00:00,3672.253116,0.866944,0.981661,0.000085
2022-02-07 07:00:00,3793.304678,0.844786,0.974239,0.016967
2022-02-07 08:00:00,3706.560042,0.858254,0.975483,0.115769
2022-02-07 09:00:00,3643.980553,0.897331,0.974217,0.254567
2022-02-07 10:00:00,3882.666600,0.846856,0.963151,0.345362
2022-02-07 11:00:00,3800.153188,0.742896,0.939088,0.311877
2022-02-07 12:00:00,3751.085903,0.669788,0.948981,0.280720
2022-02-07 13:00:00,3724.079352,0.664515,0.948127,0.257224
2022-02-07 14:00:00,3554.861831,0.623359,0.970677,0.116885
2022-02-07 15:00:00,3621.190062,0.496611,0.943970,0.025594
2022-02-07 16:00:00,3812.444243,0.454682,0.923791,0.000315
2022-02-07 17:00:00,3759.581695,0.438308,0.896001,0.000135
2022-02-07 18:00:00,3458.238488,0.414697,0.741512,0.000078
2022-02-07 19:00:00,3209.028460,0.359916,0.790368,0.000051
2022-02-07 20:00:00,2972.495555,0.360384,0.848024,0.000048
2022-02-07 21:00:00,2826.901607,0.493188,0.817721,0.000047
2022-02-07 22:00:00,2825.493787,0.618333,0.832745,0.000056
2022-02-07 23:00:00,2759.580688,0.675464,0.890376,0.000054
2022-02-08 00:00:00,2802.865632,0.706829,0.931018,0.000054
2022-02-08 01:00:00,2752.529297,0.677819,0.948395,0.000047
2022-02-08 02:00:00,2734.886759,0.756641,0.920406,0.000052
2022-02-08 03:00:00,2783.009763,0.715748,0.946541,0.000061
2022-02-08 04:00:00,2912.534067,0.756208,0.903433,0.000084
2022-02-08 05:00:00,3280.155948,0.759436,0.924990,0.000078
2022-02-08 06:00:00,3558.022294,0.735988,0.956268,0.000069
2022-02-08 07:00:00,3616.243770,0.705738,0.921042,0.005415
2022-02-08 08:00:00,3468.326470,0.723053,0.836566,0.037545
2022-02-08 09:00:00,3448.545082,0.679536,0.820589,0.164831
2022-02-08 10:00:00,3486.511612,0.735686,0.837443,0.309747
2022-02-08 11:00:00,3451.641188,0.735853,0.834977,0.372075
2022-02-08 12:00:00,3478.353956,0.554939,0.911679,0.331201
2022-02-08 13:00:00,3421.316221,0.480273,0.883377,0.239832
2022-02-08 14:00:00,3324.450934,0.448300,0.863988,0.129364
2022-02-08 15:00:00,3355.860430,0.402672,0.720512,0.034328
2022-02-08 16:00:00,3642.302288,0.383209,0.625924,0.000387
2022-02-08 17:00:00,3469.296364,0.327282,0.710043,0.000118
2022-02-08 18:00:00,3146.579980,0.383253,0.668116,0.000094
2022-02-08 19:00:00,3094.768920,0.327746,0.701807,0.000073
2022-02-08 20:00:00,2963.246766,0.342340,0.769880,0.000038
2022-02-08 21:00:00,2798.066330,0.345859,0.852373,0.000032
2022-02-08 22:00:00,2645.775221,0.353781,0.849663,0.000026
2022-02-08 23:00:00,2512.409014,0.350369,0.798427,0.000026
2022-02-09 00:00:00,2375.303142,0.387842,0.816848,0.000026
2022-02-09 01:00:00,2387.495086,0.417239,0.846183,0.000024
2022-02-09 02:00:00,2468.879414,0.383992,0.785562,0.000023
2022-02-09 03:00:00,2520.169838,0.401078,0.826019,0.000028
2022-02-09 04:00:00,2681.432002,0.397071,0.805223,0.000033
2022-02-09 05:00:00,3016.211975,0.450819,0.896177,0.000038
2022-02-09 06:00:00,3411.226165,0.610159,0.908451,0.000089
2022-02-09 07:00:00,3601.264088,0.485943,0.852989,0.007897
2022-02-09 08:00:00,3561.316648,0.549088,0.900074,0.035627
2022-02-09 09:00:00,3612.002150,0.595103,0.948609,0.092215
2022-02-09 10:00:00,3570.887765,0.656599,0.911027,0.228705
2022-02-09 11:00:00,3509.759517,0.624202,0.895225,0.283044
2022-02-09 12:00:00,3489.471486,0.629988,0.928116,0.236540
2022-02-09 13:00:00,3414.779831,0.712759,0.931252,0.203904
2022-02-09 14:00:00,3277.767298,0.629146,0.933068,0.134606
2022-02-09 15:00:00,3107.450488,0.600017,0.906618,0.037154
2022-02-09 16:00:00,3341.635683,0.556661,0.854706,0.000716
2022-02-09 17:00:00,3316.620857,0.563714,0.887190,0.000159
2022-02-09 18:00:00,3109.559045,0.562306,0.888200,0.000151
2022-02-09 19:00:00,2959.106732,0.555665,0.857464,0.000146
2022-02-09 20:00:00,2783.020983,0.538310,0.838300,0.000078
2022-02-09 21:00:00,2615.322663,0.529832,0.837753,0.000086
2022-02-09 22:00:00,2466.790094,0.478660,0.829033,0.000133
2022-02-09 23:00:00,2374.337562,0.474562,0.826518,0.000082
2022-02-10 00:00:00,2330.810947,0.479135,0.856903,0.000078
2022-02-10 01:00:00,2300.831419,0.454249,0.844362,0.000116
2022-02-10 02:00:00,2285.427216,0.436325,0.849747,0.000113
2022-02-10 03:00:00,2325.291100,0.416812,0.747947,0.000120
2022-02-10 04:00:00,2463.327471,0.387449,0.731794,0.000142
2022-02-10 05:00:00,2821.684775,0.354190,0.741331,0.000097
2022-02-10 06:00:00,3204.796867,0.356200,0.747298,0.000135
2022-02-10 07:00:00,3288.604550,0.359289,0.690143,0.016662
2022-02-10 08:00:00,3276.155788,0.322158,0.809341,0.069015
2022-02-10 09:00:00,3301.071542,0.352765,0.728686,0.176202
2022-02-10 10:00:00,3296.707794,0.395738,0.764455,0.246980
2022-02-10 11:00:00,3420.906239,0.444873,0.790343,0.283613
2022-02-10 12:00:00,3327.677561,0.495410,0.805584,0.226163
2022-02-10 13:00:00,3260.970337,0.507529,0.802607,0.226974
2022-02-10 14:00:00,3139.736366,0.513672,0.801330,0.156368
2022-02-10 15:00:00,3110.250401,0.431027,0.701513,0.044081
2022-02-10 16:00:00,3327.796786,0.398775,0.752272,0.001008
2022-02-10 17:00:00,3310.977037,0.374906,0.844540,0.000112
2022-02-10 18:00:00,3145.577429,0.357655,0.775912,0.000126
2022-02-10 19:00:00,3047.975077,0.306753,0.685332,0.000124
2022-02-10 20:00:00,2816.996354,0.270796,0.661865,0.000103
2022-02-10 21:00:00,2620.208303,0.241167,0.503430,0.000041
2022-02-10 22:00:00,2480.803182,0.206677,0.475750,0.000050
2022-02-10 23:00:00,2814.973718,0.163192,0.353725,0.000037
2022-02-11 00:00:00,2813.838849,0.129124,0.342641,0.000031
2022-02-11 01:00:00,2666.176439,0.125689,0.233492,0.000030
2022-02-11 02:00:00,2468.191204,0.101978,0.235063,0.000031
2022-02-11 03:00:00,2526.247098,0.089170,0.204983,0.000034
2022-02-11 04:00:00,2663.253921,0.129336,0.140145,0.000033
2022-02-11 05:00:00,3116.200821,0.199165,0.380862,0.000026
2022-02-11 06:00:00,3424.358965,0.247734,0.732823,0.000059
2022-02-11 07:00:00,3441.443410,0.304915,0.695722,0.009467
2022-02-11 08:00:00,3422.985376,0.353476,0.779908,0.072970
2022-02-11 09:00:00,3488.723158,0.417165,0.917436,0.218922
2022-02-11 10:00:00,3503.800430,0.479427,0.933523,0.398515
2022-02-11 11:00:00,3628.443429,0.549569,0.915435,0.551729
2022-02-11 12:00:00,3518.851404,0.562520,0.902656,0.538357
2022-02-11 13:00:00,3176.281010,0.523284,0.844415,0.440507
2022-02-11 14:00:00,3303.443640,0.471572,0.764908,0.261647
2022-02-11 15:00:00,3056.615423,0.365001,0.679307,0.073961
2022-02-11 16:00:00,3129.097040,0.257017,0.466569,0.002730
2022-02-11 17:00:00,3116.043926,0.198654,0.412475,0.000128
2022-02-11 18:00:00,2889.769488,0.159813,0.402534,0.000099
2022-02-11 19:00:00,2732.714894,0.183003,0.313822,0.000089
2022-02-11 20:00:00,2595.877607,0.247352,0.328305,0.000077
2022-02-11 21:00:00,2497.436606,0.317890,0.433357,0.000078
2022-02-11 22:00:00,2388.323385,0.378747,0.569788,0.000068
2022-02-11 23:00:00,2469.593701,0.432778,0.676451,0.000027
2022-02-12 00:00:00,2295.155817,0.460456,0.699843,0.000026
2022-02-12 01:00:00,2293.764866,0.470347,0.795025,0.000020
2022-02-12 02:00:00,2291.005560,0.498837,0.901835,0.000018
2022-02-12 03:00:00,2237.792132,0.508132,0.943238,0.000018
2022-02-12 04:00:00,2338.217868,0.523756,0.953584,0.000019
2022-02-12 05:00:00,2543.743555,0.552093,0.962214,0.000044
2022-02-12 06:00:00,2651.219254,0.589659,0.960428,0.000292
2022-02-12 07:00:00,2720.655953,0.636527,0.970334,0.021225
2022-02-12 08:00:00,2975.538257,0.695612,0.972730,0.093327
2022-02-12 09:00:00,3133.900738,0.762801,0.962430,0.189276
2022-02-12 10:00:00,3275.886802,0.827375,0.970685,0.209496
2022-02-12 11:00:00,3065.346451,0.860369,0.974508,0.170528
2022-02-12 12:00:00,3116.570854,0.871390,0.922060,0.143892
2022-02-12 13:00:00,3151.369580,0.857116,0.937217,0.091756
2022-02-12 14:00:00,3196.163481,0.760720,0.965224,0.050010
2022-02-12 15:00:00,3238.168159,0.810990,0.960941,0.014933
2022-02-12 16:00:00,3470.458058,0.816790,0.977799,0.000326
2022-02-12 17:00:00,3245.269866,0.860153,0.957942,0.000063
2022-02-12 18:00:00,3262.530097,0.846575,0.900080,0.000048
2022-02-12 19:00:00,3186.147786,0.733719,0.957340,0.000045
2022-02-12 20:00:00,3125.463468,0.614683,0.727156,0.000042
2022-02-12 21:00:00,2956.155453,0.606135,0.704904,0.000044
2022-02-12 22:00:00,2883.442365,0.580643,0.697477,0.000041
2022-02-12 23:00:00,2650.460484,0.571337,0.710680,0.000035
2022-02-13 00:00:00,2524.542518,0.658159,0.783094,0.000034
2022-02-13 01:00:00,2597.128847,0.571671,0.702574,0.000028
2022-02-13 02:00:00,2561.313233,0.549077,0.651651,0.000028
2022-02-13 03:00:00,2575.871171,0.559218,0.537947,0.000027
2022-02-13 04:00:00,2590.836457,0.531131,0.653948,0.000041
2022-02-13 05:00:00,2734.358163,0.528637,0.726821,0.000075
2022-02-13 06:00:00,2877.940130,0.502830,0.820061,0.000095
2022-02-13 07:00:00,2950.017619,0.520934,0.960760,0.005784
2022-02-13 08:00:00,2899.468068,0.714127,0.939003,0.024112
2022-02-13 09:00:00,2997.752454,0.692276,0.963055,0.037538
2022-02-13 10:00:00,3029.518545,0.687516,0.944852,0.044758
2022-02-13 11:00:00,3054.491630,0.675232,0.901473,0.053363
2022-02-13 12:00:00,3190.925399,0.584647,0.931400,0.047073
2022-02-13 13:00:00,3186.663061,0.533719,0.965013,0.031417
2022-02-13 14:00:00,3127.706801,0.561918,0.965604,0.020181
2022-02-13 15:00:00,2858.412167,0.578501,0.969471,0.006291
2022-02-13 16:00:00,3195.144461,0.595321,0.931103,0.000255
2022-02-13 17:00:00,3357.132475,0.598889,0.922664,0.000081
2022-02-13 18:00:00,3226.915159,0.591615,0.919693,0.000073
2022-02-13 19:00:00,3170.533414,0.502904,0.948253,0.000026
2022-02-13 20:00:00,3080.728777,0.398224,0.873877,0.000025
2022-02-13 21:00:00,2916.764584,0.488881,0.954589,0.000048
2022-02-13 22:00:00,2820.362057,0.468549,0.914610,0.000077
2022-02-13 23:00:00,2776.086263,0.470617,0.895319,0.000073
2022-02-14 00:00:00,2731.920422,0.592782,0.967197,0.000070
2022-02-14 01:00:00,2697.003294,0.578621,0.972738,0.000058
2022-02-14 02:00:00,2721.700488,0.643422,0.929098,0.000063
2022-02-14 03:00:00,2769.933979,0.554635,0.911193,0.000034
2022-02-14 04:00:00,2882.565259,0.523821,0.944732,0.000044
2022-02-14 05:00:00,3177.259912,0.658959,0.977518,0.000049
2022-02-14 06:00:00,3499.566467,0.712158,0.974941,0.000071
2022-02-14 07:00:00,3529.167105,0.664479,0.957853,0.006028
2022-02-14 08:00:00,3314.227277,0.725208,0.980023,0.019965
2022-02-14 09:00:00,3381.079539,0.731117,0.914439,0.032302
2022-02-14 10:00:00,3379.912138,0.746718,0.959810,0.070794
2022-02-14 11:00:00,3268.644062,0.786782,0.954999,0.068806
2022-02-14 12:00:00,3477.350723,0.835854,0.965921,0.065166
2022-02-14 13:00:00,3540.990089,0.860301,0.972338,0.067068
2022-02-14 14:00:00,3262.237906,0.883210,0.962391,0.050022
2022-02-14 15:00:00,3179.862533,0.866897,0.964852,0.013768
2022-02-14 16:00:00,3401.990075,0.872203,0.978649,0.000397
2022-02-14 17:00:00,3309.311412,0.880563,0.955616,0.000097
2022-02-14 18:00:00,3095.044437,0.872166,0.946214,0.000101
2022-02-14 19:00:00,2910.970003,0.858727,0.940722,0.000132
2022-02-14 20:00:00,2993.147504,0.857341,0.882391,0.000123
2022-02-14 21:00:00,2982.079317,0.810380,0.964578,0.000095
2022-02-14 22:00:00,2847.543707,0.785006,0.959765,0.000077
2022-02-14 23:00:00,2751.543278,0.641801,0.929096,0.000071
2022-02-15 00:00:00,2612.840802,0.692092,0.879966,0.000056
2022-02-15 01:00:00,2636.939441,0.422363,0.937769,0.000048
2022-02-15 02:00:00,2593.346655,0.430392,0.962744,0.000051
2022-02-15 03:00:00,2662.508521,0.422998,0.914851,0.000058
2022-02-15 04:00:00,2810.817236,0.402280,0.841308,0.000069
2022-02-15 05:00:00,3124.824626,0.410755,0.876324,0.000063
2022-02-15 06:00:00,3441.168527,0.513551,0.865211,0.000175
2022-02-15 07:00:00,3538.946598,0.449243,0.853161,0.009739
2022-02-15 08:00:00,3545.366881,0.388259,0.832269,0.081115
2022-02-15 09:00:00,3455.372252,0.504247,0.779346,0.297817
2022-02-15 10:00:00,3452.377362,0.560884,0.900149,0.360095
2022-02-15 11:00:00,3336.643814,0.625900,0.774678,0.249867
2022-02-15 12:00:00,3445.637410,0.609638,0.853421,0.172794
2022-02-15 13:00:00,3452.385302,0.588296,0.823198,0.120448
2022-02-15 14:00:00,3365.483183,0.663770,0.909954,0.066843
2022-02-15 15:00:00,3278.671457,0.644337,0.883609,0.025100
2022-02-15 16:00:00,3475.299364,0.753618,0.930554,0.000684
2022-02-15 17:00:00,3450.967511,0.835260,0.936249,0.000089
2022-02-15 18:00:00,3354.356909,0.895599,0.892378,0.000078
2022-02-15 19:00:00,3335.792694,0.757637,0.923462,0.000053
2022-02-15 20:00:00,3148.577906,0.662089,0.930391,0.000046
2022-02-15 21:00:00,2934.143535,0.629851,0.913712,0.000048
2022-02-15 22:00:00,2778.735538,0.561604,0.923540,0.000070
2022-02-15 23:00:00,2699.277406,0.475743,0.925155,0.000063
2022-02-16 00:00:00,2715.660116,0.316160,0.910249,0.000074
2022-02-16 01:00:00,2618.883496,0.342744,0.770430,0.000074
2022-02-16 02:00:00,2622.521146,0.294703,0.575514,0.000087
2022-02-16 03:00:00,2655.751730,0.290814,0.591920,0.000075
2022-02-16 04:00:00,2708.856449,0.365858,0.559986,0.000028
2022-02-16 05:00:00,2942.372203,0.345717,0.650914,0.000043
2022-02-16 06:00:00,3416.855946,0.277699,0.771882,0.000245
2022-02-16 07:00:00,3616.384519,0.198119,0.625776,0.007512
2022-02-16 08:00:00,3658.573778,0.188082,0.686583,0.020050
2022-02-16 09:00:00,3666.094707,0.206481,0.852229,0.029751
2022-02-16 10:00:00,3702.933173,0.300476,0.802923,0.035223
2022-02-16 11:00:00,3729.788419,0.391459,0.821625,0.041965
2022-02-16 12:00:00,3761.609523,0.452502,0.909448,0.049021
2022-02-16 13:00:00,3718.048564,0.506351,0.952231,0.044143
2022-02-16 14:00:00,3582.341924,0.619823,0.878676,0.034901
2022-02-16 15:00:00,3287.896410,0.649831,0.692099,0.010426
2022-02-16 16:00:00,3602.524484,0.611517,0.580590,0.000431
2022-02-16 17:00:00,3592.672679,0.539007,0.754703,0.000148
2022-02-16 18:00:00,3506.869011,0.558556,0.874811,0.000184
2022-02-16 19:00:00,3372.029461,0.555097,0.890468,0.000176
2022-02-16 20:00:00,3259.851218,0.535401,0.805406,0.000094
2022-02-16 21:00:00,2964.265629,0.581457,0.783973,0.000101
2022-02-16 22:00:00,2957.412152,0.537957,0.795593,0.000133
2022-02-16 23:00:00,2869.687164,0.687013,0.745891,0.000070
2022-02-17 00:00:00,2816.751864,0.716802,0.802676,0.000054
2022-02-17 01:00:00,2776.915725,0.684702,0.762010,0.000122
2022-02-17 02:00:00,2707.612711,0.632027,0.774069,0.000127
2022-02-17 03:00:00,2649.691929,0.516827,0.809491,0.000114
2022-02-17 04:00:00,2738.208802,0.475187,0.787165,0.000127
2022-02-17 05:00:00,2871.152680,0.501859,0.840603,0.000084
2022-02-17 06:00:00,3494.997961,0.392764,0.864171,0.000473
2022-02-17 07:00:00,3579.065797,0.395357,0.863745,0.027476
2022-02-17 08:00:00,3224.831806,0.349544,0.920493,0.098644
2022-02-17 09:00:00,3305.593634,0.474650,0.947705,0.158683
2022-02-17 10:00:00,3313.930328,0.696928,0.949764,0.183016
2022-02-17 11:00:00,3587.332794,0.822729,0.937496,0.233435
2022-02-17 12:00:00,3745.924282,0.797542,0.973525,0.203806
2022-02-17 13:00:00,3679.458317,0.742458,0.972994,0.168117
2022-02-17 14:00:00,3609.392055,0.782778,0.958183,0.121573
2022-02-17 15:00:00,3563.003074,0.782543,0.966443,0.037965
2022-02-17 16:00:00,3624.142698,0.754849,0.922509,0.002754
2022-02-17 17:00:00,3717.771121,0.736654,0.952813,0.000142
2022-02-17 18:00:00,3533.527152,0.794968,0.911725,0.000158
2022-02-17 19:00:00,3426.287185,0.690179,0.964166,0.000122
2022-02-17 20:00:00,3253.637337,0.688349,0.933042,0.000093
2022-02-17 21:00:00,3126.266871,0.731023,0.926445,0.000093
2022-02-17 22:00:00,2986.835402,0.784273,0.931518,0.000111
2022-02-17 23:00:00,2916.337524,0.852315,0.955031,0.000143
2022-02-18 00:00:00,2851.968328,0.821842,0.938956,0.000116
2022-02-18 01:00:00,2822.695483,0.772146,0.937299,0.000079
2022-02-18 02:00:00,2772.303006,0.735917,0.958783,0.000091
2022-02-18 03:00:00,2793.479712,0.700748,0.938385,0.000089
2022-02-18 04:00:00,2843.226329,0.608902,0.887022,0.000039
2022-02-18 05:00:00,2919.779011,0.559300,0.831914,0.000033
2022-02-18 06:00:00,3108.860953,0.478672,0.802713,0.000427
2022-02-18 07:00:00,3192.822567,0.398040,0.672562,0.022944
2022-02-18 08:00:00,3212.518923,0.342150,0.562771,0.051761
2022-02-18 09:00:00,3310.126538,0.254276,0.764508,0.060030
2022-02-18 10:00:00,3266.077424,0.224260,0.706025,0.062170
2022-02-18 11:00:00,3522.310542,0.277175,0.696052,0.035955
2022-02-18 12:00:00,3543.057656,0.409490,0.745232,0.023682
2022-02-18 13:00:00,3613.585736,0.493814,0.931875,0.015953
2022-02-18 14:00:00,3610.612930,0.632675,0.910416,0.011946
2022-02-18 15:00:00,3619.640068,0.510093,0.964398,0.013187
2022-02-18 16:00:00,3721.808022,0.564436,0.969834,0.002131
2022-02-18 17:00:00,3720.606323,0.489571,0.885442,0.000063
2022-02-18 18:00:00,3515.117975,0.300544,0.594191,0.000050
2022-02-18 19:00:00,3246.574310,0.246205,0.793900,0.000034
2022-02-18 20:00:00,3092.362275,0.266454,0.782978,0.000030
2022-02-18 21:00:00,3002.050491,0.330117,0.615953,0.000037
2022-02-18 22:00:00,2965.469473,0.327627,0.587000,0.000043
2022-02-18 23:00:00,2695.467031,0.436159,0.760864,0.000043
2022-02-19 00:00:00,2581.160062,0.356914,0.667838,0.000029
2022-02-19 01:00:00,2540.468579,0.637580,0.685102,0.000035
2022-02-19 02:00:00,2624.515913,0.796897,0.848774,0.000046
2022-02-19 03:00:00,2672.750416,0.831662,0.845998,0.000048
2022-02-19 04:00:00,2771.719109,0.712896,0.887506,0.000046
2022-02-19 05:00:00,2773.545506,0.725400,0.809816,0.000055
2022-02-19 06:00:00,2833.122016,0.677617,0.893214,0.001617
2022-02-19 07:00:00,3007.931036,0.652905,0.889684,0.041057
2022-02-19 08:00:00,3174.559617,0.657552,0.870463,0.104487
2022-02-19 09:00:00,3310.799730,0.637305,0.838187,0.214631
2022-02-19 10:00:00,3249.995755,0.637220,0.199312,0.291762
2022-02-19 11:00:00,3184.964561,0.603432,0.290578,0.249679
2022-02-19 12:00:00,2975.978967,0.644241,0.345309,0.239665
2022-02-19 13:00:00,3173.995161,0.606024,0.894517,0.199490
2022-02-19 14:00:00,3194.277202,0.664197,0.818173,0.149988
2022-02-19 15:00:00,3054.748819,0.716808,0.892202,0.055522
2022-02-19 16:00:00,2967.495944,0.736834,0.880214,0.004928
2022-02-19 17:00:00,3405.329818,0.670001,0.941189,0.000093
2022-02-19 18:00:00,3262.324733,0.648027,0.905883,0.000111
2022-02-19 19:00:00,3155.367664,0.613668,0.912543,0.000101
2022-02-19 20:00:00,2963.016253,0.597154,0.905284,0.000078
2022-02-19 21:00:00,2658.387081,0.607820,0.893974,0.000066
2022-02-19 22:00:00,2491.271629,0.522204,0.843586,0.000062
2022-02-19 23:00:00,2184.272097,0.444928,0.768658,0.000056
2022-02-20 00:00:00,2109.707020,0.383034,0.586483,0.000048
2022-02-20 01:00:00,2069.199987,0.281447,0.520080,0.000034
2022-02-20 02:00:00,2062.859673,0.193357,0.479158,0.000019
2022-02-20 03:00:00,2089.396987,0.142588,0.400185,0.000023
2022-02-20 04:00:00,2137.142137,0.132662,0.320521,0.000024
2022-02-20 05:00:00,2249.938427,0.148022,0.430366,0.000027
2022-02-20 06:00:00,2398.823147,0.219555,0.556141,0.001995
2022-02-20 07:00:00,2562.974753,0.303331,0.666602,0.033045
2022-02-20 08:00:00,2678.837156,0.396381,0.774295,0.072714
2022-02-20 09:00:00,2739.540645,0.545371,0.840362,0.081366
2022-02-20 10:00:00,2950.708244,0.631934,0.921142,0.069380
2022-02-20 11:00:00,2863.594490,0.687142,0.965014,0.065624
2022-02-20 12:00:00,3140.127439,0.734441,0.977418,0.046143
2022-02-20 13:00:00,3169.709279,0.765515,0.986593,0.035447
2022-02-20 14:00:00,3269.810673,0.805094,0.948534,0.021981
2022-02-20 15:00:00,3308.577424,0.800337,0.982096,0.008554
2022-02-20 16:00:00,3196.171838,0.800406,0.964644,0.001557
2022-02-20 17:00:00,3109.403773,0.793184,0.985624,0.000044
2022-02-20 18:00:00,2941.079060,0.752029,0.975713,0.000041
2022-02-20 19:00:00,2913.054557,0.663718,0.946057,0.000039
2022-02-20 20:00:00,3033.064092,0.576797,0.933895,0.000034
2022-02-20 21:00:00,2926.966414,0.497616,0.923624,0.000032
2022-02-20 22:00:00,2790.704260,0.476584,0.897265,0.000039
2022-02-20 23:00:00,2811.363849,0.468408,0.874079,0.000039
2022-02-21 00:00:00,2745.710521,0.631584,0.898324,0.000040
2022-02-21 01:00:00,2850.681966,0.671211,0.902732,0.000040
2022-02-21 02:00:00,2865.074263,0.773243,0.901462,0.000055
2022-02-21 03:00:00,2872.874223,0.805412,0.904141,0.000068
2022-02-21 04:00:00,2953.283718,0.883528,0.897549,0.000078
2022-02-21 05:00:00,3422.347067,0.879679,0.868642,0.000066
2022-02-21 06:00:00,3403.249754,0.895335,0.981493,0.000932
2022-02-21 07:00:00,3380.079307,0.864320,0.918719,0.025048
2022-02-21 08:00:00,3376.152115,0.812734,0.905479,0.115949
2022-02-21 09:00:00,3645.265205,0.804862,0.846294,0.256956
2022-02-21 10:00:00,3849.071729,0.772847,0.731779,0.313305
2022-02-21 11:00:00,3781.159237,0.704481,0.791683,0.332923
2022-02-21 12:00:00,3486.771192,0.770618,0.724820,0.353874
2022-02-21 13:00:00,3382.968959,0.751208,0.888261,0.325112
2022-02-21 14:00:00,3485.193759,0.739445,0.957930,0.217693
2022-02-21 15:00:00,3481.822834,0.728364,0.964210,0.082017
2022-02-21 16:00:00,3492.334520,0.633627,0.958914,0.008765
2022-02-21 17:00:00,3331.383523,0.492426,0.972753,0.000117
2022-02-21 18:00:00,3131.222054,0.474726,0.977511,0.000094
2022-02-21 19:00:00,2955.791691,0.483698,0.971793,0.000096
2022-02-21 20:00:00,2812.644918,0.515795,0.934602,0.000087
2022-02-21 21:00:00,2672.561407,0.536273,0.824749,0.000101
2022-02-21 22:00:00,2538.008371,0.538861,0.792452,0.000077
2022-02-21 23:00:00,2464.014620,0.509955,0.855281,0.000043
2022-02-22 00:00:00,2400.388599,0.444367,0.766927,0.000036
2022-02-22 01:00:00,2369.340526,0.379848,0.801168,0.000034
2022-02-22 02:00:00,2351.604399,0.294510,0.788387,0.000027
2022-02-22 03:00:00,2375.751126,0.192308,0.797415,0.000027
2022-02-22 04:00:00,2501.928288,0.141892,0.797736,0.000025
2022-02-22 05:00:00,2874.484771,0.113994,0.571393,0.000029
2022-02-22 06:00:00,3170.448283,0.088711,0.294321,0.006944
2022-02-22 07:00:00,3479.096881,0.067887,0.173440,0.061172
2022-02-22 08:00:00,3741.727949,0.059764,0.201319,0.141525
2022-02-22 09:00:00,3833.820089,0.043813,0.150621,0.181216
2022-02-22 10:00:00,3715.309512,0.090408,0.216016,0.178778
2022-02-22 11:00:00,3178.849635,0.180205,0.408170,0.148880
2022-02-22 12:00:00,3206.151895,0.302830,0.585774,0.122479
2022-02-22 13:00:00,3177.297275,0.433339,0.703071,0.088985
2022-02-22 14:00:00,3559.299959,0.475104,0.731966,0.040773
2022-02-22 15:00:00,3612.605598,0.549329,0.750881,0.009832
2022-02-22 16:00:00,3641.706363,0.574926,0.829228,0.000504
2022-02-22 17:00:00,3841.652027,0.565721,0.949375,0.000122
2022-02-22 18:00:00,3713.420605,0.566468,0.911707,0.000180
2022-02-22 19:00:00,3494.047204,0.713711,0.908486,0.000156
2022-02-22 20:00:00,3327.842926,0.852587,0.914464,0.000135
2022-02-22 21:00:00,3255.687213,0.836435,0.957773,0.000097
2022-02-22 22:00:00,3106.348191,0.943229,0.930569,0.000070
2022-02-22 23:00:00,2926.769082,0.866564,0.961290,0.000060
2022-02-23 00:00:00,2879.086910,0.813752,0.953617,0.000061
2022-02-23 01:00:00,2800.561794,0.800684,0.933693,0.000055
2022-02-23 02:00:00,2846.564085,0.765067,0.912087,0.000056
2022-02-23 03:00:00,2890.389708,0.704468,0.952046,0.000054
2022-02-23 04:00:00,2891.770497,0.681077,0.982151,0.000051
2022-02-23 05:00:00,3413.506978,0.435629,0.938956,0.000044
2022-02-23 06:00:00,3674.034581,0.365058,0.766122,0.004466
2022-02-23 07:00:00,3701.014146,0.335912,0.877230,0.059138
2022-02-23 08:00:00,3652.321379,0.369054,0.948682,0.151442
2022-02-23 09:00:00,3670.412034,0.440719,0.904288,0.238434
2022-02-23 10:00:00,3652.828150,0.442027,0.942465,0.323368
2022-02-23 11:00:00,3601.704133,0.491080,0.894640,0.378232
2022-02-23 12:00:00,3624.856523,0.481903,0.789372,0.353400
2022-02-23 13:00:00,3551.601092,0.531055,0.767655,0.290669
2022-02-23 14:00:00,3447.010389,0.607400,0.766098,0.153805
2022-02-23 15:00:00,3447.250369,0.847959,0.938266,0.041815
2022-02-23 16:00:00,3398.610458,0.862804,0.975117,0.007012
2022-02-23 17:00:00,3416.701187,0.931471,0.952000,0.000147
2022-02-23 18:00:00,3173.012571,0.958853,0.987949,0.000127
2022-02-23 19:00:00,3312.481736,0.903763,0.931826,0.000117
2022-02-23 20:00:00,3226.357283,0.872781,0.926948,0.000112
2022-02-23 21:00:00,3117.543527,0.826566,0.945272,0.000101
2022-02-23 22:00:00,3016.553698,0.648379,0.620355,0.000072
2022-02-23 23:00:00,2916.737876,0.635299,0.649783,0.000066
2022-02-24 00:00:00,2857.644663,0.652403,0.733771,0.000083
2022-02-24 01:00:00,2791.222543,0.632450,0.700385,0.000065
2022-02-24 02:00:00,2784.929257,0.568127,0.366357,0.000053
2022-02-24 03:00:00,2823.092397,0.495151,0.488195,0.000041
2022-02-24 04:00:00,2951.904310,0.409179,0.534133,0.000038
2022-02-24 05:00:00,3262.513549,0.429951,0.321570,0.000038
2022-02-24 06:00:00,3530.891754,0.511599,0.125605,0.000392
2022-02-24 07:00:00,3462.225260,0.383999,0.700929,0.019102
2022-02-24 08:00:00,3634.094823,0.383659,0.802781,0.082725
2022-02-24 09:00:00,3643.998015,0.512518,0.704413,0.138954
2022-02-24 10:00:00,3517.718224,0.541699,0.667072,0.094056
2022-02-24 11:00:00,3377.010198,0.475455,0.632672,0.059661
2022-02-24 12:00:00,3292.918298,0.309371,0.664201,0.046943
2022-02-24 13:00:00,3222.212934,0.196942,0.317928,0.034922
2022-02-24 14:00:00,3150.907730,0.133809,0.090508,0.021640
2022-02-24 15:00:00,3197.195041,0.102234,0.078123,0.008545
2022-02-24 16:00:00,3372.496969,0.097136,0.201379,0.000734
2022-02-24 17:00:00,3532.974968,0.157027,0.443905,0.000067
2022-02-24 18:00:00,3232.733315,0.221752,0.480612,0.000056
2022-02-24 19:00:00,2989.101827,0.298783,0.632380,0.000036
2022-02-24 20:00:00,3286.765008,0.310457,0.832537,0.000039
2022-02-24 21:00:00,3141.993846,0.386668,0.918285,0.000040
2022-02-24 22:00:00,2790.307433,0.446250,0.959925,0.000040
2022-02-24 23:00:00,2642.247664,0.501836,0.945920,0.000039
2022-02-25 00:00:00,2801.434774,0.475376,0.940771,0.000042
2022-02-25 01:00:00,2800.225720,0.474170,0.925625,0.000040
2022-02-25 02:00:00,2855.728735,0.494784,0.925870,0.000044
2022-02-25 03:00:00,2851.003009,0.457438,0.929903,0.000093
2022-02-25 04:00:00,2703.541952,0.458910,0.919300,0.000107
2022-02-25 05:00:00,3098.920548,0.454216,0.825574,0.000125
2022-02-25 06:00:00,3534.256822,0.417370,0.879486,0.002053
2022-02-25 07:00:00,3339.375228,0.368023,0.890267,0.028079
2022-02-25 08:00:00,3297.621725,0.317048,0.842811,0.096867
2022-02-25 09:00:00,3299.877912,0.317507,0.714314,0.216841
2022-02-25 10:00:00,3338.291546,0.295205,0.783465,0.380747
2022-02-25 11:00:00,3257.309676,0.413474,0.861779,0.463980
2022-02-25 12:00:00,3311.329654,0.639099,0.841723,0.435485
2022-02-25 13:00:00,3513.165643,0.747746,0.804867,0.377660
2022-02-25 14:00:00,3401.788943,0.798473,0.862704,0.270512
2022-02-25 15:00:00,3425.029625,0.673108,0.935511,0.118614
2022-02-25 16:00:00,3607.611090,0.677349,0.892422,0.016514
2022-02-25 17:00:00,3465.716090,0.582563,0.875194,0.000203
2022-02-25 18:00:00,3426.055784,0.427664,0.829883,0.000166
2022-02-25 19:00:00,3280.116654,0.390785,0.928992,0.000156
2022-02-25 20:00:00,3072.276123,0.347309,0.929556,0.000044
2022-02-25 21:00:00,2978.714677,0.252256,0.903533,0.000036
2022-02-25 22:00:00,2847.440795,0.193054,0.785623,0.000030
2022-02-25 23:00:00,2745.628414,0.142514,0.591499,0.000023
2022-02-26 00:00:00,2633.158245,0.175935,0.615983,0.000026
2022-02-26 01:00:00,2240.849836,0.160522,0.392591,0.000029
2022-02-26 02:00:00,2118.871142,0.131792,0.241250,0.000019
2022-02-26 03:00:00,2134.123291,0.099457,0.149971,0.000024
2022-02-26 04:00:00,2181.452976,0.068590,0.087454,0.000024
2022-02-26 05:00:00,2319.098616,0.042981,0.048275,0.000061
2022-02-26 06:00:00,2484.176328,0.024154,0.007858,0.011277
2022-02-26 07:00:00,2638.024919,0.013149,0.008358,0.133691
2022-02-26 08:00:00,2700.558712,0.006981,0.014359,0.337477
2022-02-26 09:00:00,2728.173658,0.005145,0.028839,0.514575
2022-02-26 10:00:00,2700.978857,0.020479,0.029010,0.582877
2022-02-26 11:00:00,2621.418640,0.031240,0.041023,0.587518
2022-02-26 12:00:00,2479.706265,0.041257,0.064909,0.512661
2022-02-26 13:00:00,2405.402375,0.044170,0.092253,0.448637
2022-02-26 14:00:00,2445.518869,0.052731,0.101464,0.394094
2022-02-26 15:00:00,2440.260199,0.052139,0.108291,0.154701
2022-02-26 16:00:00,2653.768482,0.052889,0.138907,0.013483
2022-02-26 17:00:00,2770.532191,0.073301,0.163564,0.000167
2022-02-26 18:00:00,2596.950334,0.100052,0.184980,0.000139
2022-02-26 19:00:00,2457.530730,0.122787,0.210601,0.000137
2022-02-26 20:00:00,2359.656572,0.137420,0.188953,0.000098
2022-02-26 21:00:00,2266.184437,0.151056,0.200612,0.000086
2022-02-26 22:00:00,2182.935413,0.169546,0.255783,0.000082
2022-02-26 23:00:00,2110.042388,0.184677,0.316585,0.000070
2022-02-27 00:00:00,2069.934844,0.209951,0.357196,0.000054
2022-02-27 01:00:00,2046.879550,0.233264,0.352112,0.000038
2022-02-27 02:00:00,2042.841019,0.251768,0.431611,0.000021
2022-02-27 03:00:00,2061.533500,0.271471,0.431733,0.000022
2022-02-27 04:00:00,2109.479754,0.284825,0.399771,0.000023
2022-02-27 05:00:00,2220.824847,0.276487,0.445503,0.000028
2022-02-27 06:00:00,2351.169334,0.262889,0.398754,0.011828
2022-02-27 07:00:00,2512.752516,0.239786,0.400528,0.135907
2022-02-27 08:00:00,2618.205498,0.192131,0.406120,0.357289
2022-02-27 09:00:00,2655.238462,0.167810,0.434987,0.545219
2022-02-27 10:00:00,2714.652264,0.183241,0.494678,0.664867
2022-02-27 11:00:00,2834.704115,0.189944,0.503640,0.708527
2022-02-27 12:00:00,2731.072066,0.181775,0.432570,0.689996
2022-02-27 13:00:00,2679.789035,0.149599,0.366950,0.604172
2022-02-27 14:00:00,2577.047129,0.104465,0.298623,0.432884
2022-02-27 15:00:00,2512.442714,0.085965,0.302387,0.199598
2022-02-27 16:00:00,2677.119094,0.097725,0.365693,0.027348
2022-02-27 17:00:00,2834.106502,0.164684,0.460265,0.000114
2022-02-27 18:00:00,2700.624627,0.249883,0.606665,0.000077
2022-02-27 19:00:00,2610.253713,0.283030,0.720815,0.000069
2022-02-27 20:00:00,2530.642806,0.288596,0.751238,0.000051
2022-02-27 21:00:00,2438.783391,0.317972,0.728106,0.000035
2022-02-27 22:00:00,2364.674601,0.356994,0.755079,0.000028
2022-02-27 23:00:00,2541.313891,0.360588,0.783311,0.000026
2022-02-28 00:00:00,2552.174374,0.337950,0.820723,0.000025
2022-02-28 01:00:00,2195.222787,0.303790,0.803114,0.000025
2022-02-28 02:00:00,2275.583095,0.308109,0.772842,0.000020
2022-02-28 03:00:00,2305.769163,0.316107,0.745239,0.000024
2022-02-28 04:00:00,2415.985436,0.333099,0.703576,0.000027
2022-02-28 05:00:00,2829.703785,0.341817,0.677033,0.000035
2022-02-28 06:00:00,3170.185766,0.341375,0.698126,0.010789
2022-02-28 07:00:00,3271.092237,0.318815,0.718879,0.129432
2022-02-28 08:00:00,3278.694722,0.266343,0.736385,0.362651
2022-02-28 09:00:00,3330.256979,0.206001,0.727349,0.551741
2022-02-28 10:00:00,3302.692564,0.250810,0.759180,0.667189
2022-02-28 11:00:00,3385.144832,0.369872,0.835595,0.713357
2022-02-28 12:00:00,3525.384254,0.485055,0.866622,0.695541
2022-02-28 13:00:00,3436.878288,0.575174,0.840821,0.579434
2022-02-28 14:00:00,3096.999653,0.547641,0.818353,0.387517
2022-02-28 15:00:00,2982.500227,0.423978,0.853646,0.169401
2022-02-28 16:00:00,3144.454373,0.361067,0.786758,0.029131
2022-02-28 17:00:00,3190.754373,0.363463,0.729824,0.000109
2022-02-28 18:00:00,3075.381397,0.410644,0.829231,0.000090
2022-02-28 19:00:00,3057.568645,0.463397,0.897544,0.000083
2022-02-28 20:00:00,3007.869183,0.491429,0.933509,0.000063
2022-02-28 21:00:00,2777.309006,0.491974,0.966829,0.000049
2022-02-28 22:00:00,2624.915867,0.489584,0.966930,0.000046
2022-02-28 23:00:00,2453.702838,0.497934,0.951984,0.000128
2022-03-01 00:00:00,2408.535044,0.488981,0.943075,0.000048
2022-03-01 01:00:00,2433.668267,0.463148,0.905550,0.000051
2022-03-01 02:00:00,2442.446496,0.435047,0.853482,0.000047
2022-03-01 03:00:00,2406.707621,0.412492,0.794187,0.000041
2022-03-01 04:00:00,2482.334157,0.392729,0.727546,0.000045
2022-03-01 05:00:00,2867.876629,0.340376,0.620023,0.000038
2022-03-01 06:00:00,3167.575204,0.267973,0.525777,0.010078
2022-03-01 07:00:00,3236.530387,0.204667,0.442566,0.039077
2022-03-01 08:00:00,3248.208653,0.145359,0.382590,0.078476
2022-03-01 09:00:00,3278.621255,0.103347,0.323015,0.111936
2022-03-01 10:00:00,3227.400955,0.059221,0.211360,0.133320
2022-03-01 11:00:00,3190.814972,0.030931,0.105800,0.162508
2022-03-01 12:00:00,3196.898872,0.017204,0.068376,0.201395
2022-03-01 13:00:00,3155.224760,0.017465,0.087649,0.232891
2022-03-01 14:00:00,3052.238842,0.017421,0.129130,0.165833
2022-03-01 15:00:00,3043.736344,0.021099,0.111662,0.099945
2022-03-01 16:00:00,3198.947853,0.019874,0.074282,0.025569
2022-03-01 17:00:00,3199.139971,0.023153,0.026663,0.000217
2022-03-01 18:00:00,3040.453478,0.039036,0.012609,0.000097
2022-03-01 19:00:00,2876.751116,0.041537,0.011842,0.000056
2022-03-01 20:00:00,2709.565034,0.033859,0.018541,0.000049
2022-03-01 21:00:00,2582.446121,0.032944,0.031784,0.000045
2022-03-01 22:00:00,2440.235647,0.031586,0.032642,0.000045
2022-03-01 23:00:00,2339.066245,0.039115,0.034247,0.000038
2022-03-02 00:00:00,2286.231401,0.045326,0.064660,0.000041
2022-03-02 01:00:00,2276.906180,0.036847,0.059770,0.000051
2022-03-02 02:00:00,2281.411315,0.035471,0.062536,0.000039
2022-03-02 03:00:00,2324.054989,0.036864,0.061887,0.000037
2022-03-02 04:00:00,2472.034027,0.048585,0.054011,0.000043
2022-03-02 05:00:00,2845.564533,0.051591,0.058879,0.000070
2022-03-02 06:00:00,3184.583902,0.044602,0.060885,0.011415
2022-03-02 07:00:00,3297.089323,0.049431,0.049183,0.089836
2022-03-02 08:00:00,3290.961536,0.037717,0.046351,0.240716
2022-03-02 09:00:00,3325.163038,0.023341,0.030135,0.410617
2022-03-02 10:00:00,3307.630667,0.026029,0.019638,0.568346
2022-03-02 11:00:00,3206.654315,0.026202,0.018950,0.665614
2022-03-02 12:00:00,3178.731211,0.023821,0.020361,0.684137
2022-03-02 13:00:00,3085.765389,0.026952,0.018916,0.597853
2022-03-02 14:00:00,2962.502278,0.032043,0.023433,0.447741
2022-03-02 15:00:00,2904.819253,0.030231,0.026072,0.217687
2022-03-02 16:00:00,3054.315879,0.031840,0.027951,0.036182
2022-03-02 17:00:00,3125.476431,0.040804,0.038210,0.000311
2022-03-02 18:00:00,2988.461431,0.039759,0.037292,0.000210
2022-03-02 19:00:00,2843.867611,0.029804,0.087043,0.000222
2022-03-02 20:00:00,2705.188294,0.021727,0.057086,0.000123
2022-03-02 21:00:00,2556.315003,0.015855,0.030856,0.000107
2022-03-02 22:00:00,2425.561323,0.013816,0.019441,0.000109
2022-03-02 23:00:00,2321.761847,0.008727,0.022800,0.000083
2022-03-03 00:00:00,2272.140781,0.006430,0.010392,0.000129
2022-03-03 01:00:00,2260.569141,0.004895,0.017101,0.000140
2022-03-03 02:00:00,2262.075969,0.007702,0.009721,0.000140
2022-03-03 03:00:00,2318.823506,0.008990,0.024915,0.000132
2022-03-03 04:00:00,2472.578103,0.015503,0.023506,0.000129
2022-03-03 05:00:00,2868.189461,0.034189,0.021945,0.000123
2022-03-03 06:00:00,3182.589892,0.066461,0.024731,0.018512
2022-03-03 07:00:00,3311.408496,0.075114,0.012364,0.159033
2022-03-03 08:00:00,3310.074450,0.049072,0.039918,0.360050
2022-03-03 09:00:00,3245.007821,0.021541,0.043185,0.460815
2022-03-03 10:00:00,3195.520489,0.013836,0.042323,0.572615
2022-03-03 11:00:00,3110.554051,0.015467,0.049564,0.638583
2022-03-03 12:00:00,3076.157201,0.025733,0.041900,0.633508
2022-03-03 13:00:00,2984.567286,0.044572,0.015313,0.553746
2022-03-03 14:00:00,2874.870871,0.057308,0.013692,0.403865
2022-03-03 15:00:00,2862.467757,0.051117,0.022581,0.213015
2022-03-03 16:00:00,3022.088678,0.052816,0.044888,0.040163
2022-03-03 17:00:00,3080.167782,0.088577,0.094070,0.000247
2022-03-03 18:00:00,2978.634922,0.133206,0.163277,0.000157
2022-03-03 19:00:00,2837.434260,0.134856,0.222288,0.000157
2022-03-03 20:00:00,2701.188484,0.126317,0.305287,0.000119
2022-03-03 21:00:00,2565.637552,0.143392,0.391048,0.000099
2022-03-03 22:00:00,2420.328901,0.164915,0.347676,0.000062
2022-03-03 23:00:00,2311.511575,0.163403,0.227920,0.000051
2022-03-04 00:00:00,2273.134621,0.112473,0.199180,0.000049
2022-03-04 01:00:00,2259.263119,0.059344,0.165401,0.000061
2022-03-04 02:00:00,2256.015725,0.045609,0.120274,0.000054
2022-03-04 03:00:00,2316.570211,0.050596,0.088242,0.000048
2022-03-04 04:00:00,2460.857270,0.056198,0.074055,0.000048
2022-03-04 05:00:00,2852.124480,0.069446,0.054308,0.000053
2022-03-04 06:00:00,3175.474855,0.070880,0.093329,0.022421
2022-03-04 07:00:00,3243.256517,0.074593,0.073064,0.153952
2022-03-04 08:00:00,3187.294541,0.061328,0.070254,0.329861
2022-03-04 09:00:00,3183.395650,0.059917,0.087567,0.481307
2022-03-04 10:00:00,3122.685335,0.089524,0.076591,0.584232
2022-03-04 11:00:00,3008.298141,0.109250,0.045620,0.612475
2022-03-04 12:00:00,2919.967611,0.111798,0.049127,0.596833
2022-03-04 13:00:00,2795.267112,0.098305,0.048928,0.488361
2022-03-04 14:00:00,2712.988687,0.082315,0.060668,0.380715
2022-03-04 15:00:00,2727.755467,0.069241,0.077344,0.196051
2022-03-04 16:00:00,2892.306499,0.057476,0.072071,0.041632
2022-03-04 17:00:00,2951.787746,0.069531,0.064436,0.000282
2022-03-04 18:00:00,2795.991273,0.091753,0.070332,0.000107
2022-03-04 19:00:00,2637.049838,0.103556,0.055849,0.000087
2022-03-04 20:00:00,2519.923030,0.109620,0.098535,0.000067
2022-03-04 21:00:00,2411.890678,0.115317,0.196495,0.000058
2022-03-04 22:00:00,2315.654727,0.115727,0.274294,0.000045
2022-03-04 23:00:00,2238.551331,0.134391,0.329115,0.000043
2022-03-05 00:00:00,2185.938643,0.141824,0.351755,0.000041
2022-03-05 01:00:00,2148.164450,0.140906,0.308934,0.000038
2022-03-05 02:00:00,2138.011690,0.133079,0.242180,0.000035
2022-03-05 03:00:00,2154.142684,0.107823,0.214973,0.000032
2022-03-05 04:00:00,2202.416284,0.087839,0.169620,0.000033
2022-03-05 05:00:00,2328.253708,0.083080,0.163767,0.000042
2022-03-05 06:00:00,2483.760243,0.078195,0.191797,0.022035
2022-03-05 07:00:00,2605.544746,0.057434,0.195889,0.146262
2022-03-05 08:00:00,2653.804671,0.026687,0.176551,0.331385
2022-03-05 09:00:00,2649.637956,0.023208,0.119819,0.442537
2022-03-05 10:00:00,2616.502080,0.025484,0.091657,0.458561
2022-03-05 11:00:00,2563.558142,0.013682,0.039129,0.431912
2022-03-05 12:00:00,2530.125754,0.011134,0.005127,0.425527
2022-03-05 13:00:00,2483.956479,0.010092,0.000446,0.401386
2022-03-05 14:00:00,2457.565821,0.009515,0.000056,0.270522
2022-03-05 15:00:00,2530.427196,0.010562,0.000200,0.165401
2022-03-05 16:00:00,2713.435568,0.009203,0.000145,0.032963
2022-03-05 17:00:00,2806.105877,0.011006,0.000003,0.000213
2022-03-05 18:00:00,2649.724340,0.015804,0.001023,0.000100
2022-03-05 19:00:00,2521.925949,0.026112,0.002157,0.000088
2022-03-05 20:00:00,2401.812277,0.032781,0.018670,0.000082
2022-03-05 21:00:00,2311.888654,0.038859,0.034758,0.000055
2022-03-05 22:00:00,2230.765075,0.044492,0.064602,0.000045
2022-03-05 23:00:00,2159.915469,0.057291,0.075564,0.000037
2022-03-06 00:00:00,2108.800402,0.060776,0.053079,0.000037
2022-03-06 01:00:00,2086.296829,0.051239,0.039611,0.000038
2022-03-06 02:00:00,2059.733902,0.063440,0.042404,0.000035
2022-03-06 03:00:00,2071.765957,0.062680,0.061547,0.000035
2022-03-06 04:00:00,2110.792956,0.056966,0.075795,0.000035
2022-03-06 05:00:00,2217.586166,0.058853,0.089342,0.000086
2022-03-06 06:00:00,2361.994528,0.057974,0.109351,0.027516
2022-03-06 07:00:00,2488.613864,0.057825,0.084903,0.162791
2022-03-06 08:00:00,2536.258539,0.044890,0.096297,0.351332
2022-03-06 09:00:00,2545.535853,0.044552,0.171516,0.515368
2022-03-06 10:00:00,2518.261235,0.044509,0.165538,0.627026
2022-03-06 11:00:00,2462.251554,0.044080,0.115354,0.674569
2022-03-06 12:00:00,2429.731539,0.048093,0.092320,0.659847
2022-03-06 13:00:00,2395.613552,0.062021,0.154705,0.576857
2022-03-06 14:00:00,2352.215871,0.066039,0.212090,0.430382
2022-03-06 15:00:00,2442.038256,0.065919,0.221015,0.239045
2022-03-06 16:00:00,2690.154584,0.056258,0.220776,0.057054
2022-03-06 17:00:00,2781.191900,0.054137,0.210617,0.000468
2022-03-06 18:00:00,2676.956913,0.051455,0.172013,0.000100
2022-03-06 19:00:00,2545.549989,0.038719,0.111306,0.000084
2022-03-06 20:00:00,2431.634465,0.028167,0.076349,0.000069
2022-03-06 21:00:00,2333.541448,0.018844,0.044220,0.000061
2022-03-06 22:00:00,2231.061362,0.014588,0.043419,0.000048
2022-03-06 23:00:00,2187.428507,0.010877,0.029896,0.000042
2022-03-07 00:00:00,2163.589310,0.014023,0.030044,0.000042
2022-03-07 01:00:00,2158.061811,0.012913,0.034680,0.000041
2022-03-07 02:00:00,2175.430331,0.013180,0.029789,0.000043
2022-03-07 03:00:00,2239.525157,0.009975,0.016094,0.000071
2022-03-07 04:00:00,2411.686697,0.012245,0.009166,0.000085
2022-03-07 05:00:00,2799.451257,0.015685,0.007508,0.000179
2022-03-07 06:00:00,3138.950455,0.022717,0.009085,0.033166
2022-03-07 07:00:00,3191.989312,0.028158,0.011716,0.178697
2022-03-07 08:00:00,3141.543006,0.023911,0.018773,0.364759
2022-03-07 09:00:00,3161.156274,0.010956,0.020631,0.519479
2022-03-07 10:00:00,3113.549881,0.017498,0.012873,0.617127
2022-03-07 11:00:00,3042.007933,0.020036,0.016443,0.642104
2022-03-07 12:00:00,3016.385706,0.019992,0.012338,0.627537
2022-03-07 13:00:00,2960.382629,0.030599,0.024979,0.559217
2022-03-07 14:00:00,2859.572769,0.045871,0.013960,0.421488
2022-03-07 15:00:00,2863.359911,0.048924,0.008939,0.239133
2022-03-07 16:00:00,3025.592164,0.041148,0.008418,0.057107
2022-03-07 17:00:00,3075.420895,0.041305,0.003781,0.001660
2022-03-07 18:00:00,2967.578329,0.041163,0.005421,0.000098
2022-03-07 19:00:00,2795.093471,0.046449,0.007887,0.000088
2022-03-07 20:00:00,2663.535828,0.060667,0.016832,0.000077
2022-03-07 21:00:00,2519.737097,0.058291,0.023147,0.000061
2022-03-07 22:00:00,2397.220555,0.047898,0.026220,0.000050
2022-03-07 23:00:00,2278.651905,0.034826,0.011668,0.000039
2022-03-08 00:00:00,2229.947548,0.029557,0.005757,0.000035
2022-03-08 01:00:00,2215.017341,0.029920,0.006878,0.000037
2022-03-08 02:00:00,2214.803116,0.040963,0.014321,0.000037
2022-03-08 03:00:00,2279.748272,0.041837,0.019995,0.000037
2022-03-08 04:00:00,2434.967464,0.036207,0.028165,0.000037
2022-03-08 05:00:00,2813.501518,0.037019,0.030804,0.000093
2022-03-08 06:00:00,3098.027143,0.049722,0.036593,0.021175
2022-03-08 07:00:00,3180.896321,0.056955,0.065477,0.106375
2022-03-08 08:00:00,3163.952478,0.046852,0.065461,0.216729
2022-03-08 09:00:00,3156.758809,0.041275,0.054710,0.406258
2022-03-08 10:00:00,3129.719426,0.039299,0.049451,0.584097
2022-03-08 11:00:00,3063.967984,0.035111,0.043419,0.671663
2022-03-08 12:00:00,3043.167339,0.026835,0.016649,0.681908
2022-03-08 13:00:00,2964.191633,0.015125,0.013316,0.598021
2022-03-08 14:00:00,2846.630224,0.006086,0.021160,0.450667
2022-03-08 15:00:00,2797.122278,0.002697,0.043632,0.242980
2022-03-08 16:00:00,2970.629573,0.002649,0.061174,0.064097
2022-03-08 17:00:00,3003.494181,0.002994,0.081046,0.001029
2022-03-08 18:00:00,2916.337015,0.018094,0.107052,0.000101
2022-03-08 19:00:00,2754.988302,0.036357,0.189376,0.000094
2022-03-08 20:00:00,2628.734195,0.069919,0.258160,0.000081
2022-03-08 21:00:00,2492.274335,0.097761,0.354215,0.000068
2022-03-08 22:00:00,2367.420786,0.102141,0.381420,0.000055
2022-03-08 23:00:00,2272.382451,0.105780,0.352711,0.000046
2022-03-09 00:00:00,2232.650641,0.105855,0.251074,0.000050
2022-03-09 01:00:00,2221.376406,0.115770,0.208510,0.000051
2022-03-09 02:00:00,2225.314958,0.122989,0.240215,0.000044
2022-03-09 03:00:00,2290.601187,0.121280,0.260794,0.000054
2022-03-09 04:00:00,2436.624446,0.129053,0.201455,0.000054
2022-03-09 05:00:00,2789.554837,0.143562,0.224636,0.000225
2022-03-09 06:00:00,3101.872809,0.142263,0.268470,0.035568
2022-03-09 07:00:00,3192.125844,0.106923,0.197170,0.157852
2022-03-09 08:00:00,3192.178161,0.067128,0.213057,0.344713
2022-03-09 09:00:00,3201.676547,0.052829,0.194964,0.483124
2022-03-09 10:00:00,3170.208501,0.070568,0.212850,0.572250
2022-03-09 11:00:00,3092.247286,0.116558,0.212050,0.608732
2022-03-09 12:00:00,3129.386667,0.133089,0.198559,0.600401
2022-03-09 13:00:00,3067.381757,0.133256,0.312901,0.540935
2022-03-09 14:00:00,2975.123582,0.154087,0.338012,0.410872
2022-03-09 15:00:00,2885.994227,0.164186,0.290903,0.226749
2022-03-09 16:00:00,3064.258346,0.163178,0.278158,0.063992
2022-03-09 17:00:00,3100.138251,0.182568,0.237337,0.001347
2022-03-09 18:00:00,3013.720970,0.240572,0.423933,0.000118
2022-03-09 19:00:00,2857.515229,0.233576,0.526130,0.000119
2022-03-09 20:00:00,2730.587748,0.216820,0.545871,0.000101
2022-03-09 21:00:00,2575.327134,0.250748,0.617051,0.000088
2022-03-09 22:00:00,2494.080192,0.307633,0.734189,0.000081
2022-03-09 23:00:00,2358.824878,0.317356,0.757170,0.000082
2022-03-10 00:00:00,2363.307447,0.321182,0.799592,0.000068
2022-03-10 01:00:00,2497.628599,0.346859,0.824315,0.000060
2022-03-10 02:00:00,2684.700406,0.363320,0.790054,0.000038
2022-03-10 03:00:00,2721.860347,0.365794,0.817935,0.000027
2022-03-10 04:00:00,2758.949530,0.393590,0.800304,0.000028
2022-03-10 05:00:00,3126.077297,0.424001,0.777870,0.000211
2022-03-10 06:00:00,3292.019291,0.427905,0.819453,0.033406
2022-03-10 07:00:00,3405.399473,0.404353,0.858279,0.155143
2022-03-10 08:00:00,3373.612537,0.410077,0.845599,0.316230
2022-03-10 09:00:00,3437.557812,0.408741,0.824783,0.459362
2022-03-10 10:00:00,3483.412006,0.380088,0.826589,0.579574
2022-03-10 11:00:00,3195.376450,0.374229,0.830268,0.647587
2022-03-10 12:00:00,3132.180650,0.408992,0.844266,0.658914
2022-03-10 13:00:00,3130.392170,0.465586,0.805498,0.583665
2022-03-10 14:00:00,3392.076886,0.502305,0.873701,0.446265
2022-03-10 15:00:00,3445.070279,0.374984,0.882694,0.250601
2022-03-10 16:00:00,3574.839500,0.389479,0.919931,0.066893
2022-03-10 17:00:00,3532.041549,0.455398,0.950369,0.001146
2022-03-10 18:00:00,3157.191118,0.473295,0.955125,0.000135
2022-03-10 19:00:00,3302.677767,0.408071,0.952241,0.000115
2022-03-10 20:00:00,3117.612582,0.428521,0.930814,0.000064
2022-03-10 21:00:00,3051.974403,0.355663,0.749615,0.000053
2022-03-10 22:00:00,2905.826383,0.336238,0.733465,0.000050
2022-03-10 23:00:00,2819.679047,0.286194,0.599988,0.000040
2022-03-11 00:00:00,2803.955896,0.243541,0.553453,0.000038
2022-03-11 01:00:00,2727.194760,0.254748,0.503746,0.000029
2022-03-11 02:00:00,2731.804742,0.279002,0.487285,0.000027
2022-03-11 03:00:00,2805.048659,0.293709,0.524571,0.000030
2022-03-11 04:00:00,2959.830305,0.307965,0.522278,0.000035
2022-03-11 05:00:00,3260.055026,0.426669,0.517549,0.000502
2022-03-11 06:00:00,3491.215313,0.442580,0.887270,0.046359
2022-03-11 07:00:00,3474.869925,0.578330,0.951152,0.216833
2022-03-11 08:00:00,3326.280474,0.618972,0.965641,0.431765
2022-03-11 09:00:00,3573.666924,0.676460,0.935479,0.602903
2022-03-11 10:00:00,3659.496779,0.676859,0.944821,0.705283
2022-03-11 11:00:00,3596.644860,0.590654,0.887905,0.738594
2022-03-11 12:00:00,3514.717626,0.578822,0.717063,0.719004
2022-03-11 13:00:00,3376.378355,0.656970,0.740789,0.643240
2022-03-11 14:00:00,3214.744940,0.684988,0.934169,0.492909
2022-03-11 15:00:00,3231.585920,0.583801,0.850424,0.276678
2022-03-11 16:00:00,3366.157654,0.598802,0.594818,0.080113
2022-03-11 17:00:00,3422.414164,0.645869,0.587042,0.002756
2022-03-11 18:00:00,3275.815136,0.720319,0.565131,0.000108
2022-03-11 19:00:00,3160.647694,0.557568,0.702499,0.000092
2022-03-11 20:00:00,3015.858939,0.506948,0.764186,0.000079
2022-03-11 21:00:00,2866.202307,0.466765,0.692928,0.000060
2022-03-11 22:00:00,2748.522555,0.423190,0.808263,0.000052
2022-03-11 23:00:00,2670.181180,0.385731,0.792884,0.000042
2022-03-12 00:00:00,2590.411557,0.407642,0.468108,0.000037
2022-03-12 01:00:00,2523.834881,0.398498,0.414479,0.000035
2022-03-12 02:00:00,2494.991153,0.362365,0.545833,0.000035
2022-03-12 03:00:00,2549.772075,0.426450,0.518648,0.000036
2022-03-12 04:00:00,2615.316020,0.455711,0.501409,0.000033
2022-03-12 05:00:00,2735.602945,0.423334,0.565152,0.000689
2022-03-12 06:00:00,2849.995724,0.537643,0.539266,0.052656
2022-03-12 07:00:00,2948.739056,0.560130,0.722479,0.239486
2022-03-12 08:00:00,3036.578517,0.458702,0.863180,0.427722
2022-03-12 09:00:00,3038.334916,0.483357,0.892992,0.578720
2022-03-12 10:00:00,3024.596389,0.433875,0.899962,0.689985
2022-03-12 11:00:00,2958.075153,0.428900,0.876745,0.702970
2022-03-12 12:00:00,2894.497079,0.423483,0.895199,0.669278
2022-03-12 13:00:00,2806.971686,0.396145,0.846101,0.555565
2022-03-12 14:00:00,2596.262746,0.346617,0.794869,0.391879
2022-03-12 15:00:00,2420.406181,0.281300,0.773052,0.189775
2022-03-12 16:00:00,2590.661054,0.240955,0.747818,0.034599
2022-03-12 17:00:00,2670.047553,0.299730,0.669017,0.000636
2022-03-12 18:00:00,2576.655321,0.372936,0.617919,0.000082
2022-03-12 19:00:00,2682.939861,0.364116,0.706257,0.000070
2022-03-12 20:00:00,2706.753822,0.259751,0.737809,0.000063
2022-03-12 21:00:00,2647.764898,0.209041,0.651115,0.000057
2022-03-12 22:00:00,2497.677028,0.205850,0.822548,0.000048
2022-03-12 23:00:00,2402.537087,0.180439,0.781207,0.000036
2022-03-13 00:00:00,2099.708950,0.265515,0.667533,0.000029
2022-03-13 01:00:00,1982.034524,0.305542,0.671831,0.000026
2022-03-13 02:00:00,1986.909594,0.335073,0.771920,0.000029
2022-03-13 03:00:00,2194.689499,0.375329,0.867938,0.000048
2022-03-13 04:00:00,2185.115816,0.458007,0.888684,0.000061
2022-03-13 05:00:00,2349.629664,0.511902,0.936500,0.002435
2022-03-13 06:00:00,2363.011531,0.516915,0.942236,0.065945
2022-03-13 07:00:00,2476.551896,0.473104,0.923377,0.208295
2022-03-13 08:00:00,2565.052037,0.455246,0.881654,0.362844
2022-03-13 09:00:00,2881.343740,0.478028,0.890007,0.505938
2022-03-13 10:00:00,2969.387211,0.402078,0.860812,0.603972
2022-03-13 11:00:00,2741.541757,0.499877,0.838987,0.659882
2022-03-13 12:00:00,2827.495710,0.465092,0.836840,0.643106
2022-03-13 13:00:00,2811.656906,0.483293,0.837374,0.481089
2022-03-13 14:00:00,2823.773266,0.425029,0.916977,0.355297
2022-03-13 15:00:00,2834.291322,0.483483,0.923534,0.178341
2022-03-13 16:00:00,3046.203888,0.562895,0.920290,0.048161
2022-03-13 17:00:00,2865.645540,0.545384,0.935343,0.001381
2022-03-13 18:00:00,2708.218057,0.536893,0.947122,0.000098
2022-03-13 19:00:00,2579.257139,0.545234,0.907879,0.000075
2022-03-13 20:00:00,2849.032672,0.358485,0.844364,0.000058
2022-03-13 21:00:00,2706.301730,0.372534,0.884848,0.000049
2022-03-13 22:00:00,2613.319442,0.318759,0.865832,0.000046
2022-03-13 23:00:00,2579.939281,0.287898,0.533402,0.000044
2022-03-14 00:00:00,2516.197146,0.295185,0.626980,0.000033
2022-03-14 01:00:00,2456.881978,0.364156,0.889409,0.000031
2022-03-14 02:00:00,2484.521553,0.380717,0.911887,0.000028
2022-03-14 03:00:00,2559.708724,0.275618,0.841964,0.000027
2022-03-14 04:00:00,2564.358068,0.354625,0.869057,0.000041
2022-03-14 05:00:00,2954.900304,0.383219,0.825333,0.003991
2022-03-14 06:00:00,3003.364111,0.353998,0.765718,0.069875
2022-03-14 07:00:00,3086.412366,0.285150,0.688154,0.232712
2022-03-14 08:00:00,3064.558147,0.254016,0.534761,0.382234
2022-03-14 09:00:00,3069.017733,0.206212,0.444490,0.503604
2022-03-14 10:00:00,3034.720610,0.160053,0.345795,0.578405
2022-03-14 11:00:00,2959.526186,0.147603,0.329034,0.607416
2022-03-14 12:00:00,2945.661682,0.149273,0.321853,0.559006
2022-03-14 13:00:00,2886.987589,0.154120,0.259646,0.433223
2022-03-14 14:00:00,2807.680549,0.141085,0.188847,0.264616
2022-03-14 15:00:00,2825.512324,0.114249,0.136105,0.109086
2022-03-14 16:00:00,2981.551633,0.090014,0.099353,0.025171
2022-03-14 17:00:00,2987.231093,0.085114,0.107404,0.001060
2022-03-14 18:00:00,2866.690769,0.071030,0.095567,0.000095
2022-03-14 19:00:00,2709.367674,0.058235,0.086820,0.000083
2022-03-14 20:00:00,2557.417403,0.053765,0.142677,0.000070
2022-03-14 21:00:00,2384.369499,0.056460,0.160080,0.000055
2022-03-14 22:00:00,2239.330037,0.058605,0.112635,0.000050
2022-03-14 23:00:00,2152.175264,0.055160,0.101189,0.000038
2022-03-15 00:00:00,2107.771716,0.048193,0.126661,0.000030
2022-03-15 01:00:00,2091.526333,0.043983,0.140318,0.000027
2022-03-15 02:00:00,2086.217970,0.038724,0.068967,0.000024
2022-03-15 03:00:00,2142.575804,0.023863,0.047145,0.000026
2022-03-15 04:00:00,2290.710280,0.022396,0.029663,0.000026
2022-03-15 05:00:00,2662.237926,0.023305,0.039351,0.000199
2022-03-15 06:00:00,2983.869367,0.028655,0.054241,0.017344
2022-03-15 07:00:00,3100.516479,0.028100,0.055569,0.061155
2022-03-15 08:00:00,3103.394950,0.025758,0.046082,0.119024
2022-03-15 09:00:00,3131.609773,0.023904,0.039285,0.220979
2022-03-15 10:00:00,3125.951078,0.022359,0.065380,0.388140
2022-03-15 11:00:00,3048.374394,0.024236,0.084290,0.524185
2022-03-15 12:00:00,3000.286745,0.032190,0.079160,0.583031
2022-03-15 13:00:00,2919.247213,0.032240,0.056632,0.500931
2022-03-15 14:00:00,2810.742999,0.027240,0.037291,0.370412
2022-03-15 15:00:00,2778.014672,0.016430,0.026084,0.224988
2022-03-15 16:00:00,2956.466965,0.008691,0.025578,0.078618
2022-03-15 17:00:00,2974.458336,0.012672,0.025418,0.003840
2022-03-15 18:00:00,2893.428557,0.019259,0.040542,0.000083
2022-03-15 19:00:00,2745.521607,0.020972,0.049801,0.000078
2022-03-15 20:00:00,2607.287224,0.019812,0.032366,0.000075
2022-03-15 21:00:00,2447.085423,0.020737,0.035195,0.000050
2022-03-15 22:00:00,2299.345320,0.015682,0.064030,0.000044
2022-03-15 23:00:00,2203.963825,0.014757,0.099190,0.000035
2022-03-16 00:00:00,2164.652212,0.023729,0.100675,0.000032
2022-03-16 01:00:00,2152.065915,0.037454,0.088736,0.000029
2022-03-16 02:00:00,2158.743827,0.039811,0.093001,0.000039
2022-03-16 03:00:00,2209.085608,0.052567,0.104760,0.000029
2022-03-16 04:00:00,2365.557048,0.068282,0.110450,0.000032
2022-03-16 05:00:00,2715.561345,0.082110,0.139543,0.003809
2022-03-16 06:00:00,3031.788675,0.105143,0.192136,0.062192
2022-03-16 07:00:00,3168.248960,0.095877,0.233074,0.143985
2022-03-16 08:00:00,3184.165157,0.066154,0.249544,0.214108
2022-03-16 09:00:00,3140.300443,0.062208,0.211290,0.268079
2022-03-16 10:00:00,3158.154099,0.062413,0.322481,0.338943
2022-03-16 11:00:00,3083.191202,0.074020,0.248990,0.427839
2022-03-16 12:00:00,3072.199166,0.104888,0.272846,0.455347
2022-03-16 13:00:00,3008.614221,0.133469,0.313006,0.376078
2022-03-16 14:00:00,2909.346771,0.137442,0.345654,0.227047
2022-03-16 15:00:00,2922.942715,0.129199,0.433958,0.118719
2022-03-16 16:00:00,3101.627874,0.153085,0.514912,0.049800
2022-03-16 17:00:00,3092.738020,0.210820,0.622867,0.007635
2022-03-16 18:00:00,2994.473072,0.253503,0.647431,0.000124
2022-03-16 19:00:00,3190.029085,0.287870,0.675569,0.000108
2022-03-16 20:00:00,2688.390951,0.342750,0.720388,0.000114
2022-03-16 21:00:00,2509.265248,0.375268,0.756858,0.000117
2022-03-16 22:00:00,2376.253833,0.395167,0.774828,0.000115
2022-03-16 23:00:00,2496.585087,0.468289,0.876426,0.000100
2022-03-17 00:00:00,2420.674267,0.568027,0.905165,0.000100
2022-03-17 01:00:00,2437.199280,0.648976,0.956919,0.000093
2022-03-17 02:00:00,2528.456151,0.701224,0.976675,0.000073
2022-03-17 03:00:00,2800.076420,0.618128,0.947632,0.000172
2022-03-17 04:00:00,2976.690293,0.630905,0.980097,0.000178
2022-03-17 05:00:00,3303.107760,0.744669,0.973130,0.000224
2022-03-17 06:00:00,3206.010152,0.895512,0.985430,0.006880
2022-03-17 07:00:00,3338.839224,0.897405,0.986069,0.019616
2022-03-17 08:00:00,3355.206483,0.877934,0.985207,0.031164
2022-03-17 09:00:00,3438.827234,0.871476,0.958086,0.038132
2022-03-17 10:00:00,3452.356795,0.793808,0.958319,0.048289
2022-03-17 11:00:00,3278.929024,0.726342,0.976694,0.054100
2022-03-17 12:00:00,3278.081919,0.719828,0.961058,0.058584
2022-03-17 13:00:00,3453.650602,0.721319,0.957180,0.058793
2022-03-17 14:00:00,3586.593873,0.738464,0.917841,0.081202
2022-03-17 15:00:00,3078.630137,0.724944,0.910728,0.104309
2022-03-17 16:00:00,3190.553520,0.652349,0.916177,0.059259
2022-03-17 17:00:00,3157.047266,0.587106,0.772381,0.005647
2022-03-17 18:00:00,3064.761787,0.516041,0.785263,0.000177
2022-03-17 19:00:00,2912.623143,0.479262,0.840529,0.000192
2022-03-17 20:00:00,2741.027622,0.443566,0.809745,0.000113
2022-03-17 21:00:00,2577.522408,0.435127,0.735226,0.000071
2022-03-17 22:00:00,2421.706561,0.412303,0.684751,0.000105
2022-03-17 23:00:00,2333.565337,0.394386,0.682645,0.000090
2022-03-18 00:00:00,2257.587102,0.375019,0.687499,0.000073
2022-03-18 01:00:00,2213.938042,0.351750,0.624745,0.000092
2022-03-18 02:00:00,2196.884567,0.334308,0.494750,0.000096
2022-03-18 03:00:00,2242.562894,0.324972,0.450803,0.000115
2022-03-18 04:00:00,2373.249278,0.291826,0.382588,0.000134
2022-03-18 05:00:00,2690.752772,0.229490,0.303799,0.004171
2022-03-18 06:00:00,2988.297058,0.193894,0.298275,0.070043
2022-03-18 07:00:00,3053.930814,0.158871,0.335133,0.257989
2022-03-18 08:00:00,3035.475480,0.201039,0.273666,0.466039
2022-03-18 09:00:00,3086.461018,0.277500,0.240495,0.616031
2022-03-18 10:00:00,3057.988465,0.344960,0.240405,0.717603
2022-03-18 11:00:00,2941.275655,0.405288,0.199785,0.760030
2022-03-18 12:00:00,2858.994001,0.398738,0.225584,0.754481
2022-03-18 13:00:00,2727.943322,0.379262,0.258285,0.686244
2022-03-18 14:00:00,2636.613579,0.323507,0.281970,0.538957
2022-03-18 15:00:00,2622.652406,0.239788,0.254703,0.327423
2022-03-18 16:00:00,2740.001495,0.138500,0.247609,0.110128
2022-03-18 17:00:00,2771.444840,0.078233,0.189297,0.007685
2022-03-18 18:00:00,2686.364700,0.068506,0.147864,0.000096
2022-03-18 19:00:00,2517.307100,0.055905,0.139788,0.000078
2022-03-18 20:00:00,2387.571283,0.042071,0.097140,0.000073
2022-03-18 21:00:00,2323.942647,0.038073,0.069819,0.000054
2022-03-18 22:00:00,2293.084081,0.031248,0.060190,0.000044
2022-03-18 23:00:00,2118.071791,0.026600,0.052222,0.000037
2022-03-19 00:00:00,2063.943133,0.020563,0.059434,0.000033
2022-03-19 01:00:00,2231.150155,0.020351,0.052415,0.000034
2022-03-19 02:00:00,2420.518960,0.026459,0.030513,0.000035
2022-03-19 03:00:00,2355.013175,0.031527,0.032049,0.000033
2022-03-19 04:00:00,2333.994068,0.041729,0.044393,0.000034
2022-03-19 05:00:00,2284.289235,0.044251,0.086863,0.005360
2022-03-19 06:00:00,2364.146880,0.051334,0.082146,0.081721
2022-03-19 07:00:00,2531.567535,0.036620,0.070303,0.262550
2022-03-19 08:00:00,2552.625146,0.014583,0.046807,0.478548
2022-03-19 09:00:00,2550.220084,0.011637,0.025797,0.652537
2022-03-19 10:00:00,2503.776718,0.023817,0.018527,0.745355
2022-03-19 11:00:00,2915.326670,0.040873,0.003534,0.763201
2022-03-19 12:00:00,2979.144537,0.047182,0.002190,0.749715
2022-03-19 13:00:00,2848.254247,0.070812,0.020259,0.687249
2022-03-19 14:00:00,2853.585699,0.078252,0.036915,0.540240
2022-03-19 15:00:00,2438.867501,0.098596,0.075579,0.337117
2022-03-19 16:00:00,2552.123128,0.099432,0.145570,0.115046
2022-03-19 17:00:00,2637.415038,0.106050,0.166736,0.008643
2022-03-19 18:00:00,2603.605514,0.135839,0.301092,0.000114
2022-03-19 19:00:00,2414.445271,0.152594,0.431539,0.000106
2022-03-19 20:00:00,2449.591412,0.153306,0.449569,0.000109
2022-03-19 21:00:00,2265.063404,0.186250,0.514112,0.000074
2022-03-19 22:00:00,2207.191941,0.214687,0.546263,0.000052
2022-03-19 23:00:00,2045.929848,0.228683,0.541014,0.000037
2022-03-20 00:00:00,2021.367945,0.248494,0.621873,0.000033
2022-03-20 01:00:00,2019.265850,0.258476,0.582978,0.000038
2022-03-20 02:00:00,2128.921507,0.260212,0.649881,0.000037
2022-03-20 03:00:00,2166.431310,0.233026,0.647263,0.000029
2022-03-20 04:00:00,2209.551765,0.234476,0.603625,0.000029
2022-03-20 05:00:00,2279.256734,0.235567,0.569749,0.006983
2022-03-20 06:00:00,2567.844329,0.252687,0.472787,0.087895
2022-03-20 07:00:00,2674.905584,0.235353,0.586951,0.252813
2022-03-20 08:00:00,2748.987276,0.256668,0.466642,0.463841
2022-03-20 09:00:00,2798.126197,0.344800,0.367210,0.625011
2022-03-20 10:00:00,2818.131794,0.438902,0.486325,0.724069
2022-03-20 11:00:00,2862.822898,0.514104,0.452229,0.765830
2022-03-20 12:00:00,2790.742796,0.545339,0.125547,0.760732
2022-03-20 13:00:00,2730.588603,0.597077,0.168265,0.688468
2022-03-20 14:00:00,2701.920285,0.688189,0.325232,0.540986
2022-03-20 15:00:00,2979.775918,0.683901,0.788867,0.324869
2022-03-20 16:00:00,3162.064997,0.519854,0.895920,0.112587
2022-03-20 17:00:00,3210.429517,0.460542,0.781250,0.009895
2022-03-20 18:00:00,3141.216127,0.439095,0.747817,0.000141
2022-03-20 19:00:00,3042.918395,0.420412,0.693383,0.000101
2022-03-20 20:00:00,2941.513016,0.371948,0.650276,0.000087
2022-03-20 21:00:00,2710.581414,0.401423,0.532166,0.000059
2022-03-20 22:00:00,2584.826843,0.429299,0.664974,0.000048
2022-03-20 23:00:00,2518.197117,0.450677,0.756296,0.000038
2022-03-21 00:00:00,2404.244705,0.414119,0.927345,0.000036
2022-03-21 01:00:00,2379.653394,0.377764,0.926261,0.000033
2022-03-21 02:00:00,2360.585414,0.362697,0.945709,0.000035
2022-03-21 03:00:00,2401.756898,0.376880,0.929741,0.000059
2022-03-21 04:00:00,2665.079756,0.310235,0.832225,0.000076
2022-03-21 05:00:00,2935.223848,0.379449,0.806172,0.006405
2022-03-21 06:00:00,3087.564972,0.341721,0.808409,0.071297
2022-03-21 07:00:00,3052.643859,0.301187,0.751489,0.182012
2022-03-21 08:00:00,3017.532608,0.298385,0.649539,0.315911
2022-03-21 09:00:00,3039.262315,0.297393,0.562901,0.477558
2022-03-21 10:00:00,3034.355301,0.289572,0.507925,0.652128
2022-03-21 11:00:00,2964.354881,0.276534,0.413037,0.689485
2022-03-21 12:00:00,2950.803729,0.240867,0.430156,0.685328
2022-03-21 13:00:00,2891.022231,0.218231,0.404989,0.585192
2022-03-21 14:00:00,2877.712098,0.189370,0.388362,0.440808
2022-03-21 15:00:00,2969.457862,0.185109,0.385120,0.262387
2022-03-21 16:00:00,2961.208375,0.163303,0.378175,0.096193
2022-03-21 17:00:00,2926.133161,0.157458,0.380030,0.009319
2022-03-21 18:00:00,2876.333172,0.161148,0.365778,0.000105
2022-03-21 19:00:00,2711.536641,0.165745,0.336394,0.000099
2022-03-21 20:00:00,2558.181008,0.150151,0.265212,0.000087
2022-03-21 21:00:00,2414.933896,0.124120,0.280682,0.000074
2022-03-21 22:00:00,2281.765642,0.090968,0.226723,0.000056
2022-03-21 23:00:00,2181.611488,0.064904,0.185719,0.000054
2022-03-22 00:00:00,2146.332272,0.043033,0.118928,0.000051
2022-03-22 01:00:00,2125.226813,0.028560,0.066829,0.000046
2022-03-22 02:00:00,2130.921734,0.018974,0.038079,0.000039
2022-03-22 03:00:00,2191.610458,0.010514,0.028854,0.000046
2022-03-22 04:00:00,2366.603797,0.006639,0.022662,0.000060
2022-03-22 05:00:00,2703.026621,0.004669,0.013563,0.008316
2022-03-22 06:00:00,2991.327292,0.003755,0.002518,0.096949
2022-03-22 07:00:00,3068.751428,0.001726,0.000894,0.271917
2022-03-22 08:00:00,3022.762429,0.000260,0.001389,0.455801
2022-03-22 09:00:00,3027.841333,0.000245,0.008214,0.581623
2022-03-22 10:00:00,2998.290694,0.000706,0.007584,0.658414
2022-03-22 11:00:00,2933.550593,0.001778,0.002457,0.675372
2022-03-22 12:00:00,2929.851915,0.005733,0.000955,0.657488
2022-03-22 13:00:00,2861.844469,0.010382,0.012751,0.572384
2022-03-22 14:00:00,2725.127957,0.016213,0.037968,0.439913
2022-03-22 15:00:00,2702.338648,0.022778,0.076379,0.242702
2022-03-22 16:00:00,2892.188272,0.026148,0.107516,0.100195
2022-03-22 17:00:00,2875.243283,0.037741,0.156849,0.010958
2022-03-22 18:00:00,2827.323805,0.053986,0.191328,0.000147
2022-03-22 19:00:00,2682.335614,0.061323,0.171758,0.000120
2022-03-22 20:00:00,2523.758788,0.063770,0.134740,0.000074
2022-03-22 21:00:00,2376.136204,0.059048,0.107272,0.000049
2022-03-22 22:00:00,2246.785707,0.060439,0.093420,0.000042
2022-03-22 23:00:00,2165.748667,0.062267,0.085861,0.000035
2022-03-23 00:00:00,2118.190638,0.060856,0.064893,0.000029
2022-03-23 01:00:00,2093.660618,0.067006,0.056701,0.000038
2022-03-23 02:00:00,2087.740336,0.070798,0.057610,0.000032
2022-03-23 03:00:00,2151.443853,0.077975,0.070837,0.000030
2022-03-23 04:00:00,2305.152652,0.082841,0.087268,0.000041
2022-03-23 05:00:00,2645.659586,0.083064,0.056076,0.008719
2022-03-23 06:00:00,2943.733242,0.073527,0.040157,0.078575
2022-03-23 07:00:00,3031.438400,0.042659,0.029372,0.225955
2022-03-23 08:00:00,2999.219618,0.013542,0.017542,0.412207
2022-03-23 09:00:00,3026.401451,0.006298,0.009836,0.582582
2022-03-23 10:00:00,2994.757428,0.004035,0.002663,0.694247
2022-03-23 11:00:00,2941.923026,0.002471,0.001222,0.723527
2022-03-23 12:00:00,2937.823942,0.001687,0.000778,0.700831
2022-03-23 13:00:00,2872.703011,0.002814,0.001685,0.620803
2022-03-23 14:00:00,2766.497409,0.004813,0.009790,0.486615
2022-03-23 15:00:00,2730.457813,0.006400,0.035687,0.290006
2022-03-23 16:00:00,2872.217513,0.008191,0.054884,0.109091
2022-03-23 17:00:00,2851.692463,0.017579,0.072177,0.012065
2022-03-23 18:00:00,2815.483737,0.030005,0.088267,0.000224
2022-03-23 19:00:00,2673.707944,0.031633,0.104506,0.000157
2022-03-23 20:00:00,2525.036447,0.025338,0.100807,0.000146
2022-03-23 21:00:00,2383.323191,0.020238,0.054356,0.000132
2022-03-23 22:00:00,2252.203308,0.018081,0.025655,0.000129
2022-03-23 23:00:00,2172.493449,0.019140,0.015629,0.000122
2022-03-24 00:00:00,2144.856248,0.025343,0.017411,0.000102
2022-03-24 01:00:00,2154.702903,0.033962,0.020247,0.000087
2022-03-24 02:00:00,2119.322857,0.044495,0.031750,0.000101
2022-03-24 03:00:00,2185.722562,0.061148,0.033216,0.000121
2022-03-24 04:00:00,2341.941835,0.065995,0.025849,0.000113
2022-03-24 05:00:00,2651.619427,0.071861,0.021218,0.013308
2022-03-24 06:00:00,2943.658569,0.081189,0.018981,0.107287
2022-03-24 07:00:00,3030.163008,0.055957,0.024882,0.280987
2022-03-24 08:00:00,3010.843652,0.031634,0.027007,0.468906
2022-03-24 09:00:00,3022.150171,0.031990,0.030381,0.612256
2022-03-24 10:00:00,3009.578032,0.039345,0.027563,0.704134
2022-03-24 11:00:00,2927.315254,0.058825,0.024828,0.734046
2022-03-24 12:00:00,2924.301251,0.073820,0.012002,0.712291
2022-03-24 13:00:00,2868.773721,0.086829,0.016603,0.631990
2022-03-24 14:00:00,2756.284755,0.117713,0.045873,0.490461
2022-03-24 15:00:00,2728.610836,0.143801,0.062597,0.293128
2022-03-24 16:00:00,2850.341669,0.139609,0.094094,0.108023
2022-03-24 17:00:00,2832.881868,0.144180,0.127596,0.013076
2022-03-24 18:00:00,2803.038332,0.146063,0.216157,0.000234
2022-03-24 19:00:00,2660.792333,0.167571,0.223624,0.000180
2022-03-24 20:00:00,2521.563374,0.172564,0.241283,0.000131
2022-03-24 21:00:00,2373.930844,0.174217,0.239075,0.000152
2022-03-24 22:00:00,2225.875973,0.162246,0.257134,0.000127
2022-03-24 23:00:00,2126.697715,0.152197,0.191571,0.000154
2022-03-25 00:00:00,2073.141438,0.137934,0.148039,0.000113
2022-03-25 01:00:00,2059.817771,0.147675,0.153682,0.000081
2022-03-25 02:00:00,2049.790964,0.153680,0.194178,0.000107
2022-03-25 03:00:00,2109.960511,0.181848,0.189309,0.000082
2022-03-25 04:00:00,2278.235183,0.207405,0.225157,0.000056
2022-03-25 05:00:00,2590.031496,0.242538,0.311023,0.011725
2022-03-25 06:00:00,2888.722390,0.242864,0.378665,0.093174
2022-03-25 07:00:00,2985.322090,0.218861,0.374119,0.277188
2022-03-25 08:00:00,2968.846158,0.208564,0.382495,0.462917
2022-03-25 09:00:00,2995.882339,0.268216,0.366999,0.586119
2022-03-25 10:00:00,2967.545793,0.360376,0.368163,0.692605
2022-03-25 11:00:00,2870.242981,0.436801,0.354389,0.737935
2022-03-25 12:00:00,2793.903962,0.487337,0.354141,0.735454
2022-03-25 13:00:00,2681.379682,0.521140,0.378886,0.667147
2022-03-25 14:00:00,2615.538309,0.553272,0.396832,0.525160
2022-03-25 15:00:00,2611.796109,0.562450,0.462276,0.327858
2022-03-25 16:00:00,2741.998879,0.552610,0.566898,0.127952
2022-03-25 17:00:00,2744.849003,0.524482,0.656364,0.017035
2022-03-25 18:00:00,2656.217562,0.493133,0.690671,0.000128
2022-03-25 19:00:00,2493.480978,0.469593,0.657976,0.000098
2022-03-25 20:00:00,2364.241902,0.487567,0.658954,0.000095
2022-03-25 21:00:00,2245.691366,0.529160,0.582642,0.000092
2022-03-25 22:00:00,2134.383870,0.575101,0.686579,0.000084
2022-03-25 23:00:00,2191.503487,0.598537,0.784465,0.000064
2022-03-26 00:00:00,2186.874429,0.631705,0.790784,0.000056
2022-03-26 01:00:00,2064.974141,0.660118,0.860213,0.000054
2022-03-26 02:00:00,2270.858475,0.661672,0.910000,0.000055
2022-03-26 03:00:00,2335.514178,0.594552,0.920404,0.000052
2022-03-26 04:00:00,2403.421112,0.495220,0.841639,0.000048
2022-03-26 05:00:00,2493.424456,0.413553,0.775898,0.007576
2022-03-26 06:00:00,2617.094286,0.335203,0.752612,0.066692
2022-03-26 07:00:00,2480.428690,0.390337,0.686638,0.220722
2022-03-26 08:00:00,2460.960305,0.336986,0.594250,0.447486
2022-03-26 09:00:00,2477.645221,0.323100,0.468518,0.646469
2022-03-26 10:00:00,2440.044469,0.265777,0.454724,0.754787
2022-03-26 11:00:00,2425.398025,0.200823,0.406592,0.774209
2022-03-26 12:00:00,2349.264214,0.167738,0.316459,0.767977
2022-03-26 13:00:00,2286.604921,0.148036,0.260633,0.695933
2022-03-26 14:00:00,2191.540494,0.124390,0.270348,0.560670
2022-03-26 15:00:00,2216.735034,0.095814,0.307705,0.362184
2022-03-26 16:00:00,2376.029801,0.070987,0.291849,0.140899
2022-03-26 17:00:00,2416.374378,0.055168,0.296957,0.018069
2022-03-26 18:00:00,2387.821497,0.059236,0.274615,0.000165
2022-03-26 19:00:00,2285.931653,0.042896,0.221860,0.000107
2022-03-26 20:00:00,2174.129640,0.025391,0.166434,0.000096
2022-03-26 21:00:00,2065.361676,0.015176,0.112804,0.000091
2022-03-26 22:00:00,1970.313504,0.013525,0.116886,0.000061
2022-03-26 23:00:00,1904.430889,0.023195,0.141888,0.000056
2022-03-27 00:00:00,1865.732705,0.041615,0.124955,0.000047
2022-03-27 01:00:00,1849.563327,0.073367,0.104775,0.000041
2022-03-27 02:00:00,1857.693438,0.114221,0.156563,0.000042
2022-03-27 03:00:00,1897.573818,0.145677,0.179171,0.000039
2022-03-27 04:00:00,1977.493565,0.174731,0.209854,0.000037
2022-03-27 05:00:00,2070.189278,0.212967,0.294708,0.016755
2022-03-27 06:00:00,2202.382717,0.268490,0.321257,0.111841
2022-03-27 07:00:00,2296.168801,0.340699,0.417430,0.239239
2022-03-27 08:00:00,2350.386334,0.441112,0.371246,0.338082
2022-03-27 09:00:00,2377.962801,0.494835,0.517095,0.402403
2022-03-27 10:00:00,2373.199530,0.521463,0.608471,0.496025
2022-03-27 11:00:00,2405.173757,0.532713,0.592874,0.610452
2022-03-27 12:00:00,2376.355059,0.536720,0.468833,0.651746
2022-03-27 13:00:00,2349.004989,0.538960,0.517460,0.588882
2022-03-27 14:00:00,2313.424884,0.524619,0.481253,0.488368
2022-03-27 15:00:00,2475.982991,0.493498,0.570011,0.321907
2022-03-27 16:00:00,2523.041828,0.438981,0.628571,0.134285
2022-03-27 17:00:00,2435.682699,0.406523,0.562454,0.018300
2022-03-27 18:00:00,2427.853615,0.417284,0.542264,0.000121
2022-03-27 19:00:00,2347.749345,0.444005,0.625456,0.000103
2022-03-27 20:00:00,2234.893524,0.481825,0.606679,0.000103
2022-03-27 21:00:00,2148.279172,0.475256,0.552191,0.000089
2022-03-27 22:00:00,2032.387846,0.461917,0.527737,0.000077
2022-03-27 23:00:00,1986.360870,0.477824,0.485210,0.000076
2022-03-28 00:00:00,1985.784068,0.489182,0.521045,0.000054
2022-03-28 01:00:00,1984.087321,0.487032,0.551281,0.000049
2022-03-28 02:00:00,2041.281728,0.500776,0.610722,0.000053
2022-03-28 03:00:00,2208.422784,0.505957,0.702253,0.000060
2022-03-28 04:00:00,2570.183358,0.505269,0.709215,0.000090
2022-03-28 05:00:00,2897.703518,0.515111,0.801646,0.004774
2022-03-28 06:00:00,3050.017058,0.535829,0.776167,0.031261
2022-03-28 07:00:00,3061.523036,0.558690,0.650129,0.071948
2022-03-28 08:00:00,3113.814763,0.574357,0.582587,0.115103
2022-03-28 09:00:00,3168.230231,0.585104,0.560293,0.182790
2022-03-28 10:00:00,3246.321439,0.573477,0.520221,0.308707
2022-03-28 11:00:00,3321.426753,0.598440,0.495920,0.419763
2022-03-28 12:00:00,3268.586157,0.654218,0.543506,0.447549
2022-03-28 13:00:00,3350.656492,0.676368,0.635594,0.372046
2022-03-28 14:00:00,3175.333994,0.732801,0.692100,0.315275
2022-03-28 15:00:00,3121.676507,0.720110,0.714161,0.223671
2022-03-28 16:00:00,2975.366247,0.651701,0.711400,0.114339
2022-03-28 17:00:00,2772.335043,0.535359,0.755577,0.016577
2022-03-28 18:00:00,2717.999794,0.415941,0.835904,0.000091
2022-03-28 19:00:00,2589.413811,0.338034,0.896556,0.000078
2022-03-28 20:00:00,2454.627970,0.304601,0.850216,0.000066
2022-03-28 21:00:00,2303.466173,0.288688,0.796123,0.000063
2022-03-28 22:00:00,2195.677661,0.272894,0.725545,0.000052
2022-03-28 23:00:00,2152.312188,0.260030,0.705443,0.000042
2022-03-29 00:00:00,2120.321854,0.258311,0.691981,0.000035
2022-03-29 01:00:00,2112.351143,0.258504,0.656544,0.000041
2022-03-29 02:00:00,2165.690122,0.230830,0.634870,0.000050
2022-03-29 03:00:00,2321.808524,0.215759,0.627754,0.000089
2022-03-29 04:00:00,2693.474910,0.198667,0.590334,0.000109
2022-03-29 05:00:00,2993.397978,0.177996,0.573817,0.016812
2022-03-29 06:00:00,3095.362579,0.155490,0.566294,0.098500
2022-03-29 07:00:00,3069.281610,0.163886,0.564629,0.254506
2022-03-29 08:00:00,3094.298925,0.224130,0.517475,0.386750
2022-03-29 09:00:00,3067.160015,0.258678,0.492973,0.508015
2022-03-29 10:00:00,2991.981156,0.311135,0.429152,0.604875
2022-03-29 11:00:00,3041.060912,0.391234,0.371175,0.645756
2022-03-29 12:00:00,2955.511060,0.479862,0.287334,0.656477
2022-03-29 13:00:00,2836.074470,0.501203,0.251029,0.597802
2022-03-29 14:00:00,2779.986126,0.444027,0.232226,0.423090
2022-03-29 15:00:00,2915.633451,0.360774,0.271097,0.251549
2022-03-29 16:00:00,2863.488602,0.250372,0.239683,0.112113
2022-03-29 17:00:00,2738.738812,0.145918,0.217862,0.018445
2022-03-29 18:00:00,2715.666480,0.090157,0.223094,0.000138
2022-03-29 19:00:00,2590.755152,0.078172,0.272036,0.000091
2022-03-29 20:00:00,2452.585765,0.079831,0.323378,0.000070
2022-03-29 21:00:00,2298.094649,0.067087,0.220255,0.000059
2022-03-29 22:00:00,2200.982007,0.057702,0.203176,0.000054
2022-03-29 23:00:00,2168.990179,0.043639,0.167863,0.000043
2022-03-30 00:00:00,2142.230259,0.044121,0.155744,0.000037
2022-03-30 01:00:00,2145.784406,0.053268,0.186717,0.000039
2022-03-30 02:00:00,2203.474339,0.065374,0.254794,0.000041
2022-03-30 03:00:00,2353.948730,0.090791,0.260952,0.000057
2022-03-30 04:00:00,2719.616042,0.119510,0.194919,0.000101
2022-03-30 05:00:00,3016.313581,0.143341,0.147478,0.018138
2022-03-30 06:00:00,3119.149729,0.146259,0.148289,0.102831
2022-03-30 07:00:00,3097.354707,0.176765,0.154510,0.256531
2022-03-30 08:00:00,3127.754263,0.266148,0.194333,0.363140
2022-03-30 09:00:00,3113.118359,0.326592,0.247519,0.457573
2022-03-30 10:00:00,3056.577605,0.352446,0.358965,0.516293
2022-03-30 11:00:00,3060.084659,0.360474,0.505561,0.530895
2022-03-30 12:00:00,3000.575522,0.352908,0.423529,0.537734
2022-03-30 13:00:00,2894.182551,0.331126,0.357611,0.527773
2022-03-30 14:00:00,2931.006257,0.325632,0.219812,0.423082
2022-03-30 15:00:00,3058.074676,0.326986,0.156238,0.286836
2022-03-30 16:00:00,2974.313322,0.287162,0.210025,0.133733
2022-03-30 17:00:00,2820.148461,0.227849,0.361557,0.019263
2022-03-30 18:00:00,2811.794284,0.204966,0.589066,0.000212
2022-03-30 19:00:00,2688.984948,0.202699,0.613229,0.000113
2022-03-30 20:00:00,2546.814599,0.201034,0.657767,0.000108
2022-03-30 21:00:00,2403.417291,0.183679,0.639970,0.000136
2022-03-30 22:00:00,2302.691359,0.181440,0.633248,0.000127
2022-03-30 23:00:00,2254.010398,0.182438,0.634616,0.000117
2022-03-31 00:00:00,2292.891014,0.198628,0.578196,0.000104
2022-03-31 01:00:00,2248.369834,0.206364,0.564816,0.000100
2022-03-31 02:00:00,2271.744680,0.203407,0.586807,0.000102
2022-03-31 03:00:00,2429.343786,0.200277,0.592644,0.000096
2022-03-31 04:00:00,3005.412405,0.214552,0.535385,0.000200
2022-03-31 05:00:00,3443.700204,0.203206,0.566579,0.025828
2022-03-31 06:00:00,3405.690517,0.162120,0.570502,0.139757
2022-03-31 07:00:00,3459.795294,0.123587,0.518604,0.319792
2022-03-31 08:00:00,3574.502235,0.164535,0.399993,0.467353
2022-03-31 09:00:00,3587.183825,0.201561,0.381897,0.575617
2022-03-31 10:00:00,3545.491857,0.232283,0.344092,0.597490
2022-03-31 11:00:00,3068.057341,0.232585,0.274084,0.609145
2022-03-31 12:00:00,3018.584797,0.245694,0.256614,0.619391
2022-03-31 13:00:00,2887.134322,0.262644,0.226722,0.610315
2022-03-31 14:00:00,2892.073056,0.263652,0.254614,0.467756
2022-03-31 15:00:00,2925.117636,0.260504,0.345001,0.318482
2022-03-31 16:00:00,2909.217366,0.230394,0.452925,0.161833
2022-03-31 17:00:00,2911.400505,0.175189,0.462448,0.025596
2022-03-31 18:00:00,2792.837508,0.160247,0.578732,0.000191
2022-03-31 19:00:00,2667.044295,0.179548,0.600905,0.000110
2022-03-31 20:00:00,2524.597783,0.190254,0.588827,0.000069
2022-03-31 21:00:00,2379.132111,0.195671,0.541206,0.000060
2022-03-31 22:00:00,2285.268114,0.193025,0.502335,0.000055
2022-03-31 23:00:00,2249.991669,0.194485,0.398696,0.000048
2022-04-01 00:00:00,2223.792686,0.202774,0.335576,0.000047
2022-04-01 01:00:00,2222.691360,0.209559,0.323563,0.000042
2022-04-01 02:00:00,2259.573198,0.216260,0.286199,0.000040
2022-04-01 03:00:00,2411.958520,0.218314,0.327838,0.000041
2022-04-01 04:00:00,2754.154899,0.217459,0.361849,0.000179
2022-04-01 05:00:00,3036.324844,0.221127,0.359118,0.029139
2022-04-01 06:00:00,3115.850169,0.171918,0.328032,0.148332
2022-04-01 07:00:00,3071.112333,0.143781,0.258698,0.329837
2022-04-01 08:00:00,3089.706930,0.196333,0.228371,0.519268
2022-04-01 09:00:00,3042.322671,0.212966,0.200755,0.634645
2022-04-01 10:00:00,2930.502615,0.222798,0.157317,0.669093
2022-04-01 11:00:00,2846.839502,0.219476,0.114501,0.639646
2022-04-01 12:00:00,2749.095035,0.223916,0.223337,0.645399
2022-04-01 13:00:00,3017.992223,0.222005,0.405228,0.563591
2022-04-01 14:00:00,3082.102917,0.237578,0.582686,0.463246
2022-04-01 15:00:00,3050.952597,0.263495,0.665025,0.323561
2022-04-01 16:00:00,2922.989355,0.243913,0.711844,0.154199
2022-04-01 17:00:00,2706.388306,0.180266,0.753938,0.030196
2022-04-01 18:00:00,2617.237556,0.156036,0.696473,0.000245
2022-04-01 19:00:00,2472.694905,0.165852,0.626488,0.000079
2022-04-01 20:00:00,2359.154730,0.169991,0.550806,0.000068
2022-04-01 21:00:00,2269.823563,0.158184,0.483600,0.000062
2022-04-01 22:00:00,2320.382902,0.146673,0.411701,0.000055
2022-04-01 23:00:00,2414.230102,0.146441,0.279988,0.000045
2022-04-02 00:00:00,2440.775706,0.140796,0.164600,0.000039
2022-04-02 01:00:00,2126.247623,0.144898,0.154795,0.000039
2022-04-02 02:00:00,2362.469520,0.147595,0.163492,0.000039
2022-04-02 03:00:00,2391.499214,0.159075,0.160764,0.000038
2022-04-02 04:00:00,2409.864147,0.143579,0.144626,0.000390
2022-04-02 05:00:00,2395.031699,0.114929,0.150891,0.037497
2022-04-02 06:00:00,2504.497475,0.079365,0.140239,0.187951
2022-04-02 07:00:00,2570.879969,0.051428,0.105734,0.391784
2022-04-02 08:00:00,2616.283991,0.077202,0.076023,0.572091
2022-04-02 09:00:00,2755.738714,0.074671,0.044109,0.646175
2022-04-02 10:00:00,2648.581004,0.068634,0.028147,0.591995
2022-04-02 11:00:00,2459.123324,0.069628,0.029616,0.611492
2022-04-02 12:00:00,2402.104210,0.077701,0.053223,0.565250
2022-04-02 13:00:00,2362.413072,0.093477,0.088521,0.490650
2022-04-02 14:00:00,2371.293240,0.099487,0.094763,0.452156
2022-04-02 15:00:00,2493.955579,0.097310,0.100656,0.334281
2022-04-02 16:00:00,2507.687906,0.091134,0.076375,0.165682
2022-04-02 17:00:00,2408.130320,0.087321,0.088420,0.029943
2022-04-02 18:00:00,2397.057690,0.085680,0.122708,0.000172
2022-04-02 19:00:00,2336.664735,0.089402,0.102059,0.000078
2022-04-02 20:00:00,2235.771872,0.096051,0.116454,0.000070
2022-04-02 21:00:00,2145.868167,0.098797,0.233070,0.000059
2022-04-02 22:00:00,2281.618211,0.108502,0.220879,0.000053
2022-04-02 23:00:00,2108.106108,0.134410,0.311104,0.000049
2022-04-03 00:00:00,2206.412917,0.177503,0.471104,0.000047
2022-04-03 01:00:00,2151.062128,0.202426,0.452954,0.000039
2022-04-03 02:00:00,2345.192704,0.218937,0.477889,0.000034
2022-04-03 03:00:00,2123.405273,0.242081,0.544522,0.000044
2022-04-03 04:00:00,2177.887592,0.270345,0.548315,0.000404
2022-04-03 05:00:00,2278.247007,0.276213,0.509848,0.037658
2022-04-03 06:00:00,2389.564642,0.230451,0.513343,0.162302
2022-04-03 07:00:00,2447.022860,0.289245,0.539874,0.304555
2022-04-03 08:00:00,2457.008778,0.352935,0.557002,0.373854
2022-04-03 09:00:00,2465.367099,0.406316,0.596881,0.452633
2022-04-03 10:00:00,2435.416511,0.469608,0.504043,0.434755
2022-04-03 11:00:00,2476.160052,0.545488,0.491184,0.460995
2022-04-03 12:00:00,2852.839023,0.617209,0.459322,0.464821
2022-04-03 13:00:00,2921.909414,0.468964,0.442247,0.329916
2022-04-03 14:00:00,3007.700097,0.489243,0.577850,0.250453
2022-04-03 15:00:00,3182.755652,0.601456,0.777410,0.132004
2022-04-03 16:00:00,3157.735431,0.482963,0.883063,0.048048
2022-04-03 17:00:00,3067.415569,0.462039,0.893245,0.008118
2022-04-03 18:00:00,3009.183770,0.490677,0.906259,0.000104
2022-04-03 19:00:00,2930.042106,0.494082,0.890554,0.000091
2022-04-03 20:00:00,2754.664879,0.553331,0.884821,0.000079
2022-04-03 21:00:00,2715.045704,0.491089,0.906374,0.000064
2022-04-03 22:00:00,2577.052622,0.489306,0.928122,0.000061
2022-04-03 23:00:00,2543.115265,0.485585,0.959181,0.000052
2022-04-04 00:00:00,2424.070766,0.595927,0.953920,0.000047
2022-04-04 01:00:00,2467.076649,0.625674,0.928951,0.000048
2022-04-04 02:00:00,2571.125757,0.631033,0.935820,0.000052
2022-04-04 03:00:00,2718.555345,0.666678,0.933148,0.000051
2022-04-04 04:00:00,3076.757243,0.688796,0.955080,0.000071
2022-04-04 05:00:00,3372.001926,0.822539,0.969614,0.005348
2022-04-04 06:00:00,3555.029944,0.815855,0.965390,0.017038
2022-04-04 07:00:00,3739.104192,0.904217,0.955869,0.033620
2022-04-04 08:00:00,3830.936006,0.771667,0.923896,0.055988
2022-04-04 09:00:00,3800.083183,0.811483,0.959256,0.095325
2022-04-04 10:00:00,3766.301939,0.877542,0.936502,0.120913
2022-04-04 11:00:00,3746.347545,0.843298,0.931996,0.167523
2022-04-04 12:00:00,3585.018418,0.947083,0.930603,0.254056
2022-04-04 13:00:00,3575.785509,0.787034,0.917096,0.270000
2022-04-04 14:00:00,3591.903002,0.876074,0.920610,0.267171
2022-04-04 15:00:00,3624.075045,0.831693,0.950384,0.234577
2022-04-04 16:00:00,3390.458564,0.859502,0.948994,0.122632
2022-04-04 17:00:00,3319.443322,0.828201,0.939070,0.028174
2022-04-04 18:00:00,3265.192331,0.763052,0.870814,0.000355
2022-04-04 19:00:00,3150.920635,0.828202,0.871631,0.000124
2022-04-04 20:00:00,2978.313753,0.756533,0.875404,0.000101
2022-04-04 21:00:00,2911.106664,0.676572,0.927021,0.000088
2022-04-04 22:00:00,2690.562554,0.680089,0.935331,0.000100
2022-04-04 23:00:00,2558.975201,0.658950,0.959062,0.000070
2022-04-05 00:00:00,2639.585314,0.634375,0.902775,0.000065
2022-04-05 01:00:00,2513.022494,0.603672,0.935617,0.000088
2022-04-05 02:00:00,2414.499126,0.567518,0.903293,0.000071
2022-04-05 03:00:00,2501.552618,0.530372,0.797994,0.000069
2022-04-05 04:00:00,2774.954449,0.463313,0.818405,0.001410
2022-04-05 05:00:00,3058.015289,0.402773,0.758482,0.038759
2022-04-05 06:00:00,3142.305591,0.382798,0.647077,0.167362
2022-04-05 07:00:00,3122.710088,0.445768,0.578405,0.311081
2022-04-05 08:00:00,3167.000188,0.510225,0.502787,0.417601
2022-04-05 09:00:00,3122.079289,0.517870,0.388113,0.478258
2022-04-05 10:00:00,3078.232723,0.534869,0.495711,0.515136
2022-04-05 11:00:00,3064.191915,0.589976,0.462390,0.499297
2022-04-05 12:00:00,3016.435370,0.657973,0.509170,0.492088
2022-04-05 13:00:00,2928.847014,0.703158,0.514800,0.473549
2022-04-05 14:00:00,2962.798100,0.697835,0.459829,0.401312
2022-04-05 15:00:00,3058.634852,0.644776,0.471245,0.247957
2022-04-05 16:00:00,2957.489074,0.549529,0.492197,0.117465
2022-04-05 17:00:00,2835.617747,0.364486,0.430710,0.021783
2022-04-05 18:00:00,2766.215152,0.230629,0.385213,0.000211
2022-04-05 19:00:00,2648.784554,0.142590,0.330866,0.000075
2022-04-05 20:00:00,2483.850902,0.094677,0.279759,0.000067
2022-04-05 21:00:00,2340.020183,0.073514,0.209331,0.000061
2022-04-05 22:00:00,2244.724890,0.054837,0.147752,0.000067
2022-04-05 23:00:00,2208.170277,0.044899,0.141707,0.000050
2022-04-06 00:00:00,2185.429198,0.051770,0.145984,0.000042
2022-04-06 01:00:00,2217.885378,0.059256,0.254519,0.000027
2022-04-06 02:00:00,2254.965584,0.073582,0.468986,0.000029
2022-04-06 03:00:00,2412.421342,0.110055,0.429369,0.000030
2022-04-06 04:00:00,2780.231875,0.202267,0.609281,0.000058
2022-04-06 05:00:00,3127.434782,0.283880,0.759292,0.003851
2022-04-06 06:00:00,3262.063284,0.373798,0.748182,0.015767
2022-04-06 07:00:00,3287.765789,0.531985,0.852745,0.033109
2022-04-06 08:00:00,3397.027022,0.656118,0.946453,0.074938
2022-04-06 09:00:00,3357.855618,0.673309,0.981187,0.157483
2022-04-06 10:00:00,3329.439789,0.701635,0.934851,0.265331
2022-04-06 11:00:00,3341.694025,0.753962,0.981323,0.245273
2022-04-06 12:00:00,3248.167593,0.685943,0.940572,0.196477
2022-04-06 13:00:00,3155.824241,0.655101,0.931816,0.115464
2022-04-06 14:00:00,3167.540956,0.674561,0.843716,0.084902
2022-04-06 15:00:00,3232.457872,0.684000,0.946522,0.077059
2022-04-06 16:00:00,3092.586212,0.629274,0.948132,0.053529
2022-04-06 17:00:00,3061.374706,0.558731,0.861060,0.023832
2022-04-06 18:00:00,2827.343750,0.441456,0.730351,0.000176
2022-04-06 19:00:00,2698.507333,0.382080,0.777699,0.000037
2022-04-06 20:00:00,2603.604035,0.318708,0.632694,0.000035
2022-04-06 21:00:00,2497.297884,0.263368,0.512976,0.000035
2022-04-06 22:00:00,2766.052241,0.221294,0.624288,0.000029
2022-04-06 23:00:00,2765.758464,0.183866,0.524822,0.000026
2022-04-07 00:00:00,2707.218318,0.152014,0.248449,0.000022
2022-04-07 01:00:00,2459.159244,0.117523,0.261777,0.000017
2022-04-07 02:00:00,2413.131133,0.098242,0.390679,0.000018
2022-04-07 03:00:00,2521.773600,0.126571,0.554551,0.000023
2022-04-07 04:00:00,2828.381084,0.180655,0.589019,0.000076
2022-04-07 05:00:00,3079.639483,0.261063,0.623948,0.005812
2022-04-07 06:00:00,3227.212266,0.331286,0.662865,0.024976
2022-04-07 07:00:00,3386.864224,0.366798,0.402836,0.057902
2022-04-07 08:00:00,3438.944641,0.333029,0.485244,0.118209
2022-04-07 09:00:00,3498.555557,0.386153,0.678729,0.196629
2022-04-07 10:00:00,3602.051413,0.467129,0.776912,0.291833
2022-04-07 11:00:00,3356.056310,0.519295,0.718382,0.374291
2022-04-07 12:00:00,3238.017782,0.478078,0.697468,0.364814
2022-04-07 13:00:00,3085.156346,0.450673,0.616315,0.362813
2022-04-07 14:00:00,3086.277476,0.402520,0.505492,0.253054
2022-04-07 15:00:00,3236.920822,0.369216,0.514007,0.135257
2022-04-07 16:00:00,3130.455318,0.413600,0.682719,0.077557
2022-04-07 17:00:00,3140.387643,0.479638,0.538610,0.014991
2022-04-07 18:00:00,3109.831616,0.606763,0.696789,0.000281
2022-04-07 19:00:00,3140.980685,0.754506,0.883170,0.000128
2022-04-07 20:00:00,3161.331705,0.774232,0.924915,0.000141
2022-04-07 21:00:00,2987.875036,0.623135,0.942165,0.000140
2022-04-07 22:00:00,2808.802567,0.585122,0.891588,0.000127
2022-04-07 23:00:00,2805.483428,0.565779,0.887888,0.000125
2022-04-08 00:00:00,2883.143848,0.562174,0.872215,0.000114
2022-04-08 01:00:00,2872.524758,0.556095,0.891917,0.000086
2022-04-08 02:00:00,2869.857632,0.546570,0.922057,0.000064
2022-04-08 03:00:00,2974.285963,0.634016,0.923366,0.000051
2022-04-08 04:00:00,3267.276402,0.522513,0.942848,0.001937
2022-04-08 05:00:00,3502.690851,0.614964,0.941352,0.041041
2022-04-08 06:00:00,3473.448580,0.681412,0.949515,0.153093
2022-04-08 07:00:00,3430.759780,0.687324,0.956345,0.247553
2022-04-08 08:00:00,3643.549805,0.676875,0.915414,0.401205
2022-04-08 09:00:00,3707.464153,0.571478,0.779125,0.521007
2022-04-08 10:00:00,3558.129408,0.528828,0.716481,0.565021
2022-04-08 11:00:00,3575.923720,0.528764,0.658692,0.605460
2022-04-08 12:00:00,3409.945316,0.510815,0.513582,0.650138
2022-04-08 13:00:00,3230.908219,0.633605,0.578047,0.552784
2022-04-08 14:00:00,3145.333685,0.662345,0.680333,0.476686
2022-04-08 15:00:00,2974.576108,0.641989,0.777643,0.345868
2022-04-08 16:00:00,3100.179829,0.616264,0.763870,0.161303
2022-04-08 17:00:00,2867.745574,0.590066,0.785629,0.040615
2022-04-08 18:00:00,2604.609268,0.543852,0.847665,0.002016
2022-04-08 19:00:00,2528.040715,0.527305,0.893288,0.000165
2022-04-08 20:00:00,2558.358671,0.542521,0.936670,0.000146
2022-04-08 21:00:00,2330.356869,0.566846,0.947316,0.000106
2022-04-08 22:00:00,2256.301743,0.594407,0.963825,0.000088
2022-04-08 23:00:00,2245.483216,0.639624,0.915746,0.000098
2022-04-09 00:00:00,2188.488629,0.678037,0.962660,0.000099
2022-04-09 01:00:00,2145.494379,0.690785,0.961652,0.000076
2022-04-09 02:00:00,2254.122422,0.695079,0.970393,0.000064
2022-04-09 03:00:00,2496.159492,0.694966,0.957401,0.000041
2022-04-09 04:00:00,2337.245930,0.704557,0.965619,0.003119
2022-04-09 05:00:00,2786.602175,0.639989,0.947136,0.051601
2022-04-09 06:00:00,3009.454599,0.646604,0.935740,0.184269
2022-04-09 07:00:00,3113.904601,0.717472,0.941870,0.322665
2022-04-09 08:00:00,3219.474195,0.790416,0.944461,0.453084
2022-04-09 09:00:00,3251.101765,0.706136,0.881920,0.543723
2022-04-09 10:00:00,3164.839630,0.802890,0.194345,0.606131
2022-04-09 11:00:00,3155.184197,0.909132,0.203940,0.622311
2022-04-09 12:00:00,3057.848748,0.691396,0.247113,0.576215
2022-04-09 13:00:00,3015.778707,0.825005,0.247534,0.511042
2022-04-09 14:00:00,2907.154076,0.896528,0.247440,0.421572
2022-04-09 15:00:00,3065.596870,0.969969,0.925025,0.283051
2022-04-09 16:00:00,3105.051265,0.768372,0.957031,0.152881
2022-04-09 17:00:00,2963.823681,0.729963,0.968557,0.042528
2022-04-09 18:00:00,2876.016189,0.858248,0.950783,0.001160
2022-04-09 19:00:00,2648.486002,0.839734,0.950575,0.000098
2022-04-09 20:00:00,2443.798341,0.851540,0.946963,0.000086
2022-04-09 21:00:00,2403.406669,0.842515,0.929946,0.000074
2022-04-09 22:00:00,2549.200907,0.799079,0.931673,0.000070
2022-04-09 23:00:00,2556.285289,0.730208,0.962933,0.000064
2022-04-10 00:00:00,2510.936645,0.759356,0.942201,0.000058
2022-04-10 01:00:00,2484.526798,0.727039,0.943812,0.000051
2022-04-10 02:00:00,2478.515503,0.700984,0.949767,0.000052
2022-04-10 03:00:00,2540.074077,0.711176,0.935548,0.000064
2022-04-10 04:00:00,2507.392671,0.743052,0.938670,0.004332
2022-04-10 05:00:00,2741.510688,0.712244,0.924960,0.057499
2022-04-10 06:00:00,2879.618597,0.776196,0.956275,0.216076
2022-04-10 07:00:00,2864.757255,0.832255,0.935538,0.374437
2022-04-10 08:00:00,2976.971467,0.878115,0.949859,0.542873
2022-04-10 09:00:00,3100.659322,0.877434,0.962591,0.606344
2022-04-10 10:00:00,3093.826423,0.871580,0.928669,0.571262
2022-04-10 11:00:00,3074.356230,0.821687,0.887648,0.590345
2022-04-10 12:00:00,3029.261180,0.808668,0.878745,0.576698
2022-04-10 13:00:00,2994.468785,0.885495,0.832759,0.563497
2022-04-10 14:00:00,2988.904644,0.855394,0.792025,0.436328
2022-04-10 15:00:00,3076.261629,0.725304,0.759402,0.310835
2022-04-10 16:00:00,3035.443661,0.626012,0.745108,0.155348
2022-04-10 17:00:00,2915.473865,0.585240,0.564614,0.043264
2022-04-10 18:00:00,2788.305328,0.593886,0.543099,0.000705
2022-04-10 19:00:00,2442.068428,0.559028,0.545243,0.000095
2022-04-10 20:00:00,2318.697053,0.487613,0.591806,0.000073
2022-04-10 21:00:00,2271.248000,0.441018,0.573644,0.000060
2022-04-10 22:00:00,2213.952404,0.413630,0.618955,0.000058
2022-04-10 23:00:00,2174.214597,0.389258,0.595503,0.000052
2022-04-11 00:00:00,2160.050780,0.370878,0.610208,0.000049
2022-04-11 01:00:00,2136.930947,0.361801,0.578687,0.000044
2022-04-11 02:00:00,2227.430497,0.351020,0.574965,0.000045
2022-04-11 03:00:00,2373.894072,0.333540,0.546554,0.000045
2022-04-11 04:00:00,2651.529398,0.294506,0.509355,0.005280
2022-04-11 05:00:00,2909.644313,0.265841,0.431485,0.060296
2022-04-11 06:00:00,2993.786927,0.271713,0.347731,0.225942
2022-04-11 07:00:00,3005.845609,0.330385,0.237732,0.418737
2022-04-11 08:00:00,3030.855321,0.302820,0.203042,0.541768
2022-04-11 09:00:00,3001.181986,0.262466,0.133696,0.640090
2022-04-11 10:00:00,2946.214790,0.248781,0.078305,0.686170
2022-04-11 11:00:00,2928.889658,0.216401,0.033279,0.738743
2022-04-11 12:00:00,2866.780782,0.219330,0.018714,0.759603
2022-04-11 13:00:00,2761.868069,0.207010,0.017398,0.732184
2022-04-11 14:00:00,2699.442091,0.177277,0.018786,0.587543
2022-04-11 15:00:00,2802.535499,0.145222,0.016447,0.386641
2022-04-11 16:00:00,2766.289770,0.092413,0.012337,0.201047
2022-04-11 17:00:00,2659.807548,0.045837,0.005134,0.059633
2022-04-11 18:00:00,2600.174616,0.030248,0.003881,0.001816
2022-04-11 19:00:00,2530.538997,0.025778,0.010258,0.000090
2022-04-11 20:00:00,2405.346013,0.021881,0.022700,0.000083
2022-04-11 21:00:00,2284.919631,0.020078,0.042770,0.000068
2022-04-11 22:00:00,2164.063594,0.027376,0.073025,0.000064
2022-04-11 23:00:00,2209.656224,0.031980,0.097386,0.000051
2022-04-12 00:00:00,2207.705648,0.044256,0.147908,0.000044
2022-04-12 01:00:00,2180.580632,0.069609,0.250641,0.000044
2022-04-12 02:00:00,2259.809346,0.125252,0.304087,0.000070
2022-04-12 03:00:00,2388.013484,0.153448,0.232773,0.000084
2022-04-12 04:00:00,2898.605890,0.142568,0.186972,0.007498
2022-04-12 05:00:00,2876.831212,0.142717,0.247559,0.068145
2022-04-12 06:00:00,2987.219270,0.133322,0.457258,0.160472
2022-04-12 07:00:00,3133.459136,0.131229,0.494189,0.201489
2022-04-12 08:00:00,3021.387459,0.190280,0.506034,0.257335
2022-04-12 09:00:00,3139.337813,0.267383,0.564159,0.383538
2022-04-12 10:00:00,3369.126839,0.337984,0.576947,0.564807
2022-04-12 11:00:00,3358.290702,0.372606,0.595558,0.623094
2022-04-12 12:00:00,3212.801319,0.393710,0.607800,0.594607
2022-04-12 13:00:00,2928.903623,0.414930,0.584517,0.595895
2022-04-12 14:00:00,2816.278573,0.434022,0.601263,0.515038
2022-04-12 15:00:00,3169.490714,0.442151,0.614403,0.329763
2022-04-12 16:00:00,3252.444232,0.307381,0.621393,0.124432
2022-04-12 17:00:00,3128.959095,0.320060,0.654252,0.033457
2022-04-12 18:00:00,2959.409290,0.371471,0.679618,0.000629
2022-04-12 19:00:00,2809.957490,0.427501,0.747760,0.000095
2022-04-12 20:00:00,2607.240526,0.412520,0.761946,0.000077
2022-04-12 21:00:00,2367.650218,0.433206,0.815670,0.000061
2022-04-12 22:00:00,2210.607676,0.476927,0.806999,0.000067
2022-04-12 23:00:00,2149.504456,0.501633,0.851118,0.000051
2022-04-13 00:00:00,2105.378423,0.543974,0.911693,0.000044
2022-04-13 01:00:00,2365.014525,0.518295,0.962868,0.000040
2022-04-13 02:00:00,2493.107366,0.424706,0.941894,0.000040
2022-04-13 03:00:00,2550.711713,0.418996,0.937975,0.000043
2022-04-13 04:00:00,2820.403205,0.313994,0.928147,0.004034
2022-04-13 05:00:00,3128.234260,0.352157,0.893977,0.044922
2022-04-13 06:00:00,3086.253268,0.386828,0.725024,0.129013
2022-04-13 07:00:00,2960.467723,0.361603,0.605752,0.230651
2022-04-13 08:00:00,2983.620962,0.333472,0.494995,0.335935
2022-04-13 09:00:00,2944.281436,0.295555,0.420103,0.352140
2022-04-13 10:00:00,2869.869593,0.243898,0.462955,0.441984
2022-04-13 11:00:00,3129.731152,0.183842,0.501641,0.492049
2022-04-13 12:00:00,3055.317297,0.129199,0.515050,0.474414
2022-04-13 13:00:00,2677.431575,0.183435,0.518118,0.483646
2022-04-13 14:00:00,2613.379442,0.173352,0.394442,0.357249
2022-04-13 15:00:00,2695.091572,0.137565,0.309596,0.166905
2022-04-13 16:00:00,2695.626162,0.091080,0.298993,0.112000
2022-04-13 17:00:00,2582.854589,0.084862,0.323475,0.043146
2022-04-13 18:00:00,2501.947873,0.082648,0.349127,0.002375
2022-04-13 19:00:00,2396.327247,0.086158,0.211332,0.000138
2022-04-13 20:00:00,2252.597173,0.095329,0.198949,0.000096
2022-04-13 21:00:00,2102.622173,0.092466,0.189689,0.000074
2022-04-13 22:00:00,1964.994297,0.075403,0.206670,0.000060
2022-04-13 23:00:00,1908.018899,0.076769,0.299338,0.000054
2022-04-14 00:00:00,1872.978531,0.089822,0.289099,0.000034
2022-04-14 01:00:00,1858.281278,0.107141,0.235072,0.000027
2022-04-14 02:00:00,1867.322368,0.112347,0.221577,0.000025
2022-04-14 03:00:00,1907.111323,0.114061,0.306964,0.000025
2022-04-14 04:00:00,1996.869776,0.120031,0.413941,0.000734
2022-04-14 05:00:00,2160.480665,0.142153,0.498390,0.008679
2022-04-14 06:00:00,2320.356878,0.168269,0.446554,0.032852
2022-04-14 07:00:00,2422.411293,0.180633,0.446091,0.064252
2022-04-14 08:00:00,2473.338095,0.184686,0.442178,0.102528
2022-04-14 09:00:00,2480.377933,0.185604,0.513245,0.141974
2022-04-14 10:00:00,2423.626581,0.187672,0.526575,0.152949
2022-04-14 11:00:00,2377.515024,0.179397,0.512568,0.175301
2022-04-14 12:00:00,2345.069765,0.157470,0.481590,0.175072
2022-04-14 13:00:00,2320.326327,0.135068,0.492978,0.149132
2022-04-14 14:00:00,2366.175960,0.141105,0.446126,0.099472
2022-04-14 15:00:00,2520.367987,0.175641,0.348261,0.059966
2022-04-14 16:00:00,2502.483274,0.174104,0.347414,0.029179
2022-04-14 17:00:00,2391.957558,0.200205,0.360668,0.010236
2022-04-14 18:00:00,2327.910407,0.217837,0.272402,0.000410
2022-04-14 19:00:00,2262.121979,0.223633,0.305550,0.000105
2022-04-14 20:00:00,2159.957836,0.210952,0.363903,0.000099
2022-04-14 21:00:00,2055.499853,0.205827,0.485308,0.000077
2022-04-14 22:00:00,1977.690191,0.231508,0.604731,0.000090
2022-04-14 23:00:00,1914.642895,0.266880,0.612942,0.000074
2022-04-15 00:00:00,1878.550003,0.265795,0.781909,0.000059
2022-04-15 01:00:00,1871.355602,0.271834,0.721488,0.000047
2022-04-15 02:00:00,1885.935979,0.282021,0.663017,0.000031
2022-04-15 03:00:00,1939.722131,0.307053,0.610504,0.000021
2022-04-15 04:00:00,2029.003272,0.295695,0.621404,0.001429
2022-04-15 05:00:00,2180.490316,0.274774,0.617880,0.016225
2022-04-15 06:00:00,2334.102485,0.281359,0.600041,0.039610
2022-04-15 07:00:00,2424.041882,0.272670,0.562604,0.079630
2022-04-15 08:00:00,2451.409777,0.234951,0.436193,0.122184
2022-04-15 09:00:00,2449.638482,0.196851,0.322670,0.146545
2022-04-15 10:00:00,2395.320957,0.166183,0.224121,0.169417
2022-04-15 11:00:00,2342.985829,0.133944,0.192400,0.186467
2022-04-15 12:00:00,2300.178909,0.109375,0.198130,0.202007
2022-04-15 13:00:00,2284.707973,0.103571,0.171338,0.189660
2022-04-15 14:00:00,2312.403591,0.102770,0.130290,0.166807
2022-04-15 15:00:00,2438.272279,0.085181,0.113807,0.126222
2022-04-15 16:00:00,2429.798351,0.065698,0.063595,0.075580
2022-04-15 17:00:00,2335.883798,0.054759,0.054691,0.029770
2022-04-15 18:00:00,2291.978277,0.037696,0.053911,0.002662
2022-04-15 19:00:00,2247.565874,0.032644,0.098787,0.000035
2022-04-15 20:00:00,2151.945936,0.023058,0.135041,0.000032
2022-04-15 21:00:00,2054.235993,0.015965,0.138400,0.000031
2022-04-15 22:00:00,1966.868741,0.015495,0.092494,0.000028
2022-04-15 23:00:00,1915.182536,0.015843,0.109608,0.000025
2022-04-16 00:00:00,1895.599492,0.016998,0.067867,0.000018
2022-04-16 01:00:00,1903.208432,0.015010,0.054388,0.000019
2022-04-16 02:00:00,1959.200619,0.012642,0.060280,0.000017
2022-04-16 03:00:00,2065.063329,0.018213,0.034376,0.000018
2022-04-16 04:00:00,2123.849128,0.020612,0.017144,0.010037
2022-04-16 05:00:00,2253.932642,0.021523,0.040366,0.079496
2022-04-16 06:00:00,2382.907319,0.013549,0.049505,0.221765
2022-04-16 07:00:00,2365.550878,0.019130,0.060738,0.395255
2022-04-16 08:00:00,2401.665722,0.026649,0.115128,0.497052
2022-04-16 09:00:00,2606.466094,0.019497,0.112738,0.587243
2022-04-16 10:00:00,2590.685216,0.022197,0.083335,0.647953
2022-04-16 11:00:00,2640.016172,0.029303,0.045846,0.709939
2022-04-16 12:00:00,2714.068561,0.037219,0.030728,0.793226
2022-04-16 13:00:00,2668.279344,0.041385,0.011777,0.769625
2022-04-16 14:00:00,2500.352505,0.039369,0.005365,0.653515
2022-04-16 15:00:00,2519.044339,0.039440,0.007800,0.450332
2022-04-16 16:00:00,2436.205984,0.044362,0.006236,0.235618
2022-04-16 17:00:00,2310.942466,0.040127,0.008410,0.060971
2022-04-16 18:00:00,2194.023396,0.032917,0.014450,0.005014
2022-04-16 19:00:00,2149.280992,0.024364,0.015548,0.000098
2022-04-16 20:00:00,2061.524415,0.021682,0.009428,0.000075
2022-04-16 21:00:00,2071.372417,0.023437,0.033816,0.000054
2022-04-16 22:00:00,1964.376279,0.030350,0.090840,0.000047
2022-04-16 23:00:00,1886.562080,0.036721,0.124573,0.000039
2022-04-17 00:00:00,1901.337992,0.041022,0.106589,0.000039
2022-04-17 01:00:00,1876.474803,0.046229,0.072190,0.000034
2022-04-17 02:00:00,1869.630559,0.057088,0.086022,0.000032
2022-04-17 03:00:00,1917.717950,0.069270,0.124073,0.000043
2022-04-17 04:00:00,2001.967813,0.083352,0.117497,0.011122
2022-04-17 05:00:00,2091.356331,0.087320,0.087438,0.094082
2022-04-17 06:00:00,2208.639709,0.058693,0.097656,0.278391
2022-04-17 07:00:00,2385.862567,0.028460,0.096461,0.507778
2022-04-17 08:00:00,2446.151766,0.028484,0.098139,0.693679
2022-04-17 09:00:00,2611.509274,0.026358,0.074882,0.819327
2022-04-17 10:00:00,2591.056046,0.020794,0.057912,0.865967
2022-04-17 11:00:00,2590.836877,0.019837,0.053880,0.878850
2022-04-17 12:00:00,2607.764624,0.023478,0.044509,0.868218
2022-04-17 13:00:00,2584.773352,0.021335,0.036749,0.817613
2022-04-17 14:00:00,2578.525939,0.021661,0.036984,0.675423
2022-04-17 15:00:00,2482.126679,0.019856,0.037143,0.480818
2022-04-17 16:00:00,2349.204710,0.017607,0.030276,0.242296
2022-04-17 17:00:00,2191.494013,0.022660,0.017658,0.065768
2022-04-17 18:00:00,2113.400471,0.023441,0.022239,0.005202
2022-04-17 19:00:00,2096.809734,0.022159,0.028606,0.000102
2022-04-17 20:00:00,2016.303145,0.027180,0.042180,0.000080
2022-04-17 21:00:00,1944.491949,0.033999,0.122071,0.000068
2022-04-17 22:00:00,1979.244900,0.044381,0.173972,0.000060
2022-04-17 23:00:00,2004.486077,0.051253,0.182248,0.000051
2022-04-18 00:00:00,1983.212572,0.053579,0.236734,0.000046
2022-04-18 01:00:00,1982.997979,0.058915,0.224086,0.000040
2022-04-18 02:00:00,1938.903924,0.064372,0.235947,0.000033
2022-04-18 03:00:00,1909.006536,0.069867,0.251512,0.000033
2022-04-18 04:00:00,2002.187504,0.083855,0.241981,0.011725
2022-04-18 05:00:00,2154.526254,0.089376,0.211585,0.097174
2022-04-18 06:00:00,2212.487367,0.059865,0.191679,0.290892
2022-04-18 07:00:00,2318.635218,0.035792,0.203230,0.518972
2022-04-18 08:00:00,2486.585647,0.049199,0.196835,0.705546
2022-04-18 09:00:00,2499.106041,0.047658,0.236780,0.824239
2022-04-18 10:00:00,2522.628799,0.048437,0.278202,0.865161
2022-04-18 11:00:00,2503.598533,0.051998,0.272306,0.875139
2022-04-18 12:00:00,2548.678692,0.048893,0.214340,0.858530
2022-04-18 13:00:00,2417.037232,0.044071,0.172804,0.798892
2022-04-18 14:00:00,2380.450541,0.037825,0.130894,0.666067
2022-04-18 15:00:00,2472.465451,0.039557,0.130951,0.463649
2022-04-18 16:00:00,2299.810424,0.047333,0.113983,0.235931
2022-04-18 17:00:00,2199.649581,0.050137,0.107844,0.076480
2022-04-18 18:00:00,2148.082447,0.052111,0.068261,0.009992
2022-04-18 19:00:00,2131.368372,0.048160,0.021144,0.000105
2022-04-18 20:00:00,2026.951739,0.050273,0.020079,0.000087
2022-04-18 21:00:00,1932.382400,0.051280,0.086009,0.000069
2022-04-18 22:00:00,1874.188674,0.043516,0.117059,0.000058
2022-04-18 23:00:00,1837.679192,0.043005,0.101177,0.000050
2022-04-19 00:00:00,1834.493135,0.031653,0.084771,0.000045
2022-04-19 01:00:00,1834.840399,0.017972,0.080372,0.000037
2022-04-19 02:00:00,1887.287325,0.009579,0.076382,0.000040
2022-04-19 03:00:00,2050.427313,0.006050,0.057925,0.000038
2022-04-19 04:00:00,2379.639534,0.008768,0.041990,0.011845
2022-04-19 05:00:00,2692.464446,0.013530,0.038134,0.088105
2022-04-19 06:00:00,2826.892079,0.009518,0.028928,0.268761
2022-04-19 07:00:00,2824.912498,0.008198,0.014026,0.477229
2022-04-19 08:00:00,2877.484584,0.018474,0.008184,0.645971
2022-04-19 09:00:00,2875.817844,0.025798,0.009515,0.763608
2022-04-19 10:00:00,2832.166914,0.030552,0.001776,0.841997
2022-04-19 11:00:00,2833.895310,0.035648,0.000860,0.855145
2022-04-19 12:00:00,2758.928695,0.054253,0.001744,0.835049
2022-04-19 13:00:00,2654.785663,0.075478,0.022774,0.771226
2022-04-19 14:00:00,2609.993694,0.087623,0.095065,0.659554
2022-04-19 15:00:00,2700.466061,0.099572,0.174657,0.469567
2022-04-19 16:00:00,2641.171573,0.099078,0.201572,0.239574
2022-04-19 17:00:00,2528.864851,0.087142,0.225993,0.068468
2022-04-19 18:00:00,2458.432851,0.088071,0.237660,0.006360
2022-04-19 19:00:00,2402.121783,0.093564,0.217376,0.000133
2022-04-19 20:00:00,2273.545377,0.090508,0.156477,0.000119
2022-04-19 21:00:00,2105.728646,0.069053,0.137642,0.000120
2022-04-19 22:00:00,1983.284253,0.039670,0.131226,0.000082
2022-04-19 23:00:00,1935.495514,0.039940,0.063177,0.000100
2022-04-20 00:00:00,1913.811722,0.043272,0.020436,0.000065
2022-04-20 01:00:00,1913.653629,0.042733,0.004065,0.000062
2022-04-20 02:00:00,1945.368196,0.047613,0.006253,0.000064
2022-04-20 03:00:00,2082.147776,0.048501,0.020398,0.000073
2022-04-20 04:00:00,2373.582819,0.056462,0.031121,0.015282
2022-04-20 05:00:00,2675.235114,0.072427,0.051771,0.088470
2022-04-20 06:00:00,2809.573473,0.054581,0.085325,0.272203
2022-04-20 07:00:00,2819.218631,0.052784,0.105899,0.496260
2022-04-20 08:00:00,2868.659746,0.064405,0.110558,0.687734
2022-04-20 09:00:00,2869.646422,0.099362,0.127789,0.812150
2022-04-20 10:00:00,2814.760411,0.113923,0.133355,0.855747
2022-04-20 11:00:00,2816.379681,0.124223,0.148280,0.864108
2022-04-20 12:00:00,2754.816157,0.142182,0.109811,0.852556
2022-04-20 13:00:00,2725.605565,0.167580,0.108635,0.801278
2022-04-20 14:00:00,2640.869434,0.203848,0.119361,0.655374
2022-04-20 15:00:00,2723.035672,0.223135,0.133838,0.450135
2022-04-20 16:00:00,2643.199776,0.210020,0.098030,0.225970
2022-04-20 17:00:00,2534.321478,0.165121,0.116603,0.071763
2022-04-20 18:00:00,2455.787228,0.134295,0.110635,0.009465
2022-04-20 19:00:00,2402.924111,0.134601,0.120920,0.000130
2022-04-20 20:00:00,2265.916363,0.128857,0.207403,0.000107
2022-04-20 21:00:00,2115.773975,0.133507,0.414891,0.000117
2022-04-20 22:00:00,2005.902190,0.162721,0.355015,0.000151
2022-04-20 23:00:00,1945.458379,0.151213,0.216157,0.000105
2022-04-21 00:00:00,1913.882752,0.144288,0.224908,0.000100
2022-04-21 01:00:00,1913.142376,0.139694,0.260660,0.000101
2022-04-21 02:00:00,1955.238659,0.152456,0.213672,0.000086
2022-04-21 03:00:00,2096.631154,0.191431,0.114676,0.000094
2022-04-21 04:00:00,2404.191951,0.231087,0.112977,0.018499
2022-04-21 05:00:00,2682.300990,0.217007,0.168596,0.108880
2022-04-21 06:00:00,2816.110082,0.208369,0.219212,0.305978
2022-04-21 07:00:00,2834.254448,0.210130,0.212957,0.530417
2022-04-21 08:00:00,2893.329352,0.216423,0.191372,0.720561
2022-04-21 09:00:00,2884.992268,0.254810,0.218119,0.834682
2022-04-21 10:00:00,2840.442994,0.354600,0.236382,0.875536
2022-04-21 11:00:00,2841.885746,0.389160,0.263942,0.884847
2022-04-21 12:00:00,2779.604842,0.395396,0.237107,0.870498
2022-04-21 13:00:00,2688.428990,0.364002,0.190841,0.817295
2022-04-21 14:00:00,2895.343569,0.328409,0.181625,0.660708
2022-04-21 15:00:00,2739.310324,0.346233,0.197135,0.488227
2022-04-21 16:00:00,2687.967923,0.303940,0.160776,0.255529
2022-04-21 17:00:00,2550.867284,0.224381,0.138874,0.076955
2022-04-21 18:00:00,2444.979209,0.195734,0.149100,0.007882
2022-04-21 19:00:00,2413.746900,0.249427,0.215258,0.000126
2022-04-21 20:00:00,2441.979800,0.290370,0.414292,0.000146
2022-04-21 21:00:00,2374.342152,0.292698,0.408092,0.000108
2022-04-21 22:00:00,2230.312774,0.297868,0.422686,0.000093
2022-04-21 23:00:00,2001.308242,0.262662,0.366830,0.000085
2022-04-22 00:00:00,1942.825154,0.239272,0.334102,0.000069
2022-04-22 01:00:00,1893.484523,0.240184,0.364607,0.000040
2022-04-22 02:00:00,1959.134824,0.265961,0.364216,0.000044
2022-04-22 03:00:00,2231.080538,0.292998,0.354448,0.000156
2022-04-22 04:00:00,2547.172000,0.286129,0.474708,0.016916
2022-04-22 05:00:00,2897.136738,0.273911,0.695111,0.104877
2022-04-22 06:00:00,3020.812488,0.321518,0.688550,0.313939
2022-04-22 07:00:00,3007.722976,0.360035,0.560161,0.538306
2022-04-22 08:00:00,2900.923483,0.458785,0.548892,0.727779
2022-04-22 09:00:00,2932.956743,0.592901,0.590332,0.829491
2022-04-22 10:00:00,2833.792357,0.604526,0.583028,0.859649
2022-04-22 11:00:00,2763.421564,0.537852,0.473110,0.881159
2022-04-22 12:00:00,2653.698637,0.481911,0.392430,0.863226
2022-04-22 13:00:00,2555.952005,0.423317,0.317865,0.816300
2022-04-22 14:00:00,2517.220472,0.382532,0.330499,0.668892
2022-04-22 15:00:00,2531.577802,0.355055,0.320029,0.487830
2022-04-22 16:00:00,2466.954809,0.352126,0.398803,0.256820
2022-04-22 17:00:00,2550.253350,0.299726,0.528728,0.078465
2022-04-22 18:00:00,2319.655207,0.293533,0.444481,0.009221
2022-04-22 19:00:00,2201.917448,0.318925,0.510107,0.000094
2022-04-22 20:00:00,2099.726079,0.314024,0.623732,0.000075
2022-04-22 21:00:00,2016.717505,0.300961,0.635483,0.000066
2022-04-22 22:00:00,2020.620508,0.254069,0.450880,0.000054
2022-04-22 23:00:00,1870.662912,0.193561,0.410611,0.000047
2022-04-23 00:00:00,1814.202120,0.162710,0.369370,0.000045
2022-04-23 01:00:00,1801.867625,0.152621,0.398538,0.000038
2022-04-23 02:00:00,1855.320614,0.153800,0.475828,0.000035
2022-04-23 03:00:00,1940.807096,0.196316,0.528836,0.000108
2022-04-23 04:00:00,2014.183074,0.242544,0.631290,0.018202
2022-04-23 05:00:00,2147.029107,0.256148,0.678227,0.108093
2022-04-23 06:00:00,2257.090819,0.274475,0.626214,0.302657
2022-04-23 07:00:00,2350.600691,0.322602,0.482321,0.537324
2022-04-23 08:00:00,2501.202778,0.374602,0.434020,0.721116
2022-04-23 09:00:00,2486.095863,0.457631,0.414295,0.835366
2022-04-23 10:00:00,2582.210940,0.502269,0.369128,0.869856
2022-04-23 11:00:00,2535.305924,0.563880,0.343931,0.863062
2022-04-23 12:00:00,2509.454531,0.587400,0.316166,0.880608
2022-04-23 13:00:00,2534.549773,0.615592,0.457670,0.809737
2022-04-23 14:00:00,2470.889069,0.600241,0.616447,0.685402
2022-04-23 15:00:00,2462.558159,0.546658,0.673998,0.504289
2022-04-23 16:00:00,2274.792634,0.484957,0.610017,0.267609
2022-04-23 17:00:00,2158.785184,0.408008,0.621027,0.083151
2022-04-23 18:00:00,2085.710705,0.333301,0.612124,0.009954
2022-04-23 19:00:00,2073.054504,0.323688,0.701720,0.000091
2022-04-23 20:00:00,2010.779023,0.353416,0.749033,0.000070
2022-04-23 21:00:00,1892.884535,0.366236,0.643966,0.000067
2022-04-23 22:00:00,1814.396879,0.375869,0.597772,0.000065
2022-04-23 23:00:00,1746.633518,0.365772,0.564925,0.000056
2022-04-24 00:00:00,1725.695048,0.377903,0.534817,0.000052
2022-04-24 01:00:00,1711.648148,0.389401,0.597693,0.000049
2022-04-24 02:00:00,1762.128694,0.383710,0.588296,0.000039
2022-04-24 03:00:00,1802.666096,0.381857,0.405519,0.000076
2022-04-24 04:00:00,1871.633228,0.390114,0.438466,0.013437
2022-04-24 05:00:00,1952.774228,0.380946,0.646799,0.079345
2022-04-24 06:00:00,2128.365176,0.445502,0.677401,0.216632
2022-04-24 07:00:00,2386.229785,0.419425,0.697849,0.426602
2022-04-24 08:00:00,2516.643361,0.437820,0.664872,0.599793
2022-04-24 09:00:00,2552.347012,0.462487,0.622623,0.696094
2022-04-24 10:00:00,2695.370877,0.485744,0.542074,0.764746
2022-04-24 11:00:00,2687.905260,0.561122,0.510547,0.763171
2022-04-24 12:00:00,2664.593643,0.533735,0.575760,0.679701
2022-04-24 13:00:00,2591.875343,0.551743,0.454983,0.603392
2022-04-24 14:00:00,2602.062236,0.361914,0.363585,0.453293
2022-04-24 15:00:00,2565.119403,0.426730,0.494627,0.297133
2022-04-24 16:00:00,2399.506835,0.469304,0.546636,0.178138
2022-04-24 17:00:00,2477.524697,0.326171,0.711686,0.076448
2022-04-24 18:00:00,2333.854610,0.307814,0.600698,0.012324
2022-04-24 19:00:00,2203.243116,0.331632,0.438772,0.000081
2022-04-24 20:00:00,2146.986608,0.354614,0.388155,0.000061
2022-04-24 21:00:00,2007.533829,0.325314,0.470583,0.000048
2022-04-24 22:00:00,1945.404557,0.278553,0.619066,0.000044
2022-04-24 23:00:00,1901.541569,0.228828,0.593968,0.000039
2022-04-25 00:00:00,1861.804063,0.188734,0.519132,0.000040
2022-04-25 01:00:00,1855.092853,0.179655,0.429940,0.000039
2022-04-25 02:00:00,1908.706432,0.172317,0.349926,0.000037
2022-04-25 03:00:00,2054.007025,0.165577,0.317129,0.000317
2022-04-25 04:00:00,2377.712422,0.143035,0.264683,0.020918
2022-04-25 05:00:00,2692.223882,0.089149,0.272961,0.115740
2022-04-25 06:00:00,2816.646677,0.066091,0.217774,0.322702
2022-04-25 07:00:00,2905.769787,0.094312,0.133870,0.526558
2022-04-25 08:00:00,2924.002513,0.120953,0.107111,0.668813
2022-04-25 09:00:00,2922.522539,0.129568,0.106670,0.721332
2022-04-25 10:00:00,2875.766217,0.103890,0.126485,0.744937
2022-04-25 11:00:00,2894.027269,0.074940,0.173725,0.748906
2022-04-25 12:00:00,2832.347313,0.060128,0.198780,0.722303
2022-04-25 13:00:00,2731.555215,0.067660,0.218890,0.684993
2022-04-25 14:00:00,2732.264077,0.075409,0.214963,0.648376
2022-04-25 15:00:00,2806.449112,0.077549,0.243126,0.463390
2022-04-25 16:00:00,2701.093853,0.088512,0.199818,0.265739
2022-04-25 17:00:00,2568.719833,0.080935,0.197460,0.089941
2022-04-25 18:00:00,2483.655757,0.063945,0.220352,0.012564
2022-04-25 19:00:00,2453.825638,0.059059,0.242761,0.000121
2022-04-25 20:00:00,2323.308107,0.057378,0.235918,0.000125
2022-04-25 21:00:00,2175.745421,0.047985,0.187992,0.000065
2022-04-25 22:00:00,2058.025737,0.043742,0.166708,0.000063
2022-04-25 23:00:00,1991.606820,0.047394,0.141984,0.000044
2022-04-26 00:00:00,1973.714318,0.048542,0.115167,0.000042
2022-04-26 01:00:00,1969.713052,0.050605,0.080644,0.000040
2022-04-26 02:00:00,2025.755598,0.048623,0.066289,0.000041
2022-04-26 03:00:00,2137.999151,0.043919,0.060218,0.000188
2022-04-26 04:00:00,2450.338284,0.035266,0.077963,0.013734
2022-04-26 05:00:00,2751.503689,0.032124,0.072697,0.059152
2022-04-26 06:00:00,2854.509125,0.032484,0.079624,0.156097
2022-04-26 07:00:00,2854.644980,0.033294,0.066113,0.281145
2022-04-26 08:00:00,2900.345612,0.027848,0.083804,0.394213
2022-04-26 09:00:00,2900.045234,0.023281,0.076161,0.463028
2022-04-26 10:00:00,2847.944205,0.021121,0.049970,0.528156
2022-04-26 11:00:00,2860.778728,0.023620,0.051009,0.534804
2022-04-26 12:00:00,2801.981074,0.026569,0.043604,0.605509
2022-04-26 13:00:00,2708.352510,0.034301,0.034325,0.597933
2022-04-26 14:00:00,2677.919690,0.038976,0.032018,0.500447
2022-04-26 15:00:00,2787.380702,0.041681,0.018895,0.355533
2022-04-26 16:00:00,2697.293229,0.042014,0.010826,0.215395
2022-04-26 17:00:00,2575.367128,0.041765,0.008589,0.069232
2022-04-26 18:00:00,2487.175953,0.041833,0.017641,0.011648
2022-04-26 19:00:00,2438.686917,0.034312,0.025015,0.000091
2022-04-26 20:00:00,2307.060584,0.034783,0.024052,0.000070
2022-04-26 21:00:00,2168.050381,0.036717,0.022012,0.000061
2022-04-26 22:00:00,2073.065676,0.039737,0.071923,0.000123
2022-04-26 23:00:00,2022.145686,0.045832,0.090082,0.000044
2022-04-27 00:00:00,1994.801516,0.049476,0.072186,0.000041
2022-04-27 01:00:00,2002.236385,0.051885,0.074177,0.000035
2022-04-27 02:00:00,2044.237877,0.059357,0.073832,0.000041
2022-04-27 03:00:00,2161.698802,0.059567,0.094814,0.000397
2022-04-27 04:00:00,2450.188572,0.047332,0.126162,0.025603
2022-04-27 05:00:00,2735.782490,0.030638,0.123123,0.116065
2022-04-27 06:00:00,2851.551321,0.015016,0.141761,0.294849
2022-04-27 07:00:00,2869.488587,0.013685,0.114049,0.483518
2022-04-27 08:00:00,2926.242495,0.019462,0.065420,0.658618
2022-04-27 09:00:00,2904.084633,0.024094,0.053144,0.701859
2022-04-27 10:00:00,2855.603615,0.032355,0.043047,0.736921
2022-04-27 11:00:00,2859.995873,0.054949,0.036139,0.737841
2022-04-27 12:00:00,2812.245219,0.082375,0.037973,0.738294
2022-04-27 13:00:00,2712.185188,0.100776,0.060801,0.663862
2022-04-27 14:00:00,2691.140374,0.120577,0.076681,0.613728
2022-04-27 15:00:00,2790.628588,0.134689,0.092077,0.442695
2022-04-27 16:00:00,2702.848145,0.142072,0.115778,0.256239
2022-04-27 17:00:00,2579.174630,0.114600,0.147120,0.091179
2022-04-27 18:00:00,2485.786459,0.080934,0.185124,0.017223
2022-04-27 19:00:00,2436.684790,0.075184,0.220656,0.000163
2022-04-27 20:00:00,2321.365910,0.074607,0.228976,0.000134
2022-04-27 21:00:00,2185.874890,0.068824,0.229401,0.000165
2022-04-27 22:00:00,2080.970067,0.083355,0.207859,0.000140
2022-04-27 23:00:00,2019.999856,0.104835,0.178878,0.000120
2022-04-28 00:00:00,2006.208851,0.131870,0.178173,0.000101
2022-04-28 01:00:00,2000.138531,0.163981,0.230138,0.000103
2022-04-28 02:00:00,2040.593655,0.180305,0.270073,0.000090
2022-04-28 03:00:00,2159.182962,0.185880,0.293990,0.001600
2022-04-28 04:00:00,2463.546144,0.181486,0.322233,0.029043
2022-04-28 05:00:00,2759.070531,0.141823,0.368723,0.128740
2022-04-28 06:00:00,2883.996844,0.158988,0.408661,0.335821
2022-04-28 07:00:00,2902.460962,0.160392,0.391075,0.563322
2022-04-28 08:00:00,2954.075819,0.154731,0.337147,0.750555
2022-04-28 09:00:00,2968.264722,0.144286,0.319831,0.858201
2022-04-28 10:00:00,2936.063789,0.155025,0.289572,0.895499
2022-04-28 11:00:00,2912.159565,0.171902,0.282036,0.883748
2022-04-28 12:00:00,2840.366911,0.213838,0.327129,0.877614
2022-04-28 13:00:00,2754.386678,0.263117,0.352177,0.841304
2022-04-28 14:00:00,2707.073279,0.283674,0.295428,0.720327
2022-04-28 15:00:00,2777.850473,0.266353,0.287885,0.523397
2022-04-28 16:00:00,2698.633726,0.260974,0.308359,0.288903
2022-04-28 17:00:00,2584.388740,0.247485,0.324956,0.094594
2022-04-28 18:00:00,2503.208854,0.214556,0.342722,0.016378
2022-04-28 19:00:00,2460.075476,0.201395,0.328877,0.000196
2022-04-28 20:00:00,2352.292555,0.206388,0.316279,0.000168
2022-04-28 21:00:00,2200.543982,0.202812,0.344511,0.000154
2022-04-28 22:00:00,2081.720295,0.194511,0.385094,0.000117
2022-04-28 23:00:00,2029.732419,0.186012,0.328798,0.000072
2022-04-29 00:00:00,1999.012508,0.180983,0.310368,0.000078
2022-04-29 01:00:00,1987.082659,0.180918,0.292233,0.000065
2022-04-29 02:00:00,2027.561393,0.163895,0.280484,0.000066
2022-04-29 03:00:00,2127.888625,0.144973,0.270387,0.001589
2022-04-29 04:00:00,2415.523035,0.128973,0.226476,0.032772
2022-04-29 05:00:00,2733.724839,0.105306,0.199317,0.128132
2022-04-29 06:00:00,2857.790966,0.117469,0.159158,0.260338
2022-04-29 07:00:00,2881.530645,0.120084,0.229186,0.398217
2022-04-29 08:00:00,2930.766913,0.114805,0.335483,0.515085
2022-04-29 09:00:00,2896.754361,0.112942,0.399404,0.597017
2022-04-29 10:00:00,2799.286554,0.153461,0.440416,0.617414
2022-04-29 11:00:00,2726.753698,0.215349,0.412887,0.639842
2022-04-29 12:00:00,2606.804000,0.261583,0.374086,0.630707
2022-04-29 13:00:00,2540.797065,0.285695,0.391871,0.592268
2022-04-29 14:00:00,2550.057064,0.284145,0.358285,0.531707
2022-04-29 15:00:00,2653.597953,0.268592,0.326803,0.427302
2022-04-29 16:00:00,2597.095005,0.237397,0.282011,0.263087
2022-04-29 17:00:00,2439.859035,0.189387,0.218445,0.100621
2022-04-29 18:00:00,2337.871719,0.141644,0.245964,0.017544
2022-04-29 19:00:00,2296.685978,0.129464,0.205337,0.000151
2022-04-29 20:00:00,2199.235973,0.123176,0.137396,0.000074
2022-04-29 21:00:00,2086.536991,0.110061,0.132999,0.000068
2022-04-29 22:00:00,1970.624465,0.102327,0.137350,0.000058
2022-04-29 23:00:00,1899.517279,0.084207,0.130413,0.000043
2022-04-30 00:00:00,1865.970325,0.059887,0.146660,0.000042
2022-04-30 01:00:00,1850.621988,0.048499,0.137750,0.000040
2022-04-30 02:00:00,1857.343260,0.043446,0.166467,0.000038
2022-04-30 03:00:00,1870.980864,0.038984,0.180216,0.001011
2022-04-30 04:00:00,1944.300753,0.034738,0.144493,0.029403
2022-04-30 05:00:00,2121.177237,0.023174,0.134762,0.114014
2022-04-30 06:00:00,2274.156403,0.017959,0.098020,0.298611
2022-04-30 07:00:00,2364.543818,0.018423,0.080122,0.549863
2022-04-30 08:00:00,2385.648843,0.018085,0.071758,0.727055
2022-04-30 09:00:00,2367.957905,0.026488,0.069627,0.760817
2022-04-30 10:00:00,2319.457088,0.044427,0.078346,0.693535
2022-04-30 11:00:00,2282.200887,0.057918,0.092388,0.653144
2022-04-30 12:00:00,2247.930750,0.070099,0.077032,0.669509
2022-04-30 13:00:00,2212.704224,0.090409,0.059119,0.637263
2022-04-30 14:00:00,2228.444313,0.104849,0.058609,0.533190
2022-04-30 15:00:00,2347.031840,0.105062,0.067171,0.412280
2022-04-30 16:00:00,2344.146089,0.095405,0.077505,0.245462
2022-04-30 17:00:00,2246.797985,0.075391,0.076047,0.087161
2022-04-30 18:00:00,2179.959572,0.048663,0.068575,0.020853
2022-04-30 19:00:00,2137.684601,0.034836,0.055280,0.000129
2022-04-30 20:00:00,2055.998878,0.032063,0.035770,0.000071
2022-04-30 21:00:00,1943.475393,0.029711,0.018842,0.000068
2022-04-30 22:00:00,1844.409545,0.029178,0.018819,0.000063
2022-04-30 23:00:00,1786.764401,0.028095,0.018704,0.000048
2022-05-01 00:00:00,1756.484843,0.030538,0.062649,0.000045
2022-05-01 01:00:00,1746.133352,0.033353,0.070720,0.000040
2022-05-01 02:00:00,1744.083675,0.033453,0.061667,0.000046
2022-05-01 03:00:00,1748.744265,0.032101,0.064782,0.000711
2022-05-01 04:00:00,1811.724076,0.028575,0.085305,0.028130
2022-05-01 05:00:00,1957.926316,0.027563,0.105471,0.099838
2022-05-01 06:00:00,2124.522280,0.024872,0.084548,0.213701
2022-05-01 07:00:00,2215.055079,0.029829,0.051973,0.351591
2022-05-01 08:00:00,2260.872642,0.030675,0.031341,0.488203
2022-05-01 09:00:00,2274.388332,0.034442,0.028490,0.597001
2022-05-01 10:00:00,2269.955274,0.048050,0.035826,0.662468
2022-05-01 11:00:00,2259.631824,0.064607,0.031064,0.648248
2022-05-01 12:00:00,2340.528063,0.077342,0.022580,0.677871
2022-05-01 13:00:00,2382.406860,0.086674,0.024942,0.663547
2022-05-01 14:00:00,2264.629504,0.083853,0.036916,0.618412
2022-05-01 15:00:00,2399.623834,0.077237,0.030853,0.460906
2022-05-01 16:00:00,2387.302886,0.072810,0.026798,0.261909
2022-05-01 17:00:00,2287.673581,0.060760,0.028944,0.096876
2022-05-01 18:00:00,2232.741350,0.047025,0.029064,0.018806
2022-05-01 19:00:00,2200.580972,0.049598,0.042095,0.000160
2022-05-01 20:00:00,2124.103673,0.057544,0.052760,0.000074
2022-05-01 21:00:00,2013.167210,0.059012,0.067220,0.000067
2022-05-01 22:00:00,1939.100235,0.056685,0.111840,0.000051
2022-05-01 23:00:00,1901.340995,0.050346,0.097154,0.000039
2022-05-02 00:00:00,1880.437430,0.056834,0.090506,0.000036
2022-05-02 01:00:00,1880.955065,0.067240,0.082409,0.000034
2022-05-02 02:00:00,1940.153933,0.080168,0.091415,0.000032
2022-05-02 03:00:00,2068.904463,0.102541,0.076460,0.001618
2022-05-02 04:00:00,2398.000880,0.125292,0.106720,0.033648
2022-05-02 05:00:00,2722.271784,0.117235,0.139212,0.150525
2022-05-02 06:00:00,2878.858364,0.150486,0.163312,0.363683
2022-05-02 07:00:00,2914.795809,0.190619,0.178010,0.583671
2022-05-02 08:00:00,2959.902279,0.212855,0.152066,0.737434
2022-05-02 09:00:00,2950.024761,0.229723,0.165346,0.808582
2022-05-02 10:00:00,2892.898077,0.262892,0.162999,0.796905
2022-05-02 11:00:00,2922.450031,0.312617,0.209334,0.766565
2022-05-02 12:00:00,2835.298677,0.382602,0.249015,0.643979
2022-05-02 13:00:00,2737.954588,0.426366,0.297238,0.494390
2022-05-02 14:00:00,2722.704813,0.432905,0.365395,0.347076
2022-05-02 15:00:00,2843.802102,0.441495,0.473959,0.224174
2022-05-02 16:00:00,2802.120147,0.429793,0.528662,0.095722
2022-05-02 17:00:00,2685.085491,0.407363,0.559484,0.031944
2022-05-02 18:00:00,2572.878732,0.382218,0.578300,0.007006
2022-05-02 19:00:00,2517.222846,0.371794,0.582600,0.000142
2022-05-02 20:00:00,2371.705678,0.366042,0.604877,0.000078
2022-05-02 21:00:00,2220.798763,0.356483,0.627444,0.000069
2022-05-02 22:00:00,2122.051852,0.338820,0.798855,0.000059
2022-05-02 23:00:00,2047.628294,0.296288,0.762108,0.000042
2022-05-03 00:00:00,2003.014454,0.255956,0.753025,0.000039
2022-05-03 01:00:00,1981.516492,0.241702,0.744628,0.000036
2022-05-03 02:00:00,2021.080442,0.221815,0.707394,0.000032
2022-05-03 03:00:00,2147.634771,0.218182,0.640355,0.002956
2022-05-03 04:00:00,2435.461963,0.222471,0.470860,0.033855
2022-05-03 05:00:00,2758.747751,0.188076,0.279531,0.147324
2022-05-03 06:00:00,2887.951937,0.211235,0.242913,0.351301
2022-05-03 07:00:00,2895.727697,0.183944,0.257393,0.589574
2022-05-03 08:00:00,2956.260217,0.154514,0.197242,0.752900
2022-05-03 09:00:00,2950.247730,0.124917,0.185880,0.831038
2022-05-03 10:00:00,2894.463258,0.108394,0.184767,0.846654
2022-05-03 11:00:00,2909.796503,0.114705,0.181837,0.820170
2022-05-03 12:00:00,2853.160281,0.124941,0.172381,0.783952
2022-05-03 13:00:00,2744.092913,0.135673,0.174519,0.714110
2022-05-03 14:00:00,2702.630511,0.129882,0.167004,0.615202
2022-05-03 15:00:00,2809.389919,0.120430,0.158060,0.434461
2022-05-03 16:00:00,2728.483680,0.111006,0.173674,0.241640
2022-05-03 17:00:00,2605.667252,0.091088,0.219660,0.103964
2022-05-03 18:00:00,2502.874475,0.068722,0.233684,0.023811
2022-05-03 19:00:00,2455.625398,0.062064,0.174503,0.000187
2022-05-03 20:00:00,2335.347951,0.048415,0.135439,0.000070
2022-05-03 21:00:00,2189.874094,0.034409,0.129842,0.000068
2022-05-03 22:00:00,2079.684042,0.024628,0.162395,0.000202
2022-05-03 23:00:00,2019.913420,0.022820,0.162958,0.000113
2022-05-04 00:00:00,1986.958945,0.021003,0.109462,0.000109
2022-05-04 01:00:00,1975.531028,0.023765,0.070908,0.000107
2022-05-04 02:00:00,2023.955796,0.017980,0.063840,0.000104
2022-05-04 03:00:00,2137.306296,0.013759,0.064701,0.003330
2022-05-04 04:00:00,2421.485402,0.012857,0.056088,0.042621
2022-05-04 05:00:00,2745.582839,0.007599,0.046131,0.142977
2022-05-04 06:00:00,2872.517834,0.005331,0.036629,0.282239
2022-05-04 07:00:00,2884.863699,0.006397,0.035928,0.475985
2022-05-04 08:00:00,2936.040557,0.013767,0.042383,0.586578
2022-05-04 09:00:00,2926.930498,0.026139,0.031515,0.631015
2022-05-04 10:00:00,2884.539302,0.037911,0.013752,0.664398
2022-05-04 11:00:00,2896.722705,0.052848,0.013226,0.646184
2022-05-04 12:00:00,2840.611414,0.078424,0.027280,0.631272
2022-05-04 13:00:00,2747.503547,0.111369,0.046400,0.628385
2022-05-04 14:00:00,2715.833256,0.130824,0.049991,0.540468
2022-05-04 15:00:00,2830.747757,0.133390,0.054020,0.422233
2022-05-04 16:00:00,2739.115173,0.118768,0.058786,0.256041
2022-05-04 17:00:00,2607.788900,0.100283,0.078096,0.110232
2022-05-04 18:00:00,2496.572747,0.073016,0.087284,0.027359
2022-05-04 19:00:00,2453.113959,0.065819,0.107173,0.000610
2022-05-04 20:00:00,2354.829108,0.059304,0.075713,0.000247
2022-05-04 21:00:00,2212.214533,0.050946,0.075930,0.000231
2022-05-04 22:00:00,2100.932006,0.049902,0.084528,0.000265
2022-05-04 23:00:00,2035.436073,0.054599,0.084528,0.000198
2022-05-05 00:00:00,2001.195766,0.065617,0.094794,0.000208
2022-05-05 01:00:00,1989.504068,0.079718,0.100893,0.000213
2022-05-05 02:00:00,2027.017156,0.096639,0.086521,0.000190
2022-05-05 03:00:00,2123.157835,0.099917,0.100748,0.002417
2022-05-05 04:00:00,2413.702897,0.097119,0.131596,0.025676
2022-05-05 05:00:00,2734.501739,0.091790,0.126251,0.079150
2022-05-05 06:00:00,2877.384718,0.100145,0.135308,0.132220
2022-05-05 07:00:00,2899.259859,0.128178,0.150007,0.176375
2022-05-05 08:00:00,2955.233013,0.146206,0.137881,0.201112
2022-05-05 09:00:00,2957.512331,0.138607,0.149889,0.199393
2022-05-05 10:00:00,2887.124327,0.146087,0.155160,0.229703
2022-05-05 11:00:00,2899.372849,0.174529,0.125422,0.335147
2022-05-05 12:00:00,2868.620628,0.215110,0.087800,0.433675
2022-05-05 13:00:00,2795.904411,0.279842,0.088315,0.456460
2022-05-05 14:00:00,2782.749873,0.344728,0.129047,0.393717
2022-05-05 15:00:00,2882.669543,0.383290,0.097891,0.329587
2022-05-05 16:00:00,2812.448093,0.387942,0.105749,0.249284
2022-05-05 17:00:00,2680.187792,0.368221,0.236198,0.102092
2022-05-05 18:00:00,2574.602739,0.312433,0.281922,0.025834
2022-05-05 19:00:00,2520.168988,0.271710,0.300982,0.000704
2022-05-05 20:00:00,2431.456713,0.260130,0.255561,0.000382
2022-05-05 21:00:00,2290.643450,0.239802,0.206686,0.000367
2022-05-05 22:00:00,2177.213873,0.219623,0.163765,0.000383
2022-05-05 23:00:00,2106.078841,0.197194,0.162865,0.000329
2022-05-06 00:00:00,2067.942632,0.183335,0.171052,0.000300
2022-05-06 01:00:00,2047.473870,0.165288,0.198390,0.000345
2022-05-06 02:00:00,2058.153372,0.148475,0.225260,0.000331
2022-05-06 03:00:00,2144.495882,0.136043,0.260763,0.003255
2022-05-06 04:00:00,2450.575649,0.136834,0.238140,0.026066
2022-05-06 05:00:00,2773.507241,0.160016,0.211652,0.074046
2022-05-06 06:00:00,2911.654445,0.196672,0.180748,0.131907
2022-05-06 07:00:00,2905.504095,0.221263,0.129988,0.177583
2022-05-06 08:00:00,2944.327669,0.206061,0.101724,0.222354
2022-05-06 09:00:00,2907.398025,0.172092,0.151479,0.322546
2022-05-06 10:00:00,2821.233553,0.163402,0.188382,0.464751
2022-05-06 11:00:00,2751.845301,0.183915,0.202983,0.511025
2022-05-06 12:00:00,2649.651299,0.214314,0.220682,0.449956
2022-05-06 13:00:00,2581.037737,0.249200,0.160190,0.377177
2022-05-06 14:00:00,2583.786899,0.250610,0.179242,0.347177
2022-05-06 15:00:00,2701.150462,0.255706,0.203397,0.321817
2022-05-06 16:00:00,2647.629172,0.264181,0.265512,0.158300
2022-05-06 17:00:00,2498.147242,0.238316,0.219232,0.069867
2022-05-06 18:00:00,2373.867812,0.207405,0.295338,0.014302
2022-05-06 19:00:00,2324.104939,0.211205,0.295814,0.000402
2022-05-06 20:00:00,2232.963699,0.223877,0.243566,0.000321
2022-05-06 21:00:00,2124.105253,0.232021,0.350186,0.000323
2022-05-06 22:00:00,2011.050467,0.235358,0.390543,0.000319
2022-05-06 23:00:00,1937.954200,0.255040,0.400660,0.000281
2022-05-07 00:00:00,1884.261474,0.274591,0.392143,0.000274
2022-05-07 01:00:00,1847.762414,0.251723,0.405605,0.000250
2022-05-07 02:00:00,1860.051291,0.280533,0.422502,0.000249
2022-05-07 03:00:00,1870.438437,0.295546,0.366553,0.001466
2022-05-07 04:00:00,1937.918137,0.290598,0.355585,0.022895
2022-05-07 05:00:00,2110.244179,0.307181,0.399223,0.075781
2022-05-07 06:00:00,2299.815519,0.387525,0.403669,0.200229
2022-05-07 07:00:00,2402.959378,0.485389,0.364742,0.432009
2022-05-07 08:00:00,2435.283541,0.521113,0.373370,0.615964
2022-05-07 09:00:00,2425.932763,0.533792,0.428412,0.740992
2022-05-07 10:00:00,2405.137871,0.554394,0.432054,0.832538
2022-05-07 11:00:00,2374.845378,0.593752,0.423362,0.870801
2022-05-07 12:00:00,2346.259602,0.624614,0.448103,0.864117
2022-05-07 13:00:00,2326.247706,0.617493,0.423178,0.827732
2022-05-07 14:00:00,2304.380862,0.578636,0.484231,0.685811
2022-05-07 15:00:00,2403.173541,0.559727,0.566625,0.525138
2022-05-07 16:00:00,2392.249633,0.522580,0.658327,0.315032
2022-05-07 17:00:00,2276.504297,0.481921,0.705244,0.120864
2022-05-07 18:00:00,2195.312022,0.383752,0.772262,0.030610
2022-05-07 19:00:00,2162.988925,0.301609,0.806116,0.001131
2022-05-07 20:00:00,2112.370877,0.266401,0.849705,0.000224
2022-05-07 21:00:00,2002.630267,0.263637,0.803593,0.000220
2022-05-07 22:00:00,1912.262288,0.278081,0.773383,0.000320
2022-05-07 23:00:00,1827.428121,0.255423,0.707937,0.000279
2022-05-08 00:00:00,1780.489171,0.252441,0.669642,0.000237
2022-05-08 01:00:00,1762.601180,0.238447,0.639525,0.000242
2022-05-08 02:00:00,1771.255162,0.225454,0.618991,0.000227
2022-05-08 03:00:00,1764.548986,0.208639,0.589284,0.004980
2022-05-08 04:00:00,1816.210856,0.185851,0.510488,0.044135
2022-05-08 05:00:00,1953.025893,0.146147,0.391732,0.169738
2022-05-08 06:00:00,2123.533808,0.153941,0.332364,0.399929
2022-05-08 07:00:00,2221.560754,0.119745,0.235021,0.616983
2022-05-08 08:00:00,2268.807768,0.129229,0.156523,0.788283
2022-05-08 09:00:00,2287.892069,0.155807,0.178103,0.875944
2022-05-08 10:00:00,2295.059358,0.161110,0.151297,0.904919
2022-05-08 11:00:00,2300.005919,0.154518,0.146231,0.909638
2022-05-08 12:00:00,2280.372426,0.131145,0.172239,0.897226
2022-05-08 13:00:00,2267.228935,0.116716,0.233906,0.845721
2022-05-08 14:00:00,2282.948765,0.106964,0.284562,0.727728
2022-05-08 15:00:00,2368.553159,0.094325,0.303623,0.538637
2022-05-08 16:00:00,2357.284910,0.098676,0.291789,0.316531
2022-05-08 17:00:00,2260.947393,0.098567,0.274207,0.114564
2022-05-08 18:00:00,2215.759795,0.084519,0.251361,0.027677
2022-05-08 19:00:00,2203.139342,0.087053,0.231478,0.001232
2022-05-08 20:00:00,2152.566131,0.082115,0.221531,0.000489
2022-05-08 21:00:00,2047.562534,0.077696,0.134264,0.000458
2022-05-08 22:00:00,1958.970761,0.070567,0.050335,0.000272
2022-05-08 23:00:00,1902.223137,0.084727,0.054393,0.000248
2022-05-09 00:00:00,1880.543364,0.092672,0.098130,0.000253
2022-05-09 01:00:00,1881.509555,0.118063,0.079364,0.000208
2022-05-09 02:00:00,1935.279295,0.134656,0.073066,0.000166
2022-05-09 03:00:00,2055.284590,0.155892,0.111574,0.006639
2022-05-09 04:00:00,2372.955571,0.167957,0.192273,0.048965
2022-05-09 05:00:00,2683.565735,0.107297,0.213794,0.164998
2022-05-09 06:00:00,2818.120308,0.069895,0.163016,0.354157
2022-05-09 07:00:00,2856.628541,0.106602,0.175737,0.560292
2022-05-09 08:00:00,2929.048684,0.162254,0.181622,0.723543
2022-05-09 09:00:00,2930.304449,0.191048,0.168732,0.816492
2022-05-09 10:00:00,2893.335259,0.199728,0.172830,0.851832
2022-05-09 11:00:00,2912.369072,0.204849,0.192378,0.859362
2022-05-09 12:00:00,2851.121369,0.225795,0.229022,0.859233
2022-05-09 13:00:00,2756.873381,0.239964,0.214202,0.836789
2022-05-09 14:00:00,2711.517639,0.251482,0.234043,0.731395
2022-05-09 15:00:00,2809.110852,0.283842,0.233046,0.523565
2022-05-09 16:00:00,2720.916648,0.239976,0.282634,0.281699
2022-05-09 17:00:00,2597.305089,0.197723,0.308903,0.092296
2022-05-09 18:00:00,2503.954863,0.159995,0.383541,0.026519
2022-05-09 19:00:00,2448.307001,0.155173,0.495218,0.000729
2022-05-09 20:00:00,2352.257956,0.186962,0.502923,0.000521
2022-05-09 21:00:00,2199.453069,0.227666,0.493314,0.000418
2022-05-09 22:00:00,2086.550177,0.267160,0.458659,0.000187
2022-05-09 23:00:00,2011.019097,0.276048,0.492089,0.000184
2022-05-10 00:00:00,1976.021201,0.262125,0.535629,0.000178
2022-05-10 01:00:00,1955.567536,0.261175,0.585631,0.000177
2022-05-10 02:00:00,1993.076193,0.258048,0.751815,0.000182
2022-05-10 03:00:00,2097.175251,0.263738,0.911828,0.003022
2022-05-10 04:00:00,2516.345311,0.286201,0.954278,0.022542
2022-05-10 05:00:00,2775.701987,0.324469,0.956193,0.049273
2022-05-10 06:00:00,2913.628346,0.344620,0.912676,0.085806
2022-05-10 07:00:00,2896.499034,0.371544,0.856641,0.115092
2022-05-10 08:00:00,2962.815557,0.433920,0.872779,0.165175
2022-05-10 09:00:00,3117.608565,0.475495,0.892706,0.188408
2022-05-10 10:00:00,2978.922077,0.537996,0.798742,0.187219
2022-05-10 11:00:00,3007.324295,0.623694,0.801636,0.176967
2022-05-10 12:00:00,3166.134161,0.630910,0.892742,0.199213
2022-05-10 13:00:00,2995.645064,0.645663,0.927348,0.193548
2022-05-10 14:00:00,2865.627245,0.658731,0.946021,0.187949
2022-05-10 15:00:00,2961.976772,0.668280,0.941279,0.113260
2022-05-10 16:00:00,2864.127394,0.655032,0.903182,0.069987
2022-05-10 17:00:00,2705.020642,0.627546,0.910478,0.061163
2022-05-10 18:00:00,2542.888862,0.519265,0.799852,0.027582
2022-05-10 19:00:00,2453.600763,0.373789,0.712393,0.001648
2022-05-10 20:00:00,2356.968923,0.312560,0.663548,0.000181
2022-05-10 21:00:00,2210.842342,0.302996,0.625256,0.000155
2022-05-10 22:00:00,2087.361660,0.274651,0.544795,0.000151
2022-05-10 23:00:00,2018.596187,0.269206,0.527694,0.000134
2022-05-11 00:00:00,1980.910327,0.285122,0.516997,0.000129
2022-05-11 01:00:00,1963.114997,0.283937,0.480437,0.000134
2022-05-11 02:00:00,1989.110568,0.269199,0.439404,0.000126
2022-05-11 03:00:00,2090.219099,0.257436,0.551006,0.004741
2022-05-11 04:00:00,2407.161229,0.236044,0.644863,0.032739
2022-05-11 05:00:00,2736.614673,0.245779,0.728995,0.076858
2022-05-11 06:00:00,2876.390528,0.276857,0.830118,0.127429
2022-05-11 07:00:00,2913.444546,0.363314,0.856880,0.167680
2022-05-11 08:00:00,2969.016015,0.439620,0.787414,0.179783
2022-05-11 09:00:00,2997.733550,0.462917,0.776172,0.223440
2022-05-11 10:00:00,2985.279526,0.450143,0.810497,0.223806
2022-05-11 11:00:00,3134.866135,0.469901,0.795748,0.379779
2022-05-11 12:00:00,3108.799537,0.566155,0.786128,0.444747
2022-05-11 13:00:00,2987.443882,0.617000,0.741272,0.354819
2022-05-11 14:00:00,2899.383843,0.615706,0.786204,0.217926
2022-05-11 15:00:00,2931.936822,0.560198,0.834959,0.127591
2022-05-11 16:00:00,2825.092935,0.517080,0.775876,0.065198
2022-05-11 17:00:00,2695.507997,0.444141,0.729563,0.035094
2022-05-11 18:00:00,2584.860039,0.370616,0.725558,0.014414
2022-05-11 19:00:00,2494.640982,0.331526,0.573271,0.000683
2022-05-11 20:00:00,2374.276845,0.283051,0.503087,0.000206
2022-05-11 21:00:00,2211.452574,0.246599,0.488214,0.000207
2022-05-11 22:00:00,2085.508282,0.234753,0.456080,0.000189
2022-05-11 23:00:00,2020.330779,0.272409,0.543685,0.000184
2022-05-12 00:00:00,1978.629860,0.314875,0.612352,0.000178
2022-05-12 01:00:00,1963.824220,0.375336,0.695105,0.000176
2022-05-12 02:00:00,2087.983211,0.463111,0.766548,0.000184
2022-05-12 03:00:00,2261.736769,0.497227,0.748308,0.006734
2022-05-12 04:00:00,2739.918313,0.422111,0.680535,0.045734
2022-05-12 05:00:00,3193.411154,0.398163,0.591754,0.165870
2022-05-12 06:00:00,3365.692087,0.482724,0.543615,0.339186
2022-05-12 07:00:00,3360.438228,0.480291,0.546064,0.539475
2022-05-12 08:00:00,3264.868198,0.512433,0.562848,0.684081
2022-05-12 09:00:00,3314.329889,0.584304,0.594024,0.678975
2022-05-12 10:00:00,3151.795457,0.632420,0.711334,0.682774
2022-05-12 11:00:00,3196.338475,0.736873,0.802789,0.672875
2022-05-12 12:00:00,3221.025555,0.708614,0.752821,0.568724
2022-05-12 13:00:00,3140.593484,0.749028,0.757396,0.549205
2022-05-12 14:00:00,3095.219999,0.647322,0.824311,0.426773
2022-05-12 15:00:00,3124.253949,0.606025,0.764704,0.349232
2022-05-12 16:00:00,3088.629716,0.475067,0.475963,0.241074
2022-05-12 17:00:00,2925.094630,0.380318,0.490272,0.110663
2022-05-12 18:00:00,2719.711151,0.411824,0.651591,0.030915
2022-05-12 19:00:00,2452.184172,0.361077,0.708754,0.002619
2022-05-12 20:00:00,2300.434098,0.360529,0.701994,0.000223
2022-05-12 21:00:00,2125.584689,0.325573,0.611263,0.000229
2022-05-12 22:00:00,1997.055358,0.288897,0.577179,0.000236
2022-05-12 23:00:00,1897.560377,0.280414,0.523633,0.000187
2022-05-13 00:00:00,1834.935557,0.233769,0.549188,0.000177
2022-05-13 01:00:00,1794.507579,0.194856,0.571337,0.000183
2022-05-13 02:00:00,1797.654090,0.188620,0.533711,0.000197
2022-05-13 03:00:00,1795.235782,0.192286,0.432856,0.003196
2022-05-13 04:00:00,1883.541694,0.177457,0.429070,0.026085
2022-05-13 05:00:00,2051.851098,0.188203,0.441174,0.074541
2022-05-13 06:00:00,2212.643384,0.274598,0.247672,0.171038
2022-05-13 07:00:00,2338.962729,0.306138,0.398347,0.312297
2022-05-13 08:00:00,2499.772971,0.394998,0.503895,0.426703
2022-05-13 09:00:00,2811.378273,0.456432,0.549001,0.384299
2022-05-13 10:00:00,2837.480491,0.503295,0.560713,0.386502
2022-05-13 11:00:00,2819.666102,0.601641,0.500968,0.404000
2022-05-13 12:00:00,2555.663287,0.623583,0.600974,0.415731
2022-05-13 13:00:00,2791.954099,0.584701,0.719624,0.409080
2022-05-13 14:00:00,2819.626804,0.534163,0.733461,0.332376
2022-05-13 15:00:00,2879.727012,0.618628,0.745707,0.206940
2022-05-13 16:00:00,2798.518371,0.723300,0.836779,0.112145
2022-05-13 17:00:00,2653.639398,0.646564,0.940223,0.052484
2022-05-13 18:00:00,2625.948556,0.471673,0.883481,0.018228
2022-05-13 19:00:00,2579.823299,0.516780,0.942372,0.001833
2022-05-13 20:00:00,2548.396324,0.518202,0.954871,0.000219
2022-05-13 21:00:00,2388.542167,0.556736,0.946646,0.000214
2022-05-13 22:00:00,2301.807598,0.544826,0.664087,0.000226
2022-05-13 23:00:00,2210.667741,0.542679,0.634562,0.000210
2022-05-14 00:00:00,2213.474564,0.434073,0.566577,0.000196
2022-05-14 01:00:00,2162.359829,0.379598,0.586800,0.000186
2022-05-14 02:00:00,2139.397245,0.371342,0.547908,0.000202
2022-05-14 03:00:00,2085.610828,0.363507,0.533541,0.005360
2022-05-14 04:00:00,2079.608021,0.358562,0.496585,0.043884
2022-05-14 05:00:00,2330.309045,0.532597,0.382522,0.153840
2022-05-14 06:00:00,2330.037229,0.593948,0.269666,0.316314
2022-05-14 07:00:00,2366.101509,0.590198,0.548146,0.490098
2022-05-14 08:00:00,2505.695458,0.644375,0.549208,0.626349
2022-05-14 09:00:00,2553.822506,0.609786,0.491407,0.728138
2022-05-14 10:00:00,2592.932319,0.593858,0.412470,0.774871
2022-05-14 11:00:00,2683.204213,0.562515,0.595735,0.818290
2022-05-14 12:00:00,2642.608326,0.547216,0.542163,0.772560
2022-05-14 13:00:00,2486.062395,0.721795,0.604890,0.736567
2022-05-14 14:00:00,2483.634778,0.729564,0.584131,0.662025
2022-05-14 15:00:00,2374.090073,0.701084,0.490258,0.562311
2022-05-14 16:00:00,2332.010843,0.600181,0.425635,0.343119
2022-05-14 17:00:00,2178.294884,0.492629,0.370284,0.135726
2022-05-14 18:00:00,2070.189043,0.330570,0.342535,0.035657
2022-05-14 19:00:00,2028.427635,0.250432,0.352452,0.003579
2022-05-14 20:00:00,1997.846209,0.221708,0.356612,0.000260
2022-05-14 21:00:00,1900.889079,0.220103,0.363404,0.000229
2022-05-14 22:00:00,1822.479390,0.226056,0.362508,0.000224
2022-05-14 23:00:00,1748.455409,0.200959,0.349629,0.000219
2022-05-15 00:00:00,1702.933473,0.178928,0.368990,0.000194
2022-05-15 01:00:00,1667.876533,0.150760,0.350650,0.000175
2022-05-15 02:00:00,1668.142358,0.147511,0.325820,0.000152
2022-05-15 03:00:00,1655.249218,0.139389,0.306608,0.007373
2022-05-15 04:00:00,1714.242239,0.128279,0.276118,0.040773
2022-05-15 05:00:00,1846.912266,0.101561,0.226403,0.121345
2022-05-15 06:00:00,2044.439127,0.095055,0.159445,0.256618
2022-05-15 07:00:00,2152.966511,0.083567,0.112548,0.446352
2022-05-15 08:00:00,2214.262898,0.079412,0.089184,0.667326
2022-05-15 09:00:00,2246.870618,0.082592,0.064196,0.750095
2022-05-15 10:00:00,2255.983701,0.085389,0.030968,0.806078
2022-05-15 11:00:00,2410.090212,0.078626,0.014816,0.772930
2022-05-15 12:00:00,2442.651931,0.081982,0.009600,0.792600
2022-05-15 13:00:00,2396.859638,0.077615,0.010913,0.749944
2022-05-15 14:00:00,2262.837900,0.071192,0.007993,0.663413
2022-05-15 15:00:00,2333.477276,0.061628,0.008878,0.494050
2022-05-15 16:00:00,2313.579887,0.051081,0.025124,0.321043
2022-05-15 17:00:00,2213.947783,0.044593,0.048322,0.127647
2022-05-15 18:00:00,2157.391803,0.034478,0.089579,0.037666
2022-05-15 19:00:00,2106.983825,0.037988,0.107742,0.003759
2022-05-15 20:00:00,2074.814679,0.044280,0.123332,0.000190
2022-05-15 21:00:00,1963.717751,0.038191,0.125314,0.000165
2022-05-15 22:00:00,1886.363882,0.034135,0.147984,0.000183
2022-05-15 23:00:00,1838.204120,0.039866,0.135127,0.000154
2022-05-16 00:00:00,1811.684399,0.041237,0.117823,0.000162
2022-05-16 01:00:00,1813.903437,0.040684,0.131893,0.000156
2022-05-16 02:00:00,1841.020274,0.049642,0.091737,0.000148
2022-05-16 03:00:00,1939.709846,0.048035,0.091165,0.009885
2022-05-16 04:00:00,2258.261525,0.045729,0.062082,0.051142
2022-05-16 05:00:00,2593.877218,0.034500,0.102230,0.124987
2022-05-16 06:00:00,2761.680738,0.028160,0.150890,0.229070
2022-05-16 07:00:00,2802.191344,0.037483,0.176626,0.356239
2022-05-16 08:00:00,2858.273771,0.060014,0.183406,0.437948
2022-05-16 09:00:00,2875.074393,0.083815,0.262496,0.477216
2022-05-16 10:00:00,2826.472405,0.133209,0.343351,0.462366
2022-05-16 11:00:00,2857.468086,0.198310,0.394982,0.439288
2022-05-16 12:00:00,3050.546682,0.241027,0.406723,0.436439
2022-05-16 13:00:00,3081.814556,0.153915,0.422739,0.420959
2022-05-16 14:00:00,3087.882775,0.132653,0.354623,0.416004
2022-05-16 15:00:00,3149.568038,0.147630,0.438725,0.347102
2022-05-16 16:00:00,3030.159638,0.138926,0.419358,0.226369
2022-05-16 17:00:00,2857.980074,0.151129,0.525724,0.096845
2022-05-16 18:00:00,2621.921359,0.102476,0.540999,0.036565
2022-05-16 19:00:00,2389.953934,0.167707,0.530886,0.002445
2022-05-16 20:00:00,2323.764974,0.218285,0.536542,0.000184
2022-05-16 21:00:00,2194.398596,0.254714,0.698126,0.000164
2022-05-16 22:00:00,2068.186731,0.278515,0.612968,0.000172
2022-05-16 23:00:00,2001.044015,0.258630,0.520548,0.000158
2022-05-17 00:00:00,1955.655686,0.228812,0.536635,0.000144
2022-05-17 01:00:00,1944.903872,0.235719,0.591876,0.000141
2022-05-17 02:00:00,1968.132774,0.232402,0.546180,0.000339
2022-05-17 03:00:00,2046.816660,0.223807,0.386730,0.009800
2022-05-17 04:00:00,2349.264597,0.180916,0.354930,0.056515
2022-05-17 05:00:00,2673.065095,0.133316,0.355096,0.136687
2022-05-17 06:00:00,2809.971162,0.121552,0.376286,0.248117
2022-05-17 07:00:00,2848.524178,0.148438,0.308370,0.377673
2022-05-17 08:00:00,3063.009975,0.200219,0.254765,0.644163
2022-05-17 09:00:00,2942.506102,0.288820,0.224052,0.677456
2022-05-17 10:00:00,2911.400558,0.318371,0.155866,0.755517
2022-05-17 11:00:00,2916.000192,0.316083,0.133063,0.721559
2022-05-17 12:00:00,2867.060739,0.307290,0.168536,0.734542
2022-05-17 13:00:00,2794.816412,0.294872,0.206088,0.805995
2022-05-17 14:00:00,2756.958584,0.267329,0.288662,0.711859
2022-05-17 15:00:00,2811.275183,0.239458,0.254820,0.537636
2022-05-17 16:00:00,2730.572563,0.218263,0.194713,0.319281
2022-05-17 17:00:00,2594.528945,0.213046,0.228037,0.137829
2022-05-17 18:00:00,2488.423647,0.189267,0.298729,0.040671
2022-05-17 19:00:00,2422.070099,0.203505,0.527974,0.004461
2022-05-17 20:00:00,2383.971944,0.243255,0.589835,0.000200
2022-05-17 21:00:00,2244.492118,0.269496,0.726618,0.000171
2022-05-17 22:00:00,2142.966050,0.293133,0.804257,0.000186
2022-05-17 23:00:00,2236.603655,0.328638,0.864806,0.000163
2022-05-18 00:00:00,2090.447625,0.368539,0.891736,0.000155
2022-05-18 01:00:00,2114.574964,0.396349,0.904114,0.000148
2022-05-18 02:00:00,2144.214361,0.356282,0.869438,0.000335
2022-05-18 03:00:00,2225.678652,0.334181,0.861422,0.008615
2022-05-18 04:00:00,2493.473707,0.368432,0.883747,0.059203
2022-05-18 05:00:00,2749.396994,0.378481,0.880802,0.168393
2022-05-18 06:00:00,2906.936281,0.370901,0.855977,0.356943
2022-05-18 07:00:00,2895.081932,0.326599,0.854683,0.514434
2022-05-18 08:00:00,2949.434123,0.291293,0.838739,0.696586
2022-05-18 09:00:00,3021.483723,0.254843,0.754071,0.749184
2022-05-18 10:00:00,2976.081058,0.224495,0.620824,0.745588
2022-05-18 11:00:00,2915.094740,0.209002,0.632463,0.662510
2022-05-18 12:00:00,2859.026257,0.204564,0.555020,0.570259
2022-05-18 13:00:00,2795.913018,0.184256,0.500034,0.602546
2022-05-18 14:00:00,2748.832300,0.187300,0.400748,0.456455
2022-05-18 15:00:00,2818.922046,0.154885,0.365032,0.327803
2022-05-18 16:00:00,2758.005782,0.102394,0.322570,0.205686
2022-05-18 17:00:00,2629.597214,0.058942,0.306152,0.103643
2022-05-18 18:00:00,2518.954319,0.044362,0.267073,0.042755
2022-05-18 19:00:00,2436.721249,0.037542,0.255024,0.004092
2022-05-18 20:00:00,2367.768591,0.035080,0.176366,0.000232
2022-05-18 21:00:00,2217.807402,0.033746,0.128496,0.000277
2022-05-18 22:00:00,2089.922234,0.038213,0.102024,0.000311
2022-05-18 23:00:00,2014.474455,0.040805,0.074380,0.000241
2022-05-19 00:00:00,1967.744954,0.038931,0.092654,0.000213
2022-05-19 01:00:00,1947.995262,0.040624,0.069138,0.000192
2022-05-19 02:00:00,1970.390618,0.024893,0.051966,0.000248
2022-05-19 03:00:00,2051.637283,0.015577,0.042132,0.006578
2022-05-19 04:00:00,2342.587270,0.014241,0.045020,0.040020
2022-05-19 05:00:00,2668.878099,0.006944,0.052838,0.102171
2022-05-19 06:00:00,2822.320962,0.001540,0.046109,0.189288
2022-05-19 07:00:00,2866.213081,0.005979,0.012261,0.248602
2022-05-19 08:00:00,2928.620897,0.016426,0.023730,0.286711
2022-05-19 09:00:00,2931.759289,0.025349,0.041419,0.272815
2022-05-19 10:00:00,2890.165285,0.019340,0.063556,0.268329
2022-05-19 11:00:00,2886.965694,0.016857,0.087716,0.256223
2022-05-19 12:00:00,2856.295326,0.013752,0.088661,0.448729
2022-05-19 13:00:00,2774.249077,0.011813,0.080253,0.503118
2022-05-19 14:00:00,2733.736418,0.008100,0.112493,0.438641
2022-05-19 15:00:00,2830.130836,0.027547,0.058131,0.269116
2022-05-19 16:00:00,2748.704810,0.035321,0.006335,0.100862
2022-05-19 17:00:00,2633.336635,0.005438,0.004317,0.044400
2022-05-19 18:00:00,2509.926062,0.006129,0.013771,0.015984
2022-05-19 19:00:00,2422.516061,0.030941,0.081756,0.001772
2022-05-19 20:00:00,2338.865085,0.037336,0.058976,0.000184
2022-05-19 21:00:00,2187.540376,0.024491,0.128455,0.000188
2022-05-19 22:00:00,2055.156184,0.031591,0.125627,0.000185
2022-05-19 23:00:00,1989.276055,0.063591,0.135794,0.000155
2022-05-20 00:00:00,1940.395423,0.122311,0.189490,0.000168
2022-05-20 01:00:00,1908.323962,0.138382,0.126935,0.000147
2022-05-20 02:00:00,1934.897087,0.146744,0.183339,0.000211
2022-05-20 03:00:00,2014.401268,0.163185,0.239859,0.011082
2022-05-20 04:00:00,2321.347198,0.156109,0.168996,0.047734
2022-05-20 05:00:00,2637.688984,0.153933,0.175997,0.092830
2022-05-20 06:00:00,2804.604069,0.152704,0.169404,0.163343
2022-05-20 07:00:00,2828.891260,0.136828,0.207276,0.255642
2022-05-20 08:00:00,2886.939498,0.142264,0.201263,0.470011
2022-05-20 09:00:00,2871.594027,0.139139,0.152673,0.670691
2022-05-20 10:00:00,2793.563840,0.136441,0.117020,0.805015
2022-05-20 11:00:00,2729.463507,0.132722,0.121361,0.790112
2022-05-20 12:00:00,2604.475029,0.138279,0.050653,0.576488
2022-05-20 13:00:00,2519.379221,0.117867,0.019483,0.461821
2022-05-20 14:00:00,2500.278714,0.072894,0.008348,0.346661
2022-05-20 15:00:00,2600.926078,0.039984,0.007683,0.185695
2022-05-20 16:00:00,2560.377126,0.033789,0.008536,0.104350
2022-05-20 17:00:00,2397.201951,0.023747,0.024610,0.052988
2022-05-20 18:00:00,2291.150087,0.015657,0.057813,0.016480
2022-05-20 19:00:00,2220.894776,0.027902,0.003379,0.000704
2022-05-20 20:00:00,2156.101025,0.037795,0.001309,0.000173
2022-05-20 21:00:00,2263.811524,0.044097,0.015665,0.000166
2022-05-20 22:00:00,1960.785018,0.051531,0.094663,0.000160
2022-05-20 23:00:00,1872.281979,0.076514,0.171876,0.000156
2022-05-21 00:00:00,1865.270509,0.072007,0.553287,0.000148
2022-05-21 01:00:00,1947.877636,0.098733,0.627527,0.000139
2022-05-21 02:00:00,1921.625786,0.143139,0.593239,0.000147
2022-05-21 03:00:00,1906.040968,0.175090,0.499492,0.003473
2022-05-21 04:00:00,1942.989487,0.193590,0.347908,0.029951
2022-05-21 05:00:00,2050.143528,0.171627,0.321804,0.099921
2022-05-21 06:00:00,2202.727798,0.181013,0.263737,0.202033
2022-05-21 07:00:00,2295.961118,0.185268,0.189321,0.290895
2022-05-21 08:00:00,2339.312565,0.187103,0.206663,0.335305
2022-05-21 09:00:00,2391.538831,0.192920,0.283876,0.412486
2022-05-21 10:00:00,2380.890748,0.197114,0.505717,0.470223
2022-05-21 11:00:00,2420.427428,0.210812,0.539403,0.494288
2022-05-21 12:00:00,2373.369596,0.252751,0.399398,0.457495
2022-05-21 13:00:00,2349.874477,0.288446,0.346909,0.483683
2022-05-21 14:00:00,2411.173035,0.292490,0.275879,0.474802
2022-05-21 15:00:00,2383.561216,0.291611,0.249309,0.406025
2022-05-21 16:00:00,2675.439643,0.270515,0.284217,0.279694
2022-05-21 17:00:00,2497.923766,0.271644,0.333810,0.116035
2022-05-21 18:00:00,2208.532884,0.233015,0.253338,0.030782
2022-05-21 19:00:00,2013.959863,0.211189,0.276914,0.001963
2022-05-21 20:00:00,2001.553845,0.229291,0.232718,0.000176
2022-05-21 21:00:00,1906.120952,0.213147,0.313336,0.000180
2022-05-21 22:00:00,1811.262313,0.194801,0.351823,0.000080
2022-05-21 23:00:00,1733.434011,0.160294,0.268486,0.000053
2022-05-22 00:00:00,1685.840543,0.148761,0.236974,0.000044
2022-05-22 01:00:00,1661.051139,0.152242,0.206446,0.000035
2022-05-22 02:00:00,1654.663233,0.145057,0.232059,0.000072
2022-05-22 03:00:00,1640.314517,0.126266,0.236263,0.010656
2022-05-22 04:00:00,1706.596607,0.112504,0.244422,0.049195
2022-05-22 05:00:00,1839.414310,0.096312,0.184863,0.143304
2022-05-22 06:00:00,2006.535120,0.106941,0.090949,0.288366
2022-05-22 07:00:00,2129.043723,0.115020,0.071597,0.464160
2022-05-22 08:00:00,2248.713816,0.110050,0.065017,0.626513
2022-05-22 09:00:00,2314.283291,0.107848,0.051106,0.676790
2022-05-22 10:00:00,2292.235666,0.104955,0.051733,0.719616
2022-05-22 11:00:00,2317.001528,0.103252,0.066741,0.738305
2022-05-22 12:00:00,2266.950981,0.097977,0.050710,0.748697
2022-05-22 13:00:00,2236.812191,0.088146,0.032363,0.685071
2022-05-22 14:00:00,2225.228207,0.063843,0.024953,0.651166
2022-05-22 15:00:00,2337.790583,0.052902,0.039123,0.496501
2022-05-22 16:00:00,2317.478201,0.032644,0.057221,0.322052
2022-05-22 17:00:00,2212.951840,0.024096,0.098112,0.144435
2022-05-22 18:00:00,2147.948236,0.022053,0.092440,0.039241
2022-05-22 19:00:00,2086.728384,0.024834,0.095440,0.005053
2022-05-22 20:00:00,2059.092351,0.022779,0.117527,0.000077
2022-05-22 21:00:00,1959.417575,0.016947,0.131892,0.000066
2022-05-22 22:00:00,1876.865539,0.015253,0.126533,0.000061
2022-05-22 23:00:00,1824.617959,0.017095,0.170089,0.000042
2022-05-23 00:00:00,1794.163593,0.037478,0.263932,0.000039
2022-05-23 01:00:00,1789.132604,0.083435,0.280591,0.000036
2022-05-23 02:00:00,1823.130425,0.111304,0.277379,0.000146
2022-05-23 03:00:00,1929.089376,0.139506,0.322948,0.013218
2022-05-23 04:00:00,2275.948476,0.149627,0.353894,0.069819
2022-05-23 05:00:00,2597.251559,0.124397,0.375100,0.190751
2022-05-23 06:00:00,2760.350274,0.134581,0.395863,0.368023
2022-05-23 07:00:00,2817.127299,0.216794,0.407415,0.545727
2022-05-23 08:00:00,3219.974830,0.229325,0.533288,0.731613
2022-05-23 09:00:00,3327.750888,0.260280,0.586878,0.798684
2022-05-23 10:00:00,3155.879388,0.311372,0.649043,0.835282
2022-05-23 11:00:00,3139.241402,0.371676,0.646037,0.875649
2022-05-23 12:00:00,3076.746377,0.403175,0.639039,0.857854
2022-05-23 13:00:00,2971.952330,0.410638,0.721254,0.809316
2022-05-23 14:00:00,3019.904574,0.394018,0.434850,0.693213
2022-05-23 15:00:00,3155.996944,0.425020,0.453826,0.550541
2022-05-23 16:00:00,3062.502386,0.478572,0.503625,0.331089
2022-05-23 17:00:00,2839.405547,0.466528,0.522358,0.137305
2022-05-23 18:00:00,2684.496698,0.409953,0.499253,0.038927
2022-05-23 19:00:00,2564.949167,0.414113,0.475013,0.003878
2022-05-23 20:00:00,2510.750871,0.443901,0.485576,0.000133
2022-05-23 21:00:00,2364.701545,0.508419,0.489557,0.000130
2022-05-23 22:00:00,2243.374613,0.493677,0.479060,0.000143
2022-05-23 23:00:00,2174.681819,0.481416,0.496754,0.000121
2022-05-24 00:00:00,2104.594740,0.521405,0.517166,0.000123
2022-05-24 01:00:00,2029.844813,0.437416,0.688283,0.000097
2022-05-24 02:00:00,2075.067595,0.428275,0.751145,0.000083
2022-05-24 03:00:00,2278.047634,0.445906,0.759708,0.002786
2022-05-24 04:00:00,2471.692426,0.564711,0.642288,0.010592
2022-05-24 05:00:00,2756.145085,0.578657,0.897865,0.022308
2022-05-24 06:00:00,2881.794707,0.495527,0.746074,0.057451
2022-05-24 07:00:00,2870.823336,0.434918,0.814805,0.130407
2022-05-24 08:00:00,2916.342212,0.378362,0.664676,0.240606
2022-05-24 09:00:00,2903.568014,0.336992,0.405002,0.370297
2022-05-24 10:00:00,2859.564214,0.352524,0.329913,0.453512
2022-05-24 11:00:00,2876.758443,0.338014,0.331445,0.440682
2022-05-24 12:00:00,2790.360809,0.303911,0.392884,0.369409
2022-05-24 13:00:00,2695.300230,0.266980,0.385805,0.329365
2022-05-24 14:00:00,2689.853220,0.259624,0.385897,0.303848
2022-05-24 15:00:00,2807.829276,0.259247,0.447274,0.273413
2022-05-24 16:00:00,2726.854329,0.270989,0.426890,0.207288
2022-05-24 17:00:00,2590.131259,0.270892,0.453971,0.090560
2022-05-24 18:00:00,2464.048500,0.260793,0.512170,0.029967
2022-05-24 19:00:00,2374.252545,0.268381,0.657149,0.002952
2022-05-24 20:00:00,2300.234849,0.288835,0.666035,0.000080
2022-05-24 21:00:00,2155.982777,0.321677,0.754617,0.000075
2022-05-24 22:00:00,2041.112660,0.337418,0.834958,0.000074
2022-05-24 23:00:00,1977.003609,0.348623,0.861120,0.000067
2022-05-25 00:00:00,1943.214773,0.379529,0.825235,0.000056
2022-05-25 01:00:00,1923.522339,0.361795,0.796605,0.000051
2022-05-25 02:00:00,1946.321632,0.329859,0.646496,0.000070
2022-05-25 03:00:00,2044.262501,0.310400,0.526387,0.013403
2022-05-25 04:00:00,2343.725247,0.278075,0.416068,0.062387
2022-05-25 05:00:00,2662.389120,0.280647,0.375285,0.194780
2022-05-25 06:00:00,2818.045961,0.339514,0.419404,0.365034
2022-05-25 07:00:00,2834.801267,0.383023,0.359387,0.481204
2022-05-25 08:00:00,2900.059303,0.405257,0.366924,0.564269
2022-05-25 09:00:00,3075.135594,0.378657,0.492643,0.641276
2022-05-25 10:00:00,3045.348806,0.446774,0.668877,0.628187
2022-05-25 11:00:00,3051.943741,0.507398,0.652988,0.666793
2022-05-25 12:00:00,2992.801394,0.545101,0.502710,0.684550
2022-05-25 13:00:00,2825.685726,0.589000,0.591507,0.631071
2022-05-25 14:00:00,2722.349105,0.593977,0.560262,0.508918
2022-05-25 15:00:00,2764.282465,0.588280,0.589383,0.318340
2022-05-25 16:00:00,2710.038114,0.533375,0.648397,0.191356
2022-05-25 17:00:00,2597.760900,0.496803,0.629699,0.110954
2022-05-25 18:00:00,2514.723102,0.492110,0.641709,0.040856
2022-05-25 19:00:00,2344.460030,0.453423,0.794166,0.004699
2022-05-25 20:00:00,2274.154382,0.468547,0.931300,0.000091
2022-05-25 21:00:00,2237.299338,0.496309,0.957541,0.000081
2022-05-25 22:00:00,2173.720638,0.573582,0.959466,0.000081
2022-05-25 23:00:00,2070.361783,0.526336,0.963389,0.000077
2022-05-26 00:00:00,2039.455878,0.428934,0.887412,0.000054
2022-05-26 01:00:00,2033.871837,0.388820,0.716260,0.000049
2022-05-26 02:00:00,2076.133304,0.402478,0.691640,0.000102
2022-05-26 03:00:00,2135.655221,0.424420,0.671305,0.013806
2022-05-26 04:00:00,2178.409445,0.465687,0.762482,0.070655
2022-05-26 05:00:00,2341.210042,0.565700,0.604077,0.186604
2022-05-26 06:00:00,2408.012460,0.603504,0.601333,0.355596
2022-05-26 07:00:00,2517.377876,0.766021,0.702132,0.533104
2022-05-26 08:00:00,2564.439024,0.687088,0.879984,0.632534
2022-05-26 09:00:00,2584.094634,0.602832,0.673646,0.629310
2022-05-26 10:00:00,2486.001167,0.777365,0.126028,0.711838
2022-05-26 11:00:00,2459.145722,0.775582,0.084657,0.702344
2022-05-26 12:00:00,2453.693083,0.685978,0.053136,0.633699
2022-05-26 13:00:00,2411.042527,0.721626,0.089751,0.701565
2022-05-26 14:00:00,2396.725561,0.673442,0.495037,0.649657
2022-05-26 15:00:00,2485.727954,0.764021,0.788447,0.483647
2022-05-26 16:00:00,2439.192653,0.616823,0.868408,0.298688
2022-05-26 17:00:00,2246.413851,0.581881,0.715555,0.147452
2022-05-26 18:00:00,2119.421416,0.404744,0.667289,0.053778
2022-05-26 19:00:00,2051.380404,0.321311,0.576030,0.007939
2022-05-26 20:00:00,2009.773439,0.323172,0.507039,0.000089
2022-05-26 21:00:00,1930.152027,0.261789,0.648060,0.000079
2022-05-26 22:00:00,1913.397718,0.329086,0.760512,0.000080
2022-05-26 23:00:00,1867.333386,0.393756,0.799777,0.000072
2022-05-27 00:00:00,1884.713785,0.391137,0.818028,0.000056
2022-05-27 01:00:00,1868.269511,0.414579,0.708432,0.000052
2022-05-27 02:00:00,1842.000431,0.440740,0.795007,0.000205
2022-05-27 03:00:00,1908.817547,0.384293,0.611919,0.015540
2022-05-27 04:00:00,2057.286848,0.373983,0.620040,0.074749
2022-05-27 05:00:00,2333.793052,0.495157,0.640113,0.215662
2022-05-27 06:00:00,2526.874559,0.658495,0.779945,0.371761
2022-05-27 07:00:00,2638.213645,0.595398,0.957969,0.484085
2022-05-27 08:00:00,2750.996669,0.517846,0.940154,0.511801
2022-05-27 09:00:00,2764.516477,0.506503,0.679415,0.649589
2022-05-27 10:00:00,2643.085154,0.712220,0.677714,0.685997
2022-05-27 11:00:00,2576.689468,0.586510,0.082785,0.692616
2022-05-27 12:00:00,2562.996289,0.608191,0.049994,0.672577
2022-05-27 13:00:00,2550.481949,0.662476,0.046844,0.616837
2022-05-27 14:00:00,2469.041200,0.839691,0.053381,0.580662
2022-05-27 15:00:00,2623.010768,0.892095,0.608964,0.421433
2022-05-27 16:00:00,2603.198201,0.732696,0.932678,0.297591
2022-05-27 17:00:00,2456.025373,0.641070,0.964472,0.133715
2022-05-27 18:00:00,2376.903635,0.573411,0.808239,0.042824
2022-05-27 19:00:00,2285.230416,0.517981,0.749328,0.006156
2022-05-27 20:00:00,2345.360620,0.476298,0.628917,0.000090
2022-05-27 21:00:00,2167.888370,0.491448,0.699814,0.000078
2022-05-27 22:00:00,2112.351592,0.522953,0.793727,0.000082
2022-05-27 23:00:00,1986.694058,0.521263,0.801437,0.000071
2022-05-28 00:00:00,1889.428888,0.422340,0.787447,0.000059
2022-05-28 01:00:00,1895.910152,0.381372,0.908386,0.000051
2022-05-28 02:00:00,1876.193691,0.379305,0.822065,0.000512
2022-05-28 03:00:00,1894.057074,0.392067,0.917021,0.013111
2022-05-28 04:00:00,1936.294584,0.387783,0.794765,0.062699
2022-05-28 05:00:00,2062.181645,0.444677,0.929608,0.162722
2022-05-28 06:00:00,2167.577623,0.633328,0.747245,0.311130
2022-05-28 07:00:00,2267.927360,0.596499,0.642715,0.457583
2022-05-28 08:00:00,2299.883742,0.554982,0.045526,0.588856
2022-05-28 09:00:00,2302.888395,0.535573,0.042434,0.655376
2022-05-28 10:00:00,2291.577200,0.513205,0.040797,0.665716
2022-05-28 11:00:00,2285.968002,0.456592,0.036682,0.692309
2022-05-28 12:00:00,2326.081826,0.386386,0.034763,0.671324
2022-05-28 13:00:00,2216.042083,0.325273,0.031481,0.596282
2022-05-28 14:00:00,2332.530369,0.222475,0.026155,0.600159
2022-05-28 15:00:00,2509.903361,0.207788,0.605660,0.432202
2022-05-28 16:00:00,2397.394831,0.214793,0.652836,0.282689
2022-05-28 17:00:00,2318.836007,0.164947,0.613500,0.151304
2022-05-28 18:00:00,2214.516872,0.143866,0.642565,0.050906
2022-05-28 19:00:00,2013.466175,0.129261,0.751054,0.009862
2022-05-28 20:00:00,2121.224994,0.080954,0.685430,0.000087
2022-05-28 21:00:00,2030.061132,0.064632,0.660513,0.000076
2022-05-28 22:00:00,1879.684176,0.051749,0.739127,0.000070
2022-05-28 23:00:00,1682.926737,0.064079,0.715204,0.000056
2022-05-29 00:00:00,1646.675825,0.062530,0.692252,0.000048
2022-05-29 01:00:00,1623.208805,0.065921,0.673027,0.000041
2022-05-29 02:00:00,1607.514832,0.069331,0.641395,0.000424
2022-05-29 03:00:00,1610.123142,0.067859,0.623486,0.016471
2022-05-29 04:00:00,1675.990059,0.062347,0.610661,0.062930
2022-05-29 05:00:00,1806.369903,0.065539,0.594051,0.158265
2022-05-29 06:00:00,1968.711040,0.080492,0.595272,0.315823
2022-05-29 07:00:00,2099.433743,0.080986,0.590321,0.534565
2022-05-29 08:00:00,2170.949925,0.094741,0.590593,0.748047
2022-05-29 09:00:00,2192.276857,0.132267,0.595168,0.837226
2022-05-29 10:00:00,2180.452601,0.166958,0.602642,0.838227
2022-05-29 11:00:00,2200.647194,0.236375,0.625969,0.831964
2022-05-29 12:00:00,2187.049069,0.313270,0.642621,0.792749
2022-05-29 13:00:00,2185.249653,0.375724,0.668384,0.736949
2022-05-29 14:00:00,2239.067178,0.408257,0.641546,0.622359
2022-05-29 15:00:00,2415.213552,0.399956,0.681253,0.461492
2022-05-29 16:00:00,2460.652642,0.331896,0.624381,0.271739
2022-05-29 17:00:00,2238.706267,0.292132,0.487753,0.118602
2022-05-29 18:00:00,2134.562738,0.242535,0.438575,0.039049
2022-05-29 19:00:00,2062.938889,0.183081,0.421925,0.006757
2022-05-29 20:00:00,2022.496903,0.151779,0.375857,0.000071
2022-05-29 21:00:00,1918.972607,0.134508,0.301006,0.000071
2022-05-29 22:00:00,1846.116520,0.115279,0.286898,0.000076
2022-05-29 23:00:00,1810.382465,0.097719,0.253489,0.000060
2022-05-30 00:00:00,1777.641699,0.083312,0.151889,0.000042
2022-05-30 01:00:00,1776.993380,0.070914,0.063970,0.000047
2022-05-30 02:00:00,1789.310315,0.054634,0.038294,0.000298
2022-05-30 03:00:00,1888.796854,0.041444,0.026156,0.014229
2022-05-30 04:00:00,2215.648213,0.025614,0.009926,0.056340
2022-05-30 05:00:00,2543.398363,0.012620,0.012192,0.137762
2022-05-30 06:00:00,2720.580470,0.007783,0.007970,0.254832
2022-05-30 07:00:00,2738.437511,0.006693,0.003296,0.281131
2022-05-30 08:00:00,2831.001275,0.006389,0.003051,0.319320
2022-05-30 09:00:00,2848.753615,0.007521,0.004176,0.346509
2022-05-30 10:00:00,2794.547435,0.008743,0.008278,0.444299
2022-05-30 11:00:00,2813.282702,0.012432,0.008367,0.433630
2022-05-30 12:00:00,2749.827801,0.020159,0.013743,0.319031
2022-05-30 13:00:00,2673.179571,0.021666,0.015546,0.249891
2022-05-30 14:00:00,2654.822742,0.021893,0.013989,0.206603
2022-05-30 15:00:00,2781.053168,0.024547,0.025359,0.145174
2022-05-30 16:00:00,2700.062312,0.029016,0.032876,0.112941
2022-05-30 17:00:00,2541.429188,0.023066,0.032707,0.070829
2022-05-30 18:00:00,2423.646713,0.017179,0.012829,0.031486
2022-05-30 19:00:00,2321.624186,0.012668,0.009631,0.005320
2022-05-30 20:00:00,2250.844990,0.014979,0.008048,0.000086
2022-05-30 21:00:00,2112.909787,0.017908,0.017537,0.000071
2022-05-30 22:00:00,1999.554251,0.018350,0.009687,0.000074
2022-05-30 23:00:00,1936.097176,0.021712,0.006366,0.000047
2022-05-31 00:00:00,1907.482945,0.025522,0.009141,0.000039
2022-05-31 01:00:00,1900.410458,0.025925,0.004187,0.000034
2022-05-31 02:00:00,1909.290650,0.027179,0.003152,0.000096
2022-05-31 03:00:00,2006.620178,0.025957,0.003222,0.007826
2022-05-31 04:00:00,2319.293920,0.021715,0.002884,0.036410
2022-05-31 05:00:00,2644.603512,0.014195,0.003542,0.107339
2022-05-31 06:00:00,2784.414189,0.013357,0.003302,0.199908
2022-05-31 07:00:00,2860.849345,0.012624,0.001069,0.328948
2022-05-31 08:00:00,2916.599188,0.012634,0.001009,0.355036
2022-05-31 09:00:00,2955.970397,0.013833,0.001371,0.391604
2022-05-31 10:00:00,2913.983126,0.021799,0.000330,0.432540
2022-05-31 11:00:00,2927.275499,0.038981,0.000901,0.493101
2022-05-31 12:00:00,2946.979483,0.064442,0.001808,0.600461
2022-05-31 13:00:00,2859.354446,0.070581,0.002633,0.561401
2022-05-31 14:00:00,2787.023538,0.065974,0.002035,0.488384
2022-05-31 15:00:00,2874.845359,0.066419,0.014832,0.413904
2022-05-31 16:00:00,2772.102777,0.056258,0.022072,0.268957
2022-05-31 17:00:00,2602.665150,0.047673,0.018157,0.133194
2022-05-31 18:00:00,2456.718242,0.042933,0.016561,0.057343
2022-05-31 19:00:00,2338.733934,0.036126,0.019178,0.013896
2022-05-31 20:00:00,2285.531787,0.032459,0.022109,0.000107
2022-05-31 21:00:00,2164.041727,0.030549,0.030734,0.000051
2022-05-31 22:00:00,2059.678246,0.032263,0.019951,0.000082
2022-05-31 23:00:00,1986.192690,0.038007,0.009761,0.000048
2022-06-01 00:00:00,1950.294722,0.047496,0.010668,0.000035
2022-06-01 01:00:00,1941.364547,0.059602,0.016379,0.000030
2022-06-01 02:00:00,1948.249291,0.061139,0.023445,0.000435
2022-06-01 03:00:00,2034.505044,0.064224,0.028415,0.023152
2022-06-01 04:00:00,2339.479426,0.058287,0.023603,0.089788
2022-06-01 05:00:00,2661.394391,0.045611,0.026188,0.224057
2022-06-01 06:00:00,2781.442117,0.053201,0.018812,0.343081
2022-06-01 07:00:00,2816.130156,0.056464,0.012800,0.458252
2022-06-01 08:00:00,2887.185555,0.063860,0.007526,0.587061
2022-06-01 09:00:00,2977.703910,0.078089,0.012667,0.659836
2022-06-01 10:00:00,2946.660811,0.105202,0.024865,0.678898
2022-06-01 11:00:00,2920.437165,0.144051,0.053201,0.665075
2022-06-01 12:00:00,2957.686157,0.190954,0.069813,0.683390
2022-06-01 13:00:00,2850.858128,0.233999,0.111632,0.567265
2022-06-01 14:00:00,2807.732550,0.249068,0.183052,0.500840
2022-06-01 15:00:00,2849.142683,0.248354,0.214823,0.374310
2022-06-01 16:00:00,2769.931058,0.247862,0.222910,0.264246
2022-06-01 17:00:00,2614.564745,0.214052,0.216972,0.134243
2022-06-01 18:00:00,2476.307145,0.166189,0.188531,0.048440
2022-06-01 19:00:00,2372.938871,0.140388,0.305153,0.009801
2022-06-01 20:00:00,2324.892082,0.153107,0.373329,0.000088
2022-06-01 21:00:00,2207.172141,0.178986,0.468982,0.000079
2022-06-01 22:00:00,2101.868707,0.192803,0.593228,0.000079
2022-06-01 23:00:00,2036.684981,0.205775,0.625269,0.000066
2022-06-02 00:00:00,2003.874815,0.224810,0.625830,0.000055
2022-06-02 01:00:00,1981.538732,0.236454,0.569548,0.000049
2022-06-02 02:00:00,2002.158300,0.252710,0.570664,0.000071
2022-06-02 03:00:00,2101.764546,0.282354,0.670729,0.003253
2022-06-02 04:00:00,2426.468317,0.318734,0.727751,0.016491
2022-06-02 05:00:00,2976.876130,0.343149,0.707094,0.043797
2022-06-02 06:00:00,2920.634041,0.365775,0.748227,0.075553
2022-06-02 07:00:00,2940.829481,0.378386,0.768335,0.102834
2022-06-02 08:00:00,3213.659379,0.416604,0.798013,0.164919
2022-06-02 09:00:00,3015.515077,0.459290,0.833356,0.177134
2022-06-02 10:00:00,2974.696416,0.502325,0.787800,0.179619
2022-06-02 11:00:00,3006.313525,0.546710,0.726855,0.179167
2022-06-02 12:00:00,2956.092092,0.583876,0.740351,0.158770
2022-06-02 13:00:00,2955.171616,0.601242,0.811544,0.175416
2022-06-02 14:00:00,2968.576755,0.594877,0.787193,0.144265
2022-06-02 15:00:00,3053.969009,0.591241,0.755442,0.113199
2022-06-02 16:00:00,2932.014845,0.580487,0.697859,0.077491
2022-06-02 17:00:00,2796.025021,0.531743,0.624640,0.044815
2022-06-02 18:00:00,2615.993582,0.488927,0.605331,0.016443
2022-06-02 19:00:00,2501.847606,0.446051,0.548924,0.002807
2022-06-02 20:00:00,2406.452129,0.408490,0.516010,0.000063
2022-06-02 21:00:00,2256.750198,0.403861,0.459345,0.000046
2022-06-02 22:00:00,2139.331696,0.386678,0.471950,0.000091
2022-06-02 23:00:00,2059.491735,0.375533,0.465089,0.000038
2022-06-03 00:00:00,2029.083861,0.384693,0.455837,0.000032
2022-06-03 01:00:00,2013.212401,0.404051,0.482238,0.000030
2022-06-03 02:00:00,2025.389228,0.406603,0.464482,0.000080
2022-06-03 03:00:00,2117.156675,0.389144,0.457690,0.003718
2022-06-03 04:00:00,2407.629061,0.355056,0.457670,0.020538
2022-06-03 05:00:00,2737.236348,0.348411,0.423695,0.058525
2022-06-03 06:00:00,2899.687417,0.334039,0.394214,0.131910
2022-06-03 07:00:00,2930.217528,0.315911,0.363778,0.269547
2022-06-03 08:00:00,3022.987141,0.311532,0.319729,0.422596
2022-06-03 09:00:00,3020.698196,0.311456,0.233114,0.555955
2022-06-03 10:00:00,2937.967253,0.306062,0.196527,0.594582
2022-06-03 11:00:00,2858.156035,0.306585,0.199233,0.612454
2022-06-03 12:00:00,2742.308818,0.341020,0.176505,0.576308
2022-06-03 13:00:00,2669.784189,0.365006,0.198659,0.527180
2022-06-03 14:00:00,2639.898988,0.370784,0.284651,0.446522
2022-06-03 15:00:00,2694.329674,0.344982,0.327886,0.351479
2022-06-03 16:00:00,2623.791248,0.307700,0.357047,0.233522
2022-06-03 17:00:00,2453.846600,0.277134,0.334750,0.096567
2022-06-03 18:00:00,2325.513329,0.252976,0.297891,0.032020
2022-06-03 19:00:00,2219.380913,0.234378,0.278361,0.006484
2022-06-03 20:00:00,2175.114156,0.219693,0.310627,0.000099
2022-06-03 21:00:00,2081.569736,0.183094,0.300923,0.000066
2022-06-03 22:00:00,1975.400255,0.148914,0.223460,0.000064
2022-06-03 23:00:00,1879.527174,0.118366,0.167163,0.000046
2022-06-04 00:00:00,1827.307850,0.102746,0.148506,0.000039
2022-06-04 01:00:00,1784.622203,0.110919,0.162058,0.000037
2022-06-04 02:00:00,1761.824421,0.103728,0.182330,0.000316
2022-06-04 03:00:00,1757.929286,0.073716,0.172408,0.011981
2022-06-04 04:00:00,1841.133169,0.047196,0.107795,0.049554
2022-06-04 05:00:00,2025.955499,0.030830,0.092337,0.126607
2022-06-04 06:00:00,2227.521162,0.027983,0.089822,0.252146
2022-06-04 07:00:00,2355.409726,0.030185,0.114932,0.409949
2022-06-04 08:00:00,2444.936638,0.025833,0.120580,0.576255
2022-06-04 09:00:00,2467.003374,0.016979,0.089105,0.714522
2022-06-04 10:00:00,2460.617818,0.010714,0.048106,0.831601
2022-06-04 11:00:00,2502.147264,0.009428,0.039372,0.937093
2022-06-04 12:00:00,2624.439126,0.008226,0.028013,0.943546
2022-06-04 13:00:00,2388.510546,0.007911,0.030680,0.914937
2022-06-04 14:00:00,2327.798171,0.010367,0.023762,0.812829
2022-06-04 15:00:00,2379.490359,0.013437,0.022094,0.635406
2022-06-04 16:00:00,2314.863705,0.022858,0.028958,0.421482
2022-06-04 17:00:00,2185.556655,0.033757,0.037159,0.202683
2022-06-04 18:00:00,2078.401764,0.029480,0.042068,0.061844
2022-06-04 19:00:00,2000.889706,0.032251,0.060950,0.013087
2022-06-04 20:00:00,1973.660007,0.035923,0.058942,0.000177
2022-06-04 21:00:00,1904.761749,0.040784,0.075983,0.000073
2022-06-04 22:00:00,1819.510408,0.039128,0.074347,0.000070
2022-06-04 23:00:00,1767.574654,0.042029,0.044067,0.000056
2022-06-05 00:00:00,1721.617632,0.043650,0.028664,0.000043
2022-06-05 01:00:00,1753.259259,0.042522,0.022082,0.000041
2022-06-05 02:00:00,1754.935386,0.035777,0.014347,0.000497
2022-06-05 03:00:00,1664.706630,0.023965,0.009323,0.019095
2022-06-05 04:00:00,1826.194298,0.022102,0.002193,0.073020
2022-06-05 05:00:00,1960.262775,0.028690,0.001947,0.195251
2022-06-05 06:00:00,2100.578666,0.026946,0.001641,0.383908
2022-06-05 07:00:00,2211.530782,0.024865,0.003136,0.632071
2022-06-05 08:00:00,2290.279763,0.033032,0.020278,0.868134
2022-06-05 09:00:00,2299.222186,0.027857,0.024334,0.957697
2022-06-05 10:00:00,2332.922492,0.023817,0.028455,1.000000
2022-06-05 11:00:00,2368.916263,0.018128,0.032974,0.999968
2022-06-05 12:00:00,2337.583008,0.019322,0.035873,0.977378
2022-06-05 13:00:00,2253.503262,0.027885,0.052374,0.881860
2022-06-05 14:00:00,2216.142051,0.037428,0.113777,0.717938
2022-06-05 15:00:00,2285.972621,0.042237,0.068814,0.477744
2022-06-05 16:00:00,2251.045997,0.035541,0.079800,0.279516
2022-06-05 17:00:00,2147.389602,0.034459,0.111020,0.160179
2022-06-05 18:00:00,2061.509458,0.041287,0.094865,0.065038
2022-06-05 19:00:00,1981.321665,0.056514,0.107855,0.015248
2022-06-05 20:00:00,1952.807131,0.084339,0.160370,0.000184
2022-06-05 21:00:00,1893.638179,0.093016,0.241050,0.000070
2022-06-05 22:00:00,1888.358406,0.103117,0.288847,0.000067
2022-06-05 23:00:00,1883.156079,0.121682,0.272977,0.000056
2022-06-06 00:00:00,1840.565026,0.147767,0.297402,0.000042
2022-06-06 01:00:00,1819.570733,0.177946,0.414103,0.000037
2022-06-06 02:00:00,1795.177492,0.214341,0.454409,0.000493
2022-06-06 03:00:00,1745.985989,0.268395,0.530984,0.014979
2022-06-06 04:00:00,1810.226868,0.322996,0.587615,0.055622
2022-06-06 05:00:00,2210.677262,0.315758,0.745796,0.110040
2022-06-06 06:00:00,2411.998876,0.301602,0.804218,0.122504
2022-06-06 07:00:00,2327.423397,0.444564,0.846963,0.126112
2022-06-06 08:00:00,2493.448589,0.435378,0.849987,0.164462
2022-06-06 09:00:00,2567.138632,0.427126,0.860124,0.196429
2022-06-06 10:00:00,2566.230378,0.378310,0.772450,0.207221
2022-06-06 11:00:00,2587.870505,0.333409,0.652495,0.278929
2022-06-06 12:00:00,2569.758516,0.300415,0.726048,0.353825
2022-06-06 13:00:00,2510.213668,0.289837,0.540943,0.463921
2022-06-06 14:00:00,2527.640315,0.295079,0.512133,0.461872
2022-06-06 15:00:00,2575.187394,0.238075,0.407013,0.427111
2022-06-06 16:00:00,2450.335888,0.146871,0.353352,0.307957
2022-06-06 17:00:00,2273.738840,0.075636,0.349657,0.161565
2022-06-06 18:00:00,2162.874247,0.056352,0.392756,0.058540
2022-06-06 19:00:00,2071.989578,0.075815,0.319258,0.011321
2022-06-06 20:00:00,2038.094042,0.119448,0.242756,0.000095
2022-06-06 21:00:00,2087.673173,0.129947,0.168920,0.000054
2022-06-06 22:00:00,2154.056633,0.096105,0.163795,0.000041
2022-06-06 23:00:00,1859.957584,0.094333,0.309278,0.000040
2022-06-07 00:00:00,1820.275298,0.092330,0.394854,0.000034
2022-06-07 01:00:00,1807.140773,0.078853,0.344766,0.000030
2022-06-07 02:00:00,1829.250641,0.089753,0.325372,0.000220
2022-06-07 03:00:00,1938.370042,0.125647,0.354577,0.009068
2022-06-07 04:00:00,2271.828131,0.157434,0.439568,0.039516
2022-06-07 05:00:00,2625.012924,0.172802,0.451728,0.095556
2022-06-07 06:00:00,2809.210328,0.191869,0.462374,0.154416
2022-06-07 07:00:00,3046.977730,0.208059,0.415352,0.224943
2022-06-07 08:00:00,3105.593883,0.249365,0.490947,0.268489
2022-06-07 09:00:00,2904.313829,0.302032,0.466797,0.257343
2022-06-07 10:00:00,2834.993899,0.362230,0.376154,0.244811
2022-06-07 11:00:00,2861.703045,0.403999,0.266450,0.246826
2022-06-07 12:00:00,2808.038598,0.407148,0.226633,0.265194
2022-06-07 13:00:00,2717.041787,0.398215,0.339207,0.216133
2022-06-07 14:00:00,2721.470620,0.375233,0.575042,0.198928
2022-06-07 15:00:00,2982.266091,0.337644,0.633630,0.144025
2022-06-07 16:00:00,2765.687499,0.335612,0.714571,0.101995
2022-06-07 17:00:00,2635.199563,0.336450,0.832172,0.063269
2022-06-07 18:00:00,2577.627077,0.311584,0.758480,0.033977
2022-06-07 19:00:00,2385.238731,0.286216,0.593265,0.005242
2022-06-07 20:00:00,2275.675885,0.256451,0.485020,0.000067
2022-06-07 21:00:00,2152.894258,0.222512,0.491443,0.000056
2022-06-07 22:00:00,2042.925624,0.227992,0.485204,0.000058
2022-06-07 23:00:00,1973.686955,0.249489,0.621557,0.000043
2022-06-08 00:00:00,1942.092281,0.265173,0.828327,0.000038
2022-06-08 01:00:00,1918.400892,0.267344,0.795084,0.000033
2022-06-08 02:00:00,1991.731067,0.261763,0.784601,0.000212
2022-06-08 03:00:00,2110.010051,0.232573,0.696408,0.008040
2022-06-08 04:00:00,2328.279221,0.209130,0.587877,0.030096
2022-06-08 05:00:00,2629.582235,0.181790,0.417613,0.082250
2022-06-08 06:00:00,2769.082650,0.166907,0.371341,0.154488
2022-06-08 07:00:00,2814.891268,0.180226,0.356452,0.212083
2022-06-08 08:00:00,2854.639881,0.179058,0.261225,0.262028
2022-06-08 09:00:00,2862.076820,0.159545,0.268736,0.304990
2022-06-08 10:00:00,2805.606050,0.139575,0.235904,0.377878
2022-06-08 11:00:00,2828.183787,0.121488,0.271054,0.413551
2022-06-08 12:00:00,2799.500794,0.106441,0.274947,0.418533
2022-06-08 13:00:00,2674.389400,0.102098,0.268331,0.388976
2022-06-08 14:00:00,2650.717306,0.087914,0.264764,0.348144
2022-06-08 15:00:00,2739.316512,0.069719,0.180226,0.284714
2022-06-08 16:00:00,2641.423767,0.045296,0.082740,0.200013
2022-06-08 17:00:00,2507.524937,0.029552,0.054585,0.130339
2022-06-08 18:00:00,2394.615797,0.018247,0.052605,0.053569
2022-06-08 19:00:00,2276.555525,0.014446,0.045399,0.011765
2022-06-08 20:00:00,2208.941208,0.018240,0.030510,0.000237
2022-06-08 21:00:00,2103.342391,0.023183,0.017249,0.000073
2022-06-08 22:00:00,1992.881283,0.025660,0.009339,0.000088
2022-06-08 23:00:00,1918.573706,0.027180,0.017216,0.000060
2022-06-09 00:00:00,1887.250256,0.023061,0.031852,0.000040
2022-06-09 01:00:00,1870.796901,0.023776,0.031156,0.000039
2022-06-09 02:00:00,1889.121277,0.028121,0.021587,0.000160
2022-06-09 03:00:00,1970.241679,0.028848,0.022172,0.007889
2022-06-09 04:00:00,2280.342004,0.028664,0.025913,0.027323
2022-06-09 05:00:00,2623.654294,0.024975,0.027128,0.052806
2022-06-09 06:00:00,2774.296508,0.020102,0.048958,0.092585
2022-06-09 07:00:00,2809.770328,0.018691,0.075503,0.145327
2022-06-09 08:00:00,2864.750566,0.021891,0.096295,0.189451
2022-06-09 09:00:00,2861.313617,0.026611,0.092815,0.210417
2022-06-09 10:00:00,2823.310232,0.036820,0.079917,0.280646
2022-06-09 11:00:00,2847.024677,0.052474,0.073443,0.375497
2022-06-09 12:00:00,2779.243318,0.072098,0.055140,0.345497
2022-06-09 13:00:00,2699.383255,0.078834,0.065296,0.406208
2022-06-09 14:00:00,2666.011824,0.096508,0.068298,0.360375
2022-06-09 15:00:00,2722.404553,0.120241,0.055507,0.256604
2022-06-09 16:00:00,2648.482467,0.130439,0.054460,0.155741
2022-06-09 17:00:00,2499.714149,0.131215,0.088511,0.092906
2022-06-09 18:00:00,2370.639933,0.146401,0.111269,0.036395
2022-06-09 19:00:00,2253.830599,0.141845,0.116817,0.007041
2022-06-09 20:00:00,2185.362357,0.135571,0.191602,0.000145
2022-06-09 21:00:00,2064.980456,0.148423,0.230743,0.000101
2022-06-09 22:00:00,1951.469617,0.159355,0.262239,0.000106
2022-06-09 23:00:00,1895.185239,0.163742,0.356676,0.000083
2022-06-10 00:00:00,1860.263944,0.168051,0.407960,0.000051
2022-06-10 01:00:00,1840.029562,0.169529,0.354567,0.000055
2022-06-10 02:00:00,1881.586986,0.143628,0.268417,0.000184
2022-06-10 03:00:00,1935.292961,0.096420,0.277936,0.012070
2022-06-10 04:00:00,2242.103080,0.069036,0.248997,0.054100
2022-06-10 05:00:00,2574.516593,0.063879,0.180962,0.140513
2022-06-10 06:00:00,2703.603386,0.074406,0.179064,0.301938
2022-06-10 07:00:00,2740.747053,0.115414,0.170316,0.465644
2022-06-10 08:00:00,2810.643978,0.157055,0.255618,0.563466
2022-06-10 09:00:00,2789.067112,0.192164,0.245549,0.558324
2022-06-10 10:00:00,2704.118756,0.235829,0.299651,0.584330
2022-06-10 11:00:00,2683.074459,0.261053,0.406699,0.532540
2022-06-10 12:00:00,2738.683069,0.318075,0.468499,0.516976
2022-06-10 13:00:00,2649.317194,0.337052,0.534049,0.482630
2022-06-10 14:00:00,2484.939235,0.316057,0.503751,0.335334
2022-06-10 15:00:00,2550.397160,0.291768,0.365709,0.222635
2022-06-10 16:00:00,2483.747382,0.253617,0.343201,0.157582
2022-06-10 17:00:00,2334.585501,0.222825,0.343159,0.114009
2022-06-10 18:00:00,2194.743283,0.191796,0.273258,0.060749
2022-06-10 19:00:00,2073.397282,0.150160,0.237963,0.015403
2022-06-10 20:00:00,2011.387352,0.148462,0.227372,0.000197
2022-06-10 21:00:00,1938.441813,0.160699,0.246195,0.000071
2022-06-10 22:00:00,1831.044767,0.145341,0.283249,0.000072
2022-06-10 23:00:00,1748.161729,0.127581,0.298961,0.000059
2022-06-11 00:00:00,1696.078404,0.121150,0.316233,0.000041
2022-06-11 01:00:00,1672.229211,0.120139,0.321600,0.000036
2022-06-11 02:00:00,1646.846539,0.109823,0.290119,0.001273
2022-06-11 03:00:00,1651.130267,0.101917,0.239874,0.020838
2022-06-11 04:00:00,1743.028640,0.103452,0.206615,0.075267
2022-06-11 05:00:00,1908.035187,0.103594,0.239182,0.182329
2022-06-11 06:00:00,2076.929463,0.127551,0.245658,0.366479
2022-06-11 07:00:00,2212.532090,0.163489,0.267274,0.498251
2022-06-11 08:00:00,2297.428323,0.198475,0.247927,0.562887
2022-06-11 09:00:00,2335.665376,0.239720,0.289910,0.643742
2022-06-11 10:00:00,2360.440732,0.332056,0.277227,0.605337
2022-06-11 11:00:00,2383.493485,0.360342,0.267721,0.647080
2022-06-11 12:00:00,2419.031741,0.370265,0.368274,0.766059
2022-06-11 13:00:00,2338.492415,0.448622,0.499984,0.731561
2022-06-11 14:00:00,2457.800703,0.550500,0.542696,0.732302
2022-06-11 15:00:00,2500.388567,0.515622,0.449058,0.583405
2022-06-11 16:00:00,2458.204971,0.465155,0.441422,0.382043
2022-06-11 17:00:00,2309.973895,0.471432,0.376233,0.184238
2022-06-11 18:00:00,2144.756597,0.365332,0.449786,0.071225
2022-06-11 19:00:00,1918.590723,0.257798,0.444327,0.022397
2022-06-11 20:00:00,1877.964419,0.205454,0.448898,0.000594
2022-06-11 21:00:00,1820.087057,0.209700,0.450690,0.000072
2022-06-11 22:00:00,1744.089773,0.236510,0.453544,0.000070
2022-06-11 23:00:00,1682.862678,0.251185,0.390875,0.000061
2022-06-12 00:00:00,1856.749204,0.250547,0.414825,0.000046
2022-06-12 01:00:00,1617.181949,0.269406,0.413864,0.000051
2022-06-12 02:00:00,1572.641127,0.267522,0.383687,0.002041
2022-06-12 03:00:00,1571.812114,0.250671,0.393128,0.021593
2022-06-12 04:00:00,1684.237443,0.251455,0.481629,0.074751
2022-06-12 05:00:00,1818.016030,0.257905,0.487059,0.176675
2022-06-12 06:00:00,1984.157758,0.290363,0.401135,0.327489
2022-06-12 07:00:00,2129.366079,0.359191,0.429214,0.458965
2022-06-12 08:00:00,2229.027199,0.436108,0.413439,0.569000
2022-06-12 09:00:00,2280.399059,0.493374,0.396555,0.580871
2022-06-12 10:00:00,2350.385364,0.553205,0.433054,0.558420
2022-06-12 11:00:00,2523.010010,0.572978,0.422282,0.607941
2022-06-12 12:00:00,2532.928119,0.532002,0.368011,0.603213
2022-06-12 13:00:00,2566.924520,0.559340,0.425541,0.571912
2022-06-12 14:00:00,2465.005743,0.531618,0.533000,0.502497
2022-06-12 15:00:00,2422.402268,0.617538,0.533226,0.394630
2022-06-12 16:00:00,2360.932064,0.586267,0.567598,0.242565
2022-06-12 17:00:00,2255.256798,0.516884,0.576979,0.115914
2022-06-12 18:00:00,2145.139636,0.432456,0.554224,0.046590
2022-06-12 19:00:00,2068.071424,0.330001,0.594517,0.011357
2022-06-12 20:00:00,2022.174265,0.308612,0.526608,0.000171
2022-06-12 21:00:00,1942.236048,0.306819,0.569450,0.000074
2022-06-12 22:00:00,1860.178715,0.320649,0.616881,0.000066
2022-06-12 23:00:00,1806.066474,0.299849,0.658008,0.000050
2022-06-13 00:00:00,1767.710967,0.275816,0.610233,0.000046
2022-06-13 01:00:00,1765.328927,0.240597,0.598196,0.000041
2022-06-13 02:00:00,1785.239951,0.218377,0.525253,0.001422
2022-06-13 03:00:00,1893.611526,0.198950,0.453135,0.023859
2022-06-13 04:00:00,2217.384313,0.172992,0.428789,0.087916
2022-06-13 05:00:00,2558.266246,0.182532,0.382778,0.201071
2022-06-13 06:00:00,2740.782522,0.259319,0.361213,0.326879
2022-06-13 07:00:00,2787.385677,0.306153,0.309468,0.481424
2022-06-13 08:00:00,2856.929555,0.367599,0.300950,0.595796
2022-06-13 09:00:00,3116.276799,0.397967,0.325801,0.616438
2022-06-13 10:00:00,3035.445983,0.557538,0.392433,0.642862
2022-06-13 11:00:00,2932.026333,0.637655,0.497881,0.657940
2022-06-13 12:00:00,2902.907341,0.695982,0.627029,0.649028
2022-06-13 13:00:00,2873.958900,0.745034,0.665462,0.606205
2022-06-13 14:00:00,2802.972920,0.779169,0.800200,0.527687
2022-06-13 15:00:00,2902.964712,0.776288,0.769106,0.407114
2022-06-13 16:00:00,2754.451332,0.730474,0.821825,0.291842
2022-06-13 17:00:00,2602.378358,0.678347,0.867588,0.141284
2022-06-13 18:00:00,2473.267665,0.627344,0.907297,0.056920
2022-06-13 19:00:00,2347.131193,0.573596,0.902253,0.010613
2022-06-13 20:00:00,2270.060192,0.541214,0.876916,0.000206
2022-06-13 21:00:00,2150.831902,0.520095,0.807196,0.000101
2022-06-13 22:00:00,2042.898312,0.509390,0.885906,0.000137
2022-06-13 23:00:00,1973.952960,0.489094,0.879455,0.000062
2022-06-14 00:00:00,1920.817613,0.465147,0.788099,0.000061
2022-06-14 01:00:00,1894.721740,0.457161,0.758607,0.000053
2022-06-14 02:00:00,1936.710335,0.426885,0.739530,0.002328
2022-06-14 03:00:00,2030.530310,0.388236,0.749954,0.015920
2022-06-14 04:00:00,2296.011859,0.373944,0.631567,0.058736
2022-06-14 05:00:00,2616.863230,0.390017,0.575955,0.133506
2022-06-14 06:00:00,2773.128111,0.395597,0.532848,0.244531
2022-06-14 07:00:00,2798.237123,0.425028,0.433009,0.390814
2022-06-14 08:00:00,2860.557422,0.417164,0.333702,0.483925
2022-06-14 09:00:00,2858.266089,0.403208,0.197940,0.554311
2022-06-14 10:00:00,2814.598193,0.394352,0.233274,0.591753
2022-06-14 11:00:00,2833.122498,0.409296,0.271120,0.585194
2022-06-14 12:00:00,2759.504830,0.430934,0.304374,0.547663
2022-06-14 13:00:00,2693.306831,0.418655,0.278819,0.551635
2022-06-14 14:00:00,2661.538251,0.420333,0.238261,0.484636
2022-06-14 15:00:00,2753.639604,0.383745,0.202774,0.360495
2022-06-14 16:00:00,2678.854886,0.330510,0.358549,0.253180
2022-06-14 17:00:00,2540.808085,0.266247,0.340327,0.140641
2022-06-14 18:00:00,2403.890512,0.235142,0.308410,0.052533
2022-06-14 19:00:00,2297.110905,0.177111,0.173964,0.016768
2022-06-14 20:00:00,2232.637922,0.132160,0.253246,0.000207
2022-06-14 21:00:00,2111.603301,0.108744,0.234319,0.000086
2022-06-14 22:00:00,1992.675778,0.115029,0.160039,0.000155
2022-06-14 23:00:00,1925.392049,0.125963,0.196484,0.000070
2022-06-15 00:00:00,1883.564967,0.135918,0.231846,0.000057
2022-06-15 01:00:00,1878.302954,0.131785,0.249642,0.000053
2022-06-15 02:00:00,1885.762272,0.136549,0.242489,0.001190
2022-06-15 03:00:00,1977.427332,0.130191,0.208139,0.019640
2022-06-15 04:00:00,2274.828089,0.103540,0.185169,0.069007
2022-06-15 05:00:00,2578.070234,0.108381,0.117871,0.193925
2022-06-15 06:00:00,2741.313272,0.116754,0.098097,0.316231
2022-06-15 07:00:00,2755.675633,0.116521,0.092889,0.411953
2022-06-15 08:00:00,2819.748589,0.137010,0.058012,0.425173
2022-06-15 09:00:00,2840.565667,0.143755,0.037289,0.527882
2022-06-15 10:00:00,2802.985796,0.130787,0.024272,0.598617
2022-06-15 11:00:00,2828.617541,0.132707,0.030673,0.595549
2022-06-15 12:00:00,2784.832659,0.173715,0.054545,0.560973
2022-06-15 13:00:00,2703.423663,0.194717,0.045640,0.528708
2022-06-15 14:00:00,2668.362609,0.167892,0.052933,0.439052
2022-06-15 15:00:00,2741.833457,0.164795,0.054101,0.369127
2022-06-15 16:00:00,2658.371140,0.159621,0.049175,0.278918
2022-06-15 17:00:00,2530.144821,0.152378,0.038056,0.164393
2022-06-15 18:00:00,2401.309977,0.136800,0.044343,0.069233
2022-06-15 19:00:00,2301.172123,0.114108,0.069534,0.016172
2022-06-15 20:00:00,2234.927212,0.131791,0.128512,0.000683
2022-06-15 21:00:00,2135.440142,0.160691,0.166225,0.000083
2022-06-15 22:00:00,2012.525704,0.174282,0.163627,0.000078
2022-06-15 23:00:00,1940.089115,0.182655,0.162210,0.000072
2022-06-16 00:00:00,1890.795219,0.182727,0.163859,0.000058
2022-06-16 01:00:00,1875.552894,0.200358,0.174057,0.000055
2022-06-16 02:00:00,1885.981649,0.214580,0.227551,0.001711
2022-06-16 03:00:00,1981.827782,0.220052,0.261312,0.023300
2022-06-16 04:00:00,2273.453047,0.220542,0.329409,0.084446
2022-06-16 05:00:00,2599.245130,0.273373,0.324638,0.217364
2022-06-16 06:00:00,2754.383198,0.341103,0.262216,0.418097
2022-06-16 07:00:00,2801.635746,0.362609,0.240424,0.587035
2022-06-16 08:00:00,2896.984242,0.408763,0.231987,0.736164
2022-06-16 09:00:00,2926.545355,0.465029,0.180931,0.819629
2022-06-16 10:00:00,2886.524200,0.477204,0.151748,0.856421
2022-06-16 11:00:00,2907.648674,0.443241,0.182646,0.864516
2022-06-16 12:00:00,2860.661880,0.379874,0.271772,0.868004
2022-06-16 13:00:00,2749.503991,0.345343,0.250093,0.843345
2022-06-16 14:00:00,2701.297344,0.366088,0.223769,0.750483
2022-06-16 15:00:00,2719.449115,0.377812,0.192646,0.589328
2022-06-16 16:00:00,2631.933324,0.407246,0.166914,0.382914
2022-06-16 17:00:00,2497.018255,0.317463,0.107182,0.163580
2022-06-16 18:00:00,2388.921216,0.202468,0.147138,0.056542
2022-06-16 19:00:00,2304.348216,0.204722,0.186863,0.015571
2022-06-16 20:00:00,2239.665214,0.190854,0.260577,0.001208
2022-06-16 21:00:00,2149.969596,0.186917,0.238003,0.000082
2022-06-16 22:00:00,2020.263485,0.191282,0.230513,0.000069
2022-06-16 23:00:00,1948.583893,0.163316,0.284750,0.000065
2022-06-17 00:00:00,1896.652508,0.135887,0.263124,0.000051
2022-06-17 01:00:00,1870.493616,0.142382,0.226868,0.000043
2022-06-17 02:00:00,1884.420942,0.139867,0.244278,0.001597
2022-06-17 03:00:00,1973.596599,0.127053,0.219354,0.022393
2022-06-17 04:00:00,2255.163405,0.092584,0.168623,0.081368
2022-06-17 05:00:00,2574.877595,0.075188,0.172356,0.220777
2022-06-17 06:00:00,2737.169418,0.070045,0.181193,0.389367
2022-06-17 07:00:00,2777.888750,0.089220,0.221121,0.479251
2022-06-17 08:00:00,2831.314980,0.132111,0.209632,0.498917
2022-06-17 09:00:00,2803.584544,0.150204,0.258311,0.402159
2022-06-17 10:00:00,2708.858796,0.162308,0.273550,0.296514
2022-06-17 11:00:00,2664.028259,0.182952,0.329846,0.271052
2022-06-17 12:00:00,2571.365258,0.194465,0.390024,0.243641
2022-06-17 13:00:00,2499.216206,0.178043,0.436768,0.179435
2022-06-17 14:00:00,2511.535860,0.200381,0.480744,0.176864
2022-06-17 15:00:00,2613.844082,0.266280,0.600863,0.125411
2022-06-17 16:00:00,2580.996943,0.343313,0.671063,0.086485
2022-06-17 17:00:00,2451.785475,0.386935,0.751925,0.046345
2022-06-17 18:00:00,2345.202853,0.450931,0.815375,0.028326
2022-06-17 19:00:00,2240.648570,0.518850,0.889942,0.008918
2022-06-17 20:00:00,2180.181496,0.548575,0.903466,0.000105
2022-06-17 21:00:00,2077.264185,0.511580,0.861183,0.000070
2022-06-17 22:00:00,1942.018230,0.411725,0.562482,0.000064
2022-06-17 23:00:00,1844.846383,0.295985,0.454816,0.000053
2022-06-18 00:00:00,1774.632436,0.216579,0.446093,0.000043
2022-06-18 01:00:00,1740.675078,0.174182,0.429634,0.000037
2022-06-18 02:00:00,1801.973032,0.170726,0.373416,0.001313
2022-06-18 03:00:00,1898.806380,0.167952,0.291748,0.014113
2022-06-18 04:00:00,1805.553322,0.206011,0.386629,0.051947
2022-06-18 05:00:00,1962.307056,0.235110,0.366697,0.127634
2022-06-18 06:00:00,2121.815723,0.226414,0.426652,0.225019
2022-06-18 07:00:00,2229.483264,0.241284,0.354360,0.437793
2022-06-18 08:00:00,2288.911873,0.285183,0.265658,0.568697
2022-06-18 09:00:00,2298.234713,0.303269,0.225824,0.727062
2022-06-18 10:00:00,2321.415320,0.325860,0.178972,0.767953
2022-06-18 11:00:00,2339.277891,0.327917,0.129320,0.830446
2022-06-18 12:00:00,2319.217090,0.329614,0.170667,0.830093
2022-06-18 13:00:00,2304.869462,0.350106,0.140870,0.817035
2022-06-18 14:00:00,2230.600870,0.347252,0.097987,0.706984
2022-06-18 15:00:00,2293.236403,0.341005,0.131091,0.519958
2022-06-18 16:00:00,2233.893608,0.312417,0.155245,0.267173
2022-06-18 17:00:00,2135.765625,0.259386,0.179904,0.132171
2022-06-18 18:00:00,2039.718786,0.212865,0.244297,0.057039
2022-06-18 19:00:00,1959.639678,0.172549,0.298123,0.011136
2022-06-18 20:00:00,1920.072906,0.099044,0.304244,0.000253
2022-06-18 21:00:00,1865.530680,0.063592,0.345079,0.000077
2022-06-18 22:00:00,1773.837241,0.087564,0.329799,0.000070
2022-06-18 23:00:00,1690.140556,0.111964,0.239154,0.000056
2022-06-19 00:00:00,1640.595850,0.085549,0.131614,0.000065
2022-06-19 01:00:00,1616.896469,0.048445,0.121058,0.000055
2022-06-19 02:00:00,1622.008801,0.055174,0.058742,0.000160
2022-06-19 03:00:00,1615.939733,0.036987,0.058095,0.005503
2022-06-19 04:00:00,1679.662744,0.029709,0.075111,0.019829
2022-06-19 05:00:00,1852.297768,0.037984,0.145240,0.059782
2022-06-19 06:00:00,2052.333715,0.056613,0.217914,0.157488
2022-06-19 07:00:00,2187.145098,0.070582,0.211957,0.267521
2022-06-19 08:00:00,2266.634384,0.083924,0.232041,0.309416
2022-06-19 09:00:00,2267.717126,0.120852,0.276370,0.365094
2022-06-19 10:00:00,2298.157997,0.153728,0.249506,0.500775
2022-06-19 11:00:00,2288.578313,0.163138,0.220398,0.580897
2022-06-19 12:00:00,2254.324835,0.199391,0.220528,0.552028
2022-06-19 13:00:00,2223.655369,0.221318,0.187954,0.493959
2022-06-19 14:00:00,2231.894562,0.236147,0.231821,0.397011
2022-06-19 15:00:00,2347.773906,0.217984,0.230183,0.356842
2022-06-19 16:00:00,2333.715673,0.200238,0.242054,0.244717
2022-06-19 17:00:00,2216.935449,0.157908,0.246206,0.124155
2022-06-19 18:00:00,2131.119253,0.091877,0.180954,0.052295
2022-06-19 19:00:00,2060.602677,0.049810,0.154145,0.015794
2022-06-19 20:00:00,2032.550351,0.029248,0.136626,0.000439
2022-06-19 21:00:00,1961.487646,0.020433,0.114667,0.000084
2022-06-19 22:00:00,1886.104690,0.011629,0.090574,0.000059
2022-06-19 23:00:00,1827.702528,0.006215,0.051054,0.000055
2022-06-20 00:00:00,1790.922580,0.002778,0.038403,0.000042
2022-06-20 01:00:00,1780.947860,0.002913,0.015917,0.000040
2022-06-20 02:00:00,1802.658239,0.003174,0.009938,0.000541
2022-06-20 03:00:00,1910.245912,0.002099,0.014028,0.015411
2022-06-20 04:00:00,2233.153227,0.001877,0.003451,0.053199
2022-06-20 05:00:00,2568.284315,0.001696,0.040828,0.130240
2022-06-20 06:00:00,2740.489061,0.002149,0.051732,0.250794
2022-06-20 07:00:00,2781.576851,0.007044,0.051680,0.357336
2022-06-20 08:00:00,2850.043835,0.022109,0.068405,0.409916
2022-06-20 09:00:00,2865.190054,0.043441,0.122108,0.483695
2022-06-20 10:00:00,2833.461381,0.067986,0.143794,0.508013
2022-06-20 11:00:00,2861.927127,0.085995,0.165425,0.502609
2022-06-20 12:00:00,2833.314912,0.087622,0.131352,0.538322
2022-06-20 13:00:00,2737.406476,0.099009,0.155486,0.572603
2022-06-20 14:00:00,2713.960809,0.138542,0.200633,0.588649
2022-06-20 15:00:00,2796.566348,0.156977,0.267312,0.450106
2022-06-20 16:00:00,2689.511246,0.173878,0.303508,0.334816
2022-06-20 17:00:00,2544.738706,0.193702,0.315960,0.180461
2022-06-20 18:00:00,2437.948247,0.172432,0.394155,0.063449
2022-06-20 19:00:00,2310.867241,0.151074,0.331027,0.014253
2022-06-20 20:00:00,2252.779108,0.208886,0.353197,0.000366
2022-06-20 21:00:00,2160.350738,0.261866,0.419464,0.000123
2022-06-20 22:00:00,2047.099164,0.259412,0.373308,0.000255
2022-06-20 23:00:00,1973.837264,0.277500,0.447474,0.000109
2022-06-21 00:00:00,1943.807127,0.319724,0.478936,0.000083
2022-06-21 01:00:00,2063.911779,0.357026,0.589989,0.000061
2022-06-21 02:00:00,2050.712877,0.380138,0.617736,0.001233
2022-06-21 03:00:00,2115.464929,0.386314,0.626354,0.018036
2022-06-21 04:00:00,2402.704514,0.391447,0.607714,0.068937
2022-06-21 05:00:00,2730.905060,0.393029,0.529414,0.176725
2022-06-21 06:00:00,2944.011852,0.349378,0.419721,0.358625
2022-06-21 07:00:00,2871.905931,0.301612,0.347805,0.566274
2022-06-21 08:00:00,2930.900420,0.306070,0.297613,0.628097
2022-06-21 09:00:00,2956.835626,0.318845,0.288766,0.726041
2022-06-21 10:00:00,2881.240146,0.352031,0.357808,0.757526
2022-06-21 11:00:00,2905.561419,0.406600,0.342709,0.751699
2022-06-21 12:00:00,2872.258376,0.436873,0.315509,0.754045
2022-06-21 13:00:00,2965.055902,0.362456,0.374918,0.665192
2022-06-21 14:00:00,2895.213599,0.359978,0.347041,0.596948
2022-06-21 15:00:00,2940.657174,0.319563,0.373572,0.442184
2022-06-21 16:00:00,2818.015630,0.284873,0.315537,0.261661
2022-06-21 17:00:00,2548.909324,0.258445,0.268065,0.152149
2022-06-21 18:00:00,2439.884574,0.191667,0.202336,0.076794
2022-06-21 19:00:00,2328.549426,0.149001,0.220935,0.018271
2022-06-21 20:00:00,2256.860564,0.136131,0.231635,0.000425
2022-06-21 21:00:00,2175.413309,0.160249,0.253286,0.000097
2022-06-21 22:00:00,2058.000808,0.180582,0.318094,0.000115
2022-06-21 23:00:00,1991.042432,0.161066,0.325874,0.000075
2022-06-22 00:00:00,1935.217702,0.148473,0.306660,0.000064
2022-06-22 01:00:00,1917.795843,0.151998,0.279904,0.000059
2022-06-22 02:00:00,1977.899912,0.153003,0.257535,0.000233
2022-06-22 03:00:00,2006.533915,0.131688,0.215575,0.012640
2022-06-22 04:00:00,2304.035170,0.123512,0.220725,0.052565
2022-06-22 05:00:00,2624.547305,0.149242,0.164090,0.096233
2022-06-22 06:00:00,2783.865210,0.180554,0.201106,0.153095
2022-06-22 07:00:00,2824.877019,0.206775,0.215206,0.209356
2022-06-22 08:00:00,2887.150080,0.235439,0.156651,0.232559
2022-06-22 09:00:00,2880.679618,0.222047,0.140195,0.242967
2022-06-22 10:00:00,2845.568644,0.233715,0.164994,0.327003
2022-06-22 11:00:00,2885.633040,0.267629,0.165018,0.394792
2022-06-22 12:00:00,2833.075173,0.297444,0.196874,0.453620
2022-06-22 13:00:00,2743.199654,0.300097,0.173647,0.459009
2022-06-22 14:00:00,2713.866064,0.294531,0.179667,0.439200
2022-06-22 15:00:00,2775.017875,0.281760,0.168068,0.342856
2022-06-22 16:00:00,2689.106948,0.270843,0.160632,0.246253
2022-06-22 17:00:00,2553.471378,0.239073,0.145841,0.139058
2022-06-22 18:00:00,2445.120562,0.211586,0.160088,0.062120
2022-06-22 19:00:00,2333.427492,0.167615,0.212546,0.015363
2022-06-22 20:00:00,2273.290361,0.144926,0.279062,0.000269
2022-06-22 21:00:00,2165.648926,0.137481,0.258679,0.000098
2022-06-22 22:00:00,2052.077840,0.133572,0.176270,0.000095
2022-06-22 23:00:00,1983.614784,0.124125,0.160730,0.000090
2022-06-23 00:00:00,1939.159015,0.111876,0.155037,0.000078
2022-06-23 01:00:00,1898.246240,0.096336,0.111854,0.000073
2022-06-23 02:00:00,1903.055585,0.088173,0.077721,0.000155
2022-06-23 03:00:00,1979.175452,0.070348,0.039733,0.005754
2022-06-23 04:00:00,2276.562484,0.056233,0.032831,0.034757
2022-06-23 05:00:00,2608.302973,0.055462,0.024551,0.079960
2022-06-23 06:00:00,2757.351466,0.050379,0.022893,0.141465
2022-06-23 07:00:00,2800.191366,0.034369,0.026770,0.241666
2022-06-23 08:00:00,2880.055634,0.028358,0.034073,0.370803
2022-06-23 09:00:00,2897.479179,0.023803,0.025938,0.505721
2022-06-23 10:00:00,2875.369231,0.019630,0.015732,0.661323
2022-06-23 11:00:00,2897.278948,0.013245,0.021076,0.761996
2022-06-23 12:00:00,2849.743030,0.011606,0.018578,0.807593
2022-06-23 13:00:00,2776.735356,0.015325,0.002555,0.809176
2022-06-23 14:00:00,2724.846873,0.015649,0.004282,0.726485
2022-06-23 15:00:00,2734.166200,0.016376,0.011877,0.581275
2022-06-23 16:00:00,2586.181772,0.018352,0.015344,0.393456
2022-06-23 17:00:00,2447.382472,0.023642,0.018411,0.195095
2022-06-23 18:00:00,2338.929058,0.029494,0.034643,0.066958
2022-06-23 19:00:00,2268.541497,0.048263,0.079356,0.017554
2022-06-23 20:00:00,2240.527685,0.087057,0.189963,0.000579
2022-06-23 21:00:00,2259.596221,0.128515,0.319656,0.000119
2022-06-23 22:00:00,2314.825384,0.098142,0.396166,0.000108
2022-06-23 23:00:00,2264.487537,0.104826,0.481457,0.000101
2022-06-24 00:00:00,2279.236048,0.113507,0.502739,0.000090
2022-06-24 01:00:00,2169.517860,0.125761,0.509164,0.000088
2022-06-24 02:00:00,2058.123466,0.149897,0.531965,0.001605
2022-06-24 03:00:00,2134.634267,0.257517,0.585367,0.021384
2022-06-24 04:00:00,2405.274250,0.169307,0.586459,0.077445
2022-06-24 05:00:00,2731.692103,0.160395,0.682425,0.216342
2022-06-24 06:00:00,2887.900782,0.141402,0.586019,0.412494
2022-06-24 07:00:00,2956.190697,0.195693,0.635670,0.597890
2022-06-24 08:00:00,3031.036889,0.254835,0.639500,0.747794
2022-06-24 09:00:00,3054.127965,0.274525,0.495638,0.834917
2022-06-24 10:00:00,3002.291355,0.347693,0.513650,0.875538
2022-06-24 11:00:00,2958.375861,0.380465,0.417282,0.877393
2022-06-24 12:00:00,2792.671033,0.382571,0.395609,0.861403
2022-06-24 13:00:00,2714.074630,0.483255,0.378931,0.827460
2022-06-24 14:00:00,2697.801762,0.360424,0.343998,0.680130
2022-06-24 15:00:00,2678.229802,0.468953,0.215840,0.449351
2022-06-24 16:00:00,2577.918438,0.439149,0.391672,0.252256
2022-06-24 17:00:00,2381.478752,0.262114,0.409945,0.106520
2022-06-24 18:00:00,2283.190101,0.151332,0.359909,0.054984
2022-06-24 19:00:00,2189.106869,0.091775,0.332269,0.013051
2022-06-24 20:00:00,2121.280611,0.110605,0.325318,0.000268
2022-06-24 21:00:00,2039.939819,0.097136,0.212845,0.000099
2022-06-24 22:00:00,1937.808084,0.076734,0.215510,0.000071
2022-06-24 23:00:00,1852.589016,0.068620,0.166284,0.000053
2022-06-25 00:00:00,1790.091544,0.047868,0.169211,0.000046
2022-06-25 01:00:00,1750.235051,0.033926,0.214865,0.000043
2022-06-25 02:00:00,1720.117874,0.031045,0.122030,0.000699
2022-06-25 03:00:00,1707.466966,0.026353,0.088231,0.025033
2022-06-25 04:00:00,1806.431355,0.011216,0.054232,0.084235
2022-06-25 05:00:00,1971.628451,0.004719,0.056878,0.181216
2022-06-25 06:00:00,2154.269884,0.000947,0.040304,0.344295
2022-06-25 07:00:00,2274.754783,0.000626,0.033867,0.533966
2022-06-25 08:00:00,2349.081939,0.001198,0.049684,0.675743
2022-06-25 09:00:00,2357.837027,0.001232,0.092730,0.770524
2022-06-25 10:00:00,2325.694577,0.004072,0.141470,0.739056
2022-06-25 11:00:00,2300.853046,0.007826,0.129579,0.725082
2022-06-25 12:00:00,2261.021120,0.014836,0.067089,0.668869
2022-06-25 13:00:00,2233.833587,0.030042,0.029348,0.626523
2022-06-25 14:00:00,2212.440589,0.035991,0.043000,0.479623
2022-06-25 15:00:00,2278.376709,0.040054,0.024282,0.346175
2022-06-25 16:00:00,2261.217362,0.034542,0.010106,0.253965
2022-06-25 17:00:00,2170.998688,0.029357,0.002958,0.155139
2022-06-25 18:00:00,2098.153902,0.028475,0.002167,0.070582
2022-06-25 19:00:00,2014.152772,0.028195,0.040839,0.016709
2022-06-25 20:00:00,1983.724301,0.022872,0.037577,0.001504
2022-06-25 21:00:00,1922.583867,0.021235,0.027282,0.000148
2022-06-25 22:00:00,1822.799671,0.027549,0.046864,0.000107
2022-06-25 23:00:00,1748.069710,0.034454,0.065595,0.000099
2022-06-26 00:00:00,1698.196833,0.047156,0.143866,0.000091
2022-06-26 01:00:00,1669.398384,0.074520,0.185284,0.000067
2022-06-26 02:00:00,1646.033734,0.113672,0.330458,0.001338
2022-06-26 03:00:00,1646.896396,0.114021,0.473182,0.022670
2022-06-26 04:00:00,1731.283887,0.114655,0.614151,0.072398
2022-06-26 05:00:00,1866.778996,0.101801,0.584846,0.166695
2022-06-26 06:00:00,2033.944534,0.093847,0.361563,0.289375
2022-06-26 07:00:00,2147.802882,0.110818,0.266620,0.436020
2022-06-26 08:00:00,2241.455738,0.127822,0.143660,0.604780
2022-06-26 09:00:00,2276.600315,0.134021,0.163988,0.633969
2022-06-26 10:00:00,2293.756636,0.137314,0.189070,0.628515
2022-06-26 11:00:00,2294.231016,0.176478,0.262708,0.678873
2022-06-26 12:00:00,2262.627408,0.255118,0.157737,0.662257
2022-06-26 13:00:00,2239.341538,0.258784,0.115224,0.645969
2022-06-26 14:00:00,2259.478606,0.198015,0.144929,0.562437
2022-06-26 15:00:00,2388.001127,0.117796,0.081780,0.456601
2022-06-26 16:00:00,2344.823739,0.085031,0.048679,0.278301
2022-06-26 17:00:00,2243.991196,0.065475,0.032413,0.142867
2022-06-26 18:00:00,2166.960821,0.046480,0.036473,0.052227
2022-06-26 19:00:00,2085.265694,0.033317,0.031876,0.011656
2022-06-26 20:00:00,2048.567046,0.018070,0.046345,0.000220
2022-06-26 21:00:00,1973.222721,0.012768,0.056970,0.000064
2022-06-26 22:00:00,1896.458884,0.014823,0.084949,0.000052
2022-06-26 23:00:00,1848.522245,0.027343,0.109051,0.000045
2022-06-27 00:00:00,1820.558338,0.036375,0.089389,0.000041
2022-06-27 01:00:00,1781.784728,0.054720,0.129543,0.000041
2022-06-27 02:00:00,1791.642263,0.056533,0.120279,0.000466
2022-06-27 03:00:00,1897.107462,0.043713,0.182350,0.004565
2022-06-27 04:00:00,2196.915331,0.049288,0.163971,0.013276
2022-06-27 05:00:00,2533.727182,0.083787,0.113198,0.025812
2022-06-27 06:00:00,2717.714600,0.109775,0.115856,0.043741
2022-06-27 07:00:00,2757.972863,0.093885,0.220469,0.106632
2022-06-27 08:00:00,2829.478469,0.077487,0.272674,0.156280
2022-06-27 09:00:00,2862.527281,0.070285,0.283046,0.182277
2022-06-27 10:00:00,2817.767415,0.053910,0.306639,0.146765
2022-06-27 11:00:00,2858.937498,0.047547,0.286390,0.180091
2022-06-27 12:00:00,2831.856724,0.045539,0.162914,0.086590
2022-06-27 13:00:00,2734.301084,0.039889,0.100985,0.052187
2022-06-27 14:00:00,2719.032028,0.084340,0.093009,0.063470
2022-06-27 15:00:00,2819.203145,0.140481,0.144669,0.062001
2022-06-27 16:00:00,2717.816291,0.170796,0.266569,0.040810
2022-06-27 17:00:00,2551.766048,0.186444,0.311383,0.022397
2022-06-27 18:00:00,2394.713640,0.203848,0.286258,0.013960
2022-06-27 19:00:00,2269.728200,0.132398,0.334482,0.007762
2022-06-27 20:00:00,2186.245495,0.063227,0.316674,0.001503
2022-06-27 21:00:00,2070.866180,0.032571,0.250941,0.000083
2022-06-27 22:00:00,1958.621254,0.065459,0.147504,0.000096
2022-06-27 23:00:00,1878.011316,0.056861,0.160874,0.000066
2022-06-28 00:00:00,1847.469825,0.082719,0.232384,0.000063
2022-06-28 01:00:00,1825.604577,0.118441,0.197100,0.000058
2022-06-28 02:00:00,1826.916529,0.143219,0.305432,0.000362
2022-06-28 03:00:00,1914.418041,0.135021,0.340471,0.014023
2022-06-28 04:00:00,2198.489274,0.101787,0.348758,0.063076
2022-06-28 05:00:00,2521.108414,0.067485,0.289828,0.154841
2022-06-28 06:00:00,2704.601546,0.055621,0.262706,0.351664
2022-06-28 07:00:00,2747.993983,0.098436,0.187979,0.494120
2022-06-28 08:00:00,2849.609308,0.118687,0.122228,0.609642
2022-06-28 09:00:00,2866.555272,0.120969,0.099799,0.716459
2022-06-28 10:00:00,2842.098668,0.113913,0.071209,0.736638
2022-06-28 11:00:00,2844.999829,0.097552,0.032889,0.691113
2022-06-28 12:00:00,2784.474380,0.072581,0.025026,0.723418
2022-06-28 13:00:00,2670.182380,0.060837,0.023620,0.672911
2022-06-28 14:00:00,2642.800232,0.050501,0.023703,0.679235
2022-06-28 15:00:00,2718.555624,0.034202,0.015282,0.550375
2022-06-28 16:00:00,2622.653420,0.022012,0.014836,0.400837
2022-06-28 17:00:00,2488.992076,0.013293,0.010559,0.210677
2022-06-28 18:00:00,2352.701836,0.008110,0.005254,0.073050
2022-06-28 19:00:00,2247.688855,0.004316,0.011423,0.017391
2022-06-28 20:00:00,2182.360742,0.002278,0.008566,0.000411
2022-06-28 21:00:00,2081.957043,0.001274,0.010269,0.000068
2022-06-28 22:00:00,1964.044788,0.001179,0.012322,0.000064
2022-06-28 23:00:00,1882.092719,0.004105,0.022312,0.000055
2022-06-29 00:00:00,1831.528746,0.012825,0.026747,0.000046
2022-06-29 01:00:00,1822.822946,0.022483,0.049306,0.000041
2022-06-29 02:00:00,1822.816301,0.031819,0.084611,0.001206
2022-06-29 03:00:00,1907.945273,0.030549,0.057915,0.024478
2022-06-29 04:00:00,2189.101336,0.027664,0.056353,0.085192
2022-06-29 05:00:00,2534.058593,0.018635,0.076326,0.228975
2022-06-29 06:00:00,2731.235755,0.011195,0.122522,0.430845
2022-06-29 07:00:00,2797.631845,0.023151,0.133807,0.598833
2022-06-29 08:00:00,2865.479115,0.034307,0.135927,0.712441
2022-06-29 09:00:00,2864.999632,0.041156,0.151339,0.747768
2022-06-29 10:00:00,2848.437662,0.050999,0.139415,0.786832
2022-06-29 11:00:00,2879.853160,0.072606,0.117650,0.779993
2022-06-29 12:00:00,2830.374025,0.091955,0.117223,0.772085
2022-06-29 13:00:00,2754.300998,0.110416,0.183776,0.749456
2022-06-29 14:00:00,2670.359752,0.122352,0.211311,0.630062
2022-06-29 15:00:00,2714.043491,0.127862,0.246617,0.520962
2022-06-29 16:00:00,2621.110137,0.123487,0.225324,0.357675
2022-06-29 17:00:00,2477.179202,0.113679,0.315956,0.189092
2022-06-29 18:00:00,2357.282169,0.101763,0.368083,0.073004
2022-06-29 19:00:00,2254.826442,0.101234,0.355254,0.016553
2022-06-29 20:00:00,2215.343836,0.130960,0.362101,0.000339
2022-06-29 21:00:00,2135.791623,0.136811,0.426951,0.000065
2022-06-29 22:00:00,2147.867067,0.107197,0.419742,0.000062
2022-06-29 23:00:00,2114.574689,0.083872,0.361009,0.000051
2022-06-30 00:00:00,1986.609162,0.110174,0.349278,0.000044
2022-06-30 01:00:00,1874.330069,0.114193,0.316239,0.000040
2022-06-30 02:00:00,2062.650699,0.070172,0.211193,0.001175
2022-06-30 03:00:00,2108.588960,0.064744,0.291044,0.026471
2022-06-30 04:00:00,2504.512098,0.042900,0.243860,0.089234
2022-06-30 05:00:00,2833.884962,0.025866,0.300113,0.228043
2022-06-30 06:00:00,2741.876675,0.041939,0.246881,0.416564
2022-06-30 07:00:00,2957.373746,0.057979,0.259376,0.617549
2022-06-30 08:00:00,3015.894092,0.075105,0.210623,0.763254
2022-06-30 09:00:00,2920.502113,0.091076,0.157910,0.849064
2022-06-30 10:00:00,2890.146963,0.071860,0.132205,0.866543
2022-06-30 11:00:00,2887.741574,0.071780,0.083150,0.865434
2022-06-30 12:00:00,2803.340470,0.078175,0.049835,0.864196
2022-06-30 13:00:00,2723.815802,0.085095,0.042210,0.807196
2022-06-30 14:00:00,2652.070632,0.087973,0.040532,0.709925
2022-06-30 15:00:00,2669.222260,0.078939,0.052118,0.549820
2022-06-30 16:00:00,2601.055880,0.072766,0.056429,0.390873
2022-06-30 17:00:00,2476.697721,0.063248,0.040421,0.202440
2022-06-30 18:00:00,2356.436641,0.049023,0.051289,0.079462
2022-06-30 19:00:00,2250.330465,0.062631,0.101713,0.019625
2022-06-30 20:00:00,2189.279346,0.106852,0.154619,0.000487
2022-06-30 21:00:00,2111.293242,0.139156,0.192551,0.000072
2022-06-30 22:00:00,1988.531621,0.144597,0.202168,0.000062
2022-06-30 23:00:00,1902.366928,0.141190,0.187968,0.000051
2022-07-01 00:00:00,1869.398272,0.113466,0.280701,0.000049
2022-07-01 01:00:00,1833.652564,0.098380,0.291084,0.000042
2022-07-01 02:00:00,1825.013580,0.093327,0.210546,0.001892
2022-07-01 03:00:00,1918.843473,0.096723,0.284350,0.031590
2022-07-01 04:00:00,2209.589340,0.079605,0.221791,0.085039
2022-07-01 05:00:00,2534.804809,0.073764,0.249288,0.133417
2022-07-01 06:00:00,2697.627836,0.108598,0.469119,0.201226
2022-07-01 07:00:00,2768.756019,0.163631,0.584504,0.222403
2022-07-01 08:00:00,2873.060403,0.216250,0.561163,0.208073
2022-07-01 09:00:00,2856.165173,0.218804,0.439808,0.270989
2022-07-01 10:00:00,2752.677995,0.217739,0.361764,0.294173
2022-07-01 11:00:00,2692.722846,0.256668,0.274929,0.249034
2022-07-01 12:00:00,2591.407676,0.293311,0.201190,0.222924
2022-07-01 13:00:00,2556.503307,0.287089,0.300117,0.202970
2022-07-01 14:00:00,2509.404372,0.263625,0.353344,0.231619
2022-07-01 15:00:00,2573.302513,0.244844,0.326066,0.196067
2022-07-01 16:00:00,2486.384820,0.191063,0.472158,0.137869
2022-07-01 17:00:00,2327.756883,0.164579,0.543187,0.089318
2022-07-01 18:00:00,2190.447836,0.153963,0.549279,0.042821
2022-07-01 19:00:00,2077.322721,0.151281,0.387953,0.007670
2022-07-01 20:00:00,2007.908114,0.136722,0.380295,0.000100
2022-07-01 21:00:00,1920.310982,0.153999,0.387141,0.000052
2022-07-01 22:00:00,1834.148530,0.197499,0.428175,0.000043
2022-07-01 23:00:00,1784.236005,0.230069,0.474101,0.000036
2022-07-02 00:00:00,1856.110856,0.217663,0.474246,0.000035
2022-07-02 01:00:00,1796.460233,0.190802,0.417507,0.000036
2022-07-02 02:00:00,1645.065420,0.214612,0.372553,0.000197
2022-07-02 03:00:00,1643.865269,0.216544,0.355432,0.013786
2022-07-02 04:00:00,1743.116441,0.173545,0.332007,0.073549
2022-07-02 05:00:00,1926.561339,0.156957,0.332808,0.227842
2022-07-02 06:00:00,2123.542760,0.231507,0.361279,0.387513
2022-07-02 07:00:00,2224.367051,0.306847,0.363433,0.538955
2022-07-02 08:00:00,2348.900261,0.343001,0.338018,0.642325
2022-07-02 09:00:00,2513.233057,0.357219,0.371279,0.722679
2022-07-02 10:00:00,2487.448718,0.380768,0.540779,0.731543
2022-07-02 11:00:00,2517.226115,0.388112,0.659407,0.749745
2022-07-02 12:00:00,2386.000755,0.424275,0.665887,0.721240
2022-07-02 13:00:00,2328.929605,0.450155,0.711657,0.708479
2022-07-02 14:00:00,2346.665672,0.473863,0.758142,0.626743
2022-07-02 15:00:00,2370.746128,0.501506,0.798185,0.479962
2022-07-02 16:00:00,2286.576751,0.464747,0.719917,0.365068
2022-07-02 17:00:00,2167.546353,0.387737,0.684126,0.206948
2022-07-02 18:00:00,2057.896429,0.316413,0.594988,0.084087
2022-07-02 19:00:00,1941.951475,0.251013,0.421529,0.020172
2022-07-02 20:00:00,1891.604040,0.212999,0.356230,0.001668
2022-07-02 21:00:00,1824.048352,0.203003,0.315203,0.000076
2022-07-02 22:00:00,1730.589838,0.210120,0.298323,0.000063
2022-07-02 23:00:00,1659.349967,0.213408,0.308447,0.000050
2022-07-03 00:00:00,1608.442509,0.229166,0.309659,0.000045
2022-07-03 01:00:00,1585.034731,0.226495,0.399777,0.000043
2022-07-03 02:00:00,1562.835217,0.213976,0.350717,0.000142
2022-07-03 03:00:00,1561.212278,0.198940,0.352186,0.011789
2022-07-03 04:00:00,1637.918601,0.152966,0.397662,0.057169
2022-07-03 05:00:00,1772.858615,0.098265,0.310364,0.142602
2022-07-03 06:00:00,1932.751767,0.078216,0.180992,0.285566
2022-07-03 07:00:00,2084.893301,0.106312,0.071886,0.505059
2022-07-03 08:00:00,2232.501450,0.102054,0.045815,0.665292
2022-07-03 09:00:00,2307.884021,0.084449,0.016285,0.719328
2022-07-03 10:00:00,2288.071873,0.083224,0.007262,0.745831
2022-07-03 11:00:00,2319.956171,0.085197,0.023496,0.741620
2022-07-03 12:00:00,2271.816802,0.067571,0.048916,0.746297
2022-07-03 13:00:00,2239.905649,0.071458,0.027999,0.707924
2022-07-03 14:00:00,2250.594729,0.068638,0.019649,0.628350
2022-07-03 15:00:00,2310.111748,0.057236,0.014723,0.452952
2022-07-03 16:00:00,2280.626687,0.053158,0.014135,0.262486
2022-07-03 17:00:00,2204.909144,0.050154,0.031552,0.149980
2022-07-03 18:00:00,2122.202985,0.034997,0.050056,0.065327
2022-07-03 19:00:00,2043.637497,0.032655,0.085936,0.018960
2022-07-03 20:00:00,2018.080014,0.034905,0.086913,0.002007
2022-07-03 21:00:00,1933.337781,0.034669,0.154169,0.000069
2022-07-03 22:00:00,1851.400494,0.049923,0.199249,0.000054
2022-07-03 23:00:00,1792.257061,0.060177,0.176014,0.000049
2022-07-04 00:00:00,1758.625264,0.077782,0.229915,0.000040
2022-07-04 01:00:00,1749.883048,0.093803,0.281509,0.000038
2022-07-04 02:00:00,1750.148617,0.107278,0.307316,0.000299
2022-07-04 03:00:00,1847.461891,0.114562,0.329972,0.018473
2022-07-04 04:00:00,2144.208677,0.113149,0.323275,0.080944
2022-07-04 05:00:00,2492.325465,0.102912,0.303751,0.200270
2022-07-04 06:00:00,2694.098648,0.148848,0.350995,0.306308
2022-07-04 07:00:00,2717.279184,0.192521,0.308665,0.321472
2022-07-04 08:00:00,2815.792671,0.228377,0.336524,0.388748
2022-07-04 09:00:00,2851.180312,0.310359,0.453828,0.444294
2022-07-04 10:00:00,2838.071025,0.378926,0.557672,0.512005
2022-07-04 11:00:00,2887.158259,0.438576,0.702994,0.526984
2022-07-04 12:00:00,3010.195683,0.449465,0.644105,0.499896
2022-07-04 13:00:00,2966.335606,0.517549,0.623425,0.436550
2022-07-04 14:00:00,2956.269129,0.399094,0.498572,0.328359
2022-07-04 15:00:00,3094.669369,0.410946,0.561443,0.285229
2022-07-04 16:00:00,2965.443452,0.342185,0.638104,0.239824
2022-07-04 17:00:00,2776.974901,0.290584,0.542729,0.155975
2022-07-04 18:00:00,2601.782699,0.262630,0.503320,0.073352
2022-07-04 19:00:00,2452.323303,0.324541,0.496162,0.016303
2022-07-04 20:00:00,2252.184583,0.268532,0.701006,0.000334
2022-07-04 21:00:00,2120.815182,0.282933,0.681326,0.000077
2022-07-04 22:00:00,2006.583996,0.271158,0.730798,0.000134
2022-07-04 23:00:00,1934.607062,0.283732,0.738158,0.000056
2022-07-05 00:00:00,1886.110368,0.294058,0.651589,0.000049
2022-07-05 01:00:00,1874.050409,0.280165,0.585775,0.000043
2022-07-05 02:00:00,1893.350484,0.274307,0.559648,0.000451
2022-07-05 03:00:00,1974.782411,0.257400,0.481138,0.019062
2022-07-05 04:00:00,2224.525866,0.230252,0.417850,0.076995
2022-07-05 05:00:00,2539.753025,0.253627,0.429463,0.185266
2022-07-05 06:00:00,2730.622669,0.301229,0.446831,0.346368
2022-07-05 07:00:00,2789.590241,0.367425,0.472075,0.455202
2022-07-05 08:00:00,2872.855097,0.410229,0.280421,0.524346
2022-07-05 09:00:00,2888.509275,0.408552,0.244613,0.565435
2022-07-05 10:00:00,2934.412612,0.404435,0.281904,0.610944
2022-07-05 11:00:00,2995.175556,0.430256,0.370830,0.631243
2022-07-05 12:00:00,2827.967846,0.503353,0.366066,0.573439
2022-07-05 13:00:00,2742.544173,0.525288,0.347823,0.522031
2022-07-05 14:00:00,2696.505012,0.511139,0.560025,0.461712
2022-07-05 15:00:00,2832.163937,0.447556,0.632694,0.383552
2022-07-05 16:00:00,2777.039884,0.404848,0.692870,0.296383
2022-07-05 17:00:00,2586.351020,0.386962,0.679671,0.173482
2022-07-05 18:00:00,2399.859613,0.326908,0.612162,0.067090
2022-07-05 19:00:00,2297.888836,0.292814,0.650804,0.019159
2022-07-05 20:00:00,2222.183292,0.288039,0.615325,0.000370
2022-07-05 21:00:00,2132.067801,0.319783,0.600291,0.000080
2022-07-05 22:00:00,2008.244502,0.315209,0.628681,0.000083
2022-07-05 23:00:00,1949.164895,0.326005,0.707630,0.000071
2022-07-06 00:00:00,1894.976327,0.342041,0.688729,0.000058
2022-07-06 01:00:00,1871.017335,0.354689,0.693936,0.000059
2022-07-06 02:00:00,1887.969417,0.374871,0.678593,0.000653
2022-07-06 03:00:00,1980.320382,0.378427,0.664670,0.020546
2022-07-06 04:00:00,2260.221839,0.360395,0.614752,0.079373
2022-07-06 05:00:00,2580.317538,0.371727,0.557610,0.231997
2022-07-06 06:00:00,2757.550454,0.445499,0.510235,0.406382
2022-07-06 07:00:00,2827.636858,0.441950,0.440187,0.540796
2022-07-06 08:00:00,2914.092723,0.398198,0.415410,0.676632
2022-07-06 09:00:00,2908.789651,0.357495,0.409404,0.731101
2022-07-06 10:00:00,2882.863280,0.375437,0.452438,0.778233
2022-07-06 11:00:00,2890.518850,0.408063,0.565330,0.775003
2022-07-06 12:00:00,2810.888761,0.474428,0.669394,0.718508
2022-07-06 13:00:00,2850.209315,0.471472,0.775310,0.604619
2022-07-06 14:00:00,2784.468394,0.490284,0.686491,0.421940
2022-07-06 15:00:00,2820.427401,0.514689,0.616052,0.221172
2022-07-06 16:00:00,2693.900649,0.452479,0.687950,0.109895
2022-07-06 17:00:00,2548.560983,0.388005,0.755628,0.044027
2022-07-06 18:00:00,2456.247165,0.367038,0.721893,0.015232
2022-07-06 19:00:00,2396.624603,0.311818,0.852505,0.003687
2022-07-06 20:00:00,2280.447900,0.314617,0.833254,0.000092
2022-07-06 21:00:00,2227.509317,0.251097,0.832086,0.000091
2022-07-06 22:00:00,2174.260780,0.156021,0.459697,0.000072
2022-07-06 23:00:00,2115.710201,0.140332,0.275982,0.000051
2022-07-07 00:00:00,2059.820712,0.134607,0.239560,0.000040
2022-07-07 01:00:00,2017.754684,0.166842,0.368210,0.000040
2022-07-07 02:00:00,2083.592714,0.189053,0.188622,0.000110
2022-07-07 03:00:00,2106.562199,0.268482,0.504098,0.013016
2022-07-07 04:00:00,2408.650346,0.210812,0.552131,0.060767
2022-07-07 05:00:00,2727.313913,0.252147,0.533433,0.149200
2022-07-07 06:00:00,2763.974503,0.392541,0.833477,0.229586
2022-07-07 07:00:00,2852.557301,0.465355,0.811412,0.385633
2022-07-07 08:00:00,2953.698872,0.434487,0.742811,0.511536
2022-07-07 09:00:00,2961.707153,0.496955,0.722111,0.570867
2022-07-07 10:00:00,2938.297656,0.380465,0.745694,0.615693
2022-07-07 11:00:00,2958.773203,0.440339,0.753703,0.683695
2022-07-07 12:00:00,2884.763091,0.396672,0.818161,0.780202
2022-07-07 13:00:00,2819.852627,0.345871,0.834107,0.764178
2022-07-07 14:00:00,2831.675931,0.300320,0.779007,0.750090
2022-07-07 15:00:00,2861.259715,0.321884,0.763954,0.610912
2022-07-07 16:00:00,2751.455848,0.284765,0.714509,0.423749
2022-07-07 17:00:00,2598.028341,0.288637,0.516578,0.215386
2022-07-07 18:00:00,2456.563569,0.220845,0.525094,0.071711
2022-07-07 19:00:00,2311.675282,0.259602,0.502656,0.016996
2022-07-07 20:00:00,2244.000943,0.273377,0.595006,0.000304
2022-07-07 21:00:00,2135.841970,0.323619,0.715890,0.000107
2022-07-07 22:00:00,2044.841369,0.350259,0.794115,0.000076
2022-07-07 23:00:00,1972.549401,0.283483,0.549798,0.000065
2022-07-08 00:00:00,1901.012521,0.337396,0.666081,0.000052
2022-07-08 01:00:00,1883.031187,0.375109,0.539984,0.000054
2022-07-08 02:00:00,1919.353818,0.384718,0.889362,0.000143
2022-07-08 03:00:00,1968.442023,0.473705,0.911994,0.010258
2022-07-08 04:00:00,2242.989026,0.512228,0.904097,0.054280
2022-07-08 05:00:00,2525.563626,0.514924,0.835897,0.110996
2022-07-08 06:00:00,2675.232467,0.540792,0.829992,0.191961
2022-07-08 07:00:00,2765.910595,0.546536,0.778802,0.323433
2022-07-08 08:00:00,2815.782948,0.540456,0.700913,0.446089
2022-07-08 09:00:00,2831.081711,0.555373,0.691305,0.575512
2022-07-08 10:00:00,2799.421293,0.588252,0.643570,0.642831
2022-07-08 11:00:00,2791.981518,0.537063,0.653906,0.719561
2022-07-08 12:00:00,2785.640032,0.476395,0.619081,0.737891
2022-07-08 13:00:00,2634.073445,0.508157,0.604022,0.693692
2022-07-08 14:00:00,2632.011500,0.521343,0.474450,0.620113
2022-07-08 15:00:00,2685.718459,0.482643,0.477601,0.485025
2022-07-08 16:00:00,2730.889431,0.419574,0.498530,0.333582
2022-07-08 17:00:00,2508.846544,0.411317,0.424009,0.167749
2022-07-08 18:00:00,2350.823030,0.506865,0.386667,0.058319
2022-07-08 19:00:00,2121.754054,0.534009,0.652957,0.009754
2022-07-08 20:00:00,2056.171490,0.497062,0.750316,0.000155
2022-07-08 21:00:00,1957.237663,0.483131,0.829210,0.000117
2022-07-08 22:00:00,1854.827721,0.468061,0.825355,0.000085
2022-07-08 23:00:00,1789.185223,0.431866,0.776250,0.000069
2022-07-09 00:00:00,1722.993597,0.442542,0.732046,0.000056
2022-07-09 01:00:00,1691.655027,0.450595,0.810901,0.000055
2022-07-09 02:00:00,1679.832850,0.445595,0.702889,0.000310
2022-07-09 03:00:00,1663.936615,0.434386,0.743436,0.017395
2022-07-09 04:00:00,1771.149309,0.462323,0.776738,0.074632
2022-07-09 05:00:00,1948.144254,0.564032,0.811672,0.194934
2022-07-09 06:00:00,2159.776117,0.648948,0.756200,0.305359
2022-07-09 07:00:00,2282.089202,0.679944,0.840944,0.423925
2022-07-09 08:00:00,2370.888112,0.746987,0.889841,0.523735
2022-07-09 09:00:00,2421.224448,0.646175,0.850319,0.627225
2022-07-09 10:00:00,2437.575659,0.622670,0.919382,0.591167
2022-07-09 11:00:00,2418.459512,0.623943,0.829734,0.574797
2022-07-09 12:00:00,2438.277506,0.550777,0.348275,0.575528
2022-07-09 13:00:00,2505.670814,0.557944,0.258494,0.577899
2022-07-09 14:00:00,2368.736330,0.562088,0.604948,0.506762
2022-07-09 15:00:00,2444.708079,0.548605,0.539539,0.405249
2022-07-09 16:00:00,2395.483150,0.542844,0.542252,0.279073
2022-07-09 17:00:00,2268.614776,0.535508,0.541048,0.154978
2022-07-09 18:00:00,2150.334194,0.509898,0.546240,0.057435
2022-07-09 19:00:00,2005.075254,0.540938,0.562656,0.015348
2022-07-09 20:00:00,1953.284929,0.534773,0.557438,0.000256
2022-07-09 21:00:00,1894.292783,0.535284,0.497671,0.000078
2022-07-09 22:00:00,1778.459437,0.404145,0.453864,0.000086
2022-07-09 23:00:00,1705.081619,0.346745,0.669949,0.000074
2022-07-10 00:00:00,1681.693681,0.316826,0.651562,0.000055
2022-07-10 01:00:00,1673.279726,0.309463,0.619482,0.000049
2022-07-10 02:00:00,1647.039767,0.287885,0.541316,0.000288
2022-07-10 03:00:00,1641.583008,0.262297,0.520386,0.017317
2022-07-10 04:00:00,1728.861485,0.233194,0.538643,0.074182
2022-07-10 05:00:00,1908.054447,0.284913,0.567810,0.196879
2022-07-10 06:00:00,2063.744223,0.266423,0.498558,0.361581
2022-07-10 07:00:00,2236.936334,0.231042,0.522534,0.520705
2022-07-10 08:00:00,2307.332455,0.208038,0.517539,0.640999
2022-07-10 09:00:00,2268.400663,0.285708,0.585993,0.743541
2022-07-10 10:00:00,2296.436499,0.199438,0.621536,0.812098
2022-07-10 11:00:00,2297.634316,0.200683,0.556255,0.822312
2022-07-10 12:00:00,2246.151201,0.195641,0.496019,0.781215
2022-07-10 13:00:00,2268.763748,0.172275,0.427875,0.739820
2022-07-10 14:00:00,2268.189002,0.200377,0.416294,0.627490
2022-07-10 15:00:00,2329.761007,0.199243,0.335835,0.499184
2022-07-10 16:00:00,2311.374175,0.228234,0.294509,0.353343
2022-07-10 17:00:00,2224.839398,0.160818,0.295399,0.211738
2022-07-10 18:00:00,2077.241244,0.143169,0.290045,0.074688
2022-07-10 19:00:00,1978.198942,0.161562,0.325429,0.016636
2022-07-10 20:00:00,1943.735618,0.162812,0.373081,0.000430
2022-07-10 21:00:00,1880.040968,0.153897,0.323297,0.000074
2022-07-10 22:00:00,1802.646411,0.135681,0.338275,0.000076
2022-07-10 23:00:00,1741.245263,0.127780,0.283545,0.000065
2022-07-11 00:00:00,1714.864056,0.109627,0.270234,0.000048
2022-07-11 01:00:00,1707.903271,0.084387,0.288034,0.000048
2022-07-11 02:00:00,1716.018255,0.064120,0.261232,0.000238
2022-07-11 03:00:00,1793.566871,0.051280,0.208271,0.017027
2022-07-11 04:00:00,2050.053329,0.038501,0.176158,0.071940
2022-07-11 05:00:00,2374.776858,0.029054,0.166835,0.211995
2022-07-11 06:00:00,2600.085616,0.045091,0.138079,0.412184
2022-07-11 07:00:00,2687.386240,0.025871,0.112694,0.603446
2022-07-11 08:00:00,2808.625860,0.019125,0.087768,0.772351
2022-07-11 09:00:00,2821.831184,0.026306,0.078484,0.871791
2022-07-11 10:00:00,2791.007136,0.034502,0.071018,0.904626
2022-07-11 11:00:00,2797.609890,0.040879,0.061566,0.897579
2022-07-11 12:00:00,2748.389811,0.047103,0.047396,0.883330
2022-07-11 13:00:00,2635.896616,0.050048,0.050913,0.852560
2022-07-11 14:00:00,2604.564926,0.062461,0.067559,0.768863
2022-07-11 15:00:00,2658.044690,0.086967,0.094541,0.606909
2022-07-11 16:00:00,2583.538013,0.085813,0.091521,0.409179
2022-07-11 17:00:00,2454.044280,0.076825,0.064906,0.194034
2022-07-11 18:00:00,2316.383859,0.073572,0.056159,0.058892
2022-07-11 19:00:00,2222.160100,0.075120,0.052712,0.012438
2022-07-11 20:00:00,2170.903173,0.075863,0.082164,0.000127
2022-07-11 21:00:00,2056.603916,0.085495,0.113726,0.000086
2022-07-11 22:00:00,1946.929494,0.078868,0.080377,0.000080
2022-07-11 23:00:00,1871.312412,0.072659,0.107188,0.000058
2022-07-12 00:00:00,1823.319100,0.088384,0.089817,0.000049
2022-07-12 01:00:00,1807.808903,0.097340,0.149566,0.000053
2022-07-12 02:00:00,1815.478051,0.090132,0.114022,0.000321
2022-07-12 03:00:00,1892.149947,0.086173,0.094564,0.014884
2022-07-12 04:00:00,2136.717715,0.069114,0.099076,0.057395
2022-07-12 05:00:00,2431.799241,0.063679,0.117547,0.139870
2022-07-12 06:00:00,2628.004076,0.073699,0.080744,0.278671
2022-07-12 07:00:00,2720.294994,0.093137,0.075385,0.529208
2022-07-12 08:00:00,2869.483999,0.119356,0.107913,0.748523
2022-07-12 09:00:00,2890.280404,0.158831,0.206920,0.836166
2022-07-12 10:00:00,2857.308360,0.203929,0.261261,0.808996
2022-07-12 11:00:00,2874.771471,0.244004,0.257429,0.710448
2022-07-12 12:00:00,2758.437195,0.267374,0.324726,0.557139
2022-07-12 13:00:00,2670.460853,0.293033,0.335771,0.468006
2022-07-12 14:00:00,2619.403930,0.257178,0.422268,0.344926
2022-07-12 15:00:00,2682.658346,0.217611,0.468266,0.242480
2022-07-12 16:00:00,2629.222150,0.208031,0.374186,0.149861
2022-07-12 17:00:00,2495.472361,0.186309,0.305101,0.085053
2022-07-12 18:00:00,2385.638891,0.166259,0.253637,0.032089
2022-07-12 19:00:00,2299.972003,0.146280,0.195125,0.007437
2022-07-12 20:00:00,2236.957222,0.137859,0.279693,0.000093
2022-07-12 21:00:00,2111.402252,0.138221,0.159335,0.000076
2022-07-12 22:00:00,1998.298838,0.122264,0.207210,0.000072
2022-07-12 23:00:00,1932.993277,0.130788,0.220748,0.000050
2022-07-13 00:00:00,1883.818014,0.118285,0.196725,0.000049
2022-07-13 01:00:00,1867.899061,0.110666,0.156997,0.000048
2022-07-13 02:00:00,1877.019530,0.112105,0.152027,0.000125
2022-07-13 03:00:00,1942.681244,0.126678,0.185584,0.012655
2022-07-13 04:00:00,2229.809456,0.122727,0.251022,0.060378
2022-07-13 05:00:00,2521.947949,0.125862,0.217136,0.179295
2022-07-13 06:00:00,2674.407030,0.176998,0.223777,0.281435
2022-07-13 07:00:00,2751.298039,0.291065,0.323151,0.383647
2022-07-13 08:00:00,2846.012482,0.402314,0.383875,0.540290
2022-07-13 09:00:00,2888.897917,0.538878,0.507242,0.669923
2022-07-13 10:00:00,2977.038605,0.580015,0.592600,0.710831
2022-07-13 11:00:00,3021.977991,0.517768,0.671789,0.718630
2022-07-13 12:00:00,2958.921274,0.556456,0.698852,0.782737
2022-07-13 13:00:00,2831.151273,0.569776,0.406882,0.745191
2022-07-13 14:00:00,2769.580925,0.549694,0.444052,0.700757
2022-07-13 15:00:00,2813.977873,0.711350,0.745224,0.532159
2022-07-13 16:00:00,2728.786896,0.626088,0.715626,0.365970
2022-07-13 17:00:00,2551.184403,0.655625,0.747246,0.167064
2022-07-13 18:00:00,2396.577104,0.619715,0.702107,0.056672
2022-07-13 19:00:00,2291.147047,0.530809,0.696760,0.012625
2022-07-13 20:00:00,2238.694895,0.483559,0.717076,0.000146
2022-07-13 21:00:00,2116.674214,0.452683,0.729196,0.000078
2022-07-13 22:00:00,2016.569366,0.472886,0.833386,0.000082
2022-07-13 23:00:00,1980.593300,0.466629,0.748352,0.000063
2022-07-14 00:00:00,1899.509227,0.442312,0.723852,0.000053
2022-07-14 01:00:00,1887.322786,0.406837,0.837544,0.000052
2022-07-14 02:00:00,1866.415689,0.416881,0.745092,0.000122
2022-07-14 03:00:00,1933.148647,0.362570,0.767460,0.012244
2022-07-14 04:00:00,2181.915597,0.352940,0.736567,0.059015
2022-07-14 05:00:00,2476.974523,0.388660,0.675485,0.158773
2022-07-14 06:00:00,2674.893235,0.471259,0.669082,0.289450
2022-07-14 07:00:00,2737.377771,0.508462,0.534828,0.382963
2022-07-14 08:00:00,2870.686857,0.480941,0.524930,0.433757
2022-07-14 09:00:00,2895.910167,0.540854,0.601487,0.508190
2022-07-14 10:00:00,2866.998392,0.617001,0.698445,0.547315
2022-07-14 11:00:00,2905.934271,0.687513,0.764901,0.569509
2022-07-14 12:00:00,2846.519446,0.706614,0.834546,0.579762
2022-07-14 13:00:00,2762.280762,0.774123,0.866461,0.582106
2022-07-14 14:00:00,2749.687652,0.710756,0.904000,0.550313
2022-07-14 15:00:00,2765.140319,0.625082,0.936264,0.415023
2022-07-14 16:00:00,2720.853196,0.603083,0.956745,0.283163
2022-07-14 17:00:00,2596.487118,0.574793,0.891966,0.143892
2022-07-14 18:00:00,2425.310833,0.536233,0.930708,0.059400
2022-07-14 19:00:00,2351.602808,0.467485,0.858760,0.012778
2022-07-14 20:00:00,2291.689506,0.466875,0.788012,0.000212
2022-07-14 21:00:00,2189.557944,0.460033,0.963679,0.000125
2022-07-14 22:00:00,2083.024067,0.447142,0.959925,0.000113
2022-07-14 23:00:00,1970.450889,0.450361,0.918279,0.000084
2022-07-15 00:00:00,1929.448125,0.434252,0.957283,0.000056
2022-07-15 01:00:00,1891.278676,0.391549,0.945620,0.000051
2022-07-15 02:00:00,1887.496388,0.368612,0.884182,0.000127
2022-07-15 03:00:00,1938.379901,0.329244,0.801854,0.012047
2022-07-15 04:00:00,2130.335850,0.417581,0.938451,0.060089
2022-07-15 05:00:00,2394.311766,0.448621,0.907360,0.176291
2022-07-15 06:00:00,2568.456384,0.520367,0.734560,0.328249
2022-07-15 07:00:00,2641.051618,0.558998,0.779856,0.410654
2022-07-15 08:00:00,2704.444643,0.589469,0.749780,0.489427
2022-07-15 09:00:00,2703.365356,0.635427,0.657637,0.558992
2022-07-15 10:00:00,2629.185170,0.647765,0.657162,0.572838
2022-07-15 11:00:00,2613.961352,0.614749,0.626960,0.579749
2022-07-15 12:00:00,2565.911205,0.646509,0.611216,0.597028
2022-07-15 13:00:00,2479.407405,0.547562,0.577242,0.544398
2022-07-15 14:00:00,2437.649629,0.596527,0.548358,0.425091
2022-07-15 15:00:00,2501.250668,0.520558,0.583842,0.373642
2022-07-15 16:00:00,2433.303974,0.526903,0.616925,0.258323
2022-07-15 17:00:00,2256.581043,0.481384,0.709166,0.120557
2022-07-15 18:00:00,2132.235827,0.343237,0.713238,0.037987
2022-07-15 19:00:00,2063.660404,0.302760,0.621948,0.009549
2022-07-15 20:00:00,2015.587912,0.304883,0.482733,0.000127
2022-07-15 21:00:00,1903.487135,0.299824,0.519305,0.000094
2022-07-15 22:00:00,1807.682787,0.309062,0.635462,0.000095
2022-07-15 23:00:00,1736.447851,0.334748,0.695217,0.000067
2022-07-16 00:00:00,1698.191264,0.370954,0.903308,0.000052
2022-07-16 01:00:00,1675.295158,0.428009,0.970171,0.000054
2022-07-16 02:00:00,1661.060096,0.465525,0.970028,0.000099
2022-07-16 03:00:00,1661.718054,0.476540,0.963058,0.011182
2022-07-16 04:00:00,1773.871789,0.416832,0.959788,0.059268
2022-07-16 05:00:00,1933.417704,0.439073,0.947337,0.176087
2022-07-16 06:00:00,2112.752012,0.541580,0.909372,0.353530
2022-07-16 07:00:00,2225.206550,0.618055,0.847880,0.510453
2022-07-16 08:00:00,2315.058234,0.457178,0.758838,0.620625
2022-07-16 09:00:00,2438.636509,0.372569,0.644849,0.739931
2022-07-16 10:00:00,2444.362156,0.462062,0.651847,0.771590
2022-07-16 11:00:00,2379.298433,0.440189,0.161939,0.733946
2022-07-16 12:00:00,2333.607989,0.483637,0.087391,0.726845
2022-07-16 13:00:00,2248.712958,0.501527,0.164312,0.704264
2022-07-16 14:00:00,2202.652912,0.552848,0.472125,0.629031
2022-07-16 15:00:00,2246.917832,0.605979,0.524924,0.486396
2022-07-16 16:00:00,2217.778794,0.632978,0.631241,0.310649
2022-07-16 17:00:00,2110.384787,0.612728,0.762378,0.148592
2022-07-16 18:00:00,2011.862870,0.594765,0.821130,0.047557
2022-07-16 19:00:00,1952.738229,0.493396,0.852271,0.009145
2022-07-16 20:00:00,1908.886690,0.455679,0.856790,0.000116
2022-07-16 21:00:00,1821.006074,0.437555,0.827644,0.000098
2022-07-16 22:00:00,1723.189205,0.433887,0.769294,0.000095
2022-07-16 23:00:00,1656.067660,0.389356,0.679331,0.000074
2022-07-17 00:00:00,1615.125233,0.380084,0.650587,0.000063
2022-07-17 01:00:00,1607.924058,0.431043,0.758742,0.000059
2022-07-17 02:00:00,1597.545253,0.443575,0.811645,0.000201
2022-07-17 03:00:00,1580.897375,0.444336,0.774349,0.008833
2022-07-17 04:00:00,1618.838493,0.393615,0.596836,0.038430
2022-07-17 05:00:00,1738.377825,0.368218,0.484571,0.110570
2022-07-17 06:00:00,1892.090595,0.405861,0.529579,0.253618
2022-07-17 07:00:00,2006.557149,0.468293,0.603271,0.363222
2022-07-17 08:00:00,2089.543120,0.543694,0.557186,0.466666
2022-07-17 09:00:00,2104.890054,0.494509,0.506440,0.521823
2022-07-17 10:00:00,2259.597208,0.339225,0.492987,0.636292
2022-07-17 11:00:00,2329.342725,0.292676,0.254051,0.659804
2022-07-17 12:00:00,2340.132055,0.293062,0.395468,0.687549
2022-07-17 13:00:00,2322.863189,0.372583,0.251167,0.639302
2022-07-17 14:00:00,2115.412119,0.425147,0.470590,0.480738
2022-07-17 15:00:00,2218.945639,0.428117,0.461205,0.283198
2022-07-17 16:00:00,2229.351800,0.390160,0.494710,0.161812
2022-07-17 17:00:00,2122.408731,0.334776,0.406501,0.081063
2022-07-17 18:00:00,2026.676779,0.258765,0.344062,0.031610
2022-07-17 19:00:00,1957.613934,0.186679,0.324338,0.006243
2022-07-17 20:00:00,1926.792600,0.139756,0.305149,0.000091
2022-07-17 21:00:00,1827.998342,0.127818,0.274789,0.000083
2022-07-17 22:00:00,1739.251704,0.120556,0.271860,0.000064
2022-07-17 23:00:00,1687.931870,0.115985,0.290171,0.000051
2022-07-18 00:00:00,1656.425381,0.125406,0.268004,0.000049
2022-07-18 01:00:00,1635.320399,0.107468,0.267129,0.000048
2022-07-18 02:00:00,1656.063963,0.117985,0.316745,0.000039
2022-07-18 03:00:00,1701.769657,0.120130,0.360349,0.002376
2022-07-18 04:00:00,1897.949778,0.126237,0.459756,0.015173
2022-07-18 05:00:00,2149.119890,0.151883,0.553980,0.053065
2022-07-18 06:00:00,2346.126795,0.183749,0.634440,0.095862
2022-07-18 07:00:00,2431.956003,0.245444,0.683606,0.151184
2022-07-18 08:00:00,2504.684247,0.322646,0.702055,0.257435
2022-07-18 09:00:00,2533.314580,0.403443,0.677500,0.350165
2022-07-18 10:00:00,2522.746538,0.398132,0.776094,0.448885
2022-07-18 11:00:00,2536.955218,0.365608,0.820742,0.604507
2022-07-18 12:00:00,2506.053711,0.353079,0.707231,0.700683
2022-07-18 13:00:00,2439.722359,0.317390,0.606813,0.672723
2022-07-18 14:00:00,2412.579367,0.305110,0.542016,0.681024
2022-07-18 15:00:00,2474.371688,0.256631,0.420840,0.526380
2022-07-18 16:00:00,2417.735136,0.204614,0.198289,0.337065
2022-07-18 17:00:00,2291.713051,0.143747,0.238994,0.157100
2022-07-18 18:00:00,2168.611819,0.106431,0.246661,0.048884
2022-07-18 19:00:00,2091.380708,0.093282,0.284635,0.010608
2022-07-18 20:00:00,2037.591064,0.109214,0.236337,0.000108
2022-07-18 21:00:00,1928.099918,0.111659,0.200046,0.000084
2022-07-18 22:00:00,1819.884587,0.097002,0.245803,0.000089
2022-07-18 23:00:00,1746.024888,0.089467,0.213883,0.000059
2022-07-19 00:00:00,1711.983075,0.074633,0.143245,0.000050
2022-07-19 01:00:00,1690.653413,0.069761,0.108552,0.000051
2022-07-19 02:00:00,1695.299065,0.042331,0.067433,0.000053
2022-07-19 03:00:00,1725.271101,0.028214,0.028038,0.008907
2022-07-19 04:00:00,1904.891984,0.025009,0.019901,0.050532
2022-07-19 05:00:00,2152.946192,0.010875,0.047657,0.145156
2022-07-19 06:00:00,2337.755295,0.004646,0.065293,0.300903
2022-07-19 07:00:00,2486.033359,0.006610,0.056379,0.470203
2022-07-19 08:00:00,2565.274983,0.013669,0.059253,0.649377
2022-07-19 09:00:00,2679.404760,0.009844,0.035651,0.771079
2022-07-19 10:00:00,2669.195845,0.015002,0.038704,0.828923
2022-07-19 11:00:00,2586.408524,0.022264,0.068089,0.848807
2022-07-19 12:00:00,2522.586787,0.022704,0.067576,0.832233
2022-07-19 13:00:00,2460.817628,0.028695,0.089283,0.757404
2022-07-19 14:00:00,2396.402383,0.028011,0.123249,0.628025
2022-07-19 15:00:00,2441.603864,0.022106,0.148828,0.467151
2022-07-19 16:00:00,2400.090328,0.018058,0.166668,0.298119
2022-07-19 17:00:00,2296.224661,0.013989,0.213566,0.135308
2022-07-19 18:00:00,2193.620240,0.026794,0.192205,0.043467
2022-07-19 19:00:00,2122.694172,0.071138,0.254375,0.008253
2022-07-19 20:00:00,2100.039107,0.152962,0.390951,0.000099
2022-07-19 21:00:00,1998.412102,0.227835,0.603337,0.000079
2022-07-19 22:00:00,1906.783546,0.250597,0.691551,0.000121
2022-07-19 23:00:00,1875.160903,0.235738,0.672175,0.000060
2022-07-20 00:00:00,1792.039322,0.304636,0.645621,0.000047
2022-07-20 01:00:00,1826.806236,0.290463,0.580139,0.000051
2022-07-20 02:00:00,1919.884984,0.231007,0.433848,0.000060
2022-07-20 03:00:00,1963.215191,0.224404,0.254769,0.008616
2022-07-20 04:00:00,2101.810487,0.207699,0.264946,0.048040
2022-07-20 05:00:00,2327.775013,0.259297,0.434978,0.150986
2022-07-20 06:00:00,2416.456682,0.242820,0.722995,0.325234
2022-07-20 07:00:00,2477.298008,0.211340,0.836953,0.508684
2022-07-20 08:00:00,2562.662339,0.211083,0.834284,0.674803
2022-07-20 09:00:00,2613.801531,0.205268,0.865362,0.787097
2022-07-20 10:00:00,2590.120410,0.204933,0.806021,0.839054
2022-07-20 11:00:00,2597.880356,0.229121,0.678389,0.850618
2022-07-20 12:00:00,2629.003365,0.279515,0.642320,0.837423
2022-07-20 13:00:00,2546.276525,0.351360,0.496383,0.790374
2022-07-20 14:00:00,2437.396863,0.308116,0.399097,0.681677
2022-07-20 15:00:00,2462.258617,0.250236,0.551213,0.511554
2022-07-20 16:00:00,2433.059538,0.251850,0.737181,0.329116
2022-07-20 17:00:00,2361.149938,0.216571,0.747638,0.145603
2022-07-20 18:00:00,2253.279789,0.233975,0.773543,0.047507
2022-07-20 19:00:00,2222.230276,0.220299,0.705158,0.008028
2022-07-20 20:00:00,2126.531868,0.190966,0.591676,0.000647
2022-07-20 21:00:00,2094.448410,0.096395,0.467468,0.000562
2022-07-20 22:00:00,1876.128705,0.099015,0.224220,0.000086
2022-07-20 23:00:00,1879.526123,0.062996,0.081610,0.000071
2022-07-21 00:00:00,1788.974981,0.085384,0.045660,0.000059
2022-07-21 01:00:00,1838.486301,0.058171,0.017555,0.000059
2022-07-21 02:00:00,1854.920710,0.062171,0.033204,0.000089
2022-07-21 03:00:00,1860.724354,0.036121,0.052033,0.009141
2022-07-21 04:00:00,2015.217183,0.022789,0.031674,0.043090
2022-07-21 05:00:00,2231.976433,0.024105,0.018502,0.094209
2022-07-21 06:00:00,2353.482583,0.036578,0.066407,0.179956
2022-07-21 07:00:00,2462.020142,0.036490,0.086991,0.271417
2022-07-21 08:00:00,2541.359706,0.033521,0.135683,0.363552
2022-07-21 09:00:00,2578.669180,0.045364,0.195842,0.443721
2022-07-21 10:00:00,2563.487140,0.071145,0.259877,0.497853
2022-07-21 11:00:00,2564.246128,0.113005,0.339578,0.475937
2022-07-21 12:00:00,2515.172491,0.146802,0.309379,0.431390
2022-07-21 13:00:00,2444.808796,0.165033,0.378172,0.364688
2022-07-21 14:00:00,2400.677210,0.184917,0.434241,0.286368
2022-07-21 15:00:00,2451.794483,0.230273,0.529840,0.246510
2022-07-21 16:00:00,2443.659817,0.255694,0.500942,0.168411
2022-07-21 17:00:00,2351.779840,0.258226,0.530789,0.089284
2022-07-21 18:00:00,2252.767575,0.222107,0.588462,0.028551
2022-07-21 19:00:00,2168.465299,0.208559,0.622068,0.004255
2022-07-21 20:00:00,2114.739243,0.218835,0.705238,0.000169
2022-07-21 21:00:00,1983.479439,0.224464,0.629250,0.000155
2022-07-21 22:00:00,1886.140788,0.240065,0.621056,0.000111
2022-07-21 23:00:00,1818.101833,0.261469,0.649361,0.000063
2022-07-22 00:00:00,1775.230345,0.305283,0.604574,0.000050
2022-07-22 01:00:00,1768.767644,0.351647,0.630030,0.000050
2022-07-22 02:00:00,1805.278302,0.374860,0.653801,0.000052
2022-07-22 03:00:00,1844.805995,0.371558,0.697898,0.001981
2022-07-22 04:00:00,1988.147270,0.383188,0.729074,0.024044
2022-07-22 05:00:00,2187.345881,0.409181,0.749299,0.052276
2022-07-22 06:00:00,2342.033090,0.419806,0.720818,0.088114
2022-07-22 07:00:00,2417.572874,0.414689,0.687549,0.142564
2022-07-22 08:00:00,2468.588354,0.397951,0.676117,0.189483
2022-07-22 09:00:00,2462.003470,0.383527,0.658479,0.233788
2022-07-22 10:00:00,2429.875086,0.395500,0.635397,0.258563
2022-07-22 11:00:00,2407.679644,0.394713,0.651365,0.261006
2022-07-22 12:00:00,2353.643014,0.370029,0.618999,0.260506
2022-07-22 13:00:00,2295.483883,0.342170,0.579455,0.211355
2022-07-22 14:00:00,2286.445222,0.305174,0.587161,0.169762
2022-07-22 15:00:00,2363.769532,0.268753,0.577495,0.114558
2022-07-22 16:00:00,2351.587374,0.238190,0.578457,0.070722
2022-07-22 17:00:00,2220.239055,0.207497,0.568062,0.037031
2022-07-22 18:00:00,2121.059019,0.169093,0.491389,0.015494
2022-07-22 19:00:00,2035.954437,0.136873,0.423612,0.001515
2022-07-22 20:00:00,1984.296190,0.125864,0.343839,0.000101
2022-07-22 21:00:00,1877.640295,0.119827,0.324915,0.000098
2022-07-22 22:00:00,1772.061923,0.117084,0.281090,0.000073
2022-07-22 23:00:00,1705.939563,0.113954,0.262638,0.000059
2022-07-23 00:00:00,1653.101002,0.107286,0.232370,0.000042
2022-07-23 01:00:00,1630.265335,0.086960,0.205393,0.000044
2022-07-23 02:00:00,1623.619736,0.084035,0.221675,0.000075
2022-07-23 03:00:00,1614.063005,0.094451,0.222898,0.001143
2022-07-23 04:00:00,1676.964876,0.112388,0.257038,0.010305
2022-07-23 05:00:00,1788.942084,0.125405,0.283929,0.028609
2022-07-23 06:00:00,1932.670016,0.143962,0.316567,0.065079
2022-07-23 07:00:00,2035.856404,0.167682,0.285819,0.087985
2022-07-23 08:00:00,2089.690788,0.182162,0.296235,0.131694
2022-07-23 09:00:00,2101.296942,0.188592,0.265051,0.150002
2022-07-23 10:00:00,2094.553856,0.199927,0.255524,0.209599
2022-07-23 11:00:00,2083.020389,0.206100,0.230750,0.205478
2022-07-23 12:00:00,2077.937955,0.207551,0.195560,0.217496
2022-07-23 13:00:00,2061.760660,0.212735,0.179648,0.222981
2022-07-23 14:00:00,2090.528534,0.291358,0.156550,0.194524
2022-07-23 15:00:00,2162.884044,0.309612,0.142594,0.211968
2022-07-23 16:00:00,2184.377875,0.305193,0.187752,0.149913
2022-07-23 17:00:00,2071.510645,0.271665,0.368223,0.081057
2022-07-23 18:00:00,1971.571399,0.211578,0.407962,0.032908
2022-07-23 19:00:00,1897.335195,0.173294,0.343640,0.005500
2022-07-23 20:00:00,1860.876979,0.145874,0.266995,0.000049
2022-07-23 21:00:00,1758.481143,0.117170,0.212576,0.000056
2022-07-23 22:00:00,1661.012035,0.099976,0.166956,0.000062
2022-07-23 23:00:00,1587.668633,0.087019,0.176519,0.000041
2022-07-24 00:00:00,1539.186589,0.094758,0.167651,0.000032
2022-07-24 01:00:00,1512.258634,0.110869,0.160086,0.000033
2022-07-24 02:00:00,1504.092118,0.122844,0.217764,0.000031
2022-07-24 03:00:00,1481.161468,0.137216,0.232416,0.009937
2022-07-24 04:00:00,1543.267833,0.142227,0.352274,0.059352
2022-07-24 05:00:00,1669.319618,0.123831,0.446007,0.147152
2022-07-24 06:00:00,1828.233548,0.147416,0.533584,0.230468
2022-07-24 07:00:00,1947.612174,0.184281,0.554437,0.279531
2022-07-24 08:00:00,2037.447801,0.254931,0.637976,0.404058
2022-07-24 09:00:00,2098.205518,0.303645,0.668878,0.445531
2022-07-24 10:00:00,2206.500741,0.367780,0.710023,0.438425
2022-07-24 11:00:00,2255.127257,0.414900,0.744322,0.333023
2022-07-24 12:00:00,2259.828006,0.420705,0.729600,0.274509
2022-07-24 13:00:00,2169.439435,0.445020,0.662994,0.282200
2022-07-24 14:00:00,2144.622663,0.451137,0.670359,0.266796
2022-07-24 15:00:00,2232.179264,0.432407,0.633439,0.193469
2022-07-24 16:00:00,2220.008089,0.367427,0.616700,0.111735
2022-07-24 17:00:00,2106.336769,0.301723,0.585004,0.053341
2022-07-24 18:00:00,2000.552323,0.236580,0.507870,0.022815
2022-07-24 19:00:00,1958.466319,0.200782,0.472081,0.003970
2022-07-24 20:00:00,1909.427179,0.158599,0.392568,0.000075
2022-07-24 21:00:00,1782.969277,0.157198,0.393908,0.000082
2022-07-24 22:00:00,1696.327511,0.185208,0.464696,0.000063
2022-07-24 23:00:00,1814.542165,0.189277,0.666353,0.000045
2022-07-25 00:00:00,1828.492280,0.177407,0.770760,0.000044
2022-07-25 01:00:00,1838.068430,0.233522,0.786692,0.000041
2022-07-25 02:00:00,1865.078073,0.295929,0.735843,0.000044
2022-07-25 03:00:00,1903.288126,0.307754,0.657785,0.000430
2022-07-25 04:00:00,1889.571727,0.319697,0.609865,0.020039
2022-07-25 05:00:00,2117.979200,0.329406,0.522806,0.063294
2022-07-25 06:00:00,2288.550649,0.320309,0.392665,0.092370
2022-07-25 07:00:00,2380.103921,0.298651,0.439036,0.093004
2022-07-25 08:00:00,2450.823793,0.260501,0.280537,0.132179
2022-07-25 09:00:00,2478.198394,0.207119,0.237611,0.191791
2022-07-25 10:00:00,2470.538703,0.150163,0.134963,0.265975
2022-07-25 11:00:00,2481.290382,0.126143,0.183653,0.323827
2022-07-25 12:00:00,2437.304453,0.159392,0.154471,0.363931
2022-07-25 13:00:00,2376.901464,0.195673,0.203159,0.413206
2022-07-25 14:00:00,2343.885756,0.247611,0.230865,0.334816
2022-07-25 15:00:00,2530.500364,0.282438,0.328252,0.325693
2022-07-25 16:00:00,2555.924419,0.312366,0.403227,0.217185
2022-07-25 17:00:00,2441.632708,0.288208,0.411826,0.086432
2022-07-25 18:00:00,2328.860797,0.234015,0.376355,0.026889
2022-07-25 19:00:00,2219.509638,0.192364,0.428419,0.003827
2022-07-25 20:00:00,2150.263076,0.196375,0.522973,0.000076
2022-07-25 21:00:00,1951.256326,0.219350,0.560938,0.000064
2022-07-25 22:00:00,1760.920898,0.233839,0.527464,0.000104
2022-07-25 23:00:00,1688.961107,0.252526,0.527935,0.000055
2022-07-26 00:00:00,1672.004574,0.304878,0.745764,0.000043
2022-07-26 01:00:00,1761.828669,0.360120,0.796249,0.000047
2022-07-26 02:00:00,1786.859072,0.443300,0.785554,0.000048
2022-07-26 03:00:00,1772.192883,0.507598,0.914445,0.004147
2022-07-26 04:00:00,1979.929182,0.549071,0.890067,0.040899
2022-07-26 05:00:00,2273.713527,0.572787,0.877288,0.127000
2022-07-26 06:00:00,2445.439589,0.657396,0.901521,0.267032
2022-07-26 07:00:00,2586.290280,0.722687,0.893307,0.439491
2022-07-26 08:00:00,2708.592217,0.620716,0.877559,0.531442
2022-07-26 09:00:00,2703.827208,0.623382,0.909015,0.620700
2022-07-26 10:00:00,2687.169480,0.640284,0.951036,0.632344
2022-07-26 11:00:00,2724.538746,0.622917,0.944690,0.625184
2022-07-26 12:00:00,2713.159723,0.700946,0.560701,0.597065
2022-07-26 13:00:00,2647.979718,0.607457,0.473328,0.575223
2022-07-26 14:00:00,2619.500806,0.567478,0.539436,0.470222
2022-07-26 15:00:00,2651.082110,0.551848,0.481305,0.351350
2022-07-26 16:00:00,2600.504929,0.543674,0.482402,0.253735
2022-07-26 17:00:00,2425.182334,0.648272,0.545024,0.123918
2022-07-26 18:00:00,2246.365191,0.648146,0.745918,0.036402
2022-07-26 19:00:00,2160.479030,0.680019,0.973750,0.003994
2022-07-26 20:00:00,2073.307707,0.682876,0.967350,0.000114
2022-07-26 21:00:00,1965.279749,0.634054,0.944854,0.000110
2022-07-26 22:00:00,1859.966409,0.624395,0.970631,0.000095
2022-07-26 23:00:00,1785.716763,0.639287,0.906694,0.000075
2022-07-27 00:00:00,1738.980657,0.616979,0.919755,0.000072
2022-07-27 01:00:00,1746.939864,0.589056,0.935364,0.000065
2022-07-27 02:00:00,1743.100750,0.550765,0.955007,0.000063
2022-07-27 03:00:00,1783.616764,0.557635,0.949111,0.003337
2022-07-27 04:00:00,1962.876377,0.532395,0.903130,0.037015
2022-07-27 05:00:00,2167.069192,0.623646,0.964627,0.100235
2022-07-27 06:00:00,2327.767838,0.603022,0.958092,0.203195
2022-07-27 07:00:00,2472.769020,0.588635,0.955407,0.314553
2022-07-27 08:00:00,2503.887620,0.576533,0.955483,0.391877
2022-07-27 09:00:00,2517.742806,0.569751,0.904033,0.459469
2022-07-27 10:00:00,2624.748017,0.510999,0.852665,0.532157
2022-07-27 11:00:00,2630.987509,0.486690,0.867819,0.550447
2022-07-27 12:00:00,2581.749946,0.376888,0.680782,0.519685
2022-07-27 13:00:00,2482.977347,0.418048,0.749212,0.495182
2022-07-27 14:00:00,2457.495090,0.428787,0.589913,0.464693
2022-07-27 15:00:00,2548.599339,0.382215,0.815715,0.362521
2022-07-27 16:00:00,2427.049446,0.451911,0.849968,0.251203
2022-07-27 17:00:00,2252.786963,0.455649,0.822749,0.134717
2022-07-27 18:00:00,2118.515177,0.395935,0.752465,0.042126
2022-07-27 19:00:00,2041.022381,0.333667,0.737716,0.004244
2022-07-27 20:00:00,1985.829475,0.293405,0.620455,0.000090
2022-07-27 21:00:00,1859.718089,0.260608,0.499513,0.000081
2022-07-27 22:00:00,1753.055616,0.246042,0.446813,0.000074
2022-07-27 23:00:00,1686.054045,0.223873,0.379387,0.000052
2022-07-28 00:00:00,1643.013990,0.206358,0.298969,0.000050
2022-07-28 01:00:00,1624.128349,0.182657,0.300785,0.000049
2022-07-28 02:00:00,1633.527929,0.144633,0.267394,0.000044
2022-07-28 03:00:00,1666.669024,0.119630,0.256310,0.004078
2022-07-28 04:00:00,1856.770762,0.088079,0.279352,0.045043
2022-07-28 05:00:00,2077.410844,0.074128,0.185363,0.133095
2022-07-28 06:00:00,2249.959280,0.087169,0.099870,0.258557
2022-07-28 07:00:00,2375.977027,0.073815,0.083934,0.428249
2022-07-28 08:00:00,2428.233981,0.054141,0.061712,0.543448
2022-07-28 09:00:00,2436.759277,0.042897,0.051454,0.648891
2022-07-28 10:00:00,2404.827883,0.044110,0.038218,0.715414
2022-07-28 11:00:00,2426.121656,0.039439,0.026966,0.764331
2022-07-28 12:00:00,2394.509148,0.036643,0.005632,0.790625
2022-07-28 13:00:00,2346.319583,0.036334,0.000803,0.773886
2022-07-28 14:00:00,2327.886433,0.040297,0.000690,0.716250
2022-07-28 15:00:00,2411.937289,0.042160,0.000614,0.580687
2022-07-28 16:00:00,2365.822218,0.050560,0.002351,0.382748
2022-07-28 17:00:00,2231.038173,0.058009,0.002391,0.176153
2022-07-28 18:00:00,2099.734429,0.048984,0.001426,0.046363
2022-07-28 19:00:00,2014.205817,0.041161,0.001333,0.006257
2022-07-28 20:00:00,1973.331821,0.040166,0.000783,0.000095
2022-07-28 21:00:00,1849.701823,0.038190,0.001157,0.000082
2022-07-28 22:00:00,1743.109217,0.036028,0.002216,0.000117
2022-07-28 23:00:00,1684.086938,0.033612,0.003032,0.000052
2022-07-29 00:00:00,1649.802251,0.027400,0.005024,0.000052
2022-07-29 01:00:00,1625.817781,0.022736,0.004915,0.000053
2022-07-29 02:00:00,1638.452633,0.024987,0.000281,0.000054
2022-07-29 03:00:00,1664.103586,0.029531,0.004870,0.006353
2022-07-29 04:00:00,1833.172705,0.026455,0.003612,0.052292
2022-07-29 05:00:00,2080.992467,0.012694,0.005937,0.173823
2022-07-29 06:00:00,2290.570007,0.002342,0.002877,0.364192
2022-07-29 07:00:00,2404.218633,0.004127,0.000050,0.529698
2022-07-29 08:00:00,2485.280126,0.007535,0.000044,0.671529
2022-07-29 09:00:00,2500.178026,0.017688,0.001838,0.727067
2022-07-29 10:00:00,2474.793087,0.028986,0.007392,0.779905
2022-07-29 11:00:00,2447.971079,0.037971,0.005832,0.784976
2022-07-29 12:00:00,2409.428064,0.047871,0.005827,0.798259
2022-07-29 13:00:00,2334.047333,0.062195,0.009805,0.753996
2022-07-29 14:00:00,2320.932519,0.071463,0.009552,0.694962
2022-07-29 15:00:00,2397.932545,0.073603,0.013136,0.555213
2022-07-29 16:00:00,2340.022985,0.071768,0.019217,0.342575
2022-07-29 17:00:00,2202.482516,0.057770,0.035868,0.173751
2022-07-29 18:00:00,2074.366301,0.044659,0.058511,0.049652
2022-07-29 19:00:00,1994.788462,0.054404,0.096373,0.005624
2022-07-29 20:00:00,1963.186949,0.061737,0.090742,0.000094
2022-07-29 21:00:00,1856.228102,0.065389,0.083105,0.000079
2022-07-29 22:00:00,1736.789723,0.061926,0.094094,0.000080
2022-07-29 23:00:00,1669.093897,0.052143,0.069779,0.000061
2022-07-30 00:00:00,1621.371553,0.045299,0.025682,0.000048
2022-07-30 01:00:00,1600.001766,0.042008,0.018472,0.000047
2022-07-30 02:00:00,1594.539082,0.036340,0.009873,0.000048
2022-07-30 03:00:00,1572.628361,0.040910,0.019641,0.004882
2022-07-30 04:00:00,1636.205838,0.057663,0.052712,0.043733
2022-07-30 05:00:00,1777.733976,0.057082,0.068291,0.124449
2022-07-30 06:00:00,1937.475768,0.031974,0.064681,0.230012
2022-07-30 07:00:00,2063.178418,0.028359,0.062380,0.379622
2022-07-30 08:00:00,2149.391883,0.031980,0.044887,0.444152
2022-07-30 09:00:00,2161.010584,0.032164,0.056348,0.494033
2022-07-30 10:00:00,2154.184414,0.038308,0.065599,0.557640
2022-07-30 11:00:00,2170.364495,0.049056,0.084642,0.565186
2022-07-30 12:00:00,2137.680271,0.059947,0.089468,0.499924
2022-07-30 13:00:00,2105.689297,0.058911,0.093111,0.450991
2022-07-30 14:00:00,2112.951545,0.072680,0.093368,0.415447
2022-07-30 15:00:00,2225.188318,0.078950,0.068525,0.391210
2022-07-30 16:00:00,2202.705267,0.067955,0.066380,0.242838
2022-07-30 17:00:00,2110.900545,0.063924,0.066825,0.131544
2022-07-30 18:00:00,2001.534469,0.038770,0.088410,0.031763
2022-07-30 19:00:00,1941.464643,0.026030,0.114727,0.002927
2022-07-30 20:00:00,1904.289296,0.026539,0.163681,0.000071
2022-07-30 21:00:00,1788.845386,0.038837,0.158388,0.000073
2022-07-30 22:00:00,1682.331572,0.043921,0.159943,0.000066
2022-07-30 23:00:00,1605.813851,0.045202,0.151750,0.000047
2022-07-31 00:00:00,1566.838385,0.044822,0.106791,0.000041
2022-07-31 01:00:00,1537.392364,0.036311,0.074655,0.000040
2022-07-31 02:00:00,1532.602543,0.027738,0.069967,0.000038
2022-07-31 03:00:00,1518.223573,0.016867,0.086432,0.001493
2022-07-31 04:00:00,1575.981356,0.009122,0.116517,0.028191
2022-07-31 05:00:00,1706.911355,0.003808,0.150409,0.090037
2022-07-31 06:00:00,1872.468430,0.003788,0.170075,0.171308
2022-07-31 07:00:00,2012.656836,0.008205,0.186548,0.260791
2022-07-31 08:00:00,2103.315678,0.014702,0.171682,0.339915
2022-07-31 09:00:00,2138.583237,0.024003,0.230805,0.393026
2022-07-31 10:00:00,2152.697288,0.037539,0.195551,0.379437
2022-07-31 11:00:00,2151.156539,0.064505,0.159363,0.360962
2022-07-31 12:00:00,2182.920143,0.061475,0.125685,0.247475
2022-07-31 13:00:00,2127.055538,0.057038,0.137062,0.166462
2022-07-31 14:00:00,2151.649421,0.052650,0.154716,0.095456
2022-07-31 15:00:00,2300.360389,0.065605,0.169570,0.059513
2022-07-31 16:00:00,2309.024453,0.064799,0.135760,0.055477
2022-07-31 17:00:00,2185.122306,0.060955,0.174790,0.045275
2022-07-31 18:00:00,2077.995110,0.057554,0.143929,0.009860
2022-07-31 19:00:00,2015.207372,0.056316,0.078087,0.002064
2022-07-31 20:00:00,1942.078613,0.068776,0.146082,0.000066
2022-07-31 21:00:00,1839.135947,0.073273,0.432791,0.000070
2022-07-31 22:00:00,1757.399269,0.089046,0.541282,0.000092
2022-07-31 23:00:00,1711.476583,0.117845,0.574650,0.000039
2022-08-01 00:00:00,1689.584342,0.156000,0.580519,0.000037
2022-08-01 01:00:00,1672.821933,0.169414,0.561504,0.000034
2022-08-01 02:00:00,1690.771051,0.214175,0.588033,0.000039
2022-08-01 03:00:00,1756.849308,0.262021,0.573275,0.002590
2022-08-01 04:00:00,1972.298462,0.262723,0.544020,0.038992
2022-08-01 05:00:00,2277.077045,0.281912,0.652535,0.152342
2022-08-01 06:00:00,2671.098181,0.260650,0.443496,0.330762
2022-08-01 07:00:00,2743.175782,0.441050,0.540559,0.508064
2022-08-01 08:00:00,2813.108410,0.483255,0.535934,0.687496
2022-08-01 09:00:00,2863.482251,0.510779,0.500704,0.805138
2022-08-01 10:00:00,2833.306029,0.498242,0.493400,0.863513
2022-08-01 11:00:00,2868.856807,0.465631,0.516060,0.903228
2022-08-01 12:00:00,2811.354380,0.444362,0.516697,0.893054
2022-08-01 13:00:00,2710.826463,0.444086,0.453218,0.861006
2022-08-01 14:00:00,2698.913627,0.405838,0.393632,0.761413
2022-08-01 15:00:00,2741.376271,0.431398,0.420616,0.595538
2022-08-01 16:00:00,2649.467294,0.440226,0.399441,0.375073
2022-08-01 17:00:00,2442.003988,0.428500,0.378990,0.162620
2022-08-01 18:00:00,2256.514665,0.318265,0.367571,0.043836
2022-08-01 19:00:00,2150.704281,0.243909,0.321631,0.004396
2022-08-01 20:00:00,2073.782762,0.199453,0.285829,0.000158
2022-08-01 21:00:00,1937.541000,0.145961,0.296283,0.000112
2022-08-01 22:00:00,1827.005085,0.142884,0.267425,0.000104
2022-08-01 23:00:00,1754.470825,0.147356,0.226802,0.000055
2022-08-02 00:00:00,1717.291059,0.129669,0.186489,0.000051
2022-08-02 01:00:00,1699.433420,0.101879,0.189206,0.000048
2022-08-02 02:00:00,1723.731446,0.084249,0.213059,0.000045
2022-08-02 03:00:00,1778.100547,0.086591,0.251377,0.002658
2022-08-02 04:00:00,2014.987063,0.118215,0.336510,0.037650
2022-08-02 05:00:00,2328.762322,0.127524,0.502162,0.142233
2022-08-02 06:00:00,2532.899919,0.136860,0.605389,0.280351
2022-08-02 07:00:00,2744.220470,0.228834,0.625536,0.384002
2022-08-02 08:00:00,2868.451017,0.209048,0.411279,0.423419
2022-08-02 09:00:00,2970.764553,0.201282,0.466119,0.395011
2022-08-02 10:00:00,2946.424222,0.240601,0.527344,0.344296
2022-08-02 11:00:00,2908.359267,0.378709,0.521189,0.269332
2022-08-02 12:00:00,2831.013586,0.442765,0.559407,0.183296
2022-08-02 13:00:00,2740.741852,0.347643,0.569720,0.129226
2022-08-02 14:00:00,2740.677760,0.353613,0.548792,0.094611
2022-08-02 15:00:00,2819.660919,0.453103,0.716733,0.066795
2022-08-02 16:00:00,2661.895914,0.572093,0.838191,0.053745
2022-08-02 17:00:00,2493.307804,0.523456,0.893130,0.034368
2022-08-02 18:00:00,2350.852322,0.450221,0.910825,0.008467
2022-08-02 19:00:00,2252.518539,0.367661,0.894425,0.000254
2022-08-02 20:00:00,2157.495386,0.317498,0.835307,0.000067
2022-08-02 21:00:00,2010.209262,0.281209,0.804517,0.000071
2022-08-02 22:00:00,1906.332745,0.273315,0.813562,0.000065
2022-08-02 23:00:00,1831.815864,0.278627,0.742206,0.000067
2022-08-03 00:00:00,1782.120242,0.267766,0.775567,0.000064
2022-08-03 01:00:00,1828.766960,0.266451,0.834996,0.000068
2022-08-03 02:00:00,1933.790445,0.280775,0.883504,0.000070
2022-08-03 03:00:00,1947.967214,0.302304,0.913897,0.001071
2022-08-03 04:00:00,2235.587842,0.268411,0.831194,0.024316
2022-08-03 05:00:00,2438.777962,0.338981,0.924723,0.074985
2022-08-03 06:00:00,2615.643914,0.359010,0.916528,0.135169
2022-08-03 07:00:00,2672.245294,0.381537,0.892603,0.244357
2022-08-03 08:00:00,2777.458573,0.437159,0.878606,0.327121
2022-08-03 09:00:00,2814.609114,0.451071,0.825988,0.436398
2022-08-03 10:00:00,2894.543463,0.472681,0.850854,0.506626
2022-08-03 11:00:00,2920.638294,0.431980,0.813407,0.490553
2022-08-03 12:00:00,2857.801209,0.512777,0.812101,0.457629
2022-08-03 13:00:00,2711.328247,0.495189,0.809872,0.370019
2022-08-03 14:00:00,2577.392342,0.487536,0.751100,0.265114
2022-08-03 15:00:00,2649.483132,0.441561,0.562495,0.207310
2022-08-03 16:00:00,2560.959260,0.364617,0.469972,0.141533
2022-08-03 17:00:00,2423.053313,0.275005,0.362620,0.084925
2022-08-03 18:00:00,2281.336686,0.192176,0.354088,0.030888
2022-08-03 19:00:00,2193.468985,0.145184,0.248223,0.002346
2022-08-03 20:00:00,2118.197401,0.122366,0.187403,0.000123
2022-08-03 21:00:00,1978.291921,0.091542,0.131683,0.000115
2022-08-03 22:00:00,1870.745230,0.075287,0.090335,0.000084
2022-08-03 23:00:00,1794.010632,0.061525,0.042320,0.000061
2022-08-04 00:00:00,1754.244616,0.043510,0.035286,0.000059
2022-08-04 01:00:00,1733.328205,0.032505,0.050650,0.000055
2022-08-04 02:00:00,1757.324441,0.034744,0.147037,0.000049
2022-08-04 03:00:00,1820.893738,0.053614,0.293585,0.002170
2022-08-04 04:00:00,2046.732515,0.072308,0.348491,0.027266
2022-08-04 05:00:00,2342.458441,0.073861,0.389354,0.094136
2022-08-04 06:00:00,2542.371120,0.068715,0.471764,0.229409
2022-08-04 07:00:00,2657.118773,0.122452,0.495645,0.402485
2022-08-04 08:00:00,2730.767059,0.200221,0.405460,0.503363
2022-08-04 09:00:00,2763.009689,0.174291,0.264478,0.606982
2022-08-04 10:00:00,2765.715447,0.151509,0.234268,0.609007
2022-08-04 11:00:00,2754.749961,0.151236,0.175508,0.471877
2022-08-04 12:00:00,2675.565323,0.157720,0.180505,0.391435
2022-08-04 13:00:00,2592.431390,0.140999,0.156386,0.302932
2022-08-04 14:00:00,2559.105128,0.111815,0.105121,0.301205
2022-08-04 15:00:00,2618.210787,0.115823,0.081156,0.323232
2022-08-04 16:00:00,2535.870940,0.141488,0.096063,0.253984
2022-08-04 17:00:00,2396.448541,0.162040,0.152046,0.135145
2022-08-04 18:00:00,2246.837728,0.140942,0.179639,0.034185
2022-08-04 19:00:00,2156.464787,0.120477,0.132115,0.001927
2022-08-04 20:00:00,2074.466772,0.102708,0.121644,0.000116
2022-08-04 21:00:00,1927.943294,0.096708,0.119537,0.000088
2022-08-04 22:00:00,1808.828630,0.098506,0.135615,0.000091
2022-08-04 23:00:00,1744.594572,0.103503,0.170146,0.000054
2022-08-05 00:00:00,1709.474404,0.126179,0.190225,0.000051
2022-08-05 01:00:00,1692.096809,0.137975,0.196845,0.000054
2022-08-05 02:00:00,1700.075999,0.134840,0.172975,0.000054
2022-08-05 03:00:00,1755.475264,0.135979,0.188792,0.001963
2022-08-05 04:00:00,1970.183336,0.130737,0.159023,0.027219
2022-08-05 05:00:00,2254.716731,0.098099,0.119327,0.142867
2022-08-05 06:00:00,2441.142124,0.109173,0.126891,0.249532
2022-08-05 07:00:00,2540.329786,0.142379,0.102751,0.380948
2022-08-05 08:00:00,2626.265749,0.128596,0.101033,0.547892
2022-08-05 09:00:00,2643.643109,0.124190,0.118714,0.697727
2022-08-05 10:00:00,2584.615482,0.151794,0.106729,0.660631
2022-08-05 11:00:00,2551.829442,0.205693,0.064816,0.625674
2022-08-05 12:00:00,2442.165599,0.262534,0.027621,0.572081
2022-08-05 13:00:00,2366.222169,0.305180,0.060248,0.552693
2022-08-05 14:00:00,2373.400605,0.370229,0.096570,0.469153
2022-08-05 15:00:00,2458.680643,0.445556,0.141237,0.363051
2022-08-05 16:00:00,2431.571972,0.470375,0.335646,0.247434
2022-08-05 17:00:00,2405.993385,0.438075,0.475472,0.116726
2022-08-05 18:00:00,2141.197498,0.445514,0.614593,0.034061
2022-08-05 19:00:00,2063.259810,0.407323,0.627045,0.001536
2022-08-05 20:00:00,2011.756115,0.418096,0.632300,0.000101
2022-08-05 21:00:00,1906.830986,0.427184,0.711684,0.000103
2022-08-05 22:00:00,1791.498249,0.424737,0.694361,0.000092
2022-08-05 23:00:00,1711.276950,0.428689,0.777928,0.000067
2022-08-06 00:00:00,1662.864487,0.437869,0.758466,0.000065
2022-08-06 01:00:00,1643.737445,0.422292,0.791266,0.000062
2022-08-06 02:00:00,1632.195181,0.398928,0.704097,0.000056
2022-08-06 03:00:00,1627.833243,0.382014,0.726339,0.001827
2022-08-06 04:00:00,1692.695652,0.358265,0.676859,0.037304
2022-08-06 05:00:00,1865.413090,0.371937,0.815085,0.135643
2022-08-06 06:00:00,2064.579130,0.475048,0.841527,0.307690
2022-08-06 07:00:00,2212.937652,0.602122,0.739966,0.437667
2022-08-06 08:00:00,2354.744809,0.615061,0.802873,0.504778
2022-08-06 09:00:00,2422.674830,0.650751,0.774016,0.524555
2022-08-06 10:00:00,2460.910513,0.598318,0.719468,0.596840
2022-08-06 11:00:00,2388.023987,0.628419,0.620076,0.602972
2022-08-06 12:00:00,2347.311401,0.636463,0.588488,0.630343
2022-08-06 13:00:00,2336.152651,0.654350,0.535091,0.621921
2022-08-06 14:00:00,2384.859733,0.567730,0.513354,0.547233
2022-08-06 15:00:00,2456.452959,0.463954,0.468736,0.421756
2022-08-06 16:00:00,2341.139150,0.489193,0.431426,0.245233
2022-08-06 17:00:00,2126.209029,0.434673,0.394261,0.121885
2022-08-06 18:00:00,1982.797257,0.299540,0.377775,0.029954
2022-08-06 19:00:00,1932.539462,0.213012,0.364982,0.001932
2022-08-06 20:00:00,1867.672019,0.186264,0.353405,0.000095
2022-08-06 21:00:00,1763.556206,0.174138,0.360499,0.000094
2022-08-06 22:00:00,1665.242105,0.154386,0.391525,0.000089
2022-08-06 23:00:00,1595.758546,0.136085,0.400268,0.000071
2022-08-07 00:00:00,1543.984317,0.126288,0.325067,0.000060
2022-08-07 01:00:00,1517.754463,0.117946,0.318522,0.000062
2022-08-07 02:00:00,1517.452099,0.097477,0.311609,0.000061
2022-08-07 03:00:00,1514.689345,0.091972,0.294983,0.000420
2022-08-07 04:00:00,1570.575843,0.091982,0.300100,0.016500
2022-08-07 05:00:00,1709.376003,0.086746,0.292270,0.063293
2022-08-07 06:00:00,1892.241653,0.097182,0.286963,0.111599
2022-08-07 07:00:00,2048.642596,0.128534,0.232979,0.212983
2022-08-07 08:00:00,2290.544519,0.139128,0.216756,0.273865
2022-08-07 09:00:00,2201.934780,0.147649,0.244048,0.266111
2022-08-07 10:00:00,2215.763644,0.132458,0.254215,0.280568
2022-08-07 11:00:00,2224.646545,0.165728,0.332001,0.290838
2022-08-07 12:00:00,2207.913284,0.183621,0.305480,0.285751
2022-08-07 13:00:00,2179.869099,0.194130,0.272260,0.284674
2022-08-07 14:00:00,2201.014101,0.189154,0.162054,0.246446
2022-08-07 15:00:00,2343.159898,0.162544,0.107245,0.228493
2022-08-07 16:00:00,2333.766336,0.128745,0.152603,0.174273
2022-08-07 17:00:00,2183.497914,0.092188,0.182370,0.097720
2022-08-07 18:00:00,2071.641559,0.064378,0.118973,0.023350
2022-08-07 19:00:00,2018.072764,0.058236,0.071695,0.000575
2022-08-07 20:00:00,1950.569084,0.047917,0.065050,0.000075
2022-08-07 21:00:00,1838.385680,0.049683,0.067604,0.000079
2022-08-07 22:00:00,1747.020922,0.053023,0.074046,0.000071
2022-08-07 23:00:00,1707.786296,0.053441,0.069920,0.000051
2022-08-08 00:00:00,1681.057092,0.050951,0.074611,0.000055
2022-08-08 01:00:00,1667.103976,0.044909,0.060825,0.000052
2022-08-08 02:00:00,1704.792972,0.043116,0.044655,0.000049
2022-08-08 03:00:00,1809.942446,0.037810,0.036620,0.001344
2022-08-08 04:00:00,2109.738474,0.031924,0.045911,0.020436
2022-08-08 05:00:00,2454.214800,0.023248,0.041449,0.085015
2022-08-08 06:00:00,2637.124939,0.022465,0.022256,0.179987
2022-08-08 07:00:00,2716.719150,0.040001,0.025968,0.356357
2022-08-08 08:00:00,2807.374619,0.054036,0.023978,0.449553
2022-08-08 09:00:00,2830.778124,0.062950,0.007644,0.461358
2022-08-08 10:00:00,2815.617806,0.080265,0.003478,0.565443
2022-08-08 11:00:00,2821.287150,0.118182,0.007417,0.571189
2022-08-08 12:00:00,2793.348311,0.153603,0.009481,0.598439
2022-08-08 13:00:00,2724.405184,0.167674,0.032057,0.581668
2022-08-08 14:00:00,2680.299926,0.171267,0.079604,0.514365
2022-08-08 15:00:00,2866.641376,0.158867,0.025608,0.423387
2022-08-08 16:00:00,2687.544713,0.148123,0.016190,0.256716
2022-08-08 17:00:00,2528.767850,0.123311,0.020808,0.101184
2022-08-08 18:00:00,2394.425423,0.075623,0.018609,0.020444
2022-08-08 19:00:00,2320.255512,0.049013,0.033998,0.000477
2022-08-08 20:00:00,2211.266535,0.044982,0.033265,0.000093
2022-08-08 21:00:00,2052.431587,0.041139,0.019121,0.000092
2022-08-08 22:00:00,1933.644755,0.038034,0.017213,0.000088
2022-08-08 23:00:00,1866.284012,0.040447,0.015955,0.000051
2022-08-09 00:00:00,1831.561544,0.044148,0.013271,0.000046
2022-08-09 01:00:00,1818.136301,0.040471,0.009330,0.000040
2022-08-09 02:00:00,1840.597710,0.041538,0.007169,0.000039
2022-08-09 03:00:00,1929.033021,0.042075,0.004581,0.001715
2022-08-09 04:00:00,2232.960997,0.033436,0.003072,0.025563
2022-08-09 05:00:00,2553.795568,0.024004,0.008763,0.079253
2022-08-09 06:00:00,2744.971223,0.021314,0.005322,0.170665
2022-08-09 07:00:00,2817.812986,0.023702,0.005475,0.293418
2022-08-09 08:00:00,2893.753493,0.032646,0.008547,0.407178
2022-08-09 09:00:00,2882.473325,0.041728,0.003321,0.457758
2022-08-09 10:00:00,2841.994122,0.044474,0.002094,0.508876
2022-08-09 11:00:00,2862.565588,0.049301,0.002299,0.532711
2022-08-09 12:00:00,2790.215911,0.053815,0.001954,0.522055
2022-08-09 13:00:00,2685.262421,0.048171,0.001946,0.493800
2022-08-09 14:00:00,2664.666476,0.050598,0.001784,0.480926
2022-08-09 15:00:00,2759.747818,0.041963,0.001128,0.392592
2022-08-09 16:00:00,2694.988045,0.030354,0.001042,0.293602
2022-08-09 17:00:00,2560.318078,0.025664,0.013680,0.121475
2022-08-09 18:00:00,2443.642706,0.025459,0.011801,0.025079
2022-08-09 19:00:00,2368.934774,0.023164,0.014853,0.000301
2022-08-09 20:00:00,2244.435414,0.022506,0.008456,0.000082
2022-08-09 21:00:00,2074.191927,0.019738,0.005472,0.000068
2022-08-09 22:00:00,1971.438699,0.019097,0.008375,0.000119
2022-08-09 23:00:00,1909.912953,0.017408,0.006536,0.000043
2022-08-10 00:00:00,1855.723109,0.017033,0.001011,0.000044
2022-08-10 01:00:00,1843.171128,0.016589,0.000714,0.000044
2022-08-10 02:00:00,1866.940141,0.022587,0.001064,0.000038
2022-08-10 03:00:00,1962.691299,0.031983,0.001459,0.000455
2022-08-10 04:00:00,2249.590748,0.039703,0.002030,0.021908
2022-08-10 05:00:00,2580.143147,0.032766,0.002575,0.099641
2022-08-10 06:00:00,2751.570963,0.033983,0.004560,0.259039
2022-08-10 07:00:00,2815.079335,0.034280,0.011653,0.408432
2022-08-10 08:00:00,2895.081898,0.029725,0.008339,0.617991
2022-08-10 09:00:00,2900.297457,0.025606,0.001751,0.752646
2022-08-10 10:00:00,2885.456086,0.022517,0.002173,0.816325
2022-08-10 11:00:00,2913.948538,0.026607,0.002707,0.842081
2022-08-10 12:00:00,2868.608016,0.035812,0.003712,0.827624
2022-08-10 13:00:00,2774.173631,0.047309,0.004658,0.772302
2022-08-10 14:00:00,2734.141910,0.048780,0.002533,0.661628
2022-08-10 15:00:00,2793.707353,0.043969,0.002702,0.438254
2022-08-10 16:00:00,2719.426643,0.032254,0.006252,0.267838
2022-08-10 17:00:00,2591.456630,0.025951,0.011465,0.105121
2022-08-10 18:00:00,2463.045351,0.021912,0.019429,0.018474
2022-08-10 19:00:00,2397.154708,0.029188,0.020241,0.000474
2022-08-10 20:00:00,2284.541483,0.030470,0.023382,0.000106
2022-08-10 21:00:00,2129.143400,0.029782,0.025118,0.000088
2022-08-10 22:00:00,2022.113956,0.024097,0.022545,0.000127
2022-08-10 23:00:00,1944.524056,0.020634,0.004408,0.000051
2022-08-11 00:00:00,1894.804900,0.012416,0.001008,0.000052
2022-08-11 01:00:00,1866.453920,0.008860,0.001392,0.000049
2022-08-11 02:00:00,1880.800080,0.008963,0.001264,0.000047
2022-08-11 03:00:00,1961.869040,0.010141,0.000616,0.000501
2022-08-11 04:00:00,2236.471911,0.010617,0.000360,0.019906
2022-08-11 05:00:00,2571.308724,0.006601,0.000120,0.090536
2022-08-11 06:00:00,2751.593174,0.004856,0.000280,0.252489
2022-08-11 07:00:00,2807.651546,0.005759,0.000040,0.470989
2022-08-11 08:00:00,2899.295026,0.007808,0.000378,0.644686
2022-08-11 09:00:00,2929.009005,0.007937,0.000024,0.757355
2022-08-11 10:00:00,2918.276656,0.011761,0.000177,0.837243
2022-08-11 11:00:00,2932.253936,0.018311,0.000152,0.806167
2022-08-11 12:00:00,2872.991497,0.025309,0.000370,0.809582
2022-08-11 13:00:00,2776.063844,0.026458,0.001773,0.750010
2022-08-11 14:00:00,2722.023161,0.024485,0.007656,0.678126
2022-08-11 15:00:00,2768.585351,0.024465,0.007994,0.524217
2022-08-11 16:00:00,2694.621241,0.025905,0.023313,0.315131
2022-08-11 17:00:00,2577.102921,0.017011,0.019567,0.119916
2022-08-11 18:00:00,2459.818440,0.012934,0.028917,0.021347
2022-08-11 19:00:00,2400.524402,0.014235,0.036523,0.000393
2022-08-11 20:00:00,2295.762257,0.014421,0.025924,0.000104
2022-08-11 21:00:00,2120.046805,0.014006,0.024601,0.000091
2022-08-11 22:00:00,1992.126260,0.011432,0.020204,0.000071
2022-08-11 23:00:00,1923.865353,0.013703,0.004823,0.000050
2022-08-12 00:00:00,1895.791622,0.014326,0.010427,0.000052
2022-08-12 01:00:00,1855.473046,0.012924,0.013995,0.000055
2022-08-12 02:00:00,1878.386366,0.014973,0.019286,0.000055
2022-08-12 03:00:00,1967.100801,0.014844,0.015775,0.000462
2022-08-12 04:00:00,2242.188676,0.010316,0.003254,0.024848
2022-08-12 05:00:00,2574.005316,0.008107,0.006201,0.124529
2022-08-12 06:00:00,2766.340747,0.002632,0.007717,0.321054
2022-08-12 07:00:00,2836.652779,0.001434,0.002362,0.521589
2022-08-12 08:00:00,2917.127810,0.003018,0.005123,0.689096
2022-08-12 09:00:00,2913.177858,0.004571,0.002379,0.803354
2022-08-12 10:00:00,2826.691398,0.007512,0.000514,0.823742
2022-08-12 11:00:00,2776.107876,0.011171,0.000753,0.857711
2022-08-12 12:00:00,2672.144644,0.016975,0.000657,0.843575
2022-08-12 13:00:00,2591.259362,0.020871,0.000816,0.791188
2022-08-12 14:00:00,2552.618687,0.026239,0.003864,0.678970
2022-08-12 15:00:00,2590.322768,0.035470,0.017166,0.514357
2022-08-12 16:00:00,2530.977604,0.040908,0.047875,0.306131
2022-08-12 17:00:00,2398.057304,0.036700,0.066456,0.114090
2022-08-12 18:00:00,2273.759117,0.036583,0.081316,0.020164
2022-08-12 19:00:00,2244.236215,0.043493,0.089469,0.000296
2022-08-12 20:00:00,2160.484678,0.042283,0.078439,0.000104
2022-08-12 21:00:00,2015.759124,0.045110,0.129995,0.000105
2022-08-12 22:00:00,1883.473283,0.050205,0.104503,0.000076
2022-08-12 23:00:00,1790.560792,0.051838,0.055659,0.000054
2022-08-13 00:00:00,1742.123592,0.047452,0.037167,0.000056
2022-08-13 01:00:00,1717.615780,0.042081,0.042850,0.000052
2022-08-13 02:00:00,1707.749786,0.033088,0.053398,0.000050
2022-08-13 03:00:00,1708.859220,0.026272,0.055143,0.000418
2022-08-13 04:00:00,1770.302987,0.018378,0.065056,0.023225
2022-08-13 05:00:00,1941.754077,0.011447,0.030552,0.112692
2022-08-13 06:00:00,2141.249499,0.003553,0.014850,0.301341
2022-08-13 07:00:00,2285.394068,0.000648,0.010092,0.519355
2022-08-13 08:00:00,2361.060844,0.001290,0.007190,0.679259
2022-08-13 09:00:00,2374.747525,0.004384,0.009265,0.789050
2022-08-13 10:00:00,2365.386667,0.010214,0.009883,0.840578
2022-08-13 11:00:00,2346.785434,0.014343,0.014883,0.849924
2022-08-13 12:00:00,2290.068909,0.016522,0.010508,0.831793
2022-08-13 13:00:00,2246.971035,0.022233,0.007250,0.767392
2022-08-13 14:00:00,2240.242288,0.027070,0.010371,0.662906
2022-08-13 15:00:00,2292.300988,0.030340,0.005308,0.472601
2022-08-13 16:00:00,2283.852612,0.034014,0.001501,0.286185
2022-08-13 17:00:00,2198.532079,0.028368,0.001538,0.106648
2022-08-13 18:00:00,2110.871732,0.029123,0.003161,0.020532
2022-08-13 19:00:00,2088.897245,0.035619,0.007924,0.000283
2022-08-13 20:00:00,2024.391188,0.038117,0.026004,0.000102
2022-08-13 21:00:00,1893.295116,0.031935,0.057596,0.000099
2022-08-13 22:00:00,1790.950858,0.039850,0.076765,0.000075
2022-08-13 23:00:00,1713.111821,0.045900,0.074333,0.000058
2022-08-14 00:00:00,1659.916403,0.050202,0.069009,0.000062
2022-08-14 01:00:00,1629.778195,0.054835,0.096035,0.000063
2022-08-14 02:00:00,1616.678722,0.057199,0.083658,0.000050
2022-08-14 03:00:00,1628.001016,0.053571,0.100139,0.000295
2022-08-14 04:00:00,1670.214462,0.051107,0.136391,0.021865
2022-08-14 05:00:00,1834.510290,0.046708,0.155960,0.104294
2022-08-14 06:00:00,2030.345527,0.039374,0.129596,0.222378
2022-08-14 07:00:00,2169.317973,0.035884,0.179593,0.344383
2022-08-14 08:00:00,2249.432990,0.048763,0.187471,0.427068
2022-08-14 09:00:00,2288.489568,0.067649,0.161231,0.492788
2022-08-14 10:00:00,2297.511682,0.080469,0.110683,0.501145
2022-08-14 11:00:00,2310.156052,0.084275,0.077352,0.560661
2022-08-14 12:00:00,2283.844227,0.108606,0.069112,0.533137
2022-08-14 13:00:00,2236.246153,0.133273,0.056098,0.465528
2022-08-14 14:00:00,2253.754063,0.146198,0.071975,0.428627
2022-08-14 15:00:00,2391.863195,0.132316,0.080249,0.258910
2022-08-14 16:00:00,2382.388996,0.117496,0.100754,0.130886
2022-08-14 17:00:00,2286.996891,0.110755,0.139207,0.051930
2022-08-14 18:00:00,2218.522962,0.133212,0.220892,0.008937
2022-08-14 19:00:00,2197.162340,0.184823,0.308809,0.000116
2022-08-14 20:00:00,2156.942339,0.239639,0.515822,0.000100
2022-08-14 21:00:00,2133.406736,0.226526,0.686356,0.000095
2022-08-14 22:00:00,1950.355909,0.239333,0.689943,0.000078
2022-08-14 23:00:00,1898.815644,0.230202,0.426749,0.000055
2022-08-15 00:00:00,1846.589717,0.201293,0.314989,0.000046
2022-08-15 01:00:00,1833.367081,0.176811,0.324588,0.000054
2022-08-15 02:00:00,1862.883097,0.180973,0.286042,0.000042
2022-08-15 03:00:00,1958.753596,0.195969,0.247615,0.000300
2022-08-15 04:00:00,2243.537453,0.166787,0.248493,0.025893
2022-08-15 05:00:00,2589.802940,0.112547,0.200626,0.116123
2022-08-15 06:00:00,2785.397996,0.072164,0.266803,0.277908
2022-08-15 07:00:00,2852.663516,0.075111,0.205760,0.467924
2022-08-15 08:00:00,2964.502299,0.101591,0.136115,0.649967
2022-08-15 09:00:00,3002.407207,0.130228,0.129760,0.755788
2022-08-15 10:00:00,2938.183313,0.156354,0.142507,0.748716
2022-08-15 11:00:00,2957.058999,0.165218,0.149603,0.733230
2022-08-15 12:00:00,2906.602704,0.190293,0.150008,0.735135
2022-08-15 13:00:00,2831.670433,0.189586,0.095975,0.668668
2022-08-15 14:00:00,2763.593429,0.163353,0.046511,0.566696
2022-08-15 15:00:00,2847.484998,0.111909,0.040426,0.425573
2022-08-15 16:00:00,2763.409215,0.085469,0.052522,0.245409
2022-08-15 17:00:00,2630.121537,0.071774,0.057619,0.092143
2022-08-15 18:00:00,2511.602694,0.080296,0.100414,0.014267
2022-08-15 19:00:00,2467.520718,0.089987,0.115340,0.000152
2022-08-15 20:00:00,2333.488485,0.094238,0.096040,0.000115
2022-08-15 21:00:00,2171.657429,0.102565,0.174489,0.000099
2022-08-15 22:00:00,2053.044085,0.099264,0.185444,0.000080
2022-08-15 23:00:00,1994.061980,0.115585,0.186833,0.000051
2022-08-16 00:00:00,1958.111992,0.090321,0.250464,0.000045
2022-08-16 01:00:00,1926.629300,0.080303,0.182351,0.000050
2022-08-16 02:00:00,1944.283482,0.070290,0.175371,0.000054
2022-08-16 03:00:00,2042.155589,0.040477,0.079281,0.000097
2022-08-16 04:00:00,2331.938897,0.043286,0.131862,0.011587
2022-08-16 05:00:00,2663.799119,0.048249,0.181633,0.059347
2022-08-16 06:00:00,2850.361000,0.033547,0.144919,0.158506
2022-08-16 07:00:00,2894.992138,0.030609,0.111786,0.251268
2022-08-16 08:00:00,3004.347594,0.029341,0.091152,0.411654
2022-08-16 09:00:00,2998.525620,0.031939,0.129662,0.512139
2022-08-16 10:00:00,2954.918468,0.053746,0.155684,0.603076
2022-08-16 11:00:00,2995.364323,0.116613,0.171376,0.649839
2022-08-16 12:00:00,2930.929849,0.167153,0.201199,0.624999
2022-08-16 13:00:00,2872.856094,0.211575,0.294073,0.614592
2022-08-16 14:00:00,2836.821251,0.242176,0.358023,0.501467
2022-08-16 15:00:00,2879.193499,0.193803,0.286262,0.366892
2022-08-16 16:00:00,2773.008117,0.143453,0.082830,0.202464
2022-08-16 17:00:00,2627.584017,0.089668,0.063219,0.073028
2022-08-16 18:00:00,2501.608419,0.070106,0.038328,0.009844
2022-08-16 19:00:00,2457.082004,0.067132,0.028255,0.000097
2022-08-16 20:00:00,2325.723714,0.058348,0.044759,0.000090
2022-08-16 21:00:00,2161.079199,0.052645,0.066060,0.000080
2022-08-16 22:00:00,2026.912189,0.053269,0.072350,0.000067
2022-08-16 23:00:00,1957.543864,0.056407,0.075634,0.000047
2022-08-17 00:00:00,1933.864337,0.055159,0.050580,0.000047
2022-08-17 01:00:00,1917.269145,0.051298,0.043453,0.000048
2022-08-17 02:00:00,1943.147140,0.053997,0.036585,0.000044
2022-08-17 03:00:00,2044.019621,0.047687,0.028407,0.000076
2022-08-17 04:00:00,2324.001941,0.030546,0.009182,0.013549
2022-08-17 05:00:00,2648.670103,0.021037,0.017387,0.082371
2022-08-17 06:00:00,2827.652204,0.016603,0.003111,0.202633
2022-08-17 07:00:00,2895.432711,0.029493,0.002907,0.338637
2022-08-17 08:00:00,2955.477191,0.038403,0.006405,0.469499
2022-08-17 09:00:00,2962.275473,0.043415,0.004553,0.562124
2022-08-17 10:00:00,2934.366087,0.045340,0.003560,0.579820
2022-08-17 11:00:00,2982.936249,0.045368,0.002116,0.633558
2022-08-17 12:00:00,2919.880125,0.056152,0.008754,0.634875
2022-08-17 13:00:00,2831.305151,0.076758,0.020009,0.575649
2022-08-17 14:00:00,2781.608872,0.098302,0.062065,0.470969
2022-08-17 15:00:00,2841.932387,0.106925,0.064860,0.313629
2022-08-17 16:00:00,2745.333139,0.105152,0.082314,0.182671
2022-08-17 17:00:00,2592.614555,0.101078,0.176340,0.078042
2022-08-17 18:00:00,2482.929403,0.095031,0.242748,0.012858
2022-08-17 19:00:00,2439.326679,0.082741,0.272785,0.000127
2022-08-17 20:00:00,2305.380754,0.073449,0.274201,0.000092
2022-08-17 21:00:00,2145.766912,0.057399,0.308345,0.000088
2022-08-17 22:00:00,2017.107409,0.060261,0.183554,0.000056
2022-08-17 23:00:00,1967.446942,0.065925,0.159630,0.000051
2022-08-18 00:00:00,1926.339096,0.059187,0.221961,0.000046
2022-08-18 01:00:00,1903.107876,0.068334,0.229421,0.000045
2022-08-18 02:00:00,1923.129963,0.064779,0.272259,0.000042
2022-08-18 03:00:00,2043.506272,0.050931,0.281382,0.000041
2022-08-18 04:00:00,2323.155541,0.046557,0.256066,0.004810
2022-08-18 05:00:00,2634.797456,0.044334,0.248147,0.032555
2022-08-18 06:00:00,2790.428656,0.029490,0.194154,0.066917
2022-08-18 07:00:00,2840.404922,0.021864,0.176127,0.126964
2022-08-18 08:00:00,2905.760534,0.019430,0.173193,0.166309
2022-08-18 09:00:00,2955.576829,0.015606,0.252748,0.246856
2022-08-18 10:00:00,2911.001356,0.029703,0.215522,0.265291
2022-08-18 11:00:00,2896.657824,0.031076,0.193686,0.250962
2022-08-18 12:00:00,2844.663892,0.029140,0.184152,0.274026
2022-08-18 13:00:00,2753.377585,0.032669,0.171124,0.277072
2022-08-18 14:00:00,2727.543201,0.038100,0.158243,0.272306
2022-08-18 15:00:00,2799.937709,0.044778,0.120212,0.256933
2022-08-18 16:00:00,2717.781200,0.046401,0.100644,0.160001
2022-08-18 17:00:00,2573.031812,0.037850,0.093395,0.061550
2022-08-18 18:00:00,2450.506899,0.028731,0.093774,0.007737
2022-08-18 19:00:00,2405.446861,0.029136,0.132989,0.000096
2022-08-18 20:00:00,2262.302893,0.033354,0.119349,0.000087
2022-08-18 21:00:00,2093.761337,0.031939,0.098676,0.000080
2022-08-18 22:00:00,1980.444070,0.028630,0.081384,0.000047
2022-08-18 23:00:00,1930.986082,0.027091,0.056702,0.000041
2022-08-19 00:00:00,1891.917093,0.018929,0.052405,0.000039
2022-08-19 01:00:00,1872.716752,0.011830,0.065202,0.000040
2022-08-19 02:00:00,1898.139383,0.012696,0.082042,0.000042
2022-08-19 03:00:00,2007.898184,0.007204,0.047392,0.000063
2022-08-19 04:00:00,2293.953993,0.005045,0.021736,0.013461
2022-08-19 05:00:00,2603.865764,0.007597,0.014715,0.070847
2022-08-19 06:00:00,2778.772100,0.003072,0.007648,0.170183
2022-08-19 07:00:00,2813.306606,0.001301,0.007737,0.309490
2022-08-19 08:00:00,2874.751291,0.002149,0.014090,0.422889
2022-08-19 09:00:00,2858.378561,0.002627,0.015649,0.481810
2022-08-19 10:00:00,2771.403014,0.002862,0.027563,0.483443
2022-08-19 11:00:00,2739.898786,0.002305,0.048910,0.566166
2022-08-19 12:00:00,2649.309773,0.004234,0.047433,0.605801
2022-08-19 13:00:00,2601.621316,0.004835,0.043292,0.615050
2022-08-19 14:00:00,2583.515926,0.008925,0.044886,0.537758
2022-08-19 15:00:00,2633.866205,0.019226,0.049617,0.388389
2022-08-19 16:00:00,2558.124588,0.020976,0.054319,0.242669
2022-08-19 17:00:00,2394.075751,0.023569,0.052880,0.087860
2022-08-19 18:00:00,2258.864885,0.026802,0.052858,0.008336
2022-08-19 19:00:00,2215.474247,0.032579,0.023216,0.000087
2022-08-19 20:00:00,2096.941346,0.039542,0.065390,0.000075
2022-08-19 21:00:00,1980.383309,0.046926,0.064818,0.000079
2022-08-19 22:00:00,1859.772735,0.063183,0.052792,0.000055
2022-08-19 23:00:00,1780.623760,0.068899,0.034104,0.000049
2022-08-20 00:00:00,1741.137765,0.044552,0.052311,0.000044
2022-08-20 01:00:00,1718.254114,0.043441,0.091190,0.000038
2022-08-20 02:00:00,1711.393209,0.066401,0.107164,0.000039
2022-08-20 03:00:00,1733.473455,0.089199,0.057572,0.000036
2022-08-20 04:00:00,1785.450900,0.068287,0.151270,0.009989
2022-08-20 05:00:00,1938.686020,0.053603,0.187205,0.074383
2022-08-20 06:00:00,2123.197005,0.043038,0.108092,0.224363
2022-08-20 07:00:00,2247.579149,0.059761,0.129157,0.453241
2022-08-20 08:00:00,2313.972455,0.077194,0.054486,0.604434
2022-08-20 09:00:00,2305.110930,0.095931,0.039518,0.645017
2022-08-20 10:00:00,2275.731031,0.112012,0.052978,0.623336
2022-08-20 11:00:00,2248.707194,0.123678,0.038633,0.625997
2022-08-20 12:00:00,2215.972401,0.147871,0.034673,0.629861
2022-08-20 13:00:00,2190.875693,0.164661,0.057284,0.553565
2022-08-20 14:00:00,2197.262792,0.169389,0.077984,0.495860
2022-08-20 15:00:00,2297.574883,0.163374,0.053958,0.397639
2022-08-20 16:00:00,2272.128045,0.137033,0.045080,0.250577
2022-08-20 17:00:00,2152.434877,0.091918,0.049985,0.087844
2022-08-20 18:00:00,2050.308903,0.052804,0.084482,0.010650
2022-08-20 19:00:00,2031.969555,0.064225,0.129643,0.000099
2022-08-20 20:00:00,1944.728778,0.087700,0.146466,0.000097
2022-08-20 21:00:00,1854.837276,0.113530,0.141327,0.000095
2022-08-20 22:00:00,1771.065450,0.123326,0.166166,0.000071
2022-08-20 23:00:00,1705.901235,0.127840,0.207628,0.000052
2022-08-21 00:00:00,1657.613213,0.137828,0.250819,0.000045
2022-08-21 01:00:00,1623.083059,0.159507,0.235403,0.000047
2022-08-21 02:00:00,1613.932702,0.186015,0.256644,0.000050
2022-08-21 03:00:00,1632.077253,0.200344,0.346802,0.000045
2022-08-21 04:00:00,1671.599557,0.231406,0.413741,0.013943
2022-08-21 05:00:00,1865.968802,0.209181,0.452588,0.100501
2022-08-21 06:00:00,2100.726499,0.202875,0.453186,0.242589
2022-08-21 07:00:00,2142.881902,0.261297,0.439922,0.304194
2022-08-21 08:00:00,2211.841525,0.309649,0.447903,0.415592
2022-08-21 09:00:00,2314.805199,0.323109,0.473891,0.514654
2022-08-21 10:00:00,2387.664355,0.380901,0.559892,0.537388
2022-08-21 11:00:00,2416.051521,0.441279,0.551115,0.543528
2022-08-21 12:00:00,2420.692067,0.410019,0.419682,0.565001
2022-08-21 13:00:00,2329.632039,0.417005,0.290241,0.463190
2022-08-21 14:00:00,2289.892835,0.441657,0.298210,0.478732
2022-08-21 15:00:00,2426.706750,0.402138,0.207714,0.427501
2022-08-21 16:00:00,2363.755885,0.333630,0.158353,0.249403
2022-08-21 17:00:00,2222.184038,0.210311,0.156304,0.086405
2022-08-21 18:00:00,2127.277832,0.113133,0.250035,0.008398
2022-08-21 19:00:00,2113.698290,0.082137,0.360352,0.000100
2022-08-21 20:00:00,2011.257638,0.067836,0.262453,0.000091
2022-08-21 21:00:00,1898.366187,0.060735,0.139711,0.000087
2022-08-21 22:00:00,1814.186202,0.044638,0.089411,0.000061
2022-08-21 23:00:00,1765.377375,0.028145,0.050409,0.000054
2022-08-22 00:00:00,1747.735117,0.016385,0.027563,0.000048
2022-08-22 01:00:00,1749.310922,0.011419,0.009101,0.000041
2022-08-22 02:00:00,1773.617708,0.008938,0.013236,0.000046
2022-08-22 03:00:00,1902.726029,0.007734,0.010974,0.000064
2022-08-22 04:00:00,2212.774592,0.008050,0.015599,0.017085
2022-08-22 05:00:00,2553.813107,0.005129,0.006592,0.106086
2022-08-22 06:00:00,2744.003134,0.001136,0.000133,0.243280
2022-08-22 07:00:00,2803.630399,0.000559,0.000209,0.385609
2022-08-22 08:00:00,2890.899802,0.000619,0.000000,0.482268
2022-08-22 09:00:00,2864.187983,0.001028,0.000000,0.508892
2022-08-22 10:00:00,2837.352275,0.002117,0.000004,0.520095
2022-08-22 11:00:00,2819.542014,0.002965,0.000280,0.476119
2022-08-22 12:00:00,2757.107664,0.003285,0.000199,0.466838
2022-08-22 13:00:00,2708.411975,0.004854,0.000010,0.486977
2022-08-22 14:00:00,2678.053336,0.007090,0.000248,0.470776
2022-08-22 15:00:00,2778.160912,0.011975,0.001478,0.397727
2022-08-22 16:00:00,2690.905590,0.017968,0.003138,0.227239
2022-08-22 17:00:00,2534.210713,0.023566,0.005857,0.071102
2022-08-22 18:00:00,2430.368047,0.039468,0.008755,0.008225
2022-08-22 19:00:00,2377.327179,0.068586,0.008387,0.000148
2022-08-22 20:00:00,2232.237559,0.090742,0.015291,0.000148
2022-08-22 21:00:00,2073.581328,0.107214,0.025644,0.000097
2022-08-22 22:00:00,1968.014964,0.124439,0.039570,0.000182
2022-08-22 23:00:00,1903.311858,0.158959,0.053680,0.000061
2022-08-23 00:00:00,1869.911395,0.175825,0.065562,0.000049
2022-08-23 01:00:00,1859.121778,0.184252,0.095968,0.000045
2022-08-23 02:00:00,1897.506667,0.192949,0.145581,0.000042
2022-08-23 03:00:00,2028.615450,0.208476,0.218692,0.000046
2022-08-23 04:00:00,2318.894362,0.228630,0.249982,0.011050
2022-08-23 05:00:00,2629.174032,0.236253,0.249582,0.068918
2022-08-23 06:00:00,2784.411187,0.220954,0.268260,0.175880
2022-08-23 07:00:00,2838.823035,0.231478,0.313430,0.325442
2022-08-23 08:00:00,2954.452260,0.280189,0.351422,0.517812
2022-08-23 09:00:00,2964.163592,0.327279,0.345863,0.673522
2022-08-23 10:00:00,2938.345822,0.361723,0.312310,0.757138
2022-08-23 11:00:00,2935.612313,0.341644,0.311391,0.754735
2022-08-23 12:00:00,2864.073877,0.316500,0.266300,0.705031
2022-08-23 13:00:00,2787.433764,0.297315,0.227288,0.624485
2022-08-23 14:00:00,2732.479020,0.288392,0.206685,0.477904
2022-08-23 15:00:00,2807.573539,0.279227,0.199142,0.324502
2022-08-23 16:00:00,2704.422181,0.232170,0.221430,0.179513
2022-08-23 17:00:00,2565.887412,0.179610,0.206305,0.066451
2022-08-23 18:00:00,2471.388508,0.190598,0.383935,0.005549
2022-08-23 19:00:00,2430.325974,0.235241,0.549602,0.000125
2022-08-23 20:00:00,2292.975424,0.267512,0.601621,0.000107
2022-08-23 21:00:00,2141.061949,0.265118,0.648136,0.000084
2022-08-23 22:00:00,2035.628690,0.227124,0.676439,0.000119
2022-08-23 23:00:00,1978.875381,0.229961,0.689956,0.000055
2022-08-24 00:00:00,1938.851648,0.205980,0.594940,0.000052
2022-08-24 01:00:00,1918.515599,0.171872,0.590582,0.000051
2022-08-24 02:00:00,1965.249254,0.176055,0.614747,0.000084
2022-08-24 03:00:00,2079.305979,0.190291,0.585667,0.000091
2022-08-24 04:00:00,2368.914279,0.222927,0.605611,0.005948
2022-08-24 05:00:00,2686.682624,0.224911,0.618833,0.057756
2022-08-24 06:00:00,2831.881643,0.218142,0.591853,0.150526
2022-08-24 07:00:00,2900.032035,0.242874,0.559512,0.305215
2022-08-24 08:00:00,2978.368098,0.276929,0.498653,0.441758
2022-08-24 09:00:00,3006.263750,0.326342,0.480922,0.585678
2022-08-24 10:00:00,2969.512243,0.345651,0.377522,0.703183
2022-08-24 11:00:00,2972.905902,0.320375,0.237674,0.719440
2022-08-24 12:00:00,2899.140472,0.286271,0.182128,0.750147
2022-08-24 13:00:00,2820.484706,0.267035,0.136134,0.711179
2022-08-24 14:00:00,2767.476494,0.257654,0.076141,0.588587
2022-08-24 15:00:00,2814.640896,0.227719,0.055760,0.398346
2022-08-24 16:00:00,2713.126341,0.193217,0.047322,0.207036
2022-08-24 17:00:00,2558.348084,0.144090,0.021576,0.065382
2022-08-24 18:00:00,2460.533047,0.138076,0.040315,0.006347
2022-08-24 19:00:00,2428.431535,0.162891,0.079620,0.000122
2022-08-24 20:00:00,2285.645565,0.180687,0.170795,0.000106
2022-08-24 21:00:00,2146.860086,0.193637,0.345745,0.000107
2022-08-24 22:00:00,2046.486827,0.175354,0.452469,0.000120
2022-08-24 23:00:00,1967.286296,0.159358,0.354721,0.000062
2022-08-25 00:00:00,1930.258671,0.171165,0.330659,0.000048
2022-08-25 01:00:00,1915.471357,0.172385,0.361102,0.000055
2022-08-25 02:00:00,1925.661193,0.161528,0.341474,0.000057
2022-08-25 03:00:00,2045.562999,0.156666,0.369084,0.000044
2022-08-25 04:00:00,2324.849269,0.146617,0.407714,0.009901
2022-08-25 05:00:00,2649.924327,0.135150,0.435853,0.074656
2022-08-25 06:00:00,2800.016484,0.123396,0.489215,0.210508
2022-08-25 07:00:00,2862.654178,0.138877,0.521446,0.402179
2022-08-25 08:00:00,2946.570780,0.195636,0.508533,0.590105
2022-08-25 09:00:00,2955.856463,0.266867,0.456119,0.678922
2022-08-25 10:00:00,2912.352522,0.265658,0.412412,0.748138
2022-08-25 11:00:00,2943.001411,0.264163,0.371189,0.804761
2022-08-25 12:00:00,2897.002266,0.304869,0.349779,0.818069
2022-08-25 13:00:00,2808.243925,0.353437,0.332757,0.754205
2022-08-25 14:00:00,2759.620678,0.361630,0.286757,0.616400
2022-08-25 15:00:00,2807.637800,0.302812,0.352665,0.431672
2022-08-25 16:00:00,2718.397213,0.236506,0.463080,0.231065
2022-08-25 17:00:00,2572.837199,0.205918,0.474728,0.064032
2022-08-25 18:00:00,2494.011890,0.198329,0.536691,0.004382
2022-08-25 19:00:00,2449.131090,0.212429,0.613458,0.000163
2022-08-25 20:00:00,2294.472306,0.212657,0.686066,0.000123
2022-08-25 21:00:00,2161.135425,0.219870,0.658205,0.000106
2022-08-25 22:00:00,2053.078396,0.207278,0.635437,0.000141
2022-08-25 23:00:00,2000.741040,0.202314,0.579956,0.000067
2022-08-26 00:00:00,1955.891394,0.180189,0.588814,0.000052
2022-08-26 01:00:00,1925.412451,0.147907,0.537229,0.000054
2022-08-26 02:00:00,1954.373758,0.124544,0.483736,0.000050
2022-08-26 03:00:00,2067.492145,0.116878,0.398931,0.000060
2022-08-26 04:00:00,2336.649615,0.118012,0.305540,0.005435
2022-08-26 05:00:00,2646.947309,0.108914,0.267292,0.054148
2022-08-26 06:00:00,2793.434711,0.096584,0.305500,0.131014
2022-08-26 07:00:00,2814.306798,0.095112,0.190007,0.206459
2022-08-26 08:00:00,2861.365824,0.086246,0.114414,0.289078
2022-08-26 09:00:00,2847.375756,0.070088,0.068946,0.310986
2022-08-26 10:00:00,2763.422477,0.069182,0.029160,0.312484
2022-08-26 11:00:00,2696.284008,0.076472,0.037126,0.323577
2022-08-26 12:00:00,2598.482608,0.106129,0.238645,0.349344
2022-08-26 13:00:00,2553.500718,0.100820,0.475601,0.276312
2022-08-26 14:00:00,2572.955081,0.087138,0.543379,0.189114
2022-08-26 15:00:00,2637.874112,0.063153,0.531425,0.080314
2022-08-26 16:00:00,2537.800286,0.043734,0.322540,0.058993
2022-08-26 17:00:00,2373.648271,0.066586,0.290622,0.027862
2022-08-26 18:00:00,2264.885513,0.073673,0.310659,0.004532
2022-08-26 19:00:00,2201.225417,0.071000,0.336316,0.000105
2022-08-26 20:00:00,2078.080932,0.080039,0.307083,0.000086
2022-08-26 21:00:00,1954.898533,0.088706,0.277204,0.000098
2022-08-26 22:00:00,1855.531261,0.088259,0.300687,0.000063
2022-08-26 23:00:00,1783.025980,0.086342,0.326924,0.000053
2022-08-27 00:00:00,1737.291024,0.093495,0.366640,0.000048
2022-08-27 01:00:00,1713.251796,0.101578,0.457051,0.000045
2022-08-27 02:00:00,1711.612187,0.104378,0.492243,0.000033
2022-08-27 03:00:00,1743.433273,0.109810,0.575197,0.000039
2022-08-27 04:00:00,1803.174210,0.116038,0.594270,0.001811
2022-08-27 05:00:00,1939.681320,0.108212,0.575130,0.032554
2022-08-27 06:00:00,2104.975288,0.102339,0.581276,0.102822
2022-08-27 07:00:00,2203.805971,0.109095,0.592603,0.173451
2022-08-27 08:00:00,2249.731761,0.105961,0.595533,0.276673
2022-08-27 09:00:00,2268.078729,0.093605,0.584887,0.409147
2022-08-27 10:00:00,2243.916167,0.079195,0.571274,0.463452
2022-08-27 11:00:00,2242.854735,0.088763,0.573824,0.527142
2022-08-27 12:00:00,2212.579219,0.112508,0.576116,0.540787
2022-08-27 13:00:00,2206.505674,0.129355,0.585503,0.579564
2022-08-27 14:00:00,2216.500260,0.145286,0.592298,0.500367
2022-08-27 15:00:00,2301.264452,0.152989,0.553418,0.356048
2022-08-27 16:00:00,2259.837340,0.157250,0.574676,0.185439
2022-08-27 17:00:00,2133.448183,0.133002,0.579728,0.049305
2022-08-27 18:00:00,2069.199186,0.094319,0.567213,0.003107
2022-08-27 19:00:00,2033.743764,0.086008,0.564138,0.000087
2022-08-27 20:00:00,1925.971122,0.092459,0.535929,0.000088
2022-08-27 21:00:00,1824.706884,0.097965,0.596026,0.000093
2022-08-27 22:00:00,1730.575401,0.096359,0.609061,0.000068
2022-08-27 23:00:00,1669.220894,0.099264,0.640026,0.000057
2022-08-28 00:00:00,1629.504115,0.098860,0.638998,0.000061
2022-08-28 01:00:00,1608.919798,0.095897,0.677010,0.000050
2022-08-28 02:00:00,1608.001283,0.095539,0.697273,0.000048
2022-08-28 03:00:00,1629.226444,0.099689,0.655124,0.000039
2022-08-28 04:00:00,1668.223119,0.112446,0.608534,0.003438
2022-08-28 05:00:00,1773.328294,0.112697,0.628717,0.037399
2022-08-28 06:00:00,1882.877262,0.103627,0.616968,0.098347
2022-08-28 07:00:00,2020.136074,0.107920,0.627323,0.129251
2022-08-28 08:00:00,2130.037233,0.107463,0.638116,0.191842
2022-08-28 09:00:00,2180.877776,0.109491,0.608842,0.281966
2022-08-28 10:00:00,2259.620112,0.106498,0.603790,0.328144
2022-08-28 11:00:00,2302.351111,0.119686,0.686292,0.292849
2022-08-28 12:00:00,2344.416643,0.159534,0.791828,0.306662
2022-08-28 13:00:00,2299.030815,0.182771,0.794278,0.242243
2022-08-28 14:00:00,2323.816869,0.189604,0.781598,0.251364
2022-08-28 15:00:00,2401.062197,0.199669,0.780925,0.203110
2022-08-28 16:00:00,2344.424683,0.212083,0.759532,0.109532
2022-08-28 17:00:00,2207.105847,0.193714,0.775181,0.040446
2022-08-28 18:00:00,2149.180334,0.186262,0.774886,0.003512
2022-08-28 19:00:00,2100.738206,0.184437,0.754543,0.000088
2022-08-28 20:00:00,1989.422560,0.202756,0.732667,0.000076
2022-08-28 21:00:00,1887.577714,0.209644,0.745240,0.000075
2022-08-28 22:00:00,1818.292982,0.206220,0.708042,0.000112
2022-08-28 23:00:00,1777.015815,0.200607,0.607049,0.000043
2022-08-29 00:00:00,1761.785502,0.211000,0.553523,0.000042
2022-08-29 01:00:00,1921.227251,0.167412,0.563454,0.000046
2022-08-29 02:00:00,1784.631614,0.239779,0.595427,0.000039
2022-08-29 03:00:00,1916.960602,0.256320,0.593449,0.000040
2022-08-29 04:00:00,2235.392139,0.259541,0.595740,0.004710
2022-08-29 05:00:00,2553.411346,0.240237,0.537283,0.065661
2022-08-29 06:00:00,2719.238655,0.229661,0.540625,0.231394
2022-08-29 07:00:00,2781.679069,0.270319,0.557562,0.444899
2022-08-29 08:00:00,2843.154108,0.288858,0.507175,0.618560
2022-08-29 09:00:00,2852.278324,0.300526,0.438040,0.724433
2022-08-29 10:00:00,2865.128698,0.334091,0.388310,0.763559
2022-08-29 11:00:00,2893.201239,0.339327,0.360190,0.795587
2022-08-29 12:00:00,2836.055610,0.344051,0.371647,0.788688
2022-08-29 13:00:00,2732.242694,0.322293,0.350727,0.724703
2022-08-29 14:00:00,2652.370222,0.272404,0.409700,0.612253
2022-08-29 15:00:00,2722.907491,0.223603,0.495589,0.431296
2022-08-29 16:00:00,2615.603136,0.174987,0.462313,0.208433
2022-08-29 17:00:00,2472.267688,0.122047,0.458018,0.048841
2022-08-29 18:00:00,2384.348968,0.104313,0.451838,0.002758
2022-08-29 19:00:00,2319.621728,0.104800,0.387195,0.000135
2022-08-29 20:00:00,2165.707601,0.107760,0.345976,0.000111
2022-08-29 21:00:00,2012.182591,0.102581,0.262807,0.000091
2022-08-29 22:00:00,1911.648457,0.098985,0.219793,0.000142
2022-08-29 23:00:00,1952.813602,0.110334,0.232917,0.000059
2022-08-30 00:00:00,1892.350814,0.121531,0.162950,0.000052
2022-08-30 01:00:00,1879.050004,0.115853,0.132054,0.000048
2022-08-30 02:00:00,1914.321954,0.105750,0.122484,0.000051
2022-08-30 03:00:00,1981.208962,0.094904,0.110074,0.000065
2022-08-30 04:00:00,2239.930872,0.088448,0.097930,0.005870
2022-08-30 05:00:00,2527.643861,0.074158,0.088603,0.067105
2022-08-30 06:00:00,2680.627540,0.041942,0.075359,0.239269
2022-08-30 07:00:00,2728.542430,0.024156,0.075687,0.456659
2022-08-30 08:00:00,2809.093624,0.040426,0.071874,0.608547
2022-08-30 09:00:00,2839.971529,0.042557,0.081592,0.700914
2022-08-30 10:00:00,2784.141511,0.044903,0.070759,0.714031
2022-08-30 11:00:00,2801.326148,0.052084,0.064882,0.657881
2022-08-30 12:00:00,2742.048599,0.057365,0.101042,0.687404
2022-08-30 13:00:00,2650.574804,0.064714,0.152887,0.658542
2022-08-30 14:00:00,2598.601322,0.076231,0.230754,0.563514
2022-08-30 15:00:00,2699.332448,0.087788,0.327209,0.408857
2022-08-30 16:00:00,2606.391646,0.092987,0.457974,0.212493
2022-08-30 17:00:00,2468.760320,0.084372,0.509209,0.052049
2022-08-30 18:00:00,2392.421272,0.095781,0.507365,0.002040
2022-08-30 19:00:00,2320.788041,0.111674,0.446631,0.000140
2022-08-30 20:00:00,2155.051015,0.109743,0.407988,0.000114
2022-08-30 21:00:00,2013.053787,0.107483,0.256620,0.000109
2022-08-30 22:00:00,1921.000098,0.105880,0.186513,0.000093
2022-08-30 23:00:00,1850.307689,0.096633,0.123923,0.000074
2022-08-31 00:00:00,1810.972061,0.093431,0.108729,0.000066
2022-08-31 01:00:00,1794.821928,0.091964,0.086259,0.000070
2022-08-31 02:00:00,1827.336833,0.107651,0.070277,0.000075
2022-08-31 03:00:00,1951.711713,0.128018,0.079172,0.000089
2022-08-31 04:00:00,2239.900678,0.132633,0.120117,0.006003
2022-08-31 05:00:00,2535.586543,0.122584,0.139183,0.074640
2022-08-31 06:00:00,2685.760051,0.087095,0.123597,0.257761
2022-08-31 07:00:00,2727.921006,0.107378,0.108909,0.481778
2022-08-31 08:00:00,2833.940596,0.147571,0.105937,0.649534
2022-08-31 09:00:00,2847.871426,0.138837,0.156178,0.692318
2022-08-31 10:00:00,2810.109224,0.119763,0.154518,0.700403
2022-08-31 11:00:00,2822.492615,0.103464,0.159838,0.704372
2022-08-31 12:00:00,2773.614296,0.092290,0.155741,0.671810
2022-08-31 13:00:00,2667.564199,0.090918,0.147613,0.625079
2022-08-31 14:00:00,2628.560149,0.093754,0.192683,0.527914
2022-08-31 15:00:00,2690.922171,0.097159,0.316048,0.390189
2022-08-31 16:00:00,2614.585892,0.094840,0.426430,0.211167
2022-08-31 17:00:00,2490.398782,0.079160,0.449108,0.051913
2022-08-31 18:00:00,2409.368295,0.079772,0.384045,0.002824
2022-08-31 19:00:00,2335.277702,0.090245,0.270699,0.000126
2022-08-31 20:00:00,2188.924573,0.080684,0.250408,0.000112
2022-08-31 21:00:00,2031.821047,0.062399,0.211960,0.000094
2022-08-31 22:00:00,1936.824119,0.053672,0.118926,0.000084
2022-08-31 23:00:00,1883.540016,0.048111,0.042778,0.000063
2022-09-01 00:00:00,1843.331046,0.040176,0.017608,0.000056
2022-09-01 01:00:00,1829.500619,0.039150,0.008921,0.000054
2022-09-01 02:00:00,1862.732070,0.050856,0.016687,0.000061
2022-09-01 03:00:00,1979.394758,0.060510,0.020452,0.000065
2022-09-01 04:00:00,2265.515185,0.065043,0.024933,0.004894
2022-09-01 05:00:00,2570.205653,0.054650,0.040193,0.069328
2022-09-01 06:00:00,2715.932171,0.032657,0.048175,0.245875
2022-09-01 07:00:00,2765.405062,0.010319,0.050064,0.475453
2022-09-01 08:00:00,2848.453869,0.010078,0.030338,0.635992
2022-09-01 09:00:00,2901.898699,0.011162,0.017125,0.710231
2022-09-01 10:00:00,2865.788673,0.012707,0.003225,0.780676
2022-09-01 11:00:00,2896.121487,0.012981,0.000800,0.797311
2022-09-01 12:00:00,2817.551762,0.014888,0.011736,0.778956
2022-09-01 13:00:00,2712.722540,0.019430,0.016078,0.695910
2022-09-01 14:00:00,2655.279175,0.024471,0.012248,0.618819
2022-09-01 15:00:00,2705.915159,0.029546,0.025177,0.427927
2022-09-01 16:00:00,2624.288200,0.027802,0.058099,0.212172
2022-09-01 17:00:00,2491.609473,0.026881,0.088304,0.044782
2022-09-01 18:00:00,2411.569584,0.035662,0.103664,0.001261
2022-09-01 19:00:00,2346.861898,0.039288,0.101016,0.000125
2022-09-01 20:00:00,2200.210249,0.032652,0.088220,0.000112
2022-09-01 21:00:00,2059.905512,0.028656,0.036418,0.000082
2022-09-01 22:00:00,1962.088814,0.019893,0.027437,0.000082
2022-09-01 23:00:00,1916.342515,0.015432,0.023370,0.000062
2022-09-02 00:00:00,1905.974286,0.013773,0.035748,0.000053
2022-09-02 01:00:00,1885.745782,0.012804,0.041676,0.000053
2022-09-02 02:00:00,1897.788163,0.009695,0.040622,0.000067
2022-09-02 03:00:00,1997.062753,0.007280,0.048892,0.000062
2022-09-02 04:00:00,2263.441321,0.006941,0.038641,0.004227
2022-09-02 05:00:00,2560.753078,0.007922,0.041265,0.066942
2022-09-02 06:00:00,2719.964365,0.006105,0.079648,0.230052
2022-09-02 07:00:00,2783.553525,0.003045,0.122380,0.460892
2022-09-02 08:00:00,2846.633617,0.010324,0.153656,0.620129
2022-09-02 09:00:00,2825.762116,0.023594,0.167305,0.676495
2022-09-02 10:00:00,2777.199342,0.041306,0.137208,0.713108
2022-09-02 11:00:00,2759.131616,0.072354,0.102552,0.715398
2022-09-02 12:00:00,2614.399505,0.103897,0.052352,0.685544
2022-09-02 13:00:00,2498.317745,0.138038,0.031923,0.634916
2022-09-02 14:00:00,2452.546123,0.179404,0.065970,0.532213
2022-09-02 15:00:00,2481.354062,0.204604,0.157038,0.352186
2022-09-02 16:00:00,2415.432280,0.212650,0.346078,0.193849
2022-09-02 17:00:00,2263.066147,0.188191,0.559358,0.043547
2022-09-02 18:00:00,2192.906422,0.183105,0.771554,0.001153
2022-09-02 19:00:00,2136.792214,0.208943,0.771538,0.000154
2022-09-02 20:00:00,2051.725443,0.241412,0.757644,0.000107
2022-09-02 21:00:00,1955.917973,0.268528,0.742229,0.000088
2022-09-02 22:00:00,1854.782697,0.262702,0.769964,0.000072
2022-09-02 23:00:00,1782.501300,0.249315,0.768138,0.000059
2022-09-03 00:00:00,1733.651177,0.243096,0.747735,0.000051
2022-09-03 01:00:00,1706.257410,0.237499,0.729638,0.000051
2022-09-03 02:00:00,1698.520982,0.222225,0.709422,0.000050
2022-09-03 03:00:00,1730.914145,0.210802,0.710442,0.000063
2022-09-03 04:00:00,1803.976771,0.219316,0.756690,0.003751
2022-09-03 05:00:00,1946.683660,0.206806,0.761413,0.055522
2022-09-03 06:00:00,2105.479737,0.162180,0.751207,0.211239
2022-09-03 07:00:00,2201.049634,0.164692,0.709111,0.416291
2022-09-03 08:00:00,2275.801335,0.212312,0.684506,0.582070
2022-09-03 09:00:00,2595.045551,0.256073,0.569518,0.613435
2022-09-03 10:00:00,2461.811903,0.300150,0.475967,0.555333
2022-09-03 11:00:00,2362.068024,0.346552,0.508510,0.581097
2022-09-03 12:00:00,2279.258587,0.357104,0.596864,0.534656
2022-09-03 13:00:00,2208.109483,0.347063,0.535854,0.548567
2022-09-03 14:00:00,2198.602711,0.326278,0.503284,0.481802
2022-09-03 15:00:00,2264.270462,0.323297,0.527572,0.340855
2022-09-03 16:00:00,2210.895653,0.307444,0.502959,0.172826
2022-09-03 17:00:00,2077.034031,0.233765,0.565438,0.035699
2022-09-03 18:00:00,2040.591752,0.222409,0.598112,0.001838
2022-09-03 19:00:00,1989.758179,0.253666,0.689550,0.000155
2022-09-03 20:00:00,1928.426161,0.271983,0.775161,0.000128
2022-09-03 21:00:00,1858.821247,0.268070,0.776691,0.000092
2022-09-03 22:00:00,1779.753160,0.264831,0.769225,0.000073
2022-09-03 23:00:00,1690.587672,0.257953,0.785785,0.000062
2022-09-04 00:00:00,1644.473113,0.262036,0.852015,0.000052
2022-09-04 01:00:00,1616.072310,0.249527,0.798338,0.000053
2022-09-04 02:00:00,1612.951417,0.245305,0.744832,0.000057
2022-09-04 03:00:00,1639.887227,0.259162,0.704482,0.000051
2022-09-04 04:00:00,1681.432080,0.272512,0.628963,0.002829
2022-09-04 05:00:00,1802.792227,0.247978,0.631836,0.059468
2022-09-04 06:00:00,1980.032937,0.228982,0.629744,0.211014
2022-09-04 07:00:00,2111.994858,0.265278,0.615289,0.429052
2022-09-04 08:00:00,2193.231607,0.294006,0.535132,0.616521
2022-09-04 09:00:00,2249.882645,0.305762,0.522110,0.727260
2022-09-04 10:00:00,2331.778660,0.341127,0.417530,0.792361
2022-09-04 11:00:00,2506.535182,0.359107,0.421845,0.774512
2022-09-04 12:00:00,2482.786164,0.345600,0.475489,0.686114
2022-09-04 13:00:00,2221.779216,0.348905,0.450091,0.568898
2022-09-04 14:00:00,2203.791385,0.334283,0.422187,0.436840
2022-09-04 15:00:00,2346.321389,0.315319,0.428853,0.268899
2022-09-04 16:00:00,2303.075845,0.271589,0.480328,0.125898
2022-09-04 17:00:00,2164.922503,0.219480,0.545458,0.026046
2022-09-04 18:00:00,2139.354601,0.221578,0.571353,0.000246
2022-09-04 19:00:00,2064.957252,0.249785,0.619882,0.000146
2022-09-04 20:00:00,1968.990757,0.264148,0.743455,0.000114
2022-09-04 21:00:00,1879.846989,0.258285,0.796575,0.000076
2022-09-04 22:00:00,1832.406633,0.257012,0.773004,0.000057
2022-09-04 23:00:00,1804.145837,0.256279,0.770192,0.000062
2022-09-05 00:00:00,1771.675059,0.282580,0.827995,0.000065
2022-09-05 01:00:00,1764.565510,0.320696,0.874619,0.000054
2022-09-05 02:00:00,1802.554509,0.335645,0.899156,0.000050
2022-09-05 03:00:00,1935.151644,0.355524,0.912061,0.000053
2022-09-05 04:00:00,2241.144644,0.363600,0.919923,0.004206
2022-09-05 05:00:00,2543.767188,0.347725,0.924013,0.062642
2022-09-05 06:00:00,2690.585980,0.339347,0.899180,0.184455
2022-09-05 07:00:00,2746.214639,0.365854,0.872900,0.332337
2022-09-05 08:00:00,2853.000817,0.388118,0.843821,0.453354
2022-09-05 09:00:00,2882.926366,0.411068,0.791019,0.511078
2022-09-05 10:00:00,2855.210122,0.464566,0.737874,0.549346
2022-09-05 11:00:00,2910.788215,0.543213,0.758158,0.630785
2022-09-05 12:00:00,2855.456929,0.560046,0.811083,0.576075
2022-09-05 13:00:00,2729.627787,0.538261,0.772387,0.498091
2022-09-05 14:00:00,2670.218160,0.527796,0.720614,0.374165
2022-09-05 15:00:00,2822.359585,0.487427,0.699822,0.249902
2022-09-05 16:00:00,2724.921901,0.403809,0.717969,0.124144
2022-09-05 17:00:00,2675.272204,0.329523,0.731833,0.029130
2022-09-05 18:00:00,2540.442624,0.317866,0.732224,0.000199
2022-09-05 19:00:00,2337.954528,0.321626,0.749319,0.000107
2022-09-05 20:00:00,2238.445735,0.344082,0.800320,0.000093
2022-09-05 21:00:00,2134.240974,0.355777,0.867036,0.000080
2022-09-05 22:00:00,2236.454379,0.327547,0.892482,0.000075
2022-09-05 23:00:00,2161.263407,0.314907,0.905429,0.000071
2022-09-06 00:00:00,2175.555635,0.296619,0.896410,0.000067
2022-09-06 01:00:00,2165.262246,0.276076,0.733549,0.000076
2022-09-06 02:00:00,2154.358671,0.291607,0.514274,0.000096
2022-09-06 03:00:00,2288.190515,0.284250,0.415120,0.000087
2022-09-06 04:00:00,2548.148196,0.260160,0.396575,0.003037
2022-09-06 05:00:00,2814.276518,0.263396,0.172547,0.057539
2022-09-06 06:00:00,2892.326619,0.312712,0.109488,0.187902
2022-09-06 07:00:00,2984.585464,0.532663,0.374539,0.344544
2022-09-06 08:00:00,2850.498431,0.596584,0.775803,0.453643
2022-09-06 09:00:00,2869.570696,0.602497,0.907826,0.574250
2022-09-06 10:00:00,2834.025389,0.584668,0.894529,0.578622
2022-09-06 11:00:00,2856.901422,0.579657,0.837508,0.606178
2022-09-06 12:00:00,2805.427769,0.568180,0.779149,0.619446
2022-09-06 13:00:00,2737.887423,0.537485,0.739388,0.550672
2022-09-06 14:00:00,2631.908915,0.493593,0.735841,0.457002
2022-09-06 15:00:00,2719.768908,0.476540,0.735781,0.290926
2022-09-06 16:00:00,2633.457961,0.424529,0.735446,0.125148
2022-09-06 17:00:00,2467.451959,0.363216,0.750191,0.023549
2022-09-06 18:00:00,2423.908117,0.340038,0.751911,0.000199
2022-09-06 19:00:00,2313.313369,0.334641,0.752024,0.000122
2022-09-06 20:00:00,2176.617251,0.320617,0.767724,0.000114
2022-09-06 21:00:00,2034.437502,0.330524,0.767360,0.000093
2022-09-06 22:00:00,1944.996365,0.342971,0.768795,0.000073
2022-09-06 23:00:00,1890.469799,0.327575,0.789290,0.000061
2022-09-07 00:00:00,1869.305478,0.316394,0.779907,0.000058
2022-09-07 01:00:00,1853.165944,0.314341,0.814266,0.000053
2022-09-07 02:00:00,1877.034504,0.309279,0.850158,0.000061
2022-09-07 03:00:00,2009.878381,0.311046,0.808947,0.000052
2022-09-07 04:00:00,2304.464350,0.318432,0.853980,0.003305
2022-09-07 05:00:00,2593.361737,0.329344,0.891820,0.041161
2022-09-07 06:00:00,2732.635817,0.330622,0.898637,0.126634
2022-09-07 07:00:00,2744.084267,0.354046,0.731378,0.241263
2022-09-07 08:00:00,2812.017287,0.398541,0.634231,0.331750
2022-09-07 09:00:00,2799.945237,0.438819,0.630875,0.398412
2022-09-07 10:00:00,2776.486612,0.460744,0.564550,0.406326
2022-09-07 11:00:00,2809.338062,0.479001,0.661231,0.374567
2022-09-07 12:00:00,2741.548322,0.468374,0.821117,0.280841
2022-09-07 13:00:00,2660.111215,0.438256,0.800293,0.205389
2022-09-07 14:00:00,2635.464244,0.417128,0.687747,0.119587
2022-09-07 15:00:00,2740.361527,0.366030,0.647837,0.069757
2022-09-07 16:00:00,2657.358397,0.338960,0.665037,0.037984
2022-09-07 17:00:00,2528.896811,0.333114,0.742013,0.008187
2022-09-07 18:00:00,2461.996445,0.337758,0.753180,0.000152
2022-09-07 19:00:00,2332.137921,0.351462,0.672979,0.000097
2022-09-07 20:00:00,2176.950044,0.345118,0.644764,0.000078
2022-09-07 21:00:00,2050.236473,0.335250,0.697578,0.000057
2022-09-07 22:00:00,1932.907856,0.353798,0.656297,0.000065
2022-09-07 23:00:00,1887.882332,0.363457,0.624565,0.000055
2022-09-08 00:00:00,1857.053248,0.374110,0.664512,0.000047
2022-09-08 01:00:00,1849.661668,0.395173,0.730222,0.000046
2022-09-08 02:00:00,1882.831191,0.428034,0.771869,0.000049
2022-09-08 03:00:00,2002.072694,0.436388,0.803380,0.000049
2022-09-08 04:00:00,2319.048300,0.439047,0.852338,0.000363
2022-09-08 05:00:00,2598.561700,0.476767,0.822407,0.022130
2022-09-08 06:00:00,2738.528395,0.561559,0.840482,0.071578
2022-09-08 07:00:00,2820.550885,0.655173,0.908729,0.188055
2022-09-08 08:00:00,3056.745915,0.714082,0.875588,0.218585
2022-09-08 09:00:00,2893.431668,0.759091,0.927900,0.250898
2022-09-08 10:00:00,2826.017533,0.777987,0.969277,0.304475
2022-09-08 11:00:00,2855.225558,0.782098,0.975441,0.345476
2022-09-08 12:00:00,2830.149503,0.841511,0.937987,0.357354
2022-09-08 13:00:00,2743.703006,0.827201,0.950834,0.277048
2022-09-08 14:00:00,2710.192497,0.783110,0.948603,0.186126
2022-09-08 15:00:00,2786.913947,0.721379,0.859891,0.107693
2022-09-08 16:00:00,2690.826064,0.642651,0.756750,0.046132
2022-09-08 17:00:00,2571.424771,0.588162,0.872016,0.008760
2022-09-08 18:00:00,2518.774838,0.580546,0.934088,0.000180
2022-09-08 19:00:00,2397.722670,0.615491,0.976789,0.000107
2022-09-08 20:00:00,2271.643467,0.685658,0.939256,0.000081
2022-09-08 21:00:00,2151.031699,0.647118,0.922125,0.000074
2022-09-08 22:00:00,2047.003284,0.583573,0.942235,0.000070
2022-09-08 23:00:00,2011.822417,0.569592,0.921661,0.000059
2022-09-09 00:00:00,1995.451630,0.558890,0.834170,0.000051
2022-09-09 01:00:00,1962.012552,0.521228,0.698063,0.000046
2022-09-09 02:00:00,1952.731697,0.468210,0.589707,0.000051
2022-09-09 03:00:00,2051.920360,0.408410,0.516017,0.000050
2022-09-09 04:00:00,2351.089542,0.380118,0.446898,0.000087
2022-09-09 05:00:00,2626.714721,0.358538,0.381189,0.005878
2022-09-09 06:00:00,2742.214036,0.325414,0.361296,0.032800
2022-09-09 07:00:00,2769.049771,0.315584,0.349514,0.075550
2022-09-09 08:00:00,2818.955601,0.273127,0.347744,0.106889
2022-09-09 09:00:00,2816.410178,0.230499,0.349671,0.180758
2022-09-09 10:00:00,2717.409383,0.172374,0.303740,0.255173
2022-09-09 11:00:00,2663.663204,0.120814,0.242204,0.289399
2022-09-09 12:00:00,2521.756015,0.099224,0.277628,0.303302
2022-09-09 13:00:00,2454.036298,0.084751,0.299949,0.347678
2022-09-09 14:00:00,2435.959413,0.079375,0.196438,0.319366
2022-09-09 15:00:00,2512.147827,0.068419,0.121446,0.184845
2022-09-09 16:00:00,2414.850634,0.068972,0.106440,0.073960
2022-09-09 17:00:00,2253.950148,0.066570,0.151364,0.014022
2022-09-09 18:00:00,2187.295023,0.079373,0.120085,0.000144
2022-09-09 19:00:00,2072.881613,0.089290,0.100643,0.000122
2022-09-09 20:00:00,1949.373232,0.101601,0.096131,0.000096
2022-09-09 21:00:00,1842.451570,0.099021,0.101627,0.000064
2022-09-09 22:00:00,1764.063356,0.095969,0.147921,0.000058
2022-09-09 23:00:00,1713.525479,0.071060,0.160941,0.000051
2022-09-10 00:00:00,1682.496226,0.066919,0.196868,0.000047
2022-09-10 01:00:00,1662.838785,0.071590,0.201400,0.000054
2022-09-10 02:00:00,1653.908958,0.077269,0.183099,0.000043
2022-09-10 03:00:00,1675.501475,0.070795,0.158398,0.000044
2022-09-10 04:00:00,1749.644518,0.058486,0.186403,0.000299
2022-09-10 05:00:00,1872.809179,0.061277,0.156669,0.022231
2022-09-10 06:00:00,2034.330421,0.055315,0.147392,0.086753
2022-09-10 07:00:00,2114.436305,0.051107,0.107858,0.141726
2022-09-10 08:00:00,2200.037794,0.059690,0.080480,0.242484
2022-09-10 09:00:00,2227.574107,0.064819,0.085436,0.338340
2022-09-10 10:00:00,2214.045223,0.070589,0.082950,0.387168
2022-09-10 11:00:00,2214.177426,0.076691,0.074547,0.471331
2022-09-10 12:00:00,2172.697741,0.078821,0.057034,0.443076
2022-09-10 13:00:00,2119.570375,0.073891,0.058198,0.389691
2022-09-10 14:00:00,2133.440363,0.064801,0.060336,0.347815
2022-09-10 15:00:00,2227.554192,0.069174,0.062624,0.234321
2022-09-10 16:00:00,2156.043068,0.070037,0.087559,0.095168
2022-09-10 17:00:00,2024.764552,0.070434,0.128554,0.014925
2022-09-10 18:00:00,1993.201971,0.069174,0.149552,0.000120
2022-09-10 19:00:00,1905.831153,0.065366,0.132980,0.000129
2022-09-10 20:00:00,1804.489874,0.052177,0.120955,0.000097
2022-09-10 21:00:00,1715.527719,0.045347,0.079471,0.000065
2022-09-10 22:00:00,1649.022033,0.037583,0.042658,0.000056
2022-09-10 23:00:00,1598.951203,0.037519,0.039572,0.000055
2022-09-11 00:00:00,1572.018994,0.035899,0.029605,0.000065
2022-09-11 01:00:00,1550.390172,0.037661,0.031820,0.000052
2022-09-11 02:00:00,1549.710896,0.043975,0.044131,0.000053
2022-09-11 03:00:00,1567.370569,0.045333,0.057820,0.000045
2022-09-11 04:00:00,1620.275385,0.037207,0.092763,0.000508
2022-09-11 05:00:00,1729.763913,0.031352,0.096642,0.038863
2022-09-11 06:00:00,1898.929799,0.026415,0.075927,0.188770
2022-09-11 07:00:00,2039.170661,0.015452,0.044296,0.415439
2022-09-11 08:00:00,2114.597621,0.025393,0.074915,0.582592
2022-09-11 09:00:00,2163.567798,0.028423,0.068935,0.669190
2022-09-11 10:00:00,2149.148470,0.024387,0.067341,0.641200
2022-09-11 11:00:00,2185.361430,0.020237,0.061793,0.604225
2022-09-11 12:00:00,2200.198150,0.019780,0.058690,0.525744
2022-09-11 13:00:00,2136.154302,0.015696,0.055326,0.439821
2022-09-11 14:00:00,2131.356672,0.015648,0.052853,0.326928
2022-09-11 15:00:00,2251.481734,0.018220,0.029604,0.232077
2022-09-11 16:00:00,2217.707202,0.018379,0.006765,0.115118
2022-09-11 17:00:00,2094.362520,0.011588,0.002188,0.015776
2022-09-11 18:00:00,2081.882989,0.010830,0.000604,0.000131
2022-09-11 19:00:00,1995.523710,0.008859,0.000042,0.000106
2022-09-11 20:00:00,1903.133534,0.004817,0.000005,0.000099
2022-09-11 21:00:00,1825.455437,0.003040,0.000000,0.000081
2022-09-11 22:00:00,1774.330561,0.002616,0.000206,0.000073
2022-09-11 23:00:00,1722.146478,0.003131,0.005003,0.000064
2022-09-12 00:00:00,1700.167080,0.005903,0.010556,0.000058
2022-09-12 01:00:00,1695.138735,0.010389,0.044745,0.000050
2022-09-12 02:00:00,1719.181813,0.027212,0.087052,0.000052
2022-09-12 03:00:00,1855.151602,0.053413,0.102031,0.000060
2022-09-12 04:00:00,2175.917018,0.085472,0.152883,0.000688
2022-09-12 05:00:00,2475.556772,0.107894,0.200970,0.040670
2022-09-12 06:00:00,2628.265650,0.116616,0.253622,0.120181
2022-09-12 07:00:00,2677.839714,0.102569,0.314886,0.232471
2022-09-12 08:00:00,2757.047485,0.106670,0.394763,0.328254
2022-09-12 09:00:00,2794.510525,0.155316,0.445632,0.360536
2022-09-12 10:00:00,2752.809807,0.227437,0.533844,0.381229
2022-09-12 11:00:00,2783.968641,0.312900,0.598853,0.337874
2022-09-12 12:00:00,2748.970268,0.342068,0.663097,0.301462
2022-09-12 13:00:00,2653.835865,0.357916,0.676854,0.213953
2022-09-12 14:00:00,2623.127725,0.355385,0.708194,0.156280
2022-09-12 15:00:00,2729.494602,0.372401,0.789698,0.085094
2022-09-12 16:00:00,2664.902370,0.383656,0.797755,0.037699
2022-09-12 17:00:00,2550.253544,0.429053,0.871631,0.005192
2022-09-12 18:00:00,2479.584081,0.500155,0.917561,0.000224
2022-09-12 19:00:00,2365.429068,0.580005,0.923927,0.000199
2022-09-12 20:00:00,2218.593486,0.632126,0.945082,0.000205
2022-09-12 21:00:00,2090.953732,0.526888,0.758313,0.000173
2022-09-12 22:00:00,2026.399844,0.341436,0.472155,0.000076
2022-09-12 23:00:00,1958.492008,0.267763,0.444562,0.000048
2022-09-13 00:00:00,1910.192840,0.238667,0.714880,0.000043
2022-09-13 01:00:00,1892.570619,0.327895,0.880652,0.000048
2022-09-13 02:00:00,1914.089858,0.377416,0.920026,0.000051
2022-09-13 03:00:00,2037.195071,0.383993,0.911396,0.000048
2022-09-13 04:00:00,2336.649956,0.393693,0.901195,0.000224
2022-09-13 05:00:00,2604.698361,0.409764,0.808472,0.033575
2022-09-13 06:00:00,2719.540910,0.400712,0.820858,0.138407
2022-09-13 07:00:00,2777.483710,0.485383,0.895995,0.303415
2022-09-13 08:00:00,2872.467126,0.613022,0.922313,0.363308
2022-09-13 09:00:00,2886.616472,0.709733,0.907508,0.438583
2022-09-13 10:00:00,2848.708330,0.769786,0.946182,0.513400
2022-09-13 11:00:00,2901.826627,0.801487,0.943893,0.538481
2022-09-13 12:00:00,2923.929733,0.821579,0.933301,0.457669
2022-09-13 13:00:00,2871.055404,0.840570,0.917952,0.366523
2022-09-13 14:00:00,2686.801990,0.822237,0.963445,0.242765
2022-09-13 15:00:00,2874.290862,0.802346,0.952911,0.141108
2022-09-13 16:00:00,2758.755181,0.782150,0.964252,0.051776
2022-09-13 17:00:00,2548.603599,0.782244,0.957988,0.005264
2022-09-13 18:00:00,2502.703164,0.790239,0.965148,0.000165
2022-09-13 19:00:00,2372.101167,0.799476,0.965456,0.000151
2022-09-13 20:00:00,2235.533281,0.793196,0.966041,0.000158
2022-09-13 21:00:00,2118.168706,0.778560,0.967339,0.000122
2022-09-13 22:00:00,2001.694612,0.719471,0.960686,0.000104
2022-09-13 23:00:00,1957.150736,0.686499,0.939550,0.000088
2022-09-14 00:00:00,1898.811587,0.622553,0.910912,0.000057
2022-09-14 01:00:00,1890.246593,0.578908,0.898859,0.000053
2022-09-14 02:00:00,1905.269191,0.539617,0.908520,0.000060
2022-09-14 03:00:00,2026.596423,0.493294,0.880293,0.000057
2022-09-14 04:00:00,2341.227820,0.444496,0.852651,0.000252
2022-09-14 05:00:00,2611.052525,0.405948,0.845407,0.025584
2022-09-14 06:00:00,2733.173126,0.410301,0.713340,0.099279
2022-09-14 07:00:00,2745.624841,0.422325,0.687234,0.197208
2022-09-14 08:00:00,2810.981159,0.441051,0.609770,0.292718
2022-09-14 09:00:00,2820.590776,0.463284,0.599845,0.384669
2022-09-14 10:00:00,2772.719117,0.492344,0.551871,0.475478
2022-09-14 11:00:00,2802.509706,0.482159,0.529165,0.501298
2022-09-14 12:00:00,2710.463324,0.470505,0.570697,0.422045
2022-09-14 13:00:00,2641.272879,0.469817,0.549965,0.407757
2022-09-14 14:00:00,2609.529700,0.456050,0.497528,0.238161
2022-09-14 15:00:00,2724.613685,0.420353,0.653526,0.174811
2022-09-14 16:00:00,2650.329560,0.399720,0.774817,0.063563
2022-09-14 17:00:00,2511.867686,0.350495,0.782588,0.008091
2022-09-14 18:00:00,2454.824285,0.341187,0.771013,0.000199
2022-09-14 19:00:00,2316.906179,0.356069,0.803835,0.000109
2022-09-14 20:00:00,2174.338774,0.369739,0.863329,0.000095
2022-09-14 21:00:00,2045.125948,0.379476,0.889303,0.000076
2022-09-14 22:00:00,1943.656750,0.389784,0.947020,0.000124
2022-09-14 23:00:00,1890.466970,0.415991,0.945881,0.000060
2022-09-15 00:00:00,1860.161228,0.421058,0.957157,0.000060
2022-09-15 01:00:00,1860.921701,0.437190,0.943368,0.000064
2022-09-15 02:00:00,1906.886920,0.473000,0.964137,0.000060
2022-09-15 03:00:00,2003.001955,0.484292,0.649694,0.000064
2022-09-15 04:00:00,2313.604037,0.495528,0.635268,0.000272
2022-09-15 05:00:00,2589.673972,0.500285,0.634268,0.032611
2022-09-15 06:00:00,2714.234357,0.549286,0.643863,0.169483
2022-09-15 07:00:00,2872.978496,0.652383,0.647943,0.361468
2022-09-15 08:00:00,2901.325418,0.722015,0.650815,0.471106
2022-09-15 09:00:00,3030.697705,0.747941,0.609612,0.599283
2022-09-15 10:00:00,3013.203694,0.762127,0.639474,0.611562
2022-09-15 11:00:00,2855.978488,0.788165,0.644547,0.651117
2022-09-15 12:00:00,2859.746151,0.809533,0.629281,0.639906
2022-09-15 13:00:00,2728.953197,0.826549,0.647747,0.588491
2022-09-15 14:00:00,2736.065107,0.845655,0.640512,0.455885
2022-09-15 15:00:00,3020.725665,0.785261,0.624933,0.290500
2022-09-15 16:00:00,2957.339166,0.687370,0.619198,0.103683
2022-09-15 17:00:00,2804.807403,0.644204,0.615899,0.008713
2022-09-15 18:00:00,2666.479761,0.705746,0.592717,0.000226
2022-09-15 19:00:00,2491.549681,0.703415,0.644857,0.000165
2022-09-15 20:00:00,2371.979213,0.688534,0.624535,0.000161
2022-09-15 21:00:00,2247.429351,0.697247,0.619909,0.000162
2022-09-15 22:00:00,2175.437569,0.693651,0.632760,0.000244
2022-09-15 23:00:00,2157.783043,0.661364,0.645588,0.000105
2022-09-16 00:00:00,2069.182306,0.633851,0.583713,0.000083
2022-09-16 01:00:00,2034.161815,0.574535,0.609654,0.000081
2022-09-16 02:00:00,2036.292869,0.489775,0.643467,0.000074
2022-09-16 03:00:00,2094.901762,0.458489,0.626563,0.000066
2022-09-16 04:00:00,2293.672809,0.399231,0.590311,0.000172
2022-09-16 05:00:00,2635.221662,0.340897,0.480461,0.021392
2022-09-16 06:00:00,2674.986168,0.277824,0.409651,0.108754
2022-09-16 07:00:00,2698.510228,0.214406,0.440852,0.254691
2022-09-16 08:00:00,2781.432625,0.192938,0.377935,0.446499
2022-09-16 09:00:00,2842.532916,0.195706,0.377345,0.602506
2022-09-16 10:00:00,2889.034835,0.202539,0.371871,0.652314
2022-09-16 11:00:00,2871.464040,0.221382,0.342358,0.655754
2022-09-16 12:00:00,2803.166792,0.254192,0.329053,0.660326
2022-09-16 13:00:00,2668.078877,0.277560,0.323808,0.619800
2022-09-16 14:00:00,2669.198377,0.258446,0.357103,0.485547
2022-09-16 15:00:00,2602.124448,0.232875,0.383480,0.284305
2022-09-16 16:00:00,2426.037429,0.186484,0.380499,0.117690
2022-09-16 17:00:00,2260.848261,0.179946,0.400651,0.008125
2022-09-16 18:00:00,2198.066028,0.223792,0.500829,0.000194
2022-09-16 19:00:00,2094.596124,0.273865,0.523779,0.000167
2022-09-16 20:00:00,1989.604578,0.302595,0.516917,0.000159
2022-09-16 21:00:00,1980.060856,0.297597,0.718454,0.000127
2022-09-16 22:00:00,1893.986581,0.278774,0.751306,0.000091
2022-09-16 23:00:00,1771.575737,0.272417,0.703164,0.000072
2022-09-17 00:00:00,1779.496093,0.263130,0.663598,0.000061
2022-09-17 01:00:00,1709.713985,0.242093,0.664831,0.000070
2022-09-17 02:00:00,1760.084316,0.217189,0.704773,0.000066
2022-09-17 03:00:00,1807.456451,0.200999,0.695112,0.000061
2022-09-17 04:00:00,1803.643723,0.186929,0.687272,0.000146
2022-09-17 05:00:00,1934.291298,0.180231,0.749009,0.023898
2022-09-17 06:00:00,2116.931301,0.158670,0.764529,0.114050
2022-09-17 07:00:00,2186.778739,0.145980,0.730892,0.275802
2022-09-17 08:00:00,2274.621972,0.153568,0.675751,0.499482
2022-09-17 09:00:00,2394.716729,0.175565,0.632085,0.636579
2022-09-17 10:00:00,2456.830360,0.239002,0.646871,0.630817
2022-09-17 11:00:00,2612.326458,0.293292,0.707508,0.531868
2022-09-17 12:00:00,2542.828426,0.318417,0.689053,0.465699
2022-09-17 13:00:00,2485.306321,0.333646,0.635377,0.389755
2022-09-17 14:00:00,2466.107700,0.377876,0.593674,0.330456
2022-09-17 15:00:00,2460.641117,0.386064,0.630058,0.221662
2022-09-17 16:00:00,2285.982626,0.345042,0.733324,0.080301
2022-09-17 17:00:00,2133.633385,0.339836,0.764750,0.006583
2022-09-17 18:00:00,2117.991056,0.354916,0.772458,0.000163
2022-09-17 19:00:00,2053.784960,0.373364,0.779204,0.000129
2022-09-17 20:00:00,1988.916002,0.398274,0.722934,0.000119
2022-09-17 21:00:00,1915.529199,0.413049,0.649250,0.000102
2022-09-17 22:00:00,1915.217991,0.408208,0.670696,0.000082
2022-09-17 23:00:00,1872.723661,0.427835,0.666323,0.000074
2022-09-18 00:00:00,1826.482873,0.447461,0.625219,0.000069
2022-09-18 01:00:00,1813.432981,0.451899,0.646141,0.000073
2022-09-18 02:00:00,1794.472720,0.467589,0.647434,0.000072
2022-09-18 03:00:00,1814.678337,0.480903,0.607659,0.000064
2022-09-18 04:00:00,1895.946799,0.421382,0.658098,0.000084
2022-09-18 05:00:00,1927.755465,0.367758,0.724296,0.023908
2022-09-18 06:00:00,2081.691288,0.321980,0.855433,0.123243
2022-09-18 07:00:00,2196.479514,0.312051,0.839514,0.258573
2022-09-18 08:00:00,2258.134489,0.323510,0.822479,0.345235
2022-09-18 09:00:00,2292.062103,0.261186,0.741796,0.371071
2022-09-18 10:00:00,2315.883167,0.200901,0.603749,0.425790
2022-09-18 11:00:00,2376.218386,0.204700,0.582959,0.505155
2022-09-18 12:00:00,2366.843517,0.236915,0.671379,0.522513
2022-09-18 13:00:00,2362.051397,0.267290,0.721174,0.553292
2022-09-18 14:00:00,2329.400328,0.269709,0.770460,0.427317
2022-09-18 15:00:00,2439.402419,0.244121,0.759686,0.263161
2022-09-18 16:00:00,2302.831753,0.175316,0.769413,0.089919
2022-09-18 17:00:00,2180.841937,0.190100,0.808573,0.007313
2022-09-18 18:00:00,2139.370289,0.236969,0.601605,0.000134
2022-09-18 19:00:00,2067.956425,0.245852,0.594065,0.000124
2022-09-18 20:00:00,2010.954442,0.225793,0.543743,0.000110
2022-09-18 21:00:00,1947.386244,0.200283,0.407760,0.000082
2022-09-18 22:00:00,1894.695636,0.191522,0.394327,0.000061
2022-09-18 23:00:00,1840.017584,0.186941,0.366018,0.000053
2022-09-19 00:00:00,1844.653834,0.193928,0.392253,0.000048
2022-09-19 01:00:00,1811.012769,0.184615,0.417256,0.000054
2022-09-19 02:00:00,1904.071382,0.194580,0.359342,0.000052
2022-09-19 03:00:00,1942.277488,0.187005,0.350242,0.000047
2022-09-19 04:00:00,2209.854732,0.174994,0.445131,0.000078
2022-09-19 05:00:00,2477.520307,0.151324,0.456103,0.025314
2022-09-19 06:00:00,2610.413787,0.105546,0.508753,0.178428
2022-09-19 07:00:00,2664.370202,0.081922,0.480720,0.416219
2022-09-19 08:00:00,2750.202259,0.110283,0.478984,0.580760
2022-09-19 09:00:00,2747.198895,0.110841,0.379276,0.657972
2022-09-19 10:00:00,2696.042786,0.108000,0.446629,0.700226
2022-09-19 11:00:00,2727.092734,0.119421,0.501298,0.654653
2022-09-19 12:00:00,2643.931832,0.146503,0.465121,0.611073
2022-09-19 13:00:00,2557.615873,0.169773,0.534134,0.560239
2022-09-19 14:00:00,2584.497144,0.194029,0.499771,0.467730
2022-09-19 15:00:00,2636.723255,0.205977,0.618137,0.301156
2022-09-19 16:00:00,2626.091241,0.161171,0.792045,0.098893
2022-09-19 17:00:00,2440.587349,0.120535,0.762250,0.005240
2022-09-19 18:00:00,2370.293750,0.120015,0.776189,0.000155
2022-09-19 19:00:00,2237.398344,0.131180,0.694574,0.000126
2022-09-19 20:00:00,2101.800823,0.130267,0.642178,0.000102
2022-09-19 21:00:00,1971.232258,0.105268,0.584654,0.000112
2022-09-19 22:00:00,1905.297974,0.091447,0.549866,0.000177
2022-09-19 23:00:00,1852.333109,0.083401,0.469370,0.000100
2022-09-20 00:00:00,1811.889076,0.082669,0.362316,0.000079
2022-09-20 01:00:00,1792.223324,0.081883,0.383810,0.000061
2022-09-20 02:00:00,1816.857789,0.081681,0.429518,0.000053
2022-09-20 03:00:00,1946.361651,0.075172,0.363976,0.000057
2022-09-20 04:00:00,2281.524655,0.090366,0.316173,0.000082
2022-09-20 05:00:00,2552.100550,0.093636,0.283617,0.025652
2022-09-20 06:00:00,2654.884177,0.084226,0.223608,0.179882
2022-09-20 07:00:00,2670.504905,0.056289,0.169429,0.413985
2022-09-20 08:00:00,2733.783440,0.060950,0.122210,0.633188
2022-09-20 09:00:00,2743.595424,0.060304,0.072946,0.766018
2022-09-20 10:00:00,2697.165337,0.051318,0.043317,0.800743
2022-09-20 11:00:00,2715.863133,0.039249,0.049393,0.746993
2022-09-20 12:00:00,2644.987362,0.031800,0.063278,0.733543
2022-09-20 13:00:00,2535.395797,0.032022,0.066513,0.654731
2022-09-20 14:00:00,2496.712068,0.033779,0.060346,0.514143
2022-09-20 15:00:00,2599.985020,0.035556,0.073322,0.295893
2022-09-20 16:00:00,2510.676314,0.028616,0.089044,0.093027
2022-09-20 17:00:00,2411.558843,0.033676,0.118759,0.004523
2022-09-20 18:00:00,2370.986915,0.036175,0.130593,0.000152
2022-09-20 19:00:00,2224.360924,0.026723,0.112550,0.000164
2022-09-20 20:00:00,2092.798791,0.017819,0.075388,0.000166
2022-09-20 21:00:00,1965.071363,0.011898,0.030351,0.000086
2022-09-20 22:00:00,1898.902156,0.010199,0.022728,0.000066
2022-09-20 23:00:00,1862.246298,0.007988,0.017987,0.000054
2022-09-21 00:00:00,1835.763604,0.008085,0.016794,0.000052
2022-09-21 01:00:00,1811.503742,0.012338,0.006356,0.000051
2022-09-21 02:00:00,1835.891291,0.022703,0.000990,0.000048
2022-09-21 03:00:00,1955.204398,0.028439,0.010604,0.000056
2022-09-21 04:00:00,2297.162604,0.031837,0.010093,0.000065
2022-09-21 05:00:00,2566.758660,0.028642,0.009915,0.025153
2022-09-21 06:00:00,2675.989874,0.018629,0.011831,0.174490
2022-09-21 07:00:00,2686.380220,0.007718,0.010829,0.397703
2022-09-21 08:00:00,2759.373598,0.005894,0.004699,0.561384
2022-09-21 09:00:00,2759.215735,0.012561,0.000336,0.647918
2022-09-21 10:00:00,2728.642763,0.028851,0.002310,0.664170
2022-09-21 11:00:00,2735.904925,0.057740,0.003564,0.711666
2022-09-21 12:00:00,2657.198673,0.062590,0.002528,0.668124
2022-09-21 13:00:00,2547.021478,0.055786,0.003675,0.570492
2022-09-21 14:00:00,2519.886736,0.054389,0.026286,0.459751
2022-09-21 15:00:00,2625.600932,0.040869,0.064658,0.273375
2022-09-21 16:00:00,2530.101854,0.028806,0.078751,0.089949
2022-09-21 17:00:00,2434.090826,0.020422,0.052160,0.003195
2022-09-21 18:00:00,2377.073106,0.018765,0.056193,0.000207
2022-09-21 19:00:00,2232.595029,0.016391,0.065707,0.000206
2022-09-21 20:00:00,2100.385081,0.019137,0.044543,0.000186
2022-09-21 21:00:00,1972.624393,0.023426,0.015979,0.000089
2022-09-21 22:00:00,1875.732997,0.031838,0.023252,0.000072
2022-09-21 23:00:00,1832.729293,0.045274,0.034140,0.000059
2022-09-22 00:00:00,1806.380920,0.058432,0.033789,0.000055
2022-09-22 01:00:00,1794.587173,0.067913,0.041484,0.000059
2022-09-22 02:00:00,1815.976639,0.076733,0.060366,0.000055
2022-09-22 03:00:00,2000.940237,0.081370,0.075288,0.000059
2022-09-22 04:00:00,2310.739008,0.086653,0.081265,0.000085
2022-09-22 05:00:00,2560.532784,0.093966,0.086912,0.013509
2022-09-22 06:00:00,2653.238799,0.091961,0.091458,0.093332
2022-09-22 07:00:00,2653.749452,0.077198,0.085793,0.225454
2022-09-22 08:00:00,2713.333499,0.075682,0.110820,0.315509
2022-09-22 09:00:00,2721.520497,0.090125,0.126586,0.417207
2022-09-22 10:00:00,2688.472040,0.105427,0.142363,0.431254
2022-09-22 11:00:00,2706.573540,0.106684,0.162181,0.442529
2022-09-22 12:00:00,2609.987249,0.103977,0.181473,0.398067
2022-09-22 13:00:00,2522.100213,0.091964,0.207462,0.343523
2022-09-22 14:00:00,2500.122680,0.081223,0.290381,0.273423
2022-09-22 15:00:00,2602.372962,0.081091,0.315757,0.159623
2022-09-22 16:00:00,2533.539731,0.081603,0.294271,0.060870
2022-09-22 17:00:00,2446.422709,0.093836,0.307841,0.002555
2022-09-22 18:00:00,2376.136362,0.111890,0.283890,0.000148
2022-09-22 19:00:00,2238.554404,0.139558,0.287860,0.000117
2022-09-22 20:00:00,2107.845617,0.151179,0.285293,0.000097
2022-09-22 21:00:00,1969.789549,0.156854,0.297258,0.000069
2022-09-22 22:00:00,1873.032839,0.158265,0.228536,0.000064
2022-09-22 23:00:00,1830.943267,0.172478,0.212901,0.000056
2022-09-23 00:00:00,1804.905934,0.190749,0.252393,0.000049
2022-09-23 01:00:00,1803.035600,0.204491,0.335592,0.000052
2022-09-23 02:00:00,1818.291707,0.200040,0.340323,0.000052
2022-09-23 03:00:00,1946.713488,0.198563,0.335384,0.000054
2022-09-23 04:00:00,2269.045135,0.193443,0.319169,0.000075
2022-09-23 05:00:00,2535.592009,0.185588,0.313151,0.009724
2022-09-23 06:00:00,2659.676590,0.166143,0.340662,0.082202
2022-09-23 07:00:00,2666.115416,0.121450,0.302052,0.215338
2022-09-23 08:00:00,2710.134456,0.088531,0.290804,0.315822
2022-09-23 09:00:00,2681.538454,0.089938,0.306087,0.332851
2022-09-23 10:00:00,2596.409447,0.098853,0.330409,0.299292
2022-09-23 11:00:00,2562.952746,0.110883,0.306747,0.258830
2022-09-23 12:00:00,2435.636036,0.112018,0.304318,0.208499
2022-09-23 13:00:00,2368.014684,0.108972,0.288517,0.184841
2022-09-23 14:00:00,2353.283967,0.106077,0.294400,0.108665
2022-09-23 15:00:00,2474.755599,0.103948,0.325032,0.063154
2022-09-23 16:00:00,2407.923345,0.107413,0.248583,0.016442
2022-09-23 17:00:00,2286.546640,0.110096,0.158035,0.000446
2022-09-23 18:00:00,2174.309587,0.107072,0.167903,0.000159
2022-09-23 19:00:00,2054.360783,0.094167,0.234312,0.000126
2022-09-23 20:00:00,1953.751768,0.090826,0.266598,0.000106
2022-09-23 21:00:00,1846.982672,0.078948,0.242207,0.000078
2022-09-23 22:00:00,1757.483879,0.057749,0.212134,0.000058
2022-09-23 23:00:00,1694.210995,0.053698,0.208252,0.000044
2022-09-24 00:00:00,1663.391426,0.048015,0.174228,0.000048
2022-09-24 01:00:00,1636.799468,0.044822,0.162497,0.000045
2022-09-24 02:00:00,1637.100003,0.040844,0.131931,0.000045
2022-09-24 03:00:00,1667.437294,0.036976,0.123422,0.000044
2022-09-24 04:00:00,1765.176178,0.037410,0.125680,0.000055
2022-09-24 05:00:00,1885.538296,0.042195,0.175748,0.010817
2022-09-24 06:00:00,2042.369213,0.039048,0.205361,0.108312
2022-09-24 07:00:00,2125.536709,0.024559,0.193284,0.291095
2022-09-24 08:00:00,2165.614289,0.023964,0.183467,0.454511
2022-09-24 09:00:00,2172.994975,0.024573,0.155937,0.576488
2022-09-24 10:00:00,2153.991205,0.019906,0.120774,0.603820
2022-09-24 11:00:00,2146.707952,0.018745,0.134343,0.615437
2022-09-24 12:00:00,2110.947124,0.020818,0.206208,0.568831
2022-09-24 13:00:00,2060.630275,0.025053,0.254045,0.486022
2022-09-24 14:00:00,2080.766627,0.025501,0.229732,0.342888
2022-09-24 15:00:00,2207.918294,0.023888,0.197153,0.186046
2022-09-24 16:00:00,2179.509689,0.027850,0.176203,0.062340
2022-09-24 17:00:00,2086.528619,0.036416,0.176817,0.002405
2022-09-24 18:00:00,2014.558100,0.047222,0.178738,0.000110
2022-09-24 19:00:00,1899.685875,0.055942,0.188591,0.000099
2022-09-24 20:00:00,1806.296887,0.051716,0.246402,0.000087
2022-09-24 21:00:00,1725.964818,0.044984,0.268461,0.000064
2022-09-24 22:00:00,1662.869799,0.035634,0.279465,0.000055
2022-09-24 23:00:00,1627.091415,0.028984,0.268845,0.000047
2022-09-25 00:00:00,1608.488507,0.023506,0.240269,0.000052
2022-09-25 01:00:00,1594.872563,0.021024,0.209373,0.000051
2022-09-25 02:00:00,1622.142308,0.012626,0.190567,0.000051
2022-09-25 03:00:00,1633.565536,0.012909,0.141733,0.000056
2022-09-25 04:00:00,1676.068134,0.012486,0.095319,0.000058
2022-09-25 05:00:00,1795.028441,0.009337,0.198209,0.010013
2022-09-25 06:00:00,1951.475875,0.006335,0.253913,0.105105
2022-09-25 07:00:00,2043.202068,0.004079,0.305161,0.269590
2022-09-25 08:00:00,2115.782089,0.002457,0.272252,0.464540
2022-09-25 09:00:00,2119.132680,0.005610,0.293212,0.494258
2022-09-25 10:00:00,2114.110451,0.016472,0.246550,0.532229
2022-09-25 11:00:00,2091.859052,0.041085,0.177171,0.486736
2022-09-25 12:00:00,2081.029495,0.059494,0.109407,0.473622
2022-09-25 13:00:00,2068.957609,0.073063,0.090518,0.444402
2022-09-25 14:00:00,2097.979384,0.096165,0.121799,0.308188
2022-09-25 15:00:00,2249.514079,0.109875,0.187175,0.146339
2022-09-25 16:00:00,2228.863662,0.108797,0.234938,0.023434
2022-09-25 17:00:00,2150.811453,0.083864,0.274200,0.000281
2022-09-25 18:00:00,2077.775063,0.087092,0.261924,0.000129
2022-09-25 19:00:00,1977.085111,0.114858,0.417943,0.000117
2022-09-25 20:00:00,1885.477848,0.134032,0.562072,0.000099
2022-09-25 21:00:00,1823.070558,0.161850,0.704622,0.000075
2022-09-25 22:00:00,1940.740197,0.194986,0.562699,0.000049
2022-09-25 23:00:00,2165.607277,0.192519,0.674941,0.000049
2022-09-26 00:00:00,2199.336285,0.174232,0.690886,0.000047
2022-09-26 01:00:00,2145.830260,0.187141,0.748062,0.000048
2022-09-26 02:00:00,2242.519843,0.202449,0.765517,0.000045
2022-09-26 03:00:00,2334.869855,0.307605,0.758077,0.000043
2022-09-26 04:00:00,2512.878988,0.372188,0.755355,0.000078
2022-09-26 05:00:00,2880.094227,0.419676,0.878211,0.001864
2022-09-26 06:00:00,3102.507763,0.400094,0.884590,0.022857
2022-09-26 07:00:00,2831.904241,0.511568,0.946849,0.051383
2022-09-26 08:00:00,2832.661642,0.540327,0.973197,0.078048
2022-09-26 09:00:00,2868.036720,0.592860,0.983803,0.107122
2022-09-26 10:00:00,3028.463474,0.616803,0.982100,0.115352
2022-09-26 11:00:00,3203.127731,0.588297,0.978127,0.121877
2022-09-26 12:00:00,3041.947862,0.653185,0.891872,0.081813
2022-09-26 13:00:00,2847.991115,0.695346,0.667040,0.064325
2022-09-26 14:00:00,2676.211003,0.678141,0.582301,0.047479
2022-09-26 15:00:00,2772.226208,0.603581,0.589222,0.026433
2022-09-26 16:00:00,2668.817949,0.513252,0.491739,0.009429
2022-09-26 17:00:00,2551.023335,0.389416,0.477997,0.000112
2022-09-26 18:00:00,2428.186685,0.295497,0.430989,0.000115
2022-09-26 19:00:00,2387.663690,0.230165,0.444201,0.000118
2022-09-26 20:00:00,2293.979237,0.177807,0.491517,0.000095
2022-09-26 21:00:00,2144.369867,0.130363,0.509902,0.000121
2022-09-26 22:00:00,2026.612761,0.086664,0.483642,0.000094
2022-09-26 23:00:00,1987.591306,0.060016,0.423014,0.000032
2022-09-27 00:00:00,1968.564084,0.036142,0.405186,0.000033
2022-09-27 01:00:00,1965.479175,0.020913,0.412856,0.000031
2022-09-27 02:00:00,1985.085561,0.018356,0.441531,0.000028
2022-09-27 03:00:00,2094.971529,0.017044,0.439726,0.000042
2022-09-27 04:00:00,2318.408105,0.025833,0.568661,0.000067
2022-09-27 05:00:00,2612.406536,0.039121,0.544270,0.003890
2022-09-27 06:00:00,2733.037108,0.044553,0.581783,0.033575
2022-09-27 07:00:00,2738.454684,0.043009,0.509832,0.067375
2022-09-27 08:00:00,2817.203620,0.043093,0.435148,0.123163
2022-09-27 09:00:00,2808.512775,0.047663,0.296157,0.164268
2022-09-27 10:00:00,2751.887212,0.057126,0.247445,0.168527
2022-09-27 11:00:00,2766.693855,0.060853,0.208335,0.173244
2022-09-27 12:00:00,2741.254999,0.059542,0.208136,0.156402
2022-09-27 13:00:00,2643.189884,0.058219,0.209736,0.124202
2022-09-27 14:00:00,2618.491100,0.064153,0.214726,0.084540
2022-09-27 15:00:00,2716.499765,0.065590,0.240506,0.046319
2022-09-27 16:00:00,2621.730966,0.065574,0.309498,0.013940
2022-09-27 17:00:00,2532.076571,0.066705,0.352381,0.000314
2022-09-27 18:00:00,2412.173722,0.063943,0.303169,0.000060
2022-09-27 19:00:00,2274.317712,0.049160,0.214553,0.000065
2022-09-27 20:00:00,2145.127901,0.043225,0.246237,0.000045
2022-09-27 21:00:00,2019.660686,0.049047,0.229184,0.000031
2022-09-27 22:00:00,1940.358943,0.045059,0.216334,0.000032
2022-09-27 23:00:00,1898.133762,0.049397,0.233184,0.000033
2022-09-28 00:00:00,1879.110474,0.055754,0.283547,0.000030
2022-09-28 01:00:00,1862.253994,0.062602,0.314317,0.000028
2022-09-28 02:00:00,1870.103056,0.062008,0.265090,0.000032
2022-09-28 03:00:00,1987.480646,0.061735,0.231920,0.000036
2022-09-28 04:00:00,2313.668908,0.071977,0.179307,0.000092
2022-09-28 05:00:00,2597.951574,0.086640,0.229262,0.005127
2022-09-28 06:00:00,2701.639341,0.088227,0.172960,0.054234
2022-09-28 07:00:00,2717.838254,0.079598,0.094210,0.138393
2022-09-28 08:00:00,2787.940269,0.088313,0.086976,0.218036
2022-09-28 09:00:00,2810.104483,0.119401,0.064789,0.322991
2022-09-28 10:00:00,2767.503928,0.117856,0.069930,0.335510
2022-09-28 11:00:00,2770.128508,0.106868,0.065445,0.297532
2022-09-28 12:00:00,2721.807751,0.100517,0.044283,0.296733
2022-09-28 13:00:00,2601.158984,0.104283,0.027035,0.243058
2022-09-28 14:00:00,2546.145596,0.074360,0.014164,0.167779
2022-09-28 15:00:00,2642.551553,0.067683,0.013222,0.080390
2022-09-28 16:00:00,2572.777912,0.066706,0.022970,0.018915
2022-09-28 17:00:00,2503.079363,0.077412,0.019862,0.000213
2022-09-28 18:00:00,2388.921397,0.108193,0.102452,0.000156
2022-09-28 19:00:00,2268.584879,0.168265,0.183028,0.000087
2022-09-28 20:00:00,2135.335979,0.223741,0.290498,0.000071
2022-09-28 21:00:00,2020.930274,0.281777,0.311839,0.000060
2022-09-28 22:00:00,1947.134247,0.318807,0.353257,0.000051
2022-09-28 23:00:00,1908.121977,0.333043,0.366014,0.000053
2022-09-29 00:00:00,1895.447085,0.333760,0.347856,0.000047
2022-09-29 01:00:00,1881.576718,0.339072,0.345926,0.000039
2022-09-29 02:00:00,1908.227967,0.368701,0.387618,0.000034
2022-09-29 03:00:00,2032.694585,0.395945,0.513669,0.000043
2022-09-29 04:00:00,2377.398641,0.406607,0.747030,0.000078
2022-09-29 05:00:00,2671.127653,0.411387,0.842062,0.005667
2022-09-29 06:00:00,2796.921530,0.418403,0.841304,0.063441
2022-09-29 07:00:00,2820.783720,0.444728,0.864809,0.189407
2022-09-29 08:00:00,2884.282329,0.510283,0.787930,0.312061
2022-09-29 09:00:00,2894.364813,0.526891,0.672785,0.369432
2022-09-29 10:00:00,2828.956415,0.524315,0.628692,0.365520
2022-09-29 11:00:00,2818.795783,0.504369,0.560733,0.374614
2022-09-29 12:00:00,2743.066461,0.485751,0.541103,0.349165
2022-09-29 13:00:00,2697.486354,0.460485,0.540162,0.301156
2022-09-29 14:00:00,2657.390271,0.443057,0.537494,0.230341
2022-09-29 15:00:00,2827.246546,0.396911,0.603952,0.130604
2022-09-29 16:00:00,2632.379570,0.349387,0.660992,0.025756
2022-09-29 17:00:00,2564.025703,0.340930,0.742165,0.000197
2022-09-29 18:00:00,2452.593074,0.329712,0.792760,0.000133
2022-09-29 19:00:00,2320.411417,0.299402,0.727805,0.000124
2022-09-29 20:00:00,2184.697699,0.261718,0.725582,0.000078
2022-09-29 21:00:00,2046.545217,0.219461,0.662336,0.000060
2022-09-29 22:00:00,1948.699644,0.184301,0.474587,0.000082
2022-09-29 23:00:00,1892.083178,0.165797,0.316148,0.000068
2022-09-30 00:00:00,1853.690845,0.134214,0.211739,0.000050
2022-09-30 01:00:00,1833.442346,0.106581,0.158007,0.000044
2022-09-30 02:00:00,1856.621072,0.086029,0.142247,0.000035
2022-09-30 03:00:00,1971.205429,0.069800,0.128107,0.000030
2022-09-30 04:00:00,2280.885558,0.067680,0.095620,0.000062
2022-09-30 05:00:00,2564.308235,0.085215,0.098512,0.004569
2022-09-30 06:00:00,2677.183141,0.073747,0.108519,0.062899
2022-09-30 07:00:00,2692.488176,0.056248,0.174601,0.147842
2022-09-30 08:00:00,2752.708516,0.046659,0.200494,0.196180
2022-09-30 09:00:00,2758.163816,0.053009,0.168053,0.310358
2022-09-30 10:00:00,2692.920699,0.067987,0.134727,0.373571
2022-09-30 11:00:00,2647.511908,0.088243,0.145392,0.460659
2022-09-30 12:00:00,2587.878113,0.138659,0.248475,0.471796
2022-09-30 13:00:00,2427.640674,0.168113,0.387230,0.388807
2022-09-30 14:00:00,2576.421249,0.192347,0.482768,0.329990
2022-09-30 15:00:00,2513.296272,0.206703,0.693119,0.160921
2022-09-30 16:00:00,2430.292961,0.207356,0.886757,0.027044
2022-09-30 17:00:00,2367.558873,0.236214,0.909118,0.000137
2022-09-30 18:00:00,2323.022211,0.312131,0.900162,0.000104
2022-09-30 19:00:00,2504.241850,0.391343,0.947880,0.000100
2022-09-30 20:00:00,2207.734472,0.481088,0.914626,0.000072
2022-09-30 21:00:00,2332.920225,0.507887,0.912031,0.000068
2022-09-30 22:00:00,2078.580406,0.615949,0.891449,0.000054
2022-09-30 23:00:00,2038.601972,0.653577,0.908365,0.000049
2022-10-01 00:00:00,2052.049264,0.665002,0.957489,0.000055
2022-10-01 01:00:00,2105.290599,0.666557,0.938264,0.000048
2022-10-01 02:00:00,2133.660761,0.640748,0.945185,0.000042
2022-10-01 03:00:00,2125.229006,0.619879,0.947196,0.000045
2022-10-01 04:00:00,2195.527410,0.614011,0.943980,0.000054
2022-10-01 05:00:00,2337.510682,0.614526,0.894380,0.000644
2022-10-01 06:00:00,2422.017157,0.642115,0.837190,0.015585
2022-10-01 07:00:00,2385.188620,0.611560,0.531469,0.036467
2022-10-01 08:00:00,2394.575255,0.492428,0.357810,0.058399
2022-10-01 09:00:00,2385.924875,0.360082,0.334519,0.082403
2022-10-01 10:00:00,2357.632367,0.242794,0.359471,0.128418
2022-10-01 11:00:00,2366.780782,0.161354,0.516686,0.182955
2022-10-01 12:00:00,2404.673954,0.121477,0.605539,0.258670
2022-10-01 13:00:00,2365.903526,0.153083,0.558145,0.280978
2022-10-01 14:00:00,2388.077732,0.179573,0.557379,0.207389
2022-10-01 15:00:00,2491.009095,0.215342,0.614583,0.133915
2022-10-01 16:00:00,2357.469919,0.237521,0.626541,0.023893
2022-10-01 17:00:00,2227.851532,0.270788,0.651666,0.000126
2022-10-01 18:00:00,2216.282780,0.278448,0.745171,0.000060
2022-10-01 19:00:00,2145.590435,0.297147,0.827644,0.000068
2022-10-01 20:00:00,1971.027308,0.316773,0.807565,0.000057
2022-10-01 21:00:00,1916.935181,0.311997,0.843000,0.000049
2022-10-01 22:00:00,1951.048841,0.312188,0.858356,0.000039
2022-10-01 23:00:00,1967.272410,0.296120,0.754383,0.000029
2022-10-02 00:00:00,1935.554909,0.290152,0.800831,0.000037
2022-10-02 01:00:00,1901.967536,0.291843,0.762150,0.000038
2022-10-02 02:00:00,1912.104050,0.295736,0.598711,0.000028
2022-10-02 03:00:00,1934.875976,0.292433,0.711572,0.000029
2022-10-02 04:00:00,2005.974436,0.292973,0.811536,0.000054
2022-10-02 05:00:00,2086.257234,0.300758,0.783613,0.006124
2022-10-02 06:00:00,2102.597617,0.288695,0.789450,0.094092
2022-10-02 07:00:00,2207.206742,0.293851,0.787140,0.298930
2022-10-02 08:00:00,2382.213880,0.378891,0.819869,0.486865
2022-10-02 09:00:00,2412.112438,0.451397,0.859341,0.547587
2022-10-02 10:00:00,2463.739128,0.536271,0.845158,0.585831
2022-10-02 11:00:00,2455.303611,0.629603,0.838603,0.583813
2022-10-02 12:00:00,2432.689973,0.671733,0.904023,0.556169
2022-10-02 13:00:00,2458.140056,0.686816,0.871405,0.508892
2022-10-02 14:00:00,2351.869574,0.636215,0.910973,0.354227
2022-10-02 15:00:00,2395.104858,0.572837,0.926964,0.168873
2022-10-02 16:00:00,2314.136573,0.479230,0.933760,0.026457
2022-10-02 17:00:00,2247.156073,0.438974,0.950394,0.000157
2022-10-02 18:00:00,2146.667991,0.442986,0.962915,0.000136
2022-10-02 19:00:00,2091.541882,0.463370,0.945301,0.000122
2022-10-02 20:00:00,2028.677150,0.488301,0.930172,0.000091
2022-10-02 21:00:00,1934.044203,0.511241,0.920953,0.000078
2022-10-02 22:00:00,1996.426862,0.509944,0.932880,0.000063
2022-10-02 23:00:00,1948.900407,0.497300,0.919586,0.000062
2022-10-03 00:00:00,1993.170247,0.486394,0.936794,0.000057
2022-10-03 01:00:00,1950.729770,0.454113,0.936105,0.000055
2022-10-03 02:00:00,1922.500756,0.431934,0.926748,0.000051
2022-10-03 03:00:00,1965.291479,0.412847,0.928849,0.000050
2022-10-03 04:00:00,2287.376139,0.390348,0.902052,0.000064
2022-10-03 05:00:00,2581.725146,0.378069,0.807582,0.004662
2022-10-03 06:00:00,2679.739459,0.367233,0.699121,0.090263
2022-10-03 07:00:00,2697.665689,0.382305,0.653884,0.287623
2022-10-03 08:00:00,2793.595526,0.431112,0.613227,0.488532
2022-10-03 09:00:00,2838.928582,0.499758,0.555793,0.592510
2022-10-03 10:00:00,2866.628031,0.500745,0.543076,0.624541
2022-10-03 11:00:00,2885.531019,0.484311,0.450977,0.517563
2022-10-03 12:00:00,2878.810628,0.467618,0.378800,0.456198
2022-10-03 13:00:00,2666.483732,0.444253,0.376170,0.370903
2022-10-03 14:00:00,2588.644534,0.412083,0.439811,0.301639
2022-10-03 15:00:00,2644.054483,0.323460,0.459398,0.131467
2022-10-03 16:00:00,2568.150788,0.243020,0.400406,0.012703
2022-10-03 17:00:00,2497.142619,0.198537,0.263776,0.000142
2022-10-03 18:00:00,2363.936385,0.176768,0.241412,0.000138
2022-10-03 19:00:00,2234.597240,0.145612,0.225824,0.000165
2022-10-03 20:00:00,2092.204033,0.112919,0.223234,0.000156
2022-10-03 21:00:00,1972.909496,0.093752,0.221537,0.000136
2022-10-03 22:00:00,1889.985942,0.080664,0.238228,0.000137
2022-10-03 23:00:00,1849.597804,0.069868,0.209159,0.000107
2022-10-04 00:00:00,1827.310559,0.082079,0.190047,0.000105
2022-10-04 01:00:00,1812.748917,0.095404,0.147110,0.000111
2022-10-04 02:00:00,1839.921701,0.089189,0.167163,0.000080
2022-10-04 03:00:00,1959.777046,0.081863,0.216704,0.000066
2022-10-04 04:00:00,2289.764484,0.093906,0.228512,0.000055
2022-10-04 05:00:00,2585.894731,0.123526,0.166735,0.001715
2022-10-04 06:00:00,2661.914914,0.140909,0.189911,0.032791
2022-10-04 07:00:00,2677.083339,0.150358,0.249377,0.120318
2022-10-04 08:00:00,2741.937528,0.174690,0.303695,0.274064
2022-10-04 09:00:00,2748.650730,0.273006,0.504358,0.408488
2022-10-04 10:00:00,2755.865119,0.411805,0.647348,0.453169
2022-10-04 11:00:00,2819.854222,0.496034,0.701096,0.433654
2022-10-04 12:00:00,2742.957331,0.500975,0.725538,0.394569
2022-10-04 13:00:00,2601.979106,0.495416,0.791596,0.246966
2022-10-04 14:00:00,2575.174017,0.504544,0.834404,0.161654
2022-10-04 15:00:00,2731.410238,0.471103,0.925311,0.063155
2022-10-04 16:00:00,2742.172314,0.457312,0.929225,0.006627
2022-10-04 17:00:00,2614.179171,0.502508,0.957589,0.000147
2022-10-04 18:00:00,2562.594518,0.561914,0.948431,0.000147
2022-10-04 19:00:00,2736.253292,0.472744,0.840768,0.000151
2022-10-04 20:00:00,2641.586616,0.436223,0.577040,0.000114
2022-10-04 21:00:00,2494.121847,0.437195,0.554569,0.000102
2022-10-04 22:00:00,2420.937673,0.378714,0.825873,0.000081
2022-10-04 23:00:00,2336.628008,0.444021,0.675764,0.000099
2022-10-05 00:00:00,2292.906153,0.490872,0.711781,0.000092
2022-10-05 01:00:00,2252.831258,0.399348,0.798896,0.000064
2022-10-05 02:00:00,2287.275346,0.417120,0.798926,0.000084
2022-10-05 03:00:00,2388.285552,0.387117,0.796694,0.000111
2022-10-05 04:00:00,2700.272726,0.486217,0.848716,0.000089
2022-10-05 05:00:00,2937.275915,0.553919,0.903618,0.000446
2022-10-05 06:00:00,2985.269611,0.612954,0.912038,0.009449
2022-10-05 07:00:00,2976.363153,0.686509,0.936998,0.032834
2022-10-05 08:00:00,2992.011008,0.763387,0.959783,0.071916
2022-10-05 09:00:00,3024.670675,0.803601,0.949867,0.114469
2022-10-05 10:00:00,3050.795487,0.812325,0.935093,0.130636
2022-10-05 11:00:00,3219.447148,0.820786,0.926326,0.117257
2022-10-05 12:00:00,3201.329424,0.837656,0.936204,0.093833
2022-10-05 13:00:00,3032.869853,0.855199,0.884949,0.063992
2022-10-05 14:00:00,2902.077196,0.888989,0.865650,0.039411
2022-10-05 15:00:00,2989.303533,0.911862,0.842774,0.016867
2022-10-05 16:00:00,2901.943983,0.920878,0.827058,0.001515
2022-10-05 17:00:00,2819.390151,0.930305,0.790692,0.000159
2022-10-05 18:00:00,2710.206541,0.937830,0.819245,0.000170
2022-10-05 19:00:00,2697.157355,0.848017,0.726070,0.000114
2022-10-05 20:00:00,2471.955486,0.683607,0.873041,0.000125
2022-10-05 21:00:00,2472.877691,0.612917,0.905095,0.000134
2022-10-05 22:00:00,2262.684494,0.643462,0.946266,0.000105
2022-10-05 23:00:00,2393.949755,0.493301,0.791884,0.000113
2022-10-06 00:00:00,2173.649438,0.521343,0.525281,0.000115
2022-10-06 01:00:00,2105.420783,0.597864,0.459682,0.000107
2022-10-06 02:00:00,2137.122410,0.685704,0.433336,0.000112
2022-10-06 03:00:00,2287.707942,0.761035,0.764906,0.000133
2022-10-06 04:00:00,2587.067622,0.765022,0.957914,0.000134
2022-10-06 05:00:00,2771.997382,0.735266,0.910958,0.003394
2022-10-06 06:00:00,2860.989725,0.754636,0.888094,0.073676
2022-10-06 07:00:00,2866.718984,0.815266,0.927425,0.212509
2022-10-06 08:00:00,3004.578865,0.877593,0.870369,0.387594
2022-10-06 09:00:00,3244.969890,0.913623,0.841353,0.501185
2022-10-06 10:00:00,3234.178041,0.930689,0.779873,0.572209
2022-10-06 11:00:00,3329.113973,0.937612,0.759031,0.558387
2022-10-06 12:00:00,3299.467841,0.898953,0.811750,0.389217
2022-10-06 13:00:00,3075.634667,0.927600,0.804531,0.301068
2022-10-06 14:00:00,2926.273881,0.879646,0.794180,0.205992
2022-10-06 15:00:00,3095.649670,0.764095,0.811813,0.086783
2022-10-06 16:00:00,3065.110013,0.719899,0.840359,0.012006
2022-10-06 17:00:00,2751.369933,0.831618,0.845153,0.000218
2022-10-06 18:00:00,2761.229102,0.727083,0.889443,0.000177
2022-10-06 19:00:00,2595.467468,0.687242,0.857286,0.000138
2022-10-06 20:00:00,2462.901636,0.728656,0.858574,0.000099
2022-10-06 21:00:00,2249.032659,0.675755,0.862767,0.000075
2022-10-06 22:00:00,2196.147184,0.646119,0.841572,0.000069
2022-10-06 23:00:00,2258.400964,0.545429,0.834707,0.000064
2022-10-07 00:00:00,2340.805125,0.532240,0.858160,0.000067
2022-10-07 01:00:00,2318.023440,0.526238,0.758916,0.000058
2022-10-07 02:00:00,2334.790664,0.552687,0.745174,0.000066
2022-10-07 03:00:00,2408.747590,0.616603,0.767253,0.000078
2022-10-07 04:00:00,2644.927600,0.704416,0.872982,0.000089
2022-10-07 05:00:00,2892.858618,0.764126,0.866343,0.001399
2022-10-07 06:00:00,2865.965035,0.774264,0.883737,0.033800
2022-10-07 07:00:00,2994.142741,0.742392,0.923604,0.107098
2022-10-07 08:00:00,3070.195309,0.771857,0.943917,0.174506
2022-10-07 09:00:00,2992.440958,0.814150,0.944781,0.225568
2022-10-07 10:00:00,2905.306610,0.853925,0.881339,0.266521
2022-10-07 11:00:00,2906.159644,0.873447,0.837668,0.333333
2022-10-07 12:00:00,2790.118572,0.873211,0.839786,0.342412
2022-10-07 13:00:00,2675.474163,0.909551,0.765680,0.292317
2022-10-07 14:00:00,2656.626551,0.886378,0.743928,0.172184
2022-10-07 15:00:00,2773.025197,0.859066,0.765490,0.064815
2022-10-07 16:00:00,2703.413661,0.827214,0.835483,0.006286
2022-10-07 17:00:00,2602.537871,0.811835,0.808517,0.000133
2022-10-07 18:00:00,2408.121047,0.779466,0.846716,0.000128
2022-10-07 19:00:00,2319.591347,0.689653,0.748849,0.000119
2022-10-07 20:00:00,2176.596567,0.581465,0.701940,0.000106
2022-10-07 21:00:00,2050.897474,0.473709,0.737045,0.000095
2022-10-07 22:00:00,2004.232195,0.366562,0.797457,0.000067
2022-10-07 23:00:00,1928.943575,0.311684,0.642960,0.000044
2022-10-08 00:00:00,1872.104469,0.257421,0.705933,0.000044
2022-10-08 01:00:00,1830.608454,0.229507,0.667246,0.000039
2022-10-08 02:00:00,1815.724871,0.227435,0.605206,0.000036
2022-10-08 03:00:00,1808.829374,0.231304,0.568998,0.000042
2022-10-08 04:00:00,2040.722065,0.235184,0.554434,0.000047
2022-10-08 05:00:00,2033.637327,0.276141,0.503181,0.001682
2022-10-08 06:00:00,2200.483654,0.259072,0.490659,0.061589
2022-10-08 07:00:00,2302.811315,0.177531,0.562745,0.195681
2022-10-08 08:00:00,2406.083421,0.182559,0.696426,0.376110
2022-10-08 09:00:00,2410.460029,0.223999,0.681712,0.478620
2022-10-08 10:00:00,2455.415340,0.313450,0.644248,0.592749
2022-10-08 11:00:00,2504.256976,0.401105,0.779153,0.561524
2022-10-08 12:00:00,2524.717876,0.458999,0.807815,0.535087
2022-10-08 13:00:00,2499.328675,0.529364,0.761332,0.449440
2022-10-08 14:00:00,2496.861142,0.547425,0.798200,0.287602
2022-10-08 15:00:00,2553.510024,0.482586,0.894529,0.110474
2022-10-08 16:00:00,2414.062770,0.458563,0.886452,0.011917
2022-10-08 17:00:00,2425.608768,0.420684,0.887160,0.000141
2022-10-08 18:00:00,2267.337440,0.378018,0.890622,0.000111
2022-10-08 19:00:00,2187.157861,0.347657,0.843451,0.000100
2022-10-08 20:00:00,2095.824652,0.308930,0.780713,0.000089
2022-10-08 21:00:00,1988.936918,0.288589,0.666552,0.000079
2022-10-08 22:00:00,1762.703988,0.254528,0.607838,0.000061
2022-10-08 23:00:00,1700.738583,0.227117,0.548576,0.000056
2022-10-09 00:00:00,1669.915422,0.208138,0.535880,0.000047
2022-10-09 01:00:00,1653.649140,0.179345,0.505738,0.000045
2022-10-09 02:00:00,1649.129327,0.143469,0.356581,0.000045
2022-10-09 03:00:00,1681.018530,0.119718,0.277102,0.000049
2022-10-09 04:00:00,1744.252238,0.104831,0.215018,0.000056
2022-10-09 05:00:00,1834.858888,0.096842,0.159277,0.001527
2022-10-09 06:00:00,1971.488213,0.112800,0.201381,0.065510
2022-10-09 07:00:00,2057.295893,0.117081,0.248325,0.267828
2022-10-09 08:00:00,2163.778964,0.110589,0.230852,0.445991
2022-10-09 09:00:00,2203.997353,0.164781,0.293361,0.581788
2022-10-09 10:00:00,2292.522982,0.246925,0.360596,0.611987
2022-10-09 11:00:00,2563.131569,0.288542,0.432151,0.534657
2022-10-09 12:00:00,2535.681976,0.294954,0.494677,0.457131
2022-10-09 13:00:00,2210.479700,0.319011,0.567656,0.312258
2022-10-09 14:00:00,2158.302878,0.269909,0.611906,0.230812
2022-10-09 15:00:00,2310.926027,0.223454,0.588557,0.102362
2022-10-09 16:00:00,2313.137214,0.199333,0.563158,0.008831
2022-10-09 17:00:00,2263.750866,0.248812,0.695613,0.000166
2022-10-09 18:00:00,2161.956109,0.309197,0.783461,0.000130
2022-10-09 19:00:00,2457.489681,0.334810,0.884412,0.000102
2022-10-09 20:00:00,2412.257644,0.344469,0.842139,0.000077
2022-10-09 21:00:00,2358.092783,0.342341,0.829910,0.000073
2022-10-09 22:00:00,2303.587905,0.346141,0.681235,0.000057
2022-10-09 23:00:00,2282.983611,0.333694,0.514338,0.000062
2022-10-10 00:00:00,2208.798528,0.294871,0.393017,0.000061
2022-10-10 01:00:00,2177.631462,0.302763,0.466042,0.000056
2022-10-10 02:00:00,2207.191691,0.320983,0.458289,0.000048
2022-10-10 03:00:00,2350.649557,0.376599,0.463988,0.000045
2022-10-10 04:00:00,2594.373666,0.406797,0.710515,0.000056
2022-10-10 05:00:00,2694.836347,0.390817,0.885626,0.002403
2022-10-10 06:00:00,2736.963297,0.361216,0.887998,0.068605
2022-10-10 07:00:00,2746.041384,0.331191,0.887827,0.260759
2022-10-10 08:00:00,2806.966982,0.328020,0.805449,0.415128
2022-10-10 09:00:00,2839.777015,0.343015,0.797571,0.553067
2022-10-10 10:00:00,2815.636806,0.362333,0.788663,0.538505
2022-10-10 11:00:00,2798.770884,0.368783,0.781425,0.424255
2022-10-10 12:00:00,2731.018298,0.342313,0.647419,0.259191
2022-10-10 13:00:00,2638.396004,0.280666,0.721835,0.118389
2022-10-10 14:00:00,2654.344881,0.247410,0.799251,0.035568
2022-10-10 15:00:00,2817.170634,0.199614,0.871621,0.020275
2022-10-10 16:00:00,2755.620306,0.250184,0.930282,0.008430
2022-10-10 17:00:00,2883.942770,0.317925,0.836219,0.000175
2022-10-10 18:00:00,2554.897560,0.371178,0.817619,0.000163
2022-10-10 19:00:00,2448.767557,0.424980,0.882331,0.000171
2022-10-10 20:00:00,2527.052310,0.428757,0.953929,0.000087
2022-10-10 21:00:00,2264.896333,0.472932,0.889361,0.000107
2022-10-10 22:00:00,2395.268224,0.415499,0.745364,0.000102
2022-10-10 23:00:00,2292.559845,0.512855,0.890183,0.000127
2022-10-11 00:00:00,2199.095634,0.538957,0.888610,0.000092
2022-10-11 01:00:00,1994.159248,0.535117,0.918095,0.000098
2022-10-11 02:00:00,2007.534809,0.512213,0.948186,0.000068
2022-10-11 03:00:00,2102.592621,0.479688,0.932238,0.000046
2022-10-11 04:00:00,2444.206887,0.476533,0.933923,0.000052
2022-10-11 05:00:00,2728.823592,0.446678,0.883967,0.001382
2022-10-11 06:00:00,2799.782218,0.388440,0.897723,0.060135
2022-10-11 07:00:00,2790.499484,0.383526,0.880674,0.193220
2022-10-11 08:00:00,2836.515182,0.430295,0.801833,0.401115
2022-10-11 09:00:00,2981.767836,0.527646,0.703802,0.605366
2022-10-11 10:00:00,2865.682597,0.562287,0.678582,0.565837
2022-10-11 11:00:00,2893.927543,0.563332,0.656122,0.507694
2022-10-11 12:00:00,3078.341818,0.508987,0.606857,0.427621
2022-10-11 13:00:00,2630.901293,0.475090,0.574469,0.292161
2022-10-11 14:00:00,2595.139802,0.387869,0.559816,0.191293
2022-10-11 15:00:00,2676.929306,0.286722,0.503638,0.071402
2022-10-11 16:00:00,2632.987991,0.210565,0.464301,0.006449
2022-10-11 17:00:00,2556.330516,0.194846,0.354925,0.000165
2022-10-11 18:00:00,2406.999143,0.177543,0.347902,0.000142
2022-10-11 19:00:00,2279.571151,0.149798,0.315715,0.000121
2022-10-11 20:00:00,2149.165148,0.121560,0.354779,0.000101
2022-10-11 21:00:00,2014.101206,0.105299,0.308175,0.000094
2022-10-11 22:00:00,1947.428315,0.107420,0.284817,0.000096
2022-10-11 23:00:00,1909.458539,0.123670,0.284862,0.000080
2022-10-12 00:00:00,1897.911227,0.132399,0.255986,0.000058
2022-10-12 01:00:00,1889.229123,0.131766,0.280279,0.000052
2022-10-12 02:00:00,1888.908980,0.132275,0.309651,0.000036
2022-10-12 03:00:00,2003.732422,0.110309,0.309031,0.000036
2022-10-12 04:00:00,2325.722487,0.102855,0.187996,0.000046
2022-10-12 05:00:00,2633.727428,0.106009,0.164649,0.000455
2022-10-12 06:00:00,2737.590311,0.111331,0.146363,0.031831
2022-10-12 07:00:00,2718.463537,0.096886,0.160175,0.137840
2022-10-12 08:00:00,2815.380125,0.080514,0.159301,0.332803
2022-10-12 09:00:00,2812.791456,0.097574,0.150936,0.415608
2022-10-12 10:00:00,2739.068066,0.131666,0.212896,0.427977
2022-10-12 11:00:00,2747.823896,0.185071,0.424148,0.381970
2022-10-12 12:00:00,2802.381208,0.228353,0.582133,0.447909
2022-10-12 13:00:00,2687.715975,0.231569,0.560827,0.306791
2022-10-12 14:00:00,2622.207186,0.198238,0.556845,0.147920
2022-10-12 15:00:00,2695.970206,0.175277,0.499151,0.064374
2022-10-12 16:00:00,2657.918191,0.181808,0.489683,0.003741
2022-10-12 17:00:00,2567.769668,0.213210,0.572745,0.000184
2022-10-12 18:00:00,2449.819745,0.247723,0.596316,0.000161
2022-10-12 19:00:00,2319.965222,0.276735,0.641571,0.000089
2022-10-12 20:00:00,2190.569947,0.270894,0.620009,0.000066
2022-10-12 21:00:00,2069.324317,0.275263,0.592564,0.000056
2022-10-12 22:00:00,1976.250812,0.263244,0.465504,0.000047
2022-10-12 23:00:00,1942.945970,0.239037,0.444499,0.000043
2022-10-13 00:00:00,1913.526824,0.227553,0.354223,0.000044
2022-10-13 01:00:00,1892.769804,0.218235,0.384975,0.000040
2022-10-13 02:00:00,1906.997437,0.202582,0.384042,0.000032
2022-10-13 03:00:00,2016.997320,0.189266,0.359121,0.000036
2022-10-13 04:00:00,2342.327383,0.181451,0.345231,0.000059
2022-10-13 05:00:00,2659.975060,0.167569,0.367993,0.000147
2022-10-13 06:00:00,2744.558011,0.161325,0.350937,0.015922
2022-10-13 07:00:00,2748.210053,0.145353,0.356393,0.068597
2022-10-13 08:00:00,2809.408054,0.127686,0.294924,0.125831
2022-10-13 09:00:00,2838.144738,0.112535,0.271914,0.234657
2022-10-13 10:00:00,2789.041204,0.110050,0.315452,0.243591
2022-10-13 11:00:00,2775.861208,0.096004,0.259642,0.166446
2022-10-13 12:00:00,2701.780155,0.083466,0.243453,0.116252
2022-10-13 13:00:00,2625.179004,0.084176,0.172872,0.088101
2022-10-13 14:00:00,2610.785879,0.070035,0.090271,0.047159
2022-10-13 15:00:00,2704.709181,0.072731,0.107965,0.022247
2022-10-13 16:00:00,2667.082015,0.073728,0.131956,0.001645
2022-10-13 17:00:00,2561.771546,0.072668,0.154021,0.000106
2022-10-13 18:00:00,2412.106893,0.068256,0.223379,0.000102
2022-10-13 19:00:00,2296.704176,0.066412,0.228453,0.000086
2022-10-13 20:00:00,2162.660465,0.064023,0.176367,0.000064
2022-10-13 21:00:00,2053.496007,0.045461,0.094531,0.000053
2022-10-13 22:00:00,1955.443979,0.025554,0.068704,0.000031
2022-10-13 23:00:00,1914.451282,0.016032,0.043931,0.000025
2022-10-14 00:00:00,1887.958074,0.019131,0.020756,0.000030
2022-10-14 01:00:00,1867.704600,0.024634,0.021208,0.000027
2022-10-14 02:00:00,1882.510158,0.022600,0.017221,0.000025
2022-10-14 03:00:00,1998.162971,0.023566,0.019527,0.000027
2022-10-14 04:00:00,2321.216290,0.027838,0.031389,0.000078
2022-10-14 05:00:00,2641.876026,0.040154,0.078819,0.000252
2022-10-14 06:00:00,2734.533381,0.052769,0.162371,0.026209
2022-10-14 07:00:00,2752.843411,0.053060,0.194925,0.101186
2022-10-14 08:00:00,2798.733295,0.046324,0.178896,0.192901
2022-10-14 09:00:00,2832.631779,0.050900,0.144717,0.410346
2022-10-14 10:00:00,2762.151066,0.094059,0.177242,0.513457
2022-10-14 11:00:00,2726.489616,0.145393,0.167809,0.564180
2022-10-14 12:00:00,2596.033529,0.144189,0.175629,0.510903
2022-10-14 13:00:00,2469.020153,0.124759,0.284955,0.370668
2022-10-14 14:00:00,2447.349792,0.099500,0.387158,0.246367
2022-10-14 15:00:00,2518.912850,0.093709,0.416183,0.067860
2022-10-14 16:00:00,2517.247755,0.126777,0.454431,0.002694
2022-10-14 17:00:00,2397.128141,0.160853,0.479487,0.000146
2022-10-14 18:00:00,2234.410273,0.201605,0.475373,0.000111
2022-10-14 19:00:00,2134.166556,0.204399,0.436418,0.000081
2022-10-14 20:00:00,2019.582475,0.207972,0.420914,0.000061
2022-10-14 21:00:00,1936.401645,0.219138,0.413201,0.000048
2022-10-14 22:00:00,1836.078658,0.216096,0.307488,0.000040
2022-10-14 23:00:00,1773.201348,0.188189,0.264064,0.000037
2022-10-15 00:00:00,1728.241421,0.155674,0.296860,0.000043
2022-10-15 01:00:00,1719.570019,0.140374,0.352913,0.000040
2022-10-15 02:00:00,1747.795343,0.128699,0.314679,0.000034
2022-10-15 03:00:00,1773.384489,0.089272,0.260350,0.000038
2022-10-15 04:00:00,1833.133613,0.048064,0.165721,0.000041
2022-10-15 05:00:00,1992.635495,0.026014,0.078290,0.001307
2022-10-15 06:00:00,2097.961980,0.024597,0.056049,0.034938
2022-10-15 07:00:00,2200.840995,0.020153,0.033692,0.189468
2022-10-15 08:00:00,2282.417931,0.017033,0.043753,0.352604
2022-10-15 09:00:00,2326.262526,0.031930,0.088351,0.467530
2022-10-15 10:00:00,2352.593920,0.072011,0.226452,0.594204
2022-10-15 11:00:00,2324.495022,0.136707,0.369265,0.512167
2022-10-15 12:00:00,2304.243818,0.235466,0.587759,0.396592
2022-10-15 13:00:00,2319.102107,0.336121,0.641862,0.251927
2022-10-15 14:00:00,2442.062422,0.386448,0.748410,0.095687
2022-10-15 15:00:00,2361.740977,0.463868,0.895866,0.031056
2022-10-15 16:00:00,2415.261892,0.577238,0.961157,0.000694
2022-10-15 17:00:00,2301.436614,0.646779,0.960019,0.000100
2022-10-15 18:00:00,2215.702276,0.640149,0.844893,0.000093
2022-10-15 19:00:00,2108.220842,0.513809,0.858530,0.000076
2022-10-15 20:00:00,2041.917133,0.380804,0.841949,0.000061
2022-10-15 21:00:00,1998.690782,0.299791,0.692479,0.000059
2022-10-15 22:00:00,1804.404186,0.224262,0.550164,0.000047
2022-10-15 23:00:00,1751.190190,0.197599,0.439094,0.000042
2022-10-16 00:00:00,1755.406693,0.205639,0.449623,0.000045
2022-10-16 01:00:00,1718.057228,0.252433,0.552715,0.000048
2022-10-16 02:00:00,1816.056363,0.281039,0.579003,0.000039
2022-10-16 03:00:00,2107.229371,0.274760,0.585356,0.000032
2022-10-16 04:00:00,2093.974648,0.393551,0.828906,0.000047
2022-10-16 05:00:00,2126.653067,0.504833,0.911487,0.000164
2022-10-16 06:00:00,2159.108669,0.587079,0.924016,0.034998
2022-10-16 07:00:00,2327.489585,0.677236,0.971975,0.177592
2022-10-16 08:00:00,2393.361364,0.778869,0.877811,0.308510
2022-10-16 09:00:00,2496.157846,0.884808,0.835085,0.375572
2022-10-16 10:00:00,2809.957039,0.893646,0.808121,0.413895
2022-10-16 11:00:00,2742.627126,0.921629,0.838909,0.554143
2022-10-16 12:00:00,2816.754891,0.939297,0.791912,0.553466
2022-10-16 13:00:00,2680.246322,0.944342,0.816532,0.439443
2022-10-16 14:00:00,2688.510530,0.861031,0.827556,0.250001
2022-10-16 15:00:00,2774.226481,0.675987,0.807310,0.070660
2022-10-16 16:00:00,2689.657826,0.775796,0.978061,0.002831
2022-10-16 17:00:00,2331.812612,0.688743,0.941841,0.000154
2022-10-16 18:00:00,2177.209083,0.571667,0.819647,0.000098
2022-10-16 19:00:00,2058.826907,0.481924,0.658718,0.000089
2022-10-16 20:00:00,1964.407103,0.410827,0.531048,0.000069
2022-10-16 21:00:00,1866.528109,0.341559,0.388427,0.000058
2022-10-16 22:00:00,1836.220855,0.268685,0.322219,0.000055
2022-10-16 23:00:00,1875.423857,0.183786,0.263284,0.000048
2022-10-17 00:00:00,1839.064640,0.109280,0.154022,0.000043
2022-10-17 01:00:00,1826.124022,0.080048,0.135341,0.000038
2022-10-17 02:00:00,1880.632199,0.098089,0.162731,0.000038
2022-10-17 03:00:00,1982.967055,0.128060,0.286533,0.000039
2022-10-17 04:00:00,2291.631444,0.190154,0.382341,0.000042
2022-10-17 05:00:00,2661.342999,0.246717,0.554116,0.000143
2022-10-17 06:00:00,2854.900353,0.277265,0.676836,0.010680
2022-10-17 07:00:00,2952.588001,0.316264,0.744854,0.044627
2022-10-17 08:00:00,2851.726219,0.353987,0.779302,0.068010
2022-10-17 09:00:00,2864.779216,0.391332,0.873252,0.122491
2022-10-17 10:00:00,2808.486407,0.406048,0.917376,0.149112
2022-10-17 11:00:00,2846.105685,0.466172,0.920192,0.087305
2022-10-17 12:00:00,2796.107879,0.488205,0.892292,0.050149
2022-10-17 13:00:00,2701.091465,0.410135,0.860747,0.039370
2022-10-17 14:00:00,2669.299592,0.366727,0.835910,0.037559
2022-10-17 15:00:00,2775.430216,0.406928,0.743248,0.011876
2022-10-17 16:00:00,2743.310618,0.440317,0.762685,0.000404
2022-10-17 17:00:00,2596.522423,0.457359,0.804950,0.000110
2022-10-17 18:00:00,2459.257615,0.442952,0.894520,0.000116
2022-10-17 19:00:00,2322.344153,0.418951,0.856818,0.000054
2022-10-17 20:00:00,2192.848564,0.377473,0.860302,0.000038
2022-10-17 21:00:00,2083.446503,0.342346,0.855499,0.000051
2022-10-17 22:00:00,1990.760740,0.334958,0.797965,0.000048
2022-10-17 23:00:00,1975.324030,0.378644,0.828539,0.000032
2022-10-18 00:00:00,1939.475823,0.443047,0.852782,0.000023
2022-10-18 01:00:00,1932.597485,0.460299,0.850357,0.000026
2022-10-18 02:00:00,1944.998137,0.463042,0.867398,0.000028
2022-10-18 03:00:00,2064.236520,0.449378,0.859683,0.000028
2022-10-18 04:00:00,2330.053265,0.458028,0.877026,0.000040
2022-10-18 05:00:00,2639.236711,0.464052,0.865519,0.000104
2022-10-18 06:00:00,2743.359505,0.463067,0.870403,0.016917
2022-10-18 07:00:00,2770.138008,0.447473,0.858554,0.119389
2022-10-18 08:00:00,2807.760231,0.456640,0.868134,0.236919
2022-10-18 09:00:00,2810.070193,0.504433,0.835832,0.267772
2022-10-18 10:00:00,3136.358599,0.444382,0.792427,0.336690
2022-10-18 11:00:00,3106.329084,0.563437,0.806666,0.332641
2022-10-18 12:00:00,3109.310066,0.490995,0.798632,0.284453
2022-10-18 13:00:00,2976.371202,0.456577,0.840163,0.219743
2022-10-18 14:00:00,2647.410427,0.502996,0.845155,0.126795
2022-10-18 15:00:00,2729.250662,0.439537,0.869780,0.029965
2022-10-18 16:00:00,2694.480946,0.334364,0.846607,0.000483
2022-10-18 17:00:00,2556.766967,0.249624,0.876861,0.000177
2022-10-18 18:00:00,2415.112290,0.213295,0.821412,0.000099
2022-10-18 19:00:00,2292.372716,0.188972,0.707102,0.000074
2022-10-18 20:00:00,2167.587227,0.164819,0.744904,0.000067
2022-10-18 21:00:00,2052.186490,0.134538,0.724601,0.000066
2022-10-18 22:00:00,2018.466835,0.118260,0.749642,0.000055
2022-10-18 23:00:00,2027.251830,0.093273,0.627162,0.000050
2022-10-19 00:00:00,1953.691018,0.068821,0.464776,0.000047
2022-10-19 01:00:00,1856.227620,0.054333,0.394394,0.000050
2022-10-19 02:00:00,1860.805669,0.050897,0.264839,0.000048
2022-10-19 03:00:00,1982.595320,0.050168,0.134635,0.000049
2022-10-19 04:00:00,2275.586421,0.030423,0.078973,0.000089
2022-10-19 05:00:00,2599.229353,0.015439,0.080584,0.000164
2022-10-19 06:00:00,2713.549820,0.014778,0.086951,0.031594
2022-10-19 07:00:00,2723.175641,0.014243,0.038455,0.195886
2022-10-19 08:00:00,2776.870230,0.009999,0.023458,0.412260
2022-10-19 09:00:00,2746.704564,0.006775,0.009542,0.573964
2022-10-19 10:00:00,2710.817214,0.007041,0.008548,0.643475
2022-10-19 11:00:00,2707.707398,0.008750,0.003963,0.655015
2022-10-19 12:00:00,2632.922969,0.008478,0.008206,0.610879
2022-10-19 13:00:00,2520.306588,0.008452,0.032027,0.486493
2022-10-19 14:00:00,2461.691791,0.008194,0.033799,0.268858
2022-10-19 15:00:00,2591.651942,0.008098,0.022785,0.070116
2022-10-19 16:00:00,2609.891164,0.014024,0.025474,0.002033
2022-10-19 17:00:00,2509.628557,0.029253,0.040144,0.000218
2022-10-19 18:00:00,2392.144678,0.059161,0.071453,0.000118
2022-10-19 19:00:00,2267.560224,0.087700,0.162101,0.000099
2022-10-19 20:00:00,2317.202300,0.129978,0.216204,0.000081
2022-10-19 21:00:00,2314.604474,0.155021,0.266053,0.000068
2022-10-19 22:00:00,2111.397274,0.173520,0.306741,0.000051
2022-10-19 23:00:00,2240.516686,0.201210,0.370133,0.000047
2022-10-20 00:00:00,2160.972516,0.227010,0.424838,0.000050
2022-10-20 01:00:00,2105.123343,0.210420,0.449766,0.000049
2022-10-20 02:00:00,2110.823542,0.183720,0.466908,0.000045
2022-10-20 03:00:00,2152.425943,0.177866,0.506653,0.000050
2022-10-20 04:00:00,2416.163289,0.201224,0.512946,0.000112
2022-10-20 05:00:00,3062.557569,0.201943,0.503179,0.000178
2022-10-20 06:00:00,2872.639517,0.214989,0.521668,0.031561
2022-10-20 07:00:00,2787.205062,0.195256,0.604449,0.197068
2022-10-20 08:00:00,2822.950375,0.170283,0.699606,0.382758
2022-10-20 09:00:00,2809.681568,0.206180,0.741721,0.456616
2022-10-20 10:00:00,2776.221017,0.304574,0.759712,0.479887
2022-10-20 11:00:00,2782.393653,0.422615,0.792030,0.484733
2022-10-20 12:00:00,3208.196319,0.482919,0.790999,0.456995
2022-10-20 13:00:00,3136.882644,0.452691,0.790244,0.352038
2022-10-20 14:00:00,3058.071206,0.483426,0.802828,0.181385
2022-10-20 15:00:00,3142.751033,0.497496,0.887740,0.040872
2022-10-20 16:00:00,2730.946824,0.557194,0.985742,0.000386
2022-10-20 17:00:00,2601.298702,0.527360,0.989396,0.000175
2022-10-20 18:00:00,2584.020203,0.502893,0.984642,0.000136
2022-10-20 19:00:00,2327.030794,0.440682,0.985451,0.000095
2022-10-20 20:00:00,2199.003065,0.370369,0.982124,0.000075
2022-10-20 21:00:00,2081.252685,0.326545,0.924988,0.000059
2022-10-20 22:00:00,1997.153336,0.272169,0.806320,0.000047
2022-10-20 23:00:00,1957.323975,0.215446,0.758276,0.000059
2022-10-21 00:00:00,1971.481936,0.178221,0.673872,0.000057
2022-10-21 01:00:00,1967.041670,0.153630,0.533408,0.000046
2022-10-21 02:00:00,1887.025448,0.120399,0.461841,0.000042
2022-10-21 03:00:00,1970.142577,0.119483,0.351740,0.000046
2022-10-21 04:00:00,2221.764516,0.104386,0.392465,0.000107
2022-10-21 05:00:00,2521.164546,0.097912,0.328724,0.000120
2022-10-21 06:00:00,2652.725430,0.077941,0.288948,0.003536
2022-10-21 07:00:00,2699.264728,0.071225,0.291586,0.033314
2022-10-21 08:00:00,2762.871255,0.061258,0.271527,0.069939
2022-10-21 09:00:00,2731.596399,0.057283,0.142243,0.080266
2022-10-21 10:00:00,2657.606943,0.060156,0.183180,0.090214
2022-10-21 11:00:00,2607.330602,0.070051,0.215088,0.073226
2022-10-21 12:00:00,2519.015663,0.081721,0.127818,0.046923
2022-10-21 13:00:00,2460.964497,0.089717,0.111083,0.033656
2022-10-21 14:00:00,2472.124005,0.096608,0.114798,0.017210
2022-10-21 15:00:00,2607.386863,0.106846,0.163794,0.003767
2022-10-21 16:00:00,2577.712126,0.104655,0.198766,0.000078
2022-10-21 17:00:00,2392.183609,0.099378,0.175658,0.000071
2022-10-21 18:00:00,2224.789810,0.095166,0.161481,0.000061
2022-10-21 19:00:00,2109.260347,0.067685,0.105507,0.000037
2022-10-21 20:00:00,2002.778934,0.058258,0.072223,0.000028
2022-10-21 21:00:00,1907.172967,0.059492,0.036909,0.000028
2022-10-21 22:00:00,1816.416648,0.045740,0.019967,0.000028
2022-10-21 23:00:00,1768.765654,0.034053,0.012035,0.000028
2022-10-22 00:00:00,1717.362195,0.026611,0.005266,0.000017
2022-10-22 01:00:00,1686.741595,0.026692,0.005748,0.000023
2022-10-22 02:00:00,1695.682929,0.028443,0.025919,0.000022
2022-10-22 03:00:00,1742.581649,0.026914,0.032104,0.000018
2022-10-22 04:00:00,1839.721584,0.020262,0.051137,0.000024
2022-10-22 05:00:00,2095.677368,0.019536,0.060914,0.000053
2022-10-22 06:00:00,2118.894081,0.023018,0.067786,0.004902
2022-10-22 07:00:00,2152.916533,0.020493,0.083714,0.030955
2022-10-22 08:00:00,2192.446201,0.014770,0.072427,0.078160
2022-10-22 09:00:00,2202.444600,0.014449,0.112615,0.115255
2022-10-22 10:00:00,2177.070478,0.020626,0.147867,0.137041
2022-10-22 11:00:00,2162.479236,0.025098,0.158625,0.152845
2022-10-22 12:00:00,2143.253052,0.038887,0.132442,0.150245
2022-10-22 13:00:00,2120.687826,0.055692,0.172898,0.113302
2022-10-22 14:00:00,2166.009846,0.064599,0.219373,0.046023
2022-10-22 15:00:00,2323.521794,0.062694,0.282140,0.008612
2022-10-22 16:00:00,2369.700985,0.078994,0.273567,0.000085
2022-10-22 17:00:00,2211.484477,0.100862,0.250491,0.000054
2022-10-22 18:00:00,2075.241719,0.104651,0.325674,0.000048
2022-10-22 19:00:00,1968.387453,0.130007,0.336391,0.000037
2022-10-22 20:00:00,1865.993049,0.154735,0.274733,0.000036
2022-10-22 21:00:00,1774.980443,0.165521,0.304558,0.000036
2022-10-22 22:00:00,1716.731513,0.159612,0.277726,0.000030
2022-10-22 23:00:00,1674.338002,0.155717,0.210902,0.000025
2022-10-23 00:00:00,1655.895564,0.155678,0.236752,0.000028
2022-10-23 01:00:00,1638.491339,0.163725,0.314157,0.000033
2022-10-23 02:00:00,1629.827716,0.144587,0.261792,0.000032
2022-10-23 03:00:00,1654.350950,0.119652,0.197234,0.000042
2022-10-23 04:00:00,1717.515334,0.116215,0.130825,0.000074
2022-10-23 05:00:00,1850.429956,0.099580,0.148305,0.000086
2022-10-23 06:00:00,1980.356779,0.080154,0.128672,0.010487
2022-10-23 07:00:00,2079.402120,0.063972,0.105831,0.059436
2022-10-23 08:00:00,2152.455332,0.052484,0.098347,0.119796
2022-10-23 09:00:00,2167.755738,0.039947,0.101472,0.200684
2022-10-23 10:00:00,2219.747559,0.032892,0.082415,0.313265
2022-10-23 11:00:00,2234.799948,0.036148,0.099847,0.356064
2022-10-23 12:00:00,2214.845684,0.032571,0.158187,0.318313
2022-10-23 13:00:00,2174.313791,0.020326,0.173966,0.217218
2022-10-23 14:00:00,2194.462923,0.025091,0.193314,0.101160
2022-10-23 15:00:00,2407.860172,0.076728,0.337067,0.018196
2022-10-23 16:00:00,2503.374650,0.143000,0.503525,0.000101
2022-10-23 17:00:00,2339.847801,0.180785,0.580754,0.000078
2022-10-23 18:00:00,2237.496390,0.235611,0.631960,0.000074
2022-10-23 19:00:00,2182.786347,0.295760,0.660573,0.000060
2022-10-23 20:00:00,2078.264706,0.363050,0.716105,0.000051
2022-10-23 21:00:00,2011.623161,0.352839,0.769984,0.000040
2022-10-23 22:00:00,2034.316642,0.343645,0.786476,0.000034
2022-10-23 23:00:00,2047.653411,0.397654,0.760585,0.000040
2022-10-24 00:00:00,2047.284121,0.410177,0.756203,0.000043
2022-10-24 01:00:00,2044.795004,0.436117,0.654822,0.000034
2022-10-24 02:00:00,2118.621396,0.424756,0.692850,0.000025
2022-10-24 03:00:00,2209.193104,0.390971,0.745091,0.000030
2022-10-24 04:00:00,2409.984605,0.308956,0.619702,0.000052
2022-10-24 05:00:00,2655.755186,0.265135,0.664019,0.000096
2022-10-24 06:00:00,2765.921634,0.263047,0.691919,0.010334
2022-10-24 07:00:00,2811.936354,0.264680,0.660955,0.051166
2022-10-24 08:00:00,2940.716017,0.261672,0.762410,0.070646
2022-10-24 09:00:00,2869.584919,0.301280,0.853539,0.125833
2022-10-24 10:00:00,2879.786902,0.345280,0.900066,0.172397
2022-10-24 11:00:00,2892.945984,0.393365,0.906304,0.180431
2022-10-24 12:00:00,2838.074441,0.444595,0.871475,0.189336
2022-10-24 13:00:00,2817.215000,0.518832,0.871434,0.119613
2022-10-24 14:00:00,2772.077166,0.578140,0.937836,0.067488
2022-10-24 15:00:00,3215.645689,0.575817,0.899405,0.010192
2022-10-24 16:00:00,3209.694570,0.557982,0.955634,0.000178
2022-10-24 17:00:00,2907.493633,0.624049,0.911391,0.000158
2022-10-24 18:00:00,2886.618425,0.629653,0.968726,0.000137
2022-10-24 19:00:00,2777.868376,0.551330,0.968829,0.000126
2022-10-24 20:00:00,2622.946788,0.532867,0.911597,0.000128
2022-10-24 21:00:00,2498.078420,0.589364,0.929181,0.000108
2022-10-24 22:00:00,2230.405401,0.668093,0.940216,0.000057
2022-10-24 23:00:00,2220.975506,0.620149,0.871008,0.000030
2022-10-25 00:00:00,2286.474551,0.509967,0.870803,0.000026
2022-10-25 01:00:00,2250.210307,0.465288,0.807969,0.000027
2022-10-25 02:00:00,2249.086500,0.407376,0.815029,0.000027
2022-10-25 03:00:00,2252.860161,0.405408,0.833889,0.000026
2022-10-25 04:00:00,2565.667522,0.406368,0.857579,0.000044
2022-10-25 05:00:00,2995.517219,0.380686,0.776312,0.000065
2022-10-25 06:00:00,2932.199744,0.373821,0.744162,0.006453
2022-10-25 07:00:00,3115.383275,0.342235,0.679200,0.062060
2022-10-25 08:00:00,2834.073738,0.376446,0.742608,0.184001
2022-10-25 09:00:00,2820.847321,0.416481,0.762643,0.177456
2022-10-25 10:00:00,2823.210470,0.428944,0.777800,0.173407
2022-10-25 11:00:00,2878.857115,0.452225,0.732589,0.231108
2022-10-25 12:00:00,2824.338713,0.456774,0.684733,0.183474
2022-10-25 13:00:00,2685.177837,0.442573,0.597172,0.150775
2022-10-25 14:00:00,2642.173524,0.370711,0.512373,0.103233
2022-10-25 15:00:00,2790.324041,0.310068,0.541608,0.018759
2022-10-25 16:00:00,2753.727419,0.254023,0.557622,0.000174
2022-10-25 17:00:00,2586.984106,0.219860,0.507492,0.000146
2022-10-25 18:00:00,2420.045298,0.204560,0.438938,0.000106
2022-10-25 19:00:00,2295.293520,0.202283,0.388675,0.000060
2022-10-25 20:00:00,2159.501004,0.181099,0.350533,0.000039
2022-10-25 21:00:00,2063.988164,0.166497,0.288587,0.000044
2022-10-25 22:00:00,1962.206690,0.151148,0.223145,0.000039
2022-10-25 23:00:00,1936.705535,0.130341,0.221322,0.000030
2022-10-26 00:00:00,1897.543360,0.106371,0.145389,0.000034
2022-10-26 01:00:00,1882.192951,0.099643,0.113838,0.000038
2022-10-26 02:00:00,1892.955810,0.079277,0.126244,0.000027
2022-10-26 03:00:00,2004.301468,0.062948,0.095097,0.000026
2022-10-26 04:00:00,2330.760661,0.059364,0.097032,0.000037
2022-10-26 05:00:00,2688.608238,0.059146,0.129381,0.000078
2022-10-26 06:00:00,2785.602417,0.062380,0.163095,0.009274
2022-10-26 07:00:00,2792.936843,0.054661,0.189981,0.070767
2022-10-26 08:00:00,2827.172198,0.050676,0.223908,0.133128
2022-10-26 09:00:00,2808.490958,0.053771,0.237522,0.197985
2022-10-26 10:00:00,2753.309165,0.072253,0.281085,0.235512
2022-10-26 11:00:00,2770.113550,0.086999,0.365425,0.208722
2022-10-26 12:00:00,2709.290917,0.092027,0.429401,0.145897
2022-10-26 13:00:00,2628.578265,0.095132,0.502930,0.108456
2022-10-26 14:00:00,2623.058435,0.117440,0.579387,0.088390
2022-10-26 15:00:00,2767.095897,0.169373,0.577756,0.020187
2022-10-26 16:00:00,2782.807317,0.230873,0.576003,0.000166
2022-10-26 17:00:00,2631.828676,0.295555,0.598216,0.000139
2022-10-26 18:00:00,2464.819982,0.319386,0.717371,0.000065
2022-10-26 19:00:00,2343.838715,0.323574,0.810677,0.000044
2022-10-26 20:00:00,2215.659566,0.329495,0.852083,0.000036
2022-10-26 21:00:00,2130.266663,0.322147,0.841484,0.000032
2022-10-26 22:00:00,2044.649356,0.322237,0.789356,0.000026
2022-10-26 23:00:00,1961.951311,0.298798,0.748041,0.000029
2022-10-27 00:00:00,2096.236123,0.263143,0.717478,0.000025
2022-10-27 01:00:00,1909.831756,0.247858,0.578560,0.000021
2022-10-27 02:00:00,1945.804304,0.266881,0.469186,0.000023
2022-10-27 03:00:00,2052.741818,0.265100,0.466592,0.000050
2022-10-27 04:00:00,2345.820514,0.246145,0.431160,0.000099
2022-10-27 05:00:00,2696.830414,0.235587,0.467348,0.000127
2022-10-27 06:00:00,2787.273823,0.227133,0.473723,0.009193
2022-10-27 07:00:00,2779.665573,0.214956,0.467561,0.065897
2022-10-27 08:00:00,2822.091433,0.187206,0.426559,0.167313
2022-10-27 09:00:00,2811.960446,0.166575,0.369460,0.234282
2022-10-27 10:00:00,2757.182721,0.177027,0.376045,0.250086
2022-10-27 11:00:00,2774.836752,0.169381,0.408758,0.224073
2022-10-27 12:00:00,2704.835247,0.152690,0.394587,0.206361
2022-10-27 13:00:00,2610.571544,0.131923,0.515514,0.117706
2022-10-27 14:00:00,2631.209660,0.117145,0.472468,0.055201
2022-10-27 15:00:00,2767.005968,0.138049,0.555084,0.008646
2022-10-27 16:00:00,2739.461030,0.192471,0.744465,0.000169
2022-10-27 17:00:00,2591.532460,0.226609,0.768769,0.000118
2022-10-27 18:00:00,2492.268584,0.247122,0.692529,0.000075
2022-10-27 19:00:00,2707.263431,0.183993,0.653148,0.000061
2022-10-27 20:00:00,2552.374290,0.180134,0.804883,0.000051
2022-10-27 21:00:00,2078.759512,0.260783,0.814518,0.000040
2022-10-27 22:00:00,2164.153791,0.299480,0.636281,0.000038
2022-10-27 23:00:00,2005.540191,0.344128,0.568058,0.000033
2022-10-28 00:00:00,1888.304484,0.327636,0.575271,0.000032
2022-10-28 01:00:00,1875.484854,0.309450,0.583274,0.000023
2022-10-28 02:00:00,1882.633700,0.270361,0.461547,0.000028
2022-10-28 03:00:00,1998.156936,0.238300,0.376532,0.000051
2022-10-28 04:00:00,2303.257377,0.214483,0.288378,0.000099
2022-10-28 05:00:00,2650.699558,0.177508,0.331081,0.000096
2022-10-28 06:00:00,2756.855294,0.146207,0.268788,0.006413
2022-10-28 07:00:00,2735.179795,0.113517,0.254037,0.054505
2022-10-28 08:00:00,2783.192924,0.092332,0.207630,0.135058
2022-10-28 09:00:00,2764.133709,0.071063,0.179308,0.216288
2022-10-28 10:00:00,2664.642630,0.057796,0.179597,0.319085
2022-10-28 11:00:00,2584.791189,0.053424,0.161263,0.317692
2022-10-28 12:00:00,2475.610439,0.055640,0.213668,0.246816
2022-10-28 13:00:00,2400.611415,0.072466,0.259458,0.168495
2022-10-28 14:00:00,2413.647005,0.095997,0.274725,0.076955
2022-10-28 15:00:00,2573.262925,0.144838,0.352871,0.012206
2022-10-28 16:00:00,2807.142217,0.216364,0.354946,0.000151
2022-10-28 17:00:00,2739.952621,0.228431,0.629297,0.000146
2022-10-28 18:00:00,2608.462515,0.225251,0.709572,0.000152
2022-10-28 19:00:00,2514.576627,0.292515,0.635588,0.000069
2022-10-28 20:00:00,2405.828006,0.413441,0.820662,0.000065
2022-10-28 21:00:00,2299.887192,0.396777,0.694276,0.000075
2022-10-28 22:00:00,2192.213021,0.413162,0.539154,0.000080
2022-10-28 23:00:00,2113.481498,0.424700,0.602482,0.000058
2022-10-29 00:00:00,2040.954369,0.394356,0.644778,0.000044
2022-10-29 01:00:00,1733.366092,0.439280,0.627560,0.000036
2022-10-29 02:00:00,1727.809654,0.382971,0.588875,0.000034
2022-10-29 03:00:00,1753.751667,0.329312,0.594491,0.000029
2022-10-29 04:00:00,1836.633660,0.302763,0.634485,0.000035
2022-10-29 05:00:00,1983.477699,0.311455,0.608571,0.000106
2022-10-29 06:00:00,2122.572454,0.308174,0.590603,0.005514
2022-10-29 07:00:00,2181.365729,0.317771,0.564718,0.052942
2022-10-29 08:00:00,2208.446861,0.317749,0.553440,0.154448
2022-10-29 09:00:00,2207.741169,0.342158,0.547836,0.285858
2022-10-29 10:00:00,2198.075662,0.368762,0.416920,0.389762
2022-10-29 11:00:00,2183.248040,0.358270,0.336141,0.395534
2022-10-29 12:00:00,2136.951733,0.314812,0.289476,0.289374
2022-10-29 13:00:00,2098.082032,0.236126,0.290203,0.130186
2022-10-29 14:00:00,2137.741589,0.168637,0.259214,0.053802
2022-10-29 15:00:00,2296.349261,0.129548,0.254471,0.008939
2022-10-29 16:00:00,2343.408300,0.118374,0.243623,0.000100
2022-10-29 17:00:00,2168.620968,0.103793,0.177553,0.000103
2022-10-29 18:00:00,2035.221746,0.083042,0.177225,0.000087
2022-10-29 19:00:00,1937.309820,0.061366,0.227299,0.000057
2022-10-29 20:00:00,1847.171760,0.050891,0.236743,0.000051
2022-10-29 21:00:00,1771.052215,0.043636,0.202955,0.000045
2022-10-29 22:00:00,1701.110056,0.038746,0.163575,0.000051
2022-10-29 23:00:00,1637.235437,0.052748,0.195198,0.000039
2022-10-30 00:00:00,1596.058158,0.074737,0.208501,0.000033
2022-10-30 01:00:00,1562.344699,0.089173,0.260203,0.000026
2022-10-30 02:00:00,1564.057729,0.117112,0.297674,0.000022
2022-10-30 03:00:00,1568.382013,0.143598,0.301421,0.000025
2022-10-30 04:00:00,1612.281282,0.154345,0.326926,0.000042
2022-10-30 05:00:00,1741.708101,0.158143,0.276611,0.000065
2022-10-30 06:00:00,1884.065569,0.145229,0.223845,0.004677
2022-10-30 07:00:00,2006.843448,0.128558,0.185891,0.049431
2022-10-30 08:00:00,2074.115574,0.104383,0.199206,0.111754
2022-10-30 09:00:00,2118.201433,0.090443,0.233057,0.155446
2022-10-30 10:00:00,2121.870598,0.092772,0.267852,0.171728
2022-10-30 11:00:00,2124.623221,0.096406,0.266375,0.180630
2022-10-30 12:00:00,2102.972400,0.086907,0.207191,0.196665
2022-10-30 13:00:00,2081.715923,0.073056,0.161113,0.150749
2022-10-30 14:00:00,2081.159350,0.054886,0.109653,0.052554
2022-10-30 15:00:00,2201.768913,0.046650,0.099444,0.006128
2022-10-30 16:00:00,2472.826291,0.042721,0.085058,0.000101
2022-10-30 17:00:00,2359.030554,0.039162,0.141286,0.000077
2022-10-30 18:00:00,2184.418356,0.054845,0.120378,0.000065
2022-10-30 19:00:00,2068.165990,0.076951,0.154097,0.000047
2022-10-30 20:00:00,1970.038041,0.102557,0.159935,0.000037
2022-10-30 21:00:00,1886.062517,0.077964,0.163164,0.000039
2022-10-30 22:00:00,1852.982910,0.069095,0.202000,0.000027
2022-10-30 23:00:00,1795.658109,0.071162,0.185386,0.000033
2022-10-31 00:00:00,1763.042669,0.083158,0.170693,0.000034
2022-10-31 01:00:00,1745.578709,0.102309,0.227251,0.000031
2022-10-31 02:00:00,1736.192105,0.116111,0.223281,0.000027
2022-10-31 03:00:00,1770.473731,0.112968,0.179546,0.000022
2022-10-31 04:00:00,1979.642860,0.100343,0.130264,0.000028
2022-10-31 05:00:00,2327.481829,0.100392,0.125312,0.000085
2022-10-31 06:00:00,2593.819839,0.102069,0.154240,0.002576
2022-10-31 07:00:00,2694.247747,0.105790,0.120873,0.052525
2022-10-31 08:00:00,2816.956907,0.087266,0.134768,0.159137
2022-10-31 09:00:00,2758.051680,0.075374,0.158153,0.230737
2022-10-31 10:00:00,2750.437822,0.084624,0.152778,0.268009
2022-10-31 11:00:00,2692.045255,0.098186,0.197599,0.261570
2022-10-31 12:00:00,2697.724520,0.106302,0.182881,0.214368
2022-10-31 13:00:00,2630.329589,0.081323,0.145879,0.179774
2022-10-31 14:00:00,2543.501975,0.056002,0.121135,0.092947
2022-10-31 15:00:00,2568.980675,0.060275,0.101433,0.013906
2022-10-31 16:00:00,2794.998738,0.067853,0.118483,0.000152
2022-10-31 17:00:00,2659.086632,0.081059,0.116477,0.000125
2022-10-31 18:00:00,2485.414911,0.083701,0.195586,0.000095
2022-10-31 19:00:00,2351.581599,0.096811,0.312077,0.000068
2022-10-31 20:00:00,2226.455870,0.114668,0.295730,0.000056
2022-10-31 21:00:00,2097.941381,0.128777,0.364332,0.000046
2022-10-31 22:00:00,2016.331941,0.168455,0.551323,0.000034
2022-10-31 23:00:00,1954.112217,0.232774,0.640997,0.000034
2022-11-01 00:00:00,1950.064188,0.322575,0.745123,0.000039
2022-11-01 01:00:00,1991.277128,0.421229,0.805845,0.000045
2022-11-01 02:00:00,2032.984393,0.518921,0.826281,0.000041
2022-11-01 03:00:00,2066.607971,0.573271,0.890584,0.000039
2022-11-01 04:00:00,2452.003850,0.572006,0.913828,0.000058
2022-11-01 05:00:00,2593.734701,0.657700,0.956025,0.000090
2022-11-01 06:00:00,2760.266020,0.664396,0.957776,0.000407
2022-11-01 07:00:00,2874.192274,0.674897,0.985154,0.010214
2022-11-01 08:00:00,2898.209765,0.640429,0.988096,0.020814
2022-11-01 09:00:00,3012.461088,0.638272,0.947668,0.039683
2022-11-01 10:00:00,3039.907366,0.676880,0.867368,0.156661
2022-11-01 11:00:00,3034.336088,0.748079,0.863664,0.204393
2022-11-01 12:00:00,3001.913579,0.772014,0.886325,0.156216
2022-11-01 13:00:00,2861.450166,0.754898,0.899684,0.098741
2022-11-01 14:00:00,3109.961896,0.665940,0.930628,0.055747
2022-11-01 15:00:00,3006.587288,0.649118,0.971696,0.007755
2022-11-01 16:00:00,2964.971022,0.603778,0.976006,0.000136
2022-11-01 17:00:00,3128.619882,0.588813,0.915042,0.000087
2022-11-01 18:00:00,2986.223209,0.631770,0.959382,0.000072
2022-11-01 19:00:00,2848.525272,0.669212,0.966945,0.000061
2022-11-01 20:00:00,2644.473118,0.734035,0.956748,0.000055
2022-11-01 21:00:00,2395.935518,0.747598,0.973638,0.000044
2022-11-01 22:00:00,2317.953896,0.716846,0.981110,0.000038
2022-11-01 23:00:00,2478.081273,0.598075,0.961218,0.000033
2022-11-02 00:00:00,2364.676927,0.683879,0.940016,0.000042
2022-11-02 01:00:00,2376.068890,0.630415,0.968768,0.000043
2022-11-02 02:00:00,2251.475557,0.570320,0.942802,0.000031
2022-11-02 03:00:00,2232.070494,0.526437,0.943070,0.000055
2022-11-02 04:00:00,2303.495851,0.474018,0.882020,0.000112
2022-11-02 05:00:00,2537.431171,0.477155,0.967563,0.000116
2022-11-02 06:00:00,2776.924761,0.476972,0.909256,0.002178
2022-11-02 07:00:00,2834.887624,0.505194,0.878255,0.035416
2022-11-02 08:00:00,2882.625257,0.450309,0.853253,0.104029
2022-11-02 09:00:00,2975.885522,0.429422,0.835030,0.160908
2022-11-02 10:00:00,2989.041911,0.452753,0.868140,0.216463
2022-11-02 11:00:00,2964.932378,0.500350,0.882688,0.236441
2022-11-02 12:00:00,2978.752005,0.562757,0.905939,0.248588
2022-11-02 13:00:00,2946.994815,0.553456,0.851149,0.209663
2022-11-02 14:00:00,3114.605939,0.371086,0.912441,0.094736
2022-11-02 15:00:00,3099.162394,0.409593,0.845628,0.010278
2022-11-02 16:00:00,3198.937888,0.400525,0.821901,0.000229
2022-11-02 17:00:00,2910.725820,0.365982,0.894640,0.000231
2022-11-02 18:00:00,3071.107132,0.268388,0.753035,0.000154
2022-11-02 19:00:00,2964.680064,0.263602,0.689857,0.000061
2022-11-02 20:00:00,2819.041871,0.332356,0.762124,0.000055
2022-11-02 21:00:00,2666.348032,0.340606,0.666247,0.000052
2022-11-02 22:00:00,2581.228625,0.365480,0.588184,0.000042
2022-11-02 23:00:00,2518.195201,0.370708,0.547698,0.000035
2022-11-03 00:00:00,2478.087574,0.523153,0.554408,0.000031
2022-11-03 01:00:00,2431.242126,0.521177,0.752114,0.000029
2022-11-03 02:00:00,2401.811520,0.550942,0.814811,0.000031
2022-11-03 03:00:00,2374.366347,0.603903,0.888812,0.000037
2022-11-03 04:00:00,2493.032205,0.644415,0.963471,0.000051
2022-11-03 05:00:00,2816.643012,0.659296,0.900523,0.000114
2022-11-03 06:00:00,3133.473504,0.636959,0.900060,0.001166
2022-11-03 07:00:00,3192.939549,0.547264,0.741796,0.022554
2022-11-03 08:00:00,3186.409229,0.503537,0.878284,0.078811
2022-11-03 09:00:00,3166.193291,0.515521,0.881572,0.133689
2022-11-03 10:00:00,3191.920158,0.450724,0.695016,0.164732
2022-11-03 11:00:00,3136.386124,0.423980,0.703701,0.131416
2022-11-03 12:00:00,3050.265356,0.433616,0.847564,0.098829
2022-11-03 13:00:00,3088.932979,0.396760,0.918575,0.072446
2022-11-03 14:00:00,3091.289718,0.363089,0.518622,0.038678
2022-11-03 15:00:00,3118.537630,0.339557,0.489356,0.004016
2022-11-03 16:00:00,3312.125349,0.416839,0.509029,0.000181
2022-11-03 17:00:00,3167.891932,0.363609,0.516445,0.000157
2022-11-03 18:00:00,2976.522990,0.351253,0.538816,0.000139
2022-11-03 19:00:00,2804.175045,0.369567,0.537970,0.000054
2022-11-03 20:00:00,2678.969866,0.370688,0.530920,0.000039
2022-11-03 21:00:00,2580.338684,0.333418,0.514006,0.000043
2022-11-03 22:00:00,2423.332601,0.328009,0.509453,0.000039
2022-11-03 23:00:00,2510.451357,0.299173,0.554714,0.000045
2022-11-04 00:00:00,2464.726130,0.298286,0.550368,0.000045
2022-11-04 01:00:00,2397.979204,0.327510,0.577962,0.000041
2022-11-04 02:00:00,2360.951399,0.303151,0.688947,0.000027
2022-11-04 03:00:00,2383.518499,0.322724,0.672421,0.000030
2022-11-04 04:00:00,2500.676256,0.270615,0.481453,0.000042
2022-11-04 05:00:00,2843.064703,0.328358,0.518414,0.000105
2022-11-04 06:00:00,3193.534046,0.392616,0.492528,0.000211
2022-11-04 07:00:00,3288.751360,0.454263,0.528381,0.007779
2022-11-04 08:00:00,3171.739436,0.498177,0.396085,0.035006
2022-11-04 09:00:00,3152.027238,0.485579,0.571024,0.085497
2022-11-04 10:00:00,3096.687249,0.544306,0.596301,0.104061
2022-11-04 11:00:00,3163.081347,0.602531,0.735041,0.142417
2022-11-04 12:00:00,3128.805933,0.615673,0.647358,0.167322
2022-11-04 13:00:00,2997.688255,0.715561,0.731615,0.126474
2022-11-04 14:00:00,2803.546024,0.745541,0.718105,0.066419
2022-11-04 15:00:00,2735.438534,0.767151,0.743280,0.005588
2022-11-04 16:00:00,2933.080269,0.780920,0.651182,0.000142
2022-11-04 17:00:00,2786.674155,0.745797,0.932041,0.000133
2022-11-04 18:00:00,2627.605831,0.710178,0.966687,0.000087
2022-11-04 19:00:00,2545.744517,0.698363,0.934671,0.000052
2022-11-04 20:00:00,2363.832722,0.665615,0.963678,0.000040
2022-11-04 21:00:00,2280.453039,0.589811,0.960385,0.000038
2022-11-04 22:00:00,2312.374120,0.551490,0.877888,0.000035
2022-11-04 23:00:00,2377.996882,0.513417,0.900081,0.000029
2022-11-05 00:00:00,2241.240128,0.494850,0.851586,0.000026
2022-11-05 01:00:00,2254.049878,0.461062,0.812208,0.000027
2022-11-05 02:00:00,2334.170823,0.346682,0.757091,0.000026
2022-11-05 03:00:00,2285.206751,0.302528,0.738446,0.000019
2022-11-05 04:00:00,2104.157548,0.294733,0.706028,0.000026
2022-11-05 05:00:00,2052.080920,0.278683,0.605277,0.000032
2022-11-05 06:00:00,2141.476479,0.280293,0.581106,0.003235
2022-11-05 07:00:00,2370.853064,0.261098,0.585772,0.064233
2022-11-05 08:00:00,2373.074233,0.238148,0.582922,0.208906
2022-11-05 09:00:00,2250.057232,0.235919,0.635089,0.355094
2022-11-05 10:00:00,2286.166959,0.263427,0.573155,0.333992
2022-11-05 11:00:00,2285.238684,0.285238,0.497568,0.341325
2022-11-05 12:00:00,2261.104467,0.254328,0.476866,0.300552
2022-11-05 13:00:00,2203.910885,0.229314,0.493371,0.177196
2022-11-05 14:00:00,2141.121056,0.199950,0.484068,0.064595
2022-11-05 15:00:00,2252.638728,0.216947,0.447534,0.003232
2022-11-05 16:00:00,2486.858668,0.233760,0.479760,0.000181
2022-11-05 17:00:00,2564.122128,0.257211,0.426189,0.000156
2022-11-05 18:00:00,2665.894398,0.257612,0.488194,0.000078
2022-11-05 19:00:00,2738.699451,0.209586,0.470200,0.000060
2022-11-05 20:00:00,2677.146165,0.240217,0.349130,0.000054
2022-11-05 21:00:00,2583.666290,0.257566,0.667567,0.000044
2022-11-05 22:00:00,2507.096296,0.277173,0.525348,0.000042
2022-11-05 23:00:00,2360.351131,0.383250,0.672143,0.000048
2022-11-06 00:00:00,2329.169179,0.437144,0.689902,0.000054
2022-11-06 01:00:00,2320.095189,0.505272,0.750431,0.000046
2022-11-06 02:00:00,2287.854725,0.572518,0.790922,0.000046
2022-11-06 03:00:00,2288.518601,0.524402,0.799673,0.000050
2022-11-06 04:00:00,2308.544024,0.508518,0.762585,0.000048
2022-11-06 05:00:00,2342.615274,0.484446,0.622030,0.000041
2022-11-06 06:00:00,2464.453307,0.381424,0.445068,0.000265
2022-11-06 07:00:00,2597.772744,0.244468,0.304482,0.023056
2022-11-06 08:00:00,2681.757825,0.209334,0.171900,0.091854
2022-11-06 09:00:00,2701.688549,0.244969,0.170313,0.136731
2022-11-06 10:00:00,2665.481521,0.202663,0.374092,0.147022
2022-11-06 11:00:00,2653.777523,0.253423,0.559917,0.131834
2022-11-06 12:00:00,2621.842602,0.234581,0.878001,0.098877
2022-11-06 13:00:00,2547.435788,0.285301,0.910300,0.047687
2022-11-06 14:00:00,2512.599173,0.312128,0.796092,0.012032
2022-11-06 15:00:00,2574.038483,0.358604,0.840737,0.000327
2022-11-06 16:00:00,2742.884409,0.447174,0.905295,0.000082
2022-11-06 17:00:00,2846.223389,0.489700,0.893472,0.000085
2022-11-06 18:00:00,2794.448144,0.420891,0.780848,0.000047
2022-11-06 19:00:00,2706.670747,0.553577,0.872241,0.000045
2022-11-06 20:00:00,2497.523960,0.647012,0.943481,0.000044
2022-11-06 21:00:00,2389.030927,0.606055,0.970688,0.000042
2022-11-06 22:00:00,2270.811077,0.702648,0.969117,0.000039
2022-11-06 23:00:00,2248.781793,0.669367,0.826024,0.000039
2022-11-07 00:00:00,2224.087056,0.663730,0.853273,0.000030
2022-11-07 01:00:00,2203.568259,0.735526,0.806263,0.000032
2022-11-07 02:00:00,2180.558900,0.804423,0.852888,0.000039
2022-11-07 03:00:00,2213.210622,0.818366,0.901156,0.000041
2022-11-07 04:00:00,2512.065131,0.655447,0.926157,0.000066
2022-11-07 05:00:00,2883.390075,0.558265,0.766302,0.000104
2022-11-07 06:00:00,3239.553546,0.558952,0.764614,0.001597
2022-11-07 07:00:00,3370.998273,0.487243,0.779826,0.025153
2022-11-07 08:00:00,3341.516113,0.539446,0.827686,0.070236
2022-11-07 09:00:00,3385.650361,0.526416,0.844241,0.130772
2022-11-07 10:00:00,3322.237742,0.558628,0.911413,0.185053
2022-11-07 11:00:00,3202.792406,0.515242,0.907698,0.205298
2022-11-07 12:00:00,3223.382584,0.497038,0.891780,0.202921
2022-11-07 13:00:00,3071.015418,0.455119,0.895728,0.131245
2022-11-07 14:00:00,3060.460528,0.372104,0.820498,0.048711
2022-11-07 15:00:00,3037.162500,0.316950,0.742215,0.002144
2022-11-07 16:00:00,3078.569841,0.315634,0.719254,0.000183
2022-11-07 17:00:00,3034.324746,0.278988,0.669299,0.000144
2022-11-07 18:00:00,2893.974856,0.278446,0.648644,0.000071
2022-11-07 19:00:00,2893.009332,0.241588,0.657358,0.000060
2022-11-07 20:00:00,2757.090691,0.254174,0.743487,0.000047
2022-11-07 21:00:00,2551.147943,0.286826,0.728476,0.000036
2022-11-07 22:00:00,2408.230170,0.316812,0.664902,0.000038
2022-11-07 23:00:00,2338.410586,0.316575,0.580099,0.000035
2022-11-08 00:00:00,2307.959132,0.282771,0.682388,0.000027
2022-11-08 01:00:00,2146.258253,0.294140,0.771415,0.000019
2022-11-08 02:00:00,2158.095746,0.325750,0.788599,0.000022
2022-11-08 03:00:00,2331.760265,0.338976,0.732859,0.000034
2022-11-08 04:00:00,2262.405847,0.392517,0.756717,0.000040
2022-11-08 05:00:00,2584.006156,0.389986,0.796641,0.000077
2022-11-08 06:00:00,2789.922013,0.394672,0.865436,0.000701
2022-11-08 07:00:00,3180.099509,0.385096,0.899654,0.018732
2022-11-08 08:00:00,3222.298248,0.351632,0.876173,0.072926
2022-11-08 09:00:00,3265.608358,0.409441,0.879386,0.153122
2022-11-08 10:00:00,3195.247866,0.442134,0.898757,0.172447
2022-11-08 11:00:00,3007.880164,0.486602,0.844723,0.191607
2022-11-08 12:00:00,3064.485888,0.546264,0.853008,0.161270
2022-11-08 13:00:00,3097.819289,0.555404,0.852245,0.087394
2022-11-08 14:00:00,2965.947404,0.545374,0.914794,0.026102
2022-11-08 15:00:00,2840.838397,0.547631,0.957141,0.001194
2022-11-08 16:00:00,2991.995495,0.531224,0.968677,0.000104
2022-11-08 17:00:00,2857.123390,0.541910,0.963957,0.000091
2022-11-08 18:00:00,3064.602335,0.456674,0.958782,0.000072
2022-11-08 19:00:00,2904.734011,0.463480,0.964996,0.000052
2022-11-08 20:00:00,2804.896675,0.418263,0.934135,0.000044
2022-11-08 21:00:00,2675.982869,0.436882,0.903790,0.000045
2022-11-08 22:00:00,2602.133373,0.430212,0.869987,0.000053
2022-11-08 23:00:00,2577.911253,0.418115,0.833524,0.000042
2022-11-09 00:00:00,2564.254665,0.521331,0.821998,0.000048
2022-11-09 01:00:00,2556.837071,0.463785,0.804384,0.000043
2022-11-09 02:00:00,2507.835304,0.465474,0.800946,0.000037
2022-11-09 03:00:00,2489.554705,0.427246,0.841553,0.000034
2022-11-09 04:00:00,2581.047601,0.404122,0.834145,0.000049
2022-11-09 05:00:00,2846.924857,0.440585,0.783550,0.000055
2022-11-09 06:00:00,3155.098584,0.568014,0.750373,0.000543
2022-11-09 07:00:00,3248.550797,0.423533,0.731040,0.032997
2022-11-09 08:00:00,3265.036680,0.394439,0.691980,0.108416
2022-11-09 09:00:00,3398.213922,0.416666,0.779685,0.192547
2022-11-09 10:00:00,3065.636952,0.474644,0.880290,0.207358
2022-11-09 11:00:00,2930.910400,0.460675,0.844877,0.228204
2022-11-09 12:00:00,2938.007686,0.424087,0.800401,0.175454
2022-11-09 13:00:00,2859.396966,0.383871,0.736909,0.109646
2022-11-09 14:00:00,2723.870430,0.317306,0.680150,0.030602
2022-11-09 15:00:00,2752.948580,0.261269,0.656373,0.001309
2022-11-09 16:00:00,2922.101243,0.208452,0.732292,0.000185
2022-11-09 17:00:00,2755.294916,0.208766,0.666579,0.000173
2022-11-09 18:00:00,2601.710761,0.214917,0.590071,0.000148
2022-11-09 19:00:00,2764.611374,0.184073,0.546938,0.000047
2022-11-09 20:00:00,2748.422718,0.155677,0.583378,0.000036
2022-11-09 21:00:00,2615.152441,0.172413,0.444456,0.000031
2022-11-09 22:00:00,2379.567330,0.205884,0.622065,0.000028
2022-11-09 23:00:00,2533.158560,0.159267,0.550533,0.000030
2022-11-10 00:00:00,2489.487011,0.193771,0.582644,0.000022
2022-11-10 01:00:00,2461.125111,0.208068,0.513879,0.000020
2022-11-10 02:00:00,2461.664087,0.176692,0.490393,0.000026
2022-11-10 03:00:00,2343.291945,0.185328,0.486207,0.000027
2022-11-10 04:00:00,2453.625008,0.218269,0.415143,0.000042
2022-11-10 05:00:00,2919.624678,0.217650,0.416657,0.000109
2022-11-10 06:00:00,3106.999182,0.311914,0.646852,0.001326
2022-11-10 07:00:00,3202.289471,0.283561,0.597654,0.019930
2022-11-10 08:00:00,3196.915238,0.291134,0.719295,0.048836
2022-11-10 09:00:00,3230.165589,0.384252,0.777437,0.066090
2022-11-10 10:00:00,3300.280714,0.407035,0.697837,0.073965
2022-11-10 11:00:00,3374.648201,0.462141,0.760496,0.079398
2022-11-10 12:00:00,3411.316632,0.487557,0.853813,0.057756
2022-11-10 13:00:00,3374.157950,0.527090,0.826953,0.035199
2022-11-10 14:00:00,3244.535399,0.524082,0.819391,0.016395
2022-11-10 15:00:00,3377.502117,0.534972,0.808061,0.000438
2022-11-10 16:00:00,3576.526378,0.551904,0.804410,0.000155
2022-11-10 17:00:00,3493.709531,0.561635,0.716599,0.000136
2022-11-10 18:00:00,3270.127015,0.563733,0.721559,0.000120
2022-11-10 19:00:00,3148.357096,0.597883,0.715373,0.000074
2022-11-10 20:00:00,2999.128549,0.654535,0.713581,0.000056
2022-11-10 21:00:00,2855.226522,0.650903,0.797603,0.000061
2022-11-10 22:00:00,2709.186659,0.625123,0.788714,0.000059
2022-11-10 23:00:00,2582.704635,0.620808,0.551884,0.000051
2022-11-11 00:00:00,2541.975033,0.579778,0.492102,0.000048
2022-11-11 01:00:00,2484.422529,0.585926,0.395475,0.000051
2022-11-11 02:00:00,2468.523501,0.576470,0.378580,0.000048
2022-11-11 03:00:00,2488.202654,0.577833,0.330675,0.000045
2022-11-11 04:00:00,2595.032141,0.572544,0.450987,0.000060
2022-11-11 05:00:00,2951.876289,0.584584,0.749945,0.000110
2022-11-11 06:00:00,3259.881459,0.623649,0.776881,0.000115
2022-11-11 07:00:00,3351.190167,0.598035,0.557883,0.005746
2022-11-11 08:00:00,3355.024295,0.811129,0.886164,0.021264
2022-11-11 09:00:00,3427.291043,0.748271,0.831433,0.034893
2022-11-11 10:00:00,3416.915171,0.643029,0.878620,0.043452
2022-11-11 11:00:00,3344.406223,0.701651,0.827958,0.057065
2022-11-11 12:00:00,3292.523122,0.799389,0.858784,0.058070
2022-11-11 13:00:00,3143.698051,0.795282,0.883600,0.049390
2022-11-11 14:00:00,3023.342898,0.799671,0.838776,0.025342
2022-11-11 15:00:00,3141.347946,0.756666,0.846244,0.000719
2022-11-11 16:00:00,3126.171497,0.808786,0.956527,0.000098
2022-11-11 17:00:00,2994.710600,0.797953,0.895598,0.000100
2022-11-11 18:00:00,2922.972724,0.707653,0.932048,0.000075
2022-11-11 19:00:00,2813.413808,0.667202,0.950829,0.000091
2022-11-11 20:00:00,2689.781008,0.673398,0.954706,0.000075
2022-11-11 21:00:00,2648.869856,0.591730,0.934565,0.000073
2022-11-11 22:00:00,2557.605316,0.649290,0.885067,0.000055
2022-11-11 23:00:00,2426.809397,0.584804,0.823045,0.000041
2022-11-12 00:00:00,2354.128106,0.534120,0.793637,0.000035
2022-11-12 01:00:00,2286.479678,0.542384,0.857734,0.000032
2022-11-12 02:00:00,2080.459055,0.572081,0.854553,0.000034
2022-11-12 03:00:00,1831.451544,0.498065,0.786627,0.000031
2022-11-12 04:00:00,1790.283145,0.407543,0.662712,0.000033
2022-11-12 05:00:00,1868.810825,0.317364,0.566947,0.000040
2022-11-12 06:00:00,1991.823835,0.234628,0.478983,0.000103
2022-11-12 07:00:00,2112.204484,0.180596,0.461666,0.008751
2022-11-12 08:00:00,2190.017144,0.142506,0.352906,0.033977
2022-11-12 09:00:00,2234.072020,0.141335,0.361644,0.066990
2022-11-12 10:00:00,2237.783105,0.136914,0.348846,0.083745
2022-11-12 11:00:00,2220.937248,0.119010,0.330629,0.075010
2022-11-12 12:00:00,2200.212164,0.103131,0.248958,0.053264
2022-11-12 13:00:00,2172.291046,0.084240,0.154313,0.025015
2022-11-12 14:00:00,2177.148527,0.069107,0.160337,0.007303
2022-11-12 15:00:00,2289.211843,0.053860,0.110994,0.000307
2022-11-12 16:00:00,2459.348024,0.045028,0.114967,0.000104
2022-11-12 17:00:00,2333.551664,0.039285,0.082596,0.000087
2022-11-12 18:00:00,2165.990210,0.047518,0.082696,0.000083
2022-11-12 19:00:00,2057.878919,0.053829,0.068321,0.000071
2022-11-12 20:00:00,1961.819501,0.049791,0.074275,0.000067
2022-11-12 21:00:00,1872.409621,0.041699,0.071280,0.000043
2022-11-12 22:00:00,1793.150525,0.041274,0.038978,0.000028
2022-11-12 23:00:00,1727.849059,0.039493,0.067043,0.000025
2022-11-13 00:00:00,1682.298910,0.038362,0.104148,0.000023
2022-11-13 01:00:00,1655.338184,0.037878,0.087401,0.000018
2022-11-13 02:00:00,1652.886524,0.033205,0.024558,0.000022
2022-11-13 03:00:00,1656.425506,0.023495,0.033835,0.000021
2022-11-13 04:00:00,1685.962131,0.019062,0.029500,0.000021
2022-11-13 05:00:00,1764.186750,0.013420,0.014109,0.000026
2022-11-13 06:00:00,1898.128377,0.013557,0.007516,0.000229
2022-11-13 07:00:00,2021.099786,0.019111,0.028950,0.017222
2022-11-13 08:00:00,2117.089499,0.023964,0.029006,0.081619
2022-11-13 09:00:00,2163.567715,0.030676,0.035021,0.140459
2022-11-13 10:00:00,2175.647933,0.042687,0.049727,0.199049
2022-11-13 11:00:00,2166.961693,0.049159,0.061008,0.234228
2022-11-13 12:00:00,2167.157671,0.064946,0.078551,0.204922
2022-11-13 13:00:00,2158.323943,0.087858,0.133274,0.112654
2022-11-13 14:00:00,2178.607027,0.111822,0.201798,0.033136
2022-11-13 15:00:00,2326.679326,0.138581,0.280926,0.001209
2022-11-13 16:00:00,2561.624672,0.153677,0.389081,0.000158
2022-11-13 17:00:00,2453.547007,0.173837,0.478956,0.000071
2022-11-13 18:00:00,2307.058108,0.179069,0.515106,0.000059
2022-11-13 19:00:00,2171.542959,0.187187,0.430536,0.000045
2022-11-13 20:00:00,2090.491722,0.211988,0.459252,0.000039
2022-11-13 21:00:00,2324.889304,0.227343,0.519568,0.000035
2022-11-13 22:00:00,2283.291554,0.239472,0.548840,0.000033
2022-11-13 23:00:00,2443.486827,0.208425,0.503397,0.000031
2022-11-14 00:00:00,2437.881760,0.221135,0.524452,0.000023
2022-11-14 01:00:00,2456.276874,0.201446,0.497632,0.000020
2022-11-14 02:00:00,2404.159651,0.252487,0.601123,0.000018
2022-11-14 03:00:00,2515.381675,0.213002,0.552139,0.000024
2022-11-14 04:00:00,2610.640248,0.293110,0.636791,0.000036
2022-11-14 05:00:00,2411.935876,0.365079,0.807167,0.000069
2022-11-14 06:00:00,2818.986340,0.428176,0.782987,0.000096
2022-11-14 07:00:00,3039.005675,0.474010,0.862842,0.007604
2022-11-14 08:00:00,2950.811159,0.508531,0.866526,0.034716
2022-11-14 09:00:00,3107.510523,0.489836,0.854213,0.068750
2022-11-14 10:00:00,3202.353026,0.495871,0.778315,0.099279
2022-11-14 11:00:00,3176.282697,0.486216,0.783395,0.119568
2022-11-14 12:00:00,3036.395613,0.445337,0.787102,0.097632
2022-11-14 13:00:00,2824.801971,0.407886,0.791264,0.061557
2022-11-14 14:00:00,2743.294207,0.418431,0.775780,0.020790
2022-11-14 15:00:00,2943.091486,0.422004,0.852699,0.000509
2022-11-14 16:00:00,3168.937177,0.442461,0.841945,0.000108
2022-11-14 17:00:00,3366.347783,0.398329,0.856139,0.000121
2022-11-14 18:00:00,3184.057634,0.347007,0.866258,0.000103
2022-11-14 19:00:00,2787.235104,0.334981,0.808882,0.000115
2022-11-14 20:00:00,2395.265652,0.284889,0.728132,0.000038
2022-11-14 21:00:00,2240.555005,0.271070,0.642995,0.000031
2022-11-14 22:00:00,2110.093314,0.258491,0.579718,0.000026
2022-11-14 23:00:00,2326.908146,0.240892,0.545217,0.000027
2022-11-15 00:00:00,2181.471516,0.259264,0.614321,0.000023
2022-11-15 01:00:00,2339.947291,0.282407,0.698541,0.000021
2022-11-15 02:00:00,2389.107471,0.301375,0.683930,0.000028
2022-11-15 03:00:00,2274.241544,0.312587,0.754549,0.000034
2022-11-15 04:00:00,2261.411973,0.331675,0.810755,0.000039
2022-11-15 05:00:00,2537.057704,0.337363,0.844091,0.000045
2022-11-15 06:00:00,2890.754932,0.361768,0.894002,0.000360
2022-11-15 07:00:00,2989.475052,0.371787,0.893932,0.007586
2022-11-15 08:00:00,2992.613938,0.362410,0.856300,0.029884
2022-11-15 09:00:00,3042.254467,0.351441,0.756569,0.050348
2022-11-15 10:00:00,3034.516010,0.385176,0.816057,0.045702
2022-11-15 11:00:00,3025.467027,0.448674,0.910517,0.036966
2022-11-15 12:00:00,3054.948978,0.498394,0.950789,0.030674
2022-11-15 13:00:00,3013.411668,0.532774,0.948339,0.020894
2022-11-15 14:00:00,2962.257991,0.553753,0.953519,0.006437
2022-11-15 15:00:00,3030.574057,0.608008,0.949204,0.000089
2022-11-15 16:00:00,3210.053783,0.633360,0.997585,0.000096
2022-11-15 17:00:00,3133.253378,0.709888,0.946786,0.000078
2022-11-15 18:00:00,2996.505977,0.778895,0.970492,0.000053
2022-11-15 19:00:00,3235.631056,0.799486,0.938478,0.000044
2022-11-15 20:00:00,3191.510513,0.690961,0.927722,0.000047
2022-11-15 21:00:00,3064.718947,0.683789,0.855623,0.000065
2022-11-15 22:00:00,2850.043533,0.689784,0.833716,0.000079
2022-11-15 23:00:00,2817.478422,0.712288,0.816156,0.000068
2022-11-16 00:00:00,2770.258384,0.731371,0.842724,0.000060
2022-11-16 01:00:00,2762.127683,0.751247,0.844261,0.000051
2022-11-16 02:00:00,2745.991659,0.728674,0.869228,0.000050
2022-11-16 03:00:00,2770.508412,0.744467,0.823390,0.000055
2022-11-16 04:00:00,2881.835490,0.721885,0.874034,0.000056
2022-11-16 05:00:00,3156.332429,0.866647,0.850987,0.000066
2022-11-16 06:00:00,3273.517201,0.961351,0.986862,0.000180
2022-11-16 07:00:00,3564.135895,0.850909,0.983310,0.005591
2022-11-16 08:00:00,3544.541072,0.933953,0.988795,0.024309
2022-11-16 09:00:00,3447.604499,0.942639,0.986531,0.040816
2022-11-16 10:00:00,3482.592840,0.937552,0.984286,0.046972
2022-11-16 11:00:00,3433.204864,0.925689,0.988119,0.044312
2022-11-16 12:00:00,3407.961872,0.911259,1.000000,0.033770
2022-11-16 13:00:00,3359.546387,0.894515,0.997022,0.022863
2022-11-16 14:00:00,3302.162181,0.890492,0.982534,0.005438
2022-11-16 15:00:00,3362.869278,0.900633,0.997296,0.000132
2022-11-16 16:00:00,3487.174403,0.909896,0.987205,0.000112
2022-11-16 17:00:00,3339.646518,0.925752,0.989786,0.000093
2022-11-16 18:00:00,3210.339736,0.930888,0.994772,0.000088
2022-11-16 19:00:00,3095.116037,0.934773,0.983478,0.000051
2022-11-16 20:00:00,3152.627705,0.919298,0.972406,0.000050
2022-11-16 21:00:00,2846.718096,0.939992,0.994196,0.000051
2022-11-16 22:00:00,2974.892160,0.788919,0.972596,0.000053
2022-11-16 23:00:00,2869.054114,0.756015,0.858903,0.000057
2022-11-17 00:00:00,2818.719425,0.794350,0.956960,0.000053
2022-11-17 01:00:00,2730.398089,0.867756,0.912529,0.000052
2022-11-17 02:00:00,2748.072927,0.903528,0.897320,0.000059
2022-11-17 03:00:00,2577.670972,0.933771,0.867599,0.000068
2022-11-17 04:00:00,2834.511452,0.937498,0.907631,0.000064
2022-11-17 05:00:00,3244.567548,0.831547,0.902038,0.000067
2022-11-17 06:00:00,3438.153791,0.960320,0.944366,0.000088
2022-11-17 07:00:00,3436.024940,0.942959,0.932213,0.010549
2022-11-17 08:00:00,3404.857187,0.931566,0.870453,0.054927
2022-11-17 09:00:00,3456.758684,0.937486,0.857392,0.093781
2022-11-17 10:00:00,3466.103614,0.946493,0.883985,0.138516
2022-11-17 11:00:00,3428.577595,0.948733,0.850031,0.170773
2022-11-17 12:00:00,3401.090875,0.945912,0.827992,0.167648
2022-11-17 13:00:00,3379.967551,0.942779,0.833478,0.083993
2022-11-17 14:00:00,3460.736443,0.980156,0.856695,0.024960
2022-11-17 15:00:00,3389.453956,0.988092,0.865262,0.000367
2022-11-17 16:00:00,3503.388789,0.986392,0.877073,0.000091
2022-11-17 17:00:00,3413.072417,0.979875,0.902617,0.000095
2022-11-17 18:00:00,3218.653833,0.971430,0.923838,0.000084
2022-11-17 19:00:00,3113.620095,0.962868,0.910292,0.000076
2022-11-17 20:00:00,3022.290019,0.966970,0.874870,0.000074
2022-11-17 21:00:00,2877.165078,0.951856,0.880877,0.000067
2022-11-17 22:00:00,2926.262718,0.929754,0.880746,0.000055
2022-11-17 23:00:00,2811.104563,0.894868,0.919531,0.000050
2022-11-18 00:00:00,2805.329055,0.805389,0.930551,0.000043
2022-11-18 01:00:00,2766.549146,0.760987,0.923430,0.000042
2022-11-18 02:00:00,2726.654470,0.725162,0.973569,0.000048
2022-11-18 03:00:00,2688.860151,0.765029,0.951247,0.000088
2022-11-18 04:00:00,2804.502120,0.688721,0.975303,0.000094
2022-11-18 05:00:00,3106.843358,0.632727,0.958106,0.000110
2022-11-18 06:00:00,3284.396083,0.714743,0.987763,0.000141
2022-11-18 07:00:00,3434.768929,0.725115,0.983196,0.010110
2022-11-18 08:00:00,3367.119279,0.740330,0.971762,0.061140
2022-11-18 09:00:00,3601.634665,0.760060,0.943645,0.135780
2022-11-18 10:00:00,3602.241516,0.762935,0.966698,0.192861
2022-11-18 11:00:00,3552.247785,0.680070,0.980309,0.172545
2022-11-18 12:00:00,3495.587585,0.691445,0.976585,0.184334
2022-11-18 13:00:00,3309.500121,0.648591,0.938424,0.114821
2022-11-18 14:00:00,3207.176084,0.594540,0.967722,0.044283
2022-11-18 15:00:00,3327.832299,0.560724,0.964775,0.000621
2022-11-18 16:00:00,3414.783384,0.551733,0.988164,0.000165
2022-11-18 17:00:00,3037.654031,0.575095,0.948576,0.000120
2022-11-18 18:00:00,2780.235191,0.546720,0.970019,0.000109
2022-11-18 19:00:00,2678.377399,0.515636,0.928140,0.000098
2022-11-18 20:00:00,2551.651476,0.445137,0.893524,0.000055
2022-11-18 21:00:00,2430.313619,0.357512,0.761401,0.000049
2022-11-18 22:00:00,2347.101772,0.296724,0.717270,0.000038
2022-11-18 23:00:00,2189.441248,0.269380,0.676622,0.000038
2022-11-19 00:00:00,2152.624438,0.281238,0.795267,0.000027
2022-11-19 01:00:00,2138.692841,0.301845,0.756339,0.000025
2022-11-19 02:00:00,2070.909676,0.326186,0.683072,0.000030
2022-11-19 03:00:00,2069.802528,0.282777,0.600994,0.000028
2022-11-19 04:00:00,2096.847292,0.261364,0.661028,0.000030
2022-11-19 05:00:00,2225.512285,0.275887,0.778055,0.000037
2022-11-19 06:00:00,2403.335945,0.291906,0.833516,0.000114
2022-11-19 07:00:00,2450.423023,0.318037,0.782465,0.011544
2022-11-19 08:00:00,2511.211606,0.292246,0.634238,0.065955
2022-11-19 09:00:00,2552.451513,0.269739,0.700123,0.123278
2022-11-19 10:00:00,2512.594099,0.281788,0.659076,0.155822
2022-11-19 11:00:00,2493.987133,0.312569,0.545154,0.136310
2022-11-19 12:00:00,2473.767360,0.297836,0.567205,0.095671
2022-11-19 13:00:00,2468.009725,0.278954,0.486271,0.051608
2022-11-19 14:00:00,2459.657524,0.269008,0.487253,0.011315
2022-11-19 15:00:00,2562.491440,0.261791,0.503665,0.000174
2022-11-19 16:00:00,2722.348043,0.278308,0.519416,0.000152
2022-11-19 17:00:00,2627.306441,0.283813,0.516597,0.000187
2022-11-19 18:00:00,2458.238747,0.279318,0.538589,0.000143
2022-11-19 19:00:00,2342.950749,0.291113,0.582513,0.000117
2022-11-19 20:00:00,2256.177902,0.270114,0.569092,0.000077
2022-11-19 21:00:00,2174.983867,0.276034,0.558362,0.000059
2022-11-19 22:00:00,2102.552222,0.285971,0.556462,0.000042
2022-11-19 23:00:00,2034.107532,0.282395,0.528953,0.000054
2022-11-20 00:00:00,2050.438977,0.286248,0.548938,0.000043
2022-11-20 01:00:00,2049.858073,0.298666,0.577325,0.000041
2022-11-20 02:00:00,2041.785777,0.287456,0.681182,0.000039
2022-11-20 03:00:00,2042.274294,0.268149,0.729872,0.000041
2022-11-20 04:00:00,2064.132604,0.268798,0.724887,0.000041
2022-11-20 05:00:00,2055.610788,0.244470,0.685874,0.000038
2022-11-20 06:00:00,2191.815898,0.227380,0.621133,0.000062
2022-11-20 07:00:00,2305.016988,0.191996,0.501292,0.012094
2022-11-20 08:00:00,2375.186309,0.162817,0.442430,0.094925
2022-11-20 09:00:00,2406.508420,0.112717,0.365403,0.230435
2022-11-20 10:00:00,2404.956423,0.091669,0.319173,0.321727
2022-11-20 11:00:00,2385.678247,0.076433,0.246191,0.328975
2022-11-20 12:00:00,2359.092469,0.057871,0.158760,0.278187
2022-11-20 13:00:00,2338.134228,0.042947,0.100339,0.165489
2022-11-20 14:00:00,2375.687747,0.032349,0.052678,0.051416
2022-11-20 15:00:00,2553.805221,0.038524,0.051133,0.000583
2022-11-20 16:00:00,2780.935165,0.046635,0.058730,0.000134
2022-11-20 17:00:00,2679.633857,0.052464,0.047720,0.000101
2022-11-20 18:00:00,2515.125832,0.046717,0.027536,0.000069
2022-11-20 19:00:00,2402.833922,0.033947,0.019450,0.000056
2022-11-20 20:00:00,2311.288526,0.034266,0.017838,0.000051
2022-11-20 21:00:00,2226.906774,0.042151,0.021280,0.000047
2022-11-20 22:00:00,2159.041224,0.048946,0.026103,0.000037
2022-11-20 23:00:00,2233.751265,0.064694,0.060733,0.000042
2022-11-21 00:00:00,2205.170535,0.072652,0.097139,0.000040
2022-11-21 01:00:00,2167.031216,0.082978,0.128671,0.000039
2022-11-21 02:00:00,2139.065470,0.105331,0.265333,0.000033
2022-11-21 03:00:00,2147.930354,0.105923,0.260616,0.000033
2022-11-21 04:00:00,2290.538558,0.089670,0.177952,0.000041
2022-11-21 05:00:00,2567.645345,0.065159,0.148914,0.000048
2022-11-21 06:00:00,2931.478794,0.056852,0.146086,0.000057
2022-11-21 07:00:00,3048.170261,0.035763,0.059872,0.000483
2022-11-21 08:00:00,3059.535970,0.021276,0.048323,0.011468
2022-11-21 09:00:00,3102.857799,0.011850,0.018516,0.059215
2022-11-21 10:00:00,3067.558948,0.008998,0.007066,0.109936
2022-11-21 11:00:00,2993.208754,0.007535,0.003223,0.101375
2022-11-21 12:00:00,2998.904800,0.007505,0.001535,0.090811
2022-11-21 13:00:00,2942.674996,0.008718,0.001832,0.056642
2022-11-21 14:00:00,2902.853245,0.010947,0.003245,0.015124
2022-11-21 15:00:00,2993.823802,0.020977,0.036884,0.000174
2022-11-21 16:00:00,3163.763948,0.042111,0.115150,0.000088
2022-11-21 17:00:00,3027.101868,0.054261,0.152286,0.000064
2022-11-21 18:00:00,2837.244195,0.064849,0.144978,0.000053
2022-11-21 19:00:00,2729.276115,0.074073,0.173825,0.000039
2022-11-21 20:00:00,2607.135793,0.078223,0.271836,0.000044
2022-11-21 21:00:00,2469.452285,0.088568,0.402323,0.000040
2022-11-21 22:00:00,2366.280667,0.102579,0.522568,0.000032
2022-11-21 23:00:00,2461.026615,0.100734,0.524539,0.000028
2022-11-22 00:00:00,2424.188618,0.114761,0.636758,0.000026
2022-11-22 01:00:00,2433.420635,0.135668,0.640007,0.000028
2022-11-22 02:00:00,2434.135954,0.174155,0.647331,0.000033
2022-11-22 03:00:00,2451.739253,0.222319,0.733771,0.000082
2022-11-22 04:00:00,2593.531727,0.295277,0.877335,0.000105
2022-11-22 05:00:00,3026.586294,0.358456,0.959936,0.000095
2022-11-22 06:00:00,3086.223273,0.390068,0.982001,0.000131
2022-11-22 07:00:00,3151.580100,0.427003,0.986425,0.002248
2022-11-22 08:00:00,3152.541775,0.487848,0.974709,0.014746
2022-11-22 09:00:00,3191.378823,0.517162,0.970187,0.028691
2022-11-22 10:00:00,3199.382488,0.555831,0.965483,0.035315
2022-11-22 11:00:00,3155.115022,0.584173,0.935035,0.031719
2022-11-22 12:00:00,3188.688171,0.600356,0.946092,0.024012
2022-11-22 13:00:00,3113.561872,0.599585,0.944564,0.015209
2022-11-22 14:00:00,3048.087709,0.605882,0.935787,0.005063
2022-11-22 15:00:00,3119.569115,0.593124,0.937545,0.000191
2022-11-22 16:00:00,3242.758204,0.557372,0.979659,0.000116
2022-11-22 17:00:00,3071.169166,0.508836,0.974246,0.000123
2022-11-22 18:00:00,2870.909414,0.463997,0.964686,0.000108
2022-11-22 19:00:00,2727.078627,0.449601,0.949015,0.000059
2022-11-22 20:00:00,2608.684388,0.445397,0.950507,0.000041
2022-11-22 21:00:00,2474.476611,0.455704,0.963834,0.000040
2022-11-22 22:00:00,2342.567615,0.448318,0.974962,0.000032
2022-11-22 23:00:00,2304.732061,0.438985,0.969546,0.000029
2022-11-23 00:00:00,2265.589861,0.416216,0.953949,0.000026
2022-11-23 01:00:00,2276.668027,0.397124,0.958555,0.000025
2022-11-23 02:00:00,2271.437967,0.381713,0.959840,0.000030
2022-11-23 03:00:00,2284.621403,0.379099,0.957587,0.000034
2022-11-23 04:00:00,2330.206955,0.367612,0.961999,0.000039
2022-11-23 05:00:00,2626.046927,0.386583,0.966790,0.000086
2022-11-23 06:00:00,3006.789109,0.418486,0.955205,0.000095
2022-11-23 07:00:00,3113.402674,0.447847,0.971832,0.001582
2022-11-23 08:00:00,3118.173814,0.455583,0.976791,0.013967
2022-11-23 09:00:00,3162.098036,0.447448,0.976512,0.027910
2022-11-23 10:00:00,3152.307743,0.426550,0.977279,0.035946
2022-11-23 11:00:00,3086.356921,0.419999,0.968645,0.040920
2022-11-23 12:00:00,3107.883814,0.409224,0.977821,0.039072
2022-11-23 13:00:00,3047.686548,0.419908,0.971434,0.024237
2022-11-23 14:00:00,2979.017495,0.426999,0.982770,0.006059
2022-11-23 15:00:00,3035.993936,0.438988,0.983049,0.000136
2022-11-23 16:00:00,3153.347492,0.450552,0.982649,0.000134
2022-11-23 17:00:00,2992.838131,0.472780,0.985922,0.000136
2022-11-23 18:00:00,2919.278129,0.500107,0.984564,0.000092
2022-11-23 19:00:00,2899.551012,0.508818,0.985988,0.000033
2022-11-23 20:00:00,2640.978200,0.512867,0.984502,0.000028
2022-11-23 21:00:00,2472.227191,0.488209,0.983240,0.000025
2022-11-23 22:00:00,2386.485857,0.485937,0.981920,0.000032
2022-11-23 23:00:00,2245.515721,0.494059,0.982354,0.000037
2022-11-24 00:00:00,2642.761731,0.412645,0.983241,0.000036
2022-11-24 01:00:00,2606.418372,0.446631,0.961222,0.000032
2022-11-24 02:00:00,2497.919399,0.430857,0.925462,0.000027
2022-11-24 03:00:00,2269.957107,0.395473,0.888568,0.000030
2022-11-24 04:00:00,2294.774986,0.368311,0.845272,0.000049
2022-11-24 05:00:00,2544.590930,0.346595,0.743719,0.000114
2022-11-24 06:00:00,2876.087467,0.300167,0.703963,0.000134
2022-11-24 07:00:00,2984.468280,0.251536,0.733362,0.002587
2022-11-24 08:00:00,2960.270678,0.228818,0.587128,0.017977
2022-11-24 09:00:00,3015.806136,0.207301,0.498770,0.036621
2022-11-24 10:00:00,3009.396176,0.187218,0.443837,0.058367
2022-11-24 11:00:00,2935.777594,0.169422,0.319937,0.050564
2022-11-24 12:00:00,2953.619020,0.169659,0.296494,0.042029
2022-11-24 13:00:00,2902.210129,0.171752,0.278311,0.024817
2022-11-24 14:00:00,2834.495694,0.172625,0.206597,0.012103
2022-11-24 15:00:00,2894.887674,0.182297,0.197287,0.000151
2022-11-24 16:00:00,3013.207633,0.194707,0.276924,0.000126
2022-11-24 17:00:00,2886.163697,0.199092,0.364763,0.000120
2022-11-24 18:00:00,2709.934517,0.195542,0.397763,0.000123
2022-11-24 19:00:00,2580.986896,0.186582,0.416312,0.000071
2022-11-24 20:00:00,2459.904108,0.187995,0.475194,0.000061
2022-11-24 21:00:00,2329.284263,0.202254,0.565203,0.000047
2022-11-24 22:00:00,2237.915574,0.226698,0.663250,0.000061
2022-11-24 23:00:00,2567.010257,0.246087,0.741900,0.000067
2022-11-25 00:00:00,2610.926366,0.238385,0.765000,0.000057
2022-11-25 01:00:00,2532.271592,0.296153,0.761965,0.000039
2022-11-25 02:00:00,2534.114312,0.327571,0.731049,0.000032
2022-11-25 03:00:00,2604.091996,0.330424,0.798055,0.000038
2022-11-25 04:00:00,2495.823382,0.454908,0.915046,0.000050
2022-11-25 05:00:00,2784.727337,0.495675,0.922785,0.000076
2022-11-25 06:00:00,2934.742114,0.508166,0.941705,0.000124
2022-11-25 07:00:00,2974.564334,0.513215,0.956411,0.006025
2022-11-25 08:00:00,2945.924578,0.489155,0.909756,0.023859
2022-11-25 09:00:00,2984.045449,0.461985,0.846452,0.038067
2022-11-25 10:00:00,2953.642130,0.422897,0.671839,0.042262
2022-11-25 11:00:00,2865.193697,0.390166,0.623333,0.041708
2022-11-25 12:00:00,2803.173421,0.347452,0.640307,0.031590
2022-11-25 13:00:00,2714.034019,0.306314,0.647499,0.022100
2022-11-25 14:00:00,2663.607901,0.292882,0.584895,0.008293
2022-11-25 15:00:00,2728.352181,0.292344,0.457532,0.000121
2022-11-25 16:00:00,2835.884931,0.293722,0.502330,0.000086
2022-11-25 17:00:00,2731.830576,0.252922,0.576589,0.000086
2022-11-25 18:00:00,2560.605682,0.215417,0.578008,0.000070
2022-11-25 19:00:00,2424.152869,0.189133,0.508537,0.000062
2022-11-25 20:00:00,2310.614211,0.151239,0.413620,0.000059
2022-11-25 21:00:00,2180.425426,0.118168,0.409908,0.000046
2022-11-25 22:00:00,2095.789552,0.098895,0.405481,0.000054
2022-11-25 23:00:00,2019.275628,0.085071,0.307220,0.000028
2022-11-26 00:00:00,1957.184046,0.073923,0.250001,0.000019
2022-11-26 01:00:00,1924.172902,0.065755,0.204059,0.000031
2022-11-26 02:00:00,1881.771241,0.072392,0.155656,0.000026
2022-11-26 03:00:00,1869.380917,0.070071,0.151489,0.000021
2022-11-26 04:00:00,1883.747318,0.076111,0.139563,0.000027
2022-11-26 05:00:00,1982.272805,0.089065,0.101979,0.000029
2022-11-26 06:00:00,2149.626947,0.093999,0.105819,0.000034
2022-11-26 07:00:00,2289.256599,0.096129,0.100340,0.005956
2022-11-26 08:00:00,2369.661907,0.087860,0.123396,0.058986
2022-11-26 09:00:00,2399.897831,0.084701,0.137077,0.145809
2022-11-26 10:00:00,2370.398830,0.062948,0.165029,0.205252
2022-11-26 11:00:00,2328.086534,0.047381,0.186712,0.232677
2022-11-26 12:00:00,2298.484108,0.044313,0.153481,0.188730
2022-11-26 13:00:00,2283.845787,0.059118,0.117214,0.075018
2022-11-26 14:00:00,2310.336143,0.070957,0.119890,0.008424
2022-11-26 15:00:00,2433.395910,0.080953,0.134576,0.000079
2022-11-26 16:00:00,2533.628263,0.103674,0.230077,0.000085
2022-11-26 17:00:00,2442.789607,0.111607,0.265309,0.000079
2022-11-26 18:00:00,2325.531438,0.126980,0.243053,0.000044
2022-11-26 19:00:00,2217.044083,0.140193,0.284114,0.000038
2022-11-26 20:00:00,2129.495412,0.158466,0.378307,0.000035
2022-11-26 21:00:00,2043.147525,0.178250,0.510420,0.000031
2022-11-26 22:00:00,1973.422621,0.207301,0.418509,0.000035
2022-11-26 23:00:00,1927.867240,0.193336,0.451617,0.000028
2022-11-27 00:00:00,1878.910081,0.189912,0.499385,0.000022
2022-11-27 01:00:00,1866.083804,0.217882,0.519218,0.000022
2022-11-27 02:00:00,1926.456041,0.241296,0.624400,0.000019
2022-11-27 03:00:00,1914.747934,0.283194,0.699087,0.000025
2022-11-27 04:00:00,1942.533381,0.339617,0.753259,0.000031
2022-11-27 05:00:00,1985.987237,0.357754,0.778170,0.000034
2022-11-27 06:00:00,2108.380982,0.371053,0.805886,0.000055
2022-11-27 07:00:00,2241.250947,0.371035,0.799728,0.006025
2022-11-27 08:00:00,2332.104976,0.385347,0.805596,0.039895
2022-11-27 09:00:00,2377.202478,0.412502,0.819517,0.070416
2022-11-27 10:00:00,2392.406848,0.414532,0.804049,0.079333
2022-11-27 11:00:00,2386.712843,0.389724,0.765812,0.077131
2022-11-27 12:00:00,2374.036278,0.354177,0.746350,0.053296
2022-11-27 13:00:00,2388.091793,0.304311,0.765988,0.024189
2022-11-27 14:00:00,2421.005217,0.299204,0.823261,0.003570
2022-11-27 15:00:00,2539.950589,0.315864,0.931097,0.000083
2022-11-27 16:00:00,2698.108260,0.321242,0.940209,0.000080
2022-11-27 17:00:00,2610.528723,0.305133,0.943946,0.000060
2022-11-27 18:00:00,2452.736378,0.283234,0.941313,0.000037
2022-11-27 19:00:00,2350.986170,0.278195,0.918956,0.000038
2022-11-27 20:00:00,2276.500052,0.260829,0.900072,0.000040
2022-11-27 21:00:00,2179.038487,0.259497,0.899165,0.000031
2022-11-27 22:00:00,2142.123009,0.286687,0.914211,0.000026
2022-11-27 23:00:00,2515.855641,0.335343,0.907242,0.000034
2022-11-28 00:00:00,2560.031125,0.301343,0.886574,0.000025
2022-11-28 01:00:00,2531.600198,0.302438,0.908133,0.000027
2022-11-28 02:00:00,2509.369352,0.413610,0.939883,0.000023
2022-11-28 03:00:00,2493.316947,0.466062,0.952046,0.000027
2022-11-28 04:00:00,2548.970554,0.550648,0.951230,0.000038
2022-11-28 05:00:00,2928.762496,0.532014,0.924464,0.000062
2022-11-28 06:00:00,3351.530668,0.608282,0.936591,0.000119
2022-11-28 07:00:00,3542.988801,0.577414,0.978623,0.001036
2022-11-28 08:00:00,3561.751172,0.602658,0.973754,0.010977
2022-11-28 09:00:00,3570.226748,0.669965,0.982362,0.031012
2022-11-28 10:00:00,3576.742503,0.674183,0.985660,0.038574
2022-11-28 11:00:00,3585.753213,0.610242,0.962372,0.034966
2022-11-28 12:00:00,3417.153430,0.598222,0.976650,0.026873
2022-11-28 13:00:00,3356.694549,0.573104,0.985792,0.014653
2022-11-28 14:00:00,3116.830672,0.569312,0.985802,0.002376
2022-11-28 15:00:00,3177.494427,0.547964,0.949669,0.000116
2022-11-28 16:00:00,3447.786175,0.544724,0.977471,0.000098
2022-11-28 17:00:00,3099.461158,0.529134,0.919580,0.000086
2022-11-28 18:00:00,2911.816516,0.521077,0.948469,0.000073
2022-11-28 19:00:00,2724.400977,0.501819,0.960854,0.000060
2022-11-28 20:00:00,2603.106886,0.464057,0.931028,0.000036
2022-11-28 21:00:00,2468.203031,0.435890,0.903125,0.000036
2022-11-28 22:00:00,2344.024726,0.414775,0.920463,0.000036
2022-11-28 23:00:00,2240.231460,0.404261,0.890869,0.000029
2022-11-29 00:00:00,2174.895684,0.368994,0.860240,0.000029
2022-11-29 01:00:00,2126.205994,0.335271,0.844879,0.000030
2022-11-29 02:00:00,2098.076193,0.314457,0.775534,0.000021
2022-11-29 03:00:00,2111.501486,0.295175,0.745921,0.000026
2022-11-29 04:00:00,2241.723669,0.263176,0.740776,0.000039
2022-11-29 05:00:00,2591.615068,0.246073,0.668349,0.000063
2022-11-29 06:00:00,2942.998978,0.230846,0.621843,0.000095
2022-11-29 07:00:00,3025.231922,0.210635,0.591035,0.000972
2022-11-29 08:00:00,3000.122399,0.173968,0.536790,0.014409
2022-11-29 09:00:00,3044.307221,0.171857,0.542071,0.034957
2022-11-29 10:00:00,3034.377913,0.152802,0.568679,0.052155
2022-11-29 11:00:00,2978.856394,0.145405,0.495118,0.059950
2022-11-29 12:00:00,2992.065367,0.139061,0.505909,0.045581
2022-11-29 13:00:00,2940.002274,0.130300,0.493282,0.025989
2022-11-29 14:00:00,2888.039887,0.134048,0.506733,0.008548
2022-11-29 15:00:00,2957.504192,0.136599,0.463184,0.000170
2022-11-29 16:00:00,3061.633239,0.113709,0.490221,0.000057
2022-11-29 17:00:00,2930.241314,0.109003,0.574946,0.000062
2022-11-29 18:00:00,2756.262131,0.114291,0.610653,0.000057
2022-11-29 19:00:00,2626.810159,0.112604,0.588314,0.000041
2022-11-29 20:00:00,2504.329986,0.106397,0.429812,0.000032
2022-11-29 21:00:00,2364.700102,0.091953,0.430340,0.000026
2022-11-29 22:00:00,2247.581895,0.098308,0.410662,0.000025
2022-11-29 23:00:00,2162.987429,0.096941,0.375550,0.000021
2022-11-30 00:00:00,2117.333853,0.094731,0.390440,0.000018
2022-11-30 01:00:00,2098.524657,0.096808,0.337317,0.000026
2022-11-30 02:00:00,2088.302002,0.092661,0.315964,0.000027
2022-11-30 03:00:00,2090.689810,0.095493,0.289241,0.000024
2022-11-30 04:00:00,2223.808286,0.100951,0.317456,0.000030
2022-11-30 05:00:00,2569.232857,0.111001,0.329358,0.000079
2022-11-30 06:00:00,2922.032492,0.110538,0.339187,0.000130
2022-11-30 07:00:00,3021.650523,0.113093,0.339545,0.001696
2022-11-30 08:00:00,2995.703517,0.098028,0.335289,0.023120
2022-11-30 09:00:00,3039.638262,0.084983,0.266460,0.053545
2022-11-30 10:00:00,3029.717677,0.069699,0.219374,0.087586
2022-11-30 11:00:00,2995.119680,0.069503,0.180943,0.095719
2022-11-30 12:00:00,2999.844145,0.069878,0.157879,0.061798
2022-11-30 13:00:00,2927.315311,0.069314,0.187259,0.037392
2022-11-30 14:00:00,2849.363791,0.079022,0.207048,0.010103
2022-11-30 15:00:00,2908.698795,0.099052,0.254686,0.000125
2022-11-30 16:00:00,3000.544913,0.119563,0.269790,0.000123
2022-11-30 17:00:00,2917.984169,0.122519,0.310317,0.000116
2022-11-30 18:00:00,2763.315638,0.125233,0.311832,0.000113
2022-11-30 19:00:00,2634.031175,0.133057,0.334505,0.000089
2022-11-30 20:00:00,2518.401432,0.140044,0.334916,0.000105
2022-11-30 21:00:00,2392.290692,0.131291,0.322195,0.000117
2022-11-30 22:00:00,2312.758501,0.123515,0.318546,0.000072
2022-11-30 23:00:00,2214.358008,0.116372,0.273437,0.000098
2022-12-01 00:00:00,2165.583966,0.113283,0.248984,0.000071
2022-12-01 01:00:00,2141.637601,0.111578,0.239092,0.000045
2022-12-01 02:00:00,2130.525909,0.123836,0.253628,0.000052
2022-12-01 03:00:00,2153.697611,0.135448,0.305342,0.000065
2022-12-01 04:00:00,2268.577974,0.132897,0.318239,0.000071
2022-12-01 05:00:00,2614.217933,0.139040,0.335910,0.000092
2022-12-01 06:00:00,2956.511447,0.151167,0.376949,0.000120
2022-12-01 07:00:00,3069.783198,0.148614,0.359643,0.002805
2022-12-01 08:00:00,3050.566565,0.127279,0.287234,0.032723
2022-12-01 09:00:00,3094.944158,0.100408,0.253361,0.090287
2022-12-01 10:00:00,3051.722867,0.083616,0.254943,0.119647
2022-12-01 11:00:00,2978.457085,0.088724,0.237641,0.137081
2022-12-01 12:00:00,2996.637869,0.081848,0.239843,0.111647
2022-12-01 13:00:00,2936.061268,0.076046,0.193387,0.060392
2022-12-01 14:00:00,2885.966259,0.084809,0.231225,0.010680
2022-12-01 15:00:00,2964.218772,0.101871,0.257732,0.000115
2022-12-01 16:00:00,3074.639400,0.122422,0.291671,0.000109
2022-12-01 17:00:00,2957.900905,0.135077,0.250298,0.000114
2022-12-01 18:00:00,2787.339890,0.140413,0.261599,0.000114
2022-12-01 19:00:00,2651.666092,0.134678,0.291970,0.000103
2022-12-01 20:00:00,2535.376973,0.136252,0.348476,0.000096
2022-12-01 21:00:00,2424.206443,0.133957,0.371773,0.000050
2022-12-01 22:00:00,2325.563091,0.136374,0.357451,0.000063
2022-12-01 23:00:00,2241.983260,0.144548,0.314339,0.000048
2022-12-02 00:00:00,2211.729576,0.143138,0.295439,0.000035
2022-12-02 01:00:00,2170.935193,0.156300,0.328187,0.000025
2022-12-02 02:00:00,2135.940957,0.165975,0.355307,0.000021
2022-12-02 03:00:00,2156.629899,0.161125,0.364418,0.000027
2022-12-02 04:00:00,2264.732364,0.168958,0.340421,0.000031
2022-12-02 05:00:00,2587.866638,0.181855,0.417255,0.000050
2022-12-02 06:00:00,2927.654297,0.182556,0.509435,0.000080
2022-12-02 07:00:00,3033.879699,0.184965,0.549190,0.000739
2022-12-02 08:00:00,3020.508361,0.192465,0.563448,0.026179
2022-12-02 09:00:00,3056.290035,0.202552,0.605820,0.062664
2022-12-02 10:00:00,3012.589277,0.196921,0.650704,0.100193
2022-12-02 11:00:00,2911.621758,0.213094,0.563691,0.098082
2022-12-02 12:00:00,2845.405241,0.214103,0.582977,0.080338
2022-12-02 13:00:00,2778.551186,0.213899,0.637351,0.044778
2022-12-02 14:00:00,2743.773201,0.241465,0.623662,0.011072
2022-12-02 15:00:00,2908.895071,0.273171,0.696154,0.000072
2022-12-02 16:00:00,3369.530978,0.254785,0.814574,0.000085
2022-12-02 17:00:00,3307.301653,0.241330,0.683343,0.000071
2022-12-02 18:00:00,3050.453377,0.234510,0.679786,0.000061
2022-12-02 19:00:00,3011.257576,0.281263,0.766817,0.000041
2022-12-02 20:00:00,2918.893197,0.226876,0.571531,0.000031
2022-12-02 21:00:00,2789.569868,0.249530,0.516352,0.000026
2022-12-02 22:00:00,2647.297158,0.235156,0.785538,0.000026
2022-12-02 23:00:00,2353.419126,0.262674,0.737459,0.000025
2022-12-03 00:00:00,2307.454259,0.257267,0.761616,0.000025
2022-12-03 01:00:00,2135.540943,0.264243,0.642502,0.000029
2022-12-03 02:00:00,2112.534182,0.277934,0.735689,0.000028
2022-12-03 03:00:00,2427.215184,0.258824,0.798632,0.000033
2022-12-03 04:00:00,2463.733293,0.243929,0.832206,0.000039
2022-12-03 05:00:00,2431.567074,0.266872,0.800039,0.000041
2022-12-03 06:00:00,2382.660927,0.268576,0.838000,0.000040
2022-12-03 07:00:00,2629.352722,0.270213,0.818527,0.000291
2022-12-03 08:00:00,2646.776310,0.269760,0.865409,0.007852
2022-12-03 09:00:00,2583.310842,0.290332,0.869116,0.026013
2022-12-03 10:00:00,2598.212408,0.287139,0.855691,0.039931
2022-12-03 11:00:00,2562.367161,0.280957,0.852853,0.047718
2022-12-03 12:00:00,2538.826516,0.282272,0.839287,0.038446
2022-12-03 13:00:00,2521.855672,0.284342,0.835527,0.020024
2022-12-03 14:00:00,2543.043325,0.285320,0.889959,0.003568
2022-12-03 15:00:00,2651.665729,0.292216,0.882947,0.000054
2022-12-03 16:00:00,2781.066903,0.321494,0.899039,0.000057
2022-12-03 17:00:00,2689.075465,0.350765,0.914104,0.000053
2022-12-03 18:00:00,2518.989602,0.367951,0.940334,0.000040
2022-12-03 19:00:00,2406.974890,0.377971,0.949637,0.000041
2022-12-03 20:00:00,2750.980392,0.360727,0.944783,0.000046
2022-12-03 21:00:00,2613.390261,0.392954,0.938322,0.000050
2022-12-03 22:00:00,2353.975795,0.416645,0.940441,0.000037
2022-12-03 23:00:00,2217.160231,0.411856,0.970045,0.000035
2022-12-04 00:00:00,2046.175394,0.402169,0.959707,0.000037
2022-12-04 01:00:00,1978.591527,0.419603,0.952127,0.000037
2022-12-04 02:00:00,1970.172573,0.424063,0.935985,0.000037
2022-12-04 03:00:00,1997.516264,0.407369,0.935627,0.000041
2022-12-04 04:00:00,2006.963132,0.387122,0.929564,0.000046
2022-12-04 05:00:00,2050.393562,0.382909,0.932726,0.000063
2022-12-04 06:00:00,2188.587301,0.386690,0.934510,0.000113
2022-12-04 07:00:00,2624.811265,0.380638,0.930830,0.000441
2022-12-04 08:00:00,2591.552929,0.365161,0.926201,0.010935
2022-12-04 09:00:00,2558.805022,0.358462,0.948730,0.032723
2022-12-04 10:00:00,2590.927370,0.364256,0.932261,0.043733
2022-12-04 11:00:00,2514.471080,0.369716,0.943700,0.044198
2022-12-04 12:00:00,2506.388858,0.365171,0.936526,0.034298
2022-12-04 13:00:00,2509.249025,0.376829,0.917469,0.023987
2022-12-04 14:00:00,2527.345544,0.402696,0.945315,0.004661
2022-12-04 15:00:00,2855.287204,0.407126,0.932074,0.000126
2022-12-04 16:00:00,3172.493347,0.382258,0.945917,0.000114
2022-12-04 17:00:00,2939.604690,0.358529,0.953687,0.000070
2022-12-04 18:00:00,2777.840018,0.358003,0.904161,0.000045
2022-12-04 19:00:00,2664.440476,0.361372,0.906211,0.000040
2022-12-04 20:00:00,2389.924017,0.348077,0.964578,0.000042
2022-12-04 21:00:00,2275.337267,0.334320,0.960508,0.000038
2022-12-04 22:00:00,2223.743880,0.359131,0.971026,0.000028
2022-12-04 23:00:00,2416.632120,0.372368,0.956637,0.000031
2022-12-05 00:00:00,2437.064473,0.376601,0.961197,0.000026
2022-12-05 01:00:00,2184.701010,0.381744,0.961167,0.000036
2022-12-05 02:00:00,2192.259708,0.386527,0.933336,0.000037
2022-12-05 03:00:00,2434.105405,0.381705,0.953662,0.000044
2022-12-05 04:00:00,2755.078289,0.319441,0.802713,0.000040
2022-12-05 05:00:00,3113.685675,0.310479,0.726619,0.000048
2022-12-05 06:00:00,3397.202454,0.334470,0.927140,0.000084
2022-12-05 07:00:00,3586.067218,0.286083,0.933040,0.000231
2022-12-05 08:00:00,3560.384669,0.309269,0.901680,0.006735
2022-12-05 09:00:00,3521.351546,0.289931,0.910720,0.022148
2022-12-05 10:00:00,3376.342969,0.284631,0.874991,0.042479
2022-12-05 11:00:00,3098.865490,0.269700,0.833302,0.051528
2022-12-05 12:00:00,3152.474298,0.251047,0.837999,0.039458
2022-12-05 13:00:00,3080.269847,0.238131,0.771782,0.020966
2022-12-05 14:00:00,2975.898467,0.227884,0.770305,0.003339
2022-12-05 15:00:00,3042.296007,0.202872,0.702507,0.000110
2022-12-05 16:00:00,3144.155025,0.173954,0.632811,0.000105
2022-12-05 17:00:00,2993.756775,0.146338,0.504429,0.000111
2022-12-05 18:00:00,2807.326168,0.123034,0.360490,0.000118
2022-12-05 19:00:00,2661.733995,0.104013,0.321780,0.000053
2022-12-05 20:00:00,2528.766900,0.090606,0.209237,0.000041
2022-12-05 21:00:00,2401.224000,0.085705,0.156760,0.000037
2022-12-05 22:00:00,2291.150057,0.081982,0.207186,0.000034
2022-12-05 23:00:00,2192.730292,0.069776,0.255681,0.000027
2022-12-06 00:00:00,2173.008611,0.058115,0.200167,0.000028
2022-12-06 01:00:00,2144.646396,0.046035,0.141940,0.000030
2022-12-06 02:00:00,2100.093690,0.038072,0.141287,0.000026
2022-12-06 03:00:00,2121.701183,0.037452,0.148335,0.000032
2022-12-06 04:00:00,2250.779956,0.035858,0.147850,0.000040
2022-12-06 05:00:00,2594.148496,0.029213,0.148344,0.000047
2022-12-06 06:00:00,2953.916024,0.024280,0.088641,0.000095
2022-12-06 07:00:00,3077.012160,0.020426,0.072770,0.003113
2022-12-06 08:00:00,3053.396719,0.015766,0.055211,0.042600
2022-12-06 09:00:00,3091.298493,0.011843,0.048795,0.129447
2022-12-06 10:00:00,3044.610474,0.008236,0.054393,0.168037
2022-12-06 11:00:00,2968.301898,0.009105,0.064286,0.171965
2022-12-06 12:00:00,2967.891253,0.014590,0.047093,0.138232
2022-12-06 13:00:00,2936.034925,0.017809,0.080857,0.064156
2022-12-06 14:00:00,2899.875518,0.018210,0.163784,0.013798
2022-12-06 15:00:00,2990.874118,0.021763,0.139407,0.000124
2022-12-06 16:00:00,3116.890789,0.019965,0.211399,0.000092
2022-12-06 17:00:00,2970.939319,0.014101,0.169587,0.000088
2022-12-06 18:00:00,2809.198229,0.013818,0.166264,0.000068
2022-12-06 19:00:00,2677.523941,0.008284,0.297508,0.000074
2022-12-06 20:00:00,2570.822003,0.006505,0.275345,0.000060
2022-12-06 21:00:00,2428.142646,0.010318,0.130854,0.000092
2022-12-06 22:00:00,2304.853312,0.016812,0.108024,0.000062
2022-12-06 23:00:00,2231.478394,0.017076,0.295677,0.000052
2022-12-07 00:00:00,2236.416287,0.036157,0.477831,0.000090
2022-12-07 01:00:00,2259.851422,0.083334,0.502362,0.000059
2022-12-07 02:00:00,2235.187555,0.156185,0.461789,0.000069
2022-12-07 03:00:00,2239.310593,0.221918,0.507810,0.000053
2022-12-07 04:00:00,2353.110666,0.285067,0.468664,0.000048
2022-12-07 05:00:00,2712.895118,0.338389,0.478884,0.000107
2022-12-07 06:00:00,3066.512245,0.349474,0.526057,0.000460
2022-12-07 07:00:00,3191.243218,0.345753,0.549238,0.003042
2022-12-07 08:00:00,3151.009092,0.289803,0.606426,0.033646
2022-12-07 09:00:00,3182.149294,0.233960,0.573183,0.074340
2022-12-07 10:00:00,3156.200950,0.184301,0.423048,0.119899
2022-12-07 11:00:00,3048.260014,0.139751,0.335662,0.153835
2022-12-07 12:00:00,3059.702088,0.103734,0.348000,0.175820
2022-12-07 13:00:00,3001.083490,0.069657,0.347655,0.081144
2022-12-07 14:00:00,2956.695230,0.049289,0.249762,0.011810
2022-12-07 15:00:00,3068.863746,0.031356,0.172017,0.000148
2022-12-07 16:00:00,3210.928394,0.016689,0.139909,0.000162
2022-12-07 17:00:00,3092.047606,0.013392,0.094178,0.000164
2022-12-07 18:00:00,2917.198002,0.021796,0.051645,0.000161
2022-12-07 19:00:00,2777.244585,0.036554,0.034771,0.000153
2022-12-07 20:00:00,2658.784873,0.049409,0.029323,0.000044
2022-12-07 21:00:00,2541.704799,0.054022,0.046073,0.000072
2022-12-07 22:00:00,2455.486468,0.051366,0.081161,0.000091
2022-12-07 23:00:00,2348.878202,0.050410,0.125997,0.000070
2022-12-08 00:00:00,2333.638247,0.053202,0.110690,0.000058
2022-12-08 01:00:00,2332.685328,0.066324,0.075899,0.000060
2022-12-08 02:00:00,2304.975346,0.084468,0.042595,0.000070
2022-12-08 03:00:00,2305.668834,0.092264,0.024724,0.000094
2022-12-08 04:00:00,2429.172187,0.111370,0.026549,0.000079
2022-12-08 05:00:00,2789.833653,0.131831,0.048854,0.000077
2022-12-08 06:00:00,3155.007259,0.148301,0.066916,0.000096
2022-12-08 07:00:00,3293.090304,0.163164,0.060455,0.001109
2022-12-08 08:00:00,3246.959976,0.171102,0.082486,0.036291
2022-12-08 09:00:00,3242.165960,0.171880,0.108501,0.124029
2022-12-08 10:00:00,3169.033766,0.165696,0.146512,0.206960
2022-12-08 11:00:00,3080.216340,0.173914,0.182185,0.225375
2022-12-08 12:00:00,3072.229776,0.211781,0.270976,0.205173
2022-12-08 13:00:00,3024.477064,0.281641,0.378244,0.091065
2022-12-08 14:00:00,3012.589616,0.378196,0.422256,0.015500
2022-12-08 15:00:00,3147.695021,0.466748,0.502959,0.000221
2022-12-08 16:00:00,3285.820950,0.508326,0.591446,0.000153
2022-12-08 17:00:00,3140.158543,0.451557,0.629675,0.000117
2022-12-08 18:00:00,2975.822175,0.351911,0.661539,0.000067
2022-12-08 19:00:00,2834.863633,0.298778,0.625486,0.000054
2022-12-08 20:00:00,2725.290059,0.258332,0.621207,0.000044
2022-12-08 21:00:00,2612.405554,0.210714,0.656718,0.000044
2022-12-08 22:00:00,2502.835190,0.166918,0.624824,0.000050
2022-12-08 23:00:00,2381.421400,0.149790,0.538270,0.000041
2022-12-09 00:00:00,2341.785065,0.110726,0.383655,0.000031
2022-12-09 01:00:00,2322.239254,0.090591,0.230401,0.000030
2022-12-09 02:00:00,2289.933194,0.093734,0.129020,0.000032
2022-12-09 03:00:00,2279.208390,0.094378,0.080487,0.000037
2022-12-09 04:00:00,2377.983483,0.083060,0.080615,0.000040
2022-12-09 05:00:00,2692.233883,0.075337,0.070060,0.000080
2022-12-09 06:00:00,3035.002892,0.078133,0.142328,0.000077
2022-12-09 07:00:00,3158.843828,0.100419,0.065202,0.000172
2022-12-09 08:00:00,3137.703948,0.106529,0.134990,0.003601
2022-12-09 09:00:00,3177.300799,0.090845,0.128919,0.015498
2022-12-09 10:00:00,3132.312917,0.092659,0.105712,0.037632
2022-12-09 11:00:00,3006.114878,0.085010,0.063394,0.041117
2022-12-09 12:00:00,2934.400577,0.070218,0.059218,0.027286
2022-12-09 13:00:00,2841.005860,0.075184,0.158819,0.016068
2022-12-09 14:00:00,2802.159719,0.085691,0.082849,0.006418
2022-12-09 15:00:00,2912.467375,0.097238,0.128094,0.000116
2022-12-09 16:00:00,2991.681595,0.113423,0.167368,0.000115
2022-12-09 17:00:00,2867.405889,0.132602,0.135890,0.000124
2022-12-09 18:00:00,2697.521212,0.148556,0.232821,0.000068
2022-12-09 19:00:00,2548.088706,0.171499,0.231453,0.000050
2022-12-09 20:00:00,2446.864422,0.191802,0.290418,0.000040
2022-12-09 21:00:00,2349.584807,0.195854,0.255772,0.000031
2022-12-09 22:00:00,2259.666490,0.189241,0.228040,0.000030
2022-12-09 23:00:00,2199.157366,0.188598,0.384399,0.000028
2022-12-10 00:00:00,2142.425308,0.193848,0.228956,0.000022
2022-12-10 01:00:00,2131.968910,0.191965,0.316225,0.000026
2022-12-10 02:00:00,2114.654079,0.200044,0.432973,0.000029
2022-12-10 03:00:00,2097.674394,0.180212,0.524152,0.000035
2022-12-10 04:00:00,2112.007411,0.181486,0.535320,0.000036
2022-12-10 05:00:00,2203.717780,0.173401,0.575117,0.000057
2022-12-10 06:00:00,2362.496202,0.169501,0.586342,0.000078
2022-12-10 07:00:00,2515.709346,0.172729,0.579403,0.000542
2022-12-10 08:00:00,2594.542049,0.151903,0.557243,0.009677
2022-12-10 09:00:00,2627.249954,0.128000,0.571580,0.030693
2022-12-10 10:00:00,2604.166925,0.104860,0.566111,0.051853
2022-12-10 11:00:00,2567.827881,0.092881,0.551084,0.055159
2022-12-10 12:00:00,2548.756299,0.083196,0.536326,0.038500
2022-12-10 13:00:00,2534.061808,0.073024,0.478877,0.022782
2022-12-10 14:00:00,2555.149796,0.074242,0.437278,0.003168
2022-12-10 15:00:00,2678.171771,0.080552,0.436290,0.000055
2022-12-10 16:00:00,2803.828291,0.078068,0.453359,0.000068
2022-12-10 17:00:00,2724.277895,0.067156,0.378208,0.000059
2022-12-10 18:00:00,2558.034621,0.062738,0.373901,0.000041
2022-12-10 19:00:00,2443.104329,0.063073,0.340551,0.000036
2022-12-10 20:00:00,2354.694121,0.069866,0.382502,0.000045
2022-12-10 21:00:00,2273.497174,0.071987,0.382220,0.000040
2022-12-10 22:00:00,2205.748381,0.063268,0.380152,0.000029
2022-12-10 23:00:00,2139.265438,0.061651,0.410530,0.000027
2022-12-11 00:00:00,2095.087881,0.059622,0.384241,0.000023
2022-12-11 01:00:00,2074.735106,0.057278,0.354583,0.000028
2022-12-11 02:00:00,2076.742887,0.069687,0.318676,0.000023
2022-12-11 03:00:00,2079.562833,0.078545,0.396053,0.000028
2022-12-11 04:00:00,2106.003757,0.084403,0.509036,0.000036
2022-12-11 05:00:00,2181.160609,0.086757,0.519651,0.000055
2022-12-11 06:00:00,2322.591035,0.098948,0.530111,0.000059
2022-12-11 07:00:00,2472.554856,0.121272,0.544643,0.001178
2022-12-11 08:00:00,2555.517991,0.112866,0.530546,0.024591
2022-12-11 09:00:00,2590.649283,0.123955,0.507107,0.078467
2022-12-11 10:00:00,2579.191735,0.102873,0.517043,0.134194
2022-12-11 11:00:00,2540.938723,0.087366,0.434181,0.134032
2022-12-11 12:00:00,2520.497847,0.082137,0.391437,0.103753
2022-12-11 13:00:00,2532.426114,0.093697,0.401235,0.049211
2022-12-11 14:00:00,2563.514886,0.122784,0.365329,0.009479
2022-12-11 15:00:00,2710.450258,0.143563,0.413554,0.000134
2022-12-11 16:00:00,2888.321736,0.182765,0.465156,0.000133
2022-12-11 17:00:00,2813.331322,0.208231,0.535430,0.000101
2022-12-11 18:00:00,2656.911108,0.216125,0.629704,0.000055
2022-12-11 19:00:00,2550.659801,0.192010,0.580864,0.000044
2022-12-11 20:00:00,2466.623643,0.189230,0.553399,0.000037
2022-12-11 21:00:00,2391.610969,0.170412,0.550431,0.000032
2022-12-11 22:00:00,2314.203551,0.156531,0.523622,0.000029
2022-12-11 23:00:00,2292.310181,0.148532,0.473770,0.000030
2022-12-12 00:00:00,2261.438680,0.159633,0.449463,0.000027
2022-12-12 01:00:00,2269.619865,0.168973,0.476978,0.000029
2022-12-12 02:00:00,2275.547889,0.167933,0.516849,0.000030
2022-12-12 03:00:00,2291.829144,0.147781,0.542431,0.000027
2022-12-12 04:00:00,2416.626814,0.150742,0.562154,0.000037
2022-12-12 05:00:00,2764.811684,0.144059,0.564979,0.000061
2022-12-12 06:00:00,3118.185441,0.146605,0.534918,0.000097
2022-12-12 07:00:00,3261.052865,0.153434,0.492395,0.000626
2022-12-12 08:00:00,3251.899023,0.133800,0.490295,0.014539
2022-12-12 09:00:00,3295.632989,0.115539,0.483258,0.040704
2022-12-12 10:00:00,3265.064969,0.093245,0.466330,0.070218
2022-12-12 11:00:00,3198.663488,0.090039,0.416882,0.064710
2022-12-12 12:00:00,3211.849921,0.082667,0.434219,0.055769
2022-12-12 13:00:00,3164.944088,0.097210,0.489830,0.034948
2022-12-12 14:00:00,3119.021953,0.122503,0.565558,0.007269
2022-12-12 15:00:00,3207.144770,0.138692,0.608972,0.000094
2022-12-12 16:00:00,3334.148687,0.143470,0.626392,0.000077
2022-12-12 17:00:00,3185.131618,0.148022,0.576149,0.000097
2022-12-12 18:00:00,2989.474405,0.131348,0.542574,0.000090
2022-12-12 19:00:00,2852.956365,0.104699,0.566584,0.000087
2022-12-12 20:00:00,2734.816254,0.093681,0.523868,0.000087
2022-12-12 21:00:00,2615.496547,0.082370,0.539258,0.000106
2022-12-12 22:00:00,2516.261391,0.076592,0.520660,0.000117
2022-12-12 23:00:00,2462.547071,0.079561,0.445718,0.000089
2022-12-13 00:00:00,2439.207194,0.077916,0.408151,0.000091
2022-12-13 01:00:00,2446.644853,0.071196,0.357735,0.000104
2022-12-13 02:00:00,2416.262259,0.066328,0.267617,0.000089
2022-12-13 03:00:00,2431.190923,0.059136,0.235189,0.000072
2022-12-13 04:00:00,2543.821345,0.051606,0.262672,0.000061
2022-12-13 05:00:00,2871.076252,0.050812,0.245309,0.000080
2022-12-13 06:00:00,3221.499171,0.043729,0.248362,0.000082
2022-12-13 07:00:00,3317.203237,0.042583,0.247278,0.000378
2022-12-13 08:00:00,3299.592264,0.045571,0.307918,0.013166
2022-12-13 09:00:00,3330.120587,0.049535,0.348932,0.042877
2022-12-13 10:00:00,3296.786099,0.057894,0.318686,0.065728
2022-12-13 11:00:00,3245.405754,0.062892,0.219124,0.069760
2022-12-13 12:00:00,3234.753200,0.072519,0.102980,0.042163
2022-12-13 13:00:00,3188.005715,0.107487,0.115825,0.019913
2022-12-13 14:00:00,3110.102300,0.140933,0.061924,0.003286
2022-12-13 15:00:00,3198.938373,0.197464,0.164130,0.000073
2022-12-13 16:00:00,3307.481255,0.246041,0.335482,0.000083
2022-12-13 17:00:00,3191.571889,0.280076,0.454663,0.000105
2022-12-13 18:00:00,3010.240883,0.292389,0.656962,0.000080
2022-12-13 19:00:00,2871.849124,0.310668,0.607525,0.000080
2022-12-13 20:00:00,2745.819868,0.314161,0.606901,0.000058
2022-12-13 21:00:00,2617.891410,0.326717,0.789826,0.000065
2022-12-13 22:00:00,2522.574694,0.357998,0.798070,0.000082
2022-12-13 23:00:00,2511.622084,0.334977,0.792725,0.000087
2022-12-14 00:00:00,2436.107271,0.317069,0.836405,0.000064
2022-12-14 01:00:00,2382.304269,0.284459,0.751050,0.000052
2022-12-14 02:00:00,2338.062416,0.270608,0.624839,0.000049
2022-12-14 03:00:00,2340.917075,0.282433,0.483835,0.000051
2022-12-14 04:00:00,2442.734371,0.249732,0.564889,0.000054
2022-12-14 05:00:00,2764.658412,0.241917,0.538967,0.000088
2022-12-14 06:00:00,3074.588729,0.193029,0.397813,0.000099
2022-12-14 07:00:00,3184.151229,0.137917,0.390879,0.000319
2022-12-14 08:00:00,3158.420985,0.103181,0.373257,0.005209
2022-12-14 09:00:00,3187.587637,0.070847,0.405288,0.020981
2022-12-14 10:00:00,3157.931934,0.064549,0.328480,0.034179
2022-12-14 11:00:00,3094.056002,0.070022,0.302355,0.037105
2022-12-14 12:00:00,3118.530416,0.076126,0.220987,0.030993
2022-12-14 13:00:00,3074.533007,0.071512,0.083012,0.014788
2022-12-14 14:00:00,3016.767838,0.072783,0.085533,0.002674
2022-12-14 15:00:00,3116.956891,0.073909,0.078435,0.000129
2022-12-14 16:00:00,3237.292830,0.076947,0.288961,0.000123
2022-12-14 17:00:00,3102.841593,0.081442,0.262495,0.000137
2022-12-14 18:00:00,2917.512781,0.083603,0.211086,0.000122
2022-12-14 19:00:00,2780.553301,0.069154,0.122269,0.000064
2022-12-14 20:00:00,2663.101266,0.063938,0.062918,0.000075
2022-12-14 21:00:00,2544.661624,0.067645,0.073257,0.000078
2022-12-14 22:00:00,2433.648312,0.056071,0.084741,0.000085
2022-12-14 23:00:00,2380.017205,0.037986,0.089661,0.000069
2022-12-15 00:00:00,2360.237836,0.020155,0.085776,0.000063
2022-12-15 01:00:00,2345.567337,0.013887,0.055504,0.000048
2022-12-15 02:00:00,2333.532883,0.011101,0.033384,0.000064
2022-12-15 03:00:00,2334.250659,0.006282,0.048078,0.000070
2022-12-15 04:00:00,2452.415618,0.004714,0.051766,0.000069
2022-12-15 05:00:00,2774.500094,0.005729,0.083496,0.000102
2022-12-15 06:00:00,3118.228868,0.010171,0.094781,0.000109
2022-12-15 07:00:00,3257.882514,0.012765,0.139934,0.000129
2022-12-15 08:00:00,3263.954645,0.014259,0.125287,0.002394
2022-12-15 09:00:00,3295.611075,0.010415,0.088251,0.010964
2022-12-15 10:00:00,3253.571409,0.011232,0.096633,0.023318
2022-12-15 11:00:00,3177.419590,0.009911,0.080119,0.030823
2022-12-15 12:00:00,3152.426849,0.006987,0.085102,0.023377
2022-12-15 13:00:00,3103.846202,0.006759,0.088173,0.013973
2022-12-15 14:00:00,3038.091793,0.009236,0.092685,0.001340
2022-12-15 15:00:00,3155.088217,0.012191,0.071650,0.000198
2022-12-15 16:00:00,3309.142657,0.017650,0.051496,0.000190
2022-12-15 17:00:00,3183.272291,0.023334,0.055199,0.000145
2022-12-15 18:00:00,3018.534272,0.028717,0.068067,0.000076
2022-12-15 19:00:00,2899.790124,0.028989,0.054326,0.000048
2022-12-15 20:00:00,2804.471830,0.026541,0.044422,0.000040
2022-12-15 21:00:00,2694.903328,0.025720,0.026699,0.000031
2022-12-15 22:00:00,2589.978700,0.023592,0.032060,0.000030
2022-12-15 23:00:00,2547.138278,0.022560,0.025726,0.000034
2022-12-16 00:00:00,2531.003365,0.023501,0.017857,0.000032
2022-12-16 01:00:00,2525.381381,0.025412,0.008723,0.000036
2022-12-16 02:00:00,2500.461928,0.026879,0.007524,0.000037
2022-12-16 03:00:00,2494.317313,0.035788,0.006616,0.000034
2022-12-16 04:00:00,2595.420976,0.038490,0.012055,0.000041
2022-12-16 05:00:00,2914.638024,0.038351,0.024637,0.000074
2022-12-16 06:00:00,3268.396674,0.046855,0.035609,0.000101
2022-12-16 07:00:00,3376.340917,0.061459,0.027640,0.000207
2022-12-16 08:00:00,3345.880187,0.080046,0.027338,0.008321
2022-12-16 09:00:00,3353.197468,0.092850,0.056785,0.033271
2022-12-16 10:00:00,3292.589001,0.095493,0.051196,0.054496
2022-12-16 11:00:00,3139.797638,0.098225,0.051702,0.063025
2022-12-16 12:00:00,3004.914539,0.109757,0.090684,0.054800
2022-12-16 13:00:00,2915.325896,0.134644,0.092059,0.027294
2022-12-16 14:00:00,2904.818660,0.175319,0.119411,0.003753
2022-12-16 15:00:00,3053.774158,0.231863,0.165131,0.000104
2022-12-16 16:00:00,3204.552982,0.284270,0.254055,0.000107
2022-12-16 17:00:00,3109.815000,0.303688,0.313368,0.000091
2022-12-16 18:00:00,2940.758186,0.337733,0.356756,0.000055
2022-12-16 19:00:00,2838.810832,0.374527,0.415161,0.000042
2022-12-16 20:00:00,2754.454971,0.411775,0.501601,0.000036
2022-12-16 21:00:00,2659.168951,0.438569,0.569839,0.000036
2022-12-16 22:00:00,2583.699138,0.427023,0.593670,0.000029
2022-12-16 23:00:00,2485.229483,0.424096,0.616597,0.000028
2022-12-17 00:00:00,2427.884198,0.423236,0.692813,0.000029
2022-12-17 01:00:00,2384.907607,0.409988,0.713606,0.000024
2022-12-17 02:00:00,2349.884022,0.409899,0.707305,0.000031
2022-12-17 03:00:00,2322.344816,0.404612,0.766654,0.000037
2022-12-17 04:00:00,2345.101971,0.455784,0.864871,0.000043
2022-12-17 05:00:00,2420.947595,0.497442,0.878344,0.000047
2022-12-17 06:00:00,2575.477988,0.527949,0.901106,0.000069
2022-12-17 07:00:00,2737.846501,0.543522,0.887241,0.000208
2022-12-17 08:00:00,2824.102494,0.569552,0.921968,0.004037
2022-12-17 09:00:00,2852.848532,0.571424,0.921639,0.017510
2022-12-17 10:00:00,2823.831987,0.581519,0.921751,0.036845
2022-12-17 11:00:00,2764.535068,0.614745,0.931831,0.052823
2022-12-17 12:00:00,2728.460611,0.616934,0.945361,0.051034
2022-12-17 13:00:00,2794.771101,0.618646,0.938408,0.029275
2022-12-17 14:00:00,3044.306429,0.648615,0.952346,0.006903
2022-12-17 15:00:00,3132.803129,0.671053,0.952068,0.000104
2022-12-17 16:00:00,3458.947757,0.688422,0.952042,0.000105
2022-12-17 17:00:00,3441.041979,0.684833,0.947617,0.000115
2022-12-17 18:00:00,3315.901446,0.698336,0.944128,0.000108
2022-12-17 19:00:00,3092.341439,0.742095,0.953504,0.000102
2022-12-17 20:00:00,2944.018936,0.759935,0.957932,0.000088
2022-12-17 21:00:00,2700.682623,0.758457,0.959354,0.000060
2022-12-17 22:00:00,2604.694884,0.731344,0.952671,0.000051
2022-12-17 23:00:00,2434.881494,0.698460,0.958467,0.000048
2022-12-18 00:00:00,2264.776435,0.651340,0.951178,0.000045
2022-12-18 01:00:00,2204.825744,0.633509,0.915038,0.000045
2022-12-18 02:00:00,2157.182024,0.623994,0.948201,0.000038
2022-12-18 03:00:00,2142.215239,0.606879,0.943178,0.000040
2022-12-18 04:00:00,2185.252712,0.566374,0.955958,0.000046
2022-12-18 05:00:00,2261.298536,0.529850,0.946157,0.000066
2022-12-18 06:00:00,2458.722795,0.536889,0.915043,0.000108
2022-12-18 07:00:00,2760.368350,0.513005,0.947154,0.000311
2022-12-18 08:00:00,2948.728393,0.501772,0.929696,0.015073
2022-12-18 09:00:00,2655.987191,0.474320,0.930094,0.054573
2022-12-18 10:00:00,2638.709957,0.445971,0.870634,0.075783
2022-12-18 11:00:00,2613.738339,0.419233,0.702466,0.075137
2022-12-18 12:00:00,2575.278741,0.345607,0.639161,0.068676
2022-12-18 13:00:00,2594.149787,0.305174,0.666723,0.039662
2022-12-18 14:00:00,2800.645460,0.318060,0.677173,0.006758
2022-12-18 15:00:00,2755.444492,0.300199,0.750520,0.000080
2022-12-18 16:00:00,2901.538219,0.300952,0.762950,0.000066
2022-12-18 17:00:00,2821.443578,0.299036,0.884885,0.000051
2022-12-18 18:00:00,2706.758709,0.331496,0.893680,0.000043
2022-12-18 19:00:00,2699.535640,0.385946,0.886854,0.000035
2022-12-18 20:00:00,2579.753734,0.417546,0.917466,0.000036
2022-12-18 21:00:00,2497.670499,0.450811,0.927940,0.000032
2022-12-18 22:00:00,2459.451945,0.477909,0.912588,0.000032
2022-12-18 23:00:00,2394.405797,0.508861,0.942670,0.000043
2022-12-19 00:00:00,2468.638959,0.516296,0.952806,0.000043
2022-12-19 01:00:00,2478.637173,0.509198,0.950032,0.000038
2022-12-19 02:00:00,2504.182952,0.492374,0.945000,0.000037
2022-12-19 03:00:00,2468.320580,0.460311,0.934293,0.000039
2022-12-19 04:00:00,2531.585677,0.448640,0.944412,0.000043
2022-12-19 05:00:00,2773.737232,0.426338,0.949770,0.000072
2022-12-19 06:00:00,3393.145824,0.421448,0.948519,0.000135
2022-12-19 07:00:00,3513.823729,0.448337,0.952174,0.000133
2022-12-19 08:00:00,3672.022587,0.417989,0.945856,0.001342
2022-12-19 09:00:00,3358.854934,0.397091,0.948458,0.008285
2022-12-19 10:00:00,3322.888785,0.425936,0.942671,0.017196
2022-12-19 11:00:00,3256.227193,0.422101,0.937514,0.023584
2022-12-19 12:00:00,3249.251248,0.425564,0.919608,0.021643
2022-12-19 13:00:00,3213.163225,0.426749,0.913323,0.012291
2022-12-19 14:00:00,3134.958332,0.428170,0.939050,0.000654
2022-12-19 15:00:00,3150.764237,0.430725,0.942762,0.000058
2022-12-19 16:00:00,3265.272607,0.451239,0.936115,0.000097
2022-12-19 17:00:00,3345.317452,0.514154,0.950118,0.000071
2022-12-19 18:00:00,2951.706282,0.576871,0.961099,0.000049
2022-12-19 19:00:00,2797.548858,0.606562,0.961977,0.000042
2022-12-19 20:00:00,2647.658780,0.596836,0.961497,0.000040
2022-12-19 21:00:00,2495.328886,0.625087,0.959280,0.000054
2022-12-19 22:00:00,2397.059024,0.655254,0.959402,0.000054
2022-12-19 23:00:00,2440.123565,0.668657,0.942432,0.000043
2022-12-20 00:00:00,2467.617724,0.680836,0.936725,0.000047
2022-12-20 01:00:00,2474.633199,0.675103,0.919700,0.000051
2022-12-20 02:00:00,2516.452893,0.673031,0.929930,0.000060
2022-12-20 03:00:00,2541.471036,0.619992,0.912006,0.000056
2022-12-20 04:00:00,2689.610997,0.536690,0.935090,0.000056
2022-12-20 05:00:00,2692.044045,0.488852,0.870130,0.000062
2022-12-20 06:00:00,2961.033469,0.492519,0.929051,0.000114
2022-12-20 07:00:00,3114.291474,0.519350,0.951513,0.000124
2022-12-20 08:00:00,3120.081129,0.569178,0.934472,0.002922
2022-12-20 09:00:00,3160.023965,0.605804,0.938582,0.014442
2022-12-20 10:00:00,3177.380881,0.655088,0.941034,0.023658
2022-12-20 11:00:00,3122.648521,0.676718,0.941721,0.022109
2022-12-20 12:00:00,3121.058780,0.708177,0.945517,0.018966
2022-12-20 13:00:00,3073.904736,0.726083,0.943104,0.008557
2022-12-20 14:00:00,3038.622490,0.736910,0.948819,0.000980
2022-12-20 15:00:00,3160.761430,0.714207,0.921580,0.000141
2022-12-20 16:00:00,3115.831053,0.591864,0.751315,0.000131
2022-12-20 17:00:00,2962.895102,0.453628,0.616495,0.000110
2022-12-20 18:00:00,2857.040247,0.350005,0.696443,0.000089
2022-12-20 19:00:00,2761.269244,0.326077,0.679124,0.000047
2022-12-20 20:00:00,2627.605549,0.300467,0.625889,0.000034
2022-12-20 21:00:00,2333.873191,0.282408,0.585577,0.000032
2022-12-20 22:00:00,2246.940970,0.255156,0.521498,0.000037
2022-12-20 23:00:00,2130.162789,0.236316,0.516923,0.000032
2022-12-21 00:00:00,2094.109631,0.245200,0.449343,0.000038
2022-12-21 01:00:00,2053.866026,0.251666,0.382589,0.000036
2022-12-21 02:00:00,2051.108577,0.245854,0.354996,0.000038
2022-12-21 03:00:00,2062.839149,0.269262,0.361675,0.000107
2022-12-21 04:00:00,2174.387170,0.285595,0.398492,0.000111
2022-12-21 05:00:00,2522.768915,0.278290,0.423505,0.000139
2022-12-21 06:00:00,2872.967049,0.254446,0.412556,0.000150
2022-12-21 07:00:00,3011.788393,0.264287,0.481141,0.000302
2022-12-21 08:00:00,3028.630688,0.265658,0.487878,0.018488
2022-12-21 09:00:00,3031.300261,0.264815,0.543103,0.051362
2022-12-21 10:00:00,3019.552804,0.283082,0.644874,0.071652
2022-12-21 11:00:00,2970.678052,0.325088,0.734804,0.085777
2022-12-21 12:00:00,3013.146041,0.374263,0.759711,0.073549
2022-12-21 13:00:00,2964.190939,0.441062,0.806665,0.036972
2022-12-21 14:00:00,2866.518564,0.506167,0.903149,0.005810
2022-12-21 15:00:00,3065.242022,0.549073,0.922202,0.000151
2022-12-21 16:00:00,3197.771127,0.552817,0.716440,0.000167
2022-12-21 17:00:00,3053.322980,0.463847,0.774638,0.000176
2022-12-21 18:00:00,2806.200736,0.437324,0.851178,0.000148
2022-12-21 19:00:00,2805.839942,0.462475,0.874998,0.000086
2022-12-21 20:00:00,2495.609040,0.484459,0.867853,0.000105
2022-12-21 21:00:00,2358.453650,0.491166,0.870144,0.000083
2022-12-21 22:00:00,2281.028959,0.473005,0.875953,0.000096
2022-12-21 23:00:00,2163.318055,0.447565,0.845016,0.000094
2022-12-22 00:00:00,2121.944799,0.424619,0.837056,0.000095
2022-12-22 01:00:00,2103.559727,0.416863,0.755957,0.000079
2022-12-22 02:00:00,2089.908928,0.424879,0.702738,0.000077
2022-12-22 03:00:00,2080.278335,0.417174,0.681697,0.000082
2022-12-22 04:00:00,2145.478222,0.411400,0.661997,0.000077
2022-12-22 05:00:00,2408.830920,0.393950,0.652874,0.000115
2022-12-22 06:00:00,2739.220027,0.392343,0.752767,0.000151
2022-12-22 07:00:00,2901.739634,0.400207,0.785643,0.000268
2022-12-22 08:00:00,2898.674624,0.402168,0.773168,0.016267
2022-12-22 09:00:00,2953.239902,0.386030,0.791010,0.054995
2022-12-22 10:00:00,2921.268534,0.403510,0.868761,0.089115
2022-12-22 11:00:00,2833.175499,0.437479,0.879691,0.099354
2022-12-22 12:00:00,2815.635566,0.490748,0.881064,0.080684
2022-12-22 13:00:00,2756.398256,0.529842,0.919075,0.039684
2022-12-22 14:00:00,2721.923670,0.540670,0.945494,0.005731
2022-12-22 15:00:00,2781.042988,0.506171,0.949096,0.000112
2022-12-22 16:00:00,2884.174142,0.499846,0.949937,0.000120
2022-12-22 17:00:00,2783.966603,0.439705,0.834934,0.000087
2022-12-22 18:00:00,2593.284393,0.402428,0.671615,0.000062
2022-12-22 19:00:00,2458.676568,0.360820,0.671439,0.000061
2022-12-22 20:00:00,2338.958969,0.321160,0.638549,0.000049
2022-12-22 21:00:00,2212.071180,0.282947,0.574199,0.000051
2022-12-22 22:00:00,2101.076690,0.269011,0.475721,0.000048
2022-12-22 23:00:00,2026.812106,0.240740,0.344116,0.000035
2022-12-23 00:00:00,1967.437280,0.189938,0.409500,0.000028
2022-12-23 01:00:00,1956.082210,0.161916,0.369391,0.000028
2022-12-23 02:00:00,1923.274442,0.166787,0.288644,0.000034
2022-12-23 03:00:00,1901.514421,0.151873,0.319592,0.000031
2022-12-23 04:00:00,1965.090090,0.139609,0.364761,0.000041
2022-12-23 05:00:00,2166.229442,0.118623,0.313839,0.000065
2022-12-23 06:00:00,2445.777500,0.116152,0.299293,0.000114
2022-12-23 07:00:00,2655.208446,0.114674,0.250237,0.000988
2022-12-23 08:00:00,2700.604048,0.118759,0.200886,0.040966
2022-12-23 09:00:00,2702.639913,0.094101,0.199806,0.161289
2022-12-23 10:00:00,2645.090753,0.062968,0.137008,0.268012
2022-12-23 11:00:00,2555.856854,0.031828,0.132331,0.296903
2022-12-23 12:00:00,2494.206502,0.016572,0.097944,0.256143
2022-12-23 13:00:00,2460.890036,0.010835,0.075189,0.128648
2022-12-23 14:00:00,2484.019922,0.009528,0.059938,0.018331
2022-12-23 15:00:00,2640.760771,0.010441,0.049970,0.000146
2022-12-23 16:00:00,2763.612018,0.008006,0.033047,0.000145
2022-12-23 17:00:00,2672.591305,0.015956,0.016367,0.000134
2022-12-23 18:00:00,2507.202071,0.034088,0.016499,0.000103
2022-12-23 19:00:00,2403.669620,0.052353,0.025801,0.000065
2022-12-23 20:00:00,2315.938312,0.069073,0.052392,0.000055
2022-12-23 21:00:00,2228.418809,0.067964,0.064178,0.000056
2022-12-23 22:00:00,2184.622656,0.065197,0.059175,0.000059
2022-12-23 23:00:00,2378.839102,0.063096,0.067976,0.000057
2022-12-24 00:00:00,2350.860304,0.079298,0.126838,0.000050
2022-12-24 01:00:00,2352.284006,0.091707,0.163957,0.000047
2022-12-24 02:00:00,2364.040280,0.083159,0.175285,0.000047
2022-12-24 03:00:00,2319.643111,0.085909,0.220284,0.000050
2022-12-24 04:00:00,2308.832574,0.092036,0.274417,0.000041
2022-12-24 05:00:00,2363.220739,0.094469,0.244236,0.000053
2022-12-24 06:00:00,2502.594576,0.084880,0.232221,0.000059
2022-12-24 07:00:00,2430.345618,0.110155,0.240480,0.000223
2022-12-24 08:00:00,2522.904664,0.118543,0.260772,0.016897
2022-12-24 09:00:00,2475.224063,0.105083,0.295952,0.052339
2022-12-24 10:00:00,2474.516641,0.089686,0.286118,0.079147
2022-12-24 11:00:00,2450.565556,0.087065,0.334132,0.087366
2022-12-24 12:00:00,2441.937377,0.091307,0.326321,0.079472
2022-12-24 13:00:00,2461.100446,0.100765,0.361627,0.040631
2022-12-24 14:00:00,2530.004583,0.115654,0.446433,0.007797
2022-12-24 15:00:00,2718.834930,0.140332,0.490426,0.000070
2022-12-24 16:00:00,2871.877185,0.159348,0.474991,0.000088
2022-12-24 17:00:00,2402.201424,0.167750,0.388626,0.000083
2022-12-24 18:00:00,2160.391669,0.161181,0.239340,0.000057
2022-12-24 19:00:00,2102.275471,0.161594,0.326437,0.000044
2022-12-24 20:00:00,2037.553080,0.162915,0.293450,0.000040
2022-12-24 21:00:00,1982.470966,0.151469,0.316580,0.000041
2022-12-24 22:00:00,1967.065524,0.158643,0.293262,0.000040
2022-12-24 23:00:00,1930.770140,0.168152,0.404430,0.000045
2022-12-25 00:00:00,1970.977770,0.185335,0.440531,0.000045
2022-12-25 01:00:00,2007.065642,0.166173,0.462651,0.000033
2022-12-25 02:00:00,2058.451273,0.182247,0.555590,0.000027
2022-12-25 03:00:00,2096.987011,0.211375,0.536142,0.000033
2022-12-25 04:00:00,2099.018772,0.238932,0.574130,0.000046
2022-12-25 05:00:00,2151.199513,0.276369,0.699621,0.000056
2022-12-25 06:00:00,2226.259894,0.332695,0.726072,0.000077
2022-12-25 07:00:00,2352.241748,0.424480,0.777130,0.000123
2022-12-25 08:00:00,2450.536203,0.459516,0.869642,0.004435
2022-12-25 09:00:00,2421.423435,0.443837,0.830742,0.017005
2022-12-25 10:00:00,2313.018190,0.447560,0.837413,0.021958
2022-12-25 11:00:00,2477.585924,0.435669,0.854676,0.022990
2022-12-25 12:00:00,2359.460537,0.394379,0.801921,0.019359
2022-12-25 13:00:00,2304.101547,0.376327,0.842022,0.010921
2022-12-25 14:00:00,2402.399372,0.362823,0.746556,0.001044
2022-12-25 15:00:00,2649.593827,0.339549,0.697779,0.000093
2022-12-25 16:00:00,2739.055628,0.318352,0.686690,0.000090
2022-12-25 17:00:00,2662.589706,0.311891,0.646593,0.000077
2022-12-25 18:00:00,2556.838200,0.289366,0.615685,0.000055
2022-12-25 19:00:00,2400.999259,0.247948,0.493104,0.000039
2022-12-25 20:00:00,2344.574075,0.204842,0.509675,0.000041
2022-12-25 21:00:00,2170.899224,0.189317,0.397416,0.000040
2022-12-25 22:00:00,1994.255473,0.195545,0.307325,0.000046
2022-12-25 23:00:00,2173.313527,0.167034,0.303729,0.000034
2022-12-26 00:00:00,2225.433266,0.152497,0.338116,0.000039
2022-12-26 01:00:00,2234.350398,0.153591,0.374919,0.000037
2022-12-26 02:00:00,2355.355616,0.130240,0.420910,0.000035
2022-12-26 03:00:00,2396.767573,0.145529,0.497184,0.000028
2022-12-26 04:00:00,2365.421640,0.182409,0.570665,0.000045
2022-12-26 05:00:00,2315.857849,0.247239,0.530786,0.000108
2022-12-26 06:00:00,2441.718988,0.255385,0.676847,0.000138
2022-12-26 07:00:00,2509.569557,0.299472,0.770693,0.000131
2022-12-26 08:00:00,2633.680167,0.391482,0.765963,0.004669
2022-12-26 09:00:00,2659.168394,0.470378,0.745618,0.019102
2022-12-26 10:00:00,2670.752657,0.540354,0.784734,0.037681
2022-12-26 11:00:00,2635.079836,0.592109,0.841946,0.047769
2022-12-26 12:00:00,2611.653946,0.626418,0.882736,0.044448
2022-12-26 13:00:00,2603.354315,0.747156,0.908086,0.029169
2022-12-26 14:00:00,2612.653573,0.793690,0.978078,0.013027
2022-12-26 15:00:00,2688.331459,0.794051,0.961487,0.000102
2022-12-26 16:00:00,2877.417040,0.698641,0.963807,0.000076
2022-12-26 17:00:00,2721.125073,0.655050,0.898722,0.000079
2022-12-26 18:00:00,2614.071574,0.608141,0.954288,0.000075
2022-12-26 19:00:00,2541.777829,0.584663,0.901802,0.000055
2022-12-26 20:00:00,2475.657778,0.553286,0.949645,0.000045
2022-12-26 21:00:00,2408.299855,0.545522,0.948530,0.000051
2022-12-26 22:00:00,2431.415464,0.545755,0.945233,0.000061
2022-12-26 23:00:00,2356.536691,0.490671,0.958668,0.000061
2022-12-27 00:00:00,2395.475492,0.405089,0.903314,0.000044
2022-12-27 01:00:00,2386.358825,0.359117,0.886642,0.000039
2022-12-27 02:00:00,2365.779576,0.332817,0.848797,0.000046
2022-12-27 03:00:00,2345.351187,0.345253,0.790449,0.000045
2022-12-27 04:00:00,2333.406356,0.401954,0.785036,0.000045
2022-12-27 05:00:00,2423.218120,0.472992,0.793953,0.000055
2022-12-27 06:00:00,2505.677042,0.507765,0.849441,0.000056
2022-12-27 07:00:00,2640.575266,0.503409,0.934745,0.000598
2022-12-27 08:00:00,2694.055640,0.482726,0.726813,0.029884
2022-12-27 09:00:00,2774.308069,0.452850,0.706233,0.125587
2022-12-27 10:00:00,2701.307911,0.436491,0.677860,0.203065
2022-12-27 11:00:00,2618.005639,0.389876,0.594675,0.258392
2022-12-27 12:00:00,2577.331590,0.386228,0.561853,0.159252
2022-12-27 13:00:00,2557.738703,0.349981,0.831978,0.069924
2022-12-27 14:00:00,2552.061116,0.333940,0.874011,0.011484
2022-12-27 15:00:00,2660.017771,0.302289,0.848064,0.000116
2022-12-27 16:00:00,2834.174800,0.317344,0.894779,0.000135
2022-12-27 17:00:00,2770.779490,0.299560,0.784519,0.000086
2022-12-27 18:00:00,2549.594782,0.264495,0.731550,0.000058
2022-12-27 19:00:00,2421.017113,0.231133,0.684707,0.000047
2022-12-27 20:00:00,2391.899022,0.251480,0.747915,0.000040
2022-12-27 21:00:00,2365.073310,0.299001,0.798460,0.000043
2022-12-27 22:00:00,2427.683257,0.381725,0.801879,0.000049
2022-12-27 23:00:00,2585.158007,0.481559,0.814448,0.000047
2022-12-28 00:00:00,2715.013975,0.547994,0.824546,0.000052
2022-12-28 01:00:00,2736.881945,0.693909,0.858605,0.000059
2022-12-28 02:00:00,2759.685398,0.635721,0.721579,0.000058
2022-12-28 03:00:00,2727.473252,0.775226,0.582712,0.000061
2022-12-28 04:00:00,2759.007201,0.763431,0.781923,0.000064
2022-12-28 05:00:00,2717.970025,0.815923,0.899979,0.000098
2022-12-28 06:00:00,2939.856782,0.770524,0.944602,0.000139
2022-12-28 07:00:00,2923.059672,0.674269,0.947026,0.000155
2022-12-28 08:00:00,2828.122344,0.613447,0.896355,0.008393
2022-12-28 09:00:00,2883.182864,0.598640,0.883949,0.041974
2022-12-28 10:00:00,2875.713761,0.577612,0.882980,0.103950
2022-12-28 11:00:00,2816.402834,0.554662,0.826876,0.133329
2022-12-28 12:00:00,2742.072273,0.497744,0.714673,0.102932
2022-12-28 13:00:00,2705.453447,0.344010,0.596799,0.053204
2022-12-28 14:00:00,2544.571917,0.241859,0.603362,0.010921
2022-12-28 15:00:00,2636.571495,0.195860,0.586815,0.000203
2022-12-28 16:00:00,2761.033387,0.186527,0.498686,0.000201
2022-12-28 17:00:00,2735.819674,0.250757,0.719942,0.000157
2022-12-28 18:00:00,2669.057664,0.349160,0.841215,0.000159
2022-12-28 19:00:00,2693.559334,0.490274,0.867078,0.000068
2022-12-28 20:00:00,2970.781017,0.531825,0.910243,0.000064
2022-12-28 21:00:00,2792.714571,0.567692,0.923894,0.000059
2022-12-28 22:00:00,2783.212397,0.594836,0.915740,0.000059
2022-12-28 23:00:00,2558.674681,0.711557,0.399924,0.000070
2022-12-29 00:00:00,2527.088757,0.770202,0.483873,0.000062
2022-12-29 01:00:00,2492.934295,0.785454,0.628627,0.000053
2022-12-29 02:00:00,2470.704097,0.728270,0.648964,0.000055
2022-12-29 03:00:00,2478.288086,0.714998,0.635058,0.000056
2022-12-29 04:00:00,2521.047478,0.741234,0.609349,0.000088
2022-12-29 05:00:00,2634.692831,0.761639,0.589665,0.000149
2022-12-29 06:00:00,2817.935021,0.775273,0.962301,0.000172
2022-12-29 07:00:00,3003.202355,0.808968,0.972919,0.000215
2022-12-29 08:00:00,3097.731655,0.849239,0.910448,0.013460
2022-12-29 09:00:00,3170.828627,0.868446,0.927733,0.046163
2022-12-29 10:00:00,3186.552580,0.883675,0.923090,0.066529
2022-12-29 11:00:00,3307.995679,0.831759,0.917079,0.065204
2022-12-29 12:00:00,3143.332120,0.770394,0.984980,0.051118
2022-12-29 13:00:00,3070.616367,0.710931,0.965708,0.033751
2022-12-29 14:00:00,3041.046033,0.746685,0.901117,0.009177
2022-12-29 15:00:00,3105.702388,0.799328,0.952649,0.000177
2022-12-29 16:00:00,3212.359349,0.826677,0.953437,0.000156
2022-12-29 17:00:00,3115.441649,0.829411,0.932477,0.000113
2022-12-29 18:00:00,2930.110614,0.795876,0.968827,0.000087
2022-12-29 19:00:00,2838.476711,0.764682,0.970097,0.000077
2022-12-29 20:00:00,2754.706255,0.728757,0.965633,0.000071
2022-12-29 21:00:00,2656.887693,0.667298,0.978699,0.000069
2022-12-29 22:00:00,2588.867283,0.672420,0.939011,0.000064
2022-12-29 23:00:00,2559.857685,0.749027,0.941364,0.000066
2022-12-30 00:00:00,2548.617558,0.827949,0.899818,0.000066
2022-12-30 01:00:00,2530.755654,0.843140,0.949761,0.000065
2022-12-30 02:00:00,2501.812941,0.828312,0.842947,0.000063
2022-12-30 03:00:00,2488.888961,0.822121,0.787986,0.000070
2022-12-30 04:00:00,2538.862267,0.812960,0.887303,0.000079
2022-12-30 05:00:00,2621.899748,0.672493,0.824889,0.000125
2022-12-30 06:00:00,2755.075914,0.542731,0.854482,0.000109
2022-12-30 07:00:00,2907.967612,0.486214,0.923980,0.001037
2022-12-30 08:00:00,2910.987905,0.482729,0.922309,0.034920
2022-12-30 09:00:00,3049.743289,0.469066,0.915298,0.064473
2022-12-30 10:00:00,3062.607621,0.558014,0.842212,0.084581
2022-12-30 11:00:00,3058.350026,0.698091,0.906553,0.076453
2022-12-30 12:00:00,3215.311146,0.754059,0.957491,0.054800
2022-12-30 13:00:00,2953.922473,0.781725,0.973999,0.034949
2022-12-30 14:00:00,2956.420836,0.809916,0.915132,0.009378
2022-12-30 15:00:00,3100.847604,0.872621,0.941459,0.000083
2022-12-30 16:00:00,3276.429031,0.925557,0.974127,0.000105
2022-12-30 17:00:00,3162.180614,0.962381,0.920552,0.000103
2022-12-30 18:00:00,3068.679295,0.983717,0.951823,0.000111
2022-12-30 19:00:00,2992.583778,0.988212,0.941207,0.000096
2022-12-30 20:00:00,2945.043621,1.000000,0.923520,0.000088
2022-12-30 21:00:00,2831.994421,0.982709,0.943700,0.000082
2022-12-30 22:00:00,2801.926778,0.916167,0.537558,0.000083
2022-12-30 23:00:00,2655.302190,0.878169,0.580416,0.000071
2022-12-31 00:00:00,2588.416410,0.716068,0.489261,0.000062
2022-12-31 01:00:00,2535.582459,0.745115,0.269128,0.000055
2022-12-31 02:00:00,2469.739727,0.731356,0.284103,0.000059
2022-12-31 03:00:00,2412.587604,0.711910,0.276270,0.000056
2022-12-31 04:00:00,2432.546226,0.690267,0.273648,0.000063
2022-12-31 05:00:00,2480.898155,0.651015,0.281621,0.000071
2022-12-31 06:00:00,2568.407228,0.618076,0.285740,0.000066
2022-12-31 07:00:00,2741.267159,0.566251,0.754136,0.000106
2022-12-31 08:00:00,2819.386348,0.515130,0.718267,0.012109
2022-12-31 09:00:00,2856.482135,0.433576,0.649818,0.038729
2022-12-31 10:00:00,2904.257622,0.350663,0.771632,0.051071
2022-12-31 11:00:00,2903.446288,0.314477,0.867797,0.041208
2022-12-31 12:00:00,2887.819019,0.237689,0.691552,0.031851
2022-12-31 13:00:00,2796.759583,0.180024,0.404037,0.013171
2022-12-31 14:00:00,2661.934971,0.142773,0.193276,0.003521
2022-12-31 15:00:00,2834.827876,0.150620,0.036051,0.000060
2022-12-31 16:00:00,2795.024321,0.130415,0.022819,0.000086
2022-12-31 17:00:00,2743.699714,0.116356,0.018430,0.000084
2022-12-31 18:00:00,2544.922531,0.096816,0.019481,0.000073
2022-12-31 19:00:00,2535.892942,0.081116,0.020752,0.000047
2022-12-31 20:00:00,2610.059719,0.070319,0.027475,0.000045
2022-12-31 21:00:00,2586.428664,0.060342,0.023078,0.000043
2022-12-31 22:00:00,2537.592632,0.086101,0.042904,0.000036
