time,load_mw,wind_onshore_pu,wind_offshore_pu,solar_pu
2023-12-31 23:00:00,2737.949689,0.370784,0.779226,0.000089
2024-01-01 00:00:00,2600.621879,0.334743,0.764458,0.000083
2024-01-01 01:00:00,2765.984289,0.308969,0.745879,0.000095
2024-01-01 02:00:00,2952.482372,0.297092,0.751590,0.000097
2024-01-01 03:00:00,2940.747997,0.268190,0.510430,0.000081
2024-01-01 04:00:00,2958.059300,0.266594,0.510332,0.000110
2024-01-01 05:00:00,2943.865063,0.289504,0.470124,0.000101
2024-01-01 06:00:00,2924.453283,0.308722,0.492946,0.000106
2024-01-01 07:00:00,2879.306016,0.315782,0.431615,0.000117
2024-01-01 08:00:00,2930.110629,0.326282,0.680123,0.003487
2024-01-01 09:00:00,2835.562151,0.329362,0.632932,0.011283
2024-01-01 10:00:00,2842.665934,0.324773,0.572242,0.017607
2024-01-01 11:00:00,2818.300698,0.316131,0.475338,0.025228
2024-01-01 12:00:00,2850.382854,0.327173,0.382958,0.024285
2024-01-01 13:00:00,2848.392842,0.338296,0.344634,0.012573
2024-01-01 14:00:00,2747.338790,0.358703,0.335516,0.002472
2024-01-01 15:00:00,2716.681219,0.383331,0.371120,0.000152
2024-01-01 16:00:00,2839.033292,0.394107,0.375395,0.000179
2024-01-01 17:00:00,2748.761260,0.406464,0.395595,0.000161
2024-01-01 18:00:00,2638.954081,0.404682,0.438994,0.000144
2024-01-01 19:00:00,2562.156002,0.399354,0.493707,0.000121
2024-01-01 20:00:00,2808.302226,0.408349,0.561272,0.000105
2024-01-01 21:00:00,2802.093659,0.417559,0.594956,0.000134
2024-01-01 22:00:00,2642.741790,0.418297,0.598040,0.000111
2024-01-01 23:00:00,2836.296023,0.417500,0.547605,0.000091
2024-01-02 00:00:00,2731.721649,0.415999,0.463642,0.000085
2024-01-02 01:00:00,2828.911466,0.408141,0.438220,0.000083
2024-01-02 02:00:00,2963.694778,0.404124,0.442636,0.000067
2024-01-02 03:00:00,2931.362086,0.417889,0.519921,0.000054
2024-01-02 04:00:00,2976.594551,0.468235,0.624052,0.000075
2024-01-02 05:00:00,3075.835938,0.515042,0.770607,0.000102
2024-01-02 06:00:00,3155.224525,0.561071,0.801630,0.000125
2024-01-02 07:00:00,3223.121745,0.628197,0.812225,0.000175
2024-01-02 08:00:00,3276.657358,0.706185,0.809730,0.004427
2024-01-02 09:00:00,3302.234562,0.792823,0.812775,0.017874
2024-01-02 10:00:00,3283.561375,0.822942,0.813937,0.027980
2024-01-02 11:00:00,3250.061467,0.846634,0.810906,0.031018
2024-01-02 12:00:00,3310.304040,0.870219,0.814064,0.022620
2024-01-02 13:00:00,3420.594422,0.901980,0.826111,0.011755
2024-01-02 14:00:00,3360.568739,0.929617,0.834215,0.002273
2024-01-02 15:00:00,3467.071765,0.965333,0.843021,0.000359
2024-01-02 16:00:00,3618.611220,0.981654,0.841424,0.000370
2024-01-02 17:00:00,3486.175663,0.990380,0.838182,0.000352
2024-01-02 18:00:00,3838.805682,0.995789,0.832743,0.000337
2024-01-02 19:00:00,3345.880104,0.992882,0.827710,0.000331
2024-01-02 20:00:00,3765.876106,0.971982,0.824689,0.000339
2024-01-02 21:00:00,3472.444980,0.980824,0.822461,0.000331
2024-01-02 22:00:00,3441.429325,0.980913,0.793763,0.000327
2024-01-02 23:00:00,3598.545241,0.971625,0.788377,0.000328
2024-01-03 00:00:00,3756.292084,0.949285,0.790977,0.000327
2024-01-03 01:00:00,3697.216364,0.962673,0.756381,0.000312
2024-01-03 02:00:00,3615.300522,0.929405,0.699690,0.000322
2024-01-03 03:00:00,3750.455195,0.859092,0.717181,0.000308
2024-01-03 04:00:00,3828.134583,0.839083,0.723166,0.000322
2024-01-03 05:00:00,3802.444352,0.903466,0.762713,0.000349
2024-01-03 06:00:00,3852.052949,0.953125,0.777964,0.000515
2024-01-03 07:00:00,3780.547083,0.952614,0.787057,0.000383
2024-01-03 08:00:00,3821.983739,0.941865,0.799435,0.005883
2024-01-03 09:00:00,4010.785565,0.937889,0.811034,0.025259
2024-01-03 10:00:00,3947.149187,0.931559,0.813227,0.039864
2024-01-03 11:00:00,3963.030313,0.931649,0.816552,0.044909
2024-01-03 12:00:00,3942.076813,0.919756,0.820992,0.032472
2024-01-03 13:00:00,3851.158839,0.909521,0.824496,0.018445
2024-01-03 14:00:00,3577.874948,0.893428,0.822570,0.005834
2024-01-03 15:00:00,3672.929040,0.883471,0.832707,0.000254
2024-01-03 16:00:00,3800.807857,0.881635,0.837790,0.000263
2024-01-03 17:00:00,3596.599205,0.878251,0.828817,0.000247
2024-01-03 18:00:00,3386.808423,0.876976,0.820705,0.000257
2024-01-03 19:00:00,3222.328742,0.866076,0.819469,0.000264
2024-01-03 20:00:00,3140.530462,0.846758,0.821605,0.000216
2024-01-03 21:00:00,3236.839475,0.845356,0.823239,0.000228
2024-01-03 22:00:00,3222.705564,0.861835,0.822202,0.000241
2024-01-03 23:00:00,3288.709506,0.862413,0.820996,0.000264
2024-01-04 00:00:00,3394.630955,0.863007,0.812059,0.000283
2024-01-04 01:00:00,3561.312664,0.853891,0.783460,0.000288
2024-01-04 02:00:00,3596.576221,0.825214,0.795707,0.000276
2024-01-04 03:00:00,3541.263557,0.797682,0.819783,0.000257
2024-01-04 04:00:00,3413.721737,0.749096,0.827248,0.000233
2024-01-04 05:00:00,3246.294066,0.700343,0.828808,0.000229
2024-01-04 06:00:00,3416.879515,0.651645,0.833509,0.000211
2024-01-04 07:00:00,3509.831105,0.590027,0.796221,0.000288
2024-01-04 08:00:00,3543.727781,0.526680,0.783679,0.009702
2024-01-04 09:00:00,3577.032559,0.483117,0.693811,0.034268
2024-01-04 10:00:00,3586.599281,0.448865,0.578950,0.052048
2024-01-04 11:00:00,3601.326789,0.406098,0.460549,0.065726
2024-01-04 12:00:00,3600.546437,0.333015,0.386704,0.063892
2024-01-04 13:00:00,3471.678197,0.267288,0.342348,0.049098
2024-01-04 14:00:00,3357.752499,0.225651,0.347983,0.017189
2024-01-04 15:00:00,3453.928086,0.191464,0.364458,0.000696
2024-01-04 16:00:00,3632.553726,0.185403,0.395114,0.000127
2024-01-04 17:00:00,3508.223127,0.183272,0.401012,0.000117
2024-01-04 18:00:00,3304.277532,0.176265,0.387628,0.000086
2024-01-04 19:00:00,3190.475786,0.164724,0.396752,0.000073
2024-01-04 20:00:00,3055.471782,0.171641,0.393735,0.000062
2024-01-04 21:00:00,2914.069744,0.193637,0.404474,0.000054
2024-01-04 22:00:00,2804.739519,0.192118,0.443922,0.000045
2024-01-04 23:00:00,2802.685062,0.195576,0.440941,0.000051
2024-01-05 00:00:00,2849.692556,0.204724,0.537808,0.000051
2024-01-05 01:00:00,3045.438582,0.211985,0.560247,0.000074
2024-01-05 02:00:00,3073.633188,0.271479,0.490345,0.000113
2024-01-05 03:00:00,3060.611555,0.318833,0.555438,0.000096
2024-01-05 04:00:00,3128.917126,0.340522,0.572667,0.000093
2024-01-05 05:00:00,3224.210431,0.355954,0.606476,0.000130
2024-01-05 06:00:00,3506.439550,0.389729,0.615652,0.000159
2024-01-05 07:00:00,3656.607962,0.435995,0.627166,0.000410
2024-01-05 08:00:00,3681.291444,0.466559,0.620075,0.012085
2024-01-05 09:00:00,3777.575580,0.521463,0.624377,0.042000
2024-01-05 10:00:00,3732.703823,0.552279,0.654122,0.076698
2024-01-05 11:00:00,3562.302215,0.555579,0.672931,0.074743
2024-01-05 12:00:00,3479.017601,0.566720,0.685741,0.064632
2024-01-05 13:00:00,3393.979456,0.575818,0.693903,0.043470
2024-01-05 14:00:00,3332.650517,0.582952,0.703132,0.014756
2024-01-05 15:00:00,3404.838055,0.573924,0.719884,0.000319
2024-01-05 16:00:00,3766.302695,0.550976,0.710799,0.000267
2024-01-05 17:00:00,3657.699840,0.522908,0.719701,0.000248
2024-01-05 18:00:00,3515.161547,0.494000,0.740337,0.000258
2024-01-05 19:00:00,3329.613576,0.468480,0.732687,0.000238
2024-01-05 20:00:00,3243.749693,0.464376,0.672083,0.000219
2024-01-05 21:00:00,3127.913736,0.456724,0.691423,0.000212
2024-01-05 22:00:00,3015.420129,0.447342,0.687544,0.000183
2024-01-05 23:00:00,2778.748746,0.427835,0.710055,0.000197
2024-01-06 00:00:00,2817.233930,0.398416,0.685407,0.000196
2024-01-06 01:00:00,2910.950483,0.389517,0.675397,0.000206
2024-01-06 02:00:00,2835.046117,0.388127,0.645224,0.000195
2024-01-06 03:00:00,2872.781278,0.379173,0.632398,0.000197
2024-01-06 04:00:00,2768.391202,0.389491,0.622856,0.000191
2024-01-06 05:00:00,2805.486402,0.387428,0.597114,0.000186
2024-01-06 06:00:00,2826.898957,0.351075,0.612648,0.000220
2024-01-06 07:00:00,2976.523948,0.345439,0.605280,0.000415
2024-01-06 08:00:00,3088.315323,0.342094,0.620007,0.012561
2024-01-06 09:00:00,3153.903327,0.317182,0.594276,0.056227
2024-01-06 10:00:00,3106.015862,0.286495,0.552277,0.110213
2024-01-06 11:00:00,3083.883637,0.255530,0.552048,0.142877
2024-01-06 12:00:00,3018.889358,0.243643,0.537247,0.138480
2024-01-06 13:00:00,3026.574323,0.245768,0.502970,0.084310
2024-01-06 14:00:00,3024.506691,0.249169,0.509972,0.018445
2024-01-06 15:00:00,3114.775533,0.248959,0.466582,0.000811
2024-01-06 16:00:00,3335.931679,0.244697,0.483602,0.000232
2024-01-06 17:00:00,3281.459529,0.242351,0.471608,0.000188
2024-01-06 18:00:00,3087.961912,0.235646,0.486852,0.000153
2024-01-06 19:00:00,2981.257886,0.232285,0.433983,0.000161
2024-01-06 20:00:00,2948.082434,0.230943,0.416329,0.000169
2024-01-06 21:00:00,2825.894929,0.227987,0.353699,0.000139
2024-01-06 22:00:00,2859.072823,0.214669,0.325533,0.000133
2024-01-06 23:00:00,2867.600576,0.194643,0.288304,0.000126
2024-01-07 00:00:00,2920.474718,0.176385,0.268044,0.000131
2024-01-07 01:00:00,2909.967434,0.151819,0.245869,0.000133
2024-01-07 02:00:00,2932.396260,0.136925,0.228496,0.000114
2024-01-07 03:00:00,2930.394952,0.138278,0.211249,0.000059
2024-01-07 04:00:00,2935.091591,0.146124,0.197848,0.000052
2024-01-07 05:00:00,2937.311104,0.144835,0.209706,0.000056
2024-01-07 06:00:00,3065.787759,0.132858,0.235096,0.000056
2024-01-07 07:00:00,3180.511844,0.135968,0.243527,0.000530
2024-01-07 08:00:00,3293.459921,0.132275,0.246029,0.025681
2024-01-07 09:00:00,3288.219521,0.123427,0.247071,0.095209
2024-01-07 10:00:00,3229.534390,0.096455,0.197356,0.160680
2024-01-07 11:00:00,3300.586348,0.089732,0.126531,0.168025
2024-01-07 12:00:00,3296.584677,0.095392,0.156743,0.153605
2024-01-07 13:00:00,3267.076467,0.110803,0.229190,0.080975
2024-01-07 14:00:00,3250.883667,0.116797,0.285736,0.020233
2024-01-07 15:00:00,3271.780003,0.136064,0.356285,0.000276
2024-01-07 16:00:00,3484.934652,0.182864,0.378413,0.000127
2024-01-07 17:00:00,3502.547422,0.216406,0.443501,0.000120
2024-01-07 18:00:00,3369.082861,0.237626,0.493153,0.000102
2024-01-07 19:00:00,3231.171898,0.256027,0.468407,0.000080
2024-01-07 20:00:00,3139.722524,0.256430,0.507177,0.000078
2024-01-07 21:00:00,2981.862359,0.248392,0.517478,0.000065
2024-01-07 22:00:00,2921.577482,0.274918,0.433728,0.000047
2024-01-07 23:00:00,3094.998501,0.270042,0.498141,0.000043
2024-01-08 00:00:00,3072.214844,0.239467,0.568314,0.000060
2024-01-08 01:00:00,3131.029245,0.196551,0.492843,0.000060
2024-01-08 02:00:00,3115.582772,0.196798,0.409543,0.000065
2024-01-08 03:00:00,3101.583528,0.196467,0.377069,0.000073
2024-01-08 04:00:00,3189.137172,0.187522,0.364352,0.000082
2024-01-08 05:00:00,3447.057470,0.196471,0.337336,0.000109
2024-01-08 06:00:00,3663.173818,0.185892,0.371241,0.000124
2024-01-08 07:00:00,3803.747317,0.153035,0.404303,0.000518
2024-01-08 08:00:00,3740.359507,0.114055,0.312530,0.024087
2024-01-08 09:00:00,3734.484606,0.083272,0.197876,0.089586
2024-01-08 10:00:00,3726.368277,0.070061,0.151860,0.151927
2024-01-08 11:00:00,3809.052395,0.054771,0.148336,0.205771
2024-01-08 12:00:00,3921.574502,0.047091,0.116259,0.189706
2024-01-08 13:00:00,3796.934107,0.043508,0.117814,0.117523
2024-01-08 14:00:00,3511.952102,0.043148,0.133474,0.034819
2024-01-08 15:00:00,3597.116982,0.048531,0.145259,0.000805
2024-01-08 16:00:00,3760.133273,0.054240,0.138226,0.000182
2024-01-08 17:00:00,3628.347134,0.052342,0.132451,0.000143
2024-01-08 18:00:00,3435.778723,0.044935,0.090528,0.000087
2024-01-08 19:00:00,3290.816905,0.041025,0.077295,0.000073
2024-01-08 20:00:00,3312.016335,0.041099,0.057473,0.000059
2024-01-08 21:00:00,3199.982605,0.057174,0.037395,0.000050
2024-01-08 22:00:00,3076.718057,0.074927,0.039913,0.000048
2024-01-08 23:00:00,3240.577617,0.086313,0.023261,0.000047
2024-01-09 00:00:00,3279.800354,0.097843,0.016107,0.000039
2024-01-09 01:00:00,3273.845826,0.102532,0.022833,0.000035
2024-01-09 02:00:00,3231.801517,0.100619,0.036811,0.000030
2024-01-09 03:00:00,3199.055765,0.100113,0.047752,0.000038
2024-01-09 04:00:00,3200.280871,0.107019,0.032423,0.000049
2024-01-09 05:00:00,3360.065915,0.113177,0.030869,0.000073
2024-01-09 06:00:00,3622.317102,0.118638,0.045968,0.000124
2024-01-09 07:00:00,3727.805752,0.115763,0.041271,0.000577
2024-01-09 08:00:00,3760.300299,0.091731,0.042144,0.015930
2024-01-09 09:00:00,3777.501431,0.083791,0.052336,0.049207
2024-01-09 10:00:00,3737.821906,0.080153,0.069284,0.090484
2024-01-09 11:00:00,3608.365419,0.078979,0.088786,0.106395
2024-01-09 12:00:00,3615.510558,0.072419,0.081700,0.085718
2024-01-09 13:00:00,3532.321503,0.056421,0.084866,0.057050
2024-01-09 14:00:00,3434.815333,0.046008,0.099049,0.017272
2024-01-09 15:00:00,3481.699551,0.033949,0.090562,0.000277
2024-01-09 16:00:00,3650.259623,0.019468,0.069210,0.000120
2024-01-09 17:00:00,3494.302379,0.014869,0.043552,0.000100
2024-01-09 18:00:00,3342.427880,0.013652,0.040434,0.000068
2024-01-09 19:00:00,3126.017682,0.011457,0.047300,0.000056
2024-01-09 20:00:00,3005.747202,0.014100,0.053473,0.000050
2024-01-09 21:00:00,2908.768865,0.012996,0.050744,0.000043
2024-01-09 22:00:00,2810.390746,0.008473,0.064567,0.000035
2024-01-09 23:00:00,2792.340630,0.008317,0.055341,0.000038
2024-01-10 00:00:00,2828.886297,0.003663,0.058689,0.000035
2024-01-10 01:00:00,2798.491374,0.001833,0.055748,0.000029
2024-01-10 02:00:00,2765.781607,0.000697,0.024932,0.000032
2024-01-10 03:00:00,2744.379998,0.000358,0.005367,0.000059
2024-01-10 04:00:00,2817.818497,0.000442,0.001812,0.000070
2024-01-10 05:00:00,3065.701744,0.000465,0.000677,0.000115
2024-01-10 06:00:00,3424.863681,0.000379,0.000087,0.000148
2024-01-10 07:00:00,3545.804892,0.000813,0.002004,0.000332
2024-01-10 08:00:00,3529.517005,0.002254,0.004177,0.014613
2024-01-10 09:00:00,3558.788314,0.007669,0.002518,0.062410
2024-01-10 10:00:00,3538.994707,0.014081,0.001360,0.101524
2024-01-10 11:00:00,3474.096961,0.016271,0.002454,0.114987
2024-01-10 12:00:00,3468.026195,0.015684,0.002961,0.105475
2024-01-10 13:00:00,3416.656477,0.024257,0.003887,0.069067
2024-01-10 14:00:00,3333.474143,0.035375,0.009701,0.021412
2024-01-10 15:00:00,3435.974699,0.054648,0.011597,0.000345
2024-01-10 16:00:00,3599.603524,0.074940,0.012703,0.000132
2024-01-10 17:00:00,3455.701442,0.093283,0.021379,0.000105
2024-01-10 18:00:00,3259.471706,0.118965,0.029294,0.000067
2024-01-10 19:00:00,3102.207047,0.135570,0.039087,0.000061
2024-01-10 20:00:00,3008.032833,0.158991,0.054397,0.000050
2024-01-10 21:00:00,2873.170389,0.187988,0.067287,0.000040
2024-01-10 22:00:00,2804.832495,0.192713,0.096367,0.000037
2024-01-10 23:00:00,2773.964245,0.173885,0.164368,0.000035
2024-01-11 00:00:00,2806.813795,0.156542,0.226803,0.000034
2024-01-11 01:00:00,2817.013743,0.140222,0.233493,0.000041
2024-01-11 02:00:00,2727.290454,0.120682,0.268938,0.000037
2024-01-11 03:00:00,2700.477894,0.089171,0.266094,0.000052
2024-01-11 04:00:00,2741.841676,0.053034,0.230571,0.000061
2024-01-11 05:00:00,2978.852225,0.045541,0.152599,0.000121
2024-01-11 06:00:00,3335.173395,0.035789,0.103281,0.000123
2024-01-11 07:00:00,3490.882416,0.025907,0.096193,0.000551
2024-01-11 08:00:00,3455.736423,0.020726,0.088938,0.024368
2024-01-11 09:00:00,3511.179482,0.028510,0.111076,0.085321
2024-01-11 10:00:00,3479.051959,0.030911,0.099031,0.143109
2024-01-11 11:00:00,3366.524118,0.036524,0.099250,0.162724
2024-01-11 12:00:00,3385.331907,0.050093,0.094506,0.153079
2024-01-11 13:00:00,3304.601550,0.062537,0.155695,0.104439
2024-01-11 14:00:00,3257.588456,0.064720,0.206936,0.039750
2024-01-11 15:00:00,3351.080843,0.056336,0.211042,0.001307
2024-01-11 16:00:00,3551.162822,0.059689,0.193263,0.000167
2024-01-11 17:00:00,3401.682037,0.056408,0.114920,0.000117
2024-01-11 18:00:00,3210.792305,0.046493,0.079444,0.000080
2024-01-11 19:00:00,3085.999235,0.034993,0.042206,0.000063
2024-01-11 20:00:00,2990.499440,0.020622,0.019012,0.000052
2024-01-11 21:00:00,2861.766729,0.019855,0.024357,0.000045
2024-01-11 22:00:00,2768.689340,0.027401,0.066627,0.000042
2024-01-11 23:00:00,2777.058973,0.050670,0.121035,0.000046
2024-01-12 00:00:00,2844.260702,0.105532,0.141626,0.000048
2024-01-12 01:00:00,2826.530586,0.146773,0.261340,0.000052
2024-01-12 02:00:00,2866.647530,0.136271,0.376649,0.000044
2024-01-12 03:00:00,2888.462041,0.138196,0.538746,0.000061
2024-01-12 04:00:00,2909.523980,0.144682,0.558164,0.000080
2024-01-12 05:00:00,3123.783272,0.116179,0.582721,0.000095
2024-01-12 06:00:00,3414.184690,0.126016,0.573224,0.000123
2024-01-12 07:00:00,3536.799232,0.131062,0.551201,0.001022
2024-01-12 08:00:00,3495.449063,0.126208,0.576521,0.022099
2024-01-12 09:00:00,3508.447617,0.109891,0.542623,0.091941
2024-01-12 10:00:00,3456.925871,0.119044,0.565476,0.182858
2024-01-12 11:00:00,3342.083234,0.105310,0.563340,0.227573
2024-01-12 12:00:00,3245.252162,0.074582,0.546506,0.216064
2024-01-12 13:00:00,3132.063676,0.073707,0.556476,0.142520
2024-01-12 14:00:00,3069.841043,0.103786,0.561185,0.047915
2024-01-12 15:00:00,3184.019871,0.150915,0.558887,0.003048
2024-01-12 16:00:00,3546.807164,0.182969,0.566220,0.000213
2024-01-12 17:00:00,3459.214898,0.223125,0.549267,0.000189
2024-01-12 18:00:00,3030.977963,0.241796,0.534952,0.000198
2024-01-12 19:00:00,2846.900420,0.299877,0.514508,0.000168
2024-01-12 20:00:00,2823.434489,0.390902,0.491757,0.000156
2024-01-12 21:00:00,2676.970014,0.454264,0.507138,0.000179
2024-01-12 22:00:00,2626.425659,0.532579,0.550603,0.000185
2024-01-12 23:00:00,2725.771475,0.583117,0.685975,0.000157
2024-01-13 00:00:00,2647.328398,0.608702,0.795370,0.000163
2024-01-13 01:00:00,2625.782759,0.658008,0.815319,0.000180
2024-01-13 02:00:00,2592.815671,0.650364,0.817383,0.000205
2024-01-13 03:00:00,2571.198700,0.640356,0.825822,0.000182
2024-01-13 04:00:00,2624.783555,0.673314,0.834655,0.000155
2024-01-13 05:00:00,2527.802366,0.664525,0.839362,0.000148
2024-01-13 06:00:00,2714.825528,0.739572,0.839334,0.000235
2024-01-13 07:00:00,2864.320439,0.802819,0.844350,0.000291
2024-01-13 08:00:00,3048.227956,0.821554,0.842521,0.012506
2024-01-13 09:00:00,3003.218178,0.853256,0.841696,0.051440
2024-01-13 10:00:00,2961.666741,0.875326,0.835651,0.106039
2024-01-13 11:00:00,3159.600725,0.889138,0.833973,0.168710
2024-01-13 12:00:00,3014.366743,0.905084,0.828131,0.147296
2024-01-13 13:00:00,2916.921284,0.902653,0.830747,0.089507
2024-01-13 14:00:00,2880.128755,0.882660,0.844938,0.030483
2024-01-13 15:00:00,2995.988186,0.865458,0.850591,0.000713
2024-01-13 16:00:00,3161.291399,0.825810,0.852856,0.000334
2024-01-13 17:00:00,3096.071114,0.782790,0.851040,0.000293
2024-01-13 18:00:00,2850.113668,0.754020,0.852723,0.000249
2024-01-13 19:00:00,2897.217290,0.702303,0.851035,0.000257
2024-01-13 20:00:00,2839.572148,0.655065,0.848916,0.000191
2024-01-13 21:00:00,2830.684354,0.612170,0.843730,0.000172
2024-01-13 22:00:00,2802.097163,0.557530,0.840771,0.000195
2024-01-13 23:00:00,2684.586183,0.508963,0.824651,0.000160
2024-01-14 00:00:00,2678.401762,0.501867,0.819151,0.000114
2024-01-14 01:00:00,2616.729972,0.476334,0.809480,0.000144
2024-01-14 02:00:00,2578.861855,0.469122,0.778873,0.000151
2024-01-14 03:00:00,2554.499739,0.462697,0.774398,0.000153
2024-01-14 04:00:00,2523.370890,0.447411,0.794795,0.000160
2024-01-14 05:00:00,2559.883078,0.443717,0.764837,0.000190
2024-01-14 06:00:00,2607.118257,0.472338,0.696532,0.000178
2024-01-14 07:00:00,2727.741816,0.490997,0.721891,0.001317
2024-01-14 08:00:00,2799.989254,0.511585,0.747679,0.024822
2024-01-14 09:00:00,2813.428117,0.528611,0.725878,0.076817
2024-01-14 10:00:00,2836.799208,0.557117,0.751612,0.122031
2024-01-14 11:00:00,2775.773899,0.600423,0.757255,0.142111
2024-01-14 12:00:00,2741.097789,0.605547,0.793199,0.123279
2024-01-14 13:00:00,2770.304249,0.596083,0.797973,0.089980
2024-01-14 14:00:00,2698.187437,0.584122,0.797750,0.034941
2024-01-14 15:00:00,2898.782358,0.574351,0.822068,0.001154
2024-01-14 16:00:00,3167.158143,0.566650,0.809204,0.000199
2024-01-14 17:00:00,3068.955575,0.555638,0.816256,0.000202
2024-01-14 18:00:00,2874.849366,0.509986,0.833645,0.000135
2024-01-14 19:00:00,2784.991806,0.475152,0.807679,0.000117
2024-01-14 20:00:00,2655.436211,0.462028,0.818242,0.000114
2024-01-14 21:00:00,2568.548229,0.442822,0.761476,0.000202
2024-01-14 22:00:00,2575.386703,0.501521,0.725835,0.000264
2024-01-14 23:00:00,2729.672361,0.597088,0.744755,0.000256
2024-01-15 00:00:00,2996.122422,0.690410,0.742745,0.000248
2024-01-15 01:00:00,3172.485554,0.784248,0.776440,0.000233
2024-01-15 02:00:00,3132.695795,0.795161,0.835031,0.000194
2024-01-15 03:00:00,3060.130513,0.736509,0.823165,0.000236
2024-01-15 04:00:00,2992.533865,0.681102,0.825445,0.000141
2024-01-15 05:00:00,3182.672936,0.613478,0.777914,0.000143
2024-01-15 06:00:00,3467.768041,0.572103,0.625655,0.000169
2024-01-15 07:00:00,3503.199015,0.501025,0.537392,0.000868
2024-01-15 08:00:00,3531.935325,0.396915,0.452398,0.022597
2024-01-15 09:00:00,3599.548143,0.300387,0.409744,0.079719
2024-01-15 10:00:00,3560.624716,0.202080,0.330051,0.134636
2024-01-15 11:00:00,3638.536479,0.124548,0.282543,0.166986
2024-01-15 12:00:00,3642.348564,0.080882,0.267954,0.126091
2024-01-15 13:00:00,3572.538828,0.070717,0.245684,0.076523
2024-01-15 14:00:00,3324.342075,0.067638,0.314929,0.027277
2024-01-15 15:00:00,3400.300956,0.056202,0.314978,0.001527
2024-01-15 16:00:00,3587.718713,0.033294,0.234963,0.000129
2024-01-15 17:00:00,3458.273277,0.020673,0.131027,0.000094
2024-01-15 18:00:00,3272.294388,0.011225,0.073649,0.000073
2024-01-15 19:00:00,3137.271927,0.008488,0.045101,0.000060
2024-01-15 20:00:00,3078.667096,0.017592,0.036528,0.000050
2024-01-15 21:00:00,3127.577876,0.025852,0.031237,0.000044
2024-01-15 22:00:00,2966.866289,0.034748,0.036689,0.000041
2024-01-15 23:00:00,3042.937122,0.041919,0.052185,0.000036
2024-01-16 00:00:00,3026.617090,0.048256,0.034911,0.000038
2024-01-16 01:00:00,3051.070560,0.059412,0.036915,0.000030
2024-01-16 02:00:00,2986.321459,0.057869,0.016165,0.000030
2024-01-16 03:00:00,2974.626186,0.061645,0.010759,0.000040
2024-01-16 04:00:00,2979.059068,0.060111,0.006889,0.000047
2024-01-16 05:00:00,3228.952586,0.052685,0.010674,0.000080
2024-01-16 06:00:00,3480.932712,0.056476,0.021094,0.000109
2024-01-16 07:00:00,3596.286451,0.059697,0.020578,0.000620
2024-01-16 08:00:00,3624.134898,0.076923,0.044404,0.009964
2024-01-16 09:00:00,3594.191617,0.090658,0.062852,0.030882
2024-01-16 10:00:00,3522.506473,0.114411,0.124341,0.050139
2024-01-16 11:00:00,3477.384253,0.133570,0.224192,0.057539
2024-01-16 12:00:00,3561.666279,0.169158,0.351547,0.054429
2024-01-16 13:00:00,3428.290085,0.241744,0.527626,0.034821
2024-01-16 14:00:00,3368.337271,0.329470,0.449442,0.009380
2024-01-16 15:00:00,3500.781602,0.402884,0.566884,0.000369
2024-01-16 16:00:00,3765.433326,0.447985,0.605171,0.000162
2024-01-16 17:00:00,3596.210707,0.450268,0.600971,0.000140
2024-01-16 18:00:00,3359.463776,0.468636,0.592907,0.000117
2024-01-16 19:00:00,3218.343677,0.468057,0.608905,0.000113
2024-01-16 20:00:00,3231.115926,0.460126,0.795913,0.000114
2024-01-16 21:00:00,3111.944106,0.494129,0.810848,0.000076
2024-01-16 22:00:00,3079.844281,0.548910,0.825975,0.000121
2024-01-16 23:00:00,3128.547109,0.655193,0.838605,0.000159
2024-01-17 00:00:00,3083.831343,0.794322,0.839826,0.000254
2024-01-17 01:00:00,3105.682980,0.888438,0.836743,0.000240
2024-01-17 02:00:00,3191.505342,0.927674,0.821590,0.000234
2024-01-17 03:00:00,3176.967938,0.933709,0.825979,0.000212
2024-01-17 04:00:00,3238.147836,0.890823,0.813422,0.000268
2024-01-17 05:00:00,3262.071340,0.764812,0.785054,0.000231
2024-01-17 06:00:00,3518.110185,0.686959,0.743490,0.000157
2024-01-17 07:00:00,3659.402019,0.625764,0.792286,0.000234
2024-01-17 08:00:00,3518.876782,0.495879,0.712894,0.010378
2024-01-17 09:00:00,3596.955481,0.428994,0.659193,0.047522
2024-01-17 10:00:00,3463.514028,0.440093,0.661489,0.063684
2024-01-17 11:00:00,3392.356867,0.383707,0.634282,0.100836
2024-01-17 12:00:00,3370.340977,0.348357,0.588749,0.107875
2024-01-17 13:00:00,3319.258007,0.313162,0.508851,0.083770
2024-01-17 14:00:00,3266.462824,0.280670,0.554262,0.028210
2024-01-17 15:00:00,3372.294655,0.273154,0.572984,0.001361
2024-01-17 16:00:00,3580.052885,0.250526,0.466498,0.000137
2024-01-17 17:00:00,3410.407008,0.222539,0.460169,0.000112
2024-01-17 18:00:00,3224.144242,0.222144,0.356081,0.000090
2024-01-17 19:00:00,3119.682071,0.221502,0.371622,0.000059
2024-01-17 20:00:00,3029.987178,0.221855,0.364102,0.000044
2024-01-17 21:00:00,3023.368581,0.217006,0.385242,0.000041
2024-01-17 22:00:00,2927.557802,0.223030,0.372379,0.000041
2024-01-17 23:00:00,2925.748133,0.225724,0.347497,0.000046
2024-01-18 00:00:00,2983.014893,0.210863,0.439885,0.000056
2024-01-18 01:00:00,2987.755917,0.228176,0.384084,0.000043
2024-01-18 02:00:00,2968.079268,0.198114,0.489330,0.000043
2024-01-18 03:00:00,2932.100084,0.200616,0.513100,0.000040
2024-01-18 04:00:00,2926.593932,0.181972,0.569675,0.000063
2024-01-18 05:00:00,3145.953211,0.204742,0.498040,0.000115
2024-01-18 06:00:00,3508.615552,0.244433,0.617245,0.000135
2024-01-18 07:00:00,3622.147875,0.258019,0.654082,0.000638
2024-01-18 08:00:00,3585.983435,0.211976,0.555058,0.017707
2024-01-18 09:00:00,3563.790285,0.210106,0.535318,0.063824
2024-01-18 10:00:00,3500.369923,0.251899,0.550110,0.116517
2024-01-18 11:00:00,3494.778398,0.319620,0.650212,0.150640
2024-01-18 12:00:00,3493.186488,0.408374,0.626541,0.160068
2024-01-18 13:00:00,3414.357016,0.464955,0.701774,0.107808
2024-01-18 14:00:00,3303.057706,0.457427,0.566984,0.038456
2024-01-18 15:00:00,3376.011451,0.461324,0.739424,0.003444
2024-01-18 16:00:00,3565.390071,0.467500,0.788830,0.000253
2024-01-18 17:00:00,3430.584379,0.453176,0.621001,0.000237
2024-01-18 18:00:00,3294.839231,0.409934,0.810464,0.000244
2024-01-18 19:00:00,3155.847606,0.378407,0.776527,0.000190
2024-01-18 20:00:00,3105.909622,0.357072,0.779857,0.000202
2024-01-18 21:00:00,3003.001302,0.395386,0.800175,0.000140
2024-01-18 22:00:00,2919.312118,0.390813,0.811041,0.000144
2024-01-18 23:00:00,3028.195729,0.420298,0.802986,0.000168
2024-01-19 00:00:00,3095.421991,0.422477,0.813353,0.000194
2024-01-19 01:00:00,3207.890324,0.402974,0.746614,0.000121
2024-01-19 02:00:00,3227.501775,0.442124,0.773731,0.000114
2024-01-19 03:00:00,3207.582616,0.511724,0.816119,0.000118
2024-01-19 04:00:00,3110.479685,0.531710,0.823901,0.000142
2024-01-19 05:00:00,3164.878356,0.543335,0.779331,0.000138
2024-01-19 06:00:00,3469.943603,0.491006,0.802253,0.000200
2024-01-19 07:00:00,3537.956822,0.455008,0.827701,0.000681
2024-01-19 08:00:00,3642.743724,0.520546,0.818532,0.008796
2024-01-19 09:00:00,3607.344988,0.543057,0.823757,0.031917
2024-01-19 10:00:00,3480.700167,0.534886,0.820995,0.060189
2024-01-19 11:00:00,3399.786284,0.494340,0.725405,0.094194
2024-01-19 12:00:00,3469.913323,0.449780,0.779253,0.064945
2024-01-19 13:00:00,3336.148986,0.422852,0.804681,0.035731
2024-01-19 14:00:00,3140.493057,0.396877,0.801308,0.019311
2024-01-19 15:00:00,3204.714345,0.359049,0.732242,0.001695
2024-01-19 16:00:00,3365.567090,0.363063,0.686894,0.000233
2024-01-19 17:00:00,3238.311743,0.403821,0.712530,0.000285
2024-01-19 18:00:00,3066.671003,0.496999,0.680474,0.000264
2024-01-19 19:00:00,2999.768660,0.623687,0.685831,0.000309
2024-01-19 20:00:00,2971.882544,0.708526,0.754867,0.000290
2024-01-19 21:00:00,2868.231377,0.788390,0.829375,0.000242
2024-01-19 22:00:00,2795.802500,0.836501,0.849245,0.000275
2024-01-19 23:00:00,2861.750893,0.892289,0.847507,0.000315
2024-01-20 00:00:00,2850.596389,0.913832,0.843550,0.000277
2024-01-20 01:00:00,2866.842384,0.908779,0.842202,0.000269
2024-01-20 02:00:00,2820.840014,0.902069,0.844185,0.000262
2024-01-20 03:00:00,2832.555598,0.888040,0.843314,0.000277
2024-01-20 04:00:00,2826.130722,0.802162,0.844659,0.000252
2024-01-20 05:00:00,2746.930852,0.657620,0.840247,0.000264
2024-01-20 06:00:00,2772.130411,0.512397,0.731222,0.000264
2024-01-20 07:00:00,2838.174851,0.431281,0.605213,0.000682
2024-01-20 08:00:00,2870.181486,0.379393,0.585003,0.012111
2024-01-20 09:00:00,2924.361631,0.370282,0.566921,0.038259
2024-01-20 10:00:00,2928.736358,0.336885,0.573672,0.066368
2024-01-20 11:00:00,2923.971778,0.327090,0.578418,0.105329
2024-01-20 12:00:00,2915.604003,0.355418,0.583508,0.100489
2024-01-20 13:00:00,2904.290552,0.337948,0.597927,0.064822
2024-01-20 14:00:00,2783.095424,0.344999,0.595046,0.024450
2024-01-20 15:00:00,2863.120115,0.372185,0.633296,0.001396
2024-01-20 16:00:00,3040.998142,0.438121,0.655988,0.000227
2024-01-20 17:00:00,2954.615515,0.520661,0.691839,0.000272
2024-01-20 18:00:00,2777.652193,0.578348,0.733081,0.000275
2024-01-20 19:00:00,2694.244933,0.613614,0.823371,0.000225
2024-01-20 20:00:00,2571.999017,0.626201,0.834520,0.000203
2024-01-20 21:00:00,2532.931488,0.667793,0.837411,0.000168
2024-01-20 22:00:00,2537.414856,0.688612,0.836008,0.000149
2024-01-20 23:00:00,2660.494473,0.702515,0.829464,0.000146
2024-01-21 00:00:00,2659.294796,0.681529,0.835924,0.000165
2024-01-21 01:00:00,2649.189099,0.654896,0.834841,0.000151
2024-01-21 02:00:00,2802.874804,0.684563,0.806672,0.000172
2024-01-21 03:00:00,2809.340651,0.720456,0.804379,0.000194
2024-01-21 04:00:00,2738.596076,0.739250,0.842545,0.000255
2024-01-21 05:00:00,2863.712880,0.772918,0.803693,0.000251
2024-01-21 06:00:00,2905.374950,0.797872,0.834876,0.000243
2024-01-21 07:00:00,3071.639201,0.844321,0.845729,0.000524
2024-01-21 08:00:00,3097.403968,0.881060,0.846334,0.011216
2024-01-21 09:00:00,3304.063260,0.901109,0.843585,0.024168
2024-01-21 10:00:00,3369.538184,0.905513,0.841298,0.039023
2024-01-21 11:00:00,3456.545132,0.898078,0.848041,0.041438
2024-01-21 12:00:00,3459.656509,0.903080,0.846905,0.025026
2024-01-21 13:00:00,3432.024018,0.894115,0.838025,0.016616
2024-01-21 14:00:00,3311.741675,0.873701,0.837755,0.004492
2024-01-21 15:00:00,3331.186019,0.835385,0.838129,0.000338
2024-01-21 16:00:00,3435.436556,0.810368,0.841237,0.000341
2024-01-21 17:00:00,3269.256513,0.835018,0.842066,0.000332
2024-01-21 18:00:00,3087.244984,0.876427,0.840300,0.000317
2024-01-21 19:00:00,3049.468416,0.908615,0.840528,0.000326
2024-01-21 20:00:00,3051.324585,0.937151,0.840832,0.000344
2024-01-21 21:00:00,2945.900601,0.955313,0.830564,0.000349
2024-01-21 22:00:00,2974.922021,0.981658,0.819969,0.000350
2024-01-21 23:00:00,3325.827696,1.000000,0.807027,0.000346
2024-01-22 00:00:00,3474.167891,0.980634,0.772060,0.000341
2024-01-22 01:00:00,3537.071708,0.982520,0.687392,0.000324
2024-01-22 02:00:00,3592.233697,0.969378,0.588303,0.000324
2024-01-22 03:00:00,3621.600867,0.951357,0.563499,0.000320
2024-01-22 04:00:00,3629.936317,0.949621,0.642552,0.000331
2024-01-22 05:00:00,3422.395369,0.958691,0.707656,0.000354
2024-01-22 06:00:00,3440.266684,0.964945,0.760630,0.000373
2024-01-22 07:00:00,3535.182724,0.968963,0.782683,0.000881
2024-01-22 08:00:00,3655.453749,0.971443,0.805037,0.028157
2024-01-22 09:00:00,3646.104985,0.963822,0.817464,0.114024
2024-01-22 10:00:00,3652.019091,0.959833,0.814212,0.195281
2024-01-22 11:00:00,3753.378411,0.957770,0.812172,0.226610
2024-01-22 12:00:00,3961.097750,0.952302,0.833089,0.185253
2024-01-22 13:00:00,3767.073819,0.944571,0.837335,0.121235
2024-01-22 14:00:00,3554.184626,0.943426,0.842005,0.050625
2024-01-22 15:00:00,3497.186068,0.942580,0.846951,0.005686
2024-01-22 16:00:00,3580.148150,0.935976,0.840727,0.000377
2024-01-22 17:00:00,3419.326995,0.935784,0.847365,0.000367
2024-01-22 18:00:00,3326.069533,0.935955,0.845050,0.000336
2024-01-22 19:00:00,3252.411882,0.928290,0.845669,0.000333
2024-01-22 20:00:00,3208.292171,0.923205,0.842527,0.000264
2024-01-22 21:00:00,3075.663215,0.921347,0.844299,0.000255
2024-01-22 22:00:00,3172.342368,0.917318,0.818246,0.000263
2024-01-22 23:00:00,3269.341028,0.908976,0.836224,0.000280
2024-01-23 00:00:00,3503.367443,0.894920,0.834760,0.000251
2024-01-23 01:00:00,3587.528845,0.882391,0.811698,0.000256
2024-01-23 02:00:00,3569.084145,0.837794,0.841253,0.000245
2024-01-23 03:00:00,3524.888141,0.843886,0.825181,0.000262
2024-01-23 04:00:00,3298.274855,0.857938,0.835852,0.000292
2024-01-23 05:00:00,3373.864195,0.888567,0.843159,0.000350
2024-01-23 06:00:00,3483.140371,0.932140,0.841882,0.000398
2024-01-23 07:00:00,3543.524121,0.948043,0.844642,0.002323
2024-01-23 08:00:00,3640.280417,0.922361,0.842934,0.043533
2024-01-23 09:00:00,3820.543355,0.893751,0.831367,0.166715
2024-01-23 10:00:00,3816.587180,0.881532,0.824030,0.275465
2024-01-23 11:00:00,3769.786356,0.841580,0.826594,0.239965
2024-01-23 12:00:00,3674.253808,0.769479,0.784540,0.211663
2024-01-23 13:00:00,3450.322082,0.691536,0.782750,0.121357
2024-01-23 14:00:00,3270.231145,0.554943,0.772869,0.044362
2024-01-23 15:00:00,3322.415477,0.510747,0.797804,0.002191
2024-01-23 16:00:00,3530.711413,0.524660,0.806572,0.000299
2024-01-23 17:00:00,3375.666234,0.592803,0.794771,0.000263
2024-01-23 18:00:00,3145.559575,0.647955,0.713591,0.000274
2024-01-23 19:00:00,3127.539721,0.743397,0.810549,0.000253
2024-01-23 20:00:00,3130.124689,0.857887,0.843206,0.000307
2024-01-23 21:00:00,3116.564676,0.930367,0.843734,0.000325
2024-01-23 22:00:00,3208.209663,0.962874,0.835841,0.000326
2024-01-23 23:00:00,3412.461323,0.940357,0.836898,0.000319
2024-01-24 00:00:00,3536.446998,0.858930,0.587043,0.000323
2024-01-24 01:00:00,3506.367822,0.886877,0.557325,0.000329
2024-01-24 02:00:00,3483.889560,0.906880,0.554558,0.000326
2024-01-24 03:00:00,3393.877711,0.913986,0.567269,0.000330
2024-01-24 04:00:00,3510.787144,0.858991,0.564669,0.000334
2024-01-24 05:00:00,3453.983103,0.980373,0.808139,0.000407
2024-01-24 06:00:00,3530.865510,0.984086,0.828954,0.000403
2024-01-24 07:00:00,3656.525725,0.938727,0.815463,0.000655
2024-01-24 08:00:00,3708.109814,0.925986,0.836852,0.011634
2024-01-24 09:00:00,3645.613069,0.916890,0.841931,0.033345
2024-01-24 10:00:00,3711.151082,0.921188,0.839813,0.068068
2024-01-24 11:00:00,3744.340266,0.989299,0.831305,0.088391
2024-01-24 12:00:00,3822.364609,0.997595,0.824853,0.069764
2024-01-24 13:00:00,3651.095338,0.984231,0.776426,0.041043
2024-01-24 14:00:00,3573.135944,0.971969,0.782835,0.034277
2024-01-24 15:00:00,3603.325830,0.972482,0.792870,0.003341
2024-01-24 16:00:00,3681.810104,0.976054,0.795255,0.000412
2024-01-24 17:00:00,3555.637703,0.981388,0.791999,0.000398
2024-01-24 18:00:00,3403.124133,0.979585,0.800927,0.000375
2024-01-24 19:00:00,3306.096395,0.978501,0.815808,0.000369
2024-01-24 20:00:00,3310.595860,0.973072,0.824102,0.000361
2024-01-24 21:00:00,3125.655662,0.973559,0.816396,0.000363
2024-01-24 22:00:00,3034.624940,0.978611,0.818366,0.000348
2024-01-24 23:00:00,3056.321049,0.974630,0.819044,0.000342
2024-01-25 00:00:00,3019.983275,0.970042,0.820247,0.000349
2024-01-25 01:00:00,3028.019489,0.957025,0.819331,0.000331
2024-01-25 02:00:00,2935.040294,0.948495,0.819346,0.000337
2024-01-25 03:00:00,2892.152652,0.932585,0.819580,0.000332
2024-01-25 04:00:00,2892.632339,0.903682,0.821784,0.000334
2024-01-25 05:00:00,3026.692611,0.868452,0.825289,0.000381
2024-01-25 06:00:00,3309.839743,0.798299,0.831264,0.000320
2024-01-25 07:00:00,3325.962291,0.669298,0.826291,0.003738
2024-01-25 08:00:00,3312.547090,0.494685,0.822490,0.056313
2024-01-25 09:00:00,3382.445361,0.419058,0.760065,0.146350
2024-01-25 10:00:00,3265.131377,0.329638,0.568239,0.196215
2024-01-25 11:00:00,3234.870212,0.241683,0.396951,0.241733
2024-01-25 12:00:00,3203.435960,0.180758,0.311275,0.229341
2024-01-25 13:00:00,3154.488078,0.148846,0.175268,0.178972
2024-01-25 14:00:00,3053.315045,0.107906,0.137841,0.074078
2024-01-25 15:00:00,3106.789640,0.081023,0.146146,0.006953
2024-01-25 16:00:00,3245.331700,0.077764,0.164675,0.000278
2024-01-25 17:00:00,3178.141413,0.097303,0.167947,0.000250
2024-01-25 18:00:00,3017.079560,0.108080,0.190905,0.000199
2024-01-25 19:00:00,2851.954988,0.087294,0.238144,0.000145
2024-01-25 20:00:00,2703.191924,0.091493,0.292667,0.000110
2024-01-25 21:00:00,2545.911337,0.114049,0.372347,0.000125
2024-01-25 22:00:00,2473.938747,0.150288,0.402546,0.000117
2024-01-25 23:00:00,2603.797729,0.214333,0.497010,0.000101
2024-01-26 00:00:00,2585.447334,0.276889,0.542546,0.000102
2024-01-26 01:00:00,2689.223034,0.361454,0.634890,0.000102
2024-01-26 02:00:00,2738.485433,0.454526,0.751887,0.000085
2024-01-26 03:00:00,2819.668133,0.545626,0.783512,0.000108
2024-01-26 04:00:00,2838.069661,0.591186,0.810642,0.000153
2024-01-26 05:00:00,3057.268637,0.705444,0.821052,0.000210
2024-01-26 06:00:00,3302.709416,0.794953,0.831577,0.000340
2024-01-26 07:00:00,3402.562805,0.830734,0.830030,0.000355
2024-01-26 08:00:00,3409.806119,0.853386,0.832420,0.001106
2024-01-26 09:00:00,3487.964242,0.843382,0.834628,0.007300
2024-01-26 10:00:00,3510.299321,0.757698,0.832835,0.046301
2024-01-26 11:00:00,3627.776366,0.831972,0.827709,0.048820
2024-01-26 12:00:00,3651.471838,0.933365,0.829069,0.065581
2024-01-26 13:00:00,3472.891424,0.961306,0.831538,0.080679
2024-01-26 14:00:00,3437.921921,0.976567,0.826823,0.070356
2024-01-26 15:00:00,3374.516284,0.984500,0.836283,0.012401
2024-01-26 16:00:00,3527.169413,0.984043,0.836700,0.000418
2024-01-26 17:00:00,3360.260122,0.973786,0.835688,0.000387
2024-01-26 18:00:00,3133.271122,0.968891,0.832520,0.000355
2024-01-26 19:00:00,3223.727468,0.949017,0.833749,0.000300
2024-01-26 20:00:00,3572.585229,0.907531,0.828503,0.000278
2024-01-26 21:00:00,3002.915263,0.871437,0.834106,0.000278
2024-01-26 22:00:00,2784.473724,0.783672,0.829311,0.000265
2024-01-26 23:00:00,2841.496837,0.721228,0.823987,0.000157
2024-01-27 00:00:00,2829.149960,0.681812,0.823720,0.000137
2024-01-27 01:00:00,2666.562448,0.594125,0.827525,0.000128
2024-01-27 02:00:00,2575.105503,0.486844,0.825229,0.000119
2024-01-27 03:00:00,2513.990281,0.428652,0.820542,0.000076
2024-01-27 04:00:00,2562.411238,0.399559,0.807098,0.000090
2024-01-27 05:00:00,2611.661230,0.398021,0.776426,0.000092
2024-01-27 06:00:00,2715.431396,0.400591,0.810012,0.000102
2024-01-27 07:00:00,2810.993139,0.402731,0.777709,0.005259
2024-01-27 08:00:00,2876.529788,0.417594,0.739031,0.050156
2024-01-27 09:00:00,2978.286613,0.428749,0.690536,0.106686
2024-01-27 10:00:00,3060.354151,0.456178,0.609312,0.132516
2024-01-27 11:00:00,3199.558229,0.480188,0.586206,0.175868
2024-01-27 12:00:00,3202.614000,0.499720,0.534367,0.155641
2024-01-27 13:00:00,2936.124521,0.500874,0.504067,0.113859
2024-01-27 14:00:00,2855.290568,0.489744,0.560972,0.055003
2024-01-27 15:00:00,2869.694066,0.475625,0.610765,0.008136
2024-01-27 16:00:00,3067.098575,0.483208,0.671286,0.000167
2024-01-27 17:00:00,2991.535938,0.485812,0.648096,0.000165
2024-01-27 18:00:00,2896.176238,0.508362,0.691525,0.000119
2024-01-27 19:00:00,2785.485060,0.526061,0.717380,0.000128
2024-01-27 20:00:00,2656.618038,0.535019,0.696012,0.000131
2024-01-27 21:00:00,2674.856496,0.519998,0.680007,0.000134
2024-01-27 22:00:00,2649.328131,0.511753,0.651497,0.000123
2024-01-27 23:00:00,2575.519308,0.485384,0.650802,0.000121
2024-01-28 00:00:00,2540.113983,0.457717,0.643329,0.000083
2024-01-28 01:00:00,2541.034737,0.410037,0.582052,0.000064
2024-01-28 02:00:00,2563.422343,0.372013,0.667570,0.000057
2024-01-28 03:00:00,2577.684966,0.369997,0.709346,0.000055
2024-01-28 04:00:00,2536.701867,0.375870,0.697283,0.000055
2024-01-28 05:00:00,2567.641209,0.388739,0.715587,0.000082
2024-01-28 06:00:00,2610.769589,0.384334,0.668442,0.000103
2024-01-28 07:00:00,2785.053196,0.411332,0.656323,0.008739
2024-01-28 08:00:00,2979.363917,0.417032,0.714551,0.082691
2024-01-28 09:00:00,3268.691681,0.442507,0.792094,0.194482
2024-01-28 10:00:00,3435.933230,0.451979,0.793762,0.251070
2024-01-28 11:00:00,3447.976351,0.476156,0.802903,0.255265
2024-01-28 12:00:00,3689.664254,0.500279,0.789165,0.325265
2024-01-28 13:00:00,3247.087697,0.515435,0.793848,0.298465
2024-01-28 14:00:00,3009.854772,0.526314,0.807145,0.126276
2024-01-28 15:00:00,2932.981841,0.554196,0.806140,0.015586
2024-01-28 16:00:00,3074.065000,0.592079,0.820713,0.000213
2024-01-28 17:00:00,3048.892165,0.644422,0.828004,0.000168
2024-01-28 18:00:00,2916.387735,0.660787,0.833512,0.000136
2024-01-28 19:00:00,2782.754294,0.663190,0.835301,0.000129
2024-01-28 20:00:00,2810.748897,0.672603,0.834388,0.000119
2024-01-28 21:00:00,2858.321612,0.680806,0.836253,0.000111
2024-01-28 22:00:00,2784.437267,0.682654,0.834677,0.000093
2024-01-28 23:00:00,2957.105567,0.675930,0.836762,0.000087
2024-01-29 00:00:00,2935.184328,0.656803,0.828594,0.000072
2024-01-29 01:00:00,2813.439584,0.630353,0.813121,0.000067
2024-01-29 02:00:00,2797.248247,0.581583,0.766905,0.000073
2024-01-29 03:00:00,2779.994575,0.526743,0.747155,0.000090
2024-01-29 04:00:00,2755.709057,0.469765,0.708423,0.000091
2024-01-29 05:00:00,3134.721305,0.397172,0.653241,0.000118
2024-01-29 06:00:00,3398.850458,0.309454,0.540316,0.000137
2024-01-29 07:00:00,3323.527093,0.225038,0.421454,0.005937
2024-01-29 08:00:00,3378.943625,0.138196,0.277331,0.046854
2024-01-29 09:00:00,3368.740835,0.080937,0.156185,0.101970
2024-01-29 10:00:00,3369.546818,0.061930,0.108617,0.114170
2024-01-29 11:00:00,3274.493175,0.054492,0.108149,0.113996
2024-01-29 12:00:00,3259.158066,0.037239,0.144377,0.124473
2024-01-29 13:00:00,3154.270249,0.026651,0.079676,0.076433
2024-01-29 14:00:00,3039.764144,0.012452,0.025812,0.032858
2024-01-29 15:00:00,3088.863415,0.011440,0.017184,0.003358
2024-01-29 16:00:00,3308.087276,0.013552,0.025237,0.000160
2024-01-29 17:00:00,3169.194208,0.017501,0.028048,0.000153
2024-01-29 18:00:00,2986.742871,0.017209,0.045826,0.000119
2024-01-29 19:00:00,2819.271473,0.015364,0.055154,0.000096
2024-01-29 20:00:00,2663.540901,0.015712,0.062318,0.000088
2024-01-29 21:00:00,2598.244025,0.018540,0.078385,0.000067
2024-01-29 22:00:00,2483.744154,0.022351,0.109717,0.000046
2024-01-29 23:00:00,2462.261417,0.023599,0.086292,0.000035
2024-01-30 00:00:00,2397.499157,0.023884,0.051611,0.000036
2024-01-30 01:00:00,2384.828923,0.025914,0.079177,0.000029
2024-01-30 02:00:00,2384.825684,0.036563,0.163316,0.000034
2024-01-30 03:00:00,2444.779632,0.051784,0.211777,0.000045
2024-01-30 04:00:00,2477.274123,0.088481,0.316277,0.000058
2024-01-30 05:00:00,2784.112522,0.156183,0.461939,0.000085
2024-01-30 06:00:00,3100.408209,0.225035,0.593612,0.000120
2024-01-30 07:00:00,3191.292240,0.281615,0.606829,0.002214
2024-01-30 08:00:00,3183.459581,0.300956,0.515353,0.026516
2024-01-30 09:00:00,3260.234184,0.341536,0.532643,0.061841
2024-01-30 10:00:00,3326.263960,0.382288,0.573147,0.076808
2024-01-30 11:00:00,3294.001504,0.388402,0.568587,0.070116
2024-01-30 12:00:00,3242.421052,0.394888,0.797251,0.034834
2024-01-30 13:00:00,3245.376819,0.435527,0.825962,0.023202
2024-01-30 14:00:00,3117.504249,0.450214,0.825131,0.011614
2024-01-30 15:00:00,3186.842085,0.462215,0.829540,0.001346
2024-01-30 16:00:00,3329.866450,0.469477,0.845028,0.000263
2024-01-30 17:00:00,3202.683674,0.462595,0.827123,0.000213
2024-01-30 18:00:00,3001.018760,0.413314,0.762297,0.000201
2024-01-30 19:00:00,2911.775300,0.349569,0.839868,0.000158
2024-01-30 20:00:00,2812.609670,0.352736,0.845156,0.000131
2024-01-30 21:00:00,2797.975497,0.468812,0.775317,0.000173
2024-01-30 22:00:00,2715.952546,0.505472,0.773672,0.000208
2024-01-30 23:00:00,2786.984009,0.605517,0.846030,0.000172
2024-01-31 00:00:00,2784.958041,0.540071,0.835003,0.000169
2024-01-31 01:00:00,2748.285133,0.524115,0.777015,0.000129
2024-01-31 02:00:00,2789.755128,0.610845,0.794546,0.000114
2024-01-31 03:00:00,2670.315172,0.558515,0.760606,0.000129
2024-01-31 04:00:00,2728.146926,0.464000,0.730666,0.000131
2024-01-31 05:00:00,2973.032161,0.422127,0.713764,0.000108
2024-01-31 06:00:00,3372.011559,0.420822,0.796791,0.000135
2024-01-31 07:00:00,3467.279668,0.482469,0.797588,0.007759
2024-01-31 08:00:00,3446.094497,0.524731,0.598492,0.080993
2024-01-31 09:00:00,3591.525163,0.647669,0.614382,0.161685
2024-01-31 10:00:00,3637.403495,0.790403,0.595765,0.170536
2024-01-31 11:00:00,3693.436163,0.881533,0.774763,0.173349
2024-01-31 12:00:00,3728.033295,0.928278,0.833140,0.149025
2024-01-31 13:00:00,3784.183605,0.945201,0.844457,0.097711
2024-01-31 14:00:00,3850.788834,0.967019,0.847855,0.031571
2024-01-31 15:00:00,3755.152643,0.976928,0.879640,0.003425
2024-01-31 16:00:00,3735.511781,0.987302,0.873642,0.000468
2024-01-31 17:00:00,3658.416835,0.990208,0.874772,0.000419
2024-01-31 18:00:00,3594.874584,0.982844,0.874792,0.000406
2024-01-31 19:00:00,3635.734070,0.985405,0.874006,0.000397
2024-01-31 20:00:00,3590.439659,0.984995,0.875780,0.000374
2024-01-31 21:00:00,3413.801235,0.968389,0.876935,0.000354
2024-01-31 22:00:00,3157.070074,0.874763,0.872240,0.000309
2024-01-31 23:00:00,3212.107420,0.789089,0.880595,0.000291
2024-02-01 00:00:00,3212.742325,0.794403,0.884635,0.000218
2024-02-01 01:00:00,3164.496966,0.816044,0.883550,0.000191
2024-02-01 02:00:00,3101.649729,0.839293,0.883010,0.000203
2024-02-01 03:00:00,3028.191856,0.864076,0.881540,0.000235
2024-02-01 04:00:00,3085.787318,0.907216,0.880567,0.000295
2024-02-01 05:00:00,3415.432965,0.928032,0.872335,0.000343
2024-02-01 06:00:00,3678.558440,0.946214,0.855205,0.000394
2024-02-01 07:00:00,3670.087105,0.920490,0.866083,0.007931
2024-02-01 08:00:00,3699.975137,0.916178,0.873352,0.074343
2024-02-01 09:00:00,3868.219936,0.930895,0.877279,0.165947
2024-02-01 10:00:00,3872.930421,0.923945,0.885012,0.260956
2024-02-01 11:00:00,3934.720983,0.930361,0.878633,0.326796
2024-02-01 12:00:00,3909.699041,0.933795,0.879124,0.325850
2024-02-01 13:00:00,3743.117259,0.915007,0.878281,0.259476
2024-02-01 14:00:00,3509.655416,0.898285,0.879302,0.111622
2024-02-01 15:00:00,3443.242902,0.847190,0.877840,0.023374
2024-02-01 16:00:00,3586.117680,0.790394,0.877651,0.000406
2024-02-01 17:00:00,3366.737341,0.713607,0.856342,0.000303
2024-02-01 18:00:00,3176.553917,0.669980,0.805016,0.000256
2024-02-01 19:00:00,3085.704357,0.617542,0.717773,0.000253
2024-02-01 20:00:00,2960.483550,0.512500,0.645866,0.000152
2024-02-01 21:00:00,2854.136207,0.520776,0.740739,0.000137
2024-02-01 22:00:00,2778.103579,0.543724,0.837944,0.000104
2024-02-01 23:00:00,2851.458694,0.567520,0.759187,0.000148
2024-02-02 00:00:00,2908.930567,0.554784,0.843601,0.000124
2024-02-02 01:00:00,2898.145260,0.547165,0.841619,0.000117
2024-02-02 02:00:00,2952.729768,0.523955,0.775388,0.000135
2024-02-02 03:00:00,2903.856813,0.521555,0.688996,0.000156
2024-02-02 04:00:00,2827.397369,0.523190,0.761971,0.000162
2024-02-02 05:00:00,2909.356637,0.553558,0.778650,0.000209
2024-02-02 06:00:00,3254.414414,0.622964,0.805030,0.000269
2024-02-02 07:00:00,3390.096517,0.686705,0.820072,0.001784
2024-02-02 08:00:00,3421.698980,0.773361,0.865206,0.011767
2024-02-02 09:00:00,3436.687019,0.822272,0.877102,0.024403
2024-02-02 10:00:00,3448.249442,0.838736,0.879821,0.030438
2024-02-02 11:00:00,3516.566119,0.860901,0.880821,0.037797
2024-02-02 12:00:00,3513.066602,0.878887,0.883216,0.041282
2024-02-02 13:00:00,3492.486133,0.890914,0.882075,0.033385
2024-02-02 14:00:00,3474.910251,0.921342,0.883314,0.021291
2024-02-02 15:00:00,3425.487278,0.937617,0.884380,0.004453
2024-02-02 16:00:00,3544.311494,0.938696,0.885545,0.000418
2024-02-02 17:00:00,3456.063486,0.920871,0.885044,0.000386
2024-02-02 18:00:00,3358.487214,0.911462,0.886553,0.000352
2024-02-02 19:00:00,3405.002875,0.901550,0.883817,0.000333
2024-02-02 20:00:00,3188.394826,0.904232,0.882945,0.000317
2024-02-02 21:00:00,3055.129735,0.913685,0.884747,0.000313
2024-02-02 22:00:00,3173.913582,0.913564,0.884195,0.000313
2024-02-02 23:00:00,3300.854046,0.910266,0.863366,0.000315
2024-02-03 00:00:00,3125.059280,0.915447,0.850642,0.000299
2024-02-03 01:00:00,3306.260299,0.901910,0.830669,0.000309
2024-02-03 02:00:00,3223.281038,0.899147,0.834007,0.000316
2024-02-03 03:00:00,3291.236657,0.911384,0.785068,0.000314
2024-02-03 04:00:00,3244.583621,0.887645,0.795818,0.000304
2024-02-03 05:00:00,3232.331672,0.875567,0.790215,0.000299
2024-02-03 06:00:00,3264.350658,0.841167,0.837687,0.000286
2024-02-03 07:00:00,3348.859151,0.839497,0.858881,0.008858
2024-02-03 08:00:00,3061.619760,0.870943,0.811547,0.077116
2024-02-03 09:00:00,3078.871796,0.898549,0.795517,0.162403
2024-02-03 10:00:00,3109.173522,0.938692,0.807371,0.244616
2024-02-03 11:00:00,3238.597771,0.959328,0.852050,0.274718
2024-02-03 12:00:00,3414.907783,0.929700,0.841596,0.287322
2024-02-03 13:00:00,3348.907943,0.923087,0.857194,0.228076
2024-02-03 14:00:00,3033.949170,0.920464,0.833994,0.121570
2024-02-03 15:00:00,2882.619916,0.890821,0.865678,0.025375
2024-02-03 16:00:00,2967.136722,0.859791,0.867675,0.000559
2024-02-03 17:00:00,2937.921246,0.843219,0.827592,0.000393
2024-02-03 18:00:00,3096.188740,0.817540,0.855226,0.000340
2024-02-03 19:00:00,3141.818552,0.808999,0.805645,0.000261
2024-02-03 20:00:00,2940.412399,0.805626,0.851895,0.000218
2024-02-03 21:00:00,2630.211515,0.828223,0.821286,0.000197
2024-02-03 22:00:00,2586.365578,0.840472,0.857112,0.000214
2024-02-03 23:00:00,2733.814327,0.824708,0.872066,0.000219
2024-02-04 00:00:00,3051.531238,0.844099,0.881407,0.000245
2024-02-04 01:00:00,3198.649718,0.850182,0.878513,0.000236
2024-02-04 02:00:00,3290.174705,0.854721,0.819994,0.000228
2024-02-04 03:00:00,3290.815114,0.839977,0.588222,0.000267
2024-02-04 04:00:00,3257.555970,0.868944,0.538081,0.000286
2024-02-04 05:00:00,3267.180624,0.890349,0.538999,0.000321
2024-02-04 06:00:00,3304.693258,0.933706,0.734466,0.000316
2024-02-04 07:00:00,3501.076061,0.956413,0.840850,0.003240
2024-02-04 08:00:00,3594.059064,0.944406,0.851335,0.026178
2024-02-04 09:00:00,3722.230431,0.949949,0.837871,0.052003
2024-02-04 10:00:00,3725.279302,0.955316,0.834714,0.074396
2024-02-04 11:00:00,3675.048763,0.947414,0.848380,0.081263
2024-02-04 12:00:00,3765.764524,0.922718,0.845103,0.070151
2024-02-04 13:00:00,3604.803213,0.940081,0.865518,0.045767
2024-02-04 14:00:00,3520.693988,0.933104,0.870013,0.024176
2024-02-04 15:00:00,3661.927433,0.924777,0.873065,0.004988
2024-02-04 16:00:00,3822.864718,0.946733,0.865204,0.000479
2024-02-04 17:00:00,3504.711899,0.944044,0.818364,0.000479
2024-02-04 18:00:00,3425.498088,0.930920,0.842799,0.000391
2024-02-04 19:00:00,3282.566450,0.898761,0.860251,0.000367
2024-02-04 20:00:00,3329.174745,0.818236,0.864598,0.000319
2024-02-04 21:00:00,3157.075737,0.732563,0.850831,0.000295
2024-02-04 22:00:00,3130.348207,0.668291,0.853360,0.000254
2024-02-04 23:00:00,3334.829623,0.645557,0.851473,0.000261
2024-02-05 00:00:00,3371.197264,0.720885,0.811262,0.000246
2024-02-05 01:00:00,3404.318805,0.736034,0.806842,0.000216
2024-02-05 02:00:00,3412.856663,0.713405,0.802072,0.000246
2024-02-05 03:00:00,3375.199743,0.694288,0.783815,0.000225
2024-02-05 04:00:00,3357.283195,0.638648,0.786400,0.000206
2024-02-05 05:00:00,3142.958921,0.523079,0.566792,0.000159
2024-02-05 06:00:00,3218.457785,0.368869,0.389817,0.000120
2024-02-05 07:00:00,3406.867106,0.246774,0.308620,0.004460
2024-02-05 08:00:00,3363.818238,0.170506,0.264768,0.030857
2024-02-05 09:00:00,3398.486951,0.125477,0.268072,0.063537
2024-02-05 10:00:00,3563.178593,0.122986,0.540718,0.071532
2024-02-05 11:00:00,3497.185725,0.129620,0.668788,0.066397
2024-02-05 12:00:00,3536.280046,0.168730,0.619988,0.057346
2024-02-05 13:00:00,3406.656342,0.236471,0.562312,0.036880
2024-02-05 14:00:00,3333.267955,0.284093,0.631184,0.016582
2024-02-05 15:00:00,3315.668299,0.342296,0.619363,0.002637
2024-02-05 16:00:00,3500.548228,0.369762,0.609979,0.000370
2024-02-05 17:00:00,3378.263743,0.403331,0.599166,0.000385
2024-02-05 18:00:00,3134.167391,0.427327,0.603589,0.000384
2024-02-05 19:00:00,2995.735077,0.434685,0.611947,0.000357
2024-02-05 20:00:00,2931.108838,0.451942,0.610430,0.000363
2024-02-05 21:00:00,2837.526931,0.483359,0.612851,0.000357
2024-02-05 22:00:00,2831.018468,0.501343,0.619643,0.000336
2024-02-05 23:00:00,3008.090095,0.508869,0.633385,0.000335
2024-02-06 00:00:00,3171.451634,0.513265,0.649894,0.000321
2024-02-06 01:00:00,3376.287695,0.510357,0.684636,0.000297
2024-02-06 02:00:00,3432.393333,0.513562,0.686711,0.000285
2024-02-06 03:00:00,3515.564988,0.537820,0.761394,0.000278
2024-02-06 04:00:00,3199.578450,0.558154,0.803845,0.000316
2024-02-06 05:00:00,3145.865971,0.588856,0.822461,0.000350
2024-02-06 06:00:00,3253.429064,0.580374,0.817353,0.000362
2024-02-06 07:00:00,3359.070091,0.598014,0.814489,0.000927
2024-02-06 08:00:00,3351.944965,0.594535,0.764825,0.007945
2024-02-06 09:00:00,3462.406041,0.592013,0.715919,0.017529
2024-02-06 10:00:00,3507.647776,0.599733,0.656748,0.030484
2024-02-06 11:00:00,3451.596713,0.633314,0.667905,0.047921
2024-02-06 12:00:00,3463.838124,0.644530,0.770483,0.062251
2024-02-06 13:00:00,3368.471038,0.650884,0.777091,0.074829
2024-02-06 14:00:00,3279.713017,0.650655,0.761679,0.054398
2024-02-06 15:00:00,3288.093450,0.659753,0.830689,0.010420
2024-02-06 16:00:00,3483.885417,0.601840,0.795730,0.000342
2024-02-06 17:00:00,3325.272831,0.539483,0.855437,0.000102
2024-02-06 18:00:00,3162.423904,0.514787,0.867279,0.000084
2024-02-06 19:00:00,3090.396675,0.529689,0.839738,0.000070
2024-02-06 20:00:00,3096.463360,0.553261,0.797965,0.000064
2024-02-06 21:00:00,3034.780575,0.579931,0.777645,0.000064
2024-02-06 22:00:00,3005.631237,0.595126,0.793337,0.000069
2024-02-06 23:00:00,3233.457851,0.556616,0.861985,0.000065
2024-02-07 00:00:00,3196.213892,0.535158,0.859939,0.000056
2024-02-07 01:00:00,3111.157662,0.510370,0.806212,0.000052
2024-02-07 02:00:00,2986.620524,0.456787,0.693799,0.000054
2024-02-07 03:00:00,2782.378638,0.423320,0.718084,0.000057
2024-02-07 04:00:00,2846.654266,0.434555,0.747774,0.000072
2024-02-07 05:00:00,3058.648879,0.459305,0.772393,0.000122
2024-02-07 06:00:00,3307.941921,0.407086,0.731618,0.000149
2024-02-07 07:00:00,3406.193052,0.354646,0.709202,0.014698
2024-02-07 08:00:00,3362.494077,0.322986,0.660819,0.103930
2024-02-07 09:00:00,3353.811008,0.296100,0.505332,0.248099
2024-02-07 10:00:00,3359.324538,0.296704,0.565155,0.350658
2024-02-07 11:00:00,3273.871939,0.312672,0.501757,0.389015
2024-02-07 12:00:00,3226.818282,0.258800,0.301855,0.375231
2024-02-07 13:00:00,3142.299781,0.177244,0.362198,0.352965
2024-02-07 14:00:00,3044.900434,0.111337,0.336212,0.195603
2024-02-07 15:00:00,3057.610845,0.068005,0.254416,0.045347
2024-02-07 16:00:00,3300.155102,0.106592,0.278892,0.000628
2024-02-07 17:00:00,3262.171445,0.182386,0.438764,0.000229
2024-02-07 18:00:00,3117.104923,0.280185,0.580618,0.000162
2024-02-07 19:00:00,2977.667598,0.335044,0.546363,0.000140
2024-02-07 20:00:00,2868.649224,0.321461,0.567143,0.000136
2024-02-07 21:00:00,2799.609355,0.342714,0.782420,0.000190
2024-02-07 22:00:00,2676.453643,0.418404,0.788540,0.000222
2024-02-07 23:00:00,2726.195856,0.430887,0.777915,0.000167
2024-02-08 00:00:00,2744.739761,0.426616,0.750686,0.000151
2024-02-08 01:00:00,2683.267963,0.383927,0.729460,0.000178
2024-02-08 02:00:00,2610.353376,0.305761,0.580227,0.000152
2024-02-08 03:00:00,2627.743110,0.230172,0.614388,0.000139
2024-02-08 04:00:00,2633.679428,0.181754,0.660316,0.000133
2024-02-08 05:00:00,2957.524731,0.139393,0.607704,0.000138
2024-02-08 06:00:00,3279.748302,0.109879,0.567254,0.000181
2024-02-08 07:00:00,3362.596695,0.078431,0.451153,0.006026
2024-02-08 08:00:00,3328.905220,0.059028,0.336565,0.037163
2024-02-08 09:00:00,3306.796705,0.052412,0.197993,0.098250
2024-02-08 10:00:00,3298.925152,0.038941,0.136507,0.187816
2024-02-08 11:00:00,3194.918480,0.040051,0.080266,0.299330
2024-02-08 12:00:00,3192.117554,0.028236,0.062923,0.289345
2024-02-08 13:00:00,3136.684262,0.017738,0.014776,0.238876
2024-02-08 14:00:00,3098.968240,0.008584,0.011924,0.120728
2024-02-08 15:00:00,3139.655648,0.005658,0.001388,0.031456
2024-02-08 16:00:00,3316.116761,0.010932,0.003480,0.000396
2024-02-08 17:00:00,3265.008482,0.019220,0.025118,0.000256
2024-02-08 18:00:00,3089.678203,0.026178,0.054486,0.000224
2024-02-08 19:00:00,2953.944311,0.037286,0.085671,0.000180
2024-02-08 20:00:00,2838.630228,0.068392,0.113433,0.000163
2024-02-08 21:00:00,2698.500715,0.112922,0.184638,0.000152
2024-02-08 22:00:00,2700.348715,0.161212,0.314545,0.000118
2024-02-08 23:00:00,2795.534399,0.191978,0.458518,0.000124
2024-02-09 00:00:00,2857.243868,0.256156,0.607909,0.000099
2024-02-09 01:00:00,2955.101632,0.367844,0.681979,0.000099
2024-02-09 02:00:00,3033.674705,0.441943,0.744649,0.000104
2024-02-09 03:00:00,3066.178131,0.530314,0.771960,0.000149
2024-02-09 04:00:00,3160.727941,0.615893,0.844511,0.000195
2024-02-09 05:00:00,3256.368521,0.665580,0.871980,0.000264
2024-02-09 06:00:00,3399.582235,0.729629,0.879250,0.000325
2024-02-09 07:00:00,3506.170910,0.774698,0.880132,0.002290
2024-02-09 08:00:00,3563.785570,0.813436,0.879419,0.016864
2024-02-09 09:00:00,3619.291646,0.851137,0.878549,0.037175
2024-02-09 10:00:00,3612.485903,0.873693,0.879925,0.060494
2024-02-09 11:00:00,3526.549846,0.894746,0.878626,0.066727
2024-02-09 12:00:00,3522.541544,0.909886,0.871670,0.061886
2024-02-09 13:00:00,3470.157835,0.915731,0.878590,0.053459
2024-02-09 14:00:00,3314.539527,0.919111,0.873753,0.031486
2024-02-09 15:00:00,3369.065378,0.911849,0.870617,0.008886
2024-02-09 16:00:00,3608.465339,0.914119,0.862870,0.000320
2024-02-09 17:00:00,3563.297253,0.923452,0.842712,0.000259
2024-02-09 18:00:00,3299.600328,0.927868,0.862875,0.000240
2024-02-09 19:00:00,3148.937653,0.918821,0.870059,0.000232
2024-02-09 20:00:00,3079.362774,0.905490,0.871188,0.000237
2024-02-09 21:00:00,3057.937187,0.894523,0.872773,0.000214
2024-02-09 22:00:00,2886.301105,0.885530,0.873042,0.000223
2024-02-09 23:00:00,2956.894577,0.879227,0.868188,0.000195
2024-02-10 00:00:00,3071.031570,0.870496,0.864348,0.000174
2024-02-10 01:00:00,2994.798145,0.871361,0.810262,0.000189
2024-02-10 02:00:00,2938.144258,0.867139,0.859889,0.000209
2024-02-10 03:00:00,2898.549556,0.858221,0.866058,0.000185
2024-02-10 04:00:00,2870.123726,0.856005,0.837440,0.000186
2024-02-10 05:00:00,2934.930646,0.850802,0.819738,0.000232
2024-02-10 06:00:00,3086.359700,0.855470,0.855269,0.000215
2024-02-10 07:00:00,3179.501114,0.849527,0.876361,0.003517
2024-02-10 08:00:00,3325.804807,0.827444,0.875796,0.018676
2024-02-10 09:00:00,3421.380710,0.818758,0.851575,0.036511
2024-02-10 10:00:00,3440.277614,0.797954,0.853825,0.048527
2024-02-10 11:00:00,3399.374939,0.762991,0.855400,0.064420
2024-02-10 12:00:00,3382.116555,0.746816,0.848001,0.069528
2024-02-10 13:00:00,3289.993641,0.728722,0.846923,0.048463
2024-02-10 14:00:00,3236.087081,0.729712,0.846145,0.026186
2024-02-10 15:00:00,3311.222915,0.723611,0.837632,0.005263
2024-02-10 16:00:00,3425.174863,0.713496,0.827163,0.000259
2024-02-10 17:00:00,3404.484552,0.716904,0.806779,0.000272
2024-02-10 18:00:00,3229.799289,0.714332,0.834240,0.000226
2024-02-10 19:00:00,3107.521644,0.698045,0.844616,0.000206
2024-02-10 20:00:00,3046.034396,0.679684,0.818957,0.000208
2024-02-10 21:00:00,2967.445492,0.669932,0.851485,0.000197
2024-02-10 22:00:00,2916.256353,0.644815,0.851437,0.000160
2024-02-10 23:00:00,2947.061831,0.652438,0.843966,0.000143
2024-02-11 00:00:00,3010.180611,0.664827,0.846563,0.000165
2024-02-11 01:00:00,3036.389910,0.665561,0.848301,0.000159
2024-02-11 02:00:00,3063.420262,0.668390,0.850942,0.000189
2024-02-11 03:00:00,3158.139352,0.693729,0.844514,0.000193
2024-02-11 04:00:00,3097.705131,0.692478,0.845040,0.000159
2024-02-11 05:00:00,3058.295413,0.692060,0.816489,0.000205
2024-02-11 06:00:00,3101.351584,0.712780,0.828873,0.000203
2024-02-11 07:00:00,3182.949726,0.750101,0.860917,0.002597
2024-02-11 08:00:00,3198.706332,0.768267,0.859745,0.015142
2024-02-11 09:00:00,3255.420078,0.775595,0.857548,0.032690
2024-02-11 10:00:00,3273.954624,0.769254,0.861550,0.044527
2024-02-11 11:00:00,3292.319188,0.755034,0.847473,0.050077
2024-02-11 12:00:00,3264.123583,0.731427,0.842967,0.046887
2024-02-11 13:00:00,3226.757035,0.714461,0.836366,0.033174
2024-02-11 14:00:00,3176.253700,0.703166,0.838884,0.017016
2024-02-11 15:00:00,3254.503401,0.683635,0.846349,0.003463
2024-02-11 16:00:00,3475.340980,0.661769,0.831299,0.000262
2024-02-11 17:00:00,3399.500343,0.606013,0.826252,0.000213
2024-02-11 18:00:00,3186.887507,0.550306,0.806182,0.000168
2024-02-11 19:00:00,3040.816063,0.489387,0.792886,0.000133
2024-02-11 20:00:00,2916.690844,0.441120,0.749300,0.000117
2024-02-11 21:00:00,2848.760055,0.378091,0.678330,0.000076
2024-02-11 22:00:00,2774.123265,0.313540,0.635492,0.000054
2024-02-11 23:00:00,2588.406365,0.265513,0.630143,0.000052
2024-02-12 00:00:00,2565.004839,0.230860,0.570422,0.000048
2024-02-12 01:00:00,2544.586421,0.205329,0.509701,0.000040
2024-02-12 02:00:00,2596.197392,0.188857,0.475507,0.000027
2024-02-12 03:00:00,2598.839917,0.166800,0.433028,0.000031
2024-02-12 04:00:00,2558.566469,0.149264,0.340678,0.000044
2024-02-12 05:00:00,2814.905921,0.139173,0.269259,0.000069
2024-02-12 06:00:00,3152.609638,0.124248,0.181285,0.000081
2024-02-12 07:00:00,3292.158629,0.105456,0.243157,0.005129
2024-02-12 08:00:00,3342.119607,0.076420,0.193166,0.023489
2024-02-12 09:00:00,3406.128844,0.058237,0.127839,0.052365
2024-02-12 10:00:00,3407.133148,0.043808,0.140538,0.085255
2024-02-12 11:00:00,3378.429006,0.036125,0.141682,0.101871
2024-02-12 12:00:00,3393.360756,0.034734,0.202056,0.096605
2024-02-12 13:00:00,3311.597370,0.041770,0.222371,0.091719
2024-02-12 14:00:00,3182.139267,0.052235,0.263316,0.061466
2024-02-12 15:00:00,3122.396327,0.061698,0.216774,0.024595
2024-02-12 16:00:00,3316.080546,0.072816,0.193066,0.001697
2024-02-12 17:00:00,3277.648101,0.091359,0.174223,0.000167
2024-02-12 18:00:00,3064.926126,0.095999,0.201946,0.000154
2024-02-12 19:00:00,2905.270342,0.106029,0.216348,0.000123
2024-02-12 20:00:00,2823.328365,0.110443,0.221446,0.000106
2024-02-12 21:00:00,2684.903071,0.112710,0.255078,0.000086
2024-02-12 22:00:00,2586.446966,0.105482,0.257040,0.000060
2024-02-12 23:00:00,2594.956796,0.092962,0.252394,0.000056
2024-02-13 00:00:00,2645.416707,0.101940,0.286609,0.000047
2024-02-13 01:00:00,2651.591245,0.103711,0.290583,0.000053
2024-02-13 02:00:00,2668.462710,0.125459,0.393508,0.000050
2024-02-13 03:00:00,2661.400932,0.166918,0.447519,0.000067
2024-02-13 04:00:00,2657.931266,0.191659,0.480985,0.000073
2024-02-13 05:00:00,2824.201994,0.223720,0.537459,0.000116
2024-02-13 06:00:00,3138.852618,0.285195,0.594791,0.000306
2024-02-13 07:00:00,3248.213557,0.325727,0.610773,0.013953
2024-02-13 08:00:00,3280.558658,0.353918,0.609149,0.054127
2024-02-13 09:00:00,3336.868310,0.364285,0.527745,0.154460
2024-02-13 10:00:00,3366.014816,0.366557,0.624455,0.256170
2024-02-13 11:00:00,3348.717780,0.411559,0.584857,0.313052
2024-02-13 12:00:00,3298.772074,0.413991,0.476273,0.327037
2024-02-13 13:00:00,3135.797501,0.381343,0.426008,0.299063
2024-02-13 14:00:00,2980.159411,0.322462,0.423248,0.203506
2024-02-13 15:00:00,3000.111091,0.283215,0.436548,0.069837
2024-02-13 16:00:00,3203.531129,0.270495,0.457652,0.002515
2024-02-13 17:00:00,3183.190333,0.268273,0.442179,0.000206
2024-02-13 18:00:00,3000.243361,0.258935,0.421906,0.000154
2024-02-13 19:00:00,2836.185276,0.264708,0.476041,0.000129
2024-02-13 20:00:00,2711.366817,0.260413,0.434858,0.000119
2024-02-13 21:00:00,2590.928302,0.238928,0.317601,0.000116
2024-02-13 22:00:00,2542.770650,0.215323,0.286987,0.000123
2024-02-13 23:00:00,2597.842624,0.192105,0.324523,0.000113
2024-02-14 00:00:00,2660.933762,0.148358,0.251363,0.000065
2024-02-14 01:00:00,2706.289669,0.115503,0.186423,0.000048
2024-02-14 02:00:00,2667.654618,0.089403,0.183057,0.000054
2024-02-14 03:00:00,2624.138312,0.075763,0.205918,0.000060
2024-02-14 04:00:00,2595.495703,0.069005,0.219392,0.000057
2024-02-14 05:00:00,2776.117839,0.059356,0.167640,0.000088
2024-02-14 06:00:00,3046.636475,0.050991,0.162078,0.000084
2024-02-14 07:00:00,3191.704532,0.039310,0.185852,0.007969
2024-02-14 08:00:00,3198.857619,0.032249,0.214607,0.043498
2024-02-14 09:00:00,3306.472061,0.026026,0.191421,0.077582
2024-02-14 10:00:00,3305.189413,0.018747,0.124169,0.094997
2024-02-14 11:00:00,3262.857003,0.009393,0.092991,0.097800
2024-02-14 12:00:00,3261.931215,0.005491,0.078212,0.097663
2024-02-14 13:00:00,3170.879848,0.004275,0.075497,0.082180
2024-02-14 14:00:00,3066.060382,0.007099,0.103735,0.046160
2024-02-14 15:00:00,3036.865534,0.017074,0.130074,0.015864
2024-02-14 16:00:00,3201.003671,0.033271,0.159403,0.000670
2024-02-14 17:00:00,3146.034638,0.039543,0.169723,0.000137
2024-02-14 18:00:00,2948.461801,0.046931,0.165215,0.000142
2024-02-14 19:00:00,2793.540720,0.038940,0.117452,0.000131
2024-02-14 20:00:00,2709.830375,0.043484,0.094046,0.000118
2024-02-14 21:00:00,2599.611926,0.046996,0.102454,0.000096
2024-02-14 22:00:00,2489.626321,0.044744,0.088188,0.000092
2024-02-14 23:00:00,2577.247254,0.053766,0.104921,0.000085
2024-02-15 00:00:00,2781.497964,0.057426,0.120933,0.000071
2024-02-15 01:00:00,2806.872737,0.064178,0.107529,0.000069
2024-02-15 02:00:00,2761.403124,0.064029,0.107081,0.000077
2024-02-15 03:00:00,2590.490685,0.070525,0.110220,0.000097
2024-02-15 04:00:00,2532.657444,0.076073,0.123362,0.000093
2024-02-15 05:00:00,2733.423706,0.093104,0.142250,0.000101
2024-02-15 06:00:00,3016.193666,0.109158,0.153841,0.000149
2024-02-15 07:00:00,3168.858827,0.118203,0.192594,0.007424
2024-02-15 08:00:00,3207.554219,0.122503,0.220299,0.032475
2024-02-15 09:00:00,3275.025419,0.120033,0.238860,0.057773
2024-02-15 10:00:00,3241.259976,0.107097,0.212268,0.081373
2024-02-15 11:00:00,3182.525560,0.096605,0.207966,0.083305
2024-02-15 12:00:00,3178.135413,0.100953,0.288253,0.081948
2024-02-15 13:00:00,3118.009529,0.118484,0.280201,0.061166
2024-02-15 14:00:00,3068.494414,0.134316,0.288055,0.035942
2024-02-15 15:00:00,3039.070538,0.149550,0.257442,0.010273
2024-02-15 16:00:00,3207.892990,0.164367,0.413176,0.000291
2024-02-15 17:00:00,3171.153849,0.207454,0.572137,0.000163
2024-02-15 18:00:00,3004.026785,0.263134,0.710224,0.000128
2024-02-15 19:00:00,2847.851141,0.337270,0.763850,0.000107
2024-02-15 20:00:00,2767.325050,0.411000,0.763352,0.000105
2024-02-15 21:00:00,2627.636948,0.415595,0.796839,0.000104
2024-02-15 22:00:00,2618.687120,0.409024,0.807173,0.000070
2024-02-15 23:00:00,2620.614977,0.405470,0.803307,0.000051
2024-02-16 00:00:00,2599.081827,0.396344,0.805838,0.000057
2024-02-16 01:00:00,2650.889150,0.392879,0.818463,0.000058
2024-02-16 02:00:00,2565.339479,0.372675,0.818579,0.000055
2024-02-16 03:00:00,2589.601431,0.386142,0.820069,0.000058
2024-02-16 04:00:00,2529.733668,0.384813,0.822128,0.000078
2024-02-16 05:00:00,2663.912468,0.394980,0.822944,0.000102
2024-02-16 06:00:00,2940.705060,0.420234,0.822327,0.000250
2024-02-16 07:00:00,3041.579884,0.428308,0.802319,0.020431
2024-02-16 08:00:00,3077.024999,0.396423,0.750342,0.070990
2024-02-16 09:00:00,3157.817878,0.364962,0.761849,0.084212
2024-02-16 10:00:00,3227.108824,0.378550,0.684014,0.124687
2024-02-16 11:00:00,3095.651418,0.396324,0.659655,0.136172
2024-02-16 12:00:00,3014.132762,0.413771,0.589560,0.082195
2024-02-16 13:00:00,2883.303657,0.349129,0.672793,0.041007
2024-02-16 14:00:00,2838.981391,0.352107,0.734761,0.019270
2024-02-16 15:00:00,2848.328709,0.350991,0.752843,0.019050
2024-02-16 16:00:00,3004.542543,0.454695,0.808377,0.002508
2024-02-16 17:00:00,3003.658928,0.604761,0.838656,0.000230
2024-02-16 18:00:00,2820.921025,0.681661,0.865011,0.000239
2024-02-16 19:00:00,2661.180946,0.698977,0.855465,0.000206
2024-02-16 20:00:00,2679.719436,0.730913,0.862251,0.000205
2024-02-16 21:00:00,2616.269065,0.768701,0.848072,0.000204
2024-02-16 22:00:00,2548.767344,0.781901,0.867244,0.000229
2024-02-16 23:00:00,2683.341622,0.799059,0.868544,0.000217
2024-02-17 00:00:00,2622.330214,0.761982,0.870485,0.000243
2024-02-17 01:00:00,2553.332675,0.676773,0.863632,0.000196
2024-02-17 02:00:00,2424.455055,0.567516,0.842982,0.000211
2024-02-17 03:00:00,2365.638371,0.447553,0.828818,0.000227
2024-02-17 04:00:00,2388.777585,0.297213,0.790235,0.000187
2024-02-17 05:00:00,2393.518220,0.232327,0.713198,0.000221
2024-02-17 06:00:00,2598.541476,0.181815,0.625507,0.001230
2024-02-17 07:00:00,2676.665958,0.137733,0.452742,0.046754
2024-02-17 08:00:00,2731.955344,0.072595,0.302863,0.197919
2024-02-17 09:00:00,2781.718546,0.034494,0.167666,0.363329
2024-02-17 10:00:00,2803.893008,0.017268,0.104495,0.478680
2024-02-17 11:00:00,2750.060693,0.008784,0.049318,0.531372
2024-02-17 12:00:00,2724.747131,0.006438,0.033981,0.529198
2024-02-17 13:00:00,2667.412299,0.019043,0.055538,0.442802
2024-02-17 14:00:00,2582.090654,0.037253,0.047481,0.262032
2024-02-17 15:00:00,2549.052802,0.044367,0.023983,0.083646
2024-02-17 16:00:00,2644.372644,0.058942,0.014977,0.004675
2024-02-17 17:00:00,2726.118216,0.068674,0.017078,0.000219
2024-02-17 18:00:00,2629.712297,0.081532,0.036528,0.000165
2024-02-17 19:00:00,2487.320269,0.083889,0.037630,0.000127
2024-02-17 20:00:00,2429.271961,0.078483,0.055784,0.000100
2024-02-17 21:00:00,2232.818243,0.075911,0.116284,0.000087
2024-02-17 22:00:00,2200.574719,0.105357,0.266787,0.000072
2024-02-17 23:00:00,2278.229667,0.153420,0.398774,0.000074
2024-02-18 00:00:00,2278.368748,0.186419,0.552743,0.000069
2024-02-18 01:00:00,2345.930219,0.209006,0.597895,0.000067
2024-02-18 02:00:00,2358.074574,0.251801,0.632363,0.000092
2024-02-18 03:00:00,2340.045002,0.288774,0.691783,0.000096
2024-02-18 04:00:00,2508.170057,0.349781,0.772906,0.000092
2024-02-18 05:00:00,2407.274880,0.414279,0.821937,0.000127
2024-02-18 06:00:00,2717.309785,0.500451,0.852902,0.000203
2024-02-18 07:00:00,2846.433839,0.574268,0.861537,0.003909
2024-02-18 08:00:00,2977.476224,0.608212,0.864633,0.017669
2024-02-18 09:00:00,3170.306568,0.632589,0.863634,0.031263
2024-02-18 10:00:00,3165.708412,0.618980,0.863256,0.042287
2024-02-18 11:00:00,3160.886904,0.564117,0.829776,0.052243
2024-02-18 12:00:00,3189.353744,0.476890,0.670843,0.049455
2024-02-18 13:00:00,3145.189534,0.376416,0.536514,0.039998
2024-02-18 14:00:00,2988.358437,0.287504,0.384805,0.023730
2024-02-18 15:00:00,2772.196033,0.202184,0.324030,0.007970
2024-02-18 16:00:00,2931.612327,0.133788,0.324711,0.000267
2024-02-18 17:00:00,2903.156232,0.084905,0.364380,0.000122
2024-02-18 18:00:00,2693.594146,0.060826,0.416681,0.000076
2024-02-18 19:00:00,2679.797888,0.074022,0.533187,0.000054
2024-02-18 20:00:00,2669.010288,0.132821,0.627206,0.000060
2024-02-18 21:00:00,2638.602244,0.201422,0.734851,0.000055
2024-02-18 22:00:00,2613.554090,0.255114,0.667295,0.000085
2024-02-18 23:00:00,2709.821265,0.311020,0.556605,0.000083
2024-02-19 00:00:00,2843.911664,0.326281,0.434634,0.000106
2024-02-19 01:00:00,2811.390630,0.327418,0.346332,0.000104
2024-02-19 02:00:00,2599.899239,0.277299,0.266448,0.000091
2024-02-19 03:00:00,2596.655037,0.189109,0.451253,0.000093
2024-02-19 04:00:00,2634.515897,0.115713,0.501196,0.000069
2024-02-19 05:00:00,2848.817363,0.104953,0.636577,0.000112
2024-02-19 06:00:00,3052.764403,0.168747,0.503895,0.000834
2024-02-19 07:00:00,3167.330125,0.204257,0.546042,0.025185
2024-02-19 08:00:00,3202.218865,0.221174,0.486170,0.080380
2024-02-19 09:00:00,3230.093861,0.254308,0.324513,0.129912
2024-02-19 10:00:00,3264.627290,0.285400,0.174989,0.171010
2024-02-19 11:00:00,3259.382539,0.298806,0.164222,0.194972
2024-02-19 12:00:00,3196.974774,0.269735,0.261485,0.178435
2024-02-19 13:00:00,3171.072105,0.249058,0.420092,0.172786
2024-02-19 14:00:00,3032.488255,0.248398,0.454800,0.103270
2024-02-19 15:00:00,2968.635392,0.244573,0.438854,0.039068
2024-02-19 16:00:00,3155.913318,0.210500,0.540716,0.002900
2024-02-19 17:00:00,3094.694626,0.192920,0.531543,0.000190
2024-02-19 18:00:00,2933.789690,0.179226,0.537089,0.000143
2024-02-19 19:00:00,2758.498815,0.174124,0.562209,0.000117
2024-02-19 20:00:00,2718.660379,0.193150,0.703334,0.000102
2024-02-19 21:00:00,2688.345148,0.255445,0.725427,0.000088
2024-02-19 22:00:00,2499.255583,0.272813,0.663579,0.000074
2024-02-19 23:00:00,2467.617404,0.304103,0.658924,0.000077
2024-02-20 00:00:00,2549.833595,0.406852,0.631936,0.000095
2024-02-20 01:00:00,2490.005075,0.473575,0.612825,0.000108
2024-02-20 02:00:00,2533.381945,0.482515,0.626775,0.000091
2024-02-20 03:00:00,2499.762002,0.476896,0.613959,0.000074
2024-02-20 04:00:00,2550.239021,0.447137,0.599022,0.000084
2024-02-20 05:00:00,2789.309229,0.386512,0.574145,0.000115
2024-02-20 06:00:00,3103.899099,0.315662,0.622875,0.003022
2024-02-20 07:00:00,3171.342475,0.270644,0.542779,0.059149
2024-02-20 08:00:00,3146.939186,0.238816,0.515456,0.163845
2024-02-20 09:00:00,3182.262272,0.226596,0.548489,0.301039
2024-02-20 10:00:00,3192.901533,0.255282,0.544321,0.404566
2024-02-20 11:00:00,3163.612258,0.296283,0.574126,0.321552
2024-02-20 12:00:00,3178.694102,0.346340,0.731113,0.224233
2024-02-20 13:00:00,3115.168545,0.367396,0.712707,0.125465
2024-02-20 14:00:00,3040.756459,0.362406,0.726930,0.069447
2024-02-20 15:00:00,3023.273757,0.372935,0.705407,0.029378
2024-02-20 16:00:00,3175.504905,0.431559,0.715394,0.002734
2024-02-20 17:00:00,3170.204281,0.508824,0.754006,0.000328
2024-02-20 18:00:00,3044.799190,0.636149,0.832157,0.000334
2024-02-20 19:00:00,2911.381753,0.666570,0.843264,0.000280
2024-02-20 20:00:00,2819.964300,0.582463,0.850523,0.000249
2024-02-20 21:00:00,2708.079540,0.544454,0.823315,0.000252
2024-02-20 22:00:00,2639.029005,0.579423,0.855637,0.000226
2024-02-20 23:00:00,2804.513785,0.602536,0.867946,0.000240
2024-02-21 00:00:00,2724.733151,0.635133,0.863331,0.000227
2024-02-21 01:00:00,2851.026216,0.701199,0.862846,0.000247
2024-02-21 02:00:00,2876.831024,0.767199,0.874975,0.000322
2024-02-21 03:00:00,2818.578499,0.797269,0.872514,0.000292
2024-02-21 04:00:00,2906.971684,0.798052,0.860434,0.000210
2024-02-21 05:00:00,3106.950679,0.804793,0.823299,0.000222
2024-02-21 06:00:00,3270.983564,0.733122,0.681607,0.002155
2024-02-21 07:00:00,3360.063115,0.610814,0.613138,0.054090
2024-02-21 08:00:00,3308.777572,0.483483,0.541132,0.198618
2024-02-21 09:00:00,3282.791434,0.342614,0.581034,0.345165
2024-02-21 10:00:00,3218.802870,0.296087,0.460937,0.431373
2024-02-21 11:00:00,3210.140011,0.310560,0.434145,0.445081
2024-02-21 12:00:00,3184.460816,0.311156,0.480770,0.362118
2024-02-21 13:00:00,3059.068139,0.285627,0.605006,0.239659
2024-02-21 14:00:00,3007.977748,0.248059,0.646625,0.105954
2024-02-21 15:00:00,3006.564279,0.286701,0.616792,0.030638
2024-02-21 16:00:00,3197.823514,0.366865,0.644212,0.002846
2024-02-21 17:00:00,3208.641252,0.448541,0.697171,0.000340
2024-02-21 18:00:00,2980.827313,0.516210,0.798578,0.000319
2024-02-21 19:00:00,2874.221873,0.574388,0.841129,0.000319
2024-02-21 20:00:00,2904.298819,0.626312,0.860605,0.000286
2024-02-21 21:00:00,2806.228533,0.673039,0.860989,0.000278
2024-02-21 22:00:00,2816.969876,0.688556,0.867073,0.000287
2024-02-21 23:00:00,2951.386476,0.686888,0.861527,0.000249
2024-02-22 00:00:00,3056.683130,0.686571,0.863024,0.000227
2024-02-22 01:00:00,2882.475586,0.649189,0.824828,0.000222
2024-02-22 02:00:00,2729.651526,0.546729,0.573335,0.000208
2024-02-22 03:00:00,2607.768129,0.396032,0.403122,0.000192
2024-02-22 04:00:00,2629.288574,0.266416,0.316585,0.000141
2024-02-22 05:00:00,2760.897464,0.197216,0.291603,0.000112
2024-02-22 06:00:00,3053.789303,0.171150,0.336766,0.001430
2024-02-22 07:00:00,3162.927773,0.187111,0.358284,0.017525
2024-02-22 08:00:00,3199.963645,0.172460,0.356569,0.056952
2024-02-22 09:00:00,3204.277008,0.148877,0.368958,0.121802
2024-02-22 10:00:00,3304.916020,0.127037,0.497962,0.208522
2024-02-22 11:00:00,3267.734844,0.122221,0.545337,0.282185
2024-02-22 12:00:00,3154.876853,0.144540,0.544293,0.273760
2024-02-22 13:00:00,3072.624855,0.160743,0.494564,0.164757
2024-02-22 14:00:00,3027.002845,0.169307,0.506127,0.099385
2024-02-22 15:00:00,3019.752758,0.189122,0.598125,0.043076
2024-02-22 16:00:00,3129.798756,0.212810,0.673450,0.008916
2024-02-22 17:00:00,3129.652736,0.319650,0.783666,0.000193
2024-02-22 18:00:00,3001.610078,0.495257,0.839654,0.000219
2024-02-22 19:00:00,2981.157967,0.620336,0.865406,0.000254
2024-02-22 20:00:00,3068.693583,0.721522,0.876360,0.000262
2024-02-22 21:00:00,3088.873586,0.825601,0.878459,0.000242
2024-02-22 22:00:00,3248.291109,0.850753,0.877701,0.000251
2024-02-22 23:00:00,3387.567774,0.865723,0.839464,0.000301
2024-02-23 00:00:00,3423.525181,0.858552,0.863666,0.000309
2024-02-23 01:00:00,3526.872935,0.828756,0.745826,0.000308
2024-02-23 02:00:00,3466.589407,0.754505,0.625901,0.000305
2024-02-23 03:00:00,3392.270039,0.703299,0.621444,0.000321
2024-02-23 04:00:00,3427.184341,0.695156,0.612502,0.000334
2024-02-23 05:00:00,3263.813394,0.720707,0.730831,0.000351
2024-02-23 06:00:00,3246.038779,0.730599,0.827785,0.003030
2024-02-23 07:00:00,3408.557473,0.790024,0.842387,0.051335
2024-02-23 08:00:00,3444.110181,0.875961,0.850176,0.124814
2024-02-23 09:00:00,3537.991580,0.889809,0.852336,0.247453
2024-02-23 10:00:00,3642.624901,0.906188,0.872934,0.301871
2024-02-23 11:00:00,3573.375310,0.900938,0.870252,0.348203
2024-02-23 12:00:00,3491.997575,0.894223,0.864682,0.297489
2024-02-23 13:00:00,3391.166556,0.871746,0.862486,0.215932
2024-02-23 14:00:00,3156.407075,0.843027,0.832758,0.136246
2024-02-23 15:00:00,3083.470574,0.749034,0.714064,0.035355
2024-02-23 16:00:00,3202.810454,0.675169,0.487951,0.003082
2024-02-23 17:00:00,3124.131280,0.576376,0.602098,0.000458
2024-02-23 18:00:00,2859.502416,0.509772,0.673286,0.000275
2024-02-23 19:00:00,2712.729472,0.467047,0.645764,0.000189
2024-02-23 20:00:00,2692.188137,0.433706,0.624631,0.000161
2024-02-23 21:00:00,2478.582094,0.376305,0.626071,0.000140
2024-02-23 22:00:00,2345.812755,0.331122,0.537689,0.000096
2024-02-23 23:00:00,2399.341065,0.278170,0.462463,0.000087
2024-02-24 00:00:00,2401.918645,0.246243,0.445285,0.000072
2024-02-24 01:00:00,2390.911609,0.216063,0.397791,0.000068
2024-02-24 02:00:00,2285.751972,0.185548,0.304770,0.000050
2024-02-24 03:00:00,2260.596882,0.183097,0.317017,0.000053
2024-02-24 04:00:00,2236.063415,0.180932,0.316854,0.000066
2024-02-24 05:00:00,2358.984513,0.187212,0.336326,0.000078
2024-02-24 06:00:00,2468.099030,0.157916,0.327531,0.004077
2024-02-24 07:00:00,2577.737242,0.123469,0.300206,0.060319
2024-02-24 08:00:00,2627.279959,0.100397,0.277728,0.136207
2024-02-24 09:00:00,2832.969114,0.085574,0.259677,0.198883
2024-02-24 10:00:00,2828.028918,0.093670,0.275767,0.230398
2024-02-24 11:00:00,2908.531531,0.100766,0.304642,0.243143
2024-02-24 12:00:00,3029.705846,0.115958,0.336871,0.232520
2024-02-24 13:00:00,2893.632878,0.141803,0.278869,0.194104
2024-02-24 14:00:00,2639.841298,0.137738,0.265360,0.151496
2024-02-24 15:00:00,2572.524148,0.142589,0.348341,0.055807
2024-02-24 16:00:00,2730.018255,0.138945,0.380308,0.007309
2024-02-24 17:00:00,3016.624982,0.128985,0.296527,0.000187
2024-02-24 18:00:00,2568.917935,0.140194,0.271572,0.000139
2024-02-24 19:00:00,2501.891252,0.137961,0.224451,0.000159
2024-02-24 20:00:00,2465.993778,0.127656,0.232682,0.000121
2024-02-24 21:00:00,2317.197223,0.136423,0.238539,0.000098
2024-02-24 22:00:00,2346.018559,0.134642,0.117424,0.000121
2024-02-24 23:00:00,2375.781956,0.132567,0.221316,0.000129
2024-02-25 00:00:00,2348.700470,0.144728,0.358736,0.000137
2024-02-25 01:00:00,2346.559989,0.135660,0.408691,0.000141
2024-02-25 02:00:00,2342.758869,0.120712,0.422943,0.000080
2024-02-25 03:00:00,2245.759106,0.109935,0.375250,0.000096
2024-02-25 04:00:00,2250.874253,0.107241,0.319649,0.000125
2024-02-25 05:00:00,2348.600571,0.120973,0.321318,0.000097
2024-02-25 06:00:00,2449.102025,0.138443,0.332018,0.004917
2024-02-25 07:00:00,2592.869146,0.147605,0.378760,0.051155
2024-02-25 08:00:00,2670.114599,0.140000,0.348194,0.109722
2024-02-25 09:00:00,2712.594488,0.116903,0.240689,0.133927
2024-02-25 10:00:00,2762.469514,0.086917,0.115918,0.146898
2024-02-25 11:00:00,2911.788861,0.061176,0.107372,0.155810
2024-02-25 12:00:00,2920.072391,0.054251,0.104691,0.130942
2024-02-25 13:00:00,2908.354713,0.040771,0.065430,0.104689
2024-02-25 14:00:00,2703.614146,0.033641,0.052006,0.067093
2024-02-25 15:00:00,2745.027912,0.030249,0.103846,0.039366
2024-02-25 16:00:00,2914.160553,0.020501,0.094894,0.008705
2024-02-25 17:00:00,2898.753419,0.017811,0.088782,0.000118
2024-02-25 18:00:00,2750.396108,0.010984,0.062600,0.000080
2024-02-25 19:00:00,2570.601061,0.006600,0.040129,0.000060
2024-02-25 20:00:00,2445.522252,0.007819,0.025141,0.000053
2024-02-25 21:00:00,2399.007319,0.010491,0.021103,0.000043
2024-02-25 22:00:00,2426.254461,0.014937,0.018463,0.000044
2024-02-25 23:00:00,2528.371732,0.021679,0.016191,0.000045
2024-02-26 00:00:00,2543.364038,0.033128,0.033919,0.000039
2024-02-26 01:00:00,2574.908573,0.044929,0.053181,0.000039
2024-02-26 02:00:00,2564.052351,0.053093,0.054087,0.000031
2024-02-26 03:00:00,2596.317912,0.053199,0.095143,0.000041
2024-02-26 04:00:00,2553.357582,0.057357,0.087111,0.000059
2024-02-26 05:00:00,2784.407878,0.066470,0.068237,0.000075
2024-02-26 06:00:00,3144.285699,0.068514,0.062203,0.001734
2024-02-26 07:00:00,3325.321137,0.063895,0.093399,0.032031
2024-02-26 08:00:00,3254.744112,0.061622,0.146652,0.095407
2024-02-26 09:00:00,3306.770233,0.078635,0.202481,0.187442
2024-02-26 10:00:00,3323.185789,0.094683,0.262034,0.211174
2024-02-26 11:00:00,3203.127412,0.103140,0.254966,0.204357
2024-02-26 12:00:00,3204.314014,0.111986,0.236621,0.175793
2024-02-26 13:00:00,3207.168848,0.113272,0.309197,0.165535
2024-02-26 14:00:00,3112.587677,0.110722,0.353567,0.120586
2024-02-26 15:00:00,3066.458790,0.090624,0.307971,0.061573
2024-02-26 16:00:00,3226.559404,0.068183,0.287797,0.012780
2024-02-26 17:00:00,3217.241323,0.061836,0.246952,0.000186
2024-02-26 18:00:00,3023.152781,0.052895,0.173695,0.000153
2024-02-26 19:00:00,2895.551106,0.052774,0.146607,0.000111
2024-02-26 20:00:00,2822.589194,0.049773,0.117365,0.000086
2024-02-26 21:00:00,2679.974477,0.047738,0.110593,0.000068
2024-02-26 22:00:00,2506.271357,0.042216,0.098251,0.000056
2024-02-26 23:00:00,2641.154709,0.032279,0.069803,0.000047
2024-02-27 00:00:00,2617.048855,0.023010,0.058354,0.000047
2024-02-27 01:00:00,2614.379122,0.016121,0.049890,0.000043
2024-02-27 02:00:00,2582.659035,0.010473,0.023271,0.000041
2024-02-27 03:00:00,2559.495869,0.005623,0.017699,0.000041
2024-02-27 04:00:00,2631.775420,0.003763,0.011452,0.000053
2024-02-27 05:00:00,2908.086773,0.003107,0.005500,0.000077
2024-02-27 06:00:00,3225.988953,0.002604,0.002080,0.004678
2024-02-27 07:00:00,3296.949428,0.003397,0.000473,0.051861
2024-02-27 08:00:00,3346.201635,0.004261,0.001608,0.091679
2024-02-27 09:00:00,3365.530141,0.010005,0.008702,0.107925
2024-02-27 10:00:00,3350.458020,0.030475,0.026643,0.131751
2024-02-27 11:00:00,3309.543259,0.051719,0.045857,0.140604
2024-02-27 12:00:00,3319.441871,0.057894,0.059512,0.127656
2024-02-27 13:00:00,3224.784894,0.067928,0.091359,0.101115
2024-02-27 14:00:00,3154.014807,0.066214,0.095109,0.066614
2024-02-27 15:00:00,3142.658891,0.073967,0.103518,0.031190
2024-02-27 16:00:00,3267.570381,0.081002,0.141061,0.004783
2024-02-27 17:00:00,3222.889389,0.092774,0.182547,0.000112
2024-02-27 18:00:00,3030.754684,0.118328,0.234546,0.000096
2024-02-27 19:00:00,2928.621879,0.138865,0.296664,0.000085
2024-02-27 20:00:00,2864.309040,0.179404,0.377563,0.000068
2024-02-27 21:00:00,2777.764923,0.224561,0.487273,0.000074
2024-02-27 22:00:00,2665.707218,0.261914,0.573135,0.000074
2024-02-27 23:00:00,2736.974376,0.295677,0.578052,0.000073
2024-02-28 00:00:00,2734.718410,0.333862,0.610571,0.000081
2024-02-28 01:00:00,2665.850566,0.362781,0.693550,0.000062
2024-02-28 02:00:00,2595.966872,0.381303,0.703181,0.000055
2024-02-28 03:00:00,2685.284387,0.398264,0.793229,0.000075
2024-02-28 04:00:00,2790.766866,0.406242,0.738683,0.000093
2024-02-28 05:00:00,2999.729073,0.382996,0.576705,0.000123
2024-02-28 06:00:00,3207.145640,0.299383,0.473772,0.002502
2024-02-28 07:00:00,3269.138082,0.236205,0.498928,0.028580
2024-02-28 08:00:00,3293.197665,0.200827,0.473196,0.077170
2024-02-28 09:00:00,3321.971101,0.201940,0.461808,0.138913
2024-02-28 10:00:00,3278.303077,0.228888,0.467447,0.223776
2024-02-28 11:00:00,3278.168740,0.281934,0.487599,0.284710
2024-02-28 12:00:00,3268.022343,0.306948,0.447471,0.244258
2024-02-28 13:00:00,3216.133203,0.326234,0.441404,0.210351
2024-02-28 14:00:00,3125.513785,0.325929,0.411502,0.121949
2024-02-28 15:00:00,3048.263551,0.258812,0.439464,0.061196
2024-02-28 16:00:00,3209.273048,0.211418,0.424881,0.011173
2024-02-28 17:00:00,3272.089189,0.214255,0.531907,0.000220
2024-02-28 18:00:00,3147.613144,0.253172,0.716768,0.000180
2024-02-28 19:00:00,2959.062398,0.305581,0.838978,0.000170
2024-02-28 20:00:00,2890.064792,0.371664,0.854429,0.000169
2024-02-28 21:00:00,2786.234632,0.433214,0.876077,0.000129
2024-02-28 22:00:00,2716.729121,0.503260,0.888298,0.000109
2024-02-28 23:00:00,3031.453973,0.568940,0.884663,0.000106
2024-02-29 00:00:00,3012.223706,0.635532,0.907737,0.000109
2024-02-29 01:00:00,3033.427109,0.711338,0.908713,0.000109
2024-02-29 02:00:00,3114.427329,0.736793,0.919217,0.000096
2024-02-29 03:00:00,3221.847188,0.774662,0.925673,0.000114
2024-02-29 04:00:00,3293.481057,0.793820,0.931996,0.000127
2024-02-29 05:00:00,3354.017312,0.809703,0.931581,0.000124
2024-02-29 06:00:00,3687.946503,0.815644,0.933866,0.003384
2024-02-29 07:00:00,3901.848917,0.830422,0.914878,0.026223
2024-02-29 08:00:00,3866.355195,0.818991,0.840371,0.055386
2024-02-29 09:00:00,3723.233608,0.786379,0.903501,0.083105
2024-02-29 10:00:00,3649.000262,0.729845,0.852493,0.083047
2024-02-29 11:00:00,3614.549599,0.666467,0.851348,0.081542
2024-02-29 12:00:00,3679.251072,0.650371,0.851106,0.075538
2024-02-29 13:00:00,3505.600906,0.608263,0.881165,0.059398
2024-02-29 14:00:00,3469.348994,0.571708,0.906963,0.046977
2024-02-29 15:00:00,3477.811942,0.523370,0.892729,0.023787
2024-02-29 16:00:00,3322.658228,0.488076,0.887541,0.004941
2024-02-29 17:00:00,3288.405333,0.476685,0.887425,0.000146
2024-02-29 18:00:00,3079.143957,0.457181,0.869139,0.000133
2024-02-29 19:00:00,3036.047933,0.426757,0.852110,0.000102
2024-02-29 20:00:00,2998.301983,0.392354,0.838251,0.000077
2024-02-29 21:00:00,2843.678870,0.382616,0.874006,0.000060
2024-02-29 22:00:00,2694.965650,0.378767,0.887412,0.000052
2024-02-29 23:00:00,2766.799974,0.368438,0.893952,0.000050
2024-03-01 00:00:00,2720.437411,0.373806,0.895579,0.000046
2024-03-01 01:00:00,2632.063035,0.354466,0.882166,0.000039
2024-03-01 02:00:00,2548.404487,0.340788,0.873328,0.000039
2024-03-01 03:00:00,2525.662798,0.355922,0.867811,0.000049
2024-03-01 04:00:00,2634.711152,0.372041,0.887747,0.000060
2024-03-01 05:00:00,2844.707983,0.379961,0.887866,0.000081
2024-03-01 06:00:00,3128.883108,0.415501,0.894093,0.012116
2024-03-01 07:00:00,3225.514516,0.396103,0.888448,0.095528
2024-03-01 08:00:00,3242.609260,0.374308,0.865433,0.201267
2024-03-01 09:00:00,3237.770950,0.365706,0.849228,0.241724
2024-03-01 10:00:00,3190.721851,0.360275,0.858428,0.225939
2024-03-01 11:00:00,3110.818037,0.345314,0.775933,0.183501
2024-03-01 12:00:00,3029.202794,0.332146,0.535798,0.138988
2024-03-01 13:00:00,2897.529507,0.302538,0.431068,0.115285
2024-03-01 14:00:00,2864.183254,0.259737,0.342076,0.078335
2024-03-01 15:00:00,2866.260268,0.209505,0.283445,0.056330
2024-03-01 16:00:00,2891.378870,0.172979,0.305832,0.013802
2024-03-01 17:00:00,2887.682074,0.141254,0.370965,0.000200
2024-03-01 18:00:00,2714.462672,0.114365,0.347285,0.000125
2024-03-01 19:00:00,2544.927630,0.135883,0.369781,0.000090
2024-03-01 20:00:00,2482.419389,0.152947,0.494203,0.000068
2024-03-01 21:00:00,2371.036977,0.149573,0.590021,0.000060
2024-03-01 22:00:00,2291.469291,0.137568,0.483084,0.000050
2024-03-01 23:00:00,2330.677123,0.154541,0.401813,0.000042
2024-03-02 00:00:00,2373.983467,0.187732,0.439738,0.000039
2024-03-02 01:00:00,2366.133616,0.214767,0.556227,0.000035
2024-03-02 02:00:00,2325.087801,0.231760,0.589220,0.000040
2024-03-02 03:00:00,2307.099548,0.288443,0.635671,0.000044
2024-03-02 04:00:00,2295.601670,0.358015,0.696586,0.000055
2024-03-02 05:00:00,2303.999913,0.396083,0.703747,0.000074
2024-03-02 06:00:00,2439.666266,0.396667,0.746658,0.005169
2024-03-02 07:00:00,2597.654212,0.324624,0.738815,0.043157
2024-03-02 08:00:00,2660.470776,0.246171,0.674792,0.142380
2024-03-02 09:00:00,2691.952217,0.186590,0.520406,0.258139
2024-03-02 10:00:00,2718.227750,0.158978,0.445013,0.277601
2024-03-02 11:00:00,2723.069723,0.124592,0.341607,0.273597
2024-03-02 12:00:00,2729.821045,0.091776,0.241903,0.284833
2024-03-02 13:00:00,2619.564218,0.066484,0.161332,0.305344
2024-03-02 14:00:00,2474.506058,0.046257,0.134419,0.254089
2024-03-02 15:00:00,2490.929593,0.052395,0.124606,0.170569
2024-03-02 16:00:00,2590.435445,0.082003,0.144864,0.042515
2024-03-02 17:00:00,2661.768824,0.144328,0.172838,0.000862
2024-03-02 18:00:00,2510.330168,0.178381,0.325671,0.000129
2024-03-02 19:00:00,2430.582176,0.171111,0.494006,0.000102
2024-03-02 20:00:00,2364.116279,0.193030,0.530616,0.000070
2024-03-02 21:00:00,2305.477890,0.224709,0.623743,0.000061
2024-03-02 22:00:00,2255.695702,0.228701,0.709427,0.000054
2024-03-02 23:00:00,2303.411984,0.203487,0.809643,0.000047
2024-03-03 00:00:00,2345.986946,0.188386,0.761126,0.000041
2024-03-03 01:00:00,2271.678465,0.196316,0.792398,0.000042
2024-03-03 02:00:00,2233.366096,0.201908,0.812828,0.000040
2024-03-03 03:00:00,2202.402842,0.206303,0.783846,0.000042
2024-03-03 04:00:00,2153.567362,0.212472,0.736448,0.000045
2024-03-03 05:00:00,2139.271109,0.222094,0.699241,0.000058
2024-03-03 06:00:00,2263.637801,0.241207,0.602276,0.002983
2024-03-03 07:00:00,2507.108363,0.255708,0.649370,0.025608
2024-03-03 08:00:00,2612.281120,0.261818,0.653623,0.054358
2024-03-03 09:00:00,2757.386138,0.278391,0.719758,0.071772
2024-03-03 10:00:00,2781.101295,0.316216,0.662051,0.099365
2024-03-03 11:00:00,2769.898939,0.320982,0.573351,0.124931
2024-03-03 12:00:00,2848.697824,0.302427,0.573064,0.128755
2024-03-03 13:00:00,2857.713776,0.305952,0.585354,0.107073
2024-03-03 14:00:00,2737.361041,0.306128,0.594523,0.079217
2024-03-03 15:00:00,2674.155125,0.280981,0.665054,0.047220
2024-03-03 16:00:00,2815.068960,0.254340,0.616543,0.014491
2024-03-03 17:00:00,2776.319410,0.244901,0.641769,0.000104
2024-03-03 18:00:00,2665.344392,0.242155,0.682595,0.000078
2024-03-03 19:00:00,2526.974326,0.250208,0.601814,0.000060
2024-03-03 20:00:00,2555.390479,0.241366,0.553881,0.000046
2024-03-03 21:00:00,2362.772614,0.251973,0.466757,0.000043
2024-03-03 22:00:00,2236.516904,0.236883,0.435271,0.000039
2024-03-03 23:00:00,2431.001218,0.225306,0.496359,0.000041
2024-03-04 00:00:00,2317.821665,0.216524,0.429861,0.000040
2024-03-04 01:00:00,2245.439452,0.195681,0.345506,0.000035
2024-03-04 02:00:00,2194.272381,0.197618,0.286855,0.000035
2024-03-04 03:00:00,2182.286470,0.206937,0.290478,0.000038
2024-03-04 04:00:00,2459.057837,0.214193,0.307553,0.000050
2024-03-04 05:00:00,2667.428618,0.218254,0.388271,0.000119
2024-03-04 06:00:00,3002.956987,0.239333,0.413765,0.007270
2024-03-04 07:00:00,3192.839266,0.276407,0.423038,0.044058
2024-03-04 08:00:00,3234.873933,0.331426,0.443224,0.087802
2024-03-04 09:00:00,3242.832382,0.390801,0.443814,0.157395
2024-03-04 10:00:00,3344.309325,0.451719,0.493334,0.271888
2024-03-04 11:00:00,3264.485323,0.493104,0.509208,0.402538
2024-03-04 12:00:00,3290.816418,0.505782,0.458882,0.448096
2024-03-04 13:00:00,3152.542417,0.502247,0.476588,0.340543
2024-03-04 14:00:00,3035.077737,0.515754,0.522586,0.201921
2024-03-04 15:00:00,2999.452346,0.532036,0.544814,0.107534
2024-03-04 16:00:00,3081.449960,0.491649,0.675045,0.028195
2024-03-04 17:00:00,3137.397379,0.515929,0.699823,0.000315
2024-03-04 18:00:00,3016.415837,0.564603,0.733263,0.000170
2024-03-04 19:00:00,2873.673529,0.551387,0.789862,0.000134
2024-03-04 20:00:00,2785.064938,0.507942,0.792869,0.000107
2024-03-04 21:00:00,2653.298843,0.502736,0.771607,0.000084
2024-03-04 22:00:00,2538.928961,0.506794,0.792941,0.000075
2024-03-04 23:00:00,2635.007623,0.539596,0.748895,0.000068
2024-03-05 00:00:00,2631.030251,0.530144,0.776878,0.000063
2024-03-05 01:00:00,2646.204416,0.519498,0.817077,0.000056
2024-03-05 02:00:00,2593.302493,0.535280,0.810061,0.000062
2024-03-05 03:00:00,2558.568525,0.545847,0.815542,0.000065
2024-03-05 04:00:00,2699.355882,0.558134,0.853311,0.000073
2024-03-05 05:00:00,2968.228633,0.579371,0.855094,0.000117
2024-03-05 06:00:00,3257.933037,0.610151,0.856349,0.018599
2024-03-05 07:00:00,3358.436108,0.644412,0.848673,0.074363
2024-03-05 08:00:00,3457.663559,0.655317,0.816049,0.137840
2024-03-05 09:00:00,3553.282820,0.635759,0.796410,0.209518
2024-03-05 10:00:00,3518.857047,0.623382,0.759347,0.261810
2024-03-05 11:00:00,3413.294425,0.612291,0.717082,0.258436
2024-03-05 12:00:00,3468.191319,0.626082,0.724699,0.267710
2024-03-05 13:00:00,3406.914820,0.636449,0.749985,0.201611
2024-03-05 14:00:00,3273.706597,0.560829,0.763665,0.103711
2024-03-05 15:00:00,3165.319577,0.430815,0.739949,0.055271
2024-03-05 16:00:00,3313.711328,0.353655,0.760712,0.016138
2024-03-05 17:00:00,3241.049762,0.343350,0.696150,0.000230
2024-03-05 18:00:00,3101.203979,0.369397,0.655973,0.000147
2024-03-05 19:00:00,2917.299562,0.385187,0.621931,0.000122
2024-03-05 20:00:00,2836.427076,0.392194,0.715989,0.000101
2024-03-05 21:00:00,2757.045646,0.385969,0.774654,0.000081
2024-03-05 22:00:00,2621.275574,0.354947,0.828931,0.000071
2024-03-05 23:00:00,2859.438901,0.295169,0.709290,0.000057
2024-03-06 00:00:00,2821.908327,0.256899,0.553946,0.000047
2024-03-06 01:00:00,2786.189882,0.248625,0.504596,0.000045
2024-03-06 02:00:00,2634.436424,0.249428,0.502517,0.000047
2024-03-06 03:00:00,2677.553392,0.249278,0.444421,0.000053
2024-03-06 04:00:00,2634.545683,0.235642,0.473407,0.000061
2024-03-06 05:00:00,2894.489284,0.211176,0.448466,0.000098
2024-03-06 06:00:00,3135.428047,0.174971,0.395696,0.003536
2024-03-06 07:00:00,3270.753140,0.160831,0.311295,0.027538
2024-03-06 08:00:00,3329.301775,0.155807,0.259808,0.058063
2024-03-06 09:00:00,3377.743584,0.147875,0.207216,0.090781
2024-03-06 10:00:00,3437.190598,0.139137,0.162655,0.123917
2024-03-06 11:00:00,3355.423659,0.122291,0.120331,0.129249
2024-03-06 12:00:00,3455.791152,0.101984,0.117390,0.123419
2024-03-06 13:00:00,3344.530365,0.087659,0.104063,0.109711
2024-03-06 14:00:00,3157.382102,0.083946,0.065964,0.070266
2024-03-06 15:00:00,3171.950879,0.077966,0.052808,0.051493
2024-03-06 16:00:00,3274.134634,0.066126,0.044450,0.012108
2024-03-06 17:00:00,3154.682027,0.049893,0.052906,0.000232
2024-03-06 18:00:00,2957.254004,0.047220,0.057857,0.000164
2024-03-06 19:00:00,2803.730569,0.050179,0.067678,0.000164
2024-03-06 20:00:00,2775.231803,0.047662,0.070933,0.000138
2024-03-06 21:00:00,2661.365957,0.044716,0.086878,0.000090
2024-03-06 22:00:00,2540.913199,0.040211,0.105645,0.000091
2024-03-06 23:00:00,2735.082549,0.039329,0.078681,0.000085
2024-03-07 00:00:00,2840.593861,0.041434,0.067936,0.000097
2024-03-07 01:00:00,2858.427930,0.046181,0.091607,0.000098
2024-03-07 02:00:00,2817.199111,0.053816,0.103989,0.000093
2024-03-07 03:00:00,2784.243989,0.064216,0.094697,0.000100
2024-03-07 04:00:00,2684.616548,0.057063,0.097681,0.000103
2024-03-07 05:00:00,2823.756350,0.054153,0.083393,0.000330
2024-03-07 06:00:00,3108.408003,0.054180,0.081504,0.030762
2024-03-07 07:00:00,3275.063828,0.052130,0.109968,0.119678
2024-03-07 08:00:00,3275.434376,0.054243,0.110942,0.192027
2024-03-07 09:00:00,3371.487929,0.073985,0.086130,0.253379
2024-03-07 10:00:00,3391.041398,0.082723,0.114695,0.331065
2024-03-07 11:00:00,3500.073080,0.089822,0.147832,0.390943
2024-03-07 12:00:00,3461.655749,0.090916,0.141384,0.458852
2024-03-07 13:00:00,3212.132753,0.079925,0.183167,0.447944
2024-03-07 14:00:00,3064.922220,0.078234,0.135858,0.363325
2024-03-07 15:00:00,3025.612793,0.065644,0.133584,0.211120
2024-03-07 16:00:00,3135.096046,0.052708,0.115982,0.054848
2024-03-07 17:00:00,3113.121950,0.057526,0.109200,0.001337
2024-03-07 18:00:00,2989.917047,0.067174,0.117850,0.000214
2024-03-07 19:00:00,2868.216353,0.067407,0.132605,0.000176
2024-03-07 20:00:00,2829.025722,0.061992,0.129192,0.000138
2024-03-07 21:00:00,2669.105121,0.062535,0.140755,0.000119
2024-03-07 22:00:00,2656.512096,0.061131,0.193829,0.000095
2024-03-07 23:00:00,2730.051067,0.056115,0.173583,0.000082
2024-03-08 00:00:00,2813.700586,0.051934,0.138221,0.000071
2024-03-08 01:00:00,2804.836780,0.045530,0.133547,0.000047
2024-03-08 02:00:00,2767.046369,0.038208,0.123620,0.000049
2024-03-08 03:00:00,2792.136077,0.037991,0.135676,0.000054
2024-03-08 04:00:00,2736.319618,0.045647,0.133988,0.000065
2024-03-08 05:00:00,2894.185001,0.047887,0.140029,0.000194
2024-03-08 06:00:00,3198.778382,0.046927,0.167233,0.019931
2024-03-08 07:00:00,3316.132815,0.044779,0.197568,0.101031
2024-03-08 08:00:00,3338.396713,0.037082,0.169306,0.261783
2024-03-08 09:00:00,3451.875274,0.037610,0.152123,0.490669
2024-03-08 10:00:00,3587.001074,0.060420,0.140383,0.626885
2024-03-08 11:00:00,3514.945202,0.080160,0.144119,0.676106
2024-03-08 12:00:00,3383.033316,0.098411,0.135997,0.676026
2024-03-08 13:00:00,3258.123053,0.113694,0.111946,0.630663
2024-03-08 14:00:00,3170.769409,0.119990,0.120281,0.511789
2024-03-08 15:00:00,2991.086049,0.140096,0.168961,0.290492
2024-03-08 16:00:00,2943.032899,0.153545,0.263261,0.073787
2024-03-08 17:00:00,2972.760039,0.196948,0.383965,0.001710
2024-03-08 18:00:00,2834.423400,0.235835,0.486926,0.000189
2024-03-08 19:00:00,2740.609108,0.248796,0.527756,0.000146
2024-03-08 20:00:00,2773.070323,0.254176,0.583673,0.000122
2024-03-08 21:00:00,2642.221202,0.246000,0.568984,0.000106
2024-03-08 22:00:00,2643.893320,0.255514,0.566412,0.000081
2024-03-08 23:00:00,2590.051154,0.268142,0.550250,0.000082
2024-03-09 00:00:00,2627.458496,0.276864,0.596744,0.000099
2024-03-09 01:00:00,2619.703464,0.289766,0.616094,0.000098
2024-03-09 02:00:00,2640.845338,0.302697,0.692538,0.000091
2024-03-09 03:00:00,2672.351742,0.331032,0.738643,0.000091
2024-03-09 04:00:00,2698.480007,0.366908,0.785729,0.000103
2024-03-09 05:00:00,2829.965652,0.413479,0.813486,0.000354
2024-03-09 06:00:00,2820.781601,0.473369,0.837709,0.025420
2024-03-09 07:00:00,2990.505459,0.568008,0.862692,0.091900
2024-03-09 08:00:00,3166.339726,0.650176,0.835581,0.175105
2024-03-09 09:00:00,3582.964618,0.710562,0.865317,0.253556
2024-03-09 10:00:00,3891.665905,0.724441,0.812115,0.350273
2024-03-09 11:00:00,3957.378052,0.645802,0.833913,0.323826
2024-03-09 12:00:00,3893.968917,0.590726,0.352180,0.302495
2024-03-09 13:00:00,3850.959275,0.684112,0.556203,0.328629
2024-03-09 14:00:00,3246.627345,0.716628,0.868107,0.273323
2024-03-09 15:00:00,3065.222619,0.695602,0.907332,0.180272
2024-03-09 16:00:00,3031.476322,0.647320,0.916278,0.055348
2024-03-09 17:00:00,3093.564233,0.627178,0.898843,0.001501
2024-03-09 18:00:00,2886.827890,0.599747,0.925445,0.000244
2024-03-09 19:00:00,2855.765503,0.593466,0.927222,0.000201
2024-03-09 20:00:00,2949.216561,0.616322,0.927156,0.000180
2024-03-09 21:00:00,2870.953537,0.611841,0.920253,0.000157
2024-03-09 22:00:00,2815.496124,0.645206,0.926340,0.000138
2024-03-09 23:00:00,2715.356395,0.654145,0.927281,0.000073
2024-03-10 00:00:00,2758.577956,0.666283,0.932777,0.000065
2024-03-10 01:00:00,2791.743890,0.671270,0.932588,0.000058
2024-03-10 02:00:00,2731.890360,0.657650,0.932383,0.000062
2024-03-10 03:00:00,2781.824089,0.659130,0.933863,0.000062
2024-03-10 04:00:00,2859.103580,0.680563,0.932986,0.000069
2024-03-10 05:00:00,2947.885268,0.693240,0.932888,0.000079
2024-03-10 06:00:00,3035.259303,0.708871,0.933537,0.005308
2024-03-10 07:00:00,3309.060243,0.728428,0.933492,0.027550
2024-03-10 08:00:00,3397.110276,0.742602,0.936126,0.052616
2024-03-10 09:00:00,3831.748390,0.721651,0.936735,0.068773
2024-03-10 10:00:00,3976.817425,0.679031,0.909985,0.082020
2024-03-10 11:00:00,4005.926789,0.718717,0.916249,0.090381
2024-03-10 12:00:00,4004.739052,0.719152,0.895168,0.106189
2024-03-10 13:00:00,3929.390674,0.735101,0.882925,0.124083
2024-03-10 14:00:00,3465.170400,0.798168,0.929144,0.093579
2024-03-10 15:00:00,3164.060024,0.773453,0.934769,0.045554
2024-03-10 16:00:00,3127.028687,0.779282,0.933994,0.013306
2024-03-10 17:00:00,3109.457258,0.792324,0.937435,0.000221
2024-03-10 18:00:00,3044.959862,0.834594,0.935619,0.000107
2024-03-10 19:00:00,2966.012678,0.863267,0.938695,0.000091
2024-03-10 20:00:00,2843.596181,0.873004,0.931454,0.000081
2024-03-10 21:00:00,2668.785991,0.844266,0.934053,0.000074
2024-03-10 22:00:00,2623.233858,0.801739,0.936309,0.000072
2024-03-10 23:00:00,2801.071779,0.777216,0.934929,0.000067
2024-03-11 00:00:00,2866.380290,0.769183,0.934801,0.000066
2024-03-11 01:00:00,2728.664564,0.776146,0.935315,0.000066
2024-03-11 02:00:00,2620.290528,0.771328,0.931778,0.000061
2024-03-11 03:00:00,2571.224482,0.759746,0.933421,0.000066
2024-03-11 04:00:00,2679.589934,0.765986,0.930637,0.000074
2024-03-11 05:00:00,2976.262095,0.763478,0.932731,0.000659
2024-03-11 06:00:00,3231.544194,0.782078,0.937589,0.029784
2024-03-11 07:00:00,3383.024241,0.804302,0.933171,0.105436
2024-03-11 08:00:00,3420.801862,0.809090,0.911660,0.197780
2024-03-11 09:00:00,3531.669904,0.813088,0.859844,0.292765
2024-03-11 10:00:00,3577.762451,0.791957,0.778671,0.330443
2024-03-11 11:00:00,3487.607153,0.784302,0.740219,0.319138
2024-03-11 12:00:00,3459.453650,0.764052,0.723078,0.279895
2024-03-11 13:00:00,3390.538294,0.732077,0.756217,0.222243
2024-03-11 14:00:00,3217.874896,0.683767,0.689655,0.116344
2024-03-11 15:00:00,3243.581608,0.639400,0.730183,0.050846
2024-03-11 16:00:00,3344.006486,0.555862,0.794567,0.012421
2024-03-11 17:00:00,3283.803873,0.492091,0.762409,0.000256
2024-03-11 18:00:00,3094.354425,0.452217,0.658645,0.000157
2024-03-11 19:00:00,2934.408713,0.398500,0.673920,0.000149
2024-03-11 20:00:00,2809.148072,0.360395,0.642207,0.000136
2024-03-11 21:00:00,2669.265004,0.310182,0.623621,0.000111
2024-03-11 22:00:00,2566.996057,0.276444,0.552817,0.000082
2024-03-11 23:00:00,2578.486646,0.237329,0.502698,0.000128
2024-03-12 00:00:00,2622.019521,0.196347,0.419879,0.000081
2024-03-12 01:00:00,2542.810944,0.160706,0.349690,0.000052
2024-03-12 02:00:00,2455.243238,0.140287,0.288618,0.000046
2024-03-12 03:00:00,2427.022531,0.140183,0.235750,0.000053
2024-03-12 04:00:00,2491.147374,0.133286,0.217552,0.000061
2024-03-12 05:00:00,2832.989802,0.128916,0.222399,0.000123
2024-03-12 06:00:00,3148.061221,0.125828,0.191306,0.007669
2024-03-12 07:00:00,3213.943099,0.109692,0.180216,0.031871
2024-03-12 08:00:00,3263.285179,0.091271,0.163166,0.056193
2024-03-12 09:00:00,3338.521821,0.090583,0.172285,0.086848
2024-03-12 10:00:00,3348.126481,0.087175,0.194045,0.114023
2024-03-12 11:00:00,3299.139826,0.075150,0.153749,0.135559
2024-03-12 12:00:00,3265.238349,0.059309,0.150590,0.129979
2024-03-12 13:00:00,3237.272288,0.044931,0.120915,0.104470
2024-03-12 14:00:00,3150.411638,0.028214,0.098171,0.068804
2024-03-12 15:00:00,3115.330164,0.015558,0.088587,0.035308
2024-03-12 16:00:00,3184.625377,0.012971,0.091298,0.010448
2024-03-12 17:00:00,3125.206560,0.014595,0.113724,0.000268
2024-03-12 18:00:00,3020.488790,0.024993,0.155217,0.000086
2024-03-12 19:00:00,2966.685093,0.044322,0.150327,0.000062
2024-03-12 20:00:00,2764.017023,0.058848,0.121705,0.000056
2024-03-12 21:00:00,2613.413410,0.040764,0.088817,0.000050
2024-03-12 22:00:00,2480.706113,0.041234,0.098695,0.000042
2024-03-12 23:00:00,2558.878196,0.055103,0.123056,0.000034
2024-03-13 00:00:00,2571.914661,0.060890,0.166826,0.000032
2024-03-13 01:00:00,2550.220804,0.063636,0.162641,0.000028
2024-03-13 02:00:00,2492.960470,0.068592,0.258581,0.000031
2024-03-13 03:00:00,2503.716009,0.077662,0.318386,0.000036
2024-03-13 04:00:00,2590.387099,0.091154,0.350541,0.000041
2024-03-13 05:00:00,2832.096203,0.110677,0.437671,0.001135
2024-03-13 06:00:00,3057.184422,0.148094,0.512394,0.029294
2024-03-13 07:00:00,3187.635560,0.166956,0.597963,0.083591
2024-03-13 08:00:00,3202.569927,0.199914,0.661181,0.181423
2024-03-13 09:00:00,3279.746437,0.257542,0.661342,0.330113
2024-03-13 10:00:00,3215.237172,0.352102,0.631936,0.400012
2024-03-13 11:00:00,3138.233703,0.431068,0.644405,0.360685
2024-03-13 12:00:00,3148.371551,0.461239,0.672967,0.252274
2024-03-13 13:00:00,3114.981479,0.435320,0.688332,0.135218
2024-03-13 14:00:00,3054.956816,0.420270,0.741482,0.092263
2024-03-13 15:00:00,3064.524575,0.428758,0.857808,0.046670
2024-03-13 16:00:00,3200.265320,0.444560,0.897845,0.012783
2024-03-13 17:00:00,3218.713303,0.483555,0.923167,0.000522
2024-03-13 18:00:00,3069.402512,0.531936,0.930371,0.000216
2024-03-13 19:00:00,2989.979802,0.578860,0.932425,0.000192
2024-03-13 20:00:00,2812.947309,0.626336,0.937968,0.000183
2024-03-13 21:00:00,2704.002928,0.646850,0.945022,0.000158
2024-03-13 22:00:00,2632.392220,0.670779,0.944606,0.000151
2024-03-13 23:00:00,2611.082315,0.685850,0.946416,0.000128
2024-03-14 00:00:00,2677.080210,0.710053,0.939977,0.000131
2024-03-14 01:00:00,2677.093101,0.709284,0.934538,0.000114
2024-03-14 02:00:00,2558.948347,0.668027,0.938755,0.000116
2024-03-14 03:00:00,2739.539819,0.623918,0.939499,0.000124
2024-03-14 04:00:00,2866.806914,0.566552,0.928993,0.000108
2024-03-14 05:00:00,2932.538466,0.512058,0.930002,0.000112
2024-03-14 06:00:00,3185.322999,0.506572,0.924767,0.006935
2024-03-14 07:00:00,3272.639806,0.507411,0.904785,0.031224
2024-03-14 08:00:00,3306.343615,0.470930,0.879056,0.071005
2024-03-14 09:00:00,3379.692297,0.460045,0.883127,0.092614
2024-03-14 10:00:00,3355.319813,0.482035,0.864118,0.100134
2024-03-14 11:00:00,3290.100420,0.497616,0.883571,0.110401
2024-03-14 12:00:00,3526.976836,0.530098,0.878972,0.119502
2024-03-14 13:00:00,3502.932851,0.541458,0.887413,0.119094
2024-03-14 14:00:00,3352.184624,0.529954,0.884731,0.097364
2024-03-14 15:00:00,3169.704536,0.482834,0.909670,0.069361
2024-03-14 16:00:00,3253.217210,0.459131,0.913615,0.027225
2024-03-14 17:00:00,3164.993382,0.450628,0.919700,0.001414
2024-03-14 18:00:00,3070.327973,0.441651,0.906269,0.000148
2024-03-14 19:00:00,2847.563619,0.452653,0.891000,0.000141
2024-03-14 20:00:00,2733.597847,0.440399,0.875249,0.000123
2024-03-14 21:00:00,2580.084789,0.434283,0.887534,0.000103
2024-03-14 22:00:00,2488.185516,0.422790,0.831053,0.000080
2024-03-14 23:00:00,2724.833834,0.390478,0.886462,0.000077
2024-03-15 00:00:00,3054.149762,0.378995,0.922647,0.000079
2024-03-15 01:00:00,3020.134605,0.374701,0.867401,0.000079
2024-03-15 02:00:00,2973.189089,0.389438,0.882927,0.000066
2024-03-15 03:00:00,2896.836574,0.429534,0.908752,0.000075
2024-03-15 04:00:00,2992.067553,0.466371,0.953244,0.000087
2024-03-15 05:00:00,2999.648310,0.523706,0.964302,0.000714
2024-03-15 06:00:00,3076.242570,0.564022,0.962482,0.016263
2024-03-15 07:00:00,3136.200630,0.581547,0.967479,0.057610
2024-03-15 08:00:00,3161.948209,0.594262,0.964943,0.085174
2024-03-15 09:00:00,3297.436235,0.605002,0.920462,0.118483
2024-03-15 10:00:00,3470.061053,0.625361,0.950579,0.136817
2024-03-15 11:00:00,3379.419311,0.649779,0.959964,0.143144
2024-03-15 12:00:00,3299.910735,0.657673,0.937417,0.166941
2024-03-15 13:00:00,3057.499489,0.634860,0.957368,0.158794
2024-03-15 14:00:00,2909.454014,0.621400,0.949973,0.136447
2024-03-15 15:00:00,2858.923089,0.591958,0.961887,0.061621
2024-03-15 16:00:00,2985.121367,0.564834,0.972974,0.018290
2024-03-15 17:00:00,2958.664960,0.556917,0.959875,0.001679
2024-03-15 18:00:00,2867.388166,0.619035,0.962066,0.000131
2024-03-15 19:00:00,2840.497505,0.650934,0.960063,0.000102
2024-03-15 20:00:00,2822.641954,0.667244,0.975717,0.000090
2024-03-15 21:00:00,2694.642198,0.640822,0.966450,0.000080
2024-03-15 22:00:00,2592.669707,0.638194,0.966119,0.000068
2024-03-15 23:00:00,2579.237380,0.619429,0.973021,0.000054
2024-03-16 00:00:00,2629.342384,0.589209,0.945955,0.000055
2024-03-16 01:00:00,2608.840792,0.576824,0.948605,0.000050
2024-03-16 02:00:00,2579.380957,0.584580,0.942172,0.000050
2024-03-16 03:00:00,2547.949170,0.637533,0.966758,0.000052
2024-03-16 04:00:00,2537.062755,0.711497,0.950785,0.000062
2024-03-16 05:00:00,2513.557245,0.776689,0.965290,0.001181
2024-03-16 06:00:00,2501.640863,0.789058,0.964400,0.039490
2024-03-16 07:00:00,2707.607655,0.850466,0.975564,0.172032
2024-03-16 08:00:00,2927.549389,0.927889,0.957226,0.346844
2024-03-16 09:00:00,3000.235277,0.960515,0.820499,0.478277
2024-03-16 10:00:00,3066.423238,0.988301,0.792233,0.525258
2024-03-16 11:00:00,3136.014589,0.995379,0.789858,0.481626
2024-03-16 12:00:00,3545.015125,0.962598,0.787508,0.424739
2024-03-16 13:00:00,3301.014687,0.976624,0.748703,0.367373
2024-03-16 14:00:00,3034.203935,0.934804,0.838789,0.267587
2024-03-16 15:00:00,2785.185277,0.905485,0.837726,0.163338
2024-03-16 16:00:00,2814.757450,0.825235,0.868326,0.052608
2024-03-16 17:00:00,2794.219978,0.667732,0.850580,0.003074
2024-03-16 18:00:00,2692.447412,0.537754,0.836102,0.000187
2024-03-16 19:00:00,2576.360227,0.451442,0.839241,0.000142
2024-03-16 20:00:00,2463.361427,0.377677,0.811101,0.000117
2024-03-16 21:00:00,2397.510143,0.270557,0.686286,0.000092
2024-03-16 22:00:00,2268.809951,0.204246,0.480546,0.000075
2024-03-16 23:00:00,2261.763685,0.161673,0.379962,0.000071
2024-03-17 00:00:00,2275.699041,0.128142,0.268501,0.000059
2024-03-17 01:00:00,2295.650316,0.113023,0.217976,0.000054
2024-03-17 02:00:00,2281.163060,0.079646,0.238290,0.000057
2024-03-17 03:00:00,2345.099661,0.057826,0.230158,0.000054
2024-03-17 04:00:00,2192.143257,0.051023,0.210133,0.000068
2024-03-17 05:00:00,2422.222321,0.050964,0.204358,0.006926
2024-03-17 06:00:00,2496.966360,0.054064,0.251268,0.117947
2024-03-17 07:00:00,2545.227214,0.056762,0.283357,0.326588
2024-03-17 08:00:00,2728.638782,0.113230,0.290613,0.558151
2024-03-17 09:00:00,2976.006950,0.123643,0.237374,0.688786
2024-03-17 10:00:00,3168.293855,0.121672,0.255731,0.725358
2024-03-17 11:00:00,3081.669990,0.140973,0.293887,0.758505
2024-03-17 12:00:00,3083.474036,0.154164,0.371002,0.712419
2024-03-17 13:00:00,2995.307306,0.156518,0.418825,0.536827
2024-03-17 14:00:00,2674.874383,0.157449,0.383171,0.326354
2024-03-17 15:00:00,2526.122765,0.157417,0.421383,0.165751
2024-03-17 16:00:00,2703.252935,0.171922,0.498526,0.052427
2024-03-17 17:00:00,2772.562644,0.186223,0.599955,0.002902
2024-03-17 18:00:00,2667.806546,0.242003,0.648759,0.000237
2024-03-17 19:00:00,2525.170864,0.272226,0.682928,0.000197
2024-03-17 20:00:00,2478.291830,0.289953,0.746355,0.000163
2024-03-17 21:00:00,2426.821708,0.319498,0.843104,0.000147
2024-03-17 22:00:00,2409.946248,0.333522,0.855140,0.000119
2024-03-17 23:00:00,2511.744416,0.365583,0.863929,0.000102
2024-03-18 00:00:00,2483.869130,0.402507,0.843248,0.000085
2024-03-18 01:00:00,2528.091794,0.403702,0.853752,0.000064
2024-03-18 02:00:00,2466.074414,0.397972,0.872138,0.000062
2024-03-18 03:00:00,2394.541031,0.387675,0.878923,0.000059
2024-03-18 04:00:00,2509.860551,0.386746,0.875207,0.000068
2024-03-18 05:00:00,2756.327859,0.406631,0.858749,0.003151
2024-03-18 06:00:00,3077.352643,0.426377,0.850642,0.048340
2024-03-18 07:00:00,3183.113483,0.434509,0.825872,0.125809
2024-03-18 08:00:00,3191.527013,0.434571,0.775345,0.184543
2024-03-18 09:00:00,3265.479180,0.454859,0.758810,0.242600
2024-03-18 10:00:00,3337.971821,0.449943,0.759517,0.332780
2024-03-18 11:00:00,3224.083476,0.452912,0.728493,0.371067
2024-03-18 12:00:00,3259.715482,0.444746,0.672683,0.404597
2024-03-18 13:00:00,3157.964778,0.452142,0.621820,0.343926
2024-03-18 14:00:00,3055.266175,0.447869,0.647359,0.242717
2024-03-18 15:00:00,3028.313254,0.430665,0.631910,0.142694
2024-03-18 16:00:00,3170.242629,0.404900,0.691698,0.051958
2024-03-18 17:00:00,3153.686510,0.384924,0.733507,0.004354
2024-03-18 18:00:00,3025.063853,0.368076,0.774387,0.000186
2024-03-18 19:00:00,2864.857712,0.354514,0.823189,0.000155
2024-03-18 20:00:00,2787.256165,0.363647,0.872330,0.000122
2024-03-18 21:00:00,2697.591955,0.367869,0.895564,0.000100
2024-03-18 22:00:00,2704.894393,0.384110,0.914954,0.000081
2024-03-18 23:00:00,2699.760403,0.386601,0.882909,0.000076
2024-03-19 00:00:00,2731.332527,0.382923,0.852186,0.000067
2024-03-19 01:00:00,2649.097627,0.368850,0.828571,0.000064
2024-03-19 02:00:00,2656.800511,0.346475,0.824226,0.000062
2024-03-19 03:00:00,2589.265867,0.341440,0.842331,0.000066
2024-03-19 04:00:00,2589.755698,0.333319,0.833237,0.000070
2024-03-19 05:00:00,2911.919245,0.322186,0.810869,0.005348
2024-03-19 06:00:00,3194.285181,0.328313,0.821343,0.041246
2024-03-19 07:00:00,3227.869330,0.344538,0.866328,0.099653
2024-03-19 08:00:00,3230.369721,0.353900,0.858308,0.158620
2024-03-19 09:00:00,3294.409922,0.366097,0.858362,0.213136
2024-03-19 10:00:00,3347.433973,0.376351,0.829276,0.305328
2024-03-19 11:00:00,3322.980769,0.374002,0.816526,0.263675
2024-03-19 12:00:00,3347.887299,0.365102,0.847121,0.184898
2024-03-19 13:00:00,3218.908117,0.363216,0.820577,0.147135
2024-03-19 14:00:00,3149.247909,0.358445,0.816667,0.097028
2024-03-19 15:00:00,3091.454307,0.346270,0.804860,0.054395
2024-03-19 16:00:00,3230.953893,0.334370,0.796464,0.020885
2024-03-19 17:00:00,3189.139810,0.334404,0.764049,0.001122
2024-03-19 18:00:00,3024.853467,0.327143,0.739135,0.000166
2024-03-19 19:00:00,2854.464481,0.308393,0.710907,0.000125
2024-03-19 20:00:00,2705.160824,0.297354,0.570695,0.000113
2024-03-19 21:00:00,2540.560339,0.249002,0.464712,0.000098
2024-03-19 22:00:00,2414.537177,0.185588,0.397012,0.000086
2024-03-19 23:00:00,2490.371279,0.129529,0.336609,0.000080
2024-03-20 00:00:00,2465.395500,0.090588,0.284160,0.000065
2024-03-20 01:00:00,2383.399612,0.077348,0.158413,0.000056
2024-03-20 02:00:00,2324.818858,0.072643,0.115713,0.000043
2024-03-20 03:00:00,2298.018491,0.061143,0.071758,0.000047
2024-03-20 04:00:00,2390.742102,0.058165,0.058547,0.000068
2024-03-20 05:00:00,2739.070958,0.042260,0.043506,0.003888
2024-03-20 06:00:00,3001.116115,0.028295,0.036858,0.044437
2024-03-20 07:00:00,3086.617821,0.019326,0.021558,0.112860
2024-03-20 08:00:00,3097.135437,0.017245,0.012033,0.189014
2024-03-20 09:00:00,3128.592504,0.017802,0.014135,0.268886
2024-03-20 10:00:00,3135.416468,0.022720,0.010010,0.394623
2024-03-20 11:00:00,3137.300980,0.025271,0.017208,0.523449
2024-03-20 12:00:00,3143.646570,0.019459,0.007295,0.614620
2024-03-20 13:00:00,2987.797035,0.017517,0.000138,0.594614
2024-03-20 14:00:00,2889.629272,0.014778,0.000182,0.459416
2024-03-20 15:00:00,2810.946422,0.009259,0.008089,0.223589
2024-03-20 16:00:00,2956.516034,0.008885,0.018564,0.068087
2024-03-20 17:00:00,2935.349190,0.016012,0.033635,0.004618
2024-03-20 18:00:00,2849.013958,0.031002,0.080628,0.000273
2024-03-20 19:00:00,2695.112066,0.048970,0.099258,0.000229
2024-03-20 20:00:00,2582.106582,0.074109,0.137914,0.000196
2024-03-20 21:00:00,2450.458641,0.105626,0.202976,0.000168
2024-03-20 22:00:00,2362.169260,0.120163,0.346542,0.000139
2024-03-20 23:00:00,2357.416224,0.128512,0.473403,0.000132
2024-03-21 00:00:00,2384.200988,0.119365,0.529685,0.000121
2024-03-21 01:00:00,2404.707961,0.129301,0.497696,0.000103
2024-03-21 02:00:00,2485.944714,0.111975,0.489179,0.000103
2024-03-21 03:00:00,2461.186818,0.105112,0.391520,0.000098
2024-03-21 04:00:00,2451.870420,0.102763,0.253313,0.000117
2024-03-21 05:00:00,2666.684827,0.098372,0.191993,0.004908
2024-03-21 06:00:00,2959.122595,0.066623,0.140931,0.074423
2024-03-21 07:00:00,3074.648816,0.035972,0.117066,0.189373
2024-03-21 08:00:00,3034.399757,0.033511,0.124665,0.312923
2024-03-21 09:00:00,3108.291896,0.033344,0.076244,0.424834
2024-03-21 10:00:00,3108.605694,0.014636,0.053790,0.543889
2024-03-21 11:00:00,3024.825473,0.012374,0.059080,0.592058
2024-03-21 12:00:00,3051.776786,0.032275,0.058870,0.584268
2024-03-21 13:00:00,2946.697924,0.069223,0.087219,0.460468
2024-03-21 14:00:00,2856.713983,0.102334,0.137769,0.256495
2024-03-21 15:00:00,2898.000586,0.147795,0.256679,0.126742
2024-03-21 16:00:00,3037.037063,0.218868,0.509005,0.055937
2024-03-21 17:00:00,3060.983096,0.330791,0.669816,0.003760
2024-03-21 18:00:00,2959.167136,0.441020,0.723146,0.000260
2024-03-21 19:00:00,2830.061537,0.523349,0.747704,0.000227
2024-03-21 20:00:00,2716.213909,0.570539,0.767957,0.000193
2024-03-21 21:00:00,2706.062845,0.599127,0.904134,0.000163
2024-03-21 22:00:00,2652.835051,0.657380,0.931720,0.000153
2024-03-21 23:00:00,3001.022112,0.692170,0.948547,0.000155
2024-03-22 00:00:00,2881.568500,0.695521,0.951709,0.000128
2024-03-22 01:00:00,2832.517591,0.651022,0.952000,0.000122
2024-03-22 02:00:00,2771.693727,0.622394,0.928839,0.000089
2024-03-22 03:00:00,2726.152224,0.590301,0.920899,0.000084
2024-03-22 04:00:00,2691.483438,0.567307,0.890090,0.000086
2024-03-22 05:00:00,2861.567641,0.549141,0.856967,0.001741
2024-03-22 06:00:00,3095.988333,0.559310,0.879504,0.020996
2024-03-22 07:00:00,3182.325817,0.587778,0.834178,0.058362
2024-03-22 08:00:00,3220.949834,0.584767,0.793617,0.126725
2024-03-22 09:00:00,3341.129827,0.626366,0.818126,0.247086
2024-03-22 10:00:00,3304.340204,0.666780,0.792705,0.367393
2024-03-22 11:00:00,3219.687219,0.730879,0.812196,0.408280
2024-03-22 12:00:00,3135.674078,0.766621,0.870402,0.466568
2024-03-22 13:00:00,2947.419242,0.741176,0.880153,0.473079
2024-03-22 14:00:00,2876.702867,0.704630,0.863575,0.404504
2024-03-22 15:00:00,2899.420675,0.681613,0.870343,0.286642
2024-03-22 16:00:00,2944.214686,0.606611,0.834931,0.111447
2024-03-22 17:00:00,2856.472740,0.488498,0.809552,0.013899
2024-03-22 18:00:00,2757.063605,0.450364,0.800644,0.000212
2024-03-22 19:00:00,2652.712826,0.465173,0.853644,0.000181
2024-03-22 20:00:00,2597.683290,0.491695,0.867780,0.000154
2024-03-22 21:00:00,2494.546639,0.506005,0.863834,0.000167
2024-03-22 22:00:00,2389.475424,0.518629,0.838683,0.000136
2024-03-22 23:00:00,2597.333764,0.521317,0.812058,0.000121
2024-03-23 00:00:00,2444.886487,0.495969,0.811516,0.000107
2024-03-23 01:00:00,2437.556389,0.470348,0.744913,0.000102
2024-03-23 02:00:00,2333.210403,0.422430,0.750149,0.000072
2024-03-23 03:00:00,2294.649161,0.383224,0.788321,0.000067
2024-03-23 04:00:00,2278.165269,0.354143,0.754135,0.000072
2024-03-23 05:00:00,2391.966327,0.339499,0.783509,0.009793
2024-03-23 06:00:00,2522.939995,0.344021,0.833137,0.097130
2024-03-23 07:00:00,2803.995983,0.412521,0.738000,0.267498
2024-03-23 08:00:00,3215.770898,0.536056,0.698453,0.410085
2024-03-23 09:00:00,3548.801152,0.629238,0.520965,0.553128
2024-03-23 10:00:00,3650.568460,0.617421,0.473050,0.607291
2024-03-23 11:00:00,3714.475188,0.632181,0.474868,0.514871
2024-03-23 12:00:00,3690.034633,0.573481,0.330097,0.449508
2024-03-23 13:00:00,3645.873381,0.549959,0.263637,0.400023
2024-03-23 14:00:00,3494.595588,0.596485,0.534442,0.293489
2024-03-23 15:00:00,3315.080221,0.621917,0.657558,0.176804
2024-03-23 16:00:00,2836.094246,0.576935,0.776130,0.058525
2024-03-23 17:00:00,2694.258448,0.521795,0.786354,0.008120
2024-03-23 18:00:00,2591.738151,0.483881,0.834237,0.000221
2024-03-23 19:00:00,2464.793644,0.448015,0.837415,0.000175
2024-03-23 20:00:00,2419.545378,0.444646,0.829985,0.000146
2024-03-23 21:00:00,2371.858435,0.409861,0.753869,0.000122
2024-03-23 22:00:00,2463.381899,0.376100,0.758454,0.000103
2024-03-23 23:00:00,2555.293288,0.327416,0.716332,0.000083
2024-03-24 00:00:00,2757.276194,0.276140,0.682361,0.000071
2024-03-24 01:00:00,2792.078294,0.239075,0.591094,0.000062
2024-03-24 02:00:00,2623.696386,0.183594,0.524511,0.000060
2024-03-24 03:00:00,2632.342953,0.176328,0.481509,0.000060
2024-03-24 04:00:00,2746.477942,0.163025,0.451229,0.000061
2024-03-24 05:00:00,2768.257683,0.131769,0.381083,0.008209
2024-03-24 06:00:00,2702.837567,0.095397,0.276523,0.076677
2024-03-24 07:00:00,2818.311648,0.068420,0.183224,0.176279
2024-03-24 08:00:00,2884.116136,0.059490,0.104313,0.276972
2024-03-24 09:00:00,2893.160043,0.052046,0.042234,0.336525
2024-03-24 10:00:00,2831.827912,0.040876,0.038263,0.359021
2024-03-24 11:00:00,2799.098937,0.036411,0.057416,0.311765
2024-03-24 12:00:00,2742.822903,0.048150,0.100331,0.281670
2024-03-24 13:00:00,2718.731200,0.067591,0.196134,0.277883
2024-03-24 14:00:00,2722.044636,0.085402,0.323178,0.240230
2024-03-24 15:00:00,2724.700041,0.107105,0.428243,0.140423
2024-03-24 16:00:00,2718.272378,0.110172,0.499711,0.069431
2024-03-24 17:00:00,2642.678701,0.127474,0.511616,0.010268
2024-03-24 18:00:00,2567.838853,0.142079,0.535506,0.000201
2024-03-24 19:00:00,2430.665907,0.153438,0.469268,0.000178
2024-03-24 20:00:00,2335.376539,0.134104,0.427604,0.000141
2024-03-24 21:00:00,2276.210646,0.102850,0.260030,0.000107
2024-03-24 22:00:00,2212.952298,0.085965,0.118123,0.000085
2024-03-24 23:00:00,2304.758052,0.070158,0.140351,0.000069
2024-03-25 00:00:00,2318.188372,0.056426,0.138622,0.000057
2024-03-25 01:00:00,2274.326993,0.043471,0.131081,0.000054
2024-03-25 02:00:00,2151.774549,0.034064,0.121470,0.000054
2024-03-25 03:00:00,2182.975095,0.032607,0.141375,0.000055
2024-03-25 04:00:00,2281.300626,0.026465,0.124224,0.000065
2024-03-25 05:00:00,2550.991366,0.019292,0.127583,0.010211
2024-03-25 06:00:00,2881.048034,0.016916,0.149573,0.077251
2024-03-25 07:00:00,3004.073832,0.020165,0.105791,0.192766
2024-03-25 08:00:00,3063.382848,0.021598,0.104604,0.320616
2024-03-25 09:00:00,3087.781265,0.031388,0.138550,0.364214
2024-03-25 10:00:00,3027.404154,0.040577,0.116346,0.374081
2024-03-25 11:00:00,2989.710978,0.053559,0.138075,0.396559
2024-03-25 12:00:00,2992.737138,0.074809,0.120651,0.378641
2024-03-25 13:00:00,2909.527983,0.089958,0.100664,0.353885
2024-03-25 14:00:00,2828.646796,0.090186,0.076462,0.312001
2024-03-25 15:00:00,2813.771635,0.081797,0.065953,0.223664
2024-03-25 16:00:00,2975.439563,0.070946,0.052588,0.118480
2024-03-25 17:00:00,2904.986266,0.049406,0.046118,0.015896
2024-03-25 18:00:00,2816.849787,0.029539,0.031888,0.000221
2024-03-25 19:00:00,2727.578863,0.013508,0.032570,0.000170
2024-03-25 20:00:00,2596.626169,0.013259,0.022844,0.000134
2024-03-25 21:00:00,2485.676041,0.020672,0.014485,0.000115
2024-03-25 22:00:00,2371.762683,0.023705,0.019668,0.000129
2024-03-25 23:00:00,2310.142538,0.023648,0.025256,0.000089
2024-03-26 00:00:00,2297.348837,0.021407,0.020862,0.000071
2024-03-26 01:00:00,2314.191282,0.021890,0.013639,0.000076
2024-03-26 02:00:00,2282.912183,0.025263,0.014290,0.000066
2024-03-26 03:00:00,2277.054183,0.041426,0.039561,0.000067
2024-03-26 04:00:00,2333.324451,0.059736,0.069319,0.000075
2024-03-26 05:00:00,2560.571590,0.072260,0.094343,0.011460
2024-03-26 06:00:00,2856.543655,0.063254,0.151976,0.082694
2024-03-26 07:00:00,2983.033712,0.045540,0.191435,0.215132
2024-03-26 08:00:00,3076.970692,0.061381,0.245483,0.366973
2024-03-26 09:00:00,3156.160221,0.109068,0.290086,0.570422
2024-03-26 10:00:00,3183.110221,0.176478,0.374079,0.677582
2024-03-26 11:00:00,3114.415241,0.251502,0.401034,0.676384
2024-03-26 12:00:00,3140.419465,0.330162,0.414025,0.632704
2024-03-26 13:00:00,3167.941885,0.402053,0.414876,0.639778
2024-03-26 14:00:00,2905.492559,0.468695,0.597151,0.503741
2024-03-26 15:00:00,2841.018200,0.493506,0.757064,0.347922
2024-03-26 16:00:00,2897.440150,0.451020,0.730871,0.140044
2024-03-26 17:00:00,2884.631728,0.399846,0.775267,0.017962
2024-03-26 18:00:00,2889.517886,0.424195,0.855258,0.000237
2024-03-26 19:00:00,2792.756539,0.443017,0.882742,0.000239
2024-03-26 20:00:00,2612.020974,0.390434,0.832107,0.000189
2024-03-26 21:00:00,2525.002672,0.352846,0.756072,0.000143
2024-03-26 22:00:00,2421.574755,0.321049,0.695779,0.000131
2024-03-26 23:00:00,2408.199067,0.295259,0.674070,0.000112
2024-03-27 00:00:00,2390.289159,0.282094,0.643661,0.000101
2024-03-27 01:00:00,2308.341329,0.268190,0.619710,0.000087
2024-03-27 02:00:00,2387.625821,0.260568,0.666136,0.000075
2024-03-27 03:00:00,2441.326911,0.274238,0.680910,0.000082
2024-03-27 04:00:00,2584.114486,0.295147,0.705319,0.000085
2024-03-27 05:00:00,2624.938486,0.296421,0.706793,0.015242
2024-03-27 06:00:00,2799.657299,0.279144,0.716729,0.074063
2024-03-27 07:00:00,2938.920739,0.243476,0.684933,0.147424
2024-03-27 08:00:00,2982.717342,0.210838,0.580891,0.235654
2024-03-27 09:00:00,3003.729507,0.184037,0.524473,0.394925
2024-03-27 10:00:00,2992.353098,0.206818,0.557574,0.379454
2024-03-27 11:00:00,2960.380787,0.273503,0.476029,0.435779
2024-03-27 12:00:00,2864.592859,0.283751,0.448513,0.365630
2024-03-27 13:00:00,2788.993715,0.215659,0.381186,0.296957
2024-03-27 14:00:00,2712.737471,0.164460,0.352627,0.242520
2024-03-27 15:00:00,2729.636150,0.162169,0.301554,0.161986
2024-03-27 16:00:00,2801.007637,0.137439,0.246192,0.069947
2024-03-27 17:00:00,2830.083842,0.122627,0.229640,0.011000
2024-03-27 18:00:00,2744.511771,0.123517,0.248887,0.000293
2024-03-27 19:00:00,2592.426752,0.085247,0.249003,0.000252
2024-03-27 20:00:00,2444.858383,0.067013,0.242220,0.000213
2024-03-27 21:00:00,2281.312382,0.060070,0.195000,0.000188
2024-03-27 22:00:00,2143.401048,0.051218,0.110056,0.000161
2024-03-27 23:00:00,2121.747829,0.038056,0.085199,0.000136
2024-03-28 00:00:00,2103.724150,0.037330,0.135821,0.000141
2024-03-28 01:00:00,2229.431903,0.049366,0.137349,0.000152
2024-03-28 02:00:00,2188.599279,0.060362,0.153569,0.000154
2024-03-28 03:00:00,2123.793803,0.066184,0.208335,0.000133
2024-03-28 04:00:00,2096.599930,0.081035,0.181993,0.000163
2024-03-28 05:00:00,2079.126342,0.100338,0.168080,0.015627
2024-03-28 06:00:00,2207.910875,0.107612,0.181874,0.077728
2024-03-28 07:00:00,2422.730460,0.113591,0.247516,0.148720
2024-03-28 08:00:00,2521.083407,0.123885,0.276618,0.197363
2024-03-28 09:00:00,2686.882882,0.131735,0.249360,0.165911
2024-03-28 10:00:00,2786.290648,0.117674,0.247287,0.096914
2024-03-28 11:00:00,2747.748347,0.098911,0.254541,0.092321
2024-03-28 12:00:00,2736.047121,0.094820,0.200042,0.083426
2024-03-28 13:00:00,2733.541757,0.116120,0.214975,0.085607
2024-03-28 14:00:00,2736.887273,0.187979,0.297755,0.082973
2024-03-28 15:00:00,2770.647828,0.314803,0.524147,0.114357
2024-03-28 16:00:00,2737.770168,0.467581,0.623080,0.042473
2024-03-28 17:00:00,2635.714714,0.520054,0.641457,0.005618
2024-03-28 18:00:00,2573.645218,0.517016,0.792740,0.000159
2024-03-28 19:00:00,2579.594691,0.502448,0.812685,0.000178
2024-03-28 20:00:00,2613.587423,0.462692,0.732209,0.000149
2024-03-28 21:00:00,2533.350858,0.437533,0.658281,0.000129
2024-03-28 22:00:00,2448.490569,0.400761,0.692310,0.000090
2024-03-28 23:00:00,2783.736177,0.414144,0.750590,0.000067
2024-03-29 00:00:00,2896.490606,0.385493,0.791864,0.000059
2024-03-29 01:00:00,2885.431337,0.386065,0.825652,0.000057
2024-03-29 02:00:00,2846.758113,0.382879,0.905497,0.000059
2024-03-29 03:00:00,2785.315520,0.412365,0.908864,0.000065
2024-03-29 04:00:00,2843.899844,0.447391,0.929788,0.000125
2024-03-29 05:00:00,2897.615252,0.471684,0.944273,0.024621
2024-03-29 06:00:00,3053.944470,0.495738,0.952990,0.122175
2024-03-29 07:00:00,3176.399664,0.481457,0.952845,0.218118
2024-03-29 08:00:00,3309.046201,0.539607,0.954723,0.276276
2024-03-29 09:00:00,3353.174194,0.612015,0.887881,0.273882
2024-03-29 10:00:00,3323.275807,0.627414,0.868169,0.332558
2024-03-29 11:00:00,3391.496035,0.603222,0.904922,0.318385
2024-03-29 12:00:00,3358.346555,0.550309,0.887188,0.311278
2024-03-29 13:00:00,3187.840897,0.460491,0.893170,0.281737
2024-03-29 14:00:00,2839.636638,0.374693,0.860791,0.235500
2024-03-29 15:00:00,2486.665085,0.282230,0.786628,0.157027
2024-03-29 16:00:00,2503.406187,0.212984,0.698688,0.086178
2024-03-29 17:00:00,2500.753436,0.156493,0.606780,0.013695
2024-03-29 18:00:00,2425.097222,0.135327,0.536978,0.000167
2024-03-29 19:00:00,2309.274086,0.138900,0.467153,0.000149
2024-03-29 20:00:00,2220.738567,0.150133,0.408853,0.000113
2024-03-29 21:00:00,2134.736812,0.182981,0.433585,0.000103
2024-03-29 22:00:00,2069.158728,0.228312,0.467672,0.000097
2024-03-29 23:00:00,2058.423344,0.253760,0.526733,0.000086
2024-03-30 00:00:00,2074.050710,0.242834,0.521525,0.000076
2024-03-30 01:00:00,2036.766454,0.228926,0.544814,0.000069
2024-03-30 02:00:00,2007.075210,0.260735,0.578158,0.000072
2024-03-30 03:00:00,2009.062682,0.266952,0.519231,0.000064
2024-03-30 04:00:00,2037.606705,0.251151,0.454704,0.000146
2024-03-30 05:00:00,2083.523896,0.247513,0.451010,0.011174
2024-03-30 06:00:00,2333.664873,0.236938,0.504948,0.058036
2024-03-30 07:00:00,2553.337004,0.235592,0.556833,0.129896
2024-03-30 08:00:00,2639.039456,0.221013,0.495438,0.154404
2024-03-30 09:00:00,2797.394753,0.219854,0.415654,0.184528
2024-03-30 10:00:00,2903.526885,0.214568,0.407143,0.268279
2024-03-30 11:00:00,2875.737716,0.223413,0.344812,0.342193
2024-03-30 12:00:00,2902.855815,0.249393,0.370607,0.308956
2024-03-30 13:00:00,2811.678577,0.304602,0.480084,0.216803
2024-03-30 14:00:00,2719.044110,0.399179,0.567536,0.140510
2024-03-30 15:00:00,2636.020763,0.451763,0.665449,0.078357
2024-03-30 16:00:00,2572.366445,0.453331,0.751335,0.035391
2024-03-30 17:00:00,2588.621636,0.467937,0.827355,0.005319
2024-03-30 18:00:00,2607.005755,0.455759,0.826862,0.000158
2024-03-30 19:00:00,2504.020331,0.455808,0.905885,0.000137
2024-03-30 20:00:00,2413.330832,0.437056,0.637911,0.000114
2024-03-30 21:00:00,2255.531384,0.353986,0.619489,0.000093
2024-03-30 22:00:00,2166.006350,0.318225,0.553541,0.000080
2024-03-30 23:00:00,2081.882134,0.262261,0.449022,0.000082
2024-03-31 00:00:00,2062.613673,0.260218,0.383842,0.000070
2024-03-31 01:00:00,1991.518004,0.269250,0.294717,0.000060
2024-03-31 02:00:00,2038.017612,0.192233,0.183163,0.000057
2024-03-31 03:00:00,1979.461050,0.170938,0.168946,0.000068
2024-03-31 04:00:00,2031.144594,0.123552,0.132946,0.000075
2024-03-31 05:00:00,2200.606692,0.093554,0.113930,0.012618
2024-03-31 06:00:00,2413.961865,0.091063,0.141817,0.058325
2024-03-31 07:00:00,2534.226192,0.090966,0.124497,0.111872
2024-03-31 08:00:00,2676.938861,0.105301,0.165022,0.175482
2024-03-31 09:00:00,2854.754763,0.097277,0.240215,0.219189
2024-03-31 10:00:00,2892.879205,0.072790,0.127664,0.253486
2024-03-31 11:00:00,2864.633789,0.038171,0.070299,0.266536
2024-03-31 12:00:00,2982.811993,0.023102,0.097095,0.237666
2024-03-31 13:00:00,2845.131499,0.014317,0.113456,0.212488
2024-03-31 14:00:00,2761.205216,0.011593,0.035750,0.243423
2024-03-31 15:00:00,2548.240141,0.008161,0.053600,0.184656
2024-03-31 16:00:00,2447.403619,0.006425,0.128233,0.094851
2024-03-31 17:00:00,2293.150472,0.008965,0.126250,0.018803
2024-03-31 18:00:00,2283.101344,0.019631,0.158149,0.000133
2024-03-31 19:00:00,2190.017053,0.028166,0.169440,0.000116
2024-03-31 20:00:00,2131.108544,0.033738,0.101675,0.000082
2024-03-31 21:00:00,2143.451645,0.037408,0.071953,0.000074
2024-03-31 22:00:00,2311.770802,0.037549,0.087960,0.000071
2024-03-31 23:00:00,2319.548371,0.031240,0.099311,0.000069
2024-04-01 00:00:00,2331.066445,0.033881,0.079761,0.000065
2024-04-01 01:00:00,2293.686858,0.051158,0.116470,0.000061
2024-04-01 02:00:00,2201.689431,0.063561,0.152867,0.000058
2024-04-01 03:00:00,2091.564247,0.074340,0.201654,0.000070
2024-04-01 04:00:00,2009.503235,0.074725,0.207981,0.000319
2024-04-01 05:00:00,2107.840271,0.090167,0.194656,0.015086
2024-04-01 06:00:00,2303.006288,0.117143,0.167311,0.064636
2024-04-01 07:00:00,2417.153948,0.119438,0.211688,0.112080
2024-04-01 08:00:00,2519.929952,0.133412,0.260513,0.181269
2024-04-01 09:00:00,2714.377609,0.140718,0.302241,0.217687
2024-04-01 10:00:00,2732.710202,0.145989,0.257903,0.240037
2024-04-01 11:00:00,2739.390568,0.132878,0.259845,0.221388
2024-04-01 12:00:00,2787.276218,0.113815,0.224746,0.188142
2024-04-01 13:00:00,2936.668912,0.113788,0.151699,0.173057
2024-04-01 14:00:00,2820.094569,0.148375,0.112220,0.114404
2024-04-01 15:00:00,2817.193143,0.180538,0.170163,0.052775
2024-04-01 16:00:00,2664.162439,0.177355,0.160480,0.017657
2024-04-01 17:00:00,2539.012680,0.190487,0.200367,0.002424
2024-04-01 18:00:00,2476.670879,0.221713,0.319236,0.000168
2024-04-01 19:00:00,2480.461061,0.253521,0.397989,0.000125
2024-04-01 20:00:00,2466.785969,0.250273,0.376349,0.000123
2024-04-01 21:00:00,2449.489353,0.239611,0.370776,0.000102
2024-04-01 22:00:00,2487.015185,0.217282,0.397743,0.000088
2024-04-01 23:00:00,2825.206904,0.243266,0.391474,0.000060
2024-04-02 00:00:00,2993.265694,0.258287,0.351965,0.000072
2024-04-02 01:00:00,3102.358725,0.295923,0.380355,0.000067
2024-04-02 02:00:00,3149.297219,0.369486,0.452595,0.000059
2024-04-02 03:00:00,2987.274903,0.414536,0.560162,0.000082
2024-04-02 04:00:00,2683.467900,0.459810,0.619878,0.000103
2024-04-02 05:00:00,2913.549177,0.498698,0.601535,0.003583
2024-04-02 06:00:00,3111.930514,0.490154,0.560576,0.019259
2024-04-02 07:00:00,3297.730017,0.485926,0.510352,0.042280
2024-04-02 08:00:00,3538.107716,0.464041,0.480077,0.075145
2024-04-02 09:00:00,3533.288290,0.410352,0.453048,0.101039
2024-04-02 10:00:00,3515.560163,0.365671,0.399259,0.130095
2024-04-02 11:00:00,3534.014594,0.334737,0.393693,0.152812
2024-04-02 12:00:00,3581.944745,0.309762,0.411307,0.172354
2024-04-02 13:00:00,3497.338706,0.280497,0.412536,0.177912
2024-04-02 14:00:00,3609.759022,0.254645,0.355486,0.130083
2024-04-02 15:00:00,3467.317619,0.229428,0.319070,0.073985
2024-04-02 16:00:00,3097.063801,0.196679,0.310555,0.040039
2024-04-02 17:00:00,2917.578308,0.167082,0.347915,0.008613
2024-04-02 18:00:00,2795.966867,0.139090,0.337772,0.000105
2024-04-02 19:00:00,2748.353745,0.120968,0.312501,0.000090
2024-04-02 20:00:00,2645.227653,0.123284,0.313950,0.000088
2024-04-02 21:00:00,2580.251741,0.119519,0.286472,0.000066
2024-04-02 22:00:00,2531.995154,0.108913,0.285260,0.000062
2024-04-02 23:00:00,2509.174863,0.073069,0.262167,0.000061
2024-04-03 00:00:00,2458.469465,0.062347,0.238215,0.000058
2024-04-03 01:00:00,2526.259607,0.049649,0.239784,0.000059
2024-04-03 02:00:00,2496.176416,0.042613,0.241219,0.000058
2024-04-03 03:00:00,2551.163403,0.053686,0.248820,0.000066
2024-04-03 04:00:00,2821.981637,0.072189,0.270980,0.000466
2024-04-03 05:00:00,3101.846544,0.078688,0.308180,0.030642
2024-04-03 06:00:00,3175.902331,0.066870,0.263493,0.130419
2024-04-03 07:00:00,3224.156623,0.097462,0.295739,0.255044
2024-04-03 08:00:00,3271.535026,0.129084,0.303620,0.313570
2024-04-03 09:00:00,3244.787757,0.152205,0.273263,0.329719
2024-04-03 10:00:00,3129.502093,0.179795,0.298873,0.378697
2024-04-03 11:00:00,3105.727629,0.222789,0.334221,0.437104
2024-04-03 12:00:00,3039.754565,0.248380,0.382661,0.500231
2024-04-03 13:00:00,3054.315719,0.261519,0.479777,0.489890
2024-04-03 14:00:00,3026.174755,0.300960,0.521577,0.416328
2024-04-03 15:00:00,3181.040664,0.337273,0.586958,0.218980
2024-04-03 16:00:00,3123.609215,0.363990,0.736777,0.089096
2024-04-03 17:00:00,2920.547090,0.397019,0.823490,0.016914
2024-04-03 18:00:00,2875.528284,0.423083,0.868912,0.000234
2024-04-03 19:00:00,2774.846732,0.467407,0.910443,0.000182
2024-04-03 20:00:00,2653.161398,0.505503,0.899653,0.000149
2024-04-03 21:00:00,2600.896825,0.529207,0.935475,0.000125
2024-04-03 22:00:00,2725.076319,0.575080,0.988782,0.000106
2024-04-03 23:00:00,2920.999114,0.612604,0.994436,0.000101
2024-04-04 00:00:00,2879.817402,0.629873,0.988167,0.000098
2024-04-04 01:00:00,2677.693114,0.645511,0.906218,0.000092
2024-04-04 02:00:00,2560.402849,0.639110,0.717811,0.000097
2024-04-04 03:00:00,2672.715576,0.616316,0.841610,0.000097
2024-04-04 04:00:00,2768.039718,0.581771,0.844444,0.000196
2024-04-04 05:00:00,3062.811235,0.537920,0.820661,0.009586
2024-04-04 06:00:00,3187.840470,0.491595,0.822408,0.041257
2024-04-04 07:00:00,3191.511207,0.438972,0.733799,0.078903
2024-04-04 08:00:00,3292.299378,0.413984,0.725831,0.132423
2024-04-04 09:00:00,3367.084320,0.386050,0.750795,0.186834
2024-04-04 10:00:00,3322.801567,0.371773,0.775644,0.199335
2024-04-04 11:00:00,3302.452468,0.318209,0.719487,0.154536
2024-04-04 12:00:00,3245.197637,0.258152,0.589525,0.096610
2024-04-04 13:00:00,3235.724193,0.189185,0.555349,0.086141
2024-04-04 14:00:00,3237.116454,0.156351,0.460398,0.104880
2024-04-04 15:00:00,3236.727038,0.152470,0.413633,0.087466
2024-04-04 16:00:00,3094.767726,0.193338,0.525444,0.048901
2024-04-04 17:00:00,2934.000968,0.235015,0.755932,0.013108
2024-04-04 18:00:00,2874.655790,0.313309,0.824687,0.000930
2024-04-04 19:00:00,2799.625694,0.346218,0.864711,0.000105
2024-04-04 20:00:00,2710.553472,0.400506,0.884182,0.000097
2024-04-04 21:00:00,2602.424808,0.461014,0.846944,0.000082
2024-04-04 22:00:00,2665.355601,0.473670,0.799114,0.000069
2024-04-04 23:00:00,2818.839789,0.511716,0.918654,0.000072
2024-04-05 00:00:00,2811.721426,0.535455,0.881510,0.000070
2024-04-05 01:00:00,2761.348268,0.518434,0.834796,0.000067
2024-04-05 02:00:00,2843.159014,0.468290,0.727172,0.000063
2024-04-05 03:00:00,2727.574152,0.350832,0.594543,0.000071
2024-04-05 04:00:00,2944.031073,0.228791,0.426793,0.000456
2024-04-05 05:00:00,3061.874710,0.126786,0.292080,0.022853
2024-04-05 06:00:00,3113.203780,0.058474,0.230558,0.073488
2024-04-05 07:00:00,3097.015637,0.044418,0.149535,0.131925
2024-04-05 08:00:00,3237.186619,0.051770,0.210861,0.171230
2024-04-05 09:00:00,3274.521059,0.085878,0.426889,0.200630
2024-04-05 10:00:00,3400.764610,0.153767,0.549793,0.188961
2024-04-05 11:00:00,3418.731855,0.214264,0.697219,0.166282
2024-04-05 12:00:00,3767.808496,0.311104,0.732253,0.131627
2024-04-05 13:00:00,3767.090896,0.391555,0.782567,0.058852
2024-04-05 14:00:00,3617.984118,0.506609,0.914345,0.034478
2024-04-05 15:00:00,3538.412713,0.634780,0.968810,0.046350
2024-04-05 16:00:00,3262.822942,0.712119,0.990352,0.031393
2024-04-05 17:00:00,2997.921143,0.729751,1.000000,0.006884
2024-04-05 18:00:00,2751.732283,0.762909,0.999298,0.000168
2024-04-05 19:00:00,2640.966928,0.766510,0.994029,0.000106
2024-04-05 20:00:00,2556.104907,0.708599,0.986777,0.000105
2024-04-05 21:00:00,2482.620466,0.655300,0.975401,0.000087
2024-04-05 22:00:00,2596.982437,0.522589,0.932698,0.000084
2024-04-05 23:00:00,2535.728219,0.362576,0.891209,0.000062
2024-04-06 00:00:00,2453.730711,0.283895,0.876900,0.000061
2024-04-06 01:00:00,2340.567268,0.218295,0.860493,0.000061
2024-04-06 02:00:00,2214.559653,0.152189,0.749443,0.000057
2024-04-06 03:00:00,2167.480282,0.118648,0.593367,0.000053
2024-04-06 04:00:00,2213.714665,0.076261,0.404220,0.001223
2024-04-06 05:00:00,2371.318720,0.053176,0.186462,0.039808
2024-04-06 06:00:00,2611.507618,0.057724,0.258686,0.167965
2024-04-06 07:00:00,2806.068020,0.091017,0.394008,0.306778
2024-04-06 08:00:00,2949.479661,0.119287,0.274487,0.399512
2024-04-06 09:00:00,3251.814897,0.089192,0.248474,0.541349
2024-04-06 10:00:00,3264.848403,0.093690,0.389725,0.521126
2024-04-06 11:00:00,3371.511312,0.126633,0.542452,0.387691
2024-04-06 12:00:00,3437.884589,0.196170,0.640646,0.335122
2024-04-06 13:00:00,3446.188152,0.261872,0.729528,0.416885
2024-04-06 14:00:00,3477.353389,0.329309,0.853845,0.294766
2024-04-06 15:00:00,3107.026131,0.460598,0.820226,0.283861
2024-04-06 16:00:00,2761.585506,0.541709,0.867367,0.166738
2024-04-06 17:00:00,2549.155777,0.591629,0.918675,0.041681
2024-04-06 18:00:00,2548.391689,0.632744,0.980191,0.000377
2024-04-06 19:00:00,2554.867156,0.661253,0.982642,0.000182
2024-04-06 20:00:00,2474.785023,0.627509,0.981957,0.000168
2024-04-06 21:00:00,2417.354268,0.598021,0.977003,0.000137
2024-04-06 22:00:00,2492.069590,0.606649,0.968535,0.000119
2024-04-06 23:00:00,2686.400327,0.589310,0.928952,0.000104
2024-04-07 00:00:00,2727.340965,0.562094,0.693514,0.000097
2024-04-07 01:00:00,2654.308752,0.520136,0.683689,0.000083
2024-04-07 02:00:00,2731.336608,0.524126,0.645887,0.000082
2024-04-07 03:00:00,2757.955444,0.651383,0.610103,0.000105
2024-04-07 04:00:00,2827.123385,0.759322,0.640863,0.000135
2024-04-07 05:00:00,3047.820711,0.760834,0.661756,0.003918
2024-04-07 06:00:00,3269.070511,0.766787,0.701908,0.053120
2024-04-07 07:00:00,3505.633493,0.684422,0.623354,0.268540
2024-04-07 08:00:00,3576.157436,0.712468,0.601479,0.589955
2024-04-07 09:00:00,3743.038594,0.586541,0.330201,0.549023
2024-04-07 10:00:00,3770.619493,0.573104,0.281692,0.531457
2024-04-07 11:00:00,3779.799059,0.542772,0.314478,0.436580
2024-04-07 12:00:00,3720.227979,0.509769,0.326230,0.415810
2024-04-07 13:00:00,3639.811690,0.491674,0.254614,0.412138
2024-04-07 14:00:00,3554.375067,0.741889,0.323783,0.594062
2024-04-07 15:00:00,3532.191870,0.816360,0.843001,0.407639
2024-04-07 16:00:00,3087.493744,0.749934,0.870050,0.232212
2024-04-07 17:00:00,2655.703133,0.598069,0.866439,0.049793
2024-04-07 18:00:00,2443.345365,0.472583,0.862185,0.001547
2024-04-07 19:00:00,2363.938848,0.377912,0.821831,0.000212
2024-04-07 20:00:00,2349.615009,0.362287,0.810155,0.000164
2024-04-07 21:00:00,2318.077656,0.405131,0.856853,0.000154
2024-04-07 22:00:00,2344.901782,0.444118,0.898243,0.000122
2024-04-07 23:00:00,2526.975937,0.479825,0.877793,0.000105
2024-04-08 00:00:00,2496.698935,0.462008,0.879136,0.000103
2024-04-08 01:00:00,2444.043871,0.422817,0.787625,0.000093
2024-04-08 02:00:00,2321.900261,0.396742,0.746051,0.000097
2024-04-08 03:00:00,2296.554375,0.366950,0.703305,0.000097
2024-04-08 04:00:00,2527.035294,0.325551,0.679880,0.002563
2024-04-08 05:00:00,2839.847492,0.256242,0.582952,0.067566
2024-04-08 06:00:00,2966.129198,0.194399,0.566017,0.259502
2024-04-08 07:00:00,2952.031742,0.189197,0.469575,0.510738
2024-04-08 08:00:00,3064.014907,0.216425,0.405501,0.715771
2024-04-08 09:00:00,3088.748920,0.244378,0.332867,0.766007
2024-04-08 10:00:00,3160.085023,0.225003,0.232909,0.742361
2024-04-08 11:00:00,3204.850000,0.137907,0.170704,0.717548
2024-04-08 12:00:00,2894.278677,0.091132,0.123786,0.674877
2024-04-08 13:00:00,2797.002616,0.069381,0.069192,0.599186
2024-04-08 14:00:00,2753.296752,0.045558,0.046697,0.422866
2024-04-08 15:00:00,2861.453560,0.034934,0.052605,0.214299
2024-04-08 16:00:00,2844.289935,0.025138,0.034553,0.079018
2024-04-08 17:00:00,2690.893305,0.016465,0.023870,0.021980
2024-04-08 18:00:00,2515.503267,0.017889,0.015580,0.001109
2024-04-08 19:00:00,2440.500442,0.017994,0.029173,0.000190
2024-04-08 20:00:00,2264.318917,0.019373,0.065904,0.000160
2024-04-08 21:00:00,2161.880311,0.033218,0.103756,0.000123
2024-04-08 22:00:00,2110.671508,0.049219,0.129243,0.000109
2024-04-08 23:00:00,2116.015463,0.056371,0.204384,0.000094
2024-04-09 00:00:00,2130.158219,0.084350,0.354451,0.000089
2024-04-09 01:00:00,2143.410680,0.132389,0.424022,0.000079
2024-04-09 02:00:00,2124.259109,0.190392,0.590014,0.000077
2024-04-09 03:00:00,2207.266002,0.229831,0.685446,0.000083
2024-04-09 04:00:00,2551.633061,0.276975,0.799173,0.002310
2024-04-09 05:00:00,2810.446232,0.333745,0.712807,0.033738
2024-04-09 06:00:00,2971.142214,0.340781,0.674907,0.101913
2024-04-09 07:00:00,3014.391218,0.301239,0.636355,0.143396
2024-04-09 08:00:00,3112.589896,0.297592,0.699632,0.107190
2024-04-09 09:00:00,3161.800261,0.282930,0.720356,0.110108
2024-04-09 10:00:00,3227.100927,0.316028,0.653526,0.184590
2024-04-09 11:00:00,3487.973565,0.361537,0.657819,0.173622
2024-04-09 12:00:00,3372.733117,0.356528,0.617150,0.123716
2024-04-09 13:00:00,3210.590920,0.360126,0.578042,0.083283
2024-04-09 14:00:00,3055.887127,0.301530,0.526283,0.067364
2024-04-09 15:00:00,3110.406724,0.228115,0.644449,0.058587
2024-04-09 16:00:00,2991.842041,0.227978,0.817324,0.068690
2024-04-09 17:00:00,2786.044125,0.319815,0.798348,0.030163
2024-04-09 18:00:00,2716.160155,0.406130,0.762310,0.001906
2024-04-09 19:00:00,2642.915856,0.522208,0.773597,0.000147
2024-04-09 20:00:00,2604.917437,0.650497,0.808383,0.000152
2024-04-09 21:00:00,2718.854538,0.746224,0.877447,0.000127
2024-04-09 22:00:00,2882.546714,0.810135,0.962098,0.000123
2024-04-09 23:00:00,3020.912734,0.855772,0.947489,0.000113
2024-04-10 00:00:00,3037.993883,0.883838,0.928192,0.000107
2024-04-10 01:00:00,2959.109975,0.910434,0.932905,0.000105
2024-04-10 02:00:00,2805.623708,0.900590,0.985971,0.000105
2024-04-10 03:00:00,2792.643474,0.879013,0.996205,0.000109
2024-04-10 04:00:00,3096.205142,0.867931,0.999556,0.000919
2024-04-10 05:00:00,3209.493990,0.886024,0.993684,0.031480
2024-04-10 06:00:00,3422.887309,0.901823,0.970604,0.102615
2024-04-10 07:00:00,3458.515264,0.900572,0.987496,0.205949
2024-04-10 08:00:00,3504.280982,0.898696,0.868007,0.310180
2024-04-10 09:00:00,3645.080755,0.891955,0.831917,0.481280
2024-04-10 10:00:00,3906.170542,0.895498,0.811555,0.617507
2024-04-10 11:00:00,3928.113216,0.877080,0.803258,0.648238
2024-04-10 12:00:00,4050.871215,0.872023,0.813802,0.648001
2024-04-10 13:00:00,3934.984695,0.857102,0.793737,0.638038
2024-04-10 14:00:00,3630.509940,0.839688,0.789278,0.546125
2024-04-10 15:00:00,3458.475770,0.772233,0.786560,0.402447
2024-04-10 16:00:00,2968.646231,0.662061,0.792211,0.183039
2024-04-10 17:00:00,2697.196465,0.499184,0.665454,0.058473
2024-04-10 18:00:00,2599.872105,0.340195,0.673900,0.002472
2024-04-10 19:00:00,2557.613297,0.335490,0.735474,0.000243
2024-04-10 20:00:00,2472.795363,0.390797,0.838382,0.000197
2024-04-10 21:00:00,2391.248360,0.460679,0.880871,0.000187
2024-04-10 22:00:00,2583.576195,0.526459,0.920712,0.000160
2024-04-10 23:00:00,2813.144313,0.604702,0.930627,0.000148
2024-04-11 00:00:00,2823.503832,0.719877,0.925462,0.000169
2024-04-11 01:00:00,2889.227041,0.816767,0.910357,0.000169
2024-04-11 02:00:00,2915.544305,0.889083,0.915226,0.000177
2024-04-11 03:00:00,2738.129526,0.927566,0.921322,0.000171
2024-04-11 04:00:00,2829.738428,0.921524,0.948535,0.000315
2024-04-11 05:00:00,3077.981654,0.898886,0.988287,0.009232
2024-04-11 06:00:00,3240.612377,0.876553,0.972814,0.033810
2024-04-11 07:00:00,3302.294171,0.847426,0.983469,0.088048
2024-04-11 08:00:00,3508.203993,0.830946,0.907519,0.167832
2024-04-11 09:00:00,3691.400524,0.795164,0.903445,0.249318
2024-04-11 10:00:00,3773.454359,0.765592,0.923014,0.340906
2024-04-11 11:00:00,4065.245537,0.681076,0.971683,0.391022
2024-04-11 12:00:00,3737.168511,0.694628,0.918066,0.459169
2024-04-11 13:00:00,3295.657509,0.604147,0.878783,0.462923
2024-04-11 14:00:00,3215.700013,0.558951,0.792060,0.386150
2024-04-11 15:00:00,3202.422619,0.568126,0.819469,0.266820
2024-04-11 16:00:00,2954.594965,0.493443,0.858679,0.115591
2024-04-11 17:00:00,2751.188529,0.375734,0.682577,0.041891
2024-04-11 18:00:00,2611.968375,0.311232,0.592443,0.002264
2024-04-11 19:00:00,2530.892743,0.298263,0.557668,0.000194
2024-04-11 20:00:00,2423.793401,0.277073,0.557973,0.000155
2024-04-11 21:00:00,2352.183229,0.275069,0.546548,0.000108
2024-04-11 22:00:00,2380.909050,0.264252,0.576473,0.000089
2024-04-11 23:00:00,2438.745000,0.282245,0.550612,0.000080
2024-04-12 00:00:00,2375.891289,0.281456,0.563343,0.000070
2024-04-12 01:00:00,2539.188357,0.296650,0.710693,0.000067
2024-04-12 02:00:00,2481.705430,0.331963,0.782332,0.000079
2024-04-12 03:00:00,2450.549547,0.363961,0.868355,0.000088
2024-04-12 04:00:00,2659.555584,0.399755,0.957563,0.000725
2024-04-12 05:00:00,2935.758044,0.476663,0.929963,0.018797
2024-04-12 06:00:00,3051.345516,0.595464,0.875422,0.051558
2024-04-12 07:00:00,3093.459008,0.697581,0.875769,0.065327
2024-04-12 08:00:00,3269.660536,0.741561,0.859724,0.078115
2024-04-12 09:00:00,3494.733741,0.786360,0.870947,0.078307
2024-04-12 10:00:00,3872.058429,0.731276,0.559971,0.088930
2024-04-12 11:00:00,3823.957584,0.663074,0.558965,0.143955
2024-04-12 12:00:00,3760.547970,0.754261,0.565360,0.200599
2024-04-12 13:00:00,3651.950129,0.705357,0.717810,0.207362
2024-04-12 14:00:00,3329.711333,0.627646,0.715188,0.169527
2024-04-12 15:00:00,2928.026542,0.527088,0.756454,0.116532
2024-04-12 16:00:00,2769.341087,0.433081,0.745702,0.070850
2024-04-12 17:00:00,2643.322978,0.407890,0.787282,0.019644
2024-04-12 18:00:00,2511.003681,0.379597,0.739690,0.000432
2024-04-12 19:00:00,2443.760812,0.357240,0.690520,0.000097
2024-04-12 20:00:00,2301.583606,0.290567,0.630177,0.000088
2024-04-12 21:00:00,2225.035090,0.265418,0.590722,0.000068
2024-04-12 22:00:00,2211.338568,0.274419,0.665067,0.000065
2024-04-12 23:00:00,2251.950174,0.296269,0.722407,0.000054
2024-04-13 00:00:00,2285.154599,0.337290,0.721610,0.000058
2024-04-13 01:00:00,2256.198737,0.334209,0.699838,0.000055
2024-04-13 02:00:00,2249.328395,0.373531,0.606999,0.000056
2024-04-13 03:00:00,2248.141165,0.414776,0.637924,0.000078
2024-04-13 04:00:00,2314.103888,0.430579,0.660768,0.004123
2024-04-13 05:00:00,2622.958915,0.395057,0.661850,0.065883
2024-04-13 06:00:00,2640.360307,0.379644,0.591612,0.188471
2024-04-13 07:00:00,2860.481859,0.371408,0.578817,0.299013
2024-04-13 08:00:00,3285.629232,0.324456,0.346511,0.453351
2024-04-13 09:00:00,3383.152107,0.207873,0.182959,0.314426
2024-04-13 10:00:00,3352.092408,0.195267,0.133142,0.310519
2024-04-13 11:00:00,3425.516106,0.180131,0.081600,0.294515
2024-04-13 12:00:00,3435.997849,0.179680,0.064531,0.300825
2024-04-13 13:00:00,3359.613199,0.182157,0.062995,0.241709
2024-04-13 14:00:00,3245.724184,0.235165,0.131722,0.145857
2024-04-13 15:00:00,2934.689379,0.351798,0.340007,0.146181
2024-04-13 16:00:00,2779.124363,0.419900,0.576870,0.073157
2024-04-13 17:00:00,2624.742043,0.464721,0.688977,0.018023
2024-04-13 18:00:00,2486.855224,0.512471,0.895672,0.000613
2024-04-13 19:00:00,2466.018170,0.610887,0.889383,0.000203
2024-04-13 20:00:00,2444.225607,0.689392,0.913077,0.000168
2024-04-13 21:00:00,2448.243065,0.738381,0.919688,0.000154
2024-04-13 22:00:00,2738.583955,0.800733,0.914186,0.000139
2024-04-13 23:00:00,2794.358811,0.799795,0.911632,0.000134
2024-04-14 00:00:00,2800.302961,0.836257,0.892368,0.000128
2024-04-14 01:00:00,2751.205211,0.857464,0.885681,0.000123
2024-04-14 02:00:00,2723.091918,0.819533,0.889487,0.000126
2024-04-14 03:00:00,2762.209870,0.784207,0.890213,0.000120
2024-04-14 04:00:00,2750.152309,0.838802,0.901360,0.007630
2024-04-14 05:00:00,2899.034635,0.851603,0.891525,0.081357
2024-04-14 06:00:00,3115.175212,0.904640,0.904896,0.232030
2024-04-14 07:00:00,3204.050227,0.874416,0.599418,0.420279
2024-04-14 08:00:00,3287.381147,0.727146,0.477893,0.458204
2024-04-14 09:00:00,3371.770967,0.593326,0.224652,0.315441
2024-04-14 10:00:00,3464.477931,0.527216,0.139781,0.298928
2024-04-14 11:00:00,3508.751138,0.522335,0.136627,0.264902
2024-04-14 12:00:00,3520.850252,0.510829,0.136648,0.247220
2024-04-14 13:00:00,3275.303810,0.538541,0.133321,0.316649
2024-04-14 14:00:00,3165.393202,0.672394,0.229479,0.282240
2024-04-14 15:00:00,3301.789415,0.836066,0.797163,0.308751
2024-04-14 16:00:00,2843.401855,0.783544,0.819549,0.187861
2024-04-14 17:00:00,2501.141566,0.697160,0.738511,0.059272
2024-04-14 18:00:00,2381.956244,0.576843,0.665869,0.004645
2024-04-14 19:00:00,2354.731864,0.445297,0.605529,0.000198
2024-04-14 20:00:00,2239.252244,0.356695,0.505071,0.000164
2024-04-14 21:00:00,2164.357641,0.292236,0.477157,0.000122
2024-04-14 22:00:00,2251.885570,0.234049,0.450407,0.000116
2024-04-14 23:00:00,2168.571178,0.195492,0.476830,0.000110
2024-04-15 00:00:00,2103.144781,0.173935,0.502156,0.000096
2024-04-15 01:00:00,2129.847477,0.143389,0.459560,0.000076
2024-04-15 02:00:00,2151.245793,0.134645,0.307368,0.000087
2024-04-15 03:00:00,2282.802277,0.098134,0.299494,0.000096
2024-04-15 04:00:00,2494.730167,0.089082,0.282211,0.007611
2024-04-15 05:00:00,2836.124559,0.101403,0.363539,0.066678
2024-04-15 06:00:00,2997.086369,0.112303,0.508123,0.199532
2024-04-15 07:00:00,3078.723775,0.149488,0.525213,0.360839
2024-04-15 08:00:00,3202.949373,0.192589,0.531722,0.463123
2024-04-15 09:00:00,3219.904447,0.243594,0.576013,0.482121
2024-04-15 10:00:00,3236.670610,0.296271,0.620265,0.490453
2024-04-15 11:00:00,3525.558686,0.358164,0.654293,0.459315
2024-04-15 12:00:00,3615.602583,0.398519,0.578516,0.382090
2024-04-15 13:00:00,3548.884138,0.413793,0.646279,0.296700
2024-04-15 14:00:00,3468.958020,0.413094,0.782857,0.231522
2024-04-15 15:00:00,3283.514126,0.410020,0.808555,0.160829
2024-04-15 16:00:00,2986.809888,0.432208,0.714127,0.078754
2024-04-15 17:00:00,2785.603024,0.421969,0.777059,0.021231
2024-04-15 18:00:00,2693.804328,0.424645,0.818576,0.001013
2024-04-15 19:00:00,2629.533061,0.419734,0.819100,0.000199
2024-04-15 20:00:00,2530.424259,0.416307,0.692857,0.000157
2024-04-15 21:00:00,2666.125444,0.397858,0.444720,0.000139
2024-04-15 22:00:00,2967.740228,0.384103,0.403319,0.000111
2024-04-15 23:00:00,2994.422834,0.393825,0.364294,0.000102
2024-04-16 00:00:00,2949.503345,0.392234,0.332544,0.000085
2024-04-16 01:00:00,2764.397096,0.375397,0.339976,0.000083
2024-04-16 02:00:00,2589.248593,0.349302,0.498431,0.000085
2024-04-16 03:00:00,2478.830263,0.295318,0.616020,0.000092
2024-04-16 04:00:00,2591.225678,0.273790,0.648904,0.009838
2024-04-16 05:00:00,2895.386812,0.240426,0.617783,0.079596
2024-04-16 06:00:00,3054.617356,0.213859,0.536002,0.244471
2024-04-16 07:00:00,3088.851394,0.204578,0.487472,0.448103
2024-04-16 08:00:00,3281.337127,0.249888,0.510075,0.636604
2024-04-16 09:00:00,3282.634714,0.324402,0.487267,0.772931
2024-04-16 10:00:00,3359.970445,0.357140,0.563201,0.814802
2024-04-16 11:00:00,3361.915968,0.371684,0.582021,0.684003
2024-04-16 12:00:00,3215.029794,0.381928,0.603442,0.637172
2024-04-16 13:00:00,3000.334313,0.382641,0.656671,0.663735
2024-04-16 14:00:00,2988.597624,0.322266,0.632585,0.556425
2024-04-16 15:00:00,3001.198274,0.253132,0.630077,0.478310
2024-04-16 16:00:00,2864.161904,0.203099,0.582230,0.251507
2024-04-16 17:00:00,2688.470720,0.155536,0.464935,0.075256
2024-04-16 18:00:00,2566.309204,0.102083,0.356974,0.005978
2024-04-16 19:00:00,2525.294090,0.093077,0.363365,0.000204
2024-04-16 20:00:00,2408.462919,0.105666,0.373427,0.000168
2024-04-16 21:00:00,2286.760669,0.117248,0.402253,0.000129
2024-04-16 22:00:00,2331.778726,0.138038,0.384173,0.000100
2024-04-16 23:00:00,2301.701506,0.124806,0.305188,0.000090
2024-04-17 00:00:00,2273.188285,0.111844,0.381709,0.000077
2024-04-17 01:00:00,2215.118532,0.118087,0.406318,0.000078
2024-04-17 02:00:00,2200.742469,0.106659,0.360653,0.000075
2024-04-17 03:00:00,2340.892635,0.093363,0.453369,0.000079
2024-04-17 04:00:00,2606.616268,0.075266,0.423580,0.010295
2024-04-17 05:00:00,2905.129784,0.059344,0.335710,0.082808
2024-04-17 06:00:00,3028.597846,0.045625,0.263449,0.230053
2024-04-17 07:00:00,3038.725917,0.035538,0.190913,0.383398
2024-04-17 08:00:00,3040.926944,0.027914,0.153854,0.509889
2024-04-17 09:00:00,3059.100107,0.029782,0.104758,0.555847
2024-04-17 10:00:00,3038.373227,0.034861,0.085669,0.648571
2024-04-17 11:00:00,3098.675074,0.044149,0.103392,0.675632
2024-04-17 12:00:00,2946.939152,0.044711,0.113041,0.619307
2024-04-17 13:00:00,2824.027702,0.040430,0.108168,0.573982
2024-04-17 14:00:00,2792.591849,0.043510,0.134610,0.565722
2024-04-17 15:00:00,2886.781665,0.042703,0.144693,0.451629
2024-04-17 16:00:00,2804.476056,0.036640,0.150981,0.255625
2024-04-17 17:00:00,2643.879262,0.030225,0.131249,0.083192
2024-04-17 18:00:00,2555.491702,0.029166,0.119705,0.007676
2024-04-17 19:00:00,2508.497884,0.025210,0.088369,0.000243
2024-04-17 20:00:00,2346.029754,0.030904,0.063101,0.000205
2024-04-17 21:00:00,2246.158418,0.031544,0.045031,0.000187
2024-04-17 22:00:00,2256.724061,0.029589,0.049862,0.000189
2024-04-17 23:00:00,2309.738739,0.034759,0.049667,0.000157
2024-04-18 00:00:00,2225.226204,0.044124,0.061002,0.000124
2024-04-18 01:00:00,2164.088340,0.047103,0.103051,0.000115
2024-04-18 02:00:00,2192.135919,0.052292,0.152095,0.000109
2024-04-18 03:00:00,2322.316523,0.065902,0.176978,0.000162
2024-04-18 04:00:00,2604.605976,0.074166,0.183962,0.013245
2024-04-18 05:00:00,2888.167898,0.058937,0.153524,0.089530
2024-04-18 06:00:00,2957.276138,0.051631,0.173557,0.209406
2024-04-18 07:00:00,3009.651548,0.057995,0.124744,0.370944
2024-04-18 08:00:00,3028.720360,0.063948,0.139975,0.451126
2024-04-18 09:00:00,3066.347569,0.066598,0.132397,0.502605
2024-04-18 10:00:00,3048.229541,0.070664,0.154189,0.595604
2024-04-18 11:00:00,3031.338417,0.066322,0.191996,0.576966
2024-04-18 12:00:00,3013.678382,0.080505,0.304292,0.568109
2024-04-18 13:00:00,3034.265466,0.097736,0.412425,0.531760
2024-04-18 14:00:00,3034.530998,0.122600,0.458855,0.431148
2024-04-18 15:00:00,2934.616455,0.134933,0.371950,0.280359
2024-04-18 16:00:00,2848.096019,0.141576,0.323705,0.135862
2024-04-18 17:00:00,2695.497442,0.140621,0.249252,0.048203
2024-04-18 18:00:00,2591.690185,0.103364,0.166029,0.004133
2024-04-18 19:00:00,2532.693071,0.079205,0.104335,0.000199
2024-04-18 20:00:00,2411.517423,0.052555,0.125143,0.000180
2024-04-18 21:00:00,2297.526526,0.049132,0.134749,0.000146
2024-04-18 22:00:00,2277.348401,0.057694,0.220888,0.000120
2024-04-18 23:00:00,2357.655283,0.077576,0.437797,0.000098
2024-04-19 00:00:00,2524.516943,0.118066,0.515387,0.000080
2024-04-19 01:00:00,2464.702141,0.161710,0.482561,0.000083
2024-04-19 02:00:00,2571.218939,0.220252,0.568992,0.000088
2024-04-19 03:00:00,2697.068901,0.270181,0.646991,0.000095
2024-04-19 04:00:00,2817.118599,0.307857,0.696884,0.005003
2024-04-19 05:00:00,3032.843267,0.368405,0.746550,0.055905
2024-04-19 06:00:00,3139.439118,0.446328,0.739402,0.130791
2024-04-19 07:00:00,3160.653923,0.524416,0.618541,0.174238
2024-04-19 08:00:00,3287.385488,0.577555,0.712862,0.263110
2024-04-19 09:00:00,3356.906978,0.621654,0.853267,0.360437
2024-04-19 10:00:00,3353.387838,0.638524,0.929763,0.344324
2024-04-19 11:00:00,3372.090617,0.638433,0.909293,0.379957
2024-04-19 12:00:00,3286.838064,0.618091,0.815824,0.436992
2024-04-19 13:00:00,3202.222458,0.557855,0.733928,0.450643
2024-04-19 14:00:00,3165.941906,0.500230,0.687099,0.455402
2024-04-19 15:00:00,3138.683019,0.467578,0.625864,0.351928
2024-04-19 16:00:00,2898.068310,0.419471,0.722732,0.216397
2024-04-19 17:00:00,2643.729230,0.345905,0.745583,0.078508
2024-04-19 18:00:00,2494.787742,0.253617,0.676216,0.008046
2024-04-19 19:00:00,2472.097386,0.228001,0.581094,0.000149
2024-04-19 20:00:00,2382.247622,0.212722,0.485790,0.000128
2024-04-19 21:00:00,2320.572202,0.181915,0.410087,0.000170
2024-04-19 22:00:00,2367.295053,0.145375,0.321181,0.000091
2024-04-19 23:00:00,2375.743127,0.101342,0.221148,0.000076
2024-04-20 00:00:00,2367.613408,0.082439,0.139186,0.000069
2024-04-20 01:00:00,2284.666585,0.072426,0.135353,0.000070
2024-04-20 02:00:00,2213.418649,0.058433,0.134487,0.000066
2024-04-20 03:00:00,2207.227318,0.040833,0.101575,0.000105
2024-04-20 04:00:00,2258.980930,0.030652,0.070733,0.019737
2024-04-20 05:00:00,2398.144002,0.016768,0.041922,0.103998
2024-04-20 06:00:00,2548.045333,0.011726,0.035015,0.273397
2024-04-20 07:00:00,2699.315507,0.019707,0.030768,0.465964
2024-04-20 08:00:00,2758.336716,0.049773,0.041495,0.596481
2024-04-20 09:00:00,2756.273909,0.117999,0.080292,0.602704
2024-04-20 10:00:00,2821.602619,0.170891,0.200657,0.636508
2024-04-20 11:00:00,2969.836443,0.213680,0.376608,0.581972
2024-04-20 12:00:00,3114.947862,0.263082,0.547315,0.557383
2024-04-20 13:00:00,3099.254602,0.262477,0.651692,0.509968
2024-04-20 14:00:00,2915.072271,0.231835,0.687762,0.343198
2024-04-20 15:00:00,2782.600222,0.193739,0.609654,0.237430
2024-04-20 16:00:00,2566.310146,0.133452,0.518421,0.168033
2024-04-20 17:00:00,2424.528277,0.101055,0.430674,0.060800
2024-04-20 18:00:00,2334.551296,0.099866,0.168408,0.009081
2024-04-20 19:00:00,2305.736976,0.096040,0.196614,0.000174
2024-04-20 20:00:00,2213.124625,0.086117,0.406867,0.000146
2024-04-20 21:00:00,2130.498510,0.111176,0.379478,0.000119
2024-04-20 22:00:00,2085.228292,0.134451,0.358443,0.000110
2024-04-20 23:00:00,2085.491948,0.139179,0.391340,0.000094
2024-04-21 00:00:00,2086.273568,0.127697,0.409120,0.000074
2024-04-21 01:00:00,2097.566013,0.130421,0.415714,0.000081
2024-04-21 02:00:00,2123.108317,0.126945,0.364198,0.000080
2024-04-21 03:00:00,2152.277617,0.131193,0.294779,0.000111
2024-04-21 04:00:00,2192.156926,0.126813,0.275216,0.017202
2024-04-21 05:00:00,2427.776936,0.115896,0.275903,0.127504
2024-04-21 06:00:00,2483.211652,0.082963,0.196052,0.349850
2024-04-21 07:00:00,2645.231785,0.118666,0.080599,0.560882
2024-04-21 08:00:00,3077.052266,0.172377,0.030561,0.701896
2024-04-21 09:00:00,3496.147877,0.204443,0.030112,0.741493
2024-04-21 10:00:00,3570.052596,0.213172,0.044249,0.696124
2024-04-21 11:00:00,3702.513108,0.221445,0.061822,0.770721
2024-04-21 12:00:00,3676.308261,0.229794,0.125866,0.745582
2024-04-21 13:00:00,3572.486531,0.249274,0.206291,0.790975
2024-04-21 14:00:00,3282.648694,0.250242,0.255828,0.776355
2024-04-21 15:00:00,2892.397868,0.233216,0.424334,0.566264
2024-04-21 16:00:00,2612.465846,0.214978,0.672684,0.312892
2024-04-21 17:00:00,2460.006605,0.189736,0.775415,0.114333
2024-04-21 18:00:00,2312.157436,0.144013,0.654507,0.018712
2024-04-21 19:00:00,2289.308203,0.119290,0.631263,0.000194
2024-04-21 20:00:00,2227.063507,0.121700,0.669671,0.000174
2024-04-21 21:00:00,2162.610320,0.119838,0.631511,0.000135
2024-04-21 22:00:00,2200.877560,0.120410,0.534939,0.000113
2024-04-21 23:00:00,2199.043101,0.126769,0.271410,0.000090
2024-04-22 00:00:00,2149.645728,0.147042,0.200326,0.000077
2024-04-22 01:00:00,2113.467968,0.156719,0.186800,0.000070
2024-04-22 02:00:00,2135.420574,0.163045,0.207423,0.000073
2024-04-22 03:00:00,2264.781956,0.154247,0.267813,0.000193
2024-04-22 04:00:00,2586.862741,0.162586,0.290647,0.024872
2024-04-22 05:00:00,2911.828897,0.144659,0.337308,0.134461
2024-04-22 06:00:00,3052.726126,0.153346,0.324708,0.351204
2024-04-22 07:00:00,3079.384382,0.179662,0.240167,0.552310
2024-04-22 08:00:00,3140.321642,0.178499,0.150210,0.710218
2024-04-22 09:00:00,3128.529155,0.195313,0.112512,0.821674
2024-04-22 10:00:00,3147.302913,0.201629,0.081705,0.860261
2024-04-22 11:00:00,3128.086980,0.166201,0.084260,0.842223
2024-04-22 12:00:00,3057.649756,0.125528,0.078049,0.782398
2024-04-22 13:00:00,2967.021126,0.115977,0.099145,0.738493
2024-04-22 14:00:00,3024.739312,0.119919,0.125321,0.629622
2024-04-22 15:00:00,2997.820350,0.106474,0.106116,0.477474
2024-04-22 16:00:00,2887.235456,0.085067,0.092052,0.295076
2024-04-22 17:00:00,2704.536438,0.062008,0.095591,0.105484
2024-04-22 18:00:00,2608.628546,0.035277,0.067005,0.013690
2024-04-22 19:00:00,2553.012253,0.021924,0.035827,0.000247
2024-04-22 20:00:00,2418.222598,0.022363,0.036043,0.000237
2024-04-22 21:00:00,2365.994621,0.028865,0.070337,0.000207
2024-04-22 22:00:00,2312.517867,0.046874,0.095460,0.000165
2024-04-22 23:00:00,2306.618314,0.078347,0.128393,0.000163
2024-04-23 00:00:00,2291.925014,0.102178,0.149264,0.000133
2024-04-23 01:00:00,2249.130740,0.134709,0.212138,0.000139
2024-04-23 02:00:00,2252.427131,0.171486,0.251919,0.000111
2024-04-23 03:00:00,2383.953724,0.204374,0.264873,0.000249
2024-04-23 04:00:00,2624.680484,0.237314,0.348731,0.021854
2024-04-23 05:00:00,2942.264446,0.241288,0.411773,0.110079
2024-04-23 06:00:00,3090.984421,0.273040,0.448329,0.227032
2024-04-23 07:00:00,3093.279698,0.348228,0.563431,0.282396
2024-04-23 08:00:00,3188.008857,0.362489,0.646217,0.261021
2024-04-23 09:00:00,3252.540492,0.333981,0.689322,0.268084
2024-04-23 10:00:00,3218.746251,0.327390,0.780967,0.292518
2024-04-23 11:00:00,3304.130679,0.298742,0.658710,0.355851
2024-04-23 12:00:00,3238.140771,0.265658,0.687979,0.371450
2024-04-23 13:00:00,3108.440936,0.289415,0.818724,0.308230
2024-04-23 14:00:00,3211.623587,0.269407,0.756626,0.336137
2024-04-23 15:00:00,3253.036013,0.199614,0.605252,0.238920
2024-04-23 16:00:00,3072.607055,0.169373,0.603656,0.169721
2024-04-23 17:00:00,2849.807909,0.145936,0.633389,0.070666
2024-04-23 18:00:00,2756.137283,0.119511,0.643003,0.009072
2024-04-23 19:00:00,2654.087026,0.121387,0.687371,0.000143
2024-04-23 20:00:00,2520.979578,0.145923,0.752127,0.000120
2024-04-23 21:00:00,2425.967468,0.166242,0.677786,0.000094
2024-04-23 22:00:00,2386.083448,0.188284,0.654070,0.000073
2024-04-23 23:00:00,2422.444625,0.200268,0.668163,0.000067
2024-04-24 00:00:00,2426.707462,0.211580,0.646660,0.000058
2024-04-24 01:00:00,2411.150354,0.211747,0.634615,0.000058
2024-04-24 02:00:00,2321.370852,0.188564,0.651867,0.000058
2024-04-24 03:00:00,2349.936696,0.159414,0.556355,0.000139
2024-04-24 04:00:00,2619.184134,0.144880,0.446278,0.011026
2024-04-24 05:00:00,2948.652387,0.139538,0.443164,0.069893
2024-04-24 06:00:00,3112.924233,0.125265,0.474835,0.158766
2024-04-24 07:00:00,3145.215297,0.130376,0.401673,0.249691
2024-04-24 08:00:00,3249.075285,0.126667,0.284271,0.366475
2024-04-24 09:00:00,3239.141272,0.133160,0.243146,0.406074
2024-04-24 10:00:00,3187.356202,0.115154,0.202808,0.474852
2024-04-24 11:00:00,3206.329775,0.094813,0.156905,0.485869
2024-04-24 12:00:00,3126.698266,0.080888,0.147102,0.463619
2024-04-24 13:00:00,2917.972620,0.071402,0.145291,0.463973
2024-04-24 14:00:00,2953.338375,0.064516,0.195639,0.439661
2024-04-24 15:00:00,3069.160143,0.058663,0.164984,0.364399
2024-04-24 16:00:00,2951.489331,0.054400,0.192344,0.243619
2024-04-24 17:00:00,2724.710903,0.051970,0.187046,0.084699
2024-04-24 18:00:00,2590.200987,0.036484,0.151072,0.013677
2024-04-24 19:00:00,2544.857146,0.025467,0.125216,0.000228
2024-04-24 20:00:00,2419.458409,0.017309,0.075856,0.000206
2024-04-24 21:00:00,2311.096924,0.016132,0.087491,0.000170
2024-04-24 22:00:00,2305.618380,0.017682,0.073295,0.000141
2024-04-24 23:00:00,2312.825396,0.019951,0.074303,0.000118
2024-04-25 00:00:00,2345.461863,0.019147,0.072875,0.000114
2024-04-25 01:00:00,2294.660151,0.017779,0.032379,0.000114
2024-04-25 02:00:00,2305.108804,0.021207,0.026594,0.000110
2024-04-25 03:00:00,2314.244474,0.026000,0.031132,0.000379
2024-04-25 04:00:00,2595.132691,0.035206,0.036249,0.026438
2024-04-25 05:00:00,2921.531661,0.035555,0.048517,0.112949
2024-04-25 06:00:00,3103.367063,0.028850,0.055406,0.270346
2024-04-25 07:00:00,3146.326463,0.052774,0.068120,0.433881
2024-04-25 08:00:00,3153.074273,0.082673,0.046866,0.510767
2024-04-25 09:00:00,3242.874281,0.113322,0.052577,0.585582
2024-04-25 10:00:00,2989.096510,0.142010,0.050039,0.474288
2024-04-25 11:00:00,3046.374440,0.168502,0.061740,0.506919
2024-04-25 12:00:00,3222.389587,0.195205,0.045261,0.567040
2024-04-25 13:00:00,2874.133563,0.193839,0.046936,0.397235
2024-04-25 14:00:00,2802.486499,0.175568,0.024259,0.312195
2024-04-25 15:00:00,2923.276378,0.140377,0.019201,0.273224
2024-04-25 16:00:00,2923.274359,0.104868,0.013535,0.213455
2024-04-25 17:00:00,2727.948758,0.086762,0.013738,0.079025
2024-04-25 18:00:00,2582.073678,0.070169,0.041386,0.014853
2024-04-25 19:00:00,2531.351328,0.084384,0.073479,0.000228
2024-04-25 20:00:00,2420.430844,0.107470,0.120207,0.000183
2024-04-25 21:00:00,2335.313765,0.127182,0.213041,0.000140
2024-04-25 22:00:00,2331.713461,0.109843,0.236367,0.000116
2024-04-25 23:00:00,2403.187496,0.138244,0.274506,0.000085
2024-04-26 00:00:00,2373.423098,0.157722,0.287136,0.000076
2024-04-26 01:00:00,2326.041898,0.159321,0.316462,0.000074
2024-04-26 02:00:00,2291.341862,0.175722,0.349736,0.000066
2024-04-26 03:00:00,2374.331486,0.201940,0.366823,0.000368
2024-04-26 04:00:00,2602.411617,0.227364,0.452314,0.023245
2024-04-26 05:00:00,2910.561639,0.220671,0.484882,0.097494
2024-04-26 06:00:00,3076.814062,0.251237,0.439275,0.194736
2024-04-26 07:00:00,3154.049323,0.325697,0.434094,0.240599
2024-04-26 08:00:00,3328.238129,0.381156,0.498442,0.267673
2024-04-26 09:00:00,3376.961418,0.420999,0.616263,0.360203
2024-04-26 10:00:00,3266.678202,0.438382,0.592244,0.396446
2024-04-26 11:00:00,3300.607327,0.415844,0.501464,0.429481
2024-04-26 12:00:00,3263.079970,0.372920,0.441438,0.481403
2024-04-26 13:00:00,3038.340188,0.326184,0.398959,0.456999
2024-04-26 14:00:00,3028.496249,0.273372,0.365495,0.410278
2024-04-26 15:00:00,3102.045748,0.234654,0.303285,0.378320
2024-04-26 16:00:00,2881.729137,0.210326,0.289241,0.233618
2024-04-26 17:00:00,2598.789395,0.150506,0.250088,0.083749
2024-04-26 18:00:00,2444.469898,0.109130,0.226427,0.012700
2024-04-26 19:00:00,2387.257008,0.092636,0.179743,0.000166
2024-04-26 20:00:00,2309.965435,0.081422,0.133797,0.000173
2024-04-26 21:00:00,2221.018936,0.071098,0.103334,0.000144
2024-04-26 22:00:00,2189.922984,0.062319,0.092022,0.000117
2024-04-26 23:00:00,2191.575406,0.050778,0.066230,0.000124
2024-04-27 00:00:00,2173.560345,0.035365,0.055691,0.000098
2024-04-27 01:00:00,2099.225229,0.035399,0.060077,0.000070
2024-04-27 02:00:00,2098.926519,0.035124,0.056684,0.000060
2024-04-27 03:00:00,2062.597542,0.035421,0.051385,0.000508
2024-04-27 04:00:00,2137.204975,0.039489,0.077920,0.024457
2024-04-27 05:00:00,2308.547070,0.036332,0.088099,0.107409
2024-04-27 06:00:00,2604.193812,0.034921,0.076569,0.210280
2024-04-27 07:00:00,2846.641803,0.039871,0.059901,0.357838
2024-04-27 08:00:00,3184.715258,0.032699,0.055059,0.588652
2024-04-27 09:00:00,3249.188830,0.025985,0.045930,0.626961
2024-04-27 10:00:00,2980.484891,0.032356,0.042571,0.690228
2024-04-27 11:00:00,3218.806905,0.035921,0.043422,0.811505
2024-04-27 12:00:00,3329.412511,0.046156,0.028389,0.804724
2024-04-27 13:00:00,3213.716048,0.065673,0.052420,0.690304
2024-04-27 14:00:00,2837.018294,0.094348,0.097227,0.484601
2024-04-27 15:00:00,2565.026231,0.142584,0.166334,0.321823
2024-04-27 16:00:00,2466.534774,0.191559,0.347160,0.166297
2024-04-27 17:00:00,2329.499882,0.228060,0.541387,0.055959
2024-04-27 18:00:00,2283.165492,0.275239,0.699708,0.005979
2024-04-27 19:00:00,2359.666019,0.296761,0.852057,0.000208
2024-04-27 20:00:00,2300.449021,0.322561,0.869316,0.000174
2024-04-27 21:00:00,2140.395961,0.358383,0.889231,0.000145
2024-04-27 22:00:00,2073.515018,0.363608,0.824193,0.000120
2024-04-27 23:00:00,2131.516376,0.335495,0.771085,0.000094
2024-04-28 00:00:00,2172.172378,0.296670,0.630480,0.000094
2024-04-28 01:00:00,2241.211914,0.249391,0.524413,0.000079
2024-04-28 02:00:00,2374.778031,0.210816,0.547378,0.000071
2024-04-28 03:00:00,2475.317420,0.204853,0.631011,0.000304
2024-04-28 04:00:00,2586.363188,0.221155,0.725146,0.016857
2024-04-28 05:00:00,3011.660987,0.207714,0.799673,0.089952
2024-04-28 06:00:00,3067.858934,0.195547,0.656293,0.209162
2024-04-28 07:00:00,3405.655935,0.210086,0.754965,0.395082
2024-04-28 08:00:00,3484.012572,0.215575,0.584609,0.552526
2024-04-28 09:00:00,3709.073896,0.279189,0.557827,0.798403
2024-04-28 10:00:00,3859.872586,0.326105,0.498430,0.710144
2024-04-28 11:00:00,3751.823879,0.338004,0.220302,0.575903
2024-04-28 12:00:00,3494.604258,0.410036,0.230089,0.307747
2024-04-28 13:00:00,3325.631554,0.401882,0.394705,0.215932
2024-04-28 14:00:00,3368.267529,0.337714,0.520372,0.255762
2024-04-28 15:00:00,3250.106637,0.307535,0.663520,0.266874
2024-04-28 16:00:00,2672.391938,0.235013,0.731769,0.125497
2024-04-28 17:00:00,2408.122317,0.235748,0.651461,0.056633
2024-04-28 18:00:00,2275.610986,0.211160,0.837405,0.018970
2024-04-28 19:00:00,2276.050753,0.300137,0.938152,0.000213
2024-04-28 20:00:00,2260.323540,0.449696,0.937705,0.000178
2024-04-28 21:00:00,2227.821957,0.582237,0.877261,0.000153
2024-04-28 22:00:00,2261.757271,0.601915,0.887295,0.000139
2024-04-28 23:00:00,2228.723209,0.595360,0.904047,0.000118
2024-04-29 00:00:00,2146.065747,0.557304,0.769307,0.000099
2024-04-29 01:00:00,2039.207992,0.455930,0.678182,0.000085
2024-04-29 02:00:00,2023.647647,0.346776,0.659957,0.000084
2024-04-29 03:00:00,2118.489103,0.258781,0.550428,0.000808
2024-04-29 04:00:00,2416.810338,0.221683,0.577323,0.032471
2024-04-29 05:00:00,2753.595963,0.220387,0.610570,0.147233
2024-04-29 06:00:00,2996.789152,0.304447,0.664583,0.390495
2024-04-29 07:00:00,3192.207594,0.401825,0.779521,0.611515
2024-04-29 08:00:00,3591.665340,0.437613,0.819788,0.760286
2024-04-29 09:00:00,3468.602713,0.450123,0.784687,0.855382
2024-04-29 10:00:00,3443.345650,0.421025,0.624224,0.879157
2024-04-29 11:00:00,3838.420477,0.367768,0.487422,0.904579
2024-04-29 12:00:00,3713.456021,0.331827,0.424703,0.817553
2024-04-29 13:00:00,3023.002401,0.284648,0.365198,0.768997
2024-04-29 14:00:00,2873.469850,0.216158,0.298280,0.690780
2024-04-29 15:00:00,2857.106211,0.182732,0.246190,0.528883
2024-04-29 16:00:00,2808.237926,0.163265,0.170630,0.329619
2024-04-29 17:00:00,2555.037968,0.111045,0.163815,0.129982
2024-04-29 18:00:00,2421.198493,0.075648,0.113437,0.028182
2024-04-29 19:00:00,2381.744233,0.082938,0.144310,0.000388
2024-04-29 20:00:00,2329.353661,0.124548,0.312859,0.000182
2024-04-29 21:00:00,2268.498501,0.183032,0.492405,0.000166
2024-04-29 22:00:00,2143.134765,0.241656,0.548900,0.000157
2024-04-29 23:00:00,2216.246147,0.277492,0.634522,0.000139
2024-04-30 00:00:00,2287.814731,0.289088,0.665982,0.000121
2024-04-30 01:00:00,2276.997835,0.289293,0.670544,0.000111
2024-04-30 02:00:00,2280.014886,0.307410,0.720877,0.000100
2024-04-30 03:00:00,2178.453933,0.329327,0.816462,0.000853
2024-04-30 04:00:00,2523.062635,0.334761,0.860640,0.029107
2024-04-30 05:00:00,2821.911455,0.318642,0.914336,0.110601
2024-04-30 06:00:00,2958.291707,0.314387,0.917111,0.204790
2024-04-30 07:00:00,3059.227723,0.322123,0.853066,0.342759
2024-04-30 08:00:00,3182.351562,0.342919,0.739882,0.467955
2024-04-30 09:00:00,3174.126043,0.389989,0.648282,0.607881
2024-04-30 10:00:00,3492.409862,0.426624,0.649161,0.625230
2024-04-30 11:00:00,3368.562780,0.459269,0.639994,0.609597
2024-04-30 12:00:00,3344.083976,0.475511,0.638132,0.674477
2024-04-30 13:00:00,3266.469395,0.524058,0.579899,0.779087
2024-04-30 14:00:00,3111.067874,0.569384,0.540984,0.662617
2024-04-30 15:00:00,2959.731017,0.554505,0.623992,0.421083
2024-04-30 16:00:00,2822.259693,0.526624,0.664715,0.271667
2024-04-30 17:00:00,2619.066874,0.463868,0.601959,0.098573
2024-04-30 18:00:00,2477.790569,0.402637,0.676270,0.019189
2024-04-30 19:00:00,2452.662171,0.386494,0.756788,0.000281
2024-04-30 20:00:00,2377.473852,0.425491,0.775894,0.000259
2024-04-30 21:00:00,2372.646914,0.470971,0.742287,0.000217
2024-04-30 22:00:00,2233.401510,0.484630,0.716155,0.000189
2024-04-30 23:00:00,2209.988593,0.451952,0.694517,0.000170
2024-05-01 00:00:00,2095.463975,0.384638,0.616730,0.000157
2024-05-01 01:00:00,2184.736991,0.348557,0.608400,0.000113
2024-05-01 02:00:00,2115.842799,0.345290,0.586091,0.000120
2024-05-01 03:00:00,2211.739328,0.356160,0.584376,0.001746
2024-05-01 04:00:00,2474.940855,0.354995,0.525956,0.041022
2024-05-01 05:00:00,2613.507945,0.349664,0.513138,0.169690
2024-05-01 06:00:00,3001.235459,0.356043,0.513821,0.385340
2024-05-01 07:00:00,3296.312725,0.389952,0.470713,0.628965
2024-05-01 08:00:00,3507.154518,0.382690,0.393259,0.746650
2024-05-01 09:00:00,3721.949326,0.329092,0.287535,0.794295
2024-05-01 10:00:00,3758.493709,0.320838,0.304872,0.829810
2024-05-01 11:00:00,3575.123781,0.300624,0.124428,0.818786
2024-05-01 12:00:00,3605.114106,0.316036,0.106732,0.838634
2024-05-01 13:00:00,3590.484229,0.321895,0.108930,0.816642
2024-05-01 14:00:00,3437.862489,0.352147,0.261414,0.713589
2024-05-01 15:00:00,3252.344700,0.398919,0.478573,0.608546
2024-05-01 16:00:00,2803.887760,0.450098,0.680180,0.357132
2024-05-01 17:00:00,2555.340211,0.379978,0.723410,0.127617
2024-05-01 18:00:00,2430.310340,0.382166,0.787168,0.022939
2024-05-01 19:00:00,2543.463957,0.488200,0.830164,0.000264
2024-05-01 20:00:00,2468.194320,0.560737,0.843070,0.000210
2024-05-01 21:00:00,2426.116196,0.594147,0.853016,0.000175
2024-05-01 22:00:00,2519.998721,0.620862,0.857650,0.000146
2024-05-01 23:00:00,2406.993834,0.623085,0.860731,0.000143
2024-05-02 00:00:00,2509.996110,0.647751,0.863448,0.000138
2024-05-02 01:00:00,2383.215438,0.640398,0.864296,0.000134
2024-05-02 02:00:00,2333.716425,0.598856,0.864219,0.000210
2024-05-02 03:00:00,2379.044425,0.566916,0.863089,0.001798
2024-05-02 04:00:00,2557.408229,0.550342,0.862804,0.044182
2024-05-02 05:00:00,2768.808419,0.530982,0.862531,0.145829
2024-05-02 06:00:00,3012.539919,0.507063,0.838475,0.335068
2024-05-02 07:00:00,3219.326588,0.510695,0.807293,0.592767
2024-05-02 08:00:00,3468.416569,0.530991,0.864241,0.842136
2024-05-02 09:00:00,3637.743235,0.507757,0.598429,0.951279
2024-05-02 10:00:00,3745.538866,0.519212,0.389737,0.843853
2024-05-02 11:00:00,3737.734391,0.466284,0.119870,0.826140
2024-05-02 12:00:00,3573.218507,0.612169,0.482372,0.937567
2024-05-02 13:00:00,3575.665834,0.605103,0.626633,0.843110
2024-05-02 14:00:00,3215.663512,0.681574,0.901291,0.827939
2024-05-02 15:00:00,3147.222997,0.677670,0.869652,0.625544
2024-05-02 16:00:00,2956.358761,0.662086,0.853033,0.371954
2024-05-02 17:00:00,2705.347292,0.565350,0.856646,0.139646
2024-05-02 18:00:00,2502.692341,0.507255,0.909678,0.038767
2024-05-02 19:00:00,2470.738391,0.535326,0.911450,0.000312
2024-05-02 20:00:00,2416.746503,0.578101,0.912059,0.000235
2024-05-02 21:00:00,2314.354606,0.620001,0.909015,0.000213
2024-05-02 22:00:00,2402.948849,0.637704,0.945407,0.000161
2024-05-02 23:00:00,2325.087439,0.617885,0.985360,0.000138
2024-05-03 00:00:00,2241.018107,0.591608,0.972458,0.000155
2024-05-03 01:00:00,2148.796210,0.567120,0.934315,0.000115
2024-05-03 02:00:00,2141.206588,0.534503,0.971221,0.000115
2024-05-03 03:00:00,2212.789394,0.511435,0.963726,0.018945
2024-05-03 04:00:00,2443.991643,0.476837,0.958711,0.057740
2024-05-03 05:00:00,2715.750130,0.453103,0.917695,0.178910
2024-05-03 06:00:00,2946.205951,0.451134,0.871275,0.425411
2024-05-03 07:00:00,3074.393170,0.460340,0.752665,0.666516
2024-05-03 08:00:00,3169.159006,0.437832,0.700248,0.853393
2024-05-03 09:00:00,3177.235071,0.427693,0.642983,0.935950
2024-05-03 10:00:00,3060.658498,0.424870,0.619316,0.973959
2024-05-03 11:00:00,3040.205601,0.420256,0.573751,0.965358
2024-05-03 12:00:00,2931.385104,0.409448,0.630063,0.985253
2024-05-03 13:00:00,2899.413837,0.386303,0.653567,0.931946
2024-05-03 14:00:00,2866.848436,0.337123,0.648168,0.792860
2024-05-03 15:00:00,2761.677546,0.267656,0.444084,0.555579
2024-05-03 16:00:00,2595.649579,0.207810,0.330960,0.290506
2024-05-03 17:00:00,2361.924225,0.155955,0.292528,0.121114
2024-05-03 18:00:00,2200.106200,0.126232,0.333570,0.035807
2024-05-03 19:00:00,2117.722144,0.109365,0.232292,0.000286
2024-05-03 20:00:00,2096.266812,0.099151,0.165405,0.000187
2024-05-03 21:00:00,2017.898404,0.094664,0.177244,0.000157
2024-05-03 22:00:00,1880.786486,0.092691,0.174374,0.000125
2024-05-03 23:00:00,1883.884607,0.076910,0.214749,0.000114
2024-05-04 00:00:00,1793.773834,0.047163,0.158599,0.000098
2024-05-04 01:00:00,1714.832494,0.031535,0.095186,0.000095
2024-05-04 02:00:00,1750.809269,0.030693,0.082272,0.000083
2024-05-04 03:00:00,1889.918671,0.019785,0.092084,0.017264
2024-05-04 04:00:00,1871.750572,0.014407,0.081316,0.032330
2024-05-04 05:00:00,1977.547051,0.017426,0.066675,0.066797
2024-05-04 06:00:00,2240.055057,0.021958,0.047966,0.151192
2024-05-04 07:00:00,2314.033126,0.027041,0.036488,0.210011
2024-05-04 08:00:00,2460.510791,0.032500,0.040410,0.263742
2024-05-04 09:00:00,2662.971877,0.038945,0.045461,0.411868
2024-05-04 10:00:00,2918.325063,0.056106,0.046816,0.562405
2024-05-04 11:00:00,3151.491799,0.063380,0.062294,0.612571
2024-05-04 12:00:00,3148.301415,0.057166,0.120015,0.503443
2024-05-04 13:00:00,2864.606210,0.046187,0.106028,0.596982
2024-05-04 14:00:00,2563.528131,0.028817,0.064919,0.579180
2024-05-04 15:00:00,2480.296080,0.018599,0.040147,0.430600
2024-05-04 16:00:00,2390.662160,0.011267,0.019647,0.300120
2024-05-04 17:00:00,2208.282470,0.005852,0.006936,0.135366
2024-05-04 18:00:00,2088.612662,0.003950,0.002155,0.045592
2024-05-04 19:00:00,2018.628481,0.003574,0.000842,0.000283
2024-05-04 20:00:00,2031.461349,0.003172,0.000765,0.000131
2024-05-04 21:00:00,2023.851812,0.002754,0.000287,0.000111
2024-05-04 22:00:00,1788.605491,0.002317,0.000634,0.000095
2024-05-04 23:00:00,1747.661529,0.001628,0.000335,0.000081
2024-05-05 00:00:00,1726.710748,0.002685,0.000598,0.000073
2024-05-05 01:00:00,1700.114874,0.004677,0.004436,0.000065
2024-05-05 02:00:00,1863.543390,0.012916,0.027626,0.000066
2024-05-05 03:00:00,1913.642742,0.023198,0.066087,0.019072
2024-05-05 04:00:00,1984.885091,0.033087,0.093497,0.051911
2024-05-05 05:00:00,2137.906930,0.040092,0.123271,0.135072
2024-05-05 06:00:00,2502.539078,0.046498,0.148861,0.199105
2024-05-05 07:00:00,2775.005877,0.059382,0.131918,0.299622
2024-05-05 08:00:00,3186.568954,0.075599,0.053587,0.323999
2024-05-05 09:00:00,3287.097964,0.096812,0.059088,0.322472
2024-05-05 10:00:00,3215.379747,0.109334,0.061896,0.346337
2024-05-05 11:00:00,3233.003304,0.115857,0.059234,0.311319
2024-05-05 12:00:00,3191.076634,0.131838,0.078854,0.271481
2024-05-05 13:00:00,3177.903638,0.118906,0.189604,0.249988
2024-05-05 14:00:00,3034.567289,0.133476,0.351374,0.218614
2024-05-05 15:00:00,2779.543744,0.132882,0.486114,0.164871
2024-05-05 16:00:00,2491.246913,0.155435,0.465666,0.089270
2024-05-05 17:00:00,2385.190573,0.158722,0.417260,0.058453
2024-05-05 18:00:00,2368.800095,0.177340,0.404486,0.022216
2024-05-05 19:00:00,2163.136270,0.176913,0.261623,0.000106
2024-05-05 20:00:00,2062.483002,0.170252,0.180963,0.000108
2024-05-05 21:00:00,1966.785622,0.164861,0.176703,0.000088
2024-05-05 22:00:00,1980.273018,0.142401,0.174379,0.000079
2024-05-05 23:00:00,2047.239943,0.128292,0.182547,0.000060
2024-05-06 00:00:00,2090.119260,0.115933,0.167036,0.000052
2024-05-06 01:00:00,1891.938425,0.111525,0.126345,0.000053
2024-05-06 02:00:00,1879.073379,0.115208,0.119390,0.000056
2024-05-06 03:00:00,2018.715950,0.113396,0.155017,0.018033
2024-05-06 04:00:00,2363.135366,0.098872,0.158938,0.046223
2024-05-06 05:00:00,2685.221882,0.079705,0.177639,0.121650
2024-05-06 06:00:00,2920.603719,0.076590,0.149168,0.236289
2024-05-06 07:00:00,2917.478930,0.078942,0.117459,0.340727
2024-05-06 08:00:00,3024.548582,0.087588,0.112047,0.425369
2024-05-06 09:00:00,3146.599321,0.088340,0.119858,0.388604
2024-05-06 10:00:00,3032.216693,0.098019,0.108915,0.496039
2024-05-06 11:00:00,2986.654820,0.095523,0.088241,0.384988
2024-05-06 12:00:00,2926.792913,0.101794,0.090476,0.337995
2024-05-06 13:00:00,2805.576428,0.087911,0.118068,0.309019
2024-05-06 14:00:00,2803.703466,0.081734,0.137132,0.310407
2024-05-06 15:00:00,2885.970134,0.078213,0.108754,0.230769
2024-05-06 16:00:00,2730.394574,0.074769,0.127845,0.128839
2024-05-06 17:00:00,2561.441090,0.066221,0.124386,0.064876
2024-05-06 18:00:00,2449.030364,0.064845,0.117511,0.030686
2024-05-06 19:00:00,2366.020797,0.075949,0.089961,0.000296
2024-05-06 20:00:00,2270.888857,0.086491,0.128331,0.000132
2024-05-06 21:00:00,2170.088104,0.100111,0.285043,0.000109
2024-05-06 22:00:00,2133.513687,0.133805,0.314805,0.000088
2024-05-06 23:00:00,2156.133179,0.167174,0.259415,0.000080
2024-05-07 00:00:00,2077.940302,0.160404,0.266949,0.000067
2024-05-07 01:00:00,2010.317498,0.160910,0.285515,0.000062
2024-05-07 02:00:00,1984.655379,0.169821,0.327203,0.000060
2024-05-07 03:00:00,2113.388824,0.151761,0.353044,0.018446
2024-05-07 04:00:00,2384.432402,0.135487,0.263365,0.043793
2024-05-07 05:00:00,2715.600051,0.121783,0.201262,0.107762
2024-05-07 06:00:00,2864.140822,0.105659,0.207501,0.183866
2024-05-07 07:00:00,2885.166151,0.094251,0.195397,0.282363
2024-05-07 08:00:00,2947.905157,0.078716,0.142099,0.450398
2024-05-07 09:00:00,3024.267650,0.067856,0.114646,0.592450
2024-05-07 10:00:00,2971.905426,0.068897,0.084428,0.698277
2024-05-07 11:00:00,2987.717247,0.070664,0.073077,0.711712
2024-05-07 12:00:00,2963.545947,0.066882,0.059855,0.681920
2024-05-07 13:00:00,2832.257234,0.050792,0.035596,0.625650
2024-05-07 14:00:00,2663.500545,0.033063,0.015765,0.524836
2024-05-07 15:00:00,2727.501447,0.021932,0.002963,0.388281
2024-05-07 16:00:00,2666.434210,0.013782,0.000239,0.224125
2024-05-07 17:00:00,2553.484603,0.009615,0.000008,0.106213
2024-05-07 18:00:00,2457.244648,0.008816,0.000001,0.046367
2024-05-07 19:00:00,2401.197624,0.011139,0.000019,0.017743
2024-05-07 20:00:00,2276.893574,0.015816,0.000052,0.000192
2024-05-07 21:00:00,2134.946631,0.021768,0.000169,0.000150
2024-05-07 22:00:00,2147.604504,0.022825,0.001872,0.000146
2024-05-07 23:00:00,2143.848789,0.019272,0.012075,0.000126
2024-05-08 00:00:00,2127.969891,0.018877,0.019191,0.000106
2024-05-08 01:00:00,2054.720326,0.017455,0.018965,0.000118
2024-05-08 02:00:00,2058.934352,0.020282,0.021514,0.000090
2024-05-08 03:00:00,2171.423590,0.021033,0.022751,0.018226
2024-05-08 04:00:00,2376.982025,0.022145,0.024180,0.048181
2024-05-08 05:00:00,2684.230792,0.020592,0.024061,0.131060
2024-05-08 06:00:00,2845.081470,0.019402,0.016912,0.271251
2024-05-08 07:00:00,2839.583008,0.036869,0.027000,0.463905
2024-05-08 08:00:00,2867.482642,0.050245,0.026102,0.555598
2024-05-08 09:00:00,2894.040148,0.065870,0.028613,0.670433
2024-05-08 10:00:00,2889.044702,0.081338,0.048087,0.729727
2024-05-08 11:00:00,2926.626059,0.096125,0.057012,0.752028
2024-05-08 12:00:00,2866.239997,0.117260,0.040432,0.754701
2024-05-08 13:00:00,2686.140134,0.134746,0.038342,0.616685
2024-05-08 14:00:00,2728.686494,0.140508,0.052022,0.534471
2024-05-08 15:00:00,2789.550503,0.155425,0.075714,0.438660
2024-05-08 16:00:00,2702.230404,0.150244,0.066298,0.284305
2024-05-08 17:00:00,2560.449643,0.128015,0.054687,0.138554
2024-05-08 18:00:00,2395.732327,0.103277,0.047305,0.041736
2024-05-08 19:00:00,2326.361898,0.098113,0.073909,0.017081
2024-05-08 20:00:00,2163.484184,0.107883,0.094270,0.000243
2024-05-08 21:00:00,2033.125625,0.111676,0.068615,0.000225
2024-05-08 22:00:00,1968.158529,0.102069,0.078211,0.000187
2024-05-08 23:00:00,1894.294331,0.097667,0.087973,0.000193
2024-05-09 00:00:00,1880.756783,0.100432,0.095861,0.000170
2024-05-09 01:00:00,1857.049926,0.117564,0.116744,0.000168
2024-05-09 02:00:00,1851.538067,0.121444,0.149698,0.000147
2024-05-09 03:00:00,1865.188636,0.124113,0.181281,0.022308
2024-05-09 04:00:00,1931.288279,0.128541,0.222445,0.067547
2024-05-09 05:00:00,2151.119120,0.146683,0.235327,0.131725
2024-05-09 06:00:00,2306.207131,0.193053,0.236683,0.238590
2024-05-09 07:00:00,2539.149591,0.239915,0.265609,0.370498
2024-05-09 08:00:00,2873.782709,0.279104,0.305727,0.495556
2024-05-09 09:00:00,3169.186124,0.292796,0.225412,0.576949
2024-05-09 10:00:00,3303.145565,0.349804,0.236791,0.517571
2024-05-09 11:00:00,3099.525751,0.388770,0.237604,0.417328
2024-05-09 12:00:00,3139.274506,0.351828,0.262567,0.382615
2024-05-09 13:00:00,3114.661611,0.350692,0.292847,0.346927
2024-05-09 14:00:00,2967.476941,0.351635,0.432768,0.303294
2024-05-09 15:00:00,2536.382044,0.286909,0.444248,0.246907
2024-05-09 16:00:00,2436.498411,0.243500,0.398047,0.198267
2024-05-09 17:00:00,2289.287099,0.223861,0.327892,0.107479
2024-05-09 18:00:00,2184.427628,0.225488,0.294645,0.051303
2024-05-09 19:00:00,2144.476691,0.258727,0.320072,0.019250
2024-05-09 20:00:00,2038.917742,0.273598,0.329169,0.000232
2024-05-09 21:00:00,1929.947682,0.297116,0.353509,0.000191
2024-05-09 22:00:00,1875.842666,0.311895,0.370674,0.000159
2024-05-09 23:00:00,1879.579314,0.291745,0.360170,0.000142
2024-05-10 00:00:00,1865.371277,0.282594,0.349646,0.000127
2024-05-10 01:00:00,1813.024787,0.270214,0.293084,0.000100
2024-05-10 02:00:00,1793.963257,0.259782,0.287036,0.000114
2024-05-10 03:00:00,1888.230823,0.236528,0.310681,0.017916
2024-05-10 04:00:00,2003.025881,0.183009,0.303924,0.042989
2024-05-10 05:00:00,2186.978886,0.153366,0.246163,0.092430
2024-05-10 06:00:00,2368.624325,0.126191,0.172254,0.173667
2024-05-10 07:00:00,2440.317837,0.119227,0.148310,0.279282
2024-05-10 08:00:00,2741.905242,0.126380,0.170655,0.407103
2024-05-10 09:00:00,3048.522535,0.131559,0.161983,0.511061
2024-05-10 10:00:00,3323.793011,0.128701,0.129719,0.600175
2024-05-10 11:00:00,3493.054677,0.125397,0.101539,0.701979
2024-05-10 12:00:00,3470.046419,0.111034,0.109370,0.736661
2024-05-10 13:00:00,3095.431855,0.119983,0.105157,0.751413
2024-05-10 14:00:00,2734.435861,0.098759,0.085573,0.695824
2024-05-10 15:00:00,2554.430968,0.062574,0.054901,0.560790
2024-05-10 16:00:00,2437.218909,0.056861,0.105959,0.321351
2024-05-10 17:00:00,2270.050687,0.084095,0.135651,0.152373
2024-05-10 18:00:00,2153.439758,0.083469,0.069705,0.066762
2024-05-10 19:00:00,2114.805219,0.063584,0.033627,0.020521
2024-05-10 20:00:00,2012.899303,0.046180,0.027372,0.000227
2024-05-10 21:00:00,1912.432556,0.032248,0.025994,0.000166
2024-05-10 22:00:00,1860.280387,0.027298,0.009282,0.000145
2024-05-10 23:00:00,1838.699900,0.019800,0.016233,0.000133
2024-05-11 00:00:00,1778.655309,0.015868,0.013300,0.000131
2024-05-11 01:00:00,1715.025824,0.019786,0.018044,0.000104
2024-05-11 02:00:00,1716.794681,0.030016,0.018771,0.000115
2024-05-11 03:00:00,1741.935838,0.029306,0.014833,0.023800
2024-05-11 04:00:00,1816.254305,0.021287,0.016077,0.080625
2024-05-11 05:00:00,2007.976632,0.008235,0.016490,0.226247
2024-05-11 06:00:00,2360.315235,0.001447,0.009656,0.442289
2024-05-11 07:00:00,2710.526213,0.000907,0.005646,0.692675
2024-05-11 08:00:00,3121.004657,0.001629,0.002304,0.876243
2024-05-11 09:00:00,3177.954410,0.002777,0.000745,0.834550
2024-05-11 10:00:00,3348.496239,0.005097,0.001006,0.723001
2024-05-11 11:00:00,3332.676149,0.010052,0.003072,0.772375
2024-05-11 12:00:00,3282.033309,0.017657,0.002836,0.778435
2024-05-11 13:00:00,3167.582939,0.025966,0.009011,0.884243
2024-05-11 14:00:00,2886.754304,0.033076,0.014187,0.612878
2024-05-11 15:00:00,2575.360277,0.048712,0.028939,0.577863
2024-05-11 16:00:00,2315.240922,0.042584,0.034936,0.372135
2024-05-11 17:00:00,2144.034265,0.032886,0.042720,0.169502
2024-05-11 18:00:00,2036.544084,0.027967,0.097359,0.060986
2024-05-11 19:00:00,1982.779321,0.024154,0.108512,0.019196
2024-05-11 20:00:00,1897.574702,0.023811,0.089669,0.000230
2024-05-11 21:00:00,1808.972980,0.030389,0.083538,0.000181
2024-05-11 22:00:00,1749.282744,0.034550,0.082745,0.000158
2024-05-11 23:00:00,1737.035230,0.036144,0.088851,0.000153
2024-05-12 00:00:00,1696.508557,0.038816,0.080807,0.000115
2024-05-12 01:00:00,1721.376867,0.053401,0.093646,0.000111
2024-05-12 02:00:00,1698.063534,0.068207,0.101863,0.000116
2024-05-12 03:00:00,1733.871145,0.072752,0.119604,0.023468
2024-05-12 04:00:00,1875.540958,0.064751,0.125610,0.071132
2024-05-12 05:00:00,2261.416425,0.036810,0.122219,0.198974
2024-05-12 06:00:00,2672.442712,0.025059,0.109301,0.421373
2024-05-12 07:00:00,2868.656049,0.026538,0.000384,0.554560
2024-05-12 08:00:00,3113.863766,0.044788,0.000590,0.711341
2024-05-12 09:00:00,3225.628327,0.059523,0.001058,0.655353
2024-05-12 10:00:00,3076.279914,0.071696,0.001641,0.597169
2024-05-12 11:00:00,3054.832847,0.088744,0.003621,0.474980
2024-05-12 12:00:00,3056.869871,0.102762,0.005789,0.472086
2024-05-12 13:00:00,3173.609164,0.123096,0.006448,0.537624
2024-05-12 14:00:00,3099.011415,0.132555,0.006075,0.515469
2024-05-12 15:00:00,2928.861792,0.181452,0.265118,0.526694
2024-05-12 16:00:00,2479.180578,0.246851,0.395159,0.442983
2024-05-12 17:00:00,2279.106514,0.259894,0.471919,0.181914
2024-05-12 18:00:00,2171.621350,0.236533,0.486368,0.052821
2024-05-12 19:00:00,2117.316434,0.239113,0.519038,0.019032
2024-05-12 20:00:00,2037.241923,0.249536,0.558194,0.000202
2024-05-12 21:00:00,1975.727159,0.260459,0.526957,0.000162
2024-05-12 22:00:00,2086.198082,0.275366,0.501021,0.000161
2024-05-12 23:00:00,2177.851465,0.308545,0.527712,0.000136
2024-05-13 00:00:00,2031.757485,0.324737,0.544060,0.000111
2024-05-13 01:00:00,1885.428808,0.322207,0.548596,0.000113
2024-05-13 02:00:00,1880.480517,0.318335,0.559201,0.000114
2024-05-13 03:00:00,2157.511049,0.339616,0.586013,0.023757
2024-05-13 04:00:00,2290.442470,0.314788,0.634103,0.074086
2024-05-13 05:00:00,2643.531351,0.274034,0.544921,0.244044
2024-05-13 06:00:00,2876.817817,0.273923,0.530359,0.520546
2024-05-13 07:00:00,2872.023909,0.310020,0.500969,0.722761
2024-05-13 08:00:00,3024.290945,0.349909,0.508231,0.835902
2024-05-13 09:00:00,3240.946931,0.381457,0.409519,0.749529
2024-05-13 10:00:00,3393.675884,0.443941,0.117418,0.838391
2024-05-13 11:00:00,3323.858927,0.485684,0.338347,0.759014
2024-05-13 12:00:00,3297.811921,0.581207,0.450782,0.780371
2024-05-13 13:00:00,3127.767374,0.592305,0.428139,0.733421
2024-05-13 14:00:00,2967.445857,0.615433,0.530769,0.704463
2024-05-13 15:00:00,2964.765286,0.569389,0.516992,0.611133
2024-05-13 16:00:00,2818.443612,0.519443,0.513019,0.388643
2024-05-13 17:00:00,2614.354110,0.451074,0.551241,0.167508
2024-05-13 18:00:00,2453.986680,0.375313,0.615577,0.055367
2024-05-13 19:00:00,2451.878531,0.363280,0.644190,0.019637
2024-05-13 20:00:00,2417.394708,0.384545,0.684645,0.000200
2024-05-13 21:00:00,2277.395729,0.408023,0.702898,0.016713
2024-05-13 22:00:00,2071.227607,0.411593,0.710923,0.000149
2024-05-13 23:00:00,2103.513281,0.396209,0.714272,0.000128
2024-05-14 00:00:00,2060.866470,0.386028,0.651563,0.000123
2024-05-14 01:00:00,2003.942146,0.371390,0.637032,0.000118
2024-05-14 02:00:00,2012.701836,0.358297,0.648333,0.000119
2024-05-14 03:00:00,2054.646503,0.354436,0.666775,0.025661
2024-05-14 04:00:00,2326.841638,0.329249,0.697001,0.080093
2024-05-14 05:00:00,2652.526138,0.268030,0.693523,0.232164
2024-05-14 06:00:00,2831.274497,0.222051,0.646755,0.468361
2024-05-14 07:00:00,2935.351540,0.230433,0.636963,0.675951
2024-05-14 08:00:00,3431.459193,0.224158,0.431055,0.708982
2024-05-14 09:00:00,3578.453839,0.323140,0.068952,0.668288
2024-05-14 10:00:00,3521.372863,0.404057,0.060712,0.691854
2024-05-14 11:00:00,3568.634202,0.404618,0.071734,0.572929
2024-05-14 12:00:00,3478.706985,0.403900,0.089976,0.521618
2024-05-14 13:00:00,3240.865233,0.423637,0.130343,0.564500
2024-05-14 14:00:00,3148.867721,0.548883,0.658868,0.678776
2024-05-14 15:00:00,3060.101055,0.550671,0.721459,0.562997
2024-05-14 16:00:00,2947.651324,0.573987,0.763700,0.397256
2024-05-14 17:00:00,2635.558143,0.505386,0.780599,0.172170
2024-05-14 18:00:00,2474.508281,0.403450,0.828183,0.057684
2024-05-14 19:00:00,2407.007982,0.378144,0.793014,0.020266
2024-05-14 20:00:00,2377.747399,0.388304,0.798981,0.000202
2024-05-14 21:00:00,2226.816247,0.415691,0.788525,0.000193
2024-05-14 22:00:00,2224.796303,0.418882,0.787100,0.016708
2024-05-14 23:00:00,2121.962614,0.389330,0.762561,0.000134
2024-05-15 00:00:00,2109.673714,0.355923,0.751109,0.000140
2024-05-15 01:00:00,2036.353651,0.335518,0.724690,0.000112
2024-05-15 02:00:00,2075.494333,0.342988,0.721734,0.000114
2024-05-15 03:00:00,2107.277472,0.350441,0.727587,0.024958
2024-05-15 04:00:00,2377.581137,0.325162,0.746400,0.078927
2024-05-15 05:00:00,2663.117495,0.261772,0.718642,0.227059
2024-05-15 06:00:00,2800.998024,0.216274,0.566859,0.457160
2024-05-15 07:00:00,2832.524764,0.206971,0.515908,0.622149
2024-05-15 08:00:00,3030.104119,0.248847,0.410815,0.783532
2024-05-15 09:00:00,3297.079632,0.318183,0.444118,0.841429
2024-05-15 10:00:00,3401.688275,0.363479,0.561553,0.737308
2024-05-15 11:00:00,3403.158965,0.451760,0.594155,0.704407
2024-05-15 12:00:00,3233.766759,0.504971,0.623844,0.686498
2024-05-15 13:00:00,3220.011579,0.573303,0.579758,0.865881
2024-05-15 14:00:00,3016.821139,0.633630,0.668275,0.804713
2024-05-15 15:00:00,3051.184170,0.586352,0.708750,0.519003
2024-05-15 16:00:00,2853.513401,0.608990,0.750895,0.341504
2024-05-15 17:00:00,2672.427741,0.582928,0.716040,0.147157
2024-05-15 18:00:00,2474.481088,0.476190,0.843392,0.043510
2024-05-15 19:00:00,2406.808190,0.429379,0.881698,0.004096
2024-05-15 20:00:00,2359.825610,0.429218,0.839388,0.000226
2024-05-15 21:00:00,2259.508873,0.478231,0.821822,0.000227
2024-05-15 22:00:00,2143.835015,0.496581,0.877164,0.000203
2024-05-15 23:00:00,2129.053621,0.483684,0.895240,0.000177
2024-05-16 00:00:00,2116.556859,0.453643,0.888203,0.000143
2024-05-16 01:00:00,2098.914485,0.449925,0.862661,0.000147
2024-05-16 02:00:00,2034.799241,0.456482,0.823240,0.000168
2024-05-16 03:00:00,2082.484954,0.445995,0.885880,0.010753
2024-05-16 04:00:00,2320.870632,0.429590,0.897425,0.067919
2024-05-16 05:00:00,2623.672984,0.426242,0.886516,0.220231
2024-05-16 06:00:00,2796.072014,0.448681,0.839157,0.436765
2024-05-16 07:00:00,2876.228705,0.504295,0.785015,0.655462
2024-05-16 08:00:00,3056.077059,0.583308,0.761132,0.831314
2024-05-16 09:00:00,3174.398541,0.676117,0.748030,0.872441
2024-05-16 10:00:00,3204.096753,0.654538,0.754439,0.890849
2024-05-16 11:00:00,3307.624172,0.682519,0.614277,0.754910
2024-05-16 12:00:00,3286.621296,0.713118,0.626287,0.826270
2024-05-16 13:00:00,3086.471050,0.791774,0.839298,0.850628
2024-05-16 14:00:00,3027.611053,0.809639,0.904213,0.798739
2024-05-16 15:00:00,2927.230871,0.801266,0.890666,0.610437
2024-05-16 16:00:00,2785.657679,0.741596,0.914511,0.368699
2024-05-16 17:00:00,2685.175842,0.687651,0.937076,0.162849
2024-05-16 18:00:00,2520.190662,0.604484,0.947706,0.045060
2024-05-16 19:00:00,2447.198744,0.570565,0.939729,0.004541
2024-05-16 20:00:00,2409.526180,0.587216,0.944749,0.000203
2024-05-16 21:00:00,2235.264830,0.608937,0.901630,0.000178
2024-05-16 22:00:00,2198.724427,0.598631,0.936495,0.000153
2024-05-16 23:00:00,2202.398670,0.558883,0.939336,0.000130
2024-05-17 00:00:00,2153.286529,0.520471,0.947995,0.000124
2024-05-17 01:00:00,2095.541048,0.475706,0.953454,0.000110
2024-05-17 02:00:00,2031.395398,0.439997,0.904421,0.000124
2024-05-17 03:00:00,2061.291308,0.419948,0.890062,0.012173
2024-05-17 04:00:00,2329.372521,0.407025,0.914104,0.067989
2024-05-17 05:00:00,2654.377805,0.380178,0.837340,0.210140
2024-05-17 06:00:00,2851.276624,0.362400,0.700678,0.419312
2024-05-17 07:00:00,2894.793290,0.368742,0.619181,0.635659
2024-05-17 08:00:00,2943.378657,0.362479,0.595106,0.823795
2024-05-17 09:00:00,2969.964891,0.410869,0.570786,0.950065
2024-05-17 10:00:00,3207.071866,0.547467,0.649133,0.985734
2024-05-17 11:00:00,3208.467701,0.620349,0.670866,1.000000
2024-05-17 12:00:00,3124.458582,0.638172,0.688116,0.980107
2024-05-17 13:00:00,3034.165545,0.630428,0.700059,0.924749
2024-05-17 14:00:00,2898.152316,0.612149,0.658761,0.809153
2024-05-17 15:00:00,2713.344100,0.571698,0.596667,0.626106
2024-05-17 16:00:00,2638.032085,0.492976,0.673359,0.400969
2024-05-17 17:00:00,2407.028737,0.383684,0.793307,0.167309
2024-05-17 18:00:00,2254.175719,0.278901,0.783963,0.045857
2024-05-17 19:00:00,2281.356657,0.239906,0.765481,0.004618
2024-05-17 20:00:00,2173.050929,0.241924,0.712660,0.000215
2024-05-17 21:00:00,2131.048650,0.254361,0.670401,0.000200
2024-05-17 22:00:00,2068.209753,0.276512,0.595881,0.000167
2024-05-17 23:00:00,2018.023966,0.285120,0.562843,0.000120
2024-05-18 00:00:00,1880.820133,0.284210,0.538374,0.000107
2024-05-18 01:00:00,1821.917706,0.288584,0.468743,0.000095
2024-05-18 02:00:00,1790.982652,0.297450,0.393804,0.000120
2024-05-18 03:00:00,1804.992202,0.283707,0.357260,0.013056
2024-05-18 04:00:00,1836.545289,0.221647,0.336371,0.072311
2024-05-18 05:00:00,1987.656730,0.144552,0.249695,0.228260
2024-05-18 06:00:00,2180.858548,0.096203,0.179596,0.471276
2024-05-18 07:00:00,2293.489938,0.072057,0.137098,0.698783
2024-05-18 08:00:00,2479.734018,0.087830,0.141396,0.878347
2024-05-18 09:00:00,2588.521626,0.102940,0.137094,0.924851
2024-05-18 10:00:00,2794.627043,0.107312,0.125768,0.861102
2024-05-18 11:00:00,2871.266422,0.099956,0.077618,0.713738
2024-05-18 12:00:00,2781.501176,0.093995,0.031382,0.739202
2024-05-18 13:00:00,2732.056298,0.094226,0.055369,0.814357
2024-05-18 14:00:00,2643.862859,0.089293,0.054102,0.772216
2024-05-18 15:00:00,2334.871949,0.089247,0.092711,0.624973
2024-05-18 16:00:00,2271.247049,0.088597,0.149151,0.388338
2024-05-18 17:00:00,2144.573219,0.071689,0.226418,0.168299
2024-05-18 18:00:00,2064.995093,0.049338,0.170619,0.047715
2024-05-18 19:00:00,2007.898113,0.056794,0.136023,0.005540
2024-05-18 20:00:00,1974.231510,0.072717,0.140739,0.000214
2024-05-18 21:00:00,1869.240377,0.073026,0.142733,0.000177
2024-05-18 22:00:00,1796.147481,0.069574,0.155077,0.000156
2024-05-18 23:00:00,1736.367760,0.073374,0.116046,0.000124
2024-05-19 00:00:00,1687.743012,0.062704,0.103001,0.000122
2024-05-19 01:00:00,1667.823864,0.053352,0.062323,0.000099
2024-05-19 02:00:00,1636.209244,0.042333,0.025539,0.000159
2024-05-19 03:00:00,1619.159184,0.034855,0.010623,0.013206
2024-05-19 04:00:00,1679.139034,0.034460,0.015024,0.072905
2024-05-19 05:00:00,1848.574976,0.029322,0.027877,0.226257
2024-05-19 06:00:00,2060.967148,0.017787,0.038867,0.459092
2024-05-19 07:00:00,2650.385459,0.022256,0.040847,0.677633
2024-05-19 08:00:00,2539.511677,0.047627,0.049979,0.806522
2024-05-19 09:00:00,2916.931441,0.058291,0.096789,0.815641
2024-05-19 10:00:00,2967.552654,0.055822,0.188781,0.704255
2024-05-19 11:00:00,2990.564256,0.055434,0.258618,0.419993
2024-05-19 12:00:00,2896.940981,0.066750,0.065748,0.477763
2024-05-19 13:00:00,2903.561572,0.091360,0.071566,0.402980
2024-05-19 14:00:00,2862.436418,0.121253,0.130945,0.443701
2024-05-19 15:00:00,2619.728730,0.170712,0.487449,0.568870
2024-05-19 16:00:00,2288.837021,0.158012,0.505396,0.382961
2024-05-19 17:00:00,2169.105858,0.111358,0.485653,0.172303
2024-05-19 18:00:00,2075.958790,0.067177,0.398469,0.052102
2024-05-19 19:00:00,2017.888225,0.043522,0.311467,0.006117
2024-05-19 20:00:00,1994.359772,0.038806,0.231020,0.000241
2024-05-19 21:00:00,1894.004695,0.034929,0.181933,0.000188
2024-05-19 22:00:00,1827.175264,0.029815,0.180217,0.000133
2024-05-19 23:00:00,1792.126284,0.021941,0.146074,0.000114
2024-05-20 00:00:00,1735.742300,0.019748,0.133841,0.000155
2024-05-20 01:00:00,1703.791873,0.022593,0.131666,0.000096
2024-05-20 02:00:00,1667.202397,0.026981,0.115002,0.000144
2024-05-20 03:00:00,1656.949173,0.033383,0.071810,0.013704
2024-05-20 04:00:00,1746.691815,0.061030,0.057266,0.073827
2024-05-20 05:00:00,1907.771572,0.062848,0.066136,0.217524
2024-05-20 06:00:00,2101.725306,0.044425,0.062573,0.437199
2024-05-20 07:00:00,2253.422048,0.046451,0.054821,0.650058
2024-05-20 08:00:00,2416.703217,0.059764,0.056332,0.835607
2024-05-20 09:00:00,2647.777097,0.087392,0.060537,0.945891
2024-05-20 10:00:00,2770.286434,0.112724,0.122982,0.950338
2024-05-20 11:00:00,3097.224692,0.131820,0.032946,0.921863
2024-05-20 12:00:00,3064.835161,0.147636,0.114240,0.811211
2024-05-20 13:00:00,2996.199474,0.170304,0.156135,0.815435
2024-05-20 14:00:00,2640.271635,0.220683,0.208469,0.776529
2024-05-20 15:00:00,2462.667390,0.243900,0.237019,0.613667
2024-05-20 16:00:00,2402.492161,0.275300,0.182079,0.392564
2024-05-20 17:00:00,2295.182918,0.264935,0.225388,0.175954
2024-05-20 18:00:00,2211.923765,0.224951,0.285593,0.057831
2024-05-20 19:00:00,2136.021373,0.179321,0.475256,0.013714
2024-05-20 20:00:00,2081.999138,0.166833,0.520173,0.000195
2024-05-20 21:00:00,1990.266069,0.178965,0.543162,0.000153
2024-05-20 22:00:00,1964.026707,0.200181,0.481764,0.000141
2024-05-20 23:00:00,1941.476854,0.218654,0.465880,0.000126
2024-05-21 00:00:00,1938.288184,0.216002,0.484647,0.000109
2024-05-21 01:00:00,1920.267233,0.211605,0.481370,0.000098
2024-05-21 02:00:00,1926.218308,0.221125,0.498035,0.000188
2024-05-21 03:00:00,2006.773997,0.215639,0.585687,0.013570
2024-05-21 04:00:00,2258.457313,0.205762,0.569555,0.070126
2024-05-21 05:00:00,2565.492009,0.232863,0.433064,0.205603
2024-05-21 06:00:00,2758.656365,0.256079,0.387947,0.436342
2024-05-21 07:00:00,2830.851838,0.261372,0.352926,0.657687
2024-05-21 08:00:00,2951.490446,0.292096,0.338186,0.836436
2024-05-21 09:00:00,3029.127136,0.370195,0.324879,0.943501
2024-05-21 10:00:00,3083.288136,0.465229,0.330107,0.986328
2024-05-21 11:00:00,3107.220202,0.503689,0.399562,0.969182
2024-05-21 12:00:00,3005.807301,0.505906,0.413245,0.945147
2024-05-21 13:00:00,2902.953463,0.523809,0.412913,0.889354
2024-05-21 14:00:00,2887.369274,0.533033,0.471330,0.764737
2024-05-21 15:00:00,2920.745644,0.527032,0.478501,0.577024
2024-05-21 16:00:00,2796.571407,0.501507,0.467356,0.372200
2024-05-21 17:00:00,2615.263098,0.441549,0.492315,0.175247
2024-05-21 18:00:00,2487.009988,0.349393,0.557250,0.059733
2024-05-21 19:00:00,2410.020005,0.336920,0.607118,0.009376
2024-05-21 20:00:00,2346.302839,0.387017,0.596557,0.000235
2024-05-21 21:00:00,2296.532706,0.437939,0.637524,0.000221
2024-05-21 22:00:00,2542.256786,0.498871,0.662399,0.000183
2024-05-21 23:00:00,2636.278833,0.535630,0.668022,0.000137
2024-05-22 00:00:00,2590.077576,0.508610,0.629018,0.000116
2024-05-22 01:00:00,2329.022122,0.448686,0.635251,0.000103
2024-05-22 02:00:00,2248.993790,0.451071,0.643561,0.000315
2024-05-22 03:00:00,2304.384097,0.458239,0.634689,0.017487
2024-05-22 04:00:00,2546.080563,0.515444,0.700343,0.089296
2024-05-22 05:00:00,2733.157982,0.536480,0.702541,0.226998
2024-05-22 06:00:00,2851.105349,0.543396,0.649489,0.341903
2024-05-22 07:00:00,2917.500797,0.542142,0.615998,0.515861
2024-05-22 08:00:00,3012.210220,0.567720,0.596207,0.675620
2024-05-22 09:00:00,3052.291919,0.592652,0.578615,0.744523
2024-05-22 10:00:00,3139.465130,0.638621,0.576004,0.752491
2024-05-22 11:00:00,3408.423340,0.658930,0.569756,0.690875
2024-05-22 12:00:00,3433.174050,0.661225,0.507688,0.673924
2024-05-22 13:00:00,3119.228834,0.681032,0.509540,0.576198
2024-05-22 14:00:00,2991.775746,0.657517,0.476248,0.513346
2024-05-22 15:00:00,2921.026810,0.615026,0.435055,0.402570
2024-05-22 16:00:00,2809.134746,0.550558,0.349198,0.252518
2024-05-22 17:00:00,2647.402271,0.470773,0.355736,0.124221
2024-05-22 18:00:00,2472.976029,0.354838,0.362415,0.045525
2024-05-22 19:00:00,2389.336528,0.267187,0.301525,0.009388
2024-05-22 20:00:00,2319.558313,0.222938,0.281219,0.000221
2024-05-22 21:00:00,2301.225804,0.223060,0.321037,0.000223
2024-05-22 22:00:00,2229.915327,0.263051,0.335762,0.000190
2024-05-22 23:00:00,2161.453644,0.286949,0.397059,0.000168
2024-05-23 00:00:00,2226.472790,0.272312,0.410481,0.000166
2024-05-23 01:00:00,1998.832651,0.259540,0.371956,0.000151
2024-05-23 02:00:00,2089.755705,0.243542,0.323634,0.000379
2024-05-23 03:00:00,2053.163409,0.227402,0.305635,0.012479
2024-05-23 04:00:00,2306.439654,0.196992,0.284534,0.051255
2024-05-23 05:00:00,2608.072736,0.184365,0.243855,0.118045
2024-05-23 06:00:00,2747.918450,0.179093,0.201670,0.172279
2024-05-23 07:00:00,2832.107648,0.156941,0.146012,0.239236
2024-05-23 08:00:00,2934.881369,0.135600,0.120084,0.268903
2024-05-23 09:00:00,2958.931804,0.117448,0.093823,0.253285
2024-05-23 10:00:00,3000.730730,0.104475,0.090357,0.217301
2024-05-23 11:00:00,2924.181526,0.088192,0.045941,0.228891
2024-05-23 12:00:00,2826.360422,0.068281,0.026453,0.252142
2024-05-23 13:00:00,2727.942958,0.061344,0.035570,0.274154
2024-05-23 14:00:00,2713.489511,0.068253,0.042835,0.235367
2024-05-23 15:00:00,2766.945011,0.066551,0.057814,0.199332
2024-05-23 16:00:00,2670.718068,0.069258,0.084824,0.146043
2024-05-23 17:00:00,2537.548980,0.083215,0.072679,0.100196
2024-05-23 18:00:00,2428.823421,0.085986,0.062926,0.039055
2024-05-23 19:00:00,2332.309688,0.062188,0.052659,0.004880
2024-05-23 20:00:00,2274.514176,0.051652,0.084778,0.000171
2024-05-23 21:00:00,2145.597692,0.059244,0.172087,0.000145
2024-05-23 22:00:00,2067.351827,0.064405,0.137746,0.000137
2024-05-23 23:00:00,2060.702608,0.064968,0.128287,0.000129
2024-05-24 00:00:00,2078.314150,0.061952,0.121926,0.000091
2024-05-24 01:00:00,2004.584732,0.053443,0.123902,0.000083
2024-05-24 02:00:00,1924.013113,0.041705,0.111407,0.000103
2024-05-24 03:00:00,1964.364419,0.033344,0.079035,0.010817
2024-05-24 04:00:00,2255.986231,0.020919,0.056574,0.057099
2024-05-24 05:00:00,2559.001933,0.012678,0.037685,0.130968
2024-05-24 06:00:00,2731.532344,0.016599,0.028799,0.273947
2024-05-24 07:00:00,2755.102425,0.022910,0.017788,0.403627
2024-05-24 08:00:00,2832.992722,0.020520,0.023827,0.503526
2024-05-24 09:00:00,2825.819228,0.017101,0.020521,0.605626
2024-05-24 10:00:00,2759.879653,0.014417,0.004797,0.680637
2024-05-24 11:00:00,2717.249685,0.010146,0.003594,0.716521
2024-05-24 12:00:00,2608.288802,0.011955,0.002176,0.729412
2024-05-24 13:00:00,2582.789988,0.014658,0.001181,0.745031
2024-05-24 14:00:00,2549.234813,0.021895,0.001688,0.649310
2024-05-24 15:00:00,2527.101432,0.030772,0.010273,0.550775
2024-05-24 16:00:00,2455.558231,0.038797,0.028149,0.380801
2024-05-24 17:00:00,2300.342142,0.039401,0.041262,0.194129
2024-05-24 18:00:00,2179.395429,0.042303,0.098531,0.068017
2024-05-24 19:00:00,2101.547900,0.046543,0.147229,0.011782
2024-05-24 20:00:00,2058.466741,0.051579,0.169557,0.000213
2024-05-24 21:00:00,1968.931633,0.050688,0.204238,0.000171
2024-05-24 22:00:00,1901.867061,0.040264,0.194873,0.000140
2024-05-24 23:00:00,1849.850669,0.040126,0.189172,0.000143
2024-05-25 00:00:00,1819.776174,0.038311,0.141506,0.000120
2024-05-25 01:00:00,1776.613165,0.034703,0.117222,0.000115
2024-05-25 02:00:00,1727.072443,0.031367,0.077987,0.000355
2024-05-25 03:00:00,1720.555814,0.029488,0.066669,0.019491
2024-05-25 04:00:00,1759.065944,0.029557,0.074674,0.090148
2024-05-25 05:00:00,1933.597850,0.020324,0.075864,0.213459
2024-05-25 06:00:00,2109.417115,0.025672,0.052993,0.380148
2024-05-25 07:00:00,2237.397232,0.032177,0.036291,0.550240
2024-05-25 08:00:00,2309.147860,0.031296,0.023303,0.584396
2024-05-25 09:00:00,2537.881901,0.039417,0.017451,0.692372
2024-05-25 10:00:00,2760.878963,0.047569,0.031295,0.680905
2024-05-25 11:00:00,2822.908882,0.059275,0.060427,0.607493
2024-05-25 12:00:00,2774.520470,0.067552,0.073854,0.563113
2024-05-25 13:00:00,2738.875965,0.089294,0.088957,0.468379
2024-05-25 14:00:00,2441.879959,0.118108,0.113132,0.422330
2024-05-25 15:00:00,2269.971623,0.086508,0.136890,0.316034
2024-05-25 16:00:00,2235.477007,0.045276,0.119879,0.229752
2024-05-25 17:00:00,2120.883069,0.025163,0.064763,0.125728
2024-05-25 18:00:00,2030.789472,0.021725,0.066618,0.052823
2024-05-25 19:00:00,1978.562376,0.027232,0.051883,0.006201
2024-05-25 20:00:00,1970.555097,0.035943,0.098689,0.000229
2024-05-25 21:00:00,1841.211482,0.043799,0.161731,0.000164
2024-05-25 22:00:00,1769.328469,0.051491,0.171999,0.000153
2024-05-25 23:00:00,1716.612001,0.056462,0.159673,0.000123
2024-05-26 00:00:00,1706.932671,0.063485,0.116690,0.000123
2024-05-26 01:00:00,1685.743197,0.057494,0.104661,0.000098
2024-05-26 02:00:00,1629.478489,0.062607,0.146216,0.000220
2024-05-26 03:00:00,1646.964468,0.069889,0.164064,0.014605
2024-05-26 04:00:00,1760.117771,0.065561,0.240892,0.066719
2024-05-26 05:00:00,1893.287196,0.062479,0.176119,0.143874
2024-05-26 06:00:00,2399.132106,0.064062,0.123653,0.259912
2024-05-26 07:00:00,2671.916625,0.054606,0.099527,0.399784
2024-05-26 08:00:00,2888.449579,0.059926,0.057922,0.481867
2024-05-26 09:00:00,2917.318481,0.064419,0.025264,0.420585
2024-05-26 10:00:00,2898.356951,0.057863,0.025020,0.322551
2024-05-26 11:00:00,3004.039645,0.060828,0.014961,0.216720
2024-05-26 12:00:00,3078.166259,0.061900,0.014944,0.222194
2024-05-26 13:00:00,2784.843977,0.064947,0.002374,0.200921
2024-05-26 14:00:00,2821.652582,0.052467,0.006555,0.353599
2024-05-26 15:00:00,2507.423787,0.069637,0.088241,0.346981
2024-05-26 16:00:00,2340.089922,0.052983,0.104841,0.269018
2024-05-26 17:00:00,2223.260816,0.068708,0.140692,0.183645
2024-05-26 18:00:00,2121.266790,0.075492,0.197409,0.066377
2024-05-26 19:00:00,2046.620793,0.095578,0.385685,0.010539
2024-05-26 20:00:00,2035.815583,0.126598,0.418815,0.000176
2024-05-26 21:00:00,2016.948379,0.154933,0.478070,0.000153
2024-05-26 22:00:00,2119.666619,0.159527,0.250976,0.000138
2024-05-26 23:00:00,2097.975302,0.116312,0.239029,0.000126
2024-05-27 00:00:00,2035.418749,0.091278,0.231801,0.000113
2024-05-27 01:00:00,1999.926582,0.095410,0.199943,0.000110
2024-05-27 02:00:00,1940.572425,0.111737,0.294239,0.000186
2024-05-27 03:00:00,2002.295858,0.131362,0.385876,0.012213
2024-05-27 04:00:00,2229.189572,0.143779,0.400633,0.068357
2024-05-27 05:00:00,2563.757284,0.151022,0.412720,0.173802
2024-05-27 06:00:00,2723.259960,0.157228,0.357884,0.269101
2024-05-27 07:00:00,2812.483966,0.159890,0.312329,0.401912
2024-05-27 08:00:00,2895.542473,0.168401,0.374034,0.523384
2024-05-27 09:00:00,2901.207701,0.158697,0.406352,0.609131
2024-05-27 10:00:00,2944.699998,0.177242,0.352522,0.680551
2024-05-27 11:00:00,2955.884133,0.200017,0.341220,0.723236
2024-05-27 12:00:00,2919.522141,0.217497,0.336526,0.729049
2024-05-27 13:00:00,2811.781073,0.237517,0.323042,0.718775
2024-05-27 14:00:00,2748.205431,0.223648,0.322181,0.658730
2024-05-27 15:00:00,2777.529097,0.177472,0.303588,0.518480
2024-05-27 16:00:00,2652.894061,0.126770,0.212670,0.333600
2024-05-27 17:00:00,2507.324924,0.094462,0.137897,0.169875
2024-05-27 18:00:00,2371.005555,0.049954,0.112137,0.064829
2024-05-27 19:00:00,2271.585329,0.026726,0.076438,0.011502
2024-05-27 20:00:00,2205.069215,0.021678,0.086921,0.000202
2024-05-27 21:00:00,2117.967516,0.018496,0.069870,0.000166
2024-05-27 22:00:00,2021.488702,0.018931,0.058036,0.000147
2024-05-27 23:00:00,1986.434454,0.017153,0.054029,0.000122
2024-05-28 00:00:00,1980.705504,0.015026,0.027906,0.000125
2024-05-28 01:00:00,1943.022530,0.013019,0.031643,0.000097
2024-05-28 02:00:00,1925.533700,0.016209,0.021324,0.000871
2024-05-28 03:00:00,1983.216646,0.019653,0.024852,0.017987
2024-05-28 04:00:00,2275.756187,0.024305,0.014273,0.037433
2024-05-28 05:00:00,2614.585247,0.031458,0.009435,0.060310
2024-05-28 06:00:00,2799.275742,0.045093,0.026169,0.091029
2024-05-28 07:00:00,2817.734438,0.064573,0.042918,0.116944
2024-05-28 08:00:00,2902.418382,0.085956,0.107883,0.165574
2024-05-28 09:00:00,2908.683830,0.116240,0.104899,0.233516
2024-05-28 10:00:00,2898.760819,0.159966,0.108651,0.263652
2024-05-28 11:00:00,2917.567239,0.204465,0.095778,0.273582
2024-05-28 12:00:00,2936.939437,0.226793,0.100916,0.372228
2024-05-28 13:00:00,2761.260680,0.219494,0.184273,0.385743
2024-05-28 14:00:00,2706.676773,0.202329,0.264077,0.319271
2024-05-28 15:00:00,2820.531903,0.158625,0.278602,0.336751
2024-05-28 16:00:00,2664.446290,0.132166,0.269840,0.298035
2024-05-28 17:00:00,2512.356167,0.113305,0.219056,0.165637
2024-05-28 18:00:00,2357.677902,0.081763,0.172700,0.064479
2024-05-28 19:00:00,2276.221734,0.064171,0.168063,0.011678
2024-05-28 20:00:00,2253.844074,0.088215,0.176434,0.000184
2024-05-28 21:00:00,2127.713995,0.142236,0.239720,0.000163
2024-05-28 22:00:00,2062.127468,0.200225,0.334592,0.000164
2024-05-28 23:00:00,2105.714346,0.225082,0.481900,0.000103
2024-05-29 00:00:00,2154.863025,0.246938,0.633459,0.000107
2024-05-29 01:00:00,2228.895043,0.277295,0.698706,0.000072
2024-05-29 02:00:00,2263.559662,0.287125,0.742362,0.000970
2024-05-29 03:00:00,2245.482343,0.291078,0.791314,0.023872
2024-05-29 04:00:00,2410.559363,0.294642,0.820089,0.076429
2024-05-29 05:00:00,2636.096504,0.329535,0.772703,0.158870
2024-05-29 06:00:00,2830.992204,0.386245,0.693762,0.239106
2024-05-29 07:00:00,2913.534630,0.453244,0.629360,0.315063
2024-05-29 08:00:00,3038.153804,0.494436,0.710284,0.287205
2024-05-29 09:00:00,3104.921599,0.485620,0.741698,0.239216
2024-05-29 10:00:00,3139.998929,0.466274,0.694422,0.249894
2024-05-29 11:00:00,3256.792967,0.446373,0.726821,0.207245
2024-05-29 12:00:00,3182.844844,0.418588,0.652019,0.194748
2024-05-29 13:00:00,3041.250413,0.372420,0.492100,0.222654
2024-05-29 14:00:00,2937.807664,0.322056,0.502891,0.202252
2024-05-29 15:00:00,2899.035544,0.310788,0.492798,0.219620
2024-05-29 16:00:00,2732.974326,0.299819,0.456738,0.223597
2024-05-29 17:00:00,2568.509467,0.252336,0.402170,0.136896
2024-05-29 18:00:00,2424.807679,0.227324,0.421550,0.057491
2024-05-29 19:00:00,2326.832597,0.186155,0.528228,0.009863
2024-05-29 20:00:00,2241.320417,0.183579,0.447547,0.000221
2024-05-29 21:00:00,2111.204948,0.176949,0.437989,0.000184
2024-05-29 22:00:00,2049.027965,0.169919,0.359927,0.000179
2024-05-29 23:00:00,2015.807667,0.160561,0.365492,0.000162
2024-05-30 00:00:00,2037.816945,0.149968,0.421959,0.000127
2024-05-30 01:00:00,1976.581485,0.147005,0.393717,0.000142
2024-05-30 02:00:00,1944.423880,0.135014,0.342450,0.000357
2024-05-30 03:00:00,1995.951861,0.114068,0.398030,0.021491
2024-05-30 04:00:00,2287.694521,0.091514,0.497175,0.090204
2024-05-30 05:00:00,2603.424613,0.077983,0.441528,0.223831
2024-05-30 06:00:00,2787.300609,0.084858,0.401766,0.382335
2024-05-30 07:00:00,2812.120644,0.094037,0.358486,0.502866
2024-05-30 08:00:00,2881.875041,0.101601,0.305061,0.613347
2024-05-30 09:00:00,2946.562372,0.085848,0.358356,0.701655
2024-05-30 10:00:00,2881.195015,0.071999,0.288578,0.643414
2024-05-30 11:00:00,2913.610255,0.064069,0.204052,0.673135
2024-05-30 12:00:00,2862.856930,0.057144,0.114150,0.639411
2024-05-30 13:00:00,2774.679466,0.044581,0.062186,0.656055
2024-05-30 14:00:00,2735.497298,0.045532,0.022098,0.577179
2024-05-30 15:00:00,2748.033553,0.044656,0.008619,0.431453
2024-05-30 16:00:00,2618.724801,0.048509,0.013385,0.275482
2024-05-30 17:00:00,2554.478614,0.038187,0.018000,0.142597
2024-05-30 18:00:00,2385.195241,0.033045,0.018414,0.065616
2024-05-30 19:00:00,2279.935235,0.028833,0.021108,0.015831
2024-05-30 20:00:00,2214.564029,0.041207,0.021239,0.000251
2024-05-30 21:00:00,2163.891456,0.069257,0.034168,0.000183
2024-05-30 22:00:00,2104.089974,0.073117,0.045809,0.000159
2024-05-30 23:00:00,2020.244341,0.052571,0.068771,0.000138
2024-05-31 00:00:00,2028.788343,0.054365,0.077276,0.000107
2024-05-31 01:00:00,2050.220509,0.074611,0.083124,0.000103
2024-05-31 02:00:00,1995.822573,0.092891,0.135964,0.000490
2024-05-31 03:00:00,2017.243006,0.097394,0.210292,0.008561
2024-05-31 04:00:00,2280.746199,0.105297,0.241051,0.036113
2024-05-31 05:00:00,2591.164535,0.120854,0.220721,0.070095
2024-05-31 06:00:00,2764.253525,0.138100,0.300214,0.101619
2024-05-31 07:00:00,2814.767074,0.144568,0.410717,0.146844
2024-05-31 08:00:00,2860.460243,0.157567,0.529118,0.240199
2024-05-31 09:00:00,2897.531405,0.174498,0.623947,0.329696
2024-05-31 10:00:00,2875.603643,0.161618,0.610424,0.370460
2024-05-31 11:00:00,2817.363546,0.155087,0.540920,0.418855
2024-05-31 12:00:00,2708.438372,0.142674,0.447056,0.467299
2024-05-31 13:00:00,2653.224545,0.139635,0.423871,0.504853
2024-05-31 14:00:00,2649.728336,0.130312,0.438402,0.515953
2024-05-31 15:00:00,2627.041467,0.126372,0.360223,0.409756
2024-05-31 16:00:00,2514.789672,0.107096,0.432055,0.261490
2024-05-31 17:00:00,2347.351686,0.075367,0.453986,0.140051
2024-05-31 18:00:00,2209.451765,0.068656,0.465207,0.066400
2024-05-31 19:00:00,2106.839866,0.087212,0.342395,0.011496
2024-05-31 20:00:00,2051.415015,0.093796,0.321634,0.000217
2024-05-31 21:00:00,1959.673059,0.084314,0.308526,0.000175
2024-05-31 22:00:00,1897.480818,0.072686,0.301181,0.000135
2024-05-31 23:00:00,1844.692982,0.070910,0.210862,0.000120
2024-06-01 00:00:00,1816.410586,0.079134,0.130408,0.000098
2024-06-01 01:00:00,1793.754643,0.073773,0.105104,0.000087
2024-06-01 02:00:00,1769.799931,0.066031,0.143756,0.000749
2024-06-01 03:00:00,1825.631194,0.060891,0.178777,0.024598
2024-06-01 04:00:00,1825.048021,0.060646,0.269155,0.093254
2024-06-01 05:00:00,1964.933369,0.044967,0.357332,0.245483
2024-06-01 06:00:00,2151.664229,0.039453,0.337379,0.448243
2024-06-01 07:00:00,2331.765824,0.048898,0.183572,0.634748
2024-06-01 08:00:00,2407.659037,0.051330,0.132003,0.776092
2024-06-01 09:00:00,2471.198830,0.055741,0.155712,0.882380
2024-06-01 10:00:00,2604.982321,0.054925,0.152088,0.950323
2024-06-01 11:00:00,2816.763130,0.053099,0.193837,0.943304
2024-06-01 12:00:00,2822.802691,0.060893,0.292445,0.841238
2024-06-01 13:00:00,2879.794403,0.105894,0.462651,0.805197
2024-06-01 14:00:00,2727.597583,0.151160,0.577972,0.645219
2024-06-01 15:00:00,2364.350308,0.175650,0.524867,0.472571
2024-06-01 16:00:00,2303.331395,0.188880,0.431116,0.344159
2024-06-01 17:00:00,2184.269218,0.155058,0.541041,0.183939
2024-06-01 18:00:00,2043.795634,0.118621,0.564929,0.069170
2024-06-01 19:00:00,1954.791173,0.098016,0.557661,0.014780
2024-06-01 20:00:00,1913.584097,0.098558,0.591425,0.000291
2024-06-01 21:00:00,1997.173368,0.103593,0.558167,0.000213
2024-06-01 22:00:00,1982.149918,0.097267,0.568938,0.000173
2024-06-01 23:00:00,1928.858598,0.092015,0.616818,0.000139
2024-06-02 00:00:00,1921.708465,0.103070,0.665423,0.000127
2024-06-02 01:00:00,1954.759621,0.108182,0.630210,0.000103
2024-06-02 02:00:00,1913.975479,0.110703,0.616364,0.000672
2024-06-02 03:00:00,1892.919374,0.109421,0.640709,0.015835
2024-06-02 04:00:00,1953.232246,0.106210,0.678242,0.061158
2024-06-02 05:00:00,2103.011597,0.113451,0.697899,0.133939
2024-06-02 06:00:00,2328.333131,0.100283,0.609319,0.275530
2024-06-02 07:00:00,2435.794441,0.091801,0.635609,0.395981
2024-06-02 08:00:00,2498.744597,0.117777,0.625251,0.563540
2024-06-02 09:00:00,2694.753822,0.120097,0.629297,0.741322
2024-06-02 10:00:00,2792.580996,0.126925,0.609255,0.822789
2024-06-02 11:00:00,2952.480876,0.104357,0.597413,0.618486
2024-06-02 12:00:00,3103.925160,0.114756,0.151808,0.502491
2024-06-02 13:00:00,3000.420883,0.155142,0.092057,0.459604
2024-06-02 14:00:00,2923.234576,0.180101,0.310109,0.527232
2024-06-02 15:00:00,2791.979760,0.270217,0.582119,0.560148
2024-06-02 16:00:00,2580.803948,0.337330,0.594502,0.379760
2024-06-02 17:00:00,2414.554103,0.386132,0.567933,0.192262
2024-06-02 18:00:00,2300.662455,0.381555,0.715988,0.074669
2024-06-02 19:00:00,2227.684831,0.438975,0.717850,0.012448
2024-06-02 20:00:00,2171.757243,0.404033,0.777452,0.000191
2024-06-02 21:00:00,2119.625493,0.376999,0.798848,0.000164
2024-06-02 22:00:00,2028.624599,0.420748,0.716628,0.000150
2024-06-02 23:00:00,1924.057370,0.410978,0.751681,0.000141
2024-06-03 00:00:00,1938.872683,0.409602,0.728387,0.000124
2024-06-03 01:00:00,2094.276732,0.440692,0.679037,0.000121
2024-06-03 02:00:00,2088.948317,0.487371,0.596152,0.000561
2024-06-03 03:00:00,2116.361607,0.508063,0.582005,0.019595
2024-06-03 04:00:00,2378.286320,0.499747,0.549033,0.080481
2024-06-03 05:00:00,2615.796995,0.483118,0.596153,0.142100
2024-06-03 06:00:00,2763.654842,0.506330,0.480568,0.208235
2024-06-03 07:00:00,2870.989790,0.492185,0.490403,0.266338
2024-06-03 08:00:00,2888.196914,0.475114,0.521095,0.320754
2024-06-03 09:00:00,2871.274268,0.465826,0.464620,0.280574
2024-06-03 10:00:00,2858.451285,0.460875,0.426781,0.273918
2024-06-03 11:00:00,2959.833381,0.485002,0.422771,0.322812
2024-06-03 12:00:00,3036.521811,0.501719,0.434024,0.377463
2024-06-03 13:00:00,3045.638909,0.529827,0.397477,0.470749
2024-06-03 14:00:00,2940.669510,0.524700,0.392742,0.500766
2024-06-03 15:00:00,2965.393112,0.509752,0.380057,0.437878
2024-06-03 16:00:00,2774.307066,0.489027,0.371941,0.315176
2024-06-03 17:00:00,2584.571421,0.458734,0.362405,0.175523
2024-06-03 18:00:00,2434.690051,0.408668,0.414783,0.069277
2024-06-03 19:00:00,2313.652851,0.336568,0.403667,0.017145
2024-06-03 20:00:00,2455.439443,0.272152,0.365947,0.000329
2024-06-03 21:00:00,2365.037813,0.230554,0.322128,0.000144
2024-06-03 22:00:00,2065.396604,0.190529,0.314648,0.000122
2024-06-03 23:00:00,1989.682073,0.160858,0.282750,0.000113
2024-06-04 00:00:00,1962.590775,0.131429,0.254674,0.000105
2024-06-04 01:00:00,1946.730901,0.106212,0.253483,0.000108
2024-06-04 02:00:00,1908.474300,0.081519,0.226093,0.001103
2024-06-04 03:00:00,1952.620666,0.066981,0.200313,0.022294
2024-06-04 04:00:00,2250.690999,0.069639,0.210309,0.082372
2024-06-04 05:00:00,2575.362889,0.059221,0.240018,0.187304
2024-06-04 06:00:00,2753.375816,0.084111,0.213435,0.329887
2024-06-04 07:00:00,2773.683495,0.145674,0.174123,0.426815
2024-06-04 08:00:00,2861.612202,0.194105,0.221783,0.494375
2024-06-04 09:00:00,2896.057441,0.223940,0.316947,0.526897
2024-06-04 10:00:00,2890.186129,0.277559,0.320022,0.521658
2024-06-04 11:00:00,3036.296696,0.343517,0.458873,0.543046
2024-06-04 12:00:00,3053.762196,0.391408,0.555426,0.501045
2024-06-04 13:00:00,2930.414444,0.396502,0.626999,0.379353
2024-06-04 14:00:00,2814.992983,0.400223,0.565053,0.275283
2024-06-04 15:00:00,2787.430921,0.395300,0.665093,0.211025
2024-06-04 16:00:00,2714.778081,0.414598,0.662354,0.145796
2024-06-04 17:00:00,2567.312302,0.416337,0.632958,0.092569
2024-06-04 18:00:00,2413.805287,0.392523,0.659627,0.032357
2024-06-04 19:00:00,2321.644783,0.388979,0.665852,0.003616
2024-06-04 20:00:00,2256.660619,0.445606,0.728270,0.000206
2024-06-04 21:00:00,2153.652974,0.544647,0.695382,0.000181
2024-06-04 22:00:00,2429.091390,0.559979,0.772272,0.000149
2024-06-04 23:00:00,2304.978862,0.558686,0.707908,0.000126
2024-06-05 00:00:00,2255.594971,0.530943,0.760473,0.000118
2024-06-05 01:00:00,2199.215318,0.542047,0.806396,0.000117
2024-06-05 02:00:00,2122.839973,0.569705,0.710734,0.000179
2024-06-05 03:00:00,2107.678460,0.458360,0.914205,0.007636
2024-06-05 04:00:00,2186.698909,0.449100,0.913494,0.059112
2024-06-05 05:00:00,2371.824125,0.601041,0.702569,0.205912
2024-06-05 06:00:00,2525.808031,0.691897,0.525059,0.418662
2024-06-05 07:00:00,2713.734492,0.732142,0.681347,0.558956
2024-06-05 08:00:00,2886.065313,0.693827,0.680851,0.687033
2024-06-05 09:00:00,2902.679216,0.643310,0.587892,0.685253
2024-06-05 10:00:00,2831.815234,0.598569,0.498270,0.629686
2024-06-05 11:00:00,2990.240056,0.569311,0.478770,0.616284
2024-06-05 12:00:00,2974.569592,0.533132,0.510470,0.565630
2024-06-05 13:00:00,2903.747334,0.502415,0.390619,0.532060
2024-06-05 14:00:00,2898.359140,0.498131,0.538665,0.436869
2024-06-05 15:00:00,2883.317036,0.453222,0.593976,0.358402
2024-06-05 16:00:00,2634.091634,0.427617,0.532297,0.316497
2024-06-05 17:00:00,2323.182903,0.329006,0.467416,0.169962
2024-06-05 18:00:00,2230.163851,0.233923,0.665803,0.073709
2024-06-05 19:00:00,2156.369548,0.215668,0.652759,0.016083
2024-06-05 20:00:00,2081.397437,0.245948,0.520668,0.000294
2024-06-05 21:00:00,2023.311985,0.226481,0.756041,0.000225
2024-06-05 22:00:00,1987.289514,0.223068,0.622399,0.000190
2024-06-05 23:00:00,1997.351549,0.232305,0.710445,0.000162
2024-06-06 00:00:00,1982.439255,0.239418,0.603996,0.000147
2024-06-06 01:00:00,1915.550711,0.226545,0.506896,0.000128
2024-06-06 02:00:00,1861.688246,0.221549,0.512467,0.001298
2024-06-06 03:00:00,1956.653747,0.212693,0.581149,0.030555
2024-06-06 04:00:00,2274.639777,0.193242,0.594915,0.098881
2024-06-06 05:00:00,2622.549842,0.169395,0.473412,0.222070
2024-06-06 06:00:00,2808.820582,0.194703,0.413439,0.363412
2024-06-06 07:00:00,2963.081518,0.296805,0.469936,0.465205
2024-06-06 08:00:00,3206.545680,0.314805,0.399188,0.559391
2024-06-06 09:00:00,3221.263635,0.269384,0.324880,0.480308
2024-06-06 10:00:00,3490.783088,0.276151,0.279787,0.654720
2024-06-06 11:00:00,3460.723495,0.275067,0.286930,0.732101
2024-06-06 12:00:00,3246.668896,0.302954,0.182232,0.716553
2024-06-06 13:00:00,2991.663512,0.321233,0.241759,0.675496
2024-06-06 14:00:00,2850.179414,0.306261,0.235494,0.559800
2024-06-06 15:00:00,2862.559882,0.285752,0.249968,0.480939
2024-06-06 16:00:00,2772.847052,0.257208,0.158087,0.395134
2024-06-06 17:00:00,2483.398597,0.208497,0.139923,0.194624
2024-06-06 18:00:00,2366.679440,0.133163,0.208526,0.073614
2024-06-06 19:00:00,2237.582047,0.083778,0.260799,0.017508
2024-06-06 20:00:00,2164.560875,0.090149,0.254311,0.000344
2024-06-06 21:00:00,2069.089652,0.107020,0.249103,0.000211
2024-06-06 22:00:00,2025.267524,0.121627,0.236557,0.000182
2024-06-06 23:00:00,2051.265930,0.125674,0.217985,0.000174
2024-06-07 00:00:00,1979.093308,0.104114,0.196007,0.000143
2024-06-07 01:00:00,1933.182771,0.103703,0.202914,0.000134
2024-06-07 02:00:00,1894.425728,0.117572,0.238850,0.001882
2024-06-07 03:00:00,1966.872077,0.127733,0.264234,0.041110
2024-06-07 04:00:00,2287.376061,0.107583,0.261680,0.125140
2024-06-07 05:00:00,2577.163318,0.080247,0.305163,0.234835
2024-06-07 06:00:00,2832.277229,0.114126,0.438423,0.415167
2024-06-07 07:00:00,2952.533983,0.232285,0.396848,0.566875
2024-06-07 08:00:00,3049.020514,0.262046,0.344772,0.581536
2024-06-07 09:00:00,3070.487444,0.248761,0.607521,0.563716
2024-06-07 10:00:00,3283.201206,0.387376,0.600391,0.680098
2024-06-07 11:00:00,3229.659406,0.402388,0.459705,0.685296
2024-06-07 12:00:00,3060.382145,0.398224,0.539005,0.647037
2024-06-07 13:00:00,3262.942909,0.355611,0.500937,0.558696
2024-06-07 14:00:00,2928.691345,0.352739,0.577738,0.469899
2024-06-07 15:00:00,2715.288724,0.355583,0.595044,0.357228
2024-06-07 16:00:00,2589.313027,0.290420,0.634614,0.230974
2024-06-07 17:00:00,2401.105182,0.257557,0.556154,0.167879
2024-06-07 18:00:00,2223.022168,0.223707,0.528424,0.075696
2024-06-07 19:00:00,2085.381704,0.185359,0.448747,0.015601
2024-06-07 20:00:00,2065.976632,0.193306,0.549481,0.000281
2024-06-07 21:00:00,2007.170531,0.191103,0.597662,0.000179
2024-06-07 22:00:00,1913.703636,0.216691,0.626032,0.000366
2024-06-07 23:00:00,1930.774644,0.249070,0.699114,0.000143
2024-06-08 00:00:00,1936.596633,0.293136,0.739429,0.000129
2024-06-08 01:00:00,1984.368071,0.336162,0.694764,0.000132
2024-06-08 02:00:00,1949.093690,0.322396,0.732078,0.000608
2024-06-08 03:00:00,1921.119692,0.293604,0.746631,0.018231
2024-06-08 04:00:00,1964.200468,0.254444,0.664833,0.073810
2024-06-08 05:00:00,2140.841438,0.264607,0.662569,0.140793
2024-06-08 06:00:00,2360.131525,0.309530,0.563730,0.178892
2024-06-08 07:00:00,2816.481122,0.326422,0.625607,0.230146
2024-06-08 08:00:00,2851.852743,0.272751,0.478533,0.189169
2024-06-08 09:00:00,2964.524918,0.235480,0.357110,0.138785
2024-06-08 10:00:00,3188.143860,0.161647,0.132491,0.089685
2024-06-08 11:00:00,3351.079561,0.140897,0.075037,0.113692
2024-06-08 12:00:00,3341.042417,0.149880,0.073563,0.104813
2024-06-08 13:00:00,3160.954337,0.181643,0.117609,0.120106
2024-06-08 14:00:00,3135.710261,0.223519,0.175296,0.205377
2024-06-08 15:00:00,3033.904014,0.271348,0.713083,0.280675
2024-06-08 16:00:00,2773.997883,0.352020,0.690896,0.298796
2024-06-08 17:00:00,2586.013778,0.415654,0.644589,0.182569
2024-06-08 18:00:00,2431.820852,0.387033,0.804088,0.073707
2024-06-08 19:00:00,2241.096801,0.361876,0.814985,0.015126
2024-06-08 20:00:00,2146.768628,0.357052,0.829713,0.000301
2024-06-08 21:00:00,2177.378379,0.394401,0.887368,0.000133
2024-06-08 22:00:00,2132.475162,0.445287,0.862418,0.000172
2024-06-08 23:00:00,2235.354179,0.477022,0.838560,0.000118
2024-06-09 00:00:00,2156.481488,0.469775,0.854412,0.000117
2024-06-09 01:00:00,2170.800941,0.493615,0.875195,0.000103
2024-06-09 02:00:00,2158.645576,0.495291,0.765061,0.001205
2024-06-09 03:00:00,2185.612438,0.507775,0.788268,0.020030
2024-06-09 04:00:00,2284.404251,0.492594,0.645941,0.099306
2024-06-09 05:00:00,2447.803830,0.485070,0.718058,0.242065
2024-06-09 06:00:00,2800.163515,0.431338,0.573129,0.335813
2024-06-09 07:00:00,2776.707660,0.417683,0.429662,0.216337
2024-06-09 08:00:00,3005.432090,0.342368,0.159599,0.185303
2024-06-09 09:00:00,3151.735891,0.317898,0.148876,0.277426
2024-06-09 10:00:00,3420.258311,0.359134,0.136157,0.421450
2024-06-09 11:00:00,3453.862779,0.393445,0.090248,0.427022
2024-06-09 12:00:00,3449.795707,0.398341,0.126072,0.372491
2024-06-09 13:00:00,3465.048989,0.400798,0.093920,0.394015
2024-06-09 14:00:00,3125.413376,0.546359,0.219639,0.433320
2024-06-09 15:00:00,3000.188305,0.693478,0.566416,0.447145
2024-06-09 16:00:00,2710.064661,0.814410,0.693761,0.311127
2024-06-09 17:00:00,2604.429757,0.772210,0.648623,0.182997
2024-06-09 18:00:00,2441.248666,0.700043,0.800886,0.076576
2024-06-09 19:00:00,2312.707823,0.637571,0.790436,0.018219
2024-06-09 20:00:00,2254.203841,0.610073,0.723584,0.000254
2024-06-09 21:00:00,2197.029919,0.593911,0.781704,0.000255
2024-06-09 22:00:00,2160.948366,0.606249,0.776983,0.000175
2024-06-09 23:00:00,2189.809220,0.602838,0.713798,0.000146
2024-06-10 00:00:00,2114.309400,0.571087,0.778493,0.000130
2024-06-10 01:00:00,2084.896639,0.545195,0.764433,0.000144
2024-06-10 02:00:00,2140.811092,0.516705,0.712674,0.000854
2024-06-10 03:00:00,2182.782003,0.510217,0.761111,0.026095
2024-06-10 04:00:00,2470.736526,0.502529,0.757411,0.096358
2024-06-10 05:00:00,2887.871023,0.553761,0.705716,0.212943
2024-06-10 06:00:00,3101.256888,0.612770,0.658137,0.370210
2024-06-10 07:00:00,3167.843177,0.629119,0.592401,0.462620
2024-06-10 08:00:00,3375.870601,0.638252,0.551347,0.597901
2024-06-10 09:00:00,3413.668787,0.639718,0.551783,0.593631
2024-06-10 10:00:00,3285.402716,0.623133,0.561977,0.630997
2024-06-10 11:00:00,3310.924125,0.596164,0.513951,0.641834
2024-06-10 12:00:00,3192.060324,0.570799,0.490651,0.601236
2024-06-10 13:00:00,3059.904532,0.528905,0.517658,0.529364
2024-06-10 14:00:00,3061.567956,0.478693,0.546327,0.465064
2024-06-10 15:00:00,3051.844156,0.435340,0.563679,0.361153
2024-06-10 16:00:00,2855.155027,0.392657,0.583587,0.252223
2024-06-10 17:00:00,2694.095255,0.350638,0.639707,0.148953
2024-06-10 18:00:00,2479.864572,0.294781,0.592937,0.056681
2024-06-10 19:00:00,2353.048017,0.251695,0.637591,0.013446
2024-06-10 20:00:00,2291.099183,0.214079,0.605968,0.000326
2024-06-10 21:00:00,2202.067329,0.198800,0.482166,0.000184
2024-06-10 22:00:00,2137.463652,0.179858,0.415893,0.000136
2024-06-10 23:00:00,2131.494917,0.172720,0.446614,0.000127
2024-06-11 00:00:00,2098.605955,0.175278,0.476679,0.000107
2024-06-11 01:00:00,2173.205562,0.179420,0.554189,0.000122
2024-06-11 02:00:00,2100.243219,0.183623,0.573484,0.000511
2024-06-11 03:00:00,2122.506884,0.172599,0.623211,0.011868
2024-06-11 04:00:00,2394.364678,0.179694,0.589607,0.051603
2024-06-11 05:00:00,2714.302942,0.199029,0.586389,0.107124
2024-06-11 06:00:00,2894.894470,0.211704,0.580693,0.177125
2024-06-11 07:00:00,2914.976147,0.211776,0.605077,0.224539
2024-06-11 08:00:00,3067.180925,0.225564,0.577328,0.288687
2024-06-11 09:00:00,3180.183726,0.242020,0.553815,0.351522
2024-06-11 10:00:00,3228.354919,0.256041,0.523550,0.375377
2024-06-11 11:00:00,3426.259463,0.255671,0.558182,0.388374
2024-06-11 12:00:00,3556.557112,0.271047,0.551269,0.416971
2024-06-11 13:00:00,3426.302723,0.292115,0.557413,0.400493
2024-06-11 14:00:00,3189.205303,0.313847,0.619716,0.434903
2024-06-11 15:00:00,3025.193859,0.323070,0.633734,0.354784
2024-06-11 16:00:00,2833.488630,0.322789,0.615910,0.272985
2024-06-11 17:00:00,2655.420437,0.319848,0.631525,0.130276
2024-06-11 18:00:00,2491.381103,0.303737,0.642029,0.044027
2024-06-11 19:00:00,2344.776241,0.268527,0.678360,0.010425
2024-06-11 20:00:00,2295.487230,0.270424,0.726019,0.000268
2024-06-11 21:00:00,2333.270870,0.290462,0.712153,0.000159
2024-06-11 22:00:00,2152.990197,0.298695,0.723910,0.000155
2024-06-11 23:00:00,2111.658881,0.307553,0.673409,0.000147
2024-06-12 00:00:00,2104.154608,0.308170,0.640864,0.000115
2024-06-12 01:00:00,2071.005524,0.289758,0.608343,0.000114
2024-06-12 02:00:00,2067.556318,0.277149,0.699238,0.001146
2024-06-12 03:00:00,2135.371199,0.276738,0.728532,0.029948
2024-06-12 04:00:00,2387.463663,0.297697,0.830222,0.079183
2024-06-12 05:00:00,2699.863248,0.331659,0.775728,0.162120
2024-06-12 06:00:00,2995.308475,0.375007,0.642538,0.298345
2024-06-12 07:00:00,3061.685343,0.387898,0.601141,0.456308
2024-06-12 08:00:00,3220.525398,0.406787,0.585183,0.519108
2024-06-12 09:00:00,3423.771829,0.438602,0.473643,0.625044
2024-06-12 10:00:00,3275.570827,0.462807,0.503546,0.592935
2024-06-12 11:00:00,3363.666610,0.487642,0.461382,0.640599
2024-06-12 12:00:00,3263.651569,0.502063,0.443122,0.598272
2024-06-12 13:00:00,3171.800577,0.510428,0.480582,0.544776
2024-06-12 14:00:00,3106.567542,0.526881,0.438091,0.495580
2024-06-12 15:00:00,3137.320803,0.518714,0.542607,0.379902
2024-06-12 16:00:00,2813.830034,0.502067,0.605025,0.254097
2024-06-12 17:00:00,2660.328494,0.460423,0.535996,0.148125
2024-06-12 18:00:00,2496.284905,0.409574,0.615986,0.067832
2024-06-12 19:00:00,2511.396993,0.357974,0.646682,0.018861
2024-06-12 20:00:00,2354.398929,0.346796,0.645185,0.000729
2024-06-12 21:00:00,2229.538408,0.353200,0.596939,0.000259
2024-06-12 22:00:00,2166.269806,0.370091,0.541818,0.000232
2024-06-12 23:00:00,2235.491864,0.370789,0.523911,0.000176
2024-06-13 00:00:00,2347.439165,0.367354,0.606376,0.000167
2024-06-13 01:00:00,2223.347569,0.359806,0.606913,0.000180
2024-06-13 02:00:00,2078.356876,0.347888,0.608699,0.001341
2024-06-13 03:00:00,2180.162462,0.330102,0.568044,0.026396
2024-06-13 04:00:00,2415.055307,0.320483,0.526157,0.082064
2024-06-13 05:00:00,2713.080721,0.324360,0.443823,0.177438
2024-06-13 06:00:00,2902.580932,0.356161,0.430313,0.310787
2024-06-13 07:00:00,2913.853122,0.369483,0.390357,0.403583
2024-06-13 08:00:00,3058.434796,0.353925,0.368641,0.518482
2024-06-13 09:00:00,3175.862381,0.351884,0.366003,0.582101
2024-06-13 10:00:00,3122.997023,0.357690,0.336753,0.591934
2024-06-13 11:00:00,3157.684715,0.355997,0.319259,0.569817
2024-06-13 12:00:00,3094.522866,0.354306,0.279311,0.594813
2024-06-13 13:00:00,3019.640707,0.318190,0.280944,0.530417
2024-06-13 14:00:00,2911.153436,0.292221,0.255178,0.465955
2024-06-13 15:00:00,2911.197792,0.260397,0.294246,0.353152
2024-06-13 16:00:00,2783.765421,0.225779,0.183345,0.275354
2024-06-13 17:00:00,2521.559720,0.165333,0.185409,0.175005
2024-06-13 18:00:00,2413.862359,0.107474,0.229012,0.076402
2024-06-13 19:00:00,2293.579556,0.073784,0.247035,0.015869
2024-06-13 20:00:00,2217.076186,0.066702,0.222058,0.000298
2024-06-13 21:00:00,2125.534835,0.082153,0.241830,0.000203
2024-06-13 22:00:00,2117.225760,0.102827,0.239150,0.000163
2024-06-13 23:00:00,2132.846460,0.117101,0.275992,0.000175
2024-06-14 00:00:00,2173.393889,0.120416,0.338657,0.000138
2024-06-14 01:00:00,2200.548602,0.131730,0.339706,0.000115
2024-06-14 02:00:00,2164.585087,0.145060,0.347550,0.000603
2024-06-14 03:00:00,2142.607668,0.150650,0.351592,0.012548
2024-06-14 04:00:00,2327.050237,0.156440,0.394652,0.052540
2024-06-14 05:00:00,2662.296021,0.168730,0.488472,0.108229
2024-06-14 06:00:00,2814.514811,0.191868,0.333866,0.154480
2024-06-14 07:00:00,2840.592384,0.221376,0.407673,0.182665
2024-06-14 08:00:00,2915.836917,0.228696,0.549495,0.238995
2024-06-14 09:00:00,2898.284608,0.228594,0.626762,0.254444
2024-06-14 10:00:00,2925.993030,0.226280,0.633396,0.327535
2024-06-14 11:00:00,2895.275445,0.209508,0.614708,0.379708
2024-06-14 12:00:00,2837.748116,0.195315,0.608767,0.403876
2024-06-14 13:00:00,2735.763596,0.190983,0.542538,0.446256
2024-06-14 14:00:00,2706.852454,0.200720,0.517909,0.410709
2024-06-14 15:00:00,2627.939785,0.163976,0.484117,0.237488
2024-06-14 16:00:00,2508.246186,0.149980,0.506236,0.133306
2024-06-14 17:00:00,2398.309249,0.161598,0.524303,0.079140
2024-06-14 18:00:00,2249.625267,0.174730,0.520394,0.028275
2024-06-14 19:00:00,2132.776105,0.192010,0.493958,0.005877
2024-06-14 20:00:00,2091.244638,0.218035,0.592197,0.000200
2024-06-14 21:00:00,2006.503504,0.218692,0.640374,0.000165
2024-06-14 22:00:00,1966.562666,0.212598,0.636683,0.000137
2024-06-14 23:00:00,1930.777848,0.242533,0.620946,0.000127
2024-06-15 00:00:00,1933.748609,0.269682,0.572397,0.000105
2024-06-15 01:00:00,1931.058266,0.301171,0.597607,0.000099
2024-06-15 02:00:00,1912.871498,0.330671,0.553502,0.000990
2024-06-15 03:00:00,1983.068847,0.333235,0.656055,0.020104
2024-06-15 04:00:00,2144.531390,0.365111,0.758488,0.075088
2024-06-15 05:00:00,2422.751111,0.422242,0.798695,0.133993
2024-06-15 06:00:00,2780.123180,0.494072,0.570568,0.130647
2024-06-15 07:00:00,3141.251164,0.500572,0.530137,0.126083
2024-06-15 08:00:00,3222.813028,0.516803,0.499904,0.074245
2024-06-15 09:00:00,3155.006687,0.474829,0.475621,0.070016
2024-06-15 10:00:00,3215.224374,0.440327,0.509316,0.087455
2024-06-15 11:00:00,3284.216214,0.387035,0.462272,0.132978
2024-06-15 12:00:00,3257.524742,0.394912,0.337675,0.158738
2024-06-15 13:00:00,3244.039059,0.433519,0.282598,0.260388
2024-06-15 14:00:00,3159.399054,0.419539,0.268641,0.244165
2024-06-15 15:00:00,3092.221160,0.408633,0.293627,0.221570
2024-06-15 16:00:00,2877.192624,0.543292,0.731470,0.241113
2024-06-15 17:00:00,2476.655226,0.522551,0.807217,0.149164
2024-06-15 18:00:00,2310.652036,0.451054,0.834280,0.055796
2024-06-15 19:00:00,2188.032556,0.366175,0.761688,0.014686
2024-06-15 20:00:00,2114.605895,0.304562,0.811711,0.000305
2024-06-15 21:00:00,2080.923127,0.288642,0.878646,0.000161
2024-06-15 22:00:00,1989.061468,0.296662,0.848635,0.000130
2024-06-15 23:00:00,1964.373584,0.283360,0.838066,0.000116
2024-06-16 00:00:00,2017.911180,0.305996,0.754618,0.000099
2024-06-16 01:00:00,2076.174532,0.324930,0.734014,0.000095
2024-06-16 02:00:00,2048.542611,0.308880,0.805086,0.001606
2024-06-16 03:00:00,2164.567915,0.285060,0.791655,0.023517
2024-06-16 04:00:00,2110.819464,0.270803,0.681856,0.075913
2024-06-16 05:00:00,2441.022813,0.267736,0.669362,0.159909
2024-06-16 06:00:00,2745.801572,0.257849,0.459265,0.226613
2024-06-16 07:00:00,2916.579713,0.267328,0.316610,0.257293
2024-06-16 08:00:00,3121.807657,0.292702,0.336970,0.340082
2024-06-16 09:00:00,3201.502907,0.301888,0.335252,0.364868
2024-06-16 10:00:00,3123.038207,0.306235,0.357818,0.369910
2024-06-16 11:00:00,3187.205756,0.292273,0.331644,0.398209
2024-06-16 12:00:00,3258.529768,0.254377,0.268706,0.414102
2024-06-16 13:00:00,3133.206767,0.210271,0.051668,0.400065
2024-06-16 14:00:00,2990.533724,0.176639,0.040720,0.312889
2024-06-16 15:00:00,2881.146391,0.195443,0.235645,0.271436
2024-06-16 16:00:00,2462.926493,0.183763,0.210760,0.178888
2024-06-16 17:00:00,2210.539350,0.127651,0.337890,0.082057
2024-06-16 18:00:00,2169.410854,0.119434,0.339434,0.028274
2024-06-16 19:00:00,2110.418682,0.114019,0.438212,0.005799
2024-06-16 20:00:00,2015.653482,0.097694,0.451685,0.000207
2024-06-16 21:00:00,1946.918385,0.106636,0.484631,0.000190
2024-06-16 22:00:00,1963.030122,0.127323,0.517768,0.000155
2024-06-16 23:00:00,2025.694533,0.149812,0.432392,0.000127
2024-06-17 00:00:00,1929.257113,0.155675,0.464025,0.000112
2024-06-17 01:00:00,1894.733495,0.151511,0.388204,0.000112
2024-06-17 02:00:00,1859.411052,0.130559,0.298013,0.001119
2024-06-17 03:00:00,1944.826760,0.107687,0.230068,0.023843
2024-06-17 04:00:00,2236.180238,0.080934,0.238438,0.090509
2024-06-17 05:00:00,2567.542578,0.060986,0.222226,0.225013
2024-06-17 06:00:00,2712.265360,0.077572,0.231496,0.382341
2024-06-17 07:00:00,2762.589189,0.082687,0.201641,0.524102
2024-06-17 08:00:00,2901.049897,0.080388,0.229328,0.636878
2024-06-17 09:00:00,2967.863376,0.095073,0.262225,0.651943
2024-06-17 10:00:00,3045.821181,0.125434,0.301460,0.567510
2024-06-17 11:00:00,3158.445556,0.164370,0.315490,0.589278
2024-06-17 12:00:00,3196.012097,0.208809,0.391682,0.561998
2024-06-17 13:00:00,3078.964550,0.255896,0.369628,0.607613
2024-06-17 14:00:00,3012.855329,0.225877,0.332727,0.596478
2024-06-17 15:00:00,2929.907147,0.197044,0.330835,0.503498
2024-06-17 16:00:00,2691.760618,0.143875,0.262559,0.361829
2024-06-17 17:00:00,2520.747156,0.109312,0.235353,0.185083
2024-06-17 18:00:00,2392.042399,0.083645,0.295939,0.073759
2024-06-17 19:00:00,2284.868409,0.077581,0.300539,0.019477
2024-06-17 20:00:00,2212.168369,0.088229,0.308440,0.000390
2024-06-17 21:00:00,2117.693447,0.131063,0.333437,0.000149
2024-06-17 22:00:00,2049.767862,0.174616,0.322946,0.000139
2024-06-17 23:00:00,2057.365140,0.202019,0.339119,0.000120
2024-06-18 00:00:00,2030.046408,0.198826,0.352528,0.000109
2024-06-18 01:00:00,2067.057420,0.198808,0.426962,0.000096
2024-06-18 02:00:00,2138.807353,0.217303,0.415400,0.001214
2024-06-18 03:00:00,2163.025357,0.222717,0.424075,0.024244
2024-06-18 04:00:00,2284.924329,0.212933,0.387153,0.079982
2024-06-18 05:00:00,2609.962256,0.249194,0.346111,0.192168
2024-06-18 06:00:00,2785.706024,0.286466,0.305994,0.326406
2024-06-18 07:00:00,2842.370021,0.314120,0.283035,0.434096
2024-06-18 08:00:00,3280.623352,0.317941,0.244777,0.507666
2024-06-18 09:00:00,3219.869791,0.314993,0.228023,0.619113
2024-06-18 10:00:00,3080.483246,0.300899,0.189134,0.643888
2024-06-18 11:00:00,3220.938549,0.288028,0.196817,0.633186
2024-06-18 12:00:00,3160.295401,0.288747,0.238121,0.662483
2024-06-18 13:00:00,2838.689700,0.296893,0.247488,0.641136
2024-06-18 14:00:00,2737.647468,0.311239,0.202583,0.569648
2024-06-18 15:00:00,2774.041504,0.306073,0.153573,0.412107
2024-06-18 16:00:00,2697.504394,0.286430,0.187562,0.303864
2024-06-18 17:00:00,2536.697071,0.236561,0.224482,0.177856
2024-06-18 18:00:00,2392.990963,0.190469,0.196234,0.076847
2024-06-18 19:00:00,2278.677669,0.145166,0.181289,0.024868
2024-06-18 20:00:00,2239.438289,0.128462,0.202282,0.001074
2024-06-18 21:00:00,2280.587322,0.161197,0.245810,0.000180
2024-06-18 22:00:00,2149.782490,0.186075,0.282378,0.000161
2024-06-18 23:00:00,2077.651840,0.193083,0.305343,0.000144
2024-06-19 00:00:00,2035.964233,0.184493,0.278747,0.000174
2024-06-19 01:00:00,1987.183799,0.174955,0.309454,0.000110
2024-06-19 02:00:00,2001.170204,0.184960,0.383210,0.001259
2024-06-19 03:00:00,2049.873916,0.217117,0.471431,0.022532
2024-06-19 04:00:00,2299.671536,0.210362,0.516433,0.086441
2024-06-19 05:00:00,2621.058525,0.275796,0.506023,0.191762
2024-06-19 06:00:00,2783.910141,0.376782,0.488500,0.286877
2024-06-19 07:00:00,2865.638046,0.413160,0.539549,0.429011
2024-06-19 08:00:00,3089.677821,0.451375,0.495047,0.520164
2024-06-19 09:00:00,3184.508847,0.484338,0.479098,0.565683
2024-06-19 10:00:00,3210.965473,0.526625,0.462342,0.588729
2024-06-19 11:00:00,3301.002480,0.600505,0.488648,0.599932
2024-06-19 12:00:00,3218.273484,0.609419,0.588920,0.568472
2024-06-19 13:00:00,3174.312805,0.627801,0.616032,0.548520
2024-06-19 14:00:00,3244.128572,0.656180,0.665722,0.475550
2024-06-19 15:00:00,3169.738650,0.680650,0.695174,0.398060
2024-06-19 16:00:00,3062.533640,0.679859,0.740321,0.310036
2024-06-19 17:00:00,2896.644199,0.665851,0.742633,0.181948
2024-06-19 18:00:00,2629.557237,0.620913,0.749632,0.081577
2024-06-19 19:00:00,2543.775423,0.511138,0.685310,0.021658
2024-06-19 20:00:00,2432.894110,0.437265,0.612917,0.000847
2024-06-19 21:00:00,2319.797185,0.433008,0.595351,0.000213
2024-06-19 22:00:00,2167.752170,0.419408,0.531895,0.000204
2024-06-19 23:00:00,2076.415724,0.390595,0.487618,0.000194
2024-06-20 00:00:00,2033.656273,0.355599,0.431484,0.000187
2024-06-20 01:00:00,1936.197056,0.325128,0.418827,0.000173
2024-06-20 02:00:00,1983.045616,0.307874,0.379388,0.001886
2024-06-20 03:00:00,2056.679176,0.283195,0.364310,0.024954
2024-06-20 04:00:00,2282.189270,0.218550,0.377457,0.087251
2024-06-20 05:00:00,2591.751609,0.218368,0.374235,0.236675
2024-06-20 06:00:00,2732.223744,0.245569,0.314676,0.412837
2024-06-20 07:00:00,2840.769206,0.241921,0.273712,0.615888
2024-06-20 08:00:00,2957.507720,0.229251,0.240959,0.782136
2024-06-20 09:00:00,2977.503575,0.223248,0.170717,0.841780
2024-06-20 10:00:00,3193.462685,0.207682,0.175663,0.835141
2024-06-20 11:00:00,3217.020348,0.197898,0.172240,0.802588
2024-06-20 12:00:00,3001.152621,0.200478,0.154676,0.804929
2024-06-20 13:00:00,2871.489882,0.208839,0.126761,0.798407
2024-06-20 14:00:00,2797.933660,0.222081,0.132634,0.700025
2024-06-20 15:00:00,2810.662404,0.210858,0.112775,0.556640
2024-06-20 16:00:00,2623.641236,0.177349,0.079042,0.362282
2024-06-20 17:00:00,2470.379829,0.148848,0.065237,0.205427
2024-06-20 18:00:00,2372.840704,0.145192,0.058201,0.093926
2024-06-20 19:00:00,2266.129973,0.128020,0.041019,0.024985
2024-06-20 20:00:00,2170.353737,0.098469,0.041568,0.000955
2024-06-20 21:00:00,2096.035116,0.095030,0.071406,0.000167
2024-06-20 22:00:00,2048.277046,0.090284,0.106372,0.000145
2024-06-20 23:00:00,2059.415441,0.070572,0.092644,0.000139
2024-06-21 00:00:00,2065.436044,0.048117,0.046996,0.000133
2024-06-21 01:00:00,2047.001800,0.025030,0.013664,0.000108
2024-06-21 02:00:00,2013.647153,0.014780,0.006851,0.001022
2024-06-21 03:00:00,1989.345753,0.029314,0.003980,0.023686
2024-06-21 04:00:00,2238.388038,0.020029,0.002308,0.086532
2024-06-21 05:00:00,2544.985950,0.009348,0.000504,0.202774
2024-06-21 06:00:00,2711.662664,0.005369,0.000051,0.346750
2024-06-21 07:00:00,2744.943731,0.002592,0.001265,0.498707
2024-06-21 08:00:00,2843.029175,0.005142,0.001148,0.632336
2024-06-21 09:00:00,2993.528260,0.006952,0.001465,0.793829
2024-06-21 10:00:00,3000.955288,0.010324,0.000521,0.837829
2024-06-21 11:00:00,2954.906304,0.014854,0.009534,0.812246
2024-06-21 12:00:00,2839.253766,0.021363,0.008169,0.708204
2024-06-21 13:00:00,2695.643577,0.035445,0.012380,0.573790
2024-06-21 14:00:00,2814.827607,0.045769,0.028829,0.530302
2024-06-21 15:00:00,2550.944753,0.061259,0.075224,0.316938
2024-06-21 16:00:00,2474.284048,0.074231,0.132525,0.139752
2024-06-21 17:00:00,2329.359549,0.088049,0.137733,0.046891
2024-06-21 18:00:00,2216.899209,0.084206,0.138355,0.016903
2024-06-21 19:00:00,2130.836699,0.101385,0.110548,0.001992
2024-06-21 20:00:00,2072.369147,0.136749,0.121158,0.000252
2024-06-21 21:00:00,1992.528473,0.128007,0.179408,0.000215
2024-06-21 22:00:00,1928.034648,0.121023,0.249433,0.000159
2024-06-21 23:00:00,1881.780049,0.124794,0.272242,0.000128
2024-06-22 00:00:00,1949.333537,0.143457,0.322411,0.000110
2024-06-22 01:00:00,2044.819165,0.160006,0.472859,0.000089
2024-06-22 02:00:00,2014.504087,0.186786,0.505325,0.000097
2024-06-22 03:00:00,2067.872718,0.203982,0.446091,0.002282
2024-06-22 04:00:00,1985.174104,0.188023,0.284389,0.016070
2024-06-22 05:00:00,2060.746507,0.170915,0.180338,0.038626
2024-06-22 06:00:00,2235.660469,0.134726,0.158117,0.077973
2024-06-22 07:00:00,2598.295413,0.109017,0.118934,0.138652
2024-06-22 08:00:00,2966.083869,0.100321,0.085170,0.191353
2024-06-22 09:00:00,3086.348900,0.103656,0.102869,0.281200
2024-06-22 10:00:00,3022.706580,0.127083,0.129389,0.300433
2024-06-22 11:00:00,3200.479750,0.151689,0.088608,0.276554
2024-06-22 12:00:00,3129.372110,0.168676,0.109577,0.283744
2024-06-22 13:00:00,3018.232864,0.181614,0.128752,0.295529
2024-06-22 14:00:00,2883.562840,0.204272,0.227553,0.328177
2024-06-22 15:00:00,2625.711013,0.245260,0.204474,0.269766
2024-06-22 16:00:00,2384.992694,0.266282,0.168621,0.228348
2024-06-22 17:00:00,2253.933307,0.267176,0.143689,0.138754
2024-06-22 18:00:00,2136.736108,0.208109,0.232684,0.064186
2024-06-22 19:00:00,2034.268097,0.170686,0.274522,0.017699
2024-06-22 20:00:00,1980.309708,0.158830,0.238322,0.000712
2024-06-22 21:00:00,1941.944598,0.145371,0.288593,0.000179
2024-06-22 22:00:00,1916.547511,0.145763,0.299868,0.000152
2024-06-22 23:00:00,1840.943925,0.146684,0.312366,0.000120
2024-06-23 00:00:00,1817.693682,0.141870,0.306220,0.000124
2024-06-23 01:00:00,1777.902845,0.135255,0.269517,0.000107
2024-06-23 02:00:00,1724.834407,0.114393,0.265606,0.000962
2024-06-23 03:00:00,1718.637943,0.100070,0.277812,0.023870
2024-06-23 04:00:00,1787.041088,0.091923,0.302518,0.091169
2024-06-23 05:00:00,1982.533948,0.104134,0.271210,0.207569
2024-06-23 06:00:00,2459.255967,0.129673,0.214600,0.328565
2024-06-23 07:00:00,2620.703182,0.116288,0.168709,0.424184
2024-06-23 08:00:00,2752.377788,0.107169,0.037894,0.442064
2024-06-23 09:00:00,2763.012641,0.117008,0.144737,0.634451
2024-06-23 10:00:00,2884.362035,0.147934,0.116728,0.636052
2024-06-23 11:00:00,2927.559503,0.186805,0.099559,0.615339
2024-06-23 12:00:00,2938.886836,0.215463,0.042359,0.540349
2024-06-23 13:00:00,2924.030004,0.241975,0.079132,0.464070
2024-06-23 14:00:00,2731.402168,0.283777,0.090385,0.439051
2024-06-23 15:00:00,2642.459567,0.325711,0.160980,0.525565
2024-06-23 16:00:00,2387.630716,0.292240,0.142703,0.401238
2024-06-23 17:00:00,2210.703503,0.240261,0.137987,0.220060
2024-06-23 18:00:00,2117.577242,0.179918,0.197576,0.080208
2024-06-23 19:00:00,2040.148383,0.138656,0.229040,0.021872
2024-06-23 20:00:00,2046.454001,0.139501,0.243478,0.001032
2024-06-23 21:00:00,2025.082029,0.134008,0.225249,0.000209
2024-06-23 22:00:00,1942.311070,0.131441,0.208870,0.000199
2024-06-23 23:00:00,1893.551206,0.134067,0.225418,0.000168
2024-06-24 00:00:00,1864.960857,0.145430,0.211372,0.000123
2024-06-24 01:00:00,1816.684195,0.144582,0.182516,0.000120
2024-06-24 02:00:00,1785.744402,0.132821,0.215475,0.001575
2024-06-24 03:00:00,1865.468740,0.128469,0.207528,0.024328
2024-06-24 04:00:00,2149.118375,0.128210,0.189413,0.090992
2024-06-24 05:00:00,2488.959287,0.161195,0.166988,0.232181
2024-06-24 06:00:00,2789.524696,0.172417,0.134492,0.438977
2024-06-24 07:00:00,2832.485680,0.130409,0.101715,0.631184
2024-06-24 08:00:00,2972.738120,0.105413,0.064265,0.764206
2024-06-24 09:00:00,3074.749991,0.087583,0.041515,0.834701
2024-06-24 10:00:00,3055.749029,0.080772,0.027819,0.862377
2024-06-24 11:00:00,3094.980111,0.071211,0.018110,0.919025
2024-06-24 12:00:00,3060.381943,0.064969,0.012284,0.947273
2024-06-24 13:00:00,2904.034787,0.059854,0.005349,0.930446
2024-06-24 14:00:00,2836.201660,0.048593,0.007285,0.835461
2024-06-24 15:00:00,2804.797546,0.033842,0.006734,0.676968
2024-06-24 16:00:00,2712.030939,0.023485,0.003433,0.466221
2024-06-24 17:00:00,2560.647513,0.015896,0.001621,0.238803
2024-06-24 18:00:00,2484.263862,0.008964,0.001042,0.082595
2024-06-24 19:00:00,2281.328818,0.008081,0.000192,0.021786
2024-06-24 20:00:00,2196.672669,0.010423,0.000433,0.001196
2024-06-24 21:00:00,2143.083060,0.008216,0.000054,0.000190
2024-06-24 22:00:00,2051.876130,0.007158,0.000025,0.000159
2024-06-24 23:00:00,2043.639338,0.007878,0.000013,0.000145
2024-06-25 00:00:00,2025.427151,0.009293,0.000020,0.000141
2024-06-25 01:00:00,2021.957143,0.010337,0.000079,0.000118
2024-06-25 02:00:00,1884.690046,0.011471,0.000115,0.001496
2024-06-25 03:00:00,1933.299484,0.012120,0.000444,0.025374
2024-06-25 04:00:00,2238.118899,0.008988,0.000399,0.091472
2024-06-25 05:00:00,2592.409575,0.001410,0.000575,0.253519
2024-06-25 06:00:00,2798.375953,0.000304,0.000962,0.475020
2024-06-25 07:00:00,2916.216277,0.000888,0.000983,0.674468
2024-06-25 08:00:00,3051.389143,0.001927,0.000795,0.804408
2024-06-25 09:00:00,3287.658656,0.003179,0.003297,0.845615
2024-06-25 10:00:00,3386.336555,0.004626,0.000519,0.826789
2024-06-25 11:00:00,3423.925819,0.008455,0.000586,0.835587
2024-06-25 12:00:00,3419.415921,0.012937,0.000911,0.811903
2024-06-25 13:00:00,3162.226790,0.020363,0.001583,0.838780
2024-06-25 14:00:00,2925.903131,0.027142,0.002253,0.763278
2024-06-25 15:00:00,2783.496532,0.029045,0.009001,0.639704
2024-06-25 16:00:00,2672.273800,0.029385,0.023906,0.443318
2024-06-25 17:00:00,2543.575895,0.031743,0.032963,0.226669
2024-06-25 18:00:00,2415.291396,0.029620,0.048558,0.080077
2024-06-25 19:00:00,2286.014488,0.029614,0.058824,0.021096
2024-06-25 20:00:00,2194.763006,0.033618,0.045246,0.001057
2024-06-25 21:00:00,2127.415395,0.034644,0.062850,0.000222
2024-06-25 22:00:00,2064.223807,0.035275,0.079673,0.000516
2024-06-25 23:00:00,2064.494336,0.030652,0.055106,0.000160
2024-06-26 00:00:00,2029.178649,0.032630,0.035396,0.000139
2024-06-26 01:00:00,1994.447233,0.038811,0.022596,0.000141
2024-06-26 02:00:00,1916.326954,0.034600,0.015993,0.001480
2024-06-26 03:00:00,1965.671878,0.024232,0.015500,0.024388
2024-06-26 04:00:00,2259.557355,0.016171,0.018875,0.088949
2024-06-26 05:00:00,2583.201349,0.007569,0.016923,0.242953
2024-06-26 06:00:00,2771.180394,0.003235,0.015799,0.458481
2024-06-26 07:00:00,2845.299353,0.003246,0.003121,0.657489
2024-06-26 08:00:00,2938.994001,0.006667,0.006573,0.816175
2024-06-26 09:00:00,3084.233175,0.008685,0.009706,0.917117
2024-06-26 10:00:00,3155.481762,0.012834,0.012700,0.949358
2024-06-26 11:00:00,3176.450408,0.019182,0.013223,0.920708
2024-06-26 12:00:00,3131.154182,0.025841,0.009033,0.888012
2024-06-26 13:00:00,3020.740109,0.031837,0.019195,0.866589
2024-06-26 14:00:00,2794.942369,0.032468,0.037492,0.732060
2024-06-26 15:00:00,2766.138534,0.039711,0.030344,0.601670
2024-06-26 16:00:00,2660.188389,0.044518,0.036371,0.402631
2024-06-26 17:00:00,2551.885546,0.052299,0.035554,0.216383
2024-06-26 18:00:00,2440.314009,0.063247,0.042782,0.077005
2024-06-26 19:00:00,2352.734735,0.082060,0.060242,0.019683
2024-06-26 20:00:00,2295.201792,0.106341,0.136956,0.000951
2024-06-26 21:00:00,2279.374326,0.133205,0.168207,0.000250
2024-06-26 22:00:00,2075.487810,0.158312,0.227719,0.000252
2024-06-26 23:00:00,2044.148477,0.173979,0.313561,0.000210
2024-06-27 00:00:00,2032.329639,0.163356,0.342558,0.000216
2024-06-27 01:00:00,1965.455537,0.152386,0.362436,0.000181
2024-06-27 02:00:00,1946.906092,0.150642,0.321990,0.001308
2024-06-27 03:00:00,2014.545957,0.149150,0.333710,0.023503
2024-06-27 04:00:00,2294.133743,0.143430,0.385985,0.090246
2024-06-27 05:00:00,2616.719817,0.118069,0.413517,0.229036
2024-06-27 06:00:00,2779.070567,0.115464,0.383115,0.417474
2024-06-27 07:00:00,2846.733479,0.150222,0.357414,0.606829
2024-06-27 08:00:00,2975.178480,0.176691,0.291780,0.776816
2024-06-27 09:00:00,3004.942867,0.182976,0.255498,0.853926
2024-06-27 10:00:00,3035.020600,0.191513,0.235144,0.857468
2024-06-27 11:00:00,3156.477633,0.198833,0.181081,0.878527
2024-06-27 12:00:00,3138.974207,0.212213,0.204008,0.854045
2024-06-27 13:00:00,3023.569112,0.235201,0.244603,0.685424
2024-06-27 14:00:00,2858.450124,0.245367,0.372331,0.407628
2024-06-27 15:00:00,2859.077383,0.317505,0.464913,0.199852
2024-06-27 16:00:00,2774.748328,0.320131,0.422096,0.078870
2024-06-27 17:00:00,2598.812927,0.217762,0.309970,0.059621
2024-06-27 18:00:00,2446.668458,0.160823,0.362337,0.045990
2024-06-27 19:00:00,2354.961139,0.142868,0.428789,0.018050
2024-06-27 20:00:00,2266.215696,0.154422,0.303079,0.001840
2024-06-27 21:00:00,2161.954748,0.120299,0.191398,0.000190
2024-06-27 22:00:00,2085.789726,0.101329,0.147859,0.000169
2024-06-27 23:00:00,2034.828144,0.074874,0.150921,0.000160
2024-06-28 00:00:00,2025.496216,0.081132,0.161843,0.000128
2024-06-28 01:00:00,1973.862726,0.070467,0.060865,0.000119
2024-06-28 02:00:00,1933.305393,0.056205,0.024852,0.000332
2024-06-28 03:00:00,1977.931886,0.038999,0.021405,0.021807
2024-06-28 04:00:00,2327.353392,0.021887,0.057686,0.063355
2024-06-28 05:00:00,2571.071168,0.027427,0.080848,0.113359
2024-06-28 06:00:00,2729.759982,0.041281,0.073604,0.234129
2024-06-28 07:00:00,2800.078089,0.053439,0.119213,0.360991
2024-06-28 08:00:00,2915.487285,0.089924,0.304047,0.521152
2024-06-28 09:00:00,3127.694822,0.212818,0.375390,0.652462
2024-06-28 10:00:00,3376.141178,0.321013,0.428402,0.628239
2024-06-28 11:00:00,3312.803297,0.434240,0.121176,0.596604
2024-06-28 12:00:00,3282.644144,0.536066,0.160205,0.547842
2024-06-28 13:00:00,3226.102223,0.520167,0.175036,0.452094
2024-06-28 14:00:00,3151.177089,0.531239,0.159541,0.384335
2024-06-28 15:00:00,3056.807591,0.779255,0.790959,0.390218
2024-06-28 16:00:00,2676.813589,0.732300,0.884597,0.243247
2024-06-28 17:00:00,2444.247485,0.649487,0.885318,0.150315
2024-06-28 18:00:00,2290.019138,0.592958,0.886387,0.060507
2024-06-28 19:00:00,2176.184164,0.548897,0.904422,0.014645
2024-06-28 20:00:00,2093.269520,0.491280,0.869316,0.000779
2024-06-28 21:00:00,1985.461907,0.390168,0.843497,0.000258
2024-06-28 22:00:00,1897.627741,0.310129,0.788009,0.000191
2024-06-28 23:00:00,1861.082213,0.270354,0.701980,0.000163
2024-06-29 00:00:00,1779.579404,0.245374,0.595149,0.000146
2024-06-29 01:00:00,1706.686693,0.203502,0.540330,0.000126
2024-06-29 02:00:00,1728.045351,0.213009,0.542626,0.001268
2024-06-29 03:00:00,1761.812253,0.222920,0.475789,0.024941
2024-06-29 04:00:00,1755.151640,0.186926,0.386709,0.091098
2024-06-29 05:00:00,1906.811094,0.168550,0.304608,0.204836
2024-06-29 06:00:00,2083.164863,0.220380,0.325227,0.323970
2024-06-29 07:00:00,2295.886416,0.280473,0.312486,0.408801
2024-06-29 08:00:00,2672.640496,0.268553,0.288036,0.485862
2024-06-29 09:00:00,2805.418760,0.247211,0.225029,0.417458
2024-06-29 10:00:00,2817.704684,0.205208,0.180484,0.474807
2024-06-29 11:00:00,2788.818945,0.167149,0.087418,0.487310
2024-06-29 12:00:00,2723.439270,0.144588,0.090134,0.544694
2024-06-29 13:00:00,2556.198012,0.166646,0.187421,0.669924
2024-06-29 14:00:00,2412.347090,0.151031,0.173242,0.657078
2024-06-29 15:00:00,2256.534737,0.115043,0.135410,0.519413
2024-06-29 16:00:00,2189.028401,0.069221,0.130004,0.347692
2024-06-29 17:00:00,2083.909399,0.029091,0.108707,0.182884
2024-06-29 18:00:00,2000.366771,0.012284,0.078171,0.062709
2024-06-29 19:00:00,1912.987229,0.006252,0.038338,0.013064
2024-06-29 20:00:00,1882.611907,0.007654,0.024379,0.000349
2024-06-29 21:00:00,1835.854840,0.011125,0.010088,0.000199
2024-06-29 22:00:00,1773.551285,0.014000,0.010816,0.000176
2024-06-29 23:00:00,1735.259274,0.036135,0.031032,0.000164
2024-06-30 00:00:00,1675.083105,0.039239,0.054535,0.000131
2024-06-30 01:00:00,1637.249315,0.053548,0.118169,0.000140
2024-06-30 02:00:00,1641.262651,0.064852,0.155771,0.000197
2024-06-30 03:00:00,1738.691097,0.077437,0.185653,0.008137
2024-06-30 04:00:00,1831.229934,0.087077,0.241132,0.030324
2024-06-30 05:00:00,1919.737997,0.085428,0.290269,0.046763
2024-06-30 06:00:00,2089.839828,0.104071,0.323630,0.078210
2024-06-30 07:00:00,2219.710789,0.114726,0.291043,0.151042
2024-06-30 08:00:00,2458.188427,0.117834,0.281167,0.212744
2024-06-30 09:00:00,2584.189707,0.108030,0.249467,0.295016
2024-06-30 10:00:00,2776.601676,0.094460,0.209823,0.301292
2024-06-30 11:00:00,2719.405348,0.080802,0.176790,0.295680
2024-06-30 12:00:00,2714.809589,0.063055,0.190118,0.266386
2024-06-30 13:00:00,2670.822109,0.068297,0.172302,0.304889
2024-06-30 14:00:00,2485.821401,0.079597,0.155029,0.319745
2024-06-30 15:00:00,2430.199270,0.090314,0.136361,0.342924
2024-06-30 16:00:00,2380.330791,0.093458,0.128750,0.286497
2024-06-30 17:00:00,2242.677442,0.122842,0.106268,0.187897
2024-06-30 18:00:00,2106.711203,0.127155,0.115932,0.079741
2024-06-30 19:00:00,2030.908252,0.098088,0.146194,0.020783
2024-06-30 20:00:00,1984.246033,0.123342,0.232879,0.000785
2024-06-30 21:00:00,1930.702456,0.155690,0.280427,0.000147
2024-06-30 22:00:00,1880.442869,0.156317,0.259107,0.000125
2024-06-30 23:00:00,1841.052123,0.158611,0.298678,0.000130
2024-07-01 00:00:00,1844.030983,0.171013,0.299604,0.000116
2024-07-01 01:00:00,1820.296643,0.177454,0.240036,0.000103
2024-07-01 02:00:00,1776.149732,0.166234,0.213140,0.001117
2024-07-01 03:00:00,1850.516216,0.148822,0.192327,0.023244
2024-07-01 04:00:00,2136.343895,0.123082,0.187517,0.080474
2024-07-01 05:00:00,2443.949119,0.108573,0.193157,0.192958
2024-07-01 06:00:00,2655.781248,0.141429,0.174308,0.346270
2024-07-01 07:00:00,2738.606230,0.166050,0.259550,0.450046
2024-07-01 08:00:00,2928.367578,0.201083,0.345977,0.561821
2024-07-01 09:00:00,2909.907388,0.233396,0.380687,0.490597
2024-07-01 10:00:00,3118.559409,0.267254,0.355024,0.639603
2024-07-01 11:00:00,3042.426439,0.283815,0.402106,0.603256
2024-07-01 12:00:00,3123.786978,0.315739,0.432191,0.640011
2024-07-01 13:00:00,3020.588813,0.348084,0.460792,0.554047
2024-07-01 14:00:00,2910.577557,0.357731,0.475528,0.482349
2024-07-01 15:00:00,2867.299626,0.366861,0.524159,0.365341
2024-07-01 16:00:00,2708.257664,0.393154,0.543878,0.219992
2024-07-01 17:00:00,2545.094658,0.376991,0.506430,0.117543
2024-07-01 18:00:00,2417.169733,0.330678,0.456478,0.047914
2024-07-01 19:00:00,2299.499772,0.299188,0.457295,0.007125
2024-07-01 20:00:00,2216.426283,0.286563,0.406069,0.000280
2024-07-01 21:00:00,2112.368404,0.269670,0.382850,0.000196
2024-07-01 22:00:00,2039.241488,0.276407,0.442779,0.000184
2024-07-01 23:00:00,2017.000842,0.275765,0.474131,0.000155
2024-07-02 00:00:00,2041.327430,0.263808,0.530024,0.000148
2024-07-02 01:00:00,1976.553128,0.265042,0.560651,0.000117
2024-07-02 02:00:00,1977.330540,0.260551,0.551142,0.000291
2024-07-02 03:00:00,2021.482092,0.237246,0.593149,0.010201
2024-07-02 04:00:00,2259.749949,0.237809,0.608995,0.052842
2024-07-02 05:00:00,2586.726573,0.226354,0.710533,0.136448
2024-07-02 06:00:00,2744.683365,0.241631,0.768002,0.200681
2024-07-02 07:00:00,2801.481415,0.329198,0.843485,0.211903
2024-07-02 08:00:00,2929.602691,0.397325,0.822296,0.269212
2024-07-02 09:00:00,3048.944035,0.466282,0.807782,0.364660
2024-07-02 10:00:00,3068.952843,0.522116,0.739524,0.424694
2024-07-02 11:00:00,3102.504485,0.566997,0.765159,0.438085
2024-07-02 12:00:00,3036.824515,0.603191,0.842419,0.445480
2024-07-02 13:00:00,3010.237183,0.632163,0.913685,0.413240
2024-07-02 14:00:00,2931.444373,0.647571,0.924502,0.331427
2024-07-02 15:00:00,2979.638477,0.655333,0.931408,0.267573
2024-07-02 16:00:00,2898.925235,0.650754,0.922910,0.209503
2024-07-02 17:00:00,2734.567230,0.621592,0.895857,0.131293
2024-07-02 18:00:00,2534.329104,0.572973,0.943302,0.058287
2024-07-02 19:00:00,2409.535174,0.575411,0.933711,0.017160
2024-07-02 20:00:00,2341.332101,0.541566,0.898901,0.000841
2024-07-02 21:00:00,2308.394674,0.513331,0.882121,0.000204
2024-07-02 22:00:00,2327.770235,0.511710,0.845538,0.000198
2024-07-02 23:00:00,2304.347761,0.532952,0.864645,0.000172
2024-07-03 00:00:00,2247.624003,0.521962,0.888063,0.000173
2024-07-03 01:00:00,2156.924568,0.485876,0.819474,0.000131
2024-07-03 02:00:00,2221.595109,0.449457,0.763174,0.000761
2024-07-03 03:00:00,2197.610306,0.379184,0.682651,0.022669
2024-07-03 04:00:00,2272.954825,0.335327,0.538381,0.092105
2024-07-03 05:00:00,2539.002067,0.355466,0.494124,0.181638
2024-07-03 06:00:00,2720.057917,0.419943,0.556885,0.313489
2024-07-03 07:00:00,2797.596473,0.432780,0.546665,0.454655
2024-07-03 08:00:00,2888.332257,0.442840,0.512197,0.503061
2024-07-03 09:00:00,2969.895818,0.431592,0.463553,0.545149
2024-07-03 10:00:00,2967.195822,0.439706,0.373948,0.561532
2024-07-03 11:00:00,2999.187709,0.423926,0.380804,0.590966
2024-07-03 12:00:00,2940.696931,0.414034,0.369818,0.595218
2024-07-03 13:00:00,2841.080231,0.398310,0.318644,0.521461
2024-07-03 14:00:00,2709.169193,0.337309,0.261860,0.454066
2024-07-03 15:00:00,2742.651178,0.261848,0.207618,0.271086
2024-07-03 16:00:00,2643.504237,0.189573,0.162952,0.187703
2024-07-03 17:00:00,2487.453358,0.137156,0.230447,0.123628
2024-07-03 18:00:00,2377.254242,0.110012,0.250288,0.064829
2024-07-03 19:00:00,2275.293966,0.102194,0.356821,0.019417
2024-07-03 20:00:00,2203.725425,0.129281,0.382245,0.000558
2024-07-03 21:00:00,2121.215595,0.169253,0.455007,0.000246
2024-07-03 22:00:00,2067.883460,0.189846,0.539326,0.000220
2024-07-03 23:00:00,2116.495165,0.216757,0.649382,0.000218
2024-07-04 00:00:00,2175.355579,0.259540,0.732538,0.000210
2024-07-04 01:00:00,2146.756216,0.315961,0.755159,0.000220
2024-07-04 02:00:00,2219.646569,0.382573,0.809891,0.000263
2024-07-04 03:00:00,2244.641091,0.460643,0.851628,0.005955
2024-07-04 04:00:00,2403.555144,0.539875,0.923130,0.025983
2024-07-04 05:00:00,2697.290008,0.511825,0.732311,0.046756
2024-07-04 06:00:00,2871.109027,0.404141,0.813879,0.083558
2024-07-04 07:00:00,3015.963022,0.403941,0.931133,0.138203
2024-07-04 08:00:00,3293.482145,0.475720,0.781686,0.336021
2024-07-04 09:00:00,3488.689199,0.565924,0.297542,0.537486
2024-07-04 10:00:00,3512.244032,0.558239,0.171650,0.564234
2024-07-04 11:00:00,3614.893162,0.546736,0.085122,0.397040
2024-07-04 12:00:00,3650.884963,0.436158,0.139426,0.266306
2024-07-04 13:00:00,3425.712437,0.427898,0.156967,0.272447
2024-07-04 14:00:00,3354.029765,0.492838,0.104151,0.245038
2024-07-04 15:00:00,3299.748190,0.591595,0.632942,0.382372
2024-07-04 16:00:00,3054.443462,0.652327,0.882187,0.300962
2024-07-04 17:00:00,2711.816879,0.586712,0.826194,0.186088
2024-07-04 18:00:00,2475.026302,0.469707,0.865088,0.066363
2024-07-04 19:00:00,2360.470930,0.418115,0.822419,0.013418
2024-07-04 20:00:00,2287.181810,0.414614,0.838564,0.000393
2024-07-04 21:00:00,2193.026293,0.406050,0.830644,0.000251
2024-07-04 22:00:00,2276.549101,0.420735,0.849049,0.000232
2024-07-04 23:00:00,2279.853045,0.428664,0.900350,0.000249
2024-07-05 00:00:00,2385.124556,0.427217,0.951078,0.000201
2024-07-05 01:00:00,2279.232088,0.423344,0.929851,0.000159
2024-07-05 02:00:00,2146.853783,0.423235,0.921383,0.000462
2024-07-05 03:00:00,2144.664862,0.412485,0.913718,0.016555
2024-07-05 04:00:00,2300.432897,0.400734,0.952675,0.062994
2024-07-05 05:00:00,2591.825014,0.445011,0.932856,0.173212
2024-07-05 06:00:00,2768.313170,0.501760,0.886467,0.368459
2024-07-05 07:00:00,2922.181251,0.596521,0.902778,0.499457
2024-07-05 08:00:00,3332.590972,0.656614,0.902519,0.592456
2024-07-05 09:00:00,3427.597974,0.701183,0.604847,0.572750
2024-07-05 10:00:00,3432.355336,0.715681,0.413500,0.596388
2024-07-05 11:00:00,3369.909153,0.680554,0.227774,0.400290
2024-07-05 12:00:00,3201.809182,0.648541,0.304205,0.341962
2024-07-05 13:00:00,3143.790898,0.709701,0.516038,0.452739
2024-07-05 14:00:00,3134.492114,0.805755,0.801306,0.449104
2024-07-05 15:00:00,2986.799889,0.866683,0.788311,0.418374
2024-07-05 16:00:00,2725.102213,0.811419,0.880859,0.270946
2024-07-05 17:00:00,2473.242092,0.761284,0.939680,0.156257
2024-07-05 18:00:00,2333.868822,0.675749,0.898138,0.069293
2024-07-05 19:00:00,2267.901773,0.586271,0.821811,0.019293
2024-07-05 20:00:00,2160.411529,0.504618,0.753587,0.000661
2024-07-05 21:00:00,2019.841054,0.445708,0.724830,0.000314
2024-07-05 22:00:00,1917.057826,0.369423,0.599123,0.000236
2024-07-05 23:00:00,1833.949871,0.289693,0.473580,0.000172
2024-07-06 00:00:00,1775.303099,0.220771,0.365798,0.000160
2024-07-06 01:00:00,1746.699616,0.173375,0.256980,0.000144
2024-07-06 02:00:00,1752.786729,0.131730,0.188200,0.001274
2024-07-06 03:00:00,1790.393364,0.105208,0.123115,0.022193
2024-07-06 04:00:00,1936.133319,0.086340,0.094837,0.055774
2024-07-06 05:00:00,2116.999354,0.098182,0.169694,0.071611
2024-07-06 06:00:00,2307.345054,0.137439,0.205925,0.072760
2024-07-06 07:00:00,2492.397616,0.187645,0.106310,0.100622
2024-07-06 08:00:00,2620.706059,0.256087,0.179973,0.156289
2024-07-06 09:00:00,2744.298601,0.323416,0.385700,0.238284
2024-07-06 10:00:00,2984.801391,0.323298,0.079306,0.310906
2024-07-06 11:00:00,3159.032160,0.294584,0.017650,0.341484
2024-07-06 12:00:00,3204.882878,0.251826,0.017983,0.209768
2024-07-06 13:00:00,3177.283316,0.226475,0.016744,0.182113
2024-07-06 14:00:00,2971.982844,0.218963,0.012367,0.216033
2024-07-06 15:00:00,2882.257548,0.215902,0.209378,0.223150
2024-07-06 16:00:00,2608.416799,0.274492,0.563940,0.179822
2024-07-06 17:00:00,2466.854768,0.448710,0.425211,0.162674
2024-07-06 18:00:00,2298.627770,0.674881,0.821077,0.076825
2024-07-06 19:00:00,2235.737152,0.758564,0.825293,0.015099
2024-07-06 20:00:00,2137.211770,0.857134,0.812204,0.000527
2024-07-06 21:00:00,2186.827388,0.881362,0.928930,0.000395
2024-07-06 22:00:00,2048.539867,0.827859,0.382867,0.000364
2024-07-06 23:00:00,1973.906115,0.830943,0.055125,0.000288
2024-07-07 00:00:00,1930.626556,0.719624,0.032559,0.000273
2024-07-07 01:00:00,1867.748045,0.670593,0.052789,0.000224
2024-07-07 02:00:00,1909.601772,0.650629,0.208712,0.000579
2024-07-07 03:00:00,1886.874729,0.700562,0.420609,0.015692
2024-07-07 04:00:00,1966.715417,0.693895,0.523079,0.062532
2024-07-07 05:00:00,2130.305014,0.672303,0.444320,0.160229
2024-07-07 06:00:00,2440.138954,0.623370,0.158996,0.243172
2024-07-07 07:00:00,2684.715370,0.494767,0.033786,0.215269
2024-07-07 08:00:00,2772.087698,0.464406,0.023463,0.246398
2024-07-07 09:00:00,2922.438447,0.443087,0.023208,0.272465
2024-07-07 10:00:00,2884.761400,0.411813,0.022701,0.298488
2024-07-07 11:00:00,2926.455827,0.401825,0.021476,0.349102
2024-07-07 12:00:00,2860.685869,0.361509,0.018857,0.325118
2024-07-07 13:00:00,2799.866606,0.362263,0.019754,0.270566
2024-07-07 14:00:00,2647.296011,0.388292,0.046037,0.304206
2024-07-07 15:00:00,2614.405290,0.465911,0.269931,0.439844
2024-07-07 16:00:00,2491.810255,0.413587,0.520672,0.351443
2024-07-07 17:00:00,2220.073453,0.303855,0.410906,0.186080
2024-07-07 18:00:00,2093.535689,0.202087,0.320858,0.077815
2024-07-07 19:00:00,2008.591223,0.144194,0.306726,0.019807
2024-07-07 20:00:00,1983.243971,0.130141,0.340039,0.000767
2024-07-07 21:00:00,1918.543020,0.132472,0.274461,0.000213
2024-07-07 22:00:00,1864.399990,0.130169,0.246172,0.000183
2024-07-07 23:00:00,1855.622988,0.129071,0.187888,0.000150
2024-07-08 00:00:00,1814.192258,0.127492,0.182099,0.000139
2024-07-08 01:00:00,1760.613919,0.120681,0.165055,0.000145
2024-07-08 02:00:00,1756.414861,0.108815,0.115442,0.000746
2024-07-08 03:00:00,1833.673776,0.097535,0.133160,0.010752
2024-07-08 04:00:00,2096.388018,0.082775,0.168994,0.040205
2024-07-08 05:00:00,2421.487491,0.074977,0.134842,0.093886
2024-07-08 06:00:00,2623.816723,0.077370,0.167222,0.173160
2024-07-08 07:00:00,2701.426380,0.098200,0.246323,0.278612
2024-07-08 08:00:00,2929.788542,0.117992,0.230561,0.472931
2024-07-08 09:00:00,2973.916663,0.117494,0.259329,0.582335
2024-07-08 10:00:00,2976.251693,0.143395,0.219593,0.627661
2024-07-08 11:00:00,3052.329853,0.152717,0.263031,0.711462
2024-07-08 12:00:00,2942.312892,0.156635,0.240301,0.685874
2024-07-08 13:00:00,2811.546973,0.144622,0.053981,0.734773
2024-07-08 14:00:00,2742.459280,0.121510,0.073635,0.699398
2024-07-08 15:00:00,2673.970751,0.118073,0.052999,0.589549
2024-07-08 16:00:00,2576.162931,0.104477,0.035500,0.416607
2024-07-08 17:00:00,2423.859468,0.084103,0.029364,0.229771
2024-07-08 18:00:00,2271.388621,0.057740,0.019501,0.076621
2024-07-08 19:00:00,2198.589649,0.038291,0.014296,0.018069
2024-07-08 20:00:00,2104.652821,0.032425,0.007607,0.000392
2024-07-08 21:00:00,2042.851101,0.025868,0.004628,0.000188
2024-07-08 22:00:00,1953.630845,0.024926,0.007931,0.000165
2024-07-08 23:00:00,1932.184550,0.018557,0.003282,0.000138
2024-07-09 00:00:00,1908.060698,0.011684,0.000706,0.000129
2024-07-09 01:00:00,1878.000299,0.007289,0.000611,0.000108
2024-07-09 02:00:00,1843.634966,0.007950,0.000464,0.001306
2024-07-09 03:00:00,1881.585495,0.013465,0.011658,0.021118
2024-07-09 04:00:00,2120.547272,0.015875,0.038577,0.078255
2024-07-09 05:00:00,2412.506410,0.012528,0.059941,0.194407
2024-07-09 06:00:00,2575.807973,0.010773,0.058460,0.323419
2024-07-09 07:00:00,2666.132796,0.015511,0.072052,0.378112
2024-07-09 08:00:00,2803.694932,0.026140,0.096472,0.428378
2024-07-09 09:00:00,2979.286599,0.046304,0.156551,0.395418
2024-07-09 10:00:00,3094.190604,0.079550,0.202302,0.421013
2024-07-09 11:00:00,3191.804002,0.133602,0.254840,0.394534
2024-07-09 12:00:00,3173.453893,0.194472,0.314019,0.493144
2024-07-09 13:00:00,3096.733159,0.246924,0.400084,0.606224
2024-07-09 14:00:00,2872.141591,0.266373,0.477565,0.513163
2024-07-09 15:00:00,2715.081376,0.274282,0.521093,0.369616
2024-07-09 16:00:00,2585.434299,0.271645,0.564587,0.212437
2024-07-09 17:00:00,2444.207286,0.268335,0.650904,0.128214
2024-07-09 18:00:00,2325.713974,0.288516,0.712368,0.053905
2024-07-09 19:00:00,2237.632288,0.335242,0.753734,0.010563
2024-07-09 20:00:00,2251.976868,0.352937,0.800545,0.000178
2024-07-09 21:00:00,2185.176090,0.376185,0.689545,0.000170
2024-07-09 22:00:00,2199.279422,0.391407,0.620970,0.000148
2024-07-09 23:00:00,2152.974028,0.420256,0.653222,0.000351
2024-07-10 00:00:00,2179.564608,0.460133,0.668529,0.000130
2024-07-10 01:00:00,2144.470142,0.439859,0.493736,0.000129
2024-07-10 02:00:00,2113.590159,0.382864,0.678480,0.000202
2024-07-10 03:00:00,2119.293645,0.347155,0.784085,0.006587
2024-07-10 04:00:00,2312.845380,0.306897,0.770346,0.040341
2024-07-10 05:00:00,2544.723817,0.323076,0.764806,0.166190
2024-07-10 06:00:00,2716.986700,0.298665,0.778588,0.242362
2024-07-10 07:00:00,2757.334144,0.307705,0.725703,0.249939
2024-07-10 08:00:00,2832.222555,0.306807,0.596606,0.286376
2024-07-10 09:00:00,2883.834743,0.332633,0.562665,0.314701
2024-07-10 10:00:00,2878.766192,0.341746,0.626069,0.289792
2024-07-10 11:00:00,2916.622582,0.324859,0.544617,0.444798
2024-07-10 12:00:00,2886.693139,0.342025,0.396253,0.570642
2024-07-10 13:00:00,2754.317826,0.324460,0.339484,0.564141
2024-07-10 14:00:00,2684.518999,0.279331,0.298375,0.570769
2024-07-10 15:00:00,2701.342548,0.223689,0.256155,0.507691
2024-07-10 16:00:00,2618.425909,0.182262,0.253024,0.346758
2024-07-10 17:00:00,2462.330658,0.107473,0.299413,0.168650
2024-07-10 18:00:00,2340.725063,0.062485,0.308463,0.066003
2024-07-10 19:00:00,2239.809744,0.060951,0.275212,0.014149
2024-07-10 20:00:00,2165.957102,0.073725,0.207198,0.000339
2024-07-10 21:00:00,2052.786076,0.053824,0.203103,0.000213
2024-07-10 22:00:00,1985.470866,0.049736,0.188856,0.000181
2024-07-10 23:00:00,1999.482597,0.054287,0.171596,0.000177
2024-07-11 00:00:00,1954.806414,0.045903,0.168793,0.000188
2024-07-11 01:00:00,1898.954993,0.052581,0.198366,0.000162
2024-07-11 02:00:00,1890.087729,0.054208,0.218828,0.000330
2024-07-11 03:00:00,1940.413512,0.053426,0.214184,0.020311
2024-07-11 04:00:00,2152.700200,0.049975,0.191005,0.062806
2024-07-11 05:00:00,2428.782827,0.044202,0.183961,0.184332
2024-07-11 06:00:00,2609.466404,0.054285,0.184109,0.353319
2024-07-11 07:00:00,2653.693711,0.070603,0.169606,0.499611
2024-07-11 08:00:00,2753.672859,0.080939,0.181561,0.595965
2024-07-11 09:00:00,2781.658823,0.086613,0.159205,0.597279
2024-07-11 10:00:00,2826.683752,0.101840,0.134600,0.550264
2024-07-11 11:00:00,2829.794440,0.107054,0.098027,0.533743
2024-07-11 12:00:00,2773.387343,0.109433,0.107639,0.540758
2024-07-11 13:00:00,2676.425131,0.111061,0.158582,0.543525
2024-07-11 14:00:00,2651.545197,0.128948,0.217054,0.548341
2024-07-11 15:00:00,2711.209065,0.112420,0.226487,0.479135
2024-07-11 16:00:00,2570.243995,0.104760,0.284494,0.341556
2024-07-11 17:00:00,2410.334146,0.100043,0.259489,0.178649
2024-07-11 18:00:00,2273.983408,0.075826,0.207259,0.071680
2024-07-11 19:00:00,2186.312254,0.061560,0.258831,0.014064
2024-07-11 20:00:00,2111.700325,0.058495,0.252127,0.000313
2024-07-11 21:00:00,1994.433491,0.060687,0.284804,0.000183
2024-07-11 22:00:00,1938.897293,0.057188,0.308924,0.000185
2024-07-11 23:00:00,1917.534227,0.064590,0.296118,0.000142
2024-07-12 00:00:00,1899.581960,0.075648,0.295257,0.000142
2024-07-12 01:00:00,1906.077560,0.083232,0.323924,0.000122
2024-07-12 02:00:00,1904.419121,0.076703,0.295882,0.000371
2024-07-12 03:00:00,1953.347232,0.071441,0.274681,0.015948
2024-07-12 04:00:00,2083.203607,0.064372,0.259025,0.061753
2024-07-12 05:00:00,2351.837998,0.067167,0.233244,0.132221
2024-07-12 06:00:00,2498.471579,0.064894,0.176858,0.230817
2024-07-12 07:00:00,2525.196161,0.070803,0.110563,0.324728
2024-07-12 08:00:00,2620.506329,0.042659,0.070738,0.428672
2024-07-12 09:00:00,2664.633299,0.024324,0.038373,0.536088
2024-07-12 10:00:00,2615.913557,0.020975,0.023460,0.530436
2024-07-12 11:00:00,2558.887397,0.018659,0.025948,0.606973
2024-07-12 12:00:00,2516.901238,0.020516,0.013968,0.624763
2024-07-12 13:00:00,2444.282920,0.024379,0.002209,0.658116
2024-07-12 14:00:00,2358.865143,0.027470,0.008052,0.552261
2024-07-12 15:00:00,2409.922610,0.047340,0.030544,0.376336
2024-07-12 16:00:00,2332.823630,0.087107,0.133715,0.223410
2024-07-12 17:00:00,2203.634686,0.125345,0.297301,0.122508
2024-07-12 18:00:00,2109.259612,0.170906,0.546403,0.060301
2024-07-12 19:00:00,2025.000257,0.235146,0.613760,0.013666
2024-07-12 20:00:00,1982.294886,0.296445,0.690851,0.000408
2024-07-12 21:00:00,1922.483214,0.349788,0.711184,0.000270
2024-07-12 22:00:00,1948.261709,0.391585,0.813110,0.000256
2024-07-12 23:00:00,1932.741473,0.433937,0.813384,0.000251
2024-07-13 00:00:00,1857.063543,0.463140,0.832614,0.000204
2024-07-13 01:00:00,1835.377994,0.478384,0.867903,0.000188
2024-07-13 02:00:00,1802.760041,0.505378,0.849483,0.000241
2024-07-13 03:00:00,1787.208726,0.514440,0.827076,0.002882
2024-07-13 04:00:00,1825.991768,0.499866,0.818084,0.018525
2024-07-13 05:00:00,1940.504665,0.506268,0.752055,0.045949
2024-07-13 06:00:00,2101.366464,0.484837,0.732061,0.075471
2024-07-13 07:00:00,2297.325990,0.430410,0.762421,0.099781
2024-07-13 08:00:00,2640.808118,0.398648,0.720336,0.132127
2024-07-13 09:00:00,2874.158573,0.344834,0.302961,0.140626
2024-07-13 10:00:00,2925.628526,0.263086,0.384303,0.167298
2024-07-13 11:00:00,2916.744436,0.209598,0.205410,0.175560
2024-07-13 12:00:00,2883.903875,0.159845,0.300137,0.189484
2024-07-13 13:00:00,2760.975016,0.159260,0.508511,0.208048
2024-07-13 14:00:00,2680.629024,0.184371,0.422365,0.174982
2024-07-13 15:00:00,2637.618803,0.156547,0.349490,0.170943
2024-07-13 16:00:00,2315.620972,0.121407,0.330246,0.122865
2024-07-13 17:00:00,2125.680349,0.093172,0.298384,0.084883
2024-07-13 18:00:00,1999.727416,0.074982,0.275328,0.036606
2024-07-13 19:00:00,1912.403177,0.067540,0.235149,0.006055
2024-07-13 20:00:00,1861.938655,0.058536,0.207323,0.000158
2024-07-13 21:00:00,1789.297639,0.053697,0.226841,0.000127
2024-07-13 22:00:00,1696.278822,0.052757,0.199685,0.000160
2024-07-13 23:00:00,1651.652598,0.050449,0.193478,0.000118
2024-07-14 00:00:00,1622.685403,0.058392,0.203149,0.000091
2024-07-14 01:00:00,1603.131179,0.061970,0.219378,0.000075
2024-07-14 02:00:00,1593.429321,0.057195,0.237913,0.000124
2024-07-14 03:00:00,1569.078837,0.064341,0.254983,0.013532
2024-07-14 04:00:00,1639.644285,0.066428,0.292900,0.068332
2024-07-14 05:00:00,1841.517967,0.062983,0.279520,0.171470
2024-07-14 06:00:00,2366.036102,0.089988,0.086402,0.241039
2024-07-14 07:00:00,2579.448913,0.101993,0.057166,0.273369
2024-07-14 08:00:00,2726.512043,0.117368,0.061715,0.266662
2024-07-14 09:00:00,2815.043405,0.128515,0.078293,0.312086
2024-07-14 10:00:00,2811.561130,0.153929,0.073465,0.333396
2024-07-14 11:00:00,2836.408402,0.174870,0.076334,0.314123
2024-07-14 12:00:00,2815.159785,0.167839,0.134801,0.266473
2024-07-14 13:00:00,2737.827349,0.201644,0.107341,0.248195
2024-07-14 14:00:00,2715.406853,0.197912,0.141095,0.187221
2024-07-14 15:00:00,2628.801287,0.331744,0.430389,0.184220
2024-07-14 16:00:00,2380.476661,0.390074,0.802498,0.150784
2024-07-14 17:00:00,2208.443766,0.419143,0.829201,0.081955
2024-07-14 18:00:00,2082.104397,0.410358,0.758204,0.039511
2024-07-14 19:00:00,1982.308086,0.389883,0.787333,0.007641
2024-07-14 20:00:00,1947.084229,0.401931,0.884947,0.000310
2024-07-14 21:00:00,1888.336140,0.396689,0.892882,0.000206
2024-07-14 22:00:00,1828.031513,0.393939,0.855209,0.000209
2024-07-14 23:00:00,1786.727679,0.374685,0.846922,0.000184
2024-07-15 00:00:00,1755.776984,0.346223,0.809044,0.000174
2024-07-15 01:00:00,1732.735274,0.314926,0.724338,0.000140
2024-07-15 02:00:00,1717.057169,0.291446,0.722100,0.000112
2024-07-15 03:00:00,1749.219546,0.262682,0.741411,0.004065
2024-07-15 04:00:00,1918.232584,0.243860,0.704571,0.033801
2024-07-15 05:00:00,2178.863765,0.261838,0.689597,0.094990
2024-07-15 06:00:00,2373.056059,0.293421,0.615474,0.168718
2024-07-15 07:00:00,2478.188730,0.328546,0.585045,0.297756
2024-07-15 08:00:00,2559.043320,0.354579,0.641049,0.356735
2024-07-15 09:00:00,2750.818617,0.387324,0.600678,0.488844
2024-07-15 10:00:00,2861.158653,0.407125,0.631759,0.520538
2024-07-15 11:00:00,2918.694862,0.428439,0.609206,0.535288
2024-07-15 12:00:00,2917.715119,0.390926,0.459541,0.478992
2024-07-15 13:00:00,2635.088105,0.350486,0.401685,0.470884
2024-07-15 14:00:00,2398.651078,0.292058,0.327136,0.389735
2024-07-15 15:00:00,2441.273669,0.226022,0.165112,0.384342
2024-07-15 16:00:00,2389.222761,0.166388,0.137779,0.271077
2024-07-15 17:00:00,2242.835693,0.115669,0.121989,0.140931
2024-07-15 18:00:00,2114.794454,0.065861,0.061636,0.056512
2024-07-15 19:00:00,2017.570364,0.031690,0.039078,0.010381
2024-07-15 20:00:00,1960.718746,0.021650,0.024552,0.000203
2024-07-15 21:00:00,1859.517147,0.017261,0.022778,0.000160
2024-07-15 22:00:00,1784.695605,0.013101,0.011877,0.000137
2024-07-15 23:00:00,1746.580307,0.009874,0.002783,0.000125
2024-07-16 00:00:00,1727.937585,0.018653,0.006714,0.000124
2024-07-16 01:00:00,1716.830472,0.030353,0.026452,0.000106
2024-07-16 02:00:00,1687.298537,0.047248,0.081876,0.000233
2024-07-16 03:00:00,1704.403808,0.065706,0.098159,0.008688
2024-07-16 04:00:00,1874.071892,0.074884,0.154686,0.035538
2024-07-16 05:00:00,2115.977006,0.085863,0.221679,0.070315
2024-07-16 06:00:00,2297.188145,0.117339,0.333518,0.100284
2024-07-16 07:00:00,2406.193280,0.132171,0.497666,0.126722
2024-07-16 08:00:00,2522.057077,0.122869,0.523941,0.144101
2024-07-16 09:00:00,2826.099459,0.143358,0.397202,0.147751
2024-07-16 10:00:00,2841.282346,0.179122,0.389386,0.142529
2024-07-16 11:00:00,2799.301133,0.231636,0.467944,0.184139
2024-07-16 12:00:00,2888.434347,0.277454,0.628945,0.270849
2024-07-16 13:00:00,2916.218459,0.302386,0.554493,0.235679
2024-07-16 14:00:00,2891.839008,0.232760,0.502524,0.280220
2024-07-16 15:00:00,2606.548908,0.221137,0.453797,0.305318
2024-07-16 16:00:00,2466.796177,0.164691,0.302634,0.252432
2024-07-16 17:00:00,2271.811428,0.114946,0.257643,0.140347
2024-07-16 18:00:00,2146.136265,0.075902,0.165327,0.053859
2024-07-16 19:00:00,2043.306347,0.062104,0.116834,0.012149
2024-07-16 20:00:00,1981.297282,0.047477,0.107171,0.000226
2024-07-16 21:00:00,1879.367157,0.052506,0.134168,0.000176
2024-07-16 22:00:00,1794.409749,0.065959,0.160486,0.000198
2024-07-16 23:00:00,1781.855586,0.066591,0.216730,0.000132
2024-07-17 00:00:00,1747.036079,0.052227,0.219871,0.000108
2024-07-17 01:00:00,1728.003562,0.046710,0.182322,0.000108
2024-07-17 02:00:00,1684.462408,0.043708,0.167641,0.000102
2024-07-17 03:00:00,1719.274754,0.038615,0.166533,0.012085
2024-07-17 04:00:00,1902.114824,0.034333,0.145840,0.059359
2024-07-17 05:00:00,2164.233369,0.023219,0.095844,0.150847
2024-07-17 06:00:00,2292.774644,0.022571,0.067374,0.248925
2024-07-17 07:00:00,2379.040423,0.036678,0.056434,0.403131
2024-07-17 08:00:00,2494.531453,0.049493,0.019605,0.483266
2024-07-17 09:00:00,2540.391120,0.056657,0.020710,0.458209
2024-07-17 10:00:00,2632.414513,0.077634,0.037079,0.508788
2024-07-17 11:00:00,2822.218425,0.116020,0.117908,0.512779
2024-07-17 12:00:00,2763.482278,0.168398,0.231608,0.499593
2024-07-17 13:00:00,2705.598188,0.245350,0.323212,0.507106
2024-07-17 14:00:00,2543.887348,0.348881,0.349276,0.489933
2024-07-17 15:00:00,2546.251425,0.414028,0.484726,0.362834
2024-07-17 16:00:00,2485.061980,0.471023,0.514384,0.255390
2024-07-17 17:00:00,2355.066020,0.482923,0.509773,0.135517
2024-07-17 18:00:00,2240.454315,0.446706,0.604314,0.053169
2024-07-17 19:00:00,2115.654617,0.404515,0.523056,0.010138
2024-07-17 20:00:00,2007.345647,0.407431,0.507641,0.000289
2024-07-17 21:00:00,1920.778556,0.436558,0.513493,0.000260
2024-07-17 22:00:00,1893.779070,0.447895,0.496334,0.000227
2024-07-17 23:00:00,1815.755509,0.443454,0.500410,0.000198
2024-07-18 00:00:00,1808.958384,0.452461,0.532611,0.000164
2024-07-18 01:00:00,1774.320943,0.430467,0.490802,0.000174
2024-07-18 02:00:00,1770.496709,0.392631,0.431075,0.000181
2024-07-18 03:00:00,1786.565391,0.347068,0.396554,0.011147
2024-07-18 04:00:00,1924.623899,0.312283,0.388017,0.056567
2024-07-18 05:00:00,2161.606712,0.306974,0.324491,0.134445
2024-07-18 06:00:00,2348.269382,0.321931,0.334071,0.247159
2024-07-18 07:00:00,2507.877822,0.333852,0.309178,0.333321
2024-07-18 08:00:00,2597.704790,0.337753,0.275579,0.371721
2024-07-18 09:00:00,2607.930500,0.333672,0.266049,0.472059
2024-07-18 10:00:00,2803.015040,0.313502,0.259436,0.534421
2024-07-18 11:00:00,2833.715313,0.303233,0.212415,0.522001
2024-07-18 12:00:00,2776.184499,0.296853,0.204431,0.615518
2024-07-18 13:00:00,2544.807411,0.288933,0.146312,0.615096
2024-07-18 14:00:00,2396.136506,0.285324,0.094906,0.566313
2024-07-18 15:00:00,2390.869146,0.251093,0.096936,0.508893
2024-07-18 16:00:00,2339.585059,0.214631,0.091579,0.372697
2024-07-18 17:00:00,2174.615258,0.176374,0.111324,0.189087
2024-07-18 18:00:00,2080.947563,0.138294,0.122886,0.061845
2024-07-18 19:00:00,1999.357599,0.125360,0.096915,0.010550
2024-07-18 20:00:00,1960.235496,0.142745,0.103750,0.000271
2024-07-18 21:00:00,1869.471770,0.151799,0.108322,0.000219
2024-07-18 22:00:00,1802.439485,0.144357,0.106917,0.000190
2024-07-18 23:00:00,1777.341577,0.138280,0.119480,0.000165
2024-07-19 00:00:00,1737.472358,0.136550,0.125417,0.000154
2024-07-19 01:00:00,1699.577361,0.131722,0.124274,0.000128
2024-07-19 02:00:00,1666.293528,0.120327,0.132511,0.000193
2024-07-19 03:00:00,1682.052477,0.107741,0.123452,0.010557
2024-07-19 04:00:00,1830.119906,0.083625,0.103610,0.059217
2024-07-19 05:00:00,2051.736372,0.064373,0.076437,0.192599
2024-07-19 06:00:00,2274.057259,0.062185,0.066121,0.427533
2024-07-19 07:00:00,2406.501099,0.064792,0.075596,0.625030
2024-07-19 08:00:00,2749.647704,0.057903,0.104275,0.816311
2024-07-19 09:00:00,2834.694268,0.049261,0.085277,0.848510
2024-07-19 10:00:00,2838.747455,0.047028,0.045389,0.946434
2024-07-19 11:00:00,2737.610905,0.040168,0.019829,0.927421
2024-07-19 12:00:00,2589.981274,0.031545,0.011026,0.955055
2024-07-19 13:00:00,2409.952882,0.021880,0.002104,0.915588
2024-07-19 14:00:00,2364.081519,0.013787,0.001010,0.809480
2024-07-19 15:00:00,2364.888930,0.009075,0.000221,0.637008
2024-07-19 16:00:00,2276.790903,0.006693,0.000172,0.430422
2024-07-19 17:00:00,2143.353334,0.005562,0.000183,0.203251
2024-07-19 18:00:00,2031.111925,0.005276,0.000058,0.058930
2024-07-19 19:00:00,1955.187991,0.009490,0.000006,0.009298
2024-07-19 20:00:00,1919.696552,0.012889,0.000091,0.000229
2024-07-19 21:00:00,1828.487941,0.016329,0.000359,0.000200
2024-07-19 22:00:00,1748.467776,0.023478,0.004556,0.000178
2024-07-19 23:00:00,1709.672170,0.023890,0.019996,0.000141
2024-07-20 00:00:00,1654.137912,0.027931,0.038944,0.000145
2024-07-20 01:00:00,1630.784157,0.033207,0.065746,0.000128
2024-07-20 02:00:00,1593.749147,0.036123,0.063643,0.000198
2024-07-20 03:00:00,1572.666440,0.037974,0.076150,0.010868
2024-07-20 04:00:00,1628.345399,0.040045,0.077531,0.062313
2024-07-20 05:00:00,1775.053956,0.024419,0.079673,0.201946
2024-07-20 06:00:00,1969.538606,0.007894,0.091868,0.429561
2024-07-20 07:00:00,2128.834131,0.005877,0.101670,0.651890
2024-07-20 08:00:00,2390.822229,0.012638,0.104872,0.834432
2024-07-20 09:00:00,2631.838836,0.015995,0.068997,0.784400
2024-07-20 10:00:00,2698.694879,0.016396,0.034366,0.737924
2024-07-20 11:00:00,2684.132561,0.017822,0.033918,0.843995
2024-07-20 12:00:00,2682.217682,0.019009,0.027887,0.747025
2024-07-20 13:00:00,2633.238368,0.023405,0.029609,0.596736
2024-07-20 14:00:00,2453.430316,0.036346,0.073098,0.799046
2024-07-20 15:00:00,2208.382124,0.049590,0.072849,0.658575
2024-07-20 16:00:00,2141.460134,0.063766,0.099768,0.434048
2024-07-20 17:00:00,2028.294132,0.076846,0.200283,0.198226
2024-07-20 18:00:00,1942.496256,0.086772,0.363511,0.056723
2024-07-20 19:00:00,1899.124052,0.112375,0.415496,0.009112
2024-07-20 20:00:00,1881.860196,0.147118,0.451042,0.000223
2024-07-20 21:00:00,1806.273391,0.180743,0.491480,0.000196
2024-07-20 22:00:00,1756.100338,0.195975,0.539947,0.000170
2024-07-20 23:00:00,1710.339618,0.201597,0.575807,0.000146
2024-07-21 00:00:00,1673.222629,0.218235,0.554284,0.000125
2024-07-21 01:00:00,1647.320264,0.226123,0.558955,0.000114
2024-07-21 02:00:00,1705.201610,0.228420,0.506213,0.000183
2024-07-21 03:00:00,1690.014667,0.225364,0.497818,0.011659
2024-07-21 04:00:00,1735.616079,0.206866,0.476582,0.063030
2024-07-21 05:00:00,1751.155654,0.167682,0.475936,0.192697
2024-07-21 06:00:00,1938.813953,0.136185,0.426807,0.413004
2024-07-21 07:00:00,2165.228200,0.142092,0.363476,0.630413
2024-07-21 08:00:00,2349.591968,0.144781,0.115398,0.664016
2024-07-21 09:00:00,2511.395922,0.134958,0.072900,0.806527
2024-07-21 10:00:00,2401.193734,0.126838,0.085137,0.784399
2024-07-21 11:00:00,2350.806361,0.123600,0.058424,0.786276
2024-07-21 12:00:00,2439.569442,0.135605,0.067700,0.769614
2024-07-21 13:00:00,2404.388555,0.137215,0.065735,0.660885
2024-07-21 14:00:00,2296.677423,0.115100,0.050558,0.460959
2024-07-21 15:00:00,2245.109826,0.111876,0.067125,0.269322
2024-07-21 16:00:00,2217.854991,0.100446,0.139855,0.130109
2024-07-21 17:00:00,2110.814729,0.089877,0.215515,0.063043
2024-07-21 18:00:00,2041.751538,0.076046,0.249472,0.025543
2024-07-21 19:00:00,1984.332886,0.059622,0.182184,0.002971
2024-07-21 20:00:00,1937.188518,0.041060,0.131631,0.000242
2024-07-21 21:00:00,1843.663751,0.044141,0.181449,0.000153
2024-07-21 22:00:00,1778.965168,0.086661,0.210455,0.000151
2024-07-21 23:00:00,1746.397210,0.078301,0.166255,0.000121
2024-07-22 00:00:00,1690.579836,0.044303,0.114066,0.000107
2024-07-22 01:00:00,1662.803183,0.037759,0.165582,0.000104
2024-07-22 02:00:00,1682.383122,0.051970,0.324825,0.000093
2024-07-22 03:00:00,1750.694623,0.092978,0.539229,0.000612
2024-07-22 04:00:00,1935.092205,0.142285,0.548690,0.005418
2024-07-22 05:00:00,2155.505191,0.156936,0.566437,0.018453
2024-07-22 06:00:00,2337.611422,0.192472,0.582924,0.047908
2024-07-22 07:00:00,2430.029075,0.231805,0.461688,0.125345
2024-07-22 08:00:00,2496.168254,0.254360,0.415017,0.217822
2024-07-22 09:00:00,2524.989591,0.278061,0.329793,0.320630
2024-07-22 10:00:00,2559.640048,0.305006,0.407972,0.473604
2024-07-22 11:00:00,2714.033730,0.348205,0.472534,0.609957
2024-07-22 12:00:00,2765.566888,0.394687,0.349748,0.712530
2024-07-22 13:00:00,2703.250494,0.475373,0.305037,0.772284
2024-07-22 14:00:00,2532.063453,0.500976,0.378351,0.729408
2024-07-22 15:00:00,2559.759292,0.486717,0.357898,0.617880
2024-07-22 16:00:00,2648.676890,0.426892,0.311822,0.367710
2024-07-22 17:00:00,2274.574931,0.348475,0.307633,0.193165
2024-07-22 18:00:00,2114.324396,0.240093,0.275611,0.052151
2024-07-22 19:00:00,2025.854072,0.169403,0.217380,0.008018
2024-07-22 20:00:00,1972.784197,0.152047,0.201562,0.000196
2024-07-22 21:00:00,1867.617105,0.145756,0.244474,0.000173
2024-07-22 22:00:00,1792.597927,0.146807,0.216457,0.000151
2024-07-22 23:00:00,1759.009339,0.148121,0.279904,0.000134
2024-07-23 00:00:00,1719.654235,0.134804,0.380397,0.000127
2024-07-23 01:00:00,1711.989885,0.115748,0.351927,0.000114
2024-07-23 02:00:00,1688.948063,0.099873,0.276672,0.000099
2024-07-23 03:00:00,1685.548569,0.081702,0.215274,0.004790
2024-07-23 04:00:00,1842.249833,0.071081,0.168029,0.034869
2024-07-23 05:00:00,2061.861485,0.056206,0.144213,0.101967
2024-07-23 06:00:00,2220.955895,0.037447,0.132441,0.202346
2024-07-23 07:00:00,2327.267233,0.028688,0.114467,0.294773
2024-07-23 08:00:00,2430.740032,0.029909,0.122943,0.377156
2024-07-23 09:00:00,2493.268107,0.041848,0.070056,0.443585
2024-07-23 10:00:00,2492.020813,0.039381,0.051911,0.400183
2024-07-23 11:00:00,2500.314144,0.032268,0.065046,0.314680
2024-07-23 12:00:00,2492.857019,0.034740,0.062789,0.337453
2024-07-23 13:00:00,2446.767666,0.033260,0.056623,0.414876
2024-07-23 14:00:00,2394.474355,0.031118,0.063091,0.401817
2024-07-23 15:00:00,2464.765019,0.029576,0.062901,0.394444
2024-07-23 16:00:00,2407.969785,0.036632,0.139025,0.308095
2024-07-23 17:00:00,2262.089835,0.058888,0.207633,0.161470
2024-07-23 18:00:00,2158.280253,0.082426,0.362652,0.053247
2024-07-23 19:00:00,2089.995851,0.087274,0.466321,0.006829
2024-07-23 20:00:00,2018.519168,0.083263,0.491312,0.000232
2024-07-23 21:00:00,1905.601840,0.090508,0.538758,0.000206
2024-07-23 22:00:00,1885.008247,0.123474,0.660036,0.000195
2024-07-23 23:00:00,1796.921596,0.151705,0.681267,0.000160
2024-07-24 00:00:00,1772.133444,0.165417,0.706978,0.000145
2024-07-24 01:00:00,1743.084610,0.199448,0.730394,0.000136
2024-07-24 02:00:00,1776.566055,0.220680,0.734598,0.000134
2024-07-24 03:00:00,1823.603813,0.246816,0.735495,0.007673
2024-07-24 04:00:00,1962.657440,0.290966,0.721584,0.053069
2024-07-24 05:00:00,2256.048528,0.346165,0.724934,0.171849
2024-07-24 06:00:00,2445.559003,0.421444,0.693671,0.370716
2024-07-24 07:00:00,2589.096649,0.457454,0.697839,0.580633
2024-07-24 08:00:00,2675.135650,0.440768,0.643922,0.702871
2024-07-24 09:00:00,2683.255980,0.399707,0.620456,0.767917
2024-07-24 10:00:00,2861.491628,0.395671,0.612340,0.797256
2024-07-24 11:00:00,2889.056115,0.369923,0.601023,0.713624
2024-07-24 12:00:00,2911.768761,0.370429,0.595986,0.549520
2024-07-24 13:00:00,2796.039576,0.419346,0.589379,0.561980
2024-07-24 14:00:00,2659.826255,0.463246,0.584582,0.620608
2024-07-24 15:00:00,2518.190195,0.428808,0.623155,0.472616
2024-07-24 16:00:00,2424.344340,0.387048,0.580090,0.302421
2024-07-24 17:00:00,2246.604450,0.320109,0.489134,0.145794
2024-07-24 18:00:00,2128.486173,0.228803,0.477507,0.048429
2024-07-24 19:00:00,2049.594125,0.160925,0.448526,0.005529
2024-07-24 20:00:00,1989.940694,0.138450,0.398085,0.000275
2024-07-24 21:00:00,1882.547336,0.140761,0.366379,0.000211
2024-07-24 22:00:00,1812.132534,0.140522,0.349731,0.000183
2024-07-24 23:00:00,1774.481413,0.142242,0.331844,0.000183
2024-07-25 00:00:00,1716.355043,0.135844,0.284119,0.000162
2024-07-25 01:00:00,1671.069637,0.113071,0.212050,0.000171
2024-07-25 02:00:00,1650.964963,0.079838,0.154663,0.000149
2024-07-25 03:00:00,1666.512720,0.060452,0.120544,0.007870
2024-07-25 04:00:00,1821.610492,0.064529,0.106502,0.057274
2024-07-25 05:00:00,2056.084033,0.051526,0.090035,0.174326
2024-07-25 06:00:00,2261.300895,0.061163,0.114862,0.372687
2024-07-25 07:00:00,2384.679336,0.079269,0.143805,0.576638
2024-07-25 08:00:00,2471.326324,0.066155,0.223303,0.713568
2024-07-25 09:00:00,2591.396346,0.063748,0.358274,0.708819
2024-07-25 10:00:00,2696.900499,0.101477,0.364304,0.679313
2024-07-25 11:00:00,2808.167655,0.124225,0.351412,0.666926
2024-07-25 12:00:00,2772.929381,0.122734,0.364053,0.590879
2024-07-25 13:00:00,2574.023704,0.112574,0.426002,0.446890
2024-07-25 14:00:00,2385.338575,0.121855,0.471025,0.304893
2024-07-25 15:00:00,2398.419052,0.126770,0.515400,0.164014
2024-07-25 16:00:00,2356.347374,0.123881,0.548360,0.101625
2024-07-25 17:00:00,2239.437475,0.120918,0.578637,0.054184
2024-07-25 18:00:00,2136.215869,0.136519,0.643193,0.025054
2024-07-25 19:00:00,2078.942133,0.162344,0.540832,0.001797
2024-07-25 20:00:00,2026.169665,0.195824,0.525618,0.000240
2024-07-25 21:00:00,1930.383787,0.223660,0.498786,0.000208
2024-07-25 22:00:00,1859.733543,0.276622,0.577780,0.000191
2024-07-25 23:00:00,1883.405682,0.315445,0.653055,0.000188
2024-07-26 00:00:00,1859.001697,0.327452,0.601877,0.000150
2024-07-26 01:00:00,1782.583433,0.331292,0.540998,0.000169
2024-07-26 02:00:00,1755.759909,0.329832,0.435679,0.000150
2024-07-26 03:00:00,1769.055446,0.300139,0.433712,0.000861
2024-07-26 04:00:00,1888.295864,0.279833,0.411431,0.016692
2024-07-26 05:00:00,2082.343123,0.264248,0.385626,0.053847
2024-07-26 06:00:00,2300.645522,0.237745,0.403875,0.074531
2024-07-26 07:00:00,2432.212133,0.213303,0.364220,0.077887
2024-07-26 08:00:00,2467.217619,0.200343,0.350222,0.101284
2024-07-26 09:00:00,2517.959398,0.191305,0.341118,0.099257
2024-07-26 10:00:00,2505.610868,0.173899,0.267129,0.136883
2024-07-26 11:00:00,2489.643119,0.153981,0.222138,0.194805
2024-07-26 12:00:00,2430.467506,0.125677,0.306505,0.259591
2024-07-26 13:00:00,2381.808851,0.130567,0.317277,0.324060
2024-07-26 14:00:00,2351.070482,0.120809,0.295279,0.337014
2024-07-26 15:00:00,2403.483618,0.129613,0.336842,0.399744
2024-07-26 16:00:00,2339.572348,0.146168,0.281539,0.317974
2024-07-26 17:00:00,2184.579681,0.148107,0.275945,0.158813
2024-07-26 18:00:00,2023.258483,0.116039,0.247708,0.049028
2024-07-26 19:00:00,1949.371764,0.096778,0.186388,0.006286
2024-07-26 20:00:00,1915.166434,0.107882,0.168561,0.000173
2024-07-26 21:00:00,1841.614163,0.112526,0.175442,0.000147
2024-07-26 22:00:00,1746.198985,0.112672,0.155261,0.000168
2024-07-26 23:00:00,1699.026272,0.112004,0.157726,0.000131
2024-07-27 00:00:00,1655.882785,0.110538,0.166853,0.000115
2024-07-27 01:00:00,1626.990941,0.109502,0.151025,0.000098
2024-07-27 02:00:00,1605.128830,0.096413,0.105707,0.000089
2024-07-27 03:00:00,1591.163299,0.084309,0.085733,0.005859
2024-07-27 04:00:00,1628.262362,0.076074,0.053276,0.054686
2024-07-27 05:00:00,1767.989338,0.057371,0.066749,0.180075
2024-07-27 06:00:00,1945.846458,0.074809,0.069291,0.386165
2024-07-27 07:00:00,2098.699610,0.120265,0.081965,0.538876
2024-07-27 08:00:00,2211.420175,0.158343,0.086669,0.706370
2024-07-27 09:00:00,2275.978967,0.176454,0.068573,0.753663
2024-07-27 10:00:00,2404.069824,0.169027,0.052394,0.799847
2024-07-27 11:00:00,2446.015141,0.170747,0.043775,0.791652
2024-07-27 12:00:00,2391.474899,0.175973,0.034219,0.811445
2024-07-27 13:00:00,2223.640568,0.178245,0.043360,0.819897
2024-07-27 14:00:00,2226.920228,0.168576,0.031001,0.757938
2024-07-27 15:00:00,2277.431454,0.150171,0.036322,0.602761
2024-07-27 16:00:00,2164.205655,0.146683,0.041755,0.385722
2024-07-27 17:00:00,2097.365794,0.131799,0.031970,0.176790
2024-07-27 18:00:00,1945.728127,0.103716,0.022163,0.045867
2024-07-27 19:00:00,1881.967821,0.089767,0.042133,0.005091
2024-07-27 20:00:00,1836.774614,0.084367,0.067370,0.000237
2024-07-27 21:00:00,1753.585835,0.089513,0.070923,0.000193
2024-07-27 22:00:00,1654.988903,0.099920,0.086265,0.000225
2024-07-27 23:00:00,1604.939176,0.108824,0.101775,0.000139
2024-07-28 00:00:00,1593.627525,0.123272,0.117067,0.000128
2024-07-28 01:00:00,1550.263231,0.144340,0.137525,0.000115
2024-07-28 02:00:00,1546.264324,0.171316,0.231818,0.000124
2024-07-28 03:00:00,1535.978404,0.208084,0.344362,0.005457
2024-07-28 04:00:00,1596.113204,0.252831,0.465195,0.046561
2024-07-28 05:00:00,1756.541496,0.283951,0.518974,0.168092
2024-07-28 06:00:00,1994.136329,0.374791,0.529175,0.391151
2024-07-28 07:00:00,2314.316994,0.499432,0.518364,0.609721
2024-07-28 08:00:00,2534.531865,0.480743,0.350416,0.611458
2024-07-28 09:00:00,2613.448833,0.422927,0.111840,0.526169
2024-07-28 10:00:00,2880.278267,0.297900,0.074330,0.357017
2024-07-28 11:00:00,2932.487390,0.312033,0.074100,0.357265
2024-07-28 12:00:00,2905.856692,0.320473,0.074548,0.336572
2024-07-28 13:00:00,2827.268432,0.339433,0.084726,0.322502
2024-07-28 14:00:00,2691.828400,0.395389,0.094343,0.305007
2024-07-28 15:00:00,2604.564104,0.559551,0.088428,0.364493
2024-07-28 16:00:00,2435.551773,0.673453,0.527585,0.397421
2024-07-28 17:00:00,2196.889423,0.599065,0.494493,0.171933
2024-07-28 18:00:00,2038.440854,0.457608,0.473595,0.045794
2024-07-28 19:00:00,1965.808240,0.385097,0.451819,0.005216
2024-07-28 20:00:00,1916.011435,0.369908,0.416294,0.000222
2024-07-28 21:00:00,1810.643755,0.358924,0.413419,0.000165
2024-07-28 22:00:00,1789.509449,0.335632,0.406243,0.000139
2024-07-28 23:00:00,1726.536545,0.305286,0.398660,0.000128
2024-07-29 00:00:00,1660.983721,0.287850,0.391287,0.000136
2024-07-29 01:00:00,1678.520038,0.265827,0.375299,0.000116
2024-07-29 02:00:00,1672.971985,0.261813,0.378640,0.000108
2024-07-29 03:00:00,1701.796921,0.249794,0.376505,0.005427
2024-07-29 04:00:00,1873.312481,0.190129,0.299303,0.047892
2024-07-29 05:00:00,2141.477555,0.148894,0.245593,0.173056
2024-07-29 06:00:00,2351.254258,0.161112,0.200024,0.350603
2024-07-29 07:00:00,2464.744250,0.175568,0.206572,0.522819
2024-07-29 08:00:00,2681.085705,0.223992,0.151325,0.656847
2024-07-29 09:00:00,2899.336246,0.171966,0.102746,0.672319
2024-07-29 10:00:00,2939.360508,0.139469,0.019516,0.582870
2024-07-29 11:00:00,2990.873967,0.137110,0.011024,0.490917
2024-07-29 12:00:00,2935.013392,0.132798,0.011689,0.483733
2024-07-29 13:00:00,2799.777431,0.127611,0.032593,0.605526
2024-07-29 14:00:00,2612.592808,0.109750,0.027153,0.698106
2024-07-29 15:00:00,2530.782410,0.079785,0.030525,0.536853
2024-07-29 16:00:00,2442.863784,0.067001,0.026485,0.332109
2024-07-29 17:00:00,2304.298220,0.057751,0.017980,0.144849
2024-07-29 18:00:00,2188.077988,0.046881,0.008543,0.041516
2024-07-29 19:00:00,2123.460428,0.046735,0.032514,0.004179
2024-07-29 20:00:00,2059.866261,0.058249,0.034652,0.000193
2024-07-29 21:00:00,1935.244317,0.060426,0.036912,0.000171
2024-07-29 22:00:00,1891.063736,0.056399,0.031209,0.000145
2024-07-29 23:00:00,1826.351810,0.050564,0.026213,0.000125
2024-07-30 00:00:00,1756.377063,0.049129,0.022834,0.000111
2024-07-30 01:00:00,1705.892280,0.039782,0.017399,0.000093
2024-07-30 02:00:00,1708.982986,0.036978,0.020196,0.000100
2024-07-30 03:00:00,1741.606886,0.040689,0.028623,0.003529
2024-07-30 04:00:00,1937.452885,0.039462,0.021687,0.045676
2024-07-30 05:00:00,2204.927846,0.029114,0.018940,0.151070
2024-07-30 06:00:00,2397.300092,0.016122,0.020387,0.342231
2024-07-30 07:00:00,2516.754959,0.015455,0.017572,0.581122
2024-07-30 08:00:00,2647.687044,0.016962,0.021141,0.767277
2024-07-30 09:00:00,2823.595172,0.016479,0.020205,0.883862
2024-07-30 10:00:00,2916.466272,0.022280,0.022051,0.864137
2024-07-30 11:00:00,2941.414458,0.037199,0.017162,0.815548
2024-07-30 12:00:00,2881.900427,0.038171,0.009662,0.937465
2024-07-30 13:00:00,2697.236776,0.040525,0.008101,0.930337
2024-07-30 14:00:00,2534.640857,0.046604,0.010560,0.818575
2024-07-30 15:00:00,2517.201447,0.047724,0.016126,0.629070
2024-07-30 16:00:00,2448.759739,0.050398,0.021216,0.392229
2024-07-30 17:00:00,2303.945185,0.045057,0.027484,0.159293
2024-07-30 18:00:00,2193.644480,0.040828,0.034563,0.039756
2024-07-30 19:00:00,2134.965693,0.051796,0.051750,0.004259
2024-07-30 20:00:00,2079.115119,0.077758,0.096716,0.000217
2024-07-30 21:00:00,1942.753060,0.100971,0.112562,0.000164
2024-07-30 22:00:00,1863.519728,0.115728,0.125469,0.000144
2024-07-30 23:00:00,1840.744697,0.115434,0.131581,0.000117
2024-07-31 00:00:00,1805.626985,0.103649,0.152075,0.000113
2024-07-31 01:00:00,1772.323818,0.115924,0.174805,0.000096
2024-07-31 02:00:00,1755.048959,0.140255,0.231317,0.000094
2024-07-31 03:00:00,1777.031248,0.162992,0.250218,0.003997
2024-07-31 04:00:00,1964.633553,0.170055,0.276025,0.051747
2024-07-31 05:00:00,2241.123596,0.171274,0.355526,0.161540
2024-07-31 06:00:00,2459.080305,0.249615,0.394389,0.360667
2024-07-31 07:00:00,2581.233929,0.295648,0.398680,0.530672
2024-07-31 08:00:00,2691.975310,0.278402,0.356762,0.684241
2024-07-31 09:00:00,2731.850891,0.253043,0.303039,0.775319
2024-07-31 10:00:00,2792.330754,0.230858,0.263174,0.811447
2024-07-31 11:00:00,2930.309173,0.206441,0.211224,0.829932
2024-07-31 12:00:00,2817.764479,0.199217,0.230038,0.862673
2024-07-31 13:00:00,2720.127329,0.245531,0.202205,0.857446
2024-07-31 14:00:00,2586.090710,0.261020,0.194726,0.785012
2024-07-31 15:00:00,2555.452716,0.264455,0.249191,0.609084
2024-07-31 16:00:00,2472.398776,0.280556,0.305174,0.390123
2024-07-31 17:00:00,2333.464006,0.262020,0.354416,0.159566
2024-07-31 18:00:00,2213.618033,0.173801,0.378883,0.042220
2024-07-31 19:00:00,2146.414920,0.133308,0.399810,0.003845
2024-07-31 20:00:00,2088.960695,0.134650,0.365626,0.000248
2024-07-31 21:00:00,1959.501747,0.132669,0.305453,0.000217
2024-07-31 22:00:00,1883.345303,0.122743,0.224346,0.000201
2024-07-31 23:00:00,1844.542899,0.118673,0.204223,0.000165
2024-08-01 00:00:00,1822.602256,0.118453,0.211444,0.000161
2024-08-01 01:00:00,1784.573061,0.113132,0.209820,0.000137
2024-08-01 02:00:00,1814.718260,0.112311,0.217200,0.000121
2024-08-01 03:00:00,1871.543964,0.115711,0.216974,0.003898
2024-08-01 04:00:00,1965.653907,0.095778,0.220339,0.044129
2024-08-01 05:00:00,2225.766403,0.064591,0.214506,0.155285
2024-08-01 06:00:00,2416.416243,0.065420,0.177465,0.322447
2024-08-01 07:00:00,2518.375694,0.070189,0.177492,0.466648
2024-08-01 08:00:00,2610.594112,0.071642,0.172974,0.616349
2024-08-01 09:00:00,2658.220671,0.075624,0.132357,0.744828
2024-08-01 10:00:00,2689.665278,0.073740,0.108922,0.842823
2024-08-01 11:00:00,2760.175590,0.076598,0.119399,0.893156
2024-08-01 12:00:00,2715.362536,0.095754,0.149331,0.893643
2024-08-01 13:00:00,2646.193560,0.126679,0.199110,0.834701
2024-08-01 14:00:00,2558.810987,0.154487,0.239761,0.707792
2024-08-01 15:00:00,2554.461712,0.165160,0.262577,0.527531
2024-08-01 16:00:00,2474.181202,0.164846,0.257036,0.308244
2024-08-01 17:00:00,2326.517751,0.145585,0.234719,0.152628
2024-08-01 18:00:00,2191.633406,0.105496,0.217375,0.050399
2024-08-01 19:00:00,2137.170263,0.087187,0.168523,0.004169
2024-08-01 20:00:00,2071.163570,0.092331,0.179377,0.000275
2024-08-01 21:00:00,1952.093648,0.096905,0.191252,0.000214
2024-08-01 22:00:00,1901.568808,0.104576,0.195974,0.000198
2024-08-01 23:00:00,1867.033073,0.100547,0.160784,0.000205
2024-08-02 00:00:00,1828.509556,0.086190,0.124574,0.000145
2024-08-02 01:00:00,1789.823637,0.083490,0.121483,0.000123
2024-08-02 02:00:00,1766.341943,0.085727,0.159587,0.000120
2024-08-02 03:00:00,1782.200999,0.090201,0.168430,0.002827
2024-08-02 04:00:00,1971.159049,0.084265,0.142425,0.037697
2024-08-02 05:00:00,2236.110041,0.060421,0.114157,0.120683
2024-08-02 06:00:00,2434.338915,0.050523,0.076205,0.226502
2024-08-02 07:00:00,2522.574214,0.046250,0.063320,0.271100
2024-08-02 08:00:00,2595.860566,0.038563,0.053136,0.348832
2024-08-02 09:00:00,2635.055576,0.045362,0.060607,0.456016
2024-08-02 10:00:00,2621.437246,0.055572,0.058607,0.521132
2024-08-02 11:00:00,2613.109872,0.061475,0.050769,0.536728
2024-08-02 12:00:00,2615.912278,0.081425,0.053035,0.542108
2024-08-02 13:00:00,2538.947898,0.093203,0.049071,0.510808
2024-08-02 14:00:00,2507.993131,0.091556,0.040719,0.428813
2024-08-02 15:00:00,2523.008852,0.078769,0.059625,0.328238
2024-08-02 16:00:00,2491.056897,0.084612,0.062337,0.207341
2024-08-02 17:00:00,2260.540719,0.079694,0.037737,0.096990
2024-08-02 18:00:00,2138.928497,0.058271,0.026508,0.030424
2024-08-02 19:00:00,2076.565810,0.046114,0.017554,0.003079
2024-08-02 20:00:00,2022.854542,0.036416,0.018652,0.000203
2024-08-02 21:00:00,1900.249557,0.033609,0.048619,0.000167
2024-08-02 22:00:00,1831.718528,0.026421,0.054405,0.000155
2024-08-02 23:00:00,1784.694155,0.019095,0.050569,0.000128
2024-08-03 00:00:00,1746.614383,0.021895,0.050262,0.000123
2024-08-03 01:00:00,1712.110195,0.021048,0.044939,0.000103
2024-08-03 02:00:00,1678.680077,0.021896,0.050074,0.000114
2024-08-03 03:00:00,1646.080784,0.028171,0.059632,0.002240
2024-08-03 04:00:00,1678.530626,0.027541,0.091082,0.039504
2024-08-03 05:00:00,1821.291978,0.028143,0.109288,0.147407
2024-08-03 06:00:00,2017.422446,0.024148,0.125367,0.347096
2024-08-03 07:00:00,2188.250552,0.034731,0.110261,0.529151
2024-08-03 08:00:00,2536.787309,0.040003,0.132765,0.696685
2024-08-03 09:00:00,2622.083119,0.052021,0.127462,0.751005
2024-08-03 10:00:00,2645.946744,0.066616,0.150677,0.715569
2024-08-03 11:00:00,2738.298093,0.075302,0.151748,0.602144
2024-08-03 12:00:00,2692.746197,0.079681,0.164406,0.481695
2024-08-03 13:00:00,2543.963168,0.076607,0.173573,0.339697
2024-08-03 14:00:00,2286.132507,0.068427,0.164110,0.263239
2024-08-03 15:00:00,2256.611443,0.061010,0.140269,0.183479
2024-08-03 16:00:00,2253.890802,0.053181,0.139170,0.137276
2024-08-03 17:00:00,2136.166452,0.044191,0.139901,0.054801
2024-08-03 18:00:00,2060.530502,0.044545,0.150131,0.020503
2024-08-03 19:00:00,2013.869085,0.040548,0.121410,0.001011
2024-08-03 20:00:00,1928.955416,0.040583,0.126296,0.000236
2024-08-03 21:00:00,1811.369742,0.042839,0.129823,0.000166
2024-08-03 22:00:00,1729.311979,0.041125,0.063594,0.000177
2024-08-03 23:00:00,1682.175083,0.037057,0.051489,0.000143
2024-08-04 00:00:00,1649.602072,0.033432,0.086770,0.000118
2024-08-04 01:00:00,1621.230343,0.035549,0.179613,0.000104
2024-08-04 02:00:00,1615.505424,0.030348,0.196487,0.000087
2024-08-04 03:00:00,1618.409531,0.039122,0.129535,0.002142
2024-08-04 04:00:00,1661.394126,0.029598,0.130336,0.024288
2024-08-04 05:00:00,1797.619984,0.030650,0.217996,0.075795
2024-08-04 06:00:00,1971.329019,0.044398,0.360439,0.146779
2024-08-04 07:00:00,2155.525710,0.079446,0.447042,0.223484
2024-08-04 08:00:00,2475.743762,0.160537,0.475436,0.322097
2024-08-04 09:00:00,2711.260614,0.220165,0.479723,0.355386
2024-08-04 10:00:00,2782.026354,0.292692,0.239246,0.394269
2024-08-04 11:00:00,2840.775915,0.316072,0.227358,0.418213
2024-08-04 12:00:00,2818.766472,0.339457,0.219205,0.387504
2024-08-04 13:00:00,2723.304507,0.438980,0.435509,0.485905
2024-08-04 14:00:00,2645.310391,0.508111,0.387401,0.545970
2024-08-04 15:00:00,2500.253611,0.516054,0.389879,0.537924
2024-08-04 16:00:00,2396.230979,0.471366,0.475942,0.343490
2024-08-04 17:00:00,2234.784228,0.397314,0.526566,0.146492
2024-08-04 18:00:00,2122.125958,0.296682,0.554764,0.034379
2024-08-04 19:00:00,2076.121609,0.248312,0.509607,0.001894
2024-08-04 20:00:00,2014.982134,0.222377,0.516607,0.000210
2024-08-04 21:00:00,1930.814752,0.228477,0.448934,0.000159
2024-08-04 22:00:00,1952.419072,0.224331,0.415156,0.000164
2024-08-04 23:00:00,1969.107207,0.217492,0.339509,0.000136
2024-08-05 00:00:00,1895.629727,0.188090,0.265599,0.000115
2024-08-05 01:00:00,1782.050455,0.161372,0.246463,0.000113
2024-08-05 02:00:00,1750.858663,0.145162,0.221410,0.000102
2024-08-05 03:00:00,1812.048615,0.129554,0.196097,0.003212
2024-08-05 04:00:00,2060.697728,0.099892,0.159766,0.041001
2024-08-05 05:00:00,2385.449677,0.069484,0.115453,0.156098
2024-08-05 06:00:00,2602.056501,0.063436,0.095397,0.353060
2024-08-05 07:00:00,2693.199368,0.074769,0.083498,0.459585
2024-08-05 08:00:00,2848.640365,0.058343,0.076186,0.549785
2024-08-05 09:00:00,2887.101522,0.048691,0.059222,0.648878
2024-08-05 10:00:00,2929.933661,0.052018,0.044197,0.705722
2024-08-05 11:00:00,3029.128352,0.059520,0.041183,0.689602
2024-08-05 12:00:00,3046.372732,0.061147,0.035305,0.680456
2024-08-05 13:00:00,2877.379786,0.044249,0.047280,0.649050
2024-08-05 14:00:00,2714.039076,0.037706,0.053950,0.606512
2024-08-05 15:00:00,2782.008516,0.025970,0.072179,0.496957
2024-08-05 16:00:00,2682.419413,0.017839,0.075668,0.316908
2024-08-05 17:00:00,2544.907468,0.011975,0.077179,0.150227
2024-08-05 18:00:00,2410.412068,0.006480,0.058121,0.039532
2024-08-05 19:00:00,2340.723085,0.006087,0.049177,0.004167
2024-08-05 20:00:00,2262.066771,0.005199,0.025563,0.000214
2024-08-05 21:00:00,2126.930378,0.006129,0.018742,0.000165
2024-08-05 22:00:00,1996.351462,0.010609,0.033020,0.000157
2024-08-05 23:00:00,1953.126098,0.016072,0.054090,0.000135
2024-08-06 00:00:00,1938.848326,0.028447,0.080330,0.000128
2024-08-06 01:00:00,1899.576925,0.054028,0.137153,0.000120
2024-08-06 02:00:00,1889.048268,0.086350,0.180700,0.000125
2024-08-06 03:00:00,1932.888471,0.120599,0.237859,0.001832
2024-08-06 04:00:00,2177.242177,0.126162,0.259325,0.035705
2024-08-06 05:00:00,2523.113249,0.102355,0.280699,0.150319
2024-08-06 06:00:00,2750.907778,0.065494,0.267673,0.358430
2024-08-06 07:00:00,2847.556410,0.069784,0.231563,0.536553
2024-08-06 08:00:00,2951.328722,0.086997,0.198749,0.708040
2024-08-06 09:00:00,3060.339974,0.097985,0.209246,0.805208
2024-08-06 10:00:00,3241.767484,0.111762,0.192367,0.815739
2024-08-06 11:00:00,3331.164007,0.119311,0.165918,0.783556
2024-08-06 12:00:00,3270.790857,0.116559,0.158286,0.716812
2024-08-06 13:00:00,2879.618303,0.108099,0.151795,0.633675
2024-08-06 14:00:00,2767.416049,0.100721,0.128322,0.544806
2024-08-06 15:00:00,2782.249095,0.096641,0.109112,0.397778
2024-08-06 16:00:00,2692.304835,0.089998,0.096691,0.247250
2024-08-06 17:00:00,2557.091567,0.082249,0.083348,0.116159
2024-08-06 18:00:00,2434.033009,0.084102,0.084249,0.034576
2024-08-06 19:00:00,2369.182521,0.118251,0.110105,0.003490
2024-08-06 20:00:00,2290.116369,0.174260,0.275934,0.000269
2024-08-06 21:00:00,2193.472919,0.207130,0.440773,0.000215
2024-08-06 22:00:00,2124.608403,0.233905,0.467801,0.000221
2024-08-06 23:00:00,2094.891855,0.221570,0.445113,0.000156
2024-08-07 00:00:00,2042.728647,0.207639,0.431113,0.000160
2024-08-07 01:00:00,1951.263069,0.195012,0.375450,0.000152
2024-08-07 02:00:00,1909.319657,0.178467,0.339968,0.000129
2024-08-07 03:00:00,1963.876607,0.171074,0.339600,0.004237
2024-08-07 04:00:00,2205.724030,0.152932,0.257030,0.036593
2024-08-07 05:00:00,2567.760374,0.113571,0.179848,0.145700
2024-08-07 06:00:00,2755.747816,0.080356,0.213236,0.271944
2024-08-07 07:00:00,2809.282494,0.069213,0.200964,0.376532
2024-08-07 08:00:00,2920.692421,0.057787,0.145669,0.440391
2024-08-07 09:00:00,2965.911764,0.049972,0.161996,0.430472
2024-08-07 10:00:00,2988.440068,0.061921,0.207797,0.370307
2024-08-07 11:00:00,3114.342941,0.073970,0.215642,0.385048
2024-08-07 12:00:00,2997.180355,0.095390,0.240479,0.262018
2024-08-07 13:00:00,2945.511355,0.087514,0.242257,0.322713
2024-08-07 14:00:00,3109.674553,0.076668,0.212522,0.429212
2024-08-07 15:00:00,3000.034397,0.064109,0.157991,0.345872
2024-08-07 16:00:00,2832.840723,0.062598,0.104686,0.306413
2024-08-07 17:00:00,2593.746463,0.056874,0.074865,0.148929
2024-08-07 18:00:00,2467.161200,0.044098,0.186371,0.038944
2024-08-07 19:00:00,2408.265876,0.051655,0.199263,0.002187
2024-08-07 20:00:00,2247.093758,0.079442,0.262906,0.000212
2024-08-07 21:00:00,2109.578217,0.104433,0.354499,0.000175
2024-08-07 22:00:00,2041.011205,0.133732,0.267800,0.000200
2024-08-07 23:00:00,2086.507823,0.115710,0.224594,0.000137
2024-08-08 00:00:00,2005.434081,0.089544,0.340254,0.000118
2024-08-08 01:00:00,1987.343449,0.092372,0.416370,0.000107
2024-08-08 02:00:00,1911.283629,0.087918,0.315795,0.000090
2024-08-08 03:00:00,1950.521775,0.092669,0.221482,0.000936
2024-08-08 04:00:00,2182.411429,0.090252,0.249573,0.032680
2024-08-08 05:00:00,2517.258556,0.072673,0.286658,0.088861
2024-08-08 06:00:00,2705.883347,0.062305,0.247774,0.159694
2024-08-08 07:00:00,2792.866809,0.072269,0.244445,0.259289
2024-08-08 08:00:00,2935.355407,0.133466,0.230391,0.401230
2024-08-08 09:00:00,2991.587695,0.196611,0.265662,0.481939
2024-08-08 10:00:00,2974.943618,0.219768,0.299585,0.559899
2024-08-08 11:00:00,3055.804927,0.242728,0.375838,0.665276
2024-08-08 12:00:00,3047.847155,0.298995,0.374711,0.681626
2024-08-08 13:00:00,2973.845978,0.345727,0.368241,0.709245
2024-08-08 14:00:00,2818.655027,0.355274,0.365784,0.623807
2024-08-08 15:00:00,2824.428271,0.309721,0.315376,0.529227
2024-08-08 16:00:00,2714.019791,0.251949,0.355589,0.317339
2024-08-08 17:00:00,2548.081016,0.190863,0.300094,0.139509
2024-08-08 18:00:00,2399.163572,0.112167,0.322700,0.026316
2024-08-08 19:00:00,2331.031577,0.088276,0.332691,0.001145
2024-08-08 20:00:00,2234.283030,0.119372,0.442911,0.000207
2024-08-08 21:00:00,2100.111108,0.164838,0.475224,0.000193
2024-08-08 22:00:00,2032.846914,0.217499,0.544993,0.000164
2024-08-08 23:00:00,2010.062117,0.261905,0.501683,0.000123
2024-08-09 00:00:00,2114.797731,0.295851,0.636625,0.000123
2024-08-09 01:00:00,2271.231604,0.391132,0.796198,0.000138
2024-08-09 02:00:00,2364.436300,0.504094,0.874315,0.000156
2024-08-09 03:00:00,2419.823388,0.571476,0.688691,0.000230
2024-08-09 04:00:00,2570.538117,0.655243,0.718998,0.005443
2024-08-09 05:00:00,2785.379238,0.720530,0.920249,0.026157
2024-08-09 06:00:00,2934.600483,0.755526,0.934821,0.042714
2024-08-09 07:00:00,2995.357032,0.711340,0.975499,0.047928
2024-08-09 08:00:00,3184.759208,0.647102,0.862111,0.065372
2024-08-09 09:00:00,3349.192312,0.613972,0.573792,0.119221
2024-08-09 10:00:00,3395.263167,0.557661,0.252255,0.226761
2024-08-09 11:00:00,3432.950121,0.588290,0.097659,0.351159
2024-08-09 12:00:00,3255.393614,0.665161,0.108013,0.353890
2024-08-09 13:00:00,3211.377561,0.687787,0.078139,0.439731
2024-08-09 14:00:00,3158.645094,0.724446,0.317692,0.427716
2024-08-09 15:00:00,3048.696108,0.855361,0.695762,0.373782
2024-08-09 16:00:00,2847.149425,0.823358,0.940066,0.248604
2024-08-09 17:00:00,2582.159515,0.739805,0.956703,0.117724
2024-08-09 18:00:00,2363.605507,0.626272,0.972162,0.031427
2024-08-09 19:00:00,2280.608117,0.572601,0.959834,0.001152
2024-08-09 20:00:00,2209.818139,0.547920,0.943992,0.000209
2024-08-09 21:00:00,2076.212099,0.515607,0.944184,0.000246
2024-08-09 22:00:00,2006.794217,0.524438,0.938036,0.000183
2024-08-09 23:00:00,1891.791119,0.527303,0.925135,0.000169
2024-08-10 00:00:00,1877.575432,0.506530,0.963243,0.000145
2024-08-10 01:00:00,1872.684383,0.487281,0.906836,0.000121
2024-08-10 02:00:00,1881.314883,0.499778,0.729187,0.000117
2024-08-10 03:00:00,1931.928544,0.508500,0.846006,0.000831
2024-08-10 04:00:00,1880.782643,0.497915,0.898069,0.025108
2024-08-10 05:00:00,2014.987327,0.482726,0.904633,0.130576
2024-08-10 06:00:00,2287.092595,0.590421,0.883456,0.299691
2024-08-10 07:00:00,2563.301077,0.666427,0.413106,0.337411
2024-08-10 08:00:00,2708.435613,0.533486,0.128496,0.343231
2024-08-10 09:00:00,2876.943908,0.434252,0.137325,0.341224
2024-08-10 10:00:00,3081.211725,0.408382,0.143180,0.368977
2024-08-10 11:00:00,3207.223897,0.394101,0.111163,0.383038
2024-08-10 12:00:00,3101.347373,0.394214,0.086013,0.368753
2024-08-10 13:00:00,2977.289476,0.402226,0.107173,0.325732
2024-08-10 14:00:00,2751.121150,0.468028,0.113270,0.276984
2024-08-10 15:00:00,2723.349076,0.757821,0.329488,0.363357
2024-08-10 16:00:00,2479.157239,0.738415,0.849894,0.284757
2024-08-10 17:00:00,2290.427139,0.663041,0.840698,0.119162
2024-08-10 18:00:00,2126.641045,0.539656,0.906898,0.026163
2024-08-10 19:00:00,2088.112545,0.444451,0.905466,0.001040
2024-08-10 20:00:00,1991.775504,0.412551,0.809533,0.000246
2024-08-10 21:00:00,1905.217876,0.431828,0.794136,0.000216
2024-08-10 22:00:00,1866.491871,0.445257,0.849439,0.000181
2024-08-10 23:00:00,1819.857765,0.420452,0.908986,0.000156
2024-08-11 00:00:00,1845.825077,0.424328,0.870643,0.000156
2024-08-11 01:00:00,1796.954910,0.419074,0.869757,0.000134
2024-08-11 02:00:00,1770.915454,0.402340,0.847568,0.000124
2024-08-11 03:00:00,1702.829806,0.375728,0.901519,0.000846
2024-08-11 04:00:00,1735.983762,0.358985,0.815108,0.031554
2024-08-11 05:00:00,1853.465996,0.375128,0.672491,0.137228
2024-08-11 06:00:00,2146.868286,0.436236,0.534694,0.331178
2024-08-11 07:00:00,2375.437065,0.459777,0.375170,0.423060
2024-08-11 08:00:00,2612.743966,0.363330,0.056213,0.351430
2024-08-11 09:00:00,2747.653483,0.279445,0.045065,0.327664
2024-08-11 10:00:00,2930.465141,0.283009,0.037062,0.323583
2024-08-11 11:00:00,3230.438209,0.287516,0.043311,0.324036
2024-08-11 12:00:00,3147.873192,0.290547,0.045596,0.322309
2024-08-11 13:00:00,2710.903099,0.298587,0.035617,0.293386
2024-08-11 14:00:00,2563.674284,0.404452,0.198197,0.330176
2024-08-11 15:00:00,2558.643092,0.514941,0.487896,0.471754
2024-08-11 16:00:00,2431.911269,0.459091,0.487322,0.320325
2024-08-11 17:00:00,2286.067579,0.366651,0.443627,0.135242
2024-08-11 18:00:00,2152.230857,0.278690,0.444140,0.026542
2024-08-11 19:00:00,2098.290449,0.248063,0.411080,0.000860
2024-08-11 20:00:00,2015.097013,0.218980,0.374574,0.000189
2024-08-11 21:00:00,1935.405710,0.207527,0.357731,0.000160
2024-08-11 22:00:00,1847.716399,0.211184,0.328431,0.000122
2024-08-11 23:00:00,1827.124247,0.199785,0.314596,0.000120
2024-08-12 00:00:00,1905.797475,0.174596,0.275648,0.000104
2024-08-12 01:00:00,1872.320817,0.144126,0.241550,0.000093
2024-08-12 02:00:00,1778.719819,0.105606,0.222129,0.000095
2024-08-12 03:00:00,1860.376899,0.084775,0.183870,0.000901
2024-08-12 04:00:00,2143.776466,0.066051,0.134970,0.026971
2024-08-12 05:00:00,2472.020037,0.037540,0.100660,0.136641
2024-08-12 06:00:00,2677.810808,0.020040,0.064887,0.364261
2024-08-12 07:00:00,2781.790585,0.017036,0.051555,0.584908
2024-08-12 08:00:00,2895.768063,0.009062,0.030247,0.768607
2024-08-12 09:00:00,2975.486258,0.005035,0.024669,0.899100
2024-08-12 10:00:00,3016.860457,0.003800,0.005820,0.949218
2024-08-12 11:00:00,3053.074020,0.003584,0.002475,0.961679
2024-08-12 12:00:00,2991.020452,0.004544,0.003994,0.950365
2024-08-12 13:00:00,2809.557582,0.004847,0.005031,0.882835
2024-08-12 14:00:00,2758.680109,0.005954,0.004737,0.760770
2024-08-12 15:00:00,2778.130501,0.010521,0.005717,0.577657
2024-08-12 16:00:00,2679.195738,0.024991,0.009904,0.342170
2024-08-12 17:00:00,2531.123491,0.041147,0.027039,0.125984
2024-08-12 18:00:00,2391.362558,0.079605,0.067748,0.024697
2024-08-12 19:00:00,2353.734944,0.121299,0.209404,0.000352
2024-08-12 20:00:00,2307.524125,0.138124,0.355938,0.000220
2024-08-12 21:00:00,2106.482595,0.180254,0.523656,0.000201
2024-08-12 22:00:00,2100.993767,0.211451,0.579308,0.000167
2024-08-12 23:00:00,1993.396713,0.214580,0.563719,0.000150
2024-08-13 00:00:00,1994.875897,0.227383,0.588070,0.000159
2024-08-13 01:00:00,1981.970585,0.251230,0.633169,0.000133
2024-08-13 02:00:00,1956.207040,0.254247,0.648519,0.000131
2024-08-13 03:00:00,2010.945494,0.232549,0.593895,0.000358
2024-08-13 04:00:00,2263.906732,0.211384,0.457983,0.028151
2024-08-13 05:00:00,2574.943583,0.194717,0.413709,0.119052
2024-08-13 06:00:00,2758.154420,0.195867,0.453033,0.246663
2024-08-13 07:00:00,2844.551495,0.208220,0.396246,0.348227
2024-08-13 08:00:00,2961.568166,0.274118,0.527307,0.522932
2024-08-13 09:00:00,3048.492480,0.397164,0.559319,0.582551
2024-08-13 10:00:00,3039.353752,0.519253,0.565706,0.480830
2024-08-13 11:00:00,3160.767981,0.577979,0.556982,0.464761
2024-08-13 12:00:00,3107.257826,0.567527,0.604849,0.521985
2024-08-13 13:00:00,2956.262380,0.569117,0.683098,0.446582
2024-08-13 14:00:00,2878.764147,0.469842,0.700074,0.417303
2024-08-13 15:00:00,2890.917036,0.394680,0.712535,0.287046
2024-08-13 16:00:00,2799.569928,0.351094,0.785006,0.185912
2024-08-13 17:00:00,2644.715022,0.297375,0.747569,0.088080
2024-08-13 18:00:00,2468.821112,0.288117,0.453450,0.015479
2024-08-13 19:00:00,2438.430800,0.340589,0.742378,0.000291
2024-08-13 20:00:00,2325.386494,0.431299,0.710078,0.000224
2024-08-13 21:00:00,2192.494429,0.443054,0.777034,0.000220
2024-08-13 22:00:00,2239.916085,0.469203,0.699641,0.000259
2024-08-13 23:00:00,2163.577216,0.318809,0.808087,0.000189
2024-08-14 00:00:00,2056.738418,0.221521,0.726017,0.000217
2024-08-14 01:00:00,1957.983482,0.160579,0.387263,0.000111
2024-08-14 02:00:00,1923.850706,0.145996,0.243831,0.000124
2024-08-14 03:00:00,2019.775744,0.122793,0.194448,0.000151
2024-08-14 04:00:00,2282.914627,0.179881,0.269475,0.013622
2024-08-14 05:00:00,2629.045175,0.224267,0.308300,0.054539
2024-08-14 06:00:00,2794.211089,0.176278,0.326831,0.093902
2024-08-14 07:00:00,2842.033506,0.104053,0.270240,0.146848
2024-08-14 08:00:00,2957.950703,0.045003,0.169469,0.241213
2024-08-14 09:00:00,3008.146894,0.033090,0.066919,0.388307
2024-08-14 10:00:00,3017.498784,0.026349,0.066623,0.511495
2024-08-14 11:00:00,3032.015045,0.018683,0.094584,0.507617
2024-08-14 12:00:00,2966.262129,0.023737,0.139336,0.464264
2024-08-14 13:00:00,2849.595463,0.030185,0.186690,0.337334
2024-08-14 14:00:00,2803.320601,0.026376,0.130926,0.261839
2024-08-14 15:00:00,2849.307377,0.018436,0.044890,0.178170
2024-08-14 16:00:00,2755.594772,0.017584,0.083986,0.086980
2024-08-14 17:00:00,2616.231726,0.024087,0.078163,0.047939
2024-08-14 18:00:00,2484.312843,0.041583,0.150165,0.010240
2024-08-14 19:00:00,2415.395618,0.049491,0.176611,0.000286
2024-08-14 20:00:00,2275.732670,0.058319,0.094848,0.000207
2024-08-14 21:00:00,2141.160979,0.050177,0.015989,0.000189
2024-08-14 22:00:00,2112.035337,0.029924,0.004588,0.000163
2024-08-14 23:00:00,2028.188195,0.026821,0.025960,0.000143
2024-08-15 00:00:00,2015.037619,0.023675,0.035982,0.000142
2024-08-15 01:00:00,1994.808644,0.026624,0.021733,0.000150
2024-08-15 02:00:00,1966.453631,0.020189,0.017195,0.000122
2024-08-15 03:00:00,2020.560119,0.030629,0.037544,0.000132
2024-08-15 04:00:00,2291.793735,0.032443,0.034617,0.010812
2024-08-15 05:00:00,2630.340669,0.025371,0.009032,0.075864
2024-08-15 06:00:00,2808.597400,0.016119,0.026540,0.213201
2024-08-15 07:00:00,2888.241066,0.024009,0.053369,0.378246
2024-08-15 08:00:00,2965.021910,0.044841,0.097377,0.616415
2024-08-15 09:00:00,3137.942395,0.089686,0.111677,0.812139
2024-08-15 10:00:00,3320.600777,0.112479,0.126137,0.878809
2024-08-15 11:00:00,3440.192687,0.126664,0.096716,0.709494
2024-08-15 12:00:00,3407.557391,0.145661,0.173798,0.658382
2024-08-15 13:00:00,3240.807299,0.231466,0.508221,0.601017
2024-08-15 14:00:00,2982.454204,0.291572,0.619989,0.449987
2024-08-15 15:00:00,2929.642111,0.340647,0.727701,0.281296
2024-08-15 16:00:00,2852.214366,0.367169,0.868692,0.113329
2024-08-15 17:00:00,2711.054725,0.384561,0.881750,0.050819
2024-08-15 18:00:00,2594.991575,0.466983,0.843218,0.007386
2024-08-15 19:00:00,2522.604815,0.487518,0.771439,0.000346
2024-08-15 20:00:00,2358.627065,0.463423,0.693955,0.000273
2024-08-15 21:00:00,2213.732177,0.414405,0.845582,0.000210
2024-08-15 22:00:00,2222.197186,0.406518,0.814465,0.000215
2024-08-15 23:00:00,2166.461861,0.355595,0.719724,0.000180
2024-08-16 00:00:00,2048.523172,0.298898,0.561794,0.000193
2024-08-16 01:00:00,1976.342426,0.248214,0.486837,0.000155
2024-08-16 02:00:00,1945.899207,0.159995,0.432274,0.000138
2024-08-16 03:00:00,2031.317080,0.098024,0.366586,0.000127
2024-08-16 04:00:00,2282.175336,0.079102,0.216352,0.004522
2024-08-16 05:00:00,2607.174119,0.067457,0.196485,0.026642
2024-08-16 06:00:00,2772.437615,0.063371,0.240470,0.070229
2024-08-16 07:00:00,2836.679705,0.064719,0.261721,0.159452
2024-08-16 08:00:00,2936.196635,0.085988,0.246899,0.302417
2024-08-16 09:00:00,2931.026844,0.078880,0.109895,0.399057
2024-08-16 10:00:00,2873.674673,0.076406,0.092993,0.478117
2024-08-16 11:00:00,2871.243703,0.081033,0.070164,0.575554
2024-08-16 12:00:00,2749.272745,0.073769,0.052356,0.591125
2024-08-16 13:00:00,2635.096388,0.061756,0.031439,0.632133
2024-08-16 14:00:00,2613.191728,0.056295,0.022010,0.574920
2024-08-16 15:00:00,2616.915483,0.062461,0.022788,0.480025
2024-08-16 16:00:00,2531.444928,0.075202,0.028804,0.301494
2024-08-16 17:00:00,2358.620779,0.065023,0.036162,0.113966
2024-08-16 18:00:00,2217.512049,0.055738,0.034350,0.020089
2024-08-16 19:00:00,2162.461028,0.055857,0.024441,0.000301
2024-08-16 20:00:00,2121.170373,0.051074,0.049500,0.000208
2024-08-16 21:00:00,1935.691753,0.055818,0.084188,0.000155
2024-08-16 22:00:00,1923.633573,0.065638,0.110786,0.000136
2024-08-16 23:00:00,1850.167426,0.076419,0.131268,0.000127
2024-08-17 00:00:00,1805.780084,0.082835,0.166498,0.000128
2024-08-17 01:00:00,1749.714135,0.085748,0.199576,0.000110
2024-08-17 02:00:00,1697.529280,0.093580,0.186482,0.000118
2024-08-17 03:00:00,1709.087092,0.099684,0.181674,0.000169
2024-08-17 04:00:00,1756.270173,0.092214,0.140397,0.017764
2024-08-17 05:00:00,2023.054959,0.068707,0.118779,0.102324
2024-08-17 06:00:00,2262.495680,0.048817,0.148855,0.259641
2024-08-17 07:00:00,2290.492244,0.067487,0.128739,0.453450
2024-08-17 08:00:00,2390.068847,0.124219,0.156780,0.608205
2024-08-17 09:00:00,2442.969479,0.155614,0.200001,0.691037
2024-08-17 10:00:00,2480.820664,0.185675,0.188209,0.689241
2024-08-17 11:00:00,2505.400505,0.185133,0.185719,0.675258
2024-08-17 12:00:00,2465.526488,0.160690,0.204223,0.648809
2024-08-17 13:00:00,2406.676218,0.150684,0.186465,0.640798
2024-08-17 14:00:00,2347.553585,0.139888,0.201132,0.542001
2024-08-17 15:00:00,2347.007932,0.120637,0.217284,0.433039
2024-08-17 16:00:00,2284.483031,0.099052,0.196290,0.256797
2024-08-17 17:00:00,2153.651249,0.065423,0.142608,0.097648
2024-08-17 18:00:00,2053.002135,0.056237,0.145830,0.018066
2024-08-17 19:00:00,2024.830167,0.059353,0.131490,0.000299
2024-08-17 20:00:00,1929.289425,0.063911,0.130563,0.000209
2024-08-17 21:00:00,1833.359574,0.053225,0.101074,0.000159
2024-08-17 22:00:00,1766.178446,0.050684,0.109672,0.000188
2024-08-17 23:00:00,1695.509526,0.055220,0.142077,0.000156
2024-08-18 00:00:00,1692.137907,0.063465,0.179322,0.000148
2024-08-18 01:00:00,1656.489250,0.077537,0.192473,0.000144
2024-08-18 02:00:00,1656.770158,0.082229,0.147214,0.000113
2024-08-18 03:00:00,1645.379559,0.091985,0.073778,0.000170
2024-08-18 04:00:00,1663.903397,0.091381,0.080341,0.015600
2024-08-18 05:00:00,1800.351236,0.102293,0.067414,0.073986
2024-08-18 06:00:00,1976.612506,0.084597,0.069195,0.160795
2024-08-18 07:00:00,2114.510707,0.071915,0.107534,0.243596
2024-08-18 08:00:00,2284.707999,0.080561,0.113809,0.320644
2024-08-18 09:00:00,2370.387662,0.087479,0.155742,0.424678
2024-08-18 10:00:00,2432.114859,0.101615,0.194502,0.512912
2024-08-18 11:00:00,2554.436858,0.126952,0.190435,0.527298
2024-08-18 12:00:00,2743.934778,0.148057,0.329962,0.592852
2024-08-18 13:00:00,2593.045728,0.240952,0.417168,0.539082
2024-08-18 14:00:00,2536.505165,0.301592,0.371391,0.420790
2024-08-18 15:00:00,2527.678073,0.285722,0.282033,0.344902
2024-08-18 16:00:00,2454.739868,0.246160,0.283274,0.225183
2024-08-18 17:00:00,2298.172610,0.196439,0.270328,0.081982
2024-08-18 18:00:00,2182.824825,0.172736,0.344691,0.011342
2024-08-18 19:00:00,2134.773784,0.149850,0.317401,0.000232
2024-08-18 20:00:00,2016.449098,0.143353,0.319034,0.000176
2024-08-18 21:00:00,1910.381982,0.129645,0.321743,0.000160
2024-08-18 22:00:00,1892.054040,0.134385,0.377040,0.000135
2024-08-18 23:00:00,1867.178475,0.133061,0.360612,0.000135
2024-08-19 00:00:00,1861.823057,0.127235,0.403160,0.000113
2024-08-19 01:00:00,1842.711266,0.118146,0.381109,0.000127
2024-08-19 02:00:00,1844.421614,0.099812,0.277837,0.000106
2024-08-19 03:00:00,1933.328669,0.081630,0.197156,0.000143
2024-08-19 04:00:00,2258.842844,0.062239,0.148442,0.017850
2024-08-19 05:00:00,2578.345166,0.041164,0.079041,0.109576
2024-08-19 06:00:00,2741.670238,0.021093,0.036906,0.313455
2024-08-19 07:00:00,2850.394331,0.027603,0.024969,0.542496
2024-08-19 08:00:00,2950.270132,0.031665,0.043617,0.685942
2024-08-19 09:00:00,2933.629021,0.042860,0.055827,0.740181
2024-08-19 10:00:00,2916.331841,0.054384,0.074329,0.734909
2024-08-19 11:00:00,2962.788362,0.074316,0.092753,0.734630
2024-08-19 12:00:00,2888.576267,0.090410,0.098056,0.648945
2024-08-19 13:00:00,2802.824712,0.108101,0.097850,0.614337
2024-08-19 14:00:00,2776.678721,0.112243,0.107340,0.541970
2024-08-19 15:00:00,2972.135436,0.100848,0.108303,0.414380
2024-08-19 16:00:00,2714.328431,0.077214,0.150652,0.229533
2024-08-19 17:00:00,2560.448612,0.053293,0.212929,0.085703
2024-08-19 18:00:00,2438.457418,0.055999,0.259049,0.013027
2024-08-19 19:00:00,2393.163631,0.092757,0.302667,0.000278
2024-08-19 20:00:00,2390.930555,0.154266,0.408791,0.000193
2024-08-19 21:00:00,2109.799539,0.217197,0.501911,0.000174
2024-08-19 22:00:00,2042.791364,0.275244,0.582502,0.000169
2024-08-19 23:00:00,2038.930411,0.303191,0.598360,0.000149
2024-08-20 00:00:00,2124.008014,0.318734,0.619500,0.000154
2024-08-20 01:00:00,2114.075534,0.340858,0.659993,0.000162
2024-08-20 02:00:00,2124.033508,0.356435,0.664228,0.000120
2024-08-20 03:00:00,2182.206290,0.360010,0.659859,0.000206
2024-08-20 04:00:00,2408.625399,0.369057,0.661482,0.020242
2024-08-20 05:00:00,2678.539082,0.338328,0.628270,0.086929
2024-08-20 06:00:00,2822.647031,0.318373,0.613210,0.177237
2024-08-20 07:00:00,2878.734335,0.304268,0.576472,0.295638
2024-08-20 08:00:00,2988.834843,0.316375,0.499116,0.445928
2024-08-20 09:00:00,3049.958939,0.314817,0.458909,0.571599
2024-08-20 10:00:00,3151.216843,0.318199,0.397135,0.663823
2024-08-20 11:00:00,3239.653199,0.362724,0.391516,0.616089
2024-08-20 12:00:00,3250.481192,0.398671,0.401983,0.611263
2024-08-20 13:00:00,3148.665401,0.392984,0.488036,0.486026
2024-08-20 14:00:00,3052.103684,0.319906,0.459117,0.395914
2024-08-20 15:00:00,2881.234619,0.271405,0.430909,0.310809
2024-08-20 16:00:00,2776.140954,0.276870,0.537266,0.150226
2024-08-20 17:00:00,2623.449103,0.292960,0.520113,0.035107
2024-08-20 18:00:00,2527.369583,0.268557,0.531897,0.003127
2024-08-20 19:00:00,2443.434416,0.227720,0.588568,0.000285
2024-08-20 20:00:00,2274.201246,0.215618,0.463578,0.000184
2024-08-20 21:00:00,2117.855941,0.221973,0.324621,0.000142
2024-08-20 22:00:00,2034.302982,0.216276,0.171335,0.000143
2024-08-20 23:00:00,1994.539828,0.180986,0.061496,0.000127
2024-08-21 00:00:00,1990.180527,0.099873,0.080627,0.000111
2024-08-21 01:00:00,2004.488758,0.057993,0.357696,0.000086
2024-08-21 02:00:00,2059.870148,0.067886,0.450566,0.000079
2024-08-21 03:00:00,2136.569323,0.119040,0.356220,0.000108
2024-08-21 04:00:00,2358.126838,0.153450,0.306714,0.006269
2024-08-21 05:00:00,2640.514346,0.176551,0.389801,0.055298
2024-08-21 06:00:00,2792.803182,0.210234,0.360892,0.197488
2024-08-21 07:00:00,2869.207519,0.225381,0.515155,0.423395
2024-08-21 08:00:00,3225.609504,0.283632,0.233913,0.615150
2024-08-21 09:00:00,3425.918313,0.305029,0.130380,0.473368
2024-08-21 10:00:00,3433.942728,0.283000,0.109727,0.426195
2024-08-21 11:00:00,3529.657539,0.331112,0.088255,0.390470
2024-08-21 12:00:00,3484.571636,0.338302,0.132758,0.401900
2024-08-21 13:00:00,3408.122946,0.288498,0.085410,0.327902
2024-08-21 14:00:00,3342.113418,0.247998,0.124353,0.272234
2024-08-21 15:00:00,3129.947088,0.423346,0.548252,0.318840
2024-08-21 16:00:00,2762.498173,0.446481,0.631133,0.187116
2024-08-21 17:00:00,2588.283290,0.413179,0.626986,0.070519
2024-08-21 18:00:00,2467.377028,0.359255,0.643271,0.009753
2024-08-21 19:00:00,2425.441753,0.326767,0.648558,0.000317
2024-08-21 20:00:00,2263.752145,0.346759,0.612534,0.000337
2024-08-21 21:00:00,2118.041332,0.326035,0.527802,0.000239
2024-08-21 22:00:00,2247.361034,0.258134,0.579664,0.000182
2024-08-21 23:00:00,2176.319024,0.231871,0.525173,0.000155
2024-08-22 00:00:00,2181.965277,0.223342,0.561557,0.000142
2024-08-22 01:00:00,2189.209336,0.214295,0.567113,0.000124
2024-08-22 02:00:00,2218.608875,0.223226,0.590547,0.000138
2024-08-22 03:00:00,2348.810436,0.248200,0.581688,0.000166
2024-08-22 04:00:00,2551.205304,0.285581,0.592705,0.002266
2024-08-22 05:00:00,2779.189521,0.327949,0.650815,0.017051
2024-08-22 06:00:00,2909.463664,0.367417,0.652897,0.053690
2024-08-22 07:00:00,2996.731181,0.389439,0.671868,0.110832
2024-08-22 08:00:00,3263.645687,0.421676,0.660294,0.147231
2024-08-22 09:00:00,3429.595969,0.430028,0.284635,0.170114
2024-08-22 10:00:00,3441.215761,0.451166,0.134695,0.157849
2024-08-22 11:00:00,3561.159808,0.466403,0.111302,0.115988
2024-08-22 12:00:00,3590.545387,0.523771,0.125791,0.091411
2024-08-22 13:00:00,3447.458498,0.473570,0.143778,0.072700
2024-08-22 14:00:00,3373.296394,0.583569,0.118229,0.100880
2024-08-22 15:00:00,3082.609961,0.687264,0.602055,0.095929
2024-08-22 16:00:00,2880.909397,0.680849,0.810310,0.054209
2024-08-22 17:00:00,2718.420181,0.664570,0.905749,0.020241
2024-08-22 18:00:00,2603.355086,0.636046,0.918127,0.001377
2024-08-22 19:00:00,2517.763322,0.584448,0.889497,0.000320
2024-08-22 20:00:00,2337.596497,0.518394,0.858150,0.000291
2024-08-22 21:00:00,2168.318825,0.477787,0.797845,0.000266
2024-08-22 22:00:00,2139.717353,0.359820,0.755765,0.000223
2024-08-22 23:00:00,2032.366071,0.281516,0.669239,0.000207
2024-08-23 00:00:00,2005.782775,0.253515,0.683362,0.000179
2024-08-23 01:00:00,2126.147206,0.252107,0.702245,0.000124
2024-08-23 02:00:00,2211.692350,0.272032,0.614622,0.000171
2024-08-23 03:00:00,2300.999077,0.286766,0.527107,0.000158
2024-08-23 04:00:00,2507.677822,0.292743,0.525674,0.002221
2024-08-23 05:00:00,2840.547079,0.316532,0.608128,0.022253
2024-08-23 06:00:00,2971.670776,0.336297,0.736672,0.066759
2024-08-23 07:00:00,3133.483409,0.426740,0.825325,0.110984
2024-08-23 08:00:00,3365.093695,0.499318,0.330819,0.096231
2024-08-23 09:00:00,3471.500217,0.643889,0.086828,0.107670
2024-08-23 10:00:00,3483.446623,0.761689,0.126689,0.094283
2024-08-23 11:00:00,3486.222641,0.786955,0.104473,0.116184
2024-08-23 12:00:00,3449.551796,0.741841,0.073509,0.228690
2024-08-23 13:00:00,3356.084195,0.693405,0.079177,0.360395
2024-08-23 14:00:00,3274.781912,0.650673,0.125327,0.287089
2024-08-23 15:00:00,3049.034314,0.718822,0.462646,0.221346
2024-08-23 16:00:00,2879.831066,0.813143,0.756158,0.147460
2024-08-23 17:00:00,2741.136296,0.830656,0.854519,0.059775
2024-08-23 18:00:00,2549.879824,0.819065,0.892996,0.006713
2024-08-23 19:00:00,2494.835553,0.749181,0.921067,0.000279
2024-08-23 20:00:00,2279.461672,0.628799,0.905295,0.000234
2024-08-23 21:00:00,2100.773497,0.479422,0.821345,0.000172
2024-08-23 22:00:00,1923.756142,0.345655,0.695707,0.000142
2024-08-23 23:00:00,1850.426985,0.247795,0.596553,0.000132
2024-08-24 00:00:00,1763.991687,0.196050,0.457133,0.000161
2024-08-24 01:00:00,1719.182570,0.159545,0.454962,0.000138
2024-08-24 02:00:00,1695.148028,0.156500,0.455697,0.000127
2024-08-24 03:00:00,1718.904788,0.171253,0.445107,0.000208
2024-08-24 04:00:00,1779.896271,0.181013,0.479561,0.009282
2024-08-24 05:00:00,1948.728079,0.179136,0.471199,0.069201
2024-08-24 06:00:00,2146.683879,0.156348,0.511654,0.195133
2024-08-24 07:00:00,2475.288241,0.176910,0.660072,0.246653
2024-08-24 08:00:00,2717.057552,0.186729,0.435223,0.246076
2024-08-24 09:00:00,2875.639447,0.142831,0.196994,0.162371
2024-08-24 10:00:00,2987.569852,0.155034,0.205241,0.181510
2024-08-24 11:00:00,2982.571472,0.163233,0.246034,0.171239
2024-08-24 12:00:00,2876.598260,0.166246,0.224483,0.143011
2024-08-24 13:00:00,2833.394336,0.141455,0.179276,0.117725
2024-08-24 14:00:00,2658.587850,0.112474,0.148983,0.107170
2024-08-24 15:00:00,2539.130814,0.126398,0.156362,0.116048
2024-08-24 16:00:00,2324.652210,0.150629,0.216922,0.098503
2024-08-24 17:00:00,2208.495748,0.203100,0.402047,0.028195
2024-08-24 18:00:00,2137.241801,0.287956,0.458663,0.001256
2024-08-24 19:00:00,2106.051730,0.258179,0.298921,0.000232
2024-08-24 20:00:00,2046.190946,0.118977,0.305905,0.000150
2024-08-24 21:00:00,1929.070211,0.038575,0.384278,0.000110
2024-08-24 22:00:00,1920.088556,0.054370,0.258791,0.000099
2024-08-24 23:00:00,1892.765615,0.104605,0.296617,0.000095
2024-08-25 00:00:00,1876.542758,0.110604,0.293971,0.000093
2024-08-25 01:00:00,1840.639639,0.120363,0.225360,0.000082
2024-08-25 02:00:00,1750.524317,0.127876,0.185881,0.000073
2024-08-25 03:00:00,1763.005451,0.178050,0.208054,0.000110
2024-08-25 04:00:00,1814.534817,0.203632,0.349201,0.002322
2024-08-25 05:00:00,2070.931607,0.235729,0.627903,0.039682
2024-08-25 06:00:00,2301.118620,0.258413,0.432424,0.184677
2024-08-25 07:00:00,2488.365734,0.325242,0.181956,0.303685
2024-08-25 08:00:00,2789.168792,0.387752,0.109886,0.267455
2024-08-25 09:00:00,2903.155030,0.400187,0.084004,0.296337
2024-08-25 10:00:00,3036.667727,0.376057,0.110341,0.301433
2024-08-25 11:00:00,3144.909115,0.381480,0.101835,0.328693
2024-08-25 12:00:00,3176.276846,0.375215,0.081489,0.344455
2024-08-25 13:00:00,2942.121405,0.420389,0.087472,0.333316
2024-08-25 14:00:00,2808.424675,0.512494,0.215294,0.319236
2024-08-25 15:00:00,2889.633824,0.656701,0.492880,0.339464
2024-08-25 16:00:00,2681.270696,0.590351,0.815870,0.222480
2024-08-25 17:00:00,2407.269262,0.444158,0.833919,0.074077
2024-08-25 18:00:00,2217.121162,0.350346,0.817522,0.006746
2024-08-25 19:00:00,2165.595226,0.330995,0.787232,0.000366
2024-08-25 20:00:00,2054.457074,0.356566,0.816449,0.000235
2024-08-25 21:00:00,1961.222198,0.362957,0.850297,0.000174
2024-08-25 22:00:00,2029.578991,0.370722,0.875321,0.000180
2024-08-25 23:00:00,2051.479835,0.422459,0.880260,0.000153
2024-08-26 00:00:00,2217.130430,0.454779,0.882114,0.000167
2024-08-26 01:00:00,2259.504897,0.471514,0.639261,0.000154
2024-08-26 02:00:00,2240.484331,0.510139,0.573094,0.000160
2024-08-26 03:00:00,2292.335054,0.516904,0.823309,0.000164
2024-08-26 04:00:00,2442.740845,0.510306,0.834338,0.004613
2024-08-26 05:00:00,2665.599783,0.503867,0.874931,0.050356
2024-08-26 06:00:00,2837.066401,0.447181,0.901659,0.188553
2024-08-26 07:00:00,2913.968250,0.450128,0.867167,0.364004
2024-08-26 08:00:00,3023.290372,0.495613,0.866797,0.491971
2024-08-26 09:00:00,3145.436308,0.546174,0.827049,0.572842
2024-08-26 10:00:00,3416.332136,0.555968,0.811134,0.579828
2024-08-26 11:00:00,3393.632893,0.572672,0.777055,0.584092
2024-08-26 12:00:00,3137.451402,0.552787,0.798855,0.534990
2024-08-26 13:00:00,3037.236671,0.508911,0.807987,0.470312
2024-08-26 14:00:00,2901.945498,0.494190,0.734350,0.392141
2024-08-26 15:00:00,2880.622711,0.410102,0.651812,0.259613
2024-08-26 16:00:00,2748.881967,0.279510,0.605306,0.155715
2024-08-26 17:00:00,2552.780904,0.197410,0.475497,0.051081
2024-08-26 18:00:00,2431.110824,0.165702,0.430975,0.003918
2024-08-26 19:00:00,2363.920323,0.165055,0.423750,0.000274
2024-08-26 20:00:00,2209.387233,0.162608,0.343261,0.000203
2024-08-26 21:00:00,2071.314579,0.160736,0.247830,0.000161
2024-08-26 22:00:00,1995.133027,0.154951,0.234200,0.000166
2024-08-26 23:00:00,2001.944360,0.147394,0.254421,0.000164
2024-08-27 00:00:00,2000.105750,0.126179,0.265464,0.000138
2024-08-27 01:00:00,1938.924428,0.108121,0.203479,0.000120
2024-08-27 02:00:00,1916.301869,0.090322,0.138083,0.000111
2024-08-27 03:00:00,2013.131028,0.076879,0.128660,0.000119
2024-08-27 04:00:00,2285.586748,0.079320,0.173100,0.007866
2024-08-27 05:00:00,2604.110325,0.086664,0.286208,0.079489
2024-08-27 06:00:00,2776.928097,0.074920,0.330022,0.249509
2024-08-27 07:00:00,2848.879488,0.080942,0.320270,0.442595
2024-08-27 08:00:00,2944.836946,0.148524,0.326896,0.564178
2024-08-27 09:00:00,3092.496537,0.231332,0.418791,0.691187
2024-08-27 10:00:00,3239.965200,0.294389,0.505038,0.747662
2024-08-27 11:00:00,3348.957974,0.355239,0.385838,0.632327
2024-08-27 12:00:00,3327.477778,0.382623,0.553485,0.664884
2024-08-27 13:00:00,3136.728807,0.419431,0.620311,0.672778
2024-08-27 14:00:00,2951.963099,0.428284,0.628945,0.585990
2024-08-27 15:00:00,2935.143636,0.397667,0.605833,0.400970
2024-08-27 16:00:00,2760.940233,0.317516,0.561108,0.201020
2024-08-27 17:00:00,2580.993537,0.209818,0.457911,0.053055
2024-08-27 18:00:00,2468.035876,0.181548,0.351121,0.004182
2024-08-27 19:00:00,2397.027672,0.160970,0.265263,0.000259
2024-08-27 20:00:00,2228.822034,0.174291,0.219254,0.000197
2024-08-27 21:00:00,2099.569479,0.202520,0.204314,0.000151
2024-08-27 22:00:00,2100.913582,0.210217,0.241483,0.000140
2024-08-27 23:00:00,2038.960737,0.216065,0.307074,0.000141
2024-08-28 00:00:00,2003.029869,0.208379,0.269618,0.000116
2024-08-28 01:00:00,1935.218483,0.197161,0.237442,0.000106
2024-08-28 02:00:00,1905.372378,0.169195,0.223871,0.000100
2024-08-28 03:00:00,2023.095654,0.168604,0.201273,0.000144
2024-08-28 04:00:00,2294.497488,0.162706,0.161990,0.008225
2024-08-28 05:00:00,2601.641967,0.140805,0.179157,0.079112
2024-08-28 06:00:00,2748.420332,0.094243,0.164056,0.274042
2024-08-28 07:00:00,2809.105713,0.058229,0.170218,0.506515
2024-08-28 08:00:00,2905.480217,0.051610,0.183608,0.683985
2024-08-28 09:00:00,2975.993620,0.070573,0.225049,0.838201
2024-08-28 10:00:00,3095.768716,0.120253,0.266895,0.918141
2024-08-28 11:00:00,3249.116033,0.202038,0.313476,0.927994
2024-08-28 12:00:00,3259.781268,0.269988,0.275641,0.901373
2024-08-28 13:00:00,2971.683035,0.295642,0.230585,0.841640
2024-08-28 14:00:00,2870.525836,0.318794,0.256190,0.694388
2024-08-28 15:00:00,2868.111462,0.304266,0.350608,0.481079
2024-08-28 16:00:00,2770.657271,0.263832,0.459304,0.242898
2024-08-28 17:00:00,2610.058365,0.208113,0.539237,0.061267
2024-08-28 18:00:00,2523.647946,0.261382,0.641057,0.003131
2024-08-28 19:00:00,2472.657203,0.317042,0.692703,0.000307
2024-08-28 20:00:00,2336.982871,0.343973,0.797764,0.000261
2024-08-28 21:00:00,2218.524108,0.353888,0.823220,0.000208
2024-08-28 22:00:00,2194.099248,0.340377,0.824819,0.000187
2024-08-28 23:00:00,2112.050531,0.324070,0.807745,0.000170
2024-08-29 00:00:00,2100.998230,0.294048,0.739412,0.000166
2024-08-29 01:00:00,2030.759522,0.275944,0.654300,0.000171
2024-08-29 02:00:00,1987.179069,0.254514,0.607283,0.000155
2024-08-29 03:00:00,2053.179553,0.249851,0.547963,0.000165
2024-08-29 04:00:00,2326.627815,0.235451,0.494043,0.010958
2024-08-29 05:00:00,2634.456615,0.191352,0.459860,0.082241
2024-08-29 06:00:00,2816.534820,0.139296,0.406049,0.223905
2024-08-29 07:00:00,2888.897394,0.119058,0.341868,0.415261
2024-08-29 08:00:00,2977.677792,0.121603,0.319130,0.635572
2024-08-29 09:00:00,3021.478197,0.129857,0.277441,0.767500
2024-08-29 10:00:00,3024.841542,0.146925,0.262554,0.843448
2024-08-29 11:00:00,3075.988109,0.204339,0.311926,0.827064
2024-08-29 12:00:00,3002.310437,0.273045,0.244372,0.775687
2024-08-29 13:00:00,2887.263466,0.287343,0.247912,0.622155
2024-08-29 14:00:00,2839.831269,0.255571,0.294690,0.443498
2024-08-29 15:00:00,2836.214856,0.219919,0.273534,0.257577
2024-08-29 16:00:00,2759.282836,0.210214,0.318461,0.160075
2024-08-29 17:00:00,2592.068046,0.185877,0.245535,0.055224
2024-08-29 18:00:00,2497.157044,0.142337,0.292451,0.004137
2024-08-29 19:00:00,2470.201732,0.124453,0.276972,0.000344
2024-08-29 20:00:00,2259.895859,0.129879,0.258973,0.000217
2024-08-29 21:00:00,2119.493415,0.122889,0.252304,0.000172
2024-08-29 22:00:00,2070.834571,0.103664,0.259508,0.000167
2024-08-29 23:00:00,2068.752695,0.099631,0.202262,0.000164
2024-08-30 00:00:00,2056.698954,0.091188,0.197197,0.000120
2024-08-30 01:00:00,1988.411806,0.079647,0.158835,0.000099
2024-08-30 02:00:00,1941.473774,0.071494,0.138413,0.000116
2024-08-30 03:00:00,2003.031147,0.062183,0.127167,0.000102
2024-08-30 04:00:00,2250.998770,0.063250,0.136248,0.006909
2024-08-30 05:00:00,2558.107972,0.072826,0.162922,0.079211
2024-08-30 06:00:00,2745.030798,0.063646,0.168322,0.227441
2024-08-30 07:00:00,2779.317627,0.073043,0.186679,0.410732
2024-08-30 08:00:00,2860.791354,0.133978,0.212658,0.548275
2024-08-30 09:00:00,2929.997088,0.174588,0.253383,0.587643
2024-08-30 10:00:00,2854.253200,0.219756,0.281002,0.633194
2024-08-30 11:00:00,2788.186409,0.256957,0.288562,0.608052
2024-08-30 12:00:00,2697.433754,0.259159,0.321047,0.626085
2024-08-30 13:00:00,2624.369377,0.263015,0.390899,0.605924
2024-08-30 14:00:00,2620.666829,0.300685,0.386616,0.526772
2024-08-30 15:00:00,2619.209472,0.285039,0.311036,0.395566
2024-08-30 16:00:00,2564.202749,0.252861,0.364221,0.212058
2024-08-30 17:00:00,2409.337729,0.203894,0.413116,0.057603
2024-08-30 18:00:00,2347.540901,0.192927,0.442427,0.006894
2024-08-30 19:00:00,2368.208206,0.193964,0.435453,0.000239
2024-08-30 20:00:00,2111.727452,0.181208,0.374231,0.000200
2024-08-30 21:00:00,1985.048755,0.170256,0.356096,0.000157
2024-08-30 22:00:00,1879.544584,0.161112,0.297015,0.000140
2024-08-30 23:00:00,1852.788531,0.158517,0.272713,0.000131
2024-08-31 00:00:00,1814.987149,0.134460,0.270298,0.000119
2024-08-31 01:00:00,1791.229049,0.129500,0.269641,0.000095
2024-08-31 02:00:00,1762.608560,0.124445,0.282091,0.000096
2024-08-31 03:00:00,1762.678536,0.133313,0.256806,0.000110
2024-08-31 04:00:00,1843.579047,0.132240,0.280381,0.011027
2024-08-31 05:00:00,1970.427050,0.118791,0.310531,0.078135
2024-08-31 06:00:00,2140.837888,0.096155,0.282755,0.269851
2024-08-31 07:00:00,2284.210509,0.111875,0.247138,0.512533
2024-08-31 08:00:00,2431.832729,0.134339,0.184581,0.648795
2024-08-31 09:00:00,2787.895448,0.115820,0.171104,0.765571
2024-08-31 10:00:00,3040.972556,0.076919,0.115329,0.695023
2024-08-31 11:00:00,3112.896825,0.040619,0.008292,0.619219
2024-08-31 12:00:00,3008.506151,0.027365,0.008955,0.569794
2024-08-31 13:00:00,2870.436514,0.019504,0.052139,0.794064
2024-08-31 14:00:00,2673.379086,0.016984,0.055339,0.718098
2024-08-31 15:00:00,2365.501787,0.018714,0.056902,0.505168
2024-08-31 16:00:00,2314.950158,0.015957,0.041132,0.241288
2024-08-31 17:00:00,2176.928080,0.015659,0.064491,0.057290
2024-08-31 18:00:00,2114.654708,0.025958,0.070728,0.006625
2024-08-31 19:00:00,2046.571292,0.031344,0.063115,0.000257
2024-08-31 20:00:00,1932.602568,0.037939,0.046932,0.000197
2024-08-31 21:00:00,1837.838420,0.050697,0.035282,0.000165
2024-08-31 22:00:00,1777.552138,0.068384,0.055384,0.000143
2024-08-31 23:00:00,1727.475310,0.069073,0.085699,0.000123
2024-09-01 00:00:00,1696.973110,0.067217,0.084925,0.000136
2024-09-01 01:00:00,1678.886013,0.055509,0.080898,0.000098
2024-09-01 02:00:00,1653.414799,0.042070,0.087032,0.000103
2024-09-01 03:00:00,1663.409491,0.033817,0.106288,0.000115
2024-09-01 04:00:00,1705.373728,0.043923,0.102941,0.009901
2024-09-01 05:00:00,1938.535978,0.057671,0.100382,0.072352
2024-09-01 06:00:00,2046.879005,0.056317,0.186696,0.225061
2024-09-01 07:00:00,2215.608713,0.036771,0.165559,0.422840
2024-09-01 08:00:00,2465.765173,0.039557,0.141514,0.589189
2024-09-01 09:00:00,2861.361240,0.050353,0.051266,0.499436
2024-09-01 10:00:00,2988.122159,0.071958,0.007217,0.435260
2024-09-01 11:00:00,2961.466874,0.097809,0.009300,0.446885
2024-09-01 12:00:00,2965.899749,0.096031,0.007608,0.280690
2024-09-01 13:00:00,2825.552977,0.114576,0.069542,0.337681
2024-09-01 14:00:00,2579.149491,0.134809,0.156031,0.384179
2024-09-01 15:00:00,2510.173609,0.112776,0.195324,0.278555
2024-09-01 16:00:00,2434.028465,0.085912,0.296982,0.131448
2024-09-01 17:00:00,2316.540049,0.086828,0.327966,0.037372
2024-09-01 18:00:00,2287.815009,0.102164,0.275747,0.005329
2024-09-01 19:00:00,2210.671619,0.110389,0.278231,0.000234
2024-09-01 20:00:00,2031.454762,0.107696,0.324985,0.000204
2024-09-01 21:00:00,1989.208332,0.109521,0.407199,0.000160
2024-09-01 22:00:00,1961.185096,0.125939,0.453437,0.000174
2024-09-01 23:00:00,1891.435589,0.151488,0.453428,0.000182
2024-09-02 00:00:00,1872.281553,0.163898,0.411031,0.000140
2024-09-02 01:00:00,1809.291222,0.139996,0.343443,0.000141
2024-09-02 02:00:00,1816.081779,0.125348,0.247246,0.000112
2024-09-02 03:00:00,1937.551072,0.112115,0.225230,0.000140
2024-09-02 04:00:00,2445.202674,0.121740,0.274490,0.009225
2024-09-02 05:00:00,2584.066819,0.127702,0.269033,0.065785
2024-09-02 06:00:00,2777.571766,0.110520,0.304773,0.194653
2024-09-02 07:00:00,2836.150557,0.084580,0.333436,0.354041
2024-09-02 08:00:00,2938.518151,0.094321,0.337038,0.513367
2024-09-02 09:00:00,2963.215782,0.131770,0.332989,0.618143
2024-09-02 10:00:00,3038.053550,0.169436,0.350301,0.690720
2024-09-02 11:00:00,3103.918238,0.200141,0.354019,0.739864
2024-09-02 12:00:00,3019.274074,0.224642,0.369934,0.667416
2024-09-02 13:00:00,2886.745968,0.226335,0.420524,0.491984
2024-09-02 14:00:00,2793.238656,0.208609,0.484927,0.345823
2024-09-02 15:00:00,2841.362032,0.182071,0.529375,0.205212
2024-09-02 16:00:00,2743.457733,0.155553,0.560420,0.120882
2024-09-02 17:00:00,2592.503498,0.166607,0.548176,0.038176
2024-09-02 18:00:00,2519.869999,0.200194,0.565804,0.005074
2024-09-02 19:00:00,2421.832810,0.249630,0.620652,0.000249
2024-09-02 20:00:00,2274.191482,0.286311,0.573100,0.000229
2024-09-02 21:00:00,2147.693389,0.272371,0.621412,0.000169
2024-09-02 22:00:00,2119.331144,0.237218,0.659220,0.000176
2024-09-02 23:00:00,2152.676262,0.254557,0.724688,0.000155
2024-09-03 00:00:00,2106.362154,0.335331,0.482300,0.000140
2024-09-03 01:00:00,2029.957082,0.339646,0.514195,0.000138
2024-09-03 02:00:00,2053.466469,0.326701,0.656219,0.000125
2024-09-03 03:00:00,2155.639882,0.320821,0.686601,0.000137
2024-09-03 04:00:00,2438.541083,0.307179,0.722811,0.006929
2024-09-03 05:00:00,2698.784565,0.283184,0.610662,0.064949
2024-09-03 06:00:00,2834.866172,0.235992,0.567030,0.175652
2024-09-03 07:00:00,2878.901956,0.181879,0.491087,0.237873
2024-09-03 08:00:00,2907.045556,0.157691,0.431264,0.283896
2024-09-03 09:00:00,2953.564900,0.151883,0.424177,0.371272
2024-09-03 10:00:00,2946.639162,0.133863,0.351993,0.406268
2024-09-03 11:00:00,2981.864497,0.116412,0.332065,0.427157
2024-09-03 12:00:00,2916.337217,0.112254,0.322658,0.418888
2024-09-03 13:00:00,2805.563981,0.103861,0.288573,0.395186
2024-09-03 14:00:00,2794.970134,0.087507,0.234974,0.317411
2024-09-03 15:00:00,2847.402882,0.085778,0.243703,0.207007
2024-09-03 16:00:00,2750.237578,0.075264,0.244947,0.080037
2024-09-03 17:00:00,2622.847721,0.081985,0.281108,0.018547
2024-09-03 18:00:00,2544.634261,0.085135,0.283557,0.004273
2024-09-03 19:00:00,2428.454383,0.098200,0.283397,0.000271
2024-09-03 20:00:00,2296.091698,0.083132,0.276454,0.000180
2024-09-03 21:00:00,2173.911285,0.054871,0.226647,0.000132
2024-09-03 22:00:00,2120.558484,0.034585,0.131773,0.000127
2024-09-03 23:00:00,2098.070515,0.028627,0.100996,0.000103
2024-09-04 00:00:00,2073.852586,0.028880,0.030025,0.000104
2024-09-04 01:00:00,2027.634160,0.024591,0.025808,0.000097
2024-09-04 02:00:00,1975.816591,0.018837,0.020072,0.000095
2024-09-04 03:00:00,2060.070078,0.012237,0.018221,0.000105
2024-09-04 04:00:00,2399.044647,0.006135,0.038906,0.006509
2024-09-04 05:00:00,2743.912276,0.005716,0.010999,0.050821
2024-09-04 06:00:00,2822.537751,0.002074,0.010343,0.133574
2024-09-04 07:00:00,2865.676505,0.000527,0.021792,0.249893
2024-09-04 08:00:00,2956.793884,0.002108,0.085505,0.287070
2024-09-04 09:00:00,2983.184919,0.005369,0.128141,0.336168
2024-09-04 10:00:00,2978.500913,0.009444,0.160335,0.403399
2024-09-04 11:00:00,2997.216406,0.025426,0.160578,0.374759
2024-09-04 12:00:00,2917.085294,0.066302,0.268683,0.275510
2024-09-04 13:00:00,2835.584522,0.097323,0.161576,0.208446
2024-09-04 14:00:00,2821.459543,0.062838,0.171881,0.214096
2024-09-04 15:00:00,2883.196577,0.046055,0.226148,0.153606
2024-09-04 16:00:00,2777.182324,0.052598,0.179025,0.086247
2024-09-04 17:00:00,2645.656654,0.081184,0.309043,0.020118
2024-09-04 18:00:00,2575.778697,0.126109,0.305067,0.004443
2024-09-04 19:00:00,2480.993039,0.206638,0.301540,0.000286
2024-09-04 20:00:00,2320.888061,0.239917,0.354498,0.000229
2024-09-04 21:00:00,2193.222362,0.228983,0.399222,0.000161
2024-09-04 22:00:00,2107.398563,0.203764,0.415139,0.000166
2024-09-04 23:00:00,2096.179282,0.215017,0.510099,0.000162
2024-09-05 00:00:00,2047.302656,0.243341,0.480365,0.000145
2024-09-05 01:00:00,2059.586549,0.272485,0.505733,0.000145
2024-09-05 02:00:00,2065.269719,0.305404,0.487557,0.000149
2024-09-05 03:00:00,2170.747866,0.325843,0.489615,0.000159
2024-09-05 04:00:00,2437.697814,0.324787,0.533002,0.006836
2024-09-05 05:00:00,2736.560373,0.320635,0.551177,0.058970
2024-09-05 06:00:00,2891.517476,0.260693,0.580896,0.226323
2024-09-05 07:00:00,2963.979462,0.214845,0.594547,0.452816
2024-09-05 08:00:00,3071.652393,0.211240,0.661339,0.644980
2024-09-05 09:00:00,3474.968768,0.243365,0.444561,0.681092
2024-09-05 10:00:00,3640.447268,0.253373,0.130194,0.690442
2024-09-05 11:00:00,3719.320426,0.283471,0.087010,0.575640
2024-09-05 12:00:00,3594.625683,0.312978,0.090467,0.656903
2024-09-05 13:00:00,3479.406586,0.319691,0.097316,0.478195
2024-09-05 14:00:00,3331.483593,0.347714,0.280808,0.475180
2024-09-05 15:00:00,2984.229231,0.353681,0.720115,0.364272
2024-09-05 16:00:00,2852.737035,0.303488,0.767129,0.160676
2024-09-05 17:00:00,2771.189255,0.295919,0.893244,0.035511
2024-09-05 18:00:00,2696.623655,0.337652,0.883221,0.004692
2024-09-05 19:00:00,2583.929644,0.398233,0.867292,0.000288
2024-09-05 20:00:00,2511.085905,0.414422,0.854101,0.000271
2024-09-05 21:00:00,2359.431128,0.425171,0.852750,0.000255
2024-09-05 22:00:00,2316.288258,0.436560,0.872080,0.000201
2024-09-05 23:00:00,2343.633372,0.416475,0.885942,0.000198
2024-09-06 00:00:00,2280.128056,0.426391,0.861194,0.000193
2024-09-06 01:00:00,2157.282872,0.431125,0.874919,0.000169
2024-09-06 02:00:00,2144.243806,0.436882,0.893927,0.000139
2024-09-06 03:00:00,2170.575127,0.428642,0.905047,0.000181
2024-09-06 04:00:00,2446.021632,0.404854,0.933894,0.006658
2024-09-06 05:00:00,2721.043574,0.361656,0.926785,0.058656
2024-09-06 06:00:00,2869.006598,0.318354,0.879642,0.223084
2024-09-06 07:00:00,2917.520674,0.283208,0.806368,0.455605
2024-09-06 08:00:00,3001.424738,0.286097,0.734828,0.659915
2024-09-06 09:00:00,3110.816576,0.328925,0.668998,0.800722
2024-09-06 10:00:00,3309.383536,0.408159,0.687749,0.798282
2024-09-06 11:00:00,3331.910862,0.458428,0.667638,0.790344
2024-09-06 12:00:00,3214.073025,0.467289,0.670105,0.739287
2024-09-06 13:00:00,3168.484900,0.438781,0.682671,0.655317
2024-09-06 14:00:00,3138.864705,0.401850,0.632491,0.466506
2024-09-06 15:00:00,2764.844477,0.363080,0.671511,0.398960
2024-09-06 16:00:00,2628.025430,0.274538,0.718250,0.174599
2024-09-06 17:00:00,2464.360483,0.230968,0.701866,0.037806
2024-09-06 18:00:00,2394.583213,0.266778,0.753687,0.004559
2024-09-06 19:00:00,2444.898889,0.288534,0.771746,0.000291
2024-09-06 20:00:00,2365.000458,0.276459,0.718454,0.000225
2024-09-06 21:00:00,2135.239991,0.259191,0.721763,0.000184
2024-09-06 22:00:00,1968.712623,0.236782,0.714243,0.000192
2024-09-06 23:00:00,1903.994667,0.232068,0.606921,0.000164
2024-09-07 00:00:00,1861.274633,0.249126,0.581076,0.000154
2024-09-07 01:00:00,1829.095278,0.250579,0.534283,0.000126
2024-09-07 02:00:00,1785.659034,0.233342,0.487943,0.000129
2024-09-07 03:00:00,1795.636210,0.229973,0.451968,0.000125
2024-09-07 04:00:00,1861.085745,0.225075,0.422831,0.005678
2024-09-07 05:00:00,1997.503312,0.207999,0.388782,0.047390
2024-09-07 06:00:00,2159.796363,0.174219,0.331931,0.159176
2024-09-07 07:00:00,2266.351953,0.150335,0.293228,0.303521
2024-09-07 08:00:00,2383.651813,0.132762,0.251580,0.499823
2024-09-07 09:00:00,2563.077904,0.129934,0.243668,0.701405
2024-09-07 10:00:00,2754.806007,0.154539,0.263112,0.815935
2024-09-07 11:00:00,2810.093514,0.159881,0.252806,0.696946
2024-09-07 12:00:00,2750.649633,0.156075,0.244254,0.672417
2024-09-07 13:00:00,2616.568281,0.157824,0.300590,0.662502
2024-09-07 14:00:00,2357.884691,0.138313,0.276160,0.516302
2024-09-07 15:00:00,2363.794746,0.107785,0.309466,0.320339
2024-09-07 16:00:00,2331.096332,0.074157,0.311425,0.143713
2024-09-07 17:00:00,2201.315113,0.072889,0.207654,0.027495
2024-09-07 18:00:00,2168.299561,0.097174,0.222535,0.000421
2024-09-07 19:00:00,2093.153247,0.116822,0.225893,0.000270
2024-09-07 20:00:00,1974.900048,0.124795,0.262481,0.000218
2024-09-07 21:00:00,1873.907564,0.125974,0.264511,0.000177
2024-09-07 22:00:00,1807.694860,0.124915,0.214472,0.000184
2024-09-07 23:00:00,1766.394426,0.117804,0.178129,0.000159
2024-09-08 00:00:00,1741.900659,0.126242,0.164976,0.000139
2024-09-08 01:00:00,1712.117668,0.127338,0.159362,0.000125
2024-09-08 02:00:00,1674.971784,0.124783,0.155609,0.000114
2024-09-08 03:00:00,1674.914501,0.140972,0.178382,0.000142
2024-09-08 04:00:00,1745.512738,0.155054,0.209571,0.004824
2024-09-08 05:00:00,1867.285735,0.151724,0.255458,0.044568
2024-09-08 06:00:00,2044.830039,0.130711,0.272975,0.172103
2024-09-08 07:00:00,2204.658259,0.100201,0.277951,0.381503
2024-09-08 08:00:00,2467.264967,0.094860,0.290793,0.592838
2024-09-08 09:00:00,2807.447762,0.100166,0.215870,0.590368
2024-09-08 10:00:00,2924.733443,0.124495,0.247361,0.550450
2024-09-08 11:00:00,2920.394145,0.155284,0.272913,0.548833
2024-09-08 12:00:00,2843.477757,0.168972,0.400083,0.544242
2024-09-08 13:00:00,2550.442756,0.169057,0.386269,0.581064
2024-09-08 14:00:00,2416.796835,0.151894,0.343702,0.413367
2024-09-08 15:00:00,2485.944648,0.126429,0.373791,0.211839
2024-09-08 16:00:00,2427.452935,0.117021,0.368576,0.096670
2024-09-08 17:00:00,2308.843367,0.105609,0.300418,0.018936
2024-09-08 18:00:00,2267.523482,0.100371,0.387894,0.000306
2024-09-08 19:00:00,2170.794236,0.107649,0.354811,0.000211
2024-09-08 20:00:00,2057.144989,0.105674,0.330563,0.000185
2024-09-08 21:00:00,1950.422340,0.081040,0.242456,0.000131
2024-09-08 22:00:00,1936.175659,0.048592,0.126938,0.000141
2024-09-08 23:00:00,1886.500238,0.038874,0.068713,0.000099
2024-09-09 00:00:00,1897.649706,0.043537,0.038156,0.000108
2024-09-09 01:00:00,1896.517023,0.043934,0.054322,0.000100
2024-09-09 02:00:00,1903.253602,0.051596,0.066227,0.000107
2024-09-09 03:00:00,1991.470809,0.061150,0.106406,0.000113
2024-09-09 04:00:00,2333.952421,0.060957,0.123858,0.000136
2024-09-09 05:00:00,2632.821016,0.073038,0.259958,0.013113
2024-09-09 06:00:00,2779.857363,0.062700,0.264274,0.045764
2024-09-09 07:00:00,2839.942930,0.045431,0.214974,0.103914
2024-09-09 08:00:00,2896.160147,0.040002,0.130352,0.177012
2024-09-09 09:00:00,2919.122454,0.037543,0.123229,0.241992
2024-09-09 10:00:00,2866.377623,0.049136,0.067056,0.240952
2024-09-09 11:00:00,2885.602150,0.063579,0.108472,0.262448
2024-09-09 12:00:00,2835.977092,0.064567,0.199043,0.296265
2024-09-09 13:00:00,2758.099687,0.083313,0.323354,0.293258
2024-09-09 14:00:00,2737.466694,0.110958,0.434256,0.215580
2024-09-09 15:00:00,2845.024504,0.145557,0.487622,0.167410
2024-09-09 16:00:00,2756.641637,0.155748,0.566371,0.082902
2024-09-09 17:00:00,2613.816983,0.182011,0.712412,0.021845
2024-09-09 18:00:00,2570.527105,0.314936,0.764011,0.000382
2024-09-09 19:00:00,2503.068124,0.478180,0.759575,0.000250
2024-09-09 20:00:00,2458.613910,0.554397,0.772172,0.000206
2024-09-09 21:00:00,2324.940364,0.607391,0.828908,0.000188
2024-09-09 22:00:00,2447.193679,0.608819,0.842674,0.000199
2024-09-09 23:00:00,2403.678229,0.588076,0.934603,0.000133
2024-09-10 00:00:00,2417.141864,0.566506,0.908809,0.000121
2024-09-10 01:00:00,2322.458199,0.525269,0.622125,0.000130
2024-09-10 02:00:00,2269.251827,0.500732,0.621057,0.000122
2024-09-10 03:00:00,2299.306502,0.478581,0.643731,0.000114
2024-09-10 04:00:00,2543.671228,0.439220,0.761466,0.005065
2024-09-10 05:00:00,2723.164818,0.364932,0.853279,0.047962
2024-09-10 06:00:00,2857.722269,0.340531,0.878332,0.189223
2024-09-10 07:00:00,2898.464534,0.359758,0.899205,0.329108
2024-09-10 08:00:00,3018.271198,0.468175,0.890497,0.430012
2024-09-10 09:00:00,3125.615958,0.581536,0.815804,0.456270
2024-09-10 10:00:00,3306.868435,0.611968,0.555138,0.343734
2024-09-10 11:00:00,3522.916091,0.566076,0.186738,0.247685
2024-09-10 12:00:00,3437.396236,0.565134,0.105749,0.137486
2024-09-10 13:00:00,3383.169010,0.610555,0.101585,0.112783
2024-09-10 14:00:00,3221.607760,0.786494,0.491785,0.087915
2024-09-10 15:00:00,3059.957726,0.727438,0.877949,0.054492
2024-09-10 16:00:00,3089.584630,0.531162,0.924991,0.024682
2024-09-10 17:00:00,2776.708275,0.487859,0.890484,0.010896
2024-09-10 18:00:00,2668.819063,0.428167,0.912354,0.000233
2024-09-10 19:00:00,2648.043966,0.375644,0.917543,0.000220
2024-09-10 20:00:00,2376.989172,0.382246,0.834220,0.000180
2024-09-10 21:00:00,2272.438154,0.364637,0.824771,0.000141
2024-09-10 22:00:00,2260.910165,0.336226,0.836121,0.000110
2024-09-10 23:00:00,2323.809761,0.322589,0.760791,0.000116
2024-09-11 00:00:00,2289.716553,0.292985,0.657354,0.000108
2024-09-11 01:00:00,2226.183914,0.266006,0.591289,0.000121
2024-09-11 02:00:00,2142.703185,0.214355,0.518146,0.000102
2024-09-11 03:00:00,2199.206730,0.194429,0.480238,0.000096
2024-09-11 04:00:00,2506.049544,0.153174,0.481645,0.000259
2024-09-11 05:00:00,2698.687955,0.136528,0.416303,0.018699
2024-09-11 06:00:00,2827.980258,0.127963,0.342195,0.135069
2024-09-11 07:00:00,2857.153970,0.122556,0.521137,0.331943
2024-09-11 08:00:00,2916.946698,0.179784,0.413069,0.461637
2024-09-11 09:00:00,2972.860870,0.208133,0.375090,0.474638
2024-09-11 10:00:00,2965.210162,0.235858,0.376726,0.414777
2024-09-11 11:00:00,3021.716795,0.290422,0.388610,0.475801
2024-09-11 12:00:00,2979.734783,0.296620,0.425165,0.448893
2024-09-11 13:00:00,2913.631009,0.277233,0.497952,0.577719
2024-09-11 14:00:00,2828.854938,0.295697,0.458782,0.442245
2024-09-11 15:00:00,2871.427732,0.303100,0.543732,0.327045
2024-09-11 16:00:00,2758.695760,0.295411,0.566917,0.113423
2024-09-11 17:00:00,2627.776257,0.279253,0.624124,0.010879
2024-09-11 18:00:00,2572.724927,0.293153,0.687321,0.000398
2024-09-11 19:00:00,2456.616568,0.332035,0.737920,0.000293
2024-09-11 20:00:00,2323.675525,0.336181,0.718310,0.000227
2024-09-11 21:00:00,2168.379683,0.313687,0.708935,0.000224
2024-09-11 22:00:00,2151.722710,0.296098,0.704783,0.000213
2024-09-11 23:00:00,2143.071655,0.239765,0.605618,0.000184
2024-09-12 00:00:00,2105.599294,0.181924,0.394272,0.000175
2024-09-12 01:00:00,2038.685627,0.141195,0.362961,0.000158
2024-09-12 02:00:00,1999.481083,0.129857,0.262121,0.000151
2024-09-12 03:00:00,2090.777936,0.129654,0.223881,0.000174
2024-09-12 04:00:00,2386.250103,0.114625,0.191038,0.001284
2024-09-12 05:00:00,2671.662527,0.106397,0.207917,0.046760
2024-09-12 06:00:00,2786.229610,0.098781,0.218062,0.167115
2024-09-12 07:00:00,2835.076062,0.078802,0.189996,0.358000
2024-09-12 08:00:00,2953.524803,0.080908,0.121805,0.588001
2024-09-12 09:00:00,3071.787888,0.099013,0.099754,0.729461
2024-09-12 10:00:00,3050.492023,0.093248,0.111139,0.674316
2024-09-12 11:00:00,2975.402209,0.080000,0.104892,0.625085
2024-09-12 12:00:00,2903.040071,0.071713,0.096143,0.562661
2024-09-12 13:00:00,2986.198305,0.079401,0.142907,0.584657
2024-09-12 14:00:00,2992.786908,0.076571,0.151649,0.415653
2024-09-12 15:00:00,2924.566565,0.078504,0.156689,0.224917
2024-09-12 16:00:00,2863.620007,0.070598,0.291794,0.105527
2024-09-12 17:00:00,2579.077255,0.057828,0.230297,0.017011
2024-09-12 18:00:00,2508.809806,0.052827,0.263097,0.000540
2024-09-12 19:00:00,2392.474556,0.080362,0.230061,0.000259
2024-09-12 20:00:00,2260.557641,0.113054,0.240599,0.000210
2024-09-12 21:00:00,2283.695725,0.133102,0.335629,0.000167
2024-09-12 22:00:00,2299.086732,0.160875,0.401041,0.000143
2024-09-12 23:00:00,2197.304435,0.186807,0.413210,0.000152
2024-09-13 00:00:00,2070.543943,0.192218,0.451081,0.000120
2024-09-13 01:00:00,2052.710859,0.189229,0.457263,0.000104
2024-09-13 02:00:00,2029.557432,0.184595,0.469738,0.000090
2024-09-13 03:00:00,2082.828085,0.185465,0.466924,0.000110
2024-09-13 04:00:00,2388.455433,0.181314,0.419255,0.000390
2024-09-13 05:00:00,2694.038754,0.168670,0.452235,0.039467
2024-09-13 06:00:00,2907.468786,0.151703,0.407603,0.224026
2024-09-13 07:00:00,2946.905179,0.170086,0.416170,0.464714
2024-09-13 08:00:00,2946.999875,0.247691,0.421903,0.612467
2024-09-13 09:00:00,3016.847029,0.314372,0.428111,0.668861
2024-09-13 10:00:00,2994.537847,0.341988,0.486069,0.692973
2024-09-13 11:00:00,2967.528906,0.369830,0.496630,0.718084
2024-09-13 12:00:00,2956.441127,0.399602,0.545392,0.657273
2024-09-13 13:00:00,2819.480280,0.422466,0.626102,0.543876
2024-09-13 14:00:00,2763.338139,0.433009,0.709786,0.450254
2024-09-13 15:00:00,2799.100497,0.409366,0.717728,0.292744
2024-09-13 16:00:00,2596.038477,0.339950,0.690299,0.117211
2024-09-13 17:00:00,2429.708749,0.256413,0.717653,0.016004
2024-09-13 18:00:00,2366.087093,0.241663,0.646705,0.000292
2024-09-13 19:00:00,2252.302394,0.267429,0.686697,0.000209
2024-09-13 20:00:00,2160.327794,0.315485,0.696224,0.000181
2024-09-13 21:00:00,2034.967973,0.300741,0.655761,0.000176
2024-09-13 22:00:00,2012.505252,0.244805,0.649224,0.000151
2024-09-13 23:00:00,2036.490155,0.245666,0.537016,0.000155
2024-09-14 00:00:00,2147.231423,0.229752,0.496742,0.000116
2024-09-14 01:00:00,2078.650517,0.232901,0.489253,0.000125
2024-09-14 02:00:00,1976.058382,0.240480,0.452893,0.000116
2024-09-14 03:00:00,1947.133564,0.211638,0.415910,0.000107
2024-09-14 04:00:00,1926.685295,0.175630,0.394185,0.000601
2024-09-14 05:00:00,2039.321408,0.136230,0.345726,0.044378
2024-09-14 06:00:00,2198.823568,0.094734,0.279452,0.216354
2024-09-14 07:00:00,2303.550414,0.079631,0.232667,0.435103
2024-09-14 08:00:00,2594.260029,0.120394,0.196230,0.634166
2024-09-14 09:00:00,3050.467972,0.129360,0.184109,0.731774
2024-09-14 10:00:00,3232.609041,0.122292,0.184177,0.570500
2024-09-14 11:00:00,3271.974496,0.131435,0.154432,0.554588
2024-09-14 12:00:00,3212.230558,0.112568,0.022816,0.425527
2024-09-14 13:00:00,3123.056621,0.092159,0.010428,0.429859
2024-09-14 14:00:00,2971.585213,0.076193,0.140154,0.417771
2024-09-14 15:00:00,2645.919726,0.057572,0.129640,0.298790
2024-09-14 16:00:00,2361.771139,0.038136,0.116632,0.119594
2024-09-14 17:00:00,2247.012260,0.034342,0.111433,0.010161
2024-09-14 18:00:00,2247.196714,0.043436,0.089553,0.000339
2024-09-14 19:00:00,2152.497090,0.030393,0.097663,0.000214
2024-09-14 20:00:00,2045.417171,0.018363,0.090150,0.000177
2024-09-14 21:00:00,1951.768824,0.011125,0.071237,0.000155
2024-09-14 22:00:00,1997.592678,0.011780,0.060786,0.000133
2024-09-14 23:00:00,2063.197964,0.018658,0.062253,0.000140
2024-09-15 00:00:00,1957.803512,0.036325,0.059445,0.000126
2024-09-15 01:00:00,2086.922627,0.061426,0.052852,0.000101
2024-09-15 02:00:00,1951.363284,0.069358,0.052300,0.000097
2024-09-15 03:00:00,1871.747928,0.065805,0.032293,0.000097
2024-09-15 04:00:00,1919.366471,0.061880,0.027928,0.000250
2024-09-15 05:00:00,1951.777179,0.058474,0.023094,0.024135
2024-09-15 06:00:00,2206.452455,0.046233,0.028157,0.102301
2024-09-15 07:00:00,2433.564109,0.030351,0.032194,0.200468
2024-09-15 08:00:00,2753.417711,0.018958,0.037893,0.285078
2024-09-15 09:00:00,3021.468944,0.015416,0.022428,0.301779
2024-09-15 10:00:00,3063.876983,0.018399,0.023899,0.316037
2024-09-15 11:00:00,3056.019607,0.031547,0.051896,0.322482
2024-09-15 12:00:00,2994.000286,0.030885,0.011660,0.243084
2024-09-15 13:00:00,2924.575592,0.032171,0.015056,0.195054
2024-09-15 14:00:00,2759.758134,0.038413,0.127148,0.188619
2024-09-15 15:00:00,2514.932113,0.036761,0.166187,0.117857
2024-09-15 16:00:00,2422.363742,0.029404,0.131535,0.040205
2024-09-15 17:00:00,2324.040525,0.028948,0.085162,0.003581
2024-09-15 18:00:00,2253.438070,0.048290,0.057633,0.000247
2024-09-15 19:00:00,2126.860097,0.072575,0.046361,0.000177
2024-09-15 20:00:00,2017.552297,0.094548,0.078161,0.000155
2024-09-15 21:00:00,1921.755305,0.097956,0.082629,0.000122
2024-09-15 22:00:00,1907.794448,0.085898,0.083958,0.000098
2024-09-15 23:00:00,1909.011426,0.067101,0.100968,0.000116
2024-09-16 00:00:00,1907.856339,0.056131,0.127313,0.000107
2024-09-16 01:00:00,1895.496541,0.047751,0.101207,0.000087
2024-09-16 02:00:00,1886.971623,0.051875,0.065140,0.000094
2024-09-16 03:00:00,1981.204035,0.048860,0.048316,0.000101
2024-09-16 04:00:00,2323.196737,0.048378,0.036589,0.000146
2024-09-16 05:00:00,2618.267211,0.044482,0.030075,0.015983
2024-09-16 06:00:00,2760.526709,0.034030,0.035507,0.115077
2024-09-16 07:00:00,2807.657355,0.020926,0.038408,0.258297
2024-09-16 08:00:00,2891.807760,0.009985,0.042679,0.417592
2024-09-16 09:00:00,2911.549304,0.008039,0.032646,0.499415
2024-09-16 10:00:00,2878.472111,0.031180,0.069314,0.467431
2024-09-16 11:00:00,2907.821877,0.060635,0.134183,0.497617
2024-09-16 12:00:00,2858.480092,0.069111,0.226043,0.485227
2024-09-16 13:00:00,2757.442319,0.069353,0.265207,0.461226
2024-09-16 14:00:00,2745.783285,0.076909,0.314448,0.392427
2024-09-16 15:00:00,2816.537039,0.100669,0.374546,0.264371
2024-09-16 16:00:00,2729.194264,0.119340,0.378826,0.101873
2024-09-16 17:00:00,2617.378035,0.090502,0.316750,0.006932
2024-09-16 18:00:00,2556.660889,0.087923,0.290632,0.000251
2024-09-16 19:00:00,2386.744969,0.082982,0.224439,0.000213
2024-09-16 20:00:00,2275.999776,0.074864,0.179068,0.000170
2024-09-16 21:00:00,2123.540426,0.077705,0.169898,0.000143
2024-09-16 22:00:00,2082.149761,0.062068,0.149164,0.000121
2024-09-16 23:00:00,2049.195798,0.064110,0.173661,0.000112
2024-09-17 00:00:00,2023.602250,0.059865,0.166428,0.000092
2024-09-17 01:00:00,1984.714084,0.053710,0.141993,0.000079
2024-09-17 02:00:00,1949.963128,0.050385,0.119782,0.000077
2024-09-17 03:00:00,2046.320717,0.068413,0.172014,0.000084
2024-09-17 04:00:00,2372.424763,0.098654,0.213231,0.000282
2024-09-17 05:00:00,2661.318115,0.089957,0.215702,0.024882
2024-09-17 06:00:00,2785.140213,0.055440,0.156705,0.127119
2024-09-17 07:00:00,2804.602320,0.032090,0.129098,0.315844
2024-09-17 08:00:00,2952.458287,0.028419,0.085907,0.578472
2024-09-17 09:00:00,3208.487957,0.017834,0.063398,0.848509
2024-09-17 10:00:00,3191.408713,0.011702,0.063296,0.897440
2024-09-17 11:00:00,3316.887006,0.014474,0.077105,0.915124
2024-09-17 12:00:00,3309.632760,0.019452,0.087656,0.818960
2024-09-17 13:00:00,3141.829284,0.026410,0.099573,0.665069
2024-09-17 14:00:00,2906.290179,0.028608,0.113897,0.430174
2024-09-17 15:00:00,2839.378552,0.036225,0.160444,0.228324
2024-09-17 16:00:00,2721.507748,0.048112,0.174319,0.091989
2024-09-17 17:00:00,2607.024706,0.045643,0.197336,0.014375
2024-09-17 18:00:00,2524.836974,0.040985,0.162458,0.000263
2024-09-17 19:00:00,2381.070435,0.036767,0.165779,0.000209
2024-09-17 20:00:00,2233.604036,0.028630,0.128284,0.000183
2024-09-17 21:00:00,2112.093293,0.025663,0.101672,0.000156
2024-09-17 22:00:00,2088.942073,0.020488,0.084195,0.000137
2024-09-17 23:00:00,2114.640665,0.016344,0.061751,0.000117
2024-09-18 00:00:00,2020.671626,0.019051,0.033755,0.000111
2024-09-18 01:00:00,1964.261331,0.034027,0.028406,0.000102
2024-09-18 02:00:00,1942.703099,0.048976,0.032723,0.000098
2024-09-18 03:00:00,2042.056214,0.050429,0.027092,0.000109
2024-09-18 04:00:00,2371.293353,0.053826,0.027309,0.000180
2024-09-18 05:00:00,2679.968182,0.064380,0.041808,0.027359
2024-09-18 06:00:00,2871.441023,0.058864,0.044463,0.159324
2024-09-18 07:00:00,3093.812334,0.029904,0.044124,0.380451
2024-09-18 08:00:00,3165.818903,0.013590,0.031920,0.594470
2024-09-18 09:00:00,3295.267295,0.019177,0.026650,0.765743
2024-09-18 10:00:00,3525.194670,0.030947,0.033108,0.839522
2024-09-18 11:00:00,3672.297999,0.033158,0.049353,0.822321
2024-09-18 12:00:00,3690.075427,0.031533,0.038511,0.757596
2024-09-18 13:00:00,3426.618619,0.032456,0.044588,0.677212
2024-09-18 14:00:00,3036.381502,0.037262,0.062026,0.588355
2024-09-18 15:00:00,2924.056231,0.042467,0.082709,0.365772
2024-09-18 16:00:00,2757.704902,0.047086,0.099785,0.127837
2024-09-18 17:00:00,2617.692924,0.074804,0.119670,0.017850
2024-09-18 18:00:00,2539.010309,0.104666,0.158762,0.000330
2024-09-18 19:00:00,2435.192947,0.097734,0.175201,0.000275
2024-09-18 20:00:00,2316.331555,0.090791,0.127416,0.000210
2024-09-18 21:00:00,2139.753578,0.078919,0.113484,0.000202
2024-09-18 22:00:00,2221.307065,0.071123,0.107208,0.000181
2024-09-18 23:00:00,2131.207729,0.062438,0.084160,0.000177
2024-09-19 00:00:00,2026.909557,0.059393,0.064425,0.000177
2024-09-19 01:00:00,1985.337583,0.046197,0.065823,0.000156
2024-09-19 02:00:00,1927.401814,0.037883,0.058646,0.000149
2024-09-19 03:00:00,2035.893024,0.036133,0.037626,0.000150
2024-09-19 04:00:00,2367.031414,0.033790,0.034693,0.000173
2024-09-19 05:00:00,2680.554340,0.042186,0.037683,0.024362
2024-09-19 06:00:00,2864.751431,0.047252,0.057477,0.114192
2024-09-19 07:00:00,2888.836788,0.039780,0.077202,0.270756
2024-09-19 08:00:00,3073.630686,0.035617,0.072414,0.531195
2024-09-19 09:00:00,3327.438840,0.039887,0.045351,0.812424
2024-09-19 10:00:00,3652.967694,0.053991,0.038283,0.909455
2024-09-19 11:00:00,3726.440530,0.069555,0.036609,0.928428
2024-09-19 12:00:00,3718.149392,0.074935,0.039201,0.864824
2024-09-19 13:00:00,3497.614851,0.073816,0.047390,0.762996
2024-09-19 14:00:00,3023.544771,0.071408,0.057449,0.571963
2024-09-19 15:00:00,2898.001939,0.070479,0.081213,0.339223
2024-09-19 16:00:00,2730.320567,0.072739,0.134041,0.108556
2024-09-19 17:00:00,2645.324509,0.095760,0.165839,0.012207
2024-09-19 18:00:00,2529.678484,0.126391,0.243741,0.000331
2024-09-19 19:00:00,2399.626263,0.135165,0.256100,0.000259
2024-09-19 20:00:00,2248.666497,0.136863,0.189716,0.000217
2024-09-19 21:00:00,2141.136910,0.134921,0.119658,0.000208
2024-09-19 22:00:00,2174.483803,0.133344,0.111752,0.000166
2024-09-19 23:00:00,2099.058914,0.131185,0.158729,0.000147
2024-09-20 00:00:00,2060.232082,0.111876,0.151819,0.000133
2024-09-20 01:00:00,1990.991585,0.091513,0.149256,0.000125
2024-09-20 02:00:00,2012.235856,0.072903,0.141478,0.000109
2024-09-20 03:00:00,2038.895533,0.060414,0.104450,0.000129
2024-09-20 04:00:00,2351.276190,0.055634,0.069423,0.000169
2024-09-20 05:00:00,2735.810800,0.052767,0.062144,0.015648
2024-09-20 06:00:00,2902.644688,0.048862,0.046775,0.068078
2024-09-20 07:00:00,2930.918307,0.047776,0.038277,0.152542
2024-09-20 08:00:00,3029.793103,0.056744,0.057558,0.277238
2024-09-20 09:00:00,3164.151553,0.067427,0.075036,0.460759
2024-09-20 10:00:00,3410.327193,0.069121,0.085524,0.641576
2024-09-20 11:00:00,3594.124862,0.061062,0.033151,0.704766
2024-09-20 12:00:00,3554.359211,0.054493,0.031249,0.758033
2024-09-20 13:00:00,3313.957585,0.049092,0.029716,0.770037
2024-09-20 14:00:00,2869.620218,0.048339,0.085174,0.602847
2024-09-20 15:00:00,2734.143899,0.043071,0.079706,0.351131
2024-09-20 16:00:00,2579.771246,0.044242,0.098845,0.107032
2024-09-20 17:00:00,2442.070291,0.072984,0.146230,0.011266
2024-09-20 18:00:00,2367.004484,0.092640,0.193353,0.000310
2024-09-20 19:00:00,2199.502873,0.096419,0.241809,0.000216
2024-09-20 20:00:00,2077.394275,0.092437,0.251397,0.000187
2024-09-20 21:00:00,1975.538023,0.091690,0.186378,0.000171
2024-09-20 22:00:00,1933.005194,0.079722,0.186173,0.000135
2024-09-20 23:00:00,1905.213621,0.072918,0.206887,0.000134
2024-09-21 00:00:00,1851.371246,0.064614,0.165029,0.000127
2024-09-21 01:00:00,1779.852163,0.056415,0.145174,0.000126
2024-09-21 02:00:00,1737.619386,0.050083,0.124222,0.000113
2024-09-21 03:00:00,1745.115668,0.044534,0.116640,0.000110
2024-09-21 04:00:00,1833.446741,0.035221,0.112314,0.000190
2024-09-21 05:00:00,1993.236823,0.032260,0.103761,0.020343
2024-09-21 06:00:00,2201.697947,0.030348,0.086975,0.110774
2024-09-21 07:00:00,2374.650999,0.022013,0.083342,0.304362
2024-09-21 08:00:00,2804.146992,0.014559,0.071261,0.602510
2024-09-21 09:00:00,3139.768311,0.011580,0.059220,0.841349
2024-09-21 10:00:00,3272.338098,0.015921,0.040665,0.936596
2024-09-21 11:00:00,3257.839262,0.029286,0.035585,0.875809
2024-09-21 12:00:00,3091.661305,0.040405,0.018739,0.776173
2024-09-21 13:00:00,2944.103382,0.051887,0.022418,0.781342
2024-09-21 14:00:00,2568.914627,0.051209,0.050520,0.611103
2024-09-21 15:00:00,2454.459965,0.048656,0.058920,0.356396
2024-09-21 16:00:00,2343.505423,0.047189,0.071428,0.108343
2024-09-21 17:00:00,2226.424918,0.072129,0.110814,0.011470
2024-09-21 18:00:00,2154.901102,0.096326,0.143368,0.000336
2024-09-21 19:00:00,2041.891404,0.109995,0.195946,0.000266
2024-09-21 20:00:00,1936.669337,0.116339,0.224136,0.000221
2024-09-21 21:00:00,1854.218873,0.119201,0.240077,0.000216
2024-09-21 22:00:00,1775.941846,0.114214,0.194237,0.000172
2024-09-21 23:00:00,1881.469731,0.114487,0.151100,0.000155
2024-09-22 00:00:00,1728.277686,0.112080,0.145719,0.000127
2024-09-22 01:00:00,1676.445100,0.108991,0.137711,0.000135
2024-09-22 02:00:00,1648.844063,0.101910,0.120159,0.000113
2024-09-22 03:00:00,1656.574554,0.088203,0.101882,0.000106
2024-09-22 04:00:00,1724.405863,0.084893,0.102074,0.000145
2024-09-22 05:00:00,1857.779106,0.082829,0.111117,0.020193
2024-09-22 06:00:00,2046.877610,0.075495,0.114031,0.124107
2024-09-22 07:00:00,2237.823581,0.056900,0.129909,0.315982
2024-09-22 08:00:00,2607.262751,0.034185,0.122034,0.572002
2024-09-22 09:00:00,2925.891491,0.031075,0.137931,0.785776
2024-09-22 10:00:00,3089.661719,0.040361,0.111738,0.886546
2024-09-22 11:00:00,2886.529731,0.050412,0.067601,0.894762
2024-09-22 12:00:00,2821.372823,0.050167,0.050589,0.846074
2024-09-22 13:00:00,2919.207107,0.047329,0.037897,0.729854
2024-09-22 14:00:00,2559.237433,0.040878,0.025423,0.558441
2024-09-22 15:00:00,2611.091756,0.036514,0.016468,0.310233
2024-09-22 16:00:00,2433.038303,0.036342,0.026403,0.090390
2024-09-22 17:00:00,2319.362440,0.053359,0.083951,0.009759
2024-09-22 18:00:00,2232.994300,0.071306,0.149145,0.000277
2024-09-22 19:00:00,2122.936310,0.080367,0.222511,0.000198
2024-09-22 20:00:00,2116.006934,0.076258,0.218799,0.000156
2024-09-22 21:00:00,1929.773697,0.075522,0.200167,0.000173
2024-09-22 22:00:00,1928.264059,0.071178,0.167685,0.000143
2024-09-22 23:00:00,1954.643412,0.068179,0.134906,0.000122
2024-09-23 00:00:00,1893.926077,0.062336,0.131498,0.000108
2024-09-23 01:00:00,1836.519744,0.049904,0.108900,0.000109
2024-09-23 02:00:00,1835.016137,0.043287,0.096872,0.000096
2024-09-23 03:00:00,1948.476031,0.036512,0.086705,0.000115
2024-09-23 04:00:00,2322.762511,0.034507,0.075458,0.000138
2024-09-23 05:00:00,2644.898690,0.040361,0.075519,0.020507
2024-09-23 06:00:00,2829.149237,0.045007,0.064072,0.104063
2024-09-23 07:00:00,2909.940318,0.038520,0.083071,0.264285
2024-09-23 08:00:00,3119.393667,0.025927,0.064611,0.490188
2024-09-23 09:00:00,3262.785503,0.026647,0.052551,0.686792
2024-09-23 10:00:00,2989.964220,0.028921,0.042869,0.659730
2024-09-23 11:00:00,2957.715808,0.030903,0.038917,0.701797
2024-09-23 12:00:00,2888.774348,0.029280,0.041286,0.581934
2024-09-23 13:00:00,2841.357813,0.026552,0.023668,0.461423
2024-09-23 14:00:00,2736.024293,0.026601,0.019215,0.255719
2024-09-23 15:00:00,2843.366278,0.022588,0.033043,0.145402
2024-09-23 16:00:00,2731.699005,0.028882,0.033318,0.043131
2024-09-23 17:00:00,2649.543269,0.040247,0.038779,0.008159
2024-09-23 18:00:00,2518.604067,0.053876,0.072009,0.000298
2024-09-23 19:00:00,2364.732857,0.078309,0.096906,0.000187
2024-09-23 20:00:00,2226.765581,0.095367,0.139074,0.000153
2024-09-23 21:00:00,2118.951126,0.103442,0.201041,0.000123
2024-09-23 22:00:00,2102.094304,0.103174,0.248466,0.000111
2024-09-23 23:00:00,2118.196850,0.103760,0.236105,0.000088
2024-09-24 00:00:00,2047.086594,0.103315,0.229498,0.000087
2024-09-24 01:00:00,1951.641949,0.099216,0.226846,0.000083
2024-09-24 02:00:00,1936.392508,0.089159,0.221637,0.000076
2024-09-24 03:00:00,2033.106256,0.088654,0.169309,0.000096
2024-09-24 04:00:00,2382.472334,0.087376,0.143300,0.000115
2024-09-24 05:00:00,2756.193082,0.079719,0.109360,0.011114
2024-09-24 06:00:00,2840.629315,0.066394,0.109449,0.038180
2024-09-24 07:00:00,2889.271791,0.055743,0.120573,0.084689
2024-09-24 08:00:00,2922.626916,0.045425,0.126776,0.161350
2024-09-24 09:00:00,2965.153852,0.045628,0.166080,0.251901
2024-09-24 10:00:00,2976.112525,0.060642,0.168003,0.348415
2024-09-24 11:00:00,2984.074994,0.076393,0.154492,0.372173
2024-09-24 12:00:00,2903.880483,0.096579,0.206261,0.311049
2024-09-24 13:00:00,2781.839003,0.097112,0.248047,0.293873
2024-09-24 14:00:00,2745.182126,0.109019,0.296193,0.241394
2024-09-24 15:00:00,2836.871677,0.103372,0.300160,0.148408
2024-09-24 16:00:00,2743.109435,0.089637,0.395609,0.056513
2024-09-24 17:00:00,2664.016224,0.086059,0.504025,0.006345
2024-09-24 18:00:00,2553.228663,0.107107,0.580369,0.000218
2024-09-24 19:00:00,2432.451804,0.153640,0.638459,0.000171
2024-09-24 20:00:00,2304.369991,0.212676,0.638386,0.000137
2024-09-24 21:00:00,2421.553162,0.287120,0.692076,0.000159
2024-09-24 22:00:00,2522.327728,0.379312,0.763130,0.000127
2024-09-24 23:00:00,2702.333572,0.497977,0.842733,0.000132
2024-09-25 00:00:00,2713.426579,0.597935,0.878693,0.000132
2024-09-25 01:00:00,2556.270118,0.644280,0.879035,0.000122
2024-09-25 02:00:00,2456.651737,0.647988,0.859206,0.000116
2024-09-25 03:00:00,2536.665332,0.623439,0.885941,0.000121
2024-09-25 04:00:00,2698.228674,0.568192,0.909052,0.000163
2024-09-25 05:00:00,2916.011420,0.517932,0.892959,0.012908
2024-09-25 06:00:00,3044.899867,0.484722,0.877390,0.087091
2024-09-25 07:00:00,3045.380419,0.496854,0.881141,0.240059
2024-09-25 08:00:00,3110.350655,0.508129,0.772216,0.350034
2024-09-25 09:00:00,3200.953650,0.513786,0.728415,0.394024
2024-09-25 10:00:00,3177.068252,0.520221,0.625129,0.484043
2024-09-25 11:00:00,3206.622326,0.500256,0.710697,0.523985
2024-09-25 12:00:00,3094.326341,0.483887,0.739910,0.463321
2024-09-25 13:00:00,2968.557581,0.436104,0.631747,0.377742
2024-09-25 14:00:00,2801.508346,0.382237,0.449218,0.294794
2024-09-25 15:00:00,2842.638866,0.290461,0.371171,0.173835
2024-09-25 16:00:00,2762.807996,0.197304,0.248257,0.051648
2024-09-25 17:00:00,2686.895121,0.155417,0.227237,0.001598
2024-09-25 18:00:00,2668.849460,0.132109,0.186605,0.000338
2024-09-25 19:00:00,2442.507216,0.108036,0.129849,0.000244
2024-09-25 20:00:00,2252.520139,0.088754,0.079206,0.000211
2024-09-25 21:00:00,2130.926647,0.064057,0.054021,0.000190
2024-09-25 22:00:00,2147.052906,0.053762,0.042346,0.000154
2024-09-25 23:00:00,2116.290005,0.045343,0.040643,0.000134
2024-09-26 00:00:00,2085.442390,0.048055,0.059115,0.000123
2024-09-26 01:00:00,2077.216326,0.049558,0.106640,0.000111
2024-09-26 02:00:00,2087.609774,0.057152,0.205464,0.000124
2024-09-26 03:00:00,2162.176482,0.086541,0.289615,0.000132
2024-09-26 04:00:00,2463.906193,0.119075,0.387947,0.000155
2024-09-26 05:00:00,2733.057924,0.149305,0.504864,0.006067
2024-09-26 06:00:00,2865.197621,0.180140,0.569602,0.054403
2024-09-26 07:00:00,2927.637752,0.211110,0.602566,0.108889
2024-09-26 08:00:00,3073.621426,0.234886,0.704634,0.159771
2024-09-26 09:00:00,3278.894643,0.303617,0.769291,0.205485
2024-09-26 10:00:00,3316.083646,0.396094,0.823752,0.174050
2024-09-26 11:00:00,3412.846587,0.442045,0.804177,0.149087
2024-09-26 12:00:00,3379.419166,0.489492,0.696892,0.129429
2024-09-26 13:00:00,3112.888041,0.525822,0.612401,0.128118
2024-09-26 14:00:00,2987.645041,0.531198,0.562309,0.117257
2024-09-26 15:00:00,3356.143907,0.431227,0.538985,0.053818
2024-09-26 16:00:00,2886.904391,0.398527,0.531161,0.020338
2024-09-26 17:00:00,2768.914596,0.354349,0.549032,0.000351
2024-09-26 18:00:00,2688.184994,0.297468,0.436106,0.000168
2024-09-26 19:00:00,2513.575205,0.209591,0.259565,0.000162
2024-09-26 20:00:00,2357.144260,0.137562,0.135731,0.000137
2024-09-26 21:00:00,2369.211560,0.111992,0.093354,0.000135
2024-09-26 22:00:00,2808.657279,0.091859,0.080168,0.000120
2024-09-26 23:00:00,2757.752932,0.103258,0.130922,0.000125
2024-09-27 00:00:00,2785.664836,0.092674,0.145865,0.000089
2024-09-27 01:00:00,2796.311689,0.094486,0.039694,0.000080
2024-09-27 02:00:00,2728.520061,0.099278,0.060169,0.000081
2024-09-27 03:00:00,2742.825767,0.116117,0.146367,0.000106
2024-09-27 04:00:00,2793.415586,0.153767,0.226120,0.000091
2024-09-27 05:00:00,2840.229622,0.157071,0.236141,0.003770
2024-09-27 06:00:00,2949.270199,0.188781,0.214954,0.031058
2024-09-27 07:00:00,3157.553745,0.203759,0.251000,0.109012
2024-09-27 08:00:00,3337.614652,0.224994,0.291244,0.127433
2024-09-27 09:00:00,3301.494801,0.232043,0.377078,0.157686
2024-09-27 10:00:00,3254.351171,0.237538,0.432592,0.129177
2024-09-27 11:00:00,3314.095131,0.243796,0.515782,0.133618
2024-09-27 12:00:00,3286.144599,0.233168,0.491050,0.123772
2024-09-27 13:00:00,3211.376249,0.225250,0.485944,0.103933
2024-09-27 14:00:00,3131.567233,0.196847,0.441510,0.074723
2024-09-27 15:00:00,2869.338297,0.147192,0.417584,0.054429
2024-09-27 16:00:00,2766.880922,0.108794,0.421903,0.019290
2024-09-27 17:00:00,2647.361973,0.084736,0.634149,0.000271
2024-09-27 18:00:00,2558.953137,0.093913,0.610581,0.000102
2024-09-27 19:00:00,2439.592993,0.096003,0.564935,0.000077
2024-09-27 20:00:00,2398.614038,0.096403,0.622036,0.000066
2024-09-27 21:00:00,2278.628579,0.108189,0.635702,0.000060
2024-09-27 22:00:00,2467.094825,0.221995,0.571234,0.000044
2024-09-27 23:00:00,2468.366090,0.330061,0.682268,0.000046
2024-09-28 00:00:00,2426.956913,0.411438,0.703266,0.000046
2024-09-28 01:00:00,2418.052406,0.470762,0.726176,0.000047
2024-09-28 02:00:00,2300.234480,0.549076,0.811529,0.000050
2024-09-28 03:00:00,2216.427373,0.601778,0.852836,0.000059
2024-09-28 04:00:00,2206.403476,0.620645,0.911698,0.000078
2024-09-28 05:00:00,2298.398848,0.629525,0.893905,0.010513
2024-09-28 06:00:00,2423.090099,0.596918,0.962049,0.117311
2024-09-28 07:00:00,2589.734569,0.621464,0.948800,0.332552
2024-09-28 08:00:00,3054.263276,0.685051,0.889817,0.496086
2024-09-28 09:00:00,3251.284324,0.675843,0.891977,0.474072
2024-09-28 10:00:00,3285.715177,0.639898,0.587155,0.446116
2024-09-28 11:00:00,3220.384989,0.615928,0.609930,0.433684
2024-09-28 12:00:00,3148.742411,0.617700,0.407070,0.481756
2024-09-28 13:00:00,3123.336083,0.617271,0.383332,0.455813
2024-09-28 14:00:00,2892.864195,0.686094,0.776604,0.333377
2024-09-28 15:00:00,2592.748228,0.650192,0.898240,0.191942
2024-09-28 16:00:00,2553.111432,0.573585,0.876380,0.032698
2024-09-28 17:00:00,2515.712385,0.535308,0.874257,0.000411
2024-09-28 18:00:00,2385.407902,0.512915,0.913968,0.000252
2024-09-28 19:00:00,2303.392213,0.445138,0.890082,0.000189
2024-09-28 20:00:00,2212.540328,0.394250,0.894635,0.000147
2024-09-28 21:00:00,2109.053117,0.369614,0.848367,0.000142
2024-09-28 22:00:00,2064.256619,0.349674,0.864794,0.000122
2024-09-28 23:00:00,1979.015964,0.334724,0.889185,0.000103
2024-09-29 00:00:00,1948.544574,0.323184,0.849820,0.000097
2024-09-29 01:00:00,1890.700641,0.292499,0.865644,0.000086
2024-09-29 02:00:00,1839.259503,0.279678,0.816848,0.000091
2024-09-29 03:00:00,1848.131923,0.249438,0.852341,0.000089
2024-09-29 04:00:00,1904.637050,0.221514,0.709218,0.000084
2024-09-29 05:00:00,2031.824761,0.176924,0.572034,0.010271
2024-09-29 06:00:00,2180.861150,0.124809,0.432234,0.120297
2024-09-29 07:00:00,2325.414767,0.077807,0.319240,0.275361
2024-09-29 08:00:00,2891.114801,0.069462,0.155100,0.447130
2024-09-29 09:00:00,3158.971879,0.067205,0.119106,0.526728
2024-09-29 10:00:00,3156.672573,0.066922,0.104444,0.542461
2024-09-29 11:00:00,3154.329288,0.059140,0.087074,0.445800
2024-09-29 12:00:00,3026.109724,0.069861,0.123223,0.372233
2024-09-29 13:00:00,2897.115589,0.107294,0.269156,0.361200
2024-09-29 14:00:00,2443.135849,0.122878,0.281910,0.287209
2024-09-29 15:00:00,2510.153093,0.109290,0.244884,0.121712
2024-09-29 16:00:00,2488.018213,0.106764,0.177313,0.022020
2024-09-29 17:00:00,2421.805434,0.116361,0.141884,0.000502
2024-09-29 18:00:00,2320.316417,0.133380,0.143415,0.000323
2024-09-29 19:00:00,2192.246730,0.142537,0.214274,0.000206
2024-09-29 20:00:00,2104.321545,0.147943,0.310386,0.000165
2024-09-29 21:00:00,2025.705181,0.161712,0.327443,0.000130
2024-09-29 22:00:00,2305.916713,0.173043,0.451713,0.000115
2024-09-29 23:00:00,2528.983599,0.185427,0.565816,0.000120
2024-09-30 00:00:00,2593.681050,0.199092,0.603207,0.000107
2024-09-30 01:00:00,2610.606812,0.218254,0.620414,0.000104
2024-09-30 02:00:00,2550.105215,0.220912,0.607827,0.000092
2024-09-30 03:00:00,2353.572292,0.222906,0.645318,0.000104
2024-09-30 04:00:00,2514.240826,0.236871,0.719933,0.000142
2024-09-30 05:00:00,2762.778453,0.253530,0.764127,0.009058
2024-09-30 06:00:00,2893.371089,0.264751,0.787345,0.088410
2024-09-30 07:00:00,2927.262465,0.271431,0.866432,0.259579
2024-09-30 08:00:00,3053.217881,0.375263,0.876294,0.492957
2024-09-30 09:00:00,3297.739832,0.564736,0.837216,0.618411
2024-09-30 10:00:00,3525.670660,0.676983,0.828654,0.678707
2024-09-30 11:00:00,3637.913683,0.704641,0.829948,0.704942
2024-09-30 12:00:00,3565.706254,0.743232,0.833330,0.657256
2024-09-30 13:00:00,3310.895191,0.776876,0.853348,0.582815
2024-09-30 14:00:00,3057.370833,0.785904,0.873468,0.412653
2024-09-30 15:00:00,3012.284919,0.772929,0.890520,0.206586
2024-09-30 16:00:00,2965.115326,0.751921,0.924338,0.043644
2024-09-30 17:00:00,2910.487667,0.716211,0.910785,0.000489
2024-09-30 18:00:00,2771.246729,0.703290,0.905669,0.000458
2024-09-30 19:00:00,2657.386848,0.707515,0.953211,0.000408
2024-09-30 20:00:00,2589.574822,0.714927,0.894822,0.000389
2024-09-30 21:00:00,2595.156306,0.700484,0.891902,0.000346
2024-09-30 22:00:00,2838.352602,0.683616,0.920427,0.000334
2024-09-30 23:00:00,2926.510377,0.680356,0.632806,0.000332
2024-10-01 00:00:00,2909.582677,0.670494,0.618850,0.000335
2024-10-01 01:00:00,2819.730450,0.654117,0.621026,0.000297
2024-10-01 02:00:00,2636.594495,0.662389,0.589425,0.000277
2024-10-01 03:00:00,2585.957078,0.708714,0.945311,0.000241
2024-10-01 04:00:00,2726.250413,0.762021,0.948157,0.000275
2024-10-01 05:00:00,2951.856300,0.778957,0.930205,0.004333
2024-10-01 06:00:00,3076.201813,0.788597,0.945118,0.054056
2024-10-01 07:00:00,3189.336661,0.826188,0.935333,0.153866
2024-10-01 08:00:00,3231.540485,0.868212,0.798746,0.269465
2024-10-01 09:00:00,3330.697916,0.873790,0.824894,0.336559
2024-10-01 10:00:00,3373.300516,0.859849,0.894972,0.351931
2024-10-01 11:00:00,3389.750091,0.843495,0.895622,0.302161
2024-10-01 12:00:00,3216.603747,0.831246,0.869078,0.194932
2024-10-01 13:00:00,3103.329381,0.783135,0.853107,0.182573
2024-10-01 14:00:00,3121.729409,0.741305,0.891847,0.152541
2024-10-01 15:00:00,3124.575253,0.671420,0.892942,0.079919
2024-10-01 16:00:00,2956.830395,0.577881,0.915236,0.014105
2024-10-01 17:00:00,2879.808287,0.522417,0.858083,0.000316
2024-10-01 18:00:00,2786.301145,0.511169,0.939503,0.000267
2024-10-01 19:00:00,2633.948862,0.500053,0.955341,0.000234
2024-10-01 20:00:00,2543.440317,0.491113,0.935437,0.000220
2024-10-01 21:00:00,2388.899202,0.456792,0.910424,0.000215
2024-10-01 22:00:00,2402.883707,0.402809,0.895888,0.000193
2024-10-01 23:00:00,2453.249031,0.402007,0.881202,0.000181
2024-10-02 00:00:00,2380.460505,0.397002,0.850028,0.000136
2024-10-02 01:00:00,2299.472569,0.375879,0.861102,0.000127
2024-10-02 02:00:00,2311.371776,0.380516,0.823884,0.000128
2024-10-02 03:00:00,2434.927163,0.360384,0.875472,0.000153
2024-10-02 04:00:00,2648.598333,0.364432,0.873515,0.000184
2024-10-02 05:00:00,2902.644777,0.352583,0.880253,0.009882
2024-10-02 06:00:00,3037.900083,0.317986,0.852650,0.113442
2024-10-02 07:00:00,3111.157938,0.272004,0.839490,0.349691
2024-10-02 08:00:00,3342.997516,0.311790,0.704497,0.652907
2024-10-02 09:00:00,3370.200376,0.382297,0.654344,0.758002
2024-10-02 10:00:00,3231.613925,0.363216,0.559473,0.744802
2024-10-02 11:00:00,3265.008341,0.313449,0.446120,0.740086
2024-10-02 12:00:00,3151.312882,0.294072,0.369723,0.667516
2024-10-02 13:00:00,2976.646432,0.303129,0.382917,0.541134
2024-10-02 14:00:00,3030.378418,0.293347,0.406565,0.465259
2024-10-02 15:00:00,3057.355452,0.231688,0.452731,0.255201
2024-10-02 16:00:00,2891.388608,0.170399,0.535846,0.041240
2024-10-02 17:00:00,2839.821374,0.192728,0.579115,0.003149
2024-10-02 18:00:00,2703.583587,0.193349,0.570288,0.000333
2024-10-02 19:00:00,2586.671531,0.188296,0.607346,0.000257
2024-10-02 20:00:00,2449.496815,0.197773,0.483830,0.000208
2024-10-02 21:00:00,2299.864674,0.194496,0.464380,0.000200
2024-10-02 22:00:00,2384.860820,0.184300,0.459866,0.000172
2024-10-02 23:00:00,2442.636759,0.169057,0.445438,0.000161
2024-10-03 00:00:00,2424.448000,0.158697,0.464636,0.000150
2024-10-03 01:00:00,2287.428686,0.151553,0.455242,0.000155
2024-10-03 02:00:00,2354.083749,0.144277,0.400461,0.000126
2024-10-03 03:00:00,2383.612235,0.144151,0.360455,0.000135
2024-10-03 04:00:00,2682.347086,0.141491,0.325298,0.000143
2024-10-03 05:00:00,2981.839298,0.142621,0.294818,0.009172
2024-10-03 06:00:00,3089.082436,0.132235,0.285712,0.136205
2024-10-03 07:00:00,3215.701109,0.098910,0.275641,0.418294
2024-10-03 08:00:00,3295.708867,0.072321,0.238048,0.668597
2024-10-03 09:00:00,3363.682162,0.085852,0.184305,0.797162
2024-10-03 10:00:00,3477.613386,0.105353,0.119598,0.888836
2024-10-03 11:00:00,3433.707923,0.107009,0.095229,0.858166
2024-10-03 12:00:00,3410.789747,0.099777,0.098429,0.832090
2024-10-03 13:00:00,3170.144103,0.087469,0.121718,0.692221
2024-10-03 14:00:00,2877.015780,0.071314,0.132566,0.418591
2024-10-03 15:00:00,2907.927482,0.046559,0.121598,0.199120
2024-10-03 16:00:00,2859.078199,0.031613,0.105077,0.028935
2024-10-03 17:00:00,2825.253216,0.034676,0.084233,0.000335
2024-10-03 18:00:00,2748.896332,0.033707,0.066462,0.000262
2024-10-03 19:00:00,2627.290744,0.034169,0.052077,0.000207
2024-10-03 20:00:00,2441.794336,0.023955,0.035000,0.000179
2024-10-03 21:00:00,2411.406801,0.015517,0.023315,0.000140
2024-10-03 22:00:00,2374.861641,0.011153,0.010761,0.000126
2024-10-03 23:00:00,2348.320240,0.008542,0.001063,0.000096
2024-10-04 00:00:00,2276.022737,0.009532,0.001556,0.000082
2024-10-04 01:00:00,2211.031865,0.010806,0.002248,0.000082
2024-10-04 02:00:00,2164.504563,0.012251,0.002845,0.000090
2024-10-04 03:00:00,2254.435521,0.011956,0.005762,0.000107
2024-10-04 04:00:00,2572.591273,0.015384,0.015491,0.000136
2024-10-04 05:00:00,2893.951948,0.020632,0.015111,0.005095
2024-10-04 06:00:00,3004.427465,0.026004,0.012020,0.097031
2024-10-04 07:00:00,3088.603484,0.024009,0.010398,0.318899
2024-10-04 08:00:00,3147.348831,0.019080,0.008999,0.517613
2024-10-04 09:00:00,3129.241442,0.025111,0.009232,0.626759
2024-10-04 10:00:00,2952.568325,0.045712,0.009507,0.592417
2024-10-04 11:00:00,2919.395401,0.063620,0.012836,0.551160
2024-10-04 12:00:00,2753.026711,0.081737,0.013880,0.475888
2024-10-04 13:00:00,2722.628311,0.078355,0.007005,0.435271
2024-10-04 14:00:00,2671.605918,0.074678,0.014343,0.285026
2024-10-04 15:00:00,2763.578157,0.057694,0.010985,0.130020
2024-10-04 16:00:00,2719.498962,0.034081,0.003256,0.018180
2024-10-04 17:00:00,2628.125911,0.020226,0.001571,0.000334
2024-10-04 18:00:00,2583.844447,0.022462,0.001024,0.000226
2024-10-04 19:00:00,2388.533100,0.023137,0.001753,0.000171
2024-10-04 20:00:00,2221.383942,0.024675,0.007637,0.000146
2024-10-04 21:00:00,2133.816967,0.025534,0.012405,0.000121
2024-10-04 22:00:00,2120.672071,0.027058,0.016640,0.000097
2024-10-04 23:00:00,2107.469073,0.030449,0.019955,0.000093
2024-10-05 00:00:00,2076.584254,0.034698,0.029174,0.000079
2024-10-05 01:00:00,2061.243977,0.033986,0.026780,0.000069
2024-10-05 02:00:00,2014.335808,0.040243,0.016215,0.000069
2024-10-05 03:00:00,1993.824389,0.056902,0.018316,0.000063
2024-10-05 04:00:00,2064.707583,0.072336,0.016069,0.000083
2024-10-05 05:00:00,2202.654177,0.081287,0.020548,0.002976
2024-10-05 06:00:00,2343.158000,0.079531,0.022698,0.065483
2024-10-05 07:00:00,2481.518200,0.053167,0.025264,0.246300
2024-10-05 08:00:00,2565.254516,0.023638,0.032674,0.463235
2024-10-05 09:00:00,2597.465594,0.021751,0.061430,0.597958
2024-10-05 10:00:00,2617.750921,0.022446,0.083745,0.623210
2024-10-05 11:00:00,2665.200727,0.022821,0.090316,0.597426
2024-10-05 12:00:00,2544.837208,0.026821,0.092420,0.545293
2024-10-05 13:00:00,2485.152838,0.028034,0.089375,0.447061
2024-10-05 14:00:00,2449.011661,0.028507,0.093757,0.295994
2024-10-05 15:00:00,2503.048915,0.029641,0.111966,0.137143
2024-10-05 16:00:00,2495.979672,0.035174,0.128416,0.018971
2024-10-05 17:00:00,2456.882231,0.051883,0.129752,0.000331
2024-10-05 18:00:00,2357.907106,0.076606,0.152521,0.000202
2024-10-05 19:00:00,2256.086096,0.088912,0.167283,0.000166
2024-10-05 20:00:00,2145.817377,0.092881,0.180622,0.000140
2024-10-05 21:00:00,2043.649064,0.094974,0.205287,0.000117
2024-10-05 22:00:00,2058.981081,0.093922,0.230320,0.000104
2024-10-05 23:00:00,2043.146102,0.103310,0.247212,0.000098
2024-10-06 00:00:00,2045.869383,0.113764,0.226876,0.000087
2024-10-06 01:00:00,2023.172830,0.140273,0.197732,0.000076
2024-10-06 02:00:00,2003.501478,0.157923,0.199822,0.000081
2024-10-06 03:00:00,2008.615174,0.168550,0.237797,0.000094
2024-10-06 04:00:00,2036.106207,0.168988,0.303000,0.000106
2024-10-06 05:00:00,2189.814312,0.165518,0.348056,0.004056
2024-10-06 06:00:00,2308.761376,0.160913,0.356414,0.089839
2024-10-06 07:00:00,2379.541303,0.117074,0.340046,0.304157
2024-10-06 08:00:00,2622.220224,0.069281,0.335059,0.521726
2024-10-06 09:00:00,2869.292898,0.091477,0.346678,0.665838
2024-10-06 10:00:00,2957.665407,0.131677,0.378568,0.705069
2024-10-06 11:00:00,3050.296444,0.143837,0.356994,0.653202
2024-10-06 12:00:00,3061.621346,0.121856,0.338694,0.497752
2024-10-06 13:00:00,2945.654716,0.092642,0.345420,0.345311
2024-10-06 14:00:00,2505.365479,0.087488,0.372851,0.287066
2024-10-06 15:00:00,2540.424077,0.095418,0.304647,0.130285
2024-10-06 16:00:00,2530.036537,0.110698,0.382845,0.013651
2024-10-06 17:00:00,2502.201973,0.173776,0.561423,0.000287
2024-10-06 18:00:00,2415.328134,0.220807,0.719957,0.000225
2024-10-06 19:00:00,2359.077747,0.236679,0.724052,0.000170
2024-10-06 20:00:00,2238.603710,0.238732,0.772572,0.000158
2024-10-06 21:00:00,2181.105904,0.234052,0.796449,0.000143
2024-10-06 22:00:00,2474.957776,0.257470,0.828242,0.000118
2024-10-06 23:00:00,2459.494615,0.262613,0.813694,0.000121
2024-10-07 00:00:00,2471.675029,0.247673,0.746785,0.000092
2024-10-07 01:00:00,2448.498473,0.262393,0.766543,0.000105
2024-10-07 02:00:00,2409.638730,0.312525,0.849882,0.000126
2024-10-07 03:00:00,2492.396036,0.341017,0.864025,0.000133
2024-10-07 04:00:00,2611.933243,0.357448,0.886790,0.000140
2024-10-07 05:00:00,3022.308371,0.383915,0.886535,0.001658
2024-10-07 06:00:00,3090.295399,0.416524,0.927260,0.024003
2024-10-07 07:00:00,3217.548091,0.451791,0.928527,0.057677
2024-10-07 08:00:00,3277.666517,0.486397,0.926844,0.077121
2024-10-07 09:00:00,3334.092084,0.505005,0.896210,0.082024
2024-10-07 10:00:00,3346.031470,0.487521,0.833345,0.090022
2024-10-07 11:00:00,3344.317603,0.458975,0.808343,0.091758
2024-10-07 12:00:00,3204.565589,0.423098,0.627404,0.073632
2024-10-07 13:00:00,3040.647685,0.381120,0.598339,0.079218
2024-10-07 14:00:00,2992.800138,0.331634,0.579380,0.092375
2024-10-07 15:00:00,3039.156299,0.270075,0.592880,0.050000
2024-10-07 16:00:00,2922.218624,0.222089,0.501064,0.007239
2024-10-07 17:00:00,2844.938079,0.191918,0.427568,0.000233
2024-10-07 18:00:00,2680.182171,0.169107,0.357172,0.000158
2024-10-07 19:00:00,2524.761313,0.150986,0.282728,0.000135
2024-10-07 20:00:00,2360.134649,0.149298,0.324537,0.000127
2024-10-07 21:00:00,2248.072221,0.144475,0.276521,0.000109
2024-10-07 22:00:00,2237.533170,0.143009,0.245948,0.000100
2024-10-07 23:00:00,2245.036183,0.136049,0.206281,0.000105
2024-10-08 00:00:00,2263.398873,0.137762,0.215393,0.000092
2024-10-08 01:00:00,2287.372372,0.136308,0.195045,0.000078
2024-10-08 02:00:00,2241.453353,0.148884,0.234263,0.000073
2024-10-08 03:00:00,2238.592130,0.156106,0.247456,0.000075
2024-10-08 04:00:00,2539.421187,0.168164,0.388437,0.000105
2024-10-08 05:00:00,2921.247269,0.189963,0.619469,0.000186
2024-10-08 06:00:00,3038.301021,0.220870,0.697679,0.012276
2024-10-08 07:00:00,3049.561239,0.247952,0.747571,0.047303
2024-10-08 08:00:00,3140.725346,0.271053,0.732278,0.065682
2024-10-08 09:00:00,3165.142762,0.290886,0.693640,0.073965
2024-10-08 10:00:00,3149.443774,0.280460,0.755899,0.080039
2024-10-08 11:00:00,3194.146960,0.295923,0.732410,0.077713
2024-10-08 12:00:00,3102.378110,0.322193,0.581510,0.086729
2024-10-08 13:00:00,2962.128250,0.326507,0.602480,0.071606
2024-10-08 14:00:00,2951.888602,0.304734,0.661492,0.056968
2024-10-08 15:00:00,3057.893200,0.256237,0.680687,0.032356
2024-10-08 16:00:00,2993.278506,0.204196,0.708084,0.006855
2024-10-08 17:00:00,2883.833363,0.160582,0.744836,0.000178
2024-10-08 18:00:00,2697.506741,0.158915,0.613485,0.000133
2024-10-08 19:00:00,2565.229406,0.178873,0.603778,0.000102
2024-10-08 20:00:00,2406.575341,0.181735,0.506524,0.000087
2024-10-08 21:00:00,2310.232857,0.165985,0.397773,0.000087
2024-10-08 22:00:00,2386.629056,0.165152,0.364245,0.000057
2024-10-08 23:00:00,2410.154706,0.159094,0.288165,0.000083
2024-10-09 00:00:00,2452.576615,0.149840,0.231965,0.000067
2024-10-09 01:00:00,2427.876580,0.146735,0.195366,0.000083
2024-10-09 02:00:00,2423.282792,0.147479,0.223809,0.000096
2024-10-09 03:00:00,2300.412696,0.135670,0.166321,0.000120
2024-10-09 04:00:00,2546.114624,0.136628,0.185662,0.000140
2024-10-09 05:00:00,2891.030290,0.121743,0.197977,0.004495
2024-10-09 06:00:00,3002.771378,0.108509,0.258835,0.041128
2024-10-09 07:00:00,3077.920990,0.094060,0.319695,0.127944
2024-10-09 08:00:00,3186.616620,0.089487,0.431536,0.190378
2024-10-09 09:00:00,3194.636646,0.109128,0.407917,0.213926
2024-10-09 10:00:00,3155.942084,0.110274,0.421701,0.227725
2024-10-09 11:00:00,3199.053725,0.117295,0.403167,0.322913
2024-10-09 12:00:00,3061.095264,0.125998,0.374784,0.302193
2024-10-09 13:00:00,2956.680369,0.139865,0.350531,0.254977
2024-10-09 14:00:00,2891.325001,0.135374,0.353597,0.146291
2024-10-09 15:00:00,3023.843357,0.118038,0.312663,0.084979
2024-10-09 16:00:00,2937.219587,0.115177,0.334144,0.007041
2024-10-09 17:00:00,2913.113406,0.124259,0.356428,0.000292
2024-10-09 18:00:00,2808.882237,0.135446,0.410053,0.000219
2024-10-09 19:00:00,2624.220825,0.138994,0.348993,0.000195
2024-10-09 20:00:00,2391.312877,0.121981,0.260887,0.000151
2024-10-09 21:00:00,2338.719679,0.097104,0.143369,0.000148
2024-10-09 22:00:00,2277.489459,0.063364,0.082989,0.000139
2024-10-09 23:00:00,2438.335315,0.040376,0.046117,0.000108
2024-10-10 00:00:00,2544.023418,0.019477,0.037634,0.000110
2024-10-10 01:00:00,2611.158041,0.007844,0.020598,0.000085
2024-10-10 02:00:00,2672.884821,0.005867,0.008721,0.000081
2024-10-10 03:00:00,2703.429764,0.005833,0.056894,0.000105
2024-10-10 04:00:00,2681.866223,0.015984,0.309369,0.000125
2024-10-10 05:00:00,2924.774205,0.067037,0.667846,0.000180
2024-10-10 06:00:00,3102.144848,0.173355,0.731390,0.011992
2024-10-10 07:00:00,3151.261291,0.300033,0.738381,0.038634
2024-10-10 08:00:00,3233.919412,0.405668,0.708309,0.098813
2024-10-10 09:00:00,3298.780012,0.524552,0.700383,0.184265
2024-10-10 10:00:00,3434.578772,0.627784,0.775055,0.291421
2024-10-10 11:00:00,3600.295091,0.739207,0.955595,0.334353
2024-10-10 12:00:00,3520.637065,0.795294,0.972582,0.356128
2024-10-10 13:00:00,3313.749948,0.819598,0.973592,0.284392
2024-10-10 14:00:00,3354.716982,0.831827,0.975627,0.207476
2024-10-10 15:00:00,3313.766106,0.789793,0.976902,0.073211
2024-10-10 16:00:00,3311.331949,0.786119,0.972301,0.006715
2024-10-10 17:00:00,3355.252897,0.820842,0.964856,0.000515
2024-10-10 18:00:00,3207.479999,0.870990,0.964321,0.000400
2024-10-10 19:00:00,3249.592017,0.898346,0.968507,0.000317
2024-10-10 20:00:00,3023.773252,0.875399,0.958666,0.000319
2024-10-10 21:00:00,2799.338873,0.837047,0.955219,0.000272
2024-10-10 22:00:00,2851.026757,0.769323,0.953082,0.000231
2024-10-10 23:00:00,2850.238591,0.733710,0.952402,0.000212
2024-10-11 00:00:00,2728.250340,0.685858,0.956734,0.000172
2024-10-11 01:00:00,2658.212961,0.658914,0.962398,0.000124
2024-10-11 02:00:00,2543.927243,0.622234,0.949196,0.000129
2024-10-11 03:00:00,2611.687250,0.582775,0.952880,0.000138
2024-10-11 04:00:00,2799.819721,0.528197,0.926070,0.000144
2024-10-11 05:00:00,3102.389624,0.481293,0.936638,0.001177
2024-10-11 06:00:00,3158.170068,0.426510,0.932093,0.058839
2024-10-11 07:00:00,3105.169090,0.369786,0.786812,0.227171
2024-10-11 08:00:00,3215.120829,0.338020,0.722697,0.440085
2024-10-11 09:00:00,3278.221380,0.362529,0.780496,0.530075
2024-10-11 10:00:00,3246.055241,0.418229,0.867116,0.509726
2024-10-11 11:00:00,3236.337339,0.453181,0.916671,0.470824
2024-10-11 12:00:00,3056.152649,0.486438,0.936575,0.367662
2024-10-11 13:00:00,3066.505752,0.514543,0.952441,0.308145
2024-10-11 14:00:00,3039.653207,0.545321,0.959240,0.210622
2024-10-11 15:00:00,2983.524682,0.541425,0.953791,0.071861
2024-10-11 16:00:00,2948.382149,0.517795,0.960074,0.004685
2024-10-11 17:00:00,2871.600382,0.484907,0.906661,0.000374
2024-10-11 18:00:00,2763.125808,0.491607,0.913274,0.000236
2024-10-11 19:00:00,2609.785611,0.471952,0.853783,0.000206
2024-10-11 20:00:00,2343.387888,0.378715,0.746723,0.000166
2024-10-11 21:00:00,2205.928348,0.285071,0.573879,0.000135
2024-10-11 22:00:00,2187.243546,0.206864,0.442938,0.000123
2024-10-11 23:00:00,2143.390838,0.151280,0.350338,0.000101
2024-10-12 00:00:00,2135.301391,0.129119,0.313384,0.000102
2024-10-12 01:00:00,2055.283253,0.124052,0.251294,0.000083
2024-10-12 02:00:00,2040.828101,0.151715,0.365428,0.000114
2024-10-12 03:00:00,2042.485019,0.148673,0.373868,0.000114
2024-10-12 04:00:00,2105.276579,0.160852,0.367045,0.000135
2024-10-12 05:00:00,2310.700226,0.217681,0.495411,0.000923
2024-10-12 06:00:00,2540.991871,0.255186,0.646997,0.044632
2024-10-12 07:00:00,2648.893675,0.297780,0.728969,0.177443
2024-10-12 08:00:00,2880.457853,0.354248,0.807326,0.339491
2024-10-12 09:00:00,2961.461303,0.428931,0.857737,0.442131
2024-10-12 10:00:00,3017.318458,0.521367,0.887709,0.471198
2024-10-12 11:00:00,3063.392934,0.575844,0.932688,0.424157
2024-10-12 12:00:00,2915.392582,0.595966,0.934329,0.362738
2024-10-12 13:00:00,2789.064141,0.582824,0.953994,0.237579
2024-10-12 14:00:00,2776.175803,0.523098,0.956694,0.117558
2024-10-12 15:00:00,2745.434270,0.500233,0.937927,0.045059
2024-10-12 16:00:00,2831.406930,0.527183,0.937111,0.003466
2024-10-12 17:00:00,2675.826429,0.545769,0.946918,0.000346
2024-10-12 18:00:00,2566.374540,0.617778,0.950494,0.000307
2024-10-12 19:00:00,2484.303395,0.658149,0.959878,0.000272
2024-10-12 20:00:00,2467.473318,0.659779,0.945089,0.000239
2024-10-12 21:00:00,2507.210648,0.592942,0.943616,0.000209
2024-10-12 22:00:00,2792.974404,0.513654,0.401996,0.000175
2024-10-12 23:00:00,2803.324130,0.449322,0.542461,0.000161
2024-10-13 00:00:00,2751.386205,0.415298,0.297867,0.000137
2024-10-13 01:00:00,2700.061300,0.279130,0.308991,0.000110
2024-10-13 02:00:00,2692.510109,0.212116,0.328452,0.000090
2024-10-13 03:00:00,2664.824223,0.164631,0.340583,0.000086
2024-10-13 04:00:00,2630.159004,0.114977,0.640242,0.000095
2024-10-13 05:00:00,2677.005948,0.088683,0.488811,0.000111
2024-10-13 06:00:00,2575.503209,0.063703,0.439008,0.017429
2024-10-13 07:00:00,2789.629477,0.045757,0.309696,0.121619
2024-10-13 08:00:00,3180.804769,0.051628,0.467314,0.298305
2024-10-13 09:00:00,3132.797188,0.081693,0.468259,0.452327
2024-10-13 10:00:00,3149.974973,0.133990,0.554268,0.501894
2024-10-13 11:00:00,3087.901507,0.167555,0.569110,0.453025
2024-10-13 12:00:00,3045.952530,0.176831,0.595209,0.388458
2024-10-13 13:00:00,2896.221496,0.206164,0.582186,0.272381
2024-10-13 14:00:00,2820.855268,0.241321,0.569940,0.119830
2024-10-13 15:00:00,2894.892774,0.271715,0.563398,0.045108
2024-10-13 16:00:00,2722.295478,0.288679,0.586056,0.002802
2024-10-13 17:00:00,2584.009498,0.285311,0.592639,0.000420
2024-10-13 18:00:00,2500.104041,0.256008,0.600750,0.000415
2024-10-13 19:00:00,2404.453887,0.250477,0.608714,0.000389
2024-10-13 20:00:00,2384.066196,0.256384,0.659496,0.000343
2024-10-13 21:00:00,2288.541880,0.265847,0.693927,0.000308
2024-10-13 22:00:00,2411.062969,0.272065,0.726996,0.000271
2024-10-13 23:00:00,2380.782739,0.287328,0.747304,0.000263
2024-10-14 00:00:00,2389.110380,0.303952,0.759344,0.000166
2024-10-14 01:00:00,2302.439547,0.283694,0.741034,0.000139
2024-10-14 02:00:00,2321.147635,0.296254,0.733423,0.000162
2024-10-14 03:00:00,2356.720859,0.328001,0.658346,0.000159
2024-10-14 04:00:00,2604.497253,0.320745,0.624124,0.000161
2024-10-14 05:00:00,2935.623138,0.324926,0.550370,0.000383
2024-10-14 06:00:00,3021.257760,0.312637,0.612826,0.035492
2024-10-14 07:00:00,3026.785266,0.285743,0.650804,0.180141
2024-10-14 08:00:00,3142.554347,0.301831,0.623909,0.380539
2024-10-14 09:00:00,3167.088435,0.359107,0.607797,0.446304
2024-10-14 10:00:00,3095.128161,0.374112,0.550256,0.427570
2024-10-14 11:00:00,3129.111949,0.385700,0.522924,0.433943
2024-10-14 12:00:00,3064.941737,0.384745,0.512491,0.422811
2024-10-14 13:00:00,2936.247154,0.340321,0.554309,0.335784
2024-10-14 14:00:00,2889.662441,0.283611,0.527628,0.229111
2024-10-14 15:00:00,2966.399028,0.219862,0.561849,0.089653
2024-10-14 16:00:00,2947.325293,0.195712,0.551398,0.006360
2024-10-14 17:00:00,2846.891551,0.173779,0.538159,0.000510
2024-10-14 18:00:00,2677.505877,0.167227,0.497917,0.000284
2024-10-14 19:00:00,2558.707180,0.150602,0.415696,0.000180
2024-10-14 20:00:00,2446.950422,0.145467,0.406012,0.000154
2024-10-14 21:00:00,2340.330599,0.144173,0.393633,0.000115
2024-10-14 22:00:00,2302.836061,0.139461,0.372003,0.000113
2024-10-14 23:00:00,2334.304697,0.139294,0.304478,0.000102
2024-10-15 00:00:00,2277.058527,0.115225,0.251251,0.000090
2024-10-15 01:00:00,2269.624335,0.089119,0.225766,0.000085
2024-10-15 02:00:00,2250.878675,0.078164,0.194282,0.000078
2024-10-15 03:00:00,2313.898563,0.070904,0.155828,0.000093
2024-10-15 04:00:00,2641.414450,0.056397,0.108818,0.000125
2024-10-15 05:00:00,2974.553158,0.035134,0.053896,0.000924
2024-10-15 06:00:00,3093.957830,0.011320,0.017950,0.055625
2024-10-15 07:00:00,3152.026777,0.003075,0.009226,0.213300
2024-10-15 08:00:00,3181.462340,0.000943,0.005770,0.451761
2024-10-15 09:00:00,3395.709094,0.000373,0.007450,0.697885
2024-10-15 10:00:00,3358.225410,0.000551,0.006798,0.750587
2024-10-15 11:00:00,3368.329441,0.000823,0.003026,0.756088
2024-10-15 12:00:00,3289.274659,0.000757,0.007810,0.680492
2024-10-15 13:00:00,3190.187130,0.000344,0.008567,0.613633
2024-10-15 14:00:00,3014.472824,0.000675,0.021010,0.377944
2024-10-15 15:00:00,2948.708132,0.005122,0.052779,0.117424
2024-10-15 16:00:00,2959.317566,0.029823,0.131014,0.005934
2024-10-15 17:00:00,2955.599245,0.098244,0.239883,0.000332
2024-10-15 18:00:00,2830.898203,0.168007,0.370263,0.000215
2024-10-15 19:00:00,2637.774421,0.208132,0.469469,0.000179
2024-10-15 20:00:00,2580.189594,0.238370,0.551978,0.000166
2024-10-15 21:00:00,2529.148410,0.252965,0.633104,0.000132
2024-10-15 22:00:00,2720.583129,0.263515,0.686013,0.000112
2024-10-15 23:00:00,2888.534364,0.291983,0.679180,0.000101
2024-10-16 00:00:00,3053.252678,0.325453,0.693391,0.000093
2024-10-16 01:00:00,3015.091325,0.324241,0.706112,0.000093
2024-10-16 02:00:00,2915.059737,0.327132,0.718022,0.000086
2024-10-16 03:00:00,2934.239390,0.378451,0.776200,0.000097
2024-10-16 04:00:00,2905.330160,0.418398,0.862627,0.000108
2024-10-16 05:00:00,3136.352571,0.474849,0.905729,0.004183
2024-10-16 06:00:00,3272.410937,0.531160,0.940841,0.036834
2024-10-16 07:00:00,3384.038827,0.606276,0.949677,0.167383
2024-10-16 08:00:00,3614.039417,0.713464,0.961939,0.338691
2024-10-16 09:00:00,4015.080556,0.807291,0.976373,0.590964
2024-10-16 10:00:00,4228.427907,0.820874,0.965794,0.597569
2024-10-16 11:00:00,4136.442502,0.848402,0.877688,0.679459
2024-10-16 12:00:00,3994.917557,0.804901,0.968417,0.450971
2024-10-16 13:00:00,3856.222294,0.797069,0.973238,0.373549
2024-10-16 14:00:00,3520.731879,0.843439,0.972376,0.301108
2024-10-16 15:00:00,3390.669836,0.825278,0.975163,0.078260
2024-10-16 16:00:00,3326.524785,0.825830,0.974828,0.005179
2024-10-16 17:00:00,3258.600215,0.847972,0.970408,0.000366
2024-10-16 18:00:00,3085.271470,0.845725,0.970258,0.000313
2024-10-16 19:00:00,3075.112193,0.827317,0.963195,0.000265
2024-10-16 20:00:00,2899.324568,0.775060,0.949273,0.000250
2024-10-16 21:00:00,2970.079526,0.702529,0.956516,0.000220
2024-10-16 22:00:00,2895.548743,0.633798,0.951188,0.000208
2024-10-16 23:00:00,2890.862965,0.579602,0.944263,0.000189
2024-10-17 00:00:00,2933.849160,0.541519,0.941232,0.000193
2024-10-17 01:00:00,2985.151392,0.533146,0.918860,0.000168
2024-10-17 02:00:00,2895.591325,0.539909,0.908797,0.000142
2024-10-17 03:00:00,2583.895370,0.570234,0.932802,0.000154
2024-10-17 04:00:00,2686.363863,0.589639,0.957699,0.000143
2024-10-17 05:00:00,3083.500356,0.596680,0.929017,0.000392
2024-10-17 06:00:00,3226.730184,0.578921,0.934781,0.027607
2024-10-17 07:00:00,3343.039742,0.556312,0.924443,0.198675
2024-10-17 08:00:00,3530.688184,0.555502,0.886195,0.354496
2024-10-17 09:00:00,3538.952221,0.517234,0.855950,0.418165
2024-10-17 10:00:00,3535.798299,0.474494,0.776208,0.498221
2024-10-17 11:00:00,3322.992015,0.399246,0.761494,0.380061
2024-10-17 12:00:00,3056.881694,0.318026,0.729190,0.213653
2024-10-17 13:00:00,2971.860827,0.273743,0.796528,0.171574
2024-10-17 14:00:00,2920.016638,0.251894,0.756484,0.084997
2024-10-17 15:00:00,3075.813754,0.232568,0.670545,0.028816
2024-10-17 16:00:00,3072.730678,0.218926,0.608080,0.003149
2024-10-17 17:00:00,2940.833784,0.217372,0.548058,0.000344
2024-10-17 18:00:00,2727.901434,0.191771,0.455864,0.000235
2024-10-17 19:00:00,2600.790124,0.158025,0.397462,0.000219
2024-10-17 20:00:00,2434.079300,0.122774,0.322676,0.000190
2024-10-17 21:00:00,2289.900139,0.093611,0.262971,0.000171
2024-10-17 22:00:00,2333.191732,0.074394,0.248947,0.000162
2024-10-17 23:00:00,2267.058860,0.055319,0.167515,0.000149
2024-10-18 00:00:00,2218.348698,0.037038,0.175159,0.000120
2024-10-18 01:00:00,2154.139059,0.031583,0.154299,0.000091
2024-10-18 02:00:00,2110.578076,0.017779,0.096280,0.000095
2024-10-18 03:00:00,2171.513717,0.010421,0.083805,0.000133
2024-10-18 04:00:00,2404.764958,0.008830,0.073769,0.000112
2024-10-18 05:00:00,2744.505905,0.016917,0.117023,0.000154
2024-10-18 06:00:00,2897.236010,0.020992,0.140085,0.013014
2024-10-18 07:00:00,2939.440744,0.013797,0.082112,0.042447
2024-10-18 08:00:00,3031.057453,0.003555,0.047939,0.070486
2024-10-18 09:00:00,3012.933108,0.003972,0.036702,0.114991
2024-10-18 10:00:00,3027.279584,0.004859,0.067771,0.187546
2024-10-18 11:00:00,2933.362338,0.012967,0.158552,0.158616
2024-10-18 12:00:00,2812.568685,0.014916,0.154898,0.133574
2024-10-18 13:00:00,2708.998277,0.013273,0.133173,0.103230
2024-10-18 14:00:00,2745.086772,0.012910,0.111092,0.090111
2024-10-18 15:00:00,2785.639929,0.010396,0.141157,0.019782
2024-10-18 16:00:00,2735.510717,0.022112,0.137013,0.000325
2024-10-18 17:00:00,2596.753095,0.046327,0.173536,0.000137
2024-10-18 18:00:00,2421.315036,0.074882,0.254612,0.000121
2024-10-18 19:00:00,2332.506396,0.096506,0.357754,0.000093
2024-10-18 20:00:00,2224.658959,0.116899,0.394250,0.000081
2024-10-18 21:00:00,2149.031796,0.125726,0.425624,0.000095
2024-10-18 22:00:00,2135.710401,0.138047,0.405757,0.000071
2024-10-18 23:00:00,2141.377222,0.164984,0.372671,0.000080
2024-10-19 00:00:00,2099.324068,0.144748,0.326457,0.000072
2024-10-19 01:00:00,2080.713071,0.121750,0.342484,0.000060
2024-10-19 02:00:00,2021.252777,0.104510,0.311845,0.000071
2024-10-19 03:00:00,1989.180341,0.100562,0.276165,0.000070
2024-10-19 04:00:00,2040.586896,0.121092,0.276023,0.000079
2024-10-19 05:00:00,2196.339508,0.136647,0.311992,0.000138
2024-10-19 06:00:00,2345.652047,0.152810,0.282305,0.011303
2024-10-19 07:00:00,2427.735826,0.131600,0.176913,0.051228
2024-10-19 08:00:00,2500.917831,0.101644,0.198347,0.095598
2024-10-19 09:00:00,2517.761842,0.090328,0.192883,0.138343
2024-10-19 10:00:00,2545.140657,0.075876,0.218820,0.155037
2024-10-19 11:00:00,2513.365681,0.054673,0.211544,0.159535
2024-10-19 12:00:00,2472.797802,0.050689,0.250215,0.115091
2024-10-19 13:00:00,2491.189528,0.057936,0.241794,0.085116
2024-10-19 14:00:00,2489.454297,0.061555,0.259769,0.045923
2024-10-19 15:00:00,2657.708590,0.065225,0.284977,0.013621
2024-10-19 16:00:00,2677.808199,0.071806,0.372194,0.000206
2024-10-19 17:00:00,2564.508629,0.097717,0.290291,0.000159
2024-10-19 18:00:00,2433.035945,0.120811,0.278225,0.000110
2024-10-19 19:00:00,2323.212128,0.147453,0.366367,0.000091
2024-10-19 20:00:00,2206.115845,0.179989,0.351731,0.000085
2024-10-19 21:00:00,2155.166151,0.192005,0.497298,0.000070
2024-10-19 22:00:00,2156.161080,0.205776,0.608519,0.000064
2024-10-19 23:00:00,2185.234791,0.225913,0.663514,0.000069
2024-10-20 00:00:00,2094.850488,0.236399,0.652341,0.000061
2024-10-20 01:00:00,2037.575552,0.240773,0.647090,0.000061
2024-10-20 02:00:00,2070.993481,0.267394,0.721392,0.000054
2024-10-20 03:00:00,2100.790098,0.285781,0.739552,0.000055
2024-10-20 04:00:00,2206.751045,0.310544,0.728831,0.000067
2024-10-20 05:00:00,2242.723466,0.330454,0.635171,0.000091
2024-10-20 06:00:00,2312.861408,0.315628,0.469668,0.016941
2024-10-20 07:00:00,2471.455606,0.308627,0.484847,0.085915
2024-10-20 08:00:00,2994.421804,0.299452,0.598098,0.170788
2024-10-20 09:00:00,3120.234159,0.287424,0.428629,0.156352
2024-10-20 10:00:00,3185.598821,0.255761,0.427272,0.136100
2024-10-20 11:00:00,3240.835854,0.234736,0.307937,0.082616
2024-10-20 12:00:00,3330.590933,0.344542,0.380704,0.109592
2024-10-20 13:00:00,3152.281527,0.435983,0.572672,0.073048
2024-10-20 14:00:00,3081.262041,0.504049,0.898824,0.049837
2024-10-20 15:00:00,2947.514450,0.556258,0.937156,0.015281
2024-10-20 16:00:00,2950.003346,0.621072,0.947010,0.000183
2024-10-20 17:00:00,2872.869701,0.694135,0.960850,0.000153
2024-10-20 18:00:00,2923.598626,0.782829,0.957309,0.000133
2024-10-20 19:00:00,2983.510322,0.836821,0.966252,0.000121
2024-10-20 20:00:00,2896.098087,0.879082,0.966766,0.000117
2024-10-20 21:00:00,2891.993835,0.856487,0.852877,0.000113
2024-10-20 22:00:00,3086.352990,0.722917,0.326787,0.000097
2024-10-20 23:00:00,3045.851983,0.692745,0.251008,0.000093
2024-10-21 00:00:00,3014.130938,0.665537,0.247060,0.000088
2024-10-21 01:00:00,2786.419603,0.652308,0.298059,0.000083
2024-10-21 02:00:00,2735.646412,0.647442,0.391141,0.000084
2024-10-21 03:00:00,2912.736574,0.757320,0.937424,0.000099
2024-10-21 04:00:00,3127.347802,0.771011,0.939271,0.000107
2024-10-21 05:00:00,3237.548822,0.804967,0.945275,0.000146
2024-10-21 06:00:00,3268.341007,0.793842,0.840304,0.019323
2024-10-21 07:00:00,3249.377514,0.782567,0.854491,0.054759
2024-10-21 08:00:00,3339.060603,0.785591,0.850947,0.112642
2024-10-21 09:00:00,3480.924063,0.806398,0.849055,0.184548
2024-10-21 10:00:00,3443.520102,0.777880,0.845859,0.186514
2024-10-21 11:00:00,3402.849057,0.716101,0.839704,0.169238
2024-10-21 12:00:00,3415.522679,0.647219,0.836325,0.169563
2024-10-21 13:00:00,3198.514201,0.600291,0.805148,0.124395
2024-10-21 14:00:00,2999.000946,0.538134,0.874349,0.069920
2024-10-21 15:00:00,3119.296411,0.445286,0.783696,0.021361
2024-10-21 16:00:00,2983.714803,0.350429,0.618154,0.000296
2024-10-21 17:00:00,2872.331996,0.282565,0.490042,0.000153
2024-10-21 18:00:00,2685.655450,0.218158,0.384274,0.000108
2024-10-21 19:00:00,2587.505253,0.196134,0.355470,0.000089
2024-10-21 20:00:00,2437.326802,0.181201,0.335324,0.000083
2024-10-21 21:00:00,2283.713569,0.143853,0.294430,0.000073
2024-10-21 22:00:00,2236.196721,0.142457,0.328023,0.000065
2024-10-21 23:00:00,2224.001500,0.128930,0.267651,0.000064
2024-10-22 00:00:00,2234.161659,0.114084,0.270797,0.000055
2024-10-22 01:00:00,2183.639556,0.130463,0.284579,0.000057
2024-10-22 02:00:00,2182.748886,0.148092,0.263400,0.000072
2024-10-22 03:00:00,2261.130713,0.149500,0.336939,0.000077
2024-10-22 04:00:00,2579.741227,0.137315,0.462383,0.000089
2024-10-22 05:00:00,2959.471563,0.171899,0.522543,0.000131
2024-10-22 06:00:00,3080.290045,0.205134,0.593213,0.016765
2024-10-22 07:00:00,3059.915973,0.240568,0.661619,0.127407
2024-10-22 08:00:00,3119.559764,0.253363,0.688279,0.326595
2024-10-22 09:00:00,3217.464503,0.363308,0.740409,0.457171
2024-10-22 10:00:00,3434.301225,0.540198,0.799095,0.436048
2024-10-22 11:00:00,3620.677211,0.631947,0.847736,0.408417
2024-10-22 12:00:00,3522.691440,0.663778,0.807925,0.374822
2024-10-22 13:00:00,3397.008102,0.653623,0.817373,0.271974
2024-10-22 14:00:00,3231.530228,0.590447,0.866820,0.119658
2024-10-22 15:00:00,3113.230704,0.520517,0.912591,0.027917
2024-10-22 16:00:00,3116.143498,0.500189,0.866641,0.000383
2024-10-22 17:00:00,3019.144724,0.481621,0.858781,0.000295
2024-10-22 18:00:00,2883.095312,0.470412,0.913121,0.000217
2024-10-22 19:00:00,2718.129836,0.452432,0.899563,0.000173
2024-10-22 20:00:00,2523.504646,0.436574,0.851340,0.000138
2024-10-22 21:00:00,2479.884335,0.419973,0.866648,0.000111
2024-10-22 22:00:00,2591.391492,0.383214,0.852112,0.000099
2024-10-22 23:00:00,2418.272299,0.344184,0.725026,0.000083
2024-10-23 00:00:00,2306.322850,0.306907,0.601336,0.000074
2024-10-23 01:00:00,2252.288105,0.278924,0.623878,0.000071
2024-10-23 02:00:00,2259.032541,0.273164,0.587607,0.000062
2024-10-23 03:00:00,2313.587356,0.301101,0.602632,0.000086
2024-10-23 04:00:00,2641.725368,0.311039,0.537602,0.000127
2024-10-23 05:00:00,3061.282503,0.309590,0.624745,0.000222
2024-10-23 06:00:00,3176.087954,0.296472,0.677869,0.016343
2024-10-23 07:00:00,3132.731560,0.305085,0.670534,0.136470
2024-10-23 08:00:00,3118.334145,0.265912,0.666690,0.256262
2024-10-23 09:00:00,3122.232433,0.298713,0.507812,0.323772
2024-10-23 10:00:00,3183.487495,0.345997,0.472954,0.348602
2024-10-23 11:00:00,3210.554166,0.373551,0.560590,0.337577
2024-10-23 12:00:00,3147.405051,0.410216,0.567756,0.360024
2024-10-23 13:00:00,3019.447344,0.394013,0.516612,0.265597
2024-10-23 14:00:00,2943.921810,0.315823,0.424241,0.141428
2024-10-23 15:00:00,3035.820802,0.248312,0.459800,0.039817
2024-10-23 16:00:00,3097.977421,0.258189,0.476223,0.000981
2024-10-23 17:00:00,2906.889390,0.290944,0.494498,0.000305
2024-10-23 18:00:00,2748.851553,0.331274,0.573211,0.000243
2024-10-23 19:00:00,2604.203833,0.341370,0.617330,0.000200
2024-10-23 20:00:00,2467.157049,0.314237,0.651663,0.000172
2024-10-23 21:00:00,2323.963302,0.292937,0.646454,0.000140
2024-10-23 22:00:00,2434.686961,0.297464,0.732503,0.000142
2024-10-23 23:00:00,2397.147324,0.298291,0.710693,0.000127
2024-10-24 00:00:00,2385.120883,0.289075,0.620928,0.000129
2024-10-24 01:00:00,2425.610484,0.281486,0.578578,0.000133
2024-10-24 02:00:00,2302.725237,0.276596,0.515039,0.000107
2024-10-24 03:00:00,2387.023149,0.268246,0.525261,0.000125
2024-10-24 04:00:00,2597.644151,0.246523,0.541573,0.000122
2024-10-24 05:00:00,2963.462887,0.242227,0.637777,0.000179
2024-10-24 06:00:00,3059.470486,0.252619,0.674862,0.009316
2024-10-24 07:00:00,3087.728393,0.246935,0.564068,0.051298
2024-10-24 08:00:00,3160.557544,0.241802,0.432812,0.130099
2024-10-24 09:00:00,3166.711389,0.218049,0.381954,0.181800
2024-10-24 10:00:00,3157.710980,0.182346,0.370236,0.261129
2024-10-24 11:00:00,3220.704850,0.134764,0.369152,0.324102
2024-10-24 12:00:00,3186.544124,0.115446,0.421697,0.337618
2024-10-24 13:00:00,3093.165449,0.107351,0.369389,0.343580
2024-10-24 14:00:00,2978.458214,0.102184,0.374476,0.204804
2024-10-24 15:00:00,3061.833178,0.114833,0.421089,0.044909
2024-10-24 16:00:00,3056.934548,0.182799,0.478864,0.000376
2024-10-24 17:00:00,2948.807027,0.237938,0.586954,0.000235
2024-10-24 18:00:00,2779.488617,0.267874,0.619383,0.000217
2024-10-24 19:00:00,2663.586351,0.282412,0.676207,0.000168
2024-10-24 20:00:00,2564.717880,0.285425,0.696651,0.000121
2024-10-24 21:00:00,2406.984872,0.253374,0.676282,0.000117
2024-10-24 22:00:00,2503.913235,0.235950,0.558440,0.000119
2024-10-24 23:00:00,2468.191023,0.208351,0.483984,0.000070
2024-10-25 00:00:00,2397.384375,0.185042,0.451221,0.000075
2024-10-25 01:00:00,2251.117156,0.168722,0.397625,0.000062
2024-10-25 02:00:00,2171.845556,0.169519,0.396630,0.000060
2024-10-25 03:00:00,2265.044859,0.163545,0.358162,0.000083
2024-10-25 04:00:00,2580.005495,0.143902,0.308378,0.000116
2024-10-25 05:00:00,2942.610131,0.111530,0.305414,0.000135
2024-10-25 06:00:00,3094.644929,0.082564,0.255048,0.007264
2024-10-25 07:00:00,3073.776144,0.062153,0.246390,0.021049
2024-10-25 08:00:00,3156.232786,0.056743,0.263134,0.063542
2024-10-25 09:00:00,3169.874302,0.062146,0.212240,0.149200
2024-10-25 10:00:00,3081.014303,0.058614,0.171178,0.202399
2024-10-25 11:00:00,2995.885057,0.053635,0.143237,0.196275
2024-10-25 12:00:00,2839.152093,0.055435,0.178862,0.161473
2024-10-25 13:00:00,2785.594011,0.060529,0.177164,0.092317
2024-10-25 14:00:00,2776.320276,0.057504,0.154464,0.037268
2024-10-25 15:00:00,2902.539096,0.051864,0.105413,0.014171
2024-10-25 16:00:00,2870.402850,0.048297,0.081516,0.000273
2024-10-25 17:00:00,2685.480483,0.050083,0.089151,0.000164
2024-10-25 18:00:00,2512.826940,0.043362,0.067792,0.000130
2024-10-25 19:00:00,2412.982918,0.037537,0.105558,0.000114
2024-10-25 20:00:00,2299.117097,0.037497,0.092807,0.000127
2024-10-25 21:00:00,2192.196177,0.030330,0.084245,0.000109
2024-10-25 22:00:00,2121.126199,0.022965,0.060744,0.000107
2024-10-25 23:00:00,2142.602909,0.012879,0.048636,0.000103
2024-10-26 00:00:00,2135.297475,0.012462,0.048753,0.000090
2024-10-26 01:00:00,2042.369900,0.015729,0.031419,0.000090
2024-10-26 02:00:00,2000.091747,0.015449,0.018617,0.000068
2024-10-26 03:00:00,1974.945465,0.012475,0.010484,0.000071
2024-10-26 04:00:00,2041.787727,0.012666,0.007996,0.000073
2024-10-26 05:00:00,2196.622996,0.010608,0.007073,0.000088
2024-10-26 06:00:00,2368.601427,0.007921,0.001145,0.011166
2024-10-26 07:00:00,2507.629459,0.006895,0.010193,0.091290
2024-10-26 08:00:00,2615.076803,0.005613,0.045596,0.269226
2024-10-26 09:00:00,2712.502294,0.008982,0.055566,0.401644
2024-10-26 10:00:00,2796.173116,0.019636,0.110009,0.446217
2024-10-26 11:00:00,2700.510366,0.027096,0.179707,0.385860
2024-10-26 12:00:00,2602.977482,0.036638,0.203217,0.319660
2024-10-26 13:00:00,2456.386844,0.046555,0.270676,0.186443
2024-10-26 14:00:00,2473.594517,0.051800,0.301222,0.089732
2024-10-26 15:00:00,2607.655849,0.084075,0.374080,0.018132
2024-10-26 16:00:00,2642.009470,0.141334,0.455019,0.000254
2024-10-26 17:00:00,2503.083381,0.193879,0.543079,0.000191
2024-10-26 18:00:00,2349.039966,0.224866,0.637737,0.000148
2024-10-26 19:00:00,2257.078796,0.246838,0.663853,0.000111
2024-10-26 20:00:00,2160.533901,0.285581,0.728081,0.000109
2024-10-26 21:00:00,2115.554988,0.325612,0.822515,0.000087
2024-10-26 22:00:00,2129.196935,0.354540,0.840012,0.000082
2024-10-26 23:00:00,2169.730144,0.423913,0.865503,0.000077
2024-10-27 00:00:00,2227.036961,0.429263,0.808221,0.000074
2024-10-27 01:00:00,2094.054593,0.413990,0.425862,0.000070
2024-10-27 02:00:00,2011.112539,0.273435,0.365646,0.000060
2024-10-27 03:00:00,2022.130555,0.181143,0.459863,0.000060
2024-10-27 04:00:00,1944.354002,0.199298,0.435684,0.000062
2024-10-27 05:00:00,2088.133333,0.173569,0.349633,0.000084
2024-10-27 06:00:00,2190.257648,0.141291,0.519999,0.003394
2024-10-27 07:00:00,2377.167352,0.168729,0.636956,0.010854
2024-10-27 08:00:00,2561.765680,0.288610,0.707699,0.030079
2024-10-27 09:00:00,2830.822960,0.390040,0.679031,0.106976
2024-10-27 10:00:00,3024.541594,0.448146,0.695653,0.283785
2024-10-27 11:00:00,3149.046577,0.521858,0.725290,0.395340
2024-10-27 12:00:00,3176.927075,0.589418,0.839363,0.423805
2024-10-27 13:00:00,2911.837588,0.568533,0.866902,0.328235
2024-10-27 14:00:00,2692.146721,0.470010,0.794007,0.190826
2024-10-27 15:00:00,2593.158429,0.360156,0.687050,0.034338
2024-10-27 16:00:00,2835.182817,0.310023,0.674607,0.000284
2024-10-27 17:00:00,2757.537566,0.275133,0.565116,0.000242
2024-10-27 18:00:00,2604.845866,0.267678,0.548166,0.000167
2024-10-27 19:00:00,2551.330448,0.275230,0.554355,0.000120
2024-10-27 20:00:00,2452.103180,0.311729,0.545167,0.000113
2024-10-27 21:00:00,2371.207243,0.323749,0.640496,0.000085
2024-10-27 22:00:00,2335.462234,0.364939,0.706855,0.000079
2024-10-27 23:00:00,2298.513985,0.337636,0.764535,0.000082
2024-10-28 00:00:00,2343.192701,0.319848,0.797424,0.000072
2024-10-28 01:00:00,2369.360658,0.280139,0.810483,0.000076
2024-10-28 02:00:00,2330.328242,0.244129,0.773058,0.000050
2024-10-28 03:00:00,2298.494068,0.230398,0.649139,0.000073
2024-10-28 04:00:00,2555.315139,0.209006,0.545275,0.000086
2024-10-28 05:00:00,2958.242388,0.188114,0.552379,0.000098
2024-10-28 06:00:00,3089.406295,0.201565,0.499236,0.005942
2024-10-28 07:00:00,3231.005763,0.210866,0.519989,0.027874
2024-10-28 08:00:00,3213.763869,0.206177,0.567633,0.071464
2024-10-28 09:00:00,3244.243096,0.217107,0.543644,0.082097
2024-10-28 10:00:00,3278.741584,0.218047,0.395792,0.114953
2024-10-28 11:00:00,3182.030885,0.157517,0.353721,0.096933
2024-10-28 12:00:00,3174.119723,0.113233,0.232646,0.088677
2024-10-28 13:00:00,3084.507813,0.093979,0.276780,0.080080
2024-10-28 14:00:00,3069.550016,0.077468,0.301649,0.043708
2024-10-28 15:00:00,3078.030020,0.057868,0.241395,0.010731
2024-10-28 16:00:00,3241.729682,0.042661,0.211063,0.000154
2024-10-28 17:00:00,3094.113820,0.032569,0.139650,0.000133
2024-10-28 18:00:00,2875.949731,0.029565,0.071675,0.000118
2024-10-28 19:00:00,2707.197784,0.025235,0.063479,0.000077
2024-10-28 20:00:00,2574.141129,0.019503,0.048101,0.000080
2024-10-28 21:00:00,2445.732702,0.014212,0.044741,0.000066
2024-10-28 22:00:00,2326.997100,0.008870,0.020131,0.000059
2024-10-28 23:00:00,2350.350490,0.005579,0.018147,0.000053
2024-10-29 00:00:00,2338.539591,0.004342,0.018807,0.000057
2024-10-29 01:00:00,2315.706846,0.003493,0.018823,0.000053
2024-10-29 02:00:00,2238.924521,0.004116,0.033332,0.000045
2024-10-29 03:00:00,2163.171145,0.005237,0.023058,0.000080
2024-10-29 04:00:00,2261.451867,0.005580,0.032772,0.000088
2024-10-29 05:00:00,2616.068792,0.005704,0.033590,0.000101
2024-10-29 06:00:00,2936.724090,0.007736,0.035980,0.006886
2024-10-29 07:00:00,3053.778211,0.013113,0.028765,0.038583
2024-10-29 08:00:00,3064.407776,0.014328,0.024755,0.093835
2024-10-29 09:00:00,3149.651728,0.016883,0.032854,0.146234
2024-10-29 10:00:00,3141.889459,0.030123,0.029904,0.174426
2024-10-29 11:00:00,3085.307117,0.041959,0.052358,0.144500
2024-10-29 12:00:00,3065.361451,0.063732,0.094823,0.129862
2024-10-29 13:00:00,2983.546371,0.085930,0.119754,0.083013
2024-10-29 14:00:00,2927.397697,0.101515,0.139864,0.039800
2024-10-29 15:00:00,2909.546452,0.111791,0.135338,0.010594
2024-10-29 16:00:00,3130.074176,0.123576,0.157829,0.000349
2024-10-29 17:00:00,3028.374604,0.132763,0.186953,0.000260
2024-10-29 18:00:00,2813.480820,0.150338,0.269485,0.000153
2024-10-29 19:00:00,2650.135574,0.200342,0.323736,0.000119
2024-10-29 20:00:00,2578.477996,0.288467,0.422033,0.000082
2024-10-29 21:00:00,2462.626296,0.323123,0.518289,0.000065
2024-10-29 22:00:00,2346.185996,0.350158,0.613154,0.000065
2024-10-29 23:00:00,2358.129101,0.399916,0.586357,0.000064
2024-10-30 00:00:00,2387.603928,0.458958,0.684363,0.000052
2024-10-30 01:00:00,2424.093826,0.517849,0.762802,0.000056
2024-10-30 02:00:00,2482.430909,0.524818,0.751704,0.000056
2024-10-30 03:00:00,2469.560126,0.514963,0.699321,0.000062
2024-10-30 04:00:00,2544.094396,0.528425,0.762794,0.000080
2024-10-30 05:00:00,2806.579397,0.532363,0.826317,0.000100
2024-10-30 06:00:00,3117.532801,0.548628,0.888250,0.007522
2024-10-30 07:00:00,3223.335482,0.521779,0.918419,0.082094
2024-10-30 08:00:00,3301.033095,0.547860,0.902735,0.200293
2024-10-30 09:00:00,3559.492047,0.594906,0.856486,0.334246
2024-10-30 10:00:00,3650.861309,0.662160,0.824569,0.427055
2024-10-30 11:00:00,3557.864169,0.691805,0.792999,0.417589
2024-10-30 12:00:00,3507.457332,0.660392,0.773422,0.376489
2024-10-30 13:00:00,3283.248780,0.625570,0.779244,0.232580
2024-10-30 14:00:00,3089.451408,0.531780,0.743553,0.110391
2024-10-30 15:00:00,3064.912479,0.488273,0.737766,0.017172
2024-10-30 16:00:00,3254.705081,0.469962,0.715971,0.000370
2024-10-30 17:00:00,3151.247204,0.448240,0.673774,0.000376
2024-10-30 18:00:00,2940.729658,0.405296,0.564447,0.000247
2024-10-30 19:00:00,2788.287920,0.407893,0.512472,0.000201
2024-10-30 20:00:00,2697.658458,0.404656,0.534238,0.000167
2024-10-30 21:00:00,2525.191609,0.355413,0.535669,0.000150
2024-10-30 22:00:00,2385.980427,0.314157,0.438873,0.000150
2024-10-30 23:00:00,2357.880745,0.307869,0.471402,0.000156
2024-10-31 00:00:00,2346.897591,0.305819,0.743137,0.000121
2024-10-31 01:00:00,2339.015663,0.331036,0.811751,0.000106
2024-10-31 02:00:00,2473.678030,0.390894,0.814895,0.000105
2024-10-31 03:00:00,2506.520566,0.478205,0.759467,0.000115
2024-10-31 04:00:00,2600.407433,0.542648,0.786000,0.000125
2024-10-31 05:00:00,2847.079316,0.609010,0.828152,0.000134
2024-10-31 06:00:00,3149.326838,0.661037,0.807254,0.004475
2024-10-31 07:00:00,3256.125034,0.691348,0.834483,0.018645
2024-10-31 08:00:00,3354.854469,0.734260,0.859587,0.047666
2024-10-31 09:00:00,3571.760480,0.800249,0.834353,0.075618
2024-10-31 10:00:00,3578.643422,0.853483,0.856820,0.094883
2024-10-31 11:00:00,3597.097001,0.868703,0.845021,0.084792
2024-10-31 12:00:00,3588.397702,0.860570,0.865619,0.083197
2024-10-31 13:00:00,3551.349661,0.852332,0.863357,0.064273
2024-10-31 14:00:00,3533.479423,0.843813,0.859118,0.029229
2024-10-31 15:00:00,3469.565042,0.837696,0.933010,0.003906
2024-10-31 16:00:00,3612.717697,0.833007,0.937362,0.000235
2024-10-31 17:00:00,3545.885845,0.836680,0.917515,0.000219
2024-10-31 18:00:00,3340.329436,0.814744,0.928277,0.000174
2024-10-31 19:00:00,3336.638709,0.820995,0.909190,0.000140
2024-10-31 20:00:00,3170.051507,0.834488,0.905247,0.000128
2024-10-31 21:00:00,3054.945056,0.848351,0.897859,0.000134
2024-10-31 22:00:00,3004.931485,0.868745,0.877039,0.000135
2024-10-31 23:00:00,3230.807017,0.866545,0.872021,0.000121
2024-11-01 00:00:00,3267.187866,0.849697,0.863281,0.000117
2024-11-01 01:00:00,3291.698839,0.834503,0.672585,0.000089
2024-11-01 02:00:00,3167.354044,0.834764,0.563034,0.000092
2024-11-01 03:00:00,3104.298293,0.838361,0.521370,0.000103
2024-11-01 04:00:00,3098.952553,0.839029,0.594874,0.000128
2024-11-01 05:00:00,3241.826271,0.830546,0.878680,0.000158
2024-11-01 06:00:00,3600.088774,0.828089,0.887221,0.001945
2024-11-01 07:00:00,3658.140935,0.826527,0.897873,0.028796
2024-11-01 08:00:00,3668.591386,0.813453,0.908753,0.060786
2024-11-01 09:00:00,3757.937776,0.826051,0.934114,0.074528
2024-11-01 10:00:00,3767.388508,0.823066,0.922869,0.103131
2024-11-01 11:00:00,3759.110005,0.803745,0.885049,0.109742
2024-11-01 12:00:00,3699.752976,0.809253,0.883694,0.123515
2024-11-01 13:00:00,3592.737214,0.815770,0.878618,0.089052
2024-11-01 14:00:00,3637.106163,0.814766,0.885608,0.050543
2024-11-01 15:00:00,3547.931855,0.797702,0.914174,0.006247
2024-11-01 16:00:00,3570.202367,0.757051,0.923698,0.000196
2024-11-01 17:00:00,3229.844926,0.700652,0.941645,0.000184
2024-11-01 18:00:00,3086.378269,0.639652,0.940346,0.000130
2024-11-01 19:00:00,3034.161958,0.571393,0.936279,0.000098
2024-11-01 20:00:00,3111.722460,0.499796,0.927096,0.000074
2024-11-01 21:00:00,2883.805375,0.455757,0.921372,0.000063
2024-11-01 22:00:00,2761.054184,0.398688,0.871934,0.000057
2024-11-01 23:00:00,2492.190157,0.341405,0.901859,0.000052
2024-11-02 00:00:00,2305.001150,0.275966,0.868429,0.000048
2024-11-02 01:00:00,2180.019810,0.217202,0.743971,0.000041
2024-11-02 02:00:00,2167.829955,0.173977,0.635599,0.000040
2024-11-02 03:00:00,2067.996878,0.113380,0.495590,0.000050
2024-11-02 04:00:00,2140.638153,0.081959,0.434313,0.000064
2024-11-02 05:00:00,2205.548914,0.047954,0.360646,0.000085
2024-11-02 06:00:00,2404.583449,0.021748,0.205272,0.007986
2024-11-02 07:00:00,2569.222544,0.009320,0.097354,0.096105
2024-11-02 08:00:00,2629.973117,0.004000,0.069882,0.225145
2024-11-02 09:00:00,2669.119974,0.002198,0.047067,0.396166
2024-11-02 10:00:00,2617.178303,0.004181,0.036386,0.494642
2024-11-02 11:00:00,2572.692285,0.019573,0.039288,0.499472
2024-11-02 12:00:00,2529.594139,0.042636,0.025653,0.402079
2024-11-02 13:00:00,2489.757783,0.063882,0.035369,0.255530
2024-11-02 14:00:00,2480.484543,0.055133,0.037876,0.092320
2024-11-02 15:00:00,2628.536099,0.054962,0.079248,0.012431
2024-11-02 16:00:00,2850.775840,0.070831,0.102884,0.000292
2024-11-02 17:00:00,2798.022608,0.075822,0.131485,0.000251
2024-11-02 18:00:00,2598.780364,0.104398,0.167560,0.000165
2024-11-02 19:00:00,2508.481413,0.140579,0.230972,0.000132
2024-11-02 20:00:00,2363.304380,0.178319,0.301269,0.000109
2024-11-02 21:00:00,2261.491938,0.209954,0.385043,0.000093
2024-11-02 22:00:00,2220.025484,0.248533,0.478814,0.000091
2024-11-02 23:00:00,2184.891300,0.285636,0.536031,0.000076
2024-11-03 00:00:00,2157.287737,0.339928,0.551855,0.000068
2024-11-03 01:00:00,2151.764140,0.370813,0.626736,0.000060
2024-11-03 02:00:00,2158.105385,0.419198,0.702612,0.000057
2024-11-03 03:00:00,2165.503675,0.442493,0.700084,0.000062
2024-11-03 04:00:00,2252.625942,0.470540,0.768949,0.000062
2024-11-03 05:00:00,2348.951830,0.498837,0.784761,0.000084
2024-11-03 06:00:00,2542.957449,0.502997,0.816534,0.000954
2024-11-03 07:00:00,2655.443611,0.544295,0.822200,0.027873
2024-11-03 08:00:00,2825.475151,0.560575,0.836657,0.075731
2024-11-03 09:00:00,2937.184500,0.569600,0.784267,0.124706
2024-11-03 10:00:00,3034.956688,0.577109,0.787334,0.165763
2024-11-03 11:00:00,3058.277523,0.579502,0.754804,0.188091
2024-11-03 12:00:00,2980.716381,0.602928,0.719814,0.185990
2024-11-03 13:00:00,2863.912831,0.611755,0.703164,0.140420
2024-11-03 14:00:00,2773.645728,0.615565,0.751027,0.061243
2024-11-03 15:00:00,2871.121249,0.638707,0.751033,0.006990
2024-11-03 16:00:00,3034.064210,0.655731,0.737632,0.000212
2024-11-03 17:00:00,2996.018975,0.656020,0.685600,0.000178
2024-11-03 18:00:00,2768.551800,0.624662,0.743273,0.000134
2024-11-03 19:00:00,2580.553234,0.581248,0.691189,0.000103
2024-11-03 20:00:00,2533.340716,0.474394,0.669441,0.000073
2024-11-03 21:00:00,2388.993831,0.377611,0.676783,0.000065
2024-11-03 22:00:00,2215.342840,0.279720,0.599188,0.000069
2024-11-03 23:00:00,2286.986126,0.203431,0.487790,0.000061
2024-11-04 00:00:00,2242.486435,0.170446,0.328148,0.000050
2024-11-04 01:00:00,2179.603650,0.127298,0.267078,0.000040
2024-11-04 02:00:00,2141.252938,0.073253,0.202459,0.000038
2024-11-04 03:00:00,2088.598068,0.034811,0.140179,0.000041
2024-11-04 04:00:00,2215.896470,0.015818,0.081307,0.000058
2024-11-04 05:00:00,2615.225175,0.010828,0.047857,0.000105
2024-11-04 06:00:00,2940.086642,0.016377,0.008220,0.001899
2024-11-04 07:00:00,3140.777456,0.013716,0.001043,0.034282
2024-11-04 08:00:00,3135.425854,0.019022,0.011326,0.098779
2024-11-04 09:00:00,3188.783595,0.019243,0.027754,0.145822
2024-11-04 10:00:00,3219.382663,0.014376,0.025916,0.149094
2024-11-04 11:00:00,3164.786116,0.007759,0.028249,0.134235
2024-11-04 12:00:00,3149.206737,0.005746,0.034006,0.103297
2024-11-04 13:00:00,3082.738536,0.009322,0.055990,0.064039
2024-11-04 14:00:00,2995.932397,0.012542,0.061045,0.028069
2024-11-04 15:00:00,3248.751401,0.013744,0.065774,0.003152
2024-11-04 16:00:00,3287.178107,0.013111,0.062988,0.000257
2024-11-04 17:00:00,3102.244491,0.017379,0.052980,0.000180
2024-11-04 18:00:00,2874.199733,0.018056,0.052537,0.000111
2024-11-04 19:00:00,2757.861558,0.025142,0.053486,0.000102
2024-11-04 20:00:00,2595.927710,0.025869,0.047900,0.000095
2024-11-04 21:00:00,2488.744937,0.025207,0.046008,0.000072
2024-11-04 22:00:00,2389.308951,0.021667,0.022659,0.000086
2024-11-04 23:00:00,2539.075710,0.018013,0.023547,0.000088
2024-11-05 00:00:00,2440.208983,0.018525,0.023653,0.000070
2024-11-05 01:00:00,2367.928122,0.022232,0.018984,0.000087
2024-11-05 02:00:00,2281.409298,0.019425,0.026516,0.000076
2024-11-05 03:00:00,2201.933948,0.019490,0.018778,0.000074
2024-11-05 04:00:00,2369.218547,0.018509,0.024366,0.000077
2024-11-05 05:00:00,2837.053455,0.013881,0.022954,0.000089
2024-11-05 06:00:00,3389.760430,0.011414,0.020616,0.001247
2024-11-05 07:00:00,3231.466266,0.010483,0.022897,0.021092
2024-11-05 08:00:00,3121.230725,0.010621,0.045002,0.060082
2024-11-05 09:00:00,3215.844741,0.008495,0.041494,0.098985
2024-11-05 10:00:00,3216.199779,0.007865,0.039155,0.114539
2024-11-05 11:00:00,3175.337833,0.007354,0.036885,0.112770
2024-11-05 12:00:00,3170.726116,0.007482,0.035020,0.089424
2024-11-05 13:00:00,3073.913859,0.005550,0.022811,0.049127
2024-11-05 14:00:00,3080.681874,0.004314,0.013101,0.022080
2024-11-05 15:00:00,3036.501589,0.003374,0.004822,0.004537
2024-11-05 16:00:00,3266.003050,0.002850,0.005000,0.003584
2024-11-05 17:00:00,3036.814720,0.004077,0.004189,0.000365
2024-11-05 18:00:00,2837.841371,0.005026,0.006591,0.000141
2024-11-05 19:00:00,2697.303165,0.004428,0.015077,0.000085
2024-11-05 20:00:00,2581.078274,0.003423,0.012772,0.000093
2024-11-05 21:00:00,2468.426738,0.003780,0.012311,0.000066
2024-11-05 22:00:00,2423.766037,0.002990,0.011674,0.000063
2024-11-05 23:00:00,2404.842107,0.002151,0.007238,0.000068
2024-11-06 00:00:00,2422.430969,0.001650,0.002151,0.000058
2024-11-06 01:00:00,2459.954764,0.001796,0.002006,0.000057
2024-11-06 02:00:00,2419.746436,0.001472,0.001686,0.000041
2024-11-06 03:00:00,2342.451968,0.000961,0.003031,0.000079
2024-11-06 04:00:00,2401.305275,0.001075,0.001353,0.000083
2024-11-06 05:00:00,2767.260097,0.001256,0.003631,0.000134
2024-11-06 06:00:00,2989.633093,0.002614,0.007804,0.000348
2024-11-06 07:00:00,3137.990722,0.004927,0.008453,0.011481
2024-11-06 08:00:00,3176.935059,0.007057,0.015001,0.033118
2024-11-06 09:00:00,3226.387412,0.010439,0.018415,0.048720
2024-11-06 10:00:00,3225.088733,0.016116,0.024497,0.063356
2024-11-06 11:00:00,3158.036042,0.018509,0.028832,0.064307
2024-11-06 12:00:00,3190.485003,0.018247,0.034385,0.053211
2024-11-06 13:00:00,3140.457112,0.019756,0.035873,0.040466
2024-11-06 14:00:00,3025.435202,0.018674,0.037301,0.021358
2024-11-06 15:00:00,3055.042371,0.024525,0.030701,0.004302
2024-11-06 16:00:00,3192.533643,0.032604,0.037060,0.003909
2024-11-06 17:00:00,3056.886656,0.039213,0.029347,0.000298
2024-11-06 18:00:00,2956.967497,0.061445,0.040109,0.000168
2024-11-06 19:00:00,2720.827367,0.081189,0.055201,0.000126
2024-11-06 20:00:00,2679.574930,0.080445,0.054833,0.000108
2024-11-06 21:00:00,2489.952180,0.080104,0.032128,0.000108
2024-11-06 22:00:00,2420.922555,0.072822,0.033477,0.000130
2024-11-06 23:00:00,2451.683874,0.073327,0.062026,0.000110
2024-11-07 00:00:00,2494.237696,0.083043,0.082506,0.000095
2024-11-07 01:00:00,2538.527419,0.088937,0.081228,0.000111
2024-11-07 02:00:00,2448.828821,0.078480,0.086963,0.000084
2024-11-07 03:00:00,2448.319246,0.066560,0.083292,0.000081
2024-11-07 04:00:00,2409.169688,0.057192,0.069498,0.000117
2024-11-07 05:00:00,2729.847257,0.042951,0.051620,0.000122
2024-11-07 06:00:00,2954.708226,0.030302,0.050191,0.000229
2024-11-07 07:00:00,3107.092660,0.018699,0.044376,0.010960
2024-11-07 08:00:00,3260.497144,0.012123,0.015809,0.036072
2024-11-07 09:00:00,3190.816758,0.011438,0.007762,0.066031
2024-11-07 10:00:00,3201.434410,0.007130,0.006716,0.078010
2024-11-07 11:00:00,3167.055360,0.004030,0.003991,0.096528
2024-11-07 12:00:00,3152.693384,0.003688,0.004351,0.080113
2024-11-07 13:00:00,3075.040228,0.002626,0.002387,0.045898
2024-11-07 14:00:00,3035.540021,0.001928,0.001419,0.017575
2024-11-07 15:00:00,3030.571284,0.001739,0.001331,0.004148
2024-11-07 16:00:00,3177.714650,0.002779,0.001302,0.003579
2024-11-07 17:00:00,3026.774275,0.002475,0.001953,0.000279
2024-11-07 18:00:00,2969.329195,0.002370,0.001629,0.000136
2024-11-07 19:00:00,2697.998611,0.002491,0.003200,0.000115
2024-11-07 20:00:00,2616.172499,0.004035,0.009725,0.000112
2024-11-07 21:00:00,2461.652643,0.006838,0.031657,0.000099
2024-11-07 22:00:00,2357.946564,0.007989,0.044628,0.000088
2024-11-07 23:00:00,2429.280991,0.008168,0.072855,0.000079
2024-11-08 00:00:00,2507.157464,0.008650,0.084444,0.000066
2024-11-08 01:00:00,2519.497749,0.009316,0.058220,0.000051
2024-11-08 02:00:00,2524.464696,0.011649,0.046453,0.000055
2024-11-08 03:00:00,2465.630212,0.010539,0.048072,0.000069
2024-11-08 04:00:00,2370.227479,0.009367,0.044498,0.000093
2024-11-08 05:00:00,2697.448849,0.011159,0.049673,0.000116
2024-11-08 06:00:00,2967.911230,0.014216,0.053282,0.000143
2024-11-08 07:00:00,3094.262209,0.019312,0.072038,0.010171
2024-11-08 08:00:00,3116.202134,0.026928,0.097062,0.032697
2024-11-08 09:00:00,3183.042234,0.037094,0.143183,0.048527
2024-11-08 10:00:00,3151.143856,0.053354,0.163631,0.066540
2024-11-08 11:00:00,3079.219018,0.058704,0.170632,0.071134
2024-11-08 12:00:00,3030.351736,0.053602,0.183762,0.060538
2024-11-08 13:00:00,2891.878509,0.052210,0.164253,0.033413
2024-11-08 14:00:00,2916.901039,0.052512,0.196132,0.014124
2024-11-08 15:00:00,2995.522276,0.064219,0.279121,0.000317
2024-11-08 16:00:00,3075.334191,0.073097,0.296444,0.000170
2024-11-08 17:00:00,2927.151275,0.088098,0.355321,0.000152
2024-11-08 18:00:00,2811.111079,0.110774,0.387142,0.000103
2024-11-08 19:00:00,2647.790683,0.127131,0.425058,0.000080
2024-11-08 20:00:00,2842.188263,0.133576,0.407524,0.000073
2024-11-08 21:00:00,2736.207009,0.132440,0.411163,0.000060
2024-11-08 22:00:00,2613.084256,0.123851,0.418009,0.000066
2024-11-08 23:00:00,2278.880291,0.123060,0.360941,0.000075
2024-11-09 00:00:00,2222.541410,0.118410,0.351574,0.000054
2024-11-09 01:00:00,2153.844245,0.115707,0.380592,0.000053
2024-11-09 02:00:00,2094.246006,0.117241,0.347838,0.000050
2024-11-09 03:00:00,2046.802278,0.130459,0.355191,0.000055
2024-11-09 04:00:00,2072.018152,0.136878,0.390619,0.000071
2024-11-09 05:00:00,2180.323009,0.129012,0.432595,0.000074
2024-11-09 06:00:00,2349.206587,0.116463,0.374529,0.000105
2024-11-09 07:00:00,2512.835562,0.102814,0.320084,0.004809
2024-11-09 08:00:00,2624.492065,0.095737,0.280558,0.013330
2024-11-09 09:00:00,2701.813117,0.071416,0.230703,0.024939
2024-11-09 10:00:00,2733.620930,0.054819,0.234939,0.034357
2024-11-09 11:00:00,2735.457374,0.043047,0.203971,0.036314
2024-11-09 12:00:00,2717.972493,0.037720,0.221444,0.031229
2024-11-09 13:00:00,2689.876739,0.038909,0.218875,0.017957
2024-11-09 14:00:00,2674.888233,0.041534,0.183810,0.007746
2024-11-09 15:00:00,2769.699651,0.037218,0.187579,0.000115
2024-11-09 16:00:00,2918.429722,0.039376,0.161972,0.000138
2024-11-09 17:00:00,2772.671220,0.038836,0.129746,0.000120
2024-11-09 18:00:00,2580.542641,0.033588,0.105835,0.000106
2024-11-09 19:00:00,2465.160758,0.030981,0.093160,0.000072
2024-11-09 20:00:00,2399.950340,0.027630,0.084562,0.000063
2024-11-09 21:00:00,2296.331355,0.024047,0.075359,0.000065
2024-11-09 22:00:00,2216.267462,0.019833,0.096248,0.000047
2024-11-09 23:00:00,2236.963140,0.019493,0.118733,0.000058
2024-11-10 00:00:00,2247.391553,0.022578,0.132363,0.000055
2024-11-10 01:00:00,2221.254585,0.020446,0.122764,0.000030
2024-11-10 02:00:00,2176.344331,0.016822,0.126795,0.000051
2024-11-10 03:00:00,2096.178191,0.022042,0.111556,0.000048
2024-11-10 04:00:00,2052.107402,0.018441,0.113625,0.000059
2024-11-10 05:00:00,2115.799244,0.013622,0.110022,0.000076
2024-11-10 06:00:00,2257.306290,0.011799,0.124916,0.000074
2024-11-10 07:00:00,2421.055995,0.011605,0.151068,0.006351
2024-11-10 08:00:00,2570.415546,0.010737,0.175679,0.029202
2024-11-10 09:00:00,2674.465854,0.008855,0.221366,0.050866
2024-11-10 10:00:00,2725.756690,0.010305,0.277057,0.060114
2024-11-10 11:00:00,2735.394707,0.010901,0.155585,0.068274
2024-11-10 12:00:00,2753.544217,0.014238,0.066107,0.068856
2024-11-10 13:00:00,2722.660645,0.019660,0.059757,0.041829
2024-11-10 14:00:00,2752.286969,0.032116,0.069254,0.017353
2024-11-10 15:00:00,2884.647855,0.032956,0.080067,0.003976
2024-11-10 16:00:00,3038.668784,0.036041,0.078192,0.000164
2024-11-10 17:00:00,2833.320667,0.039562,0.062658,0.000124
2024-11-10 18:00:00,2659.757196,0.038510,0.096550,0.000098
2024-11-10 19:00:00,2549.634939,0.040256,0.076194,0.000099
2024-11-10 20:00:00,2450.308433,0.039325,0.146493,0.000061
2024-11-10 21:00:00,2383.765564,0.036768,0.209022,0.000066
2024-11-10 22:00:00,2307.286924,0.032980,0.217533,0.000075
2024-11-10 23:00:00,2342.776574,0.036087,0.221316,0.000056
2024-11-11 00:00:00,2390.067434,0.036369,0.155276,0.000052
2024-11-11 01:00:00,2370.567795,0.025756,0.083716,0.000063
2024-11-11 02:00:00,2344.791262,0.017977,0.039445,0.000058
2024-11-11 03:00:00,2313.181943,0.013910,0.010990,0.000051
2024-11-11 04:00:00,2333.069682,0.016163,0.032443,0.000071
2024-11-11 05:00:00,2643.273585,0.015955,0.122102,0.000104
2024-11-11 06:00:00,3017.257391,0.016072,0.176263,0.000117
2024-11-11 07:00:00,3178.618281,0.019657,0.144193,0.011182
2024-11-11 08:00:00,3191.738725,0.020336,0.113875,0.031853
2024-11-11 09:00:00,3313.773741,0.023569,0.145547,0.059452
2024-11-11 10:00:00,3281.796639,0.023587,0.140879,0.064943
2024-11-11 11:00:00,3223.680904,0.030644,0.169331,0.072163
2024-11-11 12:00:00,3258.266501,0.039145,0.214031,0.081954
2024-11-11 13:00:00,3210.785491,0.043202,0.227303,0.074462
2024-11-11 14:00:00,3101.438792,0.045843,0.257616,0.030215
2024-11-11 15:00:00,3158.504316,0.052926,0.238091,0.005678
2024-11-11 16:00:00,3315.293737,0.052572,0.213824,0.000184
2024-11-11 17:00:00,3143.470545,0.053705,0.197335,0.000158
2024-11-11 18:00:00,2951.769589,0.047817,0.154460,0.000091
2024-11-11 19:00:00,2803.905586,0.043702,0.093461,0.000087
2024-11-11 20:00:00,2701.397236,0.041406,0.049504,0.000082
2024-11-11 21:00:00,2572.439597,0.036756,0.025113,0.000064
2024-11-11 22:00:00,2488.976464,0.033471,0.024811,0.000070
2024-11-11 23:00:00,2529.299395,0.033639,0.032207,0.000068
2024-11-12 00:00:00,2584.869202,0.032569,0.037203,0.000050
2024-11-12 01:00:00,2565.250672,0.036767,0.043374,0.000062
2024-11-12 02:00:00,2427.892827,0.033374,0.047520,0.000051
2024-11-12 03:00:00,2387.257343,0.031581,0.038038,0.000057
2024-11-12 04:00:00,2473.942134,0.031254,0.043951,0.000091
2024-11-12 05:00:00,2761.847781,0.027118,0.018039,0.000118
2024-11-12 06:00:00,3137.829211,0.020441,0.013980,0.004720
2024-11-12 07:00:00,3231.769897,0.013927,0.013476,0.040761
2024-11-12 08:00:00,3279.522204,0.009698,0.021630,0.177972
2024-11-12 09:00:00,3409.350023,0.004847,0.022285,0.346192
2024-11-12 10:00:00,3448.816128,0.003670,0.010172,0.410284
2024-11-12 11:00:00,3427.600643,0.001795,0.013329,0.420624
2024-11-12 12:00:00,3246.400646,0.001294,0.007827,0.309518
2024-11-12 13:00:00,3094.349686,0.001205,0.003306,0.165853
2024-11-12 14:00:00,3017.210705,0.002314,0.006815,0.056955
2024-11-12 15:00:00,3108.703516,0.004138,0.008506,0.003978
2024-11-12 16:00:00,3273.903312,0.003634,0.011824,0.000424
2024-11-12 17:00:00,3137.542649,0.005061,0.010481,0.000256
2024-11-12 18:00:00,2968.761178,0.007867,0.009445,0.000161
2024-11-12 19:00:00,2809.929708,0.016794,0.021458,0.000142
2024-11-12 20:00:00,2702.980337,0.028111,0.042995,0.000116
2024-11-12 21:00:00,2579.732208,0.035305,0.083389,0.000089
2024-11-12 22:00:00,2499.560968,0.046179,0.178493,0.000077
2024-11-12 23:00:00,2521.472350,0.058119,0.250297,0.000073
2024-11-13 00:00:00,2539.241433,0.054080,0.326649,0.000069
2024-11-13 01:00:00,2541.912729,0.060018,0.385490,0.000061
2024-11-13 02:00:00,2475.274132,0.069254,0.462549,0.000058
2024-11-13 03:00:00,2385.454728,0.090115,0.508126,0.000063
2024-11-13 04:00:00,2514.370428,0.133568,0.574921,0.000079
2024-11-13 05:00:00,2791.186239,0.119583,0.602889,0.000134
2024-11-13 06:00:00,3092.147478,0.113410,0.526133,0.000172
2024-11-13 07:00:00,3203.885992,0.126544,0.550437,0.013038
2024-11-13 08:00:00,3204.386805,0.140577,0.580879,0.079382
2024-11-13 09:00:00,3246.816544,0.163633,0.591987,0.125293
2024-11-13 10:00:00,3293.732548,0.186488,0.643399,0.164474
2024-11-13 11:00:00,3184.356912,0.204129,0.583371,0.132600
2024-11-13 12:00:00,3212.142177,0.233124,0.535135,0.088582
2024-11-13 13:00:00,3251.299210,0.299942,0.577121,0.052741
2024-11-13 14:00:00,3279.822978,0.369996,0.680390,0.016314
2024-11-13 15:00:00,3310.467373,0.427554,0.658626,0.000283
2024-11-13 16:00:00,3426.639271,0.455615,0.751686,0.000291
2024-11-13 17:00:00,3249.444177,0.480716,0.747060,0.000207
2024-11-13 18:00:00,3077.876034,0.509921,0.761239,0.000174
2024-11-13 19:00:00,2941.505472,0.525290,0.771162,0.000152
2024-11-13 20:00:00,2929.511298,0.553892,0.838844,0.000128
2024-11-13 21:00:00,2853.521812,0.543010,0.844586,0.000127
2024-11-13 22:00:00,2881.292901,0.556874,0.820960,0.000130
2024-11-13 23:00:00,2968.473181,0.569363,0.873859,0.000125
2024-11-14 00:00:00,2959.638789,0.553254,0.918081,0.000113
2024-11-14 01:00:00,2900.256519,0.532273,0.889361,0.000125
2024-11-14 02:00:00,2802.017198,0.525229,0.857500,0.000124
2024-11-14 03:00:00,2756.109970,0.501180,0.888047,0.000144
2024-11-14 04:00:00,3164.693862,0.504248,0.900968,0.000142
2024-11-14 05:00:00,3085.384559,0.465422,0.874820,0.000126
2024-11-14 06:00:00,3218.375543,0.443847,0.837197,0.000936
2024-11-14 07:00:00,3294.365113,0.404525,0.834846,0.036792
2024-11-14 08:00:00,3289.683488,0.341510,0.800599,0.139525
2024-11-14 09:00:00,3354.779364,0.293502,0.754070,0.243769
2024-11-14 10:00:00,3342.279960,0.252840,0.726254,0.301394
2024-11-14 11:00:00,3168.310895,0.232957,0.695597,0.305269
2024-11-14 12:00:00,3175.505224,0.164277,0.683423,0.263162
2024-11-14 13:00:00,3104.897779,0.092979,0.642148,0.173147
2024-11-14 14:00:00,3022.177263,0.051871,0.559578,0.063865
2024-11-14 15:00:00,3112.699757,0.046190,0.501348,0.003171
2024-11-14 16:00:00,3324.747046,0.050781,0.475762,0.000281
2024-11-14 17:00:00,3192.211313,0.078277,0.505476,0.000212
2024-11-14 18:00:00,3013.517350,0.129283,0.632488,0.000155
2024-11-14 19:00:00,2884.479675,0.204642,0.682930,0.000111
2024-11-14 20:00:00,2816.261126,0.318577,0.708241,0.000092
2024-11-14 21:00:00,2776.392886,0.410971,0.733933,0.000079
2024-11-14 22:00:00,2580.265067,0.459741,0.755787,0.000079
2024-11-14 23:00:00,2632.747189,0.510141,0.731449,0.000075
2024-11-15 00:00:00,2618.183816,0.523274,0.812491,0.000060
2024-11-15 01:00:00,2564.124807,0.512958,0.876806,0.000053
2024-11-15 02:00:00,2506.628008,0.490242,0.865237,0.000052
2024-11-15 03:00:00,2522.304689,0.499984,0.834155,0.000053
2024-11-15 04:00:00,2666.632633,0.487875,0.805347,0.000075
2024-11-15 05:00:00,2906.361532,0.478793,0.805678,0.000125
2024-11-15 06:00:00,3149.007353,0.461850,0.713881,0.000148
2024-11-15 07:00:00,3243.387647,0.452666,0.603962,0.008540
2024-11-15 08:00:00,3260.950857,0.459785,0.566837,0.043796
2024-11-15 09:00:00,3350.377835,0.464224,0.580364,0.084124
2024-11-15 10:00:00,3296.226570,0.479090,0.639672,0.094130
2024-11-15 11:00:00,3215.043387,0.476495,0.687177,0.088547
2024-11-15 12:00:00,3115.629852,0.461044,0.677574,0.067622
2024-11-15 13:00:00,3006.843155,0.409664,0.715731,0.043635
2024-11-15 14:00:00,2976.101544,0.415439,0.734932,0.014012
2024-11-15 15:00:00,3118.207726,0.462887,0.800192,0.000251
2024-11-15 16:00:00,3316.845583,0.542809,0.852413,0.000229
2024-11-15 17:00:00,3206.875637,0.628310,0.900174,0.000188
2024-11-15 18:00:00,3088.428892,0.685311,0.921769,0.000159
2024-11-15 19:00:00,3083.913194,0.737362,0.950434,0.000131
2024-11-15 20:00:00,3074.232885,0.786939,0.947939,0.000145
2024-11-15 21:00:00,2955.404761,0.828205,0.938761,0.000127
2024-11-15 22:00:00,2875.559283,0.856817,0.960749,0.000116
2024-11-15 23:00:00,2915.328994,0.872007,0.962379,0.000114
2024-11-16 00:00:00,3380.699300,0.837645,0.953464,0.000102
2024-11-16 01:00:00,3436.730225,0.798567,0.945082,0.000089
2024-11-16 02:00:00,3305.574155,0.757049,0.944482,0.000086
2024-11-16 03:00:00,3160.979541,0.767133,0.947782,0.000083
2024-11-16 04:00:00,3077.379175,0.742186,0.943603,0.000086
2024-11-16 05:00:00,3115.668914,0.728265,0.948420,0.000103
2024-11-16 06:00:00,3180.447318,0.723702,0.951702,0.000123
2024-11-16 07:00:00,3112.835741,0.636233,0.946577,0.004849
2024-11-16 08:00:00,3115.503370,0.614375,0.885776,0.036447
2024-11-16 09:00:00,3056.415753,0.576559,0.682219,0.092289
2024-11-16 10:00:00,3068.332078,0.567574,0.691763,0.125795
2024-11-16 11:00:00,3155.939839,0.624824,0.775725,0.131248
2024-11-16 12:00:00,3233.134683,0.605739,0.875015,0.156193
2024-11-16 13:00:00,3251.398456,0.577567,0.917318,0.103892
2024-11-16 14:00:00,3047.129814,0.558175,0.934349,0.032732
2024-11-16 15:00:00,3079.883752,0.544228,0.889219,0.003862
2024-11-16 16:00:00,3126.752511,0.535678,0.841905,0.000202
2024-11-16 17:00:00,2980.615904,0.527814,0.833836,0.000173
2024-11-16 18:00:00,2864.204399,0.530130,0.825994,0.000122
2024-11-16 19:00:00,2846.594431,0.553481,0.874416,0.000090
2024-11-16 20:00:00,2786.521001,0.542740,0.920307,0.000076
2024-11-16 21:00:00,2767.826792,0.571803,0.907630,0.000067
2024-11-16 22:00:00,2746.818229,0.599708,0.895572,0.000067
2024-11-16 23:00:00,3008.135573,0.630989,0.909216,0.000068
2024-11-17 00:00:00,3004.098597,0.656159,0.901060,0.000065
2024-11-17 01:00:00,2824.105533,0.666849,0.902412,0.000072
2024-11-17 02:00:00,2757.032605,0.672416,0.909910,0.000066
2024-11-17 03:00:00,2736.829009,0.668003,0.928406,0.000062
2024-11-17 04:00:00,2716.056561,0.642304,0.916683,0.000075
2024-11-17 05:00:00,2696.971773,0.610811,0.901314,0.000101
2024-11-17 06:00:00,2795.635487,0.605423,0.909569,0.000173
2024-11-17 07:00:00,2964.934486,0.613088,0.914555,0.017787
2024-11-17 08:00:00,3009.667029,0.593985,0.912928,0.069416
2024-11-17 09:00:00,3192.487012,0.625299,0.925599,0.154319
2024-11-17 10:00:00,3369.007709,0.665126,0.918810,0.176090
2024-11-17 11:00:00,3487.059677,0.667393,0.942106,0.165222
2024-11-17 12:00:00,3320.301132,0.674532,0.919589,0.163681
2024-11-17 13:00:00,3146.822522,0.674756,0.949529,0.087951
2024-11-17 14:00:00,3091.373710,0.649402,0.948348,0.031700
2024-11-17 15:00:00,3186.835654,0.659921,0.946401,0.000775
2024-11-17 16:00:00,3375.429457,0.636004,0.942056,0.000227
2024-11-17 17:00:00,3221.737542,0.591537,0.946173,0.000201
2024-11-17 18:00:00,3039.174903,0.609198,0.943698,0.000173
2024-11-17 19:00:00,2943.167701,0.602827,0.943656,0.000149
2024-11-17 20:00:00,2888.262498,0.570959,0.947022,0.000121
2024-11-17 21:00:00,2885.861136,0.522730,0.935627,0.000120
2024-11-17 22:00:00,2835.538537,0.463091,0.928347,0.000097
2024-11-17 23:00:00,2729.305976,0.406172,0.920196,0.000106
2024-11-18 00:00:00,2719.963997,0.353864,0.913049,0.000105
2024-11-18 01:00:00,2875.347587,0.339035,0.922359,0.000076
2024-11-18 02:00:00,2810.845218,0.316169,0.847342,0.000092
2024-11-18 03:00:00,2887.382163,0.368748,0.807630,0.000082
2024-11-18 04:00:00,3203.798306,0.415199,0.790188,0.000072
2024-11-18 05:00:00,3144.584681,0.422245,0.761242,0.000114
2024-11-18 06:00:00,3367.111839,0.431027,0.709559,0.000139
2024-11-18 07:00:00,3385.023762,0.419367,0.765103,0.017463
2024-11-18 08:00:00,3410.982788,0.355016,0.757526,0.118042
2024-11-18 09:00:00,3627.442013,0.312764,0.680926,0.254405
2024-11-18 10:00:00,3556.151496,0.279568,0.691418,0.319417
2024-11-18 11:00:00,3368.637559,0.294078,0.767992,0.236248
2024-11-18 12:00:00,3492.758898,0.281052,0.837469,0.216087
2024-11-18 13:00:00,3400.695051,0.304248,0.833762,0.120746
2024-11-18 14:00:00,3377.604487,0.379914,0.864617,0.034974
2024-11-18 15:00:00,3424.518681,0.398492,0.853259,0.004622
2024-11-18 16:00:00,3551.154030,0.370460,0.839408,0.000243
2024-11-18 17:00:00,3382.261662,0.343190,0.816914,0.000203
2024-11-18 18:00:00,3235.515820,0.328187,0.773197,0.000154
2024-11-18 19:00:00,2971.705387,0.295798,0.701159,0.000124
2024-11-18 20:00:00,2855.373492,0.266169,0.636201,0.000100
2024-11-18 21:00:00,2708.762717,0.250617,0.603500,0.000096
2024-11-18 22:00:00,2635.202490,0.232283,0.507650,0.000085
2024-11-18 23:00:00,2711.530578,0.226270,0.520327,0.000065
2024-11-19 00:00:00,2732.290202,0.192737,0.303933,0.000080
2024-11-19 01:00:00,2767.636394,0.152301,0.282025,0.000062
2024-11-19 02:00:00,2727.750846,0.126259,0.244935,0.000058
2024-11-19 03:00:00,2671.458080,0.122284,0.222558,0.000074
2024-11-19 04:00:00,2708.462159,0.087763,0.184716,0.000081
2024-11-19 05:00:00,2977.814069,0.067788,0.130458,0.000111
2024-11-19 06:00:00,3263.613569,0.057863,0.107399,0.000134
2024-11-19 07:00:00,3424.659801,0.048607,0.075521,0.010867
2024-11-19 08:00:00,3387.535471,0.041491,0.078792,0.053946
2024-11-19 09:00:00,3435.140976,0.025775,0.081525,0.108191
2024-11-19 10:00:00,3388.574639,0.011475,0.018849,0.142868
2024-11-19 11:00:00,3339.296172,0.004764,0.030231,0.187927
2024-11-19 12:00:00,3363.085746,0.003748,0.038606,0.164299
2024-11-19 13:00:00,3320.874293,0.004811,0.019538,0.101576
2024-11-19 14:00:00,3262.436250,0.007157,0.020442,0.030255
2024-11-19 15:00:00,3371.029163,0.010285,0.022436,0.000302
2024-11-19 16:00:00,3504.102190,0.014115,0.045617,0.000249
2024-11-19 17:00:00,3375.810059,0.029892,0.141225,0.000196
2024-11-19 18:00:00,3261.765150,0.042824,0.087673,0.000167
2024-11-19 19:00:00,3108.078512,0.047934,0.090613,0.000135
2024-11-19 20:00:00,2987.564253,0.054681,0.144764,0.000083
2024-11-19 21:00:00,2855.139311,0.060378,0.120572,0.000075
2024-11-19 22:00:00,2842.814331,0.064556,0.064248,0.000072
2024-11-19 23:00:00,2825.086458,0.059740,0.164357,0.000068
2024-11-20 00:00:00,2897.774339,0.071046,0.126827,0.000071
2024-11-20 01:00:00,2976.565357,0.078692,0.097844,0.000055
2024-11-20 02:00:00,2918.404854,0.085651,0.102884,0.000060
2024-11-20 03:00:00,2849.297321,0.084236,0.191422,0.000067
2024-11-20 04:00:00,2870.024504,0.084620,0.257837,0.000083
2024-11-20 05:00:00,3099.316207,0.080869,0.337404,0.000121
2024-11-20 06:00:00,3413.359537,0.074890,0.363054,0.000181
2024-11-20 07:00:00,3548.456792,0.051829,0.390330,0.016589
2024-11-20 08:00:00,3577.764513,0.055926,0.501877,0.081233
2024-11-20 09:00:00,3690.024126,0.067414,0.544770,0.214270
2024-11-20 10:00:00,3731.967287,0.084258,0.566352,0.241111
2024-11-20 11:00:00,3699.309340,0.087902,0.566199,0.198075
2024-11-20 12:00:00,3655.846899,0.074603,0.425225,0.160312
2024-11-20 13:00:00,3558.818651,0.060216,0.327100,0.119304
2024-11-20 14:00:00,3408.699745,0.071116,0.337521,0.029491
2024-11-20 15:00:00,3530.174274,0.095307,0.324533,0.004584
2024-11-20 16:00:00,3610.513747,0.102802,0.341165,0.000238
2024-11-20 17:00:00,3476.846167,0.095796,0.322035,0.000204
2024-11-20 18:00:00,3279.738016,0.101220,0.321825,0.000163
2024-11-20 19:00:00,3115.014911,0.102542,0.277968,0.000144
2024-11-20 20:00:00,3014.073987,0.090247,0.178253,0.000143
2024-11-20 21:00:00,2899.768905,0.062160,0.107275,0.000142
2024-11-20 22:00:00,2893.763556,0.053769,0.103841,0.000136
2024-11-20 23:00:00,2881.321771,0.057846,0.110987,0.000143
2024-11-21 00:00:00,2908.282149,0.057665,0.211628,0.000104
2024-11-21 01:00:00,2943.271828,0.056864,0.288867,0.000107
2024-11-21 02:00:00,2907.825979,0.056466,0.303233,0.000107
2024-11-21 03:00:00,2802.966150,0.065306,0.303074,0.000128
2024-11-21 04:00:00,2833.244613,0.082131,0.315325,0.000137
2024-11-21 05:00:00,3130.960720,0.093399,0.308069,0.000134
2024-11-21 06:00:00,3538.823917,0.082239,0.410521,0.000183
2024-11-21 07:00:00,3634.708728,0.063507,0.199796,0.006950
2024-11-21 08:00:00,3651.857654,0.042127,0.243916,0.017292
2024-11-21 09:00:00,3735.574967,0.029943,0.161181,0.052054
2024-11-21 10:00:00,3710.588494,0.016634,0.173144,0.099849
2024-11-21 11:00:00,3566.027075,0.019754,0.187671,0.109550
2024-11-21 12:00:00,3494.249386,0.023506,0.163412,0.119750
2024-11-21 13:00:00,3455.162221,0.021388,0.129710,0.070494
2024-11-21 14:00:00,3464.542566,0.022360,0.104932,0.017301
2024-11-21 15:00:00,3544.514928,0.023860,0.110950,0.000231
2024-11-21 16:00:00,3651.619337,0.023437,0.091336,0.000254
2024-11-21 17:00:00,3520.012436,0.017047,0.094558,0.000218
2024-11-21 18:00:00,3374.166321,0.012760,0.074885,0.000176
2024-11-21 19:00:00,3222.025396,0.012207,0.065208,0.000147
2024-11-21 20:00:00,3156.072077,0.015976,0.087358,0.000128
2024-11-21 21:00:00,3034.769615,0.035172,0.067410,0.000124
2024-11-21 22:00:00,2996.757397,0.037574,0.085070,0.000102
2024-11-21 23:00:00,2910.713904,0.035880,0.130629,0.000111
2024-11-22 00:00:00,2955.619456,0.044917,0.191250,0.000104
2024-11-22 01:00:00,2980.193241,0.039142,0.344897,0.000086
2024-11-22 02:00:00,3025.567606,0.045543,0.289099,0.000059
2024-11-22 03:00:00,3010.142978,0.060028,0.268580,0.000062
2024-11-22 04:00:00,3005.508227,0.072121,0.278294,0.000084
2024-11-22 05:00:00,3188.122533,0.071764,0.145787,0.000122
2024-11-22 06:00:00,3536.002679,0.065616,0.062069,0.000137
2024-11-22 07:00:00,3656.009516,0.052223,0.044526,0.006140
2024-11-22 08:00:00,3655.885788,0.062495,0.014164,0.017676
2024-11-22 09:00:00,3641.304403,0.051126,0.019005,0.035338
2024-11-22 10:00:00,3647.407750,0.055471,0.107269,0.048878
2024-11-22 11:00:00,3588.607268,0.049520,0.216612,0.052852
2024-11-22 12:00:00,3557.225851,0.042637,0.383487,0.055398
2024-11-22 13:00:00,3508.334548,0.099639,0.557725,0.040952
2024-11-22 14:00:00,3461.939702,0.217396,0.685231,0.011679
2024-11-22 15:00:00,3567.130071,0.267191,0.693581,0.000153
2024-11-22 16:00:00,3694.768155,0.270582,0.687695,0.000170
2024-11-22 17:00:00,3492.972863,0.227010,0.702416,0.000139
2024-11-22 18:00:00,3275.935782,0.197623,0.662148,0.000112
2024-11-22 19:00:00,3133.332854,0.234962,0.669521,0.000086
2024-11-22 20:00:00,3036.571371,0.298296,0.614010,0.000069
2024-11-22 21:00:00,3043.953269,0.350966,0.713244,0.000065
2024-11-22 22:00:00,3117.543081,0.417328,0.834540,0.000065
2024-11-22 23:00:00,3246.064760,0.472036,0.858473,0.000060
2024-11-23 00:00:00,3302.840624,0.497213,0.787461,0.000061
2024-11-23 01:00:00,3305.876673,0.507611,0.767278,0.000057
2024-11-23 02:00:00,3314.615723,0.502201,0.778015,0.000057
2024-11-23 03:00:00,3231.448144,0.499094,0.572687,0.000060
2024-11-23 04:00:00,3138.570031,0.475940,0.465849,0.000085
2024-11-23 05:00:00,3160.503192,0.409723,0.508318,0.000103
2024-11-23 06:00:00,3116.104284,0.319762,0.521101,0.000153
2024-11-23 07:00:00,3153.059443,0.260205,0.408710,0.007987
2024-11-23 08:00:00,3278.756758,0.201919,0.381787,0.035137
2024-11-23 09:00:00,3281.985379,0.173810,0.381326,0.072767
2024-11-23 10:00:00,3221.162288,0.169835,0.335222,0.109292
2024-11-23 11:00:00,3253.973348,0.172495,0.367352,0.113891
2024-11-23 12:00:00,3175.545417,0.180067,0.456377,0.090666
2024-11-23 13:00:00,3133.546353,0.207687,0.555934,0.053980
2024-11-23 14:00:00,3173.529651,0.279782,0.611860,0.012879
2024-11-23 15:00:00,3453.297802,0.349599,0.773755,0.000139
2024-11-23 16:00:00,3594.574238,0.423882,0.783248,0.000214
2024-11-23 17:00:00,3566.193894,0.487589,0.804617,0.000179
2024-11-23 18:00:00,3364.806121,0.531219,0.913049,0.000131
2024-11-23 19:00:00,3266.905246,0.549759,0.914687,0.000117
2024-11-23 20:00:00,3316.665011,0.565194,0.939217,0.000102
2024-11-23 21:00:00,3306.398990,0.603049,0.942301,0.000089
2024-11-23 22:00:00,3318.806700,0.626035,0.926388,0.000092
2024-11-23 23:00:00,3392.506817,0.630461,0.627621,0.000084
2024-11-24 00:00:00,3448.501966,0.617966,0.790761,0.000083
2024-11-24 01:00:00,3481.711177,0.596637,0.606727,0.000078
2024-11-24 02:00:00,3492.682011,0.605275,0.615735,0.000080
2024-11-24 03:00:00,3418.521330,0.631112,0.623264,0.000088
2024-11-24 04:00:00,3326.094683,0.635698,0.633075,0.000101
2024-11-24 05:00:00,3327.920542,0.627691,0.628070,0.000116
2024-11-24 06:00:00,3439.800846,0.657174,0.930857,0.000116
2024-11-24 07:00:00,3543.044085,0.677483,0.926780,0.000144
2024-11-24 08:00:00,3596.831281,0.763801,0.897706,0.005800
2024-11-24 09:00:00,3754.822872,0.789774,0.886701,0.018917
2024-11-24 10:00:00,3796.813708,0.829373,0.892648,0.052209
2024-11-24 11:00:00,3946.965492,0.846385,0.948945,0.102746
2024-11-24 12:00:00,3814.798077,0.859402,0.944403,0.076997
2024-11-24 13:00:00,3805.918364,0.879546,0.936885,0.047641
2024-11-24 14:00:00,3669.110852,0.939060,0.921736,0.015665
2024-11-24 15:00:00,3515.880253,0.954602,0.943828,0.000164
2024-11-24 16:00:00,3717.769290,0.963076,0.943384,0.000234
2024-11-24 17:00:00,3562.068833,0.964123,0.938626,0.000230
2024-11-24 18:00:00,3489.781509,0.959698,0.935785,0.000195
2024-11-24 19:00:00,3505.159381,0.943104,0.925237,0.000156
2024-11-24 20:00:00,3441.394093,0.936473,0.922513,0.000117
2024-11-24 21:00:00,3256.560893,0.948660,0.913416,0.000111
2024-11-24 22:00:00,3263.247309,0.905684,0.594076,0.000115
2024-11-24 23:00:00,3265.810705,0.800159,0.357024,0.000137
2024-11-25 00:00:00,3230.513530,0.823532,0.346505,0.000108
2024-11-25 01:00:00,3166.323514,0.768397,0.332541,0.000128
2024-11-25 02:00:00,3207.443028,0.743207,0.326473,0.000102
2024-11-25 03:00:00,3020.734201,0.756349,0.341634,0.000119
2024-11-25 04:00:00,3154.731451,0.759953,0.349081,0.000136
2024-11-25 05:00:00,3347.867164,0.888763,0.573694,0.000149
2024-11-25 06:00:00,3455.009452,0.888941,0.927011,0.000185
2024-11-25 07:00:00,3503.052500,0.853619,0.937967,0.005152
2024-11-25 08:00:00,3616.495447,0.826933,0.943054,0.012408
2024-11-25 09:00:00,3678.574165,0.804837,0.938316,0.029568
2024-11-25 10:00:00,3683.115895,0.790261,0.944409,0.056445
2024-11-25 11:00:00,3697.936410,0.746097,0.930928,0.062963
2024-11-25 12:00:00,3721.732406,0.730841,0.899669,0.049407
2024-11-25 13:00:00,3600.435777,0.687807,0.912464,0.024280
2024-11-25 14:00:00,3508.488978,0.620057,0.872999,0.009488
2024-11-25 15:00:00,3571.282485,0.609844,0.836922,0.000117
2024-11-25 16:00:00,3735.447654,0.645490,0.828674,0.000206
2024-11-25 17:00:00,3611.746755,0.674386,0.851559,0.000159
2024-11-25 18:00:00,3410.505165,0.722381,0.855659,0.000126
2024-11-25 19:00:00,3312.283309,0.723767,0.882506,0.000104
2024-11-25 20:00:00,3281.974234,0.705534,0.871486,0.000094
2024-11-25 21:00:00,3191.698112,0.703066,0.831948,0.000090
2024-11-25 22:00:00,3087.791406,0.697825,0.844785,0.000099
2024-11-25 23:00:00,2988.269163,0.718898,0.883724,0.000070
2024-11-26 00:00:00,3072.190033,0.736194,0.880483,0.000070
2024-11-26 01:00:00,2891.654022,0.754952,0.941424,0.000074
2024-11-26 02:00:00,3017.616121,0.772885,0.935361,0.000076
2024-11-26 03:00:00,2821.433449,0.784178,0.941141,0.000092
2024-11-26 04:00:00,3013.584473,0.800397,0.923563,0.000107
2024-11-26 05:00:00,3203.713404,0.818832,0.937635,0.000135
2024-11-26 06:00:00,3519.064484,0.804341,0.889621,0.000175
2024-11-26 07:00:00,3613.899275,0.786997,0.890108,0.015449
2024-11-26 08:00:00,3610.469098,0.782469,0.876721,0.078127
2024-11-26 09:00:00,3755.367521,0.807703,0.819732,0.137970
2024-11-26 10:00:00,3690.420493,0.820094,0.854343,0.173711
2024-11-26 11:00:00,3700.676129,0.804245,0.836270,0.169337
2024-11-26 12:00:00,3624.556210,0.782523,0.858790,0.152763
2024-11-26 13:00:00,3632.707683,0.729098,0.858684,0.086761
2024-11-26 14:00:00,3475.858924,0.660930,0.872252,0.021175
2024-11-26 15:00:00,3503.135080,0.572579,0.925436,0.000263
2024-11-26 16:00:00,3592.420430,0.498676,0.901142,0.000274
2024-11-26 17:00:00,3411.556870,0.447818,0.824920,0.000227
2024-11-26 18:00:00,3256.946463,0.410964,0.818099,0.000166
2024-11-26 19:00:00,3215.272036,0.412809,0.773850,0.000135
2024-11-26 20:00:00,3179.041417,0.421785,0.735863,0.000091
2024-11-26 21:00:00,3182.067177,0.430707,0.726718,0.000090
2024-11-26 22:00:00,2922.761031,0.393068,0.748918,0.000085
2024-11-26 23:00:00,2691.186650,0.348079,0.715922,0.000097
2024-11-27 00:00:00,2616.288850,0.333960,0.685874,0.000078
2024-11-27 01:00:00,2551.531162,0.337000,0.618803,0.000054
2024-11-27 02:00:00,2528.859632,0.344282,0.587247,0.000063
2024-11-27 03:00:00,2495.989543,0.333626,0.524581,0.000071
2024-11-27 04:00:00,2609.274537,0.305521,0.403676,0.000092
2024-11-27 05:00:00,2923.567767,0.267736,0.308037,0.000107
2024-11-27 06:00:00,3260.309426,0.209053,0.227705,0.000136
2024-11-27 07:00:00,3373.220886,0.152472,0.231754,0.008100
2024-11-27 08:00:00,3351.491221,0.106399,0.189235,0.077176
2024-11-27 09:00:00,3419.365063,0.072157,0.165752,0.169140
2024-11-27 10:00:00,3339.486061,0.039147,0.127060,0.193825
2024-11-27 11:00:00,3338.651228,0.028745,0.088459,0.152823
2024-11-27 12:00:00,3350.063913,0.018885,0.082779,0.093612
2024-11-27 13:00:00,3322.628193,0.015308,0.110308,0.031341
2024-11-27 14:00:00,3293.694817,0.024547,0.140852,0.004186
2024-11-27 15:00:00,3369.624245,0.046825,0.166200,0.000139
2024-11-27 16:00:00,3451.172793,0.105005,0.296767,0.000189
2024-11-27 17:00:00,3403.053316,0.181096,0.450489,0.000183
2024-11-27 18:00:00,3219.875328,0.253188,0.501727,0.000171
2024-11-27 19:00:00,3168.302951,0.329238,0.584683,0.000157
2024-11-27 20:00:00,3160.529972,0.400527,0.650684,0.000129
2024-11-27 21:00:00,3085.614452,0.468912,0.706869,0.000122
2024-11-27 22:00:00,3086.736495,0.518085,0.795105,0.000120
2024-11-27 23:00:00,3158.460631,0.577282,0.816849,0.000120
2024-11-28 00:00:00,3243.711055,0.605793,0.841823,0.000124
2024-11-28 01:00:00,3290.235392,0.630800,0.892736,0.000128
2024-11-28 02:00:00,3258.480412,0.644299,0.884820,0.000129
2024-11-28 03:00:00,3000.011831,0.614679,0.897250,0.000124
2024-11-28 04:00:00,3053.720764,0.568094,0.911742,0.000142
2024-11-28 05:00:00,3228.114565,0.524217,0.929378,0.000133
2024-11-28 06:00:00,3423.494674,0.509643,0.939500,0.000173
2024-11-28 07:00:00,3441.366800,0.494341,0.944385,0.002939
2024-11-28 08:00:00,3554.149289,0.468194,0.934308,0.030140
2024-11-28 09:00:00,3616.515202,0.434649,0.925017,0.088533
2024-11-28 10:00:00,3571.061073,0.396405,0.885565,0.118786
2024-11-28 11:00:00,3534.332742,0.348945,0.792952,0.108027
2024-11-28 12:00:00,3521.792486,0.307127,0.672195,0.078510
2024-11-28 13:00:00,3503.950793,0.249223,0.633156,0.046156
2024-11-28 14:00:00,3447.968363,0.207002,0.573013,0.009204
2024-11-28 15:00:00,3378.598731,0.150669,0.472079,0.000181
2024-11-28 16:00:00,3462.414669,0.097698,0.304788,0.000231
2024-11-28 17:00:00,3342.449856,0.065701,0.174197,0.000221
2024-11-28 18:00:00,3142.409336,0.051201,0.100272,0.000198
2024-11-28 19:00:00,2972.929578,0.047327,0.087945,0.000171
2024-11-28 20:00:00,2877.359190,0.028035,0.062397,0.000140
2024-11-28 21:00:00,2801.166822,0.014975,0.037804,0.000117
2024-11-28 22:00:00,2734.370882,0.006497,0.023422,0.000122
2024-11-28 23:00:00,2740.861757,0.008776,0.012852,0.000120
2024-11-29 00:00:00,2772.775606,0.024455,0.016975,0.000103
2024-11-29 01:00:00,2765.355863,0.027409,0.033968,0.000097
2024-11-29 02:00:00,2693.153030,0.043430,0.070085,0.000110
2024-11-29 03:00:00,2610.502197,0.080268,0.130013,0.000108
2024-11-29 04:00:00,2675.306393,0.138700,0.182508,0.000128
2024-11-29 05:00:00,2989.151318,0.195573,0.228627,0.000135
2024-11-29 06:00:00,3335.335221,0.240797,0.247421,0.000146
2024-11-29 07:00:00,3461.417188,0.264661,0.291777,0.005381
2024-11-29 08:00:00,3485.547146,0.278492,0.368028,0.056582
2024-11-29 09:00:00,3532.565173,0.282259,0.511178,0.117028
2024-11-29 10:00:00,3515.554260,0.282908,0.605790,0.151435
2024-11-29 11:00:00,3407.507330,0.281187,0.646395,0.135189
2024-11-29 12:00:00,3355.523743,0.299388,0.744859,0.093512
2024-11-29 13:00:00,3286.696463,0.335557,0.831006,0.051980
2024-11-29 14:00:00,3250.385429,0.349551,0.862522,0.012513
2024-11-29 15:00:00,3303.781101,0.347161,0.853112,0.000127
2024-11-29 16:00:00,3433.220497,0.365224,0.845842,0.000203
2024-11-29 17:00:00,3303.470492,0.387410,0.861650,0.000178
2024-11-29 18:00:00,3101.505928,0.410436,0.894727,0.000145
2024-11-29 19:00:00,2912.075101,0.410806,0.917751,0.000115
2024-11-29 20:00:00,2965.823153,0.407963,0.893157,0.000094
2024-11-29 21:00:00,2674.717752,0.421986,0.878208,0.000099
2024-11-29 22:00:00,2604.688625,0.446891,0.891493,0.000097
2024-11-29 23:00:00,2722.131983,0.456373,0.928335,0.000090
2024-11-30 00:00:00,2934.704862,0.483749,0.938931,0.000078
2024-11-30 01:00:00,2951.614825,0.495941,0.941904,0.000065
2024-11-30 02:00:00,3038.767566,0.505862,0.945289,0.000065
2024-11-30 03:00:00,3071.908178,0.505473,0.940402,0.000065
2024-11-30 04:00:00,3090.987675,0.527015,0.934308,0.000077
2024-11-30 05:00:00,3085.146799,0.552221,0.935892,0.000105
2024-11-30 06:00:00,3136.345569,0.560140,0.945839,0.000123
2024-11-30 07:00:00,3221.402082,0.537758,0.952952,0.004994
2024-11-30 08:00:00,3403.544449,0.531264,0.949038,0.067367
2024-11-30 09:00:00,3465.312443,0.521024,0.943650,0.149496
2024-11-30 10:00:00,3429.158170,0.508609,0.944180,0.172872
2024-11-30 11:00:00,3425.530696,0.497525,0.926101,0.140412
2024-11-30 12:00:00,3213.868174,0.488615,0.921685,0.102057
2024-11-30 13:00:00,3009.864545,0.464501,0.858232,0.048503
2024-11-30 14:00:00,3017.267068,0.429107,0.828220,0.009699
2024-11-30 15:00:00,3093.874985,0.404221,0.840812,0.000160
2024-11-30 16:00:00,3174.223556,0.416206,0.785719,0.000204
2024-11-30 17:00:00,3109.984438,0.379756,0.791184,0.000184
2024-11-30 18:00:00,3023.838476,0.358898,0.786069,0.000141
2024-11-30 19:00:00,2756.898530,0.352611,0.648259,0.000125
2024-11-30 20:00:00,2629.249498,0.321549,0.607465,0.000089
2024-11-30 21:00:00,2583.773330,0.275658,0.604583,0.000079
2024-11-30 22:00:00,2435.164200,0.267967,0.609886,0.000071
2024-11-30 23:00:00,2480.502534,0.285243,0.623780,0.000076
2024-12-01 00:00:00,2438.065219,0.270592,0.574793,0.000074
2024-12-01 01:00:00,2425.292600,0.260713,0.497922,0.000066
2024-12-01 02:00:00,2450.881205,0.250262,0.512447,0.000062
2024-12-01 03:00:00,2402.665252,0.235113,0.558109,0.000051
2024-12-01 04:00:00,2368.143561,0.227932,0.542334,0.000057
2024-12-01 05:00:00,2395.137219,0.227917,0.495078,0.000084
2024-12-01 06:00:00,2555.669661,0.220224,0.501305,0.000089
2024-12-01 07:00:00,2625.257545,0.226758,0.517163,0.000849
2024-12-01 08:00:00,2803.271798,0.233204,0.553331,0.014477
2024-12-01 09:00:00,2822.989710,0.221672,0.583842,0.037829
2024-12-01 10:00:00,2856.606261,0.193149,0.577869,0.058005
2024-12-01 11:00:00,2882.210657,0.210663,0.595578,0.063296
2024-12-01 12:00:00,2984.761209,0.231810,0.643429,0.083274
2024-12-01 13:00:00,2831.706133,0.248680,0.660181,0.054499
2024-12-01 14:00:00,2830.261591,0.289947,0.670157,0.011901
2024-12-01 15:00:00,3029.290668,0.345314,0.775066,0.000130
2024-12-01 16:00:00,3373.995776,0.414686,0.827733,0.000157
2024-12-01 17:00:00,3302.007021,0.471400,0.883975,0.000146
2024-12-01 18:00:00,3126.814197,0.518899,0.904516,0.000131
2024-12-01 19:00:00,3062.212297,0.533918,0.887383,0.000092
2024-12-01 20:00:00,3098.531244,0.508984,0.900228,0.000087
2024-12-01 21:00:00,3039.464660,0.479424,0.907000,0.000070
2024-12-01 22:00:00,2875.299964,0.430147,0.902189,0.000079
2024-12-01 23:00:00,3287.450162,0.414099,0.910916,0.000065
2024-12-02 00:00:00,3253.977223,0.409280,0.915755,0.000066
2024-12-02 01:00:00,3166.389456,0.439106,0.893882,0.000069
2024-12-02 02:00:00,3043.860485,0.442302,0.834380,0.000068
2024-12-02 03:00:00,2842.971274,0.410271,0.760422,0.000077
2024-12-02 04:00:00,2929.949354,0.380271,0.826649,0.000070
2024-12-02 05:00:00,3115.012654,0.371163,0.862695,0.000093
2024-12-02 06:00:00,3401.279053,0.384947,0.893455,0.000167
2024-12-02 07:00:00,3490.510918,0.429234,0.912251,0.000863
2024-12-02 08:00:00,3562.648271,0.464694,0.903265,0.009764
2024-12-02 09:00:00,3697.118632,0.484836,0.872142,0.021421
2024-12-02 10:00:00,3614.773426,0.479533,0.767875,0.034588
2024-12-02 11:00:00,3552.352804,0.466002,0.742612,0.041939
2024-12-02 12:00:00,3482.773019,0.439175,0.805848,0.034881
2024-12-02 13:00:00,3394.970636,0.408609,0.798137,0.019549
2024-12-02 14:00:00,3425.986499,0.374236,0.721043,0.004828
2024-12-02 15:00:00,3445.827733,0.335386,0.643130,0.000096
2024-12-02 16:00:00,3513.781821,0.316794,0.580907,0.000165
2024-12-02 17:00:00,3345.771371,0.299983,0.508054,0.000141
2024-12-02 18:00:00,3123.211478,0.283941,0.502067,0.000100
2024-12-02 19:00:00,2953.078389,0.250947,0.558649,0.000074
2024-12-02 20:00:00,2855.762961,0.241661,0.638005,0.000070
2024-12-02 21:00:00,2817.277264,0.244541,0.711029,0.000082
2024-12-02 22:00:00,2736.613495,0.246871,0.765624,0.000071
2024-12-02 23:00:00,2704.384884,0.251330,0.744064,0.000074
2024-12-03 00:00:00,2717.764934,0.241736,0.768980,0.000063
2024-12-03 01:00:00,2671.890626,0.223182,0.737850,0.000062
2024-12-03 02:00:00,2619.821797,0.236519,0.612970,0.000057
2024-12-03 03:00:00,2573.129135,0.242707,0.606137,0.000075
2024-12-03 04:00:00,2570.910453,0.298773,0.610080,0.000074
2024-12-03 05:00:00,2917.956384,0.361292,0.561535,0.000114
2024-12-03 06:00:00,3332.838590,0.455748,0.562378,0.000188
2024-12-03 07:00:00,3481.451113,0.486106,0.582283,0.001794
2024-12-03 08:00:00,3576.755684,0.517039,0.641776,0.021902
2024-12-03 09:00:00,3685.913451,0.544658,0.739509,0.063626
2024-12-03 10:00:00,3740.450436,0.589885,0.841240,0.088226
2024-12-03 11:00:00,3698.365509,0.640390,0.790568,0.103072
2024-12-03 12:00:00,3704.828021,0.652476,0.766092,0.080152
2024-12-03 13:00:00,3615.588439,0.639410,0.741666,0.043393
2024-12-03 14:00:00,3512.507079,0.620451,0.738783,0.010541
2024-12-03 15:00:00,3550.752351,0.596053,0.824413,0.000163
2024-12-03 16:00:00,3633.010636,0.560766,0.923227,0.000205
2024-12-03 17:00:00,3448.339274,0.513694,0.930688,0.000161
2024-12-03 18:00:00,3254.210898,0.457794,0.907807,0.000119
2024-12-03 19:00:00,3130.779820,0.381835,0.806771,0.000098
2024-12-03 20:00:00,3027.357433,0.343871,0.723077,0.000088
2024-12-03 21:00:00,2971.843573,0.329848,0.665578,0.000089
2024-12-03 22:00:00,2870.654474,0.290060,0.652056,0.000064
2024-12-03 23:00:00,2897.382305,0.273463,0.633718,0.000067
2024-12-04 00:00:00,2879.245583,0.241993,0.624566,0.000070
2024-12-04 01:00:00,2836.091123,0.219726,0.590917,0.000055
2024-12-04 02:00:00,2846.809060,0.203128,0.593125,0.000044
2024-12-04 03:00:00,2822.612122,0.199877,0.528151,0.000056
2024-12-04 04:00:00,2748.938123,0.195942,0.391031,0.000067
2024-12-04 05:00:00,3138.108910,0.179043,0.311945,0.000126
2024-12-04 06:00:00,3346.866612,0.154951,0.301338,0.000138
2024-12-04 07:00:00,3430.745234,0.135546,0.299494,0.004869
2024-12-04 08:00:00,3508.982440,0.123198,0.331189,0.013848
2024-12-04 09:00:00,3557.546884,0.114369,0.330155,0.035312
2024-12-04 10:00:00,3545.766321,0.113636,0.326079,0.055017
2024-12-04 11:00:00,3494.283883,0.103950,0.296133,0.057744
2024-12-04 12:00:00,3461.246389,0.084403,0.204398,0.047011
2024-12-04 13:00:00,3426.307859,0.073986,0.196022,0.028720
2024-12-04 14:00:00,3359.899400,0.071989,0.222912,0.008256
2024-12-04 15:00:00,3505.467981,0.085450,0.234308,0.000156
2024-12-04 16:00:00,3541.523940,0.102304,0.230052,0.000231
2024-12-04 17:00:00,3424.926861,0.109431,0.255553,0.000170
2024-12-04 18:00:00,3221.045485,0.104811,0.267750,0.000139
2024-12-04 19:00:00,3079.632003,0.114591,0.308774,0.000116
2024-12-04 20:00:00,3004.231097,0.158294,0.320270,0.000120
2024-12-04 21:00:00,2895.827390,0.171361,0.348346,0.000119
2024-12-04 22:00:00,2756.119395,0.162765,0.410358,0.000120
2024-12-04 23:00:00,2792.334089,0.147698,0.446722,0.000109
2024-12-05 00:00:00,2767.190996,0.172797,0.527357,0.000111
2024-12-05 01:00:00,2787.729161,0.205521,0.612839,0.000105
2024-12-05 02:00:00,2807.498828,0.241883,0.643921,0.000103
2024-12-05 03:00:00,2818.058029,0.263859,0.685142,0.000111
2024-12-05 04:00:00,2944.823193,0.296103,0.730042,0.000126
2024-12-05 05:00:00,3146.263056,0.352344,0.744442,0.000147
2024-12-05 06:00:00,3366.082971,0.378706,0.764488,0.000353
2024-12-05 07:00:00,3525.553933,0.442108,0.785710,0.008098
2024-12-05 08:00:00,3591.857106,0.542519,0.838724,0.027343
2024-12-05 09:00:00,3633.802052,0.627033,0.872965,0.057848
2024-12-05 10:00:00,3689.231511,0.701860,0.918949,0.070157
2024-12-05 11:00:00,3680.787213,0.756362,0.949513,0.071111
2024-12-05 12:00:00,3703.940804,0.795973,0.917332,0.054979
2024-12-05 13:00:00,3789.497124,0.841999,0.936491,0.032535
2024-12-05 14:00:00,3766.166967,0.881502,0.954547,0.007932
2024-12-05 15:00:00,3848.815748,0.878178,0.957321,0.000167
2024-12-05 16:00:00,3979.683778,0.878929,0.955588,0.000230
2024-12-05 17:00:00,3998.120235,0.891146,0.942790,0.000227
2024-12-05 18:00:00,3768.669113,0.878555,0.948001,0.000180
2024-12-05 19:00:00,3744.422372,0.855109,0.950904,0.000152
2024-12-05 20:00:00,3695.985041,0.826047,0.944493,0.000131
2024-12-05 21:00:00,3727.432796,0.712868,0.949126,0.000116
2024-12-05 22:00:00,3607.488954,0.700909,0.940799,0.000095
2024-12-05 23:00:00,3608.163659,0.648978,0.953079,0.000083
2024-12-06 00:00:00,3805.646658,0.602273,0.951891,0.000073
2024-12-06 01:00:00,3767.610904,0.611987,0.931331,0.000074
2024-12-06 02:00:00,3636.755740,0.618504,0.920113,0.000079
2024-12-06 03:00:00,3609.656048,0.611912,0.891588,0.000085
2024-12-06 04:00:00,3532.580238,0.569353,0.886029,0.000095
2024-12-06 05:00:00,3280.025730,0.485129,0.895854,0.000112
2024-12-06 06:00:00,3440.743846,0.405651,0.805454,0.000127
2024-12-06 07:00:00,3476.661675,0.330160,0.658297,0.000308
2024-12-06 08:00:00,3507.289558,0.255631,0.535692,0.014810
2024-12-06 09:00:00,3564.534298,0.178440,0.450564,0.031889
2024-12-06 10:00:00,3550.972612,0.131790,0.431642,0.046807
2024-12-06 11:00:00,3478.185557,0.102020,0.417783,0.044728
2024-12-06 12:00:00,3364.509137,0.095088,0.329736,0.037891
2024-12-06 13:00:00,3252.950687,0.061497,0.262608,0.019202
2024-12-06 14:00:00,3226.085630,0.046543,0.226624,0.006980
2024-12-06 15:00:00,3275.632718,0.041646,0.180664,0.000118
2024-12-06 16:00:00,3336.685477,0.037864,0.147853,0.000164
2024-12-06 17:00:00,3201.259901,0.029892,0.083068,0.000160
2024-12-06 18:00:00,3035.579175,0.031321,0.033176,0.000154
2024-12-06 19:00:00,2888.639940,0.022521,0.036718,0.000135
2024-12-06 20:00:00,2774.332069,0.011409,0.072294,0.000102
2024-12-06 21:00:00,2687.175468,0.004720,0.050926,0.000108
2024-12-06 22:00:00,2532.657110,0.007211,0.043534,0.000111
2024-12-06 23:00:00,2545.496719,0.012159,0.072158,0.000087
2024-12-07 00:00:00,2531.399828,0.028083,0.129617,0.000063
2024-12-07 01:00:00,2599.731899,0.040989,0.245040,0.000042
2024-12-07 02:00:00,2755.421589,0.073477,0.402872,0.000041
2024-12-07 03:00:00,2915.096505,0.126948,0.642495,0.000048
2024-12-07 04:00:00,2900.382551,0.198886,0.730757,0.000070
2024-12-07 05:00:00,3054.700644,0.300314,0.808801,0.000090
2024-12-07 06:00:00,3155.880358,0.374611,0.863824,0.000095
2024-12-07 07:00:00,3146.967549,0.412169,0.888225,0.000229
2024-12-07 08:00:00,3261.968463,0.460602,0.918496,0.007953
2024-12-07 09:00:00,3340.802193,0.466920,0.921862,0.023720
2024-12-07 10:00:00,3389.516688,0.481331,0.917704,0.035482
2024-12-07 11:00:00,3545.820837,0.529955,0.922741,0.032062
2024-12-07 12:00:00,3367.610152,0.508074,0.924434,0.030198
2024-12-07 13:00:00,3371.029423,0.478980,0.935257,0.015110
2024-12-07 14:00:00,3448.549881,0.489166,0.925712,0.005416
2024-12-07 15:00:00,3483.159366,0.506518,0.910290,0.000141
2024-12-07 16:00:00,3395.660407,0.485763,0.900198,0.000165
2024-12-07 17:00:00,3335.414208,0.452311,0.863252,0.000129
2024-12-07 18:00:00,2957.692385,0.377477,0.787605,0.000111
2024-12-07 19:00:00,2847.991431,0.342011,0.707384,0.000092
2024-12-07 20:00:00,2764.455615,0.353956,0.735269,0.000074
2024-12-07 21:00:00,2637.511629,0.363941,0.739088,0.000071
2024-12-07 22:00:00,2637.701806,0.371361,0.682022,0.000065
2024-12-07 23:00:00,2883.840887,0.357258,0.614559,0.000050
2024-12-08 00:00:00,2884.036947,0.355307,0.622917,0.000047
2024-12-08 01:00:00,2806.187644,0.346237,0.683623,0.000045
2024-12-08 02:00:00,2841.364611,0.363576,0.714615,0.000050
2024-12-08 03:00:00,2903.007219,0.400066,0.756344,0.000054
2024-12-08 04:00:00,2814.684494,0.410762,0.786415,0.000065
2024-12-08 05:00:00,2805.933515,0.418096,0.807582,0.000089
2024-12-08 06:00:00,2993.700001,0.409482,0.843500,0.000119
2024-12-08 07:00:00,3077.716843,0.425675,0.856351,0.000203
2024-12-08 08:00:00,3003.489810,0.431894,0.851004,0.008216
2024-12-08 09:00:00,2988.354461,0.454918,0.842978,0.026987
2024-12-08 10:00:00,2993.320780,0.483957,0.850684,0.049539
2024-12-08 11:00:00,3082.455918,0.498710,0.873949,0.067242
2024-12-08 12:00:00,3026.651175,0.479005,0.856811,0.045815
2024-12-08 13:00:00,2984.074952,0.450285,0.855245,0.025671
2024-12-08 14:00:00,3066.051920,0.442157,0.872529,0.006382
2024-12-08 15:00:00,3298.941857,0.460017,0.869719,0.000115
2024-12-08 16:00:00,3459.606983,0.496066,0.856034,0.000173
2024-12-08 17:00:00,3325.537367,0.548766,0.888258,0.000127
2024-12-08 18:00:00,3254.599400,0.557667,0.921273,0.000108
2024-12-08 19:00:00,3186.140275,0.549590,0.931600,0.000087
2024-12-08 20:00:00,3117.656676,0.526146,0.918329,0.000072
2024-12-08 21:00:00,3175.177794,0.530265,0.918159,0.000067
2024-12-08 22:00:00,3154.389974,0.564136,0.930550,0.000068
2024-12-08 23:00:00,3204.293078,0.598023,0.901297,0.000057
2024-12-09 00:00:00,3141.341829,0.626769,0.932137,0.000053
2024-12-09 01:00:00,3268.367690,0.636855,0.935623,0.000049
2024-12-09 02:00:00,3328.329459,0.640251,0.935967,0.000059
2024-12-09 03:00:00,3312.798913,0.646299,0.922074,0.000061
2024-12-09 04:00:00,3389.314466,0.662591,0.945080,0.000076
2024-12-09 05:00:00,3594.682279,0.676439,0.947147,0.000106
2024-12-09 06:00:00,3688.709243,0.689359,0.950506,0.000144
2024-12-09 07:00:00,3758.346478,0.674072,0.955006,0.006671
2024-12-09 08:00:00,3973.573339,0.655653,0.949805,0.023705
2024-12-09 09:00:00,3874.491445,0.619689,0.951538,0.052680
2024-12-09 10:00:00,3797.031771,0.608160,0.940575,0.079151
2024-12-09 11:00:00,3745.862502,0.571711,0.890436,0.080725
2024-12-09 12:00:00,3680.040052,0.520306,0.837120,0.059359
2024-12-09 13:00:00,3723.892092,0.468667,0.759267,0.037961
2024-12-09 14:00:00,3543.143948,0.433288,0.720394,0.008778
2024-12-09 15:00:00,3593.506782,0.418703,0.717415,0.000117
2024-12-09 16:00:00,3753.488120,0.409847,0.704221,0.000172
2024-12-09 17:00:00,3516.175048,0.387421,0.694158,0.000155
2024-12-09 18:00:00,3404.170534,0.356350,0.675598,0.000115
2024-12-09 19:00:00,3253.714815,0.327872,0.591183,0.000089
2024-12-09 20:00:00,3057.546120,0.286528,0.509304,0.000076
2024-12-09 21:00:00,2986.200703,0.237627,0.428364,0.000070
2024-12-09 22:00:00,2886.898910,0.189039,0.334907,0.000063
2024-12-09 23:00:00,3027.377575,0.165866,0.282245,0.000049
2024-12-10 00:00:00,2934.752716,0.143063,0.239346,0.000053
2024-12-10 01:00:00,2803.661129,0.122742,0.217782,0.000055
2024-12-10 02:00:00,2744.847043,0.104236,0.217767,0.000052
2024-12-10 03:00:00,2636.879035,0.088569,0.209060,0.000060
2024-12-10 04:00:00,2651.870810,0.072165,0.168982,0.000062
2024-12-10 05:00:00,3014.970719,0.056538,0.105130,0.000097
2024-12-10 06:00:00,3363.471737,0.039452,0.069885,0.000116
2024-12-10 07:00:00,3527.517411,0.027720,0.037150,0.000338
2024-12-10 08:00:00,3545.097116,0.017632,0.022011,0.015914
2024-12-10 09:00:00,3566.129221,0.011681,0.019833,0.034356
2024-12-10 10:00:00,3532.114448,0.007525,0.013284,0.053040
2024-12-10 11:00:00,3501.336905,0.005945,0.008242,0.057894
2024-12-10 12:00:00,3471.484120,0.005198,0.005837,0.048290
2024-12-10 13:00:00,3451.437891,0.007689,0.014281,0.026974
2024-12-10 14:00:00,3428.454634,0.010767,0.029661,0.004729
2024-12-10 15:00:00,3532.501742,0.014441,0.016768,0.000128
2024-12-10 16:00:00,3619.275067,0.016531,0.009126,0.000179
2024-12-10 17:00:00,3465.172020,0.024643,0.012054,0.000130
2024-12-10 18:00:00,3278.569368,0.028889,0.019053,0.000096
2024-12-10 19:00:00,3139.630384,0.034548,0.021469,0.000076
2024-12-10 20:00:00,3030.183797,0.047117,0.026468,0.000070
2024-12-10 21:00:00,2943.731387,0.058494,0.047860,0.000063
2024-12-10 22:00:00,2851.172310,0.069689,0.059331,0.000060
2024-12-10 23:00:00,2918.151784,0.075128,0.085287,0.000057
2024-12-11 00:00:00,2963.187184,0.073721,0.135438,0.000053
2024-12-11 01:00:00,2942.344285,0.079060,0.161314,0.000048
2024-12-11 02:00:00,2825.341034,0.085671,0.168674,0.000057
2024-12-11 03:00:00,2690.693761,0.072367,0.161640,0.000071
2024-12-11 04:00:00,2750.972360,0.050109,0.168891,0.000098
2024-12-11 05:00:00,3010.985101,0.038410,0.145318,0.000132
2024-12-11 06:00:00,3321.076376,0.034522,0.172452,0.000156
2024-12-11 07:00:00,3438.503297,0.034815,0.174411,0.001326
2024-12-11 08:00:00,3463.932206,0.041037,0.190422,0.019433
2024-12-11 09:00:00,3445.867127,0.045212,0.205917,0.061067
2024-12-11 10:00:00,3425.868361,0.048131,0.189642,0.081496
2024-12-11 11:00:00,3338.855121,0.055644,0.138179,0.073427
2024-12-11 12:00:00,3337.163272,0.062910,0.141363,0.059696
2024-12-11 13:00:00,3336.827744,0.071680,0.191261,0.031234
2024-12-11 14:00:00,3256.772605,0.079492,0.247361,0.004714
2024-12-11 15:00:00,3328.482620,0.076008,0.274467,0.000376
2024-12-11 16:00:00,3479.912548,0.088128,0.297737,0.000301
2024-12-11 17:00:00,3268.855957,0.103482,0.233917,0.000187
2024-12-11 18:00:00,3066.946087,0.088867,0.208880,0.000168
2024-12-11 19:00:00,2968.002555,0.058933,0.213072,0.000148
2024-12-11 20:00:00,2897.300352,0.043372,0.152852,0.000132
2024-12-11 21:00:00,2789.364434,0.036061,0.132559,0.000112
2024-12-11 22:00:00,2718.853310,0.032241,0.115458,0.000106
2024-12-11 23:00:00,2817.070152,0.024426,0.066440,0.000086
2024-12-12 00:00:00,2833.757950,0.015742,0.044620,0.000087
2024-12-12 01:00:00,2864.373505,0.011385,0.040745,0.000082
2024-12-12 02:00:00,2767.859023,0.006711,0.033164,0.000080
2024-12-12 03:00:00,2658.832563,0.003855,0.023149,0.000100
2024-12-12 04:00:00,2671.683858,0.002852,0.011169,0.000115
2024-12-12 05:00:00,2960.907369,0.002412,0.007055,0.000117
2024-12-12 06:00:00,3219.351340,0.003710,0.000686,0.000184
2024-12-12 07:00:00,3353.030847,0.006752,0.000020,0.000306
2024-12-12 08:00:00,3329.317624,0.009615,0.001847,0.006410
2024-12-12 09:00:00,3380.165692,0.012325,0.005560,0.023674
2024-12-12 10:00:00,3409.226902,0.010646,0.016695,0.032712
2024-12-12 11:00:00,3337.471461,0.010346,0.018059,0.035857
2024-12-12 12:00:00,3312.345002,0.011205,0.014671,0.029256
2024-12-12 13:00:00,3228.575540,0.010943,0.017779,0.015198
2024-12-12 14:00:00,3172.566772,0.007033,0.019534,0.002065
2024-12-12 15:00:00,3236.369860,0.007522,0.018844,0.000306
2024-12-12 16:00:00,3285.387567,0.006829,0.027024,0.000948
2024-12-12 17:00:00,3154.302433,0.006089,0.031190,0.000486
2024-12-12 18:00:00,3034.359330,0.005146,0.022913,0.000191
2024-12-12 19:00:00,2891.607549,0.005077,0.033148,0.000137
2024-12-12 20:00:00,2856.260000,0.006957,0.035655,0.000098
2024-12-12 21:00:00,2783.937728,0.008637,0.048031,0.000097
2024-12-12 22:00:00,2745.306500,0.008082,0.048663,0.000088
2024-12-12 23:00:00,2754.494035,0.010644,0.063438,0.000075
2024-12-13 00:00:00,2798.774313,0.016194,0.073994,0.000063
2024-12-13 01:00:00,2785.272532,0.022730,0.088535,0.000065
2024-12-13 02:00:00,2775.687305,0.032852,0.109502,0.000056
2024-12-13 03:00:00,2717.409443,0.055125,0.155329,0.000061
2024-12-13 04:00:00,2719.186268,0.089871,0.175977,0.000071
2024-12-13 05:00:00,3058.517041,0.116438,0.216805,0.000103
2024-12-13 06:00:00,3333.672970,0.138732,0.242356,0.000129
2024-12-13 07:00:00,3406.384206,0.173215,0.313015,0.000611
2024-12-13 08:00:00,3395.555868,0.193570,0.475505,0.017245
2024-12-13 09:00:00,3426.014422,0.194057,0.421218,0.045093
2024-12-13 10:00:00,3433.469389,0.220434,0.369876,0.069104
2024-12-13 11:00:00,3374.297167,0.230037,0.301830,0.065063
2024-12-13 12:00:00,3332.331451,0.211357,0.299926,0.050598
2024-12-13 13:00:00,3168.325342,0.193272,0.262837,0.024638
2024-12-13 14:00:00,3145.677696,0.175142,0.253161,0.003302
2024-12-13 15:00:00,3248.064341,0.163242,0.270473,0.000181
2024-12-13 16:00:00,3334.764619,0.162911,0.320669,0.000294
2024-12-13 17:00:00,3227.440987,0.169462,0.333619,0.000184
2024-12-13 18:00:00,3031.865876,0.173277,0.364621,0.000157
2024-12-13 19:00:00,2907.185875,0.180585,0.430274,0.000130
2024-12-13 20:00:00,2892.582377,0.177198,0.472439,0.000119
2024-12-13 21:00:00,2769.698630,0.189218,0.467022,0.000105
2024-12-13 22:00:00,2692.332256,0.179641,0.466317,0.000081
2024-12-13 23:00:00,2610.252310,0.157536,0.387028,0.000071
2024-12-14 00:00:00,2637.450616,0.165563,0.419102,0.000069
2024-12-14 01:00:00,2602.790156,0.195082,0.454334,0.000062
2024-12-14 02:00:00,2586.171104,0.217523,0.533374,0.000060
2024-12-14 03:00:00,2555.125731,0.236078,0.600680,0.000061
2024-12-14 04:00:00,2540.587586,0.243821,0.606120,0.000068
2024-12-14 05:00:00,2597.642357,0.261533,0.632562,0.000080
2024-12-14 06:00:00,2787.266586,0.332194,0.694521,0.000126
2024-12-14 07:00:00,2838.497471,0.382348,0.679972,0.000132
2024-12-14 08:00:00,2939.792328,0.359707,0.658664,0.005282
2024-12-14 09:00:00,3209.117502,0.354821,0.701424,0.026641
2024-12-14 10:00:00,3382.006979,0.358261,0.786261,0.067004
2024-12-14 11:00:00,3420.741673,0.390751,0.794664,0.094130
2024-12-14 12:00:00,3412.048472,0.409038,0.855279,0.080992
2024-12-14 13:00:00,3427.065292,0.456893,0.914424,0.056652
2024-12-14 14:00:00,3350.042079,0.478314,0.933611,0.013414
2024-12-14 15:00:00,3381.660014,0.433195,0.896865,0.000156
2024-12-14 16:00:00,3448.375867,0.413474,0.893693,0.000169
2024-12-14 17:00:00,3530.820297,0.428998,0.900842,0.000143
2024-12-14 18:00:00,3305.296184,0.438449,0.901117,0.000104
2024-12-14 19:00:00,3196.053843,0.439176,0.868524,0.000090
2024-12-14 20:00:00,3202.351356,0.448295,0.779798,0.000076
2024-12-14 21:00:00,3092.568342,0.462621,0.799110,0.000067
2024-12-14 22:00:00,2965.393904,0.433111,0.791416,0.000057
2024-12-14 23:00:00,2936.733853,0.419104,0.798204,0.000057
2024-12-15 00:00:00,3058.984426,0.387978,0.816526,0.000051
2024-12-15 01:00:00,3050.343231,0.370227,0.827402,0.000051
2024-12-15 02:00:00,2907.509232,0.323766,0.786158,0.000062
2024-12-15 03:00:00,2837.538716,0.291352,0.764441,0.000055
2024-12-15 04:00:00,2753.095726,0.260834,0.672087,0.000070
2024-12-15 05:00:00,2762.114641,0.232760,0.501204,0.000085
2024-12-15 06:00:00,2863.700958,0.195779,0.566184,0.000098
2024-12-15 07:00:00,2960.573983,0.221173,0.660405,0.000488
2024-12-15 08:00:00,3114.261202,0.310257,0.834262,0.011201
2024-12-15 09:00:00,3151.490558,0.412757,0.832824,0.028964
2024-12-15 10:00:00,3304.226625,0.547620,0.840714,0.036408
2024-12-15 11:00:00,3341.814810,0.643297,0.906061,0.032296
2024-12-15 12:00:00,3359.510250,0.730970,0.944141,0.025874
2024-12-15 13:00:00,3442.492640,0.814536,0.943006,0.014649
2024-12-15 14:00:00,3420.170750,0.796612,0.950801,0.001704
2024-12-15 15:00:00,3517.498486,0.792993,0.948994,0.000178
2024-12-15 16:00:00,3648.138874,0.811160,0.943910,0.000215
2024-12-15 17:00:00,3589.403523,0.840450,0.948323,0.000162
2024-12-15 18:00:00,3457.519897,0.889342,0.928382,0.000150
2024-12-15 19:00:00,3470.396482,0.940089,0.917972,0.000138
2024-12-15 20:00:00,3420.444366,0.961741,0.931304,0.000132
2024-12-15 21:00:00,3369.362666,0.966221,0.927210,0.000120
2024-12-15 22:00:00,3345.232327,0.938500,0.913777,0.000102
2024-12-15 23:00:00,3563.388865,0.916479,0.596851,0.000189
2024-12-16 00:00:00,3557.401538,0.898438,0.530292,0.000203
2024-12-16 01:00:00,3500.743165,0.894353,0.472243,0.000202
2024-12-16 02:00:00,3432.231916,0.902851,0.500797,0.000193
2024-12-16 03:00:00,3269.637953,0.893741,0.599709,0.000200
2024-12-16 04:00:00,3255.048762,0.868534,0.650095,0.000204
2024-12-16 05:00:00,3535.754692,0.874406,0.899497,0.000204
2024-12-16 06:00:00,3564.650246,0.846571,0.801317,0.000221
2024-12-16 07:00:00,3686.534474,0.810051,0.731054,0.000330
2024-12-16 08:00:00,3783.912449,0.808561,0.679465,0.011929
2024-12-16 09:00:00,3818.115970,0.807331,0.670997,0.042893
2024-12-16 10:00:00,3884.162279,0.787286,0.776336,0.066104
2024-12-16 11:00:00,3869.886415,0.780285,0.839737,0.069943
2024-12-16 12:00:00,3850.046355,0.775678,0.829347,0.050074
2024-12-16 13:00:00,3812.880236,0.773720,0.820382,0.022852
2024-12-16 14:00:00,3683.713011,0.769588,0.795152,0.002318
2024-12-16 15:00:00,3791.049883,0.803865,0.799955,0.000178
2024-12-16 16:00:00,3877.083576,0.814265,0.832136,0.000253
2024-12-16 17:00:00,3735.736442,0.837765,0.902303,0.000231
2024-12-16 18:00:00,3587.222014,0.843991,0.921819,0.000182
2024-12-16 19:00:00,3395.700664,0.800800,0.935106,0.000149
2024-12-16 20:00:00,3365.388543,0.782879,0.931909,0.000128
2024-12-16 21:00:00,3363.695763,0.800451,0.907836,0.000136
2024-12-16 22:00:00,3205.297964,0.807291,0.924462,0.000123
2024-12-16 23:00:00,3274.288205,0.788744,0.967282,0.000111
2024-12-17 00:00:00,3204.846016,0.802314,0.932241,0.000119
2024-12-17 01:00:00,3114.404290,0.760419,0.938336,0.000113
2024-12-17 02:00:00,2965.472917,0.709938,0.927488,0.000105
2024-12-17 03:00:00,2937.982088,0.607157,0.936616,0.000088
2024-12-17 04:00:00,3021.998577,0.522854,0.895230,0.000086
2024-12-17 05:00:00,3111.109547,0.441179,0.885736,0.000124
2024-12-17 06:00:00,3461.879434,0.393517,0.853127,0.000148
2024-12-17 07:00:00,3535.630053,0.313453,0.807903,0.000476
2024-12-17 08:00:00,3539.218741,0.299025,0.747070,0.014743
2024-12-17 09:00:00,3446.892011,0.273252,0.639517,0.056552
2024-12-17 10:00:00,3435.739928,0.260997,0.625293,0.091372
2024-12-17 11:00:00,3420.130474,0.270193,0.667621,0.092225
2024-12-17 12:00:00,3375.264181,0.271215,0.616812,0.066758
2024-12-17 13:00:00,3241.627165,0.228770,0.641890,0.030775
2024-12-17 14:00:00,3200.845776,0.222350,0.647735,0.004132
2024-12-17 15:00:00,3273.033793,0.235358,0.575583,0.000148
2024-12-17 16:00:00,3394.406734,0.250484,0.509849,0.000256
2024-12-17 17:00:00,3258.430550,0.227436,0.551677,0.000188
2024-12-17 18:00:00,3065.632726,0.233513,0.510643,0.000148
2024-12-17 19:00:00,2922.095324,0.250527,0.523163,0.000122
2024-12-17 20:00:00,2831.974672,0.278225,0.519800,0.000100
2024-12-17 21:00:00,2775.832904,0.295763,0.667757,0.000098
2024-12-17 22:00:00,2769.954672,0.321891,0.754869,0.000097
2024-12-17 23:00:00,2996.340913,0.352703,0.760170,0.000085
2024-12-18 00:00:00,2857.392547,0.404036,0.767281,0.000088
2024-12-18 01:00:00,3011.659552,0.471752,0.836301,0.000096
2024-12-18 02:00:00,3133.516382,0.579111,0.937477,0.000113
2024-12-18 03:00:00,3199.780706,0.676483,0.952149,0.000172
2024-12-18 04:00:00,3317.730925,0.739040,0.974664,0.000216
2024-12-18 05:00:00,3506.354699,0.779764,0.962196,0.000260
2024-12-18 06:00:00,3603.023855,0.787376,0.915715,0.000294
2024-12-18 07:00:00,3644.994966,0.814460,0.876762,0.000332
2024-12-18 08:00:00,3706.440445,0.815981,0.874826,0.001668
2024-12-18 09:00:00,3877.185156,0.802523,0.858851,0.008481
2024-12-18 10:00:00,3867.410347,0.816714,0.858807,0.016528
2024-12-18 11:00:00,3846.105515,0.833137,0.853635,0.013137
2024-12-18 12:00:00,3839.683262,0.849364,0.873162,0.011407
2024-12-18 13:00:00,3888.381253,0.861324,0.850922,0.005714
2024-12-18 14:00:00,3839.006769,0.876501,0.852556,0.000615
2024-12-18 15:00:00,3857.892840,0.892866,0.857832,0.000287
2024-12-18 16:00:00,3936.958390,0.913229,0.844295,0.000374
2024-12-18 17:00:00,3904.387846,0.920868,0.960398,0.000288
2024-12-18 18:00:00,3741.752550,0.913431,0.966759,0.000286
2024-12-18 19:00:00,3670.599996,0.872346,0.956704,0.000251
2024-12-18 20:00:00,3646.764371,0.846833,0.957794,0.000219
2024-12-18 21:00:00,3430.403856,0.814058,0.952774,0.000233
2024-12-18 22:00:00,3329.565641,0.778768,0.862502,0.000222
2024-12-18 23:00:00,3385.527756,0.674529,0.711898,0.000176
2024-12-19 00:00:00,3249.571542,0.457456,0.508831,0.000143
2024-12-19 01:00:00,3238.079443,0.254086,0.353238,0.000120
2024-12-19 02:00:00,3345.551212,0.140495,0.251759,0.000102
2024-12-19 03:00:00,3315.241725,0.097189,0.211942,0.000107
2024-12-19 04:00:00,3159.837930,0.080244,0.191976,0.000108
2024-12-19 05:00:00,3211.788971,0.097011,0.104679,0.000145
2024-12-19 06:00:00,3389.937197,0.134838,0.187122,0.000165
2024-12-19 07:00:00,3540.785868,0.210631,0.421051,0.000185
2024-12-19 08:00:00,3388.693256,0.232206,0.389466,0.005581
2024-12-19 09:00:00,3497.314090,0.196418,0.557801,0.036634
2024-12-19 10:00:00,3684.695390,0.221742,0.790259,0.072992
2024-12-19 11:00:00,3814.157447,0.288291,0.716621,0.083464
2024-12-19 12:00:00,3816.248973,0.347729,0.742484,0.093671
2024-12-19 13:00:00,3599.685969,0.419745,0.846919,0.059368
2024-12-19 14:00:00,3518.368748,0.528357,0.907499,0.009970
2024-12-19 15:00:00,3581.094221,0.580818,0.920564,0.000209
2024-12-19 16:00:00,3744.447717,0.624540,0.919661,0.000272
2024-12-19 17:00:00,3673.417381,0.687262,0.949798,0.000250
2024-12-19 18:00:00,3832.896966,0.759882,0.942054,0.000247
2024-12-19 19:00:00,3567.261720,0.808083,0.942043,0.000243
2024-12-19 20:00:00,3490.474780,0.840316,0.939484,0.000214
2024-12-19 21:00:00,3429.281947,0.870568,0.904294,0.000210
2024-12-19 22:00:00,3259.551160,0.880068,0.887488,0.000201
2024-12-19 23:00:00,3462.045632,0.845635,0.918461,0.000190
2024-12-20 00:00:00,3377.046914,0.844502,0.865340,0.000195
2024-12-20 01:00:00,3383.175830,0.763299,0.864158,0.000176
2024-12-20 02:00:00,3347.279789,0.782546,0.870391,0.000188
2024-12-20 03:00:00,3291.611600,0.715572,0.893017,0.000205
2024-12-20 04:00:00,3309.830217,0.773892,0.935341,0.000206
2024-12-20 05:00:00,3474.383119,0.781896,0.943229,0.000237
2024-12-20 06:00:00,3596.892938,0.776289,0.959916,0.000266
2024-12-20 07:00:00,3767.344768,0.761334,0.955460,0.001568
2024-12-20 08:00:00,3772.637058,0.727303,0.939865,0.042423
2024-12-20 09:00:00,3710.011725,0.693611,0.932073,0.097580
2024-12-20 10:00:00,3503.879185,0.624945,0.944075,0.131740
2024-12-20 11:00:00,3634.018604,0.558813,0.930417,0.128884
2024-12-20 12:00:00,3458.850157,0.476122,0.897499,0.118813
2024-12-20 13:00:00,3323.853463,0.400049,0.865275,0.062596
2024-12-20 14:00:00,3212.017339,0.291974,0.763252,0.018410
2024-12-20 15:00:00,3260.610673,0.225673,0.793610,0.000194
2024-12-20 16:00:00,3285.442813,0.191959,0.740983,0.000265
2024-12-20 17:00:00,3256.417546,0.183398,0.786054,0.000206
2024-12-20 18:00:00,3100.684552,0.251057,0.747337,0.000142
2024-12-20 19:00:00,3092.837955,0.348109,0.779714,0.000143
2024-12-20 20:00:00,3098.369915,0.454805,0.865842,0.000123
2024-12-20 21:00:00,3036.909382,0.585466,0.922322,0.000143
2024-12-20 22:00:00,3219.575652,0.685529,0.941207,0.000162
2024-12-20 23:00:00,3299.573712,0.745640,0.949281,0.000135
2024-12-21 00:00:00,3255.575127,0.763965,0.942333,0.000170
2024-12-21 01:00:00,3220.408072,0.746283,0.940701,0.000128
2024-12-21 02:00:00,3079.120679,0.640394,0.898691,0.000095
2024-12-21 03:00:00,2892.766880,0.491513,0.750158,0.000091
2024-12-21 04:00:00,2830.082042,0.439676,0.791929,0.000097
2024-12-21 05:00:00,2857.654817,0.440651,0.874706,0.000103
2024-12-21 06:00:00,2962.431436,0.422479,0.874939,0.000126
2024-12-21 07:00:00,3088.666689,0.444987,0.884828,0.000639
2024-12-21 08:00:00,3045.214750,0.479318,0.899677,0.011857
2024-12-21 09:00:00,3163.207111,0.532229,0.901753,0.042454
2024-12-21 10:00:00,3177.200762,0.637103,0.920559,0.049073
2024-12-21 11:00:00,3255.115334,0.708517,0.943846,0.050351
2024-12-21 12:00:00,3258.270486,0.745838,0.948392,0.034361
2024-12-21 13:00:00,3266.182070,0.776420,0.951763,0.016583
2024-12-21 14:00:00,3267.018252,0.816271,0.967479,0.001309
2024-12-21 15:00:00,3295.692651,0.848549,0.969248,0.000233
2024-12-21 16:00:00,3462.932730,0.853870,0.952132,0.000264
2024-12-21 17:00:00,3424.800982,0.840247,0.950396,0.000233
2024-12-21 18:00:00,3208.021015,0.791135,0.964085,0.000215
2024-12-21 19:00:00,3213.978259,0.759173,0.968685,0.000199
2024-12-21 20:00:00,3239.518125,0.712133,0.967958,0.000157
2024-12-21 21:00:00,3148.087502,0.650221,0.965384,0.000128
2024-12-21 22:00:00,3168.476916,0.606542,0.949355,0.000102
2024-12-21 23:00:00,3238.697670,0.568091,0.826799,0.000089
2024-12-22 00:00:00,3227.693288,0.545599,0.637032,0.000101
2024-12-22 01:00:00,3227.360652,0.502128,0.628970,0.000103
2024-12-22 02:00:00,3155.490725,0.376409,0.358168,0.000081
2024-12-22 03:00:00,3132.322873,0.332348,0.351889,0.000091
2024-12-22 04:00:00,2972.456655,0.327310,0.442747,0.000100
2024-12-22 05:00:00,3029.102282,0.299665,0.429324,0.000105
2024-12-22 06:00:00,3050.504998,0.318376,0.824463,0.000109
2024-12-22 07:00:00,3209.877266,0.324186,0.764618,0.000406
2024-12-22 08:00:00,3169.736518,0.301634,0.678036,0.020980
2024-12-22 09:00:00,3178.717148,0.291500,0.651856,0.090547
2024-12-22 10:00:00,3154.416037,0.287124,0.508343,0.135403
2024-12-22 11:00:00,3177.468135,0.271715,0.650819,0.144214
2024-12-22 12:00:00,3055.574587,0.283743,0.448893,0.118257
2024-12-22 13:00:00,3087.508116,0.260342,0.539457,0.050214
2024-12-22 14:00:00,3057.784408,0.239146,0.758422,0.005622
2024-12-22 15:00:00,3109.354643,0.255402,0.810229,0.000158
2024-12-22 16:00:00,3212.477518,0.305489,0.832782,0.000259
2024-12-22 17:00:00,3133.654225,0.346907,0.765478,0.000207
2024-12-22 18:00:00,2966.751539,0.378220,0.786569,0.000144
2024-12-22 19:00:00,2932.209530,0.417974,0.831923,0.000134
2024-12-22 20:00:00,3052.963981,0.481304,0.869665,0.000118
2024-12-22 21:00:00,2953.069423,0.557981,0.865302,0.000130
2024-12-22 22:00:00,2941.825705,0.589428,0.874168,0.000138
2024-12-22 23:00:00,2938.004727,0.538962,0.910330,0.000107
2024-12-23 00:00:00,2871.736512,0.493212,0.928053,0.000078
2024-12-23 01:00:00,2966.348654,0.491642,0.933345,0.000087
2024-12-23 02:00:00,3109.947629,0.545787,0.922933,0.000141
2024-12-23 03:00:00,2983.704166,0.578844,0.835045,0.000165
2024-12-23 04:00:00,2886.975275,0.636131,0.688968,0.000183
2024-12-23 05:00:00,2862.296917,0.633352,0.652630,0.000184
2024-12-23 06:00:00,2949.957694,0.608253,0.670275,0.000179
2024-12-23 07:00:00,3079.961505,0.538928,0.691248,0.000374
2024-12-23 08:00:00,3250.857050,0.518219,0.753691,0.028641
2024-12-23 09:00:00,3458.915684,0.541518,0.834482,0.122313
2024-12-23 10:00:00,3518.637709,0.543778,0.915495,0.208677
2024-12-23 11:00:00,3447.061471,0.521610,0.919573,0.238821
2024-12-23 12:00:00,3429.173480,0.516560,0.885781,0.203556
2024-12-23 13:00:00,3310.697058,0.486958,0.864786,0.112653
2024-12-23 14:00:00,3154.711511,0.440441,0.878164,0.020281
2024-12-23 15:00:00,3095.234332,0.411414,0.892509,0.000166
2024-12-23 16:00:00,3255.266804,0.382794,0.842456,0.000228
2024-12-23 17:00:00,3112.094021,0.344847,0.781218,0.000182
2024-12-23 18:00:00,2914.595146,0.296510,0.625530,0.000137
2024-12-23 19:00:00,2734.846100,0.255256,0.624120,0.000119
2024-12-23 20:00:00,2627.414193,0.203738,0.465965,0.000098
2024-12-23 21:00:00,2554.494448,0.143939,0.270602,0.000073
2024-12-23 22:00:00,2477.319419,0.088608,0.159026,0.000069
2024-12-23 23:00:00,2431.797321,0.044563,0.080095,0.000050
2024-12-24 00:00:00,2365.552972,0.020870,0.032072,0.000059
2024-12-24 01:00:00,2364.606884,0.009633,0.015566,0.000059
2024-12-24 02:00:00,2375.876524,0.006017,0.011642,0.000051
2024-12-24 03:00:00,2333.882238,0.022433,0.033496,0.000066
2024-12-24 04:00:00,2234.196013,0.060139,0.054774,0.000082
2024-12-24 05:00:00,2247.451509,0.088889,0.135938,0.000115
2024-12-24 06:00:00,2413.699943,0.119835,0.200215,0.000123
2024-12-24 07:00:00,2602.997221,0.143244,0.245342,0.000593
2024-12-24 08:00:00,2704.088586,0.156463,0.340771,0.021074
2024-12-24 09:00:00,2747.453374,0.176748,0.516909,0.042180
2024-12-24 10:00:00,2818.149205,0.203804,0.635740,0.060100
2024-12-24 11:00:00,2800.958754,0.247018,0.695066,0.073968
2024-12-24 12:00:00,2790.362096,0.315161,0.685945,0.054209
2024-12-24 13:00:00,2799.817573,0.364509,0.672106,0.028011
2024-12-24 14:00:00,2874.080531,0.432444,0.689723,0.004055
2024-12-24 15:00:00,3073.200221,0.448249,0.801566,0.000153
2024-12-24 16:00:00,3161.626176,0.446323,0.861415,0.000242
2024-12-24 17:00:00,2858.396487,0.467253,0.883593,0.000181
2024-12-24 18:00:00,2650.187057,0.446254,0.834242,0.000132
2024-12-24 19:00:00,2498.525944,0.412746,0.731328,0.000118
2024-12-24 20:00:00,2321.564139,0.387385,0.686812,0.000108
2024-12-24 21:00:00,2232.367560,0.399953,0.686328,0.000096
2024-12-24 22:00:00,2309.368263,0.369874,0.710517,0.000089
2024-12-24 23:00:00,2430.325483,0.319849,0.719996,0.000082
2024-12-25 00:00:00,2279.367187,0.309727,0.674721,0.000081
2024-12-25 01:00:00,2198.614190,0.295414,0.616690,0.000071
2024-12-25 02:00:00,2246.713113,0.277879,0.513522,0.000071
2024-12-25 03:00:00,2326.192363,0.254853,0.428493,0.000081
2024-12-25 04:00:00,2289.014191,0.244827,0.361128,0.000109
2024-12-25 05:00:00,2258.606599,0.239652,0.456793,0.000127
2024-12-25 06:00:00,2325.741161,0.245900,0.388652,0.000154
2024-12-25 07:00:00,2305.436119,0.217657,0.346124,0.000173
2024-12-25 08:00:00,2417.006986,0.218069,0.402500,0.005529
2024-12-25 09:00:00,2520.116662,0.221572,0.317653,0.025904
2024-12-25 10:00:00,2570.479027,0.212181,0.312437,0.049527
2024-12-25 11:00:00,2591.767381,0.206711,0.417829,0.060145
2024-12-25 12:00:00,2627.400830,0.221889,0.492430,0.046206
2024-12-25 13:00:00,2506.917985,0.248457,0.473144,0.023548
2024-12-25 14:00:00,2508.692271,0.241197,0.434110,0.003477
2024-12-25 15:00:00,2601.949650,0.256263,0.476672,0.000174
2024-12-25 16:00:00,2706.953769,0.280319,0.462834,0.000267
2024-12-25 17:00:00,2711.631811,0.282310,0.480605,0.000219
2024-12-25 18:00:00,2528.442106,0.291069,0.494923,0.000167
2024-12-25 19:00:00,2425.720261,0.323728,0.509431,0.000176
2024-12-25 20:00:00,2347.836655,0.337483,0.472021,0.000151
2024-12-25 21:00:00,2219.004325,0.297511,0.419842,0.000153
2024-12-25 22:00:00,2162.838662,0.289468,0.460213,0.000131
2024-12-25 23:00:00,2172.855094,0.271475,0.430173,0.000119
2024-12-26 00:00:00,2170.874569,0.238489,0.408629,0.000114
2024-12-26 01:00:00,2133.262441,0.227880,0.375383,0.000091
2024-12-26 02:00:00,2140.589603,0.213184,0.284481,0.000112
2024-12-26 03:00:00,2080.426770,0.203165,0.277487,0.000117
2024-12-26 04:00:00,1993.364340,0.198626,0.240271,0.000125
2024-12-26 05:00:00,2052.646148,0.175878,0.206225,0.000131
2024-12-26 06:00:00,2164.651139,0.180744,0.204252,0.000147
2024-12-26 07:00:00,2331.297572,0.164823,0.162189,0.000752
2024-12-26 08:00:00,2467.356608,0.169238,0.158531,0.010449
2024-12-26 09:00:00,2596.358728,0.159275,0.175965,0.031498
2024-12-26 10:00:00,2643.544922,0.156808,0.178710,0.045276
2024-12-26 11:00:00,2596.318153,0.164620,0.154921,0.042654
2024-12-26 12:00:00,2548.145972,0.158462,0.158646,0.029744
2024-12-26 13:00:00,2494.789857,0.121088,0.124734,0.015916
2024-12-26 14:00:00,2484.030173,0.093748,0.089257,0.003714
2024-12-26 15:00:00,2566.156760,0.084470,0.077070,0.000152
2024-12-26 16:00:00,2640.616830,0.082309,0.062106,0.000195
2024-12-26 17:00:00,2596.003146,0.084915,0.057289,0.000150
2024-12-26 18:00:00,2493.630699,0.082482,0.055607,0.000110
2024-12-26 19:00:00,2399.129306,0.082524,0.066297,0.000099
2024-12-26 20:00:00,2334.040782,0.062050,0.045181,0.000079
2024-12-26 21:00:00,2241.252348,0.052924,0.054341,0.000071
2024-12-26 22:00:00,2128.316844,0.044698,0.050613,0.000060
2024-12-26 23:00:00,2171.913064,0.044621,0.038095,0.000070
2024-12-27 00:00:00,2204.133431,0.034178,0.047677,0.000056
2024-12-27 01:00:00,2178.233967,0.027544,0.023212,0.000048
2024-12-27 02:00:00,2124.123133,0.021883,0.017563,0.000048
2024-12-27 03:00:00,2058.914473,0.021241,0.021599,0.000064
2024-12-27 04:00:00,2031.213306,0.026947,0.023272,0.000076
2024-12-27 05:00:00,2148.003426,0.022788,0.020790,0.000102
2024-12-27 06:00:00,2369.804461,0.019893,0.032473,0.000112
2024-12-27 07:00:00,2628.815916,0.025784,0.043772,0.000163
2024-12-27 08:00:00,2685.948063,0.029344,0.066832,0.008623
2024-12-27 09:00:00,2788.413827,0.041036,0.096270,0.028807
2024-12-27 10:00:00,2836.307787,0.054926,0.125087,0.044992
2024-12-27 11:00:00,2848.746414,0.072513,0.113854,0.044181
2024-12-27 12:00:00,2817.106938,0.071054,0.105490,0.029521
2024-12-27 13:00:00,2774.063382,0.065491,0.104754,0.015191
2024-12-27 14:00:00,2740.608345,0.050357,0.081578,0.003214
2024-12-27 15:00:00,2817.037125,0.041779,0.070417,0.000115
2024-12-27 16:00:00,2922.649241,0.034666,0.059115,0.000162
2024-12-27 17:00:00,2831.106750,0.034783,0.043834,0.000146
2024-12-27 18:00:00,2663.107926,0.037586,0.031497,0.000112
2024-12-27 19:00:00,2526.592796,0.041909,0.040191,0.000085
2024-12-27 20:00:00,2442.644277,0.045235,0.060804,0.000067
2024-12-27 21:00:00,2335.314148,0.054121,0.076576,0.000065
2024-12-27 22:00:00,2265.361909,0.059306,0.086611,0.000060
2024-12-27 23:00:00,2294.076095,0.068198,0.107281,0.000057
2024-12-28 00:00:00,2291.201990,0.071764,0.111987,0.000054
2024-12-28 01:00:00,2274.403668,0.076238,0.137354,0.000045
2024-12-28 02:00:00,2253.805310,0.085938,0.120059,0.000054
2024-12-28 03:00:00,2201.075303,0.085217,0.122071,0.000057
2024-12-28 04:00:00,2120.162488,0.090389,0.126216,0.000070
2024-12-28 05:00:00,2129.374452,0.084611,0.129065,0.000085
2024-12-28 06:00:00,2244.858751,0.077290,0.117450,0.000094
2024-12-28 07:00:00,2435.980118,0.091483,0.131448,0.000136
2024-12-28 08:00:00,2582.076964,0.107441,0.161707,0.008010
2024-12-28 09:00:00,2745.958323,0.131413,0.185541,0.034546
2024-12-28 10:00:00,2756.526036,0.153534,0.211025,0.049893
2024-12-28 11:00:00,2751.211390,0.173458,0.258137,0.045649
2024-12-28 12:00:00,2717.082374,0.198934,0.305010,0.040004
2024-12-28 13:00:00,2695.444255,0.226797,0.332422,0.025976
2024-12-28 14:00:00,2689.598546,0.239460,0.367390,0.005845
2024-12-28 15:00:00,2796.133681,0.240424,0.399616,0.000144
2024-12-28 16:00:00,2908.782400,0.266585,0.436937,0.000209
2024-12-28 17:00:00,2837.120649,0.295981,0.465772,0.000179
2024-12-28 18:00:00,2678.933033,0.310354,0.503895,0.000136
2024-12-28 19:00:00,2570.319523,0.302985,0.523051,0.000105
2024-12-28 20:00:00,2511.708434,0.303278,0.527566,0.000103
2024-12-28 21:00:00,2424.543053,0.323353,0.506160,0.000084
2024-12-28 22:00:00,2338.267427,0.331163,0.571771,0.000074
2024-12-28 23:00:00,2270.641410,0.329523,0.646931,0.000074
2024-12-29 00:00:00,2218.413157,0.309932,0.654487,0.000063
2024-12-29 01:00:00,2199.414969,0.338110,0.623601,0.000064
2024-12-29 02:00:00,2232.906746,0.384155,0.690201,0.000069
2024-12-29 03:00:00,2383.538581,0.406847,0.763337,0.000070
2024-12-29 04:00:00,2365.044004,0.482840,0.804167,0.000095
2024-12-29 05:00:00,2599.535412,0.548720,0.835369,0.000129
2024-12-29 06:00:00,2787.852065,0.593679,0.885231,0.000149
2024-12-29 07:00:00,2981.739418,0.657669,0.910062,0.000174
2024-12-29 08:00:00,3058.849951,0.657731,0.938140,0.006531
2024-12-29 09:00:00,3306.093468,0.669719,0.939187,0.052357
2024-12-29 10:00:00,3393.148942,0.681554,0.921667,0.076638
2024-12-29 11:00:00,3370.058967,0.685793,0.940163,0.064601
2024-12-29 12:00:00,3256.940986,0.686073,0.945602,0.043497
2024-12-29 13:00:00,3391.335605,0.708754,0.952180,0.019688
2024-12-29 14:00:00,3380.492684,0.747313,0.951916,0.002972
2024-12-29 15:00:00,3359.925385,0.811113,0.948734,0.000202
2024-12-29 16:00:00,3466.858574,0.861440,0.969243,0.000254
2024-12-29 17:00:00,3425.494434,0.901240,0.971694,0.000228
2024-12-29 18:00:00,3433.084060,0.932555,0.971859,0.000199
2024-12-29 19:00:00,3500.575445,0.933400,0.968863,0.000196
2024-12-29 20:00:00,3409.826955,0.956106,0.963673,0.000185
2024-12-29 21:00:00,3358.716624,0.894789,0.964839,0.000178
2024-12-29 22:00:00,3243.274497,0.790056,0.908980,0.000169
2024-12-29 23:00:00,3355.949950,0.930166,0.963766,0.000168
2024-12-30 00:00:00,3376.078917,0.953504,0.940448,0.000190
2024-12-30 01:00:00,3281.389823,0.955759,0.959287,0.000183
2024-12-30 02:00:00,3139.353357,0.958509,0.957398,0.000182
2024-12-30 03:00:00,3025.344866,0.950721,0.949824,0.000184
2024-12-30 04:00:00,2718.262383,0.878840,0.965896,0.000172
2024-12-30 05:00:00,2746.631299,0.795888,0.963735,0.000181
2024-12-30 06:00:00,3017.134128,0.730809,0.922045,0.000155
2024-12-30 07:00:00,3093.151928,0.648351,0.850389,0.000184
2024-12-30 08:00:00,3119.747836,0.579636,0.746424,0.005248
2024-12-30 09:00:00,3188.449175,0.565372,0.692459,0.016505
2024-12-30 10:00:00,3203.688269,0.568950,0.715726,0.025608
2024-12-30 11:00:00,3167.138111,0.602563,0.708302,0.026404
2024-12-30 12:00:00,3189.403247,0.651696,0.711915,0.015594
2024-12-30 13:00:00,3233.136030,0.699549,0.731486,0.006545
2024-12-30 14:00:00,3391.894937,0.758512,0.874055,0.000807
2024-12-30 15:00:00,3458.117876,0.776900,0.961603,0.000212
2024-12-30 16:00:00,3488.839319,0.770064,0.981000,0.000287
2024-12-30 17:00:00,3475.399978,0.763712,0.980293,0.000257
2024-12-30 18:00:00,3288.714401,0.755133,0.973603,0.000221
2024-12-30 19:00:00,3113.676338,0.679277,0.907878,0.000177
2024-12-30 20:00:00,3007.398055,0.611591,0.705014,0.000115
2024-12-30 21:00:00,2976.110187,0.534007,0.656610,0.000108
2024-12-30 22:00:00,2694.131205,0.418384,0.588613,0.000088
2024-12-30 23:00:00,2620.787723,0.314463,0.485900,0.000076
2024-12-31 00:00:00,2611.479853,0.231123,0.257209,0.000061
2024-12-31 01:00:00,2495.195421,0.147559,0.091509,0.000061
2024-12-31 02:00:00,2595.000756,0.094954,0.048671,0.000054
2024-12-31 03:00:00,2483.948825,0.080869,0.032511,0.000057
2024-12-31 04:00:00,2521.882596,0.089967,0.065849,0.000065
2024-12-31 05:00:00,2639.255340,0.103106,0.350997,0.000096
2024-12-31 06:00:00,2750.045078,0.147970,0.458470,0.000137
2024-12-31 07:00:00,2702.866527,0.228161,0.524049,0.000155
2024-12-31 08:00:00,2750.199841,0.326559,0.567590,0.002488
2024-12-31 09:00:00,2946.645961,0.430213,0.608706,0.010903
2024-12-31 10:00:00,3051.829157,0.503329,0.695110,0.017553
2024-12-31 11:00:00,3111.321717,0.583639,0.755780,0.015604
2024-12-31 12:00:00,3214.812292,0.716453,0.834843,0.012614
2024-12-31 13:00:00,3315.783756,0.827808,0.947207,0.008886
2024-12-31 14:00:00,3379.132138,0.873729,0.977335,0.001753
2024-12-31 15:00:00,3471.132287,0.920784,0.986639,0.000231
2024-12-31 16:00:00,3475.106075,0.938616,0.987341,0.000305
2024-12-31 17:00:00,3346.188974,0.942543,0.987929,0.000293
2024-12-31 18:00:00,3150.098315,0.955529,0.987190,0.000261
2024-12-31 19:00:00,3220.211709,0.922121,0.985755,0.000235
2024-12-31 20:00:00,3156.737290,0.963879,0.986081,0.000210
2024-12-31 21:00:00,3138.897610,0.958024,0.984354,0.000193
2024-12-31 22:00:00,3062.635877,0.924291,0.979611,0.000186
