time,load_mw,wind_onshore_pu,wind_offshore_pu,solar_pu
2018-12-31 23:00:00,1382.576782,0.773090,0.712307,0.000000
2019-01-01 00:00:00,1361.434326,0.886811,0.892819,0.000000
2019-01-01 01:00:00,1333.786621,0.838307,0.730299,0.000000
2019-01-01 02:00:00,1284.480347,0.844644,0.588372,0.000000
2019-01-01 03:00:00,1271.957764,0.830055,0.569806,0.000000
2019-01-01 04:00:00,1278.320679,0.828585,0.574218,0.000000
2019-01-01 05:00:00,1316.754883,0.888303,0.579517,0.000000
2019-01-01 06:00:00,1336.630371,0.881833,0.585358,0.000000
2019-01-01 07:00:00,1376.515259,0.896620,0.974397,0.000000
2019-01-01 08:00:00,1447.806030,0.916635,0.971960,0.041825
2019-01-01 09:00:00,1529.179932,0.945415,0.909043,0.133080
2019-01-01 10:00:00,1585.112793,0.960806,0.871350,0.220532
2019-01-01 11:00:00,1599.457642,0.948647,0.849568,0.254753
2019-01-01 12:00:00,1608.359863,0.912948,0.855113,0.193916
2019-01-01 13:00:00,1616.703613,0.941001,0.811640,0.098859
2019-01-01 14:00:00,1658.800293,0.905617,0.874945,0.019011
2019-01-01 15:00:00,1813.570557,0.931875,0.861353,0.000000
2019-01-01 16:00:00,1890.970703,0.938134,0.675527,0.000000
2019-01-01 17:00:00,1860.082886,0.945446,0.962136,0.000000
2019-01-01 18:00:00,1772.172241,0.923053,0.970722,0.000000
2019-01-01 19:00:00,1692.758911,0.919809,0.969576,0.000000
2019-01-01 20:00:00,1581.080200,0.876734,0.603379,0.000000
2019-01-01 21:00:00,1494.117310,0.881525,0.960727,0.000000
2019-01-01 22:00:00,1406.239502,0.889527,0.575232,0.000000
2019-01-01 23:00:00,1329.095093,0.842974,0.570021,0.000000
2019-01-02 00:00:00,1291.707520,0.825264,0.567337,0.000000
2019-01-02 01:00:00,1272.242432,0.805526,0.541290,0.000000
2019-01-02 02:00:00,1282.890503,0.789789,0.461210,0.000000
2019-01-02 03:00:00,1307.336670,0.796785,0.484762,0.000000
2019-01-02 04:00:00,1400.493286,0.816406,0.551863,0.000000
2019-01-02 05:00:00,1575.756348,0.878654,0.934069,0.000000
2019-01-02 06:00:00,1807.252930,0.879879,0.941690,0.000000
2019-01-02 07:00:00,1921.134521,0.846159,0.948015,0.003802
2019-01-02 08:00:00,1975.381714,0.814432,0.941307,0.068441
2019-01-02 09:00:00,2017.240479,0.872971,0.934493,0.190114
2019-01-02 10:00:00,2027.559204,0.918216,0.944883,0.288973
2019-01-02 11:00:00,2016.404541,0.919980,0.949812,0.311787
2019-01-02 12:00:00,2009.225098,0.904698,0.947641,0.262357
2019-01-02 13:00:00,1993.036499,0.868777,0.943999,0.144487
2019-01-02 14:00:00,1965.479370,0.811509,0.886652,0.022814
2019-01-02 15:00:00,2085.564209,0.739346,0.767854,0.011407
2019-01-02 16:00:00,2230.733643,0.694498,0.762723,0.000000
2019-01-02 17:00:00,2171.673828,0.591724,0.820261,0.000000
2019-01-02 18:00:00,2018.904785,0.460259,0.806026,0.000000
2019-01-02 19:00:00,1880.379639,0.386746,0.541999,0.000000
2019-01-02 20:00:00,1753.844727,0.346552,0.417033,0.000000
2019-01-02 21:00:00,1607.794800,0.351690,0.374943,0.000000
2019-01-02 22:00:00,1473.580566,0.361551,0.437053,0.000000
2019-01-02 23:00:00,1391.571411,0.345043,0.561254,0.000000
2019-01-03 00:00:00,1345.908936,0.325529,0.678990,0.000000
2019-01-03 01:00:00,1305.946289,0.367789,0.579529,0.000000
2019-01-03 02:00:00,1311.603516,0.360432,0.619803,0.000000
2019-01-03 03:00:00,1330.047485,0.327580,0.512497,0.000000
2019-01-03 04:00:00,1416.928833,0.306618,0.495235,0.000000
2019-01-03 05:00:00,1647.851807,0.297548,0.452156,0.000000
2019-01-03 06:00:00,1879.229126,0.294823,0.537901,0.000000
2019-01-03 07:00:00,1970.027344,0.266660,0.415744,0.003802
2019-01-03 08:00:00,1983.378906,0.237340,0.328900,0.053232
2019-01-03 09:00:00,1986.521362,0.198200,0.289274,0.193916
2019-01-03 10:00:00,1975.588745,0.192076,0.260622,0.247148
2019-01-03 11:00:00,1964.647583,0.182251,0.218855,0.224335
2019-01-03 12:00:00,1954.679321,0.140624,0.220707,0.182510
2019-01-03 13:00:00,1936.651367,0.135478,0.172961,0.083650
2019-01-03 14:00:00,1946.402344,0.146216,0.188508,0.011407
2019-01-03 15:00:00,2082.998779,0.111415,0.208519,0.003802
2019-01-03 16:00:00,2235.250488,0.082176,0.129084,0.000000
2019-01-03 17:00:00,2151.832275,0.085410,0.163484,0.000000
2019-01-03 18:00:00,2012.809570,0.070160,0.083735,0.003802
2019-01-03 19:00:00,1873.736938,0.066690,0.073383,0.000000
2019-01-03 20:00:00,1742.936646,0.063030,0.082084,0.000000
2019-01-03 21:00:00,1598.947021,0.101691,0.026616,0.000000
2019-01-03 22:00:00,1465.467651,0.181250,0.108926,0.000000
2019-01-03 23:00:00,1370.665283,0.251201,0.241300,0.000000
2019-01-04 00:00:00,1314.194214,0.355630,0.418798,0.000000
2019-01-04 01:00:00,1285.520386,0.432948,0.591825,0.000000
2019-01-04 02:00:00,1289.792480,0.500306,0.841418,0.000000
2019-01-04 03:00:00,1304.098145,0.525653,0.781623,0.000000
2019-01-04 04:00:00,1407.109375,0.546909,0.826664,0.000000
2019-01-04 05:00:00,1620.081787,0.507631,0.881359,0.000000
2019-01-04 06:00:00,1877.325928,0.441943,0.855651,0.000000
2019-01-04 07:00:00,1971.509155,0.432005,0.782303,0.000000
2019-01-04 08:00:00,1988.410156,0.438862,0.830915,0.011407
2019-01-04 09:00:00,2008.232910,0.376604,0.840723,0.053232
2019-01-04 10:00:00,1995.869507,0.370263,0.826369,0.129278
2019-01-04 11:00:00,1941.301025,0.355501,0.753932,0.167300
2019-01-04 12:00:00,1898.935913,0.338938,0.454423,0.144487
2019-01-04 13:00:00,1859.327637,0.327773,0.294514,0.060837
2019-01-04 14:00:00,1875.140259,0.361293,0.417915,0.011407
2019-01-04 15:00:00,2007.549927,0.400845,0.568106,0.003802
2019-01-04 16:00:00,2145.237061,0.429448,0.821863,0.000000
2019-01-04 17:00:00,2094.029053,0.475179,0.887269,0.000000
2019-01-04 18:00:00,1935.965942,0.463866,0.846414,0.000000
2019-01-04 19:00:00,1769.142944,0.409790,0.812972,0.000000
2019-01-04 20:00:00,1649.231567,0.425908,0.801928,0.000000
2019-01-04 21:00:00,1537.307983,0.484287,0.859302,0.000000
2019-01-04 22:00:00,1438.943237,0.493364,0.821972,0.000000
2019-01-04 23:00:00,1347.815186,0.454672,0.819735,0.000000
2019-01-05 00:00:00,1281.023682,0.478812,0.777650,0.000000
2019-01-05 01:00:00,1240.620972,0.463790,0.673349,0.000000
2019-01-05 02:00:00,1226.470703,0.416866,0.683000,0.000000
2019-01-05 03:00:00,1214.443115,0.380519,0.675305,0.000000
2019-01-05 04:00:00,1240.010498,0.345940,0.666186,0.000000
2019-01-05 05:00:00,1294.778320,0.328870,0.655929,0.000000
2019-01-05 06:00:00,1409.414307,0.301751,0.529200,0.000000
2019-01-05 07:00:00,1524.110352,0.295817,0.390885,0.003802
2019-01-05 08:00:00,1622.312500,0.279104,0.225194,0.057034
2019-01-05 09:00:00,1679.966187,0.253035,0.254884,0.159696
2019-01-05 10:00:00,1690.711548,0.232231,0.182393,0.209125
2019-01-05 11:00:00,1681.566895,0.249570,0.161313,0.201521
2019-01-05 12:00:00,1662.127686,0.197583,0.210091,0.167300
2019-01-05 13:00:00,1645.393311,0.106139,0.201648,0.110266
2019-01-05 14:00:00,1690.371216,0.075548,0.199902,0.026616
2019-01-05 15:00:00,1848.873657,0.080502,0.164433,0.011407
2019-01-05 16:00:00,2004.739746,0.078595,0.109771,0.000000
2019-01-05 17:00:00,1988.791626,0.063768,0.073874,0.000000
2019-01-05 18:00:00,1850.717651,0.040703,0.056068,0.000000
2019-01-05 19:00:00,1727.994263,0.033492,0.039254,0.000000
2019-01-05 20:00:00,1634.043945,0.017455,0.014551,0.000000
2019-01-05 21:00:00,1545.730835,0.008143,0.007734,0.000000
2019-01-05 22:00:00,1473.376831,0.005836,0.000621,0.003802
2019-01-05 23:00:00,1402.096313,0.005625,0.002183,0.000000
2019-01-06 00:00:00,1339.791504,0.005269,0.003215,0.000000
2019-01-06 01:00:00,1296.317749,0.004132,0.000042,0.000000
2019-01-06 02:00:00,1289.094360,0.002959,0.000054,0.000000
2019-01-06 03:00:00,1292.459595,0.003541,0.000050,0.000000
2019-01-06 04:00:00,1319.827759,0.002944,0.000032,0.000000
2019-01-06 05:00:00,1371.623901,0.004479,0.000034,0.000000
2019-01-06 06:00:00,1466.084106,0.004348,0.000035,0.000000
2019-01-06 07:00:00,1569.440796,0.003513,0.000568,0.003802
2019-01-06 08:00:00,1686.327637,0.008501,0.006208,0.034221
2019-01-06 09:00:00,1757.394165,0.015623,0.004308,0.106464
2019-01-06 10:00:00,1770.852783,0.022282,0.003263,0.193916
2019-01-06 11:00:00,1749.615479,0.027117,0.003816,0.228137
2019-01-06 12:00:00,1729.855957,0.024680,0.015736,0.106464
2019-01-06 13:00:00,1732.749634,0.014452,0.004349,0.034221
2019-01-06 14:00:00,1761.854614,0.014872,0.001639,0.007605
2019-01-06 15:00:00,1893.023804,0.014999,0.002380,0.003802
2019-01-06 16:00:00,2050.902344,0.022410,0.018204,0.000000
2019-01-06 17:00:00,2012.510498,0.030514,0.057882,0.000000
2019-01-06 18:00:00,1879.102539,0.034837,0.088265,0.000000
2019-01-06 19:00:00,1742.322266,0.038812,0.093609,0.000000
2019-01-06 20:00:00,1612.365845,0.057261,0.081953,0.000000
2019-01-06 21:00:00,1496.661499,0.072243,0.087955,0.000000
2019-01-06 22:00:00,1378.703857,0.049981,0.111876,0.000000
2019-01-06 23:00:00,1274.000854,0.044162,0.127004,0.000000
2019-01-07 00:00:00,1224.351074,0.051965,0.042761,0.000000
2019-01-07 01:00:00,1204.636597,0.075722,0.044564,0.000000
2019-01-07 02:00:00,1213.433105,0.076638,0.164916,0.000000
2019-01-07 03:00:00,1240.608765,0.065406,0.170346,0.000000
2019-01-07 04:00:00,1340.876465,0.059809,0.154961,0.000000
2019-01-07 05:00:00,1597.810791,0.062875,0.136035,0.000000
2019-01-07 06:00:00,1874.584839,0.071371,0.120452,0.000000
2019-01-07 07:00:00,1965.947876,0.084213,0.149329,0.000000
2019-01-07 08:00:00,1973.962524,0.104821,0.141241,0.011407
2019-01-07 09:00:00,1986.403442,0.128507,0.177080,0.034221
2019-01-07 10:00:00,1972.916260,0.169459,0.238449,0.057034
2019-01-07 11:00:00,1959.307129,0.216219,0.218783,0.072243
2019-01-07 12:00:00,1956.145874,0.192728,0.298523,0.038023
2019-01-07 13:00:00,1949.713623,0.179152,0.185635,0.022814
2019-01-07 14:00:00,1946.523315,0.243714,0.248020,0.003802
2019-01-07 15:00:00,2053.978027,0.368414,0.510393,0.003802
2019-01-07 16:00:00,2205.400635,0.563852,0.802758,0.000000
2019-01-07 17:00:00,2143.575928,0.722402,0.944352,0.000000
2019-01-07 18:00:00,2011.960205,0.789560,0.974159,0.000000
2019-01-07 19:00:00,1875.011719,0.834777,0.976017,0.000000
2019-01-07 20:00:00,1746.448364,0.842986,0.975235,0.000000
2019-01-07 21:00:00,1596.952759,0.770915,0.959737,0.000000
2019-01-07 22:00:00,1436.764282,0.728433,0.929931,0.000000
2019-01-07 23:00:00,1359.066040,0.703478,0.936763,0.000000
2019-01-08 00:00:00,1308.045166,0.715984,0.933315,0.000000
2019-01-08 01:00:00,1283.770752,0.757763,0.930202,0.000000
2019-01-08 02:00:00,1283.956177,0.767358,0.943833,0.000000
2019-01-08 03:00:00,1313.347046,0.765687,0.932228,0.000000
2019-01-08 04:00:00,1426.975830,0.775082,0.939284,0.000000
2019-01-08 05:00:00,1656.994751,0.716735,0.925925,0.000000
2019-01-08 06:00:00,1899.754761,0.622313,0.906952,0.000000
2019-01-08 07:00:00,1982.340088,0.629707,0.886620,0.000000
2019-01-08 08:00:00,1997.824341,0.714244,0.875996,0.011407
2019-01-08 09:00:00,2029.756470,0.806413,0.896105,0.022814
2019-01-08 10:00:00,2055.045410,0.853505,0.912107,0.041825
2019-01-08 11:00:00,2047.633179,0.849782,0.936287,0.041825
2019-01-08 12:00:00,2036.875732,0.801117,0.955913,0.034221
2019-01-08 13:00:00,2038.804565,0.806106,0.950791,0.019011
2019-01-08 14:00:00,2038.784546,0.832533,0.977881,0.003802
2019-01-08 15:00:00,2121.393066,0.845569,0.979298,0.000000
2019-01-08 16:00:00,2265.919678,0.840057,0.971897,0.000000
2019-01-08 17:00:00,2211.942383,0.860894,0.965413,0.000000
2019-01-08 18:00:00,2083.725098,0.888156,0.974284,0.000000
2019-01-08 19:00:00,1926.176514,0.913922,0.975118,0.000000
2019-01-08 20:00:00,1809.182617,0.928366,0.973378,0.000000
2019-01-08 21:00:00,1651.346191,0.933787,0.944562,0.000000
2019-01-08 22:00:00,1519.757446,0.941382,0.924683,0.000000
2019-01-08 23:00:00,1510.496338,0.916766,0.925610,0.000000
2019-01-09 00:00:00,1462.011841,0.918873,0.926297,0.000000
2019-01-09 01:00:00,1435.997070,0.917079,0.926866,0.000000
2019-01-09 02:00:00,1444.840576,0.911873,0.925056,0.000000
2019-01-09 03:00:00,1476.785156,0.901896,0.910821,0.000000
2019-01-09 04:00:00,1562.719971,0.890125,0.907313,0.000000
2019-01-09 05:00:00,1803.032349,0.879828,0.917002,0.000000
2019-01-09 06:00:00,2054.741943,0.867678,0.910330,0.000000
2019-01-09 07:00:00,2146.764648,0.856004,0.917740,0.000000
2019-01-09 08:00:00,2153.215332,0.845490,0.911240,0.019011
2019-01-09 09:00:00,2133.933350,0.838282,0.917399,0.049430
2019-01-09 10:00:00,2125.135010,0.821792,0.907634,0.087452
2019-01-09 11:00:00,2126.054932,0.824144,0.897311,0.114068
2019-01-09 12:00:00,2131.921631,0.821209,0.862600,0.129278
2019-01-09 13:00:00,2104.077393,0.804305,0.870374,0.072243
2019-01-09 14:00:00,2059.064209,0.745386,0.880000,0.019011
2019-01-09 15:00:00,2158.410156,0.688105,0.870000,0.007605
2019-01-09 16:00:00,2318.287842,0.636289,0.874226,0.000000
2019-01-09 17:00:00,2249.605957,0.596431,0.789888,0.000000
2019-01-09 18:00:00,2100.241211,0.556007,0.565783,0.000000
2019-01-09 19:00:00,1956.116821,0.479929,0.392207,0.000000
2019-01-09 20:00:00,1830.545898,0.385263,0.347948,0.000000
2019-01-09 21:00:00,1663.475464,0.305383,0.318743,0.000000
2019-01-09 22:00:00,1530.802856,0.205580,0.296891,0.000000
2019-01-09 23:00:00,1442.346191,0.165599,0.197412,0.000000
2019-01-10 00:00:00,1385.792847,0.142680,0.129445,0.000000
2019-01-10 01:00:00,1374.027832,0.115506,0.144653,0.000000
2019-01-10 02:00:00,1380.030151,0.086917,0.097417,0.000000
2019-01-10 03:00:00,1409.522339,0.077493,0.072640,0.000000
2019-01-10 04:00:00,1511.944946,0.061141,0.065775,0.000000
2019-01-10 05:00:00,1750.482788,0.057730,0.071605,0.000000
2019-01-10 06:00:00,2022.228149,0.047162,0.067644,0.000000
2019-01-10 07:00:00,2102.468994,0.040565,0.064868,0.003802
2019-01-10 08:00:00,2110.539795,0.034242,0.077741,0.079848
2019-01-10 09:00:00,2105.760254,0.019793,0.041905,0.171103
2019-01-10 10:00:00,2087.953369,0.005919,0.000230,0.209125
2019-01-10 11:00:00,2064.224121,0.003819,0.000036,0.224335
2019-01-10 12:00:00,2056.774902,0.009791,0.000035,0.098859
2019-01-10 13:00:00,2044.672607,0.014346,0.000034,0.038023
2019-01-10 14:00:00,2049.077881,0.016742,0.000706,0.007605
2019-01-10 15:00:00,2158.434082,0.039104,0.010226,0.003802
2019-01-10 16:00:00,2286.342041,0.070832,0.046827,0.000000
2019-01-10 17:00:00,2208.195313,0.099558,0.098957,0.000000
2019-01-10 18:00:00,2069.266602,0.130951,0.139728,0.000000
2019-01-10 19:00:00,1929.096558,0.217634,0.219557,0.000000
2019-01-10 20:00:00,1795.155884,0.311727,0.309698,0.000000
2019-01-10 21:00:00,1646.325317,0.425487,0.435417,0.000000
2019-01-10 22:00:00,1522.731567,0.497939,0.596773,0.000000
2019-01-10 23:00:00,1442.755615,0.507274,0.741709,0.000000
2019-01-11 00:00:00,1386.888794,0.463455,0.744837,0.000000
2019-01-11 01:00:00,1363.157471,0.427569,0.690991,0.000000
2019-01-11 02:00:00,1368.587158,0.449104,0.655454,0.000000
2019-01-11 03:00:00,1388.050781,0.430600,0.636306,0.000000
2019-01-11 04:00:00,1470.841675,0.455192,0.686411,0.000000
2019-01-11 05:00:00,1704.417480,0.496965,0.746964,0.000000
2019-01-11 06:00:00,1943.529053,0.553774,0.793686,0.000000
2019-01-11 07:00:00,2036.657837,0.556081,0.860263,0.000000
2019-01-11 08:00:00,2019.590332,0.536056,0.850548,0.034221
2019-01-11 09:00:00,2012.374634,0.529047,0.856379,0.087452
2019-01-11 10:00:00,1993.506104,0.434689,0.873635,0.121673
2019-01-11 11:00:00,1944.792725,0.367511,0.875222,0.193916
2019-01-11 12:00:00,1896.916138,0.347328,0.862553,0.209125
2019-01-11 13:00:00,1862.987427,0.316762,0.853657,0.129278
2019-01-11 14:00:00,1866.931396,0.388116,0.745441,0.034221
2019-01-11 15:00:00,1989.475098,0.404629,0.626055,0.003802
2019-01-11 16:00:00,2131.499756,0.398697,0.545422,0.000000
2019-01-11 17:00:00,2088.873291,0.376414,0.477439,0.000000
2019-01-11 18:00:00,1934.923950,0.316354,0.403772,0.000000
2019-01-11 19:00:00,1800.935547,0.309635,0.394205,0.000000
2019-01-11 20:00:00,1682.798584,0.277997,0.376792,0.000000
2019-01-11 21:00:00,1576.532593,0.206714,0.306576,0.000000
2019-01-11 22:00:00,1470.816284,0.171728,0.314444,0.000000
2019-01-11 23:00:00,1387.280396,0.178424,0.405372,0.000000
2019-01-12 00:00:00,1332.690552,0.201988,0.459436,0.000000
2019-01-12 01:00:00,1305.785034,0.242199,0.470416,0.000000
2019-01-12 02:00:00,1298.470093,0.278066,0.530890,0.000000
2019-01-12 03:00:00,1305.056274,0.305915,0.564232,0.000000
2019-01-12 04:00:00,1319.188843,0.266694,0.341084,0.000000
2019-01-12 05:00:00,1382.406372,0.282501,0.533483,0.000000
2019-01-12 06:00:00,1496.537109,0.368398,0.633879,0.000000
2019-01-12 07:00:00,1627.438232,0.386793,0.690748,0.000000
2019-01-12 08:00:00,1737.956299,0.425842,0.741039,0.019011
2019-01-12 09:00:00,1810.326782,0.455082,0.778395,0.045627
2019-01-12 10:00:00,1832.099365,0.507985,0.772037,0.072243
2019-01-12 11:00:00,1827.393066,0.532223,0.780944,0.045627
2019-01-12 12:00:00,1832.684326,0.566303,0.878457,0.030418
2019-01-12 13:00:00,1834.807129,0.587767,0.891642,0.015209
2019-01-12 14:00:00,1854.169434,0.560235,0.897005,0.015209
2019-01-12 15:00:00,1942.211304,0.583273,0.903534,0.000000
2019-01-12 16:00:00,2055.992188,0.591499,0.919360,0.000000
2019-01-12 17:00:00,2002.284424,0.610757,0.927634,0.000000
2019-01-12 18:00:00,1862.663818,0.614739,0.927857,0.000000
2019-01-12 19:00:00,1743.671265,0.596168,0.902345,0.000000
2019-01-12 20:00:00,1661.314941,0.588357,0.909427,0.000000
2019-01-12 21:00:00,1566.971436,0.560805,0.897848,0.000000
2019-01-12 22:00:00,1451.277832,0.520467,0.887362,0.000000
2019-01-12 23:00:00,1376.751343,0.451112,0.861897,0.000000
2019-01-13 00:00:00,1315.479614,0.440436,0.864998,0.000000
2019-01-13 01:00:00,1266.387451,0.374859,0.843833,0.000000
2019-01-13 02:00:00,1251.704956,0.391748,0.769693,0.000000
2019-01-13 03:00:00,1243.050903,0.418889,0.698250,0.000000
2019-01-13 04:00:00,1270.030396,0.508399,0.763018,0.000000
2019-01-13 05:00:00,1335.267578,0.535669,0.877972,0.000000
2019-01-13 06:00:00,1429.601196,0.513169,0.885134,0.000000
2019-01-13 07:00:00,1559.018311,0.504652,0.858892,0.000000
2019-01-13 08:00:00,1677.702881,0.592993,0.799516,0.011407
2019-01-13 09:00:00,1778.122437,0.737811,0.924881,0.030418
2019-01-13 10:00:00,1808.692261,0.799472,0.945833,0.057034
2019-01-13 11:00:00,1802.306396,0.778036,0.960009,0.076046
2019-01-13 12:00:00,1794.738770,0.823181,0.951789,0.057034
2019-01-13 13:00:00,1788.370117,0.830694,0.970229,0.038023
2019-01-13 14:00:00,1794.698853,0.810738,0.968417,0.011407
2019-01-13 15:00:00,1895.124023,0.785675,0.953455,0.000000
2019-01-13 16:00:00,2061.995361,0.841188,0.955701,0.000000
2019-01-13 17:00:00,2044.177002,0.892593,0.977478,0.000000
2019-01-13 18:00:00,1895.427124,0.873456,0.978378,0.000000
2019-01-13 19:00:00,1770.705078,0.897131,0.980435,0.000000
2019-01-13 20:00:00,1661.607910,0.896347,0.974267,0.000000
2019-01-13 21:00:00,1583.921753,0.904755,0.977634,0.000000
2019-01-13 22:00:00,1494.938477,0.898820,0.980154,0.000000
2019-01-13 23:00:00,1429.510132,0.836735,0.968525,0.000000
2019-01-14 00:00:00,1359.836426,0.807556,0.651977,0.000000
2019-01-14 01:00:00,1356.966919,0.854401,0.582197,0.000000
2019-01-14 02:00:00,1374.590332,0.893832,0.585458,0.000000
2019-01-14 03:00:00,1412.971680,0.894199,0.927587,0.000000
2019-01-14 04:00:00,1531.150879,0.915759,0.937377,0.000000
2019-01-14 05:00:00,1745.884888,0.930498,0.978596,0.000000
2019-01-14 06:00:00,1994.893799,0.917592,0.967811,0.000000
2019-01-14 07:00:00,2068.589844,0.895641,0.965527,0.003802
2019-01-14 08:00:00,2102.378174,0.915983,0.980034,0.049430
2019-01-14 09:00:00,2093.849609,0.921921,0.958233,0.144487
2019-01-14 10:00:00,2068.453613,0.924951,0.971533,0.247148
2019-01-14 11:00:00,2041.193359,0.926751,0.972581,0.338403
2019-01-14 12:00:00,2040.609253,0.916829,0.975765,0.315589
2019-01-14 13:00:00,2019.106689,0.900810,0.974669,0.201521
2019-01-14 14:00:00,1991.590454,0.881194,0.970779,0.053232
2019-01-14 15:00:00,2100.503174,0.862371,0.966732,0.003802
2019-01-14 16:00:00,2290.850098,0.847468,0.970806,0.000000
2019-01-14 17:00:00,2231.352783,0.851322,0.973433,0.000000
2019-01-14 18:00:00,2092.800781,0.842478,0.966575,0.000000
2019-01-14 19:00:00,1949.031738,0.822523,0.918391,0.000000
2019-01-14 20:00:00,1804.318359,0.813030,0.874552,0.000000
2019-01-14 21:00:00,1651.145874,0.810644,0.840536,0.000000
2019-01-14 22:00:00,1529.646973,0.830037,0.904080,0.000000
2019-01-14 23:00:00,1435.723267,0.811788,0.936804,0.000000
2019-01-15 00:00:00,1385.555664,0.799847,0.947349,0.000000
2019-01-15 01:00:00,1346.544922,0.698372,0.950237,0.000000
2019-01-15 02:00:00,1351.971558,0.611810,0.900654,0.000000
2019-01-15 03:00:00,1391.023193,0.626908,0.927944,0.000000
2019-01-15 04:00:00,1492.490356,0.642186,0.908183,0.000000
2019-01-15 05:00:00,1741.581787,0.673672,0.911252,0.000000
2019-01-15 06:00:00,1994.276123,0.628121,0.895739,0.000000
2019-01-15 07:00:00,2031.708252,0.535276,0.796227,0.003802
2019-01-15 08:00:00,2058.212158,0.485764,0.808003,0.030418
2019-01-15 09:00:00,2072.769287,0.438291,0.863785,0.064639
2019-01-15 10:00:00,2053.357178,0.479707,0.871356,0.049430
2019-01-15 11:00:00,2061.181641,0.624887,0.868228,0.041825
2019-01-15 12:00:00,2075.882080,0.768600,0.902649,0.030418
2019-01-15 13:00:00,2053.735840,0.830900,0.937788,0.022814
2019-01-15 14:00:00,2031.587524,0.848166,0.962491,0.007605
2019-01-15 15:00:00,2110.984619,0.857970,0.971710,0.007605
2019-01-15 16:00:00,2255.062744,0.847407,0.974809,0.000000
2019-01-15 17:00:00,2182.931885,0.815334,0.979616,0.000000
2019-01-15 18:00:00,2040.222778,0.765597,0.971942,0.000000
2019-01-15 19:00:00,1890.626709,0.710702,0.934663,0.000000
2019-01-15 20:00:00,1752.096924,0.695455,0.961328,0.000000
2019-01-15 21:00:00,1597.552856,0.681093,0.960345,0.000000
2019-01-15 22:00:00,1454.054199,0.603422,0.931304,0.000000
2019-01-15 23:00:00,1350.043579,0.492436,0.765355,0.000000
2019-01-16 00:00:00,1300.686401,0.444008,0.791203,0.000000
2019-01-16 01:00:00,1284.666016,0.443783,0.924467,0.000000
2019-01-16 02:00:00,1292.172363,0.495225,0.895392,0.000000
2019-01-16 03:00:00,1324.837524,0.606657,0.862165,0.000000
2019-01-16 04:00:00,1431.092896,0.646275,0.868370,0.000000
2019-01-16 05:00:00,1670.021362,0.624283,0.891883,0.000000
2019-01-16 06:00:00,1915.850464,0.623721,0.820214,0.000000
2019-01-16 07:00:00,1984.788940,0.594934,0.713414,0.000000
2019-01-16 08:00:00,1986.388062,0.589818,0.663987,0.019011
2019-01-16 09:00:00,2003.200684,0.628948,0.605174,0.034221
2019-01-16 10:00:00,2004.525635,0.694004,0.662724,0.041825
2019-01-16 11:00:00,1993.303589,0.706721,0.662696,0.041825
2019-01-16 12:00:00,2003.535767,0.708627,0.840562,0.038023
2019-01-16 13:00:00,2000.751709,0.731713,0.852719,0.019011
2019-01-16 14:00:00,1993.563965,0.753706,0.910676,0.007605
2019-01-16 15:00:00,2050.999512,0.790967,0.922356,0.000000
2019-01-16 16:00:00,2191.962646,0.817601,0.940968,0.000000
2019-01-16 17:00:00,2120.395996,0.848690,0.957608,0.000000
2019-01-16 18:00:00,1988.649780,0.877143,0.975005,0.000000
2019-01-16 19:00:00,1866.603271,0.900835,0.979919,0.000000
2019-01-16 20:00:00,1750.843018,0.919657,0.982979,0.000000
2019-01-16 21:00:00,1602.014038,0.926619,0.983710,0.000000
2019-01-16 22:00:00,1474.866943,0.908259,0.980048,0.000000
2019-01-16 23:00:00,1378.109131,0.844290,0.978173,0.000000
2019-01-17 00:00:00,1318.482788,0.755102,0.960407,0.000000
2019-01-17 01:00:00,1288.620483,0.678723,0.940746,0.000000
2019-01-17 02:00:00,1295.676147,0.720484,0.840858,0.000000
2019-01-17 03:00:00,1326.769165,0.754489,0.855644,0.000000
2019-01-17 04:00:00,1423.978149,0.741918,0.799891,0.000000
2019-01-17 05:00:00,1674.786743,0.727916,0.926395,0.000000
2019-01-17 06:00:00,1936.678345,0.718598,0.960314,0.000000
2019-01-17 07:00:00,2018.649536,0.685932,0.958784,0.003802
2019-01-17 08:00:00,2028.072510,0.635123,0.937144,0.041825
2019-01-17 09:00:00,2052.580322,0.632362,0.922174,0.106464
2019-01-17 10:00:00,2053.436523,0.653333,0.907365,0.110266
2019-01-17 11:00:00,2043.430908,0.642684,0.899638,0.072243
2019-01-17 12:00:00,2064.567139,0.645943,0.903027,0.038023
2019-01-17 13:00:00,2078.496826,0.604620,0.892068,0.034221
2019-01-17 14:00:00,2058.391846,0.507781,0.898436,0.011407
2019-01-17 15:00:00,2115.631592,0.414588,0.723207,0.000000
2019-01-17 16:00:00,2255.762451,0.431845,0.459394,0.000000
2019-01-17 17:00:00,2199.701416,0.455585,0.563040,0.000000
2019-01-17 18:00:00,2072.686279,0.521971,0.486264,0.000000
2019-01-17 19:00:00,1945.115479,0.619210,0.647293,0.000000
2019-01-17 20:00:00,1825.132080,0.644069,0.808942,0.000000
2019-01-17 21:00:00,1683.714111,0.641505,0.911108,0.000000
2019-01-17 22:00:00,1553.241333,0.604553,0.864153,0.000000
2019-01-17 23:00:00,1464.284912,0.522373,0.853833,0.000000
2019-01-18 00:00:00,1404.727905,0.415052,0.699968,0.000000
2019-01-18 01:00:00,1365.401489,0.294428,0.541139,0.000000
2019-01-18 02:00:00,1360.102051,0.201032,0.248811,0.000000
2019-01-18 03:00:00,1394.295166,0.182187,0.165992,0.000000
2019-01-18 04:00:00,1490.703491,0.111948,0.301053,0.000000
2019-01-18 05:00:00,1742.009766,0.085462,0.170233,0.000000
2019-01-18 06:00:00,2005.302002,0.073651,0.074987,0.000000
2019-01-18 07:00:00,2087.576660,0.146417,0.076484,0.007605
2019-01-18 08:00:00,2094.245117,0.255010,0.215762,0.068441
2019-01-18 09:00:00,2081.729248,0.291932,0.391157,0.190114
2019-01-18 10:00:00,2032.211548,0.252813,0.699578,0.292776
2019-01-18 11:00:00,1982.447144,0.237781,0.688324,0.338403
2019-01-18 12:00:00,1951.042236,0.245201,0.629757,0.304183
2019-01-18 13:00:00,1909.987061,0.224416,0.536227,0.205323
2019-01-18 14:00:00,1911.599121,0.164012,0.540271,0.068441
2019-01-18 15:00:00,2016.680420,0.157129,0.408767,0.015209
2019-01-18 16:00:00,2189.255127,0.145697,0.270680,0.000000
2019-01-18 17:00:00,2150.031494,0.146167,0.214854,0.000000
2019-01-18 18:00:00,2000.967163,0.210486,0.218245,0.000000
2019-01-18 19:00:00,1850.475708,0.272057,0.227085,0.000000
2019-01-18 20:00:00,1736.861938,0.262070,0.263628,0.000000
2019-01-18 21:00:00,1622.298584,0.230322,0.307456,0.000000
2019-01-18 22:00:00,1515.607666,0.211736,0.309308,0.000000
2019-01-18 23:00:00,1441.754761,0.183904,0.252604,0.000000
2019-01-19 00:00:00,1379.189331,0.151449,0.251466,0.000000
2019-01-19 01:00:00,1337.150146,0.132066,0.243230,0.000000
2019-01-19 02:00:00,1339.601196,0.126229,0.172226,0.000000
2019-01-19 03:00:00,1343.313477,0.090996,0.108169,0.000000
2019-01-19 04:00:00,1371.140747,0.082372,0.087174,0.000000
2019-01-19 05:00:00,1440.376221,0.065623,0.078795,0.000000
2019-01-19 06:00:00,1558.925903,0.064633,0.058336,0.000000
2019-01-19 07:00:00,1678.293701,0.070773,0.061179,0.003802
2019-01-19 08:00:00,1785.007935,0.086490,0.062311,0.057034
2019-01-19 09:00:00,1834.421509,0.078183,0.060526,0.114068
2019-01-19 10:00:00,1827.510742,0.073358,0.074190,0.152091
2019-01-19 11:00:00,1815.034302,0.069938,0.096518,0.129278
2019-01-19 12:00:00,1813.875610,0.082633,0.061191,0.079848
2019-01-19 13:00:00,1820.287476,0.067046,0.027095,0.038023
2019-01-19 14:00:00,1814.977295,0.046875,0.011066,0.011407
2019-01-19 15:00:00,1934.440918,0.030868,0.010927,0.003802
2019-01-19 16:00:00,2089.342773,0.024029,0.011668,0.000000
2019-01-19 17:00:00,2055.932617,0.031786,0.011375,0.000000
2019-01-19 18:00:00,1916.931641,0.046050,0.028291,0.000000
2019-01-19 19:00:00,1793.833374,0.052370,0.042309,0.000000
2019-01-19 20:00:00,1702.349609,0.058909,0.025943,0.000000
2019-01-19 21:00:00,1616.996826,0.054035,0.041336,0.000000
2019-01-19 22:00:00,1516.935669,0.054802,0.033039,0.000000
2019-01-19 23:00:00,1437.939819,0.059693,0.024019,0.000000
2019-01-20 00:00:00,1379.254639,0.052148,0.020377,0.000000
2019-01-20 01:00:00,1348.689575,0.049123,0.009928,0.000000
2019-01-20 02:00:00,1336.448975,0.046888,0.011823,0.000000
2019-01-20 03:00:00,1335.264404,0.042802,0.015432,0.000000
2019-01-20 04:00:00,1367.549194,0.042665,0.015914,0.000000
2019-01-20 05:00:00,1427.244873,0.035185,0.006795,0.000000
2019-01-20 06:00:00,1537.834351,0.039620,0.009770,0.000000
2019-01-20 07:00:00,1660.109009,0.043319,0.005770,0.007605
2019-01-20 08:00:00,1755.569824,0.043146,0.011470,0.068441
2019-01-20 09:00:00,1804.045410,0.039047,0.010516,0.186312
2019-01-20 10:00:00,1801.505859,0.038740,0.006493,0.269962
2019-01-20 11:00:00,1781.995361,0.040176,0.006379,0.285171
2019-01-20 12:00:00,1761.286621,0.041265,0.006129,0.231939
2019-01-20 13:00:00,1749.648315,0.043364,0.014953,0.136882
2019-01-20 14:00:00,1759.004761,0.045800,0.029028,0.041825
2019-01-20 15:00:00,1871.685425,0.047327,0.040266,0.003802
2019-01-20 16:00:00,2097.704834,0.052554,0.027020,0.000000
2019-01-20 17:00:00,2079.307617,0.059971,0.052759,0.000000
2019-01-20 18:00:00,1950.603271,0.061058,0.042119,0.000000
2019-01-20 19:00:00,1819.626953,0.073686,0.044254,0.000000
2019-01-20 20:00:00,1688.394531,0.085268,0.069919,0.000000
2019-01-20 21:00:00,1554.656860,0.109716,0.090723,0.000000
2019-01-20 22:00:00,1441.555664,0.148350,0.156531,0.000000
2019-01-20 23:00:00,1354.873413,0.186565,0.196734,0.000000
2019-01-21 00:00:00,1316.400024,0.204932,0.193124,0.000000
2019-01-21 01:00:00,1301.492554,0.206212,0.216022,0.000000
2019-01-21 02:00:00,1317.104492,0.238867,0.292176,0.000000
2019-01-21 03:00:00,1356.146973,0.272692,0.365987,0.000000
2019-01-21 04:00:00,1467.047852,0.324927,0.430861,0.000000
2019-01-21 05:00:00,1714.197632,0.440499,0.492477,0.000000
2019-01-21 06:00:00,2000.161011,0.528939,0.714174,0.000000
2019-01-21 07:00:00,2100.754150,0.554615,0.825799,0.000000
2019-01-21 08:00:00,2139.401367,0.535603,0.879232,0.003802
2019-01-21 09:00:00,2158.946045,0.532201,0.824593,0.015209
2019-01-21 10:00:00,2141.038330,0.530362,0.858481,0.034221
2019-01-21 11:00:00,2111.423340,0.530068,0.679037,0.053232
2019-01-21 12:00:00,2114.987061,0.560632,0.653391,0.041825
2019-01-21 13:00:00,2107.070557,0.619421,0.687858,0.034221
2019-01-21 14:00:00,2090.925781,0.611205,0.716772,0.019011
2019-01-21 15:00:00,2147.944092,0.541519,0.760927,0.003802
2019-01-21 16:00:00,2305.882568,0.456305,0.667508,0.000000
2019-01-21 17:00:00,2236.831055,0.370628,0.650091,0.000000
2019-01-21 18:00:00,2085.854736,0.289369,0.635848,0.000000
2019-01-21 19:00:00,1936.312012,0.208116,0.532999,0.000000
2019-01-21 20:00:00,1795.144165,0.157742,0.465496,0.000000
2019-01-21 21:00:00,1636.699707,0.129207,0.419430,0.000000
2019-01-21 22:00:00,1489.965088,0.122582,0.346212,0.000000
2019-01-21 23:00:00,1398.956299,0.100191,0.300339,0.000000
2019-01-22 00:00:00,1348.548950,0.086708,0.202044,0.000000
2019-01-22 01:00:00,1318.966064,0.078213,0.144686,0.000000
2019-01-22 02:00:00,1330.051270,0.064330,0.090792,0.000000
2019-01-22 03:00:00,1371.922363,0.043063,0.032545,0.000000
2019-01-22 04:00:00,1481.589478,0.034488,0.011524,0.000000
2019-01-22 05:00:00,1721.690308,0.042921,0.060823,0.000000
2019-01-22 06:00:00,1988.447144,0.054014,0.157401,0.000000
2019-01-22 07:00:00,2058.633057,0.051430,0.156794,0.000000
2019-01-22 08:00:00,2084.905518,0.061239,0.124617,0.011407
2019-01-22 09:00:00,2100.998291,0.075942,0.102065,0.022814
2019-01-22 10:00:00,2083.724121,0.104902,0.154554,0.038023
2019-01-22 11:00:00,2075.673096,0.158301,0.187544,0.041825
2019-01-22 12:00:00,2076.637451,0.194016,0.178562,0.034221
2019-01-22 13:00:00,2066.734131,0.206707,0.314692,0.026616
2019-01-22 14:00:00,2056.866943,0.245925,0.378596,0.007605
2019-01-22 15:00:00,2125.649414,0.255737,0.479692,0.003802
2019-01-22 16:00:00,2292.556152,0.312064,0.639421,0.000000
2019-01-22 17:00:00,2224.691406,0.337408,0.801557,0.000000
2019-01-22 18:00:00,2099.700684,0.366088,0.863753,0.000000
2019-01-22 19:00:00,1960.556396,0.406108,0.853605,0.000000
2019-01-22 20:00:00,1826.347046,0.404424,0.826571,0.000000
2019-01-22 21:00:00,1675.786621,0.400420,0.857897,0.000000
2019-01-22 22:00:00,1540.793701,0.420359,0.759462,0.000000
2019-01-22 23:00:00,1458.549683,0.394351,0.690299,0.000000
2019-01-23 00:00:00,1405.367676,0.336869,0.628329,0.000000
2019-01-23 01:00:00,1382.772095,0.285867,0.511438,0.000000
2019-01-23 02:00:00,1372.602905,0.268058,0.474379,0.000000
2019-01-23 03:00:00,1418.481567,0.301678,0.467450,0.000000
2019-01-23 04:00:00,1513.835693,0.334715,0.466065,0.000000
2019-01-23 05:00:00,1777.633911,0.339348,0.503327,0.000000
2019-01-23 06:00:00,2044.075439,0.331753,0.496485,0.000000
2019-01-23 07:00:00,2108.623779,0.314541,0.481038,0.007605
2019-01-23 08:00:00,2126.278076,0.271112,0.354219,0.068441
2019-01-23 09:00:00,2122.753174,0.208386,0.194347,0.163498
2019-01-23 10:00:00,2089.325195,0.157983,0.170645,0.266160
2019-01-23 11:00:00,2052.664063,0.140053,0.170764,0.349810
2019-01-23 12:00:00,2037.621094,0.131716,0.135285,0.330798
2019-01-23 13:00:00,2009.420288,0.111634,0.146928,0.212928
2019-01-23 14:00:00,2007.840698,0.129705,0.211945,0.060837
2019-01-23 15:00:00,2108.413818,0.163406,0.259845,0.015209
2019-01-23 16:00:00,2313.960449,0.185172,0.284281,0.000000
2019-01-23 17:00:00,2247.489990,0.172273,0.253707,0.000000
2019-01-23 18:00:00,2103.845459,0.186956,0.239098,0.000000
2019-01-23 19:00:00,1975.318726,0.212660,0.288756,0.000000
2019-01-23 20:00:00,1839.221680,0.224965,0.274931,0.000000
2019-01-23 21:00:00,1694.681274,0.189675,0.270757,0.000000
2019-01-23 22:00:00,1559.773682,0.170792,0.279351,0.000000
2019-01-23 23:00:00,1458.794556,0.182482,0.258602,0.000000
2019-01-24 00:00:00,1408.255859,0.178153,0.236553,0.000000
2019-01-24 01:00:00,1387.503906,0.144420,0.190729,0.000000
2019-01-24 02:00:00,1395.073364,0.123811,0.145875,0.000000
2019-01-24 03:00:00,1424.264160,0.106876,0.135860,0.000000
2019-01-24 04:00:00,1536.474854,0.087462,0.129167,0.000000
2019-01-24 05:00:00,1795.455566,0.095827,0.121274,0.000000
2019-01-24 06:00:00,2060.469971,0.087210,0.115808,0.000000
2019-01-24 07:00:00,2128.944580,0.090017,0.110941,0.003802
2019-01-24 08:00:00,2150.739014,0.079756,0.123659,0.030418
2019-01-24 09:00:00,2170.421143,0.083358,0.108665,0.060837
2019-01-24 10:00:00,2156.954834,0.076207,0.087795,0.095057
2019-01-24 11:00:00,2137.205078,0.069377,0.071035,0.110266
2019-01-24 12:00:00,2132.893311,0.054106,0.051402,0.091255
2019-01-24 13:00:00,2107.880615,0.033120,0.039489,0.060837
2019-01-24 14:00:00,2090.552002,0.021929,0.032815,0.026616
2019-01-24 15:00:00,2163.616943,0.022321,0.048118,0.003802
2019-01-24 16:00:00,2334.580078,0.018360,0.028752,0.000000
2019-01-24 17:00:00,2273.932617,0.015070,0.022327,0.000000
2019-01-24 18:00:00,2143.167480,0.012667,0.011871,0.000000
2019-01-24 19:00:00,1997.975952,0.017071,0.012605,0.000000
2019-01-24 20:00:00,1863.625854,0.018576,0.020654,0.000000
2019-01-24 21:00:00,1703.419189,0.017256,0.024406,0.000000
2019-01-24 22:00:00,1568.886719,0.017701,0.016141,0.000000
2019-01-24 23:00:00,1474.078369,0.014959,0.013747,0.000000
2019-01-25 00:00:00,1424.038696,0.011888,0.024849,0.000000
2019-01-25 01:00:00,1395.651733,0.010260,0.041042,0.000000
2019-01-25 02:00:00,1402.022095,0.006724,0.029397,0.000000
2019-01-25 03:00:00,1437.340332,0.008912,0.006175,0.000000
2019-01-25 04:00:00,1536.659546,0.008134,0.009451,0.000000
2019-01-25 05:00:00,1782.028198,0.007428,0.025242,0.000000
2019-01-25 06:00:00,2046.346924,0.007522,0.005438,0.000000
2019-01-25 07:00:00,2136.147461,0.014303,0.044740,0.000000
2019-01-25 08:00:00,2168.709961,0.029801,0.118802,0.007605
2019-01-25 09:00:00,2204.361084,0.040611,0.191072,0.019011
2019-01-25 10:00:00,2178.483643,0.048034,0.176375,0.026616
2019-01-25 11:00:00,2149.157959,0.037572,0.139307,0.030418
2019-01-25 12:00:00,2123.732178,0.049785,0.157284,0.026616
2019-01-25 13:00:00,2094.770508,0.071822,0.181606,0.015209
2019-01-25 14:00:00,2078.427490,0.066254,0.192601,0.003802
2019-01-25 15:00:00,2167.045410,0.071242,0.208316,0.007605
2019-01-25 16:00:00,2268.403564,0.102293,0.184498,0.000000
2019-01-25 17:00:00,2178.330322,0.161270,0.211492,0.000000
2019-01-25 18:00:00,2065.604980,0.187921,0.309133,0.000000
2019-01-25 19:00:00,1920.855225,0.221112,0.397798,0.000000
2019-01-25 20:00:00,1817.639282,0.276340,0.499664,0.000000
2019-01-25 21:00:00,1714.241333,0.281207,0.497432,0.000000
2019-01-25 22:00:00,1603.764404,0.261535,0.445537,0.000000
2019-01-25 23:00:00,1511.770142,0.186940,0.312028,0.000000
2019-01-26 00:00:00,1451.917603,0.141360,0.320989,0.000000
2019-01-26 01:00:00,1418.960693,0.114822,0.277856,0.000000
2019-01-26 02:00:00,1398.939331,0.081091,0.196057,0.000000
2019-01-26 03:00:00,1398.189819,0.065131,0.112171,0.000000
2019-01-26 04:00:00,1425.954468,0.065245,0.101419,0.000000
2019-01-26 05:00:00,1490.192871,0.075948,0.119357,0.000000
2019-01-26 06:00:00,1609.286621,0.081045,0.094329,0.000000
2019-01-26 07:00:00,1749.064087,0.071821,0.095976,0.000000
2019-01-26 08:00:00,1848.476685,0.077495,0.092544,0.003802
2019-01-26 09:00:00,1911.443848,0.093401,0.114024,0.007605
2019-01-26 10:00:00,1915.742554,0.089742,0.141774,0.011407
2019-01-26 11:00:00,1910.022583,0.080091,0.143774,0.019011
2019-01-26 12:00:00,1898.779297,0.106846,0.176377,0.022814
2019-01-26 13:00:00,1877.002197,0.083118,0.161197,0.022814
2019-01-26 14:00:00,1868.224609,0.082526,0.121444,0.007605
2019-01-26 15:00:00,1955.398193,0.052966,0.066826,0.003802
2019-01-26 16:00:00,2119.501953,0.060146,0.082500,0.000000
2019-01-26 17:00:00,2091.040771,0.097567,0.176803,0.000000
2019-01-26 18:00:00,1952.530151,0.116716,0.215498,0.000000
2019-01-26 19:00:00,1830.031494,0.148132,0.226284,0.000000
2019-01-26 20:00:00,1732.557617,0.225622,0.282096,0.000000
2019-01-26 21:00:00,1634.356445,0.303361,0.387312,0.000000
2019-01-26 22:00:00,1540.233521,0.323767,0.448673,0.000000
2019-01-26 23:00:00,1467.342407,0.304488,0.439405,0.000000
2019-01-27 00:00:00,1411.972778,0.316767,0.515881,0.000000
2019-01-27 01:00:00,1378.806763,0.381134,0.638658,0.000000
2019-01-27 02:00:00,1360.329102,0.385517,0.619412,0.000000
2019-01-27 03:00:00,1357.574097,0.393208,0.610993,0.000000
2019-01-27 04:00:00,1385.650635,0.378811,0.626068,0.000000
2019-01-27 05:00:00,1441.664795,0.391747,0.698885,0.000000
2019-01-27 06:00:00,1530.577759,0.426283,0.697364,0.000000
2019-01-27 07:00:00,1652.015503,0.429915,0.642797,0.000000
2019-01-27 08:00:00,1764.702515,0.397076,0.616718,0.007605
2019-01-27 09:00:00,1847.953857,0.356793,0.559991,0.019011
2019-01-27 10:00:00,1886.982300,0.334060,0.673227,0.030418
2019-01-27 11:00:00,1891.805542,0.334319,0.548449,0.041825
2019-01-27 12:00:00,1871.804199,0.321205,0.383864,0.034221
2019-01-27 13:00:00,1849.061646,0.262054,0.401593,0.030418
2019-01-27 14:00:00,1841.215088,0.248560,0.518089,0.011407
2019-01-27 15:00:00,1951.291016,0.257411,0.486592,0.000000
2019-01-27 16:00:00,2057.751465,0.273200,0.561410,0.000000
2019-01-27 17:00:00,1985.188232,0.259095,0.523154,0.000000
2019-01-27 18:00:00,1882.090210,0.250613,0.540525,0.000000
2019-01-27 19:00:00,1810.035278,0.210702,0.559021,0.000000
2019-01-27 20:00:00,1690.406372,0.191346,0.575054,0.000000
2019-01-27 21:00:00,1548.174438,0.150037,0.452650,0.000000
2019-01-27 22:00:00,1426.218872,0.136493,0.318716,0.000000
2019-01-27 23:00:00,1333.674805,0.158069,0.272274,0.000000
2019-01-28 00:00:00,1287.501099,0.143507,0.180652,0.000000
2019-01-28 01:00:00,1266.888794,0.191781,0.206406,0.000000
2019-01-28 02:00:00,1267.999268,0.197498,0.238141,0.000000
2019-01-28 03:00:00,1298.500610,0.202664,0.189059,0.000000
2019-01-28 04:00:00,1415.057983,0.239845,0.323375,0.000000
2019-01-28 05:00:00,1669.393921,0.201234,0.315632,0.000000
2019-01-28 06:00:00,1911.003052,0.146649,0.111920,0.000000
2019-01-28 07:00:00,1999.684326,0.116178,0.105722,0.003802
2019-01-28 08:00:00,2025.316284,0.106676,0.158470,0.041825
2019-01-28 09:00:00,2041.395386,0.092786,0.156849,0.087452
2019-01-28 10:00:00,2036.218872,0.072341,0.144339,0.114068
2019-01-28 11:00:00,2028.306885,0.055685,0.118677,0.106464
2019-01-28 12:00:00,2021.873901,0.033480,0.104874,0.102662
2019-01-28 13:00:00,1999.041870,0.023290,0.050940,0.057034
2019-01-28 14:00:00,1981.332520,0.020336,0.021698,0.019011
2019-01-28 15:00:00,2057.525879,0.027005,0.012294,0.003802
2019-01-28 16:00:00,2223.629883,0.057719,0.016003,0.003802
2019-01-28 17:00:00,2182.702637,0.135583,0.026406,0.000000
2019-01-28 18:00:00,2044.280029,0.208962,0.143856,0.000000
2019-01-28 19:00:00,1901.283325,0.278789,0.300370,0.000000
2019-01-28 20:00:00,1787.072388,0.323264,0.351754,0.000000
2019-01-28 21:00:00,1630.333374,0.349114,0.418158,0.000000
2019-01-28 22:00:00,1491.358643,0.325366,0.540601,0.000000
2019-01-28 23:00:00,1410.294189,0.302721,0.510758,0.000000
2019-01-29 00:00:00,1362.850586,0.299058,0.491504,0.000000
2019-01-29 01:00:00,1342.093506,0.276533,0.511582,0.000000
2019-01-29 02:00:00,1345.929688,0.224064,0.549437,0.000000
2019-01-29 03:00:00,1379.853516,0.171251,0.466088,0.000000
2019-01-29 04:00:00,1488.243408,0.130129,0.316017,0.000000
2019-01-29 05:00:00,1739.052612,0.145793,0.254973,0.000000
2019-01-29 06:00:00,1987.706543,0.141021,0.281989,0.000000
2019-01-29 07:00:00,2066.709717,0.149093,0.248193,0.015209
2019-01-29 08:00:00,2061.920898,0.138739,0.299311,0.121673
2019-01-29 09:00:00,2049.813477,0.144335,0.255671,0.273764
2019-01-29 10:00:00,2022.700928,0.140204,0.318265,0.399240
2019-01-29 11:00:00,1986.659912,0.166872,0.297365,0.399240
2019-01-29 12:00:00,1965.276978,0.216100,0.339160,0.300380
2019-01-29 13:00:00,1940.755859,0.236234,0.421136,0.159696
2019-01-29 14:00:00,1941.219727,0.190347,0.259261,0.053232
2019-01-29 15:00:00,2020.442749,0.151253,0.238422,0.011407
2019-01-29 16:00:00,2230.884766,0.167558,0.350160,0.000000
2019-01-29 17:00:00,2177.887695,0.189400,0.302135,0.000000
2019-01-29 18:00:00,2036.699707,0.252946,0.583363,0.000000
2019-01-29 19:00:00,1906.801392,0.270940,0.640960,0.000000
2019-01-29 20:00:00,1775.726196,0.283264,0.510850,0.000000
2019-01-29 21:00:00,1638.346191,0.243227,0.453475,0.000000
2019-01-29 22:00:00,1510.115234,0.180449,0.369026,0.000000
2019-01-29 23:00:00,1416.536499,0.142480,0.192729,0.000000
2019-01-30 00:00:00,1367.444458,0.120599,0.103205,0.000000
2019-01-30 01:00:00,1346.381958,0.083185,0.081278,0.000000
2019-01-30 02:00:00,1354.526367,0.070726,0.083633,0.000000
2019-01-30 03:00:00,1383.469238,0.091805,0.133251,0.000000
2019-01-30 04:00:00,1491.440063,0.142482,0.152884,0.000000
2019-01-30 05:00:00,1746.330322,0.174046,0.259034,0.000000
2019-01-30 06:00:00,2002.290527,0.204559,0.326914,0.000000
2019-01-30 07:00:00,2064.091064,0.218556,0.425020,0.022814
2019-01-30 08:00:00,2087.511719,0.223782,0.469334,0.102662
2019-01-30 09:00:00,2082.630615,0.206671,0.579948,0.216730
2019-01-30 10:00:00,2047.704712,0.215649,0.577914,0.319392
2019-01-30 11:00:00,2016.162842,0.228397,0.502765,0.353612
2019-01-30 12:00:00,2002.121460,0.269789,0.452974,0.304183
2019-01-30 13:00:00,1995.089966,0.281792,0.667456,0.205323
2019-01-30 14:00:00,1993.225830,0.361263,0.875891,0.091255
2019-01-30 15:00:00,2061.755127,0.414669,0.853021,0.015209
2019-01-30 16:00:00,2270.579102,0.428737,0.871259,0.000000
2019-01-30 17:00:00,2222.412354,0.479794,0.880795,0.000000
2019-01-30 18:00:00,2078.425537,0.535267,0.929109,0.000000
2019-01-30 19:00:00,1970.083740,0.593214,0.948454,0.000000
2019-01-30 20:00:00,1836.321289,0.612395,0.954642,0.000000
2019-01-30 21:00:00,1677.981689,0.572372,0.960659,0.000000
2019-01-30 22:00:00,1541.541870,0.564611,0.952142,0.000000
2019-01-30 23:00:00,1447.228027,0.545488,0.931991,0.000000
2019-01-31 00:00:00,1396.594849,0.502423,0.907424,0.000000
2019-01-31 01:00:00,1366.580200,0.492453,0.863658,0.000000
2019-01-31 02:00:00,1369.392334,0.526794,0.722052,0.000000
2019-01-31 03:00:00,1395.418823,0.509411,0.633790,0.000000
2019-01-31 04:00:00,1492.021851,0.476437,0.618614,0.000000
2019-01-31 05:00:00,1755.156860,0.468216,0.669595,0.000000
2019-01-31 06:00:00,2002.444824,0.437878,0.658927,0.000000
2019-01-31 07:00:00,2086.800049,0.396335,0.634625,0.000000
2019-01-31 08:00:00,2114.245850,0.366603,0.539421,0.007605
2019-01-31 09:00:00,2136.271973,0.305477,0.363572,0.022814
2019-01-31 10:00:00,2117.116211,0.253507,0.317106,0.053232
2019-01-31 11:00:00,2117.872559,0.225180,0.273301,0.072243
2019-01-31 12:00:00,2122.618896,0.192386,0.262045,0.098859
2019-01-31 13:00:00,2092.483154,0.156788,0.263018,0.068441
2019-01-31 14:00:00,2054.965576,0.126095,0.159643,0.030418
2019-01-31 15:00:00,2102.541992,0.095051,0.089132,0.007605
2019-01-31 16:00:00,2263.094971,0.066056,0.059699,0.000000
2019-01-31 17:00:00,2204.718262,0.063728,0.064511,0.000000
2019-01-31 18:00:00,2071.836914,0.072555,0.138414,0.000000
2019-01-31 19:00:00,1929.134888,0.061807,0.125678,0.000000
2019-01-31 20:00:00,1796.909546,0.065202,0.122210,0.000000
2019-01-31 21:00:00,1650.093872,0.067193,0.118476,0.000000
2019-01-31 22:00:00,1515.577759,0.084287,0.186390,0.000000
2019-01-31 23:00:00,1423.178833,0.096498,0.117249,0.000000
2019-02-01 00:00:00,1374.681274,0.077102,0.084691,0.000000
2019-02-01 01:00:00,1351.218994,0.097322,0.099828,0.000000
2019-02-01 02:00:00,1353.759644,0.143312,0.157257,0.000000
2019-02-01 03:00:00,1382.843262,0.165585,0.260722,0.000000
2019-02-01 04:00:00,1483.988647,0.176644,0.307783,0.000000
2019-02-01 05:00:00,1735.806641,0.200533,0.336933,0.000000
2019-02-01 06:00:00,1987.684692,0.262543,0.437542,0.000000
2019-02-01 07:00:00,2043.947021,0.312023,0.590654,0.015209
2019-02-01 08:00:00,2071.266113,0.351114,0.765190,0.076046
2019-02-01 09:00:00,2087.556641,0.415114,0.754479,0.148289
2019-02-01 10:00:00,2060.435059,0.387103,0.719178,0.171103
2019-02-01 11:00:00,2028.398071,0.426046,0.684730,0.186312
2019-02-01 12:00:00,2017.935547,0.449313,0.555712,0.129278
2019-02-01 13:00:00,1977.343506,0.408949,0.512254,0.087452
2019-02-01 14:00:00,1943.377441,0.332706,0.371746,0.038023
2019-02-01 15:00:00,2004.897705,0.307759,0.363216,0.007605
2019-02-01 16:00:00,2170.832764,0.235942,0.375562,0.000000
2019-02-01 17:00:00,2134.400879,0.162932,0.261508,0.000000
2019-02-01 18:00:00,2002.307861,0.120378,0.190499,0.000000
2019-02-01 19:00:00,1852.964233,0.095995,0.131069,0.000000
2019-02-01 20:00:00,1724.647827,0.074544,0.110367,0.000000
2019-02-01 21:00:00,1612.929565,0.047243,0.071461,0.000000
2019-02-01 22:00:00,1503.468384,0.038665,0.100060,0.000000
2019-02-01 23:00:00,1410.910034,0.048107,0.101517,0.000000
2019-02-02 00:00:00,1354.198730,0.035548,0.061504,0.000000
2019-02-02 01:00:00,1315.973267,0.035202,0.060717,0.000000
2019-02-02 02:00:00,1310.315308,0.053216,0.081237,0.000000
2019-02-02 03:00:00,1302.760742,0.058432,0.107298,0.000000
2019-02-02 04:00:00,1332.364502,0.066260,0.176029,0.000000
2019-02-02 05:00:00,1397.710815,0.086254,0.223653,0.000000
2019-02-02 06:00:00,1518.708496,0.105617,0.160605,0.000000
2019-02-02 07:00:00,1636.038818,0.116193,0.151915,0.003802
2019-02-02 08:00:00,1763.945190,0.113725,0.150696,0.015209
2019-02-02 09:00:00,1841.902954,0.128121,0.175100,0.026616
2019-02-02 10:00:00,1866.447021,0.143622,0.143226,0.034221
2019-02-02 11:00:00,1861.118164,0.139027,0.177362,0.038023
2019-02-02 12:00:00,1836.202393,0.218624,0.312659,0.057034
2019-02-02 13:00:00,1824.746704,0.250431,0.322652,0.041825
2019-02-02 14:00:00,1826.023682,0.249052,0.249355,0.011407
2019-02-02 15:00:00,1885.313354,0.205195,0.182703,0.003802
2019-02-02 16:00:00,2042.896606,0.185797,0.144315,0.000000
2019-02-02 17:00:00,2028.876953,0.159602,0.147492,0.000000
2019-02-02 18:00:00,1887.442871,0.145913,0.151652,0.000000
2019-02-02 19:00:00,1766.752930,0.146548,0.157811,0.000000
2019-02-02 20:00:00,1677.351563,0.140603,0.212585,0.000000
2019-02-02 21:00:00,1583.832397,0.142764,0.190217,0.000000
2019-02-02 22:00:00,1498.485229,0.121534,0.112446,0.000000
2019-02-02 23:00:00,1413.030273,0.122775,0.125576,0.000000
2019-02-03 00:00:00,1348.734619,0.137488,0.209139,0.000000
2019-02-03 01:00:00,1314.604370,0.174251,0.200595,0.000000
2019-02-03 02:00:00,1299.701904,0.188870,0.304515,0.000000
2019-02-03 03:00:00,1297.696533,0.190621,0.289840,0.000000
2019-02-03 04:00:00,1314.356323,0.222101,0.201129,0.000000
2019-02-03 05:00:00,1372.245117,0.226383,0.206729,0.000000
2019-02-03 06:00:00,1476.823975,0.284639,0.308224,0.000000
2019-02-03 07:00:00,1597.741089,0.273563,0.272649,0.003802
2019-02-03 08:00:00,1715.225098,0.251515,0.238498,0.022814
2019-02-03 09:00:00,1796.533691,0.207217,0.178536,0.041825
2019-02-03 10:00:00,1824.583862,0.204506,0.237568,0.049430
2019-02-03 11:00:00,1827.563721,0.202222,0.280529,0.057034
2019-02-03 12:00:00,1810.841919,0.207019,0.280686,0.079848
2019-02-03 13:00:00,1782.093750,0.236120,0.306483,0.091255
2019-02-03 14:00:00,1772.726196,0.212932,0.245172,0.068441
2019-02-03 15:00:00,1842.585449,0.157828,0.180952,0.019011
2019-02-03 16:00:00,2054.000488,0.107515,0.087409,0.003802
2019-02-03 17:00:00,2060.630859,0.074994,0.057852,0.000000
2019-02-03 18:00:00,1948.017700,0.062276,0.035227,0.000000
2019-02-03 19:00:00,1826.487549,0.048232,0.034790,0.000000
2019-02-03 20:00:00,1705.556763,0.071506,0.039354,0.000000
2019-02-03 21:00:00,1594.023682,0.080647,0.039044,0.000000
2019-02-03 22:00:00,1483.726807,0.092571,0.054026,0.000000
2019-02-03 23:00:00,1389.840454,0.093987,0.100444,0.000000
2019-02-04 00:00:00,1347.665405,0.090430,0.107690,0.000000
2019-02-04 01:00:00,1334.909546,0.105663,0.102151,0.000000
2019-02-04 02:00:00,1348.397095,0.116842,0.127230,0.000000
2019-02-04 03:00:00,1379.545532,0.168072,0.134046,0.000000
2019-02-04 04:00:00,1485.710815,0.193552,0.170608,0.000000
2019-02-04 05:00:00,1747.361206,0.252319,0.239550,0.000000
2019-02-04 06:00:00,1994.458008,0.363743,0.485305,0.000000
2019-02-04 07:00:00,2062.766846,0.451214,0.694659,0.038023
2019-02-04 08:00:00,2064.444092,0.501548,0.836256,0.140684
2019-02-04 09:00:00,2089.147461,0.526621,0.907226,0.182510
2019-02-04 10:00:00,2081.848389,0.549413,0.930375,0.205323
2019-02-04 11:00:00,2061.207031,0.557362,0.911481,0.178707
2019-02-04 12:00:00,2056.963867,0.580884,0.912102,0.140684
2019-02-04 13:00:00,2048.128418,0.688600,0.923887,0.095057
2019-02-04 14:00:00,2032.385254,0.752949,0.952151,0.041825
2019-02-04 15:00:00,2090.745850,0.770255,0.961317,0.007605
2019-02-04 16:00:00,2284.650635,0.805140,0.965321,0.000000
2019-02-04 17:00:00,2245.240479,0.837619,0.976522,0.000000
2019-02-04 18:00:00,2106.273438,0.849815,0.981805,0.000000
2019-02-04 19:00:00,1970.269409,0.883875,0.981277,0.000000
2019-02-04 20:00:00,1857.126831,0.914958,0.981484,0.000000
2019-02-04 21:00:00,1703.539673,0.913307,0.980131,0.000000
2019-02-04 22:00:00,1569.255371,0.891602,0.979634,0.000000
2019-02-04 23:00:00,1462.724487,0.879721,0.969419,0.000000
2019-02-05 00:00:00,1404.712402,0.867790,0.965545,0.000000
2019-02-05 01:00:00,1379.400879,0.863773,0.966084,0.000000
2019-02-05 02:00:00,1379.863525,0.847765,0.961775,0.000000
2019-02-05 03:00:00,1407.242432,0.830190,0.928173,0.000000
2019-02-05 04:00:00,1514.315796,0.826535,0.915787,0.000000
2019-02-05 05:00:00,1739.837158,0.831716,0.938029,0.000000
2019-02-05 06:00:00,1992.838257,0.840296,0.961669,0.000000
2019-02-05 07:00:00,2052.072266,0.842877,0.958731,0.011407
2019-02-05 08:00:00,2090.478027,0.839656,0.948364,0.060837
2019-02-05 09:00:00,2078.758057,0.837032,0.958311,0.106464
2019-02-05 10:00:00,2063.949219,0.824254,0.944397,0.144487
2019-02-05 11:00:00,2045.467896,0.798424,0.955442,0.174905
2019-02-05 12:00:00,2028.326660,0.766793,0.965034,0.152091
2019-02-05 13:00:00,2002.610596,0.745404,0.954535,0.106464
2019-02-05 14:00:00,1980.020752,0.704260,0.957329,0.057034
2019-02-05 15:00:00,2012.250244,0.667334,0.952416,0.011407
2019-02-05 16:00:00,2210.831543,0.617456,0.938555,0.003802
2019-02-05 17:00:00,2179.753906,0.580105,0.882451,0.000000
2019-02-05 18:00:00,2039.081665,0.521857,0.784616,0.000000
2019-02-05 19:00:00,1899.090698,0.519058,0.827753,0.000000
2019-02-05 20:00:00,1762.951538,0.483580,0.785255,0.000000
2019-02-05 21:00:00,1598.929565,0.484488,0.661505,0.000000
2019-02-05 22:00:00,1484.294800,0.474633,0.708874,0.000000
2019-02-05 23:00:00,1383.417725,0.410447,0.504820,0.000000
2019-02-06 00:00:00,1320.367188,0.300057,0.349596,0.000000
2019-02-06 01:00:00,1290.309204,0.225719,0.186558,0.000000
2019-02-06 02:00:00,1300.823120,0.154861,0.178913,0.000000
2019-02-06 03:00:00,1330.413940,0.139384,0.199435,0.000000
2019-02-06 04:00:00,1432.760620,0.129865,0.244577,0.000000
2019-02-06 05:00:00,1689.077148,0.209222,0.415307,0.000000
2019-02-06 06:00:00,1941.968750,0.277733,0.499006,0.000000
2019-02-06 07:00:00,2009.284058,0.347834,0.505768,0.007605
2019-02-06 08:00:00,2054.706055,0.447942,0.660314,0.034221
2019-02-06 09:00:00,2079.030029,0.518267,0.727717,0.053232
2019-02-06 10:00:00,2099.581543,0.507771,0.774722,0.057034
2019-02-06 11:00:00,2091.636230,0.475614,0.733377,0.057034
2019-02-06 12:00:00,2091.249268,0.441803,0.741314,0.034221
2019-02-06 13:00:00,2063.942139,0.421774,0.642908,0.030418
2019-02-06 14:00:00,2040.723877,0.450076,0.736544,0.015209
2019-02-06 15:00:00,2078.362793,0.459687,0.717959,0.003802
2019-02-06 16:00:00,2232.613037,0.443377,0.742442,0.000000
2019-02-06 17:00:00,2183.056152,0.428936,0.645575,0.000000
2019-02-06 18:00:00,2033.529175,0.359418,0.473368,0.000000
2019-02-06 19:00:00,1886.831665,0.324134,0.449662,0.000000
2019-02-06 20:00:00,1734.411011,0.261930,0.309767,0.000000
2019-02-06 21:00:00,1586.897095,0.235159,0.237948,0.000000
2019-02-06 22:00:00,1439.068237,0.184236,0.249797,0.000000
2019-02-06 23:00:00,1351.026245,0.146993,0.215466,0.000000
2019-02-07 00:00:00,1290.827759,0.114099,0.283661,0.000000
2019-02-07 01:00:00,1265.164429,0.082175,0.235502,0.000000
2019-02-07 02:00:00,1271.965576,0.072453,0.317401,0.000000
2019-02-07 03:00:00,1298.090820,0.084705,0.325467,0.000000
2019-02-07 04:00:00,1404.922729,0.103645,0.451149,0.000000
2019-02-07 05:00:00,1663.500977,0.168999,0.345425,0.000000
2019-02-07 06:00:00,1902.308350,0.293047,0.445863,0.000000
2019-02-07 07:00:00,1987.665283,0.382717,0.587627,0.007605
2019-02-07 08:00:00,2030.534058,0.448303,0.677488,0.019011
2019-02-07 09:00:00,2066.998535,0.521249,0.842223,0.038023
2019-02-07 10:00:00,2075.590576,0.586358,0.855841,0.060837
2019-02-07 11:00:00,2066.877441,0.640559,0.958484,0.053232
2019-02-07 12:00:00,2072.149902,0.643614,0.932286,0.045627
2019-02-07 13:00:00,2040.703491,0.652427,0.946303,0.034221
2019-02-07 14:00:00,2021.601318,0.629427,0.945282,0.026616
2019-02-07 15:00:00,2041.475220,0.576634,0.942415,0.007605
2019-02-07 16:00:00,2191.983398,0.581221,0.919100,0.000000
2019-02-07 17:00:00,2165.477295,0.654831,0.931283,0.000000
2019-02-07 18:00:00,2043.899902,0.761676,0.963230,0.000000
2019-02-07 19:00:00,1927.317505,0.866753,0.959885,0.000000
2019-02-07 20:00:00,1801.057617,0.907122,0.974493,0.000000
2019-02-07 21:00:00,1637.991577,0.921066,0.976481,0.000000
2019-02-07 22:00:00,1493.416016,0.905222,0.983632,0.000000
2019-02-07 23:00:00,1403.396484,0.880253,0.955854,0.000000
2019-02-08 00:00:00,1342.869629,0.864444,0.942249,0.000000
2019-02-08 01:00:00,1318.186768,0.834656,0.968882,0.000000
2019-02-08 02:00:00,1320.191406,0.840569,0.976635,0.000000
2019-02-08 03:00:00,1339.857910,0.837989,0.946021,0.000000
2019-02-08 04:00:00,1438.629395,0.809422,0.924637,0.000000
2019-02-08 05:00:00,1679.060181,0.768966,0.925585,0.000000
2019-02-08 06:00:00,1921.960815,0.753241,0.923094,0.000000
2019-02-08 07:00:00,1979.645020,0.727328,0.901775,0.011407
2019-02-08 08:00:00,2001.839355,0.653723,0.896087,0.064639
2019-02-08 09:00:00,2004.202026,0.612630,0.957048,0.129278
2019-02-08 10:00:00,2002.856445,0.595366,0.932813,0.125475
2019-02-08 11:00:00,1988.274658,0.602189,0.922792,0.121673
2019-02-08 12:00:00,1959.186768,0.600027,0.895157,0.110266
2019-02-08 13:00:00,1933.021851,0.620075,0.917542,0.060837
2019-02-08 14:00:00,1922.571411,0.636225,0.941081,0.019011
2019-02-08 15:00:00,1973.735229,0.673090,0.950653,0.003802
2019-02-08 16:00:00,2138.256592,0.755082,0.963163,0.000000
2019-02-08 17:00:00,2124.140869,0.809674,0.960613,0.000000
2019-02-08 18:00:00,1977.990967,0.862836,0.969699,0.000000
2019-02-08 19:00:00,1832.980347,0.882246,0.980009,0.000000
2019-02-08 20:00:00,1713.816650,0.885750,0.978153,0.000000
2019-02-08 21:00:00,1593.454102,0.883342,0.976297,0.000000
2019-02-08 22:00:00,1492.401855,0.869971,0.967600,0.000000
2019-02-08 23:00:00,1408.349854,0.863661,0.948995,0.000000
2019-02-09 00:00:00,1345.097046,0.858894,0.948943,0.000000
2019-02-09 01:00:00,1297.865723,0.858059,0.705809,0.000000
2019-02-09 02:00:00,1292.591797,0.872287,0.617849,0.000000
2019-02-09 03:00:00,1318.861938,0.881155,0.947816,0.000000
2019-02-09 04:00:00,1347.796997,0.873428,0.965285,0.000000
2019-02-09 05:00:00,1406.717651,0.851388,0.969312,0.000000
2019-02-09 06:00:00,1551.412720,0.796645,0.968503,0.000000
2019-02-09 07:00:00,1640.494141,0.789066,0.956149,0.011407
2019-02-09 08:00:00,1735.520020,0.750749,0.943510,0.072243
2019-02-09 09:00:00,1796.348389,0.768914,0.936468,0.110266
2019-02-09 10:00:00,1799.125854,0.781669,0.949255,0.193916
2019-02-09 11:00:00,1780.147949,0.814119,0.938109,0.315589
2019-02-09 12:00:00,1787.103149,0.837035,0.955820,0.247148
2019-02-09 13:00:00,1828.474243,0.871992,0.964146,0.064639
2019-02-09 14:00:00,1858.019165,0.914132,0.968953,0.026616
2019-02-09 15:00:00,1878.371582,0.958268,0.957342,0.003802
2019-02-09 16:00:00,2013.797485,0.965076,0.974794,0.003802
2019-02-09 17:00:00,1991.784180,0.970238,0.973166,0.000000
2019-02-09 18:00:00,1864.833130,0.956950,0.970955,0.000000
2019-02-09 19:00:00,1743.440796,0.953520,0.973392,0.000000
2019-02-09 20:00:00,1655.882935,0.948822,0.968058,0.000000
2019-02-09 21:00:00,1585.440186,0.954870,0.965328,0.000000
2019-02-09 22:00:00,1539.598755,0.954616,0.969234,0.000000
2019-02-09 23:00:00,1402.044922,0.917907,0.967562,0.000000
2019-02-10 00:00:00,1320.224365,0.872324,0.895820,0.000000
2019-02-10 01:00:00,1272.638672,0.819031,0.771468,0.000000
2019-02-10 02:00:00,1258.532837,0.751785,0.729326,0.000000
2019-02-10 03:00:00,1254.242188,0.603729,0.631459,0.000000
2019-02-10 04:00:00,1298.280762,0.562419,0.664480,0.000000
2019-02-10 05:00:00,1403.592529,0.551891,0.644604,0.000000
2019-02-10 06:00:00,1479.678833,0.585380,0.886838,0.000000
2019-02-10 07:00:00,1541.993286,0.612678,0.909325,0.019011
2019-02-10 08:00:00,1656.002319,0.609178,0.770619,0.049430
2019-02-10 09:00:00,1725.101074,0.517694,0.716821,0.072243
2019-02-10 10:00:00,1746.606689,0.428119,0.717681,0.068441
2019-02-10 11:00:00,1741.646973,0.273810,0.584492,0.053232
2019-02-10 12:00:00,1739.913452,0.157826,0.332501,0.041825
2019-02-10 13:00:00,1731.764526,0.086449,0.255032,0.038023
2019-02-10 14:00:00,1723.057983,0.066706,0.234658,0.019011
2019-02-10 15:00:00,1780.877197,0.078716,0.127202,0.003802
2019-02-10 16:00:00,1948.780762,0.102883,0.059849,0.000000
2019-02-10 17:00:00,1958.560547,0.178095,0.033445,0.000000
2019-02-10 18:00:00,1841.737305,0.229913,0.186622,0.000000
2019-02-10 19:00:00,1729.167480,0.272260,0.394546,0.000000
2019-02-10 20:00:00,1622.378296,0.293332,0.588285,0.000000
2019-02-10 21:00:00,1508.875000,0.266476,0.602278,0.000000
2019-02-10 22:00:00,1404.519165,0.357770,0.517578,0.000000
2019-02-10 23:00:00,1342.152588,0.447597,0.614992,0.000000
2019-02-11 00:00:00,1296.857544,0.390956,0.828532,0.000000
2019-02-11 01:00:00,1317.067749,0.377313,0.631469,0.000000
2019-02-11 02:00:00,1327.462769,0.463783,0.677819,0.000000
2019-02-11 03:00:00,1321.287720,0.484474,0.839154,0.000000
2019-02-11 04:00:00,1411.838379,0.598553,0.873143,0.000000
2019-02-11 05:00:00,1633.314697,0.663891,0.916060,0.000000
2019-02-11 06:00:00,1845.445801,0.686333,0.937118,0.000000
2019-02-11 07:00:00,1963.484375,0.776703,0.944958,0.015209
2019-02-11 08:00:00,2017.492188,0.814599,0.961659,0.060837
2019-02-11 09:00:00,2041.565308,0.844519,0.970926,0.117871
2019-02-11 10:00:00,2036.399048,0.883021,0.974806,0.155894
2019-02-11 11:00:00,2021.096558,0.892765,0.974941,0.269962
2019-02-11 12:00:00,2013.702515,0.914716,0.977542,0.429658
2019-02-11 13:00:00,1963.318481,0.893066,0.979824,0.422053
2019-02-11 14:00:00,1905.344238,0.793607,0.975672,0.239544
2019-02-11 15:00:00,1901.537476,0.602215,0.827646,0.057034
2019-02-11 16:00:00,2104.230469,0.507325,0.642471,0.000000
2019-02-11 17:00:00,2141.206299,0.569852,0.745702,0.000000
2019-02-11 18:00:00,2016.559204,0.659412,0.842802,0.000000
2019-02-11 19:00:00,1861.144287,0.656214,0.757349,0.000000
2019-02-11 20:00:00,1747.585205,0.596779,0.802245,0.000000
2019-02-11 21:00:00,1623.104370,0.611298,0.897957,0.000000
2019-02-11 22:00:00,1512.368286,0.689279,0.929461,0.000000
2019-02-11 23:00:00,1406.898682,0.652409,0.912350,0.000000
2019-02-12 00:00:00,1355.043945,0.619655,0.901823,0.000000
2019-02-12 01:00:00,1348.923828,0.560474,0.835862,0.000000
2019-02-12 02:00:00,1353.381836,0.470802,0.828039,0.000000
2019-02-12 03:00:00,1379.275391,0.388433,0.711637,0.000000
2019-02-12 04:00:00,1470.933838,0.372518,0.638018,0.000000
2019-02-12 05:00:00,1668.322632,0.329484,0.563119,0.000000
2019-02-12 06:00:00,1880.353638,0.298194,0.452554,0.003802
2019-02-12 07:00:00,1970.258179,0.233505,0.401374,0.083650
2019-02-12 08:00:00,1988.737427,0.190640,0.360819,0.266160
2019-02-12 09:00:00,1984.376343,0.166335,0.254434,0.406844
2019-02-12 10:00:00,1947.607178,0.132045,0.179069,0.452471
2019-02-12 11:00:00,1933.906494,0.133714,0.216613,0.372624
2019-02-12 12:00:00,1936.682373,0.180326,0.290269,0.266160
2019-02-12 13:00:00,1927.900879,0.174269,0.338757,0.228137
2019-02-12 14:00:00,1881.824585,0.141002,0.281571,0.121673
2019-02-12 15:00:00,1911.989990,0.116776,0.263935,0.026616
2019-02-12 16:00:00,2106.861328,0.115843,0.173062,0.000000
2019-02-12 17:00:00,2103.524658,0.230289,0.183527,0.000000
2019-02-12 18:00:00,1976.552734,0.301816,0.245155,0.000000
2019-02-12 19:00:00,1833.355103,0.430309,0.412144,0.000000
2019-02-12 20:00:00,1732.455444,0.507440,0.669103,0.000000
2019-02-12 21:00:00,1604.881714,0.594404,0.754288,0.000000
2019-02-12 22:00:00,1484.420044,0.663915,0.835913,0.000000
2019-02-12 23:00:00,1391.766479,0.712207,0.911365,0.000000
2019-02-13 00:00:00,1331.879639,0.725197,0.921732,0.000000
2019-02-13 01:00:00,1299.640625,0.713741,0.920535,0.000000
2019-02-13 02:00:00,1297.172607,0.730041,0.912587,0.000000
2019-02-13 03:00:00,1318.469238,0.726743,0.905993,0.000000
2019-02-13 04:00:00,1409.911133,0.738149,0.917427,0.000000
2019-02-13 05:00:00,1608.026611,0.717621,0.908572,0.000000
2019-02-13 06:00:00,1834.295654,0.662851,0.915780,0.000000
2019-02-13 07:00:00,1939.470825,0.657127,0.894119,0.026616
2019-02-13 08:00:00,1974.352905,0.646260,0.883626,0.076046
2019-02-13 09:00:00,2005.685059,0.600071,0.845591,0.140684
2019-02-13 10:00:00,1986.963135,0.585103,0.870750,0.190114
2019-02-13 11:00:00,1958.754272,0.549260,0.866410,0.258555
2019-02-13 12:00:00,1943.445801,0.547022,0.798876,0.292776
2019-02-13 13:00:00,1895.762817,0.558857,0.759816,0.235741
2019-02-13 14:00:00,1864.072144,0.530504,0.916885,0.117871
2019-02-13 15:00:00,1897.765747,0.485752,0.928503,0.026616
2019-02-13 16:00:00,2079.614258,0.489249,0.851869,0.000000
2019-02-13 17:00:00,2086.672363,0.493474,0.820875,0.000000
2019-02-13 18:00:00,1954.534790,0.502325,0.866002,0.000000
2019-02-13 19:00:00,1824.935181,0.426091,0.766711,0.000000
2019-02-13 20:00:00,1700.741943,0.427097,0.607906,0.000000
2019-02-13 21:00:00,1561.305542,0.399834,0.625064,0.000000
2019-02-13 22:00:00,1411.648193,0.349666,0.661117,0.000000
2019-02-13 23:00:00,1330.146851,0.388734,0.741269,0.000000
2019-02-14 00:00:00,1274.568726,0.418714,0.636641,0.000000
2019-02-14 01:00:00,1244.908203,0.422303,0.525068,0.000000
2019-02-14 02:00:00,1261.140137,0.409476,0.602287,0.000000
2019-02-14 03:00:00,1279.575928,0.345477,0.503247,0.000000
2019-02-14 04:00:00,1350.005859,0.333211,0.553973,0.000000
2019-02-14 05:00:00,1559.494507,0.282468,0.319326,0.000000
2019-02-14 06:00:00,1774.206543,0.253738,0.337868,0.000000
2019-02-14 07:00:00,1869.229126,0.212103,0.229211,0.007605
2019-02-14 08:00:00,1938.530396,0.237963,0.251417,0.038023
2019-02-14 09:00:00,1973.747559,0.264325,0.152975,0.068441
2019-02-14 10:00:00,1959.699341,0.271309,0.123147,0.095057
2019-02-14 11:00:00,1950.537842,0.231007,0.099631,0.087452
2019-02-14 12:00:00,1950.799805,0.187217,0.082899,0.064639
2019-02-14 13:00:00,1915.790649,0.155643,0.045296,0.049430
2019-02-14 14:00:00,1898.069336,0.156240,0.022736,0.038023
2019-02-14 15:00:00,1914.514526,0.183605,0.048315,0.015209
2019-02-14 16:00:00,2066.984619,0.239640,0.076658,0.000000
2019-02-14 17:00:00,2050.865967,0.219370,0.151227,0.000000
2019-02-14 18:00:00,1919.264404,0.188553,0.260644,0.000000
2019-02-14 19:00:00,1784.152832,0.175090,0.273417,0.000000
2019-02-14 20:00:00,1661.035889,0.146665,0.301538,0.000000
2019-02-14 21:00:00,1527.113647,0.128421,0.175078,0.000000
2019-02-14 22:00:00,1412.931396,0.121858,0.154332,0.000000
2019-02-14 23:00:00,1331.312988,0.121730,0.173170,0.000000
2019-02-15 00:00:00,1278.853760,0.128142,0.194622,0.000000
2019-02-15 01:00:00,1252.317627,0.116145,0.179260,0.000000
2019-02-15 02:00:00,1253.872925,0.089615,0.088042,0.000000
2019-02-15 03:00:00,1266.619751,0.064858,0.045119,0.000000
2019-02-15 04:00:00,1371.367432,0.044752,0.018645,0.000000
2019-02-15 05:00:00,1581.674805,0.031190,0.004696,0.000000
2019-02-15 06:00:00,1788.747559,0.025983,0.008284,0.000000
2019-02-15 07:00:00,1894.637939,0.044068,0.022617,0.030418
2019-02-15 08:00:00,1933.066406,0.074212,0.025054,0.129278
2019-02-15 09:00:00,1939.131470,0.072815,0.026430,0.307985
2019-02-15 10:00:00,1926.599854,0.059928,0.051622,0.501901
2019-02-15 11:00:00,1871.262085,0.058865,0.084265,0.593156
2019-02-15 12:00:00,1810.773560,0.081179,0.106608,0.558935
2019-02-15 13:00:00,1762.036865,0.084343,0.132956,0.452471
2019-02-15 14:00:00,1690.243896,0.082904,0.172840,0.273764
2019-02-15 15:00:00,1712.565552,0.086299,0.183568,0.079848
2019-02-15 16:00:00,1902.237915,0.149235,0.252018,0.003802
2019-02-15 17:00:00,1981.095215,0.234387,0.336692,0.000000
2019-02-15 18:00:00,1857.384888,0.326332,0.470768,0.000000
2019-02-15 19:00:00,1728.601440,0.427720,0.669481,0.000000
2019-02-15 20:00:00,1612.866821,0.469882,0.725473,0.000000
2019-02-15 21:00:00,1525.760254,0.496597,0.802090,0.000000
2019-02-15 22:00:00,1437.402832,0.480908,0.779846,0.000000
2019-02-15 23:00:00,1355.971191,0.432967,0.663315,0.000000
2019-02-16 00:00:00,1300.723999,0.412995,0.621881,0.000000
2019-02-16 01:00:00,1264.789307,0.402859,0.501854,0.000000
2019-02-16 02:00:00,1235.233521,0.368666,0.387156,0.000000
2019-02-16 03:00:00,1248.948120,0.362269,0.432319,0.000000
2019-02-16 04:00:00,1284.455200,0.377795,0.528843,0.000000
2019-02-16 05:00:00,1359.900757,0.351326,0.604206,0.000000
2019-02-16 06:00:00,1440.843018,0.373723,0.588721,0.007605
2019-02-16 07:00:00,1552.358643,0.418875,0.698583,0.106464
2019-02-16 08:00:00,1633.750122,0.392035,0.731676,0.307985
2019-02-16 09:00:00,1673.867310,0.348808,0.512484,0.505703
2019-02-16 10:00:00,1647.809937,0.370965,0.305132,0.593156
2019-02-16 11:00:00,1590.914063,0.385399,0.337598,0.612167
2019-02-16 12:00:00,1559.061890,0.422663,0.494167,0.581749
2019-02-16 13:00:00,1540.871826,0.479013,0.444192,0.452471
2019-02-16 14:00:00,1542.930054,0.497029,0.441481,0.250951
2019-02-16 15:00:00,1583.433350,0.458857,0.436834,0.064639
2019-02-16 16:00:00,1790.471680,0.436549,0.385546,0.003802
2019-02-16 17:00:00,1858.841064,0.472596,0.345614,0.000000
2019-02-16 18:00:00,1744.320313,0.489892,0.500231,0.000000
2019-02-16 19:00:00,1627.171143,0.496538,0.451980,0.000000
2019-02-16 20:00:00,1522.060913,0.448222,0.410356,0.000000
2019-02-16 21:00:00,1422.702759,0.424520,0.453843,0.000000
2019-02-16 22:00:00,1343.381226,0.374788,0.413382,0.000000
2019-02-16 23:00:00,1250.289429,0.290082,0.176529,0.000000
2019-02-17 00:00:00,1201.000122,0.215778,0.215013,0.000000
2019-02-17 01:00:00,1164.788574,0.161383,0.214892,0.000000
2019-02-17 02:00:00,1156.867310,0.130370,0.142362,0.000000
2019-02-17 03:00:00,1168.787964,0.131581,0.151609,0.000000
2019-02-17 04:00:00,1195.926147,0.132867,0.191400,0.000000
2019-02-17 05:00:00,1259.337158,0.111993,0.203983,0.000000
2019-02-17 06:00:00,1347.252075,0.092704,0.197078,0.000000
2019-02-17 07:00:00,1461.371216,0.083089,0.109543,0.019011
2019-02-17 08:00:00,1577.374512,0.061914,0.113342,0.057034
2019-02-17 09:00:00,1647.122314,0.053071,0.073077,0.098859
2019-02-17 10:00:00,1673.052490,0.048434,0.062270,0.148289
2019-02-17 11:00:00,1660.298218,0.064719,0.091863,0.205323
2019-02-17 12:00:00,1620.868896,0.070027,0.091028,0.243346
2019-02-17 13:00:00,1580.746826,0.068044,0.105976,0.186312
2019-02-17 14:00:00,1568.901489,0.050279,0.050503,0.114068
2019-02-17 15:00:00,1625.089844,0.056213,0.028058,0.038023
2019-02-17 16:00:00,1829.937744,0.083825,0.113946,0.000000
2019-02-17 17:00:00,1898.596069,0.155218,0.222397,0.000000
2019-02-17 18:00:00,1780.061890,0.232631,0.321598,0.000000
2019-02-17 19:00:00,1650.058350,0.318548,0.431005,0.000000
2019-02-17 20:00:00,1550.624268,0.350627,0.419046,0.000000
2019-02-17 21:00:00,1419.848633,0.292671,0.429060,0.000000
2019-02-17 22:00:00,1324.804077,0.271409,0.514193,0.000000
2019-02-17 23:00:00,1262.978638,0.313207,0.424030,0.000000
2019-02-18 00:00:00,1213.314453,0.302904,0.353498,0.000000
2019-02-18 01:00:00,1182.740967,0.267299,0.412021,0.000000
2019-02-18 02:00:00,1189.886963,0.228827,0.413244,0.000000
2019-02-18 03:00:00,1221.883179,0.201752,0.298228,0.000000
2019-02-18 04:00:00,1329.483643,0.181718,0.218240,0.000000
2019-02-18 05:00:00,1601.872314,0.183473,0.189236,0.000000
2019-02-18 06:00:00,1817.638550,0.189659,0.161333,0.007605
2019-02-18 07:00:00,1896.394531,0.202561,0.166148,0.098859
2019-02-18 08:00:00,1901.778320,0.157360,0.144141,0.273764
2019-02-18 09:00:00,1882.141479,0.116838,0.148854,0.452471
2019-02-18 10:00:00,1841.761108,0.089877,0.082000,0.574144
2019-02-18 11:00:00,1817.809937,0.067183,0.014260,0.615970
2019-02-18 12:00:00,1794.011719,0.064302,0.069766,0.574144
2019-02-18 13:00:00,1746.696655,0.058562,0.187277,0.456274
2019-02-18 14:00:00,1739.710327,0.045860,0.191158,0.269962
2019-02-18 15:00:00,1748.934204,0.044955,0.110040,0.076046
2019-02-18 16:00:00,1963.537231,0.058230,0.101346,0.003802
2019-02-18 17:00:00,2023.167480,0.094486,0.156069,0.000000
2019-02-18 18:00:00,1892.390259,0.165599,0.263809,0.000000
2019-02-18 19:00:00,1775.944946,0.224878,0.295791,0.000000
2019-02-18 20:00:00,1692.985107,0.266032,0.477400,0.000000
2019-02-18 21:00:00,1524.440430,0.258080,0.516050,0.000000
2019-02-18 22:00:00,1405.965088,0.228108,0.374775,0.000000
2019-02-18 23:00:00,1321.393066,0.167937,0.266652,0.000000
2019-02-19 00:00:00,1263.605469,0.119479,0.162038,0.000000
2019-02-19 01:00:00,1245.151245,0.146527,0.094385,0.000000
2019-02-19 02:00:00,1253.822144,0.222943,0.210458,0.000000
2019-02-19 03:00:00,1281.797363,0.325953,0.250687,0.000000
2019-02-19 04:00:00,1396.073486,0.441924,0.538171,0.000000
2019-02-19 05:00:00,1643.891846,0.425883,0.776571,0.000000
2019-02-19 06:00:00,1873.251221,0.425069,0.539101,0.000000
2019-02-19 07:00:00,1956.715088,0.556580,0.657355,0.022814
2019-02-19 08:00:00,1978.493042,0.666846,0.778506,0.110266
2019-02-19 09:00:00,2007.543335,0.746935,0.812617,0.133080
2019-02-19 10:00:00,2011.170532,0.780437,0.855119,0.121673
2019-02-19 11:00:00,2004.384399,0.795652,0.903908,0.133080
2019-02-19 12:00:00,1999.918335,0.790928,0.905722,0.171103
2019-02-19 13:00:00,1950.163452,0.794594,0.909484,0.152091
2019-02-19 14:00:00,1906.999023,0.789211,0.849064,0.117871
2019-02-19 15:00:00,1913.989624,0.788326,0.934447,0.057034
2019-02-19 16:00:00,2100.104492,0.733482,0.942322,0.003802
2019-02-19 17:00:00,2135.476318,0.725014,0.950822,0.000000
2019-02-19 18:00:00,1995.356934,0.731194,0.955980,0.000000
2019-02-19 19:00:00,1869.996826,0.746421,0.963156,0.000000
2019-02-19 20:00:00,1739.959351,0.748418,0.960217,0.000000
2019-02-19 21:00:00,1597.888184,0.710852,0.963595,0.000000
2019-02-19 22:00:00,1493.260010,0.705865,0.955334,0.000000
2019-02-19 23:00:00,1407.593872,0.710779,0.939533,0.000000
2019-02-20 00:00:00,1359.183960,0.701563,0.956177,0.000000
2019-02-20 01:00:00,1340.147217,0.688312,0.927302,0.000000
2019-02-20 02:00:00,1337.787964,0.660699,0.839713,0.000000
2019-02-20 03:00:00,1360.958618,0.589559,0.785502,0.000000
2019-02-20 04:00:00,1431.375854,0.529563,0.793534,0.000000
2019-02-20 05:00:00,1668.500366,0.484613,0.737135,0.000000
2019-02-20 06:00:00,1859.568115,0.396875,0.530903,0.007605
2019-02-20 07:00:00,1923.193604,0.313487,0.483402,0.098859
2019-02-20 08:00:00,1934.236328,0.312550,0.408595,0.224335
2019-02-20 09:00:00,1942.774902,0.297347,0.436860,0.307985
2019-02-20 10:00:00,1921.358521,0.279812,0.328127,0.418251
2019-02-20 11:00:00,1897.401855,0.314960,0.343788,0.346008
2019-02-20 12:00:00,1892.415405,0.344588,0.342438,0.243346
2019-02-20 13:00:00,1902.108643,0.364094,0.328219,0.140684
2019-02-20 14:00:00,1865.864624,0.325947,0.346622,0.083650
2019-02-20 15:00:00,1891.108521,0.350739,0.362440,0.034221
2019-02-20 16:00:00,2081.140869,0.348983,0.289044,0.000000
2019-02-20 17:00:00,2101.194580,0.282089,0.243714,0.000000
2019-02-20 18:00:00,1958.805542,0.271219,0.220858,0.000000
2019-02-20 19:00:00,1828.943237,0.306955,0.360417,0.000000
2019-02-20 20:00:00,1703.451660,0.365272,0.481648,0.000000
2019-02-20 21:00:00,1563.531250,0.400649,0.551412,0.000000
2019-02-20 22:00:00,1432.287598,0.390667,0.638212,0.000000
2019-02-20 23:00:00,1348.144775,0.365754,0.517815,0.000000
2019-02-21 00:00:00,1305.491699,0.382588,0.437552,0.000000
2019-02-21 01:00:00,1286.599976,0.431011,0.499252,0.000000
2019-02-21 02:00:00,1295.695557,0.474949,0.550131,0.000000
2019-02-21 03:00:00,1316.966553,0.471778,0.574410,0.000000
2019-02-21 04:00:00,1411.616943,0.475285,0.523390,0.000000
2019-02-21 05:00:00,1656.170654,0.452856,0.481799,0.000000
2019-02-21 06:00:00,1888.004761,0.480916,0.588970,0.000000
2019-02-21 07:00:00,1972.760498,0.517162,0.749164,0.022814
2019-02-21 08:00:00,2007.679321,0.529733,0.798711,0.038023
2019-02-21 09:00:00,2034.616699,0.457665,0.630267,0.053232
2019-02-21 10:00:00,2008.025391,0.382349,0.633904,0.083650
2019-02-21 11:00:00,1970.061646,0.343056,0.646256,0.129278
2019-02-21 12:00:00,1968.107056,0.419200,0.617232,0.110266
2019-02-21 13:00:00,1956.921509,0.478231,0.841520,0.068441
2019-02-21 14:00:00,1932.489502,0.458589,0.807309,0.038023
2019-02-21 15:00:00,1955.991943,0.402336,0.848876,0.007605
2019-02-21 16:00:00,2102.698730,0.332535,0.737437,0.000000
2019-02-21 17:00:00,2105.341309,0.269068,0.673824,0.000000
2019-02-21 18:00:00,1974.611328,0.218015,0.701617,0.000000
2019-02-21 19:00:00,1838.543579,0.255680,0.598820,0.000000
2019-02-21 20:00:00,1713.750122,0.293711,0.519754,0.000000
2019-02-21 21:00:00,1571.460571,0.259122,0.337585,0.000000
2019-02-21 22:00:00,1448.099365,0.273577,0.280675,0.000000
2019-02-21 23:00:00,1385.479492,0.390269,0.512274,0.000000
2019-02-22 00:00:00,1352.753296,0.453847,0.818404,0.000000
2019-02-22 01:00:00,1333.860840,0.434797,0.866266,0.000000
2019-02-22 02:00:00,1341.555542,0.354990,0.780803,0.000000
2019-02-22 03:00:00,1372.312744,0.291494,0.708943,0.000000
2019-02-22 04:00:00,1457.688477,0.339813,0.703488,0.000000
2019-02-22 05:00:00,1734.556519,0.364608,0.805683,0.000000
2019-02-22 06:00:00,1913.543457,0.305663,0.756499,0.015209
2019-02-22 07:00:00,1992.286621,0.268693,0.618789,0.133080
2019-02-22 08:00:00,2001.554199,0.261468,0.539652,0.326996
2019-02-22 09:00:00,1980.113281,0.293355,0.424473,0.482890
2019-02-22 10:00:00,1957.233887,0.326035,0.380118,0.551331
2019-02-22 11:00:00,1911.781006,0.286460,0.360827,0.581749
2019-02-22 12:00:00,1841.292480,0.253937,0.345368,0.566540
2019-02-22 13:00:00,1790.737671,0.242479,0.331791,0.517110
2019-02-22 14:00:00,1774.217529,0.210753,0.346604,0.323194
2019-02-22 15:00:00,1796.389404,0.140665,0.282316,0.102662
2019-02-22 16:00:00,1964.218018,0.095180,0.266840,0.003802
2019-02-22 17:00:00,2050.198242,0.091602,0.236883,0.000000
2019-02-22 18:00:00,1923.705200,0.108157,0.243819,0.000000
2019-02-22 19:00:00,1772.002197,0.112399,0.248379,0.000000
2019-02-22 20:00:00,1662.130249,0.124456,0.212298,0.000000
2019-02-22 21:00:00,1543.978271,0.125321,0.237412,0.000000
2019-02-22 22:00:00,1438.438110,0.146377,0.193356,0.000000
2019-02-22 23:00:00,1351.018311,0.172013,0.318251,0.000000
2019-02-23 00:00:00,1298.000854,0.147488,0.295393,0.000000
2019-02-23 01:00:00,1272.716675,0.128393,0.214193,0.000000
2019-02-23 02:00:00,1259.791504,0.121045,0.255999,0.000000
2019-02-23 03:00:00,1266.739624,0.130039,0.156668,0.000000
2019-02-23 04:00:00,1301.843262,0.107541,0.134597,0.000000
2019-02-23 05:00:00,1359.710449,0.112593,0.086541,0.000000
2019-02-23 06:00:00,1458.840454,0.163879,0.194587,0.019011
2019-02-23 07:00:00,1608.470703,0.151177,0.291613,0.155894
2019-02-23 08:00:00,1665.363525,0.150401,0.161056,0.296578
2019-02-23 09:00:00,1700.304443,0.135753,0.194290,0.425856
2019-02-23 10:00:00,1705.941895,0.106909,0.174119,0.376426
2019-02-23 11:00:00,1673.137817,0.088956,0.129651,0.418251
2019-02-23 12:00:00,1640.652588,0.101142,0.119621,0.467681
2019-02-23 13:00:00,1611.567139,0.086936,0.073055,0.372624
2019-02-23 14:00:00,1599.343506,0.076003,0.035824,0.239544
2019-02-23 15:00:00,1638.522339,0.059240,0.023493,0.095057
2019-02-23 16:00:00,1826.817871,0.076379,0.018321,0.007605
2019-02-23 17:00:00,1950.293213,0.117188,0.050730,0.000000
2019-02-23 18:00:00,1829.704468,0.153450,0.141093,0.000000
2019-02-23 19:00:00,1709.486694,0.188196,0.234412,0.000000
2019-02-23 20:00:00,1593.010864,0.178235,0.274269,0.000000
2019-02-23 21:00:00,1517.604126,0.159718,0.351285,0.000000
2019-02-23 22:00:00,1401.926270,0.147366,0.272514,0.000000
2019-02-23 23:00:00,1320.628662,0.124136,0.196280,0.000000
2019-02-24 00:00:00,1263.276367,0.107498,0.145321,0.000000
2019-02-24 01:00:00,1242.868408,0.105859,0.131691,0.000000
2019-02-24 02:00:00,1230.193481,0.123688,0.115543,0.000000
2019-02-24 03:00:00,1238.685547,0.125277,0.073375,0.000000
2019-02-24 04:00:00,1264.365967,0.096387,0.084129,0.000000
2019-02-24 05:00:00,1315.224854,0.091897,0.101819,0.000000
2019-02-24 06:00:00,1395.358887,0.088708,0.063931,0.015209
2019-02-24 07:00:00,1524.731934,0.098403,0.044405,0.148289
2019-02-24 08:00:00,1589.308838,0.080615,0.074421,0.365019
2019-02-24 09:00:00,1614.551514,0.062102,0.074321,0.562738
2019-02-24 10:00:00,1595.718750,0.043454,0.077650,0.676806
2019-02-24 11:00:00,1552.293701,0.044384,0.046427,0.707224
2019-02-24 12:00:00,1525.384033,0.072565,0.052859,0.642586
2019-02-24 13:00:00,1508.809570,0.087991,0.058814,0.505703
2019-02-24 14:00:00,1513.680664,0.094462,0.073572,0.307985
2019-02-24 15:00:00,1578.447144,0.111271,0.118382,0.091255
2019-02-24 16:00:00,1778.613647,0.135061,0.126497,0.007605
2019-02-24 17:00:00,1904.770752,0.132561,0.155124,0.000000
2019-02-24 18:00:00,1792.909424,0.140590,0.155585,0.000000
2019-02-24 19:00:00,1664.455811,0.159897,0.184415,0.000000
2019-02-24 20:00:00,1550.817261,0.157929,0.242899,0.000000
2019-02-24 21:00:00,1424.026489,0.129250,0.209811,0.000000
2019-02-24 22:00:00,1305.545288,0.084896,0.141458,0.000000
2019-02-24 23:00:00,1232.098999,0.066445,0.123036,0.000000
2019-02-25 00:00:00,1189.280151,0.070995,0.190014,0.000000
2019-02-25 01:00:00,1171.541748,0.066671,0.186397,0.000000
2019-02-25 02:00:00,1180.106201,0.049954,0.091854,0.000000
2019-02-25 03:00:00,1216.629150,0.039915,0.041606,0.000000
2019-02-25 04:00:00,1326.017822,0.030020,0.031197,0.000000
2019-02-25 05:00:00,1601.838501,0.047002,0.015733,0.000000
2019-02-25 06:00:00,1805.090698,0.058738,0.024655,0.007605
2019-02-25 07:00:00,1898.103760,0.054382,0.035689,0.091255
2019-02-25 08:00:00,1912.804199,0.041168,0.041622,0.239544
2019-02-25 09:00:00,1904.900635,0.045811,0.063359,0.422053
2019-02-25 10:00:00,1877.642212,0.054665,0.089440,0.623574
2019-02-25 11:00:00,1841.011230,0.084162,0.131063,0.627376
2019-02-25 12:00:00,1822.753418,0.092961,0.136356,0.555133
2019-02-25 13:00:00,1802.616821,0.127306,0.224955,0.437262
2019-02-25 14:00:00,1744.840210,0.143405,0.262118,0.228137
2019-02-25 15:00:00,1777.640015,0.170799,0.342817,0.087452
2019-02-25 16:00:00,1943.563843,0.221295,0.380069,0.011407
2019-02-25 17:00:00,2028.965332,0.242866,0.508104,0.000000
2019-02-25 18:00:00,1906.999023,0.211064,0.473307,0.000000
2019-02-25 19:00:00,1760.069946,0.186262,0.474957,0.000000
2019-02-25 20:00:00,1632.481567,0.241403,0.572507,0.000000
2019-02-25 21:00:00,1471.074585,0.242715,0.450763,0.000000
2019-02-25 22:00:00,1343.355957,0.221640,0.306927,0.000000
2019-02-25 23:00:00,1246.597656,0.189326,0.313333,0.000000
2019-02-26 00:00:00,1205.263306,0.214968,0.337103,0.000000
2019-02-26 01:00:00,1189.182129,0.191262,0.312879,0.000000
2019-02-26 02:00:00,1205.565430,0.161840,0.246125,0.000000
2019-02-26 03:00:00,1234.810303,0.136607,0.222833,0.000000
2019-02-26 04:00:00,1321.852905,0.101139,0.148082,0.000000
2019-02-26 05:00:00,1601.879395,0.072930,0.119209,0.000000
2019-02-26 06:00:00,1791.980591,0.063336,0.110112,0.011407
2019-02-26 07:00:00,1862.632080,0.038824,0.103560,0.057034
2019-02-26 08:00:00,1880.271484,0.021073,0.047648,0.106464
2019-02-26 09:00:00,1890.851440,0.015154,0.050576,0.190114
2019-02-26 10:00:00,1870.802002,0.012875,0.053487,0.330798
2019-02-26 11:00:00,1836.669678,0.004479,0.006912,0.505703
2019-02-26 12:00:00,1787.802124,0.002276,0.000078,0.555133
2019-02-26 13:00:00,1743.504272,0.005618,0.014148,0.467681
2019-02-26 14:00:00,1708.827881,0.012718,0.040463,0.300380
2019-02-26 15:00:00,1734.225830,0.021924,0.045573,0.125475
2019-02-26 16:00:00,1895.176025,0.044332,0.012678,0.015209
2019-02-26 17:00:00,1987.317749,0.091059,0.014934,0.000000
2019-02-26 18:00:00,1872.586914,0.112999,0.069930,0.000000
2019-02-26 19:00:00,1755.705078,0.103397,0.091745,0.000000
2019-02-26 20:00:00,1632.964355,0.130659,0.101935,0.000000
2019-02-26 21:00:00,1473.847168,0.115852,0.120095,0.000000
2019-02-26 22:00:00,1344.630615,0.112857,0.153137,0.000000
2019-02-26 23:00:00,1271.424683,0.119125,0.147428,0.000000
2019-02-27 00:00:00,1209.397827,0.120943,0.126398,0.000000
2019-02-27 01:00:00,1201.800903,0.134190,0.150059,0.000000
2019-02-27 02:00:00,1216.478027,0.151495,0.149208,0.000000
2019-02-27 03:00:00,1251.939331,0.204583,0.222462,0.000000
2019-02-27 04:00:00,1373.641724,0.258979,0.274225,0.000000
2019-02-27 05:00:00,1628.815063,0.287804,0.330671,0.000000
2019-02-27 06:00:00,1805.519653,0.288420,0.361225,0.030418
2019-02-27 07:00:00,1868.240356,0.252919,0.337055,0.186312
2019-02-27 08:00:00,1861.128662,0.206686,0.356201,0.399240
2019-02-27 09:00:00,1844.211792,0.163810,0.371708,0.585551
2019-02-27 10:00:00,1790.396729,0.156225,0.238964,0.695817
2019-02-27 11:00:00,1768.202637,0.172182,0.249030,0.726236
2019-02-27 12:00:00,1747.813599,0.193807,0.280003,0.684411
2019-02-27 13:00:00,1715.246094,0.222639,0.236487,0.562738
2019-02-27 14:00:00,1678.943115,0.239237,0.183496,0.349810
2019-02-27 15:00:00,1723.854248,0.279352,0.112777,0.098859
2019-02-27 16:00:00,1878.671753,0.379191,0.146248,0.015209
2019-02-27 17:00:00,1978.191895,0.481907,0.214024,0.003802
2019-02-27 18:00:00,1869.875366,0.555121,0.463829,0.000000
2019-02-27 19:00:00,1744.754883,0.577810,0.562290,0.000000
2019-02-27 20:00:00,1608.834961,0.530099,0.418445,0.000000
2019-02-27 21:00:00,1459.177490,0.481940,0.515432,0.000000
2019-02-27 22:00:00,1342.539551,0.476502,0.663736,0.000000
2019-02-27 23:00:00,1249.949341,0.464522,0.793506,0.000000
2019-02-28 00:00:00,1213.111328,0.452158,0.823085,0.000000
2019-02-28 01:00:00,1200.525146,0.505373,0.789874,0.000000
2019-02-28 02:00:00,1216.526367,0.444424,0.812832,0.000000
2019-02-28 03:00:00,1245.496582,0.369734,0.745389,0.000000
2019-02-28 04:00:00,1345.182007,0.328180,0.738471,0.000000
2019-02-28 05:00:00,1573.258057,0.296592,0.719408,0.000000
2019-02-28 06:00:00,1779.836792,0.299419,0.695214,0.019011
2019-02-28 07:00:00,1849.331909,0.258729,0.468588,0.148289
2019-02-28 08:00:00,1843.629517,0.199624,0.512336,0.372624
2019-02-28 09:00:00,1848.923462,0.140075,0.345225,0.593156
2019-02-28 10:00:00,1811.216187,0.088183,0.208023,0.726236
2019-02-28 11:00:00,1777.013428,0.067445,0.263389,0.764259
2019-02-28 12:00:00,1756.993774,0.063313,0.310713,0.722433
2019-02-28 13:00:00,1726.311768,0.079358,0.352712,0.600760
2019-02-28 14:00:00,1698.274292,0.083942,0.297092,0.391635
2019-02-28 15:00:00,1711.908569,0.080402,0.184733,0.148289
2019-02-28 16:00:00,1871.679810,0.063276,0.133433,0.015209
2019-02-28 17:00:00,1968.014160,0.051301,0.116408,0.003802
2019-02-28 18:00:00,1873.761841,0.050544,0.076933,0.000000
2019-02-28 19:00:00,1748.908203,0.063694,0.185900,0.000000
2019-02-28 20:00:00,1629.158081,0.070524,0.197201,0.000000
2019-02-28 21:00:00,1481.135498,0.049805,0.179645,0.000000
2019-02-28 22:00:00,1356.497803,0.061215,0.203608,0.000000
2019-02-28 23:00:00,1294.059570,0.074816,0.167078,0.000000
2019-03-01 00:00:00,1252.175171,0.076984,0.166372,0.000000
2019-03-01 01:00:00,1237.293091,0.076052,0.120525,0.000000
2019-03-01 02:00:00,1244.978271,0.046145,0.110098,0.000000
2019-03-01 03:00:00,1276.461670,0.029119,0.093199,0.000000
2019-03-01 04:00:00,1381.517212,0.020854,0.095534,0.000000
2019-03-01 05:00:00,1621.704712,0.017321,0.107016,0.000000
2019-03-01 06:00:00,1819.826538,0.018693,0.090504,0.011407
2019-03-01 07:00:00,1902.872437,0.011150,0.056449,0.083650
2019-03-01 08:00:00,1902.012573,0.007821,0.008522,0.171103
2019-03-01 09:00:00,1893.564087,0.004073,0.029420,0.273764
2019-03-01 10:00:00,1858.328369,0.006455,0.038195,0.368821
2019-03-01 11:00:00,1815.791626,0.013886,0.047429,0.429658
2019-03-01 12:00:00,1761.009888,0.010059,0.015119,0.444867
2019-03-01 13:00:00,1726.355591,0.006925,0.000402,0.414449
2019-03-01 14:00:00,1696.680176,0.006515,0.002959,0.311787
2019-03-01 15:00:00,1720.203125,0.007419,0.003629,0.140684
2019-03-01 16:00:00,1860.994141,0.005268,0.002756,0.015209
2019-03-01 17:00:00,1979.450317,0.003583,0.004714,0.007605
2019-03-01 18:00:00,1867.615356,0.011054,0.004562,0.000000
2019-03-01 19:00:00,1733.812378,0.018473,0.010668,0.000000
2019-03-01 20:00:00,1622.702881,0.030198,0.026027,0.000000
2019-03-01 21:00:00,1520.248901,0.043782,0.043934,0.000000
2019-03-01 22:00:00,1417.264771,0.045844,0.056864,0.000000
2019-03-01 23:00:00,1325.850464,0.044510,0.067137,0.000000
2019-03-02 00:00:00,1258.326050,0.039899,0.073878,0.000000
2019-03-02 01:00:00,1229.885498,0.037728,0.102760,0.000000
2019-03-02 02:00:00,1223.087646,0.035577,0.086042,0.000000
2019-03-02 03:00:00,1229.795776,0.031043,0.028514,0.000000
2019-03-02 04:00:00,1259.854126,0.018061,0.029769,0.000000
2019-03-02 05:00:00,1326.417358,0.020373,0.040470,0.000000
2019-03-02 06:00:00,1435.091553,0.027126,0.053519,0.011407
2019-03-02 07:00:00,1592.423584,0.022794,0.045526,0.064639
2019-03-02 08:00:00,1698.570557,0.019693,0.033396,0.136882
2019-03-02 09:00:00,1745.753174,0.029978,0.030209,0.159696
2019-03-02 10:00:00,1723.606689,0.046974,0.093352,0.182510
2019-03-02 11:00:00,1703.984253,0.060974,0.080747,0.277567
2019-03-02 12:00:00,1675.939575,0.072538,0.060677,0.315589
2019-03-02 13:00:00,1652.411621,0.116415,0.121643,0.212928
2019-03-02 14:00:00,1633.154785,0.114041,0.099893,0.087452
2019-03-02 15:00:00,1667.402222,0.180744,0.273339,0.030418
2019-03-02 16:00:00,1820.783447,0.235379,0.357506,0.007605
2019-03-02 17:00:00,1901.770996,0.272493,0.384150,0.000000
2019-03-02 18:00:00,1787.469727,0.297790,0.380239,0.000000
2019-03-02 19:00:00,1650.916748,0.320478,0.482713,0.000000
2019-03-02 20:00:00,1569.285645,0.375435,0.699521,0.000000
2019-03-02 21:00:00,1483.134644,0.427488,0.838599,0.000000
2019-03-02 22:00:00,1392.441528,0.536237,0.918908,0.000000
2019-03-02 23:00:00,1320.821289,0.562942,0.857414,0.000000
2019-03-03 00:00:00,1272.539551,0.558993,0.880574,0.000000
2019-03-03 01:00:00,1263.401611,0.559738,0.787347,0.000000
2019-03-03 02:00:00,1265.586670,0.573356,0.929706,0.000000
2019-03-03 03:00:00,1256.091675,0.633125,0.681952,0.000000
2019-03-03 04:00:00,1256.097778,0.720065,0.929348,0.000000
2019-03-03 05:00:00,1307.971802,0.732055,0.799855,0.000000
2019-03-03 06:00:00,1392.254395,0.737022,0.743786,0.003802
2019-03-03 07:00:00,1540.149658,0.751375,0.956012,0.019011
2019-03-03 08:00:00,1627.862427,0.731076,0.919555,0.144487
2019-03-03 09:00:00,1652.241333,0.699188,0.802793,0.406844
2019-03-03 10:00:00,1645.483887,0.654781,0.808953,0.532319
2019-03-03 11:00:00,1619.015869,0.608158,0.591343,0.539924
2019-03-03 12:00:00,1572.105713,0.551202,0.397005,0.467681
2019-03-03 13:00:00,1573.569214,0.570623,0.559520,0.262357
2019-03-03 14:00:00,1565.870728,0.455119,0.381827,0.121673
2019-03-03 15:00:00,1613.677002,0.353511,0.298823,0.053232
2019-03-03 16:00:00,1788.659668,0.348313,0.363520,0.011407
2019-03-03 17:00:00,1874.347900,0.275078,0.125986,0.000000
2019-03-03 18:00:00,1770.399292,0.199078,0.040628,0.000000
2019-03-03 19:00:00,1636.737549,0.170191,0.162977,0.000000
2019-03-03 20:00:00,1533.969360,0.212374,0.613320,0.000000
2019-03-03 21:00:00,1422.279663,0.342935,0.879761,0.000000
2019-03-03 22:00:00,1318.777100,0.419347,0.842493,0.000000
2019-03-03 23:00:00,1275.668335,0.448844,0.869729,0.000000
2019-03-04 00:00:00,1249.049927,0.502087,0.888067,0.000000
2019-03-04 01:00:00,1224.927490,0.632467,0.513915,0.000000
2019-03-04 02:00:00,1225.094360,0.741220,0.525048,0.000000
2019-03-04 03:00:00,1247.209229,0.686537,0.559362,0.000000
2019-03-04 04:00:00,1328.239868,0.700206,0.921367,0.000000
2019-03-04 05:00:00,1574.353271,0.725953,0.930905,0.000000
2019-03-04 06:00:00,1770.563477,0.659342,0.945070,0.011407
2019-03-04 07:00:00,1858.867554,0.675246,0.923988,0.041825
2019-03-04 08:00:00,1890.117798,0.758829,0.890622,0.083650
2019-03-04 09:00:00,1905.131226,0.798175,0.942112,0.212928
2019-03-04 10:00:00,1902.414307,0.806324,0.889651,0.155894
2019-03-04 11:00:00,1905.487427,0.708876,0.869531,0.091255
2019-03-04 12:00:00,1921.239014,0.730432,0.956092,0.159696
2019-03-04 13:00:00,1889.756714,0.800816,0.929099,0.148289
2019-03-04 14:00:00,1860.788086,0.805629,0.931605,0.110266
2019-03-04 15:00:00,1877.469971,0.832994,0.954233,0.049430
2019-03-04 16:00:00,2028.633423,0.877917,0.967276,0.011407
2019-03-04 17:00:00,2093.886230,0.916105,0.968260,0.003802
2019-03-04 18:00:00,1972.294678,0.927183,0.975235,0.000000
2019-03-04 19:00:00,1821.387573,0.935281,0.978045,0.000000
2019-03-04 20:00:00,1699.009521,0.938803,0.980607,0.000000
2019-03-04 21:00:00,1556.558838,0.966095,0.813496,0.000000
2019-03-04 22:00:00,1421.307861,0.927961,0.585541,0.003802
2019-03-04 23:00:00,1350.669434,0.956439,0.497792,0.000000
2019-03-05 00:00:00,1301.937134,0.956501,0.508594,0.000000
2019-03-05 01:00:00,1285.597778,0.951035,0.166774,0.000000
2019-03-05 02:00:00,1315.042114,0.936673,0.813296,0.000000
2019-03-05 03:00:00,1344.560059,0.912040,0.978132,0.000000
2019-03-05 04:00:00,1414.925415,0.899048,0.979405,0.000000
2019-03-05 05:00:00,1671.534790,0.857078,0.961307,0.000000
2019-03-05 06:00:00,1886.948853,0.842232,0.944120,0.011407
2019-03-05 07:00:00,1955.524048,0.838437,0.940112,0.057034
2019-03-05 08:00:00,1983.540771,0.820849,0.883458,0.102662
2019-03-05 09:00:00,2008.479736,0.800797,0.867727,0.186312
2019-03-05 10:00:00,1991.761841,0.731503,0.898989,0.209125
2019-03-05 11:00:00,1944.828857,0.720351,0.883888,0.220532
2019-03-05 12:00:00,1941.052124,0.733535,0.881160,0.224335
2019-03-05 13:00:00,1920.901367,0.703885,0.873634,0.174905
2019-03-05 14:00:00,1894.973633,0.651118,0.882590,0.117871
2019-03-05 15:00:00,1906.565552,0.622063,0.880311,0.045627
2019-03-05 16:00:00,2042.300415,0.583981,0.877920,0.007605
2019-03-05 17:00:00,2091.477295,0.583791,0.879669,0.003802
2019-03-05 18:00:00,1969.931641,0.559480,0.878202,0.000000
2019-03-05 19:00:00,1849.240356,0.473506,0.870769,0.000000
2019-03-05 20:00:00,1704.142944,0.345731,0.753053,0.000000
2019-03-05 21:00:00,1543.633057,0.314646,0.683097,0.000000
2019-03-05 22:00:00,1390.163330,0.301506,0.423642,0.000000
2019-03-05 23:00:00,1291.221313,0.123041,0.090844,0.000000
2019-03-06 00:00:00,1239.403809,0.072825,0.119205,0.000000
2019-03-06 01:00:00,1221.918701,0.147457,0.209419,0.000000
2019-03-06 02:00:00,1230.697144,0.156189,0.195539,0.000000
2019-03-06 03:00:00,1261.738525,0.166732,0.197172,0.000000
2019-03-06 04:00:00,1376.890991,0.182799,0.300763,0.000000
2019-03-06 05:00:00,1610.065552,0.190888,0.326566,0.000000
2019-03-06 06:00:00,1806.260864,0.226799,0.439008,0.026616
2019-03-06 07:00:00,1896.767334,0.237087,0.396546,0.110266
2019-03-06 08:00:00,1918.700073,0.244867,0.331306,0.201521
2019-03-06 09:00:00,1926.661255,0.268868,0.402699,0.247148
2019-03-06 10:00:00,1913.492310,0.353213,0.475947,0.247148
2019-03-06 11:00:00,1906.771729,0.440384,0.571324,0.212928
2019-03-06 12:00:00,1910.394287,0.519898,0.789499,0.163498
2019-03-06 13:00:00,1906.785034,0.592675,0.811347,0.102662
2019-03-06 14:00:00,1888.995239,0.608844,0.782114,0.057034
2019-03-06 15:00:00,1933.269165,0.651531,0.859151,0.019011
2019-03-06 16:00:00,2081.684082,0.697242,0.966140,0.003802
2019-03-06 17:00:00,2111.530762,0.755505,0.980395,0.007605
2019-03-06 18:00:00,1983.071411,0.774938,0.981067,0.000000
2019-03-06 19:00:00,1847.126831,0.759429,0.974760,0.000000
2019-03-06 20:00:00,1704.695801,0.740223,0.876969,0.000000
2019-03-06 21:00:00,1555.393799,0.709503,0.836815,0.000000
2019-03-06 22:00:00,1418.374146,0.674625,0.836586,0.000000
2019-03-06 23:00:00,1315.740845,0.639812,0.795947,0.000000
2019-03-07 00:00:00,1263.045166,0.615743,0.863879,0.000000
2019-03-07 01:00:00,1231.108765,0.554297,0.878290,0.000000
2019-03-07 02:00:00,1233.564941,0.489961,0.869230,0.000000
2019-03-07 03:00:00,1260.178345,0.446287,0.844775,0.000000
2019-03-07 04:00:00,1354.591919,0.407810,0.863440,0.000000
2019-03-07 05:00:00,1590.038940,0.397315,0.774718,0.000000
2019-03-07 06:00:00,1784.989746,0.390510,0.647536,0.007605
2019-03-07 07:00:00,1868.885620,0.381298,0.609647,0.038023
2019-03-07 08:00:00,1903.183594,0.389053,0.770025,0.083650
2019-03-07 09:00:00,1924.670044,0.436083,0.855140,0.110266
2019-03-07 10:00:00,1931.313721,0.514088,0.843880,0.079848
2019-03-07 11:00:00,1939.964233,0.606048,0.880974,0.148289
2019-03-07 12:00:00,1929.643433,0.773908,0.930025,0.171103
2019-03-07 13:00:00,1915.304199,0.946124,0.948306,0.148289
2019-03-07 14:00:00,1878.355835,0.936911,0.933720,0.144487
2019-03-07 15:00:00,1873.082520,0.848502,0.712788,0.110266
2019-03-07 16:00:00,1968.694092,0.786831,0.686197,0.019011
2019-03-07 17:00:00,2031.649658,0.655331,0.804853,0.000000
2019-03-07 18:00:00,1941.571045,0.655523,0.914832,0.000000
2019-03-07 19:00:00,1812.121582,0.698225,0.887944,0.000000
2019-03-07 20:00:00,1688.285156,0.689712,0.959012,0.000000
2019-03-07 21:00:00,1538.946899,0.774836,0.945349,0.000000
2019-03-07 22:00:00,1409.541992,0.753373,0.957273,0.000000
2019-03-07 23:00:00,1333.304077,0.834270,0.943782,0.000000
2019-03-08 00:00:00,1284.817749,0.887429,0.953300,0.000000
2019-03-08 01:00:00,1268.668945,0.903133,0.962311,0.000000
2019-03-08 02:00:00,1274.232544,0.904111,0.963651,0.000000
2019-03-08 03:00:00,1304.078613,0.887773,0.948453,0.000000
2019-03-08 04:00:00,1391.988647,0.815572,0.936854,0.000000
2019-03-08 05:00:00,1616.597778,0.769712,0.943122,0.000000
2019-03-08 06:00:00,1813.515869,0.797452,0.943713,0.022814
2019-03-08 07:00:00,1913.879761,0.919762,0.941374,0.045627
2019-03-08 08:00:00,1964.725464,0.987620,0.963867,0.167300
2019-03-08 09:00:00,1984.193604,1.000000,0.973759,0.441065
2019-03-08 10:00:00,1951.678467,0.991751,0.979511,0.638783
2019-03-08 11:00:00,1896.288696,0.991623,0.981210,0.768061
2019-03-08 12:00:00,1842.342407,0.987672,0.977686,0.771863
2019-03-08 13:00:00,1784.145996,0.971557,0.881419,0.638783
2019-03-08 14:00:00,1750.756714,0.958840,0.864949,0.425856
2019-03-08 15:00:00,1766.345825,0.926401,0.860441,0.178707
2019-03-08 16:00:00,1905.706665,0.861824,0.853452,0.022814
2019-03-08 17:00:00,1998.507446,0.843764,0.955298,0.007605
2019-03-08 18:00:00,1893.805298,0.783413,0.923995,0.000000
2019-03-08 19:00:00,1742.891479,0.709631,0.868736,0.000000
2019-03-08 20:00:00,1598.242432,0.576097,0.682465,0.000000
2019-03-08 21:00:00,1500.408081,0.500099,0.586772,0.000000
2019-03-08 22:00:00,1409.357788,0.486269,0.498500,0.000000
2019-03-08 23:00:00,1332.828613,0.489014,0.575482,0.000000
2019-03-09 00:00:00,1264.808472,0.457548,0.588327,0.000000
2019-03-09 01:00:00,1248.590332,0.449247,0.767300,0.000000
2019-03-09 02:00:00,1246.010742,0.510551,0.815144,0.000000
2019-03-09 03:00:00,1258.824951,0.581275,0.902335,0.000000
2019-03-09 04:00:00,1326.326538,0.674136,0.924143,0.000000
2019-03-09 05:00:00,1390.844482,0.783355,0.940935,0.000000
2019-03-09 06:00:00,1485.608887,0.856786,0.946513,0.003802
2019-03-09 07:00:00,1639.743896,0.868849,0.957585,0.049430
2019-03-09 08:00:00,1737.043823,0.916616,0.957989,0.129278
2019-03-09 09:00:00,1755.687744,0.950782,0.975905,0.311787
2019-03-09 10:00:00,1761.207764,0.956772,0.977128,0.479087
2019-03-09 11:00:00,1776.367188,0.971970,0.977591,0.520913
2019-03-09 12:00:00,1742.084961,0.977285,0.942439,0.558935
2019-03-09 13:00:00,1705.939331,0.958587,0.900875,0.517110
2019-03-09 14:00:00,1673.930420,0.950311,0.974009,0.304183
2019-03-09 15:00:00,1680.680176,0.893889,0.976719,0.129278
2019-03-09 16:00:00,1793.928467,0.747738,0.699143,0.019011
2019-03-09 17:00:00,1878.367188,0.540002,0.587924,0.011407
2019-03-09 18:00:00,1799.079590,0.615952,0.514102,0.000000
2019-03-09 19:00:00,1724.295898,0.799562,0.898475,0.000000
2019-03-09 20:00:00,1638.734985,0.846057,0.965788,0.000000
2019-03-09 21:00:00,1548.747192,0.862006,0.967790,0.000000
2019-03-09 22:00:00,1479.237305,0.915151,0.973995,0.000000
2019-03-09 23:00:00,1422.098755,0.963143,0.612728,0.000000
2019-03-10 00:00:00,1371.322266,0.962191,0.603073,0.000000
2019-03-10 01:00:00,1343.764526,0.942193,0.595343,0.000000
2019-03-10 02:00:00,1322.709717,0.950408,0.472125,0.000000
2019-03-10 03:00:00,1332.754395,0.901938,0.612982,0.000000
2019-03-10 04:00:00,1333.224976,0.792148,0.955759,0.000000
2019-03-10 05:00:00,1342.030029,0.759340,0.928481,0.003802
2019-03-10 06:00:00,1416.882202,0.689193,0.889245,0.068441
2019-03-10 07:00:00,1527.990601,0.636788,0.916395,0.220532
2019-03-10 08:00:00,1606.757080,0.641819,0.821887,0.391635
2019-03-10 09:00:00,1648.489258,0.581539,0.710040,0.490494
2019-03-10 10:00:00,1642.607056,0.546716,0.577870,0.551331
2019-03-10 11:00:00,1618.497925,0.461715,0.388426,0.539924
2019-03-10 12:00:00,1607.673340,0.379878,0.218418,0.505703
2019-03-10 13:00:00,1596.775024,0.243897,0.110734,0.357414
2019-03-10 14:00:00,1590.809937,0.172275,0.052208,0.212928
2019-03-10 15:00:00,1618.815552,0.149153,0.080593,0.106464
2019-03-10 16:00:00,1766.618896,0.151298,0.157347,0.026616
2019-03-10 17:00:00,1882.708252,0.214014,0.296993,0.003802
2019-03-10 18:00:00,1819.464722,0.230932,0.296863,0.000000
2019-03-10 19:00:00,1698.388306,0.290284,0.396682,0.000000
2019-03-10 20:00:00,1597.469238,0.289850,0.643655,0.000000
2019-03-10 21:00:00,1467.429565,0.179330,0.461451,0.000000
2019-03-10 22:00:00,1355.999023,0.132627,0.294783,0.000000
2019-03-10 23:00:00,1290.121948,0.076776,0.123676,0.000000
2019-03-11 00:00:00,1250.558960,0.064396,0.058240,0.000000
2019-03-11 01:00:00,1232.975586,0.038807,0.048581,0.000000
2019-03-11 02:00:00,1255.479248,0.030127,0.099479,0.000000
2019-03-11 03:00:00,1294.343994,0.061190,0.195631,0.000000
2019-03-11 04:00:00,1401.068726,0.066231,0.237205,0.000000
2019-03-11 05:00:00,1636.245483,0.039160,0.092606,0.003802
2019-03-11 06:00:00,1836.740234,0.022376,0.042187,0.068441
2019-03-11 07:00:00,1904.756348,0.014333,0.006833,0.212928
2019-03-11 08:00:00,1908.031982,0.014528,0.007125,0.353612
2019-03-11 09:00:00,1890.980835,0.013881,0.027134,0.520913
2019-03-11 10:00:00,1864.374512,0.013665,0.056140,0.604563
2019-03-11 11:00:00,1831.833740,0.023158,0.078988,0.669202
2019-03-11 12:00:00,1807.127686,0.046388,0.067417,0.711027
2019-03-11 13:00:00,1772.875732,0.062809,0.075939,0.657795
2019-03-11 14:00:00,1728.874512,0.077211,0.064407,0.479087
2019-03-11 15:00:00,1751.678101,0.096765,0.074538,0.258555
2019-03-11 16:00:00,1884.392822,0.084390,0.163713,0.053232
2019-03-11 17:00:00,1988.219971,0.067552,0.139000,0.000000
2019-03-11 18:00:00,1938.013550,0.047679,0.100028,0.000000
2019-03-11 19:00:00,1816.923096,0.083815,0.076855,0.000000
2019-03-11 20:00:00,1677.536865,0.176469,0.085662,0.000000
2019-03-11 21:00:00,1533.673950,0.222439,0.187996,0.000000
2019-03-11 22:00:00,1390.300293,0.179708,0.221288,0.000000
2019-03-11 23:00:00,1319.292480,0.101836,0.203812,0.000000
2019-03-12 00:00:00,1282.619629,0.147642,0.140009,0.000000
2019-03-12 01:00:00,1258.026367,0.164043,0.128303,0.000000
2019-03-12 02:00:00,1260.254272,0.186388,0.170960,0.000000
2019-03-12 03:00:00,1298.552002,0.244736,0.239012,0.000000
2019-03-12 04:00:00,1406.702759,0.263329,0.272007,0.000000
2019-03-12 05:00:00,1629.740845,0.258042,0.336718,0.003802
2019-03-12 06:00:00,1819.460083,0.246923,0.318442,0.068441
2019-03-12 07:00:00,1895.416016,0.279324,0.466682,0.178707
2019-03-12 08:00:00,1921.615723,0.291624,0.435143,0.231939
2019-03-12 09:00:00,1918.763672,0.386296,0.663025,0.300380
2019-03-12 10:00:00,1922.831543,0.445195,0.623756,0.482890
2019-03-12 11:00:00,1899.301392,0.527117,0.697204,0.414449
2019-03-12 12:00:00,1884.425049,0.579431,0.792748,0.243346
2019-03-12 13:00:00,1894.569702,0.647404,0.857819,0.125475
2019-03-12 14:00:00,1895.136475,0.714475,0.815184,0.064639
2019-03-12 15:00:00,1955.550049,0.755834,0.940126,0.026616
2019-03-12 16:00:00,2092.040039,0.784318,0.894280,0.007605
2019-03-12 17:00:00,2116.276855,0.816360,0.939198,0.000000
2019-03-12 18:00:00,2013.914429,0.841407,0.898975,0.000000
2019-03-12 19:00:00,1879.119385,0.885826,0.955618,0.000000
2019-03-12 20:00:00,1746.542480,0.879908,0.937651,0.000000
2019-03-12 21:00:00,1615.157104,0.902422,0.969805,0.000000
2019-03-12 22:00:00,1496.067749,0.860762,0.964290,0.000000
2019-03-12 23:00:00,1397.561523,0.805410,0.967415,0.000000
2019-03-13 00:00:00,1338.923950,0.816550,0.959756,0.000000
2019-03-13 01:00:00,1319.603027,0.861959,0.968357,0.000000
2019-03-13 02:00:00,1321.260498,0.755453,0.946760,0.000000
2019-03-13 03:00:00,1330.517212,0.680008,0.907669,0.000000
2019-03-13 04:00:00,1444.567383,0.687334,0.913571,0.000000
2019-03-13 05:00:00,1661.781006,0.748059,0.942118,0.003802
2019-03-13 06:00:00,1869.101074,0.823613,0.959525,0.026616
2019-03-13 07:00:00,1971.301636,0.864883,0.963672,0.068441
2019-03-13 08:00:00,2017.106689,0.888325,0.973765,0.114068
2019-03-13 09:00:00,2053.296143,0.903562,0.968511,0.159696
2019-03-13 10:00:00,2042.604614,0.914187,0.969127,0.186312
2019-03-13 11:00:00,2041.384155,0.913468,0.967066,0.193916
2019-03-13 12:00:00,2003.125977,0.913014,0.968570,0.186312
2019-03-13 13:00:00,1983.915161,0.919866,0.969172,0.117871
2019-03-13 14:00:00,1975.359985,0.903928,0.969534,0.091255
2019-03-13 15:00:00,1986.797852,0.876720,0.970744,0.053232
2019-03-13 16:00:00,2097.671631,0.848842,0.966201,0.015209
2019-03-13 17:00:00,2126.720703,0.814986,0.973694,0.000000
2019-03-13 18:00:00,2024.782959,0.791207,0.955216,0.000000
2019-03-13 19:00:00,1875.307007,0.715535,0.945091,0.000000
2019-03-13 20:00:00,1733.315552,0.587880,0.920045,0.000000
2019-03-13 21:00:00,1575.203491,0.495448,0.874316,0.000000
2019-03-13 22:00:00,1449.077637,0.536299,0.844237,0.000000
2019-03-13 23:00:00,1367.347778,0.660726,0.871522,0.000000
2019-03-14 00:00:00,1321.560059,0.697981,0.877700,0.000000
2019-03-14 01:00:00,1303.766724,0.697936,0.918998,0.000000
2019-03-14 02:00:00,1305.245117,0.638696,0.921960,0.000000
2019-03-14 03:00:00,1334.021606,0.635821,0.885842,0.000000
2019-03-14 04:00:00,1435.640381,0.602734,0.866540,0.000000
2019-03-14 05:00:00,1645.746826,0.523308,0.779498,0.000000
2019-03-14 06:00:00,1820.822266,0.485794,0.616516,0.022814
2019-03-14 07:00:00,1898.047363,0.431150,0.627961,0.125475
2019-03-14 08:00:00,1925.599976,0.440925,0.767508,0.186312
2019-03-14 09:00:00,1950.424561,0.469702,0.732332,0.281369
2019-03-14 10:00:00,1951.079468,0.521628,0.832841,0.273764
2019-03-14 11:00:00,1951.190918,0.611367,0.828668,0.205323
2019-03-14 12:00:00,1962.341431,0.653621,0.882129,0.163498
2019-03-14 13:00:00,1952.117676,0.657718,0.913593,0.121673
2019-03-14 14:00:00,1930.605591,0.627485,0.911544,0.083650
2019-03-14 15:00:00,1945.446777,0.570728,0.834486,0.034221
2019-03-14 16:00:00,2068.339844,0.472698,0.753664,0.007605
2019-03-14 17:00:00,2088.828125,0.314716,0.539086,0.000000
2019-03-14 18:00:00,1987.626831,0.222098,0.481924,0.000000
2019-03-14 19:00:00,1846.152832,0.229032,0.422852,0.000000
2019-03-14 20:00:00,1713.888062,0.264912,0.561023,0.000000
2019-03-14 21:00:00,1566.535034,0.333916,0.735187,0.000000
2019-03-14 22:00:00,1438.790527,0.343695,0.788357,0.000000
2019-03-14 23:00:00,1356.583252,0.368826,0.771748,0.000000
2019-03-15 00:00:00,1302.345215,0.315639,0.719008,0.000000
2019-03-15 01:00:00,1275.293701,0.325106,0.819466,0.000000
2019-03-15 02:00:00,1289.091797,0.404823,0.814814,0.000000
2019-03-15 03:00:00,1330.219604,0.554336,0.862625,0.000000
2019-03-15 04:00:00,1435.411255,0.645737,0.887131,0.000000
2019-03-15 05:00:00,1644.340332,0.571809,0.817914,0.000000
2019-03-15 06:00:00,1835.185181,0.383647,0.544355,0.030418
2019-03-15 07:00:00,1935.765991,0.303913,0.654328,0.106464
2019-03-15 08:00:00,1958.483643,0.305989,0.412066,0.167300
2019-03-15 09:00:00,1968.239868,0.367669,0.330168,0.231939
2019-03-15 10:00:00,1944.175537,0.461246,0.568145,0.262357
2019-03-15 11:00:00,1935.152344,0.535433,0.822327,0.190114
2019-03-15 12:00:00,1937.375610,0.571676,0.846937,0.110266
2019-03-15 13:00:00,1929.765869,0.693489,0.905440,0.068441
2019-03-15 14:00:00,1913.921509,0.775350,0.931315,0.060837
2019-03-15 15:00:00,1943.978394,0.898435,0.940785,0.091255
2019-03-15 16:00:00,2039.584473,0.948293,0.876536,0.011407
2019-03-15 17:00:00,2074.659424,0.949532,0.559126,0.000000
2019-03-15 18:00:00,1983.474976,0.904565,0.933829,0.000000
2019-03-15 19:00:00,1843.439941,0.889798,0.942904,0.000000
2019-03-15 20:00:00,1724.259277,0.802738,0.944340,0.000000
2019-03-15 21:00:00,1637.534058,0.801302,0.929319,0.000000
2019-03-15 22:00:00,1506.305420,0.842462,0.920689,0.000000
2019-03-15 23:00:00,1430.085693,0.860576,0.937262,0.000000
2019-03-16 00:00:00,1404.312012,0.871489,0.921599,0.000000
2019-03-16 01:00:00,1367.631226,0.826309,0.945305,0.000000
2019-03-16 02:00:00,1351.677002,0.757395,0.946053,0.000000
2019-03-16 03:00:00,1343.228394,0.695791,0.940300,0.000000
2019-03-16 04:00:00,1324.313354,0.666743,0.927891,0.000000
2019-03-16 05:00:00,1361.010132,0.659135,0.929569,0.007605
2019-03-16 06:00:00,1457.080566,0.628609,0.908303,0.076046
2019-03-16 07:00:00,1587.028198,0.639004,0.903615,0.201521
2019-03-16 08:00:00,1666.084351,0.629918,0.850151,0.372624
2019-03-16 09:00:00,1707.157593,0.625668,0.695540,0.418251
2019-03-16 10:00:00,1692.929199,0.534899,0.520262,0.376426
2019-03-16 11:00:00,1669.809326,0.387134,0.240959,0.399240
2019-03-16 12:00:00,1655.127319,0.431505,0.273841,0.300380
2019-03-16 13:00:00,1627.872192,0.368856,0.358013,0.205323
2019-03-16 14:00:00,1625.135986,0.308162,0.334440,0.102662
2019-03-16 15:00:00,1677.390015,0.361758,0.386251,0.041825
2019-03-16 16:00:00,1818.036743,0.422901,0.558401,0.007605
2019-03-16 17:00:00,1905.871948,0.536779,0.626044,0.000000
2019-03-16 18:00:00,1839.044434,0.608513,0.919336,0.000000
2019-03-16 19:00:00,1730.503784,0.643207,0.962139,0.000000
2019-03-16 20:00:00,1631.508301,0.674440,0.960855,0.000000
2019-03-16 21:00:00,1531.971191,0.756492,0.929954,0.000000
2019-03-16 22:00:00,1440.097290,0.788693,0.945081,0.000000
2019-03-16 23:00:00,1369.092896,0.802358,0.585486,0.000000
2019-03-17 00:00:00,1327.776978,0.827011,0.565232,0.000000
2019-03-17 01:00:00,1297.768188,0.840415,0.571301,0.000000
2019-03-17 02:00:00,1285.282104,0.794452,0.563302,0.000000
2019-03-17 03:00:00,1284.206177,0.843990,0.546840,0.000000
2019-03-17 04:00:00,1297.798706,0.813187,0.547767,0.000000
2019-03-17 05:00:00,1338.172974,0.852738,0.553198,0.000000
2019-03-17 06:00:00,1435.954834,0.821578,0.564695,0.015209
2019-03-17 07:00:00,1561.741455,0.710191,0.497734,0.057034
2019-03-17 08:00:00,1663.497803,0.694669,0.686168,0.182510
2019-03-17 09:00:00,1689.423096,0.778704,0.857946,0.330798
2019-03-17 10:00:00,1707.505249,0.862073,0.865356,0.463878
2019-03-17 11:00:00,1691.275513,0.858491,0.799849,0.619772
2019-03-17 12:00:00,1667.217407,0.894117,0.793755,0.627376
2019-03-17 13:00:00,1651.120239,0.870242,0.890786,0.562738
2019-03-17 14:00:00,1646.052246,0.916793,0.908504,0.425856
2019-03-17 15:00:00,1669.004639,0.909467,0.903395,0.201521
2019-03-17 16:00:00,1813.513306,0.913296,0.893250,0.053232
2019-03-17 17:00:00,1902.696167,0.925676,0.907813,0.000000
2019-03-17 18:00:00,1851.895752,0.935945,0.918557,0.000000
2019-03-17 19:00:00,1724.908569,0.947375,0.919055,0.000000
2019-03-17 20:00:00,1606.675537,0.951092,0.919213,0.000000
2019-03-17 21:00:00,1484.362427,0.944135,0.922457,0.000000
2019-03-17 22:00:00,1378.502319,0.929915,0.921101,0.000000
2019-03-17 23:00:00,1296.826904,0.863567,0.807171,0.000000
2019-03-18 00:00:00,1247.215698,0.852544,0.789447,0.000000
2019-03-18 01:00:00,1236.665283,0.848600,0.804938,0.000000
2019-03-18 02:00:00,1253.756714,0.907979,0.921200,0.000000
2019-03-18 03:00:00,1314.084961,0.911051,0.904172,0.000000
2019-03-18 04:00:00,1394.744507,0.913867,0.901130,0.000000
2019-03-18 05:00:00,1612.930786,0.876950,0.911411,0.003802
2019-03-18 06:00:00,1830.289795,0.794796,0.817285,0.060837
2019-03-18 07:00:00,1909.181763,0.795570,0.900471,0.159696
2019-03-18 08:00:00,1925.390869,0.769984,0.904286,0.243346
2019-03-18 09:00:00,1940.477295,0.756233,0.905472,0.338403
2019-03-18 10:00:00,1932.536133,0.715097,0.905480,0.304183
2019-03-18 11:00:00,1911.467163,0.654291,0.903985,0.307985
2019-03-18 12:00:00,1903.087036,0.566484,0.899299,0.269962
2019-03-18 13:00:00,1879.400635,0.529201,0.908443,0.197719
2019-03-18 14:00:00,1838.109985,0.547350,0.871394,0.216730
2019-03-18 15:00:00,1845.262451,0.531532,0.890115,0.186312
2019-03-18 16:00:00,1945.083740,0.502294,0.898810,0.060837
2019-03-18 17:00:00,1995.809814,0.446716,0.864411,0.003802
2019-03-18 18:00:00,1964.569824,0.400458,0.851922,0.000000
2019-03-18 19:00:00,1819.714233,0.360972,0.773913,0.000000
2019-03-18 20:00:00,1673.919312,0.336967,0.715449,0.000000
2019-03-18 21:00:00,1517.347656,0.306814,0.622029,0.000000
2019-03-18 22:00:00,1388.636475,0.254516,0.523801,0.000000
2019-03-18 23:00:00,1313.764404,0.191049,0.359510,0.000000
2019-03-19 00:00:00,1266.384644,0.177417,0.373217,0.000000
2019-03-19 01:00:00,1250.619141,0.145037,0.314429,0.000000
2019-03-19 02:00:00,1263.192993,0.122219,0.259946,0.000000
2019-03-19 03:00:00,1310.304688,0.082811,0.222012,0.000000
2019-03-19 04:00:00,1418.282227,0.062901,0.259755,0.000000
2019-03-19 05:00:00,1604.996460,0.050018,0.200459,0.015209
2019-03-19 06:00:00,1805.641968,0.040091,0.159727,0.133080
2019-03-19 07:00:00,1874.630615,0.039177,0.086610,0.372624
2019-03-19 08:00:00,1865.574097,0.056791,0.089791,0.596958
2019-03-19 09:00:00,1858.544434,0.070214,0.040488,0.771863
2019-03-19 10:00:00,1835.540894,0.072773,0.036764,0.863118
2019-03-19 11:00:00,1813.539795,0.097412,0.072614,0.893536
2019-03-19 12:00:00,1780.899414,0.103318,0.107747,0.863118
2019-03-19 13:00:00,1751.991943,0.106590,0.126677,0.760456
2019-03-19 14:00:00,1717.195190,0.101821,0.126812,0.570342
2019-03-19 15:00:00,1728.036865,0.071030,0.097363,0.323194
2019-03-19 16:00:00,1844.363770,0.026015,0.072023,0.095057
2019-03-19 17:00:00,1916.401978,0.030996,0.020673,0.003802
2019-03-19 18:00:00,1908.582275,0.087694,0.000026,0.000000
2019-03-19 19:00:00,1780.493774,0.154211,0.009423,0.000000
2019-03-19 20:00:00,1651.938110,0.165653,0.112263,0.000000
2019-03-19 21:00:00,1502.067749,0.115004,0.164046,0.000000
2019-03-19 22:00:00,1360.302856,0.109064,0.101998,0.000000
2019-03-19 23:00:00,1300.414917,0.132284,0.111890,0.000000
2019-03-20 00:00:00,1264.193115,0.160566,0.122330,0.000000
2019-03-20 01:00:00,1234.365112,0.210382,0.181315,0.000000
2019-03-20 02:00:00,1234.780640,0.263476,0.274975,0.000000
2019-03-20 03:00:00,1277.213379,0.335477,0.400183,0.000000
2019-03-20 04:00:00,1374.609619,0.430711,0.563523,0.000000
2019-03-20 05:00:00,1567.046875,0.415174,0.587914,0.011407
2019-03-20 06:00:00,1801.391479,0.391506,0.549026,0.041825
2019-03-20 07:00:00,1886.232910,0.432346,0.511937,0.072243
2019-03-20 08:00:00,1929.089111,0.477652,0.486826,0.095057
2019-03-20 09:00:00,1953.969482,0.534524,0.699455,0.110266
2019-03-20 10:00:00,1930.479492,0.545734,0.807305,0.140684
2019-03-20 11:00:00,1910.111694,0.525688,0.705572,0.144487
2019-03-20 12:00:00,1907.910034,0.538389,0.557678,0.121673
2019-03-20 13:00:00,1890.732788,0.532358,0.747570,0.091255
2019-03-20 14:00:00,1848.567017,0.486339,0.670097,0.098859
2019-03-20 15:00:00,1835.254761,0.436279,0.643825,0.098859
2019-03-20 16:00:00,1927.759399,0.369034,0.621542,0.045627
2019-03-20 17:00:00,1963.669189,0.328033,0.687433,0.003802
2019-03-20 18:00:00,1911.573120,0.281710,0.485671,0.000000
2019-03-20 19:00:00,1769.201660,0.248745,0.311710,0.000000
2019-03-20 20:00:00,1628.382813,0.273720,0.371036,0.000000
2019-03-20 21:00:00,1477.517456,0.260092,0.421146,0.000000
2019-03-20 22:00:00,1346.350952,0.230662,0.380533,0.000000
2019-03-20 23:00:00,1252.289551,0.227177,0.257038,0.000000
2019-03-21 00:00:00,1211.210571,0.301668,0.318082,0.000000
2019-03-21 01:00:00,1198.390015,0.291260,0.395569,0.000000
2019-03-21 02:00:00,1205.492310,0.288847,0.464400,0.000000
2019-03-21 03:00:00,1234.150024,0.348638,0.362717,0.000000
2019-03-21 04:00:00,1332.746704,0.423695,0.510056,0.000000
2019-03-21 05:00:00,1554.245850,0.507860,0.617514,0.000000
2019-03-21 06:00:00,1794.029297,0.546055,0.669803,0.015209
2019-03-21 07:00:00,1882.358521,0.573317,0.705865,0.053232
2019-03-21 08:00:00,1894.499512,0.659098,0.540099,0.114068
2019-03-21 09:00:00,1916.634033,0.692074,0.603422,0.171103
2019-03-21 10:00:00,1917.106689,0.713852,0.598404,0.209125
2019-03-21 11:00:00,1902.262329,0.703551,0.702468,0.201521
2019-03-21 12:00:00,1884.004272,0.675858,0.628776,0.174905
2019-03-21 13:00:00,1844.820557,0.684580,0.518411,0.201521
2019-03-21 14:00:00,1796.438354,0.670020,0.523474,0.174905
2019-03-21 15:00:00,1782.876343,0.683469,0.601357,0.091255
2019-03-21 16:00:00,1897.296509,0.656910,0.643438,0.030418
2019-03-21 17:00:00,1938.037476,0.573620,0.664763,0.000000
2019-03-21 18:00:00,1887.280762,0.536439,0.566843,0.000000
2019-03-21 19:00:00,1755.000000,0.495875,0.529365,0.000000
2019-03-21 20:00:00,1625.686768,0.464133,0.662178,0.000000
2019-03-21 21:00:00,1458.684937,0.410194,0.731574,0.000000
2019-03-21 22:00:00,1319.159180,0.277849,0.419660,0.000000
2019-03-21 23:00:00,1231.045166,0.200214,0.363910,0.000000
2019-03-22 00:00:00,1188.490479,0.148441,0.403439,0.000000
2019-03-22 01:00:00,1165.605103,0.101644,0.277784,0.000000
2019-03-22 02:00:00,1173.837158,0.070874,0.152394,0.000000
2019-03-22 03:00:00,1215.897949,0.020074,0.035973,0.000000
2019-03-22 04:00:00,1314.397095,0.005961,0.000077,0.000000
2019-03-22 05:00:00,1512.505859,0.002939,0.000036,0.011407
2019-03-22 06:00:00,1720.137939,0.002583,0.000029,0.079848
2019-03-22 07:00:00,1812.099121,0.009921,0.005085,0.178707
2019-03-22 08:00:00,1835.936890,0.024469,0.001616,0.190114
2019-03-22 09:00:00,1853.499512,0.038114,0.004838,0.193916
2019-03-22 10:00:00,1839.155273,0.061887,0.012486,0.216730
2019-03-22 11:00:00,1819.423340,0.077342,0.025207,0.250951
2019-03-22 12:00:00,1790.615234,0.084135,0.036833,0.239544
2019-03-22 13:00:00,1749.131714,0.099344,0.046381,0.178707
2019-03-22 14:00:00,1729.069336,0.125686,0.048461,0.098859
2019-03-22 15:00:00,1765.380005,0.148654,0.051912,0.045627
2019-03-22 16:00:00,1862.202881,0.160403,0.060846,0.015209
2019-03-22 17:00:00,1905.817627,0.158323,0.139520,0.026616
2019-03-22 18:00:00,1831.881470,0.177932,0.229024,0.000000
2019-03-22 19:00:00,1683.519653,0.239210,0.408630,0.000000
2019-03-22 20:00:00,1558.702637,0.307992,0.454123,0.000000
2019-03-22 21:00:00,1451.244263,0.398363,0.387855,0.000000
2019-03-22 22:00:00,1350.796509,0.447740,0.380183,0.000000
2019-03-22 23:00:00,1266.586914,0.444157,0.444460,0.000000
2019-03-23 00:00:00,1213.690308,0.419159,0.579646,0.000000
2019-03-23 01:00:00,1169.138794,0.290087,0.525490,0.000000
2019-03-23 02:00:00,1159.531982,0.201991,0.348266,0.000000
2019-03-23 03:00:00,1144.877686,0.146819,0.195746,0.000000
2019-03-23 04:00:00,1167.417480,0.155912,0.234521,0.000000
2019-03-23 05:00:00,1214.504517,0.170591,0.320234,0.015209
2019-03-23 06:00:00,1339.570068,0.234840,0.356116,0.049430
2019-03-23 07:00:00,1488.103638,0.216462,0.325150,0.110266
2019-03-23 08:00:00,1566.489258,0.221238,0.263221,0.197719
2019-03-23 09:00:00,1606.775635,0.238275,0.302537,0.334601
2019-03-23 10:00:00,1599.597290,0.270753,0.423728,0.509506
2019-03-23 11:00:00,1581.383911,0.297661,0.512134,0.623574
2019-03-23 12:00:00,1533.268066,0.350489,0.444850,0.631179
2019-03-23 13:00:00,1505.839478,0.393856,0.395550,0.536122
2019-03-23 14:00:00,1494.671021,0.395388,0.397268,0.380228
2019-03-23 15:00:00,1513.511719,0.387644,0.301732,0.231939
2019-03-23 16:00:00,1628.080444,0.348128,0.517878,0.083650
2019-03-23 17:00:00,1730.637939,0.301673,0.671275,0.007605
2019-03-23 18:00:00,1714.822266,0.284781,0.632395,0.000000
2019-03-23 19:00:00,1597.654297,0.260455,0.514527,0.000000
2019-03-23 20:00:00,1492.201782,0.238543,0.419600,0.000000
2019-03-23 21:00:00,1403.221436,0.221462,0.339228,0.000000
2019-03-23 22:00:00,1322.933472,0.205372,0.274685,0.000000
2019-03-23 23:00:00,1256.502686,0.202830,0.229030,0.000000
2019-03-24 00:00:00,1206.608032,0.202079,0.253788,0.000000
2019-03-24 01:00:00,1169.474976,0.170229,0.243234,0.000000
2019-03-24 02:00:00,1163.106689,0.164688,0.192298,0.000000
2019-03-24 03:00:00,1159.796753,0.133007,0.145440,0.000000
2019-03-24 04:00:00,1175.227051,0.118068,0.117510,0.000000
2019-03-24 05:00:00,1204.031372,0.099133,0.078965,0.015209
2019-03-24 06:00:00,1318.863281,0.074034,0.060059,0.076046
2019-03-24 07:00:00,1460.195801,0.069666,0.061208,0.144487
2019-03-24 08:00:00,1556.431763,0.066027,0.053048,0.209125
2019-03-24 09:00:00,1598.229614,0.079806,0.063080,0.361217
2019-03-24 10:00:00,1582.894531,0.128403,0.053074,0.688213
2019-03-24 11:00:00,1554.263428,0.206490,0.067858,0.809886
2019-03-24 12:00:00,1503.700073,0.240690,0.099281,0.752852
2019-03-24 13:00:00,1492.906128,0.260787,0.130000,0.680608
2019-03-24 14:00:00,1489.551636,0.266018,0.103314,0.448669
2019-03-24 15:00:00,1537.746948,0.296616,0.096887,0.231939
2019-03-24 16:00:00,1687.991577,0.367156,0.280635,0.076046
2019-03-24 17:00:00,1761.713013,0.449333,0.590739,0.003802
2019-03-24 18:00:00,1758.227783,0.513890,0.574630,0.000000
2019-03-24 19:00:00,1626.607544,0.530757,0.591814,0.000000
2019-03-24 20:00:00,1513.587158,0.509261,0.461954,0.000000
2019-03-24 21:00:00,1396.652100,0.515444,0.480461,0.000000
2019-03-24 22:00:00,1291.846069,0.542445,0.600222,0.000000
2019-03-24 23:00:00,1229.780518,0.543461,0.659047,0.000000
2019-03-25 00:00:00,1186.535645,0.561503,0.739269,0.000000
2019-03-25 01:00:00,1177.994385,0.591031,0.800269,0.000000
2019-03-25 02:00:00,1193.674561,0.517581,0.850466,0.000000
2019-03-25 03:00:00,1227.776978,0.437680,0.872244,0.000000
2019-03-25 04:00:00,1334.296265,0.383098,0.816078,0.000000
2019-03-25 05:00:00,1542.726807,0.351389,0.753360,0.007605
2019-03-25 06:00:00,1757.099976,0.307393,0.720370,0.068441
2019-03-25 07:00:00,1831.889282,0.324295,0.574300,0.174905
2019-03-25 08:00:00,1868.465698,0.379526,0.390661,0.250951
2019-03-25 09:00:00,1887.535767,0.389017,0.338953,0.292776
2019-03-25 10:00:00,1882.217529,0.399545,0.334852,0.288973
2019-03-25 11:00:00,1867.151978,0.391672,0.518296,0.307985
2019-03-25 12:00:00,1828.160278,0.425250,0.491689,0.380228
2019-03-25 13:00:00,1806.716675,0.439396,0.637318,0.448669
2019-03-25 14:00:00,1742.770386,0.457320,0.574378,0.406844
2019-03-25 15:00:00,1732.383667,0.471581,0.475653,0.292776
2019-03-25 16:00:00,1851.490845,0.418896,0.517720,0.114068
2019-03-25 17:00:00,1886.510132,0.251386,0.382099,0.007605
2019-03-25 18:00:00,1867.713745,0.171033,0.333981,0.000000
2019-03-25 19:00:00,1743.200073,0.094157,0.291770,0.000000
2019-03-25 20:00:00,1616.734253,0.072762,0.169269,0.000000
2019-03-25 21:00:00,1472.123779,0.133089,0.183333,0.000000
2019-03-25 22:00:00,1338.383301,0.201663,0.136008,0.000000
2019-03-25 23:00:00,1262.970825,0.313606,0.271907,0.000000
2019-03-26 00:00:00,1225.411133,0.402900,0.607064,0.000000
2019-03-26 01:00:00,1227.246338,0.514049,0.779957,0.000000
2019-03-26 02:00:00,1242.200439,0.600330,0.910530,0.000000
2019-03-26 03:00:00,1278.791138,0.681016,0.908703,0.000000
2019-03-26 04:00:00,1375.585693,0.668826,0.881170,0.000000
2019-03-26 05:00:00,1571.279663,0.680971,0.938455,0.022814
2019-03-26 06:00:00,1788.644043,0.702048,0.937234,0.117871
2019-03-26 07:00:00,1861.007080,0.691481,0.908873,0.224335
2019-03-26 08:00:00,1901.051392,0.671845,0.867129,0.399240
2019-03-26 09:00:00,1880.215820,0.686532,0.795359,0.581749
2019-03-26 10:00:00,1855.797363,0.607396,0.770834,0.612167
2019-03-26 11:00:00,1822.614014,0.551808,0.756114,0.627376
2019-03-26 12:00:00,1803.655518,0.471898,0.712349,0.608365
2019-03-26 13:00:00,1766.779053,0.416216,0.631534,0.562738
2019-03-26 14:00:00,1740.094116,0.279931,0.462133,0.296578
2019-03-26 15:00:00,1766.529541,0.116222,0.291917,0.171103
2019-03-26 16:00:00,1883.083862,0.037274,0.116394,0.095057
2019-03-26 17:00:00,1906.405762,0.033337,0.055718,0.011407
2019-03-26 18:00:00,1882.310791,0.032366,0.017005,0.000000
2019-03-26 19:00:00,1746.180420,0.084464,0.054949,0.000000
2019-03-26 20:00:00,1625.680176,0.131105,0.187349,0.000000
2019-03-26 21:00:00,1477.483521,0.130198,0.191280,0.000000
2019-03-26 22:00:00,1345.118164,0.146769,0.209961,0.000000
2019-03-26 23:00:00,1254.791260,0.156863,0.279666,0.000000
2019-03-27 00:00:00,1199.050049,0.168389,0.394762,0.000000
2019-03-27 01:00:00,1178.487671,0.207075,0.365787,0.000000
2019-03-27 02:00:00,1179.924683,0.240301,0.375399,0.000000
2019-03-27 03:00:00,1220.076782,0.286679,0.401168,0.000000
2019-03-27 04:00:00,1313.241089,0.324995,0.448724,0.000000
2019-03-27 05:00:00,1523.595947,0.390821,0.634274,0.011407
2019-03-27 06:00:00,1755.986816,0.443192,0.635508,0.049430
2019-03-27 07:00:00,1842.156860,0.409269,0.744702,0.106464
2019-03-27 08:00:00,1872.872559,0.397949,0.736691,0.163498
2019-03-27 09:00:00,1886.787231,0.472369,0.721445,0.239544
2019-03-27 10:00:00,1866.054932,0.512847,0.787187,0.269962
2019-03-27 11:00:00,1858.366455,0.477726,0.780231,0.319392
2019-03-27 12:00:00,1857.785156,0.471341,0.808842,0.380228
2019-03-27 13:00:00,1820.113647,0.523751,0.808964,0.304183
2019-03-27 14:00:00,1775.745972,0.546502,0.834610,0.235741
2019-03-27 15:00:00,1780.078491,0.535437,0.851056,0.136882
2019-03-27 16:00:00,1865.993896,0.493651,0.725165,0.041825
2019-03-27 17:00:00,1887.903564,0.408582,0.721420,0.003802
2019-03-27 18:00:00,1858.422363,0.357983,0.694985,0.000000
2019-03-27 19:00:00,1728.513672,0.316821,0.734021,0.000000
2019-03-27 20:00:00,1601.429077,0.287240,0.724204,0.000000
2019-03-27 21:00:00,1447.275757,0.264235,0.629581,0.000000
2019-03-27 22:00:00,1303.914185,0.206498,0.548151,0.000000
2019-03-27 23:00:00,1217.385620,0.177780,0.407262,0.000000
2019-03-28 00:00:00,1184.361938,0.212967,0.488925,0.000000
2019-03-28 01:00:00,1166.332031,0.206217,0.609781,0.000000
2019-03-28 02:00:00,1171.078613,0.202267,0.631422,0.000000
2019-03-28 03:00:00,1190.367676,0.200669,0.569910,0.000000
2019-03-28 04:00:00,1284.210449,0.153765,0.418483,0.000000
2019-03-28 05:00:00,1495.048340,0.146086,0.398907,0.007605
2019-03-28 06:00:00,1717.163940,0.135177,0.257098,0.045627
2019-03-28 07:00:00,1816.350342,0.090900,0.133297,0.106464
2019-03-28 08:00:00,1841.331177,0.087760,0.078421,0.159696
2019-03-28 09:00:00,1854.419922,0.125128,0.133122,0.205323
2019-03-28 10:00:00,1836.473511,0.134505,0.212841,0.243346
2019-03-28 11:00:00,1803.331665,0.135454,0.191250,0.269962
2019-03-28 12:00:00,1779.610718,0.107276,0.176713,0.323194
2019-03-28 13:00:00,1730.813354,0.085473,0.139221,0.425856
2019-03-28 14:00:00,1689.020630,0.067379,0.120859,0.441065
2019-03-28 15:00:00,1669.158081,0.086059,0.107193,0.300380
2019-03-28 16:00:00,1766.819946,0.096243,0.105941,0.117871
2019-03-28 17:00:00,1797.853027,0.101874,0.102509,0.011407
2019-03-28 18:00:00,1812.457520,0.155444,0.142177,0.000000
2019-03-28 19:00:00,1701.922607,0.227825,0.243809,0.000000
2019-03-28 20:00:00,1584.914551,0.285830,0.236001,0.000000
2019-03-28 21:00:00,1439.175903,0.304692,0.437544,0.000000
2019-03-28 22:00:00,1314.776611,0.265915,0.439927,0.000000
2019-03-28 23:00:00,1231.235474,0.228753,0.449950,0.000000
2019-03-29 00:00:00,1181.281982,0.223639,0.265092,0.000000
2019-03-29 01:00:00,1162.965454,0.227368,0.250761,0.000000
2019-03-29 02:00:00,1166.113892,0.241900,0.262468,0.000000
2019-03-29 03:00:00,1199.259888,0.282773,0.231658,0.000000
2019-03-29 04:00:00,1302.221558,0.372956,0.273016,0.000000
2019-03-29 05:00:00,1510.541016,0.430271,0.356178,0.041825
2019-03-29 06:00:00,1698.604492,0.449103,0.360867,0.171103
2019-03-29 07:00:00,1773.399414,0.490873,0.390850,0.372624
2019-03-29 08:00:00,1788.866699,0.574663,0.408870,0.543726
2019-03-29 09:00:00,1777.834961,0.651677,0.410064,0.638783
2019-03-29 10:00:00,1747.685181,0.670658,0.420888,0.745247
2019-03-29 11:00:00,1731.342896,0.677544,0.394850,0.836502
2019-03-29 12:00:00,1691.472778,0.643021,0.391113,0.840304
2019-03-29 13:00:00,1640.931030,0.643136,0.294545,0.752852
2019-03-29 14:00:00,1590.999390,0.615499,0.267914,0.566540
2019-03-29 15:00:00,1598.799316,0.575536,0.336949,0.334601
2019-03-29 16:00:00,1695.730103,0.501451,0.308409,0.117871
2019-03-29 17:00:00,1738.231079,0.471602,0.324154,0.015209
2019-03-29 18:00:00,1742.933472,0.386962,0.245999,0.003802
2019-03-29 19:00:00,1624.389404,0.355575,0.223201,0.000000
2019-03-29 20:00:00,1515.511841,0.342632,0.169205,0.000000
2019-03-29 21:00:00,1397.870605,0.331524,0.129263,0.000000
2019-03-29 22:00:00,1304.116333,0.297349,0.134822,0.000000
2019-03-29 23:00:00,1218.017822,0.241388,0.147519,0.000000
2019-03-30 00:00:00,1172.555298,0.198605,0.108488,0.000000
2019-03-30 01:00:00,1147.456055,0.188168,0.093793,0.000000
2019-03-30 02:00:00,1141.199097,0.178322,0.076513,0.000000
2019-03-30 03:00:00,1154.463623,0.185070,0.098598,0.000000
2019-03-30 04:00:00,1172.352295,0.181351,0.102800,0.000000
2019-03-30 05:00:00,1221.230713,0.189395,0.100322,0.049430
2019-03-30 06:00:00,1339.858032,0.166488,0.127497,0.209125
2019-03-30 07:00:00,1435.222656,0.158460,0.167749,0.429658
2019-03-30 08:00:00,1501.281616,0.171088,0.201002,0.646388
2019-03-30 09:00:00,1534.928223,0.180268,0.160243,0.806084
2019-03-30 10:00:00,1513.838867,0.189871,0.114358,0.889734
2019-03-30 11:00:00,1485.199219,0.204873,0.166711,0.897338
2019-03-30 12:00:00,1457.320557,0.239205,0.213652,0.840304
2019-03-30 13:00:00,1429.271118,0.251118,0.122749,0.722433
2019-03-30 14:00:00,1415.988525,0.268956,0.154527,0.520913
2019-03-30 15:00:00,1433.815918,0.293523,0.129501,0.292776
2019-03-30 16:00:00,1563.908447,0.365297,0.163732,0.110266
2019-03-30 17:00:00,1631.156738,0.480221,0.297820,0.011407
2019-03-30 18:00:00,1638.603027,0.468953,0.563121,0.000000
2019-03-30 19:00:00,1547.446899,0.390173,0.644733,0.000000
2019-03-30 20:00:00,1447.538940,0.383979,0.556600,0.000000
2019-03-30 21:00:00,1355.664917,0.423665,0.467133,0.000000
2019-03-30 22:00:00,1277.047607,0.387491,0.706412,0.000000
2019-03-30 23:00:00,1198.191895,0.340712,0.626358,0.000000
2019-03-31 00:00:00,1143.047241,0.347202,0.406884,0.000000
2019-03-31 01:00:00,1123.086670,0.371802,0.404187,0.000000
2019-03-31 02:00:00,1126.752686,0.432205,0.499456,0.000000
2019-03-31 03:00:00,1156.513672,0.460156,0.551426,0.000000
2019-03-31 04:00:00,1188.324097,0.525938,0.524839,0.000000
2019-03-31 05:00:00,1267.119629,0.637197,0.710398,0.049430
2019-03-31 06:00:00,1401.394653,0.718145,0.836562,0.216730
2019-03-31 07:00:00,1530.113525,0.789728,0.806833,0.456274
2019-03-31 08:00:00,1599.289795,0.749775,0.702212,0.684411
2019-03-31 09:00:00,1592.694946,0.666522,0.585664,0.847909
2019-03-31 10:00:00,1545.192505,0.537935,0.451940,0.923954
2019-03-31 11:00:00,1521.369385,0.443419,0.316355,0.942966
2019-03-31 12:00:00,1475.419067,0.352207,0.302281,0.904943
2019-03-31 13:00:00,1453.439331,0.265367,0.200318,0.802281
2019-03-31 14:00:00,1470.849365,0.205321,0.139251,0.619772
2019-03-31 15:00:00,1579.546265,0.176466,0.133812,0.384030
2019-03-31 16:00:00,1623.267578,0.127815,0.114364,0.152091
2019-03-31 17:00:00,1605.838135,0.071057,0.088139,0.019011
2019-03-31 18:00:00,1624.879272,0.046717,0.060719,0.000000
2019-03-31 19:00:00,1530.430664,0.056517,0.023802,0.000000
2019-03-31 20:00:00,1408.069702,0.096869,0.010743,0.000000
2019-03-31 21:00:00,1295.974487,0.101536,0.024121,0.000000
2019-03-31 22:00:00,1210.611694,0.075188,0.024626,0.000000
2019-03-31 23:00:00,1168.581055,0.038966,0.005831,0.000000
2019-04-01 00:00:00,1162.807251,0.018942,0.000833,0.000000
2019-04-01 01:00:00,1178.822144,0.009328,0.000495,0.000000
2019-04-01 02:00:00,1223.468628,0.007234,0.000032,0.000000
2019-04-01 03:00:00,1317.945557,0.006308,0.000584,0.000000
2019-04-01 04:00:00,1521.712158,0.010938,0.005957,0.003802
2019-04-01 05:00:00,1713.405029,0.010262,0.006423,0.072243
2019-04-01 06:00:00,1778.698853,0.009304,0.002388,0.250951
2019-04-01 07:00:00,1782.841309,0.010554,0.002070,0.479087
2019-04-01 08:00:00,1782.124634,0.017202,0.003784,0.695817
2019-04-01 09:00:00,1763.672729,0.019710,0.006521,0.851711
2019-04-01 10:00:00,1739.098145,0.023520,0.010742,0.935361
2019-04-01 11:00:00,1714.915405,0.036306,0.014300,0.946768
2019-04-01 12:00:00,1668.876587,0.047637,0.025387,0.908745
2019-04-01 13:00:00,1621.918213,0.065216,0.089175,0.806084
2019-04-01 14:00:00,1627.403198,0.073318,0.159451,0.631179
2019-04-01 15:00:00,1738.378418,0.115625,0.249802,0.395437
2019-04-01 16:00:00,1738.776733,0.157084,0.386400,0.155894
2019-04-01 17:00:00,1711.203125,0.190759,0.385388,0.019011
2019-04-01 18:00:00,1718.453003,0.228676,0.481135,0.000000
2019-04-01 19:00:00,1629.431274,0.317192,0.675191,0.000000
2019-04-01 20:00:00,1465.092041,0.371392,0.724157,0.000000
2019-04-01 21:00:00,1353.892700,0.351111,0.613357,0.000000
2019-04-01 22:00:00,1268.391724,0.352693,0.527591,0.000000
2019-04-01 23:00:00,1227.299805,0.381325,0.623949,0.000000
2019-04-02 00:00:00,1213.837769,0.462920,0.777257,0.000000
2019-04-02 01:00:00,1215.680176,0.512012,0.852157,0.000000
2019-04-02 02:00:00,1254.589844,0.542268,0.882804,0.000000
2019-04-02 03:00:00,1356.739014,0.541679,0.882490,0.000000
2019-04-02 04:00:00,1551.502686,0.522790,0.905500,0.003802
2019-04-02 05:00:00,1753.931641,0.509823,0.948872,0.064639
2019-04-02 06:00:00,1837.176514,0.605450,0.945290,0.250951
2019-04-02 07:00:00,1846.246704,0.677160,0.945647,0.490494
2019-04-02 08:00:00,1850.177490,0.707984,0.845046,0.714829
2019-04-02 09:00:00,1817.707397,0.724540,0.629553,0.866920
2019-04-02 10:00:00,1787.862305,0.715327,0.577323,0.942966
2019-04-02 11:00:00,1781.245239,0.756886,0.656961,0.965779
2019-04-02 12:00:00,1748.557861,0.762990,0.622407,0.923954
2019-04-02 13:00:00,1698.370117,0.767730,0.572322,0.783270
2019-04-02 14:00:00,1676.531616,0.746820,0.629308,0.585551
2019-04-02 15:00:00,1770.746582,0.682885,0.728130,0.307985
2019-04-02 16:00:00,1770.319824,0.593328,0.778712,0.102662
2019-04-02 17:00:00,1724.271240,0.555452,0.893446,0.011407
2019-04-02 18:00:00,1711.611816,0.535959,0.927520,0.000000
2019-04-02 19:00:00,1605.844482,0.554761,0.955188,0.000000
2019-04-02 20:00:00,1469.856445,0.516825,0.921166,0.000000
2019-04-02 21:00:00,1349.365723,0.486966,0.932638,0.000000
2019-04-02 22:00:00,1264.214844,0.442176,0.743474,0.000000
2019-04-02 23:00:00,1213.331909,0.486255,0.904426,0.000000
2019-04-03 00:00:00,1180.333862,0.502744,0.749883,0.000000
2019-04-03 01:00:00,1176.305786,0.366621,0.701323,0.000000
2019-04-03 02:00:00,1198.062988,0.319561,0.663288,0.000000
2019-04-03 03:00:00,1293.762329,0.318803,0.701084,0.000000
2019-04-03 04:00:00,1497.761475,0.254487,0.367150,0.000000
2019-04-03 05:00:00,1683.738037,0.149580,0.266673,0.041825
2019-04-03 06:00:00,1784.969482,0.111520,0.221174,0.102662
2019-04-03 07:00:00,1820.164307,0.090652,0.324005,0.212928
2019-04-03 08:00:00,1825.407104,0.080067,0.175734,0.433460
2019-04-03 09:00:00,1795.293213,0.068273,0.060226,0.528517
2019-04-03 10:00:00,1770.809204,0.037063,0.016628,0.581749
2019-04-03 11:00:00,1753.021729,0.026828,0.017449,0.661597
2019-04-03 12:00:00,1709.451416,0.058327,0.064996,0.501901
2019-04-03 13:00:00,1692.021606,0.112046,0.179283,0.429658
2019-04-03 14:00:00,1698.694580,0.184317,0.334604,0.330798
2019-04-03 15:00:00,1769.632813,0.215442,0.286356,0.182510
2019-04-03 16:00:00,1754.487793,0.205277,0.287558,0.072243
2019-04-03 17:00:00,1690.038330,0.217338,0.387464,0.011407
2019-04-03 18:00:00,1666.363647,0.255822,0.342278,0.003802
2019-04-03 19:00:00,1558.210449,0.211504,0.281021,0.000000
2019-04-03 20:00:00,1413.611572,0.223735,0.306348,0.000000
2019-04-03 21:00:00,1288.933228,0.296951,0.427873,0.000000
2019-04-03 22:00:00,1218.242554,0.396769,0.726093,0.000000
2019-04-03 23:00:00,1166.363647,0.410798,0.733857,0.000000
2019-04-04 00:00:00,1139.027710,0.408432,0.632625,0.000000
2019-04-04 01:00:00,1144.172363,0.404820,0.604733,0.000000
2019-04-04 02:00:00,1161.937500,0.401172,0.582352,0.000000
2019-04-04 03:00:00,1259.830322,0.363787,0.433034,0.000000
2019-04-04 04:00:00,1476.971191,0.347581,0.396077,0.003802
2019-04-04 05:00:00,1673.057983,0.370170,0.476479,0.064639
2019-04-04 06:00:00,1756.803101,0.323530,0.479635,0.220532
2019-04-04 07:00:00,1772.973511,0.247619,0.404068,0.418251
2019-04-04 08:00:00,1793.745483,0.240935,0.263867,0.619772
2019-04-04 09:00:00,1751.151123,0.243021,0.196192,0.752852
2019-04-04 10:00:00,1721.229736,0.236996,0.206484,0.817490
2019-04-04 11:00:00,1707.552612,0.283811,0.351968,0.844106
2019-04-04 12:00:00,1666.641724,0.391432,0.597033,0.813688
2019-04-04 13:00:00,1626.896606,0.436201,0.547049,0.695817
2019-04-04 14:00:00,1627.591187,0.446194,0.651302,0.532319
2019-04-04 15:00:00,1710.010742,0.395036,0.671696,0.311787
2019-04-04 16:00:00,1698.980591,0.280603,0.541945,0.114068
2019-04-04 17:00:00,1647.044189,0.284467,0.574310,0.015209
2019-04-04 18:00:00,1644.837402,0.342360,0.568337,0.003802
2019-04-04 19:00:00,1544.620972,0.317409,0.474633,0.000000
2019-04-04 20:00:00,1399.195068,0.296396,0.375775,0.000000
2019-04-04 21:00:00,1274.079224,0.300403,0.318597,0.000000
2019-04-04 22:00:00,1198.708496,0.301624,0.282614,0.000000
2019-04-04 23:00:00,1144.058594,0.277008,0.263568,0.000000
2019-04-05 00:00:00,1117.463989,0.252277,0.273527,0.000000
2019-04-05 01:00:00,1130.742432,0.236626,0.229886,0.000000
2019-04-05 02:00:00,1140.209961,0.258511,0.223907,0.000000
2019-04-05 03:00:00,1234.516846,0.262172,0.217333,0.000000
2019-04-05 04:00:00,1445.593140,0.255487,0.168969,0.003802
2019-04-05 05:00:00,1640.462769,0.311020,0.196911,0.068441
2019-04-05 06:00:00,1726.859985,0.288490,0.230661,0.228137
2019-04-05 07:00:00,1742.313354,0.295233,0.430191,0.429658
2019-04-05 08:00:00,1746.475830,0.352494,0.514802,0.623574
2019-04-05 09:00:00,1707.354614,0.350124,0.461962,0.760456
2019-04-05 10:00:00,1681.355713,0.413559,0.703798,0.813688
2019-04-05 11:00:00,1651.983276,0.502362,0.706375,0.840304
2019-04-05 12:00:00,1610.114014,0.517342,0.756887,0.809886
2019-04-05 13:00:00,1572.505127,0.563006,0.799297,0.680608
2019-04-05 14:00:00,1577.333618,0.565782,0.838945,0.505703
2019-04-05 15:00:00,1660.881226,0.494975,0.841170,0.296578
2019-04-05 16:00:00,1667.000732,0.458677,0.917512,0.125475
2019-04-05 17:00:00,1610.859009,0.456074,0.917350,0.019011
2019-04-05 18:00:00,1587.672119,0.471490,0.895808,0.003802
2019-04-05 19:00:00,1494.944824,0.425541,0.650305,0.000000
2019-04-05 20:00:00,1386.385498,0.365159,0.533758,0.000000
2019-04-05 21:00:00,1282.020508,0.326162,0.290040,0.000000
2019-04-05 22:00:00,1185.856445,0.211348,0.157282,0.000000
2019-04-05 23:00:00,1123.187012,0.150868,0.114782,0.000000
2019-04-06 00:00:00,1091.620728,0.093739,0.037368,0.000000
2019-04-06 01:00:00,1084.315552,0.069758,0.042009,0.000000
2019-04-06 02:00:00,1086.115845,0.074603,0.047942,0.000000
2019-04-06 03:00:00,1106.623413,0.086983,0.048688,0.000000
2019-04-06 04:00:00,1155.560547,0.103693,0.120836,0.003802
2019-04-06 05:00:00,1269.536987,0.116892,0.151426,0.057034
2019-04-06 06:00:00,1405.670532,0.133075,0.145355,0.171103
2019-04-06 07:00:00,1488.925049,0.111442,0.153932,0.307985
2019-04-06 08:00:00,1518.450806,0.116529,0.187741,0.406844
2019-04-06 09:00:00,1509.062622,0.120946,0.166047,0.551331
2019-04-06 10:00:00,1484.048584,0.150324,0.235879,0.737643
2019-04-06 11:00:00,1457.798828,0.193595,0.268663,0.821293
2019-04-06 12:00:00,1428.995850,0.219597,0.441576,0.809886
2019-04-06 13:00:00,1399.491577,0.255922,0.572975,0.692015
2019-04-06 14:00:00,1421.306274,0.284243,0.578435,0.532319
2019-04-06 15:00:00,1503.158936,0.241947,0.496218,0.330798
2019-04-06 16:00:00,1528.097412,0.232698,0.468948,0.140684
2019-04-06 17:00:00,1481.692749,0.233738,0.490692,0.026616
2019-04-06 18:00:00,1492.231567,0.258566,0.488430,0.007605
2019-04-06 19:00:00,1431.620728,0.257600,0.428490,0.000000
2019-04-06 20:00:00,1332.761963,0.247850,0.357391,0.000000
2019-04-06 21:00:00,1253.870239,0.212114,0.231601,0.000000
2019-04-06 22:00:00,1182.169556,0.202026,0.260626,0.000000
2019-04-06 23:00:00,1127.482178,0.194736,0.365287,0.000000
2019-04-07 00:00:00,1094.354248,0.160468,0.289109,0.000000
2019-04-07 01:00:00,1086.078735,0.107247,0.154304,0.000000
2019-04-07 02:00:00,1086.645020,0.092605,0.116067,0.000000
2019-04-07 03:00:00,1113.391357,0.089752,0.126517,0.000000
2019-04-07 04:00:00,1134.830811,0.064493,0.092035,0.007605
2019-04-07 05:00:00,1239.730591,0.049775,0.047781,0.083650
2019-04-07 06:00:00,1366.073608,0.033432,0.040804,0.239544
2019-04-07 07:00:00,1459.346313,0.010067,0.025020,0.433460
2019-04-07 08:00:00,1499.949219,0.002559,0.011139,0.604563
2019-04-07 09:00:00,1481.594360,0.002379,0.004113,0.733840
2019-04-07 10:00:00,1457.149658,0.002087,0.003916,0.756654
2019-04-07 11:00:00,1438.498169,0.002911,0.012234,0.741445
2019-04-07 12:00:00,1402.206787,0.004112,0.024892,0.775665
2019-04-07 13:00:00,1379.407471,0.013416,0.023162,0.657795
2019-04-07 14:00:00,1407.565430,0.016249,0.048857,0.486692
2019-04-07 15:00:00,1541.718262,0.019132,0.074945,0.304183
2019-04-07 16:00:00,1564.510864,0.020732,0.087336,0.129278
2019-04-07 17:00:00,1526.841797,0.032206,0.072326,0.019011
2019-04-07 18:00:00,1520.187988,0.052446,0.050764,0.003802
2019-04-07 19:00:00,1445.409912,0.053048,0.021592,0.000000
2019-04-07 20:00:00,1319.989380,0.061824,0.005188,0.000000
2019-04-07 21:00:00,1207.809082,0.060137,0.001017,0.000000
2019-04-07 22:00:00,1128.109863,0.065884,0.004523,0.000000
2019-04-07 23:00:00,1080.017578,0.096426,0.005619,0.000000
2019-04-08 00:00:00,1063.383667,0.109946,0.023669,0.000000
2019-04-08 01:00:00,1075.224487,0.151052,0.041548,0.000000
2019-04-08 02:00:00,1105.841675,0.203682,0.062082,0.000000
2019-04-08 03:00:00,1219.399536,0.234861,0.075452,0.000000
2019-04-08 04:00:00,1408.643921,0.299331,0.142378,0.007605
2019-04-08 05:00:00,1628.222656,0.306998,0.279732,0.083650
2019-04-08 06:00:00,1722.519775,0.331942,0.310848,0.262357
2019-04-08 07:00:00,1741.035767,0.392691,0.275778,0.501901
2019-04-08 08:00:00,1743.822998,0.351949,0.334820,0.722433
2019-04-08 09:00:00,1723.514038,0.327013,0.489758,0.859316
2019-04-08 10:00:00,1714.980957,0.326140,0.661148,0.889734
2019-04-08 11:00:00,1701.180176,0.309188,0.733883,0.840304
2019-04-08 12:00:00,1652.077515,0.269088,0.671481,0.775665
2019-04-08 13:00:00,1608.727295,0.240243,0.544032,0.718631
2019-04-08 14:00:00,1624.730469,0.237837,0.419081,0.596958
2019-04-08 15:00:00,1726.010132,0.195732,0.260223,0.395437
2019-04-08 16:00:00,1711.708008,0.129448,0.155743,0.174905
2019-04-08 17:00:00,1643.033447,0.078858,0.115165,0.030418
2019-04-08 18:00:00,1624.360352,0.059183,0.089744,0.000000
2019-04-08 19:00:00,1544.970215,0.042350,0.073750,0.000000
2019-04-08 20:00:00,1382.878052,0.038277,0.107462,0.000000
2019-04-08 21:00:00,1269.391602,0.036326,0.127039,0.007605
2019-04-08 22:00:00,1184.006836,0.030099,0.109994,0.000000
2019-04-08 23:00:00,1145.201416,0.039070,0.075783,0.000000
2019-04-09 00:00:00,1136.999756,0.029631,0.058505,0.000000
2019-04-09 01:00:00,1143.480713,0.041673,0.053588,0.000000
2019-04-09 02:00:00,1167.670898,0.056245,0.044210,0.000000
2019-04-09 03:00:00,1273.318604,0.061340,0.016579,0.000000
2019-04-09 04:00:00,1481.180908,0.071895,0.010927,0.007605
2019-04-09 05:00:00,1700.152954,0.078086,0.019316,0.079848
2019-04-09 06:00:00,1788.577759,0.111185,0.028235,0.258555
2019-04-09 07:00:00,1810.227661,0.189028,0.028197,0.479087
2019-04-09 08:00:00,1800.746582,0.285126,0.022585,0.688213
2019-04-09 09:00:00,1775.919922,0.279538,0.061843,0.851711
2019-04-09 10:00:00,1746.388550,0.257148,0.057324,0.908745
2019-04-09 11:00:00,1734.570923,0.238158,0.046947,0.927757
2019-04-09 12:00:00,1695.379517,0.229868,0.035611,0.882129
2019-04-09 13:00:00,1653.507935,0.262276,0.039968,0.806084
2019-04-09 14:00:00,1646.647949,0.280978,0.041024,0.638783
2019-04-09 15:00:00,1729.390991,0.291431,0.036943,0.418251
2019-04-09 16:00:00,1721.978638,0.298818,0.062461,0.190114
2019-04-09 17:00:00,1675.934570,0.244358,0.139718,0.034221
2019-04-09 18:00:00,1670.337402,0.181820,0.136614,0.007605
2019-04-09 19:00:00,1600.185791,0.108405,0.225263,0.000000
2019-04-09 20:00:00,1446.305542,0.093863,0.184010,0.000000
2019-04-09 21:00:00,1321.963501,0.090055,0.180917,0.000000
2019-04-09 22:00:00,1237.759888,0.074658,0.152745,0.000000
2019-04-09 23:00:00,1192.991943,0.056467,0.132089,0.000000
2019-04-10 00:00:00,1176.348755,0.041878,0.111179,0.000000
2019-04-10 01:00:00,1188.019775,0.041278,0.037265,0.000000
2019-04-10 02:00:00,1225.029419,0.053944,0.018075,0.000000
2019-04-10 03:00:00,1328.861084,0.089288,0.030989,0.000000
2019-04-10 04:00:00,1521.715088,0.123076,0.046396,0.011407
2019-04-10 05:00:00,1738.118164,0.147510,0.051170,0.102662
2019-04-10 06:00:00,1812.092285,0.153280,0.077481,0.285171
2019-04-10 07:00:00,1814.469604,0.159425,0.064967,0.509506
2019-04-10 08:00:00,1818.457764,0.162161,0.020049,0.692015
2019-04-10 09:00:00,1787.264893,0.167515,0.004673,0.760456
2019-04-10 10:00:00,1782.592041,0.162916,0.001921,0.760456
2019-04-10 11:00:00,1741.486572,0.164460,0.001159,0.653992
2019-04-10 12:00:00,1713.231079,0.142496,0.004307,0.585551
2019-04-10 13:00:00,1674.766235,0.118123,0.034655,0.505703
2019-04-10 14:00:00,1699.381104,0.119067,0.219635,0.406844
2019-04-10 15:00:00,1802.230225,0.118866,0.263053,0.254753
2019-04-10 16:00:00,1782.455322,0.115489,0.270074,0.129278
2019-04-10 17:00:00,1721.839600,0.114861,0.260140,0.022814
2019-04-10 18:00:00,1692.720337,0.081960,0.251524,0.000000
2019-04-10 19:00:00,1598.801392,0.077429,0.248901,0.000000
2019-04-10 20:00:00,1462.489868,0.079200,0.178801,0.000000
2019-04-10 21:00:00,1336.475098,0.077111,0.135322,0.000000
2019-04-10 22:00:00,1249.032471,0.050378,0.110267,0.000000
2019-04-10 23:00:00,1203.316528,0.038490,0.064248,0.000000
2019-04-11 00:00:00,1181.355591,0.031892,0.047293,0.000000
2019-04-11 01:00:00,1186.685303,0.026107,0.041221,0.000000
2019-04-11 02:00:00,1217.557983,0.031894,0.015847,0.000000
2019-04-11 03:00:00,1314.928345,0.035618,0.041130,0.000000
2019-04-11 04:00:00,1519.247803,0.032672,0.130992,0.003802
2019-04-11 05:00:00,1736.532471,0.035881,0.139270,0.053232
2019-04-11 06:00:00,1820.669067,0.040514,0.101205,0.186312
2019-04-11 07:00:00,1834.331787,0.051918,0.049658,0.311787
2019-04-11 08:00:00,1830.283203,0.046472,0.040384,0.380228
2019-04-11 09:00:00,1826.550171,0.045322,0.055973,0.471483
2019-04-11 10:00:00,1780.298340,0.049996,0.007874,0.562738
2019-04-11 11:00:00,1766.208618,0.053182,0.022405,0.631179
2019-04-11 12:00:00,1718.088257,0.048917,0.066030,0.627376
2019-04-11 13:00:00,1675.215820,0.037576,0.112510,0.593156
2019-04-11 14:00:00,1672.848877,0.036063,0.100727,0.471483
2019-04-11 15:00:00,1754.010498,0.035166,0.098244,0.323194
2019-04-11 16:00:00,1738.356201,0.037375,0.117221,0.144487
2019-04-11 17:00:00,1683.286621,0.037389,0.127374,0.030418
2019-04-11 18:00:00,1670.754517,0.036182,0.137935,0.007605
2019-04-11 19:00:00,1604.267700,0.038968,0.149680,0.000000
2019-04-11 20:00:00,1456.098511,0.052127,0.176385,0.000000
2019-04-11 21:00:00,1331.585571,0.065982,0.087964,0.000000
2019-04-11 22:00:00,1258.335205,0.049732,0.059175,0.000000
2019-04-11 23:00:00,1214.883545,0.037075,0.062624,0.000000
2019-04-12 00:00:00,1203.593506,0.032223,0.085344,0.000000
2019-04-12 01:00:00,1200.087769,0.039942,0.150647,0.000000
2019-04-12 02:00:00,1230.593750,0.052988,0.176922,0.000000
2019-04-12 03:00:00,1328.242798,0.039431,0.268606,0.000000
2019-04-12 04:00:00,1525.496460,0.028168,0.128979,0.011407
2019-04-12 05:00:00,1746.203979,0.041422,0.127140,0.087452
2019-04-12 06:00:00,1839.219116,0.053200,0.199638,0.212928
2019-04-12 07:00:00,1872.832520,0.071166,0.237419,0.361217
2019-04-12 08:00:00,1865.475952,0.071918,0.092853,0.463878
2019-04-12 09:00:00,1828.355591,0.078712,0.184040,0.574144
2019-04-12 10:00:00,1818.636108,0.097576,0.244418,0.612167
2019-04-12 11:00:00,1777.332031,0.109405,0.333006,0.581749
2019-04-12 12:00:00,1715.937256,0.129588,0.341068,0.539924
2019-04-12 13:00:00,1673.082031,0.137121,0.410153,0.524715
2019-04-12 14:00:00,1679.537964,0.148427,0.489086,0.444867
2019-04-12 15:00:00,1756.379761,0.178956,0.416325,0.296578
2019-04-12 16:00:00,1741.504272,0.161674,0.380186,0.140684
2019-04-12 17:00:00,1669.341553,0.137820,0.350991,0.038023
2019-04-12 18:00:00,1635.924561,0.101024,0.412811,0.011407
2019-04-12 19:00:00,1572.571777,0.124053,0.439664,0.000000
2019-04-12 20:00:00,1462.589355,0.148634,0.473853,0.000000
2019-04-12 21:00:00,1373.044922,0.133419,0.548586,0.000000
2019-04-12 22:00:00,1290.427979,0.109239,0.436110,0.000000
2019-04-12 23:00:00,1244.591431,0.185759,0.491418,0.000000
2019-04-13 00:00:00,1220.890625,0.220839,0.619428,0.000000
2019-04-13 01:00:00,1224.794678,0.279984,0.649749,0.000000
2019-04-13 02:00:00,1239.306763,0.277708,0.744003,0.000000
2019-04-13 03:00:00,1266.840698,0.267639,0.672509,0.000000
2019-04-13 04:00:00,1299.717041,0.293965,0.625271,0.011407
2019-04-13 05:00:00,1406.001221,0.288566,0.462912,0.095057
2019-04-13 06:00:00,1533.515015,0.305654,0.475261,0.254753
2019-04-13 07:00:00,1617.946899,0.317412,0.529195,0.444867
2019-04-13 08:00:00,1648.694702,0.378109,0.855886,0.524715
2019-04-13 09:00:00,1654.119141,0.472955,0.876101,0.456274
2019-04-13 10:00:00,1645.239380,0.514599,0.867274,0.342205
2019-04-13 11:00:00,1643.969238,0.499446,0.881601,0.285171
2019-04-13 12:00:00,1632.314819,0.471353,0.906414,0.273764
2019-04-13 13:00:00,1614.243530,0.498337,0.924253,0.277567
2019-04-13 14:00:00,1629.787842,0.500042,0.914238,0.250951
2019-04-13 15:00:00,1699.765869,0.555214,0.920522,0.186312
2019-04-13 16:00:00,1708.306519,0.591344,0.903761,0.083650
2019-04-13 17:00:00,1648.289307,0.542673,0.897033,0.019011
2019-04-13 18:00:00,1620.745850,0.443211,0.884457,0.003802
2019-04-13 19:00:00,1571.053467,0.401430,0.869517,0.000000
2019-04-13 20:00:00,1483.479614,0.419428,0.883270,0.000000
2019-04-13 21:00:00,1392.216431,0.458659,0.910335,0.000000
2019-04-13 22:00:00,1336.322144,0.438859,0.932254,0.000000
2019-04-13 23:00:00,1279.851318,0.436769,0.927119,0.000000
2019-04-14 00:00:00,1248.260010,0.409051,0.893226,0.000000
2019-04-14 01:00:00,1238.740601,0.414006,0.883359,0.000000
2019-04-14 02:00:00,1243.070557,0.370766,0.834748,0.000000
2019-04-14 03:00:00,1266.375732,0.338741,0.731755,0.000000
2019-04-14 04:00:00,1290.325439,0.355017,0.650588,0.015209
2019-04-14 05:00:00,1396.687012,0.311400,0.595301,0.098859
2019-04-14 06:00:00,1500.030518,0.311431,0.594529,0.243346
2019-04-14 07:00:00,1567.151978,0.352689,0.682630,0.380228
2019-04-14 08:00:00,1608.091187,0.396350,0.702617,0.558935
2019-04-14 09:00:00,1603.006104,0.487679,0.840664,0.646388
2019-04-14 10:00:00,1592.863281,0.539365,0.885774,0.688213
2019-04-14 11:00:00,1574.898315,0.600691,0.918627,0.707224
2019-04-14 12:00:00,1534.739502,0.619680,0.917551,0.673004
2019-04-14 13:00:00,1512.171387,0.617712,0.893674,0.627376
2019-04-14 14:00:00,1512.126587,0.583805,0.873820,0.418251
2019-04-14 15:00:00,1605.975098,0.536209,0.890543,0.311787
2019-04-14 16:00:00,1628.848877,0.495299,0.913464,0.190114
2019-04-14 17:00:00,1585.137939,0.425083,0.891662,0.041825
2019-04-14 18:00:00,1572.510864,0.401510,0.871776,0.000000
2019-04-14 19:00:00,1531.661499,0.360938,0.889278,0.000000
2019-04-14 20:00:00,1426.266235,0.303188,0.854046,0.000000
2019-04-14 21:00:00,1319.442993,0.276784,0.835033,0.000000
2019-04-14 22:00:00,1248.274658,0.290477,0.836170,0.000000
2019-04-14 23:00:00,1203.864258,0.266105,0.826395,0.000000
2019-04-15 00:00:00,1186.932129,0.223997,0.730743,0.000000
2019-04-15 01:00:00,1198.809082,0.212614,0.648089,0.000000
2019-04-15 02:00:00,1220.150146,0.198790,0.583890,0.000000
2019-04-15 03:00:00,1310.621704,0.205794,0.424291,0.000000
2019-04-15 04:00:00,1462.721924,0.213304,0.359368,0.019011
2019-04-15 05:00:00,1669.744263,0.192797,0.382662,0.125475
2019-04-15 06:00:00,1791.255371,0.206625,0.342960,0.311787
2019-04-15 07:00:00,1813.044312,0.179619,0.428398,0.532319
2019-04-15 08:00:00,1811.055542,0.204740,0.487195,0.730038
2019-04-15 09:00:00,1788.837646,0.238878,0.499901,0.866920
2019-04-15 10:00:00,1756.989258,0.282570,0.568248,0.931559
2019-04-15 11:00:00,1747.285156,0.344661,0.670953,0.942966
2019-04-15 12:00:00,1691.737671,0.392324,0.670903,0.885932
2019-04-15 13:00:00,1640.498535,0.399989,0.755533,0.798479
2019-04-15 14:00:00,1636.612061,0.447225,0.854198,0.657795
2019-04-15 15:00:00,1704.602661,0.480571,0.793117,0.437262
2019-04-15 16:00:00,1695.018433,0.470550,0.749409,0.209125
2019-04-15 17:00:00,1649.393433,0.364970,0.694782,0.049430
2019-04-15 18:00:00,1626.719360,0.276682,0.764148,0.000000
2019-04-15 19:00:00,1568.379639,0.250580,0.668921,0.000000
2019-04-15 20:00:00,1467.068848,0.273217,0.612207,0.000000
2019-04-15 21:00:00,1353.536621,0.267155,0.683629,0.000000
2019-04-15 22:00:00,1282.352417,0.270567,0.725848,0.000000
2019-04-15 23:00:00,1241.275879,0.280382,0.772056,0.000000
2019-04-16 00:00:00,1219.045532,0.269083,0.776378,0.000000
2019-04-16 01:00:00,1221.857422,0.232504,0.693139,0.000000
2019-04-16 02:00:00,1241.323608,0.217123,0.626582,0.000000
2019-04-16 03:00:00,1322.429688,0.231678,0.581238,0.000000
2019-04-16 04:00:00,1455.057007,0.248927,0.576742,0.019011
2019-04-16 05:00:00,1664.399658,0.213429,0.500451,0.114068
2019-04-16 06:00:00,1767.978882,0.221037,0.396617,0.254753
2019-04-16 07:00:00,1810.578857,0.224441,0.388050,0.482890
2019-04-16 08:00:00,1813.720093,0.234508,0.411401,0.692015
2019-04-16 09:00:00,1775.951660,0.267625,0.497334,0.787072
2019-04-16 10:00:00,1752.115234,0.270963,0.471684,0.855513
2019-04-16 11:00:00,1735.480591,0.271015,0.474751,0.882129
2019-04-16 12:00:00,1701.212524,0.324764,0.527785,0.882129
2019-04-16 13:00:00,1654.907715,0.375058,0.720948,0.825095
2019-04-16 14:00:00,1633.957764,0.446549,0.730815,0.669202
2019-04-16 15:00:00,1679.798096,0.492755,0.811412,0.437262
2019-04-16 16:00:00,1716.979248,0.514021,0.873219,0.205323
2019-04-16 17:00:00,1669.917969,0.487391,0.889517,0.049430
2019-04-16 18:00:00,1632.598145,0.526761,0.910224,0.003802
2019-04-16 19:00:00,1608.339722,0.585041,0.897774,0.000000
2019-04-16 20:00:00,1465.012817,0.565529,0.928950,0.000000
2019-04-16 21:00:00,1373.558960,0.576403,0.922117,0.000000
2019-04-16 22:00:00,1283.096069,0.584166,0.873767,0.000000
2019-04-16 23:00:00,1227.777588,0.534163,0.770184,0.000000
2019-04-17 00:00:00,1195.060791,0.487590,0.627864,0.000000
2019-04-17 01:00:00,1199.703003,0.434542,0.574711,0.000000
2019-04-17 02:00:00,1216.152466,0.389551,0.542668,0.000000
2019-04-17 03:00:00,1292.078979,0.367504,0.518007,0.000000
2019-04-17 04:00:00,1417.183472,0.332665,0.419329,0.019011
2019-04-17 05:00:00,1600.343384,0.243743,0.310822,0.136882
2019-04-17 06:00:00,1702.093628,0.180108,0.307611,0.326996
2019-04-17 07:00:00,1733.851196,0.135526,0.207649,0.562738
2019-04-17 08:00:00,1732.328369,0.108494,0.182401,0.760456
2019-04-17 09:00:00,1706.932861,0.144949,0.193714,0.889734
2019-04-17 10:00:00,1680.104248,0.179463,0.299850,0.950570
2019-04-17 11:00:00,1658.038696,0.213973,0.407082,0.958175
2019-04-17 12:00:00,1616.704712,0.273533,0.565220,0.901141
2019-04-17 13:00:00,1568.019653,0.296247,0.592028,0.798479
2019-04-17 14:00:00,1546.643677,0.303160,0.479255,0.642586
2019-04-17 15:00:00,1599.141602,0.300069,0.474406,0.422053
2019-04-17 16:00:00,1610.447754,0.263989,0.461211,0.201521
2019-04-17 17:00:00,1562.997314,0.209252,0.437007,0.053232
2019-04-17 18:00:00,1529.088501,0.174438,0.330718,0.000000
2019-04-17 19:00:00,1501.415283,0.193174,0.298907,0.000000
2019-04-17 20:00:00,1391.334717,0.200137,0.337542,0.000000
2019-04-17 21:00:00,1296.132935,0.209236,0.333480,0.000000
2019-04-17 22:00:00,1203.519043,0.217719,0.347919,0.000000
2019-04-17 23:00:00,1149.510254,0.238799,0.392927,0.000000
2019-04-18 00:00:00,1122.837402,0.230541,0.404979,0.000000
2019-04-18 01:00:00,1119.571777,0.253583,0.356578,0.000000
2019-04-18 02:00:00,1133.768555,0.275122,0.423052,0.000000
2019-04-18 03:00:00,1158.337646,0.283651,0.424269,0.000000
2019-04-18 04:00:00,1195.896362,0.290808,0.415618,0.026616
2019-04-18 05:00:00,1305.261108,0.225265,0.354254,0.148289
2019-04-18 06:00:00,1418.280518,0.152555,0.347103,0.342205
2019-04-18 07:00:00,1468.001221,0.136870,0.351123,0.570342
2019-04-18 08:00:00,1499.070190,0.163032,0.459894,0.768061
2019-04-18 09:00:00,1484.163574,0.201748,0.449200,0.893536
2019-04-18 10:00:00,1453.088989,0.230419,0.479138,0.961977
2019-04-18 11:00:00,1427.127930,0.241016,0.447066,0.969582
2019-04-18 12:00:00,1385.146240,0.259392,0.414996,0.923954
2019-04-18 13:00:00,1352.392456,0.235792,0.368966,0.821293
2019-04-18 14:00:00,1355.944214,0.214407,0.356688,0.653992
2019-04-18 15:00:00,1415.557617,0.203734,0.334876,0.433460
2019-04-18 16:00:00,1427.665527,0.182429,0.337555,0.209125
2019-04-18 17:00:00,1413.167358,0.174339,0.381418,0.053232
2019-04-18 18:00:00,1426.379883,0.178296,0.398554,0.003802
2019-04-18 19:00:00,1412.169312,0.180419,0.348406,0.000000
2019-04-18 20:00:00,1318.026978,0.223509,0.276600,0.000000
2019-04-18 21:00:00,1233.066895,0.214553,0.246761,0.000000
2019-04-18 22:00:00,1162.162231,0.195774,0.260279,0.000000
2019-04-18 23:00:00,1114.863647,0.212841,0.315677,0.000000
2019-04-19 00:00:00,1092.517578,0.250192,0.400459,0.000000
2019-04-19 01:00:00,1091.098389,0.277266,0.401507,0.000000
2019-04-19 02:00:00,1106.276489,0.291221,0.425196,0.000000
2019-04-19 03:00:00,1130.885864,0.301927,0.450878,0.000000
2019-04-19 04:00:00,1175.016235,0.295294,0.449299,0.030418
2019-04-19 05:00:00,1276.834229,0.221194,0.457974,0.144487
2019-04-19 06:00:00,1377.820801,0.115620,0.462503,0.338403
2019-04-19 07:00:00,1441.016113,0.089220,0.415214,0.558935
2019-04-19 08:00:00,1459.832764,0.105366,0.373561,0.749049
2019-04-19 09:00:00,1448.428589,0.118970,0.331453,0.874525
2019-04-19 10:00:00,1418.339722,0.129619,0.325024,0.942966
2019-04-19 11:00:00,1375.158081,0.131764,0.319295,0.950570
2019-04-19 12:00:00,1333.897095,0.120392,0.335388,0.912548
2019-04-19 13:00:00,1307.349121,0.109611,0.303328,0.817490
2019-04-19 14:00:00,1321.004517,0.097107,0.311450,0.661597
2019-04-19 15:00:00,1389.259399,0.087071,0.302581,0.441065
2019-04-19 16:00:00,1422.524292,0.059437,0.216069,0.216730
2019-04-19 17:00:00,1394.832764,0.051651,0.163514,0.057034
2019-04-19 18:00:00,1389.538574,0.066028,0.129684,0.003802
2019-04-19 19:00:00,1380.825928,0.077516,0.096570,0.000000
2019-04-19 20:00:00,1300.574219,0.056684,0.066525,0.000000
2019-04-19 21:00:00,1232.183472,0.036016,0.052912,0.000000
2019-04-19 22:00:00,1160.410645,0.049494,0.068062,0.000000
2019-04-19 23:00:00,1115.679443,0.046823,0.074556,0.000000
2019-04-20 00:00:00,1094.189697,0.030625,0.059684,0.000000
2019-04-20 01:00:00,1093.803711,0.022061,0.043964,0.000000
2019-04-20 02:00:00,1105.429565,0.017364,0.054609,0.000000
2019-04-20 03:00:00,1127.320068,0.008425,0.035032,0.000000
2019-04-20 04:00:00,1154.422852,0.005466,0.047107,0.026616
2019-04-20 05:00:00,1254.720459,0.002247,0.042953,0.148289
2019-04-20 06:00:00,1354.021729,0.001307,0.046182,0.334601
2019-04-20 07:00:00,1412.090210,0.000475,0.013613,0.536122
2019-04-20 08:00:00,1435.864258,0.002591,0.012117,0.733840
2019-04-20 09:00:00,1415.175659,0.004416,0.028960,0.847909
2019-04-20 10:00:00,1386.231201,0.009119,0.035242,0.908745
2019-04-20 11:00:00,1359.494629,0.013408,0.036174,0.927757
2019-04-20 12:00:00,1324.839966,0.020639,0.035374,0.901141
2019-04-20 13:00:00,1299.638428,0.021689,0.024245,0.806084
2019-04-20 14:00:00,1313.489380,0.018321,0.034629,0.650190
2019-04-20 15:00:00,1378.989624,0.015409,0.035702,0.429658
2019-04-20 16:00:00,1402.512329,0.014030,0.034914,0.212928
2019-04-20 17:00:00,1375.135132,0.012985,0.031485,0.057034
2019-04-20 18:00:00,1366.179932,0.015316,0.034446,0.003802
2019-04-20 19:00:00,1362.577637,0.019414,0.046457,0.000000
2019-04-20 20:00:00,1284.426270,0.012544,0.019560,0.000000
2019-04-20 21:00:00,1196.797119,0.006499,0.001841,0.000000
2019-04-20 22:00:00,1138.522827,0.003836,0.000041,0.000000
2019-04-20 23:00:00,1090.055298,0.002173,0.000059,0.000000
2019-04-21 00:00:00,1059.817383,0.003358,0.000042,0.000000
2019-04-21 01:00:00,1060.095337,0.006662,0.000043,0.000000
2019-04-21 02:00:00,1066.449097,0.007324,0.000231,0.000000
2019-04-21 03:00:00,1064.330566,0.006475,0.000597,0.000000
2019-04-21 04:00:00,1090.925171,0.006338,0.000222,0.034221
2019-04-21 05:00:00,1180.815796,0.004199,0.000069,0.155894
2019-04-21 06:00:00,1287.082031,0.001830,0.000127,0.346008
2019-04-21 07:00:00,1353.235352,0.001177,0.000095,0.566540
2019-04-21 08:00:00,1384.631836,0.002792,0.000081,0.749049
2019-04-21 09:00:00,1371.968140,0.004933,0.000045,0.863118
2019-04-21 10:00:00,1347.639038,0.009896,0.000041,0.931559
2019-04-21 11:00:00,1303.324463,0.012461,0.000263,0.942966
2019-04-21 12:00:00,1265.277344,0.014304,0.000438,0.904943
2019-04-21 13:00:00,1237.849487,0.015835,0.000192,0.806084
2019-04-21 14:00:00,1253.916016,0.011546,0.006840,0.650190
2019-04-21 15:00:00,1326.551636,0.007157,0.021972,0.437262
2019-04-21 16:00:00,1353.703125,0.007078,0.021727,0.220532
2019-04-21 17:00:00,1334.400879,0.005540,0.011152,0.064639
2019-04-21 18:00:00,1329.522949,0.011285,0.009951,0.003802
2019-04-21 19:00:00,1344.324951,0.013415,0.011553,0.000000
2019-04-21 20:00:00,1263.024292,0.025781,0.033739,0.000000
2019-04-21 21:00:00,1179.441650,0.047600,0.085195,0.000000
2019-04-21 22:00:00,1101.414063,0.058528,0.092533,0.000000
2019-04-21 23:00:00,1055.780396,0.069458,0.054090,0.000000
2019-04-22 00:00:00,1031.375488,0.069547,0.062410,0.000000
2019-04-22 01:00:00,1029.929565,0.092780,0.053581,0.000000
2019-04-22 02:00:00,1042.290527,0.123741,0.038241,0.000000
2019-04-22 03:00:00,1060.589355,0.135593,0.024001,0.000000
2019-04-22 04:00:00,1094.430786,0.123900,0.047760,0.034221
2019-04-22 05:00:00,1208.565308,0.112994,0.054071,0.152091
2019-04-22 06:00:00,1322.960205,0.081604,0.081791,0.342205
2019-04-22 07:00:00,1400.638916,0.105917,0.123714,0.566540
2019-04-22 08:00:00,1433.251831,0.193274,0.145110,0.760456
2019-04-22 09:00:00,1434.068726,0.297240,0.347746,0.893536
2019-04-22 10:00:00,1431.433228,0.384406,0.477642,0.969582
2019-04-22 11:00:00,1403.595337,0.491410,0.551073,0.980989
2019-04-22 12:00:00,1387.531860,0.605044,0.813276,0.935361
2019-04-22 13:00:00,1374.779907,0.683430,0.876366,0.836502
2019-04-22 14:00:00,1400.900757,0.711530,0.895669,0.676806
2019-04-22 15:00:00,1495.625366,0.732948,0.930067,0.452471
2019-04-22 16:00:00,1520.448120,0.707024,0.948643,0.224335
2019-04-22 17:00:00,1477.201538,0.646259,0.951665,0.064639
2019-04-22 18:00:00,1433.576050,0.631393,0.949223,0.003802
2019-04-22 19:00:00,1444.997925,0.621168,0.934389,0.000000
2019-04-22 20:00:00,1335.241821,0.559752,0.747201,0.000000
2019-04-22 21:00:00,1214.436157,0.444145,0.496068,0.000000
2019-04-22 22:00:00,1142.370483,0.451037,0.764098,0.000000
2019-04-22 23:00:00,1111.015381,0.452004,0.906658,0.000000
2019-04-23 00:00:00,1096.327881,0.484752,0.916439,0.000000
2019-04-23 01:00:00,1089.484253,0.518345,0.535242,0.000000
2019-04-23 02:00:00,1130.598267,0.546562,0.856961,0.000000
2019-04-23 03:00:00,1192.820190,0.550467,0.862142,0.000000
2019-04-23 04:00:00,1365.025024,0.570127,0.904332,0.034221
2019-04-23 05:00:00,1577.294922,0.615249,0.941859,0.152091
2019-04-23 06:00:00,1676.645020,0.727522,0.954639,0.349810
2019-04-23 07:00:00,1714.385132,0.819104,0.958555,0.581749
2019-04-23 08:00:00,1727.240112,0.914889,0.894306,0.771863
2019-04-23 09:00:00,1748.169312,0.943558,0.868268,0.897338
2019-04-23 10:00:00,1734.355835,0.944930,0.770139,0.954373
2019-04-23 11:00:00,1713.856812,0.937382,0.764936,0.961977
2019-04-23 12:00:00,1675.981567,0.937139,0.765422,0.908745
2019-04-23 13:00:00,1637.299561,0.931415,0.873885,0.794677
2019-04-23 14:00:00,1605.303467,0.926290,0.873397,0.615970
2019-04-23 15:00:00,1694.394653,0.903223,0.872696,0.372624
2019-04-23 16:00:00,1677.390137,0.863061,0.873469,0.163498
2019-04-23 17:00:00,1605.655029,0.807641,0.956383,0.041825
2019-04-23 18:00:00,1557.064697,0.737978,0.941214,0.003802
2019-04-23 19:00:00,1499.629395,0.616389,0.832675,0.000000
2019-04-23 20:00:00,1354.120728,0.475030,0.689602,0.000000
2019-04-23 21:00:00,1232.429688,0.465322,0.690121,0.000000
2019-04-23 22:00:00,1177.085815,0.531096,0.677625,0.000000
2019-04-23 23:00:00,1149.465332,0.615985,0.672589,0.000000
2019-04-24 00:00:00,1138.913452,0.646564,0.687710,0.000000
2019-04-24 01:00:00,1130.263306,0.616492,0.680779,0.000000
2019-04-24 02:00:00,1151.618896,0.627556,0.680651,0.000000
2019-04-24 03:00:00,1201.571899,0.638938,0.928581,0.000000
2019-04-24 04:00:00,1357.918457,0.663553,0.935467,0.026616
2019-04-24 05:00:00,1576.814453,0.610957,0.771868,0.091255
2019-04-24 06:00:00,1671.176025,0.636098,0.795967,0.209125
2019-04-24 07:00:00,1700.495850,0.659770,0.757517,0.330798
2019-04-24 08:00:00,1731.333984,0.625334,0.669652,0.429658
2019-04-24 09:00:00,1718.084229,0.610017,0.595222,0.589354
2019-04-24 10:00:00,1696.854248,0.622753,0.430294,0.638783
2019-04-24 11:00:00,1674.902588,0.599855,0.321670,0.619772
2019-04-24 12:00:00,1639.584229,0.605474,0.323840,0.596958
2019-04-24 13:00:00,1609.189453,0.577464,0.444936,0.528517
2019-04-24 14:00:00,1615.021240,0.549533,0.543214,0.479087
2019-04-24 15:00:00,1673.054077,0.508467,0.593671,0.380228
2019-04-24 16:00:00,1651.695923,0.487885,0.583837,0.197719
2019-04-24 17:00:00,1565.945801,0.466723,0.578642,0.060837
2019-04-24 18:00:00,1516.233398,0.473706,0.694438,0.003802
2019-04-24 19:00:00,1498.000854,0.475609,0.626635,0.000000
2019-04-24 20:00:00,1351.086426,0.423623,0.551023,0.000000
2019-04-24 21:00:00,1226.504517,0.396104,0.498612,0.000000
2019-04-24 22:00:00,1144.971191,0.390385,0.529445,0.000000
2019-04-24 23:00:00,1098.148315,0.402181,0.462196,0.000000
2019-04-25 00:00:00,1072.568970,0.409687,0.528711,0.000000
2019-04-25 01:00:00,1079.555786,0.383607,0.582272,0.000000
2019-04-25 02:00:00,1094.955688,0.306314,0.463963,0.000000
2019-04-25 03:00:00,1161.583984,0.256189,0.275038,0.000000
2019-04-25 04:00:00,1351.778687,0.226336,0.509389,0.038023
2019-04-25 05:00:00,1553.104126,0.225167,0.565991,0.129278
2019-04-25 06:00:00,1639.739868,0.264689,0.360156,0.235741
2019-04-25 07:00:00,1686.544312,0.241484,0.391760,0.368821
2019-04-25 08:00:00,1698.289551,0.150727,0.137181,0.612167
2019-04-25 09:00:00,1676.823975,0.096398,0.058882,0.775665
2019-04-25 10:00:00,1653.021484,0.040555,0.148885,0.855513
2019-04-25 11:00:00,1637.685547,0.054666,0.074772,0.882129
2019-04-25 12:00:00,1603.830078,0.062686,0.009481,0.840304
2019-04-25 13:00:00,1560.114014,0.070415,0.008507,0.768061
2019-04-25 14:00:00,1553.692383,0.052172,0.013532,0.646388
2019-04-25 15:00:00,1609.099121,0.038605,0.025952,0.433460
2019-04-25 16:00:00,1595.951050,0.039937,0.135487,0.209125
2019-04-25 17:00:00,1539.967896,0.063888,0.296440,0.057034
2019-04-25 18:00:00,1483.414307,0.128182,0.441413,0.007605
2019-04-25 19:00:00,1467.685059,0.194465,0.546345,0.000000
2019-04-25 20:00:00,1355.777588,0.262814,0.581912,0.000000
2019-04-25 21:00:00,1210.093750,0.295442,0.644167,0.000000
2019-04-25 22:00:00,1142.760132,0.320199,0.687819,0.000000
2019-04-25 23:00:00,1091.960449,0.362723,0.689609,0.000000
2019-04-26 00:00:00,1068.746216,0.358289,0.736361,0.000000
2019-04-26 01:00:00,1071.196899,0.372041,0.715109,0.000000
2019-04-26 02:00:00,1095.526733,0.399160,0.726885,0.000000
2019-04-26 03:00:00,1157.934448,0.399884,0.728669,0.000000
2019-04-26 04:00:00,1348.563110,0.385223,0.688605,0.041825
2019-04-26 05:00:00,1550.572144,0.362162,0.794516,0.133080
2019-04-26 06:00:00,1640.075439,0.364529,0.815313,0.266160
2019-04-26 07:00:00,1675.273804,0.357514,0.799207,0.498099
2019-04-26 08:00:00,1690.271729,0.288019,0.297832,0.707224
2019-04-26 09:00:00,1686.132202,0.206604,0.112046,0.764259
2019-04-26 10:00:00,1643.310181,0.159671,0.211495,0.699620
2019-04-26 11:00:00,1632.192017,0.104653,0.176589,0.775665
2019-04-26 12:00:00,1601.519165,0.080561,0.041498,0.733840
2019-04-26 13:00:00,1540.639893,0.096044,0.017941,0.547529
2019-04-26 14:00:00,1537.321045,0.080841,0.137627,0.353612
2019-04-26 15:00:00,1610.430054,0.097041,0.467872,0.247148
2019-04-26 16:00:00,1599.349121,0.138230,0.604692,0.148289
2019-04-26 17:00:00,1521.822510,0.271330,0.706838,0.049430
2019-04-26 18:00:00,1456.083008,0.325918,0.657195,0.007605
2019-04-26 19:00:00,1428.470093,0.275621,0.780287,0.000000
2019-04-26 20:00:00,1325.756348,0.349773,0.812749,0.000000
2019-04-26 21:00:00,1224.340088,0.381880,0.746062,0.000000
2019-04-26 22:00:00,1153.872803,0.323913,0.767529,0.000000
2019-04-26 23:00:00,1089.767456,0.300018,0.712513,0.000000
2019-04-27 00:00:00,1047.175659,0.325146,0.589706,0.000000
2019-04-27 01:00:00,1030.616821,0.334352,0.585278,0.000000
2019-04-27 02:00:00,1030.327026,0.238668,0.472891,0.000000
2019-04-27 03:00:00,1048.262573,0.175419,0.182480,0.000000
2019-04-27 04:00:00,1078.927979,0.152604,0.221324,0.007605
2019-04-27 05:00:00,1204.911255,0.126970,0.169280,0.022814
2019-04-27 06:00:00,1350.948120,0.078915,0.119079,0.049430
2019-04-27 07:00:00,1460.137329,0.052712,0.082307,0.102662
2019-04-27 08:00:00,1513.497314,0.040734,0.049237,0.235741
2019-04-27 09:00:00,1525.366821,0.034193,0.026694,0.376426
2019-04-27 10:00:00,1507.353882,0.031223,0.019681,0.536122
2019-04-27 11:00:00,1454.179565,0.027518,0.012803,0.673004
2019-04-27 12:00:00,1430.378174,0.038930,0.006457,0.619772
2019-04-27 13:00:00,1410.477417,0.024093,0.000989,0.494297
2019-04-27 14:00:00,1427.864868,0.024287,0.007031,0.330798
2019-04-27 15:00:00,1508.230347,0.023956,0.024467,0.269962
2019-04-27 16:00:00,1530.365234,0.028934,0.070935,0.182510
2019-04-27 17:00:00,1456.935547,0.056587,0.118629,0.072243
2019-04-27 18:00:00,1401.352051,0.063720,0.038989,0.007605
2019-04-27 19:00:00,1383.600098,0.037866,0.056889,0.000000
2019-04-27 20:00:00,1305.419434,0.019929,0.009620,0.000000
2019-04-27 21:00:00,1211.471069,0.005898,0.036192,0.000000
2019-04-27 22:00:00,1129.933228,0.005671,0.090994,0.000000
2019-04-27 23:00:00,1071.153076,0.017804,0.049151,0.000000
2019-04-28 00:00:00,1034.795044,0.044964,0.063590,0.000000
2019-04-28 01:00:00,1018.011047,0.043902,0.092211,0.000000
2019-04-28 02:00:00,1016.792908,0.037569,0.103658,0.000000
2019-04-28 03:00:00,1018.071228,0.028771,0.080502,0.000000
2019-04-28 04:00:00,1054.785156,0.020855,0.083922,0.026616
2019-04-28 05:00:00,1158.200806,0.014573,0.125803,0.106464
2019-04-28 06:00:00,1285.187744,0.013540,0.054879,0.228137
2019-04-28 07:00:00,1393.602905,0.018089,0.023255,0.368821
2019-04-28 08:00:00,1430.403809,0.027893,0.012963,0.581749
2019-04-28 09:00:00,1420.995972,0.031608,0.009354,0.631179
2019-04-28 10:00:00,1395.911987,0.033301,0.006718,0.608365
2019-04-28 11:00:00,1383.071045,0.037378,0.029080,0.631179
2019-04-28 12:00:00,1381.786255,0.064255,0.071943,0.596958
2019-04-28 13:00:00,1370.830566,0.079670,0.115853,0.517110
2019-04-28 14:00:00,1391.187012,0.074567,0.211703,0.448669
2019-04-28 15:00:00,1510.245605,0.089491,0.262594,0.334601
2019-04-28 16:00:00,1542.239624,0.152511,0.352097,0.178707
2019-04-28 17:00:00,1488.405762,0.130671,0.306560,0.068441
2019-04-28 18:00:00,1431.299561,0.100137,0.226333,0.003802
2019-04-28 19:00:00,1408.665039,0.092384,0.246546,0.000000
2019-04-28 20:00:00,1286.057007,0.094463,0.269584,0.000000
2019-04-28 21:00:00,1175.747559,0.081105,0.153112,0.000000
2019-04-28 22:00:00,1099.577026,0.073038,0.113360,0.000000
2019-04-28 23:00:00,1064.265015,0.100958,0.157360,0.000000
2019-04-29 00:00:00,1037.868652,0.120898,0.187431,0.000000
2019-04-29 01:00:00,1035.093506,0.127283,0.176124,0.000000
2019-04-29 02:00:00,1066.847290,0.159227,0.216502,0.000000
2019-04-29 03:00:00,1126.545288,0.209155,0.195519,0.000000
2019-04-29 04:00:00,1317.140991,0.210257,0.198906,0.038023
2019-04-29 05:00:00,1530.235596,0.195501,0.151856,0.159696
2019-04-29 06:00:00,1634.212402,0.191927,0.162155,0.349810
2019-04-29 07:00:00,1657.596924,0.161956,0.139458,0.585551
2019-04-29 08:00:00,1657.411011,0.163673,0.133550,0.768061
2019-04-29 09:00:00,1632.954224,0.146551,0.184370,0.889734
2019-04-29 10:00:00,1632.617310,0.152273,0.260571,0.946768
2019-04-29 11:00:00,1618.719604,0.161915,0.401596,0.954373
2019-04-29 12:00:00,1582.834106,0.166024,0.469190,0.912548
2019-04-29 13:00:00,1532.765625,0.164281,0.474148,0.817490
2019-04-29 14:00:00,1537.687134,0.159781,0.745385,0.669202
2019-04-29 15:00:00,1618.977783,0.130435,0.520563,0.452471
2019-04-29 16:00:00,1606.295288,0.084901,0.163597,0.231939
2019-04-29 17:00:00,1535.412964,0.048574,0.034151,0.076046
2019-04-29 18:00:00,1469.644287,0.029084,0.014773,0.007605
2019-04-29 19:00:00,1452.993286,0.024335,0.032545,0.000000
2019-04-29 20:00:00,1345.884399,0.023167,0.012037,0.000000
2019-04-29 21:00:00,1225.733765,0.021492,0.010402,0.000000
2019-04-29 22:00:00,1137.905029,0.025601,0.007716,0.000000
2019-04-29 23:00:00,1087.951782,0.024154,0.007139,0.000000
2019-04-30 00:00:00,1069.641235,0.022333,0.006663,0.000000
2019-04-30 01:00:00,1075.140625,0.032868,0.004486,0.000000
2019-04-30 02:00:00,1108.466675,0.039250,0.000655,0.000000
2019-04-30 03:00:00,1152.973999,0.055033,0.001439,0.003802
2019-04-30 04:00:00,1353.510498,0.067229,0.003486,0.053232
2019-04-30 05:00:00,1572.131836,0.061032,0.000041,0.178707
2019-04-30 06:00:00,1656.429199,0.039388,0.000042,0.349810
2019-04-30 07:00:00,1666.356201,0.021989,0.000041,0.486692
2019-04-30 08:00:00,1700.144531,0.015548,0.000353,0.471483
2019-04-30 09:00:00,1691.149292,0.008733,0.005296,0.498099
2019-04-30 10:00:00,1661.640625,0.009407,0.011384,0.577947
2019-04-30 11:00:00,1646.922974,0.019500,0.020411,0.604563
2019-04-30 12:00:00,1632.452148,0.057037,0.057229,0.638783
2019-04-30 13:00:00,1574.576538,0.090047,0.078224,0.517110
2019-04-30 14:00:00,1571.691650,0.141906,0.087644,0.475285
2019-04-30 15:00:00,1635.924805,0.217986,0.159103,0.376426
2019-04-30 16:00:00,1634.437012,0.263236,0.368976,0.205323
2019-04-30 17:00:00,1557.791870,0.252500,0.722827,0.072243
2019-04-30 18:00:00,1508.612915,0.281276,0.742944,0.007605
2019-04-30 19:00:00,1481.689209,0.250764,0.662490,0.007605
2019-04-30 20:00:00,1357.106567,0.249901,0.590368,0.000000
2019-04-30 21:00:00,1221.083008,0.218287,0.520776,0.000000
2019-04-30 22:00:00,1133.991333,0.183430,0.466660,0.000000
2019-04-30 23:00:00,1076.051880,0.190075,0.452128,0.000000
2019-05-01 00:00:00,1063.905273,0.216657,0.526408,0.000000
2019-05-01 01:00:00,1062.742554,0.229343,0.656877,0.000000
2019-05-01 02:00:00,1084.262573,0.281345,0.701385,0.000000
2019-05-01 03:00:00,1139.519775,0.310149,0.741981,0.003802
2019-05-01 04:00:00,1288.545166,0.358346,0.740931,0.022814
2019-05-01 05:00:00,1482.962891,0.343529,0.818790,0.072243
2019-05-01 06:00:00,1601.694824,0.371883,0.775915,0.159696
2019-05-01 07:00:00,1661.277832,0.445353,0.753949,0.193916
2019-05-01 08:00:00,1703.603149,0.555406,0.810440,0.224335
2019-05-01 09:00:00,1691.737061,0.608219,0.868729,0.292776
2019-05-01 10:00:00,1659.150024,0.671649,0.841516,0.418251
2019-05-01 11:00:00,1653.463867,0.725203,0.834804,0.562738
2019-05-01 12:00:00,1644.457031,0.768665,0.775905,0.638783
2019-05-01 13:00:00,1628.984741,0.798958,0.935057,0.562738
2019-05-01 14:00:00,1639.801025,0.813581,0.960441,0.346008
2019-05-01 15:00:00,1706.113037,0.814645,0.951156,0.159696
2019-05-01 16:00:00,1706.431030,0.795209,0.947411,0.087452
2019-05-01 17:00:00,1612.255005,0.785006,0.921001,0.030418
2019-05-01 18:00:00,1541.000610,0.778209,0.923130,0.003802
2019-05-01 19:00:00,1510.665894,0.798126,0.939517,0.000000
2019-05-01 20:00:00,1404.270386,0.824058,0.958043,0.000000
2019-05-01 21:00:00,1278.538452,0.849333,0.975789,0.000000
2019-05-01 22:00:00,1195.449219,0.859600,0.972889,0.000000
2019-05-01 23:00:00,1178.143555,0.862084,0.973569,0.000000
2019-05-02 00:00:00,1158.896484,0.858049,0.970930,0.000000
2019-05-02 01:00:00,1162.991821,0.812295,0.973026,0.000000
2019-05-02 02:00:00,1188.220581,0.819012,0.976830,0.000000
2019-05-02 03:00:00,1233.556396,0.826606,0.967727,0.000000
2019-05-02 04:00:00,1433.401123,0.842982,0.956043,0.011407
2019-05-02 05:00:00,1651.483032,0.856271,0.974236,0.068441
2019-05-02 06:00:00,1734.930786,0.864735,0.883883,0.193916
2019-05-02 07:00:00,1774.969971,0.888591,0.885267,0.258555
2019-05-02 08:00:00,1810.162720,0.885077,0.880630,0.307985
2019-05-02 09:00:00,1808.127197,0.902370,0.891380,0.338403
2019-05-02 10:00:00,1789.137085,0.906069,0.852708,0.418251
2019-05-02 11:00:00,1772.970703,0.902613,0.835039,0.410646
2019-05-02 12:00:00,1759.219604,0.889230,0.826086,0.418251
2019-05-02 13:00:00,1702.185791,0.857093,0.964291,0.425856
2019-05-02 14:00:00,1694.118530,0.843967,0.961222,0.365019
2019-05-02 15:00:00,1768.567749,0.846654,0.970850,0.300380
2019-05-02 16:00:00,1737.566650,0.844140,0.948891,0.193916
2019-05-02 17:00:00,1657.755737,0.813719,0.916268,0.079848
2019-05-02 18:00:00,1587.167114,0.771508,0.949552,0.011407
2019-05-02 19:00:00,1574.767700,0.738183,0.941639,0.000000
2019-05-02 20:00:00,1461.180664,0.684489,0.950438,0.000000
2019-05-02 21:00:00,1335.245850,0.612297,0.926047,0.000000
2019-05-02 22:00:00,1239.195190,0.556425,0.923221,0.000000
2019-05-02 23:00:00,1180.176392,0.478244,0.892902,0.000000
2019-05-03 00:00:00,1152.639526,0.476131,0.865051,0.000000
2019-05-03 01:00:00,1160.522339,0.429937,0.787690,0.000000
2019-05-03 02:00:00,1169.953735,0.342645,0.712577,0.000000
2019-05-03 03:00:00,1219.479736,0.275345,0.672038,0.003802
2019-05-03 04:00:00,1420.820557,0.238213,0.598505,0.064639
2019-05-03 05:00:00,1620.178467,0.256352,0.531931,0.197719
2019-05-03 06:00:00,1708.095337,0.308738,0.592990,0.380228
2019-05-03 07:00:00,1734.141479,0.356566,0.648125,0.498099
2019-05-03 08:00:00,1757.093262,0.469834,0.804555,0.570342
2019-05-03 09:00:00,1760.311646,0.584023,0.842989,0.653992
2019-05-03 10:00:00,1731.922485,0.656259,0.692090,0.794677
2019-05-03 11:00:00,1687.960815,0.698966,0.673230,0.737643
2019-05-03 12:00:00,1644.296875,0.677376,0.705617,0.707224
2019-05-03 13:00:00,1596.194092,0.685355,0.591577,0.653992
2019-05-03 14:00:00,1607.737427,0.690164,0.857494,0.520913
2019-05-03 15:00:00,1692.361206,0.698371,0.743338,0.326996
2019-05-03 16:00:00,1725.133545,0.691338,0.876676,0.174905
2019-05-03 17:00:00,1640.836548,0.633824,0.899056,0.064639
2019-05-03 18:00:00,1548.086670,0.549364,0.902948,0.011407
2019-05-03 19:00:00,1533.680054,0.645660,0.914356,0.000000
2019-05-03 20:00:00,1463.778809,0.717131,0.922333,0.000000
2019-05-03 21:00:00,1360.264526,0.682758,0.934760,0.000000
2019-05-03 22:00:00,1272.053711,0.706531,0.923595,0.000000
2019-05-03 23:00:00,1216.536987,0.615805,0.855417,0.000000
2019-05-04 00:00:00,1198.882690,0.628580,0.868949,0.000000
2019-05-04 01:00:00,1186.407227,0.615312,0.921299,0.000000
2019-05-04 02:00:00,1178.986694,0.547325,0.869095,0.000000
2019-05-04 03:00:00,1171.884766,0.496455,0.854047,0.003802
2019-05-04 04:00:00,1227.572632,0.440812,0.853977,0.049430
2019-05-04 05:00:00,1345.242798,0.322775,0.785776,0.140684
2019-05-04 06:00:00,1443.991455,0.276986,0.547751,0.281369
2019-05-04 07:00:00,1539.549072,0.229221,0.243596,0.479087
2019-05-04 08:00:00,1585.944336,0.286325,0.260142,0.524715
2019-05-04 09:00:00,1567.382324,0.374275,0.299067,0.551331
2019-05-04 10:00:00,1544.763184,0.485962,0.270021,0.646388
2019-05-04 11:00:00,1526.609863,0.480591,0.545459,0.711027
2019-05-04 12:00:00,1480.469482,0.365168,0.501470,0.771863
2019-05-04 13:00:00,1463.168335,0.344119,0.336191,0.737643
2019-05-04 14:00:00,1443.373047,0.323506,0.174149,0.604563
2019-05-04 15:00:00,1554.695435,0.393919,0.185735,0.471483
2019-05-04 16:00:00,1581.505005,0.320995,0.651581,0.262357
2019-05-04 17:00:00,1492.646240,0.158595,0.397691,0.091255
2019-05-04 18:00:00,1435.805054,0.071382,0.175553,0.011407
2019-05-04 19:00:00,1436.162598,0.052595,0.113103,0.003802
2019-05-04 20:00:00,1379.832275,0.045951,0.098141,0.000000
2019-05-04 21:00:00,1291.362183,0.052810,0.080324,0.000000
2019-05-04 22:00:00,1208.647095,0.062719,0.088685,0.000000
2019-05-04 23:00:00,1162.260132,0.079815,0.101216,0.000000
2019-05-05 00:00:00,1126.712769,0.075319,0.129398,0.000000
2019-05-05 01:00:00,1132.889893,0.076348,0.208095,0.000000
2019-05-05 02:00:00,1137.294312,0.075633,0.191794,0.000000
2019-05-05 03:00:00,1121.535767,0.071484,0.113693,0.007605
2019-05-05 04:00:00,1156.821655,0.057786,0.055440,0.068441
2019-05-05 05:00:00,1247.823975,0.057548,0.046421,0.205323
2019-05-05 06:00:00,1355.759766,0.092972,0.067732,0.399240
2019-05-05 07:00:00,1435.654663,0.141644,0.180159,0.604563
2019-05-05 08:00:00,1462.502441,0.188600,0.202335,0.764259
2019-05-05 09:00:00,1466.307007,0.247571,0.194551,0.889734
2019-05-05 10:00:00,1443.161011,0.283618,0.199655,0.897338
2019-05-05 11:00:00,1422.282959,0.303683,0.164879,0.817490
2019-05-05 12:00:00,1407.284912,0.335222,0.112128,0.741445
2019-05-05 13:00:00,1385.064575,0.415494,0.124068,0.589354
2019-05-05 14:00:00,1431.451416,0.522686,0.149608,0.558935
2019-05-05 15:00:00,1542.703491,0.521914,0.268500,0.414449
2019-05-05 16:00:00,1570.780151,0.454515,0.503007,0.216730
2019-05-05 17:00:00,1521.813965,0.385134,0.539109,0.091255
2019-05-05 18:00:00,1450.179932,0.400269,0.676207,0.011407
2019-05-05 19:00:00,1428.862427,0.373171,0.768216,0.003802
2019-05-05 20:00:00,1340.329224,0.397260,0.703426,0.000000
2019-05-05 21:00:00,1223.853394,0.406874,0.628768,0.000000
2019-05-05 22:00:00,1151.830200,0.410278,0.694913,0.000000
2019-05-05 23:00:00,1105.260376,0.404076,0.657013,0.000000
2019-05-06 00:00:00,1083.674194,0.457860,0.578529,0.000000
2019-05-06 01:00:00,1094.431763,0.480515,0.503952,0.000000
2019-05-06 02:00:00,1133.345093,0.497144,0.508623,0.000000
2019-05-06 03:00:00,1198.973267,0.507967,0.674871,0.003802
2019-05-06 04:00:00,1400.602417,0.509437,0.734293,0.045627
2019-05-06 05:00:00,1625.991333,0.485343,0.834855,0.148289
2019-05-06 06:00:00,1722.452881,0.529663,0.856460,0.285171
2019-05-06 07:00:00,1778.682129,0.516911,0.606849,0.513308
2019-05-06 08:00:00,1759.139648,0.516332,0.623071,0.619772
2019-05-06 09:00:00,1747.780640,0.536743,0.663767,0.684411
2019-05-06 10:00:00,1745.131226,0.593836,0.571605,0.680608
2019-05-06 11:00:00,1723.766113,0.654558,0.816942,0.673004
2019-05-06 12:00:00,1704.169067,0.726044,0.826207,0.756654
2019-05-06 13:00:00,1639.711182,0.750741,0.748379,0.634981
2019-05-06 14:00:00,1662.867065,0.818011,0.784697,0.627376
2019-05-06 15:00:00,1759.474854,0.771341,0.822475,0.479087
2019-05-06 16:00:00,1732.325195,0.739787,0.683160,0.254753
2019-05-06 17:00:00,1650.679688,0.708371,0.748410,0.102662
2019-05-06 18:00:00,1580.869019,0.608598,0.906737,0.015209
2019-05-06 19:00:00,1529.967896,0.576578,0.797973,0.007605
2019-05-06 20:00:00,1423.221191,0.545565,0.814632,0.000000
2019-05-06 21:00:00,1301.958008,0.524611,0.840887,0.000000
2019-05-06 22:00:00,1219.102661,0.508829,0.812854,0.000000
2019-05-06 23:00:00,1172.626587,0.500223,0.812481,0.000000
2019-05-07 00:00:00,1160.518188,0.502524,0.788895,0.000000
2019-05-07 01:00:00,1174.226929,0.500609,0.817764,0.000000
2019-05-07 02:00:00,1201.189209,0.513212,0.860636,0.000000
2019-05-07 03:00:00,1257.576782,0.535437,0.866326,0.007605
2019-05-07 04:00:00,1454.369263,0.502751,0.847249,0.076046
2019-05-07 05:00:00,1656.272095,0.529232,0.841769,0.201521
2019-05-07 06:00:00,1741.586914,0.620163,0.764757,0.376426
2019-05-07 07:00:00,1773.566284,0.633206,0.795487,0.528517
2019-05-07 08:00:00,1773.474731,0.588504,0.714195,0.676806
2019-05-07 09:00:00,1755.962280,0.568573,0.667772,0.730038
2019-05-07 10:00:00,1745.019043,0.533033,0.581647,0.749049
2019-05-07 11:00:00,1705.772705,0.518158,0.377599,0.695817
2019-05-07 12:00:00,1694.687134,0.510196,0.183205,0.756654
2019-05-07 13:00:00,1651.140869,0.456303,0.280792,0.593156
2019-05-07 14:00:00,1671.402100,0.455963,0.213200,0.524715
2019-05-07 15:00:00,1734.068237,0.415845,0.153162,0.410646
2019-05-07 16:00:00,1706.068848,0.358918,0.129852,0.228137
2019-05-07 17:00:00,1624.451782,0.228236,0.088822,0.098859
2019-05-07 18:00:00,1571.025269,0.100369,0.057896,0.015209
2019-05-07 19:00:00,1515.574829,0.071459,0.018723,0.007605
2019-05-07 20:00:00,1416.272705,0.057139,0.012349,0.000000
2019-05-07 21:00:00,1285.518555,0.037904,0.010266,0.003802
2019-05-07 22:00:00,1200.017944,0.020318,0.021352,0.000000
2019-05-07 23:00:00,1161.138184,0.010843,0.079153,0.000000
2019-05-08 00:00:00,1143.271484,0.026981,0.125287,0.000000
2019-05-08 01:00:00,1139.932007,0.026760,0.206634,0.000000
2019-05-08 02:00:00,1165.245117,0.015617,0.271345,0.000000
2019-05-08 03:00:00,1240.284668,0.041256,0.285762,0.003802
2019-05-08 04:00:00,1436.702515,0.068395,0.250596,0.038023
2019-05-08 05:00:00,1652.741699,0.075774,0.195063,0.129278
2019-05-08 06:00:00,1739.019531,0.086510,0.163830,0.281369
2019-05-08 07:00:00,1781.799194,0.081818,0.098751,0.403042
2019-05-08 08:00:00,1795.362183,0.089772,0.085811,0.631179
2019-05-08 09:00:00,1745.665161,0.144212,0.156868,0.695817
2019-05-08 10:00:00,1728.855957,0.192698,0.160961,0.722433
2019-05-08 11:00:00,1726.994385,0.212541,0.173898,0.768061
2019-05-08 12:00:00,1684.760742,0.220871,0.280194,0.653992
2019-05-08 13:00:00,1655.169067,0.248381,0.325691,0.482890
2019-05-08 14:00:00,1654.721802,0.321318,0.257941,0.334601
2019-05-08 15:00:00,1749.384033,0.337602,0.270691,0.209125
2019-05-08 16:00:00,1731.189697,0.316553,0.484479,0.091255
2019-05-08 17:00:00,1649.318970,0.335817,0.556510,0.030418
2019-05-08 18:00:00,1588.593994,0.336787,0.496227,0.007605
2019-05-08 19:00:00,1511.393066,0.328687,0.390886,0.000000
2019-05-08 20:00:00,1390.489624,0.329467,0.158704,0.000000
2019-05-08 21:00:00,1256.423096,0.334344,0.328757,0.000000
2019-05-08 22:00:00,1177.700195,0.306401,0.684419,0.000000
2019-05-08 23:00:00,1107.843872,0.344968,0.481953,0.000000
2019-05-09 00:00:00,1085.048706,0.308666,0.358602,0.000000
2019-05-09 01:00:00,1090.036255,0.278125,0.267965,0.000000
2019-05-09 02:00:00,1118.357910,0.236275,0.227312,0.000000
2019-05-09 03:00:00,1201.783081,0.176833,0.190639,0.000000
2019-05-09 04:00:00,1428.242432,0.139582,0.166208,0.011407
2019-05-09 05:00:00,1640.490845,0.103483,0.138966,0.045627
2019-05-09 06:00:00,1745.571777,0.090751,0.143377,0.102662
2019-05-09 07:00:00,1781.633423,0.078362,0.136760,0.182510
2019-05-09 08:00:00,1778.419800,0.070603,0.145939,0.353612
2019-05-09 09:00:00,1751.274170,0.086685,0.127068,0.528517
2019-05-09 10:00:00,1723.113037,0.080287,0.067138,0.593156
2019-05-09 11:00:00,1710.281616,0.099279,0.064322,0.695817
2019-05-09 12:00:00,1681.226196,0.092858,0.017437,0.699620
2019-05-09 13:00:00,1638.658203,0.098977,0.027015,0.608365
2019-05-09 14:00:00,1641.996704,0.102066,0.026619,0.528517
2019-05-09 15:00:00,1707.106445,0.077480,0.040323,0.403042
2019-05-09 16:00:00,1674.578003,0.052149,0.086370,0.231939
2019-05-09 17:00:00,1598.033081,0.044886,0.174233,0.095057
2019-05-09 18:00:00,1535.532349,0.069471,0.229071,0.019011
2019-05-09 19:00:00,1486.367554,0.112652,0.337499,0.003802
2019-05-09 20:00:00,1385.645630,0.130853,0.130471,0.000000
2019-05-09 21:00:00,1257.656006,0.097547,0.069611,0.000000
2019-05-09 22:00:00,1156.699585,0.098793,0.127544,0.000000
2019-05-09 23:00:00,1103.902100,0.103269,0.239917,0.000000
2019-05-10 00:00:00,1083.500488,0.125644,0.276340,0.000000
2019-05-10 01:00:00,1089.717041,0.118793,0.160041,0.000000
2019-05-10 02:00:00,1104.648315,0.062052,0.048811,0.000000
2019-05-10 03:00:00,1164.286255,0.044670,0.042825,0.015209
2019-05-10 04:00:00,1377.545166,0.043321,0.037161,0.079848
2019-05-10 05:00:00,1574.859131,0.040797,0.018501,0.167300
2019-05-10 06:00:00,1678.043579,0.041363,0.027352,0.292776
2019-05-10 07:00:00,1707.589966,0.056263,0.056654,0.365019
2019-05-10 08:00:00,1722.815430,0.083384,0.060319,0.433460
2019-05-10 09:00:00,1731.554688,0.094397,0.083178,0.387833
2019-05-10 10:00:00,1698.709351,0.104751,0.080736,0.319392
2019-05-10 11:00:00,1704.774292,0.124987,0.103646,0.444867
2019-05-10 12:00:00,1664.430054,0.204164,0.124396,0.429658
2019-05-10 13:00:00,1606.846313,0.247215,0.216735,0.357414
2019-05-10 14:00:00,1607.902344,0.268311,0.181892,0.197719
2019-05-10 15:00:00,1692.488525,0.293974,0.179911,0.144487
2019-05-10 16:00:00,1686.802124,0.259776,0.294817,0.087452
2019-05-10 17:00:00,1585.601440,0.258640,0.331198,0.053232
2019-05-10 18:00:00,1501.087769,0.220535,0.318385,0.019011
2019-05-10 19:00:00,1445.189087,0.183467,0.225095,0.007605
2019-05-10 20:00:00,1374.572144,0.164726,0.212731,0.000000
2019-05-10 21:00:00,1279.767822,0.168939,0.223686,0.000000
2019-05-10 22:00:00,1183.202148,0.138431,0.235910,0.000000
2019-05-10 23:00:00,1134.793335,0.122244,0.179825,0.000000
2019-05-11 00:00:00,1102.551514,0.120662,0.131220,0.000000
2019-05-11 01:00:00,1099.099365,0.097570,0.088064,0.000000
2019-05-11 02:00:00,1102.285400,0.084862,0.083057,0.000000
2019-05-11 03:00:00,1087.870117,0.085146,0.096531,0.011407
2019-05-11 04:00:00,1149.470337,0.085378,0.058500,0.091255
2019-05-11 05:00:00,1257.375244,0.064496,0.061738,0.235741
2019-05-11 06:00:00,1376.323853,0.082040,0.051726,0.418251
2019-05-11 07:00:00,1454.628662,0.065581,0.023898,0.604563
2019-05-11 08:00:00,1492.982910,0.042794,0.006799,0.764259
2019-05-11 09:00:00,1485.324707,0.046563,0.022730,0.889734
2019-05-11 10:00:00,1465.290527,0.059594,0.069246,0.969582
2019-05-11 11:00:00,1447.335938,0.073618,0.120056,1.000000
2019-05-11 12:00:00,1406.566284,0.094940,0.143985,0.961977
2019-05-11 13:00:00,1380.308960,0.122355,0.175674,0.866920
2019-05-11 14:00:00,1380.055664,0.141160,0.179173,0.714829
2019-05-11 15:00:00,1461.628418,0.163891,0.182816,0.501901
2019-05-11 16:00:00,1489.094116,0.187180,0.185320,0.277567
2019-05-11 17:00:00,1447.906616,0.216222,0.236702,0.106464
2019-05-11 18:00:00,1408.279053,0.222779,0.222017,0.019011
2019-05-11 19:00:00,1364.513184,0.229830,0.145053,0.003802
2019-05-11 20:00:00,1321.826172,0.251768,0.144637,0.000000
2019-05-11 21:00:00,1238.405762,0.304426,0.239921,0.000000
2019-05-11 22:00:00,1159.303711,0.358319,0.401326,0.000000
2019-05-11 23:00:00,1109.313843,0.372194,0.510127,0.000000
2019-05-12 00:00:00,1085.067261,0.366186,0.525999,0.000000
2019-05-12 01:00:00,1075.750854,0.371275,0.579675,0.000000
2019-05-12 02:00:00,1059.368774,0.349511,0.570098,0.000000
2019-05-12 03:00:00,1049.402588,0.347841,0.534723,0.015209
2019-05-12 04:00:00,1095.585205,0.340042,0.465562,0.079848
2019-05-12 05:00:00,1203.372314,0.416064,0.506905,0.231939
2019-05-12 06:00:00,1323.295898,0.464346,0.505140,0.410646
2019-05-12 07:00:00,1394.056641,0.421544,0.375836,0.555133
2019-05-12 08:00:00,1446.403687,0.378519,0.347998,0.688213
2019-05-12 09:00:00,1455.517212,0.352440,0.512272,0.775665
2019-05-12 10:00:00,1448.273560,0.309082,0.581829,0.836502
2019-05-12 11:00:00,1433.415527,0.300045,0.583438,0.882129
2019-05-12 12:00:00,1410.682495,0.250319,0.303752,0.866920
2019-05-12 13:00:00,1384.254883,0.235531,0.244089,0.779468
2019-05-12 14:00:00,1399.118896,0.294969,0.240727,0.638783
2019-05-12 15:00:00,1504.533569,0.351360,0.396328,0.463878
2019-05-12 16:00:00,1533.866577,0.361135,0.511227,0.281369
2019-05-12 17:00:00,1473.567139,0.296446,0.826498,0.110266
2019-05-12 18:00:00,1414.217773,0.202378,0.574216,0.022814
2019-05-12 19:00:00,1375.009033,0.138952,0.287786,0.000000
2019-05-12 20:00:00,1313.837036,0.186652,0.232146,0.000000
2019-05-12 21:00:00,1199.973999,0.228669,0.292158,0.000000
2019-05-12 22:00:00,1124.310791,0.250340,0.321729,0.000000
2019-05-12 23:00:00,1067.580933,0.204240,0.250429,0.000000
2019-05-13 00:00:00,1048.590942,0.190295,0.178152,0.000000
2019-05-13 01:00:00,1063.006714,0.178378,0.192932,0.000000
2019-05-13 02:00:00,1078.978638,0.188750,0.214549,0.000000
2019-05-13 03:00:00,1155.004272,0.204494,0.286010,0.015209
2019-05-13 04:00:00,1352.533447,0.212020,0.228688,0.083650
2019-05-13 05:00:00,1571.551147,0.176588,0.191465,0.235741
2019-05-13 06:00:00,1665.106201,0.182119,0.112244,0.448669
2019-05-13 07:00:00,1694.483643,0.184642,0.088062,0.650190
2019-05-13 08:00:00,1700.687744,0.197835,0.139927,0.783270
2019-05-13 09:00:00,1697.368286,0.229343,0.178966,0.870722
2019-05-13 10:00:00,1681.541138,0.247221,0.282368,0.931559
2019-05-13 11:00:00,1669.589233,0.271413,0.415174,0.942966
2019-05-13 12:00:00,1628.830811,0.240550,0.436060,0.836502
2019-05-13 13:00:00,1574.812378,0.229185,0.277829,0.692015
2019-05-13 14:00:00,1603.108032,0.238890,0.204601,0.574144
2019-05-13 15:00:00,1692.547119,0.233184,0.291447,0.403042
2019-05-13 16:00:00,1658.811768,0.262892,0.332691,0.269962
2019-05-13 17:00:00,1568.939819,0.266426,0.333060,0.110266
2019-05-13 18:00:00,1495.306641,0.185719,0.269541,0.022814
2019-05-13 19:00:00,1434.995239,0.139637,0.129707,0.000000
2019-05-13 20:00:00,1353.908813,0.113745,0.094858,0.000000
2019-05-13 21:00:00,1236.865845,0.130318,0.105583,0.000000
2019-05-13 22:00:00,1150.572754,0.106115,0.108701,0.000000
2019-05-13 23:00:00,1101.991821,0.078782,0.079930,0.000000
2019-05-14 00:00:00,1091.413696,0.052346,0.073209,0.000000
2019-05-14 01:00:00,1093.015747,0.018089,0.066652,0.000000
2019-05-14 02:00:00,1120.567261,0.008227,0.038356,0.000000
2019-05-14 03:00:00,1183.832153,0.002829,0.017036,0.015209
2019-05-14 04:00:00,1399.176147,0.001228,0.001433,0.087452
2019-05-14 05:00:00,1600.280762,0.001653,0.001042,0.228137
2019-05-14 06:00:00,1684.182983,0.001600,0.001812,0.444867
2019-05-14 07:00:00,1709.866333,0.002418,0.015051,0.646388
2019-05-14 08:00:00,1709.164185,0.006419,0.007735,0.707224
2019-05-14 09:00:00,1701.648315,0.016167,0.001261,0.741445
2019-05-14 10:00:00,1696.354492,0.022690,0.000190,0.794677
2019-05-14 11:00:00,1681.325806,0.024746,0.003303,0.783270
2019-05-14 12:00:00,1655.098999,0.030286,0.003441,0.638783
2019-05-14 13:00:00,1593.012085,0.035781,0.000059,0.520913
2019-05-14 14:00:00,1603.220337,0.027110,0.000052,0.433460
2019-05-14 15:00:00,1694.129883,0.019231,0.007814,0.338403
2019-05-14 16:00:00,1661.990479,0.015982,0.010460,0.231939
2019-05-14 17:00:00,1582.605957,0.013737,0.008948,0.110266
2019-05-14 18:00:00,1510.351440,0.007974,0.004021,0.026616
2019-05-14 19:00:00,1460.401245,0.005753,0.001470,0.000000
2019-05-14 20:00:00,1383.995605,0.006157,0.000074,0.000000
2019-05-14 21:00:00,1256.216919,0.004084,0.000042,0.000000
2019-05-14 22:00:00,1162.099487,0.002334,0.000041,0.000000
2019-05-14 23:00:00,1110.285034,0.006271,0.000041,0.000000
2019-05-15 00:00:00,1085.322754,0.009628,0.007254,0.000000
2019-05-15 01:00:00,1090.205444,0.018501,0.045978,0.000000
2019-05-15 02:00:00,1104.267700,0.028293,0.078207,0.000000
2019-05-15 03:00:00,1167.609741,0.044977,0.136081,0.015209
2019-05-15 04:00:00,1367.676636,0.046523,0.133437,0.087452
2019-05-15 05:00:00,1570.562744,0.037946,0.102665,0.239544
2019-05-15 06:00:00,1658.269531,0.042911,0.085857,0.452471
2019-05-15 07:00:00,1683.126465,0.057388,0.088097,0.653992
2019-05-15 08:00:00,1689.212524,0.055949,0.061040,0.813688
2019-05-15 09:00:00,1669.210938,0.067175,0.082663,0.882129
2019-05-15 10:00:00,1644.660400,0.085106,0.232048,0.866920
2019-05-15 11:00:00,1648.154907,0.096497,0.249836,0.866920
2019-05-15 12:00:00,1627.488892,0.111124,0.148488,0.847909
2019-05-15 13:00:00,1569.967041,0.102414,0.133355,0.760456
2019-05-15 14:00:00,1559.622437,0.093306,0.182167,0.642586
2019-05-15 15:00:00,1630.806641,0.082130,0.218298,0.452471
2019-05-15 16:00:00,1628.759155,0.071566,0.127454,0.254753
2019-05-15 17:00:00,1563.806641,0.056565,0.087217,0.114068
2019-05-15 18:00:00,1488.093506,0.044323,0.102565,0.022814
2019-05-15 19:00:00,1436.132813,0.044826,0.150089,0.000000
2019-05-15 20:00:00,1354.446167,0.055787,0.128953,0.000000
2019-05-15 21:00:00,1234.257446,0.044818,0.131670,0.000000
2019-05-15 22:00:00,1128.644165,0.038515,0.170456,0.000000
2019-05-15 23:00:00,1082.016357,0.034091,0.197481,0.000000
2019-05-16 00:00:00,1055.065796,0.038076,0.218379,0.000000
2019-05-16 01:00:00,1061.533936,0.067409,0.356643,0.000000
2019-05-16 02:00:00,1074.850342,0.116366,0.401147,0.000000
2019-05-16 03:00:00,1132.008179,0.200435,0.418851,0.019011
2019-05-16 04:00:00,1351.021973,0.205696,0.414184,0.068441
2019-05-16 05:00:00,1566.365234,0.184560,0.351297,0.152091
2019-05-16 06:00:00,1664.717896,0.209386,0.378002,0.273764
2019-05-16 07:00:00,1699.618042,0.250733,0.450416,0.418251
2019-05-16 08:00:00,1718.724731,0.311304,0.569807,0.615970
2019-05-16 09:00:00,1697.073242,0.393884,0.599028,0.752852
2019-05-16 10:00:00,1700.042725,0.463319,0.846460,0.904943
2019-05-16 11:00:00,1701.758545,0.587183,0.932904,0.882129
2019-05-16 12:00:00,1644.055054,0.669079,0.944187,0.825095
2019-05-16 13:00:00,1597.532715,0.720303,0.906250,0.707224
2019-05-16 14:00:00,1590.039307,0.716690,0.880106,0.562738
2019-05-16 15:00:00,1647.679688,0.697287,0.938957,0.414449
2019-05-16 16:00:00,1635.855591,0.689493,0.947742,0.220532
2019-05-16 17:00:00,1559.958862,0.639802,0.955000,0.098859
2019-05-16 18:00:00,1490.798706,0.617048,0.947354,0.034221
2019-05-16 19:00:00,1448.623047,0.595153,0.960067,0.003802
2019-05-16 20:00:00,1392.698120,0.607535,0.933301,0.000000
2019-05-16 21:00:00,1282.930420,0.644233,0.936639,0.000000
2019-05-16 22:00:00,1191.230347,0.613123,0.951833,0.000000
2019-05-16 23:00:00,1127.598633,0.582817,0.944597,0.000000
2019-05-17 00:00:00,1092.956177,0.597557,0.937847,0.000000
2019-05-17 01:00:00,1074.433472,0.550987,0.821313,0.000000
2019-05-17 02:00:00,1053.073975,0.429043,0.710061,0.000000
2019-05-17 03:00:00,1054.955444,0.384479,0.675178,0.003802
2019-05-17 04:00:00,1110.075317,0.325811,0.496328,0.022814
2019-05-17 05:00:00,1230.094727,0.270879,0.276461,0.045627
2019-05-17 06:00:00,1366.122681,0.227358,0.208596,0.072243
2019-05-17 07:00:00,1473.648071,0.212041,0.178303,0.102662
2019-05-17 08:00:00,1534.032837,0.178232,0.170218,0.129278
2019-05-17 09:00:00,1564.677246,0.197324,0.198685,0.171103
2019-05-17 10:00:00,1556.236572,0.215118,0.268014,0.163498
2019-05-17 11:00:00,1533.260864,0.207329,0.222599,0.171103
2019-05-17 12:00:00,1521.884644,0.200650,0.227470,0.197719
2019-05-17 13:00:00,1499.296997,0.192657,0.127910,0.167300
2019-05-17 14:00:00,1508.395630,0.206951,0.141510,0.121673
2019-05-17 15:00:00,1576.312012,0.202564,0.184621,0.079848
2019-05-17 16:00:00,1581.228271,0.196356,0.329990,0.053232
2019-05-17 17:00:00,1510.148193,0.171614,0.348267,0.022814
2019-05-17 18:00:00,1464.182129,0.163933,0.247976,0.007605
2019-05-17 19:00:00,1422.794312,0.150251,0.315666,0.000000
2019-05-17 20:00:00,1345.996094,0.123291,0.203876,0.000000
2019-05-17 21:00:00,1253.905884,0.096091,0.176010,0.000000
2019-05-17 22:00:00,1159.738403,0.071839,0.117559,0.000000
2019-05-17 23:00:00,1094.845947,0.039986,0.096207,0.000000
2019-05-18 00:00:00,1065.890625,0.026488,0.107408,0.000000
2019-05-18 01:00:00,1051.087036,0.035059,0.106313,0.000000
2019-05-18 02:00:00,1033.747314,0.040560,0.150787,0.000000
2019-05-18 03:00:00,1024.663452,0.062451,0.192379,0.011407
2019-05-18 04:00:00,1081.140015,0.101243,0.332686,0.053232
2019-05-18 05:00:00,1189.768188,0.091064,0.216535,0.110266
2019-05-18 06:00:00,1312.185425,0.086617,0.274909,0.193916
2019-05-18 07:00:00,1403.181152,0.108672,0.275441,0.296578
2019-05-18 08:00:00,1450.755859,0.115476,0.244871,0.429658
2019-05-18 09:00:00,1442.924438,0.168522,0.276221,0.623574
2019-05-18 10:00:00,1431.522949,0.189152,0.311105,0.817490
2019-05-18 11:00:00,1414.533203,0.235318,0.495088,0.866920
2019-05-18 12:00:00,1389.425293,0.288461,0.592668,0.844106
2019-05-18 13:00:00,1366.390625,0.364933,0.634944,0.756654
2019-05-18 14:00:00,1383.070068,0.361840,0.663329,0.673004
2019-05-18 15:00:00,1428.961548,0.340224,0.665734,0.490494
2019-05-18 16:00:00,1452.365967,0.338587,0.831844,0.277567
2019-05-18 17:00:00,1399.243286,0.300156,0.796186,0.114068
2019-05-18 18:00:00,1345.710449,0.185862,0.538053,0.026616
2019-05-18 19:00:00,1319.845703,0.192432,0.410112,0.000000
2019-05-18 20:00:00,1289.044312,0.169436,0.353463,0.000000
2019-05-18 21:00:00,1203.614136,0.194797,0.428992,0.000000
2019-05-18 22:00:00,1139.921997,0.210833,0.486822,0.000000
2019-05-18 23:00:00,1062.070313,0.214321,0.457279,0.000000
2019-05-19 00:00:00,1025.717529,0.175592,0.397393,0.000000
2019-05-19 01:00:00,1008.917603,0.165450,0.497777,0.000000
2019-05-19 02:00:00,988.588318,0.233735,0.595839,0.000000
2019-05-19 03:00:00,978.095032,0.249711,0.583601,0.007605
2019-05-19 04:00:00,1018.632874,0.210946,0.499162,0.041825
2019-05-19 05:00:00,1109.449829,0.212673,0.458079,0.095057
2019-05-19 06:00:00,1230.519531,0.176119,0.413753,0.178707
2019-05-19 07:00:00,1338.473755,0.177816,0.364275,0.304183
2019-05-19 08:00:00,1415.679810,0.142095,0.360695,0.509506
2019-05-19 09:00:00,1424.096558,0.128067,0.419401,0.669202
2019-05-19 10:00:00,1419.800781,0.136159,0.476367,0.684411
2019-05-19 11:00:00,1407.761230,0.145423,0.543573,0.688213
2019-05-19 12:00:00,1375.577881,0.141045,0.545550,0.733840
2019-05-19 13:00:00,1349.414307,0.150030,0.532841,0.669202
2019-05-19 14:00:00,1381.024902,0.171067,0.639982,0.585551
2019-05-19 15:00:00,1483.666382,0.196780,0.681815,0.437262
2019-05-19 16:00:00,1505.871948,0.216665,0.715345,0.258555
2019-05-19 17:00:00,1440.587769,0.192997,0.628430,0.117871
2019-05-19 18:00:00,1392.738159,0.187834,0.478988,0.026616
2019-05-19 19:00:00,1351.984985,0.169206,0.344426,0.000000
2019-05-19 20:00:00,1274.651489,0.177565,0.337245,0.000000
2019-05-19 21:00:00,1159.334351,0.156467,0.417833,0.000000
2019-05-19 22:00:00,1075.961182,0.089255,0.229861,0.000000
2019-05-19 23:00:00,1026.712646,0.048679,0.175194,0.000000
2019-05-20 00:00:00,1006.135925,0.037520,0.140453,0.000000
2019-05-20 01:00:00,1008.022217,0.042808,0.150107,0.000000
2019-05-20 02:00:00,1022.376282,0.041642,0.133320,0.000000
2019-05-20 03:00:00,1092.781738,0.038652,0.150569,0.007605
2019-05-20 04:00:00,1282.396240,0.031929,0.170934,0.057034
2019-05-20 05:00:00,1501.697388,0.040469,0.168686,0.136882
2019-05-20 06:00:00,1622.090332,0.048872,0.133717,0.224335
2019-05-20 07:00:00,1667.484741,0.053361,0.094903,0.326996
2019-05-20 08:00:00,1676.864990,0.055425,0.094264,0.460076
2019-05-20 09:00:00,1667.166138,0.045405,0.076603,0.650190
2019-05-20 10:00:00,1652.593506,0.048452,0.059315,0.775665
2019-05-20 11:00:00,1656.928833,0.056757,0.069539,0.847909
2019-05-20 12:00:00,1624.386353,0.063953,0.072602,0.828897
2019-05-20 13:00:00,1572.571045,0.094763,0.057876,0.760456
2019-05-20 14:00:00,1564.831665,0.156179,0.045773,0.650190
2019-05-20 15:00:00,1637.017700,0.162229,0.069002,0.463878
2019-05-20 16:00:00,1614.736084,0.166832,0.074324,0.273764
2019-05-20 17:00:00,1538.865234,0.183375,0.102304,0.133080
2019-05-20 18:00:00,1460.165283,0.196204,0.117617,0.038023
2019-05-20 19:00:00,1398.274048,0.212879,0.231719,0.003802
2019-05-20 20:00:00,1323.099609,0.222840,0.266440,0.000000
2019-05-20 21:00:00,1199.901733,0.246505,0.148487,0.000000
2019-05-20 22:00:00,1114.362183,0.256617,0.376762,0.000000
2019-05-20 23:00:00,1067.729370,0.332103,0.658991,0.000000
2019-05-21 00:00:00,1052.853394,0.315873,0.459190,0.000000
2019-05-21 01:00:00,1053.834473,0.289644,0.306385,0.000000
2019-05-21 02:00:00,1046.913330,0.211763,0.101754,0.000000
2019-05-21 03:00:00,1103.644409,0.174139,0.115639,0.011407
2019-05-21 04:00:00,1311.063721,0.092894,0.121404,0.057034
2019-05-21 05:00:00,1531.613159,0.069186,0.061533,0.125475
2019-05-21 06:00:00,1633.798218,0.058452,0.027378,0.163498
2019-05-21 07:00:00,1698.307739,0.059931,0.009343,0.163498
2019-05-21 08:00:00,1727.045288,0.090161,0.013155,0.186312
2019-05-21 09:00:00,1728.542969,0.090769,0.013393,0.216730
2019-05-21 10:00:00,1706.762207,0.095607,0.004011,0.281369
2019-05-21 11:00:00,1714.583252,0.035708,0.000069,0.288973
2019-05-21 12:00:00,1700.524292,0.008463,0.000289,0.262357
2019-05-21 13:00:00,1639.614624,0.018231,0.000617,0.247148
2019-05-21 14:00:00,1637.125244,0.012698,0.003895,0.205323
2019-05-21 15:00:00,1721.713623,0.004866,0.022417,0.140684
2019-05-21 16:00:00,1698.030396,0.005658,0.005658,0.076046
2019-05-21 17:00:00,1612.132813,0.007206,0.006859,0.030418
2019-05-21 18:00:00,1517.414917,0.006891,0.009864,0.003802
2019-05-21 19:00:00,1440.426147,0.006750,0.026709,0.000000
2019-05-21 20:00:00,1332.806641,0.010104,0.028042,0.000000
2019-05-21 21:00:00,1221.093384,0.015013,0.079810,0.000000
2019-05-21 22:00:00,1118.890869,0.040442,0.300937,0.000000
2019-05-21 23:00:00,1067.157227,0.072207,0.366910,0.000000
2019-05-22 00:00:00,1049.966919,0.088708,0.354010,0.000000
2019-05-22 01:00:00,1044.411133,0.092184,0.369473,0.000000
2019-05-22 02:00:00,1061.046997,0.118091,0.513310,0.000000
2019-05-22 03:00:00,1125.807251,0.143988,0.539040,0.007605
2019-05-22 04:00:00,1339.601318,0.168802,0.588680,0.034221
2019-05-22 05:00:00,1550.321655,0.196009,0.713612,0.057034
2019-05-22 06:00:00,1653.373047,0.229777,0.706627,0.102662
2019-05-22 07:00:00,1700.123901,0.236157,0.770410,0.140684
2019-05-22 08:00:00,1725.228394,0.276811,0.789577,0.186312
2019-05-22 09:00:00,1722.787354,0.328989,0.774223,0.224335
2019-05-22 10:00:00,1711.503052,0.368055,0.753956,0.228137
2019-05-22 11:00:00,1716.632446,0.393272,0.818916,0.235741
2019-05-22 12:00:00,1699.776001,0.400714,0.819884,0.228137
2019-05-22 13:00:00,1670.208252,0.442185,0.816756,0.216730
2019-05-22 14:00:00,1678.935547,0.501671,0.848817,0.190114
2019-05-22 15:00:00,1751.174561,0.490296,0.854328,0.140684
2019-05-22 16:00:00,1716.457764,0.352656,0.671621,0.121673
2019-05-22 17:00:00,1616.230835,0.290883,0.491627,0.087452
2019-05-22 18:00:00,1533.863037,0.281236,0.720293,0.030418
2019-05-22 19:00:00,1466.568237,0.315292,0.831170,0.003802
2019-05-22 20:00:00,1385.798828,0.319286,0.745982,0.000000
2019-05-22 21:00:00,1260.259644,0.266922,0.585555,0.000000
2019-05-22 22:00:00,1157.911743,0.216033,0.454474,0.000000
2019-05-22 23:00:00,1099.177856,0.208563,0.381721,0.000000
2019-05-23 00:00:00,1067.038330,0.128750,0.275173,0.000000
2019-05-23 01:00:00,1068.549194,0.097822,0.150818,0.000000
2019-05-23 02:00:00,1079.089355,0.123683,0.126512,0.000000
2019-05-23 03:00:00,1120.108521,0.166570,0.129285,0.034221
2019-05-23 04:00:00,1325.401001,0.195190,0.129404,0.106464
2019-05-23 05:00:00,1533.151611,0.186734,0.199554,0.224335
2019-05-23 06:00:00,1620.867065,0.176143,0.238380,0.414449
2019-05-23 07:00:00,1653.594604,0.121980,0.159500,0.650190
2019-05-23 08:00:00,1671.033569,0.101661,0.086087,0.817490
2019-05-23 09:00:00,1658.624512,0.119791,0.047912,0.912548
2019-05-23 10:00:00,1647.231567,0.158099,0.013605,0.950570
2019-05-23 11:00:00,1637.984985,0.179090,0.027926,0.935361
2019-05-23 12:00:00,1615.114502,0.181747,0.051732,0.874525
2019-05-23 13:00:00,1573.618164,0.195742,0.082552,0.760456
2019-05-23 14:00:00,1558.087402,0.193352,0.113192,0.615970
2019-05-23 15:00:00,1617.436646,0.159868,0.141301,0.456274
2019-05-23 16:00:00,1593.994873,0.142513,0.141396,0.273764
2019-05-23 17:00:00,1527.615845,0.115299,0.166816,0.140684
2019-05-23 18:00:00,1460.167358,0.084268,0.084729,0.045627
2019-05-23 19:00:00,1404.609619,0.088130,0.085419,0.003802
2019-05-23 20:00:00,1327.580200,0.127826,0.229497,0.000000
2019-05-23 21:00:00,1210.639282,0.183818,0.410127,0.000000
2019-05-23 22:00:00,1132.795044,0.152670,0.590405,0.000000
2019-05-23 23:00:00,1082.942993,0.142483,0.668366,0.000000
2019-05-24 00:00:00,1046.538330,0.113863,0.308460,0.000000
2019-05-24 01:00:00,1041.839478,0.109146,0.386305,0.000000
2019-05-24 02:00:00,1052.818848,0.103860,0.477655,0.000000
2019-05-24 03:00:00,1106.927979,0.097866,0.231403,0.026616
2019-05-24 04:00:00,1316.034790,0.106913,0.104933,0.098859
2019-05-24 05:00:00,1508.598022,0.146804,0.078458,0.258555
2019-05-24 06:00:00,1600.687744,0.200898,0.075951,0.471483
2019-05-24 07:00:00,1641.741699,0.243790,0.083735,0.657795
2019-05-24 08:00:00,1646.067261,0.300653,0.123603,0.771863
2019-05-24 09:00:00,1627.458008,0.366032,0.311559,0.775665
2019-05-24 10:00:00,1644.349121,0.444981,0.604271,0.638783
2019-05-24 11:00:00,1629.330322,0.494795,0.524998,0.524715
2019-05-24 12:00:00,1608.947754,0.616397,0.362839,0.433460
2019-05-24 13:00:00,1588.145020,0.647504,0.417887,0.353612
2019-05-24 14:00:00,1581.108398,0.588631,0.661079,0.281369
2019-05-24 15:00:00,1631.084717,0.510389,0.650620,0.212928
2019-05-24 16:00:00,1605.422729,0.480888,0.792060,0.178707
2019-05-24 17:00:00,1528.588379,0.412206,0.651657,0.087452
2019-05-24 18:00:00,1438.314087,0.353300,0.589160,0.022814
2019-05-24 19:00:00,1379.844971,0.348776,0.570365,0.003802
2019-05-24 20:00:00,1319.065063,0.346503,0.529926,0.000000
2019-05-24 21:00:00,1226.410278,0.353472,0.499941,0.000000
2019-05-24 22:00:00,1135.331055,0.292438,0.504139,0.000000
2019-05-24 23:00:00,1082.861572,0.270083,0.449253,0.000000
2019-05-25 00:00:00,1032.357056,0.216285,0.380109,0.000000
2019-05-25 01:00:00,1017.588928,0.182548,0.344833,0.000000
2019-05-25 02:00:00,1004.983215,0.175439,0.338058,0.000000
2019-05-25 03:00:00,998.231567,0.178998,0.355570,0.019011
2019-05-25 04:00:00,1060.843872,0.199899,0.319155,0.076046
2019-05-25 05:00:00,1181.189331,0.242796,0.278533,0.155894
2019-05-25 06:00:00,1313.059692,0.254132,0.334716,0.247148
2019-05-25 07:00:00,1390.633667,0.258336,0.308173,0.338403
2019-05-25 08:00:00,1443.433350,0.258415,0.360019,0.429658
2019-05-25 09:00:00,1437.074829,0.281064,0.381891,0.555133
2019-05-25 10:00:00,1412.863403,0.315152,0.434094,0.684411
2019-05-25 11:00:00,1401.555176,0.347433,0.486005,0.787072
2019-05-25 12:00:00,1379.619751,0.403497,0.503579,0.794677
2019-05-25 13:00:00,1368.994263,0.491955,0.578869,0.771863
2019-05-25 14:00:00,1375.844849,0.564929,0.568791,0.684411
2019-05-25 15:00:00,1457.430054,0.581966,0.648564,0.513308
2019-05-25 16:00:00,1464.920776,0.609959,0.754847,0.307985
2019-05-25 17:00:00,1429.973389,0.526399,0.693804,0.110266
2019-05-25 18:00:00,1373.241455,0.438971,0.554214,0.019011
2019-05-25 19:00:00,1330.281250,0.374553,0.543682,0.007605
2019-05-25 20:00:00,1288.241699,0.445497,0.542888,0.000000
2019-05-25 21:00:00,1204.874146,0.526380,0.628781,0.000000
2019-05-25 22:00:00,1129.508911,0.499082,0.719055,0.000000
2019-05-25 23:00:00,1073.247803,0.450067,0.739857,0.000000
2019-05-26 00:00:00,1038.434692,0.434532,0.734983,0.000000
2019-05-26 01:00:00,1035.139404,0.428562,0.599077,0.000000
2019-05-26 02:00:00,1013.440186,0.407424,0.402991,0.000000
2019-05-26 03:00:00,985.763916,0.410646,0.397243,0.007605
2019-05-26 04:00:00,1032.725830,0.434673,0.443196,0.034221
2019-05-26 05:00:00,1156.160889,0.569424,0.717351,0.072243
2019-05-26 06:00:00,1295.913330,0.633168,0.724602,0.125475
2019-05-26 07:00:00,1406.312378,0.674949,0.775323,0.129278
2019-05-26 08:00:00,1479.945801,0.684389,0.796327,0.148289
2019-05-26 09:00:00,1498.640137,0.636606,0.695193,0.163498
2019-05-26 10:00:00,1497.479248,0.590523,0.747743,0.228137
2019-05-26 11:00:00,1474.871216,0.511817,0.757561,0.296578
2019-05-26 12:00:00,1441.430908,0.428746,0.765012,0.361217
2019-05-26 13:00:00,1414.180542,0.324380,0.571903,0.346008
2019-05-26 14:00:00,1427.296631,0.278275,0.404812,0.224335
2019-05-26 15:00:00,1552.462402,0.230197,0.380827,0.125475
2019-05-26 16:00:00,1578.920898,0.127013,0.162210,0.064639
2019-05-26 17:00:00,1531.670654,0.138358,0.141670,0.030418
2019-05-26 18:00:00,1461.531250,0.266501,0.188991,0.011407
2019-05-26 19:00:00,1417.291504,0.344770,0.643181,0.030418
2019-05-26 20:00:00,1318.822144,0.377380,0.609710,0.000000
2019-05-26 21:00:00,1200.113647,0.367756,0.611893,0.000000
2019-05-26 22:00:00,1109.462646,0.475216,0.678895,0.000000
2019-05-26 23:00:00,1069.295288,0.592875,0.785778,0.000000
2019-05-27 00:00:00,1046.254517,0.634772,0.846762,0.000000
2019-05-27 01:00:00,1043.907715,0.643861,0.728269,0.000000
2019-05-27 02:00:00,1050.040161,0.705322,0.750380,0.000000
2019-05-27 03:00:00,1131.743408,0.726896,0.825113,0.007605
2019-05-27 04:00:00,1335.036133,0.663366,0.615312,0.045627
2019-05-27 05:00:00,1536.329834,0.598501,0.426017,0.114068
2019-05-27 06:00:00,1649.694214,0.477808,0.749594,0.197719
2019-05-27 07:00:00,1678.080078,0.537141,0.681827,0.380228
2019-05-27 08:00:00,1688.204224,0.594242,0.553709,0.520913
2019-05-27 09:00:00,1691.414795,0.651939,0.622462,0.593156
2019-05-27 10:00:00,1681.835815,0.651140,0.493425,0.653992
2019-05-27 11:00:00,1670.610352,0.625349,0.538578,0.566540
2019-05-27 12:00:00,1647.899292,0.638787,0.546595,0.551331
2019-05-27 13:00:00,1597.004395,0.555974,0.290230,0.498099
2019-05-27 14:00:00,1587.994385,0.508806,0.265045,0.437262
2019-05-27 15:00:00,1679.426392,0.534370,0.342607,0.365019
2019-05-27 16:00:00,1659.468750,0.581403,0.405081,0.224335
2019-05-27 17:00:00,1561.583374,0.492900,0.381338,0.129278
2019-05-27 18:00:00,1463.888428,0.426247,0.253160,0.053232
2019-05-27 19:00:00,1404.074219,0.355584,0.249385,0.015209
2019-05-27 20:00:00,1334.079712,0.304286,0.204523,0.000000
2019-05-27 21:00:00,1211.030762,0.318202,0.233148,0.000000
2019-05-27 22:00:00,1123.011841,0.351665,0.190567,0.000000
2019-05-27 23:00:00,1073.098389,0.353064,0.181860,0.000000
2019-05-28 00:00:00,1056.059692,0.353889,0.179867,0.000000
2019-05-28 01:00:00,1053.362793,0.322994,0.195702,0.000000
2019-05-28 02:00:00,1051.798828,0.242078,0.235564,0.000000
2019-05-28 03:00:00,1117.061035,0.223810,0.248095,0.026616
2019-05-28 04:00:00,1321.517090,0.197711,0.211663,0.076046
2019-05-28 05:00:00,1540.786133,0.156106,0.243606,0.163498
2019-05-28 06:00:00,1631.109741,0.165408,0.237713,0.300380
2019-05-28 07:00:00,1666.737793,0.139872,0.209688,0.422053
2019-05-28 08:00:00,1687.040527,0.112818,0.101912,0.551331
2019-05-28 09:00:00,1676.998413,0.100036,0.074739,0.562738
2019-05-28 10:00:00,1657.670898,0.105016,0.076933,0.608365
2019-05-28 11:00:00,1639.309204,0.126760,0.134192,0.695817
2019-05-28 12:00:00,1608.857178,0.152407,0.176404,0.714829
2019-05-28 13:00:00,1557.010132,0.185859,0.167643,0.718631
2019-05-28 14:00:00,1556.528931,0.224150,0.235686,0.673004
2019-05-28 15:00:00,1642.032104,0.261933,0.243733,0.513308
2019-05-28 16:00:00,1610.849976,0.276830,0.265339,0.311787
2019-05-28 17:00:00,1541.826904,0.247038,0.353550,0.136882
2019-05-28 18:00:00,1467.437622,0.193938,0.449326,0.041825
2019-05-28 19:00:00,1418.389648,0.215676,0.419007,0.045627
2019-05-28 20:00:00,1355.733398,0.338774,0.468779,0.015209
2019-05-28 21:00:00,1236.010620,0.384318,0.517289,0.000000
2019-05-28 22:00:00,1142.829712,0.378407,0.516745,0.000000
2019-05-28 23:00:00,1086.487793,0.354508,0.447567,0.000000
2019-05-29 00:00:00,1062.420410,0.344578,0.407274,0.000000
2019-05-29 01:00:00,1065.037842,0.318495,0.375998,0.000000
2019-05-29 02:00:00,1064.179077,0.310448,0.410609,0.000000
2019-05-29 03:00:00,1133.119629,0.269682,0.298508,0.030418
2019-05-29 04:00:00,1318.319580,0.245687,0.236405,0.114068
2019-05-29 05:00:00,1523.296753,0.273994,0.245106,0.269962
2019-05-29 06:00:00,1602.520752,0.287957,0.249405,0.463878
2019-05-29 07:00:00,1633.456909,0.230656,0.183186,0.653992
2019-05-29 08:00:00,1646.558105,0.182838,0.180374,0.760456
2019-05-29 09:00:00,1655.474609,0.159528,0.195484,0.817490
2019-05-29 10:00:00,1639.108032,0.151923,0.244367,0.836502
2019-05-29 11:00:00,1610.403076,0.149854,0.198822,0.836502
2019-05-29 12:00:00,1570.101929,0.138778,0.127358,0.809886
2019-05-29 13:00:00,1523.514404,0.114710,0.061088,0.733840
2019-05-29 14:00:00,1495.115723,0.089919,0.028425,0.619772
2019-05-29 15:00:00,1555.613525,0.061925,0.008364,0.471483
2019-05-29 16:00:00,1556.747192,0.045765,0.008598,0.300380
2019-05-29 17:00:00,1500.845825,0.039574,0.015212,0.129278
2019-05-29 18:00:00,1433.950806,0.041036,0.009105,0.038023
2019-05-29 19:00:00,1376.929565,0.065526,0.013888,0.003802
2019-05-29 20:00:00,1335.329834,0.096702,0.033081,0.000000
2019-05-29 21:00:00,1239.025391,0.125605,0.072289,0.000000
2019-05-29 22:00:00,1151.945557,0.179217,0.182822,0.000000
2019-05-29 23:00:00,1096.372925,0.220727,0.312804,0.000000
2019-05-30 00:00:00,1072.838989,0.297361,0.350565,0.000000
2019-05-30 01:00:00,1060.090332,0.323846,0.360558,0.000000
2019-05-30 02:00:00,1036.601563,0.355091,0.425179,0.000000
2019-05-30 03:00:00,1041.298096,0.432055,0.586656,0.034221
2019-05-30 04:00:00,1107.457275,0.505411,0.661597,0.106464
2019-05-30 05:00:00,1224.661743,0.570725,0.717400,0.186312
2019-05-30 06:00:00,1342.782104,0.598620,0.791670,0.186312
2019-05-30 07:00:00,1433.955200,0.627456,0.771915,0.243346
2019-05-30 08:00:00,1485.549194,0.632581,0.741212,0.323194
2019-05-30 09:00:00,1518.252197,0.600798,0.828914,0.418251
2019-05-30 10:00:00,1514.099609,0.622463,0.869050,0.387833
2019-05-30 11:00:00,1526.748291,0.725841,0.872255,0.319392
2019-05-30 12:00:00,1516.987305,0.719735,0.882176,0.224335
2019-05-30 13:00:00,1480.347168,0.714678,0.953940,0.155894
2019-05-30 14:00:00,1511.203003,0.700657,0.886980,0.121673
2019-05-30 15:00:00,1607.113892,0.682583,0.922430,0.083650
2019-05-30 16:00:00,1597.160522,0.613919,0.914435,0.049430
2019-05-30 17:00:00,1522.529785,0.564082,0.790106,0.030418
2019-05-30 18:00:00,1448.897949,0.498496,0.706499,0.011407
2019-05-30 19:00:00,1390.566162,0.427652,0.567228,0.007605
2019-05-30 20:00:00,1328.323608,0.407970,0.542577,0.003802
2019-05-30 21:00:00,1239.243042,0.378953,0.491419,0.000000
2019-05-30 22:00:00,1147.694214,0.346911,0.461172,0.000000
2019-05-30 23:00:00,1079.578735,0.326119,0.503628,0.000000
2019-05-31 00:00:00,1038.909058,0.294540,0.490368,0.000000
2019-05-31 01:00:00,1048.925293,0.273291,0.593682,0.000000
2019-05-31 02:00:00,1051.475952,0.331604,0.634199,0.000000
2019-05-31 03:00:00,1080.936646,0.385449,0.653863,0.003802
2019-05-31 04:00:00,1182.398682,0.373290,0.497071,0.026616
2019-05-31 05:00:00,1331.244751,0.366273,0.474911,0.053232
2019-05-31 06:00:00,1468.379517,0.348846,0.506828,0.095057
2019-05-31 07:00:00,1545.443237,0.264096,0.548495,0.171103
2019-05-31 08:00:00,1569.676514,0.161768,0.484303,0.353612
2019-05-31 09:00:00,1552.858032,0.060716,0.262844,0.524715
2019-05-31 10:00:00,1526.021729,0.035068,0.133456,0.634981
2019-05-31 11:00:00,1513.419922,0.034634,0.101153,0.688213
2019-05-31 12:00:00,1473.011230,0.035100,0.081723,0.733840
2019-05-31 13:00:00,1445.834839,0.054769,0.137501,0.714829
2019-05-31 14:00:00,1430.505859,0.069053,0.129146,0.634981
2019-05-31 15:00:00,1491.627075,0.073484,0.076495,0.460076
2019-05-31 16:00:00,1506.481079,0.069431,0.079443,0.269962
2019-05-31 17:00:00,1440.057373,0.068843,0.050953,0.125475
2019-05-31 18:00:00,1360.598145,0.078814,0.073345,0.038023
2019-05-31 19:00:00,1316.023560,0.077103,0.085438,0.007605
2019-05-31 20:00:00,1281.878296,0.071500,0.046659,0.000000
2019-05-31 21:00:00,1202.720337,0.081612,0.059283,0.000000
2019-05-31 22:00:00,1120.272705,0.119083,0.125592,0.000000
2019-05-31 23:00:00,1068.365112,0.139235,0.226684,0.000000
2019-06-01 00:00:00,1036.163086,0.197743,0.161966,0.000000
2019-06-01 01:00:00,1019.817261,0.215414,0.319927,0.000000
2019-06-01 02:00:00,990.706116,0.192812,0.153488,0.000000
2019-06-01 03:00:00,985.839844,0.230834,0.152109,0.026616
2019-06-01 04:00:00,1035.314575,0.273748,0.318546,0.076046
2019-06-01 05:00:00,1150.436401,0.348763,0.427027,0.140684
2019-06-01 06:00:00,1271.424316,0.375720,0.431811,0.171103
2019-06-01 07:00:00,1357.622559,0.347149,0.337344,0.266160
2019-06-01 08:00:00,1408.293213,0.420875,0.430424,0.410646
2019-06-01 09:00:00,1408.383789,0.457489,0.347237,0.703422
2019-06-01 10:00:00,1404.309937,0.499025,0.299163,0.570342
2019-06-01 11:00:00,1383.823975,0.550112,0.345893,0.448669
2019-06-01 12:00:00,1370.146484,0.611635,0.296586,0.456274
2019-06-01 13:00:00,1373.703735,0.656991,0.534418,0.581749
2019-06-01 14:00:00,1387.814575,0.669018,0.811985,0.593156
2019-06-01 15:00:00,1447.862061,0.623696,0.695007,0.395437
2019-06-01 16:00:00,1455.114136,0.498231,0.639810,0.247148
2019-06-01 17:00:00,1387.606201,0.303680,0.501688,0.133080
2019-06-01 18:00:00,1319.311279,0.191173,0.218251,0.041825
2019-06-01 19:00:00,1276.293823,0.144533,0.085873,0.007605
2019-06-01 20:00:00,1252.428467,0.112887,0.052449,0.003802
2019-06-01 21:00:00,1190.029541,0.128902,0.048431,0.000000
2019-06-01 22:00:00,1102.333130,0.095370,0.035069,0.000000
2019-06-01 23:00:00,1049.136841,0.081870,0.015014,0.000000
2019-06-02 00:00:00,1001.431519,0.069462,0.021640,0.000000
2019-06-02 01:00:00,993.396179,0.039578,0.007507,0.000000
2019-06-02 02:00:00,963.071594,0.025036,0.007353,0.000000
2019-06-02 03:00:00,953.589661,0.010763,0.004690,0.034221
2019-06-02 04:00:00,991.945801,0.002410,0.000326,0.110266
2019-06-02 05:00:00,1088.128662,0.003292,0.001924,0.216730
2019-06-02 06:00:00,1202.201660,0.008029,0.002705,0.361217
2019-06-02 07:00:00,1293.349731,0.015149,0.005219,0.585551
2019-06-02 08:00:00,1343.625610,0.026838,0.013283,0.718631
2019-06-02 09:00:00,1347.181030,0.041305,0.038761,0.749049
2019-06-02 10:00:00,1339.473755,0.042525,0.039067,0.787072
2019-06-02 11:00:00,1340.771606,0.049299,0.080006,0.851711
2019-06-02 12:00:00,1313.295654,0.075870,0.205324,0.855513
2019-06-02 13:00:00,1317.201050,0.124021,0.375589,0.790875
2019-06-02 14:00:00,1332.652710,0.155097,0.473593,0.676806
2019-06-02 15:00:00,1417.603149,0.183685,0.487184,0.513308
2019-06-02 16:00:00,1441.015625,0.189682,0.453250,0.300380
2019-06-02 17:00:00,1405.322632,0.201810,0.528830,0.136882
2019-06-02 18:00:00,1361.182983,0.237416,0.655287,0.053232
2019-06-02 19:00:00,1311.870972,0.330054,0.708708,0.003802
2019-06-02 20:00:00,1256.060059,0.381780,0.611362,0.000000
2019-06-02 21:00:00,1161.116211,0.415808,0.641272,0.000000
2019-06-02 22:00:00,1071.189697,0.379150,0.524345,0.000000
2019-06-02 23:00:00,1016.187622,0.312944,0.635823,0.000000
2019-06-03 00:00:00,1012.901672,0.332754,0.804870,0.000000
2019-06-03 01:00:00,1022.012024,0.390608,0.826010,0.000000
2019-06-03 02:00:00,1013.824036,0.389201,0.820897,0.003802
2019-06-03 03:00:00,1074.767944,0.300145,0.752862,0.034221
2019-06-03 04:00:00,1266.912842,0.064486,0.227494,0.106464
2019-06-03 05:00:00,1475.747559,0.028698,0.052899,0.247148
2019-06-03 06:00:00,1586.046509,0.032977,0.137820,0.429658
2019-06-03 07:00:00,1642.105591,0.079358,0.164080,0.608365
2019-06-03 08:00:00,1692.475830,0.239616,0.366783,0.631179
2019-06-03 09:00:00,1672.289307,0.162511,0.028438,0.437262
2019-06-03 10:00:00,1678.343506,0.185435,0.147797,0.475285
2019-06-03 11:00:00,1687.408081,0.272834,0.281671,0.615970
2019-06-03 12:00:00,1653.975830,0.154897,0.023675,0.437262
2019-06-03 13:00:00,1604.385620,0.083475,0.045316,0.456274
2019-06-03 14:00:00,1602.232788,0.114740,0.607847,0.422053
2019-06-03 15:00:00,1691.984009,0.132569,0.514753,0.281369
2019-06-03 16:00:00,1647.269897,0.270442,0.219202,0.152091
2019-06-03 17:00:00,1556.835938,0.191178,0.121094,0.072243
2019-06-03 18:00:00,1471.522705,0.063669,0.178262,0.019011
2019-06-03 19:00:00,1405.675903,0.068410,0.074828,0.011407
2019-06-03 20:00:00,1320.272949,0.047140,0.060421,0.007605
2019-06-03 21:00:00,1199.495972,0.017741,0.008171,0.000000
2019-06-03 22:00:00,1103.171997,0.008811,0.005226,0.000000
2019-06-03 23:00:00,1043.557129,0.003964,0.002876,0.000000
2019-06-04 00:00:00,1019.323364,0.009222,0.005400,0.000000
2019-06-04 01:00:00,1017.306519,0.013701,0.001368,0.000000
2019-06-04 02:00:00,1022.829224,0.007141,0.002564,0.000000
2019-06-04 03:00:00,1087.544922,0.006693,0.001061,0.022814
2019-06-04 04:00:00,1292.889282,0.003892,0.001356,0.095057
2019-06-04 05:00:00,1495.948853,0.005397,0.000306,0.228137
2019-06-04 06:00:00,1601.933838,0.003677,0.000041,0.403042
2019-06-04 07:00:00,1639.311890,0.004266,0.000041,0.612167
2019-06-04 08:00:00,1654.688843,0.003661,0.000041,0.760456
2019-06-04 09:00:00,1660.004395,0.002672,0.000041,0.760456
2019-06-04 10:00:00,1678.996948,0.003767,0.000041,0.718631
2019-06-04 11:00:00,1657.384399,0.005805,0.004353,0.646388
2019-06-04 12:00:00,1624.873657,0.010071,0.005692,0.536122
2019-06-04 13:00:00,1582.204468,0.009202,0.026185,0.460076
2019-06-04 14:00:00,1544.474243,0.028267,0.089061,0.380228
2019-06-04 15:00:00,1604.280273,0.039526,0.189743,0.326996
2019-06-04 16:00:00,1574.628418,0.062251,0.297967,0.235741
2019-06-04 17:00:00,1494.100830,0.060947,0.343656,0.133080
2019-06-04 18:00:00,1409.913208,0.102808,0.393488,0.049430
2019-06-04 19:00:00,1343.824585,0.197682,0.508072,0.011407
2019-06-04 20:00:00,1312.276245,0.271324,0.519721,0.007605
2019-06-04 21:00:00,1207.301880,0.290642,0.374874,0.000000
2019-06-04 22:00:00,1129.538086,0.340397,0.560501,0.000000
2019-06-04 23:00:00,1066.699341,0.324233,0.527096,0.000000
2019-06-05 00:00:00,1041.800415,0.375036,0.453998,0.000000
2019-06-05 01:00:00,1040.183350,0.452708,0.520445,0.000000
2019-06-05 02:00:00,1016.656616,0.491744,0.581375,0.000000
2019-06-05 03:00:00,1051.563599,0.521839,0.604731,0.034221
2019-06-05 04:00:00,1146.931641,0.434562,0.728015,0.102662
2019-06-05 05:00:00,1292.929932,0.262613,0.758544,0.159696
2019-06-05 06:00:00,1401.777100,0.162737,0.306593,0.319392
2019-06-05 07:00:00,1465.308716,0.103326,0.143314,0.581749
2019-06-05 08:00:00,1484.501831,0.055124,0.080674,0.752852
2019-06-05 09:00:00,1484.525391,0.026575,0.021174,0.847909
2019-06-05 10:00:00,1471.811523,0.010333,0.014345,0.885932
2019-06-05 11:00:00,1460.112305,0.010281,0.010146,0.893536
2019-06-05 12:00:00,1436.890625,0.011273,0.004829,0.855513
2019-06-05 13:00:00,1410.102539,0.017473,0.002646,0.768061
2019-06-05 14:00:00,1433.151367,0.036456,0.058436,0.650190
2019-06-05 15:00:00,1506.130859,0.048372,0.106713,0.475285
2019-06-05 16:00:00,1499.318359,0.078000,0.112678,0.288973
2019-06-05 17:00:00,1447.718994,0.133251,0.125858,0.133080
2019-06-05 18:00:00,1390.252075,0.179531,0.364268,0.045627
2019-06-05 19:00:00,1351.411621,0.255522,0.693573,0.034221
2019-06-05 20:00:00,1322.546143,0.323775,0.596510,0.011407
2019-06-05 21:00:00,1234.877808,0.353063,0.648911,0.000000
2019-06-05 22:00:00,1152.871460,0.353280,0.628574,0.000000
2019-06-05 23:00:00,1090.554199,0.345685,0.770150,0.000000
2019-06-06 00:00:00,1056.674805,0.373569,0.839490,0.000000
2019-06-06 01:00:00,1042.157959,0.339960,0.544761,0.000000
2019-06-06 02:00:00,1018.961182,0.332209,0.407932,0.000000
2019-06-06 03:00:00,1079.002075,0.311621,0.458787,0.034221
2019-06-06 04:00:00,1303.281250,0.287196,0.725061,0.110266
2019-06-06 05:00:00,1526.267578,0.246643,0.513429,0.254753
2019-06-06 06:00:00,1641.665161,0.229635,0.510704,0.433460
2019-06-06 07:00:00,1685.473022,0.222003,0.468911,0.619772
2019-06-06 08:00:00,1712.187988,0.205868,0.357092,0.752852
2019-06-06 09:00:00,1713.834961,0.264683,0.193075,0.874525
2019-06-06 10:00:00,1713.716064,0.350367,0.149078,0.916350
2019-06-06 11:00:00,1730.285645,0.333087,0.093291,0.923954
2019-06-06 12:00:00,1700.065430,0.338278,0.418759,0.855513
2019-06-06 13:00:00,1664.359863,0.276854,0.807041,0.574144
2019-06-06 14:00:00,1654.379395,0.356284,0.710974,0.338403
2019-06-06 15:00:00,1741.505249,0.451520,0.893813,0.114068
2019-06-06 16:00:00,1726.585571,0.425386,0.856792,0.034221
2019-06-06 17:00:00,1661.803711,0.394191,0.880990,0.019011
2019-06-06 18:00:00,1529.275391,0.300535,0.706923,0.011407
2019-06-06 19:00:00,1431.576538,0.235738,0.546982,0.000000
2019-06-06 20:00:00,1348.637817,0.227304,0.571140,0.000000
2019-06-06 21:00:00,1218.409546,0.234398,0.501250,0.000000
2019-06-06 22:00:00,1136.774658,0.211229,0.526651,0.000000
2019-06-06 23:00:00,1087.243530,0.210599,0.400435,0.000000
2019-06-07 00:00:00,1065.041016,0.179068,0.360865,0.000000
2019-06-07 01:00:00,1058.243652,0.156894,0.356465,0.000000
2019-06-07 02:00:00,1056.739990,0.185960,0.357121,0.000000
2019-06-07 03:00:00,1100.895752,0.139788,0.241732,0.011407
2019-06-07 04:00:00,1291.229614,0.089854,0.107887,0.038023
2019-06-07 05:00:00,1502.471313,0.042684,0.035122,0.098859
2019-06-07 06:00:00,1595.579102,0.031466,0.033739,0.190114
2019-06-07 07:00:00,1640.151978,0.027987,0.041205,0.247148
2019-06-07 08:00:00,1659.007202,0.017051,0.010931,0.296578
2019-06-07 09:00:00,1642.868408,0.008498,0.001168,0.384030
2019-06-07 10:00:00,1638.680176,0.004270,0.000816,0.471483
2019-06-07 11:00:00,1599.284546,0.004995,0.001363,0.524715
2019-06-07 12:00:00,1570.642212,0.008616,0.000416,0.524715
2019-06-07 13:00:00,1519.230957,0.017192,0.000914,0.494297
2019-06-07 14:00:00,1507.805664,0.014186,0.000294,0.406844
2019-06-07 15:00:00,1562.562012,0.011159,0.002170,0.315589
2019-06-07 16:00:00,1562.780396,0.008984,0.023882,0.216730
2019-06-07 17:00:00,1471.858398,0.011467,0.128043,0.117871
2019-06-07 18:00:00,1378.895020,0.038412,0.219055,0.045627
2019-06-07 19:00:00,1315.860229,0.116370,0.294774,0.007605
2019-06-07 20:00:00,1282.239990,0.197433,0.421172,0.003802
2019-06-07 21:00:00,1218.549194,0.240566,0.503847,0.000000
2019-06-07 22:00:00,1126.979004,0.291663,0.465164,0.000000
2019-06-07 23:00:00,1081.595947,0.314827,0.528543,0.000000
2019-06-08 00:00:00,1033.255859,0.266292,0.432757,0.000000
2019-06-08 01:00:00,1010.293640,0.191372,0.043594,0.000000
2019-06-08 02:00:00,986.559021,0.141296,0.087644,0.000000
2019-06-08 03:00:00,981.415039,0.166554,0.229346,0.015209
2019-06-08 04:00:00,1044.766357,0.260782,0.331699,0.026616
2019-06-08 05:00:00,1152.578003,0.340835,0.583044,0.057034
2019-06-08 06:00:00,1289.285522,0.413252,0.802750,0.140684
2019-06-08 07:00:00,1391.671875,0.444545,0.806414,0.288973
2019-06-08 08:00:00,1453.120605,0.485226,0.815114,0.482890
2019-06-08 09:00:00,1449.666138,0.579303,0.851238,0.684411
2019-06-08 10:00:00,1444.677979,0.664189,0.770447,0.673004
2019-06-08 11:00:00,1458.443970,0.727725,0.765306,0.673004
2019-06-08 12:00:00,1450.717041,0.773739,0.773958,0.585551
2019-06-08 13:00:00,1415.974731,0.755903,0.843995,0.539924
2019-06-08 14:00:00,1430.116699,0.720815,0.914341,0.384030
2019-06-08 15:00:00,1468.673584,0.625785,0.563520,0.220532
2019-06-08 16:00:00,1477.573486,0.521107,0.657399,0.171103
2019-06-08 17:00:00,1418.472046,0.532623,0.630204,0.091255
2019-06-08 18:00:00,1354.786255,0.534203,0.726116,0.030418
2019-06-08 19:00:00,1306.422974,0.522683,0.651458,0.003802
2019-06-08 20:00:00,1282.217407,0.564990,0.567042,0.007605
2019-06-08 21:00:00,1206.746948,0.541516,0.473503,0.003802
2019-06-08 22:00:00,1126.910767,0.515777,0.518884,0.000000
2019-06-08 23:00:00,1067.140625,0.547007,0.736177,0.000000
2019-06-09 00:00:00,1029.784302,0.596902,0.843877,0.000000
2019-06-09 01:00:00,1017.959900,0.622728,0.914461,0.000000
2019-06-09 02:00:00,983.246704,0.636918,0.908852,0.000000
2019-06-09 03:00:00,979.208923,0.598602,0.856449,0.034221
2019-06-09 04:00:00,1017.906860,0.647068,0.880169,0.114068
2019-06-09 05:00:00,1112.698120,0.712409,0.896854,0.254753
2019-06-09 06:00:00,1224.185669,0.740674,0.797388,0.399240
2019-06-09 07:00:00,1299.807861,0.697936,0.597157,0.547529
2019-06-09 08:00:00,1333.400513,0.621271,0.421557,0.676806
2019-06-09 09:00:00,1338.785400,0.522712,0.307910,0.730038
2019-06-09 10:00:00,1320.502197,0.390293,0.240010,0.745247
2019-06-09 11:00:00,1297.482666,0.283526,0.153240,0.707224
2019-06-09 12:00:00,1274.123535,0.183413,0.108834,0.692015
2019-06-09 13:00:00,1277.718750,0.113759,0.029014,0.684411
2019-06-09 14:00:00,1283.391846,0.079833,0.025083,0.596958
2019-06-09 15:00:00,1371.597290,0.040694,0.023764,0.486692
2019-06-09 16:00:00,1386.054932,0.023183,0.011648,0.307985
2019-06-09 17:00:00,1328.653442,0.012988,0.012546,0.148289
2019-06-09 18:00:00,1277.220825,0.007618,0.008143,0.053232
2019-06-09 19:00:00,1235.233765,0.011640,0.046720,0.011407
2019-06-09 20:00:00,1221.651978,0.035845,0.096173,0.000000
2019-06-09 21:00:00,1157.787476,0.037829,0.094704,0.000000
2019-06-09 22:00:00,1078.485718,0.043385,0.108824,0.000000
2019-06-09 23:00:00,1017.718140,0.065369,0.167941,0.000000
2019-06-10 00:00:00,980.436096,0.089662,0.269786,0.000000
2019-06-10 01:00:00,974.315002,0.125350,0.473506,0.000000
2019-06-10 02:00:00,958.127747,0.152605,0.558218,0.000000
2019-06-10 03:00:00,974.776001,0.190646,0.670163,0.019011
2019-06-10 04:00:00,1033.403687,0.222343,0.799700,0.060837
2019-06-10 05:00:00,1117.698975,0.237024,0.813687,0.106464
2019-06-10 06:00:00,1246.118286,0.268030,0.807916,0.178707
2019-06-10 07:00:00,1350.776001,0.284597,0.820294,0.224335
2019-06-10 08:00:00,1435.699585,0.301454,0.740696,0.258555
2019-06-10 09:00:00,1452.481079,0.302297,0.483388,0.315589
2019-06-10 10:00:00,1451.342773,0.335454,0.467945,0.429658
2019-06-10 11:00:00,1431.963013,0.377070,0.442559,0.437262
2019-06-10 12:00:00,1415.753052,0.375271,0.541740,0.418251
2019-06-10 13:00:00,1407.779663,0.369429,0.846768,0.346008
2019-06-10 14:00:00,1430.152710,0.453103,0.881570,0.326996
2019-06-10 15:00:00,1519.931519,0.467094,0.876378,0.247148
2019-06-10 16:00:00,1525.520630,0.477114,0.889294,0.212928
2019-06-10 17:00:00,1445.712891,0.443648,0.881514,0.140684
2019-06-10 18:00:00,1365.722168,0.285530,0.748626,0.049430
2019-06-10 19:00:00,1307.887085,0.255348,0.813516,0.003802
2019-06-10 20:00:00,1282.660034,0.340845,0.855841,0.000000
2019-06-10 21:00:00,1191.307495,0.352429,0.825147,0.000000
2019-06-10 22:00:00,1108.287964,0.351290,0.737087,0.000000
2019-06-10 23:00:00,1041.414917,0.316800,0.699414,0.000000
2019-06-11 00:00:00,1026.251465,0.362684,0.694249,0.000000
2019-06-11 01:00:00,1030.628906,0.324316,0.724936,0.000000
2019-06-11 02:00:00,1028.282104,0.247018,0.676491,0.000000
2019-06-11 03:00:00,1089.096191,0.189927,0.541004,0.011407
2019-06-11 04:00:00,1305.247925,0.198649,0.513503,0.030418
2019-06-11 05:00:00,1521.517822,0.185143,0.583709,0.102662
2019-06-11 06:00:00,1651.287476,0.180102,0.430594,0.235741
2019-06-11 07:00:00,1675.652832,0.153878,0.296715,0.410646
2019-06-11 08:00:00,1695.556641,0.141269,0.212879,0.619772
2019-06-11 09:00:00,1696.790527,0.159262,0.107915,0.726236
2019-06-11 10:00:00,1689.090088,0.202310,0.166564,0.802281
2019-06-11 11:00:00,1701.786865,0.243511,0.083785,0.840304
2019-06-11 12:00:00,1704.649780,0.208378,0.052532,0.730038
2019-06-11 13:00:00,1666.999756,0.189032,0.063646,0.513308
2019-06-11 14:00:00,1641.637939,0.169648,0.081585,0.342205
2019-06-11 15:00:00,1712.973267,0.144858,0.054205,0.197719
2019-06-11 16:00:00,1679.874756,0.112804,0.037774,0.163498
2019-06-11 17:00:00,1564.674561,0.087924,0.031454,0.098859
2019-06-11 18:00:00,1469.183105,0.078038,0.022184,0.034221
2019-06-11 19:00:00,1389.643799,0.084989,0.071287,0.003802
2019-06-11 20:00:00,1333.050659,0.127054,0.235835,0.000000
2019-06-11 21:00:00,1223.873535,0.188484,0.651493,0.000000
2019-06-11 22:00:00,1136.627197,0.164327,0.446647,0.000000
2019-06-11 23:00:00,1080.416016,0.102165,0.353413,0.000000
2019-06-12 00:00:00,1055.381836,0.102630,0.309110,0.000000
2019-06-12 01:00:00,1045.811523,0.085028,0.179376,0.000000
2019-06-12 02:00:00,1067.442261,0.111634,0.051636,0.000000
2019-06-12 03:00:00,1135.675537,0.137126,0.448389,0.000000
2019-06-12 04:00:00,1300.268433,0.283819,0.254083,0.019011
2019-06-12 05:00:00,1515.855347,0.247611,0.248319,0.114068
2019-06-12 06:00:00,1641.300171,0.209040,0.188054,0.269962
2019-06-12 07:00:00,1683.651367,0.259096,0.612974,0.422053
2019-06-12 08:00:00,1727.190674,0.326623,0.720768,0.494297
2019-06-12 09:00:00,1739.551514,0.412149,0.662869,0.467681
2019-06-12 10:00:00,1715.276978,0.421248,0.659741,0.425856
2019-06-12 11:00:00,1706.746216,0.369468,0.545748,0.391635
2019-06-12 12:00:00,1684.452637,0.287960,0.509080,0.460076
2019-06-12 13:00:00,1661.787842,0.242617,0.567521,0.433460
2019-06-12 14:00:00,1646.743164,0.220546,0.486957,0.357414
2019-06-12 15:00:00,1704.929077,0.232676,0.465073,0.273764
2019-06-12 16:00:00,1672.471924,0.145138,0.337688,0.186312
2019-06-12 17:00:00,1579.514771,0.094197,0.079394,0.083650
2019-06-12 18:00:00,1484.305542,0.096624,0.037924,0.019011
2019-06-12 19:00:00,1415.783081,0.140920,0.080478,0.000000
2019-06-12 20:00:00,1344.035645,0.171034,0.104551,0.000000
2019-06-12 21:00:00,1227.255981,0.123276,0.060484,0.000000
2019-06-12 22:00:00,1134.436646,0.131407,0.115186,0.000000
2019-06-12 23:00:00,1077.250610,0.257867,0.269485,0.000000
2019-06-13 00:00:00,1047.753662,0.243213,0.253544,0.000000
2019-06-13 01:00:00,1037.326416,0.142707,0.162757,0.000000
2019-06-13 02:00:00,1035.845459,0.133498,0.116366,0.000000
2019-06-13 03:00:00,1096.952515,0.137666,0.193608,0.026616
2019-06-13 04:00:00,1287.138794,0.130114,0.141380,0.102662
2019-06-13 05:00:00,1507.154175,0.094472,0.140165,0.190114
2019-06-13 06:00:00,1614.350586,0.090335,0.189670,0.346008
2019-06-13 07:00:00,1654.662231,0.093558,0.220173,0.574144
2019-06-13 08:00:00,1670.981567,0.080553,0.246868,0.684411
2019-06-13 09:00:00,1667.121094,0.093941,0.156219,0.775665
2019-06-13 10:00:00,1658.661987,0.125144,0.117034,0.866920
2019-06-13 11:00:00,1660.648560,0.176291,0.102625,0.882129
2019-06-13 12:00:00,1629.819458,0.183248,0.060110,0.866920
2019-06-13 13:00:00,1569.075928,0.167792,0.055926,0.802281
2019-06-13 14:00:00,1573.185425,0.138875,0.085694,0.676806
2019-06-13 15:00:00,1607.931519,0.123361,0.070945,0.452471
2019-06-13 16:00:00,1604.989136,0.104178,0.110034,0.250951
2019-06-13 17:00:00,1530.949097,0.063853,0.071535,0.117871
2019-06-13 18:00:00,1448.173096,0.061270,0.041651,0.038023
2019-06-13 19:00:00,1379.276733,0.064761,0.045896,0.003802
2019-06-13 20:00:00,1310.609497,0.071160,0.019737,0.000000
2019-06-13 21:00:00,1203.141602,0.083280,0.006737,0.000000
2019-06-13 22:00:00,1113.655396,0.234977,0.206311,0.000000
2019-06-13 23:00:00,1068.927002,0.289848,0.569536,0.000000
2019-06-14 00:00:00,1039.695801,0.213101,0.339524,0.000000
2019-06-14 01:00:00,1036.880981,0.152848,0.260762,0.000000
2019-06-14 02:00:00,1029.962280,0.119255,0.209786,0.000000
2019-06-14 03:00:00,1094.566650,0.096823,0.119680,0.030418
2019-06-14 04:00:00,1292.211792,0.066307,0.130411,0.106464
2019-06-14 05:00:00,1511.198608,0.054651,0.106797,0.258555
2019-06-14 06:00:00,1610.437378,0.041943,0.093082,0.452471
2019-06-14 07:00:00,1655.060791,0.041447,0.059809,0.623574
2019-06-14 08:00:00,1669.114380,0.053903,0.117730,0.802281
2019-06-14 09:00:00,1671.768921,0.092963,0.103389,0.912548
2019-06-14 10:00:00,1653.217163,0.103665,0.078199,0.950570
2019-06-14 11:00:00,1622.945435,0.146105,0.114034,0.958175
2019-06-14 12:00:00,1601.886230,0.208757,0.177028,0.870722
2019-06-14 13:00:00,1564.749268,0.222914,0.176719,0.631179
2019-06-14 14:00:00,1559.579102,0.215443,0.394995,0.433460
2019-06-14 15:00:00,1595.809692,0.201388,0.468032,0.292776
2019-06-14 16:00:00,1574.639526,0.183806,0.629656,0.117871
2019-06-14 17:00:00,1498.071899,0.136669,0.646847,0.053232
2019-06-14 18:00:00,1408.896118,0.125573,0.218849,0.019011
2019-06-14 19:00:00,1349.628540,0.231391,0.304393,0.003802
2019-06-14 20:00:00,1285.343384,0.295061,0.303813,0.000000
2019-06-14 21:00:00,1206.912598,0.311867,0.256370,0.000000
2019-06-14 22:00:00,1111.750122,0.354006,0.243744,0.000000
2019-06-14 23:00:00,1051.830078,0.325383,0.193860,0.000000
2019-06-15 00:00:00,1016.681396,0.250150,0.188143,0.000000
2019-06-15 01:00:00,994.970215,0.210647,0.315211,0.000000
2019-06-15 02:00:00,968.533447,0.224385,0.340028,0.003802
2019-06-15 03:00:00,981.333740,0.224363,0.491511,0.026616
2019-06-15 04:00:00,1037.334595,0.221662,0.700696,0.087452
2019-06-15 05:00:00,1158.418945,0.228079,0.731682,0.167300
2019-06-15 06:00:00,1304.583008,0.262386,0.564926,0.190114
2019-06-15 07:00:00,1403.221069,0.244264,0.277931,0.171103
2019-06-15 08:00:00,1451.812500,0.185715,0.427271,0.174905
2019-06-15 09:00:00,1461.999756,0.311093,0.363787,0.167300
2019-06-15 10:00:00,1497.613892,0.508333,0.827179,0.045627
2019-06-15 11:00:00,1511.966309,0.695216,0.902511,0.064639
2019-06-15 12:00:00,1525.347778,0.698554,0.943500,0.228137
2019-06-15 13:00:00,1506.741821,0.670621,0.978583,0.326996
2019-06-15 14:00:00,1463.516602,0.627235,0.706780,0.414449
2019-06-15 15:00:00,1496.843384,0.536380,0.657262,0.269962
2019-06-15 16:00:00,1507.132935,0.367800,0.478891,0.106464
2019-06-15 17:00:00,1440.753784,0.168461,0.145997,0.064639
2019-06-15 18:00:00,1355.339966,0.075449,0.027824,0.026616
2019-06-15 19:00:00,1296.575684,0.065070,0.018535,0.003802
2019-06-15 20:00:00,1260.461548,0.076956,0.030280,0.000000
2019-06-15 21:00:00,1185.592285,0.197737,0.365821,0.000000
2019-06-15 22:00:00,1121.895508,0.302780,0.660625,0.000000
2019-06-15 23:00:00,1065.400757,0.299435,0.672836,0.000000
2019-06-16 00:00:00,1019.186707,0.297722,0.605027,0.000000
2019-06-16 01:00:00,1004.708374,0.294145,0.607250,0.000000
2019-06-16 02:00:00,987.054810,0.291539,0.626767,0.000000
2019-06-16 03:00:00,970.919861,0.290404,0.572032,0.015209
2019-06-16 04:00:00,1007.933777,0.246027,0.495120,0.064639
2019-06-16 05:00:00,1111.979248,0.234803,0.344856,0.167300
2019-06-16 06:00:00,1234.937012,0.194075,0.219315,0.323194
2019-06-16 07:00:00,1326.043579,0.239668,0.210124,0.524715
2019-06-16 08:00:00,1381.630737,0.253549,0.191937,0.749049
2019-06-16 09:00:00,1396.689941,0.234457,0.129183,0.851711
2019-06-16 10:00:00,1385.984741,0.198299,0.109206,0.874525
2019-06-16 11:00:00,1364.195435,0.177562,0.100852,0.878327
2019-06-16 12:00:00,1349.380127,0.151441,0.061276,0.794677
2019-06-16 13:00:00,1342.969849,0.111660,0.052682,0.692015
2019-06-16 14:00:00,1357.198120,0.086568,0.026548,0.498099
2019-06-16 15:00:00,1444.437378,0.066750,0.019083,0.323194
2019-06-16 16:00:00,1480.423340,0.047607,0.018989,0.285171
2019-06-16 17:00:00,1413.122314,0.034340,0.014855,0.163498
2019-06-16 18:00:00,1344.044189,0.018411,0.008305,0.064639
2019-06-16 19:00:00,1278.174805,0.033218,0.006262,0.007605
2019-06-16 20:00:00,1225.868042,0.053656,0.000811,0.000000
2019-06-16 21:00:00,1140.225708,0.054332,0.019047,0.000000
2019-06-16 22:00:00,1075.152100,0.069738,0.113529,0.000000
2019-06-16 23:00:00,1034.015137,0.064343,0.056554,0.000000
2019-06-17 00:00:00,1007.008850,0.070743,0.072620,0.000000
2019-06-17 01:00:00,1003.948608,0.054889,0.062552,0.000000
2019-06-17 02:00:00,999.090454,0.047877,0.049813,0.003802
2019-06-17 03:00:00,1070.011353,0.027273,0.017367,0.026616
2019-06-17 04:00:00,1275.219116,0.016665,0.002451,0.102662
2019-06-17 05:00:00,1484.216064,0.005930,0.000497,0.258555
2019-06-17 06:00:00,1585.923584,0.005718,0.001757,0.452471
2019-06-17 07:00:00,1628.906372,0.017189,0.019743,0.627376
2019-06-17 08:00:00,1653.595215,0.052216,0.017798,0.714829
2019-06-17 09:00:00,1648.850708,0.090665,0.020660,0.714829
2019-06-17 10:00:00,1650.709717,0.108369,0.013238,0.749049
2019-06-17 11:00:00,1652.001465,0.088213,0.009958,0.768061
2019-06-17 12:00:00,1623.899292,0.061863,0.016747,0.764259
2019-06-17 13:00:00,1598.708374,0.036446,0.015373,0.699620
2019-06-17 14:00:00,1596.939941,0.027017,0.011019,0.619772
2019-06-17 15:00:00,1650.655762,0.019416,0.005166,0.475285
2019-06-17 16:00:00,1609.926392,0.009607,0.004339,0.292776
2019-06-17 17:00:00,1529.334473,0.005200,0.013619,0.140684
2019-06-17 18:00:00,1449.786499,0.004760,0.026573,0.049430
2019-06-17 19:00:00,1369.571167,0.021478,0.043092,0.007605
2019-06-17 20:00:00,1297.459106,0.051381,0.093595,0.000000
2019-06-17 21:00:00,1206.030029,0.120048,0.259923,0.000000
2019-06-17 22:00:00,1129.701416,0.207977,0.382118,0.000000
2019-06-17 23:00:00,1064.356445,0.255942,0.421044,0.000000
2019-06-18 00:00:00,1040.304688,0.280267,0.439580,0.000000
2019-06-18 01:00:00,1046.155518,0.287166,0.455032,0.000000
2019-06-18 02:00:00,1027.841797,0.281819,0.443461,0.003802
2019-06-18 03:00:00,1100.000366,0.278022,0.466689,0.034221
2019-06-18 04:00:00,1313.400146,0.279055,0.472037,0.110266
2019-06-18 05:00:00,1521.069824,0.256956,0.316798,0.231939
2019-06-18 06:00:00,1621.197144,0.245488,0.266105,0.395437
2019-06-18 07:00:00,1655.197266,0.217294,0.178834,0.517110
2019-06-18 08:00:00,1663.747314,0.182245,0.174411,0.650190
2019-06-18 09:00:00,1660.965698,0.166222,0.155438,0.760456
2019-06-18 10:00:00,1664.658936,0.156872,0.111511,0.840304
2019-06-18 11:00:00,1677.622070,0.160738,0.105653,0.866920
2019-06-18 12:00:00,1660.780518,0.174313,0.112789,0.863118
2019-06-18 13:00:00,1631.243164,0.188673,0.117311,0.809886
2019-06-18 14:00:00,1621.384521,0.204236,0.107287,0.680608
2019-06-18 15:00:00,1652.781006,0.157149,0.100591,0.448669
2019-06-18 16:00:00,1630.401123,0.115924,0.098941,0.250951
2019-06-18 17:00:00,1547.924927,0.093876,0.102642,0.095057
2019-06-18 18:00:00,1454.183960,0.207805,0.150087,0.030418
2019-06-18 19:00:00,1381.749268,0.164833,0.144130,0.003802
2019-06-18 20:00:00,1315.357666,0.131431,0.157438,0.000000
2019-06-18 21:00:00,1207.906860,0.139630,0.086741,0.000000
2019-06-18 22:00:00,1116.609863,0.112305,0.080524,0.000000
2019-06-18 23:00:00,1062.824585,0.126786,0.077646,0.000000
2019-06-19 00:00:00,1035.975586,0.078090,0.068302,0.000000
2019-06-19 01:00:00,1027.726440,0.067035,0.086074,0.000000
2019-06-19 02:00:00,1026.477173,0.093343,0.088666,0.000000
2019-06-19 03:00:00,1099.271851,0.118785,0.060143,0.022814
2019-06-19 04:00:00,1295.208374,0.091833,0.068835,0.087452
2019-06-19 05:00:00,1518.423096,0.037086,0.069809,0.228137
2019-06-19 06:00:00,1642.071411,0.020979,0.056591,0.357414
2019-06-19 07:00:00,1691.501587,0.017926,0.057043,0.513308
2019-06-19 08:00:00,1715.145386,0.009333,0.041966,0.657795
2019-06-19 09:00:00,1720.707397,0.012756,0.052477,0.714829
2019-06-19 10:00:00,1693.347290,0.045642,0.109337,0.821293
2019-06-19 11:00:00,1684.522949,0.113731,0.159013,0.870722
2019-06-19 12:00:00,1666.700195,0.210512,0.206149,0.885932
2019-06-19 13:00:00,1649.298828,0.302419,0.195867,0.821293
2019-06-19 14:00:00,1646.324829,0.335651,0.295137,0.703422
2019-06-19 15:00:00,1676.279785,0.263773,0.274905,0.475285
2019-06-19 16:00:00,1640.924683,0.195537,0.319038,0.231939
2019-06-19 17:00:00,1561.527222,0.197163,0.347879,0.098859
2019-06-19 18:00:00,1476.756226,0.271019,0.306987,0.030418
2019-06-19 19:00:00,1407.774536,0.333774,0.194946,0.003802
2019-06-19 20:00:00,1348.186035,0.204785,0.080854,0.000000
2019-06-19 21:00:00,1224.852295,0.094032,0.040683,0.000000
2019-06-19 22:00:00,1138.253540,0.024105,0.018119,0.000000
2019-06-19 23:00:00,1080.645142,0.037670,0.014450,0.000000
2019-06-20 00:00:00,1050.475586,0.146453,0.089013,0.000000
2019-06-20 01:00:00,1042.585693,0.067081,0.024300,0.000000
2019-06-20 02:00:00,1033.374634,0.047111,0.080138,0.000000
2019-06-20 03:00:00,1107.397461,0.028373,0.079070,0.030418
2019-06-20 04:00:00,1296.440796,0.056579,0.204085,0.091255
2019-06-20 05:00:00,1516.614136,0.080558,0.096284,0.174905
2019-06-20 06:00:00,1620.107788,0.094350,0.047420,0.330798
2019-06-20 07:00:00,1664.456177,0.098915,0.058253,0.509506
2019-06-20 08:00:00,1715.623901,0.153613,0.069667,0.589354
2019-06-20 09:00:00,1723.347046,0.171122,0.039208,0.650190
2019-06-20 10:00:00,1727.150391,0.185905,0.039735,0.673004
2019-06-20 11:00:00,1733.920532,0.205452,0.058229,0.650190
2019-06-20 12:00:00,1699.356323,0.332841,0.143670,0.566540
2019-06-20 13:00:00,1655.389160,0.388768,0.219230,0.509506
2019-06-20 14:00:00,1621.370117,0.391003,0.391065,0.513308
2019-06-20 15:00:00,1668.308838,0.307634,0.295390,0.456274
2019-06-20 16:00:00,1626.547485,0.273971,0.162189,0.315589
2019-06-20 17:00:00,1543.850952,0.157719,0.080402,0.148289
2019-06-20 18:00:00,1475.970459,0.083204,0.047747,0.053232
2019-06-20 19:00:00,1381.883057,0.057388,0.037572,0.011407
2019-06-20 20:00:00,1303.244629,0.048367,0.015222,0.000000
2019-06-20 21:00:00,1208.640381,0.041011,0.010416,0.000000
2019-06-20 22:00:00,1123.508545,0.039531,0.021023,0.000000
2019-06-20 23:00:00,1065.040161,0.036174,0.009224,0.000000
2019-06-21 00:00:00,1037.260010,0.028908,0.012318,0.000000
2019-06-21 01:00:00,1031.388428,0.032898,0.020748,0.000000
2019-06-21 02:00:00,1027.558960,0.042894,0.038934,0.000000
2019-06-21 03:00:00,1099.455688,0.040432,0.078391,0.019011
2019-06-21 04:00:00,1293.063232,0.027554,0.057845,0.083650
2019-06-21 05:00:00,1484.457886,0.023545,0.041308,0.209125
2019-06-21 06:00:00,1583.804565,0.029507,0.053063,0.387833
2019-06-21 07:00:00,1625.402222,0.037975,0.039795,0.555133
2019-06-21 08:00:00,1641.298096,0.051677,0.034122,0.642586
2019-06-21 09:00:00,1670.890137,0.067793,0.010016,0.752852
2019-06-21 10:00:00,1665.908691,0.117948,0.007738,0.699620
2019-06-21 11:00:00,1628.975708,0.147164,0.015667,0.547529
2019-06-21 12:00:00,1594.925171,0.159732,0.029452,0.532319
2019-06-21 13:00:00,1530.321411,0.176770,0.022984,0.650190
2019-06-21 14:00:00,1518.658325,0.177967,0.042751,0.631179
2019-06-21 15:00:00,1550.583374,0.205276,0.068818,0.490494
2019-06-21 16:00:00,1541.117065,0.263319,0.143176,0.319392
2019-06-21 17:00:00,1466.169922,0.268732,0.266333,0.148289
2019-06-21 18:00:00,1382.595703,0.223552,0.249260,0.060837
2019-06-21 19:00:00,1317.834473,0.190747,0.157874,0.011407
2019-06-21 20:00:00,1263.980103,0.177389,0.210777,0.000000
2019-06-21 21:00:00,1200.038574,0.148525,0.230683,0.000000
2019-06-21 22:00:00,1111.816284,0.129027,0.119842,0.000000
2019-06-21 23:00:00,1048.705688,0.114182,0.096026,0.000000
2019-06-22 00:00:00,1012.924622,0.101392,0.120464,0.000000
2019-06-22 01:00:00,994.255066,0.078104,0.120637,0.000000
2019-06-22 02:00:00,961.096924,0.061367,0.098389,0.003802
2019-06-22 03:00:00,960.338257,0.047151,0.080934,0.030418
2019-06-22 04:00:00,1026.796509,0.042803,0.082227,0.106464
2019-06-22 05:00:00,1143.152100,0.044844,0.066713,0.254753
2019-06-22 06:00:00,1259.618530,0.041971,0.033296,0.406844
2019-06-22 07:00:00,1343.782227,0.025826,0.010822,0.574144
2019-06-22 08:00:00,1379.050415,0.015899,0.006760,0.673004
2019-06-22 09:00:00,1392.443726,0.010848,0.002212,0.775665
2019-06-22 10:00:00,1390.993774,0.012408,0.000775,0.855513
2019-06-22 11:00:00,1356.879883,0.015480,0.000580,0.855513
2019-06-22 12:00:00,1333.554321,0.014957,0.001869,0.817490
2019-06-22 13:00:00,1316.461670,0.017396,0.004054,0.783270
2019-06-22 14:00:00,1314.183838,0.017425,0.006734,0.688213
2019-06-22 15:00:00,1375.033203,0.012266,0.007552,0.547529
2019-06-22 16:00:00,1387.437622,0.013294,0.003359,0.346008
2019-06-22 17:00:00,1344.962769,0.016511,0.005373,0.167300
2019-06-22 18:00:00,1289.830200,0.013384,0.006217,0.053232
2019-06-22 19:00:00,1239.289917,0.009981,0.008124,0.011407
2019-06-22 20:00:00,1211.866333,0.008418,0.009011,0.000000
2019-06-22 21:00:00,1159.493530,0.014951,0.021618,0.000000
2019-06-22 22:00:00,1077.670166,0.026480,0.032870,0.000000
2019-06-22 23:00:00,1017.248657,0.028100,0.049138,0.000000
2019-06-23 00:00:00,984.387817,0.036794,0.062127,0.000000
2019-06-23 01:00:00,960.845886,0.058132,0.074909,0.000000
2019-06-23 02:00:00,923.368286,0.081260,0.101729,0.000000
2019-06-23 03:00:00,918.694763,0.081502,0.107089,0.026616
2019-06-23 04:00:00,981.942505,0.080033,0.131686,0.106464
2019-06-23 05:00:00,1085.109253,0.052855,0.173658,0.258555
2019-06-23 06:00:00,1197.627197,0.047009,0.158873,0.452471
2019-06-23 07:00:00,1288.990234,0.038718,0.119826,0.646388
2019-06-23 08:00:00,1340.418091,0.031255,0.116390,0.794677
2019-06-23 09:00:00,1353.117554,0.028853,0.114440,0.870722
2019-06-23 10:00:00,1358.233032,0.028586,0.112935,0.901141
2019-06-23 11:00:00,1356.303101,0.040966,0.104275,0.908745
2019-06-23 12:00:00,1326.584595,0.048141,0.111102,0.882129
2019-06-23 13:00:00,1309.118408,0.041957,0.140964,0.821293
2019-06-23 14:00:00,1323.056885,0.044877,0.145885,0.703422
2019-06-23 15:00:00,1379.982788,0.045303,0.178788,0.524715
2019-06-23 16:00:00,1366.678955,0.040084,0.181683,0.323194
2019-06-23 17:00:00,1304.660645,0.039945,0.135010,0.144487
2019-06-23 18:00:00,1266.060181,0.041960,0.146260,0.049430
2019-06-23 19:00:00,1220.278198,0.047519,0.179525,0.011407
2019-06-23 20:00:00,1208.458252,0.054104,0.169564,0.000000
2019-06-23 21:00:00,1150.812378,0.061932,0.116327,0.000000
2019-06-23 22:00:00,1073.555054,0.059905,0.105664,0.000000
2019-06-23 23:00:00,1009.909424,0.069555,0.075708,0.000000
2019-06-24 00:00:00,985.775757,0.074512,0.067605,0.000000
2019-06-24 01:00:00,980.091797,0.091069,0.077875,0.000000
2019-06-24 02:00:00,986.161682,0.095355,0.100895,0.000000
2019-06-24 03:00:00,1055.136597,0.103752,0.120295,0.038023
2019-06-24 04:00:00,1251.305542,0.079676,0.099683,0.114068
2019-06-24 05:00:00,1469.285645,0.046466,0.104882,0.247148
2019-06-24 06:00:00,1570.353516,0.027110,0.120973,0.384030
2019-06-24 07:00:00,1615.799683,0.046750,0.128239,0.581749
2019-06-24 08:00:00,1646.454346,0.061160,0.152049,0.775665
2019-06-24 09:00:00,1651.908813,0.058559,0.154244,0.874525
2019-06-24 10:00:00,1646.911133,0.049785,0.107391,0.870722
2019-06-24 11:00:00,1646.903320,0.075540,0.151667,0.844106
2019-06-24 12:00:00,1623.744507,0.084255,0.213686,0.859316
2019-06-24 13:00:00,1583.307495,0.137408,0.302686,0.813688
2019-06-24 14:00:00,1598.567627,0.210561,0.421397,0.669202
2019-06-24 15:00:00,1678.021362,0.253479,0.515110,0.486692
2019-06-24 16:00:00,1650.590942,0.288440,0.667200,0.315589
2019-06-24 17:00:00,1558.113403,0.260558,0.654488,0.152091
2019-06-24 18:00:00,1443.179810,0.260068,0.513536,0.057034
2019-06-24 19:00:00,1359.594238,0.344383,0.504882,0.022814
2019-06-24 20:00:00,1303.179932,0.367801,0.531958,0.000000
2019-06-24 21:00:00,1205.151001,0.392970,0.515471,0.000000
2019-06-24 22:00:00,1123.584961,0.341249,0.494393,0.000000
2019-06-24 23:00:00,1064.659302,0.286628,0.346441,0.000000
2019-06-25 00:00:00,1041.284790,0.272229,0.230170,0.000000
2019-06-25 01:00:00,1028.554932,0.269924,0.183476,0.000000
2019-06-25 02:00:00,1016.290771,0.236140,0.217413,0.000000
2019-06-25 03:00:00,1100.958740,0.221838,0.204369,0.030418
2019-06-25 04:00:00,1300.808228,0.154170,0.143408,0.106464
2019-06-25 05:00:00,1510.611816,0.104458,0.072283,0.228137
2019-06-25 06:00:00,1621.967407,0.089396,0.057460,0.406844
2019-06-25 07:00:00,1664.653931,0.073855,0.064050,0.596958
2019-06-25 08:00:00,1693.155518,0.057595,0.054386,0.733840
2019-06-25 09:00:00,1699.954224,0.056136,0.066299,0.779468
2019-06-25 10:00:00,1726.452026,0.063303,0.103592,0.760456
2019-06-25 11:00:00,1702.037598,0.094166,0.102743,0.760456
2019-06-25 12:00:00,1675.532837,0.138990,0.152004,0.806084
2019-06-25 13:00:00,1652.285645,0.160954,0.142041,0.779468
2019-06-25 14:00:00,1642.078491,0.156994,0.127850,0.669202
2019-06-25 15:00:00,1690.120483,0.125897,0.141512,0.498099
2019-06-25 16:00:00,1668.594360,0.103385,0.138686,0.300380
2019-06-25 17:00:00,1590.478882,0.091579,0.166509,0.152091
2019-06-25 18:00:00,1500.572754,0.096097,0.232507,0.060837
2019-06-25 19:00:00,1426.933960,0.137533,0.329973,0.007605
2019-06-25 20:00:00,1371.259521,0.183118,0.434668,0.000000
2019-06-25 21:00:00,1270.476318,0.251144,0.451488,0.000000
2019-06-25 22:00:00,1149.561157,0.256886,0.431412,0.000000
2019-06-25 23:00:00,1082.279297,0.222730,0.316780,0.000000
2019-06-26 00:00:00,1056.131470,0.177575,0.210187,0.000000
2019-06-26 01:00:00,1052.768555,0.123946,0.112668,0.000000
2019-06-26 02:00:00,1042.455933,0.080444,0.087952,0.000000
2019-06-26 03:00:00,1112.359497,0.061437,0.100273,0.030418
2019-06-26 04:00:00,1310.491821,0.046208,0.075836,0.102662
2019-06-26 05:00:00,1533.087769,0.041668,0.075542,0.209125
2019-06-26 06:00:00,1653.303833,0.032742,0.050333,0.380228
2019-06-26 07:00:00,1726.488281,0.060044,0.084435,0.539924
2019-06-26 08:00:00,1754.471924,0.053618,0.138858,0.650190
2019-06-26 09:00:00,1738.448120,0.184826,0.302362,0.794677
2019-06-26 10:00:00,1744.831665,0.295986,0.428989,0.874525
2019-06-26 11:00:00,1763.026611,0.386226,0.604045,0.908745
2019-06-26 12:00:00,1735.927246,0.438245,0.698343,0.836502
2019-06-26 13:00:00,1699.843018,0.502539,0.681536,0.638783
2019-06-26 14:00:00,1660.298340,0.529966,0.737220,0.456274
2019-06-26 15:00:00,1677.439331,0.533621,0.750142,0.349810
2019-06-26 16:00:00,1663.893311,0.590585,0.755681,0.220532
2019-06-26 17:00:00,1591.023926,0.613031,0.753629,0.098859
2019-06-26 18:00:00,1500.425781,0.559020,0.755322,0.038023
2019-06-26 19:00:00,1427.204102,0.555830,0.766438,0.007605
2019-06-26 20:00:00,1361.951538,0.552906,0.748884,0.041825
2019-06-26 21:00:00,1243.671143,0.562130,0.766553,0.000000
2019-06-26 22:00:00,1148.871460,0.540542,0.755711,0.000000
2019-06-26 23:00:00,1090.963379,0.540104,0.755986,0.000000
2019-06-27 00:00:00,1071.229248,0.502825,0.856992,0.000000
2019-06-27 01:00:00,1054.687866,0.463429,0.786044,0.000000
2019-06-27 02:00:00,1055.071777,0.444780,0.766643,0.000000
2019-06-27 03:00:00,1115.704468,0.428148,0.759733,0.022814
2019-06-27 04:00:00,1299.186523,0.399643,0.750731,0.087452
2019-06-27 05:00:00,1495.494995,0.385688,0.809122,0.205323
2019-06-27 06:00:00,1593.174561,0.379137,0.755247,0.346008
2019-06-27 07:00:00,1633.535522,0.403743,0.701872,0.490494
2019-06-27 08:00:00,1678.741333,0.454554,0.688426,0.634981
2019-06-27 09:00:00,1679.933472,0.503769,0.716989,0.745247
2019-06-27 10:00:00,1682.312988,0.528543,0.718722,0.836502
2019-06-27 11:00:00,1669.437378,0.517883,0.704960,0.859316
2019-06-27 12:00:00,1641.015991,0.478617,0.673166,0.855513
2019-06-27 13:00:00,1599.761475,0.413861,0.619187,0.798479
2019-06-27 14:00:00,1576.228516,0.377734,0.531596,0.684411
2019-06-27 15:00:00,1619.683472,0.334627,0.543790,0.494297
2019-06-27 16:00:00,1592.687622,0.304909,0.537040,0.326996
2019-06-27 17:00:00,1524.572021,0.256758,0.554958,0.159696
2019-06-27 18:00:00,1453.114502,0.189419,0.426092,0.057034
2019-06-27 19:00:00,1377.937256,0.185887,0.436800,0.011407
2019-06-27 20:00:00,1329.756836,0.202712,0.453043,0.007605
2019-06-27 21:00:00,1231.442871,0.202126,0.460671,0.000000
2019-06-27 22:00:00,1132.446899,0.222737,0.410326,0.000000
2019-06-27 23:00:00,1078.402100,0.210900,0.400602,0.000000
2019-06-28 00:00:00,1048.288940,0.177962,0.290061,0.000000
2019-06-28 01:00:00,1042.369263,0.129405,0.222860,0.000000
2019-06-28 02:00:00,1027.627808,0.112723,0.194425,0.000000
2019-06-28 03:00:00,1097.146118,0.093013,0.200671,0.026616
2019-06-28 04:00:00,1293.305542,0.064863,0.177210,0.102662
2019-06-28 05:00:00,1487.878296,0.036542,0.116018,0.239544
2019-06-28 06:00:00,1586.887451,0.027259,0.101786,0.410646
2019-06-28 07:00:00,1613.747559,0.023530,0.108692,0.593156
2019-06-28 08:00:00,1634.916870,0.034118,0.128589,0.752852
2019-06-28 09:00:00,1644.200928,0.038329,0.146846,0.832700
2019-06-28 10:00:00,1629.171021,0.048993,0.104483,0.866920
2019-06-28 11:00:00,1611.351318,0.055342,0.113969,0.874525
2019-06-28 12:00:00,1567.547363,0.054109,0.075539,0.855513
2019-06-28 13:00:00,1535.315186,0.041739,0.054176,0.828897
2019-06-28 14:00:00,1520.984009,0.036182,0.034553,0.711027
2019-06-28 15:00:00,1538.919067,0.037971,0.022501,0.543726
2019-06-28 16:00:00,1524.229492,0.029314,0.019559,0.338403
2019-06-28 17:00:00,1447.227783,0.033872,0.011049,0.155894
2019-06-28 18:00:00,1374.502075,0.039389,0.005719,0.053232
2019-06-28 19:00:00,1313.523926,0.060448,0.008655,0.022814
2019-06-28 20:00:00,1288.538452,0.080665,0.018083,0.007605
2019-06-28 21:00:00,1225.220459,0.096839,0.039352,0.000000
2019-06-28 22:00:00,1127.209961,0.097341,0.086507,0.000000
2019-06-28 23:00:00,1059.662964,0.070743,0.069122,0.000000
2019-06-29 00:00:00,1030.798584,0.041515,0.042597,0.000000
2019-06-29 01:00:00,1008.237976,0.054966,0.031655,0.000000
2019-06-29 02:00:00,975.680420,0.080642,0.082202,0.000000
2019-06-29 03:00:00,982.529602,0.100073,0.110493,0.026616
2019-06-29 04:00:00,1036.833740,0.111303,0.127998,0.095057
2019-06-29 05:00:00,1167.047241,0.099817,0.149015,0.201521
2019-06-29 06:00:00,1280.156616,0.063483,0.137974,0.349810
2019-06-29 07:00:00,1370.711792,0.083757,0.125528,0.562738
2019-06-29 08:00:00,1423.805420,0.116129,0.067548,0.768061
2019-06-29 09:00:00,1427.678833,0.122217,0.067377,0.878327
2019-06-29 10:00:00,1426.000854,0.140184,0.083887,0.927757
2019-06-29 11:00:00,1427.179688,0.128824,0.122385,0.939163
2019-06-29 12:00:00,1386.365723,0.112706,0.088824,0.901141
2019-06-29 13:00:00,1374.282227,0.114517,0.094844,0.828897
2019-06-29 14:00:00,1392.017944,0.098771,0.088389,0.714829
2019-06-29 15:00:00,1430.249146,0.080917,0.047559,0.547529
2019-06-29 16:00:00,1444.657959,0.072719,0.025129,0.342205
2019-06-29 17:00:00,1399.687988,0.052353,0.008750,0.167300
2019-06-29 18:00:00,1349.949097,0.042601,0.007979,0.057034
2019-06-29 19:00:00,1293.782471,0.042691,0.006506,0.011407
2019-06-29 20:00:00,1268.704956,0.040868,0.010759,0.000000
2019-06-29 21:00:00,1218.550537,0.045088,0.016835,0.000000
2019-06-29 22:00:00,1112.076538,0.052560,0.015801,0.000000
2019-06-29 23:00:00,1049.911255,0.043060,0.075050,0.000000
2019-06-30 00:00:00,1008.756287,0.058560,0.093840,0.000000
2019-06-30 01:00:00,983.544373,0.092449,0.095207,0.000000
2019-06-30 02:00:00,952.062805,0.119325,0.142828,0.000000
2019-06-30 03:00:00,956.528687,0.156909,0.229305,0.030418
2019-06-30 04:00:00,1009.034912,0.182754,0.181920,0.098859
2019-06-30 05:00:00,1117.546875,0.181284,0.272311,0.239544
2019-06-30 06:00:00,1246.179443,0.191545,0.390043,0.433460
2019-06-30 07:00:00,1340.242676,0.199216,0.462511,0.623574
2019-06-30 08:00:00,1402.783936,0.227351,0.679991,0.771863
2019-06-30 09:00:00,1427.381104,0.284489,0.724553,0.863118
2019-06-30 10:00:00,1426.581543,0.384026,0.723917,0.893536
2019-06-30 11:00:00,1435.974365,0.491332,0.791777,0.870722
2019-06-30 12:00:00,1421.138306,0.590214,0.770875,0.806084
2019-06-30 13:00:00,1418.095093,0.693780,0.736736,0.771863
2019-06-30 14:00:00,1432.278442,0.677700,0.931567,0.661597
2019-06-30 15:00:00,1475.913086,0.686134,0.920852,0.520913
2019-06-30 16:00:00,1486.309937,0.609932,0.857221,0.315589
2019-06-30 17:00:00,1438.237549,0.489051,0.689295,0.129278
2019-06-30 18:00:00,1379.121216,0.493994,0.590934,0.045627
2019-06-30 19:00:00,1319.467651,0.482143,0.715410,0.011407
2019-06-30 20:00:00,1263.704590,0.416899,0.716967,0.003802
2019-06-30 21:00:00,1183.329956,0.379420,0.500852,0.000000
2019-06-30 22:00:00,1105.430298,0.382355,0.608735,0.000000
2019-06-30 23:00:00,1049.728760,0.378113,0.657859,0.000000
2019-07-01 00:00:00,1021.708862,0.360236,0.584870,0.000000
2019-07-01 01:00:00,1010.394714,0.338234,0.431977,0.000000
2019-07-01 02:00:00,1013.038452,0.302189,0.320543,0.000000
2019-07-01 03:00:00,1060.702148,0.368829,0.362149,0.026616
2019-07-01 04:00:00,1246.585571,0.367565,0.582708,0.098859
2019-07-01 05:00:00,1458.098877,0.458608,0.551663,0.159696
2019-07-01 06:00:00,1584.799316,0.490364,0.625050,0.247148
2019-07-01 07:00:00,1638.765991,0.529882,0.564572,0.437262
2019-07-01 08:00:00,1682.096802,0.549764,0.472270,0.600760
2019-07-01 09:00:00,1679.404907,0.516447,0.272400,0.692015
2019-07-01 10:00:00,1671.176636,0.503860,0.151221,0.669202
2019-07-01 11:00:00,1644.204956,0.615991,0.221679,0.562738
2019-07-01 12:00:00,1659.783203,0.706494,0.522683,0.703422
2019-07-01 13:00:00,1610.976929,0.710647,0.561850,0.608365
2019-07-01 14:00:00,1590.890869,0.830944,0.573757,0.539924
2019-07-01 15:00:00,1665.545776,0.738786,0.623755,0.334601
2019-07-01 16:00:00,1645.061646,0.723516,0.772406,0.163498
2019-07-01 17:00:00,1557.887207,0.696266,0.904126,0.106464
2019-07-01 18:00:00,1449.441650,0.660894,0.928154,0.045627
2019-07-01 19:00:00,1357.138428,0.602034,0.934841,0.007605
2019-07-01 20:00:00,1311.278320,0.615014,0.913447,0.000000
2019-07-01 21:00:00,1214.586670,0.630500,0.868486,0.000000
2019-07-01 22:00:00,1133.852905,0.684098,0.909294,0.000000
2019-07-01 23:00:00,1082.758789,0.710205,0.924779,0.000000
2019-07-02 00:00:00,1058.524414,0.702355,0.932844,0.000000
2019-07-02 01:00:00,1056.442139,0.710739,0.949903,0.000000
2019-07-02 02:00:00,1041.037598,0.687199,0.951514,0.000000
2019-07-02 03:00:00,1096.898193,0.682466,0.943465,0.022814
2019-07-02 04:00:00,1271.438232,0.709576,0.927511,0.083650
2019-07-02 05:00:00,1457.286621,0.700975,0.929341,0.224335
2019-07-02 06:00:00,1561.083862,0.706240,0.876629,0.361217
2019-07-02 07:00:00,1622.391113,0.724573,0.931350,0.452471
2019-07-02 08:00:00,1654.306641,0.798730,0.911893,0.524715
2019-07-02 09:00:00,1658.751953,0.823441,0.869822,0.581749
2019-07-02 10:00:00,1634.100952,0.752992,0.613366,0.676806
2019-07-02 11:00:00,1644.100220,0.763017,0.678390,0.692015
2019-07-02 12:00:00,1611.311279,0.750266,0.688114,0.623574
2019-07-02 13:00:00,1575.674316,0.786073,0.867256,0.585551
2019-07-02 14:00:00,1554.807495,0.782583,0.913338,0.532319
2019-07-02 15:00:00,1621.331421,0.752047,0.923405,0.448669
2019-07-02 16:00:00,1605.418701,0.723699,0.922568,0.269962
2019-07-02 17:00:00,1527.836670,0.627949,0.919791,0.140684
2019-07-02 18:00:00,1434.157104,0.564318,0.914975,0.053232
2019-07-02 19:00:00,1353.813110,0.535553,0.897861,0.011407
2019-07-02 20:00:00,1309.579468,0.549076,0.913955,0.011407
2019-07-02 21:00:00,1217.283813,0.552687,0.865846,0.000000
2019-07-02 22:00:00,1104.514404,0.505119,0.724075,0.000000
2019-07-02 23:00:00,1041.702637,0.421126,0.475084,0.000000
2019-07-03 00:00:00,1018.078674,0.397659,0.387879,0.000000
2019-07-03 01:00:00,1021.894653,0.416113,0.541945,0.000000
2019-07-03 02:00:00,1008.618958,0.360967,0.605679,0.000000
2019-07-03 03:00:00,1065.538452,0.326555,0.618771,0.030418
2019-07-03 04:00:00,1242.081665,0.339633,0.660097,0.102662
2019-07-03 05:00:00,1430.820801,0.403185,0.458294,0.231939
2019-07-03 06:00:00,1527.536621,0.473546,0.310274,0.403042
2019-07-03 07:00:00,1573.396118,0.484135,0.340772,0.577947
2019-07-03 08:00:00,1604.526001,0.469732,0.307782,0.657795
2019-07-03 09:00:00,1619.702759,0.509827,0.543330,0.741445
2019-07-03 10:00:00,1614.164673,0.507269,0.536752,0.711027
2019-07-03 11:00:00,1618.218262,0.471819,0.443184,0.722433
2019-07-03 12:00:00,1572.236572,0.451760,0.506012,0.722433
2019-07-03 13:00:00,1542.449829,0.435495,0.527546,0.714829
2019-07-03 14:00:00,1521.795288,0.552845,0.348408,0.615970
2019-07-03 15:00:00,1589.440918,0.508205,0.359357,0.452471
2019-07-03 16:00:00,1578.033936,0.568373,0.382090,0.330798
2019-07-03 17:00:00,1495.909668,0.574433,0.523598,0.171103
2019-07-03 18:00:00,1409.572632,0.510570,0.796797,0.057034
2019-07-03 19:00:00,1339.944458,0.500542,0.819414,0.007605
2019-07-03 20:00:00,1289.117065,0.518226,0.827764,0.007605
2019-07-03 21:00:00,1185.836792,0.516742,0.627818,0.003802
2019-07-03 22:00:00,1101.714111,0.521083,0.696633,0.000000
2019-07-03 23:00:00,1043.987427,0.478609,0.562179,0.000000
2019-07-04 00:00:00,1012.373840,0.413005,0.499340,0.000000
2019-07-04 01:00:00,1009.026245,0.392442,0.472229,0.000000
2019-07-04 02:00:00,1002.561462,0.389665,0.539691,0.000000
2019-07-04 03:00:00,1066.559814,0.402693,0.607065,0.026616
2019-07-04 04:00:00,1242.057983,0.419392,0.658921,0.098859
2019-07-04 05:00:00,1438.682983,0.464422,0.708339,0.186312
2019-07-04 06:00:00,1552.372070,0.524784,0.768698,0.231939
2019-07-04 07:00:00,1609.675293,0.527330,0.859754,0.205323
2019-07-04 08:00:00,1655.781616,0.583368,0.920515,0.239544
2019-07-04 09:00:00,1668.347900,0.680222,0.930411,0.311787
2019-07-04 10:00:00,1664.914673,0.665996,0.921640,0.292776
2019-07-04 11:00:00,1661.485718,0.713256,0.939289,0.357414
2019-07-04 12:00:00,1641.687988,0.760976,0.914480,0.330798
2019-07-04 13:00:00,1601.812134,0.779768,0.910224,0.285171
2019-07-04 14:00:00,1594.146118,0.767781,0.950249,0.197719
2019-07-04 15:00:00,1665.903931,0.757008,0.965649,0.121673
2019-07-04 16:00:00,1662.845947,0.689477,0.971192,0.083650
2019-07-04 17:00:00,1566.584961,0.689713,0.951752,0.041825
2019-07-04 18:00:00,1473.370239,0.705147,0.744775,0.015209
2019-07-04 19:00:00,1405.755249,0.727969,0.940848,0.007605
2019-07-04 20:00:00,1331.322998,0.702963,0.955279,0.003802
2019-07-04 21:00:00,1220.943359,0.690558,0.951859,0.000000
2019-07-04 22:00:00,1138.354614,0.693157,0.944123,0.000000
2019-07-04 23:00:00,1077.352783,0.605781,0.900637,0.000000
2019-07-05 00:00:00,1055.648926,0.623770,0.881888,0.000000
2019-07-05 01:00:00,1043.003418,0.602790,0.833420,0.000000
2019-07-05 02:00:00,1025.880981,0.558840,0.835568,0.000000
2019-07-05 03:00:00,1079.394653,0.469782,0.789013,0.034221
2019-07-05 04:00:00,1239.034058,0.419940,0.783238,0.098859
2019-07-05 05:00:00,1420.206665,0.372029,0.742380,0.209125
2019-07-05 06:00:00,1524.732422,0.327568,0.653911,0.391635
2019-07-05 07:00:00,1577.298340,0.257933,0.524056,0.577947
2019-07-05 08:00:00,1595.005615,0.228798,0.335991,0.703422
2019-07-05 09:00:00,1598.503418,0.208312,0.261673,0.825095
2019-07-05 10:00:00,1579.548950,0.189825,0.255620,0.889734
2019-07-05 11:00:00,1545.647461,0.209797,0.232018,0.908745
2019-07-05 12:00:00,1488.809692,0.236411,0.220039,0.908745
2019-07-05 13:00:00,1450.339478,0.269714,0.310104,0.859316
2019-07-05 14:00:00,1435.421021,0.328444,0.423172,0.730038
2019-07-05 15:00:00,1485.090210,0.337775,0.487427,0.566540
2019-07-05 16:00:00,1481.938965,0.345314,0.547490,0.365019
2019-07-05 17:00:00,1403.977539,0.325355,0.549305,0.171103
2019-07-05 18:00:00,1326.411011,0.294317,0.535012,0.057034
2019-07-05 19:00:00,1255.644531,0.267560,0.478974,0.007605
2019-07-05 20:00:00,1226.506104,0.254011,0.451429,0.007605
2019-07-05 21:00:00,1154.649780,0.257443,0.357319,0.000000
2019-07-05 22:00:00,1067.682617,0.190293,0.322647,0.000000
2019-07-05 23:00:00,1011.964111,0.149768,0.328822,0.000000
2019-07-06 00:00:00,978.659485,0.109452,0.235867,0.000000
2019-07-06 01:00:00,963.716003,0.109516,0.189813,0.000000
2019-07-06 02:00:00,945.608459,0.101616,0.143722,0.000000
2019-07-06 03:00:00,947.835266,0.078766,0.147349,0.007605
2019-07-06 04:00:00,1006.524841,0.060002,0.062606,0.026616
2019-07-06 05:00:00,1098.888062,0.053233,0.063971,0.068441
2019-07-06 06:00:00,1220.535889,0.097577,0.252524,0.121673
2019-07-06 07:00:00,1326.065918,0.129835,0.252342,0.152091
2019-07-06 08:00:00,1376.143921,0.210946,0.258572,0.224335
2019-07-06 09:00:00,1413.023315,0.365368,0.401255,0.209125
2019-07-06 10:00:00,1439.808838,0.493085,0.747342,0.228137
2019-07-06 11:00:00,1425.564819,0.535310,0.872086,0.281369
2019-07-06 12:00:00,1402.031738,0.572181,0.859741,0.441065
2019-07-06 13:00:00,1401.839722,0.650409,0.728601,0.555133
2019-07-06 14:00:00,1376.648071,0.735632,0.855982,0.517110
2019-07-06 15:00:00,1457.542114,0.785011,0.945386,0.425856
2019-07-06 16:00:00,1454.791382,0.812935,0.936636,0.273764
2019-07-06 17:00:00,1390.184204,0.782384,0.924082,0.125475
2019-07-06 18:00:00,1325.828979,0.766625,0.945491,0.049430
2019-07-06 19:00:00,1262.090332,0.748789,0.971694,0.007605
2019-07-06 20:00:00,1239.071411,0.740846,0.968397,0.003802
2019-07-06 21:00:00,1173.546875,0.699059,0.948061,0.000000
2019-07-06 22:00:00,1088.263184,0.739852,0.938062,0.000000
2019-07-06 23:00:00,1031.713623,0.732535,0.927746,0.000000
2019-07-07 00:00:00,1003.122620,0.685788,0.928942,0.000000
2019-07-07 01:00:00,979.096375,0.623542,0.918834,0.000000
2019-07-07 02:00:00,949.601807,0.567784,0.917313,0.000000
2019-07-07 03:00:00,949.385559,0.528626,0.915308,0.015209
2019-07-07 04:00:00,1002.104980,0.535123,0.894861,0.060837
2019-07-07 05:00:00,1091.011230,0.498499,0.894819,0.140684
2019-07-07 06:00:00,1203.080811,0.530317,0.905815,0.266160
2019-07-07 07:00:00,1301.075317,0.509866,0.885111,0.406844
2019-07-07 08:00:00,1360.799316,0.517943,0.853423,0.467681
2019-07-07 09:00:00,1381.564209,0.544158,0.857941,0.532319
2019-07-07 10:00:00,1374.441040,0.538714,0.846900,0.536122
2019-07-07 11:00:00,1365.599731,0.529957,0.783459,0.543726
2019-07-07 12:00:00,1351.105103,0.522883,0.794945,0.501901
2019-07-07 13:00:00,1337.601196,0.508977,0.746519,0.471483
2019-07-07 14:00:00,1377.069336,0.506042,0.714123,0.410646
2019-07-07 15:00:00,1458.362671,0.497849,0.752419,0.334601
2019-07-07 16:00:00,1476.960327,0.496294,0.836804,0.216730
2019-07-07 17:00:00,1437.468506,0.463073,0.856672,0.102662
2019-07-07 18:00:00,1363.148560,0.418138,0.750086,0.045627
2019-07-07 19:00:00,1302.668823,0.365426,0.709608,0.007605
2019-07-07 20:00:00,1254.310059,0.307583,0.634533,0.003802
2019-07-07 21:00:00,1169.020630,0.301733,0.626526,0.000000
2019-07-07 22:00:00,1088.276367,0.289650,0.627937,0.000000
2019-07-07 23:00:00,1032.305054,0.258986,0.593074,0.000000
2019-07-08 00:00:00,1009.473938,0.272179,0.602569,0.000000
2019-07-08 01:00:00,1008.940674,0.277020,0.593796,0.000000
2019-07-08 02:00:00,1014.185791,0.258692,0.545659,0.000000
2019-07-08 03:00:00,1069.621704,0.233915,0.614078,0.003802
2019-07-08 04:00:00,1244.459351,0.231766,0.622622,0.034221
2019-07-08 05:00:00,1431.303589,0.227239,0.689588,0.087452
2019-07-08 06:00:00,1552.920532,0.230359,0.641729,0.163498
2019-07-08 07:00:00,1615.581665,0.225830,0.548594,0.239544
2019-07-08 08:00:00,1640.022095,0.217867,0.568093,0.361217
2019-07-08 09:00:00,1641.050903,0.237931,0.587052,0.513308
2019-07-08 10:00:00,1629.819458,0.280990,0.625405,0.650190
2019-07-08 11:00:00,1635.775879,0.305475,0.361572,0.730038
2019-07-08 12:00:00,1622.174316,0.323617,0.284870,0.813688
2019-07-08 13:00:00,1576.774048,0.348332,0.384096,0.779468
2019-07-08 14:00:00,1531.011841,0.373103,0.445546,0.653992
2019-07-08 15:00:00,1605.593750,0.347415,0.488273,0.501901
2019-07-08 16:00:00,1579.505615,0.357691,0.563914,0.304183
2019-07-08 17:00:00,1501.320313,0.316825,0.609292,0.144487
2019-07-08 18:00:00,1412.357300,0.246042,0.589659,0.049430
2019-07-08 19:00:00,1371.011841,0.209580,0.494056,0.015209
2019-07-08 20:00:00,1313.972290,0.206413,0.399833,0.003802
2019-07-08 21:00:00,1219.819946,0.222968,0.377003,0.000000
2019-07-08 22:00:00,1106.969604,0.246741,0.457654,0.000000
2019-07-08 23:00:00,1042.647583,0.263805,0.380005,0.000000
2019-07-09 00:00:00,1025.639404,0.269193,0.392306,0.000000
2019-07-09 01:00:00,1018.767029,0.218043,0.472548,0.000000
2019-07-09 02:00:00,1005.109680,0.203847,0.477258,0.000000
2019-07-09 03:00:00,1060.994141,0.197033,0.519253,0.022814
2019-07-09 04:00:00,1221.433960,0.203484,0.355189,0.079848
2019-07-09 05:00:00,1400.991699,0.239804,0.324699,0.186312
2019-07-09 06:00:00,1510.914063,0.268760,0.433855,0.315589
2019-07-09 07:00:00,1569.149536,0.244856,0.371930,0.456274
2019-07-09 08:00:00,1603.963257,0.226623,0.382293,0.619772
2019-07-09 09:00:00,1611.063599,0.244878,0.410978,0.745247
2019-07-09 10:00:00,1620.854858,0.237334,0.278446,0.847909
2019-07-09 11:00:00,1602.223022,0.257435,0.382033,0.923954
2019-07-09 12:00:00,1567.299072,0.304241,0.412010,0.920152
2019-07-09 13:00:00,1528.208618,0.308730,0.358332,0.828897
2019-07-09 14:00:00,1524.294312,0.331594,0.343580,0.669202
2019-07-09 15:00:00,1571.031250,0.357493,0.489851,0.437262
2019-07-09 16:00:00,1540.422363,0.355788,0.544377,0.296578
2019-07-09 17:00:00,1467.459595,0.302452,0.561289,0.148289
2019-07-09 18:00:00,1395.257446,0.283265,0.679169,0.049430
2019-07-09 19:00:00,1329.503906,0.289907,0.752823,0.011407
2019-07-09 20:00:00,1284.613525,0.284317,0.827187,0.007605
2019-07-09 21:00:00,1188.993530,0.214840,0.809567,0.000000
2019-07-09 22:00:00,1101.524780,0.171535,0.617178,0.000000
2019-07-09 23:00:00,1035.906006,0.147690,0.484330,0.000000
2019-07-10 00:00:00,1009.079529,0.147417,0.341950,0.000000
2019-07-10 01:00:00,1001.726013,0.136719,0.159807,0.000000
2019-07-10 02:00:00,990.731628,0.146077,0.092158,0.000000
2019-07-10 03:00:00,1039.827515,0.142616,0.107734,0.022814
2019-07-10 04:00:00,1198.282593,0.109828,0.176211,0.091255
2019-07-10 05:00:00,1378.339478,0.108134,0.140296,0.231939
2019-07-10 06:00:00,1486.679077,0.105180,0.114186,0.418251
2019-07-10 07:00:00,1542.868896,0.087840,0.116126,0.612167
2019-07-10 08:00:00,1573.538818,0.092475,0.127871,0.764259
2019-07-10 09:00:00,1572.184082,0.134910,0.227384,0.866920
2019-07-10 10:00:00,1563.648315,0.197170,0.363506,0.916350
2019-07-10 11:00:00,1561.530273,0.242434,0.383304,0.916350
2019-07-10 12:00:00,1531.990723,0.282718,0.417799,0.904943
2019-07-10 13:00:00,1498.885986,0.289104,0.386470,0.802281
2019-07-10 14:00:00,1482.703857,0.245346,0.379204,0.669202
2019-07-10 15:00:00,1530.062134,0.240250,0.383209,0.501901
2019-07-10 16:00:00,1509.774048,0.229094,0.342604,0.304183
2019-07-10 17:00:00,1439.310425,0.199130,0.359001,0.136882
2019-07-10 18:00:00,1363.852051,0.166066,0.451624,0.045627
2019-07-10 19:00:00,1299.524292,0.145659,0.434282,0.007605
2019-07-10 20:00:00,1260.240723,0.148472,0.357371,0.000000
2019-07-10 21:00:00,1167.653564,0.127721,0.326431,0.000000
2019-07-10 22:00:00,1087.389771,0.093193,0.182786,0.000000
2019-07-10 23:00:00,1033.645142,0.066815,0.136261,0.000000
2019-07-11 00:00:00,1007.183899,0.041559,0.100144,0.000000
2019-07-11 01:00:00,997.047485,0.029894,0.063764,0.000000
2019-07-11 02:00:00,987.676331,0.017156,0.037701,0.000000
2019-07-11 03:00:00,1043.749268,0.008517,0.009662,0.022814
2019-07-11 04:00:00,1203.696533,0.002627,0.003961,0.102662
2019-07-11 05:00:00,1388.165527,0.000906,0.005208,0.254753
2019-07-11 06:00:00,1498.453735,0.000415,0.001986,0.422053
2019-07-11 07:00:00,1552.138428,0.000463,0.000046,0.593156
2019-07-11 08:00:00,1577.427002,0.005530,0.000045,0.722433
2019-07-11 09:00:00,1585.530518,0.011567,0.000237,0.802281
2019-07-11 10:00:00,1572.611938,0.017503,0.000449,0.874525
2019-07-11 11:00:00,1572.222168,0.025157,0.000600,0.882129
2019-07-11 12:00:00,1544.160156,0.031243,0.001668,0.828897
2019-07-11 13:00:00,1515.407959,0.026531,0.003503,0.733840
2019-07-11 14:00:00,1507.511108,0.019399,0.005649,0.619772
2019-07-11 15:00:00,1540.444946,0.017177,0.010127,0.475285
2019-07-11 16:00:00,1537.814209,0.011238,0.009062,0.304183
2019-07-11 17:00:00,1459.356689,0.004528,0.010803,0.133080
2019-07-11 18:00:00,1381.828491,0.002242,0.008706,0.041825
2019-07-11 19:00:00,1314.805420,0.001865,0.003656,0.003802
2019-07-11 20:00:00,1271.566650,0.002696,0.001947,0.000000
2019-07-11 21:00:00,1178.307373,0.002486,0.000703,0.000000
2019-07-11 22:00:00,1100.251831,0.002890,0.000268,0.000000
2019-07-11 23:00:00,1047.121582,0.003105,0.000045,0.000000
2019-07-12 00:00:00,1018.055298,0.003512,0.000046,0.000000
2019-07-12 01:00:00,1014.802673,0.006562,0.000047,0.000000
2019-07-12 02:00:00,1009.600037,0.006046,0.000046,0.000000
2019-07-12 03:00:00,1051.714478,0.014262,0.005925,0.019011
2019-07-12 04:00:00,1204.190186,0.015057,0.001486,0.064639
2019-07-12 05:00:00,1374.039063,0.006655,0.002479,0.144487
2019-07-12 06:00:00,1500.255371,0.003937,0.000249,0.258555
2019-07-12 07:00:00,1567.062256,0.002837,0.006190,0.353612
2019-07-12 08:00:00,1599.379395,0.002545,0.007039,0.437262
2019-07-12 09:00:00,1607.651367,0.006262,0.004518,0.543726
2019-07-12 10:00:00,1586.093872,0.013538,0.014309,0.600760
2019-07-12 11:00:00,1548.103149,0.021116,0.013301,0.680608
2019-07-12 12:00:00,1517.375366,0.028506,0.025905,0.730038
2019-07-12 13:00:00,1474.870361,0.037671,0.038974,0.722433
2019-07-12 14:00:00,1472.141846,0.038346,0.059310,0.634981
2019-07-12 15:00:00,1507.510742,0.029871,0.045778,0.479087
2019-07-12 16:00:00,1484.699585,0.020914,0.006520,0.269962
2019-07-12 17:00:00,1415.306641,0.017814,0.000470,0.144487
2019-07-12 18:00:00,1331.921997,0.008657,0.001449,0.049430
2019-07-12 19:00:00,1260.601929,0.008248,0.041444,0.007605
2019-07-12 20:00:00,1234.693115,0.020840,0.056169,0.003802
2019-07-12 21:00:00,1168.274536,0.022257,0.068265,0.000000
2019-07-12 22:00:00,1080.682861,0.017042,0.056583,0.000000
2019-07-12 23:00:00,1028.858643,0.009164,0.024400,0.000000
2019-07-13 00:00:00,998.393799,0.007258,0.002850,0.000000
2019-07-13 01:00:00,980.085083,0.005310,0.000296,0.000000
2019-07-13 02:00:00,953.190369,0.003480,0.000050,0.000000
2019-07-13 03:00:00,939.829651,0.002415,0.002249,0.015209
2019-07-13 04:00:00,999.766724,0.002239,0.000135,0.072243
2019-07-13 05:00:00,1097.011108,0.001799,0.000048,0.178707
2019-07-13 06:00:00,1204.614136,0.003467,0.000045,0.334601
2019-07-13 07:00:00,1297.381104,0.008311,0.000045,0.547529
2019-07-13 08:00:00,1348.740356,0.019043,0.000045,0.673004
2019-07-13 09:00:00,1348.560669,0.029425,0.002410,0.673004
2019-07-13 10:00:00,1335.711548,0.033108,0.049673,0.634981
2019-07-13 11:00:00,1329.555176,0.048436,0.085028,0.657795
2019-07-13 12:00:00,1315.034180,0.055459,0.103282,0.669202
2019-07-13 13:00:00,1309.697876,0.074068,0.249359,0.711027
2019-07-13 14:00:00,1312.224731,0.108431,0.217268,0.653992
2019-07-13 15:00:00,1364.128784,0.155557,0.266073,0.520913
2019-07-13 16:00:00,1366.922119,0.170746,0.291680,0.323194
2019-07-13 17:00:00,1326.907227,0.165037,0.316604,0.155894
2019-07-13 18:00:00,1272.248413,0.153890,0.315172,0.053232
2019-07-13 19:00:00,1220.949341,0.151935,0.388179,0.007605
2019-07-13 20:00:00,1220.918213,0.168292,0.407337,0.000000
2019-07-13 21:00:00,1149.059570,0.165017,0.504352,0.000000
2019-07-13 22:00:00,1060.989258,0.135431,0.507167,0.000000
2019-07-13 23:00:00,1017.100037,0.115736,0.482906,0.000000
2019-07-14 00:00:00,979.830261,0.096200,0.338681,0.000000
2019-07-14 01:00:00,956.431091,0.071254,0.157221,0.000000
2019-07-14 02:00:00,938.026245,0.045647,0.085800,0.000000
2019-07-14 03:00:00,926.998169,0.026190,0.069851,0.007605
2019-07-14 04:00:00,968.895752,0.014729,0.040714,0.038023
2019-07-14 05:00:00,1056.345215,0.009802,0.026165,0.095057
2019-07-14 06:00:00,1168.927124,0.007435,0.005839,0.174905
2019-07-14 07:00:00,1270.436890,0.005427,0.000311,0.239544
2019-07-14 08:00:00,1333.897583,0.008214,0.006427,0.323194
2019-07-14 09:00:00,1352.628906,0.014558,0.007503,0.418251
2019-07-14 10:00:00,1346.986694,0.026417,0.028892,0.441065
2019-07-14 11:00:00,1339.156006,0.047003,0.053168,0.494297
2019-07-14 12:00:00,1336.003662,0.075567,0.087827,0.528517
2019-07-14 13:00:00,1318.067627,0.083022,0.107048,0.532319
2019-07-14 14:00:00,1333.919434,0.087881,0.080213,0.433460
2019-07-14 15:00:00,1399.624756,0.077483,0.092779,0.292776
2019-07-14 16:00:00,1396.396240,0.073426,0.127783,0.163498
2019-07-14 17:00:00,1340.363159,0.063316,0.165545,0.068441
2019-07-14 18:00:00,1272.568970,0.033348,0.130002,0.019011
2019-07-14 19:00:00,1225.000244,0.025895,0.085085,0.003802
2019-07-14 20:00:00,1185.990723,0.035611,0.087717,0.000000
2019-07-14 21:00:00,1104.162598,0.050041,0.102552,0.000000
2019-07-14 22:00:00,1026.368042,0.086932,0.148936,0.000000
2019-07-14 23:00:00,961.747986,0.082446,0.139628,0.000000
2019-07-15 00:00:00,946.511414,0.084178,0.181254,0.000000
2019-07-15 01:00:00,935.000793,0.072634,0.139010,0.000000
2019-07-15 02:00:00,945.507690,0.066906,0.156802,0.000000
2019-07-15 03:00:00,995.060547,0.074842,0.204838,0.003802
2019-07-15 04:00:00,1131.067261,0.083284,0.183740,0.030418
2019-07-15 05:00:00,1299.147949,0.090224,0.189034,0.076046
2019-07-15 06:00:00,1423.205811,0.113770,0.155790,0.144487
2019-07-15 07:00:00,1495.045532,0.173054,0.234774,0.228137
2019-07-15 08:00:00,1583.190552,0.232906,0.282212,0.326996
2019-07-15 09:00:00,1545.563232,0.299695,0.321673,0.406844
2019-07-15 10:00:00,1531.588623,0.311775,0.328205,0.513308
2019-07-15 11:00:00,1525.390137,0.378190,0.336013,0.536122
2019-07-15 12:00:00,1501.768433,0.409611,0.414796,0.536122
2019-07-15 13:00:00,1457.486328,0.414303,0.442342,0.463878
2019-07-15 14:00:00,1446.836792,0.399126,0.486738,0.376426
2019-07-15 15:00:00,1531.911865,0.368551,0.497843,0.269962
2019-07-15 16:00:00,1514.256836,0.315261,0.496122,0.163498
2019-07-15 17:00:00,1453.917358,0.275705,0.466326,0.068441
2019-07-15 18:00:00,1361.677124,0.245058,0.414733,0.022814
2019-07-15 19:00:00,1293.887451,0.258796,0.287840,0.003802
2019-07-15 20:00:00,1244.938721,0.264350,0.374334,0.000000
2019-07-15 21:00:00,1144.647827,0.251805,0.405397,0.000000
2019-07-15 22:00:00,1040.482544,0.231682,0.641980,0.000000
2019-07-15 23:00:00,989.779480,0.192983,0.712787,0.000000
2019-07-16 00:00:00,962.182312,0.135557,0.576884,0.000000
2019-07-16 01:00:00,950.330811,0.116722,0.427408,0.000000
2019-07-16 02:00:00,952.907410,0.119679,0.325256,0.000000
2019-07-16 03:00:00,997.988037,0.107991,0.369047,0.007605
2019-07-16 04:00:00,1149.150757,0.131351,0.167755,0.041825
2019-07-16 05:00:00,1306.959106,0.106252,0.188923,0.098859
2019-07-16 06:00:00,1426.045776,0.103353,0.224462,0.178707
2019-07-16 07:00:00,1495.848267,0.138065,0.328332,0.254753
2019-07-16 08:00:00,1531.918823,0.128926,0.294635,0.319392
2019-07-16 09:00:00,1539.249878,0.125386,0.379161,0.418251
2019-07-16 10:00:00,1529.041870,0.111128,0.245802,0.505703
2019-07-16 11:00:00,1521.470703,0.093827,0.244643,0.604563
2019-07-16 12:00:00,1463.413208,0.097516,0.224725,0.665399
2019-07-16 13:00:00,1423.730835,0.109868,0.227887,0.673004
2019-07-16 14:00:00,1387.990723,0.125476,0.231876,0.669202
2019-07-16 15:00:00,1430.814819,0.140122,0.196961,0.555133
2019-07-16 16:00:00,1462.876953,0.149003,0.239092,0.346008
2019-07-16 17:00:00,1393.774536,0.106513,0.339326,0.152091
2019-07-16 18:00:00,1317.096191,0.064046,0.160678,0.045627
2019-07-16 19:00:00,1255.825684,0.078119,0.204314,0.003802
2019-07-16 20:00:00,1225.349121,0.101876,0.385937,0.000000
2019-07-16 21:00:00,1135.318726,0.105712,0.431084,0.000000
2019-07-16 22:00:00,1051.629639,0.082739,0.359425,0.000000
2019-07-16 23:00:00,999.355896,0.070190,0.348187,0.000000
2019-07-17 00:00:00,976.865234,0.063456,0.229453,0.000000
2019-07-17 01:00:00,970.149841,0.060514,0.199432,0.000000
2019-07-17 02:00:00,962.873108,0.061816,0.157393,0.000000
2019-07-17 03:00:00,1004.838257,0.061579,0.130445,0.022814
2019-07-17 04:00:00,1141.925049,0.039424,0.103552,0.079848
2019-07-17 05:00:00,1309.882202,0.017243,0.059802,0.216730
2019-07-17 06:00:00,1427.485596,0.010773,0.025484,0.387833
2019-07-17 07:00:00,1483.912354,0.008518,0.010838,0.539924
2019-07-17 08:00:00,1501.702393,0.012037,0.003118,0.596958
2019-07-17 09:00:00,1521.524902,0.025204,0.026083,0.733840
2019-07-17 10:00:00,1528.483032,0.040661,0.072194,0.813688
2019-07-17 11:00:00,1528.694092,0.051157,0.082984,0.844106
2019-07-17 12:00:00,1496.531250,0.067940,0.088142,0.787072
2019-07-17 13:00:00,1449.032593,0.074635,0.080341,0.730038
2019-07-17 14:00:00,1428.381348,0.060925,0.065072,0.638783
2019-07-17 15:00:00,1471.290649,0.045726,0.046875,0.498099
2019-07-17 16:00:00,1461.265869,0.024042,0.018618,0.311787
2019-07-17 17:00:00,1393.453125,0.020516,0.007417,0.148289
2019-07-17 18:00:00,1317.251953,0.013505,0.004249,0.045627
2019-07-17 19:00:00,1258.843140,0.010865,0.000767,0.011407
2019-07-17 20:00:00,1228.337158,0.010853,0.000048,0.000000
2019-07-17 21:00:00,1135.413696,0.008757,0.000045,0.000000
2019-07-17 22:00:00,1052.117310,0.008293,0.000045,0.000000
2019-07-17 23:00:00,996.939087,0.005622,0.000044,0.000000
2019-07-18 00:00:00,973.953186,0.001270,0.000044,0.000000
2019-07-18 01:00:00,968.760376,0.000480,0.000045,0.000000
2019-07-18 02:00:00,962.194824,0.000114,0.000046,0.000000
2019-07-18 03:00:00,1001.325623,0.000283,0.000045,0.015209
2019-07-18 04:00:00,1137.469971,0.001656,0.000044,0.076046
2019-07-18 05:00:00,1300.091797,0.002463,0.000044,0.216730
2019-07-18 06:00:00,1418.861938,0.002293,0.000045,0.403042
2019-07-18 07:00:00,1476.067261,0.014174,0.000432,0.596958
2019-07-18 08:00:00,1505.111694,0.027461,0.000350,0.722433
2019-07-18 09:00:00,1515.537842,0.041001,0.002448,0.802281
2019-07-18 10:00:00,1502.716797,0.054793,0.007115,0.832700
2019-07-18 11:00:00,1499.678955,0.065476,0.009922,0.863118
2019-07-18 12:00:00,1477.041748,0.076241,0.014286,0.832700
2019-07-18 13:00:00,1448.245239,0.065523,0.055154,0.775665
2019-07-18 14:00:00,1438.819336,0.061379,0.109427,0.661597
2019-07-18 15:00:00,1476.112671,0.065724,0.158536,0.456274
2019-07-18 16:00:00,1468.944946,0.065345,0.171918,0.258555
2019-07-18 17:00:00,1389.293091,0.060799,0.230228,0.114068
2019-07-18 18:00:00,1313.562500,0.075064,0.234017,0.038023
2019-07-18 19:00:00,1272.348633,0.102081,0.298209,0.034221
2019-07-18 20:00:00,1233.158569,0.142844,0.378698,0.000000
2019-07-18 21:00:00,1137.264526,0.179807,0.438636,0.000000
2019-07-18 22:00:00,1059.391968,0.217567,0.534617,0.000000
2019-07-18 23:00:00,1008.377808,0.235126,0.506546,0.000000
2019-07-19 00:00:00,985.799255,0.213644,0.458003,0.000000
2019-07-19 01:00:00,972.557678,0.204420,0.406805,0.000000
2019-07-19 02:00:00,970.593628,0.177169,0.319405,0.000000
2019-07-19 03:00:00,1008.045410,0.115657,0.262209,0.011407
2019-07-19 04:00:00,1146.138916,0.060301,0.182977,0.068441
2019-07-19 05:00:00,1295.366943,0.027821,0.094448,0.140684
2019-07-19 06:00:00,1408.722778,0.019003,0.067978,0.231939
2019-07-19 07:00:00,1473.679688,0.037438,0.113059,0.376426
2019-07-19 08:00:00,1546.354736,0.043022,0.126556,0.505703
2019-07-19 09:00:00,1541.316406,0.063263,0.215713,0.600760
2019-07-19 10:00:00,1517.433105,0.069798,0.219641,0.665399
2019-07-19 11:00:00,1507.730225,0.088794,0.151395,0.665399
2019-07-19 12:00:00,1487.906006,0.079893,0.123948,0.646388
2019-07-19 13:00:00,1452.986938,0.066769,0.068690,0.517110
2019-07-19 14:00:00,1446.495117,0.063945,0.063533,0.494297
2019-07-19 15:00:00,1460.108521,0.055808,0.058660,0.391635
2019-07-19 16:00:00,1450.354370,0.055109,0.042635,0.247148
2019-07-19 17:00:00,1376.458130,0.041417,0.027528,0.129278
2019-07-19 18:00:00,1296.951782,0.028170,0.023183,0.041825
2019-07-19 19:00:00,1240.217407,0.021974,0.016732,0.003802
2019-07-19 20:00:00,1213.880981,0.026056,0.019949,0.000000
2019-07-19 21:00:00,1131.999756,0.014813,0.016072,0.000000
2019-07-19 22:00:00,1055.961182,0.007983,0.000727,0.000000
2019-07-19 23:00:00,1004.415649,0.005758,0.000630,0.000000
2019-07-20 00:00:00,960.600647,0.002380,0.000151,0.000000
2019-07-20 01:00:00,950.409058,0.000709,0.000049,0.000000
2019-07-20 02:00:00,937.696228,0.000299,0.000049,0.000000
2019-07-20 03:00:00,922.957214,0.009531,0.000049,0.011407
2019-07-20 04:00:00,973.193726,0.039926,0.008770,0.087452
2019-07-20 05:00:00,1070.058594,0.051333,0.033380,0.205323
2019-07-20 06:00:00,1185.231323,0.042673,0.072206,0.361217
2019-07-20 07:00:00,1270.167114,0.081465,0.100874,0.490494
2019-07-20 08:00:00,1326.565918,0.131977,0.123610,0.638783
2019-07-20 09:00:00,1332.208862,0.178373,0.133710,0.733840
2019-07-20 10:00:00,1340.259033,0.222094,0.129408,0.787072
2019-07-20 11:00:00,1324.109863,0.255345,0.148684,0.692015
2019-07-20 12:00:00,1307.104492,0.308278,0.195638,0.566540
2019-07-20 13:00:00,1295.046997,0.318819,0.196285,0.513308
2019-07-20 14:00:00,1303.445313,0.330341,0.232364,0.528517
2019-07-20 15:00:00,1355.643677,0.299521,0.164780,0.384030
2019-07-20 16:00:00,1360.381104,0.369185,0.150616,0.220532
2019-07-20 17:00:00,1323.127686,0.430499,0.488955,0.091255
2019-07-20 18:00:00,1267.989868,0.212284,0.098572,0.015209
2019-07-20 19:00:00,1243.154541,0.129165,0.159993,0.000000
2019-07-20 20:00:00,1200.404785,0.208156,0.275808,0.000000
2019-07-20 21:00:00,1104.307251,0.240969,0.377072,0.000000
2019-07-20 22:00:00,1036.695801,0.264117,0.316962,0.000000
2019-07-20 23:00:00,986.521729,0.272944,0.416057,0.000000
2019-07-21 00:00:00,959.190735,0.168653,0.239862,0.000000
2019-07-21 01:00:00,941.993652,0.166239,0.201285,0.000000
2019-07-21 02:00:00,927.952393,0.175591,0.185463,0.000000
2019-07-21 03:00:00,912.582214,0.150370,0.293804,0.011407
2019-07-21 04:00:00,954.465820,0.128242,0.261576,0.057034
2019-07-21 05:00:00,1043.005249,0.141244,0.256235,0.095057
2019-07-21 06:00:00,1145.791382,0.154833,0.150871,0.167300
2019-07-21 07:00:00,1248.607910,0.221609,0.209176,0.262357
2019-07-21 08:00:00,1315.161011,0.295523,0.195985,0.384030
2019-07-21 09:00:00,1352.641724,0.402146,0.306247,0.528517
2019-07-21 10:00:00,1370.429810,0.517048,0.446947,0.562738
2019-07-21 11:00:00,1356.639282,0.589679,0.577327,0.520913
2019-07-21 12:00:00,1357.313599,0.661032,0.755699,0.433460
2019-07-21 13:00:00,1340.955444,0.693185,0.908559,0.365019
2019-07-21 14:00:00,1351.314697,0.705059,0.916889,0.365019
2019-07-21 15:00:00,1423.892456,0.719631,0.908322,0.342205
2019-07-21 16:00:00,1409.511475,0.657869,0.874725,0.239544
2019-07-21 17:00:00,1359.554565,0.529790,0.763650,0.129278
2019-07-21 18:00:00,1286.880493,0.370071,0.688866,0.045627
2019-07-21 19:00:00,1227.137817,0.276096,0.482372,0.003802
2019-07-21 20:00:00,1190.073364,0.290549,0.432743,0.000000
2019-07-21 21:00:00,1095.435547,0.209171,0.405343,0.000000
2019-07-21 22:00:00,1015.412598,0.161772,0.268568,0.000000
2019-07-21 23:00:00,961.604858,0.148790,0.209278,0.000000
2019-07-22 00:00:00,936.330017,0.146050,0.160210,0.000000
2019-07-22 01:00:00,922.676758,0.126929,0.178185,0.000000
2019-07-22 02:00:00,924.762451,0.094617,0.160919,0.000000
2019-07-22 03:00:00,963.184509,0.069408,0.129938,0.019011
2019-07-22 04:00:00,1101.523193,0.058507,0.103931,0.087452
2019-07-22 05:00:00,1270.628906,0.042269,0.087143,0.197719
2019-07-22 06:00:00,1391.102539,0.096183,0.122695,0.300380
2019-07-22 07:00:00,1467.504395,0.114749,0.102292,0.357414
2019-07-22 08:00:00,1505.177979,0.121515,0.086150,0.418251
2019-07-22 09:00:00,1451.687134,0.164643,0.095980,0.422053
2019-07-22 10:00:00,1472.712402,0.172472,0.136763,0.467681
2019-07-22 11:00:00,1481.877563,0.187807,0.134580,0.528517
2019-07-22 12:00:00,1468.678101,0.190455,0.105557,0.406844
2019-07-22 13:00:00,1437.337524,0.174407,0.104227,0.319392
2019-07-22 14:00:00,1436.810181,0.182094,0.139693,0.228137
2019-07-22 15:00:00,1508.809570,0.188694,0.137763,0.117871
2019-07-22 16:00:00,1515.726563,0.223931,0.177369,0.060837
2019-07-22 17:00:00,1437.834106,0.240111,0.184650,0.026616
2019-07-22 18:00:00,1352.390015,0.201164,0.245524,0.003802
2019-07-22 19:00:00,1302.659912,0.179296,0.185433,0.000000
2019-07-22 20:00:00,1224.608276,0.195021,0.172248,0.000000
2019-07-22 21:00:00,1128.141113,0.214354,0.217213,0.000000
2019-07-22 22:00:00,1054.944092,0.199157,0.275926,0.000000
2019-07-22 23:00:00,998.182312,0.167527,0.204821,0.000000
2019-07-23 00:00:00,962.397583,0.140932,0.167463,0.000000
2019-07-23 01:00:00,955.877258,0.119758,0.106257,0.000000
2019-07-23 02:00:00,962.577209,0.107447,0.087938,0.000000
2019-07-23 03:00:00,1001.330505,0.098199,0.070809,0.007605
2019-07-23 04:00:00,1115.084839,0.092384,0.092173,0.049430
2019-07-23 05:00:00,1295.483032,0.129615,0.158804,0.148289
2019-07-23 06:00:00,1421.915405,0.124357,0.156715,0.296578
2019-07-23 07:00:00,1490.665039,0.100931,0.126504,0.498099
2019-07-23 08:00:00,1538.568970,0.109865,0.096129,0.726236
2019-07-23 09:00:00,1544.654175,0.113914,0.083979,0.844106
2019-07-23 10:00:00,1536.040649,0.143826,0.093919,0.912548
2019-07-23 11:00:00,1554.095459,0.159034,0.099417,0.927757
2019-07-23 12:00:00,1513.763062,0.154954,0.127724,0.878327
2019-07-23 13:00:00,1476.422607,0.143330,0.151026,0.794677
2019-07-23 14:00:00,1464.430542,0.145368,0.106007,0.657795
2019-07-23 15:00:00,1504.996582,0.130997,0.069087,0.505703
2019-07-23 16:00:00,1478.998535,0.117560,0.082715,0.307985
2019-07-23 17:00:00,1408.644409,0.073419,0.085021,0.136882
2019-07-23 18:00:00,1326.448120,0.032704,0.076433,0.038023
2019-07-23 19:00:00,1280.642212,0.028343,0.074934,0.003802
2019-07-23 20:00:00,1244.602783,0.037950,0.034875,0.000000
2019-07-23 21:00:00,1140.094238,0.030559,0.004480,0.000000
2019-07-23 22:00:00,1054.648926,0.011336,0.003290,0.000000
2019-07-23 23:00:00,994.127686,0.002777,0.029782,0.000000
2019-07-24 00:00:00,1024.178711,0.001926,0.026872,0.000000
2019-07-24 01:00:00,1008.113403,0.003150,0.017528,0.000000
2019-07-24 02:00:00,957.702576,0.003199,0.011470,0.000000
2019-07-24 03:00:00,992.738586,0.002406,0.001809,0.011407
2019-07-24 04:00:00,1133.020020,0.001680,0.000054,0.072243
2019-07-24 05:00:00,1316.354614,0.001885,0.000053,0.201521
2019-07-24 06:00:00,1450.192139,0.000515,0.000053,0.391635
2019-07-24 07:00:00,1527.620483,0.000590,0.000054,0.581749
2019-07-24 08:00:00,1563.573853,0.000941,0.000054,0.730038
2019-07-24 09:00:00,1571.042358,0.002160,0.000056,0.817490
2019-07-24 10:00:00,1554.771606,0.006031,0.000054,0.878327
2019-07-24 11:00:00,1554.659058,0.015014,0.000145,0.904943
2019-07-24 12:00:00,1526.738037,0.028039,0.014442,0.885932
2019-07-24 13:00:00,1487.330322,0.035801,0.039211,0.806084
2019-07-24 14:00:00,1472.235352,0.060851,0.106988,0.688213
2019-07-24 15:00:00,1499.080078,0.083818,0.200219,0.509506
2019-07-24 16:00:00,1482.080933,0.079568,0.305246,0.300380
2019-07-24 17:00:00,1424.882813,0.072960,0.323906,0.152091
2019-07-24 18:00:00,1343.553223,0.061799,0.382935,0.041825
2019-07-24 19:00:00,1305.671997,0.097140,0.392361,0.003802
2019-07-24 20:00:00,1274.687378,0.146022,0.416385,0.000000
2019-07-24 21:00:00,1172.465332,0.169904,0.241632,0.000000
2019-07-24 22:00:00,1093.950317,0.192499,0.207551,0.000000
2019-07-24 23:00:00,1070.230591,0.181518,0.178226,0.000000
2019-07-25 00:00:00,1045.211914,0.177723,0.146593,0.000000
2019-07-25 01:00:00,1019.361450,0.190429,0.154810,0.000000
2019-07-25 02:00:00,1000.482910,0.217302,0.130737,0.000000
2019-07-25 03:00:00,1031.159912,0.212015,0.198911,0.011407
2019-07-25 04:00:00,1151.489014,0.135314,0.234277,0.076046
2019-07-25 05:00:00,1333.441772,0.129879,0.179527,0.197719
2019-07-25 06:00:00,1459.490112,0.132153,0.200669,0.334601
2019-07-25 07:00:00,1530.663940,0.139871,0.181688,0.558935
2019-07-25 08:00:00,1569.484253,0.127112,0.185179,0.733840
2019-07-25 09:00:00,1575.138672,0.115040,0.156263,0.847909
2019-07-25 10:00:00,1557.792114,0.119234,0.177689,0.855513
2019-07-25 11:00:00,1556.526489,0.136240,0.250376,0.836502
2019-07-25 12:00:00,1522.775879,0.159806,0.364215,0.756654
2019-07-25 13:00:00,1508.170532,0.167165,0.442980,0.775665
2019-07-25 14:00:00,1490.560181,0.169791,0.454260,0.665399
2019-07-25 15:00:00,1518.102783,0.142820,0.447763,0.498099
2019-07-25 16:00:00,1494.664185,0.153568,0.453811,0.304183
2019-07-25 17:00:00,1426.307373,0.148208,0.424243,0.125475
2019-07-25 18:00:00,1348.099121,0.107952,0.345958,0.030418
2019-07-25 19:00:00,1307.102295,0.109986,0.292331,0.003802
2019-07-25 20:00:00,1268.946045,0.117371,0.219482,0.000000
2019-07-25 21:00:00,1170.386230,0.120799,0.194614,0.000000
2019-07-25 22:00:00,1092.618652,0.089258,0.078373,0.000000
2019-07-25 23:00:00,1028.468140,0.064322,0.057322,0.000000
2019-07-26 00:00:00,1003.391968,0.056130,0.057685,0.000000
2019-07-26 01:00:00,989.819580,0.065156,0.062276,0.000000
2019-07-26 02:00:00,995.912964,0.075713,0.044703,0.000000
2019-07-26 03:00:00,1050.704712,0.075334,0.037525,0.015209
2019-07-26 04:00:00,1152.407104,0.099649,0.109629,0.068441
2019-07-26 05:00:00,1323.873413,0.077263,0.143935,0.190114
2019-07-26 06:00:00,1463.472778,0.042054,0.126197,0.372624
2019-07-26 07:00:00,1535.703125,0.043281,0.140787,0.536122
2019-07-26 08:00:00,1592.197876,0.084198,0.151721,0.737643
2019-07-26 09:00:00,1596.869751,0.130605,0.134490,0.851711
2019-07-26 10:00:00,1587.277222,0.169372,0.189651,0.897338
2019-07-26 11:00:00,1567.474976,0.228140,0.262172,0.878327
2019-07-26 12:00:00,1539.715820,0.295650,0.396709,0.844106
2019-07-26 13:00:00,1501.159058,0.297774,0.589987,0.764259
2019-07-26 14:00:00,1485.181641,0.245546,0.480350,0.638783
2019-07-26 15:00:00,1500.742798,0.258847,0.319893,0.406844
2019-07-26 16:00:00,1482.854248,0.203107,0.151413,0.247148
2019-07-26 17:00:00,1409.116455,0.218223,0.348524,0.114068
2019-07-26 18:00:00,1326.819458,0.203528,0.333639,0.030418
2019-07-26 19:00:00,1288.937622,0.152683,0.428205,0.000000
2019-07-26 20:00:00,1270.533691,0.187609,0.498533,0.000000
2019-07-26 21:00:00,1167.238281,0.216378,0.679283,0.000000
2019-07-26 22:00:00,1085.586670,0.246112,0.493653,0.000000
2019-07-26 23:00:00,1033.072510,0.338275,0.801529,0.000000
2019-07-27 00:00:00,997.525757,0.327095,0.808417,0.000000
2019-07-27 01:00:00,983.006592,0.314386,0.647406,0.000000
2019-07-27 02:00:00,972.124207,0.293075,0.597626,0.000000
2019-07-27 03:00:00,949.851318,0.270591,0.556193,0.003802
2019-07-27 04:00:00,1011.664124,0.249347,0.604396,0.064639
2019-07-27 05:00:00,1117.207520,0.251326,0.671028,0.163498
2019-07-27 06:00:00,1245.000000,0.303224,0.709159,0.349810
2019-07-27 07:00:00,1328.865967,0.322755,0.669722,0.562738
2019-07-27 08:00:00,1393.171509,0.429340,0.709504,0.665399
2019-07-27 09:00:00,1428.648560,0.602435,0.807914,0.775665
2019-07-27 10:00:00,1452.380859,0.680742,0.900038,0.840304
2019-07-27 11:00:00,1447.611084,0.726987,0.897061,0.863118
2019-07-27 12:00:00,1409.245239,0.693271,0.844895,0.821293
2019-07-27 13:00:00,1389.585571,0.733898,0.927699,0.783270
2019-07-27 14:00:00,1398.670532,0.711581,0.891013,0.699620
2019-07-27 15:00:00,1447.517212,0.704277,0.898758,0.520913
2019-07-27 16:00:00,1427.230225,0.604852,0.901949,0.304183
2019-07-27 17:00:00,1354.542114,0.509343,0.564325,0.136882
2019-07-27 18:00:00,1292.445190,0.501855,0.575674,0.034221
2019-07-27 19:00:00,1260.992188,0.481202,0.599861,0.000000
2019-07-27 20:00:00,1238.980957,0.454799,0.631087,0.000000
2019-07-27 21:00:00,1169.516479,0.410595,0.631642,0.000000
2019-07-27 22:00:00,1086.452881,0.339790,0.645035,0.000000
2019-07-27 23:00:00,1036.130005,0.337411,0.656802,0.000000
2019-07-28 00:00:00,1005.793335,0.327234,0.587028,0.000000
2019-07-28 01:00:00,976.530884,0.342759,0.563594,0.000000
2019-07-28 02:00:00,957.788574,0.289094,0.463968,0.000000
2019-07-28 03:00:00,938.894104,0.254259,0.490722,0.003802
2019-07-28 04:00:00,996.257263,0.256332,0.475519,0.057034
2019-07-28 05:00:00,1089.798584,0.301241,0.538494,0.136882
2019-07-28 06:00:00,1229.294312,0.407631,0.644513,0.190114
2019-07-28 07:00:00,1306.227539,0.374002,0.595299,0.205323
2019-07-28 08:00:00,1350.305176,0.432239,0.600187,0.296578
2019-07-28 09:00:00,1346.772949,0.450981,0.693530,0.334601
2019-07-28 10:00:00,1363.897705,0.435931,0.654884,0.536122
2019-07-28 11:00:00,1386.964478,0.468439,0.732623,0.631179
2019-07-28 12:00:00,1365.359863,0.465864,0.704595,0.650190
2019-07-28 13:00:00,1365.312012,0.407430,0.697166,0.676806
2019-07-28 14:00:00,1391.371216,0.407147,0.682913,0.673004
2019-07-28 15:00:00,1430.958740,0.382745,0.533291,0.486692
2019-07-28 16:00:00,1444.014282,0.300820,0.487737,0.330798
2019-07-28 17:00:00,1401.341187,0.231831,0.513011,0.163498
2019-07-28 18:00:00,1331.816162,0.168813,0.453347,0.049430
2019-07-28 19:00:00,1287.930420,0.164778,0.400503,0.003802
2019-07-28 20:00:00,1244.476318,0.171379,0.315060,0.000000
2019-07-28 21:00:00,1152.283569,0.164943,0.251295,0.000000
2019-07-28 22:00:00,1074.309937,0.156988,0.229862,0.000000
2019-07-28 23:00:00,1014.364136,0.127244,0.174175,0.000000
2019-07-29 00:00:00,986.847351,0.103253,0.134446,0.000000
2019-07-29 01:00:00,976.905579,0.090444,0.141864,0.000000
2019-07-29 02:00:00,989.804810,0.089928,0.139605,0.000000
2019-07-29 03:00:00,1021.770691,0.085598,0.140276,0.011407
2019-07-29 04:00:00,1154.273438,0.073921,0.134120,0.068441
2019-07-29 05:00:00,1346.456177,0.043304,0.148790,0.182510
2019-07-29 06:00:00,1489.653320,0.019774,0.098160,0.353612
2019-07-29 07:00:00,1576.654175,0.017659,0.080148,0.520913
2019-07-29 08:00:00,1625.399780,0.015841,0.062651,0.650190
2019-07-29 09:00:00,1642.158936,0.020547,0.059020,0.737643
2019-07-29 10:00:00,1647.340454,0.027278,0.042775,0.790875
2019-07-29 11:00:00,1641.458984,0.026108,0.058569,0.749049
2019-07-29 12:00:00,1604.907227,0.035019,0.064480,0.714829
2019-07-29 13:00:00,1575.129517,0.032929,0.075888,0.657795
2019-07-29 14:00:00,1562.626587,0.032950,0.049746,0.574144
2019-07-29 15:00:00,1600.870972,0.038107,0.011387,0.425856
2019-07-29 16:00:00,1588.488403,0.038295,0.001624,0.262357
2019-07-29 17:00:00,1514.152344,0.027357,0.000804,0.110266
2019-07-29 18:00:00,1419.376831,0.027691,0.004357,0.026616
2019-07-29 19:00:00,1378.609009,0.024671,0.012097,0.003802
2019-07-29 20:00:00,1320.997925,0.028645,0.010286,0.000000
2019-07-29 21:00:00,1206.316528,0.029059,0.004408,0.000000
2019-07-29 22:00:00,1115.427002,0.037886,0.001138,0.000000
2019-07-29 23:00:00,1063.165283,0.037911,0.010940,0.000000
2019-07-30 00:00:00,1035.118530,0.021795,0.012859,0.000000
2019-07-30 01:00:00,1025.523926,0.028515,0.003367,0.000000
2019-07-30 02:00:00,1045.247314,0.027485,0.007139,0.000000
2019-07-30 03:00:00,1076.835449,0.028119,0.010226,0.007605
2019-07-30 04:00:00,1214.317993,0.039194,0.025446,0.060837
2019-07-30 05:00:00,1391.611816,0.030529,0.046477,0.155894
2019-07-30 06:00:00,1521.072754,0.027935,0.012435,0.273764
2019-07-30 07:00:00,1612.580444,0.029404,0.010622,0.403042
2019-07-30 08:00:00,1666.226929,0.024584,0.003223,0.482890
2019-07-30 09:00:00,1663.598633,0.023925,0.009127,0.501901
2019-07-30 10:00:00,1645.803589,0.032865,0.021728,0.509506
2019-07-30 11:00:00,1633.848511,0.051989,0.031232,0.536122
2019-07-30 12:00:00,1611.041626,0.076641,0.061292,0.475285
2019-07-30 13:00:00,1549.135742,0.083393,0.065844,0.361217
2019-07-30 14:00:00,1550.679688,0.089697,0.038798,0.338403
2019-07-30 15:00:00,1592.194092,0.117009,0.039738,0.235741
2019-07-30 16:00:00,1571.323364,0.157840,0.057689,0.095057
2019-07-30 17:00:00,1477.704102,0.177834,0.085502,0.038023
2019-07-30 18:00:00,1399.540771,0.177833,0.149258,0.007605
2019-07-30 19:00:00,1356.750977,0.191434,0.084918,0.003802
2019-07-30 20:00:00,1269.190308,0.207807,0.117745,0.000000
2019-07-30 21:00:00,1163.062256,0.219174,0.525961,0.000000
2019-07-30 22:00:00,1096.017212,0.274044,0.462632,0.000000
2019-07-30 23:00:00,1046.419678,0.255034,0.292546,0.000000
2019-07-31 00:00:00,1010.810730,0.221439,0.239887,0.000000
2019-07-31 01:00:00,1005.097717,0.175921,0.290001,0.000000
2019-07-31 02:00:00,1014.193054,0.142157,0.227262,0.000000
2019-07-31 03:00:00,1064.664063,0.086024,0.139022,0.003802
2019-07-31 04:00:00,1204.450684,0.065068,0.082136,0.011407
2019-07-31 05:00:00,1367.304688,0.076926,0.056746,0.026616
2019-07-31 06:00:00,1482.117065,0.088655,0.056715,0.064639
2019-07-31 07:00:00,1554.971191,0.106115,0.082948,0.140684
2019-07-31 08:00:00,1609.857788,0.146143,0.147765,0.250951
2019-07-31 09:00:00,1617.882813,0.161965,0.215200,0.288973
2019-07-31 10:00:00,1580.074341,0.186253,0.161497,0.300380
2019-07-31 11:00:00,1586.848267,0.226070,0.085939,0.307985
2019-07-31 12:00:00,1547.195557,0.161241,0.077716,0.319392
2019-07-31 13:00:00,1531.995361,0.181967,0.061909,0.296578
2019-07-31 14:00:00,1518.107300,0.179847,0.062333,0.262357
2019-07-31 15:00:00,1571.402344,0.174361,0.042273,0.190114
2019-07-31 16:00:00,1545.147339,0.173332,0.166333,0.095057
2019-07-31 17:00:00,1462.766479,0.158649,0.313004,0.041825
2019-07-31 18:00:00,1380.218140,0.117731,0.214962,0.011407
2019-07-31 19:00:00,1342.037354,0.080931,0.101589,0.003802
2019-07-31 20:00:00,1262.881836,0.103203,0.038800,0.000000
2019-07-31 21:00:00,1144.612549,0.113373,0.127987,0.007605
2019-07-31 22:00:00,1069.220581,0.110715,0.093034,0.000000
2019-07-31 23:00:00,1014.321472,0.084271,0.102463,0.000000
2019-08-01 00:00:00,993.260254,0.058926,0.048052,0.000000
2019-08-01 01:00:00,986.142456,0.044461,0.034898,0.000000
2019-08-01 02:00:00,1000.139160,0.039950,0.021448,0.000000
2019-08-01 03:00:00,1049.244019,0.040262,0.009442,0.000000
2019-08-01 04:00:00,1174.903931,0.041785,0.007757,0.015209
2019-08-01 05:00:00,1352.039307,0.039018,0.017261,0.041825
2019-08-01 06:00:00,1479.064087,0.042219,0.011814,0.068441
2019-08-01 07:00:00,1559.310913,0.047395,0.013857,0.106464
2019-08-01 08:00:00,1612.028076,0.047816,0.019672,0.148289
2019-08-01 09:00:00,1614.186035,0.044696,0.006907,0.178707
2019-08-01 10:00:00,1602.854614,0.036494,0.004477,0.254753
2019-08-01 11:00:00,1578.787598,0.025503,0.001755,0.285171
2019-08-01 12:00:00,1547.654907,0.015348,0.001720,0.319392
2019-08-01 13:00:00,1519.239258,0.010938,0.007003,0.338403
2019-08-01 14:00:00,1497.575562,0.014998,0.005405,0.311787
2019-08-01 15:00:00,1534.410767,0.027623,0.003880,0.262357
2019-08-01 16:00:00,1521.538086,0.036351,0.009255,0.167300
2019-08-01 17:00:00,1441.134644,0.030258,0.010549,0.087452
2019-08-01 18:00:00,1358.301025,0.019783,0.008504,0.022814
2019-08-01 19:00:00,1318.282349,0.012318,0.003692,0.003802
2019-08-01 20:00:00,1258.664185,0.012102,0.013623,0.000000
2019-08-01 21:00:00,1144.510986,0.008883,0.003740,0.000000
2019-08-01 22:00:00,1063.926270,0.003433,0.000297,0.000000
2019-08-01 23:00:00,1001.538452,0.005385,0.000053,0.000000
2019-08-02 00:00:00,977.275879,0.011313,0.000747,0.000000
2019-08-02 01:00:00,967.237854,0.029423,0.017606,0.000000
2019-08-02 02:00:00,990.741516,0.036586,0.037636,0.000000
2019-08-02 03:00:00,1019.923401,0.025730,0.042260,0.003802
2019-08-02 04:00:00,1151.578247,0.020643,0.050458,0.049430
2019-08-02 05:00:00,1329.044678,0.009735,0.039810,0.140684
2019-08-02 06:00:00,1460.167603,0.003926,0.029318,0.258555
2019-08-02 07:00:00,1537.718994,0.005639,0.013917,0.357414
2019-08-02 08:00:00,1588.996460,0.007350,0.007255,0.498099
2019-08-02 09:00:00,1607.232910,0.010615,0.008467,0.555133
2019-08-02 10:00:00,1587.719971,0.018456,0.003826,0.509506
2019-08-02 11:00:00,1574.358643,0.020684,0.008965,0.596958
2019-08-02 12:00:00,1517.750610,0.019059,0.005326,0.612167
2019-08-02 13:00:00,1465.282593,0.014832,0.000282,0.562738
2019-08-02 14:00:00,1443.239258,0.014195,0.000236,0.467681
2019-08-02 15:00:00,1489.536011,0.013415,0.000579,0.353612
2019-08-02 16:00:00,1487.147217,0.011600,0.006273,0.224335
2019-08-02 17:00:00,1412.985962,0.009692,0.009874,0.106464
2019-08-02 18:00:00,1329.536255,0.006754,0.008052,0.026616
2019-08-02 19:00:00,1296.086060,0.012981,0.000640,0.015209
2019-08-02 20:00:00,1244.912354,0.021333,0.000791,0.000000
2019-08-02 21:00:00,1147.542114,0.018914,0.000297,0.000000
2019-08-02 22:00:00,1065.859985,0.015329,0.001104,0.000000
2019-08-02 23:00:00,1007.721436,0.011100,0.002180,0.000000
2019-08-03 00:00:00,976.462891,0.008228,0.006193,0.000000
2019-08-03 01:00:00,958.615417,0.003898,0.008952,0.000000
2019-08-03 02:00:00,954.538696,0.004565,0.015963,0.000000
2019-08-03 03:00:00,938.705078,0.007833,0.020423,0.007605
2019-08-03 04:00:00,986.394409,0.009167,0.017445,0.060837
2019-08-03 05:00:00,1091.451172,0.008012,0.012992,0.178707
2019-08-03 06:00:00,1225.864868,0.004722,0.009834,0.365019
2019-08-03 07:00:00,1329.635132,0.004408,0.003592,0.558935
2019-08-03 08:00:00,1383.491943,0.004368,0.004662,0.722433
2019-08-03 09:00:00,1390.415894,0.008552,0.006786,0.794677
2019-08-03 10:00:00,1378.147949,0.018733,0.003169,0.828897
2019-08-03 11:00:00,1353.791992,0.033515,0.006275,0.806084
2019-08-03 12:00:00,1326.251953,0.051115,0.029029,0.764259
2019-08-03 13:00:00,1311.746948,0.057639,0.036974,0.703422
2019-08-03 14:00:00,1325.116821,0.053253,0.047330,0.623574
2019-08-03 15:00:00,1371.388916,0.029523,0.028899,0.460076
2019-08-03 16:00:00,1391.593384,0.010891,0.012949,0.281369
2019-08-03 17:00:00,1335.444092,0.007633,0.007977,0.117871
2019-08-03 18:00:00,1284.624512,0.011894,0.005228,0.026616
2019-08-03 19:00:00,1261.937744,0.038855,0.001237,0.000000
2019-08-03 20:00:00,1226.121338,0.056673,0.021916,0.000000
2019-08-03 21:00:00,1129.773438,0.075742,0.043058,0.000000
2019-08-03 22:00:00,1062.697388,0.096548,0.176422,0.000000
2019-08-03 23:00:00,1007.550842,0.111794,0.160370,0.000000
2019-08-04 00:00:00,973.052063,0.081582,0.155452,0.000000
2019-08-04 01:00:00,953.405273,0.082655,0.219087,0.000000
2019-08-04 02:00:00,947.082336,0.091131,0.184267,0.000000
2019-08-04 03:00:00,925.741150,0.068744,0.118551,0.003802
2019-08-04 04:00:00,965.914612,0.048159,0.084932,0.053232
2019-08-04 05:00:00,1065.623657,0.031020,0.078033,0.174905
2019-08-04 06:00:00,1184.308960,0.034406,0.076339,0.323194
2019-08-04 07:00:00,1289.688354,0.044465,0.074753,0.479087
2019-08-04 08:00:00,1354.674194,0.070353,0.096917,0.566540
2019-08-04 09:00:00,1379.936646,0.108287,0.121326,0.619772
2019-08-04 10:00:00,1399.691650,0.107208,0.130945,0.623574
2019-08-04 11:00:00,1366.230957,0.093307,0.070968,0.539924
2019-08-04 12:00:00,1355.430054,0.102192,0.053464,0.528517
2019-08-04 13:00:00,1350.330200,0.120629,0.060593,0.498099
2019-08-04 14:00:00,1360.876831,0.141055,0.066492,0.422053
2019-08-04 15:00:00,1435.896362,0.128355,0.050327,0.307985
2019-08-04 16:00:00,1468.423584,0.104152,0.058816,0.190114
2019-08-04 17:00:00,1394.697144,0.063810,0.028793,0.068441
2019-08-04 18:00:00,1332.528198,0.046757,0.010298,0.015209
2019-08-04 19:00:00,1303.413940,0.055493,0.008521,0.003802
2019-08-04 20:00:00,1218.478882,0.045450,0.040641,0.000000
2019-08-04 21:00:00,1116.763184,0.033538,0.054152,0.000000
2019-08-04 22:00:00,1034.384888,0.028176,0.014179,0.000000
2019-08-04 23:00:00,992.807983,0.023052,0.003157,0.000000
2019-08-05 00:00:00,969.239441,0.014610,0.004084,0.000000
2019-08-05 01:00:00,965.425232,0.011256,0.004949,0.000000
2019-08-05 02:00:00,986.921936,0.009249,0.003568,0.000000
2019-08-05 03:00:00,1030.822876,0.006782,0.002980,0.003802
2019-08-05 04:00:00,1188.768799,0.002541,0.003461,0.057034
2019-08-05 05:00:00,1387.107422,0.000397,0.001025,0.159696
2019-08-05 06:00:00,1531.264526,0.001628,0.000052,0.338403
2019-08-05 07:00:00,1605.280518,0.004287,0.000655,0.479087
2019-08-05 08:00:00,1644.436646,0.005607,0.000052,0.600760
2019-08-05 09:00:00,1645.988159,0.007038,0.000774,0.669202
2019-08-05 10:00:00,1630.622192,0.010258,0.009420,0.642586
2019-08-05 11:00:00,1624.669678,0.016375,0.011188,0.650190
2019-08-05 12:00:00,1597.739014,0.015892,0.006768,0.634981
2019-08-05 13:00:00,1579.022949,0.013111,0.004349,0.596958
2019-08-05 14:00:00,1577.142456,0.012149,0.010476,0.448669
2019-08-05 15:00:00,1636.960693,0.015989,0.010272,0.292776
2019-08-05 16:00:00,1610.659546,0.018934,0.011613,0.186312
2019-08-05 17:00:00,1522.219238,0.017109,0.027014,0.076046
2019-08-05 18:00:00,1439.162231,0.005711,0.017608,0.007605
2019-08-05 19:00:00,1409.937744,0.004967,0.010328,0.003802
2019-08-05 20:00:00,1306.296631,0.009516,0.004098,0.000000
2019-08-05 21:00:00,1172.411743,0.019662,0.003768,0.000000
2019-08-05 22:00:00,1096.735962,0.024089,0.004695,0.000000
2019-08-05 23:00:00,1040.590332,0.041050,0.017571,0.000000
2019-08-06 00:00:00,1019.140747,0.096577,0.153594,0.000000
2019-08-06 01:00:00,1014.623413,0.130312,0.203150,0.000000
2019-08-06 02:00:00,1037.136108,0.133704,0.131775,0.000000
2019-08-06 03:00:00,1089.223511,0.138899,0.117110,0.003802
2019-08-06 04:00:00,1243.770630,0.182654,0.179708,0.045627
2019-08-06 05:00:00,1442.777344,0.212726,0.248976,0.136882
2019-08-06 06:00:00,1568.490845,0.236853,0.281274,0.231939
2019-08-06 07:00:00,1636.760498,0.300524,0.224954,0.353612
2019-08-06 08:00:00,1675.760620,0.347456,0.204662,0.494297
2019-08-06 09:00:00,1684.521240,0.368238,0.217524,0.669202
2019-08-06 10:00:00,1677.100098,0.324891,0.173321,0.733840
2019-08-06 11:00:00,1658.705200,0.289709,0.104425,0.832700
2019-08-06 12:00:00,1641.331909,0.240350,0.063223,0.760456
2019-08-06 13:00:00,1595.986572,0.210696,0.045832,0.631179
2019-08-06 14:00:00,1608.547974,0.179405,0.033148,0.482890
2019-08-06 15:00:00,1656.978394,0.137555,0.014009,0.319392
2019-08-06 16:00:00,1630.070313,0.090045,0.013322,0.174905
2019-08-06 17:00:00,1535.145996,0.107002,0.011966,0.064639
2019-08-06 18:00:00,1441.439575,0.080137,0.021902,0.011407
2019-08-06 19:00:00,1403.625366,0.070944,0.018578,0.003802
2019-08-06 20:00:00,1302.409912,0.104994,0.034922,0.000000
2019-08-06 21:00:00,1185.012695,0.131753,0.091007,0.034221
2019-08-06 22:00:00,1093.538818,0.120480,0.075943,0.000000
2019-08-06 23:00:00,1044.764893,0.088640,0.074846,0.000000
2019-08-07 00:00:00,1014.904419,0.051412,0.043369,0.000000
2019-08-07 01:00:00,1013.558350,0.044764,0.021461,0.000000
2019-08-07 02:00:00,1029.037354,0.041577,0.010896,0.000000
2019-08-07 03:00:00,1082.353516,0.029912,0.004164,0.003802
2019-08-07 04:00:00,1228.667603,0.029465,0.000455,0.053232
2019-08-07 05:00:00,1429.298462,0.024496,0.000640,0.167300
2019-08-07 06:00:00,1559.529541,0.032309,0.006462,0.349810
2019-08-07 07:00:00,1623.557617,0.067796,0.017397,0.536122
2019-08-07 08:00:00,1665.552246,0.119505,0.039792,0.623574
2019-08-07 09:00:00,1666.757202,0.168179,0.045775,0.570342
2019-08-07 10:00:00,1684.600586,0.205423,0.130866,0.551331
2019-08-07 11:00:00,1687.983398,0.336045,0.149680,0.425856
2019-08-07 12:00:00,1661.647705,0.290294,0.052263,0.281369
2019-08-07 13:00:00,1616.997559,0.192544,0.058046,0.399240
2019-08-07 14:00:00,1597.799927,0.127541,0.062931,0.391635
2019-08-07 15:00:00,1650.060669,0.156018,0.049455,0.346008
2019-08-07 16:00:00,1603.252686,0.130701,0.100017,0.212928
2019-08-07 17:00:00,1513.987793,0.139425,0.109129,0.087452
2019-08-07 18:00:00,1431.549561,0.176031,0.134179,0.026616
2019-08-07 19:00:00,1394.454712,0.172859,0.181336,0.011407
2019-08-07 20:00:00,1303.093994,0.165673,0.177872,0.000000
2019-08-07 21:00:00,1191.245361,0.166898,0.207545,0.000000
2019-08-07 22:00:00,1102.126465,0.177257,0.234432,0.000000
2019-08-07 23:00:00,1043.676392,0.179621,0.284530,0.000000
2019-08-08 00:00:00,1015.556396,0.200799,0.223399,0.000000
2019-08-08 01:00:00,1008.759094,0.194039,0.219178,0.000000
2019-08-08 02:00:00,1028.388062,0.173342,0.188545,0.000000
2019-08-08 03:00:00,1079.206787,0.157742,0.180935,0.003802
2019-08-08 04:00:00,1244.718384,0.145543,0.324423,0.049430
2019-08-08 05:00:00,1422.270630,0.170867,0.413322,0.152091
2019-08-08 06:00:00,1565.152100,0.209650,0.385567,0.300380
2019-08-08 07:00:00,1636.111938,0.288602,0.528686,0.372624
2019-08-08 08:00:00,1663.478882,0.369631,0.475913,0.456274
2019-08-08 09:00:00,1708.220581,0.410761,0.457756,0.692015
2019-08-08 10:00:00,1704.167236,0.475765,0.481757,0.612167
2019-08-08 11:00:00,1703.323975,0.541716,0.552540,0.501901
2019-08-08 12:00:00,1639.551636,0.424437,0.522694,0.376426
2019-08-08 13:00:00,1611.933350,0.444311,0.441681,0.627376
2019-08-08 14:00:00,1607.420898,0.619649,0.477459,0.532319
2019-08-08 15:00:00,1699.451660,0.625436,0.674651,0.239544
2019-08-08 16:00:00,1654.252441,0.647240,0.788375,0.159696
2019-08-08 17:00:00,1573.563843,0.578501,0.771267,0.068441
2019-08-08 18:00:00,1491.100586,0.529973,0.759816,0.030418
2019-08-08 19:00:00,1440.166016,0.524266,0.821783,0.030418
2019-08-08 20:00:00,1348.824463,0.466602,0.809740,0.000000
2019-08-08 21:00:00,1215.061646,0.421690,0.780323,0.000000
2019-08-08 22:00:00,1118.347290,0.491042,0.764242,0.000000
2019-08-08 23:00:00,1063.199097,0.449819,0.699242,0.000000
2019-08-09 00:00:00,1033.232178,0.401506,0.659003,0.000000
2019-08-09 01:00:00,1020.180969,0.329264,0.606909,0.000000
2019-08-09 02:00:00,1034.634399,0.241113,0.433636,0.000000
2019-08-09 03:00:00,1081.182251,0.187871,0.430526,0.003802
2019-08-09 04:00:00,1235.242798,0.138593,0.310883,0.045627
2019-08-09 05:00:00,1421.386475,0.083274,0.214562,0.144487
2019-08-09 06:00:00,1543.462036,0.077205,0.184481,0.292776
2019-08-09 07:00:00,1619.396362,0.053658,0.074753,0.482890
2019-08-09 08:00:00,1661.869141,0.037112,0.028263,0.638783
2019-08-09 09:00:00,1666.088135,0.056447,0.010783,0.756654
2019-08-09 10:00:00,1658.046997,0.041515,0.001252,0.798479
2019-08-09 11:00:00,1634.011353,0.025599,0.000982,0.714829
2019-08-09 12:00:00,1603.461914,0.016307,0.003017,0.619772
2019-08-09 13:00:00,1563.384766,0.021943,0.004016,0.418251
2019-08-09 14:00:00,1551.351440,0.026746,0.010727,0.311787
2019-08-09 15:00:00,1594.479248,0.041986,0.042542,0.235741
2019-08-09 16:00:00,1565.750244,0.048521,0.097195,0.152091
2019-08-09 17:00:00,1479.954468,0.067242,0.194892,0.060837
2019-08-09 18:00:00,1394.020996,0.129763,0.296125,0.011407
2019-08-09 19:00:00,1368.994507,0.226881,0.397218,0.003802
2019-08-09 20:00:00,1289.377930,0.237318,0.639206,0.000000
2019-08-09 21:00:00,1218.092285,0.336803,0.829364,0.000000
2019-08-09 22:00:00,1133.432129,0.426898,0.813647,0.000000
2019-08-09 23:00:00,1093.014404,0.526298,0.925531,0.000000
2019-08-10 00:00:00,1068.365723,0.626701,0.980613,0.000000
2019-08-10 01:00:00,1052.102295,0.626191,0.970865,0.000000
2019-08-10 02:00:00,1043.861328,0.529148,0.908807,0.000000
2019-08-10 03:00:00,1032.614380,0.445910,0.735869,0.000000
2019-08-10 04:00:00,1058.590210,0.393432,0.690941,0.011407
2019-08-10 05:00:00,1151.694336,0.353571,0.588970,0.053232
2019-08-10 06:00:00,1276.706421,0.250688,0.394742,0.136882
2019-08-10 07:00:00,1373.271851,0.200524,0.276633,0.334601
2019-08-10 08:00:00,1454.013306,0.233528,0.372363,0.551331
2019-08-10 09:00:00,1508.720947,0.353855,0.529265,0.718631
2019-08-10 10:00:00,1534.161743,0.481489,0.674246,0.676806
2019-08-10 11:00:00,1503.625610,0.536064,0.747124,0.585551
2019-08-10 12:00:00,1466.949707,0.575851,0.711528,0.581749
2019-08-10 13:00:00,1462.309570,0.645985,0.705587,0.536122
2019-08-10 14:00:00,1461.980347,0.583672,0.698346,0.292776
2019-08-10 15:00:00,1532.536255,0.525904,0.608114,0.216730
2019-08-10 16:00:00,1513.618042,0.434452,0.222226,0.182510
2019-08-10 17:00:00,1423.062500,0.341826,0.304003,0.083650
2019-08-10 18:00:00,1364.897217,0.324654,0.632314,0.015209
2019-08-10 19:00:00,1363.732910,0.423418,0.832821,0.003802
2019-08-10 20:00:00,1289.817017,0.470778,0.870006,0.000000
2019-08-10 21:00:00,1215.696777,0.522587,0.770462,0.000000
2019-08-10 22:00:00,1148.336060,0.604495,0.898526,0.000000
2019-08-10 23:00:00,1108.043823,0.637913,0.939049,0.000000
2019-08-11 00:00:00,1059.582642,0.677380,0.898319,0.000000
2019-08-11 01:00:00,1037.466675,0.663778,0.951808,0.000000
2019-08-11 02:00:00,1023.486938,0.657527,0.899132,0.000000
2019-08-11 03:00:00,1026.155273,0.668189,0.910051,0.003802
2019-08-11 04:00:00,1066.227051,0.697978,0.935577,0.045627
2019-08-11 05:00:00,1169.115112,0.695625,0.961919,0.144487
2019-08-11 06:00:00,1337.118530,0.771945,0.961808,0.300380
2019-08-11 07:00:00,1435.390503,0.808542,0.968019,0.467681
2019-08-11 08:00:00,1504.074951,0.798489,0.951866,0.665399
2019-08-11 09:00:00,1516.591309,0.778779,0.952891,0.737643
2019-08-11 10:00:00,1527.229858,0.745141,0.906548,0.752852
2019-08-11 11:00:00,1499.444824,0.642402,0.719730,0.794677
2019-08-11 12:00:00,1476.089355,0.616866,0.516315,0.817490
2019-08-11 13:00:00,1447.069702,0.628108,0.453611,0.669202
2019-08-11 14:00:00,1462.505737,0.616792,0.465208,0.558935
2019-08-11 15:00:00,1554.596802,0.449314,0.260887,0.395437
2019-08-11 16:00:00,1549.416626,0.287768,0.179568,0.231939
2019-08-11 17:00:00,1488.993408,0.161084,0.132857,0.083650
2019-08-11 18:00:00,1425.752075,0.094089,0.091878,0.015209
2019-08-11 19:00:00,1400.445801,0.084496,0.059996,0.003802
2019-08-11 20:00:00,1306.077515,0.053833,0.061546,0.000000
2019-08-11 21:00:00,1192.058594,0.029804,0.053792,0.000000
2019-08-11 22:00:00,1100.150024,0.027721,0.079906,0.000000
2019-08-11 23:00:00,1058.211670,0.040415,0.072296,0.000000
2019-08-12 00:00:00,1036.783569,0.067450,0.108008,0.000000
2019-08-12 01:00:00,1038.289063,0.077285,0.168810,0.000000
2019-08-12 02:00:00,1059.632690,0.111972,0.211591,0.000000
2019-08-12 03:00:00,1130.838379,0.166166,0.170188,0.000000
2019-08-12 04:00:00,1305.102051,0.242870,0.164059,0.038023
2019-08-12 05:00:00,1517.513672,0.340586,0.342487,0.140684
2019-08-12 06:00:00,1638.237427,0.441779,0.496284,0.311787
2019-08-12 07:00:00,1695.345093,0.447165,0.427346,0.524715
2019-08-12 08:00:00,1740.119995,0.493918,0.525534,0.684411
2019-08-12 09:00:00,1758.052124,0.513715,0.477393,0.783270
2019-08-12 10:00:00,1746.600098,0.457771,0.348603,0.825095
2019-08-12 11:00:00,1748.970215,0.470108,0.350389,0.768061
2019-08-12 12:00:00,1716.760498,0.485636,0.347862,0.680608
2019-08-12 13:00:00,1670.193848,0.488361,0.329802,0.539924
2019-08-12 14:00:00,1642.639648,0.445630,0.282486,0.543726
2019-08-12 15:00:00,1718.622925,0.411801,0.200419,0.467681
2019-08-12 16:00:00,1682.330811,0.376406,0.153530,0.254753
2019-08-12 17:00:00,1591.477539,0.243737,0.120849,0.087452
2019-08-12 18:00:00,1503.804932,0.128064,0.048056,0.011407
2019-08-12 19:00:00,1463.437866,0.087003,0.028068,0.000000
2019-08-12 20:00:00,1342.884888,0.097031,0.055053,0.000000
2019-08-12 21:00:00,1219.159546,0.079097,0.028862,0.000000
2019-08-12 22:00:00,1134.615479,0.084642,0.032747,0.000000
2019-08-12 23:00:00,1107.867676,0.091078,0.123023,0.000000
2019-08-13 00:00:00,1065.055176,0.111454,0.110701,0.000000
2019-08-13 01:00:00,1061.277222,0.158360,0.188596,0.000000
2019-08-13 02:00:00,1081.900146,0.109856,0.213809,0.000000
2019-08-13 03:00:00,1157.857300,0.137126,0.224320,0.000000
2019-08-13 04:00:00,1336.045288,0.183475,0.329424,0.011407
2019-08-13 05:00:00,1548.089722,0.209931,0.443913,0.057034
2019-08-13 06:00:00,1662.322632,0.160827,0.598729,0.174905
2019-08-13 07:00:00,1706.656616,0.106877,0.664218,0.224335
2019-08-13 08:00:00,1743.293945,0.158473,0.578359,0.288973
2019-08-13 09:00:00,1746.138672,0.156094,0.463374,0.376426
2019-08-13 10:00:00,1711.598633,0.138413,0.458591,0.365019
2019-08-13 11:00:00,1733.854126,0.177538,0.364680,0.368821
2019-08-13 12:00:00,1695.227905,0.274165,0.533833,0.330798
2019-08-13 13:00:00,1672.341064,0.262111,0.445086,0.368821
2019-08-13 14:00:00,1646.124146,0.234205,0.426526,0.262357
2019-08-13 15:00:00,1709.316284,0.305578,0.288062,0.231939
2019-08-13 16:00:00,1673.187500,0.324400,0.646453,0.178707
2019-08-13 17:00:00,1564.759644,0.290266,0.589781,0.079848
2019-08-13 18:00:00,1484.148926,0.293716,0.537099,0.011407
2019-08-13 19:00:00,1452.617798,0.296247,0.701292,0.000000
2019-08-13 20:00:00,1338.363403,0.314943,0.645128,0.000000
2019-08-13 21:00:00,1218.170654,0.286668,0.574392,0.000000
2019-08-13 22:00:00,1124.895020,0.237830,0.456224,0.000000
2019-08-13 23:00:00,1087.874512,0.266730,0.491683,0.000000
2019-08-14 00:00:00,1058.292480,0.189409,0.365257,0.000000
2019-08-14 01:00:00,1052.277466,0.187110,0.367749,0.000000
2019-08-14 02:00:00,1071.718506,0.174137,0.287790,0.000000
2019-08-14 03:00:00,1136.630371,0.177996,0.314524,0.000000
2019-08-14 04:00:00,1306.020508,0.177874,0.277080,0.038023
2019-08-14 05:00:00,1507.306152,0.125385,0.249797,0.144487
2019-08-14 06:00:00,1612.399658,0.154774,0.197805,0.273764
2019-08-14 07:00:00,1660.784180,0.204431,0.264023,0.422053
2019-08-14 08:00:00,1687.014526,0.213342,0.246003,0.596958
2019-08-14 09:00:00,1689.260620,0.211988,0.235117,0.711027
2019-08-14 10:00:00,1687.332886,0.227055,0.220964,0.745247
2019-08-14 11:00:00,1709.505737,0.347788,0.272954,0.722433
2019-08-14 12:00:00,1663.911743,0.348207,0.409339,0.688213
2019-08-14 13:00:00,1614.742798,0.305909,0.236995,0.695817
2019-08-14 14:00:00,1617.328735,0.294879,0.283141,0.589354
2019-08-14 15:00:00,1679.661865,0.264715,0.169141,0.391635
2019-08-14 16:00:00,1659.517334,0.268798,0.132708,0.224335
2019-08-14 17:00:00,1566.964355,0.212196,0.123291,0.076046
2019-08-14 18:00:00,1482.077148,0.168391,0.071492,0.011407
2019-08-14 19:00:00,1452.859009,0.142129,0.037628,0.000000
2019-08-14 20:00:00,1330.444946,0.123241,0.062880,0.000000
2019-08-14 21:00:00,1190.152222,0.084623,0.036590,0.000000
2019-08-14 22:00:00,1121.216675,0.045612,0.018197,0.000000
2019-08-14 23:00:00,1070.906860,0.040307,0.010659,0.000000
2019-08-15 00:00:00,1042.941406,0.061672,0.111504,0.000000
2019-08-15 01:00:00,1042.999756,0.155347,0.226168,0.000000
2019-08-15 02:00:00,1070.982056,0.171761,0.333124,0.000000
2019-08-15 03:00:00,1155.953491,0.174205,0.346110,0.000000
2019-08-15 04:00:00,1333.754761,0.138833,0.286695,0.022814
2019-08-15 05:00:00,1550.170044,0.218477,0.738966,0.091255
2019-08-15 06:00:00,1658.926392,0.253221,0.617976,0.186312
2019-08-15 07:00:00,1701.542603,0.305734,0.475263,0.235741
2019-08-15 08:00:00,1750.273193,0.425877,0.663857,0.380228
2019-08-15 09:00:00,1730.482300,0.505786,0.557006,0.391635
2019-08-15 10:00:00,1732.989990,0.480111,0.809037,0.235741
2019-08-15 11:00:00,1729.966309,0.408424,0.798070,0.148289
2019-08-15 12:00:00,1702.149292,0.355218,0.792442,0.121673
2019-08-15 13:00:00,1690.909668,0.299343,0.714118,0.098859
2019-08-15 14:00:00,1704.128662,0.244189,0.671614,0.087452
2019-08-15 15:00:00,1780.921753,0.231706,0.577481,0.064639
2019-08-15 16:00:00,1731.986084,0.254478,0.462916,0.057034
2019-08-15 17:00:00,1624.975586,0.259422,0.503126,0.015209
2019-08-15 18:00:00,1545.694580,0.230825,0.442030,0.000000
2019-08-15 19:00:00,1492.542603,0.317156,0.542026,0.000000
2019-08-15 20:00:00,1363.478882,0.335295,0.428049,0.000000
2019-08-15 21:00:00,1246.097778,0.324438,0.484664,0.000000
2019-08-15 22:00:00,1156.167114,0.334074,0.394077,0.000000
2019-08-15 23:00:00,1112.863770,0.286396,0.351932,0.000000
2019-08-16 00:00:00,1079.119995,0.236083,0.256566,0.000000
2019-08-16 01:00:00,1079.897705,0.197921,0.244755,0.000000
2019-08-16 02:00:00,1117.041260,0.182038,0.277652,0.000000
2019-08-16 03:00:00,1158.220093,0.159757,0.338567,0.000000
2019-08-16 04:00:00,1329.971924,0.160350,0.411276,0.022814
2019-08-16 05:00:00,1529.600708,0.153486,0.365897,0.110266
2019-08-16 06:00:00,1628.426758,0.198082,0.331207,0.228137
2019-08-16 07:00:00,1661.621582,0.207088,0.291502,0.368821
2019-08-16 08:00:00,1714.186401,0.215536,0.263938,0.463878
2019-08-16 09:00:00,1713.624390,0.206992,0.348136,0.536122
2019-08-16 10:00:00,1676.390869,0.208098,0.396865,0.520913
2019-08-16 11:00:00,1644.485840,0.221708,0.208418,0.615970
2019-08-16 12:00:00,1622.395264,0.235191,0.116679,0.680608
2019-08-16 13:00:00,1580.998291,0.242293,0.127639,0.574144
2019-08-16 14:00:00,1577.599243,0.249284,0.260252,0.479087
2019-08-16 15:00:00,1620.173706,0.184914,0.156957,0.304183
2019-08-16 16:00:00,1609.847412,0.134167,0.065129,0.182510
2019-08-16 17:00:00,1512.703125,0.070324,0.024014,0.060837
2019-08-16 18:00:00,1435.997192,0.043215,0.015610,0.003802
2019-08-16 19:00:00,1403.778320,0.035297,0.016333,0.000000
2019-08-16 20:00:00,1299.418823,0.059535,0.092038,0.000000
2019-08-16 21:00:00,1202.820068,0.150787,0.202612,0.000000
2019-08-16 22:00:00,1133.576660,0.220859,0.243171,0.000000
2019-08-16 23:00:00,1085.794556,0.247785,0.331035,0.000000
2019-08-17 00:00:00,1063.555908,0.306012,0.529972,0.000000
2019-08-17 01:00:00,1063.952148,0.362233,0.677949,0.000000
2019-08-17 02:00:00,1053.096069,0.389492,0.574891,0.000000
2019-08-17 03:00:00,1058.731689,0.352726,0.539679,0.000000
2019-08-17 04:00:00,1090.496216,0.289946,0.655175,0.003802
2019-08-17 05:00:00,1190.570190,0.241557,0.376392,0.026616
2019-08-17 06:00:00,1333.121460,0.285774,0.480220,0.053232
2019-08-17 07:00:00,1428.692017,0.316248,0.474936,0.102662
2019-08-17 08:00:00,1496.249634,0.372629,0.338586,0.178707
2019-08-17 09:00:00,1511.765625,0.417412,0.449119,0.220532
2019-08-17 10:00:00,1512.492554,0.455741,0.559942,0.239544
2019-08-17 11:00:00,1497.990845,0.483810,0.632301,0.330798
2019-08-17 12:00:00,1456.605469,0.454371,0.505859,0.254753
2019-08-17 13:00:00,1396.070679,0.393702,0.493284,0.000000
2019-08-17 14:00:00,1421.490845,0.336142,0.289159,0.000000
2019-08-17 15:00:00,1505.275513,0.292252,0.302793,0.000000
2019-08-17 16:00:00,1517.458130,0.257952,0.313727,0.000000
2019-08-17 17:00:00,1453.568726,0.236592,0.371739,0.000000
2019-08-17 18:00:00,1390.936768,0.232525,0.327287,0.000000
2019-08-17 19:00:00,1366.323242,0.198122,0.222736,0.000000
2019-08-17 20:00:00,1276.014648,0.154284,0.164920,0.000000
2019-08-17 21:00:00,1188.207520,0.147343,0.317539,0.000000
2019-08-17 22:00:00,1109.134888,0.154829,0.302694,0.000000
2019-08-17 23:00:00,1067.413452,0.142591,0.284641,0.000000
2019-08-18 00:00:00,1032.919556,0.091076,0.237367,0.000000
2019-08-18 01:00:00,1022.123047,0.073152,0.226206,0.000000
2019-08-18 02:00:00,1019.973267,0.048197,0.140076,0.000000
2019-08-18 03:00:00,1020.445068,0.017506,0.127918,0.000000
2019-08-18 04:00:00,1030.412354,0.017082,0.132530,0.022814
2019-08-18 05:00:00,1131.573242,0.021542,0.096603,0.106464
2019-08-18 06:00:00,1268.911377,0.010975,0.075496,0.133080
2019-08-18 07:00:00,1366.996826,0.013454,0.084270,0.159696
2019-08-18 08:00:00,1431.322021,0.011755,0.037979,0.178707
2019-08-18 09:00:00,1456.195313,0.016945,0.009301,0.228137
2019-08-18 10:00:00,1471.465820,0.039204,0.005926,0.300380
2019-08-18 11:00:00,1457.329590,0.049976,0.032227,0.285171
2019-08-18 12:00:00,1444.413208,0.038478,0.008011,0.182510
2019-08-18 13:00:00,1450.194824,0.021364,0.017362,0.114068
2019-08-18 14:00:00,1510.492188,0.072622,0.065248,0.076046
2019-08-18 15:00:00,1618.792603,0.075879,0.209274,0.060837
2019-08-18 16:00:00,1619.271851,0.114076,0.226066,0.053232
2019-08-18 17:00:00,1526.452148,0.167547,0.232187,0.053232
2019-08-18 18:00:00,1431.708252,0.180570,0.247498,0.007605
2019-08-18 19:00:00,1396.379028,0.239994,0.191098,0.000000
2019-08-18 20:00:00,1273.315552,0.268434,0.350879,0.000000
2019-08-18 21:00:00,1165.695679,0.285802,0.303041,0.000000
2019-08-18 22:00:00,1100.561157,0.272788,0.225429,0.000000
2019-08-18 23:00:00,1046.281128,0.256494,0.225252,0.000000
2019-08-19 00:00:00,1022.168213,0.214872,0.199566,0.000000
2019-08-19 01:00:00,1020.231873,0.178627,0.200375,0.000000
2019-08-19 02:00:00,1056.922363,0.195904,0.237721,0.000000
2019-08-19 03:00:00,1133.554688,0.229103,0.255614,0.000000
2019-08-19 04:00:00,1312.326294,0.240002,0.393228,0.022814
2019-08-19 05:00:00,1531.045532,0.232801,0.402325,0.117871
2019-08-19 06:00:00,1639.613525,0.316611,0.453182,0.269962
2019-08-19 07:00:00,1684.915527,0.382264,0.563773,0.418251
2019-08-19 08:00:00,1704.882813,0.427976,0.466951,0.558935
2019-08-19 09:00:00,1702.753052,0.399556,0.436904,0.615970
2019-08-19 10:00:00,1700.050903,0.423060,0.502752,0.718631
2019-08-19 11:00:00,1708.274536,0.555907,0.374316,0.726236
2019-08-19 12:00:00,1685.901367,0.540980,0.462258,0.684411
2019-08-19 13:00:00,1651.143066,0.481833,0.647516,0.551331
2019-08-19 14:00:00,1640.282349,0.492185,0.562991,0.429658
2019-08-19 15:00:00,1744.491333,0.445448,0.317804,0.273764
2019-08-19 16:00:00,1703.058594,0.358623,0.275682,0.163498
2019-08-19 17:00:00,1593.069580,0.200742,0.196226,0.057034
2019-08-19 18:00:00,1501.991943,0.269247,0.322089,0.003802
2019-08-19 19:00:00,1453.244507,0.224164,0.173180,0.000000
2019-08-19 20:00:00,1314.632813,0.245895,0.279897,0.000000
2019-08-19 21:00:00,1178.108276,0.246783,0.237527,0.000000
2019-08-19 22:00:00,1096.354248,0.231234,0.255131,0.000000
2019-08-19 23:00:00,1050.837036,0.192616,0.172506,0.000000
2019-08-20 00:00:00,1027.172485,0.159622,0.146905,0.000000
2019-08-20 01:00:00,1020.738586,0.131266,0.121239,0.000000
2019-08-20 02:00:00,1046.861572,0.151492,0.197095,0.000000
2019-08-20 03:00:00,1128.432495,0.151921,0.363584,0.000000
2019-08-20 04:00:00,1324.389038,0.144815,0.331327,0.030418
2019-08-20 05:00:00,1536.585327,0.131095,0.253680,0.133080
2019-08-20 06:00:00,1633.865479,0.149974,0.187272,0.307985
2019-08-20 07:00:00,1673.226196,0.250180,0.413097,0.498099
2019-08-20 08:00:00,1686.428467,0.282839,0.357358,0.577947
2019-08-20 09:00:00,1690.222656,0.318248,0.423413,0.684411
2019-08-20 10:00:00,1677.711304,0.334142,0.427254,0.737643
2019-08-20 11:00:00,1674.909180,0.300686,0.376880,0.714829
2019-08-20 12:00:00,1664.342041,0.298582,0.325496,0.714829
2019-08-20 13:00:00,1626.033813,0.224618,0.160303,0.551331
2019-08-20 14:00:00,1599.765991,0.157478,0.079591,0.422053
2019-08-20 15:00:00,1673.681152,0.116394,0.039130,0.304183
2019-08-20 16:00:00,1660.357666,0.099000,0.017809,0.197719
2019-08-20 17:00:00,1582.625854,0.067812,0.015482,0.064639
2019-08-20 18:00:00,1515.528931,0.060961,0.010253,0.007605
2019-08-20 19:00:00,1474.614868,0.063195,0.011407,0.000000
2019-08-20 20:00:00,1326.001587,0.077869,0.036143,0.000000
2019-08-20 21:00:00,1194.642822,0.091849,0.103249,0.000000
2019-08-20 22:00:00,1104.992188,0.094490,0.085683,0.000000
2019-08-20 23:00:00,1055.680054,0.106937,0.088254,0.000000
2019-08-21 00:00:00,1036.511475,0.110425,0.121188,0.000000
2019-08-21 01:00:00,1032.958984,0.111115,0.128203,0.000000
2019-08-21 02:00:00,1053.989014,0.120201,0.133831,0.000000
2019-08-21 03:00:00,1128.195923,0.133610,0.148129,0.000000
2019-08-21 04:00:00,1316.356812,0.149005,0.133219,0.026616
2019-08-21 05:00:00,1518.997437,0.157768,0.163077,0.125475
2019-08-21 06:00:00,1628.070190,0.155974,0.191041,0.288973
2019-08-21 07:00:00,1677.483154,0.166005,0.203927,0.452471
2019-08-21 08:00:00,1700.115967,0.164782,0.215657,0.581749
2019-08-21 09:00:00,1695.731323,0.130952,0.189081,0.745247
2019-08-21 10:00:00,1691.540649,0.134429,0.190155,0.859316
2019-08-21 11:00:00,1697.343506,0.184911,0.193489,0.859316
2019-08-21 12:00:00,1655.017822,0.186903,0.196708,0.847909
2019-08-21 13:00:00,1611.957153,0.168193,0.101887,0.726236
2019-08-21 14:00:00,1598.087646,0.152755,0.074648,0.555133
2019-08-21 15:00:00,1682.641602,0.127883,0.062235,0.410646
2019-08-21 16:00:00,1656.057861,0.087498,0.037309,0.209125
2019-08-21 17:00:00,1576.493774,0.049564,0.022862,0.060837
2019-08-21 18:00:00,1507.993408,0.030308,0.013777,0.003802
2019-08-21 19:00:00,1467.231079,0.024887,0.002597,0.000000
2019-08-21 20:00:00,1324.186890,0.038785,0.003052,0.000000
2019-08-21 21:00:00,1187.197998,0.053157,0.024549,0.000000
2019-08-21 22:00:00,1112.116943,0.055277,0.046790,0.000000
2019-08-21 23:00:00,1063.031616,0.044643,0.057686,0.000000
2019-08-22 00:00:00,1033.432617,0.040860,0.070200,0.000000
2019-08-22 01:00:00,1037.812500,0.047965,0.073860,0.000000
2019-08-22 02:00:00,1067.233032,0.064876,0.101232,0.000000
2019-08-22 03:00:00,1139.144043,0.083433,0.109111,0.000000
2019-08-22 04:00:00,1328.961182,0.115208,0.147080,0.030418
2019-08-22 05:00:00,1536.728882,0.137238,0.180134,0.129278
2019-08-22 06:00:00,1635.713623,0.144312,0.171179,0.300380
2019-08-22 07:00:00,1680.859985,0.209297,0.184363,0.498099
2019-08-22 08:00:00,1700.789673,0.266658,0.158944,0.695817
2019-08-22 09:00:00,1707.366211,0.302244,0.141685,0.787072
2019-08-22 10:00:00,1695.066284,0.319611,0.118321,0.844106
2019-08-22 11:00:00,1701.145996,0.338934,0.093454,0.882129
2019-08-22 12:00:00,1680.648926,0.352810,0.112762,0.859316
2019-08-22 13:00:00,1645.468994,0.357000,0.150992,0.741445
2019-08-22 14:00:00,1611.198730,0.334104,0.157443,0.581749
2019-08-22 15:00:00,1674.484009,0.249102,0.119812,0.372624
2019-08-22 16:00:00,1629.913940,0.130347,0.126865,0.155894
2019-08-22 17:00:00,1551.327759,0.074415,0.058650,0.045627
2019-08-22 18:00:00,1483.875122,0.050736,0.029734,0.003802
2019-08-22 19:00:00,1442.633301,0.042352,0.021011,0.000000
2019-08-22 20:00:00,1299.300659,0.050664,0.031255,0.000000
2019-08-22 21:00:00,1162.868042,0.059369,0.020815,0.000000
2019-08-22 22:00:00,1082.113403,0.066145,0.014343,0.000000
2019-08-22 23:00:00,1028.495361,0.071662,0.011710,0.000000
2019-08-23 00:00:00,1005.809692,0.088758,0.024630,0.000000
2019-08-23 01:00:00,1007.849548,0.106768,0.040054,0.000000
2019-08-23 02:00:00,1034.992798,0.119686,0.030251,0.000000
2019-08-23 03:00:00,1101.692383,0.134166,0.035533,0.000000
2019-08-23 04:00:00,1285.975220,0.137133,0.041537,0.022814
2019-08-23 05:00:00,1488.428589,0.124769,0.061248,0.125475
2019-08-23 06:00:00,1593.686401,0.153457,0.095495,0.292776
2019-08-23 07:00:00,1638.176270,0.193432,0.106917,0.433460
2019-08-23 08:00:00,1662.785400,0.217321,0.068713,0.604563
2019-08-23 09:00:00,1673.253906,0.224004,0.061688,0.760456
2019-08-23 10:00:00,1651.053345,0.226944,0.046329,0.851711
2019-08-23 11:00:00,1635.772583,0.218574,0.046655,0.840304
2019-08-23 12:00:00,1622.189209,0.192575,0.034745,0.760456
2019-08-23 13:00:00,1569.830444,0.173471,0.035277,0.593156
2019-08-23 14:00:00,1550.476074,0.140812,0.021905,0.441065
2019-08-23 15:00:00,1610.474976,0.097601,0.023649,0.296578
2019-08-23 16:00:00,1584.125000,0.058316,0.027595,0.174905
2019-08-23 17:00:00,1494.850098,0.034026,0.014816,0.049430
2019-08-23 18:00:00,1427.117432,0.028120,0.008091,0.007605
2019-08-23 19:00:00,1397.606445,0.033947,0.003157,0.000000
2019-08-23 20:00:00,1285.510620,0.039933,0.014780,0.000000
2019-08-23 21:00:00,1178.184326,0.026381,0.039125,0.000000
2019-08-23 22:00:00,1094.987427,0.018628,0.008278,0.000000
2019-08-23 23:00:00,1045.799316,0.010057,0.004763,0.000000
2019-08-24 00:00:00,1020.872986,0.008085,0.004491,0.000000
2019-08-24 01:00:00,1004.548462,0.005422,0.005241,0.000000
2019-08-24 02:00:00,999.152344,0.009235,0.010632,0.000000
2019-08-24 03:00:00,1005.679626,0.016274,0.020903,0.000000
2019-08-24 04:00:00,1035.422974,0.017009,0.035048,0.022814
2019-08-24 05:00:00,1156.484985,0.017884,0.038511,0.121673
2019-08-24 06:00:00,1298.240234,0.008669,0.036787,0.296578
2019-08-24 07:00:00,1398.935669,0.005474,0.043486,0.509506
2019-08-24 08:00:00,1457.222656,0.005733,0.066956,0.695817
2019-08-24 09:00:00,1460.150146,0.008276,0.065366,0.821293
2019-08-24 10:00:00,1439.229126,0.013366,0.078388,0.878327
2019-08-24 11:00:00,1427.198242,0.022658,0.086061,0.885932
2019-08-24 12:00:00,1397.805664,0.034542,0.102231,0.840304
2019-08-24 13:00:00,1383.385010,0.043026,0.152189,0.756654
2019-08-24 14:00:00,1387.696045,0.048287,0.196895,0.604563
2019-08-24 15:00:00,1446.448853,0.068289,0.288421,0.403042
2019-08-24 16:00:00,1444.945068,0.084070,0.351585,0.193916
2019-08-24 17:00:00,1386.768188,0.090325,0.325471,0.049430
2019-08-24 18:00:00,1357.340210,0.109473,0.371407,0.003802
2019-08-24 19:00:00,1342.145264,0.143929,0.335738,0.000000
2019-08-24 20:00:00,1247.439087,0.168297,0.257844,0.000000
2019-08-24 21:00:00,1166.651245,0.166484,0.219872,0.000000
2019-08-24 22:00:00,1107.807129,0.169072,0.223896,0.000000
2019-08-24 23:00:00,1048.621704,0.172781,0.187555,0.000000
2019-08-25 00:00:00,1011.397949,0.163381,0.175332,0.000000
2019-08-25 01:00:00,995.923279,0.168793,0.146139,0.000000
2019-08-25 02:00:00,990.344482,0.149459,0.121544,0.000000
2019-08-25 03:00:00,1001.256897,0.126922,0.082608,0.000000
2019-08-25 04:00:00,1010.249573,0.100022,0.063442,0.019011
2019-08-25 05:00:00,1112.576660,0.086040,0.060412,0.114068
2019-08-25 06:00:00,1251.224487,0.052388,0.055515,0.292776
2019-08-25 07:00:00,1360.345581,0.026100,0.058396,0.505703
2019-08-25 08:00:00,1425.758667,0.036745,0.071197,0.692015
2019-08-25 09:00:00,1453.214478,0.076183,0.121837,0.817490
2019-08-25 10:00:00,1459.444824,0.123251,0.185655,0.882129
2019-08-25 11:00:00,1443.863281,0.154338,0.230337,0.893536
2019-08-25 12:00:00,1415.027466,0.159324,0.275823,0.847909
2019-08-25 13:00:00,1402.346802,0.152554,0.317823,0.741445
2019-08-25 14:00:00,1432.542725,0.161647,0.416091,0.570342
2019-08-25 15:00:00,1517.078613,0.188545,0.599498,0.338403
2019-08-25 16:00:00,1525.238647,0.207738,0.686470,0.152091
2019-08-25 17:00:00,1463.226440,0.186376,0.760968,0.038023
2019-08-25 18:00:00,1428.651489,0.194708,0.715176,0.003802
2019-08-25 19:00:00,1389.658325,0.212044,0.658842,0.000000
2019-08-25 20:00:00,1267.580322,0.245811,0.514135,0.000000
2019-08-25 21:00:00,1157.841064,0.219793,0.457927,0.000000
2019-08-25 22:00:00,1079.048340,0.173156,0.271732,0.000000
2019-08-25 23:00:00,1030.882324,0.133613,0.162792,0.000000
2019-08-26 00:00:00,1012.783325,0.123389,0.143120,0.000000
2019-08-26 01:00:00,994.372803,0.124922,0.130962,0.000000
2019-08-26 02:00:00,1020.983398,0.107976,0.091813,0.000000
2019-08-26 03:00:00,1108.066528,0.091436,0.056896,0.000000
2019-08-26 04:00:00,1293.098755,0.088709,0.058234,0.019011
2019-08-26 05:00:00,1508.957520,0.080928,0.079075,0.102662
2019-08-26 06:00:00,1621.967041,0.058427,0.101286,0.228137
2019-08-26 07:00:00,1675.161743,0.056385,0.087758,0.403042
2019-08-26 08:00:00,1714.007935,0.069531,0.093422,0.627376
2019-08-26 09:00:00,1735.253540,0.130076,0.060783,0.783270
2019-08-26 10:00:00,1735.907959,0.166541,0.101557,0.859316
2019-08-26 11:00:00,1731.155762,0.167104,0.150153,0.870722
2019-08-26 12:00:00,1703.828857,0.162699,0.154957,0.825095
2019-08-26 13:00:00,1666.749268,0.160915,0.197599,0.726236
2019-08-26 14:00:00,1649.702759,0.140357,0.232034,0.547529
2019-08-26 15:00:00,1705.745972,0.128297,0.295985,0.361217
2019-08-26 16:00:00,1671.346924,0.133069,0.366570,0.171103
2019-08-26 17:00:00,1580.882446,0.111586,0.389397,0.045627
2019-08-26 18:00:00,1522.967529,0.141316,0.421100,0.003802
2019-08-26 19:00:00,1474.405396,0.165234,0.388664,0.000000
2019-08-26 20:00:00,1328.458862,0.170295,0.312485,0.000000
2019-08-26 21:00:00,1196.726074,0.176762,0.209328,0.000000
2019-08-26 22:00:00,1113.565552,0.172408,0.205917,0.000000
2019-08-26 23:00:00,1056.623901,0.151183,0.132645,0.000000
2019-08-27 00:00:00,1033.472290,0.116860,0.131118,0.000000
2019-08-27 01:00:00,1039.437744,0.114673,0.141560,0.000000
2019-08-27 02:00:00,1061.474609,0.093330,0.130869,0.000000
2019-08-27 03:00:00,1135.078979,0.084641,0.203867,0.000000
2019-08-27 04:00:00,1321.596924,0.096988,0.134064,0.015209
2019-08-27 05:00:00,1528.005493,0.093865,0.197815,0.079848
2019-08-27 06:00:00,1649.446655,0.074768,0.160670,0.171103
2019-08-27 07:00:00,1711.732300,0.048292,0.060567,0.250951
2019-08-27 08:00:00,1736.209839,0.042835,0.039301,0.391635
2019-08-27 09:00:00,1741.026978,0.054709,0.078922,0.509506
2019-08-27 10:00:00,1741.960571,0.111650,0.086906,0.486692
2019-08-27 11:00:00,1770.845093,0.124451,0.114511,0.570342
2019-08-27 12:00:00,1742.683472,0.127047,0.130296,0.638783
2019-08-27 13:00:00,1709.178345,0.126478,0.169526,0.604563
2019-08-27 14:00:00,1686.946533,0.179192,0.420052,0.505703
2019-08-27 15:00:00,1728.380249,0.202246,0.151372,0.250951
2019-08-27 16:00:00,1690.157349,0.190788,0.292392,0.121673
2019-08-27 17:00:00,1602.784424,0.260354,0.644838,0.026616
2019-08-27 18:00:00,1557.977295,0.259978,0.684205,0.003802
2019-08-27 19:00:00,1499.884155,0.426981,0.603326,0.000000
2019-08-27 20:00:00,1356.842651,0.379364,0.378264,0.000000
2019-08-27 21:00:00,1233.174805,0.248809,0.261219,0.000000
2019-08-27 22:00:00,1146.862549,0.137606,0.314108,0.000000
2019-08-27 23:00:00,1093.167114,0.163398,0.324260,0.000000
2019-08-28 00:00:00,1072.914551,0.133176,0.206297,0.000000
2019-08-28 01:00:00,1073.498291,0.105552,0.116750,0.000000
2019-08-28 02:00:00,1081.651001,0.106502,0.076711,0.000000
2019-08-28 03:00:00,1176.730713,0.055517,0.044393,0.000000
2019-08-28 04:00:00,1359.521606,0.027854,0.035920,0.011407
2019-08-28 05:00:00,1566.295654,0.026169,0.015786,0.068441
2019-08-28 06:00:00,1663.412842,0.013469,0.010791,0.163498
2019-08-28 07:00:00,1728.307617,0.009061,0.008103,0.288973
2019-08-28 08:00:00,1776.500977,0.007198,0.027000,0.410646
2019-08-28 09:00:00,1770.022827,0.007791,0.012342,0.566540
2019-08-28 10:00:00,1781.942993,0.018200,0.004974,0.752852
2019-08-28 11:00:00,1775.852295,0.036115,0.006469,0.790875
2019-08-28 12:00:00,1753.838867,0.059975,0.007798,0.733840
2019-08-28 13:00:00,1711.894775,0.053052,0.010469,0.638783
2019-08-28 14:00:00,1698.496094,0.043223,0.016195,0.509506
2019-08-28 15:00:00,1749.382202,0.030244,0.012512,0.311787
2019-08-28 16:00:00,1707.199463,0.030442,0.022052,0.152091
2019-08-28 17:00:00,1614.869019,0.037076,0.038610,0.038023
2019-08-28 18:00:00,1572.436279,0.091153,0.087331,0.003802
2019-08-28 19:00:00,1520.123779,0.170066,0.328789,0.000000
2019-08-28 20:00:00,1377.764160,0.228880,0.340793,0.000000
2019-08-28 21:00:00,1242.412476,0.325633,0.358088,0.000000
2019-08-28 22:00:00,1155.110596,0.378971,0.203863,0.000000
2019-08-28 23:00:00,1107.979370,0.354773,0.081081,0.000000
2019-08-29 00:00:00,1078.060913,0.236257,0.130273,0.000000
2019-08-29 01:00:00,1069.523071,0.139397,0.140143,0.000000
2019-08-29 02:00:00,1085.089722,0.134098,0.085728,0.000000
2019-08-29 03:00:00,1172.632568,0.088259,0.074736,0.000000
2019-08-29 04:00:00,1354.634033,0.089717,0.050120,0.015209
2019-08-29 05:00:00,1568.934692,0.089624,0.102354,0.057034
2019-08-29 06:00:00,1683.392822,0.061228,0.104509,0.102662
2019-08-29 07:00:00,1738.096191,0.043035,0.045953,0.216730
2019-08-29 08:00:00,1758.076660,0.056238,0.035906,0.387833
2019-08-29 09:00:00,1756.816040,0.117003,0.115669,0.429658
2019-08-29 10:00:00,1753.925049,0.159109,0.071101,0.482890
2019-08-29 11:00:00,1760.567627,0.148523,0.045576,0.631179
2019-08-29 12:00:00,1733.225098,0.170169,0.054731,0.593156
2019-08-29 13:00:00,1683.445313,0.225638,0.069761,0.494297
2019-08-29 14:00:00,1664.538452,0.318565,0.071238,0.399240
2019-08-29 15:00:00,1726.249634,0.379301,0.207533,0.323194
2019-08-29 16:00:00,1687.915527,0.319586,0.318459,0.148289
2019-08-29 17:00:00,1594.644165,0.229518,0.186449,0.030418
2019-08-29 18:00:00,1544.996216,0.153888,0.237166,0.000000
2019-08-29 19:00:00,1477.157593,0.104003,0.168250,0.000000
2019-08-29 20:00:00,1337.468384,0.103413,0.140667,0.000000
2019-08-29 21:00:00,1200.470215,0.085640,0.081676,0.000000
2019-08-29 22:00:00,1131.365601,0.073948,0.062606,0.000000
2019-08-29 23:00:00,1088.395264,0.054088,0.051967,0.000000
2019-08-30 00:00:00,1063.775635,0.031381,0.017512,0.000000
2019-08-30 01:00:00,1041.776855,0.022858,0.012144,0.000000
2019-08-30 02:00:00,1083.447876,0.024305,0.010911,0.000000
2019-08-30 03:00:00,1143.757446,0.021598,0.009929,0.000000
2019-08-30 04:00:00,1328.406128,0.023798,0.002415,0.015209
2019-08-30 05:00:00,1521.348999,0.021551,0.000060,0.106464
2019-08-30 06:00:00,1625.776855,0.020395,0.000089,0.262357
2019-08-30 07:00:00,1669.599731,0.042039,0.001377,0.380228
2019-08-30 08:00:00,1696.826172,0.063121,0.007860,0.524715
2019-08-30 09:00:00,1685.986694,0.083531,0.018365,0.619772
2019-08-30 10:00:00,1671.237183,0.099159,0.009340,0.627376
2019-08-30 11:00:00,1642.604492,0.093196,0.010425,0.623574
2019-08-30 12:00:00,1632.312988,0.075856,0.014304,0.612167
2019-08-30 13:00:00,1582.208618,0.057314,0.013945,0.513308
2019-08-30 14:00:00,1571.070801,0.044665,0.015079,0.410646
2019-08-30 15:00:00,1605.082520,0.023747,0.011511,0.247148
2019-08-30 16:00:00,1590.062622,0.011745,0.002936,0.121673
2019-08-30 17:00:00,1504.608521,0.012308,0.006066,0.022814
2019-08-30 18:00:00,1464.734863,0.016994,0.008179,0.007605
2019-08-30 19:00:00,1403.623169,0.023953,0.006978,0.000000
2019-08-30 20:00:00,1297.204712,0.022053,0.006782,0.000000
2019-08-30 21:00:00,1229.476440,0.014304,0.005744,0.000000
2019-08-30 22:00:00,1123.082397,0.009290,0.004904,0.000000
2019-08-30 23:00:00,1085.826172,0.012004,0.003768,0.000000
2019-08-31 00:00:00,1052.860107,0.018611,0.000544,0.000000
2019-08-31 01:00:00,1031.803711,0.034108,0.000055,0.000000
2019-08-31 02:00:00,1030.209595,0.041095,0.000055,0.000000
2019-08-31 03:00:00,1036.536621,0.041603,0.000057,0.000000
2019-08-31 04:00:00,1052.802612,0.036643,0.001113,0.011407
2019-08-31 05:00:00,1172.186768,0.036669,0.005198,0.083650
2019-08-31 06:00:00,1311.696167,0.034437,0.002249,0.216730
2019-08-31 07:00:00,1405.792236,0.021909,0.014914,0.429658
2019-08-31 08:00:00,1476.655151,0.028920,0.023345,0.642586
2019-08-31 09:00:00,1481.450195,0.036823,0.012579,0.741445
2019-08-31 10:00:00,1474.072510,0.041850,0.005806,0.813688
2019-08-31 11:00:00,1462.648804,0.050723,0.008394,0.821293
2019-08-31 12:00:00,1437.655640,0.059753,0.025769,0.733840
2019-08-31 13:00:00,1423.256836,0.069440,0.057547,0.642586
2019-08-31 14:00:00,1449.357544,0.093716,0.084960,0.498099
2019-08-31 15:00:00,1506.071289,0.100089,0.080791,0.315589
2019-08-31 16:00:00,1486.921997,0.071693,0.064378,0.136882
2019-08-31 17:00:00,1430.327515,0.069987,0.074027,0.026616
2019-08-31 18:00:00,1421.235962,0.111753,0.071975,0.000000
2019-08-31 19:00:00,1371.160889,0.156813,0.089214,0.000000
2019-08-31 20:00:00,1287.480835,0.189945,0.153946,0.000000
2019-08-31 21:00:00,1214.099976,0.240859,0.549077,0.000000
2019-08-31 22:00:00,1157.148560,0.335307,0.891149,0.000000
2019-08-31 23:00:00,1121.453857,0.402658,0.900831,0.000000
2019-09-01 00:00:00,1083.821167,0.450238,0.874416,0.000000
2019-09-01 01:00:00,1065.930420,0.535991,0.833134,0.000000
2019-09-01 02:00:00,1028.891846,0.415434,0.373921,0.000000
2019-09-01 03:00:00,1036.395508,0.140209,0.173623,0.000000
2019-09-01 04:00:00,1042.592285,0.039427,0.023434,0.022814
2019-09-01 05:00:00,1154.796631,0.034780,0.004507,0.091255
2019-09-01 06:00:00,1278.529175,0.075059,0.100633,0.155894
2019-09-01 07:00:00,1366.477051,0.129799,0.176072,0.178707
2019-09-01 08:00:00,1437.564453,0.153780,0.232413,0.224335
2019-09-01 09:00:00,1464.215576,0.172863,0.226410,0.429658
2019-09-01 10:00:00,1472.793457,0.186052,0.272532,0.479087
2019-09-01 11:00:00,1449.885498,0.263636,0.342393,0.376426
2019-09-01 12:00:00,1441.223267,0.261542,0.595343,0.258555
2019-09-01 13:00:00,1445.774048,0.216517,0.669064,0.205323
2019-09-01 14:00:00,1455.820801,0.200854,0.433418,0.178707
2019-09-01 15:00:00,1565.978271,0.198928,0.476216,0.140684
2019-09-01 16:00:00,1563.767456,0.224398,0.574728,0.060837
2019-09-01 17:00:00,1482.042847,0.187074,0.446215,0.011407
2019-09-01 18:00:00,1435.845337,0.120177,0.352399,0.003802
2019-09-01 19:00:00,1344.580078,0.120078,0.333925,0.000000
2019-09-01 20:00:00,1220.315796,0.127268,0.247521,0.000000
2019-09-01 21:00:00,1114.461548,0.147026,0.232800,0.000000
2019-09-01 22:00:00,1039.675537,0.183739,0.355420,0.000000
2019-09-01 23:00:00,1008.045227,0.231900,0.449048,0.000000
2019-09-02 00:00:00,985.889709,0.182699,0.406277,0.000000
2019-09-02 01:00:00,987.613403,0.144897,0.403720,0.000000
2019-09-02 02:00:00,1017.787476,0.215658,0.493126,0.000000
2019-09-02 03:00:00,1125.673096,0.329781,0.560703,0.000000
2019-09-02 04:00:00,1311.360962,0.310030,0.589811,0.011407
2019-09-02 05:00:00,1506.000366,0.280052,0.561144,0.098859
2019-09-02 06:00:00,1608.268799,0.321393,0.573886,0.269962
2019-09-02 07:00:00,1651.237671,0.389945,0.538424,0.437262
2019-09-02 08:00:00,1671.234375,0.419429,0.555131,0.562738
2019-09-02 09:00:00,1663.348999,0.360718,0.556568,0.707224
2019-09-02 10:00:00,1664.839111,0.364563,0.440832,0.802281
2019-09-02 11:00:00,1650.527954,0.369030,0.372631,0.771863
2019-09-02 12:00:00,1632.623047,0.356394,0.381265,0.764259
2019-09-02 13:00:00,1590.280762,0.380337,0.389974,0.657795
2019-09-02 14:00:00,1586.845337,0.351744,0.389694,0.486692
2019-09-02 15:00:00,1667.125244,0.276377,0.350528,0.315589
2019-09-02 16:00:00,1639.292603,0.179027,0.300865,0.129278
2019-09-02 17:00:00,1561.104126,0.173749,0.133986,0.026616
2019-09-02 18:00:00,1524.476074,0.178642,0.304923,0.000000
2019-09-02 19:00:00,1433.028564,0.203979,0.348491,0.000000
2019-09-02 20:00:00,1276.751831,0.192341,0.346280,0.000000
2019-09-02 21:00:00,1155.030151,0.195147,0.276030,0.000000
2019-09-02 22:00:00,1081.935913,0.269888,0.334415,0.000000
2019-09-02 23:00:00,1038.754272,0.352072,0.457377,0.000000
2019-09-03 00:00:00,1028.539673,0.410039,0.564712,0.000000
2019-09-03 01:00:00,1040.800293,0.445368,0.730625,0.000000
2019-09-03 02:00:00,1074.398682,0.512198,0.835146,0.000000
2019-09-03 03:00:00,1173.695313,0.571014,0.898867,0.000000
2019-09-03 04:00:00,1372.244873,0.533180,0.737231,0.003802
2019-09-03 05:00:00,1569.942383,0.572691,0.884358,0.034221
2019-09-03 06:00:00,1660.870850,0.630173,0.916748,0.083650
2019-09-03 07:00:00,1708.626343,0.613191,0.941075,0.098859
2019-09-03 08:00:00,1729.263184,0.555771,0.952714,0.178707
2019-09-03 09:00:00,1713.786743,0.549072,0.926124,0.311787
2019-09-03 10:00:00,1712.272217,0.551949,0.896404,0.380228
2019-09-03 11:00:00,1709.384155,0.547997,0.840655,0.414449
2019-09-03 12:00:00,1675.644409,0.537628,0.835996,0.460076
2019-09-03 13:00:00,1649.554321,0.501408,0.805736,0.501901
2019-09-03 14:00:00,1641.468994,0.482011,0.626054,0.429658
2019-09-03 15:00:00,1711.322388,0.463012,0.637869,0.262357
2019-09-03 16:00:00,1670.041870,0.464567,0.694359,0.110266
2019-09-03 17:00:00,1594.832031,0.418468,0.676452,0.034221
2019-09-03 18:00:00,1552.171509,0.322352,0.659913,0.019011
2019-09-03 19:00:00,1450.297729,0.255185,0.536716,0.000000
2019-09-03 20:00:00,1299.587891,0.213553,0.441417,0.000000
2019-09-03 21:00:00,1181.374634,0.179978,0.477019,0.000000
2019-09-03 22:00:00,1099.831177,0.181683,0.388017,0.000000
2019-09-03 23:00:00,1048.698120,0.170454,0.295247,0.000000
2019-09-04 00:00:00,1023.798218,0.157836,0.260046,0.000000
2019-09-04 01:00:00,1022.403198,0.154118,0.286409,0.000000
2019-09-04 02:00:00,1038.797241,0.166590,0.173742,0.000000
2019-09-04 03:00:00,1138.059570,0.152424,0.132826,0.000000
2019-09-04 04:00:00,1313.149902,0.136758,0.194047,0.007605
2019-09-04 05:00:00,1528.047974,0.147664,0.318789,0.076046
2019-09-04 06:00:00,1616.278442,0.209640,0.391377,0.152091
2019-09-04 07:00:00,1660.639893,0.253751,0.349109,0.231939
2019-09-04 08:00:00,1690.802368,0.328043,0.336401,0.353612
2019-09-04 09:00:00,1683.365234,0.383344,0.389095,0.429658
2019-09-04 10:00:00,1670.422241,0.413017,0.472502,0.387833
2019-09-04 11:00:00,1695.023193,0.487711,0.520874,0.479087
2019-09-04 12:00:00,1651.238647,0.520126,0.562621,0.384030
2019-09-04 13:00:00,1632.438843,0.546062,0.616897,0.296578
2019-09-04 14:00:00,1631.211426,0.514377,0.445878,0.209125
2019-09-04 15:00:00,1711.004028,0.444557,0.393714,0.117871
2019-09-04 16:00:00,1686.372681,0.344895,0.302056,0.041825
2019-09-04 17:00:00,1607.759766,0.433971,0.458136,0.007605
2019-09-04 18:00:00,1565.297485,0.467290,0.688819,0.000000
2019-09-04 19:00:00,1459.183594,0.422254,0.778931,0.000000
2019-09-04 20:00:00,1341.248169,0.487674,0.850518,0.000000
2019-09-04 21:00:00,1216.535156,0.550344,0.856568,0.003802
2019-09-04 22:00:00,1141.125244,0.571402,0.910939,0.000000
2019-09-04 23:00:00,1088.516479,0.441521,0.943849,0.000000
2019-09-05 00:00:00,1044.597168,0.217194,0.788665,0.000000
2019-09-05 01:00:00,1034.616333,0.265756,0.404395,0.000000
2019-09-05 02:00:00,1058.707520,0.330026,0.444254,0.000000
2019-09-05 03:00:00,1154.426147,0.324039,0.582387,0.000000
2019-09-05 04:00:00,1346.848145,0.351903,0.619236,0.007605
2019-09-05 05:00:00,1520.109863,0.367853,0.615052,0.095057
2019-09-05 06:00:00,1613.284058,0.410262,0.760353,0.220532
2019-09-05 07:00:00,1666.197632,0.443985,0.806665,0.307985
2019-09-05 08:00:00,1717.124390,0.501237,0.862033,0.399240
2019-09-05 09:00:00,1726.835083,0.561301,0.860669,0.517110
2019-09-05 10:00:00,1708.978882,0.517145,0.889297,0.437262
2019-09-05 11:00:00,1679.245972,0.487837,0.787369,0.596958
2019-09-05 12:00:00,1672.050781,0.642101,0.828338,0.612167
2019-09-05 13:00:00,1647.203979,0.718434,0.911194,0.517110
2019-09-05 14:00:00,1636.803833,0.702250,0.910580,0.456274
2019-09-05 15:00:00,1694.434448,0.716775,0.924081,0.281369
2019-09-05 16:00:00,1675.674316,0.736246,0.938492,0.114068
2019-09-05 17:00:00,1605.692749,0.719515,0.928158,0.019011
2019-09-05 18:00:00,1577.309082,0.701304,0.941108,0.003802
2019-09-05 19:00:00,1476.130493,0.624143,0.906740,0.000000
2019-09-05 20:00:00,1335.721558,0.628243,0.929741,0.000000
2019-09-05 21:00:00,1201.977417,0.623154,0.916110,0.000000
2019-09-05 22:00:00,1112.860596,0.507695,0.872812,0.000000
2019-09-05 23:00:00,1054.335938,0.435382,0.797363,0.000000
2019-09-06 00:00:00,1044.653320,0.411093,0.734192,0.000000
2019-09-06 01:00:00,1034.430176,0.341763,0.618134,0.000000
2019-09-06 02:00:00,1060.919922,0.305930,0.599262,0.000000
2019-09-06 03:00:00,1156.539673,0.370050,0.688748,0.000000
2019-09-06 04:00:00,1345.234497,0.371391,0.704745,0.007605
2019-09-06 05:00:00,1531.350708,0.406777,0.730650,0.098859
2019-09-06 06:00:00,1622.240967,0.464197,0.687098,0.201521
2019-09-06 07:00:00,1656.690796,0.540473,0.706116,0.262357
2019-09-06 08:00:00,1669.692627,0.555614,0.667565,0.315589
2019-09-06 09:00:00,1680.426758,0.525884,0.731661,0.330798
2019-09-06 10:00:00,1663.977783,0.521265,0.713294,0.338403
2019-09-06 11:00:00,1638.358032,0.561548,0.739482,0.456274
2019-09-06 12:00:00,1605.600586,0.632606,0.828249,0.422053
2019-09-06 13:00:00,1582.228027,0.679142,0.904404,0.372624
2019-09-06 14:00:00,1601.495239,0.663724,0.913149,0.174905
2019-09-06 15:00:00,1673.267578,0.526720,0.846960,0.079848
2019-09-06 16:00:00,1660.386597,0.400527,0.671887,0.026616
2019-09-06 17:00:00,1587.535034,0.466255,0.722894,0.007605
2019-09-06 18:00:00,1515.341553,0.506816,0.624166,0.003802
2019-09-06 19:00:00,1457.166016,0.353573,0.723472,0.000000
2019-09-06 20:00:00,1341.692017,0.380521,0.813319,0.000000
2019-09-06 21:00:00,1237.006714,0.524518,0.751817,0.000000
2019-09-06 22:00:00,1131.909668,0.659293,0.893063,0.000000
2019-09-06 23:00:00,1075.329590,0.649486,0.870037,0.000000
2019-09-07 00:00:00,1050.840210,0.599488,0.861098,0.000000
2019-09-07 01:00:00,1038.471802,0.562273,0.921271,0.000000
2019-09-07 02:00:00,1034.379150,0.483826,0.831683,0.000000
2019-09-07 03:00:00,1037.826660,0.347607,0.545565,0.000000
2019-09-07 04:00:00,1064.250732,0.203615,0.291387,0.003802
2019-09-07 05:00:00,1154.077393,0.147186,0.254223,0.072243
2019-09-07 06:00:00,1291.632080,0.116487,0.177281,0.243346
2019-09-07 07:00:00,1376.993286,0.118956,0.072872,0.475285
2019-09-07 08:00:00,1411.322632,0.102775,0.032360,0.619772
2019-09-07 09:00:00,1411.210449,0.107874,0.031094,0.718631
2019-09-07 10:00:00,1398.956055,0.099505,0.036468,0.768061
2019-09-07 11:00:00,1390.194580,0.090883,0.062115,0.752852
2019-09-07 12:00:00,1368.756836,0.077534,0.070356,0.665399
2019-09-07 13:00:00,1358.540527,0.066613,0.054401,0.555133
2019-09-07 14:00:00,1383.924194,0.052703,0.032628,0.422053
2019-09-07 15:00:00,1456.461304,0.033706,0.008909,0.254753
2019-09-07 16:00:00,1468.851318,0.016650,0.009612,0.102662
2019-09-07 17:00:00,1409.323486,0.013430,0.009742,0.019011
2019-09-07 18:00:00,1399.468506,0.014632,0.007064,0.007605
2019-09-07 19:00:00,1321.625366,0.013437,0.026627,0.000000
2019-09-07 20:00:00,1224.982910,0.009596,0.042008,0.000000
2019-09-07 21:00:00,1157.056396,0.008803,0.000865,0.003802
2019-09-07 22:00:00,1071.220825,0.006475,0.000289,0.000000
2019-09-07 23:00:00,1025.456421,0.003404,0.000045,0.000000
2019-09-08 00:00:00,991.890381,0.003181,0.007895,0.000000
2019-09-08 01:00:00,978.012817,0.001469,0.013416,0.000000
2019-09-08 02:00:00,975.444641,0.000523,0.014613,0.000000
2019-09-08 03:00:00,992.574646,0.000883,0.000939,0.000000
2019-09-08 04:00:00,1026.497925,0.002769,0.000046,0.003802
2019-09-08 05:00:00,1123.392578,0.004085,0.000492,0.034221
2019-09-08 06:00:00,1257.736572,0.006884,0.002189,0.072243
2019-09-08 07:00:00,1333.517944,0.006350,0.000265,0.174905
2019-09-08 08:00:00,1399.710571,0.019215,0.000414,0.330798
2019-09-08 09:00:00,1412.157471,0.019965,0.000051,0.406844
2019-09-08 10:00:00,1410.948975,0.021519,0.001839,0.399240
2019-09-08 11:00:00,1428.262817,0.022118,0.003079,0.467681
2019-09-08 12:00:00,1411.559570,0.028563,0.000051,0.391635
2019-09-08 13:00:00,1406.654297,0.018176,0.000052,0.254753
2019-09-08 14:00:00,1423.193604,0.015270,0.000051,0.231939
2019-09-08 15:00:00,1537.085327,0.011596,0.000052,0.182510
2019-09-08 16:00:00,1561.891724,0.013919,0.000296,0.079848
2019-09-08 17:00:00,1491.197632,0.015176,0.041035,0.015209
2019-09-08 18:00:00,1462.812012,0.023899,0.078863,0.000000
2019-09-08 19:00:00,1345.959473,0.013210,0.062465,0.000000
2019-09-08 20:00:00,1216.275879,0.007494,0.047463,0.000000
2019-09-08 21:00:00,1097.984009,0.006628,0.033084,0.000000
2019-09-08 22:00:00,1035.299561,0.009922,0.002728,0.000000
2019-09-08 23:00:00,991.923340,0.009874,0.001713,0.000000
2019-09-09 00:00:00,999.041016,0.012045,0.001079,0.000000
2019-09-09 01:00:00,999.191772,0.011915,0.005797,0.000000
2019-09-09 02:00:00,1025.939575,0.009721,0.005931,0.000000
2019-09-09 03:00:00,1102.430908,0.006059,0.009024,0.000000
2019-09-09 04:00:00,1318.617065,0.008462,0.011201,0.000000
2019-09-09 05:00:00,1525.887329,0.007512,0.016748,0.034221
2019-09-09 06:00:00,1620.936523,0.011324,0.058834,0.114068
2019-09-09 07:00:00,1657.881104,0.014079,0.035232,0.186312
2019-09-09 08:00:00,1684.155884,0.014621,0.029129,0.269962
2019-09-09 09:00:00,1676.919434,0.024063,0.061325,0.323194
2019-09-09 10:00:00,1665.295776,0.032596,0.093977,0.247148
2019-09-09 11:00:00,1670.776123,0.037525,0.152620,0.182510
2019-09-09 12:00:00,1655.655884,0.055842,0.224720,0.159696
2019-09-09 13:00:00,1626.994263,0.102767,0.333158,0.114068
2019-09-09 14:00:00,1658.468994,0.164465,0.293168,0.064639
2019-09-09 15:00:00,1768.146484,0.200501,0.269920,0.034221
2019-09-09 16:00:00,1747.077393,0.212179,0.378102,0.011407
2019-09-09 17:00:00,1671.400024,0.210047,0.229789,0.000000
2019-09-09 18:00:00,1580.261841,0.203296,0.065061,0.000000
2019-09-09 19:00:00,1460.614990,0.147435,0.038826,0.000000
2019-09-09 20:00:00,1306.232544,0.147452,0.028716,0.000000
2019-09-09 21:00:00,1169.066650,0.121919,0.036457,0.000000
2019-09-09 22:00:00,1092.787231,0.145301,0.057005,0.000000
2019-09-09 23:00:00,1068.973511,0.196330,0.104782,0.000000
2019-09-10 00:00:00,1051.970825,0.271471,0.320177,0.000000
2019-09-10 01:00:00,1035.637329,0.315718,0.638523,0.000000
2019-09-10 02:00:00,1096.917847,0.345854,0.822276,0.000000
2019-09-10 03:00:00,1180.582031,0.318054,0.827136,0.000000
2019-09-10 04:00:00,1386.077148,0.305527,0.867353,0.000000
2019-09-10 05:00:00,1606.066895,0.324644,0.877319,0.007605
2019-09-10 06:00:00,1699.606445,0.346038,0.864552,0.034221
2019-09-10 07:00:00,1738.056396,0.393353,0.870810,0.057034
2019-09-10 08:00:00,1785.253296,0.448178,0.874571,0.068441
2019-09-10 09:00:00,1795.631226,0.455125,0.868796,0.072243
2019-09-10 10:00:00,1784.276367,0.445640,0.869261,0.079848
2019-09-10 11:00:00,1772.229370,0.456027,0.863757,0.098859
2019-09-10 12:00:00,1749.233276,0.466370,0.865223,0.083650
2019-09-10 13:00:00,1720.440186,0.505751,0.860897,0.076046
2019-09-10 14:00:00,1735.150879,0.553103,0.900087,0.060837
2019-09-10 15:00:00,1859.230469,0.517696,0.886094,0.034221
2019-09-10 16:00:00,1822.147461,0.505904,0.900521,0.011407
2019-09-10 17:00:00,1728.132080,0.481909,0.924689,0.000000
2019-09-10 18:00:00,1629.592163,0.508317,0.938819,0.000000
2019-09-10 19:00:00,1499.471313,0.548194,0.935803,0.000000
2019-09-10 20:00:00,1342.584351,0.566051,0.900177,0.000000
2019-09-10 21:00:00,1204.623657,0.536671,0.803876,0.000000
2019-09-10 22:00:00,1164.969604,0.493755,0.779566,0.000000
2019-09-10 23:00:00,1063.729126,0.482963,0.676811,0.000000
2019-09-11 00:00:00,1046.595093,0.413512,0.602230,0.000000
2019-09-11 01:00:00,1042.215210,0.345506,0.502370,0.000000
2019-09-11 02:00:00,1062.858887,0.341479,0.421136,0.000000
2019-09-11 03:00:00,1158.984863,0.304000,0.416264,0.000000
2019-09-11 04:00:00,1357.387939,0.269161,0.305661,0.003802
2019-09-11 05:00:00,1540.249390,0.283891,0.338742,0.068441
2019-09-11 06:00:00,1633.470947,0.348580,0.477212,0.224335
2019-09-11 07:00:00,1666.509155,0.452696,0.603234,0.418251
2019-09-11 08:00:00,1701.971436,0.555582,0.642747,0.581749
2019-09-11 09:00:00,1694.740479,0.617506,0.817775,0.653992
2019-09-11 10:00:00,1699.733398,0.649038,0.894278,0.714829
2019-09-11 11:00:00,1692.010498,0.683458,0.900205,0.638783
2019-09-11 12:00:00,1680.302246,0.693045,0.761910,0.570342
2019-09-11 13:00:00,1647.370728,0.682245,0.772432,0.334601
2019-09-11 14:00:00,1658.551392,0.663223,0.828462,0.163498
2019-09-11 15:00:00,1744.599243,0.647880,0.692362,0.053232
2019-09-11 16:00:00,1770.938477,0.653968,0.701285,0.019011
2019-09-11 17:00:00,1716.281494,0.661898,0.779566,0.003802
2019-09-11 18:00:00,1654.277222,0.717751,0.971664,0.000000
2019-09-11 19:00:00,1543.504395,0.731000,0.984900,0.000000
2019-09-11 20:00:00,1401.223389,0.683789,0.977514,0.000000
2019-09-11 21:00:00,1263.086792,0.527190,0.962056,0.000000
2019-09-11 22:00:00,1157.524292,0.454974,0.902220,0.000000
2019-09-11 23:00:00,1085.312866,0.371170,0.783966,0.000000
2019-09-12 00:00:00,1047.380737,0.309121,0.655295,0.000000
2019-09-12 01:00:00,1041.651855,0.234594,0.411839,0.000000
2019-09-12 02:00:00,1069.413330,0.239831,0.400162,0.000000
2019-09-12 03:00:00,1180.730591,0.275789,0.479693,0.000000
2019-09-12 04:00:00,1367.382324,0.220687,0.466043,0.003802
2019-09-12 05:00:00,1548.218506,0.217522,0.324296,0.068441
2019-09-12 06:00:00,1632.482910,0.214033,0.325802,0.228137
2019-09-12 07:00:00,1664.985229,0.244093,0.363297,0.448669
2019-09-12 08:00:00,1696.319092,0.331443,0.398605,0.596958
2019-09-12 09:00:00,1691.721313,0.431882,0.446865,0.577947
2019-09-12 10:00:00,1667.084961,0.446062,0.411434,0.574144
2019-09-12 11:00:00,1678.402344,0.469038,0.291278,0.604563
2019-09-12 12:00:00,1662.428223,0.480864,0.312420,0.479087
2019-09-12 13:00:00,1609.650757,0.492553,0.365983,0.391635
2019-09-12 14:00:00,1597.504150,0.475807,0.404136,0.334601
2019-09-12 15:00:00,1673.783447,0.385420,0.307414,0.209125
2019-09-12 16:00:00,1643.451294,0.307574,0.380267,0.079848
2019-09-12 17:00:00,1594.054199,0.330196,0.345546,0.007605
2019-09-12 18:00:00,1569.465698,0.338746,0.417821,0.000000
2019-09-12 19:00:00,1450.662598,0.318636,0.337864,0.000000
2019-09-12 20:00:00,1301.108765,0.293134,0.370560,0.000000
2019-09-12 21:00:00,1185.765747,0.352496,0.433495,0.000000
2019-09-12 22:00:00,1132.475098,0.384739,0.623009,0.000000
2019-09-12 23:00:00,1089.723755,0.325778,0.509983,0.000000
2019-09-13 00:00:00,1060.385864,0.296372,0.380183,0.000000
2019-09-13 01:00:00,1073.754150,0.476448,0.608746,0.000000
2019-09-13 02:00:00,1092.847900,0.623443,0.711061,0.000000
2019-09-13 03:00:00,1194.288574,0.697185,0.897051,0.000000
2019-09-13 04:00:00,1413.441772,0.546634,0.931767,0.000000
2019-09-13 05:00:00,1567.019165,0.445487,0.839003,0.038023
2019-09-13 06:00:00,1649.440430,0.422492,0.595469,0.209125
2019-09-13 07:00:00,1672.928467,0.535971,0.559811,0.399240
2019-09-13 08:00:00,1696.474121,0.643573,0.699776,0.612167
2019-09-13 09:00:00,1687.328369,0.681720,0.793587,0.741445
2019-09-13 10:00:00,1666.703979,0.677541,0.767303,0.794677
2019-09-13 11:00:00,1642.146362,0.663822,0.753138,0.798479
2019-09-13 12:00:00,1597.437500,0.638752,0.790611,0.756654
2019-09-13 13:00:00,1559.510742,0.651259,0.819339,0.638783
2019-09-13 14:00:00,1567.058716,0.626797,0.883875,0.460076
2019-09-13 15:00:00,1625.068726,0.559791,0.830527,0.250951
2019-09-13 16:00:00,1603.923950,0.432155,0.716969,0.087452
2019-09-13 17:00:00,1553.885010,0.446670,0.796508,0.007605
2019-09-13 18:00:00,1509.162109,0.405956,0.791629,0.000000
2019-09-13 19:00:00,1399.036011,0.399812,0.671528,0.000000
2019-09-13 20:00:00,1291.921509,0.358417,0.587831,0.000000
2019-09-13 21:00:00,1206.530518,0.342229,0.628513,0.000000
2019-09-13 22:00:00,1126.847290,0.290386,0.512294,0.000000
2019-09-13 23:00:00,1071.671875,0.265625,0.389617,0.000000
2019-09-14 00:00:00,1026.041504,0.257102,0.348008,0.000000
2019-09-14 01:00:00,1019.939453,0.263925,0.376574,0.000000
2019-09-14 02:00:00,1012.372925,0.225188,0.350401,0.000000
2019-09-14 03:00:00,1028.631592,0.198257,0.270665,0.000000
2019-09-14 04:00:00,1070.791992,0.177633,0.192221,0.003802
2019-09-14 05:00:00,1175.990112,0.159912,0.181829,0.064639
2019-09-14 06:00:00,1318.144531,0.133590,0.200644,0.235741
2019-09-14 07:00:00,1430.387695,0.154383,0.166307,0.433460
2019-09-14 08:00:00,1438.466675,0.191125,0.174987,0.555133
2019-09-14 09:00:00,1445.376831,0.209119,0.202812,0.619772
2019-09-14 10:00:00,1439.770874,0.271960,0.203684,0.718631
2019-09-14 11:00:00,1417.271606,0.296881,0.222438,0.749049
2019-09-14 12:00:00,1384.763672,0.280392,0.203978,0.733840
2019-09-14 13:00:00,1371.967285,0.277513,0.142327,0.608365
2019-09-14 14:00:00,1373.025391,0.282532,0.101408,0.475285
2019-09-14 15:00:00,1458.303833,0.302885,0.080616,0.243346
2019-09-14 16:00:00,1483.289795,0.262162,0.096286,0.079848
2019-09-14 17:00:00,1444.846558,0.237112,0.072231,0.007605
2019-09-14 18:00:00,1418.387451,0.312401,0.106085,0.000000
2019-09-14 19:00:00,1329.921265,0.391882,0.183263,0.000000
2019-09-14 20:00:00,1243.501831,0.485890,0.306781,0.000000
2019-09-14 21:00:00,1166.158691,0.562911,0.480847,0.000000
2019-09-14 22:00:00,1102.533691,0.593723,0.618440,0.000000
2019-09-14 23:00:00,1088.400146,0.667407,0.784936,0.000000
2019-09-15 00:00:00,1043.008423,0.614390,0.873481,0.000000
2019-09-15 01:00:00,1053.447998,0.680228,0.905787,0.000000
2019-09-15 02:00:00,1045.329346,0.711141,0.710444,0.000000
2019-09-15 03:00:00,1040.357178,0.719749,0.695799,0.000000
2019-09-15 04:00:00,1085.178711,0.752345,0.702851,0.000000
2019-09-15 05:00:00,1172.547119,0.769242,0.715078,0.030418
2019-09-15 06:00:00,1306.737549,0.775295,0.968010,0.098859
2019-09-15 07:00:00,1420.337036,0.858709,0.959777,0.129278
2019-09-15 08:00:00,1495.701294,0.849188,0.958300,0.152091
2019-09-15 09:00:00,1537.409546,0.811743,0.965953,0.190114
2019-09-15 10:00:00,1511.499512,0.767784,0.961335,0.288973
2019-09-15 11:00:00,1513.718994,0.732128,0.969318,0.467681
2019-09-15 12:00:00,1486.924927,0.676629,0.974073,0.425856
2019-09-15 13:00:00,1486.665283,0.748390,0.956229,0.307985
2019-09-15 14:00:00,1508.655640,0.818122,0.959081,0.167300
2019-09-15 15:00:00,1627.527954,0.792929,0.968259,0.064639
2019-09-15 16:00:00,1633.078125,0.787786,0.950821,0.026616
2019-09-15 17:00:00,1565.243896,0.785248,0.955680,0.003802
2019-09-15 18:00:00,1523.501343,0.732595,0.938050,0.000000
2019-09-15 19:00:00,1410.860840,0.739481,0.956414,0.000000
2019-09-15 20:00:00,1293.766602,0.742248,0.965377,0.000000
2019-09-15 21:00:00,1179.679199,0.668790,0.968144,0.000000
2019-09-15 22:00:00,1111.986206,0.667065,0.961542,0.000000
2019-09-15 23:00:00,1080.354492,0.644171,0.955416,0.000000
2019-09-16 00:00:00,1051.723999,0.637182,0.962637,0.000000
2019-09-16 01:00:00,1037.050049,0.612850,0.969452,0.000000
2019-09-16 02:00:00,1070.612793,0.581891,0.950628,0.000000
2019-09-16 03:00:00,1178.868164,0.577951,0.923143,0.000000
2019-09-16 04:00:00,1388.525513,0.560673,0.910394,0.003802
2019-09-16 05:00:00,1563.704834,0.531168,0.850660,0.049430
2019-09-16 06:00:00,1652.249268,0.522543,0.689725,0.190114
2019-09-16 07:00:00,1694.759888,0.621877,0.733756,0.399240
2019-09-16 08:00:00,1711.104492,0.681954,0.716107,0.600760
2019-09-16 09:00:00,1712.800781,0.769760,0.771882,0.718631
2019-09-16 10:00:00,1713.604614,0.810696,0.818422,0.752852
2019-09-16 11:00:00,1706.553467,0.802117,0.887738,0.707224
2019-09-16 12:00:00,1671.097778,0.785431,0.833051,0.745247
2019-09-16 13:00:00,1628.903198,0.791480,0.820735,0.642586
2019-09-16 14:00:00,1620.430298,0.751603,0.772811,0.452471
2019-09-16 15:00:00,1713.972412,0.676211,0.714641,0.247148
2019-09-16 16:00:00,1708.921387,0.587459,0.677285,0.068441
2019-09-16 17:00:00,1663.786133,0.484217,0.649543,0.011407
2019-09-16 18:00:00,1602.332275,0.393737,0.441659,0.000000
2019-09-16 19:00:00,1469.323486,0.398468,0.498296,0.000000
2019-09-16 20:00:00,1311.067383,0.334259,0.505740,0.000000
2019-09-16 21:00:00,1183.815796,0.343276,0.527793,0.000000
2019-09-16 22:00:00,1122.138306,0.330197,0.551873,0.000000
2019-09-16 23:00:00,1072.540649,0.389320,0.520342,0.000000
2019-09-17 00:00:00,1067.798584,0.498780,0.700602,0.000000
2019-09-17 01:00:00,1050.774780,0.516321,0.670633,0.000000
2019-09-17 02:00:00,1075.764893,0.551811,0.762950,0.000000
2019-09-17 03:00:00,1182.638916,0.564003,0.775405,0.000000
2019-09-17 04:00:00,1427.187988,0.637243,0.858181,0.000000
2019-09-17 05:00:00,1606.692139,0.627909,0.906908,0.038023
2019-09-17 06:00:00,1685.229492,0.610709,0.786290,0.190114
2019-09-17 07:00:00,1716.654541,0.739841,0.925090,0.361217
2019-09-17 08:00:00,1751.555420,0.783736,0.962916,0.406844
2019-09-17 09:00:00,1755.778076,0.802432,0.912451,0.433460
2019-09-17 10:00:00,1776.766479,0.804980,0.882847,0.612167
2019-09-17 11:00:00,1744.751953,0.837717,0.948728,0.577947
2019-09-17 12:00:00,1697.282227,0.872780,0.865764,0.593156
2019-09-17 13:00:00,1697.724365,0.900124,0.951941,0.452471
2019-09-17 14:00:00,1692.273438,0.898021,0.953763,0.368821
2019-09-17 15:00:00,1775.884644,0.866656,0.959132,0.167300
2019-09-17 16:00:00,1752.491821,0.819331,0.931023,0.049430
2019-09-17 17:00:00,1713.144287,0.779197,0.948708,0.003802
2019-09-17 18:00:00,1651.496216,0.725595,0.937323,0.000000
2019-09-17 19:00:00,1525.675903,0.699693,0.934273,0.000000
2019-09-17 20:00:00,1373.012573,0.672815,0.895001,0.000000
2019-09-17 21:00:00,1248.866821,0.578025,0.851373,0.000000
2019-09-17 22:00:00,1173.072754,0.414759,0.817973,0.000000
2019-09-17 23:00:00,1121.348999,0.365324,0.772399,0.000000
2019-09-18 00:00:00,1104.970093,0.431309,0.769955,0.000000
2019-09-18 01:00:00,1098.842651,0.468233,0.728654,0.000000
2019-09-18 02:00:00,1118.916504,0.462374,0.719803,0.000000
2019-09-18 03:00:00,1216.953003,0.490787,0.781042,0.000000
2019-09-18 04:00:00,1436.248657,0.491864,0.790066,0.000000
2019-09-18 05:00:00,1626.999634,0.538627,0.807979,0.049430
2019-09-18 06:00:00,1705.044678,0.585416,0.813674,0.205323
2019-09-18 07:00:00,1724.588379,0.639575,0.864924,0.387833
2019-09-18 08:00:00,1740.176636,0.647291,0.877101,0.486692
2019-09-18 09:00:00,1749.474976,0.629105,0.842991,0.612167
2019-09-18 10:00:00,1731.506714,0.583868,0.805955,0.627376
2019-09-18 11:00:00,1717.679321,0.551810,0.790272,0.634981
2019-09-18 12:00:00,1712.216797,0.537079,0.726336,0.593156
2019-09-18 13:00:00,1671.540161,0.536983,0.789673,0.532319
2019-09-18 14:00:00,1673.243774,0.484045,0.741958,0.418251
2019-09-18 15:00:00,1746.541504,0.454061,0.803583,0.228137
2019-09-18 16:00:00,1732.597534,0.417128,0.802058,0.045627
2019-09-18 17:00:00,1692.250854,0.361872,0.486862,0.007605
2019-09-18 18:00:00,1635.160400,0.337828,0.570630,0.000000
2019-09-18 19:00:00,1510.436768,0.314580,0.434000,0.000000
2019-09-18 20:00:00,1376.314575,0.281543,0.559916,0.000000
2019-09-18 21:00:00,1228.320801,0.260843,0.422299,0.000000
2019-09-18 22:00:00,1138.152832,0.212496,0.337160,0.000000
2019-09-18 23:00:00,1085.540405,0.168301,0.284036,0.000000
2019-09-19 00:00:00,1073.660400,0.131984,0.233576,0.000000
2019-09-19 01:00:00,1075.903564,0.119025,0.219744,0.000000
2019-09-19 02:00:00,1111.671265,0.099645,0.181482,0.000000
2019-09-19 03:00:00,1187.211426,0.085836,0.110811,0.000000
2019-09-19 04:00:00,1426.699341,0.073208,0.060630,0.000000
2019-09-19 05:00:00,1616.586792,0.072482,0.067290,0.057034
2019-09-19 06:00:00,1694.626709,0.066393,0.097550,0.205323
2019-09-19 07:00:00,1708.958984,0.065194,0.104588,0.429658
2019-09-19 08:00:00,1705.637817,0.074662,0.138429,0.600760
2019-09-19 09:00:00,1690.451416,0.072691,0.145257,0.711027
2019-09-19 10:00:00,1675.586182,0.078880,0.147729,0.718631
2019-09-19 11:00:00,1662.201416,0.073769,0.144173,0.714829
2019-09-19 12:00:00,1636.559570,0.085749,0.194409,0.684411
2019-09-19 13:00:00,1596.522949,0.100337,0.211650,0.437262
2019-09-19 14:00:00,1612.527100,0.095413,0.207627,0.285171
2019-09-19 15:00:00,1700.032349,0.077189,0.160718,0.171103
2019-09-19 16:00:00,1684.234253,0.055510,0.194684,0.049430
2019-09-19 17:00:00,1667.399780,0.041386,0.211434,0.003802
2019-09-19 18:00:00,1602.866211,0.055861,0.157123,0.000000
2019-09-19 19:00:00,1482.529907,0.109355,0.118959,0.000000
2019-09-19 20:00:00,1344.912231,0.153712,0.200257,0.000000
2019-09-19 21:00:00,1258.935425,0.152154,0.193324,0.000000
2019-09-19 22:00:00,1134.124023,0.137486,0.202321,0.000000
2019-09-19 23:00:00,1092.755493,0.134239,0.174989,0.000000
2019-09-20 00:00:00,1075.650513,0.131879,0.173365,0.000000
2019-09-20 01:00:00,1079.090942,0.131925,0.181497,0.000000
2019-09-20 02:00:00,1095.485474,0.124836,0.202370,0.000000
2019-09-20 03:00:00,1188.971313,0.132155,0.267738,0.000000
2019-09-20 04:00:00,1412.878296,0.111184,0.247266,0.000000
2019-09-20 05:00:00,1611.895020,0.083104,0.232279,0.015209
2019-09-20 06:00:00,1695.519531,0.108972,0.133708,0.060837
2019-09-20 07:00:00,1734.157104,0.159034,0.190035,0.114068
2019-09-20 08:00:00,1758.979736,0.192751,0.239089,0.212928
2019-09-20 09:00:00,1727.697876,0.225108,0.262662,0.292776
2019-09-20 10:00:00,1727.340088,0.260963,0.293911,0.243346
2019-09-20 11:00:00,1702.235229,0.252493,0.320328,0.231939
2019-09-20 12:00:00,1659.225220,0.282101,0.247548,0.197719
2019-09-20 13:00:00,1614.869751,0.339582,0.244594,0.167300
2019-09-20 14:00:00,1622.291626,0.420970,0.314988,0.136882
2019-09-20 15:00:00,1713.926392,0.403439,0.538517,0.068441
2019-09-20 16:00:00,1718.493042,0.391140,0.624987,0.011407
2019-09-20 17:00:00,1669.353638,0.390894,0.559239,0.000000
2019-09-20 18:00:00,1566.369751,0.367180,0.544777,0.000000
2019-09-20 19:00:00,1450.332764,0.334984,0.481583,0.000000
2019-09-20 20:00:00,1344.994873,0.329241,0.437568,0.000000
2019-09-20 21:00:00,1241.680908,0.289792,0.612511,0.000000
2019-09-20 22:00:00,1162.518433,0.244988,0.624021,0.000000
2019-09-20 23:00:00,1089.907104,0.207460,0.410724,0.000000
2019-09-21 00:00:00,1050.019165,0.167009,0.315435,0.000000
2019-09-21 01:00:00,1042.998779,0.203802,0.380638,0.000000
2019-09-21 02:00:00,1048.221924,0.191693,0.418729,0.000000
2019-09-21 03:00:00,1068.060303,0.179805,0.446461,0.000000
2019-09-21 04:00:00,1116.179810,0.168027,0.362133,0.000000
2019-09-21 05:00:00,1208.458496,0.159973,0.328051,0.011407
2019-09-21 06:00:00,1341.606323,0.141055,0.289488,0.060837
2019-09-21 07:00:00,1434.184692,0.127536,0.177064,0.133080
2019-09-21 08:00:00,1482.662354,0.110980,0.234375,0.224335
2019-09-21 09:00:00,1482.948853,0.097883,0.157200,0.391635
2019-09-21 10:00:00,1476.456909,0.066644,0.150722,0.623574
2019-09-21 11:00:00,1449.667847,0.036336,0.148112,0.787072
2019-09-21 12:00:00,1424.838867,0.024886,0.075803,0.768061
2019-09-21 13:00:00,1390.052979,0.024347,0.043427,0.642586
2019-09-21 14:00:00,1404.854126,0.014851,0.021030,0.448669
2019-09-21 15:00:00,1480.848877,0.010877,0.001151,0.220532
2019-09-21 16:00:00,1533.572510,0.007088,0.002929,0.049430
2019-09-21 17:00:00,1513.052612,0.009871,0.004322,0.000000
2019-09-21 18:00:00,1461.806396,0.010125,0.000052,0.000000
2019-09-21 19:00:00,1366.083740,0.008598,0.000189,0.000000
2019-09-21 20:00:00,1281.993042,0.009384,0.000243,0.000000
2019-09-21 21:00:00,1188.160400,0.015193,0.000153,0.000000
2019-09-21 22:00:00,1120.836914,0.017428,0.019221,0.000000
2019-09-21 23:00:00,1072.899780,0.033094,0.055346,0.000000
2019-09-22 00:00:00,1030.265625,0.046401,0.072372,0.000000
2019-09-22 01:00:00,1030.961548,0.045656,0.052802,0.000000
2019-09-22 02:00:00,1016.941650,0.042939,0.042355,0.000000
2019-09-22 03:00:00,1046.113159,0.025332,0.019481,0.000000
2019-09-22 04:00:00,1102.802856,0.013931,0.000936,0.000000
2019-09-22 05:00:00,1179.197144,0.011944,0.003933,0.045627
2019-09-22 06:00:00,1308.636353,0.015889,0.028302,0.186312
2019-09-22 07:00:00,1388.447144,0.015013,0.044401,0.372624
2019-09-22 08:00:00,1437.433105,0.015112,0.058648,0.566540
2019-09-22 09:00:00,1442.629517,0.031974,0.070607,0.730038
2019-09-22 10:00:00,1429.578247,0.050712,0.055867,0.802281
2019-09-22 11:00:00,1418.045776,0.062960,0.068129,0.813688
2019-09-22 12:00:00,1396.724243,0.051073,0.106096,0.756654
2019-09-22 13:00:00,1380.471069,0.055150,0.148023,0.627376
2019-09-22 14:00:00,1399.116577,0.071582,0.222713,0.433460
2019-09-22 15:00:00,1515.242188,0.111245,0.341475,0.209125
2019-09-22 16:00:00,1547.342896,0.159618,0.359345,0.041825
2019-09-22 17:00:00,1541.789795,0.249267,0.371703,0.003802
2019-09-22 18:00:00,1484.415771,0.318696,0.552645,0.000000
2019-09-22 19:00:00,1375.539551,0.370179,0.661552,0.000000
2019-09-22 20:00:00,1250.007690,0.509214,0.693433,0.000000
2019-09-22 21:00:00,1143.504761,0.598657,0.736772,0.000000
2019-09-22 22:00:00,1084.259155,0.595588,0.845188,0.000000
2019-09-22 23:00:00,1040.495605,0.643064,0.885135,0.000000
2019-09-23 00:00:00,1020.360474,0.648559,0.912244,0.000000
2019-09-23 01:00:00,1027.514526,0.633384,0.887183,0.000000
2019-09-23 02:00:00,1062.053589,0.611588,0.811081,0.000000
2019-09-23 03:00:00,1163.232666,0.590913,0.728050,0.000000
2019-09-23 04:00:00,1375.139160,0.551683,0.626966,0.000000
2019-09-23 05:00:00,1567.781128,0.541838,0.598925,0.019011
2019-09-23 06:00:00,1663.406006,0.530486,0.686673,0.083650
2019-09-23 07:00:00,1691.955811,0.549996,0.687749,0.148289
2019-09-23 08:00:00,1700.982544,0.585063,0.664164,0.216730
2019-09-23 09:00:00,1690.009888,0.583149,0.698407,0.254753
2019-09-23 10:00:00,1736.519653,0.541017,0.646105,0.273764
2019-09-23 11:00:00,1752.369263,0.528148,0.675600,0.307985
2019-09-23 12:00:00,1708.283325,0.595634,0.738130,0.296578
2019-09-23 13:00:00,1635.127075,0.622260,0.748317,0.250951
2019-09-23 14:00:00,1687.423950,0.574920,0.777008,0.171103
2019-09-23 15:00:00,1747.685303,0.574836,0.777128,0.091255
2019-09-23 16:00:00,1728.359619,0.474590,0.737692,0.019011
2019-09-23 17:00:00,1706.061035,0.398422,0.631072,0.003802
2019-09-23 18:00:00,1599.971680,0.344835,0.476169,0.000000
2019-09-23 19:00:00,1467.461548,0.297547,0.385996,0.000000
2019-09-23 20:00:00,1319.814819,0.236453,0.272739,0.000000
2019-09-23 21:00:00,1195.692749,0.203958,0.197112,0.000000
2019-09-23 22:00:00,1107.385010,0.189304,0.143994,0.000000
2019-09-23 23:00:00,1061.132568,0.158721,0.079587,0.000000
2019-09-24 00:00:00,1038.239380,0.121869,0.054814,0.000000
2019-09-24 01:00:00,1040.419556,0.102892,0.026542,0.000000
2019-09-24 02:00:00,1067.491089,0.064894,0.016750,0.000000
2019-09-24 03:00:00,1188.100952,0.041609,0.026232,0.000000
2019-09-24 04:00:00,1400.424927,0.026006,0.020282,0.000000
2019-09-24 05:00:00,1596.332886,0.028746,0.019478,0.011407
2019-09-24 06:00:00,1694.953125,0.028513,0.013653,0.041825
2019-09-24 07:00:00,1738.317383,0.037133,0.013490,0.091255
2019-09-24 08:00:00,1758.453003,0.043215,0.027153,0.095057
2019-09-24 09:00:00,1753.335327,0.045899,0.040642,0.102662
2019-09-24 10:00:00,1736.197510,0.044164,0.055043,0.110266
2019-09-24 11:00:00,1733.538818,0.033748,0.032732,0.125475
2019-09-24 12:00:00,1716.355835,0.021830,0.023715,0.136882
2019-09-24 13:00:00,1669.698364,0.021681,0.026049,0.114068
2019-09-24 14:00:00,1697.663818,0.030803,0.029052,0.106464
2019-09-24 15:00:00,1779.649414,0.028129,0.027927,0.057034
2019-09-24 16:00:00,1772.951660,0.026212,0.035474,0.007605
2019-09-24 17:00:00,1732.306519,0.029078,0.040851,0.000000
2019-09-24 18:00:00,1620.204712,0.045659,0.061963,0.000000
2019-09-24 19:00:00,1487.015991,0.061863,0.069743,0.000000
2019-09-24 20:00:00,1338.884766,0.068457,0.054206,0.000000
2019-09-24 21:00:00,1206.904663,0.070365,0.065483,0.000000
2019-09-24 22:00:00,1136.323242,0.070248,0.079744,0.000000
2019-09-24 23:00:00,1085.606567,0.071210,0.083147,0.000000
2019-09-25 00:00:00,1069.057861,0.076181,0.096645,0.000000
2019-09-25 01:00:00,1069.251953,0.076192,0.062490,0.000000
2019-09-25 02:00:00,1085.687500,0.086549,0.104454,0.000000
2019-09-25 03:00:00,1168.470215,0.067170,0.091784,0.000000
2019-09-25 04:00:00,1417.020752,0.082877,0.096297,0.000000
2019-09-25 05:00:00,1611.441284,0.089574,0.101758,0.007605
2019-09-25 06:00:00,1708.262207,0.090365,0.114331,0.049430
2019-09-25 07:00:00,1740.556885,0.105391,0.168622,0.121673
2019-09-25 08:00:00,1761.399902,0.112161,0.189600,0.178707
2019-09-25 09:00:00,1750.809448,0.114783,0.186930,0.171103
2019-09-25 10:00:00,1734.913208,0.135454,0.166778,0.159696
2019-09-25 11:00:00,1720.331665,0.146746,0.225422,0.186312
2019-09-25 12:00:00,1697.744019,0.133109,0.231585,0.148289
2019-09-25 13:00:00,1670.267456,0.126875,0.222114,0.110266
2019-09-25 14:00:00,1696.110352,0.108577,0.185284,0.072243
2019-09-25 15:00:00,1802.414307,0.100901,0.194011,0.030418
2019-09-25 16:00:00,1787.649414,0.105954,0.212884,0.007605
2019-09-25 17:00:00,1737.754150,0.127226,0.188392,0.000000
2019-09-25 18:00:00,1619.291382,0.148532,0.140302,0.000000
2019-09-25 19:00:00,1485.503296,0.152352,0.140160,0.000000
2019-09-25 20:00:00,1340.003662,0.126135,0.138408,0.000000
2019-09-25 21:00:00,1205.193726,0.109754,0.159206,0.000000
2019-09-25 22:00:00,1121.480469,0.102841,0.090500,0.000000
2019-09-25 23:00:00,1073.708740,0.107857,0.017305,0.000000
2019-09-26 00:00:00,1063.255127,0.099852,0.017516,0.000000
2019-09-26 01:00:00,1068.272217,0.083254,0.031302,0.000000
2019-09-26 02:00:00,1097.295654,0.076100,0.021454,0.000000
2019-09-26 03:00:00,1195.642334,0.079773,0.019472,0.000000
2019-09-26 04:00:00,1418.416626,0.077445,0.014404,0.000000
2019-09-26 05:00:00,1633.307251,0.078508,0.030544,0.007605
2019-09-26 06:00:00,1713.788208,0.066951,0.032617,0.034221
2019-09-26 07:00:00,1740.755859,0.068564,0.050658,0.091255
2019-09-26 08:00:00,1754.727173,0.080852,0.104377,0.133080
2019-09-26 09:00:00,1747.564087,0.093324,0.095017,0.205323
2019-09-26 10:00:00,1738.428833,0.112074,0.085739,0.292776
2019-09-26 11:00:00,1742.062866,0.110798,0.075333,0.300380
2019-09-26 12:00:00,1702.774902,0.121336,0.079870,0.285171
2019-09-26 13:00:00,1666.574463,0.140821,0.074405,0.288973
2019-09-26 14:00:00,1689.780762,0.146449,0.098887,0.197719
2019-09-26 15:00:00,1769.791260,0.138340,0.135293,0.072243
2019-09-26 16:00:00,1766.004639,0.147439,0.177495,0.011407
2019-09-26 17:00:00,1731.417847,0.169528,0.280395,0.000000
2019-09-26 18:00:00,1620.772217,0.231829,0.429581,0.000000
2019-09-26 19:00:00,1515.169189,0.321631,0.556437,0.000000
2019-09-26 20:00:00,1368.915527,0.404859,0.747327,0.000000
2019-09-26 21:00:00,1248.224731,0.412366,0.737453,0.000000
2019-09-26 22:00:00,1166.036255,0.383951,0.594447,0.000000
2019-09-26 23:00:00,1111.184204,0.378678,0.557941,0.000000
2019-09-27 00:00:00,1102.291138,0.338687,0.506131,0.000000
2019-09-27 01:00:00,1090.267578,0.342707,0.436640,0.000000
2019-09-27 02:00:00,1119.186279,0.327433,0.472345,0.000000
2019-09-27 03:00:00,1213.017944,0.272977,0.499421,0.000000
2019-09-27 04:00:00,1435.761475,0.311865,0.581978,0.000000
2019-09-27 05:00:00,1644.736084,0.285262,0.593949,0.003802
2019-09-27 06:00:00,1747.349243,0.245299,0.502591,0.015209
2019-09-27 07:00:00,1795.156616,0.278881,0.620452,0.034221
2019-09-27 08:00:00,1807.979126,0.293578,0.508712,0.083650
2019-09-27 09:00:00,1775.155518,0.283803,0.456533,0.110266
2019-09-27 10:00:00,1754.296387,0.255742,0.282075,0.186312
2019-09-27 11:00:00,1718.919922,0.250072,0.130294,0.380228
2019-09-27 12:00:00,1651.025635,0.247241,0.125312,0.437262
2019-09-27 13:00:00,1601.705444,0.179133,0.176793,0.376426
2019-09-27 14:00:00,1613.126587,0.156260,0.369670,0.231939
2019-09-27 15:00:00,1681.182495,0.124805,0.213807,0.106464
2019-09-27 16:00:00,1690.068604,0.092215,0.092032,0.019011
2019-09-27 17:00:00,1671.873291,0.067373,0.080518,0.003802
2019-09-27 18:00:00,1559.046143,0.086162,0.144486,0.000000
2019-09-27 19:00:00,1446.760742,0.093795,0.136277,0.000000
2019-09-27 20:00:00,1339.070923,0.138004,0.177274,0.000000
2019-09-27 21:00:00,1240.974731,0.144074,0.213972,0.000000
2019-09-27 22:00:00,1168.183838,0.130177,0.245161,0.000000
2019-09-27 23:00:00,1123.421997,0.141739,0.166567,0.000000
2019-09-28 00:00:00,1088.827637,0.218993,0.321244,0.000000
2019-09-28 01:00:00,1068.355469,0.257137,0.430107,0.000000
2019-09-28 02:00:00,1071.853760,0.309099,0.535059,0.000000
2019-09-28 03:00:00,1096.823975,0.371903,0.745824,0.000000
2019-09-28 04:00:00,1150.460938,0.371247,0.718009,0.000000
2019-09-28 05:00:00,1234.430908,0.371889,0.815495,0.011407
2019-09-28 06:00:00,1359.294189,0.378350,0.770994,0.095057
2019-09-28 07:00:00,1458.453369,0.389508,0.646989,0.201521
2019-09-28 08:00:00,1500.137573,0.437428,0.529323,0.300380
2019-09-28 09:00:00,1532.478394,0.457693,0.509975,0.422053
2019-09-28 10:00:00,1501.123535,0.439803,0.406179,0.437262
2019-09-28 11:00:00,1471.366333,0.442917,0.300913,0.429658
2019-09-28 12:00:00,1467.767456,0.361044,0.239013,0.433460
2019-09-28 13:00:00,1459.460815,0.281552,0.155413,0.387833
2019-09-28 14:00:00,1490.487671,0.256927,0.230110,0.266160
2019-09-28 15:00:00,1581.063477,0.249221,0.278305,0.095057
2019-09-28 16:00:00,1586.930054,0.295922,0.497562,0.015209
2019-09-28 17:00:00,1584.632690,0.386644,0.591035,0.000000
2019-09-28 18:00:00,1500.654663,0.542789,0.795303,0.000000
2019-09-28 19:00:00,1429.717163,0.625144,0.917825,0.000000
2019-09-28 20:00:00,1348.422363,0.698799,0.949095,0.000000
2019-09-28 21:00:00,1266.579102,0.709577,0.948474,0.000000
2019-09-28 22:00:00,1201.359131,0.741941,0.926521,0.000000
2019-09-28 23:00:00,1121.150269,0.641985,0.770690,0.000000
2019-09-29 00:00:00,1067.604614,0.563032,0.762443,0.000000
2019-09-29 01:00:00,1086.180298,0.565303,0.827377,0.000000
2019-09-29 02:00:00,1080.449219,0.588342,0.876593,0.000000
2019-09-29 03:00:00,1086.201782,0.616903,0.892178,0.000000
2019-09-29 04:00:00,1128.413696,0.634056,0.862360,0.000000
2019-09-29 05:00:00,1208.835205,0.589376,0.797718,0.015209
2019-09-29 06:00:00,1334.464722,0.568001,0.810908,0.114068
2019-09-29 07:00:00,1433.650757,0.558551,0.815420,0.235741
2019-09-29 08:00:00,1487.329346,0.564357,0.821928,0.277567
2019-09-29 09:00:00,1509.979736,0.520747,0.790306,0.296578
2019-09-29 10:00:00,1517.842896,0.513784,0.836867,0.235741
2019-09-29 11:00:00,1507.683105,0.474562,0.909028,0.133080
2019-09-29 12:00:00,1504.413208,0.378814,0.850269,0.106464
2019-09-29 13:00:00,1500.320679,0.313813,0.779616,0.076046
2019-09-29 14:00:00,1530.692505,0.269042,0.773361,0.041825
2019-09-29 15:00:00,1646.957153,0.199643,0.536555,0.007605
2019-09-29 16:00:00,1687.449341,0.137109,0.606939,0.000000
2019-09-29 17:00:00,1641.918457,0.105232,0.491180,0.000000
2019-09-29 18:00:00,1533.905762,0.085612,0.422027,0.000000
2019-09-29 19:00:00,1422.333252,0.082615,0.524670,0.000000
2019-09-29 20:00:00,1288.025024,0.076517,0.421429,0.000000
2019-09-29 21:00:00,1184.503052,0.098593,0.548511,0.000000
2019-09-29 22:00:00,1131.331421,0.177620,0.509803,0.000000
2019-09-29 23:00:00,1093.583618,0.202617,0.354686,0.000000
2019-09-30 00:00:00,1061.886841,0.158982,0.306425,0.000000
2019-09-30 01:00:00,1071.950684,0.117964,0.292161,0.000000
2019-09-30 02:00:00,1089.396851,0.098226,0.268834,0.000000
2019-09-30 03:00:00,1185.237061,0.104831,0.193380,0.000000
2019-09-30 04:00:00,1429.205566,0.166158,0.200296,0.000000
2019-09-30 05:00:00,1663.265015,0.431150,0.351748,0.003802
2019-09-30 06:00:00,1773.320923,0.607188,0.870652,0.022814
2019-09-30 07:00:00,1810.944336,0.616862,0.911883,0.064639
2019-09-30 08:00:00,1822.346436,0.653728,0.908192,0.155894
2019-09-30 09:00:00,1794.262939,0.729835,0.937807,0.254753
2019-09-30 10:00:00,1781.429688,0.768562,0.952336,0.346008
2019-09-30 11:00:00,1774.201172,0.809253,0.950142,0.429658
2019-09-30 12:00:00,1723.144287,0.874008,0.977645,0.422053
2019-09-30 13:00:00,1693.568481,0.929160,0.959647,0.395437
2019-09-30 14:00:00,1682.323364,0.915227,0.944846,0.254753
2019-09-30 15:00:00,1805.436035,0.800887,0.853142,0.117871
2019-09-30 16:00:00,1817.031128,0.788632,0.937134,0.019011
2019-09-30 17:00:00,1786.994629,0.771972,0.923564,0.003802
2019-09-30 18:00:00,1664.698730,0.703722,0.904168,0.000000
2019-09-30 19:00:00,1527.041870,0.648296,0.913750,0.000000
2019-09-30 20:00:00,1380.552490,0.561249,0.798243,0.000000
2019-09-30 21:00:00,1237.441650,0.454717,0.692161,0.000000
2019-09-30 22:00:00,1166.280396,0.358823,0.549599,0.000000
2019-09-30 23:00:00,1109.217529,0.295885,0.338256,0.000000
2019-10-01 00:00:00,1074.773560,0.262199,0.292754,0.000000
2019-10-01 01:00:00,1067.484253,0.194347,0.265263,0.000000
2019-10-01 02:00:00,1111.448486,0.136934,0.234790,0.000000
2019-10-01 03:00:00,1199.189453,0.099190,0.142148,0.000000
2019-10-01 04:00:00,1429.736450,0.064995,0.072766,0.000000
2019-10-01 05:00:00,1633.586304,0.044041,0.020819,0.007605
2019-10-01 06:00:00,1725.827759,0.032295,0.014889,0.053232
2019-10-01 07:00:00,1763.745728,0.022204,0.018060,0.114068
2019-10-01 08:00:00,1774.305664,0.015306,0.028412,0.140684
2019-10-01 09:00:00,1764.509399,0.010614,0.031109,0.155894
2019-10-01 10:00:00,1756.427734,0.006618,0.053733,0.159696
2019-10-01 11:00:00,1761.970581,0.010219,0.038775,0.148289
2019-10-01 12:00:00,1726.573608,0.021455,0.140631,0.152091
2019-10-01 13:00:00,1693.885132,0.027314,0.130100,0.144487
2019-10-01 14:00:00,1707.736084,0.037513,0.082366,0.102662
2019-10-01 15:00:00,1803.630981,0.039952,0.135138,0.057034
2019-10-01 16:00:00,1795.776245,0.058933,0.051996,0.011407
2019-10-01 17:00:00,1783.847168,0.106467,0.082800,0.003802
2019-10-01 18:00:00,1653.335815,0.161849,0.162059,0.000000
2019-10-01 19:00:00,1543.462036,0.199564,0.174676,0.000000
2019-10-01 20:00:00,1403.621216,0.217739,0.218611,0.000000
2019-10-01 21:00:00,1267.473999,0.186898,0.305297,0.000000
2019-10-01 22:00:00,1189.311523,0.184368,0.197889,0.000000
2019-10-01 23:00:00,1135.125488,0.183943,0.218404,0.000000
2019-10-02 00:00:00,1122.132324,0.210397,0.222652,0.000000
2019-10-02 01:00:00,1124.037720,0.225370,0.247009,0.000000
2019-10-02 02:00:00,1147.420044,0.223619,0.266345,0.000000
2019-10-02 03:00:00,1237.427856,0.248293,0.326598,0.000000
2019-10-02 04:00:00,1468.772949,0.243682,0.366196,0.000000
2019-10-02 05:00:00,1673.661377,0.283067,0.385681,0.015209
2019-10-02 06:00:00,1742.275757,0.282358,0.452407,0.140684
2019-10-02 07:00:00,1748.437866,0.284104,0.422402,0.334601
2019-10-02 08:00:00,1749.208130,0.337533,0.455742,0.520913
2019-10-02 09:00:00,1728.189819,0.363459,0.491006,0.653992
2019-10-02 10:00:00,1698.564453,0.405698,0.418523,0.676806
2019-10-02 11:00:00,1700.039917,0.484924,0.518423,0.604563
2019-10-02 12:00:00,1689.600952,0.525839,0.650846,0.456274
2019-10-02 13:00:00,1704.272705,0.571862,0.827108,0.269962
2019-10-02 14:00:00,1735.767578,0.515585,0.849406,0.155894
2019-10-02 15:00:00,1861.197388,0.436934,0.712208,0.041825
2019-10-02 16:00:00,1856.196899,0.400044,0.615986,0.007605
2019-10-02 17:00:00,1815.054565,0.316049,0.732158,0.003802
2019-10-02 18:00:00,1687.361450,0.200472,0.736868,0.000000
2019-10-02 19:00:00,1555.353027,0.212547,0.550608,0.000000
2019-10-02 20:00:00,1412.950562,0.221452,0.405056,0.000000
2019-10-02 21:00:00,1281.137085,0.224410,0.314346,0.000000
2019-10-02 22:00:00,1204.783813,0.226432,0.386984,0.000000
2019-10-02 23:00:00,1149.358765,0.189159,0.387518,0.000000
2019-10-03 00:00:00,1124.792969,0.141821,0.437011,0.000000
2019-10-03 01:00:00,1129.017456,0.169785,0.332864,0.000000
2019-10-03 02:00:00,1161.187378,0.253504,0.197809,0.000000
2019-10-03 03:00:00,1256.498169,0.299946,0.197331,0.000000
2019-10-03 04:00:00,1494.031250,0.309453,0.330441,0.000000
2019-10-03 05:00:00,1695.807495,0.299098,0.342668,0.007605
2019-10-03 06:00:00,1766.856079,0.279178,0.256566,0.076046
2019-10-03 07:00:00,1785.998535,0.203150,0.289670,0.171103
2019-10-03 08:00:00,1799.448975,0.157015,0.169245,0.292776
2019-10-03 09:00:00,1787.449341,0.123024,0.105690,0.361217
2019-10-03 10:00:00,1760.781982,0.094830,0.101535,0.319392
2019-10-03 11:00:00,1749.292603,0.092938,0.069190,0.269962
2019-10-03 12:00:00,1729.768433,0.092304,0.078437,0.243346
2019-10-03 13:00:00,1698.528442,0.083091,0.055241,0.201521
2019-10-03 14:00:00,1723.710815,0.070856,0.044853,0.125475
2019-10-03 15:00:00,1827.071411,0.043223,0.113206,0.045627
2019-10-03 16:00:00,1841.229614,0.022121,0.123094,0.011407
2019-10-03 17:00:00,1814.404541,0.010115,0.080341,0.003802
2019-10-03 18:00:00,1678.551758,0.005821,0.056287,0.000000
2019-10-03 19:00:00,1550.887695,0.002529,0.010124,0.000000
2019-10-03 20:00:00,1401.866089,0.001815,0.002749,0.000000
2019-10-03 21:00:00,1270.045288,0.005945,0.000974,0.000000
2019-10-03 22:00:00,1182.857056,0.011687,0.000113,0.000000
2019-10-03 23:00:00,1146.123779,0.014712,0.000088,0.000000
2019-10-04 00:00:00,1129.102051,0.018784,0.000085,0.000000
2019-10-04 01:00:00,1136.675171,0.018186,0.000052,0.000000
2019-10-04 02:00:00,1158.355713,0.025099,0.001454,0.000000
2019-10-04 03:00:00,1253.344604,0.057764,0.013817,0.000000
2019-10-04 04:00:00,1503.225098,0.100147,0.050936,0.000000
2019-10-04 05:00:00,1707.507080,0.117209,0.107448,0.007605
2019-10-04 06:00:00,1793.588013,0.125129,0.177392,0.072243
2019-10-04 07:00:00,1815.358887,0.108599,0.301955,0.167300
2019-10-04 08:00:00,1833.701050,0.145550,0.394168,0.307985
2019-10-04 09:00:00,1802.207642,0.204187,0.407470,0.380228
2019-10-04 10:00:00,1774.467163,0.234733,0.340989,0.490494
2019-10-04 11:00:00,1749.680786,0.218339,0.238289,0.513308
2019-10-04 12:00:00,1687.381714,0.163203,0.214702,0.463878
2019-10-04 13:00:00,1655.624512,0.145800,0.194196,0.288973
2019-10-04 14:00:00,1685.094849,0.154334,0.207615,0.136882
2019-10-04 15:00:00,1779.418823,0.181870,0.246252,0.049430
2019-10-04 16:00:00,1805.501709,0.197647,0.334445,0.019011
2019-10-04 17:00:00,1751.742676,0.228598,0.494320,0.000000
2019-10-04 18:00:00,1615.882935,0.260824,0.582004,0.000000
2019-10-04 19:00:00,1520.964478,0.280949,0.649832,0.000000
2019-10-04 20:00:00,1417.430908,0.311201,0.568862,0.000000
2019-10-04 21:00:00,1318.229492,0.325920,0.601819,0.003802
2019-10-04 22:00:00,1239.076538,0.380073,0.669661,0.000000
2019-10-04 23:00:00,1182.712646,0.435694,0.848363,0.000000
2019-10-05 00:00:00,1163.802124,0.425946,0.751153,0.000000
2019-10-05 01:00:00,1151.968628,0.431360,0.631720,0.000000
2019-10-05 02:00:00,1133.269043,0.430121,0.751932,0.000000
2019-10-05 03:00:00,1154.577026,0.402970,0.689157,0.000000
2019-10-05 04:00:00,1222.756836,0.393796,0.544355,0.000000
2019-10-05 05:00:00,1327.012207,0.412650,0.702242,0.007605
2019-10-05 06:00:00,1445.500610,0.388769,0.696426,0.064639
2019-10-05 07:00:00,1537.162476,0.378666,0.641299,0.159696
2019-10-05 08:00:00,1584.849121,0.353981,0.634128,0.300380
2019-10-05 09:00:00,1584.542236,0.334515,0.462839,0.471483
2019-10-05 10:00:00,1555.658936,0.275853,0.484227,0.634981
2019-10-05 11:00:00,1533.052246,0.222203,0.603012,0.684411
2019-10-05 12:00:00,1503.576538,0.178263,0.522689,0.612167
2019-10-05 13:00:00,1476.616943,0.141392,0.449327,0.498099
2019-10-05 14:00:00,1499.915283,0.099165,0.330254,0.315589
2019-10-05 15:00:00,1607.618164,0.068231,0.282868,0.110266
2019-10-05 16:00:00,1677.977051,0.065792,0.226869,0.015209
2019-10-05 17:00:00,1671.695313,0.086182,0.223428,0.000000
2019-10-05 18:00:00,1566.278076,0.102475,0.210790,0.000000
2019-10-05 19:00:00,1470.086792,0.099715,0.165137,0.000000
2019-10-05 20:00:00,1370.426147,0.080570,0.097770,0.000000
2019-10-05 21:00:00,1285.771606,0.061049,0.083550,0.003802
2019-10-05 22:00:00,1218.394897,0.064833,0.096947,0.000000
2019-10-05 23:00:00,1171.240112,0.064824,0.079089,0.000000
2019-10-06 00:00:00,1142.786621,0.104400,0.095175,0.000000
2019-10-06 01:00:00,1136.122803,0.130355,0.076098,0.000000
2019-10-06 02:00:00,1130.643677,0.133591,0.055335,0.000000
2019-10-06 03:00:00,1156.080566,0.146988,0.050972,0.000000
2019-10-06 04:00:00,1222.462280,0.116868,0.060435,0.000000
2019-10-06 05:00:00,1307.142822,0.091665,0.058807,0.011407
2019-10-06 06:00:00,1448.285522,0.084593,0.130780,0.102662
2019-10-06 07:00:00,1524.021851,0.080142,0.049921,0.273764
2019-10-06 08:00:00,1545.359863,0.076066,0.109691,0.403042
2019-10-06 09:00:00,1538.670410,0.090506,0.089263,0.498099
2019-10-06 10:00:00,1530.239380,0.088783,0.064858,0.596958
2019-10-06 11:00:00,1536.261108,0.087032,0.069162,0.558935
2019-10-06 12:00:00,1511.944580,0.085937,0.058186,0.475285
2019-10-06 13:00:00,1498.557739,0.087479,0.055691,0.346008
2019-10-06 14:00:00,1536.005005,0.080778,0.050423,0.224335
2019-10-06 15:00:00,1671.476929,0.101212,0.093184,0.087452
2019-10-06 16:00:00,1739.212891,0.116337,0.124464,0.011407
2019-10-06 17:00:00,1716.375000,0.156794,0.172948,0.000000
2019-10-06 18:00:00,1596.097046,0.179142,0.170128,0.000000
2019-10-06 19:00:00,1480.934692,0.173451,0.271085,0.000000
2019-10-06 20:00:00,1354.300415,0.145584,0.327490,0.000000
2019-10-06 21:00:00,1254.516724,0.111899,0.117208,0.000000
2019-10-06 22:00:00,1183.864502,0.097797,0.094666,0.000000
2019-10-06 23:00:00,1140.284424,0.090254,0.126096,0.000000
2019-10-07 00:00:00,1126.755737,0.066186,0.154745,0.000000
2019-10-07 01:00:00,1145.102417,0.070309,0.096505,0.000000
2019-10-07 02:00:00,1182.399048,0.062441,0.081951,0.000000
2019-10-07 03:00:00,1292.211548,0.048064,0.218824,0.000000
2019-10-07 04:00:00,1547.656860,0.045826,0.217538,0.000000
2019-10-07 05:00:00,1755.163696,0.034278,0.151159,0.011407
2019-10-07 06:00:00,1837.557373,0.022288,0.114993,0.106464
2019-10-07 07:00:00,1846.951416,0.008686,0.083226,0.254753
2019-10-07 08:00:00,1847.266479,0.011214,0.029129,0.387833
2019-10-07 09:00:00,1818.792358,0.017092,0.008324,0.524715
2019-10-07 10:00:00,1792.805176,0.013199,0.001776,0.623574
2019-10-07 11:00:00,1768.177979,0.004484,0.000526,0.608365
2019-10-07 12:00:00,1712.658325,0.002664,0.000035,0.532319
2019-10-07 13:00:00,1691.868896,0.014999,0.000307,0.391635
2019-10-07 14:00:00,1708.611328,0.012564,0.003172,0.201521
2019-10-07 15:00:00,1845.111206,0.003760,0.002920,0.053232
2019-10-07 16:00:00,1893.541626,0.003268,0.002615,0.007605
2019-10-07 17:00:00,1849.445557,0.005836,0.000715,0.000000
2019-10-07 18:00:00,1712.032837,0.010298,0.000281,0.000000
2019-10-07 19:00:00,1580.098511,0.030717,0.011601,0.000000
2019-10-07 20:00:00,1433.522705,0.079458,0.096127,0.000000
2019-10-07 21:00:00,1300.755981,0.134416,0.222504,0.000000
2019-10-07 22:00:00,1215.145996,0.180734,0.395111,0.000000
2019-10-07 23:00:00,1162.380615,0.199851,0.403795,0.000000
2019-10-08 00:00:00,1140.798096,0.267546,0.341863,0.000000
2019-10-08 01:00:00,1145.528809,0.289485,0.502824,0.000000
2019-10-08 02:00:00,1166.237549,0.250188,0.586855,0.000000
2019-10-08 03:00:00,1288.816528,0.312871,0.605993,0.000000
2019-10-08 04:00:00,1537.973511,0.398573,0.696141,0.000000
2019-10-08 05:00:00,1734.641724,0.448573,0.739526,0.000000
2019-10-08 06:00:00,1846.026001,0.484251,0.881234,0.007605
2019-10-08 07:00:00,1892.337524,0.485758,0.884664,0.022814
2019-10-08 08:00:00,1936.816772,0.509130,0.914751,0.041825
2019-10-08 09:00:00,1902.968750,0.510591,0.865686,0.087452
2019-10-08 10:00:00,1889.595459,0.476104,0.796253,0.258555
2019-10-08 11:00:00,1829.043701,0.392226,0.642342,0.357414
2019-10-08 12:00:00,1787.473389,0.344110,0.534457,0.437262
2019-10-08 13:00:00,1720.910400,0.353933,0.543606,0.384030
2019-10-08 14:00:00,1723.005005,0.408534,0.556796,0.231939
2019-10-08 15:00:00,1818.852295,0.276971,0.429640,0.076046
2019-10-08 16:00:00,1853.014404,0.271014,0.342592,0.019011
2019-10-08 17:00:00,1822.857422,0.300405,0.436636,0.000000
2019-10-08 18:00:00,1690.782104,0.327366,0.489376,0.000000
2019-10-08 19:00:00,1562.528809,0.332463,0.396787,0.000000
2019-10-08 20:00:00,1416.226074,0.335774,0.474010,0.000000
2019-10-08 21:00:00,1282.063599,0.348868,0.499665,0.000000
2019-10-08 22:00:00,1201.614014,0.399645,0.556847,0.000000
2019-10-08 23:00:00,1153.061523,0.451211,0.531290,0.000000
2019-10-09 00:00:00,1133.488647,0.515592,0.614837,0.000000
2019-10-09 01:00:00,1134.406616,0.443062,0.719615,0.000000
2019-10-09 02:00:00,1156.514893,0.367332,0.668076,0.000000
2019-10-09 03:00:00,1262.387573,0.412449,0.752189,0.000000
2019-10-09 04:00:00,1511.621826,0.524062,0.756912,0.000000
2019-10-09 05:00:00,1709.779785,0.497203,0.720039,0.007605
2019-10-09 06:00:00,1776.957397,0.445274,0.704055,0.087452
2019-10-09 07:00:00,1803.660156,0.457011,0.783455,0.243346
2019-10-09 08:00:00,1800.598511,0.459268,0.789092,0.422053
2019-10-09 09:00:00,1795.949341,0.472382,0.755837,0.486692
2019-10-09 10:00:00,1765.130981,0.499849,0.696527,0.391635
2019-10-09 11:00:00,1760.027222,0.493422,0.628048,0.269962
2019-10-09 12:00:00,1733.812622,0.419550,0.594822,0.197719
2019-10-09 13:00:00,1708.447754,0.409983,0.542986,0.163498
2019-10-09 14:00:00,1728.508911,0.340619,0.270593,0.091255
2019-10-09 15:00:00,1835.528687,0.253207,0.264796,0.026616
2019-10-09 16:00:00,1878.635498,0.184652,0.258210,0.000000
2019-10-09 17:00:00,1817.249512,0.171788,0.250001,0.000000
2019-10-09 18:00:00,1685.304443,0.138939,0.348891,0.000000
2019-10-09 19:00:00,1558.045288,0.156694,0.384667,0.000000
2019-10-09 20:00:00,1410.389771,0.155492,0.502986,0.000000
2019-10-09 21:00:00,1283.608521,0.218856,0.449209,0.000000
2019-10-09 22:00:00,1199.498901,0.254115,0.415937,0.000000
2019-10-09 23:00:00,1149.945068,0.318118,0.548162,0.000000
2019-10-10 00:00:00,1130.046875,0.320674,0.698261,0.000000
2019-10-10 01:00:00,1132.782349,0.323815,0.664051,0.000000
2019-10-10 02:00:00,1161.695068,0.343266,0.716057,0.000000
2019-10-10 03:00:00,1289.197388,0.396140,0.844780,0.000000
2019-10-10 04:00:00,1515.874268,0.402968,0.786627,0.000000
2019-10-10 05:00:00,1733.810547,0.450417,0.820290,0.003802
2019-10-10 06:00:00,1794.767578,0.454260,0.711175,0.057034
2019-10-10 07:00:00,1814.168335,0.441910,0.706093,0.171103
2019-10-10 08:00:00,1806.136230,0.457029,0.669816,0.357414
2019-10-10 09:00:00,1798.158569,0.540022,0.690372,0.513308
2019-10-10 10:00:00,1771.645508,0.577766,0.739160,0.562738
2019-10-10 11:00:00,1739.115234,0.616712,0.754494,0.520913
2019-10-10 12:00:00,1734.417114,0.620664,0.736542,0.513308
2019-10-10 13:00:00,1696.098633,0.634002,0.860523,0.326996
2019-10-10 14:00:00,1712.688843,0.519919,0.850039,0.163498
2019-10-10 15:00:00,1818.071777,0.487227,0.741716,0.045627
2019-10-10 16:00:00,1861.281128,0.487996,0.727013,0.000000
2019-10-10 17:00:00,1822.641113,0.570829,0.898034,0.000000
2019-10-10 18:00:00,1689.531128,0.592847,0.916920,0.000000
2019-10-10 19:00:00,1578.272217,0.631151,0.919892,0.000000
2019-10-10 20:00:00,1444.130005,0.656636,0.952468,0.000000
2019-10-10 21:00:00,1310.776611,0.665057,0.948485,0.000000
2019-10-10 22:00:00,1228.974121,0.626203,0.930225,0.000000
2019-10-10 23:00:00,1169.658813,0.604641,0.926667,0.000000
2019-10-11 00:00:00,1140.231812,0.599552,0.897143,0.000000
2019-10-11 01:00:00,1141.947754,0.593809,0.891650,0.000000
2019-10-11 02:00:00,1188.412842,0.632647,0.947733,0.000000
2019-10-11 03:00:00,1285.791626,0.760008,0.929867,0.000000
2019-10-11 04:00:00,1530.387695,0.804132,0.951241,0.000000
2019-10-11 05:00:00,1742.565308,0.777264,0.966906,0.000000
2019-10-11 06:00:00,1829.878052,0.738017,0.971652,0.007605
2019-10-11 07:00:00,1868.882080,0.770472,0.969732,0.045627
2019-10-11 08:00:00,1881.449951,0.788450,0.913896,0.117871
2019-10-11 09:00:00,1853.211304,0.729069,0.929884,0.239544
2019-10-11 10:00:00,1812.624023,0.670449,0.884193,0.258555
2019-10-11 11:00:00,1788.281860,0.718799,0.887398,0.152091
2019-10-11 12:00:00,1766.221802,0.803704,0.934165,0.072243
2019-10-11 13:00:00,1756.423462,0.833487,0.961023,0.041825
2019-10-11 14:00:00,1774.920776,0.838032,0.976651,0.026616
2019-10-11 15:00:00,1884.740845,0.843959,0.991996,0.003802
2019-10-11 16:00:00,1913.354736,0.870633,0.964579,0.000000
2019-10-11 17:00:00,1810.166504,0.878030,0.977549,0.000000
2019-10-11 18:00:00,1679.485596,0.801002,0.975178,0.000000
2019-10-11 19:00:00,1582.174072,0.783507,0.936499,0.000000
2019-10-11 20:00:00,1471.338623,0.746678,0.911518,0.000000
2019-10-11 21:00:00,1358.354126,0.782325,0.916120,0.000000
2019-10-11 22:00:00,1276.401489,0.750917,0.947380,0.000000
2019-10-11 23:00:00,1228.008545,0.665174,0.950400,0.000000
2019-10-12 00:00:00,1193.835693,0.577315,0.938226,0.000000
2019-10-12 01:00:00,1171.803101,0.509749,0.910230,0.000000
2019-10-12 02:00:00,1144.696045,0.469110,0.852517,0.000000
2019-10-12 03:00:00,1135.664063,0.458424,0.641567,0.000000
2019-10-12 04:00:00,1200.515015,0.485743,0.686457,0.000000
2019-10-12 05:00:00,1306.257568,0.553875,0.652436,0.000000
2019-10-12 06:00:00,1448.220947,0.584223,0.567153,0.019011
2019-10-12 07:00:00,1536.622803,0.542783,0.418692,0.095057
2019-10-12 08:00:00,1598.672607,0.586858,0.561048,0.171103
2019-10-12 09:00:00,1615.109985,0.617308,0.662545,0.209125
2019-10-12 10:00:00,1606.341919,0.667722,0.748664,0.262357
2019-10-12 11:00:00,1586.291138,0.636575,0.701448,0.304183
2019-10-12 12:00:00,1569.217285,0.623611,0.616141,0.326996
2019-10-12 13:00:00,1552.635010,0.601498,0.592574,0.209125
2019-10-12 14:00:00,1570.556274,0.606441,0.679082,0.125475
2019-10-12 15:00:00,1653.096436,0.560363,0.635483,0.045627
2019-10-12 16:00:00,1756.524658,0.524149,0.697090,0.000000
2019-10-12 17:00:00,1666.869385,0.473368,0.622252,0.000000
2019-10-12 18:00:00,1554.087158,0.450837,0.612982,0.000000
2019-10-12 19:00:00,1464.390503,0.420317,0.505364,0.000000
2019-10-12 20:00:00,1363.927856,0.361024,0.465412,0.000000
2019-10-12 21:00:00,1273.391968,0.303390,0.388655,0.000000
2019-10-12 22:00:00,1192.180054,0.275175,0.360979,0.000000
2019-10-12 23:00:00,1131.040771,0.231753,0.280231,0.000000
2019-10-13 00:00:00,1095.849854,0.197020,0.214216,0.000000
2019-10-13 01:00:00,1087.488281,0.154197,0.163380,0.000000
2019-10-13 02:00:00,1079.228149,0.114726,0.118991,0.000000
2019-10-13 03:00:00,1101.040161,0.085985,0.097247,0.000000
2019-10-13 04:00:00,1156.965576,0.081503,0.071440,0.000000
2019-10-13 05:00:00,1254.759399,0.071231,0.059043,0.000000
2019-10-13 06:00:00,1372.675171,0.065670,0.015898,0.019011
2019-10-13 07:00:00,1482.287598,0.046420,0.009040,0.060837
2019-10-13 08:00:00,1542.435059,0.034144,0.061085,0.079848
2019-10-13 09:00:00,1560.816895,0.031188,0.137008,0.136882
2019-10-13 10:00:00,1554.670410,0.043787,0.141275,0.155894
2019-10-13 11:00:00,1540.914307,0.079518,0.174764,0.095057
2019-10-13 12:00:00,1534.638306,0.112249,0.123491,0.060837
2019-10-13 13:00:00,1542.324585,0.128946,0.135447,0.038023
2019-10-13 14:00:00,1584.990845,0.189301,0.227278,0.015209
2019-10-13 15:00:00,1725.168335,0.242550,0.491211,0.000000
2019-10-13 16:00:00,1787.781128,0.354760,0.601472,0.000000
2019-10-13 17:00:00,1708.648438,0.480568,0.806206,0.000000
2019-10-13 18:00:00,1610.257568,0.560429,0.949078,0.000000
2019-10-13 19:00:00,1514.274414,0.647471,0.938335,0.000000
2019-10-13 20:00:00,1400.609497,0.753400,0.939312,0.000000
2019-10-13 21:00:00,1301.408203,0.794226,0.956888,0.000000
2019-10-13 22:00:00,1234.745728,0.732308,0.884472,0.000000
2019-10-13 23:00:00,1193.075317,0.785873,0.939339,0.000000
2019-10-14 00:00:00,1169.340820,0.836787,0.962274,0.000000
2019-10-14 01:00:00,1172.994263,0.872698,0.967778,0.000000
2019-10-14 02:00:00,1188.131714,0.908289,0.972001,0.000000
2019-10-14 03:00:00,1270.820068,0.915338,0.960406,0.000000
2019-10-14 04:00:00,1468.335083,0.876353,0.950377,0.000000
2019-10-14 05:00:00,1678.864868,0.877849,0.939690,0.003802
2019-10-14 06:00:00,1762.645020,0.869987,0.932749,0.064639
2019-10-14 07:00:00,1782.448608,0.799537,0.840069,0.193916
2019-10-14 08:00:00,1794.816284,0.690516,0.681969,0.315589
2019-10-14 09:00:00,1782.731079,0.518587,0.490312,0.323194
2019-10-14 10:00:00,1760.253540,0.342091,0.287120,0.406844
2019-10-14 11:00:00,1744.127075,0.202035,0.158303,0.441065
2019-10-14 12:00:00,1710.169067,0.102790,0.086636,0.410646
2019-10-14 13:00:00,1661.041870,0.053969,0.031752,0.288973
2019-10-14 14:00:00,1666.497314,0.025305,0.018433,0.133080
2019-10-14 15:00:00,1784.796265,0.010850,0.006899,0.026616
2019-10-14 16:00:00,1856.252930,0.019335,0.002035,0.000000
2019-10-14 17:00:00,1774.066284,0.028597,0.008580,0.000000
2019-10-14 18:00:00,1640.245361,0.112315,0.149749,0.000000
2019-10-14 19:00:00,1519.589966,0.202207,0.352150,0.000000
2019-10-14 20:00:00,1399.771362,0.179289,0.496702,0.000000
2019-10-14 21:00:00,1278.075073,0.153077,0.578212,0.000000
2019-10-14 22:00:00,1211.467773,0.401359,0.498181,0.000000
2019-10-14 23:00:00,1164.247925,0.421411,0.723178,0.000000
2019-10-15 00:00:00,1161.035278,0.438494,0.882348,0.000000
2019-10-15 01:00:00,1172.579468,0.578626,0.880975,0.000000
2019-10-15 02:00:00,1201.921143,0.642176,0.956201,0.000000
2019-10-15 03:00:00,1291.839478,0.635412,0.959223,0.000000
2019-10-15 04:00:00,1464.746704,0.694653,0.904271,0.000000
2019-10-15 05:00:00,1675.361450,0.701654,0.852105,0.003802
2019-10-15 06:00:00,1758.634521,0.661744,0.816557,0.076046
2019-10-15 07:00:00,1779.574219,0.578712,0.554839,0.209125
2019-10-15 08:00:00,1788.401001,0.432252,0.278346,0.346008
2019-10-15 09:00:00,1757.013184,0.248242,0.221893,0.399240
2019-10-15 10:00:00,1732.844604,0.165362,0.150706,0.448669
2019-10-15 11:00:00,1710.995605,0.128701,0.095136,0.486692
2019-10-15 12:00:00,1681.393677,0.124972,0.098063,0.391635
2019-10-15 13:00:00,1643.130005,0.088599,0.038327,0.266160
2019-10-15 14:00:00,1657.143188,0.041468,0.012695,0.148289
2019-10-15 15:00:00,1755.768921,0.020945,0.007568,0.034221
2019-10-15 16:00:00,1832.255493,0.019679,0.010325,0.000000
2019-10-15 17:00:00,1748.631348,0.015104,0.010184,0.000000
2019-10-15 18:00:00,1615.541626,0.008778,0.003510,0.000000
2019-10-15 19:00:00,1502.583618,0.005303,0.006522,0.000000
2019-10-15 20:00:00,1376.750610,0.003299,0.005149,0.000000
2019-10-15 21:00:00,1261.004639,0.007392,0.003432,0.000000
2019-10-15 22:00:00,1178.519043,0.003784,0.039137,0.000000
2019-10-15 23:00:00,1139.828125,0.008160,0.060617,0.000000
2019-10-16 00:00:00,1114.885864,0.021392,0.075476,0.000000
2019-10-16 01:00:00,1104.659668,0.031190,0.143879,0.000000
2019-10-16 02:00:00,1126.210327,0.052974,0.088485,0.000000
2019-10-16 03:00:00,1216.520752,0.028163,0.023642,0.000000
2019-10-16 04:00:00,1401.401611,0.021937,0.039501,0.000000
2019-10-16 05:00:00,1604.438965,0.024276,0.028491,0.000000
2019-10-16 06:00:00,1712.135376,0.027322,0.068874,0.011407
2019-10-16 07:00:00,1767.770386,0.036022,0.094980,0.026616
2019-10-16 08:00:00,1805.759521,0.046736,0.059050,0.045627
2019-10-16 09:00:00,1809.643921,0.046659,0.044579,0.060837
2019-10-16 10:00:00,1805.039673,0.031703,0.137784,0.053232
2019-10-16 11:00:00,1804.808105,0.040412,0.168838,0.053232
2019-10-16 12:00:00,1790.187012,0.065345,0.118627,0.034221
2019-10-16 13:00:00,1765.636841,0.090793,0.223269,0.022814
2019-10-16 14:00:00,1780.383911,0.109661,0.242689,0.011407
2019-10-16 15:00:00,1887.678711,0.105885,0.278711,0.003802
2019-10-16 16:00:00,1902.118286,0.084359,0.222252,0.000000
2019-10-16 17:00:00,1784.039917,0.086166,0.137195,0.000000
2019-10-16 18:00:00,1650.572266,0.157387,0.230854,0.000000
2019-10-16 19:00:00,1531.859741,0.144000,0.175441,0.000000
2019-10-16 20:00:00,1395.058960,0.096808,0.085572,0.000000
2019-10-16 21:00:00,1280.870972,0.085165,0.073579,0.000000
2019-10-16 22:00:00,1197.356689,0.067917,0.082661,0.000000
2019-10-16 23:00:00,1141.104492,0.082219,0.149767,0.000000
2019-10-17 00:00:00,1117.269043,0.100948,0.220489,0.000000
2019-10-17 01:00:00,1119.879395,0.118120,0.207138,0.000000
2019-10-17 02:00:00,1141.657959,0.104951,0.246604,0.000000
2019-10-17 03:00:00,1227.916504,0.130029,0.288984,0.000000
2019-10-17 04:00:00,1420.674438,0.153267,0.447142,0.000000
2019-10-17 05:00:00,1635.773560,0.197294,0.546294,0.000000
2019-10-17 06:00:00,1739.205688,0.230135,0.648816,0.007605
2019-10-17 07:00:00,1805.759888,0.244510,0.619780,0.034221
2019-10-17 08:00:00,1839.035767,0.275821,0.622753,0.064639
2019-10-17 09:00:00,1828.998779,0.279594,0.535775,0.087452
2019-10-17 10:00:00,1807.506104,0.264512,0.531035,0.095057
2019-10-17 11:00:00,1800.904297,0.241314,0.556163,0.106464
2019-10-17 12:00:00,1775.048462,0.207500,0.471868,0.076046
2019-10-17 13:00:00,1731.808716,0.131102,0.364817,0.060837
2019-10-17 14:00:00,1736.500244,0.081064,0.368561,0.041825
2019-10-17 15:00:00,1818.822510,0.049761,0.212410,0.015209
2019-10-17 16:00:00,1855.354370,0.067182,0.036305,0.000000
2019-10-17 17:00:00,1767.427246,0.091205,0.010140,0.000000
2019-10-17 18:00:00,1633.664185,0.089606,0.033864,0.000000
2019-10-17 19:00:00,1519.573608,0.066807,0.017734,0.000000
2019-10-17 20:00:00,1394.420410,0.052931,0.018642,0.000000
2019-10-17 21:00:00,1279.563721,0.025177,0.005015,0.000000
2019-10-17 22:00:00,1198.865967,0.010055,0.049087,0.000000
2019-10-17 23:00:00,1144.472778,0.028965,0.091468,0.000000
2019-10-18 00:00:00,1114.585449,0.050488,0.127248,0.000000
2019-10-18 01:00:00,1113.458374,0.079800,0.232012,0.000000
2019-10-18 02:00:00,1134.107056,0.142986,0.445457,0.000000
2019-10-18 03:00:00,1222.379272,0.228823,0.438180,0.000000
2019-10-18 04:00:00,1416.556763,0.288349,0.424666,0.000000
2019-10-18 05:00:00,1619.924194,0.295349,0.499009,0.000000
2019-10-18 06:00:00,1715.230591,0.238368,0.376142,0.011407
2019-10-18 07:00:00,1774.857056,0.196506,0.478671,0.053232
2019-10-18 08:00:00,1799.495972,0.191450,0.497867,0.129278
2019-10-18 09:00:00,1782.604980,0.185134,0.401061,0.212928
2019-10-18 10:00:00,1744.302002,0.222710,0.347522,0.288973
2019-10-18 11:00:00,1734.801270,0.285756,0.498436,0.311787
2019-10-18 12:00:00,1690.356445,0.351819,0.495580,0.235741
2019-10-18 13:00:00,1654.260132,0.415696,0.555119,0.152091
2019-10-18 14:00:00,1667.735596,0.425252,0.621521,0.106464
2019-10-18 15:00:00,1775.801514,0.468932,0.877403,0.011407
2019-10-18 16:00:00,1841.337280,0.624723,0.983250,0.000000
2019-10-18 17:00:00,1750.416748,0.750796,0.974528,0.000000
2019-10-18 18:00:00,1631.382080,0.801602,0.988731,0.000000
2019-10-18 19:00:00,1541.003540,0.796541,0.986392,0.000000
2019-10-18 20:00:00,1436.145996,0.767109,0.974240,0.000000
2019-10-18 21:00:00,1344.371582,0.777462,0.974836,0.000000
2019-10-18 22:00:00,1252.708740,0.766156,0.969328,0.000000
2019-10-18 23:00:00,1194.823608,0.739655,0.956060,0.000000
2019-10-19 00:00:00,1161.944336,0.702834,0.938860,0.000000
2019-10-19 01:00:00,1149.159668,0.672656,0.923403,0.000000
2019-10-19 02:00:00,1147.247681,0.662811,0.932995,0.000000
2019-10-19 03:00:00,1164.299316,0.634865,0.916226,0.000000
2019-10-19 04:00:00,1209.606079,0.592448,0.882377,0.000000
2019-10-19 05:00:00,1323.419312,0.501923,0.853651,0.000000
2019-10-19 06:00:00,1436.790039,0.491354,0.815485,0.026616
2019-10-19 07:00:00,1513.354614,0.438310,0.724358,0.095057
2019-10-19 08:00:00,1556.372681,0.398512,0.534456,0.190114
2019-10-19 09:00:00,1566.210327,0.397155,0.565976,0.247148
2019-10-19 10:00:00,1558.868896,0.421394,0.642961,0.380228
2019-10-19 11:00:00,1538.536011,0.420722,0.649826,0.418251
2019-10-19 12:00:00,1526.912598,0.364530,0.623817,0.395437
2019-10-19 13:00:00,1507.343384,0.323916,0.436734,0.224335
2019-10-19 14:00:00,1531.643921,0.263617,0.321003,0.083650
2019-10-19 15:00:00,1644.581787,0.242072,0.541777,0.011407
2019-10-19 16:00:00,1733.046265,0.299243,0.725322,0.000000
2019-10-19 17:00:00,1647.315674,0.313384,0.760435,0.000000
2019-10-19 18:00:00,1542.789429,0.308756,0.844912,0.000000
2019-10-19 19:00:00,1462.320068,0.308701,0.843885,0.000000
2019-10-19 20:00:00,1371.451172,0.337198,0.721395,0.000000
2019-10-19 21:00:00,1280.312744,0.336040,0.658596,0.000000
2019-10-19 22:00:00,1201.504395,0.304741,0.524449,0.000000
2019-10-19 23:00:00,1133.187378,0.191510,0.277159,0.000000
2019-10-20 00:00:00,1098.702759,0.129023,0.199942,0.000000
2019-10-20 01:00:00,1111.450195,0.097825,0.128944,0.000000
2019-10-20 02:00:00,1090.750854,0.072881,0.112053,0.000000
2019-10-20 03:00:00,1140.576050,0.050512,0.048024,0.000000
2019-10-20 04:00:00,1158.534302,0.037805,0.034865,0.000000
2019-10-20 05:00:00,1241.102783,0.040631,0.045982,0.000000
2019-10-20 06:00:00,1348.759155,0.051705,0.073110,0.022814
2019-10-20 07:00:00,1458.642700,0.060546,0.079451,0.060837
2019-10-20 08:00:00,1527.481567,0.044130,0.051248,0.114068
2019-10-20 09:00:00,1546.798218,0.032098,0.029382,0.235741
2019-10-20 10:00:00,1535.923950,0.022353,0.003901,0.269962
2019-10-20 11:00:00,1527.614746,0.008408,0.005382,0.239544
2019-10-20 12:00:00,1519.187256,0.001683,0.000787,0.178707
2019-10-20 13:00:00,1517.008789,0.000568,0.000053,0.095057
2019-10-20 14:00:00,1572.125610,0.000133,0.000133,0.041825
2019-10-20 15:00:00,1719.289185,0.001449,0.000052,0.007605
2019-10-20 16:00:00,1800.870605,0.006908,0.000053,0.000000
2019-10-20 17:00:00,1698.611572,0.008267,0.000053,0.000000
2019-10-20 18:00:00,1578.487183,0.004669,0.000332,0.000000
2019-10-20 19:00:00,1461.052002,0.000510,0.000055,0.000000
2019-10-20 20:00:00,1327.723145,0.000406,0.013966,0.000000
2019-10-20 21:00:00,1227.165771,0.000791,0.026852,0.000000
2019-10-20 22:00:00,1178.517944,0.002148,0.037342,0.000000
2019-10-20 23:00:00,1133.117798,0.005978,0.077504,0.000000
2019-10-21 00:00:00,1112.708130,0.024440,0.101694,0.000000
2019-10-21 01:00:00,1120.012939,0.050227,0.143536,0.000000
2019-10-21 02:00:00,1145.785400,0.084781,0.286975,0.000000
2019-10-21 03:00:00,1228.881836,0.090321,0.278959,0.000000
2019-10-21 04:00:00,1473.620605,0.114859,0.284531,0.000000
2019-10-21 05:00:00,1713.573975,0.131430,0.282169,0.000000
2019-10-21 06:00:00,1792.968018,0.149673,0.488756,0.003802
2019-10-21 07:00:00,1821.380737,0.161414,0.649106,0.026616
2019-10-21 08:00:00,1844.334229,0.145463,0.552883,0.045627
2019-10-21 09:00:00,1836.535034,0.127343,0.208370,0.076046
2019-10-21 10:00:00,1828.286865,0.209051,0.654068,0.102662
2019-10-21 11:00:00,1828.704834,0.147370,0.234667,0.133080
2019-10-21 12:00:00,1797.458984,0.092283,0.111047,0.045627
2019-10-21 13:00:00,1782.726318,0.080824,0.028630,0.022814
2019-10-21 14:00:00,1812.861694,0.073740,0.052888,0.011407
2019-10-21 15:00:00,1939.876953,0.060926,0.095968,0.000000
2019-10-21 16:00:00,1952.255127,0.069069,0.159120,0.000000
2019-10-21 17:00:00,1829.082642,0.069471,0.184144,0.000000
2019-10-21 18:00:00,1677.108032,0.084613,0.209650,0.000000
2019-10-21 19:00:00,1564.770142,0.128223,0.130508,0.000000
2019-10-21 20:00:00,1417.122314,0.145252,0.107120,0.000000
2019-10-21 21:00:00,1291.908691,0.130682,0.123624,0.000000
2019-10-21 22:00:00,1204.022461,0.102759,0.049673,0.000000
2019-10-21 23:00:00,1160.739258,0.089891,0.088326,0.000000
2019-10-22 00:00:00,1138.950806,0.129506,0.158880,0.000000
2019-10-22 01:00:00,1133.312378,0.183711,0.190334,0.000000
2019-10-22 02:00:00,1151.186768,0.210022,0.258612,0.000000
2019-10-22 03:00:00,1238.442871,0.232211,0.193997,0.000000
2019-10-22 04:00:00,1481.540771,0.259168,0.276704,0.000000
2019-10-22 05:00:00,1737.968750,0.267812,0.453912,0.000000
2019-10-22 06:00:00,1794.378540,0.301234,0.591811,0.019011
2019-10-22 07:00:00,1818.287598,0.353153,0.596728,0.076046
2019-10-22 08:00:00,1813.651367,0.426639,0.621731,0.129278
2019-10-22 09:00:00,1793.189209,0.408590,0.485619,0.254753
2019-10-22 10:00:00,1777.618896,0.485107,0.540778,0.292776
2019-10-22 11:00:00,1773.765015,0.484655,0.466810,0.171103
2019-10-22 12:00:00,1777.646484,0.453140,0.443874,0.144487
2019-10-22 13:00:00,1765.759155,0.432809,0.455406,0.079848
2019-10-22 14:00:00,1783.812500,0.380227,0.418666,0.049430
2019-10-22 15:00:00,1899.535156,0.323695,0.421506,0.011407
2019-10-22 16:00:00,1934.086060,0.332560,0.412408,0.015209
2019-10-22 17:00:00,1824.619507,0.355827,0.463270,0.000000
2019-10-22 18:00:00,1704.743530,0.363777,0.420023,0.000000
2019-10-22 19:00:00,1591.097290,0.327135,0.389639,0.000000
2019-10-22 20:00:00,1434.386597,0.281583,0.357034,0.000000
2019-10-22 21:00:00,1325.130127,0.264880,0.288743,0.000000
2019-10-22 22:00:00,1218.570801,0.248277,0.195037,0.000000
2019-10-22 23:00:00,1177.604126,0.274008,0.173919,0.000000
2019-10-23 00:00:00,1157.521362,0.245840,0.153738,0.000000
2019-10-23 01:00:00,1150.387207,0.164179,0.099173,0.000000
2019-10-23 02:00:00,1164.637573,0.132577,0.073617,0.000000
2019-10-23 03:00:00,1248.841919,0.089583,0.020785,0.000000
2019-10-23 04:00:00,1509.314941,0.065471,0.019859,0.000000
2019-10-23 05:00:00,1748.478394,0.064337,0.093240,0.000000
2019-10-23 06:00:00,1808.489380,0.052491,0.082001,0.007605
2019-10-23 07:00:00,1809.067505,0.052903,0.092853,0.049430
2019-10-23 08:00:00,1828.995239,0.057494,0.085152,0.117871
2019-10-23 09:00:00,1826.609985,0.083968,0.103217,0.197719
2019-10-23 10:00:00,1812.238281,0.080571,0.053155,0.247148
2019-10-23 11:00:00,1812.999756,0.052775,0.028800,0.273764
2019-10-23 12:00:00,1773.978516,0.038265,0.022361,0.239544
2019-10-23 13:00:00,1745.444946,0.034853,0.037212,0.178707
2019-10-23 14:00:00,1763.444946,0.024205,0.037321,0.072243
2019-10-23 15:00:00,1893.968628,0.022237,0.053535,0.011407
2019-10-23 16:00:00,1971.150879,0.027216,0.077698,0.000000
2019-10-23 17:00:00,1855.596313,0.050320,0.093995,0.000000
2019-10-23 18:00:00,1714.978027,0.094387,0.168582,0.000000
2019-10-23 19:00:00,1581.125366,0.160602,0.230233,0.000000
2019-10-23 20:00:00,1440.683960,0.159261,0.565671,0.000000
2019-10-23 21:00:00,1321.977295,0.146859,0.367721,0.000000
2019-10-23 22:00:00,1223.885864,0.181414,0.279682,0.000000
2019-10-23 23:00:00,1157.566895,0.188925,0.263137,0.000000
2019-10-24 00:00:00,1122.630127,0.198891,0.319259,0.000000
2019-10-24 01:00:00,1131.860474,0.131763,0.309342,0.000000
2019-10-24 02:00:00,1146.895874,0.132903,0.187483,0.000000
2019-10-24 03:00:00,1255.578735,0.164036,0.188106,0.000000
2019-10-24 04:00:00,1518.416138,0.163887,0.153283,0.000000
2019-10-24 05:00:00,1735.851685,0.163851,0.177510,0.000000
2019-10-24 06:00:00,1814.551392,0.212833,0.258961,0.011407
2019-10-24 07:00:00,1839.379517,0.307357,0.414169,0.060837
2019-10-24 08:00:00,1857.600952,0.319866,0.502312,0.083650
2019-10-24 09:00:00,1829.887695,0.364637,0.528679,0.079848
2019-10-24 10:00:00,1825.845337,0.335868,0.441768,0.068441
2019-10-24 11:00:00,1825.739868,0.296167,0.283272,0.049430
2019-10-24 12:00:00,1811.996582,0.249667,0.201596,0.038023
2019-10-24 13:00:00,1820.125977,0.290124,0.224896,0.022814
2019-10-24 14:00:00,1850.738647,0.323076,0.334563,0.007605
2019-10-24 15:00:00,1957.278564,0.210390,0.249664,0.000000
2019-10-24 16:00:00,1955.966919,0.165496,0.377555,0.000000
2019-10-24 17:00:00,1834.817749,0.183224,0.277005,0.000000
2019-10-24 18:00:00,1714.744873,0.217974,0.379115,0.000000
2019-10-24 19:00:00,1603.099854,0.277923,0.475508,0.000000
2019-10-24 20:00:00,1465.336182,0.310029,0.520429,0.000000
2019-10-24 21:00:00,1321.266724,0.337897,0.564767,0.000000
2019-10-24 22:00:00,1241.299316,0.390976,0.555721,0.000000
2019-10-24 23:00:00,1195.211182,0.467415,0.744900,0.000000
2019-10-25 00:00:00,1165.013550,0.496511,0.729999,0.000000
2019-10-25 01:00:00,1172.202393,0.489368,0.519919,0.000000
2019-10-25 02:00:00,1212.755371,0.550019,0.819696,0.000000
2019-10-25 03:00:00,1293.296265,0.593220,0.750624,0.000000
2019-10-25 04:00:00,1522.834106,0.452937,0.540482,0.000000
2019-10-25 05:00:00,1751.545898,0.538113,0.453404,0.000000
2019-10-25 06:00:00,1810.508179,0.562115,0.606043,0.015209
2019-10-25 07:00:00,1851.037476,0.565217,0.685279,0.076046
2019-10-25 08:00:00,1864.700317,0.578814,0.706947,0.182510
2019-10-25 09:00:00,1849.537231,0.640489,0.882906,0.243346
2019-10-25 10:00:00,1838.622681,0.701048,0.863534,0.273764
2019-10-25 11:00:00,1803.727295,0.729343,0.867334,0.228137
2019-10-25 12:00:00,1762.225708,0.677582,0.836550,0.186312
2019-10-25 13:00:00,1730.592773,0.586894,0.705272,0.193916
2019-10-25 14:00:00,1731.165527,0.527615,0.670752,0.114068
2019-10-25 15:00:00,1844.962402,0.404858,0.623543,0.015209
2019-10-25 16:00:00,1933.751343,0.341709,0.349424,0.000000
2019-10-25 17:00:00,1800.097656,0.266843,0.593213,0.000000
2019-10-25 18:00:00,1652.784790,0.265964,0.889460,0.000000
2019-10-25 19:00:00,1550.306274,0.379410,0.895909,0.000000
2019-10-25 20:00:00,1445.072510,0.482945,0.826642,0.000000
2019-10-25 21:00:00,1363.017822,0.550740,0.850282,0.000000
2019-10-25 22:00:00,1274.471680,0.753487,0.948162,0.000000
2019-10-25 23:00:00,1213.510498,0.846114,0.974039,0.000000
2019-10-26 00:00:00,1201.180542,0.807147,0.901867,0.000000
2019-10-26 01:00:00,1173.135132,0.793851,0.740220,0.000000
2019-10-26 02:00:00,1176.178223,0.804844,0.732229,0.000000
2019-10-26 03:00:00,1190.393311,0.817473,0.728822,0.000000
2019-10-26 04:00:00,1249.515381,0.806404,0.731523,0.000000
2019-10-26 05:00:00,1371.453735,0.806283,0.737105,0.000000
2019-10-26 06:00:00,1478.512329,0.893750,0.940827,0.003802
2019-10-26 07:00:00,1573.723511,0.910093,0.977643,0.022814
2019-10-26 08:00:00,1654.232788,0.910844,0.980071,0.038023
2019-10-26 09:00:00,1676.806030,0.893367,0.987016,0.053232
2019-10-26 10:00:00,1678.240845,0.887853,0.989046,0.060837
2019-10-26 11:00:00,1670.454346,0.861856,0.955181,0.064639
2019-10-26 12:00:00,1652.956421,0.810707,0.913332,0.060837
2019-10-26 13:00:00,1651.681152,0.745500,0.960641,0.038023
2019-10-26 14:00:00,1684.124023,0.724058,0.900795,0.011407
2019-10-26 15:00:00,1795.773315,0.714433,0.925450,0.000000
2019-10-26 16:00:00,1833.348022,0.676557,0.922940,0.000000
2019-10-26 17:00:00,1726.528931,0.672149,0.922986,0.000000
2019-10-26 18:00:00,1618.321289,0.672370,0.944708,0.000000
2019-10-26 19:00:00,1520.910034,0.652568,0.941844,0.000000
2019-10-26 20:00:00,1438.537109,0.724235,0.938613,0.000000
2019-10-26 21:00:00,1366.266113,0.743769,0.966053,0.000000
2019-10-26 22:00:00,1281.416626,0.796362,0.946450,0.000000
2019-10-26 23:00:00,1203.094238,0.791399,0.960483,0.000000
2019-10-27 00:00:00,1168.372803,0.835672,0.956060,0.000000
2019-10-27 01:00:00,1168.372803,0.835672,0.956060,0.000000
2019-10-27 02:00:00,1159.512329,0.814819,0.736155,0.000000
2019-10-27 03:00:00,1177.609985,0.759907,0.727687,0.000000
2019-10-27 04:00:00,1202.069824,0.723444,0.721965,0.000000
2019-10-27 05:00:00,1292.917358,0.785039,0.963424,0.000000
2019-10-27 06:00:00,1388.802734,0.749339,0.714884,0.019011
2019-10-27 07:00:00,1514.729614,0.679450,0.946476,0.144487
2019-10-27 08:00:00,1584.080566,0.696824,0.956183,0.315589
2019-10-27 09:00:00,1644.192505,0.751110,0.955861,0.444867
2019-10-27 10:00:00,1652.880615,0.805414,0.980424,0.406844
2019-10-27 11:00:00,1621.107300,0.792844,0.981986,0.349810
2019-10-27 12:00:00,1602.783691,0.737216,0.962808,0.384030
2019-10-27 13:00:00,1566.942261,0.670153,0.944352,0.292776
2019-10-27 14:00:00,1564.435425,0.601713,0.932200,0.129278
2019-10-27 15:00:00,1661.610229,0.600058,0.922378,0.015209
2019-10-27 16:00:00,1905.028320,0.583559,0.739436,0.003802
2019-10-27 17:00:00,1890.212280,0.544045,0.735186,0.000000
2019-10-27 18:00:00,1750.302856,0.548209,0.910947,0.000000
2019-10-27 19:00:00,1617.669189,0.703488,0.907401,0.000000
2019-10-27 20:00:00,1524.072754,0.749006,0.933638,0.000000
2019-10-27 21:00:00,1394.379517,0.759555,0.927484,0.000000
2019-10-27 22:00:00,1320.858276,0.778861,0.936003,0.000000
2019-10-27 23:00:00,1243.609131,0.789114,0.923977,0.000000
2019-10-28 00:00:00,1203.234131,0.802555,0.921173,0.000000
2019-10-28 01:00:00,1184.016846,0.770781,0.902412,0.000000
2019-10-28 02:00:00,1185.161987,0.690452,0.912083,0.000000
2019-10-28 03:00:00,1222.634521,0.638953,0.894770,0.000000
2019-10-28 04:00:00,1320.433838,0.533448,0.841567,0.000000
2019-10-28 05:00:00,1546.619873,0.412382,0.776063,0.000000
2019-10-28 06:00:00,1722.207153,0.257503,0.660915,0.026616
2019-10-28 07:00:00,1786.476074,0.151856,0.571208,0.152091
2019-10-28 08:00:00,1787.947388,0.098540,0.379228,0.330798
2019-10-28 09:00:00,1782.982300,0.090796,0.281098,0.422053
2019-10-28 10:00:00,1789.772461,0.085250,0.190159,0.471483
2019-10-28 11:00:00,1760.717651,0.077923,0.145020,0.441065
2019-10-28 12:00:00,1756.802246,0.107408,0.206256,0.311787
2019-10-28 13:00:00,1780.037231,0.176696,0.300141,0.152091
2019-10-28 14:00:00,1772.472778,0.125277,0.383137,0.064639
2019-10-28 15:00:00,1839.998657,0.076655,0.252914,0.007605
2019-10-28 16:00:00,2059.227051,0.109984,0.249645,0.030418
2019-10-28 17:00:00,1997.487671,0.104151,0.267384,0.000000
2019-10-28 18:00:00,1854.486328,0.129559,0.237038,0.000000
2019-10-28 19:00:00,1717.036255,0.134076,0.212527,0.000000
2019-10-28 20:00:00,1600.249268,0.117150,0.220211,0.000000
2019-10-28 21:00:00,1443.431152,0.104112,0.238586,0.000000
2019-10-28 22:00:00,1310.923584,0.105810,0.194519,0.000000
2019-10-28 23:00:00,1256.335571,0.129506,0.187112,0.000000
2019-10-29 00:00:00,1213.112183,0.116765,0.292920,0.000000
2019-10-29 01:00:00,1173.008545,0.125188,0.158238,0.000000
2019-10-29 02:00:00,1185.983276,0.137636,0.104251,0.000000
2019-10-29 03:00:00,1228.856567,0.142471,0.148857,0.000000
2019-10-29 04:00:00,1363.364746,0.106918,0.223885,0.000000
2019-10-29 05:00:00,1625.075684,0.101738,0.252811,0.000000
2019-10-29 06:00:00,1828.156494,0.092074,0.226666,0.030418
2019-10-29 07:00:00,1902.710205,0.062646,0.191643,0.167300
2019-10-29 08:00:00,1896.679199,0.040575,0.104519,0.365019
2019-10-29 09:00:00,1843.915283,0.056376,0.090626,0.517110
2019-10-29 10:00:00,1819.515869,0.077201,0.090379,0.574144
2019-10-29 11:00:00,1787.468140,0.099108,0.073933,0.555133
2019-10-29 12:00:00,1770.871460,0.111038,0.055340,0.460076
2019-10-29 13:00:00,1771.697388,0.122152,0.066345,0.334601
2019-10-29 14:00:00,1743.814941,0.125245,0.050819,0.136882
2019-10-29 15:00:00,1827.424438,0.116273,0.096747,0.011407
2019-10-29 16:00:00,2069.806641,0.123958,0.110426,0.000000
2019-10-29 17:00:00,2030.063477,0.125360,0.181859,0.000000
2019-10-29 18:00:00,1894.979248,0.085799,0.189601,0.000000
2019-10-29 19:00:00,1764.434692,0.059028,0.118898,0.000000
2019-10-29 20:00:00,1647.922974,0.047371,0.115813,0.000000
2019-10-29 21:00:00,1507.766968,0.036476,0.076617,0.000000
2019-10-29 22:00:00,1372.362061,0.029893,0.087735,0.000000
2019-10-29 23:00:00,1310.713257,0.017667,0.085177,0.000000
2019-10-30 00:00:00,1266.766357,0.011356,0.083765,0.000000
2019-10-30 01:00:00,1252.995239,0.005784,0.052051,0.000000
2019-10-30 02:00:00,1264.851929,0.002423,0.021312,0.000000
2019-10-30 03:00:00,1298.038696,0.001809,0.014360,0.000000
2019-10-30 04:00:00,1421.198242,0.002148,0.007312,0.000000
2019-10-30 05:00:00,1718.878784,0.004437,0.007201,0.003802
2019-10-30 06:00:00,1908.294189,0.005871,0.003734,0.011407
2019-10-30 07:00:00,1968.521851,0.007932,0.002672,0.163498
2019-10-30 08:00:00,1959.099121,0.005776,0.000182,0.353612
2019-10-30 09:00:00,1906.325439,0.003266,0.000158,0.509506
2019-10-30 10:00:00,1850.718628,0.004874,0.000127,0.570342
2019-10-30 11:00:00,1812.398071,0.007338,0.000553,0.539924
2019-10-30 12:00:00,1800.846680,0.008491,0.000895,0.448669
2019-10-30 13:00:00,1782.287109,0.009901,0.001424,0.311787
2019-10-30 14:00:00,1765.236328,0.009290,0.001535,0.125475
2019-10-30 15:00:00,1861.262695,0.007934,0.001704,0.011407
2019-10-30 16:00:00,2077.666504,0.017077,0.004847,0.000000
2019-10-30 17:00:00,2021.082275,0.029784,0.013433,0.000000
2019-10-30 18:00:00,1927.760132,0.054869,0.017623,0.000000
2019-10-30 19:00:00,1791.628662,0.072303,0.031549,0.000000
2019-10-30 20:00:00,1663.931763,0.090214,0.038911,0.000000
2019-10-30 21:00:00,1509.071045,0.089627,0.053593,0.000000
2019-10-30 22:00:00,1351.095337,0.094395,0.054180,0.000000
2019-10-30 23:00:00,1232.052979,0.102055,0.067617,0.000000
2019-10-31 00:00:00,1194.798218,0.104129,0.085676,0.000000
2019-10-31 01:00:00,1176.189697,0.103292,0.122998,0.000000
2019-10-31 02:00:00,1181.252319,0.102442,0.142237,0.000000
2019-10-31 03:00:00,1213.078247,0.118811,0.150104,0.000000
2019-10-31 04:00:00,1322.715332,0.116074,0.130294,0.000000
2019-10-31 05:00:00,1574.870972,0.104340,0.126634,0.000000
2019-10-31 06:00:00,1768.619019,0.107338,0.132316,0.011407
2019-10-31 07:00:00,1834.080200,0.096385,0.132918,0.068441
2019-10-31 08:00:00,1858.871460,0.084420,0.114951,0.167300
2019-10-31 09:00:00,1868.244385,0.089937,0.119092,0.250951
2019-10-31 10:00:00,1844.399780,0.105117,0.101199,0.292776
2019-10-31 11:00:00,1836.370483,0.125890,0.112278,0.300380
2019-10-31 12:00:00,1823.092896,0.104170,0.077082,0.277567
2019-10-31 13:00:00,1794.541626,0.077977,0.050576,0.186312
2019-10-31 14:00:00,1778.397827,0.042794,0.020833,0.076046
2019-10-31 15:00:00,1859.019043,0.026903,0.011137,0.007605
2019-10-31 16:00:00,2032.481812,0.019516,0.006790,0.000000
2019-10-31 17:00:00,1974.418945,0.025508,0.007488,0.000000
2019-10-31 18:00:00,1853.469360,0.030538,0.011425,0.000000
2019-10-31 19:00:00,1727.134766,0.036399,0.010354,0.000000
2019-10-31 20:00:00,1598.860962,0.037835,0.026261,0.000000
2019-10-31 21:00:00,1445.371460,0.041827,0.046768,0.000000
2019-10-31 22:00:00,1386.262451,0.045133,0.068638,0.000000
2019-10-31 23:00:00,1247.876831,0.060016,0.074638,0.000000
2019-11-01 00:00:00,1203.180054,0.070548,0.122989,0.000000
2019-11-01 01:00:00,1188.207397,0.077720,0.134252,0.000000
2019-11-01 02:00:00,1205.392212,0.085784,0.158887,0.000000
2019-11-01 03:00:00,1237.338989,0.095822,0.253794,0.000000
2019-11-01 04:00:00,1345.208374,0.119275,0.318823,0.000000
2019-11-01 05:00:00,1600.976685,0.142892,0.320336,0.000000
2019-11-01 06:00:00,1801.838745,0.146937,0.353589,0.015209
2019-11-01 07:00:00,1872.506104,0.218424,0.383679,0.087452
2019-11-01 08:00:00,1891.082397,0.276284,0.559873,0.182510
2019-11-01 09:00:00,1895.478394,0.327944,0.796925,0.258555
2019-11-01 10:00:00,1867.491943,0.420029,0.701544,0.319392
2019-11-01 11:00:00,1834.065796,0.408839,0.561990,0.304183
2019-11-01 12:00:00,1814.166382,0.382809,0.535936,0.228137
2019-11-01 13:00:00,1789.282227,0.399417,0.686886,0.136882
2019-11-01 14:00:00,1771.051025,0.413001,0.838903,0.045627
2019-11-01 15:00:00,1870.184937,0.427216,0.790674,0.011407
2019-11-01 16:00:00,2034.451294,0.431474,0.837511,0.000000
2019-11-01 17:00:00,1978.580933,0.389576,0.744424,0.000000
2019-11-01 18:00:00,1830.741211,0.312259,0.657087,0.000000
2019-11-01 19:00:00,1691.375732,0.262574,0.549940,0.000000
2019-11-01 20:00:00,1581.129395,0.211933,0.452075,0.000000
2019-11-01 21:00:00,1468.794434,0.170139,0.350518,0.000000
2019-11-01 22:00:00,1367.580322,0.128454,0.279407,0.000000
2019-11-01 23:00:00,1289.462402,0.118921,0.276827,0.000000
2019-11-02 00:00:00,1219.503540,0.097356,0.191697,0.000000
2019-11-02 01:00:00,1184.220215,0.095958,0.193554,0.000000
2019-11-02 02:00:00,1169.807373,0.100938,0.189084,0.000000
2019-11-02 03:00:00,1165.684082,0.101037,0.205949,0.000000
2019-11-02 04:00:00,1189.430664,0.104843,0.202872,0.000000
2019-11-02 05:00:00,1260.424927,0.111887,0.240745,0.000000
2019-11-02 06:00:00,1365.964233,0.104747,0.228028,0.000000
2019-11-02 07:00:00,1496.796631,0.098838,0.269936,0.011407
2019-11-02 08:00:00,1605.046875,0.098845,0.254055,0.038023
2019-11-02 09:00:00,1663.070801,0.102725,0.216029,0.053232
2019-11-02 10:00:00,1674.730225,0.101669,0.229902,0.060837
2019-11-02 11:00:00,1672.801758,0.092294,0.314818,0.049430
2019-11-02 12:00:00,1671.441895,0.105822,0.477489,0.030418
2019-11-02 13:00:00,1676.142090,0.149072,0.459168,0.034221
2019-11-02 14:00:00,1673.939209,0.191909,0.376638,0.011407
2019-11-02 15:00:00,1751.546753,0.180423,0.305545,0.000000
2019-11-02 16:00:00,1892.524048,0.204309,0.428241,0.000000
2019-11-02 17:00:00,1851.291138,0.265977,0.727394,0.000000
2019-11-02 18:00:00,1716.324829,0.330021,0.799425,0.000000
2019-11-02 19:00:00,1599.815674,0.363358,0.832690,0.000000
2019-11-02 20:00:00,1496.697021,0.340656,0.553603,0.000000
2019-11-02 21:00:00,1397.004272,0.222428,0.438697,0.000000
2019-11-02 22:00:00,1299.633789,0.190954,0.275339,0.000000
2019-11-02 23:00:00,1220.933228,0.183698,0.365804,0.000000
2019-11-03 00:00:00,1173.777466,0.194104,0.455070,0.000000
2019-11-03 01:00:00,1135.137817,0.175021,0.327848,0.000000
2019-11-03 02:00:00,1118.320557,0.129903,0.277406,0.000000
2019-11-03 03:00:00,1120.825195,0.124301,0.245740,0.000000
2019-11-03 04:00:00,1141.041504,0.107954,0.202548,0.000000
2019-11-03 05:00:00,1200.466431,0.072400,0.158442,0.000000
2019-11-03 06:00:00,1290.710205,0.054481,0.098504,0.003802
2019-11-03 07:00:00,1424.717285,0.043716,0.094366,0.026616
2019-11-03 08:00:00,1525.891602,0.036043,0.105467,0.095057
2019-11-03 09:00:00,1584.135254,0.038445,0.115207,0.140684
2019-11-03 10:00:00,1588.168701,0.030184,0.091713,0.144487
2019-11-03 11:00:00,1591.915894,0.014752,0.057468,0.163498
2019-11-03 12:00:00,1588.089600,0.002966,0.026931,0.148289
2019-11-03 13:00:00,1565.630249,0.001247,0.020856,0.136882
2019-11-03 14:00:00,1564.512939,0.002997,0.012533,0.053232
2019-11-03 15:00:00,1677.946777,0.009344,0.020292,0.003802
2019-11-03 16:00:00,1880.226563,0.016676,0.042512,0.000000
2019-11-03 17:00:00,1840.041382,0.029999,0.094766,0.000000
2019-11-03 18:00:00,1711.438232,0.046831,0.129536,0.000000
2019-11-03 19:00:00,1595.094727,0.056760,0.123650,0.000000
2019-11-03 20:00:00,1479.469727,0.059590,0.079518,0.000000
2019-11-03 21:00:00,1340.031128,0.057108,0.083252,0.000000
2019-11-03 22:00:00,1227.630127,0.069648,0.086044,0.000000
2019-11-03 23:00:00,1158.736084,0.088144,0.087122,0.000000
2019-11-04 00:00:00,1117.326416,0.136956,0.138767,0.000000
2019-11-04 01:00:00,1104.342407,0.161899,0.147650,0.000000
2019-11-04 02:00:00,1120.025024,0.181654,0.176635,0.000000
2019-11-04 03:00:00,1153.190796,0.286095,0.264702,0.000000
2019-11-04 04:00:00,1269.555420,0.320518,0.405606,0.000000
2019-11-04 05:00:00,1555.665161,0.349913,0.506898,0.000000
2019-11-04 06:00:00,1742.513062,0.365905,0.544785,0.000000
2019-11-04 07:00:00,1801.185425,0.416897,0.540158,0.011407
2019-11-04 08:00:00,1839.160400,0.449567,0.484208,0.045627
2019-11-04 09:00:00,1873.257813,0.511346,0.705732,0.053232
2019-11-04 10:00:00,1890.069214,0.522003,0.901517,0.060837
2019-11-04 11:00:00,1871.019287,0.464667,0.863117,0.068441
2019-11-04 12:00:00,1864.861694,0.398965,0.736541,0.053232
2019-11-04 13:00:00,1847.409180,0.348279,0.566730,0.030418
2019-11-04 14:00:00,1842.559448,0.316326,0.466825,0.007605
2019-11-04 15:00:00,1921.751953,0.309893,0.432760,0.003802
2019-11-04 16:00:00,2077.368164,0.311820,0.396401,0.000000
2019-11-04 17:00:00,1997.265015,0.325301,0.334678,0.000000
2019-11-04 18:00:00,1860.662842,0.327050,0.248647,0.000000
2019-11-04 19:00:00,1718.617676,0.357208,0.222746,0.000000
2019-11-04 20:00:00,1604.258789,0.372784,0.179810,0.000000
2019-11-04 21:00:00,1451.923950,0.355500,0.312407,0.000000
2019-11-04 22:00:00,1334.979614,0.363787,0.689156,0.000000
2019-11-04 23:00:00,1252.073486,0.343537,0.735620,0.000000
2019-11-05 00:00:00,1205.331299,0.327821,0.738594,0.000000
2019-11-05 01:00:00,1184.808228,0.268392,0.653433,0.000000
2019-11-05 02:00:00,1181.897217,0.234855,0.530475,0.000000
2019-11-05 03:00:00,1211.871826,0.230981,0.428439,0.000000
2019-11-05 04:00:00,1309.022095,0.220512,0.340412,0.000000
2019-11-05 05:00:00,1566.150879,0.195154,0.374679,0.000000
2019-11-05 06:00:00,1785.805298,0.192739,0.393763,0.000000
2019-11-05 07:00:00,1871.454224,0.207555,0.400557,0.015209
2019-11-05 08:00:00,1898.439087,0.203781,0.408669,0.045627
2019-11-05 09:00:00,1908.595947,0.185639,0.322096,0.083650
2019-11-05 10:00:00,1893.369385,0.139570,0.306102,0.095057
2019-11-05 11:00:00,1891.288208,0.115174,0.313548,0.087452
2019-11-05 12:00:00,1892.079590,0.104046,0.318977,0.060837
2019-11-05 13:00:00,1877.940186,0.102656,0.277679,0.034221
2019-11-05 14:00:00,1875.938354,0.102221,0.197871,0.015209
2019-11-05 15:00:00,1969.897339,0.103095,0.262466,0.000000
2019-11-05 16:00:00,2132.295410,0.091087,0.237161,0.000000
2019-11-05 17:00:00,2067.272217,0.091678,0.194377,0.000000
2019-11-05 18:00:00,1930.684937,0.088345,0.214775,0.000000
2019-11-05 19:00:00,1774.798340,0.098813,0.272179,0.000000
2019-11-05 20:00:00,1648.429810,0.105656,0.322970,0.000000
2019-11-05 21:00:00,1511.103882,0.099963,0.281020,0.000000
2019-11-05 22:00:00,1374.544922,0.095633,0.249630,0.000000
2019-11-05 23:00:00,1299.019775,0.077031,0.212579,0.000000
2019-11-06 00:00:00,1236.995239,0.057893,0.202793,0.000000
2019-11-06 01:00:00,1215.351074,0.040931,0.178209,0.000000
2019-11-06 02:00:00,1218.338135,0.030291,0.163992,0.000000
2019-11-06 03:00:00,1249.486450,0.031388,0.154338,0.000000
2019-11-06 04:00:00,1357.260132,0.028726,0.092904,0.000000
2019-11-06 05:00:00,1605.768066,0.028679,0.078899,0.000000
2019-11-06 06:00:00,1821.155273,0.020022,0.071648,0.003802
2019-11-06 07:00:00,1889.429810,0.014961,0.067945,0.049430
2019-11-06 08:00:00,1914.990479,0.009549,0.039072,0.114068
2019-11-06 09:00:00,1927.983521,0.003740,0.013342,0.159696
2019-11-06 10:00:00,1920.413818,0.001753,0.005106,0.190114
2019-11-06 11:00:00,1898.927124,0.002236,0.000798,0.182510
2019-11-06 12:00:00,1894.947632,0.003717,0.000039,0.117871
2019-11-06 13:00:00,1886.790771,0.002905,0.000038,0.064639
2019-11-06 14:00:00,1882.072876,0.001255,0.000077,0.019011
2019-11-06 15:00:00,1980.187500,0.000397,0.000948,0.003802
2019-11-06 16:00:00,2135.715332,0.000210,0.000214,0.000000
2019-11-06 17:00:00,2059.836426,0.000926,0.000193,0.000000
2019-11-06 18:00:00,1919.146973,0.002412,0.000076,0.000000
2019-11-06 19:00:00,1784.790283,0.002287,0.000602,0.000000
2019-11-06 20:00:00,1658.023071,0.006269,0.000039,0.000000
2019-11-06 21:00:00,1509.719116,0.011561,0.000038,0.000000
2019-11-06 22:00:00,1375.736450,0.015022,0.000051,0.000000
2019-11-06 23:00:00,1286.763184,0.016248,0.001690,0.000000
2019-11-07 00:00:00,1233.111572,0.014258,0.001136,0.000000
2019-11-07 01:00:00,1210.460938,0.018430,0.001533,0.000000
2019-11-07 02:00:00,1210.228638,0.011569,0.002381,0.000000
2019-11-07 03:00:00,1246.824463,0.008066,0.003078,0.000000
2019-11-07 04:00:00,1355.674561,0.009797,0.005172,0.000000
2019-11-07 05:00:00,1612.746216,0.015729,0.006858,0.000000
2019-11-07 06:00:00,1836.732788,0.022384,0.008736,0.003802
2019-11-07 07:00:00,1905.016479,0.028866,0.010105,0.041825
2019-11-07 08:00:00,1925.179077,0.024095,0.006186,0.102662
2019-11-07 09:00:00,1943.303467,0.021157,0.006736,0.148289
2019-11-07 10:00:00,1916.727539,0.017954,0.007932,0.182510
2019-11-07 11:00:00,1901.850342,0.013932,0.046724,0.212928
2019-11-07 12:00:00,1895.087646,0.016411,0.039237,0.190114
2019-11-07 13:00:00,1877.396484,0.022054,0.048255,0.121673
2019-11-07 14:00:00,1864.005493,0.029280,0.084199,0.034221
2019-11-07 15:00:00,1957.911865,0.042760,0.136433,0.003802
2019-11-07 16:00:00,2107.197754,0.071734,0.154553,0.000000
2019-11-07 17:00:00,2040.912720,0.073025,0.152322,0.000000
2019-11-07 18:00:00,1915.016968,0.076285,0.221977,0.000000
2019-11-07 19:00:00,1789.734009,0.099076,0.280588,0.000000
2019-11-07 20:00:00,1661.984253,0.113626,0.270688,0.000000
2019-11-07 21:00:00,1509.246704,0.111387,0.219477,0.000000
2019-11-07 22:00:00,1369.636963,0.138258,0.285124,0.000000
2019-11-07 23:00:00,1283.442871,0.159162,0.388244,0.000000
2019-11-08 00:00:00,1234.631226,0.173097,0.448984,0.000000
2019-11-08 01:00:00,1211.443481,0.218718,0.567342,0.000000
2019-11-08 02:00:00,1213.075562,0.275381,0.605449,0.000000
2019-11-08 03:00:00,1229.540649,0.289980,0.410281,0.000000
2019-11-08 04:00:00,1328.691772,0.266159,0.342173,0.000000
2019-11-08 05:00:00,1557.059082,0.246819,0.248320,0.000000
2019-11-08 06:00:00,1772.089355,0.214715,0.274936,0.003802
2019-11-08 07:00:00,1840.458618,0.165005,0.169743,0.030418
2019-11-08 08:00:00,1875.669312,0.106539,0.144693,0.087452
2019-11-08 09:00:00,1888.687134,0.091369,0.102516,0.148289
2019-11-08 10:00:00,1868.164185,0.061224,0.067440,0.212928
2019-11-08 11:00:00,1843.139771,0.033684,0.034033,0.243346
2019-11-08 12:00:00,1816.541260,0.019461,0.010444,0.220532
2019-11-08 13:00:00,1781.649780,0.013696,0.000439,0.133080
2019-11-08 14:00:00,1768.022705,0.010308,0.000052,0.041825
2019-11-08 15:00:00,1880.164673,0.010293,0.000051,0.007605
2019-11-08 16:00:00,2041.765137,0.004909,0.000052,0.000000
2019-11-08 17:00:00,1989.351807,0.001568,0.000051,0.000000
2019-11-08 18:00:00,1845.053589,0.000542,0.000051,0.000000
2019-11-08 19:00:00,1701.821899,0.001679,0.000052,0.000000
2019-11-08 20:00:00,1595.714355,0.002430,0.000052,0.000000
2019-11-08 21:00:00,1467.785400,0.002028,0.000051,0.000000
2019-11-08 22:00:00,1365.986694,0.003928,0.000039,0.000000
2019-11-08 23:00:00,1270.187134,0.011071,0.017866,0.000000
2019-11-09 00:00:00,1225.177490,0.019879,0.052691,0.000000
2019-11-09 01:00:00,1195.206665,0.024214,0.051538,0.000000
2019-11-09 02:00:00,1181.838013,0.027611,0.060613,0.000000
2019-11-09 03:00:00,1176.345825,0.018535,0.051044,0.000000
2019-11-09 04:00:00,1209.067871,0.011709,0.052850,0.000000
2019-11-09 05:00:00,1283.739624,0.016457,0.044154,0.000000
2019-11-09 06:00:00,1394.991577,0.013813,0.052016,0.000000
2019-11-09 07:00:00,1523.437012,0.017591,0.088994,0.015209
2019-11-09 08:00:00,1618.564819,0.031308,0.060451,0.060837
2019-11-09 09:00:00,1675.866577,0.026040,0.069067,0.106464
2019-11-09 10:00:00,1691.491821,0.015797,0.085362,0.133080
2019-11-09 11:00:00,1677.310059,0.019939,0.071868,0.201521
2019-11-09 12:00:00,1670.057983,0.021248,0.065117,0.171103
2019-11-09 13:00:00,1661.572510,0.017510,0.046857,0.068441
2019-11-09 14:00:00,1679.901489,0.016257,0.044526,0.015209
2019-11-09 15:00:00,1791.752441,0.015928,0.069211,0.000000
2019-11-09 16:00:00,1915.529297,0.020917,0.065841,0.000000
2019-11-09 17:00:00,1859.542358,0.022127,0.121641,0.000000
2019-11-09 18:00:00,1719.298218,0.026449,0.128443,0.000000
2019-11-09 19:00:00,1606.492065,0.029115,0.088910,0.000000
2019-11-09 20:00:00,1520.310547,0.032287,0.069785,0.000000
2019-11-09 21:00:00,1429.105469,0.045763,0.121262,0.000000
2019-11-09 22:00:00,1347.763672,0.048287,0.187748,0.000000
2019-11-09 23:00:00,1286.601563,0.037741,0.146668,0.000000
2019-11-10 00:00:00,1220.739624,0.021271,0.087490,0.000000
2019-11-10 01:00:00,1180.962769,0.014905,0.050449,0.000000
2019-11-10 02:00:00,1170.530029,0.015764,0.049830,0.000000
2019-11-10 03:00:00,1171.286621,0.012714,0.044604,0.000000
2019-11-10 04:00:00,1196.315063,0.015899,0.017265,0.000000
2019-11-10 05:00:00,1264.415649,0.014734,0.002572,0.000000
2019-11-10 06:00:00,1355.219238,0.013415,0.005659,0.003802
2019-11-10 07:00:00,1484.477051,0.012505,0.021546,0.045627
2019-11-10 08:00:00,1566.775024,0.016681,0.015454,0.098859
2019-11-10 09:00:00,1629.013306,0.015860,0.047732,0.171103
2019-11-10 10:00:00,1646.785889,0.009481,0.071593,0.216730
2019-11-10 11:00:00,1632.175903,0.007243,0.022885,0.231939
2019-11-10 12:00:00,1614.134888,0.008553,0.000856,0.209125
2019-11-10 13:00:00,1632.123657,0.007934,0.000282,0.148289
2019-11-10 14:00:00,1657.518188,0.007003,0.000035,0.045627
2019-11-10 15:00:00,1798.577515,0.014946,0.008994,0.003802
2019-11-10 16:00:00,1974.656006,0.031331,0.065954,0.000000
2019-11-10 17:00:00,1883.644287,0.080520,0.139349,0.000000
2019-11-10 18:00:00,1753.099731,0.148810,0.289572,0.000000
2019-11-10 19:00:00,1655.043945,0.192447,0.440903,0.000000
2019-11-10 20:00:00,1546.801514,0.273719,0.535482,0.000000
2019-11-10 21:00:00,1427.677979,0.266960,0.646523,0.000000
2019-11-10 22:00:00,1310.411255,0.277773,0.672546,0.000000
2019-11-10 23:00:00,1247.862915,0.331564,0.752142,0.000000
2019-11-11 00:00:00,1200.768921,0.347159,0.620196,0.000000
2019-11-11 01:00:00,1179.382568,0.328690,0.654964,0.000000
2019-11-11 02:00:00,1182.660767,0.302736,0.606119,0.000000
2019-11-11 03:00:00,1212.461670,0.280420,0.584373,0.000000
2019-11-11 04:00:00,1321.528076,0.265803,0.506036,0.000000
2019-11-11 05:00:00,1570.120605,0.259726,0.534384,0.000000
2019-11-11 06:00:00,1782.680786,0.277036,0.550574,0.003802
2019-11-11 07:00:00,1851.141602,0.283826,0.491007,0.034221
2019-11-11 08:00:00,1893.747192,0.320811,0.490722,0.140684
2019-11-11 09:00:00,1920.445923,0.353902,0.516444,0.220532
2019-11-11 10:00:00,1935.570435,0.353797,0.505301,0.288973
2019-11-11 11:00:00,1918.887695,0.375926,0.478271,0.315589
2019-11-11 12:00:00,1846.355469,0.403009,0.386288,0.239544
2019-11-11 13:00:00,1837.725830,0.387953,0.458611,0.121673
2019-11-11 14:00:00,1835.159546,0.379765,0.469615,0.030418
2019-11-11 15:00:00,1958.140747,0.334293,0.527076,0.007605
2019-11-11 16:00:00,2119.412354,0.358321,0.396314,0.000000
2019-11-11 17:00:00,2050.375000,0.425088,0.505134,0.000000
2019-11-11 18:00:00,1917.862061,0.480738,0.808354,0.000000
2019-11-11 19:00:00,1786.066040,0.521201,0.988276,0.000000
2019-11-11 20:00:00,1674.559937,0.605788,0.988528,0.000000
2019-11-11 21:00:00,1524.233032,0.641022,0.990332,0.000000
2019-11-11 22:00:00,1382.696045,0.556382,0.946078,0.000000
2019-11-11 23:00:00,1313.993652,0.496733,0.822762,0.000000
2019-11-12 00:00:00,1280.423706,0.468213,0.780449,0.000000
2019-11-12 01:00:00,1262.790405,0.462730,0.754821,0.000000
2019-11-12 02:00:00,1265.217407,0.428422,0.754299,0.000000
2019-11-12 03:00:00,1283.842285,0.445825,0.767139,0.000000
2019-11-12 04:00:00,1362.834351,0.429056,0.749701,0.000000
2019-11-12 05:00:00,1604.385498,0.456679,0.831359,0.000000
2019-11-12 06:00:00,1872.762939,0.477837,0.906785,0.000000
2019-11-12 07:00:00,1926.200684,0.486076,0.869910,0.003802
2019-11-12 08:00:00,1986.756226,0.497253,0.889854,0.034221
2019-11-12 09:00:00,1967.959106,0.555697,0.919156,0.125475
2019-11-12 10:00:00,1948.141357,0.617282,0.936388,0.167300
2019-11-12 11:00:00,1945.741211,0.646319,0.933444,0.136882
2019-11-12 12:00:00,1938.540894,0.615376,0.919290,0.091255
2019-11-12 13:00:00,1967.125854,0.535447,0.863199,0.049430
2019-11-12 14:00:00,1910.216187,0.441378,0.831808,0.007605
2019-11-12 15:00:00,1998.799683,0.364989,0.589257,0.000000
2019-11-12 16:00:00,2128.414551,0.300518,0.574790,0.000000
2019-11-12 17:00:00,2054.662842,0.327309,0.717202,0.000000
2019-11-12 18:00:00,1954.640869,0.309041,0.752650,0.000000
2019-11-12 19:00:00,1775.598755,0.350665,0.736645,0.000000
2019-11-12 20:00:00,1653.776245,0.425008,0.884772,0.000000
2019-11-12 21:00:00,1515.793213,0.423552,0.752955,0.000000
2019-11-12 22:00:00,1378.974731,0.349541,0.610170,0.000000
2019-11-12 23:00:00,1294.488770,0.252729,0.316930,0.000000
2019-11-13 00:00:00,1227.116699,0.186435,0.254069,0.000000
2019-11-13 01:00:00,1207.927490,0.155934,0.254378,0.000000
2019-11-13 02:00:00,1216.486572,0.131824,0.224658,0.000000
2019-11-13 03:00:00,1242.158691,0.123463,0.176436,0.000000
2019-11-13 04:00:00,1342.574463,0.120051,0.253363,0.000000
2019-11-13 05:00:00,1603.318604,0.111621,0.161450,0.000000
2019-11-13 06:00:00,1822.980835,0.155356,0.219601,0.000000
2019-11-13 07:00:00,1884.859009,0.181085,0.252163,0.041825
2019-11-13 08:00:00,1907.155762,0.167996,0.258086,0.155894
2019-11-13 09:00:00,1923.422974,0.188355,0.365773,0.269962
2019-11-13 10:00:00,1927.803955,0.220543,0.408966,0.288973
2019-11-13 11:00:00,1903.154907,0.262867,0.559616,0.250951
2019-11-13 12:00:00,1863.977539,0.287615,0.555223,0.186312
2019-11-13 13:00:00,1855.397461,0.281109,0.438713,0.110266
2019-11-13 14:00:00,1850.432129,0.272714,0.535737,0.038023
2019-11-13 15:00:00,1971.102783,0.308325,0.647579,0.000000
2019-11-13 16:00:00,2130.367188,0.332950,0.719244,0.000000
2019-11-13 17:00:00,2060.360107,0.316667,0.735508,0.000000
2019-11-13 18:00:00,1911.963013,0.261274,0.643109,0.000000
2019-11-13 19:00:00,1768.247192,0.226776,0.559472,0.000000
2019-11-13 20:00:00,1636.828735,0.218439,0.490327,0.000000
2019-11-13 21:00:00,1485.848511,0.197712,0.366087,0.000000
2019-11-13 22:00:00,1355.569580,0.171637,0.312125,0.000000
2019-11-13 23:00:00,1275.808960,0.143287,0.300565,0.000000
2019-11-14 00:00:00,1259.762085,0.134315,0.283266,0.000000
2019-11-14 01:00:00,1227.776123,0.122551,0.295830,0.000000
2019-11-14 02:00:00,1191.177734,0.091422,0.189798,0.000000
2019-11-14 03:00:00,1221.652710,0.057646,0.125851,0.000000
2019-11-14 04:00:00,1356.405518,0.039972,0.059420,0.000000
2019-11-14 05:00:00,1574.894409,0.044967,0.077595,0.000000
2019-11-14 06:00:00,1807.788452,0.051669,0.108515,0.000000
2019-11-14 07:00:00,1886.578369,0.074011,0.096923,0.026616
2019-11-14 08:00:00,1906.267456,0.082100,0.071651,0.079848
2019-11-14 09:00:00,1916.683838,0.059752,0.077320,0.159696
2019-11-14 10:00:00,1901.062988,0.062693,0.095577,0.220532
2019-11-14 11:00:00,1870.854736,0.056015,0.025779,0.243346
2019-11-14 12:00:00,1849.352173,0.029111,0.008644,0.228137
2019-11-14 13:00:00,1829.151855,0.021572,0.008972,0.133080
2019-11-14 14:00:00,1833.478760,0.023922,0.052961,0.026616
2019-11-14 15:00:00,1963.238647,0.089356,0.225030,0.000000
2019-11-14 16:00:00,2123.822998,0.159491,0.521644,0.000000
2019-11-14 17:00:00,2053.242188,0.175123,0.553448,0.000000
2019-11-14 18:00:00,1915.976807,0.183584,0.529791,0.000000
2019-11-14 19:00:00,1787.187866,0.204366,0.576983,0.000000
2019-11-14 20:00:00,1665.246460,0.204481,0.455463,0.000000
2019-11-14 21:00:00,1517.256958,0.230127,0.413110,0.000000
2019-11-14 22:00:00,1390.225342,0.238182,0.566878,0.000000
2019-11-14 23:00:00,1307.861206,0.263537,0.589149,0.000000
2019-11-15 00:00:00,1253.767700,0.311958,0.705839,0.000000
2019-11-15 01:00:00,1237.054932,0.392263,0.803681,0.000000
2019-11-15 02:00:00,1245.920654,0.459891,0.934057,0.000000
2019-11-15 03:00:00,1295.996582,0.547241,0.939342,0.000000
2019-11-15 04:00:00,1383.972412,0.653827,0.928316,0.000000
2019-11-15 05:00:00,1640.048950,0.749416,0.970609,0.000000
2019-11-15 06:00:00,1863.225830,0.784081,0.990418,0.000000
2019-11-15 07:00:00,1935.034546,0.783607,0.981081,0.019011
2019-11-15 08:00:00,1967.722290,0.786235,0.992237,0.049430
2019-11-15 09:00:00,1984.140137,0.801738,0.988285,0.076046
2019-11-15 10:00:00,1959.547974,0.802949,0.987223,0.087452
2019-11-15 11:00:00,1926.888550,0.804478,0.987394,0.064639
2019-11-15 12:00:00,1907.388306,0.776850,0.985975,0.045627
2019-11-15 13:00:00,1882.056519,0.791955,0.980845,0.022814
2019-11-15 14:00:00,1946.303955,0.794833,0.949341,0.003802
2019-11-15 15:00:00,2052.527588,0.749070,0.823785,0.000000
2019-11-15 16:00:00,2134.983887,0.660707,0.749600,0.000000
2019-11-15 17:00:00,2069.862305,0.651341,0.826430,0.000000
2019-11-15 18:00:00,1894.206299,0.593953,0.709623,0.000000
2019-11-15 19:00:00,1720.605957,0.517250,0.571892,0.000000
2019-11-15 20:00:00,1586.647949,0.395626,0.558847,0.000000
2019-11-15 21:00:00,1472.197510,0.334045,0.521156,0.000000
2019-11-15 22:00:00,1362.466187,0.259194,0.384263,0.000000
2019-11-15 23:00:00,1269.553101,0.224316,0.336177,0.000000
2019-11-16 00:00:00,1202.936035,0.204053,0.259969,0.000000
2019-11-16 01:00:00,1171.555542,0.182811,0.224877,0.000000
2019-11-16 02:00:00,1155.026367,0.149812,0.202613,0.000000
2019-11-16 03:00:00,1153.232178,0.138602,0.169560,0.000000
2019-11-16 04:00:00,1180.028931,0.121999,0.103049,0.000000
2019-11-16 05:00:00,1255.248047,0.102953,0.132879,0.000000
2019-11-16 06:00:00,1363.561890,0.110659,0.140023,0.000000
2019-11-16 07:00:00,1499.777710,0.099235,0.084760,0.003802
2019-11-16 08:00:00,1615.518311,0.100721,0.103498,0.007605
2019-11-16 09:00:00,1698.834351,0.100920,0.089522,0.007605
2019-11-16 10:00:00,1726.212769,0.072925,0.074587,0.011407
2019-11-16 11:00:00,1741.794678,0.072333,0.153253,0.015209
2019-11-16 12:00:00,1739.983154,0.113055,0.373773,0.019011
2019-11-16 13:00:00,1733.269531,0.213971,0.855630,0.011407
2019-11-16 14:00:00,1754.185425,0.390472,0.916854,0.000000
2019-11-16 15:00:00,1841.959229,0.525455,0.927723,0.000000
2019-11-16 16:00:00,1948.174438,0.623315,0.973367,0.000000
2019-11-16 17:00:00,1901.166260,0.712075,0.984242,0.000000
2019-11-16 18:00:00,1789.867310,0.813170,0.992118,0.000000
2019-11-16 19:00:00,1685.228394,0.866718,0.995580,0.000000
2019-11-16 20:00:00,1592.195068,0.879378,0.994172,0.000000
2019-11-16 21:00:00,1502.395996,0.880431,0.998012,0.000000
2019-11-16 22:00:00,1426.361084,0.879022,0.999326,0.000000
2019-11-16 23:00:00,1356.067017,0.824298,0.987173,0.000000
2019-11-17 00:00:00,1288.711792,0.719934,0.961473,0.000000
2019-11-17 01:00:00,1238.253540,0.642634,0.964658,0.000000
2019-11-17 02:00:00,1212.064941,0.624692,0.934337,0.000000
2019-11-17 03:00:00,1216.767700,0.540825,0.732727,0.000000
2019-11-17 04:00:00,1199.399048,0.417717,0.346083,0.000000
2019-11-17 05:00:00,1260.800293,0.278206,0.191810,0.000000
2019-11-17 06:00:00,1367.661377,0.219224,0.246883,0.000000
2019-11-17 07:00:00,1487.979248,0.209048,0.205042,0.041825
2019-11-17 08:00:00,1589.488281,0.179895,0.132036,0.106464
2019-11-17 09:00:00,1651.059326,0.124096,0.062140,0.136882
2019-11-17 10:00:00,1654.399170,0.073842,0.025902,0.178707
2019-11-17 11:00:00,1661.133667,0.033484,0.006884,0.178707
2019-11-17 12:00:00,1647.844116,0.012035,0.001261,0.174905
2019-11-17 13:00:00,1636.671265,0.008612,0.019705,0.079848
2019-11-17 14:00:00,1673.741699,0.023798,0.096510,0.007605
2019-11-17 15:00:00,1805.195923,0.082270,0.296143,0.000000
2019-11-17 16:00:00,1950.467896,0.128129,0.461308,0.000000
2019-11-17 17:00:00,1905.159668,0.192214,0.501773,0.000000
2019-11-17 18:00:00,1788.844238,0.271982,0.751470,0.000000
2019-11-17 19:00:00,1681.720703,0.342764,0.913643,0.000000
2019-11-17 20:00:00,1563.518799,0.359920,0.900018,0.000000
2019-11-17 21:00:00,1434.991699,0.408999,0.910132,0.000000
2019-11-17 22:00:00,1326.474731,0.434953,0.866896,0.000000
2019-11-17 23:00:00,1239.053589,0.471151,0.838191,0.000000
2019-11-18 00:00:00,1183.563232,0.466593,0.681847,0.000000
2019-11-18 01:00:00,1156.434570,0.411646,0.624193,0.000000
2019-11-18 02:00:00,1186.259399,0.395708,0.722711,0.000000
2019-11-18 03:00:00,1237.648560,0.390794,0.698983,0.000000
2019-11-18 04:00:00,1289.361938,0.374941,0.561584,0.000000
2019-11-18 05:00:00,1530.111816,0.397485,0.521295,0.000000
2019-11-18 06:00:00,1817.143066,0.430752,0.517165,0.000000
2019-11-18 07:00:00,1888.090088,0.367521,0.316978,0.011407
2019-11-18 08:00:00,1913.836670,0.333664,0.266028,0.038023
2019-11-18 09:00:00,1927.943970,0.327646,0.266792,0.068441
2019-11-18 10:00:00,1894.359741,0.300499,0.236495,0.076046
2019-11-18 11:00:00,1891.215454,0.259154,0.182694,0.068441
2019-11-18 12:00:00,1883.247803,0.220828,0.122353,0.057034
2019-11-18 13:00:00,1867.841553,0.182070,0.110318,0.022814
2019-11-18 14:00:00,1892.644287,0.171153,0.128785,0.003802
2019-11-18 15:00:00,1974.980347,0.196383,0.187722,0.000000
2019-11-18 16:00:00,2089.900879,0.183095,0.140521,0.000000
2019-11-18 17:00:00,2009.573608,0.179193,0.361863,0.000000
2019-11-18 18:00:00,1873.441895,0.229558,0.820556,0.000000
2019-11-18 19:00:00,1754.726685,0.382074,0.961809,0.000000
2019-11-18 20:00:00,1629.271973,0.478773,0.954994,0.000000
2019-11-18 21:00:00,1489.136597,0.536200,0.912511,0.000000
2019-11-18 22:00:00,1356.244873,0.529619,0.884354,0.000000
2019-11-18 23:00:00,1257.313965,0.499260,0.820451,0.000000
2019-11-19 00:00:00,1195.585693,0.474473,0.799171,0.000000
2019-11-19 01:00:00,1179.950806,0.470984,0.860681,0.000000
2019-11-19 02:00:00,1183.788940,0.448359,0.907251,0.000000
2019-11-19 03:00:00,1227.630615,0.441696,0.917116,0.000000
2019-11-19 04:00:00,1343.738159,0.422023,0.919836,0.000000
2019-11-19 05:00:00,1589.237305,0.366388,0.921823,0.000000
2019-11-19 06:00:00,1826.932739,0.282497,0.847023,0.000000
2019-11-19 07:00:00,1924.359253,0.171089,0.566849,0.003802
2019-11-19 08:00:00,1935.689209,0.126979,0.677006,0.015209
2019-11-19 09:00:00,1954.784424,0.154689,0.716981,0.049430
2019-11-19 10:00:00,1963.260010,0.218044,0.801228,0.064639
2019-11-19 11:00:00,1948.201538,0.374091,0.894762,0.053232
2019-11-19 12:00:00,1928.742432,0.448940,0.904434,0.049430
2019-11-19 13:00:00,1919.398315,0.558518,0.895313,0.019011
2019-11-19 14:00:00,1961.092773,0.623005,0.884919,0.003802
2019-11-19 15:00:00,2034.129639,0.626158,0.845997,0.000000
2019-11-19 16:00:00,2132.107666,0.608473,0.898054,0.000000
2019-11-19 17:00:00,2062.194824,0.579455,0.852051,0.000000
2019-11-19 18:00:00,1919.013550,0.521115,0.792577,0.000000
2019-11-19 19:00:00,1770.989990,0.486862,0.691049,0.000000
2019-11-19 20:00:00,1647.118164,0.447315,0.652111,0.000000
2019-11-19 21:00:00,1495.872925,0.369335,0.595601,0.000000
2019-11-19 22:00:00,1344.669067,0.312280,0.438717,0.000000
2019-11-19 23:00:00,1248.240356,0.259396,0.334593,0.000000
2019-11-20 00:00:00,1241.332642,0.208595,0.173259,0.000000
2019-11-20 01:00:00,1218.884521,0.141718,0.056320,0.000000
2019-11-20 02:00:00,1221.249390,0.064939,0.011736,0.000000
2019-11-20 03:00:00,1211.914673,0.017659,0.000385,0.000000
2019-11-20 04:00:00,1321.113037,0.006572,0.000053,0.000000
2019-11-20 05:00:00,1582.651733,0.003383,0.000053,0.000000
2019-11-20 06:00:00,1822.997070,0.006808,0.000105,0.000000
2019-11-20 07:00:00,1877.897339,0.011050,0.000396,0.011407
2019-11-20 08:00:00,1906.359741,0.018453,0.002051,0.034221
2019-11-20 09:00:00,1930.403931,0.021816,0.004289,0.038023
2019-11-20 10:00:00,1921.792358,0.020706,0.007511,0.045627
2019-11-20 11:00:00,1914.671875,0.021428,0.009834,0.041825
2019-11-20 12:00:00,1925.597412,0.025401,0.013860,0.019011
2019-11-20 13:00:00,1926.816040,0.022168,0.016346,0.007605
2019-11-20 14:00:00,1938.981812,0.034075,0.021571,0.000000
2019-11-20 15:00:00,2030.302246,0.062599,0.027996,0.000000
2019-11-20 16:00:00,2128.127441,0.071828,0.057793,0.000000
2019-11-20 17:00:00,2046.612427,0.069224,0.083498,0.000000
2019-11-20 18:00:00,1916.216797,0.122499,0.119147,0.000000
2019-11-20 19:00:00,1776.076294,0.151635,0.141821,0.000000
2019-11-20 20:00:00,1653.436401,0.151187,0.151809,0.000000
2019-11-20 21:00:00,1489.276123,0.111892,0.112248,0.000000
2019-11-20 22:00:00,1345.739502,0.097572,0.095497,0.000000
2019-11-20 23:00:00,1299.472900,0.064493,0.070665,0.000000
2019-11-21 00:00:00,1200.724121,0.046358,0.048792,0.000000
2019-11-21 01:00:00,1180.732788,0.032578,0.040619,0.000000
2019-11-21 02:00:00,1186.478271,0.020101,0.015725,0.000000
2019-11-21 03:00:00,1213.215332,0.013825,0.008120,0.000000
2019-11-21 04:00:00,1314.834106,0.012634,0.006831,0.000000
2019-11-21 05:00:00,1617.631714,0.016578,0.034994,0.000000
2019-11-21 06:00:00,1852.667480,0.025668,0.056585,0.000000
2019-11-21 07:00:00,1915.275635,0.035396,0.060685,0.000000
2019-11-21 08:00:00,1921.764648,0.040244,0.082791,0.011407
2019-11-21 09:00:00,1939.231079,0.048444,0.057203,0.022814
2019-11-21 10:00:00,1933.034058,0.044339,0.095149,0.030418
2019-11-21 11:00:00,1943.585449,0.054704,0.095021,0.030418
2019-11-21 12:00:00,1916.243896,0.070479,0.098386,0.019011
2019-11-21 13:00:00,1901.984863,0.090914,0.152021,0.007605
2019-11-21 14:00:00,1947.790649,0.132491,0.143485,0.000000
2019-11-21 15:00:00,2011.434814,0.166797,0.245031,0.000000
2019-11-21 16:00:00,2115.183105,0.182997,0.289113,0.000000
2019-11-21 17:00:00,2053.031738,0.204205,0.300334,0.000000
2019-11-21 18:00:00,1939.855469,0.214199,0.322682,0.000000
2019-11-21 19:00:00,1758.241699,0.204186,0.342815,0.000000
2019-11-21 20:00:00,1628.496948,0.218381,0.346714,0.000000
2019-11-21 21:00:00,1473.278687,0.234706,0.385738,0.000000
2019-11-21 22:00:00,1344.361328,0.228713,0.407205,0.000000
2019-11-21 23:00:00,1255.214478,0.214343,0.359505,0.000000
2019-11-22 00:00:00,1202.462158,0.219378,0.358595,0.000000
2019-11-22 01:00:00,1195.918945,0.239795,0.386696,0.000000
2019-11-22 02:00:00,1214.097290,0.245199,0.321918,0.000000
2019-11-22 03:00:00,1243.495117,0.231952,0.319791,0.000000
2019-11-22 04:00:00,1331.758423,0.211049,0.284849,0.000000
2019-11-22 05:00:00,1577.722168,0.196657,0.244804,0.000000
2019-11-22 06:00:00,1797.564819,0.189310,0.200112,0.000000
2019-11-22 07:00:00,1880.583496,0.164858,0.185282,0.000000
2019-11-22 08:00:00,1906.191284,0.162991,0.166135,0.007605
2019-11-22 09:00:00,1921.653564,0.133962,0.154829,0.019011
2019-11-22 10:00:00,1908.775024,0.113575,0.101972,0.030418
2019-11-22 11:00:00,1878.832153,0.132677,0.103598,0.068441
2019-11-22 12:00:00,1862.460693,0.111022,0.092072,0.060837
2019-11-22 13:00:00,1840.962769,0.090755,0.080123,0.022814
2019-11-22 14:00:00,1842.137329,0.083910,0.105523,0.003802
2019-11-22 15:00:00,1933.355225,0.102752,0.179726,0.000000
2019-11-22 16:00:00,2017.571655,0.140411,0.269449,0.000000
2019-11-22 17:00:00,1957.349854,0.163898,0.355261,0.000000
2019-11-22 18:00:00,1816.779053,0.174311,0.246043,0.000000
2019-11-22 19:00:00,1680.101563,0.159745,0.261231,0.000000
2019-11-22 20:00:00,1570.901611,0.139901,0.234447,0.000000
2019-11-22 21:00:00,1450.259399,0.177164,0.417264,0.000000
2019-11-22 22:00:00,1346.947266,0.211208,0.439901,0.000000
2019-11-22 23:00:00,1265.385010,0.264018,0.471672,0.000000
2019-11-23 00:00:00,1209.418091,0.305513,0.526572,0.000000
2019-11-23 01:00:00,1177.349854,0.404614,0.556241,0.000000
2019-11-23 02:00:00,1174.742920,0.487507,0.633639,0.000000
2019-11-23 03:00:00,1209.775269,0.475582,0.663366,0.000000
2019-11-23 04:00:00,1263.456909,0.460716,0.661499,0.000000
2019-11-23 05:00:00,1344.159546,0.541943,0.665029,0.000000
2019-11-23 06:00:00,1462.169067,0.572728,0.655895,0.000000
2019-11-23 07:00:00,1572.644531,0.581971,0.674380,0.000000
2019-11-23 08:00:00,1660.580444,0.636880,0.710890,0.007605
2019-11-23 09:00:00,1734.779785,0.640313,0.739579,0.015209
2019-11-23 10:00:00,1757.906128,0.599437,0.717532,0.026616
2019-11-23 11:00:00,1752.875610,0.561486,0.694554,0.026616
2019-11-23 12:00:00,1744.636597,0.567922,0.635339,0.026616
2019-11-23 13:00:00,1743.169678,0.599766,0.776062,0.011407
2019-11-23 14:00:00,1774.061890,0.638224,0.869032,0.000000
2019-11-23 15:00:00,1872.284546,0.667463,0.816487,0.000000
2019-11-23 16:00:00,1966.467773,0.676701,0.893436,0.000000
2019-11-23 17:00:00,1906.752197,0.663878,0.840187,0.000000
2019-11-23 18:00:00,1780.223511,0.635483,0.749407,0.000000
2019-11-23 19:00:00,1667.711792,0.645728,0.736041,0.000000
2019-11-23 20:00:00,1571.158325,0.641239,0.784432,0.000000
2019-11-23 21:00:00,1474.532471,0.596368,0.742247,0.000000
2019-11-23 22:00:00,1387.584595,0.575953,0.806729,0.000000
2019-11-23 23:00:00,1311.321655,0.612468,0.747345,0.000000
2019-11-24 00:00:00,1248.968506,0.623874,0.769059,0.000000
2019-11-24 01:00:00,1207.794800,0.621422,0.800735,0.000000
2019-11-24 02:00:00,1200.318359,0.675638,0.877063,0.000000
2019-11-24 03:00:00,1195.486816,0.685303,0.855709,0.000000
2019-11-24 04:00:00,1219.855957,0.676297,0.802316,0.000000
2019-11-24 05:00:00,1278.902344,0.692155,0.832497,0.000000
2019-11-24 06:00:00,1378.393921,0.697219,0.792427,0.000000
2019-11-24 07:00:00,1494.295410,0.659696,0.749762,0.000000
2019-11-24 08:00:00,1612.829834,0.645345,0.771341,0.007605
2019-11-24 09:00:00,1683.467651,0.583183,0.632258,0.019011
2019-11-24 10:00:00,1700.325684,0.570576,0.551759,0.026616
2019-11-24 11:00:00,1704.283936,0.534219,0.518033,0.022814
2019-11-24 12:00:00,1701.958740,0.479285,0.451472,0.019011
2019-11-24 13:00:00,1708.607178,0.512796,0.649731,0.007605
2019-11-24 14:00:00,1748.894531,0.522231,0.699235,0.000000
2019-11-24 15:00:00,1850.991821,0.495612,0.636190,0.000000
2019-11-24 16:00:00,1958.725830,0.441457,0.550902,0.000000
2019-11-24 17:00:00,1913.073853,0.398308,0.544093,0.000000
2019-11-24 18:00:00,1794.202881,0.367881,0.566769,0.000000
2019-11-24 19:00:00,1673.749756,0.330555,0.440634,0.000000
2019-11-24 20:00:00,1558.185669,0.280085,0.395543,0.000000
2019-11-24 21:00:00,1422.359619,0.255384,0.309025,0.000000
2019-11-24 22:00:00,1313.220337,0.256521,0.251393,0.000000
2019-11-24 23:00:00,1225.046021,0.229419,0.207092,0.000000
2019-11-25 00:00:00,1175.098511,0.208708,0.125384,0.000000
2019-11-25 01:00:00,1156.565552,0.175080,0.155150,0.000000
2019-11-25 02:00:00,1170.469727,0.151194,0.238473,0.000000
2019-11-25 03:00:00,1195.573853,0.148105,0.315991,0.000000
2019-11-25 04:00:00,1308.620239,0.159952,0.286330,0.000000
2019-11-25 05:00:00,1583.926880,0.180351,0.308582,0.000000
2019-11-25 06:00:00,1809.191162,0.186306,0.258472,0.000000
2019-11-25 07:00:00,1894.499512,0.184169,0.227193,0.000000
2019-11-25 08:00:00,1930.670654,0.193821,0.302343,0.007605
2019-11-25 09:00:00,1955.570068,0.188742,0.243460,0.015209
2019-11-25 10:00:00,1950.527344,0.157321,0.270132,0.019011
2019-11-25 11:00:00,1936.985107,0.146658,0.218997,0.019011
2019-11-25 12:00:00,1938.007324,0.150271,0.190831,0.011407
2019-11-25 13:00:00,1931.197021,0.125280,0.139788,0.003802
2019-11-25 14:00:00,1947.519409,0.129104,0.106745,0.000000
2019-11-25 15:00:00,2044.256470,0.173978,0.152538,0.000000
2019-11-25 16:00:00,2142.002686,0.173683,0.207294,0.000000
2019-11-25 17:00:00,2068.028076,0.170063,0.226096,0.000000
2019-11-25 18:00:00,1922.340454,0.199310,0.269861,0.000000
2019-11-25 19:00:00,1799.544800,0.180836,0.279945,0.000000
2019-11-25 20:00:00,1653.286255,0.124170,0.270886,0.000000
2019-11-25 21:00:00,1547.058350,0.111730,0.239237,0.000000
2019-11-25 22:00:00,1417.055298,0.109720,0.227426,0.000000
2019-11-25 23:00:00,1277.478638,0.117632,0.244735,0.000000
2019-11-26 00:00:00,1221.658936,0.131202,0.226393,0.000000
2019-11-26 01:00:00,1196.792480,0.116504,0.243360,0.000000
2019-11-26 02:00:00,1200.248779,0.125488,0.265959,0.000000
2019-11-26 03:00:00,1227.625122,0.106952,0.238091,0.000000
2019-11-26 04:00:00,1336.706055,0.097045,0.203566,0.000000
2019-11-26 05:00:00,1596.864014,0.101229,0.220485,0.000000
2019-11-26 06:00:00,1837.731323,0.109041,0.213794,0.000000
2019-11-26 07:00:00,1906.036621,0.107645,0.145981,0.000000
2019-11-26 08:00:00,1935.959595,0.107597,0.161906,0.007605
2019-11-26 09:00:00,1952.538574,0.119545,0.166102,0.015209
2019-11-26 10:00:00,1948.183472,0.107437,0.159971,0.019011
2019-11-26 11:00:00,1950.010620,0.105875,0.132512,0.019011
2019-11-26 12:00:00,1958.973022,0.095381,0.148411,0.015209
2019-11-26 13:00:00,1949.441040,0.070727,0.167314,0.011407
2019-11-26 14:00:00,1944.835938,0.081451,0.244725,0.000000
2019-11-26 15:00:00,2034.208496,0.097463,0.214563,0.000000
2019-11-26 16:00:00,2139.636230,0.131338,0.193892,0.000000
2019-11-26 17:00:00,2063.195557,0.151381,0.212688,0.000000
2019-11-26 18:00:00,1926.914917,0.192404,0.315229,0.000000
2019-11-26 19:00:00,1787.301147,0.206852,0.273847,0.000000
2019-11-26 20:00:00,1652.191650,0.173968,0.222840,0.000000
2019-11-26 21:00:00,1498.939453,0.155518,0.247582,0.000000
2019-11-26 22:00:00,1360.788330,0.121619,0.180075,0.000000
2019-11-26 23:00:00,1267.177124,0.135641,0.192214,0.000000
2019-11-27 00:00:00,1210.150024,0.140123,0.163877,0.000000
2019-11-27 01:00:00,1194.678223,0.136282,0.184859,0.000000
2019-11-27 02:00:00,1190.446045,0.131543,0.309122,0.000000
2019-11-27 03:00:00,1213.109619,0.150383,0.375032,0.000000
2019-11-27 04:00:00,1314.803833,0.209301,0.338620,0.000000
2019-11-27 05:00:00,1558.677124,0.184415,0.361675,0.000000
2019-11-27 06:00:00,1801.721680,0.159624,0.431258,0.000000
2019-11-27 07:00:00,1870.716797,0.174148,0.500240,0.003802
2019-11-27 08:00:00,1901.667847,0.210650,0.551661,0.015209
2019-11-27 09:00:00,1922.241455,0.188077,0.506545,0.026616
2019-11-27 10:00:00,1913.876465,0.220018,0.621245,0.038023
2019-11-27 11:00:00,1907.820313,0.243534,0.634984,0.045627
2019-11-27 12:00:00,1910.438354,0.262180,0.632462,0.038023
2019-11-27 13:00:00,1898.437134,0.292854,0.589543,0.015209
2019-11-27 14:00:00,1907.199463,0.337086,0.593789,0.003802
2019-11-27 15:00:00,2008.886719,0.338240,0.462429,0.000000
2019-11-27 16:00:00,2130.373047,0.282799,0.503846,0.000000
2019-11-27 17:00:00,2074.902832,0.266637,0.518535,0.000000
2019-11-27 18:00:00,1947.228394,0.257606,0.445694,0.000000
2019-11-27 19:00:00,1809.811646,0.272595,0.567618,0.000000
2019-11-27 20:00:00,1675.984985,0.306524,0.457745,0.000000
2019-11-27 21:00:00,1515.148193,0.273231,0.453225,0.000000
2019-11-27 22:00:00,1367.459839,0.247673,0.552905,0.000000
2019-11-27 23:00:00,1272.531860,0.279101,0.529101,0.000000
2019-11-28 00:00:00,1206.842651,0.287327,0.541644,0.000000
2019-11-28 01:00:00,1189.606323,0.314718,0.560587,0.000000
2019-11-28 02:00:00,1195.273071,0.340588,0.668169,0.000000
2019-11-28 03:00:00,1226.794189,0.394276,0.832363,0.000000
2019-11-28 04:00:00,1330.294800,0.467843,0.758261,0.000000
2019-11-28 05:00:00,1593.866089,0.516251,0.907421,0.000000
2019-11-28 06:00:00,1848.074097,0.582057,0.939738,0.000000
2019-11-28 07:00:00,1921.374512,0.613316,0.918142,0.003802
2019-11-28 08:00:00,1946.966553,0.609190,0.927144,0.015209
2019-11-28 09:00:00,1961.197998,0.604462,0.953826,0.034221
2019-11-28 10:00:00,1949.486816,0.599692,0.937290,0.041825
2019-11-28 11:00:00,1936.463745,0.557282,0.917436,0.038023
2019-11-28 12:00:00,1944.975830,0.543981,0.884921,0.022814
2019-11-28 13:00:00,1930.913452,0.485498,0.923189,0.007605
2019-11-28 14:00:00,1933.669434,0.472265,0.883169,0.000000
2019-11-28 15:00:00,2016.823730,0.366698,0.720310,0.000000
2019-11-28 16:00:00,2095.219482,0.291523,0.530473,0.000000
2019-11-28 17:00:00,2035.282715,0.255220,0.494091,0.000000
2019-11-28 18:00:00,1905.382690,0.200153,0.530466,0.000000
2019-11-28 19:00:00,1776.420532,0.242845,0.479221,0.000000
2019-11-28 20:00:00,1653.625854,0.355191,0.551788,0.000000
2019-11-28 21:00:00,1521.484131,0.482841,0.719914,0.000000
2019-11-28 22:00:00,1432.784424,0.558739,0.925379,0.000000
2019-11-28 23:00:00,1321.814209,0.567809,0.903298,0.000000
2019-11-29 00:00:00,1290.065918,0.578723,0.905232,0.000000
2019-11-29 01:00:00,1259.473755,0.633921,0.927506,0.000000
2019-11-29 02:00:00,1274.282837,0.715181,0.935157,0.000000
2019-11-29 03:00:00,1310.715454,0.715323,0.927937,0.000000
2019-11-29 04:00:00,1416.732300,0.782102,0.919045,0.000000
2019-11-29 05:00:00,1682.017822,0.739546,0.831958,0.000000
2019-11-29 06:00:00,1957.435181,0.783516,0.958208,0.000000
2019-11-29 07:00:00,2052.168213,0.801142,0.919625,0.011407
2019-11-29 08:00:00,2062.084229,0.792586,0.745069,0.030418
2019-11-29 09:00:00,2100.336182,0.805919,0.946752,0.057034
2019-11-29 10:00:00,2091.023193,0.857647,0.979267,0.087452
2019-11-29 11:00:00,2038.886597,0.863641,0.973103,0.144487
2019-11-29 12:00:00,2008.273438,0.804082,0.713040,0.182510
2019-11-29 13:00:00,1955.583984,0.750579,0.707136,0.106464
2019-11-29 14:00:00,1965.412842,0.645676,0.697693,0.015209
2019-11-29 15:00:00,2067.945801,0.575437,0.660277,0.000000
2019-11-29 16:00:00,2137.498535,0.513969,0.779715,0.000000
2019-11-29 17:00:00,2101.867676,0.494344,0.837204,0.000000
2019-11-29 18:00:00,1934.776001,0.415528,0.702660,0.000000
2019-11-29 19:00:00,1818.107056,0.336788,0.552700,0.000000
2019-11-29 20:00:00,1710.908325,0.237851,0.460169,0.000000
2019-11-29 21:00:00,1602.532227,0.196965,0.234962,0.000000
2019-11-29 22:00:00,1495.215454,0.178893,0.228215,0.000000
2019-11-29 23:00:00,1399.704468,0.193003,0.254617,0.000000
2019-11-30 00:00:00,1349.461670,0.180628,0.244373,0.000000
2019-11-30 01:00:00,1316.785034,0.206238,0.225920,0.000000
2019-11-30 02:00:00,1299.555908,0.219697,0.321875,0.000000
2019-11-30 03:00:00,1293.308594,0.228532,0.460891,0.000000
2019-11-30 04:00:00,1311.132690,0.221676,0.603263,0.000000
2019-11-30 05:00:00,1385.658813,0.193449,0.628232,0.000000
2019-11-30 06:00:00,1490.439941,0.195173,0.535559,0.000000
2019-11-30 07:00:00,1611.899536,0.191703,0.461101,0.022814
2019-11-30 08:00:00,1702.261597,0.207825,0.449371,0.133080
2019-11-30 09:00:00,1738.625122,0.184254,0.414346,0.262357
2019-11-30 10:00:00,1731.411011,0.238649,0.453864,0.342205
2019-11-30 11:00:00,1709.751587,0.205966,0.578365,0.330798
2019-11-30 12:00:00,1698.603760,0.196142,0.422512,0.247148
2019-11-30 13:00:00,1687.723389,0.160001,0.411888,0.125475
2019-11-30 14:00:00,1724.852051,0.165259,0.388969,0.015209
2019-11-30 15:00:00,1872.309692,0.150014,0.334525,0.000000
2019-11-30 16:00:00,1984.022583,0.149730,0.325849,0.000000
2019-11-30 17:00:00,1956.341797,0.135357,0.269076,0.000000
2019-11-30 18:00:00,1841.017822,0.126786,0.212625,0.000000
2019-11-30 19:00:00,1736.877930,0.091542,0.161327,0.000000
2019-11-30 20:00:00,1648.245239,0.081806,0.113525,0.000000
2019-11-30 21:00:00,1552.188965,0.089475,0.079347,0.000000
2019-11-30 22:00:00,1464.279785,0.093709,0.077879,0.000000
2019-11-30 23:00:00,1396.058105,0.117627,0.098116,0.000000
2019-12-01 00:00:00,1328.475586,0.104239,0.098250,0.000000
2019-12-01 01:00:00,1281.916382,0.105322,0.103357,0.000000
2019-12-01 02:00:00,1267.171631,0.121040,0.119510,0.000000
2019-12-01 03:00:00,1269.177002,0.116395,0.125208,0.000000
2019-12-01 04:00:00,1295.349487,0.115337,0.119165,0.000000
2019-12-01 05:00:00,1371.915161,0.121792,0.152120,0.000000
2019-12-01 06:00:00,1459.486206,0.121353,0.129420,0.000000
2019-12-01 07:00:00,1572.823120,0.126680,0.146400,0.019011
2019-12-01 08:00:00,1678.664917,0.143193,0.159809,0.102662
2019-12-01 09:00:00,1736.828979,0.117265,0.192597,0.235741
2019-12-01 10:00:00,1739.584106,0.090243,0.173919,0.296578
2019-12-01 11:00:00,1727.949585,0.079550,0.136995,0.266160
2019-12-01 12:00:00,1716.202881,0.084777,0.091350,0.190114
2019-12-01 13:00:00,1728.509521,0.134547,0.107281,0.095057
2019-12-01 14:00:00,1757.433838,0.178463,0.243922,0.011407
2019-12-01 15:00:00,1882.351196,0.210154,0.335685,0.000000
2019-12-01 16:00:00,1993.845093,0.217995,0.332565,0.000000
2019-12-01 17:00:00,1967.836914,0.197979,0.239728,0.000000
2019-12-01 18:00:00,1872.635986,0.178697,0.264871,0.000000
2019-12-01 19:00:00,1769.975830,0.189241,0.334062,0.000000
2019-12-01 20:00:00,1645.081421,0.210835,0.335359,0.000000
2019-12-01 21:00:00,1530.499146,0.234432,0.447659,0.000000
2019-12-01 22:00:00,1427.623413,0.241580,0.489673,0.000000
2019-12-01 23:00:00,1319.238647,0.266189,0.433360,0.000000
2019-12-02 00:00:00,1266.911499,0.294695,0.440619,0.000000
2019-12-02 01:00:00,1238.081055,0.303634,0.392231,0.000000
2019-12-02 02:00:00,1241.017212,0.351956,0.569631,0.000000
2019-12-02 03:00:00,1289.057739,0.344592,0.772982,0.000000
2019-12-02 04:00:00,1386.571411,0.343532,0.696383,0.000000
2019-12-02 05:00:00,1664.068115,0.303617,0.773490,0.000000
2019-12-02 06:00:00,1909.670410,0.325961,0.653105,0.000000
2019-12-02 07:00:00,1971.012695,0.322440,0.603930,0.019011
2019-12-02 08:00:00,1978.328491,0.278270,0.627742,0.121673
2019-12-02 09:00:00,1956.372314,0.251527,0.448784,0.220532
2019-12-02 10:00:00,1943.413696,0.300688,0.586260,0.277567
2019-12-02 11:00:00,1927.733521,0.355046,0.516839,0.281369
2019-12-02 12:00:00,1922.828247,0.447148,0.747643,0.197719
2019-12-02 13:00:00,1947.837402,0.517742,0.837894,0.072243
2019-12-02 14:00:00,1955.251831,0.496644,0.729031,0.011407
2019-12-02 15:00:00,2086.478027,0.435194,0.647512,0.000000
2019-12-02 16:00:00,2220.698730,0.378956,0.815477,0.000000
2019-12-02 17:00:00,2154.498047,0.294922,0.745466,0.000000
2019-12-02 18:00:00,2015.467407,0.218433,0.509133,0.000000
2019-12-02 19:00:00,1872.779663,0.149515,0.408755,0.000000
2019-12-02 20:00:00,1751.281006,0.126420,0.267273,0.000000
2019-12-02 21:00:00,1606.792847,0.102800,0.227891,0.000000
2019-12-02 22:00:00,1477.825195,0.072355,0.156732,0.000000
2019-12-02 23:00:00,1388.152344,0.048766,0.087389,0.000000
2019-12-03 00:00:00,1345.438354,0.033927,0.043679,0.000000
2019-12-03 01:00:00,1326.448242,0.026261,0.020396,0.000000
2019-12-03 02:00:00,1333.750732,0.019304,0.018251,0.000000
2019-12-03 03:00:00,1359.773193,0.026066,0.011779,0.000000
2019-12-03 04:00:00,1480.009644,0.050136,0.017167,0.000000
2019-12-03 05:00:00,1734.833862,0.061697,0.031547,0.000000
2019-12-03 06:00:00,1986.122803,0.077713,0.048863,0.000000
2019-12-03 07:00:00,2040.932495,0.123899,0.104956,0.007605
2019-12-03 08:00:00,2060.043945,0.197984,0.141241,0.079848
2019-12-03 09:00:00,2065.903564,0.228508,0.244794,0.098859
2019-12-03 10:00:00,2079.436523,0.268564,0.334942,0.076046
2019-12-03 11:00:00,2051.591064,0.294028,0.454771,0.045627
2019-12-03 12:00:00,2051.298340,0.362762,0.459250,0.030418
2019-12-03 13:00:00,2036.202026,0.454063,0.567162,0.015209
2019-12-03 14:00:00,2042.650146,0.573896,0.642089,0.003802
2019-12-03 15:00:00,2146.181885,0.670157,0.861179,0.000000
2019-12-03 16:00:00,2244.653809,0.718332,0.930270,0.000000
2019-12-03 17:00:00,2179.291992,0.738531,0.936639,0.000000
2019-12-03 18:00:00,2062.102295,0.718917,0.921932,0.000000
2019-12-03 19:00:00,1912.837158,0.695855,0.931178,0.000000
2019-12-03 20:00:00,1789.338257,0.688080,0.911673,0.000000
2019-12-03 21:00:00,1623.413940,0.688822,0.913874,0.000000
2019-12-03 22:00:00,1487.815674,0.695191,0.909038,0.000000
2019-12-03 23:00:00,1393.615234,0.607368,0.904360,0.000000
2019-12-04 00:00:00,1324.313843,0.446571,0.826792,0.000000
2019-12-04 01:00:00,1293.587891,0.409332,0.718611,0.000000
2019-12-04 02:00:00,1274.754517,0.404419,0.725229,0.000000
2019-12-04 03:00:00,1297.163208,0.394411,0.689012,0.000000
2019-12-04 04:00:00,1386.354492,0.388390,0.599517,0.000000
2019-12-04 05:00:00,1638.909180,0.400853,0.649990,0.000000
2019-12-04 06:00:00,1885.206421,0.357302,0.623975,0.000000
2019-12-04 07:00:00,1964.422119,0.326945,0.567339,0.000000
2019-12-04 08:00:00,1979.404297,0.332406,0.548235,0.011407
2019-12-04 09:00:00,1995.055664,0.349274,0.581206,0.038023
2019-12-04 10:00:00,1992.066895,0.369867,0.613859,0.064639
2019-12-04 11:00:00,1975.666748,0.417653,0.674564,0.064639
2019-12-04 12:00:00,1962.952759,0.444624,0.643207,0.045627
2019-12-04 13:00:00,1955.992798,0.449265,0.669818,0.019011
2019-12-04 14:00:00,1974.013062,0.428886,0.699137,0.000000
2019-12-04 15:00:00,2073.266846,0.446366,0.606666,0.000000
2019-12-04 16:00:00,2184.896729,0.398193,0.379307,0.000000
2019-12-04 17:00:00,2122.531982,0.359520,0.332076,0.000000
2019-12-04 18:00:00,2014.252563,0.340009,0.268312,0.000000
2019-12-04 19:00:00,1848.455078,0.331151,0.218126,0.000000
2019-12-04 20:00:00,1735.498047,0.351688,0.274518,0.000000
2019-12-04 21:00:00,1572.280396,0.363684,0.312546,0.000000
2019-12-04 22:00:00,1437.787964,0.404938,0.408796,0.000000
2019-12-04 23:00:00,1366.751953,0.422694,0.366025,0.000000
2019-12-05 00:00:00,1258.719238,0.380184,0.483414,0.000000
2019-12-05 01:00:00,1248.725342,0.343487,0.307405,0.000000
2019-12-05 02:00:00,1249.910767,0.286862,0.235491,0.000000
2019-12-05 03:00:00,1283.862427,0.254706,0.271205,0.000000
2019-12-05 04:00:00,1413.374268,0.253619,0.220288,0.000000
2019-12-05 05:00:00,1628.655884,0.280986,0.141336,0.000000
2019-12-05 06:00:00,1885.723877,0.387066,0.249888,0.000000
2019-12-05 07:00:00,2007.094360,0.401579,0.372937,0.003802
2019-12-05 08:00:00,1970.625854,0.390373,0.405469,0.034221
2019-12-05 09:00:00,2026.123901,0.428473,0.346255,0.121673
2019-12-05 10:00:00,2007.551880,0.427121,0.354146,0.152091
2019-12-05 11:00:00,1987.092407,0.456237,0.348885,0.102662
2019-12-05 12:00:00,2002.776855,0.518938,0.362300,0.087452
2019-12-05 13:00:00,1993.895996,0.544226,0.478795,0.041825
2019-12-05 14:00:00,1969.649536,0.619078,0.676046,0.003802
2019-12-05 15:00:00,2136.532959,0.669566,0.820560,0.000000
2019-12-05 16:00:00,2225.662354,0.687162,0.904683,0.000000
2019-12-05 17:00:00,2139.855225,0.762594,0.950960,0.000000
2019-12-05 18:00:00,2040.745972,0.756309,0.983674,0.000000
2019-12-05 19:00:00,1913.246826,0.802144,0.994506,0.000000
2019-12-05 20:00:00,1789.319702,0.875043,0.999040,0.000000
2019-12-05 21:00:00,1605.964722,0.904086,0.988764,0.000000
2019-12-05 22:00:00,1479.100952,0.937711,0.991081,0.000000
2019-12-05 23:00:00,1393.664795,0.954513,0.996404,0.000000
2019-12-06 00:00:00,1349.521240,0.960012,0.998325,0.000000
2019-12-06 01:00:00,1323.981323,0.962347,1.000000,0.000000
2019-12-06 02:00:00,1325.710083,0.967128,0.998529,0.000000
2019-12-06 03:00:00,1352.236084,0.971559,0.988857,0.000000
2019-12-06 04:00:00,1428.186768,0.968675,0.980549,0.000000
2019-12-06 05:00:00,1681.553833,0.959931,0.999745,0.000000
2019-12-06 06:00:00,1920.271606,0.947258,0.993606,0.000000
2019-12-06 07:00:00,2038.757568,0.930597,0.985339,0.000000
2019-12-06 08:00:00,2026.781738,0.872855,0.986317,0.003802
2019-12-06 09:00:00,2038.980347,0.845341,0.984202,0.015209
2019-12-06 10:00:00,2019.512207,0.854207,0.981650,0.026616
2019-12-06 11:00:00,1988.610962,0.870226,0.975997,0.026616
2019-12-06 12:00:00,1977.168579,0.855586,0.966954,0.019011
2019-12-06 13:00:00,1952.205200,0.828817,0.971528,0.007605
2019-12-06 14:00:00,1966.517578,0.800791,0.977237,0.000000
2019-12-06 15:00:00,2053.102051,0.806753,0.982267,0.000000
2019-12-06 16:00:00,2147.593506,0.780314,0.984411,0.000000
2019-12-06 17:00:00,2048.914795,0.788589,0.975284,0.000000
2019-12-06 18:00:00,1916.174072,0.812384,0.978238,0.000000
2019-12-06 19:00:00,1804.673584,0.827851,0.977449,0.000000
2019-12-06 20:00:00,1698.742676,0.820469,0.990616,0.000000
2019-12-06 21:00:00,1578.089600,0.817830,0.985029,0.000000
2019-12-06 22:00:00,1489.794800,0.807247,0.976991,0.000000
2019-12-06 23:00:00,1386.049927,0.805538,0.973369,0.000000
2019-12-07 00:00:00,1336.434937,0.813887,0.965991,0.000000
2019-12-07 01:00:00,1259.819458,0.790760,0.955276,0.000000
2019-12-07 02:00:00,1260.170288,0.722895,0.940715,0.000000
2019-12-07 03:00:00,1274.380493,0.656655,0.914730,0.000000
2019-12-07 04:00:00,1304.809937,0.701895,0.896174,0.000000
2019-12-07 05:00:00,1344.194092,0.718264,0.925621,0.000000
2019-12-07 06:00:00,1512.709351,0.799403,0.946698,0.000000
2019-12-07 07:00:00,1640.921143,0.817375,0.994117,0.007605
2019-12-07 08:00:00,1728.347046,0.771471,0.974204,0.087452
2019-12-07 09:00:00,1765.109253,0.781992,0.973785,0.193916
2019-12-07 10:00:00,1747.602173,0.755334,0.948952,0.266160
2019-12-07 11:00:00,1772.271362,0.798164,0.961629,0.190114
2019-12-07 12:00:00,1727.849243,0.764562,0.968629,0.144487
2019-12-07 13:00:00,1726.416260,0.731070,0.941903,0.057034
2019-12-07 14:00:00,1748.185791,0.700906,0.865353,0.007605
2019-12-07 15:00:00,1901.059692,0.672113,0.934547,0.000000
2019-12-07 16:00:00,2018.058350,0.652604,0.928237,0.000000
2019-12-07 17:00:00,1962.362671,0.616573,0.810584,0.000000
2019-12-07 18:00:00,1806.131958,0.554842,0.790972,0.000000
2019-12-07 19:00:00,1689.712402,0.444803,0.684921,0.000000
2019-12-07 20:00:00,1594.601074,0.352603,0.567553,0.000000
2019-12-07 21:00:00,1507.719482,0.317470,0.453569,0.000000
2019-12-07 22:00:00,1442.213135,0.372069,0.568356,0.000000
2019-12-07 23:00:00,1376.171997,0.451492,0.838518,0.000000
2019-12-08 00:00:00,1322.891357,0.469968,0.783409,0.000000
2019-12-08 01:00:00,1281.341675,0.517372,0.741406,0.000000
2019-12-08 02:00:00,1253.564453,0.579779,0.655369,0.000000
2019-12-08 03:00:00,1262.021118,0.683188,0.679860,0.000000
2019-12-08 04:00:00,1295.483643,0.742372,0.670008,0.000000
2019-12-08 05:00:00,1367.835815,0.780441,0.704874,0.000000
2019-12-08 06:00:00,1443.400269,0.800526,0.727834,0.000000
2019-12-08 07:00:00,1578.314819,0.839465,0.751843,0.000000
2019-12-08 08:00:00,1707.234741,0.949878,0.992140,0.003802
2019-12-08 09:00:00,1804.201782,0.967876,0.990270,0.011407
2019-12-08 10:00:00,1839.559814,0.970936,0.986774,0.011407
2019-12-08 11:00:00,1849.500610,0.964099,0.991387,0.019011
2019-12-08 12:00:00,1819.097046,0.948314,0.993799,0.019011
2019-12-08 13:00:00,1808.407471,0.919228,0.988171,0.015209
2019-12-08 14:00:00,1798.748169,0.868481,0.983402,0.003802
2019-12-08 15:00:00,1889.691040,0.860321,0.930828,0.000000
2019-12-08 16:00:00,2000.005371,0.828566,0.970829,0.000000
2019-12-08 17:00:00,1974.297485,0.827090,0.952781,0.000000
2019-12-08 18:00:00,1864.170776,0.840347,0.958758,0.000000
2019-12-08 19:00:00,1770.001221,0.844236,0.961490,0.000000
2019-12-08 20:00:00,1659.996460,0.790934,0.949090,0.000000
2019-12-08 21:00:00,1538.475708,0.810829,0.964119,0.000000
2019-12-08 22:00:00,1404.505859,0.807357,0.974780,0.000000
2019-12-08 23:00:00,1323.537109,0.796364,0.608037,0.000000
2019-12-09 00:00:00,1272.726074,0.737472,0.580014,0.000000
2019-12-09 01:00:00,1242.004028,0.735497,0.574987,0.000000
2019-12-09 02:00:00,1252.403931,0.741776,0.586286,0.000000
2019-12-09 03:00:00,1295.707275,0.801764,0.586544,0.000000
2019-12-09 04:00:00,1389.348389,0.825753,0.935772,0.000000
2019-12-09 05:00:00,1638.325684,0.806920,0.946340,0.000000
2019-12-09 06:00:00,1892.572266,0.808593,0.951585,0.000000
2019-12-09 07:00:00,2006.844604,0.836566,0.936575,0.003802
2019-12-09 08:00:00,2066.294922,0.852003,0.956860,0.045627
2019-12-09 09:00:00,2081.389648,0.863936,0.964720,0.072243
2019-12-09 10:00:00,2033.178589,0.865264,0.968387,0.076046
2019-12-09 11:00:00,2015.135376,0.862245,0.939822,0.087452
2019-12-09 12:00:00,2013.079590,0.814284,0.912294,0.060837
2019-12-09 13:00:00,1989.052856,0.738458,0.876873,0.030418
2019-12-09 14:00:00,1978.259033,0.632992,0.825735,0.007605
2019-12-09 15:00:00,2089.398682,0.590809,0.683003,0.000000
2019-12-09 16:00:00,2262.284912,0.644743,0.658021,0.000000
2019-12-09 17:00:00,2151.302246,0.740635,0.918274,0.000000
2019-12-09 18:00:00,2028.797485,0.842682,0.960716,0.000000
2019-12-09 19:00:00,1897.868896,0.899181,0.976889,0.000000
2019-12-09 20:00:00,1771.490967,0.892742,0.979233,0.000000
2019-12-09 21:00:00,1618.609375,0.843409,0.960778,0.000000
2019-12-09 22:00:00,1479.524292,0.814496,0.937927,0.000000
2019-12-09 23:00:00,1388.733887,0.802921,0.970575,0.000000
2019-12-10 00:00:00,1348.876099,0.748976,0.927766,0.000000
2019-12-10 01:00:00,1307.328491,0.641045,0.714959,0.000000
2019-12-10 02:00:00,1314.739990,0.535286,0.739271,0.000000
2019-12-10 03:00:00,1353.863403,0.439446,0.579595,0.000000
2019-12-10 04:00:00,1438.640381,0.269448,0.429291,0.000000
2019-12-10 05:00:00,1691.578247,0.177193,0.369494,0.000000
2019-12-10 06:00:00,1953.426392,0.130090,0.255792,0.000000
2019-12-10 07:00:00,2047.609619,0.061576,0.106341,0.015209
2019-12-10 08:00:00,2053.566895,0.038128,0.052933,0.106464
2019-12-10 09:00:00,2033.617798,0.051777,0.031768,0.228137
2019-12-10 10:00:00,1994.174438,0.077521,0.123829,0.296578
2019-12-10 11:00:00,1950.888916,0.093069,0.142573,0.292776
2019-12-10 12:00:00,1945.261230,0.143782,0.171544,0.205323
2019-12-10 13:00:00,1941.312988,0.176151,0.266238,0.083650
2019-12-10 14:00:00,1957.314087,0.257713,0.380894,0.007605
2019-12-10 15:00:00,2093.028320,0.382870,0.598191,0.000000
2019-12-10 16:00:00,2208.936035,0.506151,0.793653,0.000000
2019-12-10 17:00:00,2162.274414,0.606473,0.915647,0.000000
2019-12-10 18:00:00,2041.337646,0.712563,0.962887,0.000000
2019-12-10 19:00:00,1911.600586,0.802067,0.974233,0.000000
2019-12-10 20:00:00,1791.560181,0.862328,0.974083,0.000000
2019-12-10 21:00:00,1646.595459,0.874620,0.974666,0.000000
2019-12-10 22:00:00,1503.805664,0.882929,0.975020,0.000000
2019-12-10 23:00:00,1410.791748,0.906838,0.976519,0.000000
2019-12-11 00:00:00,1374.085205,0.914202,0.975024,0.000000
2019-12-11 01:00:00,1348.126099,0.909117,0.981614,0.000000
2019-12-11 02:00:00,1349.386475,0.912754,0.985123,0.000000
2019-12-11 03:00:00,1371.868652,0.897976,0.962555,0.000000
2019-12-11 04:00:00,1465.291992,0.867856,0.963727,0.000000
2019-12-11 05:00:00,1699.552246,0.843747,0.981728,0.000000
2019-12-11 06:00:00,1980.697510,0.763880,0.975997,0.000000
2019-12-11 07:00:00,2078.337891,0.666841,0.948579,0.000000
2019-12-11 08:00:00,2103.522461,0.570479,0.902276,0.007605
2019-12-11 09:00:00,2107.895996,0.452831,0.819759,0.015209
2019-12-11 10:00:00,2056.023926,0.338497,0.692268,0.022814
2019-12-11 11:00:00,2030.944336,0.251396,0.470404,0.030418
2019-12-11 12:00:00,2026.604126,0.197457,0.363383,0.019011
2019-12-11 13:00:00,2009.582886,0.147879,0.277190,0.007605
2019-12-11 14:00:00,2018.786255,0.102075,0.258467,0.000000
2019-12-11 15:00:00,2104.505859,0.092937,0.258066,0.000000
2019-12-11 16:00:00,2189.857178,0.084376,0.224430,0.000000
2019-12-11 17:00:00,2123.542969,0.070097,0.158732,0.000000
2019-12-11 18:00:00,1996.652100,0.063056,0.157500,0.000000
2019-12-11 19:00:00,1854.520142,0.055032,0.142364,0.000000
2019-12-11 20:00:00,1722.949463,0.040912,0.124878,0.000000
2019-12-11 21:00:00,1570.240479,0.034891,0.102375,0.000000
2019-12-11 22:00:00,1432.589111,0.029353,0.096008,0.000000
2019-12-11 23:00:00,1340.080200,0.032206,0.099003,0.000000
2019-12-12 00:00:00,1282.269409,0.033498,0.088018,0.000000
2019-12-12 01:00:00,1258.859619,0.029626,0.080493,0.000000
2019-12-12 02:00:00,1249.828369,0.038535,0.082695,0.000000
2019-12-12 03:00:00,1276.976929,0.040363,0.054381,0.000000
2019-12-12 04:00:00,1377.795898,0.030122,0.056875,0.000000
2019-12-12 05:00:00,1638.217529,0.061185,0.084578,0.000000
2019-12-12 06:00:00,1898.244141,0.102346,0.231648,0.000000
2019-12-12 07:00:00,1990.120239,0.141047,0.283897,0.003802
2019-12-12 08:00:00,1998.601074,0.134665,0.242390,0.022814
2019-12-12 09:00:00,2006.879272,0.127953,0.189497,0.095057
2019-12-12 10:00:00,1999.850708,0.168726,0.354259,0.117871
2019-12-12 11:00:00,1965.692627,0.228493,0.495581,0.076046
2019-12-12 12:00:00,1965.731934,0.254438,0.566301,0.045627
2019-12-12 13:00:00,1961.385498,0.269526,0.601886,0.015209
2019-12-12 14:00:00,1983.337402,0.310839,0.700754,0.000000
2019-12-12 15:00:00,2070.255615,0.314124,0.683061,0.000000
2019-12-12 16:00:00,2149.562500,0.332081,0.664026,0.000000
2019-12-12 17:00:00,2094.167236,0.363001,0.723990,0.000000
2019-12-12 18:00:00,1969.638550,0.316163,0.719501,0.000000
2019-12-12 19:00:00,1838.414185,0.329829,0.644195,0.000000
2019-12-12 20:00:00,1705.397583,0.317013,0.491026,0.000000
2019-12-12 21:00:00,1560.379028,0.278433,0.507851,0.000000
2019-12-12 22:00:00,1429.180908,0.282931,0.489867,0.000000
2019-12-12 23:00:00,1343.875000,0.333779,0.712857,0.000000
2019-12-13 00:00:00,1292.193481,0.387065,0.864627,0.000000
2019-12-13 01:00:00,1277.192749,0.482760,0.854928,0.000000
2019-12-13 02:00:00,1284.329468,0.552824,0.947957,0.000000
2019-12-13 03:00:00,1315.498047,0.605860,0.946828,0.000000
2019-12-13 04:00:00,1421.089478,0.643964,0.955358,0.000000
2019-12-13 05:00:00,1671.808105,0.648675,0.939428,0.000000
2019-12-13 06:00:00,1949.028320,0.594256,0.907586,0.000000
2019-12-13 07:00:00,2038.883301,0.549328,0.907432,0.003802
2019-12-13 08:00:00,2014.020630,0.563343,0.906754,0.045627
2019-12-13 09:00:00,2017.978271,0.519855,0.883452,0.098859
2019-12-13 10:00:00,2024.659180,0.529697,0.926938,0.144487
2019-12-13 11:00:00,1982.345947,0.529182,0.883116,0.159696
2019-12-13 12:00:00,1951.121826,0.469419,0.744976,0.121673
2019-12-13 13:00:00,1918.784302,0.360408,0.439326,0.053232
2019-12-13 14:00:00,1943.784302,0.399156,0.373620,0.003802
2019-12-13 15:00:00,2048.011963,0.445951,0.412352,0.000000
2019-12-13 16:00:00,2116.684570,0.445889,0.389347,0.000000
2019-12-13 17:00:00,2048.893555,0.362639,0.319819,0.000000
2019-12-13 18:00:00,1931.268799,0.287477,0.250852,0.000000
2019-12-13 19:00:00,1794.812744,0.176498,0.135898,0.000000
2019-12-13 20:00:00,1679.315552,0.115324,0.064577,0.000000
2019-12-13 21:00:00,1572.650513,0.103104,0.132452,0.000000
2019-12-13 22:00:00,1469.644653,0.117729,0.105941,0.000000
2019-12-13 23:00:00,1372.098389,0.099914,0.080455,0.000000
2019-12-14 00:00:00,1316.711792,0.098357,0.111767,0.000000
2019-12-14 01:00:00,1275.359497,0.105568,0.103094,0.000000
2019-12-14 02:00:00,1259.386475,0.113975,0.139481,0.000000
2019-12-14 03:00:00,1258.125122,0.148342,0.185359,0.000000
2019-12-14 04:00:00,1287.662964,0.158859,0.223811,0.000000
2019-12-14 05:00:00,1358.404907,0.163167,0.255992,0.000000
2019-12-14 06:00:00,1484.065430,0.185574,0.298195,0.000000
2019-12-14 07:00:00,1630.454468,0.226299,0.346386,0.000000
2019-12-14 08:00:00,1745.364258,0.292920,0.459580,0.007605
2019-12-14 09:00:00,1826.251221,0.363441,0.485176,0.019011
2019-12-14 10:00:00,1849.542480,0.422367,0.459407,0.026616
2019-12-14 11:00:00,1838.037842,0.485806,0.458015,0.026616
2019-12-14 12:00:00,1827.846191,0.596997,0.526804,0.019011
2019-12-14 13:00:00,1818.822998,0.645872,0.540554,0.007605
2019-12-14 14:00:00,1843.857300,0.646335,0.553437,0.000000
2019-12-14 15:00:00,1927.078613,0.689626,0.561730,0.000000
2019-12-14 16:00:00,2001.240723,0.753855,0.572907,0.000000
2019-12-14 17:00:00,1961.637451,0.826458,0.585621,0.000000
2019-12-14 18:00:00,1855.346313,0.795071,0.592160,0.000000
2019-12-14 19:00:00,1749.448853,0.840135,0.592545,0.000000
2019-12-14 20:00:00,1656.993896,0.856943,0.586652,0.000000
2019-12-14 21:00:00,1568.385254,0.869033,0.597857,0.000000
2019-12-14 22:00:00,1480.591431,0.853172,0.598964,0.000000
2019-12-14 23:00:00,1435.423828,0.855668,0.594535,0.000000
2019-12-15 00:00:00,1378.850464,0.799526,0.591214,0.000000
2019-12-15 01:00:00,1330.991211,0.738090,0.588511,0.000000
2019-12-15 02:00:00,1290.201904,0.729386,0.577190,0.000000
2019-12-15 03:00:00,1271.351440,0.667738,0.573556,0.000000
2019-12-15 04:00:00,1287.687012,0.598744,0.568672,0.000000
2019-12-15 05:00:00,1361.653320,0.590223,0.550748,0.000000
2019-12-15 06:00:00,1461.452148,0.591692,0.548982,0.000000
2019-12-15 07:00:00,1587.497437,0.589364,0.561417,0.000000
2019-12-15 08:00:00,1718.786499,0.699837,0.552632,0.007605
2019-12-15 09:00:00,1808.626953,0.845722,0.586429,0.011407
2019-12-15 10:00:00,1869.855469,0.877974,0.595971,0.038023
2019-12-15 11:00:00,1865.401978,0.882975,0.597030,0.064639
2019-12-15 12:00:00,1839.282959,0.913701,0.558934,0.095057
2019-12-15 13:00:00,1807.908447,0.888140,0.546324,0.045627
2019-12-15 14:00:00,1832.992676,0.788647,0.491958,0.003802
2019-12-15 15:00:00,1939.538574,0.762445,0.358785,0.000000
2019-12-15 16:00:00,2050.747803,0.883032,0.521317,0.000000
2019-12-15 17:00:00,2028.129639,0.902170,0.611356,0.000000
2019-12-15 18:00:00,1914.043213,0.892676,0.610835,0.000000
2019-12-15 19:00:00,1794.986938,0.841474,0.610913,0.000000
2019-12-15 20:00:00,1677.935547,0.771859,0.601641,0.000000
2019-12-15 21:00:00,1544.078857,0.752347,0.596784,0.000000
2019-12-15 22:00:00,1439.371948,0.702172,0.586727,0.000000
2019-12-15 23:00:00,1331.302002,0.641677,0.565136,0.000000
2019-12-16 00:00:00,1274.285034,0.607593,0.540639,0.000000
2019-12-16 01:00:00,1248.192017,0.595867,0.527437,0.000000
2019-12-16 02:00:00,1248.392212,0.574777,0.338729,0.000000
2019-12-16 03:00:00,1275.862671,0.519389,0.222757,0.000000
2019-12-16 04:00:00,1377.450684,0.461226,0.367720,0.000000
2019-12-16 05:00:00,1626.605347,0.398788,0.516504,0.000000
2019-12-16 06:00:00,1912.021484,0.496199,0.529625,0.000000
2019-12-16 07:00:00,2034.934326,0.576999,0.529508,0.000000
2019-12-16 08:00:00,2038.977905,0.601040,0.548940,0.019011
2019-12-16 09:00:00,2064.292480,0.605334,0.524322,0.053232
2019-12-16 10:00:00,2060.347168,0.625266,0.523737,0.102662
2019-12-16 11:00:00,1988.281494,0.622007,0.519717,0.095057
2019-12-16 12:00:00,1979.496704,0.546696,0.517251,0.060837
2019-12-16 13:00:00,1958.600342,0.506800,0.528888,0.026616
2019-12-16 14:00:00,1974.256592,0.449990,0.499469,0.003802
2019-12-16 15:00:00,2074.779785,0.403745,0.505274,0.000000
2019-12-16 16:00:00,2169.534424,0.387152,0.491883,0.000000
2019-12-16 17:00:00,2105.439209,0.328633,0.364875,0.000000
2019-12-16 18:00:00,2015.688232,0.343807,0.271942,0.000000
2019-12-16 19:00:00,1821.221680,0.327112,0.189893,0.000000
2019-12-16 20:00:00,1693.373413,0.238887,0.189627,0.000000
2019-12-16 21:00:00,1526.490601,0.156764,0.245100,0.000000
2019-12-16 22:00:00,1391.304077,0.119394,0.165760,0.000000
2019-12-16 23:00:00,1302.928101,0.084382,0.115006,0.000000
2019-12-17 00:00:00,1242.638306,0.066638,0.059189,0.000000
2019-12-17 01:00:00,1222.430298,0.042810,0.014103,0.000000
2019-12-17 02:00:00,1220.916870,0.029974,0.025106,0.000000
2019-12-17 03:00:00,1251.204956,0.028106,0.050073,0.000000
2019-12-17 04:00:00,1359.906250,0.028681,0.045400,0.000000
2019-12-17 05:00:00,1614.362305,0.043267,0.046466,0.000000
2019-12-17 06:00:00,1866.161377,0.091147,0.069064,0.000000
2019-12-17 07:00:00,1957.415283,0.105860,0.051845,0.000000
2019-12-17 08:00:00,1977.615234,0.150842,0.091798,0.011407
2019-12-17 09:00:00,1985.535522,0.159139,0.131133,0.030418
2019-12-17 10:00:00,1967.351807,0.170304,0.185601,0.049430
2019-12-17 11:00:00,1967.853760,0.177820,0.263365,0.049430
2019-12-17 12:00:00,1955.462402,0.180209,0.313210,0.057034
2019-12-17 13:00:00,1926.493286,0.250352,0.420301,0.026616
2019-12-17 14:00:00,1949.313843,0.362836,0.435071,0.003802
2019-12-17 15:00:00,2038.319336,0.462469,0.513697,0.000000
2019-12-17 16:00:00,2129.708984,0.539610,0.547465,0.000000
2019-12-17 17:00:00,2106.136475,0.605501,0.584032,0.000000
2019-12-17 18:00:00,1949.553223,0.670594,0.579449,0.000000
2019-12-17 19:00:00,1825.450806,0.704658,0.580760,0.000000
2019-12-17 20:00:00,1697.928589,0.692521,0.578572,0.000000
2019-12-17 21:00:00,1538.091431,0.647101,0.545776,0.000000
2019-12-17 22:00:00,1403.029541,0.660504,0.537963,0.000000
2019-12-17 23:00:00,1309.182251,0.694286,0.566950,0.000000
2019-12-18 00:00:00,1243.158569,0.718470,0.568934,0.000000
2019-12-18 01:00:00,1261.294922,0.750809,0.573773,0.000000
2019-12-18 02:00:00,1292.742554,0.865236,0.589781,0.000000
2019-12-18 03:00:00,1293.052368,0.913327,0.595905,0.000000
2019-12-18 04:00:00,1384.816895,0.862217,0.591679,0.000000
2019-12-18 05:00:00,1664.413940,0.765105,0.587310,0.000000
2019-12-18 06:00:00,1909.957397,0.686364,0.555744,0.000000
2019-12-18 07:00:00,2002.109375,0.634152,0.528818,0.003802
2019-12-18 08:00:00,1971.685181,0.594056,0.478103,0.060837
2019-12-18 09:00:00,2002.171387,0.596272,0.475609,0.155894
2019-12-18 10:00:00,1965.658569,0.619074,0.480598,0.209125
2019-12-18 11:00:00,1960.390747,0.614980,0.474271,0.220532
2019-12-18 12:00:00,1903.249146,0.580032,0.461713,0.136882
2019-12-18 13:00:00,1891.849487,0.471255,0.410440,0.068441
2019-12-18 14:00:00,1907.941895,0.462344,0.417813,0.011407
2019-12-18 15:00:00,2034.298828,0.490181,0.396507,0.000000
2019-12-18 16:00:00,2141.670654,0.459183,0.279235,0.000000
2019-12-18 17:00:00,2090.611328,0.382225,0.207045,0.000000
2019-12-18 18:00:00,1962.127930,0.234042,0.107635,0.000000
2019-12-18 19:00:00,1827.520874,0.159077,0.150546,0.000000
2019-12-18 20:00:00,1688.543335,0.227042,0.216696,0.000000
2019-12-18 21:00:00,1548.797852,0.215941,0.157142,0.000000
2019-12-18 22:00:00,1419.159912,0.132273,0.076122,0.000000
2019-12-18 23:00:00,1337.565674,0.105503,0.061759,0.000000
2019-12-19 00:00:00,1284.249146,0.110939,0.088186,0.000000
2019-12-19 01:00:00,1298.100342,0.140072,0.105700,0.000000
2019-12-19 02:00:00,1261.574463,0.186901,0.171602,0.000000
2019-12-19 03:00:00,1285.981445,0.248565,0.255705,0.000000
2019-12-19 04:00:00,1390.800537,0.334830,0.331569,0.000000
2019-12-19 05:00:00,1636.994019,0.424490,0.438006,0.000000
2019-12-19 06:00:00,1871.155273,0.514074,0.509477,0.000000
2019-12-19 07:00:00,1996.822998,0.559114,0.508309,0.003802
2019-12-19 08:00:00,2003.406372,0.581424,0.480156,0.038023
2019-12-19 09:00:00,1964.622437,0.580082,0.383300,0.125475
2019-12-19 10:00:00,1945.232788,0.531056,0.303691,0.174905
2019-12-19 11:00:00,1923.600220,0.463538,0.313200,0.201521
2019-12-19 12:00:00,1905.331909,0.448422,0.276952,0.159696
2019-12-19 13:00:00,1891.340942,0.436972,0.267772,0.068441
2019-12-19 14:00:00,1913.975098,0.455294,0.257390,0.011407
2019-12-19 15:00:00,2025.549561,0.454455,0.387420,0.000000
2019-12-19 16:00:00,2117.108154,0.459239,0.429541,0.000000
2019-12-19 17:00:00,2068.510986,0.471353,0.491879,0.000000
2019-12-19 18:00:00,1943.044800,0.486277,0.525825,0.000000
2019-12-19 19:00:00,1822.160889,0.483389,0.533361,0.000000
2019-12-19 20:00:00,1694.355713,0.476578,0.344043,0.000000
2019-12-19 21:00:00,1541.268311,0.450170,0.213107,0.000000
2019-12-19 22:00:00,1414.418945,0.467978,0.259459,0.000000
2019-12-19 23:00:00,1336.433350,0.500797,0.411650,0.000000
2019-12-20 00:00:00,1269.863770,0.367412,0.299641,0.000000
2019-12-20 01:00:00,1241.525879,0.351103,0.263410,0.000000
2019-12-20 02:00:00,1239.880005,0.290227,0.159712,0.000000
2019-12-20 03:00:00,1259.130737,0.255332,0.154251,0.000000
2019-12-20 04:00:00,1361.078979,0.331031,0.174127,0.000000
2019-12-20 05:00:00,1599.004761,0.332493,0.188617,0.000000
2019-12-20 06:00:00,1830.769531,0.319236,0.187736,0.000000
2019-12-20 07:00:00,1923.097168,0.326321,0.204751,0.000000
2019-12-20 08:00:00,1942.284424,0.337395,0.234253,0.007605
2019-12-20 09:00:00,1967.571045,0.299300,0.162533,0.022814
2019-12-20 10:00:00,1948.342896,0.236123,0.165603,0.038023
2019-12-20 11:00:00,1919.631226,0.238832,0.175952,0.049430
2019-12-20 12:00:00,1907.049194,0.374449,0.294708,0.038023
2019-12-20 13:00:00,1888.200562,0.439358,0.309566,0.015209
2019-12-20 14:00:00,1903.833008,0.447035,0.327208,0.000000
2019-12-20 15:00:00,1988.461792,0.461363,0.237733,0.000000
2019-12-20 16:00:00,2047.584473,0.449871,0.258411,0.000000
2019-12-20 17:00:00,1990.256104,0.420858,0.224183,0.000000
2019-12-20 18:00:00,1866.767090,0.383096,0.193686,0.000000
2019-12-20 19:00:00,1737.992065,0.339139,0.244452,0.000000
2019-12-20 20:00:00,1630.817139,0.332086,0.477150,0.000000
2019-12-20 21:00:00,1511.883911,0.339777,0.408376,0.000000
2019-12-20 22:00:00,1406.643066,0.317447,0.336929,0.000000
2019-12-20 23:00:00,1317.353516,0.340567,0.372358,0.000000
2019-12-21 00:00:00,1249.054932,0.269208,0.264981,0.000000
2019-12-21 01:00:00,1212.561890,0.227169,0.239703,0.000000
2019-12-21 02:00:00,1193.575806,0.238150,0.164928,0.000000
2019-12-21 03:00:00,1202.306030,0.284164,0.202314,0.000000
2019-12-21 04:00:00,1218.972656,0.276139,0.207937,0.000000
2019-12-21 05:00:00,1285.344360,0.346546,0.241599,0.000000
2019-12-21 06:00:00,1403.402344,0.358109,0.272153,0.000000
2019-12-21 07:00:00,1539.187500,0.373206,0.280646,0.000000
2019-12-21 08:00:00,1622.319336,0.282845,0.212814,0.019011
2019-12-21 09:00:00,1685.857178,0.203658,0.168731,0.060837
2019-12-21 10:00:00,1701.348389,0.205168,0.161905,0.095057
2019-12-21 11:00:00,1687.607056,0.211314,0.152686,0.102662
2019-12-21 12:00:00,1683.599854,0.160603,0.067765,0.121673
2019-12-21 13:00:00,1656.513672,0.100399,0.110819,0.068441
2019-12-21 14:00:00,1668.197021,0.108694,0.109716,0.007605
2019-12-21 15:00:00,1800.452148,0.092439,0.120405,0.000000
2019-12-21 16:00:00,1902.241333,0.131087,0.157306,0.000000
2019-12-21 17:00:00,1880.177490,0.202640,0.276829,0.000000
2019-12-21 18:00:00,1771.599487,0.233360,0.285096,0.000000
2019-12-21 19:00:00,1673.195068,0.214693,0.153640,0.000000
2019-12-21 20:00:00,1576.261719,0.157350,0.103082,0.000000
2019-12-21 21:00:00,1473.944702,0.123280,0.086573,0.000000
2019-12-21 22:00:00,1378.253296,0.145765,0.177680,0.000000
2019-12-21 23:00:00,1292.024780,0.209406,0.240354,0.000000
2019-12-22 00:00:00,1248.536743,0.193364,0.179247,0.000000
2019-12-22 01:00:00,1219.727905,0.177595,0.099741,0.000000
2019-12-22 02:00:00,1204.044067,0.172899,0.175488,0.000000
2019-12-22 03:00:00,1201.662720,0.182447,0.186644,0.000000
2019-12-22 04:00:00,1218.500000,0.146242,0.145171,0.000000
2019-12-22 05:00:00,1284.314209,0.167636,0.194972,0.000000
2019-12-22 06:00:00,1383.678345,0.191053,0.203314,0.000000
2019-12-22 07:00:00,1513.380737,0.226217,0.258828,0.000000
2019-12-22 08:00:00,1613.864136,0.257210,0.270163,0.015209
2019-12-22 09:00:00,1696.907471,0.270078,0.284517,0.038023
2019-12-22 10:00:00,1721.826050,0.249177,0.302593,0.038023
2019-12-22 11:00:00,1732.847046,0.241912,0.279867,0.041825
2019-12-22 12:00:00,1712.548218,0.260776,0.258860,0.026616
2019-12-22 13:00:00,1721.340454,0.306548,0.282611,0.011407
2019-12-22 14:00:00,1742.078125,0.326812,0.332519,0.000000
2019-12-22 15:00:00,1823.708618,0.314941,0.354233,0.000000
2019-12-22 16:00:00,1915.490723,0.310873,0.374272,0.000000
2019-12-22 17:00:00,1884.725220,0.292850,0.342835,0.000000
2019-12-22 18:00:00,1781.762451,0.297070,0.329157,0.000000
2019-12-22 19:00:00,1685.486084,0.302951,0.302097,0.000000
2019-12-22 20:00:00,1585.752930,0.264683,0.241320,0.000000
2019-12-22 21:00:00,1477.668091,0.253757,0.207442,0.000000
2019-12-22 22:00:00,1375.932617,0.227820,0.169704,0.000000
2019-12-22 23:00:00,1287.043579,0.218537,0.158019,0.000000
2019-12-23 00:00:00,1220.289307,0.199168,0.141428,0.000000
2019-12-23 01:00:00,1187.684448,0.180938,0.124249,0.000000
2019-12-23 02:00:00,1185.711670,0.158557,0.125248,0.000000
2019-12-23 03:00:00,1205.109375,0.129580,0.123043,0.000000
2019-12-23 04:00:00,1261.481201,0.113778,0.111926,0.000000
2019-12-23 05:00:00,1408.904785,0.108401,0.134684,0.000000
2019-12-23 06:00:00,1584.810181,0.094877,0.132262,0.000000
2019-12-23 07:00:00,1741.522827,0.116617,0.197544,0.000000
2019-12-23 08:00:00,1830.641113,0.204891,0.358026,0.003802
2019-12-23 09:00:00,1887.315552,0.287831,0.430949,0.015209
2019-12-23 10:00:00,1898.935425,0.317733,0.441536,0.022814
2019-12-23 11:00:00,1896.201660,0.336187,0.429541,0.026616
2019-12-23 12:00:00,1881.681274,0.348876,0.343843,0.022814
2019-12-23 13:00:00,1876.247925,0.446337,0.454057,0.015209
2019-12-23 14:00:00,1881.394043,0.497216,0.439319,0.003802
2019-12-23 15:00:00,1940.258545,0.539680,0.437233,0.000000
2019-12-23 16:00:00,1982.367676,0.527966,0.493888,0.000000
2019-12-23 17:00:00,1921.856812,0.494825,0.460494,0.000000
2019-12-23 18:00:00,1811.583374,0.453475,0.418897,0.000000
2019-12-23 19:00:00,1699.160034,0.372320,0.384523,0.000000
2019-12-23 20:00:00,1596.941772,0.391190,0.309105,0.000000
2019-12-23 21:00:00,1487.782349,0.399420,0.318921,0.000000
2019-12-23 22:00:00,1372.944092,0.345803,0.308392,0.000000
2019-12-23 23:00:00,1269.371582,0.342962,0.330945,0.000000
2019-12-24 00:00:00,1198.278809,0.322649,0.311149,0.000000
2019-12-24 01:00:00,1170.255127,0.343012,0.387394,0.000000
2019-12-24 02:00:00,1176.623047,0.359095,0.434313,0.000000
2019-12-24 03:00:00,1175.939575,0.352017,0.369874,0.000000
2019-12-24 04:00:00,1183.951782,0.312524,0.260894,0.000000
2019-12-24 05:00:00,1246.664795,0.331490,0.211260,0.000000
2019-12-24 06:00:00,1361.593018,0.378375,0.271024,0.000000
2019-12-24 07:00:00,1505.220337,0.366357,0.359061,0.000000
2019-12-24 08:00:00,1615.902954,0.397333,0.348000,0.011407
2019-12-24 09:00:00,1687.478760,0.360515,0.303403,0.034221
2019-12-24 10:00:00,1724.527588,0.346453,0.308240,0.072243
2019-12-24 11:00:00,1720.287842,0.304201,0.201900,0.079848
2019-12-24 12:00:00,1714.511475,0.198991,0.158087,0.068441
2019-12-24 13:00:00,1733.923584,0.130571,0.130416,0.034221
2019-12-24 14:00:00,1803.333252,0.085786,0.067079,0.003802
2019-12-24 15:00:00,1931.780762,0.065921,0.056383,0.000000
2019-12-24 16:00:00,1993.543945,0.065806,0.054079,0.000000
2019-12-24 17:00:00,1723.088013,0.053272,0.045556,0.000000
2019-12-24 18:00:00,1551.505859,0.025230,0.034072,0.000000
2019-12-24 19:00:00,1501.986206,0.008271,0.012630,0.000000
2019-12-24 20:00:00,1431.120361,0.006052,0.007183,0.000000
2019-12-24 21:00:00,1378.091553,0.006240,0.004359,0.000000
2019-12-24 22:00:00,1363.617920,0.008077,0.003301,0.000000
2019-12-24 23:00:00,1332.791626,0.005576,0.002782,0.000000
2019-12-25 00:00:00,1248.800293,0.005668,0.002858,0.000000
2019-12-25 01:00:00,1182.118896,0.003619,0.003447,0.000000
2019-12-25 02:00:00,1155.199707,0.003182,0.002261,0.000000
2019-12-25 03:00:00,1172.442139,0.007624,0.000480,0.000000
2019-12-25 04:00:00,1182.479858,0.011588,0.000059,0.000000
2019-12-25 05:00:00,1219.152466,0.014700,0.001868,0.000000
2019-12-25 06:00:00,1283.780273,0.024404,0.014677,0.000000
2019-12-25 07:00:00,1375.422485,0.029713,0.020220,0.000000
2019-12-25 08:00:00,1483.742920,0.028377,0.029620,0.007605
2019-12-25 09:00:00,1569.604614,0.033904,0.036231,0.034221
2019-12-25 10:00:00,1612.734619,0.045851,0.053774,0.057034
2019-12-25 11:00:00,1620.584961,0.060158,0.067612,0.049430
2019-12-25 12:00:00,1605.614258,0.087644,0.072330,0.038023
2019-12-25 13:00:00,1592.070801,0.142543,0.094343,0.019011
2019-12-25 14:00:00,1603.319336,0.169987,0.134642,0.003802
2019-12-25 15:00:00,1685.494141,0.121396,0.154929,0.000000
2019-12-25 16:00:00,1728.977539,0.090092,0.153161,0.000000
2019-12-25 17:00:00,1707.325073,0.121334,0.110273,0.000000
2019-12-25 18:00:00,1640.328613,0.165673,0.175405,0.000000
2019-12-25 19:00:00,1569.110718,0.188486,0.245085,0.000000
2019-12-25 20:00:00,1492.810303,0.194224,0.275021,0.000000
2019-12-25 21:00:00,1412.558838,0.222362,0.302250,0.000000
2019-12-25 22:00:00,1342.585083,0.237399,0.236534,0.000000
2019-12-25 23:00:00,1258.199829,0.257822,0.289979,0.000000
2019-12-26 00:00:00,1216.112427,0.274667,0.411510,0.000000
2019-12-26 01:00:00,1164.889648,0.215299,0.327904,0.000000
2019-12-26 02:00:00,1153.843628,0.209921,0.311909,0.000000
2019-12-26 03:00:00,1172.290161,0.177567,0.248418,0.000000
2019-12-26 04:00:00,1188.311523,0.164263,0.207136,0.000000
2019-12-26 05:00:00,1252.955688,0.185631,0.275045,0.000000
2019-12-26 06:00:00,1327.114868,0.135651,0.248528,0.000000
2019-12-26 07:00:00,1438.617188,0.107087,0.121655,0.000000
2019-12-26 08:00:00,1553.865234,0.088949,0.110879,0.019011
2019-12-26 09:00:00,1641.197021,0.056742,0.136969,0.053232
2019-12-26 10:00:00,1687.215210,0.040671,0.096723,0.064639
2019-12-26 11:00:00,1681.526367,0.045395,0.083077,0.060837
2019-12-26 12:00:00,1639.003418,0.043290,0.115001,0.045627
2019-12-26 13:00:00,1607.234009,0.041650,0.046721,0.022814
2019-12-26 14:00:00,1612.896729,0.048951,0.033147,0.003802
2019-12-26 15:00:00,1684.561157,0.065138,0.040887,0.000000
2019-12-26 16:00:00,1723.392944,0.069095,0.054606,0.000000
2019-12-26 17:00:00,1709.154053,0.052724,0.050352,0.000000
2019-12-26 18:00:00,1663.666626,0.046338,0.060499,0.000000
2019-12-26 19:00:00,1609.481567,0.052375,0.041311,0.000000
2019-12-26 20:00:00,1547.949829,0.068317,0.036227,0.000000
2019-12-26 21:00:00,1461.796509,0.077695,0.020703,0.000000
2019-12-26 22:00:00,1382.959839,0.067193,0.040695,0.000000
2019-12-26 23:00:00,1314.098145,0.061377,0.036945,0.000000
2019-12-27 00:00:00,1254.269531,0.064260,0.050978,0.000000
2019-12-27 01:00:00,1241.544067,0.065753,0.086671,0.000000
2019-12-27 02:00:00,1233.801392,0.076294,0.057876,0.000000
2019-12-27 03:00:00,1260.585205,0.090244,0.094187,0.000000
2019-12-27 04:00:00,1286.944214,0.098680,0.054012,0.000000
2019-12-27 05:00:00,1411.642700,0.113296,0.064000,0.000000
2019-12-27 06:00:00,1544.133179,0.125513,0.070369,0.000000
2019-12-27 07:00:00,1671.480469,0.124208,0.152582,0.003802
2019-12-27 08:00:00,1760.180176,0.130450,0.189134,0.057034
2019-12-27 09:00:00,1818.401367,0.114609,0.121320,0.152091
2019-12-27 10:00:00,1819.298706,0.119099,0.139687,0.182510
2019-12-27 11:00:00,1799.460327,0.090571,0.122033,0.216730
2019-12-27 12:00:00,1781.827637,0.079447,0.093045,0.171103
2019-12-27 13:00:00,1764.099731,0.067158,0.106020,0.083650
2019-12-27 14:00:00,1787.594971,0.047848,0.086788,0.011407
2019-12-27 15:00:00,1900.943481,0.056066,0.067348,0.000000
2019-12-27 16:00:00,1994.359863,0.056455,0.072488,0.000000
2019-12-27 17:00:00,1961.926392,0.047601,0.055248,0.000000
2019-12-27 18:00:00,1853.784790,0.044012,0.055884,0.000000
2019-12-27 19:00:00,1741.147827,0.059783,0.086425,0.000000
2019-12-27 20:00:00,1646.350464,0.076724,0.122481,0.000000
2019-12-27 21:00:00,1564.572998,0.056558,0.115244,0.000000
2019-12-27 22:00:00,1477.725952,0.031459,0.062273,0.000000
2019-12-27 23:00:00,1398.755249,0.019933,0.029109,0.000000
2019-12-28 00:00:00,1342.191040,0.014114,0.024293,0.000000
2019-12-28 01:00:00,1327.697266,0.007273,0.019265,0.000000
2019-12-28 02:00:00,1302.290894,0.006630,0.002272,0.000000
2019-12-28 03:00:00,1307.076172,0.006651,0.005506,0.000000
2019-12-28 04:00:00,1315.517578,0.006243,0.006818,0.000000
2019-12-28 05:00:00,1361.315796,0.005020,0.002584,0.000000
2019-12-28 06:00:00,1459.681396,0.003310,0.002658,0.000000
2019-12-28 07:00:00,1558.693604,0.002823,0.000474,0.000000
2019-12-28 08:00:00,1687.838257,0.001574,0.000004,0.030418
2019-12-28 09:00:00,1769.051880,0.003787,0.000004,0.060837
2019-12-28 10:00:00,1789.762085,0.009512,0.000008,0.076046
2019-12-28 11:00:00,1791.273682,0.005534,0.000004,0.095057
2019-12-28 12:00:00,1779.114380,0.006127,0.002497,0.064639
2019-12-28 13:00:00,1763.204834,0.010468,0.005987,0.022814
2019-12-28 14:00:00,1783.213501,0.020766,0.023115,0.003802
2019-12-28 15:00:00,1901.026978,0.038525,0.062416,0.000000
2019-12-28 16:00:00,1984.070190,0.063168,0.070994,0.000000
2019-12-28 17:00:00,1955.359741,0.088332,0.081646,0.000000
2019-12-28 18:00:00,1840.248779,0.106502,0.116801,0.000000
2019-12-28 19:00:00,1748.315552,0.156898,0.123670,0.000000
2019-12-28 20:00:00,1678.368530,0.190944,0.177962,0.000000
2019-12-28 21:00:00,1559.561401,0.195299,0.213359,0.000000
2019-12-28 22:00:00,1485.073853,0.210937,0.193795,0.000000
2019-12-28 23:00:00,1369.157593,0.221804,0.224457,0.000000
2019-12-29 00:00:00,1314.321167,0.248888,0.192499,0.000000
2019-12-29 01:00:00,1290.518311,0.280875,0.229445,0.000000
2019-12-29 02:00:00,1262.955322,0.252695,0.204990,0.000000
2019-12-29 03:00:00,1254.550903,0.299503,0.269009,0.000000
2019-12-29 04:00:00,1281.181763,0.301578,0.289777,0.000000
2019-12-29 05:00:00,1336.675171,0.328506,0.393308,0.000000
2019-12-29 06:00:00,1416.411255,0.343361,0.345039,0.000000
2019-12-29 07:00:00,1530.435669,0.315275,0.302137,0.003802
2019-12-29 08:00:00,1621.622070,0.354193,0.243220,0.022814
2019-12-29 09:00:00,1716.819580,0.402703,0.265782,0.041825
2019-12-29 10:00:00,1760.760254,0.399653,0.330441,0.053232
2019-12-29 11:00:00,1745.720215,0.431674,0.359670,0.060837
2019-12-29 12:00:00,1742.991577,0.462375,0.405465,0.049430
2019-12-29 13:00:00,1734.236694,0.478215,0.391481,0.019011
2019-12-29 14:00:00,1765.030396,0.464107,0.348491,0.003802
2019-12-29 15:00:00,1875.573608,0.491227,0.428495,0.000000
2019-12-29 16:00:00,1994.903687,0.567268,0.489138,0.000000
2019-12-29 17:00:00,1967.252686,0.618038,0.495059,0.000000
2019-12-29 18:00:00,1873.456177,0.600518,0.503449,0.000000
2019-12-29 19:00:00,1767.950562,0.597118,0.553795,0.000000
2019-12-29 20:00:00,1698.527100,0.668598,0.560532,0.000000
2019-12-29 21:00:00,1585.091553,0.719528,0.567097,0.000000
2019-12-29 22:00:00,1449.934448,0.648979,0.554241,0.000000
2019-12-29 23:00:00,1373.596313,0.664925,0.560344,0.000000
2019-12-30 00:00:00,1302.031128,0.689352,0.550337,0.000000
2019-12-30 01:00:00,1287.750732,0.676249,0.513675,0.000000
2019-12-30 02:00:00,1273.468140,0.643007,0.509901,0.000000
2019-12-30 03:00:00,1271.070313,0.696011,0.500190,0.000000
2019-12-30 04:00:00,1328.232300,0.702165,0.521875,0.000000
2019-12-30 05:00:00,1466.406006,0.614106,0.501397,0.000000
2019-12-30 06:00:00,1592.888184,0.689766,0.492894,0.000000
2019-12-30 07:00:00,1717.992920,0.608825,0.505761,0.000000
2019-12-30 08:00:00,1817.381104,0.667475,0.525043,0.022814
2019-12-30 09:00:00,1862.596191,0.708739,0.533940,0.083650
2019-12-30 10:00:00,1854.240112,0.735083,0.517282,0.140684
2019-12-30 11:00:00,1847.481445,0.727833,0.520794,0.121673
2019-12-30 12:00:00,1837.283081,0.657906,0.453301,0.106464
2019-12-30 13:00:00,1797.472778,0.654954,0.450961,0.076046
2019-12-30 14:00:00,1826.386353,0.690350,0.524458,0.015209
2019-12-30 15:00:00,1941.839478,0.732110,0.569646,0.000000
2019-12-30 16:00:00,2027.210815,0.714357,0.567773,0.000000
2019-12-30 17:00:00,2018.044678,0.726783,0.554940,0.000000
2019-12-30 18:00:00,1921.283203,0.721887,0.584953,0.000000
2019-12-30 19:00:00,1809.496826,0.690086,0.583321,0.000000
2019-12-30 20:00:00,1711.204102,0.689388,0.587227,0.000000
2019-12-30 21:00:00,1576.894287,0.708171,0.600421,0.000000
2019-12-30 22:00:00,1456.660522,0.662482,0.603143,0.000000
2019-12-30 23:00:00,1430.091187,0.758095,0.607987,0.000000
2019-12-31 00:00:00,1286.388550,0.640011,0.605549,0.000000
2019-12-31 01:00:00,1249.523193,0.613501,0.596065,0.000000
2019-12-31 02:00:00,1212.780273,0.740560,0.607262,0.000000
2019-12-31 03:00:00,1230.073364,0.758266,0.599401,0.000000
2019-12-31 04:00:00,1278.004028,0.714671,0.607160,0.000000
2019-12-31 05:00:00,1348.368652,0.747113,0.618848,0.000000
2019-12-31 06:00:00,1467.464111,0.821562,0.620786,0.000000
2019-12-31 07:00:00,1558.641968,0.742589,0.620792,0.003802
2019-12-31 08:00:00,1670.782349,0.666472,0.610421,0.072243
2019-12-31 09:00:00,1729.070923,0.752221,0.618836,0.186312
2019-12-31 10:00:00,1755.011597,0.625608,0.562731,0.277567
2019-12-31 11:00:00,1734.385498,0.602159,0.508723,0.266160
2019-12-31 12:00:00,1747.650513,0.520302,0.422799,0.159696
2019-12-31 13:00:00,1723.330200,0.354414,0.279485,0.083650
2019-12-31 14:00:00,1754.118286,0.276869,0.235228,0.015209
2019-12-31 15:00:00,1883.567993,0.246025,0.252555,0.000000
2019-12-31 16:00:00,1966.904297,0.261818,0.284451,0.000000
2019-12-31 17:00:00,1937.828247,0.263750,0.247017,0.000000
2019-12-31 18:00:00,1787.433716,0.250877,0.216165,0.000000
2019-12-31 19:00:00,1651.553467,0.230994,0.184284,0.000000
2019-12-31 20:00:00,1576.237061,0.194061,0.197807,0.000000
2019-12-31 21:00:00,1510.964844,0.181671,0.160282,0.000000
2019-12-31 22:00:00,1462.989624,0.254598,0.213181,0.000000
