time,load_mw,wind_onshore_pu,wind_offshore_pu,solar_pu
2020-12-31 23:00:00,1449.440141,0.280719,0.212918,0.000049
2021-01-01 00:00:00,1408.273511,0.250487,0.178344,0.000050
2021-01-01 01:00:00,1351.431717,0.228954,0.171988,0.000051
2021-01-01 02:00:00,1298.840570,0.209358,0.148152,0.000048
2021-01-01 03:00:00,1267.963089,0.159567,0.123519,0.000053
2021-01-01 04:00:00,1270.760945,0.146233,0.103804,0.000053
2021-01-01 05:00:00,1298.221648,0.109728,0.081017,0.000059
2021-01-01 06:00:00,1334.571055,0.071609,0.054456,0.000057
2021-01-01 07:00:00,1382.959918,0.072351,0.051274,0.000087
2021-01-01 08:00:00,1436.991589,0.091752,0.050307,0.004824
2021-01-01 09:00:00,1531.842591,0.084579,0.060220,0.020793
2021-01-01 10:00:00,1592.513429,0.095311,0.081007,0.037551
2021-01-01 11:00:00,1630.024976,0.090473,0.072143,0.046712
2021-01-01 12:00:00,1639.749610,0.061047,0.029971,0.047384
2021-01-01 13:00:00,1644.393017,0.040426,0.026119,0.019805
2021-01-01 14:00:00,1670.250252,0.027328,0.029924,0.002665
2021-01-01 15:00:00,1765.389963,0.019825,0.027873,0.000071
2021-01-01 16:00:00,1859.502857,0.017429,0.039066,0.000068
2021-01-01 17:00:00,1843.270131,0.013337,0.030196,0.000092
2021-01-01 18:00:00,1757.327531,0.013482,0.008003,0.000073
2021-01-01 19:00:00,1646.690161,0.012204,0.000663,0.000072
2021-01-01 20:00:00,1562.611417,0.008280,0.000029,0.000071
2021-01-01 21:00:00,1477.071072,0.005028,0.000055,0.000054
2021-01-01 22:00:00,1398.697419,0.004983,0.000013,0.000053
2021-01-01 23:00:00,1323.876977,0.005025,0.000029,0.000054
2021-01-02 00:00:00,1263.272119,0.005323,0.000018,0.000053
2021-01-02 01:00:00,1226.842244,0.003753,0.000014,0.000053
2021-01-02 02:00:00,1215.761353,0.003654,0.000013,0.000054
2021-01-02 03:00:00,1219.628873,0.004035,0.000084,0.000054
2021-01-02 04:00:00,1245.033187,0.003210,0.000228,0.000055
2021-01-02 05:00:00,1305.314544,0.001922,0.000261,0.000061
2021-01-02 06:00:00,1389.564198,0.003302,0.000325,0.000058
2021-01-02 07:00:00,1485.573330,0.002277,0.004615,0.000710
2021-01-02 08:00:00,1594.659985,0.002636,0.004392,0.022457
2021-01-02 09:00:00,1694.219603,0.006540,0.006921,0.078403
2021-01-02 10:00:00,1724.537626,0.012972,0.013171,0.109917
2021-01-02 11:00:00,1720.336146,0.008242,0.007485,0.137650
2021-01-02 12:00:00,1717.306515,0.010501,0.015350,0.122076
2021-01-02 13:00:00,1716.479759,0.017553,0.023525,0.055269
2021-01-02 14:00:00,1748.852602,0.034713,0.048160,0.011285
2021-01-02 15:00:00,1881.884301,0.053513,0.059211,0.000083
2021-01-02 16:00:00,2061.840384,0.057706,0.069661,0.000078
2021-01-02 17:00:00,2046.497677,0.047690,0.063279,0.000085
2021-01-02 18:00:00,1885.780062,0.052285,0.066659,0.000084
2021-01-02 19:00:00,1753.461814,0.058353,0.069403,0.000068
2021-01-02 20:00:00,1645.265814,0.070530,0.087723,0.000063
2021-01-02 21:00:00,1552.427037,0.083881,0.074087,0.000059
2021-01-02 22:00:00,1468.497138,0.114000,0.041102,0.000067
2021-01-02 23:00:00,1420.311159,0.116230,0.048133,0.000061
2021-01-03 00:00:00,1349.055468,0.106936,0.042887,0.000058
2021-01-03 01:00:00,1306.162746,0.134248,0.066542,0.000049
2021-01-03 02:00:00,1303.470360,0.137019,0.092330,0.000055
2021-01-03 03:00:00,1319.998918,0.102166,0.078172,0.000051
2021-01-03 04:00:00,1384.963616,0.095992,0.050737,0.000049
2021-01-03 05:00:00,1431.186878,0.155008,0.111567,0.000058
2021-01-03 06:00:00,1523.190260,0.149689,0.181900,0.000064
2021-01-03 07:00:00,1582.294695,0.199975,0.162132,0.000340
2021-01-03 08:00:00,1674.698932,0.317996,0.222429,0.016617
2021-01-03 09:00:00,1707.890745,0.321550,0.241501,0.067936
2021-01-03 10:00:00,1750.187571,0.377188,0.249161,0.106447
2021-01-03 11:00:00,1763.840133,0.465280,0.292351,0.163972
2021-01-03 12:00:00,1752.987256,0.554787,0.318445,0.111412
2021-01-03 13:00:00,1757.611225,0.616905,0.359971,0.076090
2021-01-03 14:00:00,1785.331528,0.646640,0.362279,0.016138
2021-01-03 15:00:00,1937.442707,0.676317,0.395323,0.000123
2021-01-03 16:00:00,2123.747952,0.712492,0.406015,0.000102
2021-01-03 17:00:00,2060.073516,0.731339,0.410459,0.000096
2021-01-03 18:00:00,1915.800180,0.729404,0.409219,0.000095
2021-01-03 19:00:00,1860.627026,0.698921,0.407945,0.000073
2021-01-03 20:00:00,1680.524808,0.679084,0.402861,0.000071
2021-01-03 21:00:00,1573.792661,0.677800,0.397901,0.000084
2021-01-03 22:00:00,1557.917083,0.586309,0.386766,0.000079
2021-01-03 23:00:00,1478.663154,0.383648,0.293007,0.000069
2021-01-04 00:00:00,1462.345625,0.356902,0.385896,0.000061
2021-01-04 01:00:00,1433.213976,0.322051,0.397690,0.000069
2021-01-04 02:00:00,1463.377812,0.283315,0.402277,0.000065
2021-01-04 03:00:00,1486.117513,0.271644,0.386048,0.000066
2021-01-04 04:00:00,1515.361723,0.429209,0.367117,0.000072
2021-01-04 05:00:00,1621.137214,0.448391,0.364351,0.000084
2021-01-04 06:00:00,1901.010000,0.508806,0.360607,0.000103
2021-01-04 07:00:00,2035.781372,0.560112,0.378885,0.000573
2021-01-04 08:00:00,2069.723376,0.584078,0.382802,0.016053
2021-01-04 09:00:00,2059.702808,0.602331,0.393408,0.075723
2021-01-04 10:00:00,2064.908810,0.587233,0.392325,0.141684
2021-01-04 11:00:00,2046.768498,0.573706,0.377340,0.138694
2021-01-04 12:00:00,2020.444701,0.541184,0.371018,0.128537
2021-01-04 13:00:00,1989.919312,0.508760,0.377600,0.079419
2021-01-04 14:00:00,1984.815673,0.520027,0.385591,0.017125
2021-01-04 15:00:00,2101.022750,0.561523,0.377874,0.000206
2021-01-04 16:00:00,2273.514000,0.581533,0.380290,0.000138
2021-01-04 17:00:00,2208.172632,0.576330,0.360683,0.000107
2021-01-04 18:00:00,2041.627709,0.557903,0.369947,0.000109
2021-01-04 19:00:00,1885.655173,0.553662,0.347251,0.000094
2021-01-04 20:00:00,1763.834160,0.563639,0.361521,0.000084
2021-01-04 21:00:00,1635.243751,0.566991,0.352243,0.000081
2021-01-04 22:00:00,1514.954631,0.573400,0.350566,0.000081
2021-01-04 23:00:00,1470.864738,0.569371,0.349347,0.000078
2021-01-05 00:00:00,1449.395693,0.594018,0.346095,0.000080
2021-01-05 01:00:00,1442.881537,0.590623,0.327297,0.000079
2021-01-05 02:00:00,1442.489580,0.572641,0.361548,0.000078
2021-01-05 03:00:00,1478.839642,0.544832,0.352902,0.000088
2021-01-05 04:00:00,1518.081494,0.550383,0.349153,0.000085
2021-01-05 05:00:00,1699.461864,0.567011,0.362684,0.000094
2021-01-05 06:00:00,1921.324749,0.560883,0.363675,0.000095
2021-01-05 07:00:00,2016.661347,0.540337,0.351406,0.000589
2021-01-05 08:00:00,2028.063535,0.514447,0.375190,0.015094
2021-01-05 09:00:00,2049.497025,0.529293,0.369793,0.053322
2021-01-05 10:00:00,2057.777336,0.533409,0.330569,0.081563
2021-01-05 11:00:00,2050.470159,0.512018,0.330506,0.086359
2021-01-05 12:00:00,2026.604346,0.516993,0.339840,0.083030
2021-01-05 13:00:00,2010.965851,0.492459,0.347250,0.059755
2021-01-05 14:00:00,1993.782548,0.462075,0.352201,0.012103
2021-01-05 15:00:00,2098.047377,0.433947,0.341204,0.000136
2021-01-05 16:00:00,2257.041861,0.442325,0.346545,0.000128
2021-01-05 17:00:00,2201.646760,0.419035,0.309667,0.000110
2021-01-05 18:00:00,2016.628852,0.391237,0.316843,0.000106
2021-01-05 19:00:00,1867.889756,0.379001,0.250685,0.000102
2021-01-05 20:00:00,1768.948557,0.354082,0.221993,0.000109
2021-01-05 21:00:00,1640.233505,0.346004,0.240545,0.000105
2021-01-05 22:00:00,1550.536352,0.378993,0.251270,0.000107
2021-01-05 23:00:00,1459.476053,0.439967,0.276706,0.000101
2021-01-06 00:00:00,1355.292399,0.429686,0.250385,0.000094
2021-01-06 01:00:00,1330.084854,0.428506,0.204706,0.000085
2021-01-06 02:00:00,1325.969116,0.446417,0.203280,0.000085
2021-01-06 03:00:00,1350.773623,0.493446,0.193981,0.000088
2021-01-06 04:00:00,1474.270384,0.547957,0.168791,0.000089
2021-01-06 05:00:00,1732.648162,0.568216,0.214299,0.000095
2021-01-06 06:00:00,1951.462805,0.581845,0.287437,0.000097
2021-01-06 07:00:00,2047.924614,0.599546,0.301742,0.000300
2021-01-06 08:00:00,2069.850546,0.574201,0.304359,0.004689
2021-01-06 09:00:00,2091.417051,0.555447,0.311152,0.012869
2021-01-06 10:00:00,2111.264102,0.532241,0.304468,0.013052
2021-01-06 11:00:00,2103.078956,0.523501,0.288902,0.015357
2021-01-06 12:00:00,2087.361422,0.509363,0.273389,0.018377
2021-01-06 13:00:00,2049.790666,0.492568,0.260204,0.011591
2021-01-06 14:00:00,2039.115404,0.469435,0.279673,0.001865
2021-01-06 15:00:00,2133.998436,0.441228,0.260495,0.000098
2021-01-06 16:00:00,2280.480746,0.398889,0.189072,0.000108
2021-01-06 17:00:00,2233.295230,0.361069,0.159942,0.000100
2021-01-06 18:00:00,2045.162872,0.318772,0.133892,0.000095
2021-01-06 19:00:00,1896.495597,0.299360,0.117263,0.000093
2021-01-06 20:00:00,1769.012073,0.279903,0.111244,0.000089
2021-01-06 21:00:00,1640.799332,0.259766,0.098516,0.000091
2021-01-06 22:00:00,1525.567261,0.265126,0.086076,0.000083
2021-01-06 23:00:00,1458.155665,0.241168,0.074397,0.000077
2021-01-07 00:00:00,1397.309199,0.225319,0.077935,0.000074
2021-01-07 01:00:00,1402.524472,0.207640,0.075263,0.000075
2021-01-07 02:00:00,1388.907531,0.193191,0.064780,0.000077
2021-01-07 03:00:00,1407.617542,0.184284,0.041026,0.000076
2021-01-07 04:00:00,1490.877875,0.199053,0.042667,0.000075
2021-01-07 05:00:00,1689.249798,0.192426,0.035460,0.000080
2021-01-07 06:00:00,1919.732690,0.192470,0.030795,0.000093
2021-01-07 07:00:00,2016.364332,0.175301,0.031285,0.000439
2021-01-07 08:00:00,2028.402082,0.150248,0.027235,0.008851
2021-01-07 09:00:00,2039.937396,0.121225,0.019733,0.024573
2021-01-07 10:00:00,2045.293000,0.105195,0.013826,0.040175
2021-01-07 11:00:00,2043.077004,0.098272,0.010549,0.040493
2021-01-07 12:00:00,2021.548233,0.095590,0.008602,0.039144
2021-01-07 13:00:00,2004.849273,0.095503,0.006290,0.024376
2021-01-07 14:00:00,1989.259040,0.103258,0.007456,0.005953
2021-01-07 15:00:00,2084.000062,0.104394,0.008923,0.000172
2021-01-07 16:00:00,2247.949883,0.118475,0.029043,0.000109
2021-01-07 17:00:00,2184.775712,0.106630,0.056883,0.000115
2021-01-07 18:00:00,2028.681566,0.078101,0.067240,0.000094
2021-01-07 19:00:00,1924.624056,0.059327,0.051275,0.000088
2021-01-07 20:00:00,1804.772364,0.051190,0.040922,0.000088
2021-01-07 21:00:00,1677.111040,0.038574,0.034346,0.000082
2021-01-07 22:00:00,1566.269464,0.037421,0.022535,0.000075
2021-01-07 23:00:00,1501.588452,0.038244,0.021500,0.000077
2021-01-08 00:00:00,1455.539302,0.044120,0.017400,0.000078
2021-01-08 01:00:00,1412.136835,0.046911,0.024841,0.000077
2021-01-08 02:00:00,1400.727159,0.052973,0.028293,0.000082
2021-01-08 03:00:00,1422.409508,0.050929,0.027287,0.000081
2021-01-08 04:00:00,1535.411964,0.048003,0.023247,0.000085
2021-01-08 05:00:00,1680.368919,0.064923,0.019012,0.000081
2021-01-08 06:00:00,1915.189281,0.077266,0.023656,0.000093
2021-01-08 07:00:00,2027.406212,0.095361,0.030806,0.000367
2021-01-08 08:00:00,2054.607619,0.104239,0.027217,0.009366
2021-01-08 09:00:00,2068.895303,0.120310,0.034538,0.029998
2021-01-08 10:00:00,2068.172150,0.114425,0.075022,0.037120
2021-01-08 11:00:00,2045.922405,0.120428,0.095068,0.044096
2021-01-08 12:00:00,2030.003652,0.116453,0.098069,0.046438
2021-01-08 13:00:00,1994.634013,0.122220,0.091870,0.025250
2021-01-08 14:00:00,1973.166077,0.124706,0.065280,0.007392
2021-01-08 15:00:00,2065.336947,0.108532,0.088118,0.000102
2021-01-08 16:00:00,2197.857261,0.124889,0.065613,0.000097
2021-01-08 17:00:00,2141.036812,0.130785,0.059172,0.000086
2021-01-08 18:00:00,1978.572356,0.106854,0.053463,0.000088
2021-01-08 19:00:00,1889.948274,0.103511,0.022709,0.000075
2021-01-08 20:00:00,1773.627245,0.116689,0.025859,0.000072
2021-01-08 21:00:00,1668.143691,0.116580,0.043174,0.000065
2021-01-08 22:00:00,1568.222986,0.116249,0.051877,0.000062
2021-01-08 23:00:00,1415.038555,0.097787,0.061949,0.000064
2021-01-09 00:00:00,1348.787430,0.088506,0.051170,0.000062
2021-01-09 01:00:00,1311.880554,0.091139,0.043439,0.000061
2021-01-09 02:00:00,1289.916281,0.119860,0.045999,0.000065
2021-01-09 03:00:00,1295.219667,0.127322,0.048172,0.000063
2021-01-09 04:00:00,1310.779263,0.119742,0.050425,0.000067
2021-01-09 05:00:00,1370.417170,0.101490,0.054289,0.000072
2021-01-09 06:00:00,1468.753513,0.086523,0.053952,0.000079
2021-01-09 07:00:00,1589.341771,0.061737,0.065613,0.000668
2021-01-09 08:00:00,1700.563053,0.050127,0.042398,0.018677
2021-01-09 09:00:00,1766.613093,0.046122,0.034444,0.077698
2021-01-09 10:00:00,1767.086660,0.031311,0.041320,0.153957
2021-01-09 11:00:00,1753.564558,0.030077,0.030989,0.176753
2021-01-09 12:00:00,1726.946258,0.020583,0.023199,0.131923
2021-01-09 13:00:00,1738.937831,0.013606,0.023493,0.088249
2021-01-09 14:00:00,1757.974038,0.010147,0.015081,0.020454
2021-01-09 15:00:00,1916.740238,0.006393,0.002704,0.000229
2021-01-09 16:00:00,2090.895642,0.008066,0.003849,0.000116
2021-01-09 17:00:00,2070.346252,0.003733,0.006190,0.000114
2021-01-09 18:00:00,1910.960282,0.001960,0.002299,0.000100
2021-01-09 19:00:00,1772.025124,0.001383,0.000115,0.000105
2021-01-09 20:00:00,1664.714713,0.002927,0.000530,0.000085
2021-01-09 21:00:00,1585.144051,0.003582,0.000110,0.000079
2021-01-09 22:00:00,1488.349772,0.012657,0.000043,0.000074
2021-01-09 23:00:00,1450.707241,0.022661,0.000406,0.000069
2021-01-10 00:00:00,1382.014797,0.049782,0.000726,0.000061
2021-01-10 01:00:00,1401.896182,0.103542,0.018165,0.000065
2021-01-10 02:00:00,1386.643320,0.161262,0.064881,0.000057
2021-01-10 03:00:00,1381.572518,0.200662,0.061354,0.000063
2021-01-10 04:00:00,1401.114674,0.241383,0.095859,0.000064
2021-01-10 05:00:00,1474.361088,0.330133,0.155714,0.000071
2021-01-10 06:00:00,1591.161905,0.391718,0.200599,0.000075
2021-01-10 07:00:00,1707.577554,0.494121,0.269997,0.002046
2021-01-10 08:00:00,1766.062244,0.543587,0.294711,0.030272
2021-01-10 09:00:00,1815.401101,0.572385,0.286495,0.045112
2021-01-10 10:00:00,1877.643187,0.585331,0.332516,0.054676
2021-01-10 11:00:00,1915.301752,0.599737,0.384148,0.041642
2021-01-10 12:00:00,1919.567717,0.570604,0.387622,0.025645
2021-01-10 13:00:00,1941.353765,0.550295,0.392749,0.013627
2021-01-10 14:00:00,1959.744379,0.540643,0.385415,0.003103
2021-01-10 15:00:00,2051.698289,0.528445,0.377615,0.000089
2021-01-10 16:00:00,2171.429214,0.492897,0.362458,0.000100
2021-01-10 17:00:00,2124.857890,0.434314,0.370404,0.000110
2021-01-10 18:00:00,1929.123128,0.377383,0.350186,0.000091
2021-01-10 19:00:00,1800.580223,0.316812,0.305359,0.000090
2021-01-10 20:00:00,1713.933256,0.274933,0.268282,0.000084
2021-01-10 21:00:00,1566.478075,0.208999,0.187642,0.000078
2021-01-10 22:00:00,1469.019468,0.144268,0.147885,0.000078
2021-01-10 23:00:00,1473.204786,0.101008,0.100289,0.000075
2021-01-11 00:00:00,1439.138555,0.103763,0.074197,0.000068
2021-01-11 01:00:00,1408.346083,0.118126,0.049173,0.000062
2021-01-11 02:00:00,1411.110548,0.140922,0.097448,0.000063
2021-01-11 03:00:00,1416.317289,0.308674,0.211933,0.000066
2021-01-11 04:00:00,1487.435672,0.398177,0.272797,0.000068
2021-01-11 05:00:00,1620.328760,0.509059,0.316349,0.000074
2021-01-11 06:00:00,1873.167985,0.640373,0.365328,0.000084
2021-01-11 07:00:00,2032.777486,0.730012,0.397033,0.000307
2021-01-11 08:00:00,2046.799623,0.781396,0.408796,0.004542
2021-01-11 09:00:00,2080.623014,0.811179,0.411556,0.017774
2021-01-11 10:00:00,2086.211720,0.851937,0.413710,0.025025
2021-01-11 11:00:00,2080.152665,0.858135,0.413772,0.027507
2021-01-11 12:00:00,2064.270749,0.864777,0.412962,0.023586
2021-01-11 13:00:00,2040.953355,0.881624,0.409023,0.007848
2021-01-11 14:00:00,2024.691607,0.895045,0.411860,0.001712
2021-01-11 15:00:00,2103.851599,0.916640,0.411462,0.000110
2021-01-11 16:00:00,2254.121342,0.946709,0.414746,0.000118
2021-01-11 17:00:00,2194.653739,0.965687,0.416474,0.000112
2021-01-11 18:00:00,2104.553772,0.905229,0.416558,0.000113
2021-01-11 19:00:00,1951.019098,0.791651,0.416591,0.000098
2021-01-11 20:00:00,1845.114631,0.708369,0.416536,0.000105
2021-01-11 21:00:00,1714.043341,0.727088,0.416426,0.000108
2021-01-11 22:00:00,1602.479787,0.768019,0.416401,0.000112
2021-01-11 23:00:00,1490.448475,0.965863,0.416872,0.000104
2021-01-12 00:00:00,1462.793873,0.932833,0.416586,0.000096
2021-01-12 01:00:00,1451.474384,0.797705,0.412969,0.000103
2021-01-12 02:00:00,1449.793601,0.496852,0.396793,0.000102
2021-01-12 03:00:00,1450.699460,0.231002,0.229108,0.000102
2021-01-12 04:00:00,1529.647922,0.177596,0.068833,0.000139
2021-01-12 05:00:00,1697.707476,0.173607,0.065728,0.000401
2021-01-12 06:00:00,1896.770075,0.149670,0.076634,0.000092
2021-01-12 07:00:00,2001.143757,0.131948,0.072541,0.001371
2021-01-12 08:00:00,2005.721085,0.115616,0.057780,0.071322
2021-01-12 09:00:00,1985.435869,0.118573,0.036205,0.212837
2021-01-12 10:00:00,1979.198230,0.125694,0.045067,0.292368
2021-01-12 11:00:00,1950.455125,0.174420,0.070596,0.257328
2021-01-12 12:00:00,1953.917658,0.283276,0.097943,0.142841
2021-01-12 13:00:00,1959.351079,0.350263,0.124754,0.058457
2021-01-12 14:00:00,1955.143321,0.324165,0.222080,0.017718
2021-01-12 15:00:00,2035.061421,0.349593,0.235916,0.000535
2021-01-12 16:00:00,2237.893380,0.311079,0.203250,0.000131
2021-01-12 17:00:00,2191.465098,0.402611,0.207762,0.000122
2021-01-12 18:00:00,2030.231202,0.437206,0.330470,0.000096
2021-01-12 19:00:00,1923.188383,0.491040,0.331861,0.000091
2021-01-12 20:00:00,1804.772126,0.526478,0.353340,0.000076
2021-01-12 21:00:00,1692.772879,0.555280,0.365664,0.000080
2021-01-12 22:00:00,1583.260179,0.553872,0.370608,0.000073
2021-01-12 23:00:00,1557.800030,0.497016,0.259111,0.000067
2021-01-13 00:00:00,1523.903352,0.441529,0.235644,0.000064
2021-01-13 01:00:00,1494.247603,0.447273,0.216568,0.000060
2021-01-13 02:00:00,1504.223490,0.609142,0.371449,0.000057
2021-01-13 03:00:00,1440.062860,0.661760,0.373625,0.000067
2021-01-13 04:00:00,1572.622367,0.617958,0.381968,0.000069
2021-01-13 05:00:00,1695.303874,0.642827,0.380246,0.000077
2021-01-13 06:00:00,1910.838997,0.638175,0.387467,0.000085
2021-01-13 07:00:00,2093.588360,0.693722,0.392823,0.000750
2021-01-13 08:00:00,2127.324721,0.720124,0.388006,0.009790
2021-01-13 09:00:00,2173.437779,0.695812,0.392789,0.023275
2021-01-13 10:00:00,2172.007326,0.642347,0.386284,0.041247
2021-01-13 11:00:00,2170.460972,0.567048,0.377708,0.056651
2021-01-13 12:00:00,2152.043476,0.585320,0.371728,0.055128
2021-01-13 13:00:00,2131.903829,0.650774,0.367572,0.044915
2021-01-13 14:00:00,2072.590370,0.753728,0.360576,0.013514
2021-01-13 15:00:00,2155.461134,0.800591,0.375172,0.000218
2021-01-13 16:00:00,2328.467045,0.806277,0.403857,0.000094
2021-01-13 17:00:00,2279.372429,0.816138,0.411424,0.000096
2021-01-13 18:00:00,2146.717795,0.841547,0.412356,0.000092
2021-01-13 19:00:00,2022.916599,0.872837,0.414606,0.000086
2021-01-13 20:00:00,1944.469736,0.881004,0.415587,0.000094
2021-01-13 21:00:00,1850.632192,0.648346,0.415120,0.000086
2021-01-13 22:00:00,1735.425033,0.583162,0.319395,0.000098
2021-01-13 23:00:00,1655.000344,0.812091,0.411332,0.000075
2021-01-14 00:00:00,1582.023323,0.799280,0.406220,0.000070
2021-01-14 01:00:00,1540.293536,0.728222,0.402082,0.000069
2021-01-14 02:00:00,1543.662816,0.613976,0.377603,0.000074
2021-01-14 03:00:00,1533.472503,0.565118,0.340800,0.000077
2021-01-14 04:00:00,1627.136053,0.273108,0.238074,0.000083
2021-01-14 05:00:00,1803.842588,0.365975,0.191134,0.000089
2021-01-14 06:00:00,1987.961234,0.435099,0.154463,0.000096
2021-01-14 07:00:00,2078.472729,0.388730,0.194551,0.000181
2021-01-14 08:00:00,2092.294755,0.330559,0.136071,0.006404
2021-01-14 09:00:00,2087.764876,0.300045,0.195085,0.031231
2021-01-14 10:00:00,2083.085900,0.230272,0.144092,0.082917
2021-01-14 11:00:00,2054.357069,0.248858,0.105616,0.120722
2021-01-14 12:00:00,2020.206642,0.177544,0.095419,0.147722
2021-01-14 13:00:00,2007.614674,0.158445,0.064801,0.109465
2021-01-14 14:00:00,2028.363306,0.170983,0.061510,0.050529
2021-01-14 15:00:00,2109.752847,0.180643,0.059798,0.000326
2021-01-14 16:00:00,2296.865475,0.185596,0.064852,0.000114
2021-01-14 17:00:00,2251.935803,0.142414,0.072002,0.000107
2021-01-14 18:00:00,2084.565808,0.090398,0.055951,0.000103
2021-01-14 19:00:00,1938.168932,0.073176,0.060464,0.000102
2021-01-14 20:00:00,1808.752233,0.061488,0.057305,0.000078
2021-01-14 21:00:00,1665.744416,0.073737,0.070587,0.000075
2021-01-14 22:00:00,1557.880109,0.118554,0.050747,0.000068
2021-01-14 23:00:00,1472.154175,0.117548,0.055236,0.000069
2021-01-15 00:00:00,1418.766110,0.102766,0.072770,0.000066
2021-01-15 01:00:00,1392.745773,0.143948,0.063063,0.000065
2021-01-15 02:00:00,1395.562586,0.191767,0.088051,0.000066
2021-01-15 03:00:00,1422.288219,0.216634,0.091332,0.000065
2021-01-15 04:00:00,1510.335958,0.290908,0.092996,0.000067
2021-01-15 05:00:00,1729.834404,0.295852,0.119911,0.000075
2021-01-15 06:00:00,1990.766933,0.279952,0.121997,0.000076
2021-01-15 07:00:00,2125.297641,0.277937,0.137611,0.001960
2021-01-15 08:00:00,2145.234304,0.306843,0.141621,0.045789
2021-01-15 09:00:00,2151.446222,0.295665,0.106767,0.109889
2021-01-15 10:00:00,2145.041987,0.331602,0.149267,0.167245
2021-01-15 11:00:00,2115.204810,0.338294,0.171789,0.191254
2021-01-15 12:00:00,2067.834629,0.341381,0.163899,0.168994
2021-01-15 13:00:00,2029.833762,0.268530,0.185752,0.104387
2021-01-15 14:00:00,2038.894466,0.168497,0.201726,0.023022
2021-01-15 15:00:00,2120.149759,0.115542,0.113211,0.000296
2021-01-15 16:00:00,2289.015747,0.094813,0.064412,0.000127
2021-01-15 17:00:00,2250.978754,0.134556,0.035026,0.000112
2021-01-15 18:00:00,2078.624140,0.132256,0.010288,0.000107
2021-01-15 19:00:00,1917.223513,0.162566,0.027520,0.000089
2021-01-15 20:00:00,1805.390382,0.176694,0.057218,0.000079
2021-01-15 21:00:00,1706.465399,0.185492,0.055214,0.000077
2021-01-15 22:00:00,1613.832118,0.186476,0.059658,0.000076
2021-01-15 23:00:00,1541.395650,0.214049,0.097187,0.000072
2021-01-16 00:00:00,1490.294406,0.195893,0.156654,0.000065
2021-01-16 01:00:00,1456.906585,0.175324,0.092156,0.000072
2021-01-16 02:00:00,1474.093096,0.156388,0.115180,0.000072
2021-01-16 03:00:00,1488.418942,0.121865,0.121930,0.000076
2021-01-16 04:00:00,1509.355399,0.075138,0.085731,0.000080
2021-01-16 05:00:00,1539.121263,0.034806,0.054291,0.000088
2021-01-16 06:00:00,1633.316559,0.030608,0.028272,0.000092
2021-01-16 07:00:00,1757.021645,0.034952,0.012906,0.001618
2021-01-16 08:00:00,1856.350657,0.033033,0.009008,0.053689
2021-01-16 09:00:00,1897.883799,0.032092,0.017593,0.150543
2021-01-16 10:00:00,1889.525466,0.035957,0.040411,0.192129
2021-01-16 11:00:00,1888.922667,0.047632,0.045087,0.173536
2021-01-16 12:00:00,1875.646240,0.051512,0.035140,0.147969
2021-01-16 13:00:00,1872.649076,0.039017,0.014044,0.078511
2021-01-16 14:00:00,1906.578730,0.023647,0.013361,0.017577
2021-01-16 15:00:00,2002.170590,0.019957,0.015558,0.000368
2021-01-16 16:00:00,2199.327773,0.013700,0.004251,0.000119
2021-01-16 17:00:00,2198.211744,0.009716,0.004180,0.000134
2021-01-16 18:00:00,2034.395459,0.006652,0.002812,0.000109
2021-01-16 19:00:00,1908.020452,0.008322,0.001314,0.000096
2021-01-16 20:00:00,1844.539391,0.012378,0.000417,0.000086
2021-01-16 21:00:00,1720.055221,0.009171,0.000164,0.000082
2021-01-16 22:00:00,1649.611794,0.020820,0.003217,0.000079
2021-01-16 23:00:00,1575.616856,0.033769,0.000843,0.000090
2021-01-17 00:00:00,1504.568613,0.047277,0.005369,0.000069
2021-01-17 01:00:00,1469.707550,0.049638,0.004692,0.000071
2021-01-17 02:00:00,1528.366748,0.056988,0.003472,0.000065
2021-01-17 03:00:00,1537.819686,0.057111,0.003027,0.000074
2021-01-17 04:00:00,1551.946076,0.040379,0.001917,0.000070
2021-01-17 05:00:00,1614.493188,0.044818,0.009052,0.000077
2021-01-17 06:00:00,1637.737987,0.050232,0.010606,0.000082
2021-01-17 07:00:00,1713.609421,0.052211,0.013960,0.004458
2021-01-17 08:00:00,1822.128621,0.050634,0.015141,0.046128
2021-01-17 09:00:00,1878.301492,0.056383,0.025158,0.095754
2021-01-17 10:00:00,1885.982573,0.057833,0.041388,0.138412
2021-01-17 11:00:00,1869.971940,0.050251,0.032959,0.199154
2021-01-17 12:00:00,1823.157121,0.037326,0.020787,0.180872
2021-01-17 13:00:00,1816.003708,0.022852,0.020177,0.133954
2021-01-17 14:00:00,1825.035904,0.017316,0.016691,0.051488
2021-01-17 15:00:00,1954.443159,0.018422,0.021543,0.001610
2021-01-17 16:00:00,2195.640579,0.030964,0.024671,0.000115
2021-01-17 17:00:00,2183.092515,0.057910,0.047351,0.000113
2021-01-17 18:00:00,2026.148605,0.094770,0.086904,0.000100
2021-01-17 19:00:00,1900.857838,0.124493,0.100665,0.000091
2021-01-17 20:00:00,1806.029041,0.148558,0.112524,0.000089
2021-01-17 21:00:00,1704.135019,0.149239,0.141781,0.000078
2021-01-17 22:00:00,1596.992370,0.143592,0.126711,0.000077
2021-01-17 23:00:00,1482.683485,0.149788,0.123925,0.000064
2021-01-18 00:00:00,1414.179118,0.146301,0.110944,0.000067
2021-01-18 01:00:00,1386.261652,0.115194,0.098525,0.000065
2021-01-18 02:00:00,1426.460592,0.098650,0.076378,0.000068
2021-01-18 03:00:00,1437.673998,0.094371,0.084744,0.000070
2021-01-18 04:00:00,1529.168781,0.095480,0.082586,0.000072
2021-01-18 05:00:00,1699.515956,0.094670,0.075421,0.000075
2021-01-18 06:00:00,1960.869544,0.107583,0.088553,0.000089
2021-01-18 07:00:00,2100.062244,0.116986,0.092484,0.000351
2021-01-18 08:00:00,2127.132730,0.123422,0.084606,0.009226
2021-01-18 09:00:00,2140.970987,0.136428,0.098619,0.024009
2021-01-18 10:00:00,2149.988700,0.160391,0.116679,0.038736
2021-01-18 11:00:00,2144.377935,0.198601,0.158409,0.043786
2021-01-18 12:00:00,2129.409792,0.219242,0.148813,0.036592
2021-01-18 13:00:00,2081.591243,0.245520,0.180252,0.018649
2021-01-18 14:00:00,2073.584789,0.262243,0.177403,0.006235
2021-01-18 15:00:00,2144.345424,0.291152,0.151707,0.000142
2021-01-18 16:00:00,2324.859064,0.328459,0.213875,0.000114
2021-01-18 17:00:00,2259.344296,0.329348,0.261915,0.000107
2021-01-18 18:00:00,2087.594700,0.382262,0.281151,0.000096
2021-01-18 19:00:00,1971.621967,0.361130,0.294897,0.000071
2021-01-18 20:00:00,1839.495283,0.327573,0.271307,0.000072
2021-01-18 21:00:00,1690.936411,0.299550,0.198265,0.000068
2021-01-18 22:00:00,1559.209645,0.251085,0.155584,0.000066
2021-01-18 23:00:00,1530.036257,0.246392,0.222676,0.000059
2021-01-19 00:00:00,1479.021285,0.242896,0.166432,0.000059
2021-01-19 01:00:00,1469.056633,0.294296,0.198338,0.000061
2021-01-19 02:00:00,1454.834903,0.321946,0.177849,0.000057
2021-01-19 03:00:00,1490.032199,0.303080,0.156111,0.000057
2021-01-19 04:00:00,1562.528270,0.354238,0.217474,0.000065
2021-01-19 05:00:00,1715.110935,0.411002,0.276812,0.000072
2021-01-19 06:00:00,1913.164322,0.402364,0.308191,0.000080
2021-01-19 07:00:00,2048.344838,0.417058,0.332576,0.000384
2021-01-19 08:00:00,2063.245970,0.452766,0.350540,0.006320
2021-01-19 09:00:00,2083.302597,0.467120,0.350913,0.018508
2021-01-19 10:00:00,2114.989039,0.449568,0.334964,0.035915
2021-01-19 11:00:00,2101.962206,0.400592,0.342059,0.043532
2021-01-19 12:00:00,2088.923679,0.321702,0.313441,0.035774
2021-01-19 13:00:00,2054.529503,0.210563,0.247776,0.022457
2021-01-19 14:00:00,2035.239155,0.155460,0.184822,0.008182
2021-01-19 15:00:00,2108.768266,0.153674,0.150191,0.000229
2021-01-19 16:00:00,2278.939445,0.133955,0.147304,0.000100
2021-01-19 17:00:00,2205.289571,0.122713,0.140392,0.000090
2021-01-19 18:00:00,2030.546333,0.141947,0.164692,0.000086
2021-01-19 19:00:00,1979.298623,0.158326,0.148480,0.000077
2021-01-19 20:00:00,1857.661010,0.150160,0.133384,0.000074
2021-01-19 21:00:00,1732.264597,0.204978,0.169033,0.000070
2021-01-19 22:00:00,1621.555984,0.238162,0.254065,0.000062
2021-01-19 23:00:00,1507.850083,0.292128,0.271984,0.000059
2021-01-20 00:00:00,1401.937942,0.350668,0.292558,0.000053
2021-01-20 01:00:00,1373.483106,0.418696,0.298394,0.000059
2021-01-20 02:00:00,1385.773551,0.450500,0.319608,0.000065
2021-01-20 03:00:00,1413.061141,0.560641,0.363318,0.000063
2021-01-20 04:00:00,1501.429290,0.662644,0.368986,0.000065
2021-01-20 05:00:00,1693.311811,0.760307,0.378690,0.000071
2021-01-20 06:00:00,1928.537342,0.570686,0.277248,0.000089
2021-01-20 07:00:00,2056.169397,0.758159,0.391779,0.000379
2021-01-20 08:00:00,2066.595149,0.793401,0.396779,0.004627
2021-01-20 09:00:00,2093.872050,0.795660,0.395907,0.015376
2021-01-20 10:00:00,2107.134730,0.790994,0.395325,0.027987
2021-01-20 11:00:00,2135.614849,0.770587,0.370289,0.032332
2021-01-20 12:00:00,2118.863642,0.759589,0.357574,0.022232
2021-01-20 13:00:00,2096.039041,0.760187,0.346959,0.016702
2021-01-20 14:00:00,2071.008477,0.716361,0.357254,0.005671
2021-01-20 15:00:00,2084.445581,0.671020,0.393613,0.000196
2021-01-20 16:00:00,2213.975194,0.603692,0.393674,0.000084
2021-01-20 17:00:00,2178.458836,0.599518,0.397120,0.000084
2021-01-20 18:00:00,2011.553309,0.611579,0.403504,0.000074
2021-01-20 19:00:00,1925.253230,0.442218,0.398628,0.000067
2021-01-20 20:00:00,1743.585532,0.670241,0.398931,0.000062
2021-01-20 21:00:00,1653.401043,0.642795,0.405253,0.000068
2021-01-20 22:00:00,1527.853607,0.697205,0.402347,0.000058
2021-01-20 23:00:00,1420.721906,0.719391,0.393774,0.000056
2021-01-21 00:00:00,1381.361376,0.727939,0.379995,0.000056
2021-01-21 01:00:00,1365.983533,0.743114,0.343468,0.000054
2021-01-21 02:00:00,1351.581571,0.779473,0.371505,0.000059
2021-01-21 03:00:00,1363.983403,0.776040,0.376486,0.000062
2021-01-21 04:00:00,1454.016065,0.775456,0.368085,0.000061
2021-01-21 05:00:00,1658.460394,0.814870,0.373725,0.000075
2021-01-21 06:00:00,1927.081675,0.748929,0.365381,0.000084
2021-01-21 07:00:00,2020.605029,0.636609,0.296983,0.002219
2021-01-21 08:00:00,2012.194016,0.936941,0.380484,0.028523
2021-01-21 09:00:00,2054.292367,0.962960,0.382631,0.034786
2021-01-21 10:00:00,2085.677686,0.869815,0.384992,0.097249
2021-01-21 11:00:00,2025.073131,0.904828,0.383899,0.276231
2021-01-21 12:00:00,1974.173172,0.866851,0.386583,0.338666
2021-01-21 13:00:00,1929.016702,0.835008,0.385880,0.235717
2021-01-21 14:00:00,1891.935472,0.835450,0.377747,0.072140
2021-01-21 15:00:00,1977.579917,0.859680,0.383437,0.004994
2021-01-21 16:00:00,2197.437077,0.889684,0.382637,0.000208
2021-01-21 17:00:00,2159.111964,0.936357,0.386058,0.000179
2021-01-21 18:00:00,2118.322257,0.746090,0.389580,0.000132
2021-01-21 19:00:00,1986.119989,0.765815,0.391557,0.000115
2021-01-21 20:00:00,1866.642739,0.793408,0.297506,0.000100
2021-01-21 21:00:00,1723.219372,0.769787,0.391309,0.000102
2021-01-21 22:00:00,1599.212021,0.647080,0.373259,0.000092
2021-01-21 23:00:00,1489.090448,0.746205,0.336270,0.000072
2021-01-22 00:00:00,1408.721767,0.747736,0.328317,0.000077
2021-01-22 01:00:00,1391.152307,0.661211,0.322726,0.000070
2021-01-22 02:00:00,1380.546527,0.579412,0.368759,0.000070
2021-01-22 03:00:00,1404.748347,0.593627,0.370002,0.000077
2021-01-22 04:00:00,1521.957899,0.570183,0.370925,0.000081
2021-01-22 05:00:00,1728.853927,0.515054,0.288983,0.000088
2021-01-22 06:00:00,1960.409040,0.682241,0.277080,0.000101
2021-01-22 07:00:00,2068.383254,0.590807,0.383812,0.002938
2021-01-22 08:00:00,2098.566648,0.753486,0.380130,0.031655
2021-01-22 09:00:00,2140.029509,0.742416,0.376162,0.108393
2021-01-22 10:00:00,2069.767820,0.860362,0.382803,0.158668
2021-01-22 11:00:00,2085.002642,0.885578,0.386627,0.174772
2021-01-22 12:00:00,2052.182825,0.930048,0.389720,0.166117
2021-01-22 13:00:00,1992.755409,0.942217,0.392342,0.121230
2021-01-22 14:00:00,1976.871441,0.953752,0.391038,0.059134
2021-01-22 15:00:00,2032.230697,0.959774,0.383195,0.002648
2021-01-22 16:00:00,2217.359174,0.957217,0.391561,0.000127
2021-01-22 17:00:00,2199.195079,0.948272,0.384584,0.000118
2021-01-22 18:00:00,2077.123035,0.889348,0.389169,0.000116
2021-01-22 19:00:00,1919.634531,0.653148,0.302763,0.000106
2021-01-22 20:00:00,1799.773542,0.652410,0.374303,0.000099
2021-01-22 21:00:00,1685.938415,0.577708,0.290064,0.000097
2021-01-22 22:00:00,1618.291280,0.507123,0.289500,0.000086
2021-01-22 23:00:00,1539.591869,0.533900,0.266905,0.000083
2021-01-23 00:00:00,1475.633356,0.552395,0.220486,0.000081
2021-01-23 01:00:00,1434.501897,0.351064,0.150391,0.000076
2021-01-23 02:00:00,1386.637836,0.304885,0.135013,0.000066
2021-01-23 03:00:00,1351.474089,0.195426,0.092925,0.000067
2021-01-23 04:00:00,1372.512315,0.146306,0.057328,0.000070
2021-01-23 05:00:00,1445.742690,0.122283,0.050306,0.000077
2021-01-23 06:00:00,1503.378325,0.094695,0.030065,0.000076
2021-01-23 07:00:00,1625.186942,0.074933,0.028327,0.003611
2021-01-23 08:00:00,1736.464039,0.041767,0.033250,0.030413
2021-01-23 09:00:00,1795.973086,0.041515,0.028032,0.079786
2021-01-23 10:00:00,1804.944481,0.056434,0.029295,0.111976
2021-01-23 11:00:00,1802.657508,0.047853,0.013669,0.122725
2021-01-23 12:00:00,1786.014998,0.054083,0.021905,0.129863
2021-01-23 13:00:00,1764.336276,0.056938,0.026305,0.144901
2021-01-23 14:00:00,1734.341986,0.080619,0.022239,0.080773
2021-01-23 15:00:00,1831.829121,0.111889,0.039603,0.007279
2021-01-23 16:00:00,2063.553868,0.151159,0.061005,0.000097
2021-01-23 17:00:00,2065.167311,0.141751,0.087623,0.000092
2021-01-23 18:00:00,1905.435400,0.103300,0.084298,0.000090
2021-01-23 19:00:00,1813.393511,0.112472,0.082507,0.000073
2021-01-23 20:00:00,1697.021308,0.119078,0.069008,0.000067
2021-01-23 21:00:00,1610.792651,0.142141,0.052466,0.000071
2021-01-23 22:00:00,1542.094616,0.144020,0.048820,0.000068
2021-01-23 23:00:00,1411.292310,0.123430,0.045758,0.000069
2021-01-24 00:00:00,1373.088898,0.100382,0.034384,0.000058
2021-01-24 01:00:00,1337.127418,0.083320,0.023583,0.000063
2021-01-24 02:00:00,1383.306780,0.068390,0.011127,0.000060
2021-01-24 03:00:00,1397.211688,0.061023,0.016560,0.000059
2021-01-24 04:00:00,1419.732960,0.045097,0.011775,0.000063
2021-01-24 05:00:00,1467.978104,0.033772,0.014205,0.000068
2021-01-24 06:00:00,1511.020210,0.024756,0.004995,0.000074
2021-01-24 07:00:00,1581.561306,0.020386,0.000818,0.002673
2021-01-24 08:00:00,1689.884592,0.016209,0.000295,0.028354
2021-01-24 09:00:00,1768.382970,0.010834,0.000178,0.072309
2021-01-24 10:00:00,1782.357350,0.005247,0.002967,0.097926
2021-01-24 11:00:00,1779.134358,0.008501,0.010268,0.106701
2021-01-24 12:00:00,1787.920530,0.009825,0.020268,0.105572
2021-01-24 13:00:00,1745.586736,0.011369,0.028006,0.079362
2021-01-24 14:00:00,1739.261243,0.019302,0.044620,0.031147
2021-01-24 15:00:00,1869.964565,0.025263,0.039924,0.001572
2021-01-24 16:00:00,2075.072381,0.019293,0.029415,0.000087
2021-01-24 17:00:00,2054.894363,0.018746,0.025147,0.000083
2021-01-24 18:00:00,1893.427073,0.017272,0.012565,0.000071
2021-01-24 19:00:00,1776.807406,0.013340,0.008057,0.000072
2021-01-24 20:00:00,1661.539636,0.018767,0.010851,0.000062
2021-01-24 21:00:00,1541.664685,0.015065,0.010506,0.000073
2021-01-24 22:00:00,1477.158024,0.012387,0.013167,0.000060
2021-01-24 23:00:00,1422.475729,0.013955,0.018058,0.000060
2021-01-25 00:00:00,1364.441031,0.019717,0.020216,0.000062
2021-01-25 01:00:00,1338.173402,0.018319,0.026186,0.000062
2021-01-25 02:00:00,1342.856157,0.018489,0.031588,0.000057
2021-01-25 03:00:00,1363.175556,0.026593,0.046124,0.000059
2021-01-25 04:00:00,1461.305583,0.035006,0.055304,0.000065
2021-01-25 05:00:00,1624.291036,0.046082,0.037560,0.000080
2021-01-25 06:00:00,1869.479294,0.047509,0.026977,0.000107
2021-01-25 07:00:00,1989.038439,0.044091,0.026356,0.001492
2021-01-25 08:00:00,2015.580759,0.052108,0.045992,0.021018
2021-01-25 09:00:00,2040.950248,0.061599,0.040042,0.046466
2021-01-25 10:00:00,2061.777834,0.064515,0.050337,0.074002
2021-01-25 11:00:00,2055.191044,0.080671,0.063651,0.135506
2021-01-25 12:00:00,2031.136888,0.111363,0.066131,0.171787
2021-01-25 13:00:00,1982.178095,0.109828,0.064512,0.088052
2021-01-25 14:00:00,1955.249824,0.162182,0.082007,0.044858
2021-01-25 15:00:00,2030.647056,0.206178,0.098496,0.002091
2021-01-25 16:00:00,2237.168389,0.175058,0.106166,0.000134
2021-01-25 17:00:00,2185.996775,0.250989,0.105016,0.000123
2021-01-25 18:00:00,2014.980526,0.207644,0.149483,0.000108
2021-01-25 19:00:00,1868.629578,0.136638,0.222158,0.000096
2021-01-25 20:00:00,1736.756946,0.125794,0.115544,0.000088
2021-01-25 21:00:00,1643.946349,0.100155,0.129363,0.000088
2021-01-25 22:00:00,1544.051474,0.072398,0.116739,0.000075
2021-01-25 23:00:00,1467.264201,0.052671,0.074087,0.000072
2021-01-26 00:00:00,1411.036812,0.036535,0.049953,0.000074
2021-01-26 01:00:00,1398.781734,0.020761,0.025097,0.000076
2021-01-26 02:00:00,1406.959996,0.015329,0.013681,0.000080
2021-01-26 03:00:00,1422.155192,0.016647,0.022392,0.000081
2021-01-26 04:00:00,1516.977185,0.030187,0.018100,0.000087
2021-01-26 05:00:00,1694.418484,0.040117,0.020794,0.000090
2021-01-26 06:00:00,1943.934041,0.042292,0.027881,0.000099
2021-01-26 07:00:00,2053.448200,0.065588,0.032683,0.006066
2021-01-26 08:00:00,2060.872229,0.080127,0.060596,0.035633
2021-01-26 09:00:00,2067.042262,0.064633,0.052363,0.059416
2021-01-26 10:00:00,2062.214940,0.064372,0.042921,0.099055
2021-01-26 11:00:00,2018.998415,0.082450,0.046792,0.158104
2021-01-26 12:00:00,1985.192865,0.114629,0.076527,0.181041
2021-01-26 13:00:00,1973.043851,0.188924,0.091048,0.167894
2021-01-26 14:00:00,1952.422883,0.172052,0.123599,0.075723
2021-01-26 15:00:00,2033.869136,0.137779,0.096497,0.010552
2021-01-26 16:00:00,2252.625090,0.125848,0.092301,0.000155
2021-01-26 17:00:00,2204.018664,0.127014,0.079749,0.000112
2021-01-26 18:00:00,2041.573849,0.152719,0.119300,0.000105
2021-01-26 19:00:00,1924.855284,0.207127,0.148253,0.000096
2021-01-26 20:00:00,1855.732278,0.190527,0.188504,0.000089
2021-01-26 21:00:00,1729.857739,0.174942,0.127179,0.000091
2021-01-26 22:00:00,1621.052125,0.204074,0.108228,0.000090
2021-01-26 23:00:00,1538.083184,0.212187,0.104459,0.000075
2021-01-27 00:00:00,1458.853563,0.181301,0.050965,0.000078
2021-01-27 01:00:00,1435.079268,0.178684,0.057386,0.000077
2021-01-27 02:00:00,1450.760954,0.149668,0.055105,0.000082
2021-01-27 03:00:00,1443.457031,0.156297,0.061613,0.000080
2021-01-27 04:00:00,1532.084699,0.150239,0.084593,0.000084
2021-01-27 05:00:00,1712.191762,0.131931,0.046756,0.000087
2021-01-27 06:00:00,1934.787073,0.160505,0.103543,0.000093
2021-01-27 07:00:00,2046.169833,0.157953,0.107627,0.002377
2021-01-27 08:00:00,2070.257700,0.175981,0.167978,0.023670
2021-01-27 09:00:00,2124.400104,0.164675,0.157689,0.048949
2021-01-27 10:00:00,2095.387832,0.147732,0.115162,0.061052
2021-01-27 11:00:00,2068.937208,0.151089,0.097908,0.067316
2021-01-27 12:00:00,2082.350859,0.160008,0.090318,0.052899
2021-01-27 13:00:00,2071.195897,0.135713,0.056913,0.044830
2021-01-27 14:00:00,2026.154260,0.115052,0.064075,0.018620
2021-01-27 15:00:00,2087.978659,0.109040,0.087955,0.001594
2021-01-27 16:00:00,2251.652370,0.141537,0.091420,0.000106
2021-01-27 17:00:00,2176.488099,0.151338,0.107858,0.000102
2021-01-27 18:00:00,2003.516555,0.128340,0.121744,0.000101
2021-01-27 19:00:00,1900.520646,0.112204,0.120506,0.000090
2021-01-27 20:00:00,1806.299473,0.119466,0.124081,0.000087
2021-01-27 21:00:00,1725.122885,0.139039,0.095843,0.000076
2021-01-27 22:00:00,1603.865091,0.179459,0.084965,0.000070
2021-01-27 23:00:00,1547.768872,0.235124,0.089615,0.000070
2021-01-28 00:00:00,1482.653882,0.344081,0.156234,0.000080
2021-01-28 01:00:00,1466.316502,0.408499,0.254760,0.000072
2021-01-28 02:00:00,1447.680253,0.445004,0.173000,0.000074
2021-01-28 03:00:00,1476.110503,0.451465,0.179436,0.000075
2021-01-28 04:00:00,1529.475761,0.440068,0.241046,0.000079
2021-01-28 05:00:00,1704.522444,0.403841,0.195108,0.000083
2021-01-28 06:00:00,1985.385544,0.379063,0.162899,0.000114
2021-01-28 07:00:00,2084.936745,0.367977,0.193979,0.008746
2021-01-28 08:00:00,2077.509497,0.321894,0.169879,0.060922
2021-01-28 09:00:00,2090.904715,0.271896,0.098201,0.124221
2021-01-28 10:00:00,2103.076096,0.268485,0.097761,0.144957
2021-01-28 11:00:00,2077.186042,0.313697,0.137114,0.183326
2021-01-28 12:00:00,2044.915344,0.334986,0.145268,0.189251
2021-01-28 13:00:00,2036.120901,0.300569,0.109888,0.125208
2021-01-28 14:00:00,2024.946033,0.281396,0.111878,0.066977
2021-01-28 15:00:00,2097.266904,0.242307,0.133448,0.007025
2021-01-28 16:00:00,2343.923229,0.210428,0.117715,0.000193
2021-01-28 17:00:00,2292.450900,0.183699,0.105248,0.000162
2021-01-28 18:00:00,2155.233272,0.156915,0.099454,0.000127
2021-01-28 19:00:00,2003.498775,0.141341,0.091986,0.000108
2021-01-28 20:00:00,1892.824052,0.136367,0.072462,0.000112
2021-01-28 21:00:00,1786.091047,0.120397,0.065675,0.000094
2021-01-28 22:00:00,1680.282591,0.094381,0.046981,0.000087
2021-01-28 23:00:00,1600.978463,0.089455,0.046414,0.000080
2021-01-29 00:00:00,1588.166421,0.099975,0.036162,0.000076
2021-01-29 01:00:00,1570.230808,0.082018,0.036840,0.000081
2021-01-29 02:00:00,1571.632841,0.063290,0.032127,0.000078
2021-01-29 03:00:00,1593.582060,0.051891,0.024410,0.000072
2021-01-29 04:00:00,1663.292532,0.038935,0.035927,0.000084
2021-01-29 05:00:00,1787.958870,0.066460,0.043272,0.000093
2021-01-29 06:00:00,2030.618600,0.113129,0.038979,0.000103
2021-01-29 07:00:00,2118.607550,0.125894,0.045024,0.007956
2021-01-29 08:00:00,2139.118488,0.122141,0.066737,0.046579
2021-01-29 09:00:00,2149.662724,0.105014,0.085836,0.083538
2021-01-29 10:00:00,2159.504494,0.097520,0.086192,0.119678
2021-01-29 11:00:00,2119.557851,0.088052,0.085312,0.115503
2021-01-29 12:00:00,2081.990911,0.096457,0.090881,0.075413
2021-01-29 13:00:00,2101.403578,0.147430,0.086176,0.041741
2021-01-29 14:00:00,2069.046852,0.150064,0.113415,0.015348
2021-01-29 15:00:00,2112.886396,0.118959,0.143813,0.001447
2021-01-29 16:00:00,2283.745949,0.098993,0.103150,0.000111
2021-01-29 17:00:00,2248.855823,0.068725,0.078928,0.000108
2021-01-29 18:00:00,2118.232442,0.089405,0.056237,0.000107
2021-01-29 19:00:00,1962.886206,0.110659,0.031459,0.000100
2021-01-29 20:00:00,1827.130101,0.110568,0.066565,0.000091
2021-01-29 21:00:00,1757.893780,0.128826,0.073483,0.000079
2021-01-29 22:00:00,1650.962911,0.144468,0.106584,0.000093
2021-01-29 23:00:00,1621.200689,0.137418,0.144116,0.000076
2021-01-30 00:00:00,1576.472373,0.147361,0.145711,0.000074
2021-01-30 01:00:00,1541.493560,0.139594,0.128493,0.000077
2021-01-30 02:00:00,1532.890414,0.122398,0.124140,0.000083
2021-01-30 03:00:00,1538.732122,0.100442,0.077015,0.000091
2021-01-30 04:00:00,1565.200174,0.102146,0.039127,0.000091
2021-01-30 05:00:00,1639.744376,0.066603,0.028397,0.000094
2021-01-30 06:00:00,1754.651334,0.040707,0.033440,0.000098
2021-01-30 07:00:00,1821.617254,0.040103,0.023631,0.010355
2021-01-30 08:00:00,1855.228383,0.028796,0.022657,0.070892
2021-01-30 09:00:00,1882.927901,0.019973,0.011753,0.146340
2021-01-30 10:00:00,1889.596593,0.014054,0.004970,0.214528
2021-01-30 11:00:00,1907.322093,0.021343,0.003851,0.252814
2021-01-30 12:00:00,1869.059895,0.048914,0.002585,0.232473
2021-01-30 13:00:00,1816.511539,0.079009,0.014968,0.183188
2021-01-30 14:00:00,1826.065284,0.100146,0.036974,0.083713
2021-01-30 15:00:00,1924.918560,0.119532,0.043993,0.009903
2021-01-30 16:00:00,2151.979864,0.129060,0.054750,0.000183
2021-01-30 17:00:00,2151.114835,0.154039,0.051284,0.000169
2021-01-30 18:00:00,1988.052465,0.176125,0.057562,0.000124
2021-01-30 19:00:00,1844.043642,0.213127,0.072377,0.000102
2021-01-30 20:00:00,1810.330033,0.205126,0.081659,0.000100
2021-01-30 21:00:00,1746.549714,0.235599,0.115743,0.000092
2021-01-30 22:00:00,1646.680076,0.280354,0.115008,0.000080
2021-01-30 23:00:00,1573.642138,0.343827,0.210887,0.000079
2021-01-31 00:00:00,1522.575405,0.377777,0.264776,0.000078
2021-01-31 01:00:00,1481.165647,0.414117,0.226565,0.000080
2021-01-31 02:00:00,1478.567673,0.472269,0.240419,0.000084
2021-01-31 03:00:00,1489.140298,0.493574,0.285191,0.000080
2021-01-31 04:00:00,1506.713336,0.450411,0.306310,0.000083
2021-01-31 05:00:00,1561.967371,0.423179,0.325185,0.000090
2021-01-31 06:00:00,1630.501886,0.426709,0.310549,0.000090
2021-01-31 07:00:00,1741.794768,0.403213,0.327068,0.005617
2021-01-31 08:00:00,1850.039362,0.392016,0.324220,0.046663
2021-01-31 09:00:00,1835.947834,0.440966,0.271802,0.140640
2021-01-31 10:00:00,1850.292303,0.442762,0.275226,0.235012
2021-01-31 11:00:00,1826.051387,0.436337,0.304554,0.309832
2021-01-31 12:00:00,1791.141246,0.387540,0.255292,0.270363
2021-01-31 13:00:00,1780.179489,0.342546,0.159533,0.239893
2021-01-31 14:00:00,1790.201466,0.274516,0.148610,0.107095
2021-01-31 15:00:00,1884.037398,0.221554,0.108126,0.011595
2021-01-31 16:00:00,2066.309384,0.181728,0.084032,0.000181
2021-01-31 17:00:00,2018.770319,0.167385,0.062713,0.000136
2021-01-31 18:00:00,1918.424266,0.117697,0.056595,0.000114
2021-01-31 19:00:00,1877.260393,0.091616,0.037416,0.000112
2021-01-31 20:00:00,1775.635988,0.071779,0.036820,0.000103
2021-01-31 21:00:00,1658.695113,0.050459,0.054187,0.000089
2021-01-31 22:00:00,1544.786471,0.033422,0.042955,0.000087
2021-01-31 23:00:00,1491.054526,0.019390,0.031872,0.000081
2021-02-01 00:00:00,1449.272037,0.012154,0.016421,0.000078
2021-02-01 01:00:00,1425.950571,0.015085,0.019250,0.000077
2021-02-01 02:00:00,1428.083482,0.013012,0.005218,0.000079
2021-02-01 03:00:00,1445.993266,0.019287,0.015734,0.000082
2021-02-01 04:00:00,1494.848216,0.031373,0.028318,0.000078
2021-02-01 05:00:00,1692.672475,0.035414,0.024340,0.000091
2021-02-01 06:00:00,1951.998250,0.046124,0.041967,0.000136
2021-02-01 07:00:00,2067.565681,0.077974,0.080048,0.011878
2021-02-01 08:00:00,2085.358725,0.093701,0.090982,0.077077
2021-02-01 09:00:00,2082.540926,0.096007,0.074533,0.148314
2021-02-01 10:00:00,2067.834648,0.090635,0.067076,0.223586
2021-02-01 11:00:00,2005.602849,0.081555,0.062600,0.290365
2021-02-01 12:00:00,1973.066897,0.099799,0.078500,0.288898
2021-02-01 13:00:00,1960.893158,0.144842,0.126438,0.265933
2021-02-01 14:00:00,1927.945336,0.181947,0.175039,0.161800
2021-02-01 15:00:00,1965.065797,0.185392,0.204403,0.023134
2021-02-01 16:00:00,2247.432693,0.211067,0.140440,0.000251
2021-02-01 17:00:00,2240.780485,0.220177,0.155371,0.000212
2021-02-01 18:00:00,2081.309193,0.177273,0.144613,0.000175
2021-02-01 19:00:00,1917.330106,0.131174,0.090791,0.000139
2021-02-01 20:00:00,1801.289783,0.066523,0.057840,0.000114
2021-02-01 21:00:00,1706.429791,0.035606,0.040932,0.000112
2021-02-01 22:00:00,1583.357099,0.019756,0.017820,0.000096
2021-02-01 23:00:00,1501.303196,0.014398,0.004963,0.000082
2021-02-02 00:00:00,1453.480148,0.008586,0.002186,0.000086
2021-02-02 01:00:00,1446.707623,0.006500,0.003131,0.000081
2021-02-02 02:00:00,1460.303580,0.011741,0.009788,0.000081
2021-02-02 03:00:00,1490.282805,0.007685,0.027666,0.000090
2021-02-02 04:00:00,1526.789641,0.009979,0.018341,0.000089
2021-02-02 05:00:00,1744.679669,0.013326,0.011686,0.000100
2021-02-02 06:00:00,2009.324131,0.018861,0.008902,0.000130
2021-02-02 07:00:00,2121.786505,0.025181,0.003510,0.019834
2021-02-02 08:00:00,2122.565117,0.019008,0.002364,0.133220
2021-02-02 09:00:00,2090.247318,0.012990,0.003268,0.273720
2021-02-02 10:00:00,2075.757333,0.010736,0.002546,0.364085
2021-02-02 11:00:00,2045.885358,0.008479,0.000852,0.358527
2021-02-02 12:00:00,1998.060154,0.007006,0.001714,0.285118
2021-02-02 13:00:00,1995.926437,0.004844,0.001016,0.208746
2021-02-02 14:00:00,1972.330085,0.002602,0.000873,0.101707
2021-02-02 15:00:00,2025.042130,0.002260,0.000121,0.018084
2021-02-02 16:00:00,2281.334266,0.006080,0.000422,0.000213
2021-02-02 17:00:00,2272.853929,0.014476,0.000826,0.000175
2021-02-02 18:00:00,2102.958784,0.014349,0.002874,0.000148
2021-02-02 19:00:00,1973.151996,0.017412,0.002496,0.000126
2021-02-02 20:00:00,1856.128664,0.022240,0.003353,0.000096
2021-02-02 21:00:00,1717.381694,0.024090,0.003806,0.000076
2021-02-02 22:00:00,1601.649422,0.025253,0.006993,0.000063
2021-02-02 23:00:00,1526.941868,0.026374,0.011025,0.000056
2021-02-03 00:00:00,1481.243724,0.034404,0.011887,0.000057
2021-02-03 01:00:00,1469.221560,0.046874,0.033131,0.000055
2021-02-03 02:00:00,1474.325003,0.068934,0.053498,0.000056
2021-02-03 03:00:00,1507.543356,0.101954,0.082795,0.000058
2021-02-03 04:00:00,1605.342253,0.132383,0.149874,0.000062
2021-02-03 05:00:00,1743.998061,0.162120,0.165038,0.000075
2021-02-03 06:00:00,1990.925295,0.245429,0.237605,0.000105
2021-02-03 07:00:00,2114.708067,0.299400,0.315433,0.004211
2021-02-03 08:00:00,2158.650624,0.346428,0.348685,0.023586
2021-02-03 09:00:00,2180.314105,0.411245,0.344108,0.039865
2021-02-03 10:00:00,2194.322825,0.463061,0.387059,0.053125
2021-02-03 11:00:00,2183.932262,0.414551,0.352580,0.043955
2021-02-03 12:00:00,2169.905902,0.485832,0.380985,0.027141
2021-02-03 13:00:00,2150.324352,0.604033,0.391114,0.020906
2021-02-03 14:00:00,2134.371243,0.657264,0.402156,0.011257
2021-02-03 15:00:00,2168.867746,0.694788,0.407712,0.000436
2021-02-03 16:00:00,2366.141242,0.739736,0.406698,0.000110
2021-02-03 17:00:00,2344.023626,0.780408,0.413045,0.000121
2021-02-03 18:00:00,2177.835864,0.803893,0.414937,0.000101
2021-02-03 19:00:00,2067.751806,0.826347,0.413297,0.000093
2021-02-03 20:00:00,1947.374161,0.854398,0.412345,0.000083
2021-02-03 21:00:00,1848.866635,0.818585,0.411729,0.000085
2021-02-03 22:00:00,1744.497322,0.792230,0.410543,0.000074
2021-02-03 23:00:00,1716.408302,0.746098,0.408602,0.000079
2021-02-04 00:00:00,1666.170868,0.698433,0.397225,0.000083
2021-02-04 01:00:00,1630.760078,0.651422,0.377343,0.000081
2021-02-04 02:00:00,1644.993476,0.620424,0.363585,0.000077
2021-02-04 03:00:00,1667.529626,0.594636,0.366384,0.000080
2021-02-04 04:00:00,1747.573265,0.505117,0.355268,0.000082
2021-02-04 05:00:00,1892.398458,0.428393,0.328996,0.000078
2021-02-04 06:00:00,2080.042665,0.387624,0.285046,0.000100
2021-02-04 07:00:00,2169.676297,0.313665,0.244474,0.002616
2021-02-04 08:00:00,2190.821115,0.249304,0.207063,0.036761
2021-02-04 09:00:00,2186.528273,0.197572,0.184001,0.082099
2021-02-04 10:00:00,2176.330443,0.154963,0.170146,0.112738
2021-02-04 11:00:00,2157.338318,0.109312,0.135853,0.112823
2021-02-04 12:00:00,2119.136185,0.110342,0.127015,0.104867
2021-02-04 13:00:00,2079.624302,0.119741,0.128081,0.082804
2021-02-04 14:00:00,2051.130493,0.124679,0.117237,0.044322
2021-02-04 15:00:00,2093.375010,0.125907,0.118296,0.010128
2021-02-04 16:00:00,2328.584709,0.136002,0.073491,0.000130
2021-02-04 17:00:00,2327.698935,0.165632,0.058111,0.000126
2021-02-04 18:00:00,2170.280347,0.160786,0.051198,0.000093
2021-02-04 19:00:00,2023.424998,0.179975,0.043699,0.000091
2021-02-04 20:00:00,1938.912424,0.185550,0.039031,0.000097
2021-02-04 21:00:00,1807.844755,0.196300,0.038367,0.000084
2021-02-04 22:00:00,1726.100006,0.159810,0.043828,0.000083
2021-02-04 23:00:00,1696.833182,0.140313,0.050104,0.000075
2021-02-05 00:00:00,1637.356494,0.191038,0.062073,0.000082
2021-02-05 01:00:00,1621.470529,0.204905,0.082548,0.000078
2021-02-05 02:00:00,1631.488828,0.195395,0.102523,0.000081
2021-02-05 03:00:00,1654.890424,0.183046,0.125522,0.000087
2021-02-05 04:00:00,1697.874646,0.194674,0.124224,0.000087
2021-02-05 05:00:00,1851.426809,0.230032,0.160125,0.000082
2021-02-05 06:00:00,2071.508538,0.257155,0.178730,0.000147
2021-02-05 07:00:00,2182.473193,0.313360,0.190834,0.012019
2021-02-05 08:00:00,2193.723406,0.341174,0.199751,0.052363
2021-02-05 09:00:00,2221.382697,0.374493,0.224774,0.099196
2021-02-05 10:00:00,2205.203650,0.372657,0.249016,0.138101
2021-02-05 11:00:00,2175.121235,0.391551,0.257526,0.147299
2021-02-05 12:00:00,2138.763085,0.443645,0.302510,0.140330
2021-02-05 13:00:00,2104.959632,0.428490,0.333795,0.118493
2021-02-05 14:00:00,2079.568810,0.430979,0.339290,0.061109
2021-02-05 15:00:00,2123.627310,0.443919,0.367602,0.012470
2021-02-05 16:00:00,2356.525104,0.430180,0.382321,0.000115
2021-02-05 17:00:00,2379.877636,0.463054,0.385126,0.000116
2021-02-05 18:00:00,2220.047787,0.489278,0.382819,0.000099
2021-02-05 19:00:00,2064.451172,0.471503,0.384571,0.000085
2021-02-05 20:00:00,1969.330474,0.434681,0.372665,0.000070
2021-02-05 21:00:00,1926.267872,0.465364,0.379826,0.000076
2021-02-05 22:00:00,1839.206167,0.465970,0.396693,0.000073
2021-02-05 23:00:00,1784.048210,0.490641,0.401755,0.000076
2021-02-06 00:00:00,1743.531044,0.563162,0.388549,0.000071
2021-02-06 01:00:00,1715.238175,0.538716,0.407472,0.000063
2021-02-06 02:00:00,1705.629531,0.520066,0.408462,0.000068
2021-02-06 03:00:00,1699.791945,0.540801,0.398681,0.000070
2021-02-06 04:00:00,1725.418421,0.590141,0.401778,0.000072
2021-02-06 05:00:00,1804.070036,0.590554,0.418189,0.000071
2021-02-06 06:00:00,1907.309269,0.560166,0.415147,0.000237
2021-02-06 07:00:00,1962.800426,0.541880,0.409975,0.025476
2021-02-06 08:00:00,2027.169108,0.552921,0.404331,0.127691
2021-02-06 09:00:00,2053.573478,0.550392,0.387819,0.246607
2021-02-06 10:00:00,2037.201578,0.579313,0.376972,0.313951
2021-02-06 11:00:00,1992.234763,0.598912,0.385976,0.346311
2021-02-06 12:00:00,1991.568194,0.608459,0.396434,0.326252
2021-02-06 13:00:00,2021.558283,0.615809,0.398017,0.247567
2021-02-06 14:00:00,1982.908046,0.603031,0.381470,0.139427
2021-02-06 15:00:00,2030.313532,0.555606,0.381281,0.026407
2021-02-06 16:00:00,2273.199199,0.523853,0.410778,0.000224
2021-02-06 17:00:00,2295.481330,0.530675,0.418383,0.000179
2021-02-06 18:00:00,2200.590989,0.562208,0.414604,0.000167
2021-02-06 19:00:00,2135.720939,0.613950,0.413243,0.000118
2021-02-06 20:00:00,2048.633045,0.637435,0.420425,0.000090
2021-02-06 21:00:00,1961.513491,0.654672,0.417596,0.000084
2021-02-06 22:00:00,1883.989714,0.667185,0.417861,0.000078
2021-02-06 23:00:00,1807.032272,0.667053,0.413760,0.000067
2021-02-07 00:00:00,1754.340653,0.712502,0.427024,0.000074
2021-02-07 01:00:00,1720.061339,0.723212,0.430663,0.000070
2021-02-07 02:00:00,1706.163232,0.708120,0.429920,0.000067
2021-02-07 03:00:00,1706.471073,0.740573,0.423450,0.000072
2021-02-07 04:00:00,1720.732165,0.751990,0.419568,0.000079
2021-02-07 05:00:00,1780.472508,0.784788,0.424076,0.000086
2021-02-07 06:00:00,1874.527117,0.797217,0.422848,0.000131
2021-02-07 07:00:00,1953.463756,0.789590,0.420193,0.007533
2021-02-07 08:00:00,2074.566982,0.808498,0.420571,0.039808
2021-02-07 09:00:00,2181.481268,0.780184,0.417100,0.076823
2021-02-07 10:00:00,2207.475621,0.790252,0.417094,0.116124
2021-02-07 11:00:00,2199.693032,0.787468,0.420567,0.129553
2021-02-07 12:00:00,2187.332193,0.784682,0.424957,0.102723
2021-02-07 13:00:00,2177.280389,0.789484,0.426408,0.069008
2021-02-07 14:00:00,2169.151459,0.800795,0.427321,0.039724
2021-02-07 15:00:00,2211.084050,0.795356,0.427864,0.007758
2021-02-07 16:00:00,2348.079433,0.824892,0.426635,0.000108
2021-02-07 17:00:00,2390.518079,0.886337,0.425912,0.000102
2021-02-07 18:00:00,2296.494454,0.886767,0.426213,0.000090
2021-02-07 19:00:00,2158.362436,0.886871,0.427180,0.000087
2021-02-07 20:00:00,2039.949402,0.872066,0.427022,0.000087
2021-02-07 21:00:00,1922.971818,0.853623,0.427124,0.000101
2021-02-07 22:00:00,1846.249518,0.887278,0.426032,0.000101
2021-02-07 23:00:00,1766.505864,0.888028,0.424739,0.000100
2021-02-08 00:00:00,1724.214221,0.913864,0.424466,0.000101
2021-02-08 01:00:00,1693.885171,0.917973,0.425243,0.000102
2021-02-08 02:00:00,1695.057328,0.901189,0.423438,0.000096
2021-02-08 03:00:00,1719.836472,0.888243,0.418000,0.000099
2021-02-08 04:00:00,1813.271854,0.857365,0.413465,0.000102
2021-02-08 05:00:00,1968.658981,0.869069,0.421052,0.000113
2021-02-08 06:00:00,2170.429903,0.878614,0.424362,0.000189
2021-02-08 07:00:00,2276.513547,0.860761,0.425582,0.011342
2021-02-08 08:00:00,2308.570134,0.870995,0.425486,0.055184
2021-02-08 09:00:00,2330.872711,0.899903,0.422558,0.111948
2021-02-08 10:00:00,2306.638676,0.909667,0.421514,0.158076
2021-02-08 11:00:00,2290.154892,0.928460,0.425713,0.137988
2021-02-08 12:00:00,2273.898123,0.942069,0.426509,0.131415
2021-02-08 13:00:00,2241.742298,0.939187,0.426662,0.095867
2021-02-08 14:00:00,2227.263435,0.940890,0.424924,0.057215
2021-02-08 15:00:00,2274.240021,0.946425,0.426613,0.012301
2021-02-08 16:00:00,2499.868569,0.929755,0.426600,0.000158
2021-02-08 17:00:00,2466.406000,0.914532,0.425999,0.000143
2021-02-08 18:00:00,2304.776060,0.909129,0.425307,0.000114
2021-02-08 19:00:00,2158.595786,0.899567,0.425073,0.000110
2021-02-08 20:00:00,2049.543638,0.886063,0.424585,0.000100
2021-02-08 21:00:00,1924.787728,0.879472,0.425114,0.000091
2021-02-08 22:00:00,1853.593029,0.882065,0.425170,0.000095
2021-02-08 23:00:00,1775.385277,0.704842,0.425070,0.000098
2021-02-09 00:00:00,1725.940065,0.738369,0.425099,0.000101
2021-02-09 01:00:00,1699.569781,0.784973,0.424695,0.000093
2021-02-09 02:00:00,1712.472887,0.779220,0.424526,0.000095
2021-02-09 03:00:00,1733.860755,0.900277,0.416704,0.000090
2021-02-09 04:00:00,1815.793430,0.893211,0.394715,0.000098
2021-02-09 05:00:00,2019.099507,0.750937,0.327660,0.000105
2021-02-09 06:00:00,2197.200046,0.876550,0.426133,0.000483
2021-02-09 07:00:00,2295.232496,0.874628,0.423100,0.033235
2021-02-09 08:00:00,2292.845973,0.882544,0.422844,0.144590
2021-02-09 09:00:00,2319.514400,0.890107,0.414651,0.269573
2021-02-09 10:00:00,2290.012144,0.875913,0.404621,0.373819
2021-02-09 11:00:00,2218.888411,0.855394,0.402871,0.416363
2021-02-09 12:00:00,2224.648806,0.820845,0.407245,0.366568
2021-02-09 13:00:00,2253.581274,0.787372,0.416303,0.269544
2021-02-09 14:00:00,2145.754544,0.708231,0.409595,0.129779
2021-02-09 15:00:00,2173.262414,0.649832,0.403238,0.027366
2021-02-09 16:00:00,2425.639290,0.620781,0.400175,0.000311
2021-02-09 17:00:00,2434.975695,0.608409,0.409194,0.000206
2021-02-09 18:00:00,2276.296028,0.615087,0.403035,0.000146
2021-02-09 19:00:00,2122.871309,0.632143,0.411432,0.000121
2021-02-09 20:00:00,2091.296042,0.618986,0.416062,0.000108
2021-02-09 21:00:00,1959.359632,0.574087,0.414633,0.000082
2021-02-09 22:00:00,1830.841959,0.518322,0.405631,0.000078
2021-02-09 23:00:00,1740.670761,0.475886,0.383764,0.000077
2021-02-10 00:00:00,1690.257024,0.434487,0.382419,0.000087
2021-02-10 01:00:00,1669.245530,0.392126,0.360522,0.000083
2021-02-10 02:00:00,1678.442064,0.362072,0.325270,0.000088
2021-02-10 03:00:00,1699.886616,0.387042,0.318548,0.000091
2021-02-10 04:00:00,1790.390806,0.419069,0.335371,0.000095
2021-02-10 05:00:00,1954.130163,0.409818,0.322221,0.000100
2021-02-10 06:00:00,2159.191230,0.394946,0.284734,0.000153
2021-02-10 07:00:00,2256.412698,0.356479,0.258849,0.014812
2021-02-10 08:00:00,2279.854411,0.350195,0.253303,0.082494
2021-02-10 09:00:00,2258.547308,0.402062,0.277139,0.201072
2021-02-10 10:00:00,2204.513573,0.396113,0.298465,0.353082
2021-02-10 11:00:00,2159.363709,0.372632,0.265547,0.447736
2021-02-10 12:00:00,2120.410578,0.360522,0.242032,0.448695
2021-02-10 13:00:00,2085.778642,0.341248,0.222799,0.366258
2021-02-10 14:00:00,2057.153031,0.322022,0.246848,0.206827
2021-02-10 15:00:00,2099.815992,0.304840,0.222532,0.052306
2021-02-10 16:00:00,2358.961764,0.320896,0.183524,0.000566
2021-02-10 17:00:00,2387.015751,0.349602,0.174728,0.000212
2021-02-10 18:00:00,2222.957206,0.351960,0.159127,0.000160
2021-02-10 19:00:00,2089.838604,0.327122,0.167035,0.000137
2021-02-10 20:00:00,1993.625643,0.313730,0.138956,0.000112
2021-02-10 21:00:00,1871.603338,0.252715,0.118121,0.000103
2021-02-10 22:00:00,1738.871097,0.198513,0.107979,0.000095
2021-02-10 23:00:00,1751.467229,0.187658,0.147829,0.000079
2021-02-11 00:00:00,1705.701500,0.186172,0.139198,0.000079
2021-02-11 01:00:00,1675.019450,0.182313,0.121081,0.000076
2021-02-11 02:00:00,1680.106906,0.160884,0.106824,0.000078
2021-02-11 03:00:00,1712.125858,0.139847,0.100371,0.000073
2021-02-11 04:00:00,1763.125433,0.126895,0.120102,0.000092
2021-02-11 05:00:00,1919.392088,0.138868,0.127245,0.000105
2021-02-11 06:00:00,2161.081339,0.136249,0.111215,0.000903
2021-02-11 07:00:00,2256.397502,0.110839,0.087497,0.030047
2021-02-11 08:00:00,2285.861902,0.086592,0.069587,0.100860
2021-02-11 09:00:00,2283.693377,0.080731,0.063395,0.192016
2021-02-11 10:00:00,2257.504652,0.088626,0.067109,0.346029
2021-02-11 11:00:00,2206.997912,0.101917,0.090947,0.407053
2021-02-11 12:00:00,2160.888000,0.116637,0.108650,0.371251
2021-02-11 13:00:00,2130.242086,0.134582,0.128504,0.297531
2021-02-11 14:00:00,2121.081684,0.148528,0.140661,0.181013
2021-02-11 15:00:00,2171.739332,0.145593,0.132976,0.056961
2021-02-11 16:00:00,2405.861407,0.166082,0.121312,0.000688
2021-02-11 17:00:00,2430.411152,0.214843,0.129274,0.000195
2021-02-11 18:00:00,2288.119336,0.254066,0.183787,0.000177
2021-02-11 19:00:00,2154.133505,0.265597,0.194969,0.000121
2021-02-11 20:00:00,2035.950703,0.254516,0.186607,0.000110
2021-02-11 21:00:00,1889.321714,0.249958,0.167125,0.000133
2021-02-11 22:00:00,1804.818948,0.251319,0.146905,0.000097
2021-02-11 23:00:00,1750.257413,0.221508,0.117757,0.000101
2021-02-12 00:00:00,1767.841080,0.203420,0.112974,0.000101
2021-02-12 01:00:00,1746.949324,0.197787,0.104433,0.000103
2021-02-12 02:00:00,1763.730120,0.189135,0.129014,0.000107
2021-02-12 03:00:00,1779.435033,0.175008,0.145688,0.000108
2021-02-12 04:00:00,1874.299720,0.164150,0.111656,0.000120
2021-02-12 05:00:00,2013.234781,0.146563,0.109538,0.000135
2021-02-12 06:00:00,2222.376044,0.146788,0.111283,0.001398
2021-02-12 07:00:00,2318.048890,0.151334,0.119604,0.057187
2021-02-12 08:00:00,2318.744714,0.131028,0.082614,0.212696
2021-02-12 09:00:00,2281.147303,0.126321,0.071312,0.369051
2021-02-12 10:00:00,2243.452238,0.111596,0.043159,0.477275
2021-02-12 11:00:00,2169.943566,0.119942,0.048205,0.521653
2021-02-12 12:00:00,2109.311476,0.132405,0.044199,0.496431
2021-02-12 13:00:00,2069.525382,0.112169,0.059569,0.399915
2021-02-12 14:00:00,2040.855111,0.099413,0.055706,0.244604
2021-02-12 15:00:00,2066.724343,0.104489,0.060761,0.071858
2021-02-12 16:00:00,2294.271174,0.141352,0.068644,0.001016
2021-02-12 17:00:00,2346.803845,0.163693,0.079093,0.000263
2021-02-12 18:00:00,2201.126642,0.180495,0.073998,0.000193
2021-02-12 19:00:00,2052.482456,0.185461,0.082687,0.000157
2021-02-12 20:00:00,1970.174390,0.141263,0.080480,0.000147
2021-02-12 21:00:00,1882.984891,0.110063,0.082560,0.000139
2021-02-12 22:00:00,1787.126651,0.091180,0.061957,0.000131
2021-02-12 23:00:00,1723.833882,0.069723,0.052306,0.000087
2021-02-13 00:00:00,1729.692234,0.060699,0.037088,0.000087
2021-02-13 01:00:00,1703.220642,0.050362,0.026521,0.000092
2021-02-13 02:00:00,1704.511307,0.032451,0.022887,0.000090
2021-02-13 03:00:00,1707.758009,0.026109,0.022070,0.000084
2021-02-13 04:00:00,1741.493635,0.022044,0.012879,0.000086
2021-02-13 05:00:00,1773.786525,0.028092,0.012657,0.000096
2021-02-13 06:00:00,1870.803504,0.034685,0.020275,0.001394
2021-02-13 07:00:00,1963.632407,0.042819,0.025239,0.063535
2021-02-13 08:00:00,2012.150119,0.046249,0.029378,0.231626
2021-02-13 09:00:00,2008.229694,0.035496,0.025221,0.409169
2021-02-13 10:00:00,1981.281282,0.027769,0.026728,0.543659
2021-02-13 11:00:00,1926.908732,0.019154,0.015103,0.615320
2021-02-13 12:00:00,1921.413306,0.014802,0.011574,0.580618
2021-02-13 13:00:00,1879.696938,0.014218,0.009701,0.455635
2021-02-13 14:00:00,1867.609392,0.016172,0.013361,0.285174
2021-02-13 15:00:00,1930.323136,0.018846,0.019319,0.085795
2021-02-13 16:00:00,2140.562672,0.033825,0.022474,0.001505
2021-02-13 17:00:00,2225.644086,0.048808,0.044263,0.000246
2021-02-13 18:00:00,2089.364602,0.033118,0.055747,0.000192
2021-02-13 19:00:00,2001.445735,0.034929,0.029930,0.000152
2021-02-13 20:00:00,1901.146085,0.059553,0.023043,0.000126
2021-02-13 21:00:00,1815.451350,0.075369,0.022266,0.000117
2021-02-13 22:00:00,1743.712437,0.082594,0.030517,0.000108
2021-02-13 23:00:00,1730.183747,0.089385,0.045072,0.000094
2021-02-14 00:00:00,1694.139063,0.078357,0.040229,0.000093
2021-02-14 01:00:00,1662.770055,0.090790,0.036857,0.000090
2021-02-14 02:00:00,1677.843761,0.046707,0.025552,0.000082
2021-02-14 03:00:00,1688.329015,0.042141,0.017413,0.000080
2021-02-14 04:00:00,1713.317533,0.037079,0.023746,0.000083
2021-02-14 05:00:00,1783.583269,0.031197,0.013822,0.000099
2021-02-14 06:00:00,1868.708425,0.039825,0.019856,0.002496
2021-02-14 07:00:00,1917.069667,0.030868,0.018644,0.067513
2021-02-14 08:00:00,1952.690365,0.025127,0.012337,0.244774
2021-02-14 09:00:00,1955.245035,0.026712,0.009060,0.461645
2021-02-14 10:00:00,1918.492911,0.031188,0.017032,0.595260
2021-02-14 11:00:00,1907.687709,0.025528,0.009646,0.648413
2021-02-14 12:00:00,1874.444831,0.023407,0.012471,0.590520
2021-02-14 13:00:00,1892.032248,0.029492,0.019701,0.436423
2021-02-14 14:00:00,1836.100548,0.035196,0.029096,0.282127
2021-02-14 15:00:00,1894.766652,0.046621,0.034085,0.080660
2021-02-14 16:00:00,2115.733596,0.066778,0.046609,0.001436
2021-02-14 17:00:00,2205.183681,0.093172,0.042768,0.000237
2021-02-14 18:00:00,2087.553257,0.114313,0.054846,0.000195
2021-02-14 19:00:00,1964.480297,0.154710,0.067399,0.000161
2021-02-14 20:00:00,1864.144112,0.168332,0.068324,0.000151
2021-02-14 21:00:00,1809.482343,0.179645,0.074654,0.000120
2021-02-14 22:00:00,1769.156277,0.186385,0.068610,0.000095
2021-02-14 23:00:00,1700.180825,0.175529,0.074696,0.000083
2021-02-15 00:00:00,1654.769439,0.187287,0.075606,0.000076
2021-02-15 01:00:00,1635.652700,0.214952,0.067758,0.000078
2021-02-15 02:00:00,1644.765139,0.226204,0.072059,0.000074
2021-02-15 03:00:00,1658.186204,0.291189,0.106295,0.000080
2021-02-15 04:00:00,1735.805923,0.325508,0.154846,0.000081
2021-02-15 05:00:00,1868.737058,0.363799,0.186398,0.000092
2021-02-15 06:00:00,2057.890918,0.427357,0.214703,0.001527
2021-02-15 07:00:00,2179.399828,0.464229,0.285348,0.025956
2021-02-15 08:00:00,2230.664300,0.524336,0.360689,0.072620
2021-02-15 09:00:00,2264.757718,0.563826,0.402663,0.108732
2021-02-15 10:00:00,2265.223978,0.565545,0.409645,0.126534
2021-02-15 11:00:00,2243.267231,0.570894,0.374506,0.104415
2021-02-15 12:00:00,2243.648628,0.581038,0.378267,0.074171
2021-02-15 13:00:00,2180.734331,0.643018,0.423989,0.053520
2021-02-15 14:00:00,2152.612618,0.699014,0.420732,0.034081
2021-02-15 15:00:00,2194.361020,0.755632,0.416734,0.009423
2021-02-15 16:00:00,2401.646405,0.743359,0.423007,0.000669
2021-02-15 17:00:00,2401.046541,0.742702,0.426522,0.000121
2021-02-15 18:00:00,2225.081468,0.694101,0.433831,0.000105
2021-02-15 19:00:00,2055.031935,0.598743,0.420281,0.000102
2021-02-15 20:00:00,1968.254650,0.476676,0.358390,0.000094
2021-02-15 21:00:00,1830.661660,0.300446,0.295308,0.000092
2021-02-15 22:00:00,1704.465554,0.175460,0.191731,0.000086
2021-02-15 23:00:00,1616.534101,0.089415,0.104600,0.000082
2021-02-16 00:00:00,1560.855116,0.057110,0.077032,0.000080
2021-02-16 01:00:00,1583.314604,0.042021,0.040670,0.000081
2021-02-16 02:00:00,1597.577555,0.032386,0.018133,0.000081
2021-02-16 03:00:00,1623.847509,0.033048,0.008638,0.000087
2021-02-16 04:00:00,1656.078031,0.019295,0.004529,0.000086
2021-02-16 05:00:00,1799.071301,0.011886,0.003144,0.000088
2021-02-16 06:00:00,1997.132483,0.011151,0.004814,0.000779
2021-02-16 07:00:00,2106.504771,0.019385,0.005522,0.015799
2021-02-16 08:00:00,2147.164799,0.023361,0.019150,0.051968
2021-02-16 09:00:00,2145.428572,0.022341,0.013516,0.080886
2021-02-16 10:00:00,2147.287355,0.029665,0.016178,0.102920
2021-02-16 11:00:00,2137.747455,0.029522,0.012759,0.121258
2021-02-16 12:00:00,2109.913917,0.058001,0.024127,0.116547
2021-02-16 13:00:00,2075.031081,0.118371,0.092018,0.091127
2021-02-16 14:00:00,2046.643072,0.103638,0.057288,0.037410
2021-02-16 15:00:00,2087.892830,0.150099,0.061992,0.008266
2021-02-16 16:00:00,2291.358927,0.231802,0.080821,0.000142
2021-02-16 17:00:00,2324.892503,0.312291,0.156452,0.000094
2021-02-16 18:00:00,2145.276322,0.383858,0.173147,0.000103
2021-02-16 19:00:00,2009.292725,0.351705,0.181622,0.000079
2021-02-16 20:00:00,1876.713142,0.400358,0.112343,0.000075
2021-02-16 21:00:00,1780.274964,0.361644,0.141381,0.000075
2021-02-16 22:00:00,1670.566926,0.344371,0.188005,0.000072
2021-02-16 23:00:00,1592.626117,0.319030,0.175766,0.000069
2021-02-17 00:00:00,1531.015713,0.295684,0.203439,0.000065
2021-02-17 01:00:00,1500.769406,0.255431,0.203054,0.000059
2021-02-17 02:00:00,1509.158015,0.232909,0.226635,0.000067
2021-02-17 03:00:00,1547.384696,0.282630,0.235701,0.000064
2021-02-17 04:00:00,1635.791867,0.354735,0.212909,0.000067
2021-02-17 05:00:00,1813.305401,0.363669,0.290824,0.000071
2021-02-17 06:00:00,1984.953764,0.351729,0.336162,0.000283
2021-02-17 07:00:00,2105.228115,0.366712,0.355648,0.010326
2021-02-17 08:00:00,2155.750686,0.376562,0.364165,0.039441
2021-02-17 09:00:00,2161.393240,0.332646,0.337929,0.067626
2021-02-17 10:00:00,2178.663750,0.319441,0.350548,0.090817
2021-02-17 11:00:00,2179.776858,0.263142,0.315350,0.108958
2021-02-17 12:00:00,2140.386565,0.205324,0.285462,0.096375
2021-02-17 13:00:00,2110.798321,0.213609,0.303419,0.074312
2021-02-17 14:00:00,2049.401510,0.194924,0.227724,0.037692
2021-02-17 15:00:00,2072.107201,0.201549,0.235789,0.011003
2021-02-17 16:00:00,2245.908859,0.171006,0.224038,0.000186
2021-02-17 17:00:00,2250.550047,0.109046,0.150094,0.000104
2021-02-17 18:00:00,2090.283015,0.053959,0.058292,0.000088
2021-02-17 19:00:00,1944.340490,0.026027,0.009293,0.000083
2021-02-17 20:00:00,1838.114657,0.042048,0.010559,0.000070
2021-02-17 21:00:00,1733.755630,0.101832,0.019996,0.000065
2021-02-17 22:00:00,1625.967371,0.201774,0.047707,0.000068
2021-02-17 23:00:00,1546.545975,0.250335,0.096038,0.000062
2021-02-18 00:00:00,1492.809495,0.226196,0.141027,0.000060
2021-02-18 01:00:00,1467.916966,0.276361,0.135772,0.000063
2021-02-18 02:00:00,1469.013587,0.263399,0.100604,0.000068
2021-02-18 03:00:00,1490.586420,0.233998,0.080409,0.000066
2021-02-18 04:00:00,1570.106902,0.220036,0.062488,0.000075
2021-02-18 05:00:00,1749.954269,0.234555,0.062181,0.000079
2021-02-18 06:00:00,1923.158161,0.229911,0.059543,0.000697
2021-02-18 07:00:00,2057.088715,0.217663,0.082030,0.014078
2021-02-18 08:00:00,2117.926348,0.229210,0.103982,0.049513
2021-02-18 09:00:00,2176.494466,0.207208,0.112404,0.082804
2021-02-18 10:00:00,2146.295898,0.265091,0.129016,0.089491
2021-02-18 11:00:00,2150.166899,0.274900,0.117925,0.075920
2021-02-18 12:00:00,2168.131515,0.300061,0.185357,0.130174
2021-02-18 13:00:00,2141.942618,0.338186,0.303244,0.151587
2021-02-18 14:00:00,2099.679469,0.421040,0.360715,0.112992
2021-02-18 15:00:00,2117.179409,0.509436,0.386266,0.030949
2021-02-18 16:00:00,2300.736619,0.581395,0.412378,0.000938
2021-02-18 17:00:00,2270.935711,0.638713,0.442394,0.000116
2021-02-18 18:00:00,2113.419981,0.682521,0.443484,0.000106
2021-02-18 19:00:00,2047.769610,0.666036,0.447168,0.000084
2021-02-18 20:00:00,1880.837751,0.718610,0.443771,0.000073
2021-02-18 21:00:00,1753.774740,0.713013,0.418634,0.000078
2021-02-18 22:00:00,1693.315964,0.645431,0.407734,0.000068
2021-02-18 23:00:00,1552.881258,0.629028,0.443015,0.000072
2021-02-19 00:00:00,1494.910419,0.640137,0.424734,0.000070
2021-02-19 01:00:00,1467.721675,0.611898,0.430930,0.000065
2021-02-19 02:00:00,1471.738924,0.558595,0.412772,0.000061
2021-02-19 03:00:00,1477.195353,0.524249,0.328075,0.000069
2021-02-19 04:00:00,1552.809363,0.539289,0.305976,0.000064
2021-02-19 05:00:00,1784.686610,0.393146,0.322634,0.000069
2021-02-19 06:00:00,1972.748233,0.375247,0.391995,0.000738
2021-02-19 07:00:00,1989.384959,0.442126,0.373852,0.029708
2021-02-19 08:00:00,2032.866724,0.432261,0.339738,0.080322
2021-02-19 09:00:00,2057.816675,0.412223,0.318198,0.160502
2021-02-19 10:00:00,2085.814881,0.414312,0.285110,0.345832
2021-02-19 11:00:00,2053.283280,0.484570,0.321872,0.376386
2021-02-19 12:00:00,1990.887048,0.433047,0.256398,0.293215
2021-02-19 13:00:00,1940.475916,0.323296,0.191529,0.207505
2021-02-19 14:00:00,1910.767217,0.209360,0.143331,0.177232
2021-02-19 15:00:00,1949.697952,0.143104,0.103874,0.065087
2021-02-19 16:00:00,2096.635013,0.169536,0.115638,0.002425
2021-02-19 17:00:00,2137.239905,0.181466,0.108322,0.000163
2021-02-19 18:00:00,1996.424881,0.212642,0.094969,0.000121
2021-02-19 19:00:00,1891.733135,0.259913,0.162859,0.000096
2021-02-19 20:00:00,1776.270376,0.316104,0.198784,0.000089
2021-02-19 21:00:00,1676.741972,0.373349,0.261625,0.000091
2021-02-19 22:00:00,1615.345849,0.369514,0.338725,0.000068
2021-02-19 23:00:00,1560.729641,0.313247,0.277334,0.000267
2021-02-20 00:00:00,1510.171537,0.302873,0.183384,0.000053
2021-02-20 01:00:00,1467.954714,0.337528,0.182355,0.000046
2021-02-20 02:00:00,1457.626588,0.330389,0.214200,0.000047
2021-02-20 03:00:00,1460.301962,0.317017,0.252398,0.000051
2021-02-20 04:00:00,1465.728824,0.357358,0.215895,0.000049
2021-02-20 05:00:00,1531.051465,0.383731,0.206811,0.000051
2021-02-20 06:00:00,1599.996221,0.406742,0.211538,0.002661
2021-02-20 07:00:00,1691.966808,0.404969,0.247825,0.044012
2021-02-20 08:00:00,1798.663002,0.362341,0.240580,0.111468
2021-02-20 09:00:00,1864.422315,0.339747,0.250961,0.179489
2021-02-20 10:00:00,1908.551064,0.302369,0.256613,0.250698
2021-02-20 11:00:00,1891.630844,0.255363,0.232712,0.290168
2021-02-20 12:00:00,1877.541095,0.252751,0.172597,0.332289
2021-02-20 13:00:00,1844.409755,0.305521,0.141251,0.235238
2021-02-20 14:00:00,1837.231617,0.243023,0.138621,0.200028
2021-02-20 15:00:00,1850.337308,0.240959,0.186627,0.076090
2021-02-20 16:00:00,1997.075504,0.303745,0.250173,0.002341
2021-02-20 17:00:00,2107.321053,0.398133,0.349431,0.000157
2021-02-20 18:00:00,1982.477041,0.465983,0.379372,0.000114
2021-02-20 19:00:00,1864.114079,0.502479,0.398308,0.000083
2021-02-20 20:00:00,1782.922623,0.524629,0.387163,0.000073
2021-02-20 21:00:00,1698.609745,0.514649,0.390381,0.000070
2021-02-20 22:00:00,1611.637077,0.498246,0.358099,0.000056
2021-02-20 23:00:00,1532.145667,0.477003,0.300945,0.000060
2021-02-21 00:00:00,1473.807719,0.472292,0.289850,0.000057
2021-02-21 01:00:00,1406.124103,0.422608,0.329289,0.000061
2021-02-21 02:00:00,1385.209764,0.380790,0.315012,0.000056
2021-02-21 03:00:00,1376.264375,0.349494,0.229794,0.000057
2021-02-21 04:00:00,1384.158413,0.358583,0.244254,0.000062
2021-02-21 05:00:00,1440.562389,0.339657,0.238913,0.000066
2021-02-21 06:00:00,1516.214325,0.295833,0.263521,0.008266
2021-02-21 07:00:00,1611.645131,0.251217,0.241747,0.076259
2021-02-21 08:00:00,1724.379352,0.187850,0.205178,0.169897
2021-02-21 09:00:00,1751.383975,0.137458,0.202465,0.325913
2021-02-21 10:00:00,1766.128763,0.091412,0.157279,0.558386
2021-02-21 11:00:00,1661.353490,0.041059,0.104939,0.619834
2021-02-21 12:00:00,1609.486309,0.027216,0.067370,0.578107
2021-02-21 13:00:00,1586.073513,0.016023,0.041064,0.465651
2021-02-21 14:00:00,1592.480031,0.012231,0.016410,0.303541
2021-02-21 15:00:00,1617.422863,0.024006,0.003581,0.122584
2021-02-21 16:00:00,1842.351073,0.068500,0.007515,0.008718
2021-02-21 17:00:00,1956.699472,0.139885,0.028657,0.000297
2021-02-21 18:00:00,1828.660974,0.166277,0.052228,0.000238
2021-02-21 19:00:00,1703.961222,0.164346,0.055730,0.000178
2021-02-21 20:00:00,1598.211881,0.124631,0.040493,0.000126
2021-02-21 21:00:00,1526.777252,0.115556,0.026491,0.000109
2021-02-21 22:00:00,1432.848779,0.108990,0.030042,0.000090
2021-02-21 23:00:00,1362.270261,0.098365,0.027160,0.000073
2021-02-22 00:00:00,1335.669013,0.114488,0.030493,0.000072
2021-02-22 01:00:00,1338.990954,0.132682,0.051985,0.000073
2021-02-22 02:00:00,1357.768197,0.131252,0.077231,0.000056
2021-02-22 03:00:00,1330.113371,0.079034,0.078622,0.000056
2021-02-22 04:00:00,1429.382676,0.049932,0.091244,0.000063
2021-02-22 05:00:00,1634.082650,0.057453,0.084476,0.000073
2021-02-22 06:00:00,1857.340294,0.082430,0.103559,0.010947
2021-02-22 07:00:00,1953.734021,0.119383,0.134901,0.125067
2021-02-22 08:00:00,1951.138802,0.118413,0.138503,0.337396
2021-02-22 09:00:00,1924.789488,0.083204,0.103071,0.525377
2021-02-22 10:00:00,1941.326173,0.059245,0.098204,0.642009
2021-02-22 11:00:00,1887.911224,0.047472,0.083868,0.673522
2021-02-22 12:00:00,1853.804789,0.060609,0.099104,0.617887
2021-02-22 13:00:00,1839.751398,0.074303,0.081798,0.415630
2021-02-22 14:00:00,1803.719947,0.124803,0.052555,0.246861
2021-02-22 15:00:00,1788.374638,0.213317,0.059475,0.095133
2021-02-22 16:00:00,2011.456941,0.342504,0.082962,0.005501
2021-02-22 17:00:00,2093.181343,0.463739,0.147487,0.000342
2021-02-22 18:00:00,1933.709886,0.459515,0.254295,0.000264
2021-02-22 19:00:00,1775.834739,0.412759,0.314138,0.000203
2021-02-22 20:00:00,1652.530048,0.401604,0.361623,0.000161
2021-02-22 21:00:00,1562.236003,0.398902,0.387262,0.000127
2021-02-22 22:00:00,1444.105325,0.392944,0.366631,0.000118
2021-02-22 23:00:00,1340.610329,0.425506,0.360500,0.000093
2021-02-23 00:00:00,1338.209672,0.344175,0.334845,0.000084
2021-02-23 01:00:00,1305.218466,0.402425,0.244334,0.000077
2021-02-23 02:00:00,1291.834128,0.366696,0.231873,0.000081
2021-02-23 03:00:00,1285.953521,0.381278,0.187304,0.000077
2021-02-23 04:00:00,1340.529521,0.331774,0.188700,0.000077
2021-02-23 05:00:00,1552.781566,0.352067,0.153691,0.000118
2021-02-23 06:00:00,1760.849505,0.350087,0.218208,0.003639
2021-02-23 07:00:00,1917.133010,0.350128,0.207239,0.041332
2021-02-23 08:00:00,1946.813853,0.272666,0.176774,0.098745
2021-02-23 09:00:00,1905.803488,0.125333,0.146130,0.183016
2021-02-23 10:00:00,1905.073217,0.139974,0.218648,0.183749
2021-02-23 11:00:00,1880.880258,0.105765,0.252697,0.141487
2021-02-23 12:00:00,1905.054887,0.121417,0.253367,0.115051
2021-02-23 13:00:00,1876.529416,0.107976,0.121089,0.110030
2021-02-23 14:00:00,1806.195972,0.127760,0.208991,0.087375
2021-02-23 15:00:00,1846.838372,0.198254,0.269476,0.029087
2021-02-23 16:00:00,2032.189751,0.241432,0.238250,0.001072
2021-02-23 17:00:00,2045.328642,0.213976,0.142729,0.000138
2021-02-23 18:00:00,1884.731120,0.182717,0.118305,0.000113
2021-02-23 19:00:00,1735.825104,0.128374,0.087359,0.000106
2021-02-23 20:00:00,1639.997753,0.103805,0.048267,0.000098
2021-02-23 21:00:00,1522.529827,0.142907,0.161425,0.000079
2021-02-23 22:00:00,1464.187197,0.238089,0.362584,0.000074
2021-02-23 23:00:00,1359.089709,0.458544,0.411461,0.000084
2021-02-24 00:00:00,1324.423123,0.554255,0.431293,0.000078
2021-02-24 01:00:00,1314.289592,0.538237,0.428086,0.000080
2021-02-24 02:00:00,1323.209609,0.503298,0.413380,0.000084
2021-02-24 03:00:00,1348.777406,0.520335,0.413123,0.000086
2021-02-24 04:00:00,1417.860963,0.599885,0.422149,0.000087
2021-02-24 05:00:00,1659.366521,0.519137,0.442911,0.000098
2021-02-24 06:00:00,1875.328529,0.621082,0.451999,0.006066
2021-02-24 07:00:00,1934.962808,0.449422,0.435033,0.067908
2021-02-24 08:00:00,1968.734433,0.513612,0.445735,0.192749
2021-02-24 09:00:00,1951.268736,0.517096,0.451494,0.331076
2021-02-24 10:00:00,1932.354122,0.590864,0.443475,0.421837
2021-02-24 11:00:00,1906.294376,0.514125,0.431569,0.536747
2021-02-24 12:00:00,1861.342800,0.627344,0.424058,0.491522
2021-02-24 13:00:00,1822.409597,0.542829,0.394411,0.329101
2021-02-24 14:00:00,1721.811250,0.613870,0.308929,0.151869
2021-02-24 15:00:00,1767.112034,0.590894,0.373537,0.053745
2021-02-24 16:00:00,1930.927569,0.552214,0.345734,0.005191
2021-02-24 17:00:00,1998.943528,0.533227,0.409018,0.000295
2021-02-24 18:00:00,1859.522625,0.549050,0.406060,0.000234
2021-02-24 19:00:00,1719.301006,0.572197,0.404289,0.000170
2021-02-24 20:00:00,1588.345217,0.601349,0.358632,0.000137
2021-02-24 21:00:00,1519.175909,0.483954,0.390615,0.000113
2021-02-24 22:00:00,1404.004390,0.573897,0.368831,0.000100
2021-02-24 23:00:00,1317.196843,0.487218,0.440615,0.000111
2021-02-25 00:00:00,1272.223653,0.548898,0.360612,0.000115
2021-02-25 01:00:00,1254.810691,0.402591,0.368107,0.000109
2021-02-25 02:00:00,1264.614121,0.447137,0.363401,0.000101
2021-02-25 03:00:00,1279.905018,0.426234,0.436267,0.000100
2021-02-25 04:00:00,1371.507247,0.488467,0.401532,0.000102
2021-02-25 05:00:00,1546.033529,0.423392,0.407701,0.000114
2021-02-25 06:00:00,1704.605877,0.499946,0.414041,0.019608
2021-02-25 07:00:00,1799.089995,0.478163,0.439275,0.136634
2021-02-25 08:00:00,1808.346020,0.449981,0.409955,0.329045
2021-02-25 09:00:00,1796.024825,0.407337,0.368598,0.450980
2021-02-25 10:00:00,1797.635221,0.419066,0.248435,0.576922
2021-02-25 11:00:00,1752.469950,0.456892,0.154218,0.572549
2021-02-25 12:00:00,1729.967794,0.473845,0.154815,0.491804
2021-02-25 13:00:00,1725.084875,0.527875,0.240130,0.261786
2021-02-25 14:00:00,1731.332626,0.598172,0.272463,0.120581
2021-02-25 15:00:00,1765.495887,0.685877,0.440729,0.051488
2021-02-25 16:00:00,1943.942508,0.638754,0.425825,0.011313
2021-02-25 17:00:00,1992.487270,0.612759,0.413365,0.000285
2021-02-25 18:00:00,1842.618440,0.516873,0.390819,0.000214
2021-02-25 19:00:00,1717.250597,0.538241,0.335803,0.000186
2021-02-25 20:00:00,1607.796707,0.488645,0.318273,0.000141
2021-02-25 21:00:00,1471.472025,0.433954,0.316386,0.000121
2021-02-25 22:00:00,1362.272168,0.424292,0.262666,0.000112
2021-02-25 23:00:00,1303.670147,0.386749,0.265500,0.000105
2021-02-26 00:00:00,1246.154195,0.382989,0.301631,0.000105
2021-02-26 01:00:00,1226.162996,0.403720,0.304473,0.000091
2021-02-26 02:00:00,1237.687076,0.327695,0.275671,0.000091
2021-02-26 03:00:00,1266.891573,0.297322,0.279694,0.000091
2021-02-26 04:00:00,1381.549866,0.355873,0.264650,0.000091
2021-02-26 05:00:00,1597.953993,0.481230,0.339262,0.000098
2021-02-26 06:00:00,1784.864677,0.479969,0.394550,0.012611
2021-02-26 07:00:00,1872.217573,0.490328,0.403206,0.095133
2021-02-26 08:00:00,1879.237160,0.515743,0.356090,0.214473
2021-02-26 09:00:00,1876.470815,0.612036,0.363591,0.331161
2021-02-26 10:00:00,1875.076127,0.640161,0.373941,0.436479
2021-02-26 11:00:00,1877.765729,0.716085,0.404468,0.589618
2021-02-26 12:00:00,1843.440536,0.774170,0.449524,0.567019
2021-02-26 13:00:00,1822.628029,0.801257,0.465538,0.463309
2021-02-26 14:00:00,1797.550071,0.764818,0.459901,0.297221
2021-02-26 15:00:00,1781.113188,0.665157,0.469840,0.128340
2021-02-26 16:00:00,1895.505843,0.568287,0.453764,0.015968
2021-02-26 17:00:00,1991.924747,0.492826,0.434954,0.000306
2021-02-26 18:00:00,1858.982106,0.452518,0.444584,0.000224
2021-02-26 19:00:00,1720.457665,0.425077,0.462094,0.000192
2021-02-26 20:00:00,1607.888070,0.380054,0.437341,0.000143
2021-02-26 21:00:00,1545.004466,0.365898,0.373510,0.000119
2021-02-26 22:00:00,1453.536629,0.364211,0.330421,0.000096
2021-02-26 23:00:00,1413.103169,0.289206,0.291952,0.000084
2021-02-27 00:00:00,1372.525354,0.234632,0.253738,0.000084
2021-02-27 01:00:00,1361.846383,0.242978,0.211803,0.000084
2021-02-27 02:00:00,1360.889627,0.326692,0.220162,0.000071
2021-02-27 03:00:00,1361.122545,0.236816,0.255105,0.000067
2021-02-27 04:00:00,1344.764616,0.261739,0.254931,0.000067
2021-02-27 05:00:00,1382.070267,0.209771,0.161078,0.000104
2021-02-27 06:00:00,1457.011122,0.171905,0.200667,0.022401
2021-02-27 07:00:00,1565.028024,0.122493,0.197303,0.149443
2021-02-27 08:00:00,1617.609737,0.092270,0.211924,0.294823
2021-02-27 09:00:00,1632.443173,0.119730,0.154111,0.390379
2021-02-27 10:00:00,1616.727851,0.125113,0.090667,0.472930
2021-02-27 11:00:00,1588.362339,0.092685,0.142793,0.497898
2021-02-27 12:00:00,1595.064563,0.092710,0.105789,0.500381
2021-02-27 13:00:00,1591.319320,0.103485,0.111793,0.486895
2021-02-27 14:00:00,1589.460951,0.094279,0.107575,0.372605
2021-02-27 15:00:00,1625.411956,0.082323,0.116457,0.173621
2021-02-27 16:00:00,1782.077650,0.133118,0.088450,0.021272
2021-02-27 17:00:00,1908.382567,0.210184,0.113622,0.000308
2021-02-27 18:00:00,1778.777308,0.293550,0.157733,0.000240
2021-02-27 19:00:00,1651.055907,0.314894,0.205372,0.000190
2021-02-27 20:00:00,1595.708647,0.311364,0.253634,0.000136
2021-02-27 21:00:00,1499.083631,0.285565,0.240036,0.000118
2021-02-27 22:00:00,1417.153300,0.236666,0.298090,0.000101
2021-02-27 23:00:00,1300.951392,0.238159,0.269529,0.000087
2021-02-28 00:00:00,1262.822746,0.192167,0.252781,0.000086
2021-02-28 01:00:00,1218.203311,0.166909,0.207732,0.000084
2021-02-28 02:00:00,1234.823505,0.175044,0.212508,0.000080
2021-02-28 03:00:00,1237.651317,0.167397,0.188040,0.000077
2021-02-28 04:00:00,1253.683439,0.136221,0.120292,0.000076
2021-02-28 05:00:00,1298.845317,0.170282,0.093738,0.000085
2021-02-28 06:00:00,1382.258459,0.220156,0.128058,0.010805
2021-02-28 07:00:00,1514.369868,0.233062,0.224394,0.076287
2021-02-28 08:00:00,1610.148092,0.215256,0.241494,0.122359
2021-02-28 09:00:00,1659.718942,0.186867,0.184975,0.160474
2021-02-28 10:00:00,1687.737901,0.177915,0.101424,0.229821
2021-02-28 11:00:00,1666.425230,0.135098,0.058956,0.274651
2021-02-28 12:00:00,1635.493665,0.093931,0.040369,0.297955
2021-02-28 13:00:00,1621.173337,0.075013,0.045907,0.295951
2021-02-28 14:00:00,1604.524364,0.064921,0.058753,0.235181
2021-02-28 15:00:00,1651.285623,0.044412,0.051251,0.130653
2021-02-28 16:00:00,1793.615124,0.034717,0.046491,0.021160
2021-02-28 17:00:00,1926.757654,0.057413,0.053057,0.000229
2021-02-28 18:00:00,1808.267386,0.098456,0.062308,0.000168
2021-02-28 19:00:00,1685.274149,0.116625,0.051650,0.000137
2021-02-28 20:00:00,1570.568534,0.077427,0.024300,0.000126
2021-02-28 21:00:00,1471.040087,0.031519,0.021222,0.000103
2021-02-28 22:00:00,1373.620035,0.021909,0.019697,0.000084
2021-02-28 23:00:00,1316.865084,0.033622,0.020727,0.000085
2021-03-01 00:00:00,1262.756595,0.049896,0.032625,0.000088
2021-03-01 01:00:00,1245.858394,0.090349,0.038350,0.000086
2021-03-01 02:00:00,1269.344785,0.098240,0.041095,0.000089
2021-03-01 03:00:00,1291.597601,0.090501,0.013195,0.000096
2021-03-01 04:00:00,1382.687666,0.069535,0.032913,0.000093
2021-03-01 05:00:00,1603.267895,0.054552,0.034507,0.000122
2021-03-01 06:00:00,1814.513103,0.055538,0.038895,0.009959
2021-03-01 07:00:00,1913.040434,0.056770,0.045120,0.053802
2021-03-01 08:00:00,1938.283868,0.060052,0.049467,0.116011
2021-03-01 09:00:00,1929.838163,0.059177,0.053540,0.196502
2021-03-01 10:00:00,1918.404780,0.056987,0.039683,0.328424
2021-03-01 11:00:00,1896.166177,0.053758,0.044509,0.441444
2021-03-01 12:00:00,1862.424557,0.055666,0.049247,0.496967
2021-03-01 13:00:00,1812.888723,0.061052,0.048902,0.471011
2021-03-01 14:00:00,1755.485081,0.065955,0.040991,0.336239
2021-03-01 15:00:00,1759.540615,0.071110,0.037341,0.155678
2021-03-01 16:00:00,1936.087730,0.070845,0.035928,0.021160
2021-03-01 17:00:00,2049.252002,0.070014,0.026668,0.000295
2021-03-01 18:00:00,1920.174332,0.074519,0.018222,0.000247
2021-03-01 19:00:00,1767.767681,0.083706,0.017138,0.000198
2021-03-01 20:00:00,1649.772523,0.088435,0.033851,0.000163
2021-03-01 21:00:00,1519.317391,0.079443,0.060834,0.000137
2021-03-01 22:00:00,1404.511622,0.068061,0.060926,0.000107
2021-03-01 23:00:00,1335.610804,0.053597,0.048845,0.000083
2021-03-02 00:00:00,1294.736396,0.047604,0.039070,0.000089
2021-03-02 01:00:00,1304.343358,0.043027,0.033833,0.000080
2021-03-02 02:00:00,1312.002107,0.036646,0.020989,0.000077
2021-03-02 03:00:00,1343.364691,0.035771,0.015442,0.000073
2021-03-02 04:00:00,1414.398874,0.032865,0.020576,0.000067
2021-03-02 05:00:00,1628.273662,0.029296,0.025364,0.000097
2021-03-02 06:00:00,1841.529231,0.028394,0.024348,0.009931
2021-03-02 07:00:00,1955.276691,0.024157,0.023599,0.065848
2021-03-02 08:00:00,1982.184993,0.022048,0.015588,0.143885
2021-03-02 09:00:00,1989.541576,0.012951,0.012332,0.190633
2021-03-02 10:00:00,2025.687096,0.006164,0.008963,0.222344
2021-03-02 11:00:00,1977.226358,0.002215,0.006751,0.219410
2021-03-02 12:00:00,1939.441368,0.001454,0.005074,0.222006
2021-03-02 13:00:00,1911.567627,0.000599,0.005412,0.204486
2021-03-02 14:00:00,1902.820874,0.000454,0.002797,0.141402
2021-03-02 15:00:00,1904.795769,0.000312,0.000912,0.065312
2021-03-02 16:00:00,2059.193928,0.000198,0.000025,0.010072
2021-03-02 17:00:00,2117.955353,0.001039,0.000015,0.000162
2021-03-02 18:00:00,1980.345188,0.002210,0.000014,0.000139
2021-03-02 19:00:00,1827.300113,0.001437,0.000014,0.000105
2021-03-02 20:00:00,1691.981089,0.001363,0.000014,0.000088
2021-03-02 21:00:00,1567.308138,0.001257,0.000016,0.000076
2021-03-02 22:00:00,1448.786813,0.001866,0.000015,0.000069
2021-03-02 23:00:00,1383.194325,0.001884,0.000013,0.000073
2021-03-03 00:00:00,1338.350890,0.001643,0.000017,0.000064
2021-03-03 01:00:00,1324.618411,0.002897,0.000071,0.000058
2021-03-03 02:00:00,1330.730029,0.004734,0.000015,0.000063
2021-03-03 03:00:00,1370.970961,0.004852,0.000016,0.000065
2021-03-03 04:00:00,1466.191129,0.004042,0.000014,0.000068
2021-03-03 05:00:00,1667.254259,0.002126,0.000015,0.000098
2021-03-03 06:00:00,1880.321418,0.002540,0.000015,0.016138
2021-03-03 07:00:00,1992.649401,0.002708,0.000015,0.085343
2021-03-03 08:00:00,2022.712849,0.001056,0.000014,0.170856
2021-03-03 09:00:00,2019.161198,0.000319,0.000018,0.229962
2021-03-03 10:00:00,2015.948318,0.000587,0.000193,0.299647
2021-03-03 11:00:00,1971.157913,0.000400,0.000012,0.322105
2021-03-03 12:00:00,1917.278008,0.000702,0.000014,0.316688
2021-03-03 13:00:00,1893.838149,0.001512,0.000244,0.230442
2021-03-03 14:00:00,1847.249096,0.002706,0.003439,0.140443
2021-03-03 15:00:00,1894.177322,0.007716,0.005039,0.058936
2021-03-03 16:00:00,2045.704398,0.014650,0.019631,0.008379
2021-03-03 17:00:00,2129.419610,0.020421,0.031618,0.000214
2021-03-03 18:00:00,1978.565633,0.034056,0.060168,0.000165
2021-03-03 19:00:00,1834.563415,0.062997,0.100000,0.000142
2021-03-03 20:00:00,1711.811294,0.138303,0.152137,0.000120
2021-03-03 21:00:00,1580.545759,0.199678,0.244258,0.000101
2021-03-03 22:00:00,1473.633407,0.256626,0.311786,0.000098
2021-03-03 23:00:00,1412.161939,0.250087,0.360573,0.000084
2021-03-04 00:00:00,1346.678527,0.279967,0.295703,0.000087
2021-03-04 01:00:00,1321.804910,0.242522,0.325410,0.000074
2021-03-04 02:00:00,1331.871824,0.211189,0.284616,0.000078
2021-03-04 03:00:00,1360.362917,0.201436,0.231830,0.000084
2021-03-04 04:00:00,1428.294040,0.169863,0.197997,0.000081
2021-03-04 05:00:00,1610.877062,0.117178,0.144406,0.000440
2021-03-04 06:00:00,1824.729089,0.113720,0.116394,0.006404
2021-03-04 07:00:00,1944.572987,0.136090,0.089694,0.031485
2021-03-04 08:00:00,1976.912199,0.176500,0.078430,0.063958
2021-03-04 09:00:00,1971.905745,0.173778,0.098829,0.125885
2021-03-04 10:00:00,1988.353911,0.161900,0.051981,0.294174
2021-03-04 11:00:00,1958.296774,0.186883,0.040090,0.371364
2021-03-04 12:00:00,1947.976866,0.215486,0.046048,0.466413
2021-03-04 13:00:00,1899.724252,0.273186,0.048000,0.511694
2021-03-04 14:00:00,1852.871019,0.348150,0.071528,0.408407
2021-03-04 15:00:00,1883.038002,0.416178,0.083028,0.211567
2021-03-04 16:00:00,2007.701566,0.376136,0.152039,0.038369
2021-03-04 17:00:00,2103.052050,0.338937,0.202352,0.000314
2021-03-04 18:00:00,1999.474126,0.327581,0.231153,0.000236
2021-03-04 19:00:00,1866.202170,0.291437,0.224549,0.000188
2021-03-04 20:00:00,1772.738989,0.255438,0.198108,0.000156
2021-03-04 21:00:00,1662.286181,0.234602,0.161687,0.000134
2021-03-04 22:00:00,1537.790502,0.217079,0.135912,0.000119
2021-03-04 23:00:00,1513.115116,0.198822,0.138814,0.000107
2021-03-05 00:00:00,1463.111468,0.172164,0.136533,0.000101
2021-03-05 01:00:00,1438.984473,0.121766,0.102187,0.000094
2021-03-05 02:00:00,1452.653361,0.125958,0.063676,0.000102
2021-03-05 03:00:00,1484.768433,0.135219,0.053207,0.000104
2021-03-05 04:00:00,1553.866036,0.131165,0.097600,0.000109
2021-03-05 05:00:00,1726.411887,0.085289,0.107053,0.000508
2021-03-05 06:00:00,1925.585581,0.069501,0.089967,0.048893
2021-03-05 07:00:00,2010.677897,0.058427,0.074964,0.249316
2021-03-05 08:00:00,1997.277063,0.049584,0.045775,0.499083
2021-03-05 09:00:00,1946.980761,0.083081,0.047606,0.689350
2021-03-05 10:00:00,1953.823203,0.124447,0.072274,0.797884
2021-03-05 11:00:00,1926.805517,0.135846,0.076883,0.841134
2021-03-05 12:00:00,1868.880625,0.150629,0.104636,0.804401
2021-03-05 13:00:00,1823.843433,0.150624,0.167238,0.688362
2021-03-05 14:00:00,1793.260051,0.123709,0.198647,0.499704
2021-03-05 15:00:00,1794.506424,0.068711,0.206290,0.249457
2021-03-05 16:00:00,1920.010049,0.032621,0.155713,0.044463
2021-03-05 17:00:00,2056.920054,0.020216,0.113713,0.000406
2021-03-05 18:00:00,1961.432075,0.022287,0.076707,0.000284
2021-03-05 19:00:00,1817.065977,0.017935,0.044565,0.000201
2021-03-05 20:00:00,1708.849895,0.013069,0.020929,0.000173
2021-03-05 21:00:00,1647.698378,0.017462,0.011970,0.000133
2021-03-05 22:00:00,1534.401289,0.035860,0.003391,0.000110
2021-03-05 23:00:00,1453.502787,0.063631,0.021580,0.000085
2021-03-06 00:00:00,1424.530210,0.077932,0.054002,0.000081
2021-03-06 01:00:00,1393.089075,0.107282,0.090874,0.000063
2021-03-06 02:00:00,1390.256288,0.139145,0.113665,0.000063
2021-03-06 03:00:00,1407.228592,0.154130,0.110551,0.000061
2021-03-06 04:00:00,1468.276435,0.191384,0.125853,0.000060
2021-03-06 05:00:00,1487.755350,0.204678,0.173365,0.000359
2021-03-06 06:00:00,1573.556148,0.186460,0.250208,0.017238
2021-03-06 07:00:00,1686.777043,0.197703,0.212131,0.088560
2021-03-06 08:00:00,1766.970059,0.250680,0.197584,0.321484
2021-03-06 09:00:00,1782.031456,0.426603,0.191667,0.490027
2021-03-06 10:00:00,1755.759652,0.563258,0.302999,0.413316
2021-03-06 11:00:00,1746.940920,0.694200,0.380799,0.343208
2021-03-06 12:00:00,1739.464336,0.770768,0.450516,0.270588
2021-03-06 13:00:00,1739.536386,0.823859,0.517984,0.259613
2021-03-06 14:00:00,1734.756311,0.861528,0.538531,0.237128
2021-03-06 15:00:00,1805.145989,0.857034,0.538713,0.121597
2021-03-06 16:00:00,1970.631094,0.827703,0.538577,0.022683
2021-03-06 17:00:00,2053.162584,0.826878,0.528277,0.000266
2021-03-06 18:00:00,1975.017211,0.850071,0.537436,0.000181
2021-03-06 19:00:00,1839.221953,0.833089,0.543882,0.000149
2021-03-06 20:00:00,1708.392159,0.832595,0.542014,0.000131
2021-03-06 21:00:00,1598.846314,0.873258,0.530738,0.000130
2021-03-06 22:00:00,1548.198105,0.861608,0.529867,0.000107
2021-03-06 23:00:00,1523.584469,0.757212,0.523122,0.000100
2021-03-07 00:00:00,1469.189026,0.767083,0.531591,0.000093
2021-03-07 01:00:00,1457.317220,0.721912,0.533150,0.000095
2021-03-07 02:00:00,1456.490480,0.708888,0.532095,0.000092
2021-03-07 03:00:00,1468.123175,0.744454,0.526738,0.000095
2021-03-07 04:00:00,1474.792455,0.681323,0.526481,0.000100
2021-03-07 05:00:00,1483.737935,0.723399,0.530056,0.000106
2021-03-07 06:00:00,1558.604146,0.645976,0.529086,0.017266
2021-03-07 07:00:00,1734.627768,0.590225,0.522577,0.078855
2021-03-07 08:00:00,1835.812058,0.559207,0.500585,0.142728
2021-03-07 09:00:00,1876.471672,0.658399,0.517951,0.141233
2021-03-07 10:00:00,1870.662440,0.574865,0.504941,0.214530
2021-03-07 11:00:00,1847.881816,0.471841,0.497787,0.352320
2021-03-07 12:00:00,1767.036557,0.453364,0.495595,0.364875
2021-03-07 13:00:00,1749.596836,0.277079,0.446189,0.284046
2021-03-07 14:00:00,1724.410069,0.202176,0.251031,0.264917
2021-03-07 15:00:00,1762.999932,0.189675,0.176461,0.158161
2021-03-07 16:00:00,1905.132050,0.191552,0.171741,0.035717
2021-03-07 17:00:00,2022.279721,0.204199,0.165086,0.000323
2021-03-07 18:00:00,1884.671560,0.213032,0.157444,0.000155
2021-03-07 19:00:00,1759.826420,0.216407,0.162886,0.000116
2021-03-07 20:00:00,1646.460748,0.196728,0.148761,0.000102
2021-03-07 21:00:00,1573.795483,0.173023,0.150270,0.000093
2021-03-07 22:00:00,1477.042805,0.132200,0.110768,0.000079
2021-03-07 23:00:00,1416.896302,0.096095,0.085532,0.000075
2021-03-08 00:00:00,1379.410016,0.080371,0.085426,0.000082
2021-03-08 01:00:00,1394.408550,0.058631,0.056397,0.000074
2021-03-08 02:00:00,1434.934858,0.042069,0.048901,0.000076
2021-03-08 03:00:00,1449.033911,0.029837,0.027248,0.000079
2021-03-08 04:00:00,1486.836297,0.038551,0.035559,0.000077
2021-03-08 05:00:00,1695.589428,0.041074,0.043297,0.001674
2021-03-08 06:00:00,1898.247469,0.036872,0.042523,0.078544
2021-03-08 07:00:00,1984.748939,0.023627,0.025521,0.284187
2021-03-08 08:00:00,1980.253884,0.014311,0.009005,0.498265
2021-03-08 09:00:00,1951.434128,0.009273,0.001798,0.660827
2021-03-08 10:00:00,1930.780358,0.008051,0.000013,0.761941
2021-03-08 11:00:00,1930.217047,0.007691,0.000149,0.813401
2021-03-08 12:00:00,1885.554727,0.007197,0.000117,0.804599
2021-03-08 13:00:00,1843.213238,0.007032,0.000102,0.704500
2021-03-08 14:00:00,1805.035397,0.004650,0.001030,0.512428
2021-03-08 15:00:00,1792.048774,0.002554,0.002516,0.248272
2021-03-08 16:00:00,1963.745898,0.002962,0.001418,0.050049
2021-03-08 17:00:00,2079.897441,0.002856,0.001044,0.000431
2021-03-08 18:00:00,1967.530912,0.003185,0.003359,0.000319
2021-03-08 19:00:00,1837.688935,0.005422,0.009864,0.000254
2021-03-08 20:00:00,1720.557525,0.007938,0.005173,0.000201
2021-03-08 21:00:00,1598.188180,0.010551,0.004980,0.000154
2021-03-08 22:00:00,1527.989780,0.011641,0.020579,0.000122
2021-03-08 23:00:00,1458.359271,0.019899,0.030455,0.000121
2021-03-09 00:00:00,1423.119576,0.039811,0.035988,0.000123
2021-03-09 01:00:00,1423.319835,0.049619,0.039800,0.000119
2021-03-09 02:00:00,1437.435630,0.054643,0.045432,0.000113
2021-03-09 03:00:00,1470.315314,0.054469,0.050541,0.000103
2021-03-09 04:00:00,1573.392726,0.059991,0.044737,0.000189
2021-03-09 05:00:00,1747.365472,0.047431,0.042208,0.001856
2021-03-09 06:00:00,1953.678561,0.038183,0.033672,0.069432
2021-03-09 07:00:00,2007.152422,0.036978,0.032008,0.290450
2021-03-09 08:00:00,1984.777851,0.020601,0.030089,0.541318
2021-03-09 09:00:00,1961.367864,0.018550,0.023164,0.724192
2021-03-09 10:00:00,1934.044156,0.025206,0.024956,0.833827
2021-03-09 11:00:00,1891.774293,0.035617,0.032772,0.866977
2021-03-09 12:00:00,1850.016737,0.028489,0.016797,0.834927
2021-03-09 13:00:00,1802.544356,0.016050,0.010086,0.718578
2021-03-09 14:00:00,1764.219692,0.008117,0.012330,0.525095
2021-03-09 15:00:00,1778.857228,0.005868,0.024953,0.277867
2021-03-09 16:00:00,1965.013968,0.006286,0.033596,0.068698
2021-03-09 17:00:00,2067.390365,0.016492,0.032829,0.000713
2021-03-09 18:00:00,1967.816433,0.037912,0.038573,0.000332
2021-03-09 19:00:00,1820.514858,0.043781,0.043116,0.000256
2021-03-09 20:00:00,1701.821373,0.043835,0.040861,0.000200
2021-03-09 21:00:00,1584.515362,0.059454,0.029534,0.000174
2021-03-09 22:00:00,1520.710233,0.051276,0.033694,0.000141
2021-03-09 23:00:00,1421.549508,0.037668,0.030016,0.000105
2021-03-10 00:00:00,1408.730043,0.034095,0.017175,0.000110
2021-03-10 01:00:00,1399.795999,0.038687,0.017437,0.000098
2021-03-10 02:00:00,1414.151402,0.050396,0.013765,0.000092
2021-03-10 03:00:00,1445.622026,0.048774,0.010728,0.000094
2021-03-10 04:00:00,1550.232715,0.044369,0.011686,0.000100
2021-03-10 05:00:00,1723.557947,0.054420,0.020041,0.002131
2021-03-10 06:00:00,1926.777359,0.085580,0.037932,0.099929
2021-03-10 07:00:00,1986.006500,0.101432,0.041029,0.314939
2021-03-10 08:00:00,1962.727777,0.097549,0.052235,0.397066
2021-03-10 09:00:00,1956.713270,0.159430,0.072629,0.393596
2021-03-10 10:00:00,1946.872867,0.272776,0.136276,0.480604
2021-03-10 11:00:00,1920.928666,0.366239,0.157747,0.584201
2021-03-10 12:00:00,1928.741382,0.415077,0.191459,0.539794
2021-03-10 13:00:00,1903.386132,0.485412,0.217705,0.543857
2021-03-10 14:00:00,1877.263694,0.557228,0.258870,0.418028
2021-03-10 15:00:00,1864.515801,0.537754,0.319633,0.158668
2021-03-10 16:00:00,2023.510289,0.519209,0.415995,0.029257
2021-03-10 17:00:00,2115.664687,0.571659,0.495284,0.000315
2021-03-10 18:00:00,2008.806200,0.593736,0.541433,0.000263
2021-03-10 19:00:00,1887.095179,0.640216,0.554100,0.000205
2021-03-10 20:00:00,1791.196349,0.680913,0.553274,0.000181
2021-03-10 21:00:00,1654.133001,0.481079,0.567869,0.000144
2021-03-10 22:00:00,1532.194850,0.754138,0.571158,0.000125
2021-03-10 23:00:00,1472.687765,0.841441,0.571767,0.000113
2021-03-11 00:00:00,1454.234323,0.855444,0.571771,0.000104
2021-03-11 01:00:00,1445.330254,0.866108,0.570848,0.000103
2021-03-11 02:00:00,1465.041038,0.920485,0.571136,0.000103
2021-03-11 03:00:00,1512.080444,0.958095,0.563910,0.000107
2021-03-11 04:00:00,1630.905786,0.966851,0.564201,0.000103
2021-03-11 05:00:00,1859.758499,0.730801,0.571819,0.000149
2021-03-11 06:00:00,2046.902745,0.891966,0.567784,0.001704
2021-03-11 07:00:00,2147.068210,0.901296,0.561348,0.018451
2021-03-11 08:00:00,2202.589651,0.912414,0.568271,0.047285
2021-03-11 09:00:00,2232.000347,0.920305,0.566799,0.070306
2021-03-11 10:00:00,2219.675297,0.871221,0.561814,0.090845
2021-03-11 11:00:00,2189.412820,0.855940,0.559661,0.164085
2021-03-11 12:00:00,2125.805823,0.809653,0.542675,0.183467
2021-03-11 13:00:00,2054.725796,0.726305,0.563447,0.112823
2021-03-11 14:00:00,2021.434637,0.756346,0.540236,0.063225
2021-03-11 15:00:00,2046.888296,0.852916,0.552281,0.044125
2021-03-11 16:00:00,2190.720090,0.880820,0.537239,0.009451
2021-03-11 17:00:00,2167.377533,0.855398,0.401010,0.000151
2021-03-11 18:00:00,2048.400930,0.960521,0.453988,0.000129
2021-03-11 19:00:00,1945.012861,1.000000,0.432594,0.000128
2021-03-11 20:00:00,1808.164299,0.938561,0.444009,0.000123
2021-03-11 21:00:00,1716.143002,0.645089,0.537839,0.000116
2021-03-11 22:00:00,1581.750832,0.770635,0.548536,0.000108
2021-03-11 23:00:00,1511.055438,0.827853,0.537579,0.000103
2021-03-12 00:00:00,1455.968931,0.809576,0.532989,0.000097
2021-03-12 01:00:00,1421.511005,0.798905,0.545726,0.000100
2021-03-12 02:00:00,1416.913273,0.788808,0.550715,0.000096
2021-03-12 03:00:00,1437.661220,0.803556,0.530497,0.000096
2021-03-12 04:00:00,1521.104979,0.811748,0.538416,0.000101
2021-03-12 05:00:00,1737.231486,0.720970,0.541574,0.000933
2021-03-12 06:00:00,1898.669447,0.882348,0.550023,0.034504
2021-03-12 07:00:00,2023.482843,0.863883,0.554274,0.157145
2021-03-12 08:00:00,2057.806715,0.878624,0.547486,0.322754
2021-03-12 09:00:00,2054.013724,0.893253,0.542267,0.279024
2021-03-12 10:00:00,2086.836652,0.894613,0.540358,0.429285
2021-03-12 11:00:00,2053.142472,0.899611,0.524496,0.436733
2021-03-12 12:00:00,2008.514609,0.859170,0.525157,0.386684
2021-03-12 13:00:00,1957.899687,0.835488,0.517226,0.280265
2021-03-12 14:00:00,1916.990305,0.743330,0.471833,0.215771
2021-03-12 15:00:00,1866.964072,0.683163,0.434252,0.093892
2021-03-12 16:00:00,2019.917199,0.516034,0.429016,0.018479
2021-03-12 17:00:00,2116.917130,0.486690,0.468015,0.000261
2021-03-12 18:00:00,2022.812872,0.345784,0.408229,0.000179
2021-03-12 19:00:00,1857.540514,0.346514,0.477759,0.000165
2021-03-12 20:00:00,1750.338466,0.432305,0.418819,0.000131
2021-03-12 21:00:00,1690.055816,0.511893,0.499105,0.000133
2021-03-12 22:00:00,1544.004206,0.585233,0.465214,0.000109
2021-03-12 23:00:00,1498.238780,0.630010,0.437220,0.000101
2021-03-13 00:00:00,1445.192567,0.635819,0.427463,0.000096
2021-03-13 01:00:00,1405.791145,0.524684,0.389085,0.000081
2021-03-13 02:00:00,1398.949492,0.504313,0.382983,0.000087
2021-03-13 03:00:00,1389.817171,0.482409,0.380308,0.000090
2021-03-13 04:00:00,1402.327468,0.512487,0.371104,0.000089
2021-03-13 05:00:00,1453.463676,0.449948,0.384899,0.002211
2021-03-13 06:00:00,1545.277899,0.443965,0.394304,0.052109
2021-03-13 07:00:00,1676.678246,0.470025,0.396879,0.161349
2021-03-13 08:00:00,1759.282809,0.502827,0.418032,0.210044
2021-03-13 09:00:00,1802.715282,0.580109,0.428566,0.182875
2021-03-13 10:00:00,1832.789854,0.682697,0.455816,0.146170
2021-03-13 11:00:00,1891.195192,0.764464,0.458612,0.088362
2021-03-13 12:00:00,1913.579234,0.587668,0.479300,0.130202
2021-03-13 13:00:00,1915.875648,0.378661,0.479143,0.285880
2021-03-13 14:00:00,1872.465913,0.373126,0.431318,0.223614
2021-03-13 15:00:00,1835.415750,0.365389,0.243147,0.121964
2021-03-13 16:00:00,1905.982792,0.306581,0.150689,0.053181
2021-03-13 17:00:00,2011.845766,0.340165,0.287121,0.000574
2021-03-13 18:00:00,1945.176136,0.480259,0.389803,0.000133
2021-03-13 19:00:00,1866.226095,0.554571,0.432692,0.000116
2021-03-13 20:00:00,1763.224051,0.527496,0.458860,0.000111
2021-03-13 21:00:00,1676.078534,0.430029,0.454206,0.000087
2021-03-13 22:00:00,1588.038914,0.383647,0.445414,0.000090
2021-03-13 23:00:00,1491.808428,0.366173,0.423613,0.000091
2021-03-14 00:00:00,1433.406297,0.448611,0.423895,0.000082
2021-03-14 01:00:00,1396.365685,0.469925,0.415261,0.000078
2021-03-14 02:00:00,1368.060586,0.361772,0.343437,0.000074
2021-03-14 03:00:00,1373.036749,0.392200,0.387611,0.000074
2021-03-14 04:00:00,1383.872506,0.412547,0.372036,0.000076
2021-03-14 05:00:00,1446.215516,0.497187,0.396691,0.000257
2021-03-14 06:00:00,1521.881994,0.572074,0.409532,0.018931
2021-03-14 07:00:00,1656.714784,0.523834,0.450955,0.077613
2021-03-14 08:00:00,1739.377717,0.411833,0.367452,0.281281
2021-03-14 09:00:00,1732.408339,0.406981,0.380657,0.509240
2021-03-14 10:00:00,1709.995508,0.417442,0.371135,0.643448
2021-03-14 11:00:00,1723.857901,0.358769,0.281923,0.648441
2021-03-14 12:00:00,1682.074413,0.357320,0.207897,0.479080
2021-03-14 13:00:00,1659.286980,0.387472,0.272565,0.383185
2021-03-14 14:00:00,1679.086253,0.396945,0.386925,0.234984
2021-03-14 15:00:00,1712.073900,0.506871,0.421306,0.125631
2021-03-14 16:00:00,1841.030145,0.509140,0.290275,0.041191
2021-03-14 17:00:00,1928.844913,0.458609,0.343366,0.001024
2021-03-14 18:00:00,1843.740900,0.443841,0.384747,0.000249
2021-03-14 19:00:00,1718.362417,0.472035,0.430055,0.000189
2021-03-14 20:00:00,1621.836857,0.484948,0.430483,0.000145
2021-03-14 21:00:00,1536.101333,0.465919,0.380239,0.000122
2021-03-14 22:00:00,1443.188505,0.511162,0.379012,0.000112
2021-03-14 23:00:00,1392.859506,0.523203,0.383154,0.000093
2021-03-15 00:00:00,1364.966556,0.532904,0.392472,0.000094
2021-03-15 01:00:00,1333.848391,0.517778,0.361133,0.000084
2021-03-15 02:00:00,1351.995998,0.563961,0.411288,0.000083
2021-03-15 03:00:00,1380.593292,0.576245,0.413984,0.000079
2021-03-15 04:00:00,1418.066787,0.582462,0.402756,0.000083
2021-03-15 05:00:00,1657.597876,0.593521,0.466245,0.000898
2021-03-15 06:00:00,1808.991665,0.569720,0.480963,0.023247
2021-03-15 07:00:00,1917.682487,0.493102,0.482292,0.069855
2021-03-15 08:00:00,1940.236954,0.382998,0.434519,0.154295
2021-03-15 09:00:00,1947.668376,0.255510,0.416537,0.234081
2021-03-15 10:00:00,1928.288991,0.132992,0.207169,0.294795
2021-03-15 11:00:00,1912.747440,0.139617,0.166314,0.305346
2021-03-15 12:00:00,1927.639454,0.234563,0.125520,0.288955
2021-03-15 13:00:00,1903.942405,0.417634,0.081626,0.243222
2021-03-15 14:00:00,1883.848087,0.494919,0.207463,0.137537
2021-03-15 15:00:00,1879.022134,0.588385,0.298338,0.071124
2021-03-15 16:00:00,2020.809552,0.632409,0.349374,0.021639
2021-03-15 17:00:00,2077.328841,0.615914,0.388682,0.000379
2021-03-15 18:00:00,2018.754006,0.612359,0.466120,0.000194
2021-03-15 19:00:00,1860.981695,0.612900,0.464817,0.000156
2021-03-15 20:00:00,1743.386394,0.551475,0.472875,0.000165
2021-03-15 21:00:00,1639.527241,0.305785,0.453138,0.000132
2021-03-15 22:00:00,1536.467727,0.285027,0.422651,0.000096
2021-03-15 23:00:00,1440.642352,0.320610,0.407694,0.000093
2021-03-16 00:00:00,1362.363508,0.378379,0.356775,0.000082
2021-03-16 01:00:00,1376.058778,0.223596,0.295279,0.000082
2021-03-16 02:00:00,1388.408340,0.254216,0.310787,0.000074
2021-03-16 03:00:00,1409.220519,0.172156,0.284258,0.000086
2021-03-16 04:00:00,1442.623154,0.150197,0.237855,0.000082
2021-03-16 05:00:00,1690.755918,0.123317,0.196337,0.006235
2021-03-16 06:00:00,1840.205064,0.107565,0.162100,0.105995
2021-03-16 07:00:00,1929.286548,0.075076,0.128827,0.319029
2021-03-16 08:00:00,1940.330167,0.052062,0.096505,0.551333
2021-03-16 09:00:00,1904.128395,0.035869,0.086032,0.714713
2021-03-16 10:00:00,1870.976944,0.047044,0.088754,0.745380
2021-03-16 11:00:00,1837.541778,0.065216,0.113185,0.670729
2021-03-16 12:00:00,1820.074251,0.052914,0.093499,0.649147
2021-03-16 13:00:00,1789.863794,0.037859,0.074496,0.615320
2021-03-16 14:00:00,1741.931295,0.029930,0.059828,0.479983
2021-03-16 15:00:00,1758.795875,0.025449,0.060808,0.283002
2021-03-16 16:00:00,1900.936377,0.014530,0.036621,0.093017
2021-03-16 17:00:00,1987.737848,0.012322,0.029181,0.001855
2021-03-16 18:00:00,1924.376865,0.015355,0.026530,0.000310
2021-03-16 19:00:00,1791.219454,0.019241,0.028387,0.000283
2021-03-16 20:00:00,1688.903032,0.024143,0.021568,0.000239
2021-03-16 21:00:00,1557.927181,0.031900,0.009882,0.000165
2021-03-16 22:00:00,1466.403321,0.022439,0.017413,0.000120
2021-03-16 23:00:00,1387.797625,0.012481,0.005169,0.000104
2021-03-17 00:00:00,1337.749751,0.009529,0.001661,0.000103
2021-03-17 01:00:00,1315.162215,0.016026,0.002038,0.000099
2021-03-17 02:00:00,1325.767949,0.024412,0.003458,0.000104
2021-03-17 03:00:00,1354.540821,0.025044,0.004503,0.000096
2021-03-17 04:00:00,1439.221695,0.016156,0.001615,0.000088
2021-03-17 05:00:00,1620.927928,0.014573,0.004292,0.004232
2021-03-17 06:00:00,1838.537028,0.018595,0.004023,0.068106
2021-03-17 07:00:00,1921.661987,0.017413,0.006269,0.202398
2021-03-17 08:00:00,1918.453603,0.021530,0.005161,0.397630
2021-03-17 09:00:00,1891.278994,0.036880,0.006126,0.617294
2021-03-17 10:00:00,1860.276433,0.032078,0.002621,0.720666
2021-03-17 11:00:00,1838.262085,0.038086,0.000447,0.688024
2021-03-17 12:00:00,1815.547650,0.073294,0.003325,0.571731
2021-03-17 13:00:00,1785.983593,0.098688,0.006086,0.567245
2021-03-17 14:00:00,1745.537006,0.125508,0.041289,0.473381
2021-03-17 15:00:00,1764.283440,0.072872,0.016966,0.266808
2021-03-17 16:00:00,1905.948787,0.018743,0.010935,0.084779
2021-03-17 17:00:00,1978.116177,0.023333,0.018349,0.001850
2021-03-17 18:00:00,1917.057439,0.069985,0.039712,0.000322
2021-03-17 19:00:00,1784.721252,0.069679,0.073706,0.000213
2021-03-17 20:00:00,1657.000925,0.063102,0.064787,0.000204
2021-03-17 21:00:00,1531.485960,0.051490,0.066814,0.000147
2021-03-17 22:00:00,1417.205523,0.063700,0.051086,0.000118
2021-03-17 23:00:00,1352.986503,0.064545,0.079852,0.000090
2021-03-18 00:00:00,1321.404849,0.064685,0.089398,0.000091
2021-03-18 01:00:00,1349.325292,0.061240,0.084576,0.000088
2021-03-18 02:00:00,1364.464183,0.064317,0.080039,0.000079
2021-03-18 03:00:00,1396.977443,0.055018,0.086933,0.000077
2021-03-18 04:00:00,1463.336616,0.047817,0.061831,0.000074
2021-03-18 05:00:00,1643.051186,0.048952,0.022100,0.011370
2021-03-18 06:00:00,1833.620223,0.054677,0.008845,0.129863
2021-03-18 07:00:00,1908.249320,0.056111,0.006485,0.351051
2021-03-18 08:00:00,1905.019554,0.081686,0.012714,0.548342
2021-03-18 09:00:00,1893.598949,0.111390,0.017190,0.733728
2021-03-18 10:00:00,1879.103212,0.146003,0.028356,0.786289
2021-03-18 11:00:00,1853.511148,0.189962,0.046900,0.719340
2021-03-18 12:00:00,1821.251807,0.224446,0.057281,0.559402
2021-03-18 13:00:00,1804.904188,0.225738,0.076444,0.490619
2021-03-18 14:00:00,1779.712893,0.250832,0.092700,0.283905
2021-03-18 15:00:00,1799.846507,0.254819,0.102549,0.193483
2021-03-18 16:00:00,1927.609817,0.234263,0.047647,0.072394
2021-03-18 17:00:00,1986.109173,0.161098,0.064877,0.002746
2021-03-18 18:00:00,1934.893747,0.094696,0.151303,0.000275
2021-03-18 19:00:00,1830.195521,0.098857,0.126694,0.000248
2021-03-18 20:00:00,1698.089629,0.133262,0.124210,0.000179
2021-03-18 21:00:00,1566.538148,0.152933,0.115959,0.000130
2021-03-18 22:00:00,1451.067301,0.139909,0.122458,0.000101
2021-03-18 23:00:00,1404.413308,0.146418,0.115618,0.000093
2021-03-19 00:00:00,1378.067932,0.159503,0.145289,0.000079
2021-03-19 01:00:00,1354.927653,0.125538,0.188744,0.000070
2021-03-19 02:00:00,1375.992943,0.131629,0.229947,0.000073
2021-03-19 03:00:00,1398.667564,0.164011,0.251368,0.000082
2021-03-19 04:00:00,1431.997190,0.208646,0.274908,0.000081
2021-03-19 05:00:00,1620.481356,0.187803,0.288237,0.008182
2021-03-19 06:00:00,1852.925011,0.205280,0.342960,0.066723
2021-03-19 07:00:00,1978.486646,0.261680,0.435539,0.135336
2021-03-19 08:00:00,2008.680780,0.277775,0.489932,0.209338
2021-03-19 09:00:00,1962.504828,0.271635,0.455218,0.318917
2021-03-19 10:00:00,1934.404196,0.254575,0.340586,0.528594
2021-03-19 11:00:00,1916.341645,0.221553,0.283703,0.701791
2021-03-19 12:00:00,1885.958321,0.159538,0.211763,0.791282
2021-03-19 13:00:00,1829.976472,0.120163,0.156198,0.758273
2021-03-19 14:00:00,1786.352418,0.103023,0.066115,0.595825
2021-03-19 15:00:00,1759.349396,0.087972,0.044074,0.358838
2021-03-19 16:00:00,1886.156273,0.070108,0.029415,0.110396
2021-03-19 17:00:00,1998.019374,0.049112,0.020354,0.002364
2021-03-19 18:00:00,1955.757798,0.043068,0.012424,0.000348
2021-03-19 19:00:00,1818.041022,0.030785,0.009591,0.000287
2021-03-19 20:00:00,1718.197675,0.020716,0.008715,0.000226
2021-03-19 21:00:00,1603.532912,0.016734,0.017796,0.000202
2021-03-19 22:00:00,1557.255240,0.005130,0.027767,0.000164
2021-03-19 23:00:00,1425.788567,0.005193,0.029848,0.000125
2021-03-20 00:00:00,1399.079152,0.006757,0.064023,0.000105
2021-03-20 01:00:00,1389.472132,0.023531,0.047031,0.000086
2021-03-20 02:00:00,1358.771192,0.060443,0.042113,0.000084
2021-03-20 03:00:00,1352.966357,0.109957,0.074474,0.000081
2021-03-20 04:00:00,1334.947653,0.141178,0.194893,0.000079
2021-03-20 05:00:00,1381.770598,0.167617,0.254065,0.008718
2021-03-20 06:00:00,1510.738240,0.223286,0.274425,0.080039
2021-03-20 07:00:00,1650.160974,0.354001,0.286639,0.164339
2021-03-20 08:00:00,1729.337368,0.425172,0.322530,0.197094
2021-03-20 09:00:00,1830.422849,0.464102,0.341903,0.199633
2021-03-20 10:00:00,1821.009336,0.529888,0.329567,0.180251
2021-03-20 11:00:00,1834.200403,0.589925,0.393715,0.163126
2021-03-20 12:00:00,1853.253149,0.639054,0.458648,0.135619
2021-03-20 13:00:00,1837.306280,0.666497,0.520202,0.109409
2021-03-20 14:00:00,1812.128934,0.670021,0.534271,0.087798
2021-03-20 15:00:00,1799.071996,0.646876,0.532536,0.051037
2021-03-20 16:00:00,1934.858256,0.511298,0.537095,0.022034
2021-03-20 17:00:00,1980.780929,0.636613,0.513727,0.000996
2021-03-20 18:00:00,1905.453959,0.602017,0.523651,0.000198
2021-03-20 19:00:00,1798.662594,0.659216,0.558196,0.000146
2021-03-20 20:00:00,1712.164710,0.538135,0.562762,0.000139
2021-03-20 21:00:00,1614.540150,0.532958,0.573331,0.000145
2021-03-20 22:00:00,1512.581333,0.499946,0.563412,0.000120
2021-03-20 23:00:00,1452.862234,0.446420,0.555407,0.000125
2021-03-21 00:00:00,1409.463899,0.460563,0.570159,0.000108
2021-03-21 01:00:00,1376.529340,0.449037,0.574981,0.000102
2021-03-21 02:00:00,1350.573651,0.431576,0.570386,0.000099
2021-03-21 03:00:00,1344.712770,0.379614,0.575694,0.000100
2021-03-21 04:00:00,1359.040402,0.374325,0.526868,0.000091
2021-03-21 05:00:00,1386.665068,0.422339,0.449701,0.013514
2021-03-21 06:00:00,1503.469858,0.365308,0.519531,0.137424
2021-03-21 07:00:00,1612.706217,0.416416,0.519048,0.365383
2021-03-21 08:00:00,1700.399357,0.417526,0.488781,0.613345
2021-03-21 09:00:00,1722.499547,0.434215,0.492335,0.722387
2021-03-21 10:00:00,1716.053174,0.456646,0.497912,0.906842
2021-03-21 11:00:00,1708.028758,0.447696,0.393925,0.928989
2021-03-21 12:00:00,1671.892726,0.366530,0.308323,0.908788
2021-03-21 13:00:00,1626.888968,0.390308,0.277373,0.782226
2021-03-21 14:00:00,1631.529188,0.237628,0.321839,0.450783
2021-03-21 15:00:00,1679.103315,0.121407,0.338467,0.233376
2021-03-21 16:00:00,1735.441084,0.051478,0.272643,0.078911
2021-03-21 17:00:00,1829.179892,0.024836,0.215019,0.005332
2021-03-21 18:00:00,1797.018173,0.026956,0.192171,0.000378
2021-03-21 19:00:00,1675.429432,0.078074,0.194506,0.000286
2021-03-21 20:00:00,1567.285813,0.145643,0.216201,0.000236
2021-03-21 21:00:00,1450.643729,0.160307,0.252435,0.000196
2021-03-21 22:00:00,1359.953778,0.181544,0.277534,0.000160
2021-03-21 23:00:00,1355.637619,0.192305,0.221931,0.000119
2021-03-22 00:00:00,1308.128972,0.148868,0.180991,0.000109
2021-03-22 01:00:00,1291.446773,0.118721,0.147684,0.000108
2021-03-22 02:00:00,1305.643870,0.078494,0.127553,0.000098
2021-03-22 03:00:00,1337.943818,0.064929,0.074383,0.000100
2021-03-22 04:00:00,1414.186440,0.068064,0.074458,0.000094
2021-03-22 05:00:00,1598.002882,0.065215,0.047885,0.011990
2021-03-22 06:00:00,1788.030878,0.059414,0.033012,0.104472
2021-03-22 07:00:00,1875.075081,0.017187,0.039233,0.336239
2021-03-22 08:00:00,1877.644982,0.012521,0.012809,0.568712
2021-03-22 09:00:00,1861.178795,0.066757,0.044463,0.640767
2021-03-22 10:00:00,1834.023967,0.143600,0.099233,0.686049
2021-03-22 11:00:00,1817.537322,0.212176,0.106697,0.647990
2021-03-22 12:00:00,1785.119707,0.219056,0.170156,0.569417
2021-03-22 13:00:00,1757.481802,0.167020,0.171677,0.423473
2021-03-22 14:00:00,1733.705447,0.232624,0.177095,0.256172
2021-03-22 15:00:00,1766.727614,0.284847,0.137696,0.114544
2021-03-22 16:00:00,1908.334818,0.332279,0.318352,0.042347
2021-03-22 17:00:00,1956.895280,0.350312,0.427254,0.001364
2021-03-22 18:00:00,1878.617602,0.340065,0.460471,0.000294
2021-03-22 19:00:00,1736.883997,0.368017,0.489110,0.000237
2021-03-22 20:00:00,1603.188142,0.372702,0.540619,0.000195
2021-03-22 21:00:00,1468.181256,0.336189,0.506297,0.000167
2021-03-22 22:00:00,1351.935775,0.340245,0.451253,0.000120
2021-03-22 23:00:00,1289.678473,0.401143,0.438556,0.000102
2021-03-23 00:00:00,1263.948332,0.423427,0.442283,0.000093
2021-03-23 01:00:00,1248.291659,0.389649,0.423185,0.000085
2021-03-23 02:00:00,1252.394319,0.296862,0.276185,0.000075
2021-03-23 03:00:00,1275.317013,0.263901,0.275066,0.000082
2021-03-23 04:00:00,1357.972136,0.169200,0.252055,0.000064
2021-03-23 05:00:00,1543.004048,0.143578,0.245857,0.002310
2021-03-23 06:00:00,1753.063879,0.140672,0.212132,0.026464
2021-03-23 07:00:00,1864.129735,0.095651,0.160852,0.067174
2021-03-23 08:00:00,1885.327870,0.089056,0.110652,0.099901
2021-03-23 09:00:00,1877.292632,0.127025,0.098751,0.106041
2021-03-23 10:00:00,1878.889208,0.122709,0.089639,0.133071
2021-03-23 11:00:00,1866.112103,0.122254,0.098145,0.151619
2021-03-23 12:00:00,1841.398383,0.140158,0.122422,0.147073
2021-03-23 13:00:00,1814.111617,0.174246,0.131878,0.140619
2021-03-23 14:00:00,1791.489464,0.215759,0.150519,0.103061
2021-03-23 15:00:00,1821.312649,0.275485,0.157513,0.054366
2021-03-23 16:00:00,1964.144268,0.272875,0.151200,0.015207
2021-03-23 17:00:00,1984.200209,0.271257,0.160516,0.000712
2021-03-23 18:00:00,1893.786992,0.259903,0.172499,0.000173
2021-03-23 19:00:00,1749.672433,0.232479,0.192435,0.000113
2021-03-23 20:00:00,1617.904322,0.260417,0.183280,0.000111
2021-03-23 21:00:00,1483.589803,0.291282,0.187767,0.000095
2021-03-23 22:00:00,1364.446720,0.271978,0.256849,0.000090
2021-03-23 23:00:00,1303.267237,0.313946,0.290441,0.000078
2021-03-24 00:00:00,1264.417629,0.305492,0.316762,0.000073
2021-03-24 01:00:00,1236.724213,0.208114,0.262145,0.000078
2021-03-24 02:00:00,1219.763441,0.174346,0.259117,0.000077
2021-03-24 03:00:00,1244.510096,0.143918,0.195558,0.000086
2021-03-24 04:00:00,1339.977149,0.174390,0.127683,0.000078
2021-03-24 05:00:00,1525.505259,0.238434,0.156112,0.008802
2021-03-24 06:00:00,1723.551524,0.273619,0.170794,0.062350
2021-03-24 07:00:00,1823.321609,0.329281,0.244471,0.126365
2021-03-24 08:00:00,1828.912765,0.364615,0.298693,0.272591
2021-03-24 09:00:00,1820.141805,0.367912,0.356610,0.356552
2021-03-24 10:00:00,1814.353887,0.376604,0.417775,0.399661
2021-03-24 11:00:00,1792.946246,0.371292,0.391109,0.414614
2021-03-24 12:00:00,1794.271196,0.389159,0.404403,0.404458
2021-03-24 13:00:00,1759.231697,0.325527,0.384850,0.343063
2021-03-24 14:00:00,1715.165027,0.305271,0.357007,0.236892
2021-03-24 15:00:00,1747.170456,0.253832,0.324491,0.124531
2021-03-24 16:00:00,1893.826706,0.186245,0.284520,0.032191
2021-03-24 17:00:00,1918.786069,0.149537,0.260685,0.001328
2021-03-24 18:00:00,1837.872870,0.162283,0.225515,0.000249
2021-03-24 19:00:00,1693.755231,0.206232,0.132006,0.000223
2021-03-24 20:00:00,1571.665894,0.211720,0.146799,0.000191
2021-03-24 21:00:00,1445.173647,0.187983,0.137094,0.000148
2021-03-24 22:00:00,1332.081802,0.216061,0.093324,0.000107
2021-03-24 23:00:00,1281.320395,0.255308,0.100578,0.000109
2021-03-25 00:00:00,1234.488458,0.263005,0.134255,0.000111
2021-03-25 01:00:00,1212.657764,0.204536,0.203140,0.000111
2021-03-25 02:00:00,1239.661373,0.160450,0.206666,0.000098
2021-03-25 03:00:00,1274.770124,0.121534,0.155851,0.000090
2021-03-25 04:00:00,1372.261125,0.095987,0.175966,0.000093
2021-03-25 05:00:00,1569.131586,0.071355,0.111139,0.017407
2021-03-25 06:00:00,1762.670040,0.060408,0.068746,0.109522
2021-03-25 07:00:00,1817.358538,0.053919,0.035425,0.275949
2021-03-25 08:00:00,1822.522254,0.086193,0.024953,0.425420
2021-03-25 09:00:00,1801.063582,0.116936,0.033167,0.545732
2021-03-25 10:00:00,1770.244949,0.154469,0.045555,0.631768
2021-03-25 11:00:00,1713.888461,0.170135,0.050450,0.659515
2021-03-25 12:00:00,1677.229454,0.161876,0.051830,0.644065
2021-03-25 13:00:00,1643.616678,0.147316,0.084275,0.559459
2021-03-25 14:00:00,1610.566769,0.111043,0.120127,0.411272
2021-03-25 15:00:00,1634.718395,0.082979,0.101595,0.232586
2021-03-25 16:00:00,1770.614651,0.058361,0.079389,0.069855
2021-03-25 17:00:00,1833.942750,0.069589,0.065921,0.006489
2021-03-25 18:00:00,1806.868571,0.100594,0.041883,0.000383
2021-03-25 19:00:00,1675.067818,0.152248,0.033254,0.000322
2021-03-25 20:00:00,1553.750548,0.197724,0.049909,0.000264
2021-03-25 21:00:00,1426.777435,0.202197,0.120982,0.000205
2021-03-25 22:00:00,1312.223724,0.163547,0.210383,0.000172
2021-03-25 23:00:00,1301.344865,0.159218,0.209470,0.000117
2021-03-26 00:00:00,1237.797955,0.175808,0.244456,0.000109
2021-03-26 01:00:00,1217.281235,0.164505,0.278667,0.000100
2021-03-26 02:00:00,1218.264186,0.141719,0.177066,0.000092
2021-03-26 03:00:00,1240.730460,0.121642,0.178118,0.000090
2021-03-26 04:00:00,1338.610089,0.197246,0.162078,0.000101
2021-03-26 05:00:00,1502.835868,0.252171,0.211420,0.017492
2021-03-26 06:00:00,1695.786176,0.296384,0.231627,0.112399
2021-03-26 07:00:00,1766.027037,0.311289,0.261050,0.283369
2021-03-26 08:00:00,1764.778604,0.353478,0.281718,0.441123
2021-03-26 09:00:00,1754.760872,0.430764,0.316690,0.540232
2021-03-26 10:00:00,1751.807470,0.416177,0.301848,0.538372
2021-03-26 11:00:00,1727.345653,0.381299,0.290448,0.530095
2021-03-26 12:00:00,1706.073394,0.349634,0.262402,0.510167
2021-03-26 13:00:00,1668.398143,0.406616,0.187998,0.424501
2021-03-26 14:00:00,1635.440865,0.332088,0.093331,0.255007
2021-03-26 15:00:00,1639.652102,0.240710,0.051562,0.126844
2021-03-26 16:00:00,1760.060854,0.179758,0.042485,0.044999
2021-03-26 17:00:00,1802.001126,0.164594,0.072157,0.003950
2021-03-26 18:00:00,1767.400005,0.267520,0.160775,0.000296
2021-03-26 19:00:00,1644.678574,0.378442,0.348900,0.000236
2021-03-26 20:00:00,1545.636085,0.442745,0.529531,0.000196
2021-03-26 21:00:00,1454.910294,0.493295,0.602424,0.000183
2021-03-26 22:00:00,1372.827412,0.479774,0.600194,0.000130
2021-03-26 23:00:00,1344.601854,0.391340,0.602568,0.000095
2021-03-27 00:00:00,1275.516607,0.484718,0.600067,0.000091
2021-03-27 01:00:00,1261.236624,0.446278,0.472882,0.000082
2021-03-27 02:00:00,1201.009698,0.368897,0.461363,0.000078
2021-03-27 03:00:00,1198.016073,0.344609,0.488991,0.000066
2021-03-27 04:00:00,1224.740855,0.360446,0.466450,0.000125
2021-03-27 05:00:00,1273.042036,0.416744,0.452409,0.010213
2021-03-27 06:00:00,1403.352190,0.529928,0.514658,0.034194
2021-03-27 07:00:00,1520.856560,0.654190,0.504346,0.063874
2021-03-27 08:00:00,1658.797764,0.628840,0.466947,0.100804
2021-03-27 09:00:00,1728.794775,0.558004,0.526418,0.192399
2021-03-27 10:00:00,1730.945283,0.537324,0.449206,0.233232
2021-03-27 11:00:00,1738.776279,0.529722,0.446903,0.202676
2021-03-27 12:00:00,1695.489366,0.463777,0.356364,0.236789
2021-03-27 13:00:00,1707.897276,0.428009,0.396968,0.401255
2021-03-27 14:00:00,1692.562534,0.459032,0.377528,0.315824
2021-03-27 15:00:00,1693.008708,0.421501,0.342196,0.168063
2021-03-27 16:00:00,1811.590071,0.437092,0.509779,0.056984
2021-03-27 17:00:00,1893.880091,0.356141,0.544635,0.008383
2021-03-27 18:00:00,1850.731723,0.434002,0.507580,0.000232
2021-03-27 19:00:00,1727.564628,0.467613,0.485156,0.000175
2021-03-27 20:00:00,1640.519965,0.450944,0.543935,0.000168
2021-03-27 21:00:00,1548.598642,0.511871,0.574112,0.000140
2021-03-27 22:00:00,1460.656777,0.450015,0.560462,0.000114
2021-03-27 23:00:00,1405.912776,0.280916,0.438735,0.000101
2021-03-28 00:00:00,1338.786985,0.314055,0.395419,0.000095
2021-03-28 01:00:00,1272.615887,0.329470,0.343113,0.000094
2021-03-28 02:00:00,1279.643926,0.308077,0.398927,0.000089
2021-03-28 03:00:00,1329.311467,0.310353,0.464591,0.000085
2021-03-28 04:00:00,1384.227639,0.241678,0.463767,0.000313
2021-03-28 05:00:00,1401.545755,0.283450,0.503196,0.019975
2021-03-28 06:00:00,1509.513706,0.436399,0.540824,0.065679
2021-03-28 07:00:00,1609.510612,0.396680,0.564731,0.119650
2021-03-28 08:00:00,1653.941726,0.368292,0.574331,0.204574
2021-03-28 09:00:00,1673.295200,0.596859,0.570681,0.241685
2021-03-28 10:00:00,1679.679356,0.638121,0.580411,0.235661
2021-03-28 11:00:00,1675.779188,0.615129,0.599476,0.187417
2021-03-28 12:00:00,1681.285698,0.583935,0.590757,0.120017
2021-03-28 13:00:00,1691.084263,0.622083,0.565488,0.089519
2021-03-28 14:00:00,1733.338534,0.704851,0.512185,0.059388
2021-03-28 15:00:00,1851.009712,0.756316,0.588904,0.033851
2021-03-28 16:00:00,1879.266641,0.750970,0.622148,0.013232
2021-03-28 17:00:00,1817.934102,0.725693,0.618992,0.001049
2021-03-28 18:00:00,1708.877743,0.706422,0.578759,0.000148
2021-03-28 19:00:00,1659.476327,0.641266,0.562285,0.000139
2021-03-28 20:00:00,1557.712114,0.586126,0.559967,0.000120
2021-03-28 21:00:00,1462.939434,0.529917,0.542838,0.000111
2021-03-28 22:00:00,1410.614674,0.699263,0.549237,0.000087
2021-03-28 23:00:00,1356.652182,0.609238,0.528130,0.000137
2021-03-29 00:00:00,1324.570579,0.556655,0.520314,0.000091
2021-03-29 01:00:00,1328.893696,0.618938,0.517521,0.000100
2021-03-29 02:00:00,1327.202976,0.556059,0.511036,0.000077
2021-03-29 03:00:00,1399.056118,0.536780,0.502815,0.000068
2021-03-29 04:00:00,1565.397169,0.624750,0.527072,0.000114
2021-03-29 05:00:00,1734.135731,0.703457,0.536202,0.004814
2021-03-29 06:00:00,1840.792383,0.706700,0.523345,0.023219
2021-03-29 07:00:00,1945.721017,0.583415,0.504569,0.040626
2021-03-29 08:00:00,1993.910409,0.685756,0.561044,0.081684
2021-03-29 09:00:00,1976.720263,0.563988,0.521030,0.105732
2021-03-29 10:00:00,1940.105226,0.710583,0.551191,0.117516
2021-03-29 11:00:00,1872.635212,0.757872,0.565616,0.129988
2021-03-29 12:00:00,1840.559826,0.725025,0.556497,0.128792
2021-03-29 13:00:00,1799.649508,0.740923,0.524680,0.128158
2021-03-29 14:00:00,1826.812365,0.586136,0.495525,0.094237
2021-03-29 15:00:00,1918.817798,0.538884,0.484947,0.072908
2021-03-29 16:00:00,1949.282625,0.561436,0.582762,0.029172
2021-03-29 17:00:00,1878.966106,0.577875,0.583550,0.004996
2021-03-29 18:00:00,1806.686805,0.532828,0.594494,0.000125
2021-03-29 19:00:00,1687.501692,0.462859,0.582323,0.000120
2021-03-29 20:00:00,1555.043403,0.368212,0.546658,0.000101
2021-03-29 21:00:00,1475.477431,0.387162,0.444538,0.000097
2021-03-29 22:00:00,1398.820474,0.306957,0.377379,0.000080
2021-03-29 23:00:00,1316.452775,0.399456,0.378217,0.000081
2021-03-30 00:00:00,1285.378148,0.392546,0.444432,0.000079
2021-03-30 01:00:00,1286.822762,0.382400,0.519797,0.000079
2021-03-30 02:00:00,1263.777019,0.359750,0.490013,0.000083
2021-03-30 03:00:00,1339.411075,0.419800,0.429973,0.000076
2021-03-30 04:00:00,1469.052027,0.448054,0.388387,0.000524
2021-03-30 05:00:00,1596.347435,0.377328,0.345470,0.026802
2021-03-30 06:00:00,1704.120803,0.290705,0.278863,0.140183
2021-03-30 07:00:00,1756.768112,0.282545,0.242439,0.417379
2021-03-30 08:00:00,1761.945439,0.325527,0.194670,0.646438
2021-03-30 09:00:00,1752.757517,0.363643,0.206761,0.843053
2021-03-30 10:00:00,1738.945951,0.339155,0.223335,0.942559
2021-03-30 11:00:00,1710.073581,0.393457,0.224159,0.921089
2021-03-30 12:00:00,1655.943469,0.472811,0.207549,0.879560
2021-03-30 13:00:00,1611.103648,0.513132,0.257747,0.765863
2021-03-30 14:00:00,1593.313534,0.499953,0.313525,0.606179
2021-03-30 15:00:00,1667.429576,0.446775,0.315645,0.393003
2021-03-30 16:00:00,1679.774515,0.360070,0.293271,0.163098
2021-03-30 17:00:00,1626.016586,0.388112,0.267779,0.020849
2021-03-30 18:00:00,1613.099392,0.408300,0.324877,0.000345
2021-03-30 19:00:00,1513.864870,0.423418,0.331776,0.000277
2021-03-30 20:00:00,1420.102951,0.415263,0.323477,0.000232
2021-03-30 21:00:00,1304.360220,0.363222,0.339521,0.000168
2021-03-30 22:00:00,1253.395187,0.329949,0.264071,0.000139
2021-03-30 23:00:00,1199.087360,0.269937,0.206511,0.000129
2021-03-31 00:00:00,1177.009573,0.245577,0.183072,0.000118
2021-03-31 01:00:00,1184.019445,0.226317,0.120011,0.000119
2021-03-31 02:00:00,1172.086572,0.201445,0.107942,0.000120
2021-03-31 03:00:00,1257.483180,0.150139,0.083990,0.000115
2021-03-31 04:00:00,1396.941438,0.103592,0.080638,0.000870
2021-03-31 05:00:00,1599.413392,0.080153,0.069580,0.048018
2021-03-31 06:00:00,1720.532969,0.064760,0.048715,0.206743
2021-03-31 07:00:00,1768.665322,0.035348,0.035300,0.441755
2021-03-31 08:00:00,1781.654537,0.015863,0.016733,0.670870
2021-03-31 09:00:00,1746.108390,0.010587,0.010004,0.825645
2021-03-31 10:00:00,1719.650427,0.011754,0.009297,0.907773
2021-03-31 11:00:00,1694.884174,0.017767,0.013332,0.924277
2021-03-31 12:00:00,1624.287105,0.027093,0.014992,0.890901
2021-03-31 13:00:00,1545.718541,0.033716,0.009207,0.794470
2021-03-31 14:00:00,1547.448947,0.030744,0.009624,0.626210
2021-03-31 15:00:00,1617.306879,0.020223,0.015146,0.389195
2021-03-31 16:00:00,1677.328239,0.012916,0.014138,0.131556
2021-03-31 17:00:00,1640.026237,0.021473,0.008164,0.014614
2021-03-31 18:00:00,1631.469379,0.032265,0.008835,0.000336
2021-03-31 19:00:00,1539.506200,0.040644,0.016640,0.000272
2021-03-31 20:00:00,1429.039544,0.062745,0.024505,0.000229
2021-03-31 21:00:00,1322.017079,0.066341,0.026786,0.000186
2021-03-31 22:00:00,1193.534992,0.047766,0.036778,0.000111
2021-03-31 23:00:00,1137.289934,0.058099,0.042916,0.000099
2021-04-01 00:00:00,1147.118769,0.069737,0.044892,0.000084
2021-04-01 01:00:00,1146.008244,0.083681,0.055114,0.000089
2021-04-01 02:00:00,1142.608229,0.114539,0.084124,0.000078
2021-04-01 03:00:00,1132.014177,0.120893,0.081551,0.000074
2021-04-01 04:00:00,1190.404347,0.127579,0.079280,0.000135
2021-04-01 05:00:00,1273.381804,0.239749,0.071826,0.008492
2021-04-01 06:00:00,1425.699983,0.429925,0.246350,0.054535
2021-04-01 07:00:00,1559.708696,0.527660,0.363261,0.105205
2021-04-01 08:00:00,1656.385768,0.574236,0.384394,0.154493
2021-04-01 09:00:00,1691.876879,0.551763,0.436633,0.200395
2021-04-01 10:00:00,1687.726507,0.575228,0.395748,0.184850
2021-04-01 11:00:00,1682.762873,0.634291,0.407046,0.151389
2021-04-01 12:00:00,1647.972427,0.540642,0.402237,0.201241
2021-04-01 13:00:00,1608.865721,0.438470,0.407492,0.271604
2021-04-01 14:00:00,1611.470601,0.231031,0.413502,0.234109
2021-04-01 15:00:00,1690.364038,0.123551,0.281613,0.142559
2021-04-01 16:00:00,1699.171981,0.071678,0.180854,0.091014
2021-04-01 17:00:00,1679.826386,0.025037,0.065361,0.016533
2021-04-01 18:00:00,1641.011018,0.011166,0.058601,0.000150
2021-04-01 19:00:00,1567.379701,0.008991,0.046744,0.000126
2021-04-01 20:00:00,1484.906289,0.014423,0.109997,0.000115
2021-04-01 21:00:00,1400.597622,0.026733,0.137723,0.000113
2021-04-01 22:00:00,1303.064077,0.049949,0.092134,0.000085
2021-04-01 23:00:00,1254.717258,0.105398,0.070388,0.000084
2021-04-02 00:00:00,1218.255778,0.134333,0.099245,0.000085
2021-04-02 01:00:00,1208.619293,0.166410,0.130010,0.000086
2021-04-02 02:00:00,1217.433483,0.161619,0.152611,0.000080
2021-04-02 03:00:00,1251.995259,0.192710,0.197208,0.000080
2021-04-02 04:00:00,1291.961640,0.286730,0.235583,0.000540
2021-04-02 05:00:00,1377.240818,0.287320,0.332360,0.026181
2021-04-02 06:00:00,1513.691715,0.286351,0.429526,0.096685
2021-04-02 07:00:00,1604.330427,0.295050,0.361873,0.223022
2021-04-02 08:00:00,1653.170751,0.352245,0.358901,0.371815
2021-04-02 09:00:00,1671.919667,0.297203,0.382379,0.544336
2021-04-02 10:00:00,1687.723958,0.337618,0.368662,0.639216
2021-04-02 11:00:00,1589.616137,0.385439,0.363436,0.681394
2021-04-02 12:00:00,1547.829828,0.394246,0.319368,0.565411
2021-04-02 13:00:00,1507.239319,0.352549,0.354747,0.618366
2021-04-02 14:00:00,1513.536824,0.328462,0.279523,0.602511
2021-04-02 15:00:00,1612.263422,0.363958,0.327524,0.414812
2021-04-02 16:00:00,1629.192016,0.292424,0.412303,0.178643
2021-04-02 17:00:00,1578.425233,0.214692,0.364947,0.023699
2021-04-02 18:00:00,1602.245295,0.184427,0.363633,0.000283
2021-04-02 19:00:00,1526.822798,0.221635,0.360333,0.000247
2021-04-02 20:00:00,1452.068208,0.276693,0.409864,0.000216
2021-04-02 21:00:00,1372.933480,0.320320,0.402359,0.000164
2021-04-02 22:00:00,1295.581723,0.276280,0.375673,0.000131
2021-04-02 23:00:00,1264.936010,0.235885,0.315625,0.000138
2021-04-03 00:00:00,1236.781785,0.259420,0.264439,0.000141
2021-04-03 01:00:00,1219.784278,0.254672,0.318998,0.000141
2021-04-03 02:00:00,1231.014589,0.276864,0.371684,0.000144
2021-04-03 03:00:00,1246.668723,0.333150,0.388107,0.000142
2021-04-03 04:00:00,1297.334455,0.358269,0.413278,0.001523
2021-04-03 05:00:00,1384.584470,0.327707,0.374107,0.053435
2021-04-03 06:00:00,1498.304810,0.258708,0.300276,0.238172
2021-04-03 07:00:00,1575.864843,0.227955,0.188227,0.492481
2021-04-03 08:00:00,1609.456003,0.207031,0.167832,0.727860
2021-04-03 09:00:00,1598.866636,0.312671,0.195838,0.844886
2021-04-03 10:00:00,1561.437463,0.363901,0.202295,0.883312
2021-04-03 11:00:00,1548.480100,0.388221,0.150876,0.773424
2021-04-03 12:00:00,1552.106192,0.442644,0.192960,0.794357
2021-04-03 13:00:00,1521.032518,0.436866,0.225582,0.813514
2021-04-03 14:00:00,1575.946050,0.309239,0.260202,0.689378
2021-04-03 15:00:00,1584.905301,0.217150,0.219895,0.457751
2021-04-03 16:00:00,1613.840371,0.164685,0.116007,0.218225
2021-04-03 17:00:00,1589.318027,0.098882,0.118591,0.064607
2021-04-03 18:00:00,1585.221805,0.051012,0.101482,0.000378
2021-04-03 19:00:00,1543.101402,0.010869,0.062904,0.000316
2021-04-03 20:00:00,1454.624716,0.003760,0.022654,0.000261
2021-04-03 21:00:00,1392.428755,0.004169,0.006122,0.000212
2021-04-03 22:00:00,1311.264006,0.011001,0.006306,0.000129
2021-04-03 23:00:00,1263.748342,0.037591,0.029081,0.000123
2021-04-04 00:00:00,1220.057084,0.094219,0.044318,0.000104
2021-04-04 01:00:00,1221.817459,0.184059,0.044846,0.000105
2021-04-04 02:00:00,1237.712930,0.242316,0.091190,0.000102
2021-04-04 03:00:00,1249.997978,0.226348,0.150113,0.000088
2021-04-04 04:00:00,1281.286123,0.217385,0.206839,0.001436
2021-04-04 05:00:00,1354.043748,0.211405,0.278161,0.045169
2021-04-04 06:00:00,1478.147760,0.275963,0.245979,0.121230
2021-04-04 07:00:00,1576.341063,0.343802,0.242412,0.161546
2021-04-04 08:00:00,1646.386172,0.466612,0.352629,0.220059
2021-04-04 09:00:00,1685.135472,0.565531,0.422151,0.236874
2021-04-04 10:00:00,1675.120102,0.524567,0.474340,0.256679
2021-04-04 11:00:00,1634.560304,0.636640,0.526600,0.334546
2021-04-04 12:00:00,1608.059697,0.685301,0.550458,0.321484
2021-04-04 13:00:00,1597.955222,0.650074,0.591605,0.181154
2021-04-04 14:00:00,1636.921774,0.654056,0.640594,0.098011
2021-04-04 15:00:00,1746.058064,0.701168,0.659034,0.078206
2021-04-04 16:00:00,1810.762272,0.544008,0.660695,0.058993
2021-04-04 17:00:00,1761.695264,0.568184,0.608903,0.006320
2021-04-04 18:00:00,1746.274368,0.667948,0.598881,0.000164
2021-04-04 19:00:00,1653.451298,0.644195,0.567118,0.000144
2021-04-04 20:00:00,1561.265842,0.688296,0.567160,0.000151
2021-04-04 21:00:00,1477.734269,0.758965,0.564215,0.000144
2021-04-04 22:00:00,1415.918642,0.808447,0.564045,0.000117
2021-04-04 23:00:00,1330.431431,0.897179,0.565345,0.000116
2021-04-05 00:00:00,1318.521656,0.823468,0.564944,0.000121
2021-04-05 01:00:00,1331.405559,0.784098,0.556885,0.000113
2021-04-05 02:00:00,1350.995742,0.717969,0.551123,0.000117
2021-04-05 03:00:00,1330.614424,0.581920,0.552112,0.000106
2021-04-05 04:00:00,1355.560635,0.622232,0.439048,0.000514
2021-04-05 05:00:00,1472.121166,0.601337,0.637541,0.026266
2021-04-05 06:00:00,1624.270485,0.588641,0.600950,0.136267
2021-04-05 07:00:00,1705.970749,0.743051,0.559174,0.264071
2021-04-05 08:00:00,1780.557746,0.811883,0.609621,0.431626
2021-04-05 09:00:00,1804.502663,0.838850,0.613877,0.690986
2021-04-05 10:00:00,1836.418489,0.868535,0.579354,0.604317
2021-04-05 11:00:00,1893.064971,0.817801,0.570601,0.416758
2021-04-05 12:00:00,1843.427750,0.738746,0.548458,0.346819
2021-04-05 13:00:00,1788.077358,0.696222,0.551921,0.457977
2021-04-05 14:00:00,1800.922263,0.737713,0.528043,0.426689
2021-04-05 15:00:00,1892.941138,0.772177,0.491041,0.369812
2021-04-05 16:00:00,1893.901792,0.779667,0.481550,0.165157
2021-04-05 17:00:00,1822.516476,0.556775,0.527982,0.023219
2021-04-05 18:00:00,1810.840024,0.567993,0.664731,0.000324
2021-04-05 19:00:00,1728.392715,0.697118,0.672839,0.000214
2021-04-05 20:00:00,1607.337724,0.624681,0.615985,0.000191
2021-04-05 21:00:00,1494.355941,0.721997,0.608666,0.000149
2021-04-05 22:00:00,1403.460662,0.767608,0.561570,0.000128
2021-04-05 23:00:00,1337.139265,0.752095,0.558310,0.000146
2021-04-06 00:00:00,1326.805357,0.740045,0.556172,0.000130
2021-04-06 01:00:00,1347.502446,0.739146,0.558318,0.000128
2021-04-06 02:00:00,1389.055520,0.622021,0.552058,0.000126
2021-04-06 03:00:00,1494.008176,0.533790,0.542770,0.000127
2021-04-06 04:00:00,1648.636662,0.650200,0.542638,0.002562
2021-04-06 05:00:00,1813.567455,0.709030,0.591908,0.073410
2021-04-06 06:00:00,1918.456694,0.708400,0.610977,0.243194
2021-04-06 07:00:00,1981.172010,0.731532,0.605393,0.483792
2021-04-06 08:00:00,2010.597515,0.767059,0.598338,0.654987
2021-04-06 09:00:00,1955.310970,0.774950,0.583797,0.672845
2021-04-06 10:00:00,1923.870191,0.763287,0.566880,0.761433
2021-04-06 11:00:00,1887.518444,0.737201,0.541499,0.808069
2021-04-06 12:00:00,1851.707515,0.726618,0.532334,0.793708
2021-04-06 13:00:00,1801.890677,0.671621,0.537849,0.645451
2021-04-06 14:00:00,1819.436276,0.576101,0.507062,0.472478
2021-04-06 15:00:00,1914.582257,0.542005,0.470499,0.291268
2021-04-06 16:00:00,1879.070811,0.525840,0.365185,0.157794
2021-04-06 17:00:00,1769.294788,0.443841,0.315152,0.039159
2021-04-06 18:00:00,1747.053569,0.472495,0.335307,0.000408
2021-04-06 19:00:00,1659.714865,0.500515,0.393739,0.000260
2021-04-06 20:00:00,1613.436029,0.348656,0.525856,0.000209
2021-04-06 21:00:00,1504.555457,0.435832,0.519140,0.000165
2021-04-06 22:00:00,1453.592661,0.320543,0.503370,0.000114
2021-04-06 23:00:00,1415.635034,0.303887,0.469954,0.000137
2021-04-07 00:00:00,1391.824238,0.353601,0.491202,0.000124
2021-04-07 01:00:00,1418.892267,0.402008,0.516717,0.000112
2021-04-07 02:00:00,1433.847434,0.387593,0.499941,0.000129
2021-04-07 03:00:00,1521.488840,0.448506,0.491830,0.000126
2021-04-07 04:00:00,1670.104520,0.416418,0.492772,0.002077
2021-04-07 05:00:00,1876.917850,0.507600,0.533677,0.049175
2021-04-07 06:00:00,1941.023081,0.535247,0.579967,0.174270
2021-04-07 07:00:00,1897.227347,0.548427,0.563814,0.314403
2021-04-07 08:00:00,1918.045162,0.555634,0.584396,0.453237
2021-04-07 09:00:00,1900.694792,0.522450,0.554175,0.598420
2021-04-07 10:00:00,1862.119097,0.474426,0.516229,0.646353
2021-04-07 11:00:00,1893.352497,0.453938,0.537608,0.736126
2021-04-07 12:00:00,1866.948016,0.438283,0.567249,0.775060
2021-04-07 13:00:00,1827.785287,0.472753,0.553796,0.598984
2021-04-07 14:00:00,1827.769228,0.603153,0.535477,0.273974
2021-04-07 15:00:00,1861.663487,0.492149,0.420119,0.134998
2021-04-07 16:00:00,1869.791715,0.323084,0.340807,0.078601
2021-04-07 17:00:00,1785.964602,0.349229,0.442707,0.024348
2021-04-07 18:00:00,1761.382937,0.415097,0.485250,0.000485
2021-04-07 19:00:00,1684.239846,0.442009,0.484467,0.000214
2021-04-07 20:00:00,1531.290396,0.386175,0.505972,0.000168
2021-04-07 21:00:00,1416.765031,0.419490,0.439843,0.000128
2021-04-07 22:00:00,1396.475968,0.405773,0.378396,0.000104
2021-04-07 23:00:00,1375.165080,0.319033,0.387717,0.000109
2021-04-08 00:00:00,1362.034528,0.269766,0.389398,0.000101
2021-04-08 01:00:00,1357.765835,0.335634,0.383903,0.000092
2021-04-08 02:00:00,1346.664115,0.457783,0.416093,0.000088
2021-04-08 03:00:00,1415.441651,0.481604,0.450537,0.000091
2021-04-08 04:00:00,1582.234078,0.490716,0.512628,0.003781
2021-04-08 05:00:00,1777.599010,0.537620,0.531033,0.082663
2021-04-08 06:00:00,1871.712573,0.587900,0.517347,0.281563
2021-04-08 07:00:00,1908.703329,0.607583,0.545277,0.506475
2021-04-08 08:00:00,1902.015972,0.569271,0.556430,0.638567
2021-04-08 09:00:00,1895.149320,0.586050,0.536411,0.673381
2021-04-08 10:00:00,1855.893798,0.617386,0.524831,0.543913
2021-04-08 11:00:00,1834.968984,0.628152,0.403998,0.465595
2021-04-08 12:00:00,1860.283982,0.643833,0.453154,0.391113
2021-04-08 13:00:00,1844.265573,0.684127,0.520596,0.307575
2021-04-08 14:00:00,1860.327513,0.675114,0.496808,0.228523
2021-04-08 15:00:00,1984.175680,0.727567,0.571520,0.116603
2021-04-08 16:00:00,1927.637386,0.654122,0.593494,0.057893
2021-04-08 17:00:00,1816.610153,0.689069,0.612735,0.014953
2021-04-08 18:00:00,1785.781382,0.735817,0.677940,0.000249
2021-04-08 19:00:00,1786.042243,0.778816,0.647059,0.000211
2021-04-08 20:00:00,1655.723381,0.658064,0.616146,0.000155
2021-04-08 21:00:00,1573.135903,0.748562,0.608114,0.000142
2021-04-08 22:00:00,1499.630182,0.702420,0.582967,0.000122
2021-04-08 23:00:00,1464.992655,0.903799,0.584136,0.000116
2021-04-09 00:00:00,1427.554995,0.783783,0.584566,0.000113
2021-04-09 01:00:00,1427.922085,0.769649,0.631205,0.000103
2021-04-09 02:00:00,1450.959354,0.821149,0.630195,0.000102
2021-04-09 03:00:00,1529.745201,0.696098,0.585727,0.000111
2021-04-09 04:00:00,1679.604037,0.702847,0.581208,0.000627
2021-04-09 05:00:00,1881.203527,0.678525,0.585241,0.022852
2021-04-09 06:00:00,1985.818980,0.742891,0.590140,0.060657
2021-04-09 07:00:00,2006.224767,0.709305,0.697435,0.092425
2021-04-09 08:00:00,2052.174140,0.803762,0.681254,0.178079
2021-04-09 09:00:00,2039.827791,0.667279,0.629193,0.287854
2021-04-09 10:00:00,1952.858428,0.742107,0.610445,0.438426
2021-04-09 11:00:00,1866.576501,0.669827,0.610222,0.555001
2021-04-09 12:00:00,1822.480140,0.745714,0.600363,0.592495
2021-04-09 13:00:00,1782.334499,0.558131,0.599321,0.557088
2021-04-09 14:00:00,1757.304418,0.642680,0.566613,0.500635
2021-04-09 15:00:00,1820.815178,0.561891,0.524702,0.350515
2021-04-09 16:00:00,1827.650716,0.570127,0.485096,0.174439
2021-04-09 17:00:00,1725.745180,0.450809,0.393831,0.037890
2021-04-09 18:00:00,1679.820844,0.302045,0.308921,0.000507
2021-04-09 19:00:00,1597.145958,0.260158,0.247783,0.000234
2021-04-09 20:00:00,1509.180529,0.253946,0.249406,0.000213
2021-04-09 21:00:00,1420.762968,0.253234,0.220192,0.000202
2021-04-09 22:00:00,1339.851343,0.245035,0.231184,0.000139
2021-04-09 23:00:00,1284.211644,0.238594,0.247940,0.000118
2021-04-10 00:00:00,1253.472174,0.249993,0.272642,0.000098
2021-04-10 01:00:00,1247.647334,0.229659,0.291174,0.000097
2021-04-10 02:00:00,1248.296192,0.219744,0.261945,0.000097
2021-04-10 03:00:00,1271.503480,0.215414,0.236328,0.000083
2021-04-10 04:00:00,1314.628557,0.194136,0.220286,0.007900
2021-04-10 05:00:00,1430.142442,0.156899,0.185026,0.090309
2021-04-10 06:00:00,1540.458441,0.159852,0.166497,0.289124
2021-04-10 07:00:00,1618.903689,0.207561,0.155261,0.524503
2021-04-10 08:00:00,1641.645711,0.191912,0.111833,0.681676
2021-04-10 09:00:00,1631.283450,0.165806,0.076666,0.811793
2021-04-10 10:00:00,1607.800297,0.167949,0.069257,0.871096
2021-04-10 11:00:00,1578.752676,0.154014,0.067572,0.878996
2021-04-10 12:00:00,1535.184854,0.105391,0.057534,0.851093
2021-04-10 13:00:00,1506.590804,0.076412,0.041384,0.766145
2021-04-10 14:00:00,1523.765729,0.048867,0.050516,0.603922
2021-04-10 15:00:00,1613.529337,0.033422,0.085383,0.397799
2021-04-10 16:00:00,1665.306764,0.019789,0.070823,0.175145
2021-04-10 17:00:00,1596.448903,0.015569,0.055984,0.038764
2021-04-10 18:00:00,1585.124025,0.020827,0.049173,0.000441
2021-04-10 19:00:00,1544.332848,0.021529,0.018797,0.000250
2021-04-10 20:00:00,1462.960733,0.010684,0.022213,0.000207
2021-04-10 21:00:00,1379.310771,0.021883,0.048216,0.000172
2021-04-10 22:00:00,1296.684062,0.058253,0.109450,0.000118
2021-04-10 23:00:00,1256.532827,0.074992,0.123535,0.000157
2021-04-11 00:00:00,1259.268325,0.105222,0.213523,0.000085
2021-04-11 01:00:00,1255.324293,0.189683,0.402919,0.000087
2021-04-11 02:00:00,1268.079243,0.316798,0.532124,0.000092
2021-04-11 03:00:00,1286.338440,0.433499,0.575303,0.000076
2021-04-11 04:00:00,1330.662049,0.581930,0.607010,0.000878
2021-04-11 05:00:00,1459.137933,0.568880,0.667892,0.019044
2021-04-11 06:00:00,1582.577003,0.688563,0.547925,0.045874
2021-04-11 07:00:00,1733.828331,0.571898,0.485637,0.054761
2021-04-11 08:00:00,1830.232317,0.554138,0.477133,0.096290
2021-04-11 09:00:00,1888.274964,0.341640,0.510753,0.109578
2021-04-11 10:00:00,1888.997327,0.278210,0.507611,0.113189
2021-04-11 11:00:00,1835.094375,0.293562,0.348079,0.122612
2021-04-11 12:00:00,1782.479333,0.209350,0.315273,0.141600
2021-04-11 13:00:00,1743.297420,0.198188,0.255630,0.101707
2021-04-11 14:00:00,1744.798174,0.303201,0.253817,0.087854
2021-04-11 15:00:00,1840.829402,0.407542,0.258685,0.074651
2021-04-11 16:00:00,1856.784115,0.442776,0.364269,0.045959
2021-04-11 17:00:00,1778.353424,0.424135,0.392229,0.007025
2021-04-11 18:00:00,1702.458821,0.382372,0.379569,0.000133
2021-04-11 19:00:00,1601.656304,0.367485,0.407366,0.000108
2021-04-11 20:00:00,1484.437138,0.302745,0.447473,0.000078
2021-04-11 21:00:00,1411.445332,0.383809,0.434427,0.000065
2021-04-11 22:00:00,1377.942352,0.252302,0.423320,0.000250
2021-04-11 23:00:00,1344.347813,0.342571,0.420008,0.000079
2021-04-12 00:00:00,1330.581630,0.387928,0.553035,0.000081
2021-04-12 01:00:00,1329.006071,0.349931,0.599763,0.000087
2021-04-12 02:00:00,1350.912502,0.421544,0.553195,0.000089
2021-04-12 03:00:00,1438.446530,0.400178,0.526347,0.000088
2021-04-12 04:00:00,1577.850113,0.374967,0.523777,0.003611
2021-04-12 05:00:00,1780.792883,0.350568,0.536100,0.057526
2021-04-12 06:00:00,1879.169072,0.359522,0.496617,0.205304
2021-04-12 07:00:00,1895.263563,0.414947,0.380693,0.409141
2021-04-12 08:00:00,1878.367443,0.467294,0.261490,0.517760
2021-04-12 09:00:00,1876.946582,0.509238,0.297893,0.606827
2021-04-12 10:00:00,1848.256300,0.500706,0.316901,0.697813
2021-04-12 11:00:00,1838.691332,0.462746,0.290827,0.748117
2021-04-12 12:00:00,1844.330877,0.462570,0.273787,0.734067
2021-04-12 13:00:00,1803.135598,0.505572,0.281632,0.689434
2021-04-12 14:00:00,1804.254966,0.544773,0.271741,0.581690
2021-04-12 15:00:00,1894.845737,0.574391,0.312879,0.402342
2021-04-12 16:00:00,1852.789534,0.556994,0.325972,0.210805
2021-04-12 17:00:00,1743.593208,0.530356,0.327972,0.048159
2021-04-12 18:00:00,1744.659626,0.503335,0.379958,0.000748
2021-04-12 19:00:00,1692.383239,0.509198,0.377575,0.000286
2021-04-12 20:00:00,1589.436122,0.527007,0.445106,0.000213
2021-04-12 21:00:00,1479.032525,0.451954,0.506875,0.000160
2021-04-12 22:00:00,1433.713919,0.495666,0.554029,0.000122
2021-04-12 23:00:00,1368.036598,0.429660,0.579940,0.000137
2021-04-13 00:00:00,1337.238288,0.510178,0.615608,0.000118
2021-04-13 01:00:00,1330.227252,0.410269,0.578964,0.000118
2021-04-13 02:00:00,1349.392054,0.422889,0.487730,0.000123
2021-04-13 03:00:00,1460.949992,0.503144,0.471173,0.000110
2021-04-13 04:00:00,1587.240768,0.513538,0.481246,0.007674
2021-04-13 05:00:00,1779.511323,0.510237,0.480202,0.075215
2021-04-13 06:00:00,1871.322209,0.553311,0.517280,0.232219
2021-04-13 07:00:00,1894.337586,0.582978,0.531851,0.417069
2021-04-13 08:00:00,1911.284036,0.538089,0.531130,0.550769
2021-04-13 09:00:00,1923.589398,0.537829,0.536566,0.706559
2021-04-13 10:00:00,1909.088752,0.532588,0.494990,0.794752
2021-04-13 11:00:00,1884.565584,0.464183,0.492019,0.814953
2021-04-13 12:00:00,1886.022490,0.373739,0.474995,0.808407
2021-04-13 13:00:00,1844.687403,0.390626,0.515903,0.603893
2021-04-13 14:00:00,1807.427259,0.503749,0.482336,0.577035
2021-04-13 15:00:00,1891.119452,0.402433,0.546614,0.331923
2021-04-13 16:00:00,1837.209876,0.277070,0.425678,0.165044
2021-04-13 17:00:00,1758.879309,0.272451,0.442223,0.037156
2021-04-13 18:00:00,1709.068699,0.254253,0.469062,0.000906
2021-04-13 19:00:00,1633.037156,0.223324,0.325515,0.000242
2021-04-13 20:00:00,1502.268437,0.213187,0.313219,0.000202
2021-04-13 21:00:00,1400.726836,0.204365,0.303458,0.000138
2021-04-13 22:00:00,1380.809499,0.202195,0.287974,0.000110
2021-04-13 23:00:00,1335.918787,0.208433,0.280838,0.000131
2021-04-14 00:00:00,1319.635938,0.177627,0.203489,0.000122
2021-04-14 01:00:00,1293.176296,0.140683,0.134634,0.000113
2021-04-14 02:00:00,1315.736219,0.134772,0.081391,0.000120
2021-04-14 03:00:00,1394.530154,0.102631,0.072877,0.000106
2021-04-14 04:00:00,1579.750403,0.051445,0.058744,0.012103
2021-04-14 05:00:00,1768.487639,0.027717,0.035437,0.107349
2021-04-14 06:00:00,1839.447918,0.012308,0.029159,0.307998
2021-04-14 07:00:00,1851.677310,0.004907,0.013071,0.541289
2021-04-14 08:00:00,1862.217423,0.006034,0.007223,0.711920
2021-04-14 09:00:00,1834.615492,0.009252,0.009673,0.759910
2021-04-14 10:00:00,1810.903696,0.022790,0.012690,0.745098
2021-04-14 11:00:00,1764.265324,0.038696,0.018726,0.684695
2021-04-14 12:00:00,1717.789453,0.059762,0.023410,0.729553
2021-04-14 13:00:00,1663.370425,0.075820,0.021522,0.696234
2021-04-14 14:00:00,1693.859278,0.071186,0.031181,0.580477
2021-04-14 15:00:00,1810.370485,0.054323,0.026600,0.475130
2021-04-14 16:00:00,1797.075865,0.055009,0.021980,0.243137
2021-04-14 17:00:00,1712.221073,0.058655,0.040482,0.059924
2021-04-14 18:00:00,1670.075753,0.061487,0.070303,0.001211
2021-04-14 19:00:00,1598.919665,0.054474,0.137903,0.000253
2021-04-14 20:00:00,1515.934856,0.080923,0.180594,0.000204
2021-04-14 21:00:00,1380.827066,0.102527,0.133588,0.000162
2021-04-14 22:00:00,1329.440784,0.086595,0.098145,0.000121
2021-04-14 23:00:00,1281.881421,0.084374,0.032608,0.000125
2021-04-15 00:00:00,1266.037327,0.105266,0.015959,0.000113
2021-04-15 01:00:00,1277.235958,0.106273,0.026731,0.000108
2021-04-15 02:00:00,1307.041565,0.104168,0.024853,0.000111
2021-04-15 03:00:00,1364.665089,0.094871,0.021571,0.000107
2021-04-15 04:00:00,1522.135722,0.083238,0.013560,0.011934
2021-04-15 05:00:00,1723.941713,0.086586,0.014085,0.106108
2021-04-15 06:00:00,1809.898053,0.074038,0.016361,0.303005
2021-04-15 07:00:00,1838.596224,0.085341,0.022285,0.541571
2021-04-15 08:00:00,1838.333587,0.111237,0.023678,0.682917
2021-04-15 09:00:00,1807.123952,0.142399,0.046487,0.730032
2021-04-15 10:00:00,1780.335716,0.181454,0.041625,0.749217
2021-04-15 11:00:00,1774.366733,0.199615,0.020366,0.718888
2021-04-15 12:00:00,1748.433605,0.195206,0.020640,0.711468
2021-04-15 13:00:00,1718.453467,0.258976,0.017651,0.691720
2021-04-15 14:00:00,1709.720455,0.335918,0.023145,0.580138
2021-04-15 15:00:00,1804.604097,0.397451,0.022623,0.392100
2021-04-15 16:00:00,1785.929163,0.413692,0.020083,0.216899
2021-04-15 17:00:00,1711.073662,0.370778,0.065698,0.053830
2021-04-15 18:00:00,1675.751722,0.308316,0.079805,0.001140
2021-04-15 19:00:00,1613.230445,0.241963,0.073621,0.000293
2021-04-15 20:00:00,1491.184665,0.198522,0.017927,0.000218
2021-04-15 21:00:00,1373.447874,0.155525,0.010610,0.000161
2021-04-15 22:00:00,1328.286226,0.144007,0.053495,0.000119
2021-04-15 23:00:00,1288.130072,0.120496,0.108915,0.000129
2021-04-16 00:00:00,1227.331874,0.118363,0.111263,0.000119
2021-04-16 01:00:00,1223.797244,0.101473,0.142837,0.000109
2021-04-16 02:00:00,1258.949811,0.099970,0.185178,0.000118
2021-04-16 03:00:00,1346.747435,0.152216,0.249650,0.000121
2021-04-16 04:00:00,1544.116030,0.164796,0.257195,0.012526
2021-04-16 05:00:00,1727.073316,0.152008,0.296421,0.092566
2021-04-16 06:00:00,1809.143006,0.139144,0.331869,0.279108
2021-04-16 07:00:00,1847.338041,0.169048,0.290941,0.493412
2021-04-16 08:00:00,1836.658982,0.248589,0.254512,0.721823
2021-04-16 09:00:00,1810.645356,0.308135,0.245512,0.848441
2021-04-16 10:00:00,1787.620688,0.364650,0.197139,0.901284
2021-04-16 11:00:00,1733.343479,0.341973,0.124383,0.877557
2021-04-16 12:00:00,1700.721021,0.323378,0.089371,0.854648
2021-04-16 13:00:00,1651.927863,0.323835,0.061412,0.756524
2021-04-16 14:00:00,1663.408676,0.318144,0.041395,0.652419
2021-04-16 15:00:00,1768.633788,0.272754,0.032474,0.437551
2021-04-16 16:00:00,1803.662014,0.217899,0.089042,0.206715
2021-04-16 17:00:00,1734.072439,0.190185,0.123616,0.057018
2021-04-16 18:00:00,1635.291846,0.192337,0.155753,0.001596
2021-04-16 19:00:00,1554.191244,0.177558,0.146479,0.000277
2021-04-16 20:00:00,1451.082121,0.146721,0.141767,0.000217
2021-04-16 21:00:00,1338.753668,0.167431,0.261009,0.000163
2021-04-16 22:00:00,1309.513379,0.182672,0.297867,0.000118
2021-04-16 23:00:00,1248.149951,0.181868,0.261047,0.000103
2021-04-17 00:00:00,1171.384294,0.162424,0.199396,0.000101
2021-04-17 01:00:00,1203.169718,0.183339,0.195374,0.000093
2021-04-17 02:00:00,1141.943707,0.204579,0.219756,0.000087
2021-04-17 03:00:00,1155.620318,0.216004,0.234993,0.000084
2021-04-17 04:00:00,1195.260187,0.227651,0.239694,0.013994
2021-04-17 05:00:00,1323.232556,0.211543,0.225976,0.082240
2021-04-17 06:00:00,1475.332102,0.186698,0.203944,0.220257
2021-04-17 07:00:00,1578.475612,0.161402,0.172605,0.488898
2021-04-17 08:00:00,1576.061686,0.129383,0.179132,0.682607
2021-04-17 09:00:00,1597.832380,0.112044,0.161263,0.749104
2021-04-17 10:00:00,1606.610202,0.112195,0.129132,0.710058
2021-04-17 11:00:00,1579.265616,0.102737,0.115670,0.672168
2021-04-17 12:00:00,1529.873601,0.091548,0.102779,0.765637
2021-04-17 13:00:00,1488.867222,0.086284,0.046382,0.754408
2021-04-17 14:00:00,1507.914783,0.086273,0.081752,0.592241
2021-04-17 15:00:00,1639.971549,0.085210,0.159125,0.376019
2021-04-17 16:00:00,1641.544936,0.079994,0.239207,0.137029
2021-04-17 17:00:00,1555.072899,0.067567,0.300457,0.030808
2021-04-17 18:00:00,1490.656104,0.070578,0.274712,0.000938
2021-04-17 19:00:00,1438.282334,0.069582,0.131820,0.000264
2021-04-17 20:00:00,1350.576318,0.062476,0.138989,0.000213
2021-04-17 21:00:00,1262.777451,0.056325,0.159809,0.000187
2021-04-17 22:00:00,1226.340675,0.054612,0.158003,0.000111
2021-04-17 23:00:00,1209.092039,0.046432,0.183549,0.000115
2021-04-18 00:00:00,1150.277214,0.050691,0.175764,0.000103
2021-04-18 01:00:00,1108.830059,0.063399,0.204820,0.000096
2021-04-18 02:00:00,1107.841889,0.082504,0.184636,0.000095
2021-04-18 03:00:00,1125.916138,0.110341,0.191276,0.000128
2021-04-18 04:00:00,1202.821494,0.128442,0.144343,0.020031
2021-04-18 05:00:00,1302.247386,0.094963,0.118417,0.118804
2021-04-18 06:00:00,1425.250622,0.077220,0.104551,0.318014
2021-04-18 07:00:00,1517.454902,0.056608,0.104212,0.548850
2021-04-18 08:00:00,1540.253592,0.067510,0.093679,0.733277
2021-04-18 09:00:00,1529.842001,0.062616,0.056746,0.861193
2021-04-18 10:00:00,1505.378231,0.057755,0.061638,0.876118
2021-04-18 11:00:00,1494.092092,0.062946,0.121489,0.863309
2021-04-18 12:00:00,1470.297319,0.063891,0.126849,0.810918
2021-04-18 13:00:00,1446.915487,0.060173,0.190006,0.664240
2021-04-18 14:00:00,1481.684643,0.064618,0.332294,0.440062
2021-04-18 15:00:00,1615.746265,0.086691,0.421064,0.272648
2021-04-18 16:00:00,1650.181608,0.091081,0.475935,0.140274
2021-04-18 17:00:00,1593.618231,0.125040,0.354602,0.051009
2021-04-18 18:00:00,1516.476105,0.182489,0.198254,0.001902
2021-04-18 19:00:00,1436.488578,0.129715,0.270627,0.000254
2021-04-18 20:00:00,1372.934735,0.138402,0.275855,0.000202
2021-04-18 21:00:00,1267.673020,0.151156,0.261124,0.000156
2021-04-18 22:00:00,1150.130601,0.128659,0.261739,0.000112
2021-04-18 23:00:00,1139.665478,0.161943,0.349237,0.000118
2021-04-19 00:00:00,1130.339180,0.136685,0.279369,0.000101
2021-04-19 01:00:00,1106.797329,0.113598,0.234244,0.000095
2021-04-19 02:00:00,1124.245928,0.117943,0.155945,0.000094
2021-04-19 03:00:00,1218.034200,0.128347,0.119239,0.000132
2021-04-19 04:00:00,1444.641577,0.125611,0.106797,0.020595
2021-04-19 05:00:00,1640.171446,0.089296,0.150690,0.111892
2021-04-19 06:00:00,1743.220750,0.049518,0.131481,0.307237
2021-04-19 07:00:00,1759.498671,0.045929,0.114429,0.526985
2021-04-19 08:00:00,1745.994240,0.049283,0.135771,0.710961
2021-04-19 09:00:00,1752.509025,0.057538,0.111878,0.874538
2021-04-19 10:00:00,1713.725008,0.073586,0.141658,0.942559
2021-04-19 11:00:00,1674.505904,0.088557,0.176874,0.956298
2021-04-19 12:00:00,1656.839498,0.092383,0.170028,0.930004
2021-04-19 13:00:00,1586.853010,0.097386,0.292360,0.851968
2021-04-19 14:00:00,1584.533779,0.112428,0.420288,0.699337
2021-04-19 15:00:00,1702.803794,0.130901,0.490662,0.487375
2021-04-19 16:00:00,1711.567363,0.152895,0.576353,0.247933
2021-04-19 17:00:00,1643.752168,0.136286,0.557931,0.066751
2021-04-19 18:00:00,1576.859480,0.155927,0.450983,0.002450
2021-04-19 19:00:00,1521.604792,0.148811,0.376913,0.000313
2021-04-19 20:00:00,1404.353877,0.128242,0.374839,0.000257
2021-04-19 21:00:00,1299.153366,0.127651,0.371249,0.000202
2021-04-19 22:00:00,1244.721621,0.152624,0.399843,0.000126
2021-04-19 23:00:00,1228.652645,0.136639,0.372996,0.000129
2021-04-20 00:00:00,1215.175423,0.132672,0.297366,0.000134
2021-04-20 01:00:00,1221.423312,0.114484,0.246160,0.000124
2021-04-20 02:00:00,1208.553600,0.111878,0.202952,0.000113
2021-04-20 03:00:00,1266.190364,0.117369,0.191303,0.000224
2021-04-20 04:00:00,1428.536412,0.132193,0.140130,0.021583
2021-04-20 05:00:00,1648.071005,0.113259,0.123439,0.127775
2021-04-20 06:00:00,1737.494503,0.077314,0.098947,0.349471
2021-04-20 07:00:00,1749.567181,0.069032,0.031658,0.589589
2021-04-20 08:00:00,1759.396721,0.073743,0.007920,0.791790
2021-04-20 09:00:00,1761.532854,0.080518,0.004356,0.911412
2021-04-20 10:00:00,1734.275715,0.077780,0.004183,0.963831
2021-04-20 11:00:00,1707.395902,0.064492,0.003732,0.967979
2021-04-20 12:00:00,1676.194528,0.078190,0.006568,0.937791
2021-04-20 13:00:00,1625.498657,0.092998,0.002851,0.862406
2021-04-20 14:00:00,1614.866791,0.066898,0.003050,0.708591
2021-04-20 15:00:00,1707.355997,0.052541,0.007995,0.491663
2021-04-20 16:00:00,1695.913392,0.034012,0.004574,0.251968
2021-04-20 17:00:00,1626.289578,0.013879,0.017034,0.069573
2021-04-20 18:00:00,1575.181363,0.012124,0.016067,0.004712
2021-04-20 19:00:00,1485.166931,0.034844,0.027347,0.000320
2021-04-20 20:00:00,1376.852692,0.072470,0.038519,0.000233
2021-04-20 21:00:00,1292.014806,0.120759,0.048210,0.000191
2021-04-20 22:00:00,1229.513854,0.125881,0.046705,0.000149
2021-04-20 23:00:00,1137.501656,0.158365,0.067869,0.000109
2021-04-21 00:00:00,1142.925248,0.151455,0.087954,0.000103
2021-04-21 01:00:00,1153.406421,0.156638,0.098917,0.000086
2021-04-21 02:00:00,1169.189506,0.147771,0.149863,0.000091
2021-04-21 03:00:00,1252.593476,0.156746,0.171589,0.000197
2021-04-21 04:00:00,1426.381299,0.191759,0.197305,0.022796
2021-04-21 05:00:00,1629.694564,0.195049,0.244375,0.083284
2021-04-21 06:00:00,1769.038663,0.242940,0.297263,0.173283
2021-04-21 07:00:00,1797.175090,0.253904,0.341759,0.350656
2021-04-21 08:00:00,1810.320155,0.319258,0.203512,0.558950
2021-04-21 09:00:00,1818.457473,0.428919,0.231142,0.685936
2021-04-21 10:00:00,1793.945948,0.614579,0.385247,0.716772
2021-04-21 11:00:00,1805.427118,0.783026,0.482639,0.844237
2021-04-21 12:00:00,1799.717979,0.850456,0.520144,0.885541
2021-04-21 13:00:00,1764.445842,0.862166,0.661329,0.778728
2021-04-21 14:00:00,1768.450576,0.873518,0.703930,0.669037
2021-04-21 15:00:00,1869.173405,0.947873,0.714857,0.483933
2021-04-21 16:00:00,1798.501409,0.887705,0.699915,0.241981
2021-04-21 17:00:00,1748.846981,0.674821,0.746755,0.070673
2021-04-21 18:00:00,1669.975729,0.764200,0.745117,0.005445
2021-04-21 19:00:00,1631.462579,0.592589,0.740706,0.000288
2021-04-21 20:00:00,1505.005572,0.629011,0.638183,0.000229
2021-04-21 21:00:00,1386.202615,0.544095,0.635230,0.000180
2021-04-21 22:00:00,1293.804373,0.530725,0.616656,0.000143
2021-04-21 23:00:00,1247.744049,0.575066,0.623218,0.000129
2021-04-22 00:00:00,1231.501549,0.508790,0.628326,0.000126
2021-04-22 01:00:00,1239.027259,0.503152,0.628437,0.000121
2021-04-22 02:00:00,1261.590462,0.463047,0.626457,0.000118
2021-04-22 03:00:00,1331.995763,0.584182,0.628220,0.000249
2021-04-22 04:00:00,1487.874459,0.523313,0.632958,0.023332
2021-04-22 05:00:00,1711.304915,0.693764,0.715699,0.134434
2021-04-22 06:00:00,1780.238580,0.772607,0.665596,0.363549
2021-04-22 07:00:00,1868.358490,0.755924,0.607485,0.596248
2021-04-22 08:00:00,1803.775974,0.666863,0.571584,0.749527
2021-04-22 09:00:00,1809.838752,0.630155,0.593813,0.764283
2021-04-22 10:00:00,1808.594071,0.690031,0.622451,0.687431
2021-04-22 11:00:00,1787.398152,0.678639,0.629299,0.705459
2021-04-22 12:00:00,1779.827823,0.596345,0.607264,0.642573
2021-04-22 13:00:00,1737.416529,0.534642,0.623827,0.645479
2021-04-22 14:00:00,1712.637338,0.429317,0.592316,0.602708
2021-04-22 15:00:00,1807.511535,0.236802,0.514314,0.401411
2021-04-22 16:00:00,1780.349291,0.198878,0.429130,0.219692
2021-04-22 17:00:00,1649.810685,0.198690,0.339505,0.071660
2021-04-22 18:00:00,1587.103500,0.243272,0.412838,0.005727
2021-04-22 19:00:00,1568.497019,0.372279,0.523437,0.000268
2021-04-22 20:00:00,1473.659961,0.479655,0.555930,0.000212
2021-04-22 21:00:00,1387.520408,0.501572,0.562266,0.000148
2021-04-22 22:00:00,1261.706401,0.474628,0.623466,0.000119
2021-04-22 23:00:00,1247.238145,0.372605,0.568275,0.000127
2021-04-23 00:00:00,1227.073738,0.389976,0.511534,0.000104
2021-04-23 01:00:00,1229.617477,0.366427,0.469070,0.000096
2021-04-23 02:00:00,1252.076917,0.338558,0.403962,0.000088
2021-04-23 03:00:00,1300.999193,0.303855,0.341221,0.000427
2021-04-23 04:00:00,1480.291672,0.350198,0.329011,0.025561
2021-04-23 05:00:00,1639.202816,0.316231,0.337942,0.138186
2021-04-23 06:00:00,1737.650913,0.320291,0.400822,0.372831
2021-04-23 07:00:00,1757.814394,0.305400,0.291047,0.609903
2021-04-23 08:00:00,1758.179767,0.291159,0.218459,0.749640
2021-04-23 09:00:00,1745.547626,0.311709,0.186039,0.852730
2021-04-23 10:00:00,1716.180811,0.358291,0.229736,0.867428
2021-04-23 11:00:00,1665.782130,0.387897,0.349607,0.849795
2021-04-23 12:00:00,1666.381259,0.319928,0.360306,0.836874
2021-04-23 13:00:00,1659.177483,0.267830,0.344030,0.620990
2021-04-23 14:00:00,1658.318918,0.313835,0.279635,0.365693
2021-04-23 15:00:00,1754.356267,0.263863,0.282725,0.198110
2021-04-23 16:00:00,1737.601837,0.207967,0.313501,0.100324
2021-04-23 17:00:00,1654.946058,0.203589,0.279059,0.042347
2021-04-23 18:00:00,1583.869181,0.279634,0.227661,0.004147
2021-04-23 19:00:00,1507.107954,0.407282,0.347440,0.000213
2021-04-23 20:00:00,1411.854112,0.428120,0.344959,0.000173
2021-04-23 21:00:00,1309.787543,0.378538,0.302344,0.000147
2021-04-23 22:00:00,1267.482167,0.317644,0.394915,0.000111
2021-04-23 23:00:00,1201.392790,0.228084,0.403865,0.000111
2021-04-24 00:00:00,1174.272404,0.184214,0.308167,0.000111
2021-04-24 01:00:00,1168.380613,0.128505,0.247251,0.000108
2021-04-24 02:00:00,1182.336477,0.088882,0.178351,0.000102
2021-04-24 03:00:00,1195.578490,0.050362,0.126389,0.000592
2021-04-24 04:00:00,1217.666008,0.033583,0.084298,0.031542
2021-04-24 05:00:00,1325.576526,0.038240,0.052968,0.135901
2021-04-24 06:00:00,1441.792438,0.081449,0.047294,0.335534
2021-04-24 07:00:00,1526.526164,0.120568,0.059842,0.548258
2021-04-24 08:00:00,1569.675916,0.144565,0.090459,0.737311
2021-04-24 09:00:00,1533.844828,0.180254,0.093633,0.859077
2021-04-24 10:00:00,1584.838630,0.217881,0.115547,0.947806
2021-04-24 11:00:00,1579.607872,0.202869,0.199466,0.993878
2021-04-24 12:00:00,1519.953830,0.327678,0.325843,0.978925
2021-04-24 13:00:00,1532.639411,0.220392,0.386608,0.896036
2021-04-24 14:00:00,1508.165797,0.164411,0.440925,0.737622
2021-04-24 15:00:00,1606.314040,0.098735,0.347629,0.509042
2021-04-24 16:00:00,1633.989437,0.076113,0.274095,0.249908
2021-04-24 17:00:00,1572.986876,0.064881,0.228538,0.059360
2021-04-24 18:00:00,1509.571389,0.041436,0.180045,0.004458
2021-04-24 19:00:00,1471.171529,0.029443,0.161496,0.000314
2021-04-24 20:00:00,1393.329397,0.035089,0.177184,0.000273
2021-04-24 21:00:00,1307.938385,0.073063,0.152320,0.000212
2021-04-24 22:00:00,1248.867735,0.106955,0.150193,0.000157
2021-04-24 23:00:00,1196.087210,0.109546,0.168209,0.000143
2021-04-25 00:00:00,1174.783001,0.099055,0.136773,0.000134
2021-04-25 01:00:00,1169.652451,0.099015,0.110607,0.000120
2021-04-25 02:00:00,1162.246070,0.104077,0.141347,0.000120
2021-04-25 03:00:00,1164.055505,0.133054,0.151436,0.000871
2021-04-25 04:00:00,1198.482143,0.137487,0.140785,0.038256
2021-04-25 05:00:00,1294.759621,0.134816,0.129169,0.144223
2021-04-25 06:00:00,1422.542399,0.207821,0.136717,0.360051
2021-04-25 07:00:00,1509.433983,0.273371,0.258578,0.587220
2021-04-25 08:00:00,1552.185281,0.377546,0.224382,0.818846
2021-04-25 09:00:00,1565.333162,0.486268,0.256552,0.931358
2021-04-25 10:00:00,1589.317705,0.462162,0.274316,0.973677
2021-04-25 11:00:00,1609.650669,0.471744,0.386519,0.954239
2021-04-25 12:00:00,1600.079482,0.689539,0.574701,0.907829
2021-04-25 13:00:00,1572.737434,0.599596,0.605347,0.863168
2021-04-25 14:00:00,1588.792554,0.537818,0.611421,0.712682
2021-04-25 15:00:00,1659.993629,0.538380,0.590539,0.520863
2021-04-25 16:00:00,1671.677510,0.539733,0.526586,0.279616
2021-04-25 17:00:00,1597.133714,0.478637,0.463819,0.083397
2021-04-25 18:00:00,1542.210305,0.274171,0.430398,0.008069
2021-04-25 19:00:00,1501.468652,0.186081,0.345685,0.000342
2021-04-25 20:00:00,1387.273935,0.150991,0.274324,0.000271
2021-04-25 21:00:00,1284.283901,0.113548,0.265630,0.000209
2021-04-25 22:00:00,1263.977863,0.076612,0.250745,0.000127
2021-04-25 23:00:00,1213.755070,0.048466,0.207027,0.000109
2021-04-26 00:00:00,1195.204100,0.044301,0.136133,0.000103
2021-04-26 01:00:00,1189.487487,0.037344,0.107667,0.000101
2021-04-26 02:00:00,1237.446939,0.037237,0.102813,0.000093
2021-04-26 03:00:00,1315.946295,0.041187,0.065095,0.000769
2021-04-26 04:00:00,1492.373136,0.042667,0.091904,0.028523
2021-04-26 05:00:00,1685.931166,0.039521,0.053710,0.133390
2021-04-26 06:00:00,1810.590664,0.034563,0.172139,0.277218
2021-04-26 07:00:00,1845.768078,0.044423,0.040606,0.408153
2021-04-26 08:00:00,1848.258458,0.055096,0.049164,0.472930
2021-04-26 09:00:00,1827.026611,0.049597,0.071573,0.514713
2021-04-26 10:00:00,1797.172231,0.042725,0.059188,0.547581
2021-04-26 11:00:00,1799.682253,0.055495,0.049869,0.682155
2021-04-26 12:00:00,1758.105918,0.034224,0.036311,0.742474
2021-04-26 13:00:00,1691.514552,0.035551,0.060391,0.679786
2021-04-26 14:00:00,1696.135193,0.040934,0.037606,0.607138
2021-04-26 15:00:00,1807.250620,0.037897,0.008705,0.458767
2021-04-26 16:00:00,1772.570260,0.036952,0.007283,0.282776
2021-04-26 17:00:00,1679.272729,0.031022,0.016450,0.087939
2021-04-26 18:00:00,1626.469609,0.017170,0.026591,0.009508
2021-04-26 19:00:00,1571.517431,0.017740,0.034245,0.000283
2021-04-26 20:00:00,1473.783220,0.017986,0.023762,0.000219
2021-04-26 21:00:00,1365.614326,0.014650,0.006934,0.000184
2021-04-26 22:00:00,1328.789212,0.011127,0.002523,0.000132
2021-04-26 23:00:00,1250.436440,0.010629,0.000147,0.000134
2021-04-27 00:00:00,1231.443367,0.014411,0.002863,0.000122
2021-04-27 01:00:00,1239.464843,0.014292,0.000424,0.000116
2021-04-27 02:00:00,1270.530038,0.005869,0.000251,0.000115
2021-04-27 03:00:00,1356.372837,0.002604,0.000336,0.001195
2021-04-27 04:00:00,1542.640712,0.002043,0.000368,0.037579
2021-04-27 05:00:00,1730.111105,0.000686,0.000300,0.165580
2021-04-27 06:00:00,1806.003070,0.000184,0.000014,0.392806
2021-04-27 07:00:00,1817.480269,0.000946,0.000012,0.628805
2021-04-27 08:00:00,1807.034406,0.004503,0.000011,0.796756
2021-04-27 09:00:00,1796.420619,0.010493,0.000012,0.856256
2021-04-27 10:00:00,1785.021780,0.015711,0.000079,0.812047
2021-04-27 11:00:00,1755.342202,0.023018,0.000475,0.853068
2021-04-27 12:00:00,1717.899370,0.023963,0.000426,0.819185
2021-04-27 13:00:00,1678.161847,0.026715,0.001078,0.826040
2021-04-27 14:00:00,1683.587690,0.023051,0.003294,0.716434
2021-04-27 15:00:00,1780.926486,0.020380,0.018008,0.522020
2021-04-27 16:00:00,1733.994402,0.027850,0.054615,0.281140
2021-04-27 17:00:00,1645.123662,0.036645,0.077622,0.082099
2021-04-27 18:00:00,1604.941113,0.041242,0.093792,0.010185
2021-04-27 19:00:00,1541.054628,0.069116,0.101701,0.000286
2021-04-27 20:00:00,1463.483590,0.065829,0.083233,0.000239
2021-04-27 21:00:00,1368.988544,0.090135,0.090367,0.000178
2021-04-27 22:00:00,1248.608885,0.092542,0.092104,0.000137
2021-04-27 23:00:00,1214.829920,0.093654,0.096070,0.000115
2021-04-28 00:00:00,1183.661340,0.090132,0.082949,0.000120
2021-04-28 01:00:00,1194.934701,0.096996,0.077994,0.000107
2021-04-28 02:00:00,1219.615054,0.104746,0.075779,0.000095
2021-04-28 03:00:00,1314.959380,0.117104,0.084775,0.001641
2021-04-28 04:00:00,1491.750056,0.125122,0.090125,0.047849
2021-04-28 05:00:00,1645.904683,0.102701,0.097221,0.149725
2021-04-28 06:00:00,1724.021424,0.073683,0.101415,0.310453
2021-04-28 07:00:00,1761.034834,0.065040,0.100059,0.465933
2021-04-28 08:00:00,1767.031032,0.056820,0.074979,0.635492
2021-04-28 09:00:00,1748.756505,0.102293,0.080689,0.704190
2021-04-28 10:00:00,1703.245501,0.150998,0.131814,0.662237
2021-04-28 11:00:00,1701.519117,0.157407,0.204264,0.720045
2021-04-28 12:00:00,1666.544194,0.195646,0.306736,0.694936
2021-04-28 13:00:00,1653.133365,0.274101,0.410809,0.657780
2021-04-28 14:00:00,1706.101753,0.349816,0.472122,0.611680
2021-04-28 15:00:00,1798.779887,0.406231,0.561499,0.477246
2021-04-28 16:00:00,1778.734012,0.430093,0.611785,0.275018
2021-04-28 17:00:00,1699.006166,0.407234,0.655920,0.094400
2021-04-28 18:00:00,1644.399215,0.390921,0.673726,0.010834
2021-04-28 19:00:00,1594.691497,0.407394,0.698668,0.000286
2021-04-28 20:00:00,1471.496363,0.408737,0.684945,0.000229
2021-04-28 21:00:00,1340.174203,0.355429,0.606928,0.000172
2021-04-28 22:00:00,1245.210853,0.282483,0.537537,0.000126
2021-04-28 23:00:00,1191.374603,0.241775,0.457579,0.000117
2021-04-29 00:00:00,1154.207611,0.272867,0.411498,0.000100
2021-04-29 01:00:00,1175.089106,0.334975,0.527641,0.000091
2021-04-29 02:00:00,1209.722736,0.308139,0.550875,0.000088
2021-04-29 03:00:00,1278.898387,0.303079,0.596903,0.000545
2021-04-29 04:00:00,1432.361448,0.354180,0.665639,0.024601
2021-04-29 05:00:00,1655.051202,0.434305,0.690746,0.084384
2021-04-29 06:00:00,1752.884037,0.448845,0.651115,0.178869
2021-04-29 07:00:00,1772.203390,0.462313,0.650775,0.293299
2021-04-29 08:00:00,1798.955628,0.443335,0.626387,0.354944
2021-04-29 09:00:00,1798.032854,0.438751,0.705568,0.403244
2021-04-29 10:00:00,1783.051140,0.447399,0.721765,0.416053
2021-04-29 11:00:00,1745.298635,0.453470,0.685828,0.406432
2021-04-29 12:00:00,1721.780788,0.453023,0.636587,0.302158
2021-04-29 13:00:00,1684.480789,0.363718,0.559114,0.199210
2021-04-29 14:00:00,1693.228029,0.308644,0.555845,0.150628
2021-04-29 15:00:00,1784.146599,0.291837,0.555302,0.086585
2021-04-29 16:00:00,1795.285692,0.348426,0.522320,0.040655
2021-04-29 17:00:00,1735.090392,0.423202,0.522117,0.016476
2021-04-29 18:00:00,1665.233596,0.437428,0.540968,0.002584
2021-04-29 19:00:00,1581.761604,0.492709,0.554626,0.000170
2021-04-29 20:00:00,1473.705564,0.537003,0.653206,0.000155
2021-04-29 21:00:00,1368.957406,0.551372,0.655073,0.000129
2021-04-29 22:00:00,1295.830147,0.446438,0.686873,0.000105
2021-04-29 23:00:00,1210.720333,0.353733,0.595469,0.000101
2021-04-30 00:00:00,1171.544380,0.314479,0.535987,0.000088
2021-04-30 01:00:00,1154.627439,0.255824,0.486400,0.000090
2021-04-30 02:00:00,1153.796938,0.217564,0.417366,0.000088
2021-04-30 03:00:00,1157.912456,0.219649,0.403478,0.000645
2021-04-30 04:00:00,1218.859083,0.198963,0.412619,0.030159
2021-04-30 05:00:00,1337.063029,0.144662,0.300172,0.115305
2021-04-30 06:00:00,1463.253870,0.107001,0.192374,0.316603
2021-04-30 07:00:00,1525.825571,0.077557,0.137050,0.537932
2021-04-30 08:00:00,1537.077158,0.070402,0.105712,0.700635
2021-04-30 09:00:00,1539.674590,0.053673,0.049057,0.815037
2021-04-30 10:00:00,1525.707894,0.045785,0.015357,0.801326
2021-04-30 11:00:00,1499.330140,0.048024,0.012109,0.754888
2021-04-30 12:00:00,1485.621321,0.044343,0.007752,0.690027
2021-04-30 13:00:00,1462.573533,0.062568,0.017987,0.582762
2021-04-30 14:00:00,1490.960889,0.071585,0.024428,0.462124
2021-04-30 15:00:00,1608.249166,0.070235,0.017018,0.337706
2021-04-30 16:00:00,1625.346235,0.049122,0.010257,0.181295
2021-04-30 17:00:00,1554.332750,0.027810,0.005730,0.073579
2021-04-30 18:00:00,1492.856910,0.027197,0.002701,0.011285
2021-04-30 19:00:00,1453.192391,0.040395,0.005273,0.000237
2021-04-30 20:00:00,1369.210741,0.035930,0.023721,0.000192
2021-04-30 21:00:00,1277.804633,0.034037,0.039145,0.001643
2021-04-30 22:00:00,1224.624164,0.060844,0.047607,0.000110
2021-04-30 23:00:00,1176.347024,0.081943,0.041585,0.000131
2021-05-01 00:00:00,1147.221063,0.073028,0.032105,0.000119
2021-05-01 01:00:00,1142.904952,0.058648,0.013998,0.000119
2021-05-01 02:00:00,1147.035777,0.044730,0.004762,0.000103
2021-05-01 03:00:00,1138.611120,0.032307,0.020398,0.002161
2021-05-01 04:00:00,1190.998169,0.050027,0.039656,0.047708
2021-05-01 05:00:00,1282.839202,0.052423,0.062978,0.163126
2021-05-01 06:00:00,1405.065147,0.049013,0.072266,0.360587
2021-05-01 07:00:00,1478.143642,0.073727,0.075937,0.562900
2021-05-01 08:00:00,1499.257287,0.118681,0.093655,0.744506
2021-05-01 09:00:00,1489.757485,0.178475,0.131633,0.871265
2021-05-01 10:00:00,1489.331035,0.213299,0.148376,0.930174
2021-05-01 11:00:00,1466.156553,0.242780,0.152215,0.916152
2021-05-01 12:00:00,1434.081576,0.231085,0.180434,0.791988
2021-05-01 13:00:00,1399.690552,0.229495,0.157410,0.736352
2021-05-01 14:00:00,1451.613462,0.234033,0.118884,0.553477
2021-05-01 15:00:00,1530.356520,0.207511,0.134344,0.417943
2021-05-01 16:00:00,1557.189093,0.176574,0.229403,0.221272
2021-05-01 17:00:00,1501.591252,0.148361,0.238799,0.079616
2021-05-01 18:00:00,1444.278998,0.139008,0.241598,0.010862
2021-05-01 19:00:00,1412.849149,0.115835,0.239884,0.000286
2021-05-01 20:00:00,1329.210938,0.124807,0.205442,0.000238
2021-05-01 21:00:00,1239.872684,0.112725,0.187972,0.000201
2021-05-01 22:00:00,1182.291274,0.108053,0.144222,0.000129
2021-05-01 23:00:00,1124.144909,0.114066,0.133676,0.000127
2021-05-02 00:00:00,1113.270221,0.126760,0.157393,0.000107
2021-05-02 01:00:00,1105.368748,0.138257,0.171197,0.000101
2021-05-02 02:00:00,1094.896819,0.142196,0.212634,0.000087
2021-05-02 03:00:00,1091.393891,0.161918,0.273442,0.000804
2021-05-02 04:00:00,1152.372092,0.162506,0.287586,0.033122
2021-05-02 05:00:00,1267.709860,0.142528,0.275754,0.130935
2021-05-02 06:00:00,1386.755840,0.142199,0.234340,0.282522
2021-05-02 07:00:00,1464.344892,0.152013,0.203080,0.436028
2021-05-02 08:00:00,1505.852133,0.154339,0.197042,0.477105
2021-05-02 09:00:00,1513.155588,0.133818,0.150836,0.643927
2021-05-02 10:00:00,1494.560574,0.107849,0.117541,0.677021
2021-05-02 11:00:00,1469.135974,0.090024,0.103729,0.663591
2021-05-02 12:00:00,1445.006818,0.065824,0.123154,0.570546
2021-05-02 13:00:00,1439.012699,0.063598,0.118377,0.421949
2021-05-02 14:00:00,1499.882495,0.053122,0.066805,0.245253
2021-05-02 15:00:00,1628.627234,0.037649,0.058898,0.182480
2021-05-02 16:00:00,1635.135579,0.026679,0.041477,0.107265
2021-05-02 17:00:00,1568.215322,0.014860,0.021504,0.043504
2021-05-02 18:00:00,1500.302572,0.012541,0.025103,0.005755
2021-05-02 19:00:00,1441.708585,0.012930,0.025981,0.000230
2021-05-02 20:00:00,1383.333257,0.024862,0.034252,0.000165
2021-05-02 21:00:00,1306.745375,0.080185,0.069035,0.000132
2021-05-02 22:00:00,1237.223975,0.056196,0.137982,0.000106
2021-05-02 23:00:00,1173.125461,0.043613,0.160873,0.000094
2021-05-03 00:00:00,1143.516214,0.083957,0.212571,0.000086
2021-05-03 01:00:00,1160.680685,0.065998,0.302626,0.000081
2021-05-03 02:00:00,1188.428761,0.080618,0.313064,0.000076
2021-05-03 03:00:00,1250.981394,0.197675,0.273447,0.000732
2021-05-03 04:00:00,1430.830426,0.254344,0.326778,0.022993
2021-05-03 05:00:00,1641.453988,0.348199,0.394249,0.058936
2021-05-03 06:00:00,1766.176060,0.396396,0.448500,0.114967
2021-05-03 07:00:00,1804.139078,0.432998,0.518053,0.167132
2021-05-03 08:00:00,1862.689338,0.397195,0.541249,0.259162
2021-05-03 09:00:00,1880.737479,0.447186,0.630402,0.433545
2021-05-03 10:00:00,1835.369167,0.429748,0.553648,0.609508
2021-05-03 11:00:00,1815.811229,0.335408,0.393584,0.608041
2021-05-03 12:00:00,1746.448770,0.373585,0.283561,0.595909
2021-05-03 13:00:00,1681.910631,0.342018,0.286501,0.530935
2021-05-03 14:00:00,1689.813748,0.323285,0.306880,0.465595
2021-05-03 15:00:00,1806.392439,0.304700,0.300521,0.479673
2021-05-03 16:00:00,1756.461680,0.155968,0.205696,0.287262
2021-05-03 17:00:00,1653.171205,0.128665,0.173543,0.102610
2021-05-03 18:00:00,1566.715826,0.108962,0.307364,0.014953
2021-05-03 19:00:00,1526.879345,0.140870,0.315908,0.000235
2021-05-03 20:00:00,1437.252116,0.231089,0.286398,0.000196
2021-05-03 21:00:00,1322.632279,0.252556,0.170821,0.000148
2021-05-03 22:00:00,1223.791202,0.190299,0.164054,0.000119
2021-05-03 23:00:00,1174.076005,0.151770,0.179157,0.000115
2021-05-04 00:00:00,1167.528590,0.211304,0.247231,0.000094
2021-05-04 01:00:00,1165.163549,0.336673,0.289173,0.000086
2021-05-04 02:00:00,1207.550956,0.429957,0.477241,0.000086
2021-05-04 03:00:00,1280.733826,0.499525,0.546752,0.000639
2021-05-04 04:00:00,1488.357184,0.564579,0.735472,0.014106
2021-05-04 05:00:00,1747.942987,0.655527,0.782390,0.046946
2021-05-04 06:00:00,1878.116480,0.675565,0.792267,0.076739
2021-05-04 07:00:00,1879.367761,0.681230,0.775780,0.102215
2021-05-04 08:00:00,1917.839599,0.688176,0.743182,0.110481
2021-05-04 09:00:00,1965.486675,0.702745,0.748226,0.107914
2021-05-04 10:00:00,1952.250242,0.664783,0.756782,0.140189
2021-05-04 11:00:00,1918.511666,0.654613,0.753414,0.223388
2021-05-04 12:00:00,1870.529392,0.660282,0.748873,0.272478
2021-05-04 13:00:00,1792.112192,0.613719,0.689035,0.239159
2021-05-04 14:00:00,1813.396402,0.473673,0.651455,0.212865
2021-05-04 15:00:00,1958.900301,0.441478,0.720873,0.122218
2021-05-04 16:00:00,1926.180805,0.485875,0.690923,0.100466
2021-05-04 17:00:00,1819.419782,0.637204,0.736763,0.053830
2021-05-04 18:00:00,1704.798556,0.655409,0.661407,0.008633
2021-05-04 19:00:00,1620.273034,0.620439,0.742723,0.000139
2021-05-04 20:00:00,1505.692359,0.618166,0.758898,0.000104
2021-05-04 21:00:00,1409.128373,0.716007,0.710637,0.000071
2021-05-04 22:00:00,1328.086532,0.733009,0.673073,0.000079
2021-05-04 23:00:00,1261.548888,0.764578,0.677163,0.000066
2021-05-05 00:00:00,1234.082675,0.791185,0.683286,0.000070
2021-05-05 01:00:00,1228.859522,0.793103,0.689941,0.000072
2021-05-05 02:00:00,1255.798585,0.784726,0.683956,0.000082
2021-05-05 03:00:00,1325.049025,0.766693,0.682891,0.000836
2021-05-05 04:00:00,1505.462884,0.750082,0.683885,0.020906
2021-05-05 05:00:00,1708.283716,0.769559,0.689229,0.057413
2021-05-05 06:00:00,1816.428293,0.758811,0.685688,0.118155
2021-05-05 07:00:00,1860.871836,0.721199,0.693233,0.174919
2021-05-05 08:00:00,1878.599336,0.664846,0.692999,0.200564
2021-05-05 09:00:00,1878.850819,0.619864,0.688336,0.310989
2021-05-05 10:00:00,1867.893556,0.662375,0.672342,0.342926
2021-05-05 11:00:00,1863.258275,0.700091,0.665942,0.331217
2021-05-05 12:00:00,1862.305587,0.726998,0.721686,0.282409
2021-05-05 13:00:00,1807.516295,0.697484,0.642335,0.224291
2021-05-05 14:00:00,1817.015507,0.634170,0.701356,0.165609
2021-05-05 15:00:00,1917.926297,0.601371,0.785379,0.083312
2021-05-05 16:00:00,1902.549340,0.712410,0.772939,0.054281
2021-05-05 17:00:00,1806.419052,0.871590,0.756252,0.022598
2021-05-05 18:00:00,1727.273558,0.909068,0.782267,0.001671
2021-05-05 19:00:00,1647.981930,0.900910,0.793682,0.000192
2021-05-05 20:00:00,1527.166989,0.882637,0.803629,0.000153
2021-05-05 21:00:00,1398.277307,0.856850,0.792765,0.000148
2021-05-05 22:00:00,1310.326492,0.849891,0.793669,0.000127
2021-05-05 23:00:00,1259.979297,0.808012,0.796444,0.000126
2021-05-06 00:00:00,1239.587307,0.769271,0.791628,0.000119
2021-05-06 01:00:00,1240.300632,0.777672,0.794030,0.000119
2021-05-06 02:00:00,1254.973550,0.789586,0.787394,0.000105
2021-05-06 03:00:00,1320.671499,0.775791,0.783284,0.002108
2021-05-06 04:00:00,1533.372877,0.770890,0.782814,0.031090
2021-05-06 05:00:00,1741.190140,0.776449,0.794356,0.071068
2021-05-06 06:00:00,1855.751938,0.762289,0.787961,0.159289
2021-05-06 07:00:00,1898.481555,0.726491,0.787974,0.268895
2021-05-06 08:00:00,1921.627694,0.690944,0.790645,0.359487
2021-05-06 09:00:00,1910.789588,0.649326,0.785629,0.418620
2021-05-06 10:00:00,1888.772999,0.641641,0.782632,0.484977
2021-05-06 11:00:00,1840.526731,0.621802,0.776109,0.478826
2021-05-06 12:00:00,1801.275782,0.613225,0.778023,0.486387
2021-05-06 13:00:00,1770.132100,0.599555,0.722070,0.523036
2021-05-06 14:00:00,1776.821596,0.587943,0.724407,0.446466
2021-05-06 15:00:00,1860.306625,0.559162,0.616201,0.289632
2021-05-06 16:00:00,1834.866629,0.465149,0.537579,0.173875
2021-05-06 17:00:00,1739.021934,0.320601,0.538537,0.068557
2021-05-06 18:00:00,1668.718584,0.296900,0.413665,0.012809
2021-05-06 19:00:00,1595.527039,0.229285,0.304573,0.000245
2021-05-06 20:00:00,1475.142972,0.251018,0.233649,0.000182
2021-05-06 21:00:00,1345.459465,0.210799,0.321177,0.000139
2021-05-06 22:00:00,1302.230646,0.185155,0.276719,0.000105
2021-05-06 23:00:00,1228.658556,0.171693,0.223948,0.000091
2021-05-07 00:00:00,1189.487917,0.165039,0.200265,0.000089
2021-05-07 01:00:00,1198.296769,0.140081,0.232318,0.000082
2021-05-07 02:00:00,1243.725502,0.146788,0.232786,0.000088
2021-05-07 03:00:00,1282.518713,0.161271,0.186113,0.002760
2021-05-07 04:00:00,1484.541601,0.174220,0.218857,0.040711
2021-05-07 05:00:00,1684.386609,0.193898,0.226628,0.107208
2021-05-07 06:00:00,1787.227291,0.195824,0.279160,0.211172
2021-05-07 07:00:00,1821.894011,0.174769,0.346002,0.316631
2021-05-07 08:00:00,1830.485989,0.162790,0.300700,0.437523
2021-05-07 09:00:00,1808.714695,0.190852,0.286831,0.522951
2021-05-07 10:00:00,1779.782030,0.254418,0.244517,0.505121
2021-05-07 11:00:00,1742.069569,0.328138,0.297763,0.562477
2021-05-07 12:00:00,1717.399452,0.325208,0.380160,0.669403
2021-05-07 13:00:00,1689.462754,0.315718,0.324506,0.643984
2021-05-07 14:00:00,1647.356376,0.321621,0.220686,0.523656
2021-05-07 15:00:00,1768.087210,0.312025,0.346943,0.348201
2021-05-07 16:00:00,1817.504443,0.272789,0.568543,0.222796
2021-05-07 17:00:00,1707.649231,0.289182,0.546587,0.095951
2021-05-07 18:00:00,1666.049889,0.143348,0.449619,0.017746
2021-05-07 19:00:00,1559.469756,0.202465,0.481261,0.000268
2021-05-07 20:00:00,1478.285653,0.290767,0.467364,0.000222
2021-05-07 21:00:00,1387.904973,0.326903,0.561376,0.000159
2021-05-07 22:00:00,1281.850852,0.310254,0.543849,0.000115
2021-05-07 23:00:00,1230.717601,0.347542,0.516444,0.000125
2021-05-08 00:00:00,1262.357360,0.324087,0.503248,0.000106
2021-05-08 01:00:00,1243.060387,0.319497,0.533413,0.000098
2021-05-08 02:00:00,1210.328852,0.350529,0.594049,0.000094
2021-05-08 03:00:00,1193.120027,0.323900,0.514476,0.005727
2021-05-08 04:00:00,1209.737711,0.240001,0.466438,0.050049
2021-05-08 05:00:00,1319.927776,0.209554,0.396757,0.175596
2021-05-08 06:00:00,1445.723750,0.246012,0.310395,0.366991
2021-05-08 07:00:00,1519.839983,0.244906,0.229026,0.527014
2021-05-08 08:00:00,1556.163635,0.229181,0.196185,0.681563
2021-05-08 09:00:00,1565.071303,0.215587,0.163035,0.752349
2021-05-08 10:00:00,1539.859085,0.182280,0.123549,0.781662
2021-05-08 11:00:00,1511.436668,0.165810,0.132179,0.798815
2021-05-08 12:00:00,1494.724299,0.152925,0.223121,0.819044
2021-05-08 13:00:00,1488.200984,0.153842,0.218170,0.795853
2021-05-08 14:00:00,1500.579563,0.140321,0.162289,0.649118
2021-05-08 15:00:00,1584.229920,0.124570,0.125760,0.433827
2021-05-08 16:00:00,1602.987017,0.107543,0.058342,0.221949
2021-05-08 17:00:00,1534.956288,0.115271,0.067560,0.085428
2021-05-08 18:00:00,1504.942393,0.151170,0.145307,0.015517
2021-05-08 19:00:00,1500.216733,0.139784,0.304294,0.000275
2021-05-08 20:00:00,1431.588283,0.202880,0.534036,0.000232
2021-05-08 21:00:00,1348.992195,0.307299,0.654162,0.000202
2021-05-08 22:00:00,1231.079602,0.413741,0.715104,0.000140
2021-05-08 23:00:00,1193.518878,0.522978,0.686938,0.000125
2021-05-09 00:00:00,1189.735565,0.602246,0.676513,0.000128
2021-05-09 01:00:00,1191.112219,0.654501,0.801280,0.000110
2021-05-09 02:00:00,1200.747541,0.631207,0.810881,0.000105
2021-05-09 03:00:00,1191.989870,0.591793,0.788933,0.000870
2021-05-09 04:00:00,1221.675605,0.512425,0.789432,0.023304
2021-05-09 05:00:00,1319.943804,0.498382,0.799798,0.105854
2021-05-09 06:00:00,1457.602561,0.522000,0.764926,0.302243
2021-05-09 07:00:00,1544.241380,0.442090,0.699892,0.585386
2021-05-09 08:00:00,1573.987554,0.458622,0.695545,0.774439
2021-05-09 09:00:00,1560.417415,0.449035,0.651957,0.887657
2021-05-09 10:00:00,1536.796223,0.543024,0.546765,0.934264
2021-05-09 11:00:00,1517.438917,0.596295,0.570812,0.961208
2021-05-09 12:00:00,1497.880082,0.604590,0.551018,0.940245
2021-05-09 13:00:00,1459.097536,0.550666,0.408801,0.848131
2021-05-09 14:00:00,1462.299167,0.459395,0.282540,0.501340
2021-05-09 15:00:00,1546.578497,0.448433,0.337281,0.314233
2021-05-09 16:00:00,1580.121267,0.414696,0.431556,0.082974
2021-05-09 17:00:00,1527.699752,0.196025,0.363361,0.028636
2021-05-09 18:00:00,1482.580388,0.163287,0.231676,0.007646
2021-05-09 19:00:00,1412.038293,0.412815,0.357395,0.000265
2021-05-09 20:00:00,1310.716070,0.564383,0.645613,0.000212
2021-05-09 21:00:00,1202.303644,0.613174,0.784885,0.000156
2021-05-09 22:00:00,1155.341177,0.645601,0.785854,0.000115
2021-05-09 23:00:00,1110.989792,0.589492,0.783403,0.000098
2021-05-10 00:00:00,1075.304439,0.595164,0.673954,0.000103
2021-05-10 01:00:00,1068.655560,0.531082,0.691747,0.000091
2021-05-10 02:00:00,1084.350843,0.535867,0.619874,0.000078
2021-05-10 03:00:00,1138.444401,0.533095,0.592944,0.005516
2021-05-10 04:00:00,1331.521938,0.427613,0.686094,0.052645
2021-05-10 05:00:00,1546.828790,0.239416,0.666158,0.178756
2021-05-10 06:00:00,1650.070229,0.148053,0.601320,0.344872
2021-05-10 07:00:00,1662.009493,0.188426,0.471547,0.346452
2021-05-10 08:00:00,1693.786081,0.218829,0.341924,0.363493
2021-05-10 09:00:00,1699.063677,0.197973,0.275310,0.463874
2021-05-10 10:00:00,1686.235015,0.212724,0.206846,0.653830
2021-05-10 11:00:00,1665.628523,0.185808,0.194953,0.650162
2021-05-10 12:00:00,1635.500528,0.140066,0.123164,0.580110
2021-05-10 13:00:00,1592.773629,0.108868,0.135863,0.508901
2021-05-10 14:00:00,1608.772021,0.284014,0.218756,0.306757
2021-05-10 15:00:00,1718.717327,0.339420,0.361178,0.154041
2021-05-10 16:00:00,1702.164608,0.188571,0.363889,0.086387
2021-05-10 17:00:00,1602.723263,0.088303,0.491827,0.036479
2021-05-10 18:00:00,1513.330066,0.062421,0.429206,0.010467
2021-05-10 19:00:00,1435.221679,0.059057,0.225807,0.000618
2021-05-10 20:00:00,1324.458709,0.065089,0.148268,0.000186
2021-05-10 21:00:00,1204.903513,0.045417,0.151625,0.000119
2021-05-10 22:00:00,1156.759813,0.026353,0.150055,0.000097
2021-05-10 23:00:00,1107.474461,0.046564,0.149426,0.000092
2021-05-11 00:00:00,1091.653704,0.070080,0.198287,0.000091
2021-05-11 01:00:00,1093.833613,0.074637,0.257511,0.000080
2021-05-11 02:00:00,1115.174523,0.082562,0.339225,0.000075
2021-05-11 03:00:00,1193.698285,0.060415,0.395834,0.000917
2021-05-11 04:00:00,1373.999557,0.163720,0.536525,0.012301
2021-05-11 05:00:00,1601.127465,0.178732,0.543965,0.046156
2021-05-11 06:00:00,1687.656803,0.243527,0.562774,0.101820
2021-05-11 07:00:00,1713.952126,0.238944,0.541390,0.169784
2021-05-11 08:00:00,1746.881382,0.348313,0.588532,0.359176
2021-05-11 09:00:00,1752.206548,0.493147,0.646906,0.475130
2021-05-11 10:00:00,1751.110075,0.577790,0.606427,0.501114
2021-05-11 11:00:00,1735.133926,0.597743,0.627694,0.431570
2021-05-11 12:00:00,1700.436068,0.590370,0.583208,0.422457
2021-05-11 13:00:00,1657.488642,0.607543,0.581037,0.420821
2021-05-11 14:00:00,1652.407404,0.535874,0.496580,0.258316
2021-05-11 15:00:00,1754.850988,0.473229,0.441286,0.165552
2021-05-11 16:00:00,1743.367114,0.434702,0.462794,0.087685
2021-05-11 17:00:00,1647.030516,0.537322,0.409898,0.040739
2021-05-11 18:00:00,1565.190691,0.477428,0.350497,0.006969
2021-05-11 19:00:00,1487.977080,0.404782,0.425980,0.000256
2021-05-11 20:00:00,1373.617899,0.348268,0.349509,0.000173
2021-05-11 21:00:00,1252.161531,0.332533,0.364062,0.000130
2021-05-11 22:00:00,1173.369651,0.350209,0.286779,0.000109
2021-05-11 23:00:00,1128.293849,0.332350,0.344772,0.000090
2021-05-12 00:00:00,1102.836814,0.268382,0.292890,0.000086
2021-05-12 01:00:00,1087.854132,0.177539,0.159825,0.000078
2021-05-12 02:00:00,1095.854119,0.129830,0.116132,0.000067
2021-05-12 03:00:00,1147.466779,0.073710,0.125440,0.004740
2021-05-12 04:00:00,1336.998473,0.091365,0.113521,0.033771
2021-05-12 05:00:00,1530.028331,0.081767,0.143949,0.097390
2021-05-12 06:00:00,1638.499989,0.068875,0.172567,0.126590
2021-05-12 07:00:00,1681.228654,0.067330,0.264657,0.158894
2021-05-12 08:00:00,1705.171102,0.128713,0.363564,0.227874
2021-05-12 09:00:00,1698.082549,0.145474,0.274930,0.306193
2021-05-12 10:00:00,1694.115033,0.146551,0.229327,0.374016
2021-05-12 11:00:00,1701.601504,0.111093,0.234049,0.363690
2021-05-12 12:00:00,1672.749487,0.130798,0.237870,0.370969
2021-05-12 13:00:00,1639.365145,0.168512,0.213201,0.375935
2021-05-12 14:00:00,1637.072961,0.162243,0.215764,0.298350
2021-05-12 15:00:00,1720.889793,0.153769,0.220981,0.175793
2021-05-12 16:00:00,1712.752724,0.171137,0.165359,0.091635
2021-05-12 17:00:00,1633.641796,0.177028,0.143206,0.036987
2021-05-12 18:00:00,1551.019534,0.158461,0.208619,0.002779
2021-05-12 19:00:00,1479.361492,0.187340,0.236735,0.000157
2021-05-12 20:00:00,1383.618265,0.181862,0.275228,0.000149
2021-05-12 21:00:00,1279.244949,0.186592,0.286523,0.000108
2021-05-12 22:00:00,1188.547513,0.176378,0.292540,0.000078
2021-05-12 23:00:00,1147.176272,0.145498,0.294763,0.000072
2021-05-13 00:00:00,1106.605321,0.118557,0.213166,0.000061
2021-05-13 01:00:00,1077.499368,0.100202,0.222221,0.000060
2021-05-13 02:00:00,1083.122366,0.077364,0.224186,0.000065
2021-05-13 03:00:00,1065.511186,0.094236,0.224073,0.003809
2021-05-13 04:00:00,1142.068085,0.115595,0.240327,0.023275
2021-05-13 05:00:00,1262.661135,0.135954,0.272331,0.051065
2021-05-13 06:00:00,1394.693301,0.149745,0.271177,0.091381
2021-05-13 07:00:00,1475.205944,0.233190,0.444121,0.163662
2021-05-13 08:00:00,1521.477028,0.227121,0.369806,0.217689
2021-05-13 09:00:00,1546.669454,0.200132,0.280267,0.239018
2021-05-13 10:00:00,1574.379416,0.251233,0.313070,0.266723
2021-05-13 11:00:00,1545.726878,0.275912,0.322244,0.303597
2021-05-13 12:00:00,1487.521539,0.237316,0.291550,0.317816
2021-05-13 13:00:00,1466.406332,0.216304,0.301480,0.344364
2021-05-13 14:00:00,1479.277766,0.168054,0.311700,0.277190
2021-05-13 15:00:00,1580.177839,0.130720,0.296583,0.228072
2021-05-13 16:00:00,1592.656308,0.150778,0.380973,0.110396
2021-05-13 17:00:00,1530.347246,0.179719,0.350794,0.054620
2021-05-13 18:00:00,1446.318830,0.153991,0.178863,0.009649
2021-05-13 19:00:00,1398.734491,0.100049,0.097771,0.000194
2021-05-13 20:00:00,1327.431450,0.087438,0.074107,0.000131
2021-05-13 21:00:00,1239.106232,0.075219,0.057541,0.000116
2021-05-13 22:00:00,1162.560068,0.077013,0.066453,0.000091
2021-05-13 23:00:00,1105.108185,0.073346,0.096814,0.000087
2021-05-14 00:00:00,1080.111338,0.063093,0.099788,0.000076
2021-05-14 01:00:00,1064.213770,0.058397,0.085937,0.000071
2021-05-14 02:00:00,1067.738603,0.059347,0.065883,0.000063
2021-05-14 03:00:00,1095.784104,0.057787,0.055020,0.004345
2021-05-14 04:00:00,1211.382588,0.063012,0.047814,0.029454
2021-05-14 05:00:00,1359.439477,0.064226,0.041174,0.079560
2021-05-14 06:00:00,1490.726468,0.053486,0.026539,0.159430
2021-05-14 07:00:00,1573.372849,0.034563,0.004213,0.274820
2021-05-14 08:00:00,1595.214032,0.018632,0.006552,0.349866
2021-05-14 09:00:00,1586.193753,0.016250,0.027868,0.468783
2021-05-14 10:00:00,1573.747569,0.012838,0.042609,0.550007
2021-05-14 11:00:00,1553.984505,0.010795,0.056875,0.596756
2021-05-14 12:00:00,1512.014505,0.018516,0.083240,0.483651
2021-05-14 13:00:00,1478.229564,0.038061,0.076916,0.431231
2021-05-14 14:00:00,1486.162501,0.093332,0.112208,0.393370
2021-05-14 15:00:00,1555.876838,0.153263,0.133936,0.297588
2021-05-14 16:00:00,1580.759209,0.201086,0.126012,0.201044
2021-05-14 17:00:00,1505.425500,0.205026,0.174736,0.085428
2021-05-14 18:00:00,1435.643088,0.172081,0.174169,0.016363
2021-05-14 19:00:00,1397.858868,0.143687,0.142215,0.000289
2021-05-14 20:00:00,1327.501272,0.152473,0.167034,0.000185
2021-05-14 21:00:00,1229.087428,0.160859,0.182295,0.000161
2021-05-14 22:00:00,1137.803362,0.186421,0.194204,0.000109
2021-05-14 23:00:00,1086.196158,0.215863,0.232114,0.000101
2021-05-15 00:00:00,1054.281674,0.218008,0.272625,0.000087
2021-05-15 01:00:00,1042.583790,0.248733,0.318537,0.000087
2021-05-15 02:00:00,1049.061385,0.283619,0.340604,0.000079
2021-05-15 03:00:00,1044.986804,0.272862,0.367715,0.001343
2021-05-15 04:00:00,1099.181747,0.234411,0.365107,0.016815
2021-05-15 05:00:00,1200.565820,0.260632,0.357421,0.051460
2021-05-15 06:00:00,1345.615380,0.277636,0.310361,0.104444
2021-05-15 07:00:00,1450.904107,0.264397,0.303407,0.149471
2021-05-15 08:00:00,1522.236202,0.254116,0.356298,0.195655
2021-05-15 09:00:00,1533.821901,0.233867,0.310885,0.283510
2021-05-15 10:00:00,1523.510643,0.180503,0.215714,0.319819
2021-05-15 11:00:00,1496.194021,0.136961,0.178950,0.345493
2021-05-15 12:00:00,1468.553708,0.100321,0.138076,0.354493
2021-05-15 13:00:00,1438.735798,0.054911,0.036135,0.355311
2021-05-15 14:00:00,1458.027566,0.022327,0.007903,0.337593
2021-05-15 15:00:00,1545.934918,0.008493,0.007287,0.260573
2021-05-15 16:00:00,1576.720538,0.002521,0.004350,0.197912
2021-05-15 17:00:00,1492.224848,0.003642,0.030804,0.102525
2021-05-15 18:00:00,1409.571252,0.005642,0.029404,0.025448
2021-05-15 19:00:00,1372.652403,0.015444,0.052680,0.000591
2021-05-15 20:00:00,1325.170575,0.045989,0.071566,0.000172
2021-05-15 21:00:00,1236.225891,0.070707,0.099077,0.000123
2021-05-15 22:00:00,1159.835204,0.097802,0.077204,0.000099
2021-05-15 23:00:00,1104.476650,0.077994,0.091000,0.000088
2021-05-16 00:00:00,1073.140174,0.055279,0.077293,0.000094
2021-05-16 01:00:00,1056.147853,0.044841,0.038045,0.000077
2021-05-16 02:00:00,1059.634884,0.031881,0.020223,0.000080
2021-05-16 03:00:00,1045.323835,0.031827,0.037170,0.008041
2021-05-16 04:00:00,1087.979184,0.035004,0.040601,0.054817
2021-05-16 05:00:00,1202.014193,0.028673,0.069117,0.124700
2021-05-16 06:00:00,1326.322363,0.022973,0.022912,0.214473
2021-05-16 07:00:00,1416.084303,0.021343,0.036048,0.312315
2021-05-16 08:00:00,1497.430707,0.028720,0.030362,0.470616
2021-05-16 09:00:00,1500.977338,0.059549,0.017928,0.626464
2021-05-16 10:00:00,1500.702102,0.076422,0.020654,0.673663
2021-05-16 11:00:00,1473.241625,0.091883,0.051748,0.712315
2021-05-16 12:00:00,1463.311516,0.102109,0.068078,0.652363
2021-05-16 13:00:00,1439.995492,0.104569,0.075918,0.600254
2021-05-16 14:00:00,1463.494779,0.118444,0.101857,0.554493
2021-05-16 15:00:00,1542.179408,0.107134,0.149321,0.455720
2021-05-16 16:00:00,1559.432349,0.069662,0.192499,0.225166
2021-05-16 17:00:00,1485.604355,0.049891,0.139132,0.096882
2021-05-16 18:00:00,1414.172337,0.054133,0.170985,0.024094
2021-05-16 19:00:00,1366.840104,0.049731,0.150783,0.000758
2021-05-16 20:00:00,1293.023764,0.052369,0.111133,0.000191
2021-05-16 21:00:00,1181.951677,0.037330,0.103618,0.000149
2021-05-16 22:00:00,1110.454496,0.022526,0.084629,0.000118
2021-05-16 23:00:00,1067.916416,0.041608,0.092476,0.000127
2021-05-17 00:00:00,1040.972191,0.050447,0.099043,0.000119
2021-05-17 01:00:00,1047.910588,0.026780,0.043970,0.000104
2021-05-17 02:00:00,1065.365543,0.013776,0.013745,0.000107
2021-05-17 03:00:00,1126.962626,0.009626,0.009200,0.013768
2021-05-17 04:00:00,1319.508016,0.005652,0.008738,0.073974
2021-05-17 05:00:00,1554.931479,0.004659,0.017999,0.191621
2021-05-17 06:00:00,1654.171100,0.005549,0.020614,0.344872
2021-05-17 07:00:00,1679.010875,0.015484,0.030053,0.491268
2021-05-17 08:00:00,1714.979546,0.034906,0.032993,0.619410
2021-05-17 09:00:00,1712.678540,0.043538,0.032848,0.725123
2021-05-17 10:00:00,1715.388926,0.050027,0.030576,0.805417
2021-05-17 11:00:00,1685.430543,0.052776,0.015164,0.835971
2021-05-17 12:00:00,1654.171553,0.055280,0.005438,0.825702
2021-05-17 13:00:00,1608.136710,0.061301,0.005497,0.747073
2021-05-17 14:00:00,1590.439700,0.057253,0.015520,0.591169
2021-05-17 15:00:00,1678.445046,0.051166,0.024743,0.426633
2021-05-17 16:00:00,1680.181269,0.039535,0.018648,0.257836
2021-05-17 17:00:00,1564.377650,0.023556,0.018382,0.101002
2021-05-17 18:00:00,1471.640031,0.009016,0.015218,0.031203
2021-05-17 19:00:00,1427.981268,0.004188,0.011112,0.001073
2021-05-17 20:00:00,1355.334905,0.005052,0.019689,0.000267
2021-05-17 21:00:00,1235.555215,0.011143,0.015186,0.000186
2021-05-17 22:00:00,1138.955658,0.013121,0.010763,0.000126
2021-05-17 23:00:00,1109.303683,0.009372,0.009252,0.000114
2021-05-18 00:00:00,1086.698723,0.013403,0.010713,0.000111
2021-05-18 01:00:00,1088.099874,0.029330,0.014367,0.000091
2021-05-18 02:00:00,1092.946631,0.055926,0.034557,0.000084
2021-05-18 03:00:00,1150.296478,0.075110,0.075342,0.009056
2021-05-18 04:00:00,1347.662707,0.050526,0.080884,0.047228
2021-05-18 05:00:00,1563.435236,0.035756,0.083305,0.125970
2021-05-18 06:00:00,1643.244561,0.041091,0.093262,0.276287
2021-05-18 07:00:00,1685.414243,0.044629,0.098373,0.473974
2021-05-18 08:00:00,1709.342062,0.061873,0.098274,0.634504
2021-05-18 09:00:00,1709.892324,0.082004,0.086603,0.691494
2021-05-18 10:00:00,1675.663858,0.087524,0.090229,0.586712
2021-05-18 11:00:00,1655.896648,0.110717,0.102746,0.499704
2021-05-18 12:00:00,1668.971159,0.138381,0.081276,0.487629
2021-05-18 13:00:00,1651.552974,0.124821,0.076985,0.506813
2021-05-18 14:00:00,1648.227557,0.097622,0.073663,0.451065
2021-05-18 15:00:00,1713.575477,0.075946,0.086758,0.370264
2021-05-18 16:00:00,1691.176918,0.070424,0.089802,0.256849
2021-05-18 17:00:00,1581.718380,0.060037,0.083167,0.124672
2021-05-18 18:00:00,1491.323247,0.055648,0.053690,0.030159
2021-05-18 19:00:00,1419.555463,0.060506,0.099820,0.000643
2021-05-18 20:00:00,1346.723733,0.069645,0.154655,0.000219
2021-05-18 21:00:00,1236.451437,0.085306,0.172588,0.000157
2021-05-18 22:00:00,1157.645992,0.099533,0.184947,0.000120
2021-05-18 23:00:00,1120.918321,0.109139,0.206372,0.000129
2021-05-19 00:00:00,1085.500235,0.095055,0.238242,0.000138
2021-05-19 01:00:00,1066.708580,0.079954,0.192390,0.000124
2021-05-19 02:00:00,1079.663775,0.065704,0.157225,0.000128
2021-05-19 03:00:00,1138.781445,0.065417,0.132775,0.009451
2021-05-19 04:00:00,1344.933343,0.053405,0.175477,0.058090
2021-05-19 05:00:00,1537.945243,0.052085,0.155239,0.183439
2021-05-19 06:00:00,1653.585813,0.038466,0.098543,0.390662
2021-05-19 07:00:00,1668.743862,0.029098,0.075876,0.615263
2021-05-19 08:00:00,1694.799999,0.050523,0.090012,0.762223
2021-05-19 09:00:00,1698.354753,0.102237,0.091385,0.809536
2021-05-19 10:00:00,1685.978835,0.123677,0.085619,0.789392
2021-05-19 11:00:00,1674.197429,0.111196,0.084593,0.776809
2021-05-19 12:00:00,1648.513115,0.104113,0.115735,0.751841
2021-05-19 13:00:00,1618.470105,0.151939,0.104793,0.716067
2021-05-19 14:00:00,1614.816012,0.118662,0.086489,0.561179
2021-05-19 15:00:00,1710.288765,0.096435,0.072104,0.423981
2021-05-19 16:00:00,1667.498949,0.093486,0.078230,0.257046
2021-05-19 17:00:00,1581.656933,0.093367,0.081712,0.123600
2021-05-19 18:00:00,1475.097144,0.092117,0.109663,0.028241
2021-05-19 19:00:00,1409.414213,0.072426,0.152988,0.000878
2021-05-19 20:00:00,1348.747892,0.077760,0.136380,0.000231
2021-05-19 21:00:00,1228.876110,0.142243,0.114930,0.000169
2021-05-19 22:00:00,1158.012074,0.169366,0.165162,0.000125
2021-05-19 23:00:00,1105.493659,0.137470,0.209094,0.000123
2021-05-20 00:00:00,1079.719733,0.140393,0.191768,0.000102
2021-05-20 01:00:00,1105.914827,0.177442,0.246364,0.000098
2021-05-20 02:00:00,1114.022879,0.217734,0.265105,0.000165
2021-05-20 03:00:00,1169.365881,0.232669,0.341692,0.015573
2021-05-20 04:00:00,1329.845993,0.214422,0.356398,0.066526
2021-05-20 05:00:00,1543.028125,0.229212,0.313304,0.202172
2021-05-20 06:00:00,1659.249698,0.276290,0.246457,0.391423
2021-05-20 07:00:00,1722.882510,0.347467,0.210276,0.514628
2021-05-20 08:00:00,1730.773825,0.383704,0.227582,0.603893
2021-05-20 09:00:00,1734.138382,0.424533,0.247606,0.666356
2021-05-20 10:00:00,1726.898402,0.452545,0.289818,0.705036
2021-05-20 11:00:00,1710.854874,0.513692,0.414443,0.741656
2021-05-20 12:00:00,1679.989933,0.562279,0.477371,0.753985
2021-05-20 13:00:00,1637.825406,0.561325,0.449614,0.743208
2021-05-20 14:00:00,1643.833921,0.540204,0.368841,0.646495
2021-05-20 15:00:00,1729.782580,0.480471,0.339595,0.516490
2021-05-20 16:00:00,1684.656170,0.359899,0.351347,0.328424
2021-05-20 17:00:00,1587.021983,0.227302,0.341538,0.148004
2021-05-20 18:00:00,1484.182479,0.105917,0.276237,0.036902
2021-05-20 19:00:00,1445.077242,0.065507,0.199751,0.001282
2021-05-20 20:00:00,1396.458025,0.041147,0.109825,0.000229
2021-05-20 21:00:00,1285.647602,0.032015,0.038825,0.000205
2021-05-20 22:00:00,1226.890769,0.037805,0.055948,0.000146
2021-05-20 23:00:00,1127.155134,0.066343,0.094521,0.000127
2021-05-21 00:00:00,1122.860143,0.106615,0.144524,0.000108
2021-05-21 01:00:00,1120.143276,0.104146,0.160603,0.000109
2021-05-21 02:00:00,1123.830043,0.107450,0.181953,0.000248
2021-05-21 03:00:00,1213.588404,0.109592,0.281322,0.007166
2021-05-21 04:00:00,1378.234280,0.205894,0.310825,0.054197
2021-05-21 05:00:00,1571.722605,0.300547,0.352898,0.152800
2021-05-21 06:00:00,1677.756353,0.303894,0.383082,0.320497
2021-05-21 07:00:00,1693.621656,0.307832,0.393103,0.376047
2021-05-21 08:00:00,1707.462166,0.212730,0.356995,0.357737
2021-05-21 09:00:00,1698.397409,0.124007,0.207887,0.373452
2021-05-21 10:00:00,1745.015414,0.088553,0.176811,0.577853
2021-05-21 11:00:00,1752.820963,0.135914,0.251915,0.610552
2021-05-21 12:00:00,1674.707969,0.176561,0.263399,0.604824
2021-05-21 13:00:00,1626.376427,0.197353,0.191241,0.556355
2021-05-21 14:00:00,1626.377440,0.224531,0.139626,0.368684
2021-05-21 15:00:00,1709.831946,0.111034,0.206402,0.325095
2021-05-21 16:00:00,1718.238642,0.192962,0.296236,0.193370
2021-05-21 17:00:00,1596.258866,0.259543,0.132483,0.070786
2021-05-21 18:00:00,1492.938097,0.245857,0.374710,0.037833
2021-05-21 19:00:00,1429.419683,0.165351,0.137414,0.001384
2021-05-21 20:00:00,1380.341654,0.138069,0.088929,0.000216
2021-05-21 21:00:00,1278.189930,0.149351,0.107794,0.000176
2021-05-21 22:00:00,1179.811253,0.136195,0.181667,0.000120
2021-05-21 23:00:00,1125.519124,0.262675,0.373365,0.000114
2021-05-22 00:00:00,1100.315838,0.375741,0.532018,0.000104
2021-05-22 01:00:00,1156.551337,0.414004,0.635970,0.000092
2021-05-22 02:00:00,1150.992134,0.406538,0.574310,0.000186
2021-05-22 03:00:00,1132.683840,0.434716,0.531908,0.021301
2021-05-22 04:00:00,1186.470784,0.372025,0.593415,0.086895
2021-05-22 05:00:00,1308.725195,0.429392,0.567670,0.218479
2021-05-22 06:00:00,1413.352609,0.531103,0.487738,0.430075
2021-05-22 07:00:00,1544.736576,0.553184,0.493602,0.581887
2021-05-22 08:00:00,1582.204828,0.598337,0.498635,0.679249
2021-05-22 09:00:00,1574.585568,0.615966,0.460660,0.647679
2021-05-22 10:00:00,1564.705468,0.565671,0.375193,0.513584
2021-05-22 11:00:00,1578.642789,0.605734,0.397151,0.472309
2021-05-22 12:00:00,1578.585097,0.642420,0.403089,0.346368
2021-05-22 13:00:00,1573.324622,0.617844,0.722277,0.294851
2021-05-22 14:00:00,1600.239314,0.579404,0.736576,0.214699
2021-05-22 15:00:00,1680.273865,0.519233,0.699123,0.149894
2021-05-22 16:00:00,1657.777611,0.512309,0.711294,0.100776
2021-05-22 17:00:00,1604.971324,0.476481,0.751565,0.057300
2021-05-22 18:00:00,1521.714500,0.549588,0.751993,0.016053
2021-05-22 19:00:00,1454.940456,0.404379,0.719330,0.000723
2021-05-22 20:00:00,1401.527431,0.592469,0.788201,0.000179
2021-05-22 21:00:00,1325.834168,0.622330,0.769992,0.000138
2021-05-22 22:00:00,1228.969234,0.661869,0.825086,0.000114
2021-05-22 23:00:00,1152.666550,0.694057,0.851355,0.000100
2021-05-23 00:00:00,1127.264547,0.663929,0.863226,0.000087
2021-05-23 01:00:00,1111.095050,0.691083,0.858687,0.000092
2021-05-23 02:00:00,1141.419854,0.721975,0.863461,0.000171
2021-05-23 03:00:00,1149.682940,0.725565,0.862633,0.004486
2021-05-23 04:00:00,1188.824408,0.731872,0.859137,0.030385
2021-05-23 05:00:00,1288.313758,0.749174,0.863346,0.072704
2021-05-23 06:00:00,1418.417641,0.786184,0.809450,0.150910
2021-05-23 07:00:00,1529.316509,0.800209,0.803289,0.274228
2021-05-23 08:00:00,1603.962337,0.814711,0.774551,0.361490
2021-05-23 09:00:00,1636.130275,0.818537,0.804414,0.501227
2021-05-23 10:00:00,1621.560251,0.809849,0.756286,0.577768
2021-05-23 11:00:00,1610.265339,0.841962,0.759770,0.525970
2021-05-23 12:00:00,1602.689884,0.827919,0.765396,0.615517
2021-05-23 13:00:00,1562.358938,0.748746,0.658393,0.685936
2021-05-23 14:00:00,1577.188267,0.801968,0.605249,0.705403
2021-05-23 15:00:00,1635.263118,0.730438,0.564452,0.562618
2021-05-23 16:00:00,1607.451549,0.580521,0.506605,0.364001
2021-05-23 17:00:00,1501.069999,0.374215,0.425463,0.136775
2021-05-23 18:00:00,1422.385965,0.186946,0.257616,0.042376
2021-05-23 19:00:00,1352.217544,0.124458,0.128181,0.002152
2021-05-23 20:00:00,1316.407852,0.117125,0.082612,0.000209
2021-05-23 21:00:00,1237.049188,0.106951,0.111731,0.000183
2021-05-23 22:00:00,1163.368732,0.115241,0.149817,0.000156
2021-05-23 23:00:00,1120.813150,0.136153,0.204910,0.000136
2021-05-24 00:00:00,1105.096965,0.113505,0.155240,0.000114
2021-05-24 01:00:00,1112.977095,0.093291,0.124227,0.000110
2021-05-24 02:00:00,1105.085167,0.090457,0.158492,0.000436
2021-05-24 03:00:00,1100.096246,0.128577,0.144821,0.021696
2021-05-24 04:00:00,1147.088514,0.153464,0.146888,0.089914
2021-05-24 05:00:00,1219.422129,0.176661,0.170566,0.230188
2021-05-24 06:00:00,1357.242466,0.242761,0.215594,0.452842
2021-05-24 07:00:00,1460.946507,0.340582,0.293458,0.617097
2021-05-24 08:00:00,1530.542459,0.396171,0.282646,0.773903
2021-05-24 09:00:00,1544.049399,0.432543,0.327485,0.911017
2021-05-24 10:00:00,1546.389564,0.531213,0.430196,0.847905
2021-05-24 11:00:00,1526.997794,0.551767,0.459082,0.842065
2021-05-24 12:00:00,1512.993648,0.539439,0.555586,0.911666
2021-05-24 13:00:00,1492.271316,0.514727,0.542925,0.890817
2021-05-24 14:00:00,1497.287877,0.491407,0.653977,0.772803
2021-05-24 15:00:00,1558.814737,0.514030,0.702633,0.580533
2021-05-24 16:00:00,1560.060877,0.472696,0.705690,0.321004
2021-05-24 17:00:00,1497.958262,0.461193,0.740241,0.151192
2021-05-24 18:00:00,1436.916830,0.483438,0.754827,0.036366
2021-05-24 19:00:00,1387.810177,0.539813,0.759244,0.001297
2021-05-24 20:00:00,1322.060724,0.498450,0.841821,0.000233
2021-05-24 21:00:00,1209.011229,0.393981,0.717116,0.000192
2021-05-24 22:00:00,1103.413351,0.269704,0.539050,0.000135
2021-05-24 23:00:00,1080.178518,0.141403,0.517623,0.000119
2021-05-25 00:00:00,1039.389802,0.076162,0.480400,0.000096
2021-05-25 01:00:00,1018.990311,0.056839,0.483362,0.000091
2021-05-25 02:00:00,1033.784980,0.043182,0.408718,0.000164
2021-05-25 03:00:00,1109.088401,0.029416,0.363953,0.009028
2021-05-25 04:00:00,1304.339171,0.039628,0.363898,0.031993
2021-05-25 05:00:00,1528.042139,0.037299,0.143068,0.061278
2021-05-25 06:00:00,1654.552041,0.041988,0.091738,0.115757
2021-05-25 07:00:00,1721.653381,0.079205,0.105953,0.239836
2021-05-25 08:00:00,1761.348490,0.142481,0.116233,0.268303
2021-05-25 09:00:00,1744.238117,0.152641,0.076583,0.319509
2021-05-25 10:00:00,1729.760813,0.145493,0.122797,0.328311
2021-05-25 11:00:00,1730.311289,0.113190,0.212588,0.230893
2021-05-25 12:00:00,1733.028889,0.135671,0.305664,0.204627
2021-05-25 13:00:00,1709.786306,0.112317,0.150064,0.251629
2021-05-25 14:00:00,1701.010015,0.084380,0.155018,0.294597
2021-05-25 15:00:00,1790.903191,0.061132,0.137825,0.223642
2021-05-25 16:00:00,1759.580482,0.044026,0.076316,0.140104
2021-05-25 17:00:00,1645.368016,0.081696,0.088257,0.070955
2021-05-25 18:00:00,1540.639347,0.071476,0.120333,0.023586
2021-05-25 19:00:00,1472.745708,0.175276,0.231180,0.000629
2021-05-25 20:00:00,1393.887717,0.231362,0.404190,0.000146
2021-05-25 21:00:00,1278.341795,0.223756,0.629331,0.000099
2021-05-25 22:00:00,1206.935431,0.183470,0.633015,0.000085
2021-05-25 23:00:00,1156.575843,0.224171,0.690193,0.000079
2021-05-26 00:00:00,1130.571994,0.275763,0.720277,0.000078
2021-05-26 01:00:00,1133.977233,0.225063,0.721386,0.000080
2021-05-26 02:00:00,1152.667731,0.318914,0.703766,0.000256
2021-05-26 03:00:00,1214.951234,0.414246,0.653705,0.011708
2021-05-26 04:00:00,1395.937061,0.393006,0.553692,0.053012
2021-05-26 05:00:00,1592.906692,0.546917,0.592508,0.103625
2021-05-26 06:00:00,1718.947163,0.574772,0.652847,0.159374
2021-05-26 07:00:00,1763.861826,0.519683,0.623938,0.285174
2021-05-26 08:00:00,1754.187257,0.533752,0.556135,0.393596
2021-05-26 09:00:00,1773.750773,0.588947,0.493380,0.384991
2021-05-26 10:00:00,1766.801489,0.457361,0.404752,0.334462
2021-05-26 11:00:00,1782.430842,0.412063,0.356866,0.342079
2021-05-26 12:00:00,1740.671635,0.310896,0.347749,0.340979
2021-05-26 13:00:00,1721.999007,0.262760,0.308773,0.313048
2021-05-26 14:00:00,1733.407338,0.274217,0.316400,0.287742
2021-05-26 15:00:00,1816.424106,0.266354,0.216127,0.236197
2021-05-26 16:00:00,1797.365431,0.269425,0.280349,0.176047
2021-05-26 17:00:00,1688.176971,0.291593,0.372085,0.077049
2021-05-26 18:00:00,1584.337646,0.266031,0.341897,0.018931
2021-05-26 19:00:00,1506.072885,0.301346,0.281901,0.001081
2021-05-26 20:00:00,1410.499159,0.309533,0.282141,0.000193
2021-05-26 21:00:00,1297.601811,0.180947,0.397996,0.000133
2021-05-26 22:00:00,1208.061347,0.154891,0.276836,0.000112
2021-05-26 23:00:00,1167.291052,0.086737,0.311159,0.000111
2021-05-27 00:00:00,1141.596173,0.070032,0.341192,0.000101
2021-05-27 01:00:00,1140.275391,0.068069,0.339336,0.000096
2021-05-27 02:00:00,1157.009984,0.082823,0.327280,0.000219
2021-05-27 03:00:00,1213.023038,0.036197,0.250242,0.009762
2021-05-27 04:00:00,1361.949878,0.016234,0.164973,0.051545
2021-05-27 05:00:00,1577.155983,0.005400,0.094140,0.143659
2021-05-27 06:00:00,1684.107326,0.003523,0.067531,0.234730
2021-05-27 07:00:00,1714.376787,0.005769,0.047016,0.284300
2021-05-27 08:00:00,1757.231940,0.009893,0.027184,0.370123
2021-05-27 09:00:00,1765.228076,0.021773,0.012808,0.380900
2021-05-27 10:00:00,1742.322902,0.050028,0.001853,0.441557
2021-05-27 11:00:00,1727.914154,0.098108,0.000575,0.458626
2021-05-27 12:00:00,1708.431717,0.158533,0.000276,0.476739
2021-05-27 13:00:00,1704.839360,0.264060,0.004816,0.408605
2021-05-27 14:00:00,1712.537145,0.326393,0.033792,0.439949
2021-05-27 15:00:00,1792.311958,0.345888,0.097368,0.369953
2021-05-27 16:00:00,1761.035352,0.299768,0.136057,0.281873
2021-05-27 17:00:00,1651.332146,0.239721,0.112128,0.138158
2021-05-27 18:00:00,1528.758327,0.167618,0.086763,0.045310
2021-05-27 19:00:00,1444.793921,0.168522,0.098602,0.002425
2021-05-27 20:00:00,1383.455443,0.173392,0.147094,0.000210
2021-05-27 21:00:00,1276.985230,0.106677,0.221805,0.000143
2021-05-27 22:00:00,1214.573322,0.088091,0.169747,0.000118
2021-05-27 23:00:00,1160.025005,0.096938,0.125180,0.000108
2021-05-28 00:00:00,1094.114067,0.094444,0.179435,0.000098
2021-05-28 01:00:00,1116.158275,0.083950,0.209667,0.000094
2021-05-28 02:00:00,1129.016730,0.080150,0.187518,0.000818
2021-05-28 03:00:00,1165.477088,0.068873,0.130731,0.024009
2021-05-28 04:00:00,1372.342592,0.045959,0.087082,0.081732
2021-05-28 05:00:00,1565.278269,0.038793,0.079215,0.236366
2021-05-28 06:00:00,1690.526004,0.045449,0.069241,0.447172
2021-05-28 07:00:00,1723.776482,0.066527,0.090599,0.634871
2021-05-28 08:00:00,1733.873050,0.076616,0.164045,0.690760
2021-05-28 09:00:00,1715.802856,0.088318,0.200585,0.694851
2021-05-28 10:00:00,1666.022500,0.092586,0.241243,0.693497
2021-05-28 11:00:00,1638.391708,0.093359,0.298964,0.803978
2021-05-28 12:00:00,1620.470980,0.088990,0.244437,0.857639
2021-05-28 13:00:00,1576.953733,0.091768,0.146883,0.795853
2021-05-28 14:00:00,1564.104022,0.076751,0.105657,0.736042
2021-05-28 15:00:00,1640.045181,0.055487,0.085538,0.568571
2021-05-28 16:00:00,1620.353321,0.068681,0.077529,0.348737
2021-05-28 17:00:00,1535.049393,0.104425,0.109010,0.147186
2021-05-28 18:00:00,1442.525622,0.112374,0.152071,0.042291
2021-05-28 19:00:00,1381.581664,0.102573,0.138807,0.005191
2021-05-28 20:00:00,1343.509011,0.104679,0.141436,0.000238
2021-05-28 21:00:00,1248.842659,0.175091,0.138816,0.000217
2021-05-28 22:00:00,1166.808741,0.212781,0.285563,0.000150
2021-05-28 23:00:00,1107.267627,0.161607,0.332429,0.000156
2021-05-29 00:00:00,1052.603332,0.123951,0.313143,0.000137
2021-05-29 01:00:00,1045.375061,0.103044,0.345607,0.000117
2021-05-29 02:00:00,1039.017299,0.089770,0.333927,0.000260
2021-05-29 03:00:00,1013.707458,0.076027,0.346036,0.008802
2021-05-29 04:00:00,1072.392110,0.067070,0.310572,0.042629
2021-05-29 05:00:00,1189.232888,0.058924,0.308895,0.115418
2021-05-29 06:00:00,1338.128295,0.061146,0.303334,0.238369
2021-05-29 07:00:00,1427.308950,0.056303,0.291764,0.415320
2021-05-29 08:00:00,1483.048017,0.054952,0.218879,0.679870
2021-05-29 09:00:00,1480.579973,0.077527,0.208365,0.869516
2021-05-29 10:00:00,1474.856515,0.089978,0.184861,0.963831
2021-05-29 11:00:00,1462.570176,0.084219,0.147439,1.000000
2021-05-29 12:00:00,1430.257089,0.071803,0.132596,0.978925
2021-05-29 13:00:00,1395.996663,0.081528,0.101575,0.916575
2021-05-29 14:00:00,1396.464943,0.083321,0.082376,0.798307
2021-05-29 15:00:00,1463.757217,0.080096,0.069068,0.609564
2021-05-29 16:00:00,1479.569641,0.056891,0.067488,0.377853
2021-05-29 17:00:00,1424.211924,0.043143,0.087485,0.162392
2021-05-29 18:00:00,1346.126816,0.027961,0.060119,0.046664
2021-05-29 19:00:00,1304.831541,0.027795,0.045410,0.005755
2021-05-29 20:00:00,1271.633336,0.038961,0.029614,0.000243
2021-05-29 21:00:00,1187.631287,0.047796,0.039186,0.000185
2021-05-29 22:00:00,1127.566955,0.038310,0.064553,0.000139
2021-05-29 23:00:00,1072.259191,0.029232,0.083716,0.000141
2021-05-30 00:00:00,1047.535666,0.029207,0.099295,0.000127
2021-05-30 01:00:00,1032.281816,0.027492,0.114077,0.000108
2021-05-30 02:00:00,1000.868924,0.018076,0.107444,0.000789
2021-05-30 03:00:00,1003.954119,0.011297,0.043348,0.023868
2021-05-30 04:00:00,1052.329266,0.007827,0.012942,0.087657
2021-05-30 05:00:00,1158.096181,0.003746,0.000011,0.220398
2021-05-30 06:00:00,1285.735231,0.002357,0.000012,0.416758
2021-05-30 07:00:00,1380.780354,0.002121,0.003292,0.611934
2021-05-30 08:00:00,1447.903559,0.003106,0.024460,0.793088
2021-05-30 09:00:00,1452.934308,0.005315,0.034711,0.905741
2021-05-30 10:00:00,1434.736868,0.008722,0.012256,0.950430
2021-05-30 11:00:00,1411.364254,0.008556,0.006231,0.933390
2021-05-30 12:00:00,1391.034875,0.012468,0.008728,0.921738
2021-05-30 13:00:00,1377.826085,0.013064,0.008938,0.876428
2021-05-30 14:00:00,1406.982398,0.012743,0.020573,0.772154
2021-05-30 15:00:00,1491.587486,0.012267,0.020318,0.589956
2021-05-30 16:00:00,1508.768988,0.011130,0.010703,0.366822
2021-05-30 17:00:00,1448.363745,0.005042,0.016602,0.162167
2021-05-30 18:00:00,1383.899907,0.003123,0.034079,0.048667
2021-05-30 19:00:00,1321.817188,0.002652,0.020307,0.006545
2021-05-30 20:00:00,1273.573602,0.003214,0.003215,0.000270
2021-05-30 21:00:00,1154.308099,0.004251,0.006941,0.000190
2021-05-30 22:00:00,1070.200388,0.005438,0.021639,0.000148
2021-05-30 23:00:00,1013.250253,0.011543,0.032930,0.000133
2021-05-31 00:00:00,1005.016752,0.021200,0.034673,0.000110
2021-05-31 01:00:00,1006.278440,0.028426,0.047868,0.000108
2021-05-31 02:00:00,1004.623908,0.027778,0.053275,0.000837
2021-05-31 03:00:00,1062.835428,0.026598,0.044784,0.022570
2021-05-31 04:00:00,1264.021732,0.020891,0.064921,0.080914
2021-05-31 05:00:00,1484.078708,0.006904,0.085497,0.241444
2021-05-31 06:00:00,1602.750950,0.006264,0.116645,0.469460
2021-05-31 07:00:00,1661.318664,0.011721,0.142254,0.686274
2021-05-31 08:00:00,1688.373544,0.021168,0.109611,0.849288
2021-05-31 09:00:00,1681.244382,0.028848,0.078856,0.935872
2021-05-31 10:00:00,1681.136336,0.042804,0.063923,0.976668
2021-05-31 11:00:00,1663.767378,0.053076,0.056330,0.983919
2021-05-31 12:00:00,1634.416678,0.064760,0.059315,0.968261
2021-05-31 13:00:00,1616.934054,0.072738,0.067112,0.915475
2021-05-31 14:00:00,1608.295687,0.077523,0.099081,0.786148
2021-05-31 15:00:00,1676.104691,0.085212,0.141358,0.591875
2021-05-31 16:00:00,1651.945748,0.076099,0.179934,0.368091
2021-05-31 17:00:00,1535.158406,0.062597,0.195611,0.165552
2021-05-31 18:00:00,1437.283576,0.053436,0.259066,0.052673
2021-05-31 19:00:00,1391.735909,0.080211,0.233358,0.007279
2021-05-31 20:00:00,1331.493067,0.103654,0.158515,0.000251
2021-05-31 21:00:00,1217.851982,0.136504,0.145457,0.000201
2021-05-31 22:00:00,1099.944670,0.127424,0.195604,0.000129
2021-05-31 23:00:00,1047.667750,0.130530,0.215182,0.000111
2021-06-01 00:00:00,1020.376264,0.146233,0.246236,0.000091
2021-06-01 01:00:00,1011.993176,0.122030,0.275959,0.000086
2021-06-01 02:00:00,1012.182518,0.109428,0.328409,0.000571
2021-06-01 03:00:00,1073.097915,0.098508,0.279138,0.027028
2021-06-01 04:00:00,1287.714728,0.095409,0.247632,0.089434
2021-06-01 05:00:00,1506.572280,0.064668,0.211866,0.194668
2021-06-01 06:00:00,1621.443565,0.053614,0.120742,0.350910
2021-06-01 07:00:00,1667.517142,0.063862,0.080736,0.495754
2021-06-01 08:00:00,1706.297923,0.049350,0.081019,0.567584
2021-06-01 09:00:00,1692.950399,0.044418,0.155160,0.591395
2021-06-01 10:00:00,1693.175240,0.049262,0.131901,0.551023
2021-06-01 11:00:00,1680.788008,0.046226,0.068652,0.510030
2021-06-01 12:00:00,1623.511053,0.065178,0.024878,0.516349
2021-06-01 13:00:00,1578.230394,0.068824,0.023378,0.534716
2021-06-01 14:00:00,1582.423199,0.077812,0.049406,0.598843
2021-06-01 15:00:00,1677.267142,0.060826,0.090374,0.535506
2021-06-01 16:00:00,1670.694082,0.070545,0.067364,0.345126
2021-06-01 17:00:00,1574.383155,0.082371,0.164422,0.142164
2021-06-01 18:00:00,1479.110740,0.141408,0.243943,0.046325
2021-06-01 19:00:00,1396.292321,0.150497,0.234433,0.005445
2021-06-01 20:00:00,1326.860322,0.141053,0.309331,0.000166
2021-06-01 21:00:00,1207.567206,0.088236,0.285786,0.000151
2021-06-01 22:00:00,1104.151574,0.084118,0.178525,0.000122
2021-06-01 23:00:00,1058.157990,0.068397,0.137268,0.000117
2021-06-02 00:00:00,1031.947944,0.071988,0.187805,0.000105
2021-06-02 01:00:00,1033.025266,0.106910,0.170164,0.000094
2021-06-02 02:00:00,1035.841543,0.098023,0.184786,0.000626
2021-06-02 03:00:00,1090.276351,0.056896,0.108851,0.021921
2021-06-02 04:00:00,1289.909531,0.044707,0.142079,0.071406
2021-06-02 05:00:00,1497.955849,0.054460,0.146101,0.163323
2021-06-02 06:00:00,1603.888911,0.086385,0.141239,0.272422
2021-06-02 07:00:00,1653.243297,0.128449,0.141841,0.450698
2021-06-02 08:00:00,1676.881054,0.143133,0.176869,0.588630
2021-06-02 09:00:00,1665.694138,0.168595,0.273425,0.773170
2021-06-02 10:00:00,1667.134403,0.214625,0.332920,0.866723
2021-06-02 11:00:00,1672.023726,0.266083,0.318446,0.901058
2021-06-02 12:00:00,1659.054360,0.282948,0.367507,0.920835
2021-06-02 13:00:00,1623.409193,0.222559,0.357304,0.881450
2021-06-02 14:00:00,1618.899065,0.349754,0.446656,0.757032
2021-06-02 15:00:00,1680.242699,0.412845,0.662318,0.544590
2021-06-02 16:00:00,1677.538792,0.404779,0.818562,0.323402
2021-06-02 17:00:00,1571.633230,0.333910,0.823178,0.131076
2021-06-02 18:00:00,1490.037375,0.234351,0.757958,0.039159
2021-06-02 19:00:00,1402.519990,0.348238,0.560570,0.004994
2021-06-02 20:00:00,1341.073822,0.389523,0.569087,0.000201
2021-06-02 21:00:00,1229.296282,0.366031,0.715390,0.000168
2021-06-02 22:00:00,1150.134705,0.386171,0.848189,0.000137
2021-06-02 23:00:00,1098.881913,0.486920,0.851215,0.000125
2021-06-03 00:00:00,1063.154346,0.345146,0.845016,0.000107
2021-06-03 01:00:00,1055.366880,0.348027,0.784749,0.000101
2021-06-03 02:00:00,1046.796991,0.188596,0.714380,0.001544
2021-06-03 03:00:00,1114.158834,0.140546,0.620599,0.026464
2021-06-03 04:00:00,1313.905312,0.157420,0.542381,0.083058
2021-06-03 05:00:00,1503.278011,0.244179,0.526619,0.223699
2021-06-03 06:00:00,1607.782086,0.285063,0.520015,0.407420
2021-06-03 07:00:00,1654.174189,0.256854,0.438212,0.548258
2021-06-03 08:00:00,1683.021802,0.346951,0.437996,0.720750
2021-06-03 09:00:00,1687.921909,0.429421,0.472981,0.817915
2021-06-03 10:00:00,1689.073783,0.460829,0.523985,0.865143
2021-06-03 11:00:00,1682.613718,0.500902,0.545132,0.874312
2021-06-03 12:00:00,1660.689366,0.551460,0.574775,0.855889
2021-06-03 13:00:00,1619.478752,0.603587,0.576338,0.795317
2021-06-03 14:00:00,1608.009042,0.581082,0.540348,0.657582
2021-06-03 15:00:00,1666.445084,0.539801,0.593347,0.447172
2021-06-03 16:00:00,1643.834224,0.512962,0.739737,0.252899
2021-06-03 17:00:00,1559.112106,0.467585,0.852464,0.119171
2021-06-03 18:00:00,1468.726019,0.390691,0.789838,0.040147
2021-06-03 19:00:00,1392.591985,0.334864,0.606597,0.002700
2021-06-03 20:00:00,1308.016649,0.276903,0.424899,0.000212
2021-06-03 21:00:00,1195.281266,0.256130,0.445427,0.000158
2021-06-03 22:00:00,1104.812050,0.203017,0.445806,0.000122
2021-06-03 23:00:00,1054.243776,0.122937,0.306824,0.000112
2021-06-04 00:00:00,1024.041097,0.110923,0.143086,0.000096
2021-06-04 01:00:00,1017.614706,0.149553,0.118408,0.000089
2021-06-04 02:00:00,1015.048855,0.157273,0.130923,0.000631
2021-06-04 03:00:00,1081.084105,0.150298,0.111333,0.011736
2021-06-04 04:00:00,1273.747451,0.125540,0.168949,0.039780
2021-06-04 05:00:00,1479.372484,0.113190,0.169524,0.094710
2021-06-04 06:00:00,1601.309558,0.117240,0.219212,0.168458
2021-06-04 07:00:00,1647.997945,0.117465,0.242709,0.220087
2021-06-04 08:00:00,1666.715473,0.102925,0.291934,0.318776
2021-06-04 09:00:00,1668.416473,0.102286,0.232370,0.429539
2021-06-04 10:00:00,1646.768057,0.128918,0.216897,0.401326
2021-06-04 11:00:00,1628.074544,0.150958,0.315958,0.444294
2021-06-04 12:00:00,1601.462344,0.171701,0.352866,0.470165
2021-06-04 13:00:00,1564.507717,0.204198,0.423743,0.482748
2021-06-04 14:00:00,1564.654278,0.230377,0.482052,0.556581
2021-06-04 15:00:00,1613.082620,0.247984,0.483188,0.485315
2021-06-04 16:00:00,1597.543218,0.211438,0.519905,0.317393
2021-06-04 17:00:00,1496.499756,0.177570,0.483104,0.156976
2021-06-04 18:00:00,1401.145685,0.174309,0.454055,0.052278
2021-06-04 19:00:00,1325.001420,0.218348,0.380863,0.008069
2021-06-04 20:00:00,1291.709775,0.226026,0.332765,0.000182
2021-06-04 21:00:00,1203.916013,0.233016,0.270129,0.000160
2021-06-04 22:00:00,1112.664971,0.234043,0.284697,0.000117
2021-06-04 23:00:00,1054.266155,0.218974,0.288201,0.000101
2021-06-05 00:00:00,1011.824249,0.220763,0.317249,0.000086
2021-06-05 01:00:00,995.936508,0.230420,0.333757,0.000076
2021-06-05 02:00:00,967.017478,0.224879,0.304217,0.001238
2021-06-05 03:00:00,965.266338,0.202961,0.332888,0.025504
2021-06-05 04:00:00,1016.826578,0.146596,0.328436,0.086133
2021-06-05 05:00:00,1149.914577,0.125660,0.319887,0.229116
2021-06-05 06:00:00,1280.745407,0.114131,0.328486,0.457046
2021-06-05 07:00:00,1360.389172,0.114087,0.314121,0.668980
2021-06-05 08:00:00,1401.456517,0.127339,0.355475,0.820793
2021-06-05 09:00:00,1410.582854,0.170037,0.387618,0.937622
2021-06-05 10:00:00,1397.757173,0.201122,0.341966,0.970743
2021-06-05 11:00:00,1381.797320,0.207639,0.344316,0.981041
2021-06-05 12:00:00,1359.910178,0.223264,0.334666,0.961715
2021-06-05 13:00:00,1330.021542,0.226730,0.372834,0.820285
2021-06-05 14:00:00,1350.657598,0.219962,0.415652,0.669544
2021-06-05 15:00:00,1421.245983,0.191917,0.371713,0.533164
2021-06-05 16:00:00,1420.912556,0.140066,0.309748,0.331641
2021-06-05 17:00:00,1364.778390,0.113743,0.280201,0.155424
2021-06-05 18:00:00,1304.073167,0.093032,0.224795,0.054987
2021-06-05 19:00:00,1257.299768,0.090886,0.169939,0.008069
2021-06-05 20:00:00,1243.479417,0.122919,0.180560,0.000183
2021-06-05 21:00:00,1182.469587,0.174668,0.154384,0.000159
2021-06-05 22:00:00,1110.633130,0.145845,0.164214,0.000137
2021-06-05 23:00:00,1041.138197,0.113197,0.151349,0.000242
2021-06-06 00:00:00,1000.735332,0.104921,0.137924,0.000234
2021-06-06 01:00:00,986.110592,0.128290,0.115873,0.000219
2021-06-06 02:00:00,960.699493,0.118975,0.110804,0.000925
2021-06-06 03:00:00,952.543938,0.116045,0.099188,0.022937
2021-06-06 04:00:00,999.913944,0.091226,0.115412,0.086895
2021-06-06 05:00:00,1120.600283,0.063173,0.091174,0.231570
2021-06-06 06:00:00,1252.676340,0.031760,0.062838,0.402116
2021-06-06 07:00:00,1345.613087,0.036011,0.037290,0.573508
2021-06-06 08:00:00,1404.732095,0.053767,0.036284,0.701481
2021-06-06 09:00:00,1418.481259,0.054001,0.044867,0.716236
2021-06-06 10:00:00,1404.265246,0.052142,0.038557,0.800282
2021-06-06 11:00:00,1394.737903,0.070133,0.051247,0.774806
2021-06-06 12:00:00,1379.555386,0.068815,0.054359,0.766145
2021-06-06 13:00:00,1374.970861,0.048787,0.057918,0.718578
2021-06-06 14:00:00,1402.487631,0.027874,0.044248,0.609790
2021-06-06 15:00:00,1490.516315,0.010628,0.037168,0.463281
2021-06-06 16:00:00,1503.824293,0.005249,0.021455,0.288447
2021-06-06 17:00:00,1445.877430,0.005669,0.010259,0.131894
2021-06-06 18:00:00,1385.384940,0.008359,0.006108,0.040542
2021-06-06 19:00:00,1321.522357,0.024498,0.008703,0.004683
2021-06-06 20:00:00,1263.732989,0.027400,0.009561,0.000184
2021-06-06 21:00:00,1176.870244,0.029173,0.025569,0.000146
2021-06-06 22:00:00,1087.502068,0.028509,0.058984,0.000110
2021-06-06 23:00:00,1037.166243,0.026449,0.075862,0.000105
2021-06-07 00:00:00,1010.269788,0.019882,0.084481,0.000095
2021-06-07 01:00:00,1005.548938,0.015093,0.056220,0.000090
2021-06-07 02:00:00,1001.203344,0.013765,0.038173,0.001063
2021-06-07 03:00:00,1065.821984,0.009319,0.013454,0.024996
2021-06-07 04:00:00,1266.611052,0.006957,0.004125,0.084666
2021-06-07 05:00:00,1484.665247,0.006885,0.008831,0.205925
2021-06-07 06:00:00,1603.134016,0.016040,0.028967,0.322838
2021-06-07 07:00:00,1652.896620,0.042084,0.027894,0.357907
2021-06-07 08:00:00,1682.843359,0.054049,0.055207,0.374157
2021-06-07 09:00:00,1682.839994,0.044788,0.087652,0.393680
2021-06-07 10:00:00,1695.396209,0.042502,0.116129,0.467541
2021-06-07 11:00:00,1692.540359,0.040642,0.162699,0.488729
2021-06-07 12:00:00,1671.214288,0.041421,0.204124,0.511751
2021-06-07 13:00:00,1627.090512,0.027444,0.238338,0.517816
2021-06-07 14:00:00,1626.316794,0.025471,0.282397,0.471773
2021-06-07 15:00:00,1710.723765,0.025742,0.281566,0.442263
2021-06-07 16:00:00,1677.592607,0.035355,0.262706,0.283397
2021-06-07 17:00:00,1568.567095,0.038718,0.200550,0.160841
2021-06-07 18:00:00,1457.492408,0.035036,0.166189,0.060855
2021-06-07 19:00:00,1370.878000,0.025180,0.206934,0.009310
2021-06-07 20:00:00,1307.670509,0.015270,0.181441,0.000168
2021-06-07 21:00:00,1191.433066,0.008473,0.125404,0.000137
2021-06-07 22:00:00,1123.225298,0.014842,0.070795,0.000118
2021-06-07 23:00:00,1052.185149,0.034180,0.041797,0.000102
2021-06-08 00:00:00,1027.084214,0.054297,0.053518,0.000096
2021-06-08 01:00:00,1021.356793,0.087398,0.055367,0.000085
2021-06-08 02:00:00,1012.930527,0.076218,0.100827,0.001400
2021-06-08 03:00:00,1104.924256,0.063540,0.084675,0.028354
2021-06-08 04:00:00,1279.490251,0.042924,0.069637,0.088108
2021-06-08 05:00:00,1494.036827,0.026822,0.054100,0.216787
2021-06-08 06:00:00,1613.714275,0.020889,0.031348,0.437720
2021-06-08 07:00:00,1652.669869,0.016356,0.023296,0.663958
2021-06-08 08:00:00,1675.043331,0.014882,0.011509,0.838792
2021-06-08 09:00:00,1671.899490,0.022510,0.005706,0.945521
2021-06-08 10:00:00,1670.725599,0.036491,0.013765,0.988969
2021-06-08 11:00:00,1683.022742,0.051735,0.016802,0.993624
2021-06-08 12:00:00,1648.674623,0.069529,0.018007,0.971957
2021-06-08 13:00:00,1599.767659,0.095478,0.020236,0.913443
2021-06-08 14:00:00,1598.742665,0.105968,0.022271,0.790013
2021-06-08 15:00:00,1669.822147,0.109455,0.042520,0.606461
2021-06-08 16:00:00,1637.449933,0.085585,0.076666,0.382170
2021-06-08 17:00:00,1545.132442,0.056170,0.042041,0.170772
2021-06-08 18:00:00,1458.711756,0.030105,0.020289,0.051037
2021-06-08 19:00:00,1373.662566,0.032446,0.026514,0.007420
2021-06-08 20:00:00,1309.553236,0.039231,0.032176,0.000204
2021-06-08 21:00:00,1208.703397,0.049394,0.035547,0.000164
2021-06-08 22:00:00,1116.607504,0.052593,0.026042,0.000135
2021-06-08 23:00:00,1059.804909,0.037240,0.016963,0.000143
2021-06-09 00:00:00,1029.166536,0.038710,0.012576,0.000136
2021-06-09 01:00:00,1023.049040,0.041921,0.016364,0.000119
2021-06-09 02:00:00,1016.497325,0.041345,0.031560,0.000907
2021-06-09 03:00:00,1079.717312,0.035110,0.077190,0.022655
2021-06-09 04:00:00,1271.877712,0.019823,0.085385,0.085936
2021-06-09 05:00:00,1494.599657,0.014950,0.068456,0.239300
2021-06-09 06:00:00,1611.990865,0.017510,0.035661,0.448244
2021-06-09 07:00:00,1658.538009,0.021575,0.013098,0.672337
2021-06-09 08:00:00,1692.351155,0.028675,0.011403,0.835097
2021-06-09 09:00:00,1694.012408,0.039141,0.014025,0.920666
2021-06-09 10:00:00,1693.905658,0.043608,0.024796,0.964480
2021-06-09 11:00:00,1683.409362,0.052174,0.050979,0.955085
2021-06-09 12:00:00,1658.013065,0.055782,0.054742,0.929694
2021-06-09 13:00:00,1615.519385,0.060555,0.073041,0.859811
2021-06-09 14:00:00,1605.953131,0.058590,0.093549,0.746114
2021-06-09 15:00:00,1667.791380,0.051635,0.071437,0.592157
2021-06-09 16:00:00,1629.136910,0.048259,0.084009,0.379151
2021-06-09 17:00:00,1541.809348,0.039031,0.095819,0.173141
2021-06-09 18:00:00,1452.568937,0.024569,0.114753,0.053999
2021-06-09 19:00:00,1378.017421,0.025949,0.094271,0.009338
2021-06-09 20:00:00,1318.417988,0.028883,0.071055,0.000210
2021-06-09 21:00:00,1208.065043,0.031578,0.046109,0.000192
2021-06-09 22:00:00,1118.112656,0.029639,0.045517,0.000126
2021-06-09 23:00:00,1058.106851,0.032079,0.057150,0.000123
2021-06-10 00:00:00,1026.920136,0.034396,0.073392,0.000104
2021-06-10 01:00:00,1028.099868,0.032504,0.067224,0.000091
2021-06-10 02:00:00,1015.848556,0.021146,0.014225,0.001324
2021-06-10 03:00:00,1085.954301,0.018009,0.002227,0.032163
2021-06-10 04:00:00,1280.056298,0.005431,0.003208,0.098773
2021-06-10 05:00:00,1504.030572,0.001349,0.000019,0.243730
2021-06-10 06:00:00,1616.623071,0.004467,0.000019,0.449005
2021-06-10 07:00:00,1659.334158,0.008261,0.002543,0.644858
2021-06-10 08:00:00,1691.666576,0.014628,0.020934,0.779546
2021-06-10 09:00:00,1692.340567,0.025451,0.024207,0.832755
2021-06-10 10:00:00,1687.922526,0.036242,0.020764,0.743631
2021-06-10 11:00:00,1684.885753,0.040861,0.017310,0.736888
2021-06-10 12:00:00,1663.750981,0.041031,0.039350,0.674369
2021-06-10 13:00:00,1619.571654,0.036702,0.042934,0.718352
2021-06-10 14:00:00,1614.132132,0.029744,0.052726,0.724192
2021-06-10 15:00:00,1666.703794,0.030022,0.049838,0.573198
2021-06-10 16:00:00,1639.861406,0.027478,0.058117,0.370292
2021-06-10 17:00:00,1547.804846,0.019134,0.044635,0.172577
2021-06-10 18:00:00,1455.103885,0.010142,0.043753,0.054648
2021-06-10 19:00:00,1386.070402,0.011441,0.052109,0.008492
2021-06-10 20:00:00,1316.244818,0.028923,0.058977,0.000218
2021-06-10 21:00:00,1217.006724,0.059996,0.068857,0.000158
2021-06-10 22:00:00,1134.013527,0.066291,0.067289,0.000117
2021-06-10 23:00:00,1074.002682,0.062546,0.088999,0.000110
2021-06-11 00:00:00,1043.313670,0.068162,0.093339,0.000101
2021-06-11 01:00:00,1037.946783,0.042852,0.084109,0.000081
2021-06-11 02:00:00,1025.605181,0.025071,0.054607,0.001137
2021-06-11 03:00:00,1086.702634,0.016362,0.020915,0.023953
2021-06-11 04:00:00,1276.074509,0.015331,0.013699,0.083905
2021-06-11 05:00:00,1487.232180,0.008542,0.021787,0.235830
2021-06-11 06:00:00,1613.867164,0.018888,0.020520,0.431655
2021-06-11 07:00:00,1666.121918,0.062691,0.034799,0.626887
2021-06-11 08:00:00,1690.956121,0.069111,0.050050,0.759628
2021-06-11 09:00:00,1690.479396,0.072204,0.054859,0.793455
2021-06-11 10:00:00,1670.177185,0.071166,0.046928,0.780420
2021-06-11 11:00:00,1664.229317,0.049851,0.043200,0.813796
2021-06-11 12:00:00,1622.708588,0.054026,0.046387,0.698575
2021-06-11 13:00:00,1579.044463,0.057820,0.080355,0.598279
2021-06-11 14:00:00,1560.473821,0.070982,0.104850,0.584963
2021-06-11 15:00:00,1614.774779,0.103627,0.109791,0.421272
2021-06-11 16:00:00,1600.176726,0.127668,0.114946,0.287939
2021-06-11 17:00:00,1513.512927,0.143095,0.130189,0.158612
2021-06-11 18:00:00,1424.778414,0.184451,0.129413,0.041924
2021-06-11 19:00:00,1348.501618,0.185753,0.199183,0.005699
2021-06-11 20:00:00,1301.505986,0.250694,0.303946,0.000191
2021-06-11 21:00:00,1217.289779,0.223519,0.412456,0.000163
2021-06-11 22:00:00,1135.762850,0.230941,0.481157,0.000124
2021-06-11 23:00:00,1078.619491,0.329927,0.542328,0.000125
2021-06-12 00:00:00,1024.103006,0.358989,0.553625,0.000095
2021-06-12 01:00:00,1010.604041,0.331193,0.671328,0.000089
2021-06-12 02:00:00,990.571830,0.319394,0.660691,0.000272
2021-06-12 03:00:00,982.070962,0.281755,0.656430,0.007928
2021-06-12 04:00:00,1032.556040,0.287284,0.548884,0.036592
2021-06-12 05:00:00,1143.095513,0.336994,0.537044,0.113584
2021-06-12 06:00:00,1279.801082,0.355042,0.521346,0.236818
2021-06-12 07:00:00,1380.160483,0.346914,0.574680,0.420962
2021-06-12 08:00:00,1441.425141,0.450976,0.497485,0.634504
2021-06-12 09:00:00,1451.349025,0.513073,0.528492,0.698886
2021-06-12 10:00:00,1446.991137,0.587562,0.604746,0.710453
2021-06-12 11:00:00,1446.386813,0.509564,0.589216,0.713754
2021-06-12 12:00:00,1431.941001,0.429976,0.509174,0.594160
2021-06-12 13:00:00,1420.995559,0.414004,0.519881,0.567640
2021-06-12 14:00:00,1433.498738,0.515161,0.558884,0.666751
2021-06-12 15:00:00,1556.377311,0.785130,0.871403,0.541712
2021-06-12 16:00:00,1499.396334,0.727829,0.930693,0.370038
2021-06-12 17:00:00,1426.596011,0.714030,0.962995,0.180392
2021-06-12 18:00:00,1350.255747,0.600242,0.975493,0.060855
2021-06-12 19:00:00,1283.552434,0.628827,0.985129,0.011793
2021-06-12 20:00:00,1275.339708,0.550586,0.986841,0.000237
2021-06-12 21:00:00,1213.836125,0.638586,0.962601,0.000188
2021-06-12 22:00:00,1132.446294,0.564526,0.927282,0.000152
2021-06-12 23:00:00,1066.874926,0.569494,0.873925,0.000133
2021-06-13 00:00:00,1030.625049,0.534374,0.906969,0.000142
2021-06-13 01:00:00,1013.828971,0.560679,0.864585,0.000120
2021-06-13 02:00:00,983.482018,0.492154,0.865097,0.001128
2021-06-13 03:00:00,983.377344,0.593617,0.923554,0.027620
2021-06-13 04:00:00,1030.750313,0.640337,0.896894,0.082212
2021-06-13 05:00:00,1138.976716,0.660252,0.885374,0.226097
2021-06-13 06:00:00,1268.851790,0.683014,0.835008,0.387558
2021-06-13 07:00:00,1380.131454,0.658161,0.736155,0.515700
2021-06-13 08:00:00,1442.223460,0.604239,0.655249,0.626858
2021-06-13 09:00:00,1463.984042,0.550506,0.570617,0.746509
2021-06-13 10:00:00,1459.157080,0.527534,0.535111,0.779405
2021-06-13 11:00:00,1452.222874,0.523527,0.496169,0.812244
2021-06-13 12:00:00,1425.591983,0.466731,0.509090,0.899337
2021-06-13 13:00:00,1411.257103,0.412311,0.460639,0.898519
2021-06-13 14:00:00,1439.853491,0.451750,0.436912,0.781436
2021-06-13 15:00:00,1515.788846,0.464309,0.455886,0.600959
2021-06-13 16:00:00,1539.726060,0.467893,0.442189,0.390859
2021-06-13 17:00:00,1459.108112,0.399190,0.476858,0.181605
2021-06-13 18:00:00,1383.044710,0.257336,0.500748,0.055974
2021-06-13 19:00:00,1305.719961,0.166211,0.552223,0.010326
2021-06-13 20:00:00,1257.158189,0.162646,0.427971,0.000197
2021-06-13 21:00:00,1161.737036,0.163598,0.289615,0.000154
2021-06-13 22:00:00,1070.161858,0.131762,0.253128,0.000126
2021-06-13 23:00:00,1014.578172,0.106692,0.275357,0.000112
2021-06-14 00:00:00,996.744648,0.098716,0.249487,0.000102
2021-06-14 01:00:00,996.799237,0.070853,0.186521,0.000079
2021-06-14 02:00:00,994.847556,0.053221,0.101549,0.000908
2021-06-14 03:00:00,1062.166470,0.047957,0.068451,0.017774
2021-06-14 04:00:00,1266.803729,0.050976,0.066811,0.063450
2021-06-14 05:00:00,1480.880091,0.066069,0.064719,0.154267
2021-06-14 06:00:00,1604.366007,0.087642,0.075168,0.319114
2021-06-14 07:00:00,1653.625578,0.146844,0.079962,0.574891
2021-06-14 08:00:00,1675.753606,0.217843,0.165002,0.787586
2021-06-14 09:00:00,1684.939137,0.283262,0.235275,0.930004
2021-06-14 10:00:00,1681.130800,0.324799,0.315718,0.981238
2021-06-14 11:00:00,1681.406887,0.345407,0.341400,0.964226
2021-06-14 12:00:00,1661.839733,0.344776,0.361383,0.892707
2021-06-14 13:00:00,1626.473150,0.354754,0.433524,0.783439
2021-06-14 14:00:00,1627.305892,0.391339,0.476187,0.611595
2021-06-14 15:00:00,1706.540096,0.448286,0.538861,0.387417
2021-06-14 16:00:00,1685.033478,0.452864,0.505154,0.186881
2021-06-14 17:00:00,1587.088848,0.422895,0.476597,0.079616
2021-06-14 18:00:00,1484.776859,0.316606,0.422514,0.034053
2021-06-14 19:00:00,1388.621215,0.260013,0.461939,0.005445
2021-06-14 20:00:00,1311.554832,0.248866,0.513399,0.000336
2021-06-14 21:00:00,1205.571758,0.244276,0.523016,0.000138
2021-06-14 22:00:00,1104.611175,0.204645,0.311617,0.000106
2021-06-14 23:00:00,1042.100903,0.171267,0.340856,0.000106
2021-06-15 00:00:00,1021.896048,0.156300,0.302786,0.000090
2021-06-15 01:00:00,1018.841981,0.141705,0.226209,0.000084
2021-06-15 02:00:00,1000.161243,0.111790,0.254637,0.000788
2021-06-15 03:00:00,1066.769828,0.071713,0.197846,0.027000
2021-06-15 04:00:00,1264.698884,0.043773,0.171472,0.090394
2021-06-15 05:00:00,1474.696569,0.044967,0.158613,0.239752
2021-06-15 06:00:00,1591.577089,0.060259,0.097627,0.472986
2021-06-15 07:00:00,1636.190172,0.066769,0.074774,0.677980
2021-06-15 08:00:00,1665.125435,0.071579,0.065159,0.801523
2021-06-15 09:00:00,1673.517615,0.092985,0.073046,0.891155
2021-06-15 10:00:00,1669.729945,0.117789,0.090032,0.913951
2021-06-15 11:00:00,1664.635964,0.130321,0.097492,0.897136
2021-06-15 12:00:00,1643.335557,0.137109,0.092574,0.883397
2021-06-15 13:00:00,1605.757626,0.126243,0.109589,0.818028
2021-06-15 14:00:00,1596.679641,0.103226,0.124833,0.703879
2021-06-15 15:00:00,1666.496899,0.077133,0.064368,0.565806
2021-06-15 16:00:00,1641.611203,0.059016,0.024103,0.369107
2021-06-15 17:00:00,1539.082930,0.040022,0.021692,0.181775
2021-06-15 18:00:00,1446.727680,0.023608,0.011619,0.075413
2021-06-15 19:00:00,1363.791865,0.019093,0.016259,0.013768
2021-06-15 20:00:00,1301.881838,0.022238,0.029486,0.000203
2021-06-15 21:00:00,1196.042392,0.020462,0.035347,0.000163
2021-06-15 22:00:00,1103.494342,0.016855,0.038942,0.000124
2021-06-15 23:00:00,1044.841810,0.009688,0.029822,0.000140
2021-06-16 00:00:00,1030.881765,0.003483,0.011692,0.000127
2021-06-16 01:00:00,1035.256789,0.000971,0.013090,0.000114
2021-06-16 02:00:00,1022.457686,0.000639,0.016932,0.001676
2021-06-16 03:00:00,1095.797619,0.000659,0.008284,0.027056
2021-06-16 04:00:00,1291.894208,0.001061,0.011165,0.093638
2021-06-16 05:00:00,1497.081839,0.001800,0.015200,0.239300
2021-06-16 06:00:00,1604.275476,0.009254,0.028288,0.456679
2021-06-16 07:00:00,1643.303836,0.037121,0.018287,0.632727
2021-06-16 08:00:00,1676.115568,0.057852,0.018335,0.788094
2021-06-16 09:00:00,1670.603391,0.097898,0.026863,0.841275
2021-06-16 10:00:00,1667.655039,0.115954,0.036248,0.940443
2021-06-16 11:00:00,1665.814173,0.089785,0.038526,0.977853
2021-06-16 12:00:00,1648.669460,0.066929,0.055923,0.965665
2021-06-16 13:00:00,1618.282465,0.067976,0.092097,0.909353
2021-06-16 14:00:00,1610.855573,0.083435,0.173421,0.788292
2021-06-16 15:00:00,1664.599918,0.095862,0.280164,0.599041
2021-06-16 16:00:00,1633.720123,0.132375,0.367635,0.382734
2021-06-16 17:00:00,1549.519238,0.163615,0.386887,0.189025
2021-06-16 18:00:00,1457.523295,0.174277,0.369607,0.060178
2021-06-16 19:00:00,1368.926906,0.203344,0.485005,0.012414
2021-06-16 20:00:00,1309.399169,0.269793,0.582270,0.000272
2021-06-16 21:00:00,1216.858590,0.309150,0.652490,0.000172
2021-06-16 22:00:00,1116.802632,0.223668,0.562135,0.000132
2021-06-16 23:00:00,1061.197817,0.239230,0.554647,0.000120
2021-06-17 00:00:00,1045.418617,0.275826,0.454285,0.000099
2021-06-17 01:00:00,1041.088166,0.309097,0.423230,0.000085
2021-06-17 02:00:00,1028.529410,0.295665,0.394306,0.001277
2021-06-17 03:00:00,1092.574168,0.275791,0.342133,0.030837
2021-06-17 04:00:00,1289.145956,0.240026,0.298197,0.088249
2021-06-17 05:00:00,1507.065965,0.215865,0.366514,0.229059
2021-06-17 06:00:00,1623.814029,0.181196,0.338977,0.439441
2021-06-17 07:00:00,1676.494957,0.160571,0.274220,0.640034
2021-06-17 08:00:00,1711.030313,0.142184,0.250107,0.788941
2021-06-17 09:00:00,1730.037202,0.145210,0.264182,0.903343
2021-06-17 10:00:00,1730.116609,0.198025,0.346910,0.949415
2021-06-17 11:00:00,1729.285423,0.298028,0.418295,0.959571
2021-06-17 12:00:00,1706.035146,0.315636,0.437525,0.936803
2021-06-17 13:00:00,1670.772175,0.303820,0.477687,0.875130
2021-06-17 14:00:00,1668.534188,0.273401,0.594490,0.752462
2021-06-17 15:00:00,1718.664517,0.207073,0.615125,0.577486
2021-06-17 16:00:00,1661.269838,0.152990,0.581416,0.367866
2021-06-17 17:00:00,1550.639362,0.138754,0.572527,0.174355
2021-06-17 18:00:00,1484.642887,0.166868,0.681794,0.059162
2021-06-17 19:00:00,1415.806417,0.243206,0.879664,0.010862
2021-06-17 20:00:00,1368.542616,0.356988,0.920338,0.000211
2021-06-17 21:00:00,1269.164450,0.423908,0.901737,0.000160
2021-06-17 22:00:00,1183.207626,0.460130,0.905971,0.000122
2021-06-17 23:00:00,1121.066889,0.427805,0.905603,0.000111
2021-06-18 00:00:00,1090.643453,0.363202,0.886748,0.000105
2021-06-18 01:00:00,1076.059324,0.236777,0.715326,0.000082
2021-06-18 02:00:00,1056.040464,0.121134,0.622729,0.001238
2021-06-18 03:00:00,1116.358434,0.077833,0.573431,0.027197
2021-06-18 04:00:00,1311.960961,0.068284,0.436170,0.086416
2021-06-18 05:00:00,1523.455207,0.031674,0.262500,0.223078
2021-06-18 06:00:00,1654.328444,0.016608,0.134988,0.419664
2021-06-18 07:00:00,1713.489466,0.010594,0.080606,0.601241
2021-06-18 08:00:00,1742.687753,0.015403,0.032436,0.761207
2021-06-18 09:00:00,1752.962348,0.019278,0.022210,0.864551
2021-06-18 10:00:00,1742.703702,0.026027,0.013972,0.906672
2021-06-18 11:00:00,1719.253564,0.079636,0.022138,0.930456
2021-06-18 12:00:00,1685.361972,0.125433,0.037566,0.914177
2021-06-18 13:00:00,1647.015294,0.085800,0.081048,0.855241
2021-06-18 14:00:00,1628.443204,0.047689,0.169104,0.732995
2021-06-18 15:00:00,1643.261196,0.052095,0.271773,0.560418
2021-06-18 16:00:00,1611.822621,0.060704,0.352547,0.354154
2021-06-18 17:00:00,1542.256484,0.064307,0.451063,0.159938
2021-06-18 18:00:00,1454.807254,0.070935,0.502393,0.050416
2021-06-18 19:00:00,1381.702099,0.089674,0.563109,0.008605
2021-06-18 20:00:00,1339.520734,0.113786,0.629265,0.000213
2021-06-18 21:00:00,1263.643201,0.168983,0.685845,0.000167
2021-06-18 22:00:00,1163.904166,0.226392,0.709153,0.000130
2021-06-18 23:00:00,1106.836292,0.261140,0.769389,0.000110
2021-06-19 00:00:00,1062.079989,0.262597,0.757146,0.000088
2021-06-19 01:00:00,1038.910459,0.185545,0.672717,0.000075
2021-06-19 02:00:00,1010.599109,0.065278,0.575935,0.001455
2021-06-19 03:00:00,1021.323310,0.033984,0.519371,0.031824
2021-06-19 04:00:00,1076.676811,0.037251,0.532298,0.098208
2021-06-19 05:00:00,1198.201377,0.051062,0.512143,0.222796
2021-06-19 06:00:00,1340.223650,0.058836,0.418534,0.392721
2021-06-19 07:00:00,1446.216299,0.067124,0.358767,0.522161
2021-06-19 08:00:00,1503.943131,0.067894,0.281728,0.637523
2021-06-19 09:00:00,1527.807110,0.054756,0.186951,0.724136
2021-06-19 10:00:00,1529.710042,0.086507,0.138707,0.846043
2021-06-19 11:00:00,1534.050843,0.255648,0.073404,0.862124
2021-06-19 12:00:00,1510.868940,0.351197,0.134131,0.817153
2021-06-19 13:00:00,1484.657195,0.302994,0.140083,0.803639
2021-06-19 14:00:00,1473.591353,0.223351,0.132250,0.718296
2021-06-19 15:00:00,1510.941717,0.199705,0.278325,0.555988
2021-06-19 16:00:00,1513.428655,0.175956,0.313682,0.368120
2021-06-19 17:00:00,1450.725132,0.124080,0.271722,0.175681
2021-06-19 18:00:00,1379.714462,0.044137,0.291306,0.052419
2021-06-19 19:00:00,1322.090471,0.037821,0.151969,0.009677
2021-06-19 20:00:00,1286.864212,0.033180,0.092603,0.000197
2021-06-19 21:00:00,1216.056536,0.023078,0.060631,0.000176
2021-06-19 22:00:00,1143.343155,0.010932,0.087411,0.001222
2021-06-19 23:00:00,1078.093749,0.013740,0.139947,0.000097
2021-06-20 00:00:00,1027.566054,0.027605,0.181089,0.000095
2021-06-20 01:00:00,1008.723873,0.063281,0.248562,0.000082
2021-06-20 02:00:00,973.619118,0.081700,0.219515,0.001283
2021-06-20 03:00:00,967.273637,0.105347,0.205380,0.034109
2021-06-20 04:00:00,1020.723006,0.138817,0.364173,0.116772
2021-06-20 05:00:00,1148.715467,0.156508,0.682730,0.250896
2021-06-20 06:00:00,1296.042733,0.277863,0.754213,0.385865
2021-06-20 07:00:00,1385.330942,0.344344,0.603563,0.418592
2021-06-20 08:00:00,1447.431349,0.128423,0.435008,0.331189
2021-06-20 09:00:00,1483.853812,0.058040,0.199263,0.352236
2021-06-20 10:00:00,1512.424433,0.089961,0.147775,0.484525
2021-06-20 11:00:00,1527.440835,0.193943,0.177812,0.614586
2021-06-20 12:00:00,1503.594586,0.304843,0.295348,0.609254
2021-06-20 13:00:00,1499.888256,0.383933,0.423096,0.687544
2021-06-20 14:00:00,1510.786926,0.493453,0.516239,0.605896
2021-06-20 15:00:00,1584.890039,0.546160,0.524487,0.533841
2021-06-20 16:00:00,1592.228109,0.554935,0.557239,0.354211
2021-06-20 17:00:00,1514.253409,0.456183,0.588320,0.175116
2021-06-20 18:00:00,1421.791908,0.243083,0.538669,0.063648
2021-06-20 19:00:00,1337.366024,0.110970,0.372962,0.012047
2021-06-20 20:00:00,1267.398618,0.068925,0.160325,0.000247
2021-06-20 21:00:00,1171.772528,0.076275,0.085751,0.000149
2021-06-20 22:00:00,1088.731811,0.084541,0.074980,0.000125
2021-06-20 23:00:00,1024.804575,0.089568,0.078538,0.000104
2021-06-21 00:00:00,1006.611645,0.072508,0.137585,0.000088
2021-06-21 01:00:00,1002.597653,0.076792,0.170100,0.000085
2021-06-21 02:00:00,990.098121,0.073354,0.186755,0.001053
2021-06-21 03:00:00,1053.023197,0.085485,0.188299,0.028749
2021-06-21 04:00:00,1240.059158,0.070063,0.206188,0.071237
2021-06-21 05:00:00,1467.298146,0.055302,0.141914,0.077246
2021-06-21 06:00:00,1606.411277,0.104887,0.251617,0.064240
2021-06-21 07:00:00,1669.028932,0.156678,0.443999,0.210128
2021-06-21 08:00:00,1713.258505,0.183081,0.383687,0.439300
2021-06-21 09:00:00,1702.636533,0.210009,0.250335,0.452391
2021-06-21 10:00:00,1692.271055,0.231677,0.167458,0.452730
2021-06-21 11:00:00,1689.624045,0.178699,0.130129,0.375257
2021-06-21 12:00:00,1676.001630,0.154338,0.060832,0.377656
2021-06-21 13:00:00,1631.731097,0.176856,0.073693,0.341148
2021-06-21 14:00:00,1624.134546,0.202168,0.086730,0.322443
2021-06-21 15:00:00,1702.223555,0.260762,0.092985,0.259077
2021-06-21 16:00:00,1664.914351,0.307075,0.131562,0.162251
2021-06-21 17:00:00,1569.682234,0.308567,0.224721,0.090478
2021-06-21 18:00:00,1466.076766,0.280372,0.355258,0.036535
2021-06-21 19:00:00,1362.113834,0.228679,0.386761,0.004627
2021-06-21 20:00:00,1299.755447,0.163072,0.420993,0.000158
2021-06-21 21:00:00,1222.303569,0.141917,0.384687,0.000135
2021-06-21 22:00:00,1121.141722,0.156292,0.362354,0.000101
2021-06-21 23:00:00,1058.205077,0.169786,0.340355,0.000083
2021-06-22 00:00:00,1024.511507,0.153518,0.258219,0.000081
2021-06-22 01:00:00,1015.138830,0.111232,0.210156,0.000078
2021-06-22 02:00:00,1005.427399,0.081112,0.179928,0.000876
2021-06-22 03:00:00,1066.383736,0.083061,0.172583,0.031739
2021-06-22 04:00:00,1263.608935,0.100826,0.183831,0.095500
2021-06-22 05:00:00,1469.012578,0.137130,0.208722,0.198053
2021-06-22 06:00:00,1590.546951,0.184172,0.244821,0.283086
2021-06-22 07:00:00,1631.066036,0.202173,0.280384,0.351925
2021-06-22 08:00:00,1662.394854,0.227330,0.340843,0.415517
2021-06-22 09:00:00,1683.391946,0.265332,0.341559,0.581605
2021-06-22 10:00:00,1674.009798,0.287041,0.271857,0.734970
2021-06-22 11:00:00,1672.989626,0.278704,0.224671,0.819128
2021-06-22 12:00:00,1641.159141,0.232808,0.174239,0.772605
2021-06-22 13:00:00,1600.461207,0.210298,0.201789,0.703766
2021-06-22 14:00:00,1599.326746,0.190183,0.211054,0.615545
2021-06-22 15:00:00,1650.849592,0.147602,0.227162,0.481760
2021-06-22 16:00:00,1636.115156,0.109876,0.254010,0.338496
2021-06-22 17:00:00,1549.169792,0.089029,0.290217,0.176640
2021-06-22 18:00:00,1453.426823,0.096512,0.286887,0.057893
2021-06-22 19:00:00,1369.815861,0.121305,0.271527,0.010721
2021-06-22 20:00:00,1302.676829,0.147249,0.238306,0.000202
2021-06-22 21:00:00,1205.825704,0.141273,0.221501,0.000156
2021-06-22 22:00:00,1113.385343,0.122190,0.129445,0.000126
2021-06-22 23:00:00,1053.010566,0.077921,0.121795,0.000110
2021-06-23 00:00:00,1027.176289,0.062243,0.123004,0.000102
2021-06-23 01:00:00,1017.288407,0.054111,0.127042,0.000090
2021-06-23 02:00:00,1007.874511,0.048273,0.089134,0.000860
2021-06-23 03:00:00,1073.777872,0.025581,0.063577,0.020229
2021-06-23 04:00:00,1276.498391,0.015761,0.028641,0.068218
2021-06-23 05:00:00,1481.186722,0.021180,0.081006,0.125321
2021-06-23 06:00:00,1584.479720,0.033373,0.096411,0.216420
2021-06-23 07:00:00,1647.821012,0.038466,0.082638,0.321569
2021-06-23 08:00:00,1687.360924,0.037068,0.035047,0.392270
2021-06-23 09:00:00,1696.345584,0.036515,0.035102,0.485654
2021-06-23 10:00:00,1693.809455,0.047013,0.049043,0.525801
2021-06-23 11:00:00,1696.646687,0.052311,0.069068,0.569897
2021-06-23 12:00:00,1682.504103,0.051604,0.100936,0.581464
2021-06-23 13:00:00,1643.844934,0.049164,0.087739,0.464607
2021-06-23 14:00:00,1639.664578,0.052130,0.045056,0.401721
2021-06-23 15:00:00,1690.728022,0.042997,0.025383,0.306757
2021-06-23 16:00:00,1621.657811,0.022848,0.031327,0.222062
2021-06-23 17:00:00,1501.573784,0.021033,0.064543,0.125462
2021-06-23 18:00:00,1405.583787,0.013811,0.058960,0.052222
2021-06-23 19:00:00,1333.067026,0.018952,0.032584,0.012385
2021-06-23 20:00:00,1296.936849,0.025774,0.008721,0.000179
2021-06-23 21:00:00,1219.558816,0.027946,0.017134,0.000146
2021-06-23 22:00:00,1125.569655,0.026355,0.032252,0.000107
2021-06-23 23:00:00,1065.771566,0.031353,0.016678,0.000084
2021-06-24 00:00:00,1034.146065,0.019245,0.002447,0.000083
2021-06-24 01:00:00,1023.658369,0.010745,0.004531,0.000077
2021-06-24 02:00:00,1020.077115,0.013096,0.015198,0.000721
2021-06-24 03:00:00,1078.355929,0.025307,0.006520,0.021555
2021-06-24 04:00:00,1268.430221,0.016612,0.001581,0.077246
2021-06-24 05:00:00,1482.784708,0.009572,0.001906,0.176330
2021-06-24 06:00:00,1603.341748,0.014391,0.000401,0.333249
2021-06-24 07:00:00,1665.367484,0.008193,0.000023,0.479024
2021-06-24 08:00:00,1693.069225,0.011055,0.004437,0.614530
2021-06-24 09:00:00,1713.099777,0.016294,0.006564,0.680970
2021-06-24 10:00:00,1720.839110,0.020064,0.012907,0.636564
2021-06-24 11:00:00,1698.869138,0.017349,0.012918,0.572634
2021-06-24 12:00:00,1656.349098,0.021876,0.033046,0.441868
2021-06-24 13:00:00,1604.507613,0.011787,0.030765,0.402991
2021-06-24 14:00:00,1610.368041,0.011573,0.045270,0.379461
2021-06-24 15:00:00,1668.835019,0.012848,0.075337,0.353731
2021-06-24 16:00:00,1632.943819,0.017384,0.167916,0.271801
2021-06-24 17:00:00,1551.019930,0.022264,0.145690,0.177007
2021-06-24 18:00:00,1460.547826,0.026497,0.080230,0.096346
2021-06-24 19:00:00,1376.501171,0.032014,0.091571,0.059726
2021-06-24 20:00:00,1294.386268,0.033009,0.095394,0.000163
2021-06-24 21:00:00,1199.377982,0.026842,0.085809,0.000128
2021-06-24 22:00:00,1115.034407,0.032438,0.068508,0.000104
2021-06-24 23:00:00,1051.610511,0.057302,0.082985,0.000091
2021-06-25 00:00:00,1020.322871,0.065250,0.082978,0.000082
2021-06-25 01:00:00,1018.571564,0.057251,0.068034,0.000074
2021-06-25 02:00:00,1013.446211,0.050090,0.059443,0.000291
2021-06-25 03:00:00,1091.120275,0.038987,0.053479,0.060545
2021-06-25 04:00:00,1282.147841,0.046750,0.060244,0.091155
2021-06-25 05:00:00,1487.706566,0.046465,0.084015,0.166935
2021-06-25 06:00:00,1596.097659,0.035000,0.056927,0.326590
2021-06-25 07:00:00,1642.400840,0.020089,0.016549,0.518042
2021-06-25 08:00:00,1666.469084,0.012913,0.014045,0.604796
2021-06-25 09:00:00,1664.767532,0.016891,0.029965,0.619439
2021-06-25 10:00:00,1654.153549,0.028598,0.027809,0.690760
2021-06-25 11:00:00,1626.578874,0.034546,0.021737,0.794922
2021-06-25 12:00:00,1580.564156,0.041014,0.017318,0.773170
2021-06-25 13:00:00,1543.109643,0.044661,0.007653,0.734462
2021-06-25 14:00:00,1536.133804,0.045500,0.000935,0.642404
2021-06-25 15:00:00,1577.468623,0.038413,0.001062,0.542390
2021-06-25 16:00:00,1551.854302,0.026209,0.005446,0.385837
2021-06-25 17:00:00,1463.184314,0.014654,0.015750,0.195119
2021-06-25 18:00:00,1374.529814,0.008696,0.014359,0.059839
2021-06-25 19:00:00,1306.969698,0.009265,0.008442,0.008859
2021-06-25 20:00:00,1268.823402,0.010988,0.021082,0.000228
2021-06-25 21:00:00,1193.865117,0.010322,0.057200,0.000168
2021-06-25 22:00:00,1109.899138,0.019074,0.064040,0.000131
2021-06-25 23:00:00,1055.055531,0.018034,0.027020,0.000117
2021-06-26 00:00:00,1030.308999,0.014622,0.001757,0.000100
2021-06-26 01:00:00,1005.679119,0.011977,0.000188,0.000089
2021-06-26 02:00:00,979.030348,0.010981,0.003781,0.000640
2021-06-26 03:00:00,969.611650,0.012666,0.007279,0.016504
2021-06-26 04:00:00,1030.571873,0.007115,0.001059,0.057610
2021-06-26 05:00:00,1142.337908,0.005709,0.001642,0.142333
2021-06-26 06:00:00,1275.342212,0.005559,0.007904,0.309183
2021-06-26 07:00:00,1378.738254,0.007713,0.024692,0.467880
2021-06-26 08:00:00,1455.231743,0.015199,0.008781,0.577204
2021-06-26 09:00:00,1470.884635,0.036765,0.010447,0.704528
2021-06-26 10:00:00,1457.837390,0.055709,0.020383,0.741797
2021-06-26 11:00:00,1443.968387,0.076682,0.029500,0.780561
2021-06-26 12:00:00,1424.791502,0.084242,0.047629,0.798759
2021-06-26 13:00:00,1415.241072,0.088908,0.085658,0.780505
2021-06-26 14:00:00,1429.687278,0.084313,0.082784,0.717816
2021-06-26 15:00:00,1489.184139,0.079832,0.065611,0.526252
2021-06-26 16:00:00,1433.881594,0.072779,0.082998,0.351869
2021-06-26 17:00:00,1356.476915,0.055055,0.069394,0.180646
2021-06-26 18:00:00,1306.398279,0.033451,0.040372,0.064099
2021-06-26 19:00:00,1271.168719,0.018580,0.060358,0.011511
2021-06-26 20:00:00,1253.311947,0.012784,0.111395,0.000199
2021-06-26 21:00:00,1189.909491,0.010383,0.054496,0.000167
2021-06-26 22:00:00,1109.440140,0.009742,0.004129,0.000138
2021-06-26 23:00:00,1052.210670,0.013535,0.000017,0.000118
2021-06-27 00:00:00,1016.046871,0.020691,0.001117,0.000091
2021-06-27 01:00:00,996.782992,0.018764,0.012237,0.000082
2021-06-27 02:00:00,971.844487,0.019209,0.021591,0.001117
2021-06-27 03:00:00,956.307280,0.020815,0.015849,0.023106
2021-06-27 04:00:00,998.361009,0.010730,0.009556,0.081958
2021-06-27 05:00:00,1088.189498,0.014923,0.016312,0.162703
2021-06-27 06:00:00,1218.801803,0.032312,0.031906,0.224573
2021-06-27 07:00:00,1313.039340,0.045901,0.034000,0.267767
2021-06-27 08:00:00,1395.617917,0.057515,0.031560,0.385414
2021-06-27 09:00:00,1427.519836,0.063233,0.040047,0.538214
2021-06-27 10:00:00,1438.696502,0.056596,0.034263,0.708478
2021-06-27 11:00:00,1427.895966,0.045936,0.046575,0.818113
2021-06-27 12:00:00,1407.311372,0.052116,0.057223,0.883623
2021-06-27 13:00:00,1391.436214,0.052711,0.040894,0.834476
2021-06-27 14:00:00,1407.873467,0.058330,0.024611,0.704105
2021-06-27 15:00:00,1487.061257,0.047219,0.032186,0.555875
2021-06-27 16:00:00,1512.784543,0.029192,0.060379,0.368543
2021-06-27 17:00:00,1438.068680,0.014416,0.040648,0.191818
2021-06-27 18:00:00,1367.094359,0.005623,0.019292,0.079024
2021-06-27 19:00:00,1292.244978,0.005448,0.019937,0.016081
2021-06-27 20:00:00,1247.803881,0.014094,0.031868,0.000250
2021-06-27 21:00:00,1162.424191,0.015367,0.036310,0.000160
2021-06-27 22:00:00,1079.572651,0.019669,0.026966,0.000122
2021-06-27 23:00:00,1020.519202,0.022653,0.005523,0.000129
2021-06-28 00:00:00,1012.798874,0.018497,0.000426,0.000111
2021-06-28 01:00:00,998.748572,0.014074,0.000502,0.000102
2021-06-28 02:00:00,986.006340,0.008682,0.001098,0.001079
2021-06-28 03:00:00,1048.235277,0.006635,0.001398,0.022006
2021-06-28 04:00:00,1230.150506,0.001629,0.010565,0.076118
2021-06-28 05:00:00,1438.947848,0.001023,0.008706,0.233912
2021-06-28 06:00:00,1568.755015,0.002377,0.000155,0.449259
2021-06-28 07:00:00,1629.031196,0.003014,0.000102,0.654112
2021-06-28 08:00:00,1670.858215,0.005260,0.000037,0.827225
2021-06-28 09:00:00,1695.762395,0.008969,0.000389,0.931641
2021-06-28 10:00:00,1703.190624,0.009571,0.000277,0.971928
2021-06-28 11:00:00,1695.067170,0.008206,0.000367,0.963069
2021-06-28 12:00:00,1674.722062,0.008209,0.000306,0.943208
2021-06-28 13:00:00,1637.163211,0.007611,0.000853,0.884695
2021-06-28 14:00:00,1612.411886,0.007765,0.003020,0.781633
2021-06-28 15:00:00,1670.002091,0.008693,0.002914,0.609451
2021-06-28 16:00:00,1637.702059,0.006970,0.002219,0.396219
2021-06-28 17:00:00,1541.894190,0.005569,0.004504,0.187756
2021-06-28 18:00:00,1453.651000,0.003027,0.010524,0.059501
2021-06-28 19:00:00,1379.195905,0.006131,0.019264,0.011313
2021-06-28 20:00:00,1316.992706,0.009508,0.027265,0.000245
2021-06-28 21:00:00,1220.832003,0.008555,0.028520,0.000179
2021-06-28 22:00:00,1111.965155,0.009198,0.027368,0.000126
2021-06-28 23:00:00,1050.082504,0.007304,0.043203,0.000120
2021-06-29 00:00:00,1016.173940,0.019238,0.035236,0.000108
2021-06-29 01:00:00,1016.697465,0.021726,0.031999,0.000097
2021-06-29 02:00:00,1005.290682,0.023541,0.022802,0.001378
2021-06-29 03:00:00,1065.714848,0.018607,0.027220,0.026407
2021-06-29 04:00:00,1250.416659,0.021552,0.036173,0.096064
2021-06-29 05:00:00,1453.775216,0.016771,0.052243,0.208972
2021-06-29 06:00:00,1589.019012,0.015411,0.089714,0.370320
2021-06-29 07:00:00,1648.476086,0.026423,0.123642,0.569558
2021-06-29 08:00:00,1694.449437,0.027598,0.131533,0.722697
2021-06-29 09:00:00,1714.906777,0.026619,0.100197,0.733813
2021-06-29 10:00:00,1719.991494,0.023254,0.108912,0.732205
2021-06-29 11:00:00,1728.520221,0.028039,0.087756,0.692876
2021-06-29 12:00:00,1703.770130,0.029356,0.040624,0.687600
2021-06-29 13:00:00,1677.016606,0.085422,0.037615,0.508845
2021-06-29 14:00:00,1657.573700,0.087008,0.049218,0.358048
2021-06-29 15:00:00,1719.021267,0.028925,0.013738,0.275808
2021-06-29 16:00:00,1685.140071,0.016448,0.000031,0.188235
2021-06-29 17:00:00,1587.812547,0.008102,0.000878,0.107378
2021-06-29 18:00:00,1497.929031,0.010281,0.018260,0.048864
2021-06-29 19:00:00,1418.541855,0.009635,0.003537,0.009705
2021-06-29 20:00:00,1367.477207,0.011457,0.007863,0.000183
2021-06-29 21:00:00,1274.149696,0.036823,0.066875,0.000145
2021-06-29 22:00:00,1180.405447,0.050725,0.131055,0.000116
2021-06-29 23:00:00,1120.411086,0.029246,0.055607,0.000103
2021-06-30 00:00:00,1089.608572,0.013190,0.006520,0.000085
2021-06-30 01:00:00,1084.382965,0.010256,0.004757,0.000079
2021-06-30 02:00:00,1079.258932,0.022467,0.048808,0.000159
2021-06-30 03:00:00,1128.518776,0.032673,0.060994,0.005925
2021-06-30 04:00:00,1295.951523,0.048397,0.118130,0.028636
2021-06-30 05:00:00,1508.759329,0.066279,0.140408,0.086782
2021-06-30 06:00:00,1633.653290,0.094212,0.162352,0.143321
2021-06-30 07:00:00,1699.386664,0.109498,0.174881,0.251206
2021-06-30 08:00:00,1744.916401,0.141376,0.277379,0.238736
2021-06-30 09:00:00,1761.393989,0.152812,0.326613,0.248864
2021-06-30 10:00:00,1776.109106,0.157205,0.445422,0.283115
2021-06-30 11:00:00,1782.046779,0.200106,0.518780,0.289180
2021-06-30 12:00:00,1734.396922,0.250842,0.541140,0.217351
2021-06-30 13:00:00,1686.867600,0.275925,0.620727,0.189138
2021-06-30 14:00:00,1670.754644,0.259392,0.659904,0.186289
2021-06-30 15:00:00,1734.721897,0.199576,0.583555,0.137650
2021-06-30 16:00:00,1716.107735,0.205593,0.681446,0.069093
2021-06-30 17:00:00,1622.915515,0.213749,0.650720,0.038200
2021-06-30 18:00:00,1515.529922,0.258517,0.589757,0.020539
2021-06-30 19:00:00,1424.532947,0.252234,0.547901,0.002471
2021-06-30 20:00:00,1358.578251,0.198427,0.525554,0.000114
2021-06-30 21:00:00,1249.627433,0.175301,0.483562,0.000086
2021-06-30 22:00:00,1157.002941,0.168137,0.413251,0.000069
2021-06-30 23:00:00,1100.384894,0.182308,0.382729,0.000068
2021-07-01 00:00:00,1077.535174,0.230017,0.376730,0.000068
2021-07-01 01:00:00,1066.835815,0.207784,0.367480,0.000071
2021-07-01 02:00:00,1074.744385,0.200043,0.387118,0.000108
2021-07-01 03:00:00,1128.790233,0.252556,0.463853,0.006207
2021-07-01 04:00:00,1293.613581,0.268378,0.476354,0.031852
2021-07-01 05:00:00,1482.525143,0.240890,0.433569,0.075272
2021-07-01 06:00:00,1596.641654,0.218873,0.368347,0.161433
2021-07-01 07:00:00,1653.427154,0.222089,0.484080,0.258570
2021-07-01 08:00:00,1694.831588,0.229235,0.454113,0.349725
2021-07-01 09:00:00,1710.776096,0.271301,0.460532,0.426746
2021-07-01 10:00:00,1711.379331,0.272890,0.471324,0.532600
2021-07-01 11:00:00,1709.851712,0.260656,0.435290,0.568881
2021-07-01 12:00:00,1682.968523,0.254491,0.418210,0.555537
2021-07-01 13:00:00,1634.321148,0.243005,0.403819,0.574326
2021-07-01 14:00:00,1639.535749,0.245810,0.400062,0.524954
2021-07-01 15:00:00,1714.469719,0.251968,0.419907,0.446833
2021-07-01 16:00:00,1673.400789,0.253769,0.408497,0.264551
2021-07-01 17:00:00,1578.896544,0.203307,0.342785,0.133418
2021-07-01 18:00:00,1471.130060,0.141808,0.333584,0.053209
2021-07-01 19:00:00,1390.392008,0.106209,0.270492,0.008295
2021-07-01 20:00:00,1328.970983,0.077388,0.206612,0.000198
2021-07-01 21:00:00,1229.080746,0.081375,0.185719,0.000153
2021-07-01 22:00:00,1144.148283,0.111556,0.255881,0.000114
2021-07-01 23:00:00,1090.188093,0.124071,0.314564,0.000106
2021-07-02 00:00:00,1079.714908,0.130926,0.414332,0.000089
2021-07-02 01:00:00,1073.659530,0.140202,0.420140,0.000086
2021-07-02 02:00:00,1072.842075,0.135157,0.418474,0.000105
2021-07-02 03:00:00,1120.927253,0.137966,0.452031,0.006517
2021-07-02 04:00:00,1287.183234,0.125780,0.513167,0.038115
2021-07-02 05:00:00,1487.112813,0.113440,0.477175,0.081112
2021-07-02 06:00:00,1611.679023,0.120319,0.502693,0.115898
2021-07-02 07:00:00,1667.438481,0.150080,0.659854,0.170207
2021-07-02 08:00:00,1721.148448,0.172641,0.731733,0.240147
2021-07-02 09:00:00,1729.104931,0.221890,0.684957,0.257921
2021-07-02 10:00:00,1719.381809,0.231043,0.655695,0.303766
2021-07-02 11:00:00,1704.183967,0.217676,0.603586,0.363634
2021-07-02 12:00:00,1665.027811,0.191984,0.485325,0.325123
2021-07-02 13:00:00,1656.550360,0.154333,0.408149,0.269657
2021-07-02 14:00:00,1620.571467,0.162978,0.434569,0.219946
2021-07-02 15:00:00,1676.027847,0.153640,0.491746,0.170659
2021-07-02 16:00:00,1644.021922,0.179246,0.486280,0.123572
2021-07-02 17:00:00,1551.331224,0.203438,0.416164,0.059077
2021-07-02 18:00:00,1446.009315,0.207663,0.398867,0.021442
2021-07-02 19:00:00,1373.712709,0.202172,0.449345,0.001828
2021-07-02 20:00:00,1332.518588,0.207242,0.453076,0.000127
2021-07-02 21:00:00,1240.876220,0.174184,0.427630,0.000099
2021-07-02 22:00:00,1153.084063,0.179985,0.305422,0.000089
2021-07-02 23:00:00,1098.313336,0.194189,0.257390,0.000070
2021-07-03 00:00:00,1060.333325,0.195012,0.272141,0.000064
2021-07-03 01:00:00,1043.260994,0.166433,0.265176,0.000059
2021-07-03 02:00:00,1018.416160,0.137939,0.213007,0.000448
2021-07-03 03:00:00,1009.468328,0.116869,0.197962,0.008012
2021-07-03 04:00:00,1061.024390,0.093530,0.154227,0.028692
2021-07-03 05:00:00,1168.710442,0.072660,0.116170,0.072704
2021-07-03 06:00:00,1296.523587,0.076300,0.115529,0.113443
2021-07-03 07:00:00,1398.277668,0.085671,0.127182,0.170772
2021-07-03 08:00:00,1492.234373,0.096631,0.120170,0.212075
2021-07-03 09:00:00,1527.192370,0.082530,0.114414,0.239300
2021-07-03 10:00:00,1517.415785,0.067265,0.100839,0.256933
2021-07-03 11:00:00,1514.154530,0.070633,0.088674,0.319961
2021-07-03 12:00:00,1506.066407,0.064873,0.081036,0.316067
2021-07-03 13:00:00,1483.812834,0.048176,0.067738,0.305967
2021-07-03 14:00:00,1487.773654,0.041368,0.060045,0.269065
2021-07-03 15:00:00,1528.364150,0.023027,0.057225,0.241332
2021-07-03 16:00:00,1460.270907,0.015290,0.069234,0.195288
2021-07-03 17:00:00,1380.526164,0.009110,0.076889,0.112399
2021-07-03 18:00:00,1340.897672,0.008443,0.063866,0.048187
2021-07-03 19:00:00,1296.429921,0.004336,0.033800,0.008379
2021-07-03 20:00:00,1271.149468,0.001507,0.009332,0.000134
2021-07-03 21:00:00,1204.214238,0.002099,0.011292,0.000108
2021-07-03 22:00:00,1138.132161,0.001896,0.003241,0.000092
2021-07-03 23:00:00,1096.930175,0.001816,0.000148,0.000081
2021-07-04 00:00:00,1059.537228,0.001975,0.009578,0.000076
2021-07-04 01:00:00,1059.331623,0.002513,0.014341,0.000071
2021-07-04 02:00:00,1066.353492,0.000759,0.007246,0.000361
2021-07-04 03:00:00,1028.261977,0.001201,0.020140,0.016787
2021-07-04 04:00:00,1063.954696,0.002612,0.024098,0.079306
2021-07-04 05:00:00,1145.695004,0.004837,0.011451,0.130710
2021-07-04 06:00:00,1267.550693,0.009733,0.001214,0.210298
2021-07-04 07:00:00,1379.783026,0.003275,0.002115,0.343180
2021-07-04 08:00:00,1454.328454,0.001444,0.000194,0.468303
2021-07-04 09:00:00,1475.190532,0.002006,0.000382,0.527268
2021-07-04 10:00:00,1484.701817,0.002711,0.000236,0.551728
2021-07-04 11:00:00,1471.213146,0.007569,0.000827,0.602116
2021-07-04 12:00:00,1460.275954,0.012754,0.001297,0.608915
2021-07-04 13:00:00,1431.298651,0.015216,0.002568,0.499450
2021-07-04 14:00:00,1439.658989,0.017081,0.009364,0.475554
2021-07-04 15:00:00,1503.472768,0.022979,0.019459,0.375145
2021-07-04 16:00:00,1534.887314,0.015059,0.061265,0.271689
2021-07-04 17:00:00,1473.859410,0.016959,0.066473,0.148737
2021-07-04 18:00:00,1403.357348,0.023520,0.050742,0.056736
2021-07-04 19:00:00,1336.060171,0.031093,0.067215,0.010777
2021-07-04 20:00:00,1284.629761,0.047967,0.065326,0.000206
2021-07-04 21:00:00,1194.290674,0.062681,0.064675,0.000154
2021-07-04 22:00:00,1113.374156,0.067113,0.077771,0.000134
2021-07-04 23:00:00,1058.160576,0.070240,0.076078,0.000114
2021-07-05 00:00:00,1027.897233,0.070120,0.078918,0.000091
2021-07-05 01:00:00,1029.644380,0.083712,0.077193,0.000089
2021-07-05 02:00:00,1020.329066,0.092405,0.079716,0.000258
2021-07-05 03:00:00,1066.971024,0.115028,0.095532,0.016674
2021-07-05 04:00:00,1238.164671,0.106872,0.109831,0.082212
2021-07-05 05:00:00,1442.187942,0.079921,0.138865,0.206545
2021-07-05 06:00:00,1577.304794,0.074009,0.184545,0.374975
2021-07-05 07:00:00,1655.541805,0.103579,0.193192,0.585301
2021-07-05 08:00:00,1693.253597,0.147102,0.180746,0.689547
2021-07-05 09:00:00,1699.486101,0.164708,0.197358,0.647933
2021-07-05 10:00:00,1698.478046,0.160869,0.172807,0.500494
2021-07-05 11:00:00,1709.753191,0.097242,0.174073,0.444633
2021-07-05 12:00:00,1676.486614,0.105479,0.225392,0.403724
2021-07-05 13:00:00,1636.211813,0.074012,0.102267,0.397094
2021-07-05 14:00:00,1652.528213,0.073610,0.106144,0.395063
2021-07-05 15:00:00,1718.169172,0.087625,0.042082,0.397320
2021-07-05 16:00:00,1672.694990,0.083811,0.100994,0.223417
2021-07-05 17:00:00,1561.846754,0.051942,0.069528,0.144421
2021-07-05 18:00:00,1458.981458,0.031850,0.042669,0.066413
2021-07-05 19:00:00,1371.770610,0.028233,0.053001,0.012385
2021-07-05 20:00:00,1320.894783,0.050468,0.086560,0.000164
2021-07-05 21:00:00,1216.953421,0.043773,0.067776,0.000131
2021-07-05 22:00:00,1126.604801,0.018298,0.024919,0.000099
2021-07-05 23:00:00,1069.748411,0.007649,0.009134,0.000109
2021-07-06 00:00:00,1045.120282,0.006831,0.003905,0.000088
2021-07-06 01:00:00,1039.298672,0.006100,0.005197,0.000078
2021-07-06 02:00:00,1025.418029,0.012888,0.018764,0.001162
2021-07-06 03:00:00,1091.964671,0.044711,0.044251,0.028185
2021-07-06 04:00:00,1241.363727,0.098449,0.085795,0.094992
2021-07-06 05:00:00,1436.295761,0.115386,0.145326,0.157060
2021-07-06 06:00:00,1573.768690,0.198068,0.275020,0.244633
2021-07-06 07:00:00,1651.091655,0.293410,0.347622,0.389138
2021-07-06 08:00:00,1693.282982,0.370370,0.362760,0.673946
2021-07-06 09:00:00,1708.853554,0.431283,0.416569,0.770518
2021-07-06 10:00:00,1708.351906,0.463488,0.413020,0.833263
2021-07-06 11:00:00,1726.312176,0.413808,0.458297,0.781041
2021-07-06 12:00:00,1709.486230,0.333103,0.486627,0.564960
2021-07-06 13:00:00,1682.730440,0.293653,0.533885,0.285231
2021-07-06 14:00:00,1699.381236,0.420206,0.490785,0.158781
2021-07-06 15:00:00,1772.863336,0.315104,0.448345,0.186712
2021-07-06 16:00:00,1763.112647,0.223531,0.074358,0.310735
2021-07-06 17:00:00,1601.450474,0.191140,0.106159,0.154041
2021-07-06 18:00:00,1492.425730,0.189590,0.187060,0.055607
2021-07-06 19:00:00,1402.298803,0.234753,0.232284,0.011793
2021-07-06 20:00:00,1344.586743,0.142338,0.309105,0.000224
2021-07-06 21:00:00,1249.982650,0.050066,0.341398,0.000131
2021-07-06 22:00:00,1156.879608,0.056520,0.332021,0.000114
2021-07-06 23:00:00,1100.863892,0.139404,0.374766,0.000097
2021-07-07 00:00:00,1071.557536,0.115008,0.205040,0.000089
2021-07-07 01:00:00,1068.719350,0.159076,0.120275,0.000086
2021-07-07 02:00:00,1097.089695,0.212608,0.218906,0.000078
2021-07-07 03:00:00,1141.263855,0.133724,0.249720,0.009367
2021-07-07 04:00:00,1253.472312,0.161124,0.156365,0.054027
2021-07-07 05:00:00,1445.269473,0.136494,0.102919,0.118042
2021-07-07 06:00:00,1555.777076,0.113239,0.074571,0.170941
2021-07-07 07:00:00,1620.185595,0.095563,0.064360,0.238200
2021-07-07 08:00:00,1666.417492,0.111094,0.070882,0.375878
2021-07-07 09:00:00,1677.726464,0.136757,0.063779,0.567132
2021-07-07 10:00:00,1681.493693,0.146960,0.080913,0.761320
2021-07-07 11:00:00,1694.021489,0.147822,0.084024,0.876710
2021-07-07 12:00:00,1673.116722,0.128388,0.085376,0.917816
2021-07-07 13:00:00,1637.240867,0.127987,0.100961,0.868303
2021-07-07 14:00:00,1623.170765,0.110106,0.098126,0.756045
2021-07-07 15:00:00,1671.530788,0.108936,0.073558,0.596784
2021-07-07 16:00:00,1645.308757,0.118686,0.051408,0.349810
2021-07-07 17:00:00,1541.819691,0.112190,0.078685,0.153026
2021-07-07 18:00:00,1445.856636,0.138034,0.083676,0.045310
2021-07-07 19:00:00,1330.684962,0.119678,0.161045,0.007730
2021-07-07 20:00:00,1289.475062,0.131070,0.312717,0.000190
2021-07-07 21:00:00,1237.264454,0.103251,0.315111,0.000175
2021-07-07 22:00:00,1164.773840,0.121614,0.280819,0.000153
2021-07-07 23:00:00,1090.663542,0.092999,0.292640,0.000113
2021-07-08 00:00:00,1054.304654,0.123894,0.243172,0.000090
2021-07-08 01:00:00,1046.590088,0.112227,0.185061,0.000088
2021-07-08 02:00:00,1043.832694,0.082925,0.157626,0.000340
2021-07-08 03:00:00,1087.863785,0.071450,0.153139,0.019185
2021-07-08 04:00:00,1241.433479,0.061737,0.143075,0.078742
2021-07-08 05:00:00,1426.212600,0.040703,0.106625,0.194809
2021-07-08 06:00:00,1563.083057,0.024788,0.065559,0.305177
2021-07-08 07:00:00,1638.704690,0.016669,0.069591,0.444633
2021-07-08 08:00:00,1691.837548,0.025873,0.029176,0.529186
2021-07-08 09:00:00,1693.437505,0.030841,0.022001,0.621667
2021-07-08 10:00:00,1693.331156,0.047996,0.029141,0.638059
2021-07-08 11:00:00,1699.743988,0.060009,0.074518,0.722782
2021-07-08 12:00:00,1664.278819,0.072658,0.071357,0.630413
2021-07-08 13:00:00,1627.096570,0.068560,0.135184,0.483228
2021-07-08 14:00:00,1608.730612,0.074985,0.155357,0.447426
2021-07-08 15:00:00,1655.239764,0.098175,0.147130,0.387191
2021-07-08 16:00:00,1620.897846,0.105461,0.120845,0.279193
2021-07-08 17:00:00,1534.753112,0.084009,0.094429,0.149499
2021-07-08 18:00:00,1441.692228,0.051067,0.085137,0.047200
2021-07-08 19:00:00,1362.591478,0.057874,0.041865,0.006150
2021-07-08 20:00:00,1315.497163,0.069942,0.026307,0.000202
2021-07-08 21:00:00,1225.991391,0.045284,0.017531,0.000155
2021-07-08 22:00:00,1138.321931,0.036334,0.022197,0.000157
2021-07-08 23:00:00,1075.962779,0.051528,0.022084,0.000127
2021-07-09 00:00:00,1046.243385,0.068303,0.031204,0.000117
2021-07-09 01:00:00,1039.137764,0.065625,0.025538,0.000113
2021-07-09 02:00:00,1031.561404,0.021994,0.031751,0.000245
2021-07-09 03:00:00,1076.999535,0.010234,0.036134,0.021639
2021-07-09 04:00:00,1228.161232,0.015259,0.036253,0.070165
2021-07-09 05:00:00,1417.801760,0.018450,0.032727,0.200649
2021-07-09 06:00:00,1552.229339,0.006598,0.043501,0.379715
2021-07-09 07:00:00,1624.911682,0.021520,0.078178,0.509127
2021-07-09 08:00:00,1660.657970,0.045317,0.102709,0.587727
2021-07-09 09:00:00,1670.995681,0.064779,0.110773,0.640570
2021-07-09 10:00:00,1655.520456,0.043237,0.055744,0.571787
2021-07-09 11:00:00,1636.739252,0.062775,0.070734,0.408520
2021-07-09 12:00:00,1609.529324,0.081298,0.099950,0.444350
2021-07-09 13:00:00,1567.919805,0.088766,0.137105,0.342474
2021-07-09 14:00:00,1561.249759,0.080111,0.147892,0.195655
2021-07-09 15:00:00,1603.939606,0.125945,0.238220,0.171336
2021-07-09 16:00:00,1588.975181,0.132953,0.374062,0.117591
2021-07-09 17:00:00,1500.558395,0.139680,0.408399,0.043814
2021-07-09 18:00:00,1409.742364,0.131796,0.518411,0.015207
2021-07-09 19:00:00,1341.140940,0.186124,0.681821,0.000512
2021-07-09 20:00:00,1299.196507,0.231321,0.843697,0.000185
2021-07-09 21:00:00,1215.799697,0.311284,0.821869,0.000151
2021-07-09 22:00:00,1146.066862,0.330617,0.762502,0.000106
2021-07-09 23:00:00,1082.664712,0.258949,0.660390,0.000091
2021-07-10 00:00:00,1037.619440,0.230131,0.639501,0.000081
2021-07-10 01:00:00,1031.951430,0.250928,0.672264,0.000072
2021-07-10 02:00:00,1036.062260,0.332967,0.794216,0.000072
2021-07-10 03:00:00,1027.791442,0.405669,0.756771,0.001171
2021-07-10 04:00:00,1069.742213,0.381419,0.835638,0.015686
2021-07-10 05:00:00,1165.496997,0.366615,0.784234,0.042432
2021-07-10 06:00:00,1293.224898,0.347408,0.835452,0.079193
2021-07-10 07:00:00,1397.709176,0.345178,0.831713,0.154719
2021-07-10 08:00:00,1465.957532,0.383838,0.817211,0.222768
2021-07-10 09:00:00,1501.377385,0.454431,0.877214,0.266385
2021-07-10 10:00:00,1503.563476,0.543364,0.861850,0.249993
2021-07-10 11:00:00,1496.507357,0.538356,0.876157,0.240626
2021-07-10 12:00:00,1471.553565,0.514546,0.859764,0.247341
2021-07-10 13:00:00,1441.189054,0.490708,0.777322,0.301820
2021-07-10 14:00:00,1437.266095,0.424610,0.711187,0.394809
2021-07-10 15:00:00,1498.714654,0.391887,0.567158,0.510312
2021-07-10 16:00:00,1485.748595,0.320597,0.398804,0.328622
2021-07-10 17:00:00,1407.773453,0.219295,0.287264,0.160361
2021-07-10 18:00:00,1328.541021,0.162991,0.230257,0.063874
2021-07-10 19:00:00,1264.612448,0.103301,0.159364,0.010693
2021-07-10 20:00:00,1236.426234,0.076489,0.110205,0.000169
2021-07-10 21:00:00,1166.633309,0.058582,0.080235,0.000127
2021-07-10 22:00:00,1096.014374,0.041194,0.051351,0.000106
2021-07-10 23:00:00,1040.648709,0.019993,0.034146,0.000115
2021-07-11 00:00:00,1001.961795,0.009375,0.028617,0.000103
2021-07-11 01:00:00,987.815970,0.008389,0.005438,0.000096
2021-07-11 02:00:00,965.467498,0.006845,0.000468,0.000375
2021-07-11 03:00:00,958.601419,0.006072,0.000244,0.020200
2021-07-11 04:00:00,999.318545,0.002627,0.000053,0.076428
2021-07-11 05:00:00,1099.051053,0.000270,0.003668,0.206066
2021-07-11 06:00:00,1228.832517,0.000384,0.004969,0.385865
2021-07-11 07:00:00,1324.893169,0.000871,0.009349,0.544082
2021-07-11 08:00:00,1390.991089,0.004644,0.018429,0.732148
2021-07-11 09:00:00,1401.402178,0.011295,0.033294,0.819044
2021-07-11 10:00:00,1395.291073,0.023288,0.060623,0.852194
2021-07-11 11:00:00,1393.220397,0.034077,0.097342,0.855353
2021-07-11 12:00:00,1380.798956,0.043040,0.109044,0.848723
2021-07-11 13:00:00,1371.642237,0.057127,0.130755,0.799323
2021-07-11 14:00:00,1377.207397,0.070613,0.158733,0.682974
2021-07-11 15:00:00,1443.985274,0.068761,0.178829,0.509973
2021-07-11 16:00:00,1464.646218,0.067405,0.227561,0.330456
2021-07-11 17:00:00,1410.473510,0.054664,0.240670,0.184201
2021-07-11 18:00:00,1355.062341,0.063147,0.220685,0.068839
2021-07-11 19:00:00,1282.599024,0.090405,0.196945,0.013683
2021-07-11 20:00:00,1246.340725,0.114469,0.183758,0.000260
2021-07-11 21:00:00,1183.945353,0.145316,0.185374,0.000180
2021-07-11 22:00:00,1106.213681,0.141940,0.179717,0.000151
2021-07-11 23:00:00,1036.999779,0.147307,0.180902,0.000122
2021-07-12 00:00:00,1011.074321,0.150146,0.169701,0.000122
2021-07-12 01:00:00,1004.573198,0.151285,0.233765,0.000100
2021-07-12 02:00:00,1001.885906,0.175447,0.285506,0.000217
2021-07-12 03:00:00,1046.638364,0.196425,0.294668,0.014755
2021-07-12 04:00:00,1199.615819,0.184607,0.302183,0.064410
2021-07-12 05:00:00,1374.296833,0.156221,0.368851,0.190351
2021-07-12 06:00:00,1523.103116,0.162864,0.379950,0.413740
2021-07-12 07:00:00,1613.213127,0.201649,0.387604,0.629708
2021-07-12 08:00:00,1663.515767,0.273746,0.431081,0.804486
2021-07-12 09:00:00,1666.588654,0.319961,0.426269,0.922556
2021-07-12 10:00:00,1651.422158,0.394735,0.501968,0.968853
2021-07-12 11:00:00,1657.822603,0.435858,0.511454,0.961123
2021-07-12 12:00:00,1636.913919,0.403195,0.594161,0.924080
2021-07-12 13:00:00,1607.944393,0.394377,0.643196,0.769220
2021-07-12 14:00:00,1607.203959,0.435943,0.791145,0.654733
2021-07-12 15:00:00,1646.521531,0.406129,0.787658,0.484666
2021-07-12 16:00:00,1627.379670,0.363333,0.860008,0.291917
2021-07-12 17:00:00,1550.774646,0.359931,0.880319,0.127663
2021-07-12 18:00:00,1459.953200,0.315890,0.837566,0.043645
2021-07-12 19:00:00,1378.118226,0.286882,0.857219,0.007081
2021-07-12 20:00:00,1321.236276,0.243317,0.727486,0.000201
2021-07-12 21:00:00,1219.433367,0.233929,0.644400,0.000155
2021-07-12 22:00:00,1139.426729,0.203350,0.662415,0.000136
2021-07-12 23:00:00,1082.380725,0.172204,0.494826,0.000125
2021-07-13 00:00:00,1058.199122,0.160437,0.421981,0.000113
2021-07-13 01:00:00,1046.035596,0.145437,0.325319,0.000101
2021-07-13 02:00:00,1045.966560,0.180598,0.291090,0.000149
2021-07-13 03:00:00,1079.395635,0.147164,0.303033,0.018733
2021-07-13 04:00:00,1233.088914,0.101562,0.233725,0.067118
2021-07-13 05:00:00,1413.760314,0.090515,0.200396,0.171985
2021-07-13 06:00:00,1534.998953,0.075587,0.144718,0.327578
2021-07-13 07:00:00,1624.295710,0.067887,0.164554,0.536380
2021-07-13 08:00:00,1671.171149,0.066928,0.135056,0.667936
2021-07-13 09:00:00,1688.497528,0.073052,0.136679,0.700212
2021-07-13 10:00:00,1689.671927,0.087523,0.131437,0.665002
2021-07-13 11:00:00,1690.992659,0.114147,0.186890,0.755424
2021-07-13 12:00:00,1678.563241,0.094902,0.251466,0.751728
2021-07-13 13:00:00,1637.941711,0.102976,0.291409,0.705516
2021-07-13 14:00:00,1618.383544,0.114568,0.334958,0.634222
2021-07-13 15:00:00,1654.611047,0.122831,0.315194,0.471350
2021-07-13 16:00:00,1633.691850,0.121102,0.276228,0.308365
2021-07-13 17:00:00,1547.043374,0.090624,0.240522,0.141430
2021-07-13 18:00:00,1457.275612,0.065582,0.191933,0.049062
2021-07-13 19:00:00,1383.486634,0.079459,0.152743,0.006912
2021-07-13 20:00:00,1339.628315,0.095096,0.158370,0.000222
2021-07-13 21:00:00,1241.791452,0.084877,0.145958,0.000165
2021-07-13 22:00:00,1151.378056,0.082227,0.157382,0.000141
2021-07-13 23:00:00,1092.461050,0.086585,0.173937,0.000112
2021-07-14 00:00:00,1060.300854,0.080381,0.196944,0.000103
2021-07-14 01:00:00,1047.288567,0.098085,0.214387,0.000091
2021-07-14 02:00:00,1042.348209,0.109210,0.238554,0.000263
2021-07-14 03:00:00,1087.270716,0.103190,0.288957,0.021949
2021-07-14 04:00:00,1227.491970,0.090691,0.339717,0.079898
2021-07-14 05:00:00,1423.104515,0.064184,0.346416,0.172803
2021-07-14 06:00:00,1577.851188,0.043864,0.318090,0.292115
2021-07-14 07:00:00,1666.522805,0.043969,0.261978,0.447595
2021-07-14 08:00:00,1700.190727,0.061748,0.224170,0.617407
2021-07-14 09:00:00,1717.933115,0.084843,0.269621,0.803273
2021-07-14 10:00:00,1730.304021,0.102052,0.349394,0.721964
2021-07-14 11:00:00,1728.683765,0.088333,0.343802,0.605755
2021-07-14 12:00:00,1691.882671,0.102289,0.316593,0.474143
2021-07-14 13:00:00,1663.950542,0.092045,0.339498,0.359430
2021-07-14 14:00:00,1660.937171,0.055953,0.365935,0.403583
2021-07-14 15:00:00,1676.972808,0.075312,0.205963,0.413881
2021-07-14 16:00:00,1641.463683,0.057621,0.143477,0.306983
2021-07-14 17:00:00,1563.086638,0.023058,0.072666,0.150741
2021-07-14 18:00:00,1471.958640,0.019403,0.066109,0.072845
2021-07-14 19:00:00,1402.316341,0.051867,0.105513,0.011962
2021-07-14 20:00:00,1368.751108,0.087112,0.096329,0.000207
2021-07-14 21:00:00,1280.000733,0.061884,0.073810,0.000171
2021-07-14 22:00:00,1192.788257,0.035454,0.077333,0.000142
2021-07-14 23:00:00,1125.824054,0.014749,0.041473,0.000113
2021-07-15 00:00:00,1092.896547,0.020235,0.032447,0.000116
2021-07-15 01:00:00,1089.521403,0.015238,0.015367,0.000101
2021-07-15 02:00:00,1080.481954,0.011063,0.009425,0.000130
2021-07-15 03:00:00,1119.616557,0.012341,0.029406,0.013091
2021-07-15 04:00:00,1269.925426,0.006052,0.033315,0.067146
2021-07-15 05:00:00,1460.421681,0.001649,0.013391,0.147327
2021-07-15 06:00:00,1596.659763,0.002599,0.003043,0.297249
2021-07-15 07:00:00,1677.635195,0.006548,0.000026,0.468077
2021-07-15 08:00:00,1744.803595,0.012815,0.000023,0.595824
2021-07-15 09:00:00,1756.844840,0.021410,0.000057,0.722330
2021-07-15 10:00:00,1750.606647,0.039725,0.006006,0.782028
2021-07-15 11:00:00,1746.528900,0.056093,0.007915,0.809931
2021-07-15 12:00:00,1723.993760,0.055146,0.002282,0.835153
2021-07-15 13:00:00,1692.160672,0.060167,0.015070,0.762223
2021-07-15 14:00:00,1664.518080,0.064061,0.041990,0.626830
2021-07-15 15:00:00,1680.412197,0.075289,0.041452,0.477924
2021-07-15 16:00:00,1655.159264,0.090464,0.011721,0.282099
2021-07-15 17:00:00,1573.716893,0.081646,0.011781,0.154154
2021-07-15 18:00:00,1491.352410,0.076729,0.006955,0.061617
2021-07-15 19:00:00,1428.081221,0.065622,0.000841,0.010072
2021-07-15 20:00:00,1388.561798,0.065257,0.000368,0.000209
2021-07-15 21:00:00,1284.515180,0.065238,0.001334,0.000168
2021-07-15 22:00:00,1199.475050,0.076718,0.001772,0.000138
2021-07-15 23:00:00,1135.187127,0.101111,0.004656,0.000115
2021-07-16 00:00:00,1099.443094,0.119024,0.012015,0.000101
2021-07-16 01:00:00,1093.385675,0.104377,0.050861,0.000101
2021-07-16 02:00:00,1085.980117,0.094917,0.110708,0.000165
2021-07-16 03:00:00,1132.116466,0.082747,0.132831,0.013768
2021-07-16 04:00:00,1271.852170,0.065490,0.110424,0.067344
2021-07-16 05:00:00,1448.837763,0.033706,0.115591,0.174467
2021-07-16 06:00:00,1594.359375,0.015683,0.119841,0.338101
2021-07-16 07:00:00,1683.113512,0.008810,0.102509,0.537424
2021-07-16 08:00:00,1730.879794,0.010055,0.107318,0.704133
2021-07-16 09:00:00,1749.511806,0.018216,0.087587,0.833460
2021-07-16 10:00:00,1738.106515,0.027348,0.085942,0.894061
2021-07-16 11:00:00,1729.619865,0.046360,0.125989,0.896064
2021-07-16 12:00:00,1695.680715,0.058634,0.138219,0.896798
2021-07-16 13:00:00,1656.958797,0.057922,0.103663,0.823473
2021-07-16 14:00:00,1635.335935,0.071816,0.083623,0.715108
2021-07-16 15:00:00,1645.090275,0.075439,0.105356,0.545549
2021-07-16 16:00:00,1612.947207,0.097796,0.073038,0.347806
2021-07-16 17:00:00,1547.074707,0.093373,0.037745,0.166653
2021-07-16 18:00:00,1453.415752,0.102265,0.061854,0.054789
2021-07-16 19:00:00,1377.055952,0.101979,0.094715,0.007505
2021-07-16 20:00:00,1354.455366,0.158440,0.096652,0.000216
2021-07-16 21:00:00,1276.598764,0.178602,0.125077,0.000171
2021-07-16 22:00:00,1183.512756,0.166846,0.113770,0.000132
2021-07-16 23:00:00,1124.767673,0.164653,0.086682,0.000115
2021-07-17 00:00:00,1082.760330,0.126540,0.115980,0.000108
2021-07-17 01:00:00,1070.506331,0.129666,0.105249,0.000097
2021-07-17 02:00:00,1045.688112,0.124345,0.052393,0.000147
2021-07-17 03:00:00,1024.715053,0.103195,0.040435,0.014896
2021-07-17 04:00:00,1085.132603,0.076362,0.040397,0.066808
2021-07-17 05:00:00,1186.460947,0.038782,0.040254,0.200028
2021-07-17 06:00:00,1301.376439,0.024113,0.062106,0.411765
2021-07-17 07:00:00,1395.909720,0.029249,0.048040,0.627677
2021-07-17 08:00:00,1456.468260,0.058687,0.048124,0.809987
2021-07-17 09:00:00,1476.569770,0.083509,0.050213,0.920468
2021-07-17 10:00:00,1473.382571,0.093907,0.050362,0.948145
2021-07-17 11:00:00,1457.580753,0.105485,0.072154,0.950289
2021-07-17 12:00:00,1433.314229,0.148056,0.093800,0.943377
2021-07-17 13:00:00,1420.800314,0.203293,0.118197,0.878911
2021-07-17 14:00:00,1427.111871,0.210541,0.164400,0.760925
2021-07-17 15:00:00,1453.375748,0.216045,0.338720,0.577063
2021-07-17 16:00:00,1465.448729,0.239009,0.477327,0.361574
2021-07-17 17:00:00,1410.290745,0.224300,0.410068,0.172521
2021-07-17 18:00:00,1348.326609,0.215333,0.395089,0.052589
2021-07-17 19:00:00,1294.631947,0.250611,0.359346,0.006150
2021-07-17 20:00:00,1275.845325,0.258916,0.532906,0.000240
2021-07-17 21:00:00,1202.797030,0.262064,0.617163,0.000214
2021-07-17 22:00:00,1136.478735,0.252958,0.605297,0.000148
2021-07-17 23:00:00,1086.021343,0.275918,0.657467,0.000139
2021-07-18 00:00:00,1042.822046,0.312935,0.790720,0.000124
2021-07-18 01:00:00,1027.862529,0.359733,0.840848,0.000126
2021-07-18 02:00:00,1011.884747,0.366734,0.881377,0.000180
2021-07-18 03:00:00,991.174339,0.343286,0.901883,0.010693
2021-07-18 04:00:00,1035.492826,0.316210,0.819427,0.061871
2021-07-18 05:00:00,1119.894761,0.428246,0.675248,0.169671
2021-07-18 06:00:00,1232.484207,0.494781,0.680643,0.292002
2021-07-18 07:00:00,1329.199374,0.536309,0.659892,0.412216
2021-07-18 08:00:00,1399.833292,0.544101,0.703401,0.585216
2021-07-18 09:00:00,1424.222326,0.579451,0.683268,0.670334
2021-07-18 10:00:00,1446.545109,0.602833,0.724499,0.837382
2021-07-18 11:00:00,1450.640374,0.426078,0.645477,0.900042
2021-07-18 12:00:00,1429.293125,0.478273,0.174515,0.900099
2021-07-18 13:00:00,1433.354406,0.411057,0.228399,0.862660
2021-07-18 14:00:00,1469.216015,0.501318,0.606779,0.742107
2021-07-18 15:00:00,1519.495750,0.649140,0.777423,0.533559
2021-07-18 16:00:00,1493.587438,0.472573,0.866231,0.326675
2021-07-18 17:00:00,1431.733798,0.546591,0.827227,0.138327
2021-07-18 18:00:00,1359.937128,0.446524,0.809240,0.036874
2021-07-18 19:00:00,1301.653283,0.383973,0.721868,0.002220
2021-07-18 20:00:00,1245.332258,0.362400,0.653473,0.000213
2021-07-18 21:00:00,1153.947428,0.335550,0.580303,0.000165
2021-07-18 22:00:00,1074.881927,0.298451,0.536839,0.000131
2021-07-18 23:00:00,1028.333785,0.270048,0.528801,0.000120
2021-07-19 00:00:00,997.089742,0.287866,0.535071,0.000113
2021-07-19 01:00:00,1001.495936,0.301305,0.555277,0.000104
2021-07-19 02:00:00,1003.937931,0.293515,0.545600,0.000110
2021-07-19 03:00:00,1034.666829,0.264767,0.475900,0.013514
2021-07-19 04:00:00,1159.550484,0.163724,0.442879,0.070052
2021-07-19 05:00:00,1320.679353,0.210596,0.457042,0.186627
2021-07-19 06:00:00,1465.510227,0.239690,0.380466,0.386514
2021-07-19 07:00:00,1553.282332,0.161232,0.329828,0.596107
2021-07-19 08:00:00,1600.526818,0.108402,0.268562,0.759402
2021-07-19 09:00:00,1607.911801,0.085203,0.264002,0.859754
2021-07-19 10:00:00,1604.566202,0.084173,0.235558,0.896657
2021-07-19 11:00:00,1604.707883,0.084271,0.212281,0.910114
2021-07-19 12:00:00,1578.288289,0.071169,0.172052,0.890817
2021-07-19 13:00:00,1547.394693,0.071031,0.128045,0.795599
2021-07-19 14:00:00,1530.467784,0.087372,0.118888,0.622373
2021-07-19 15:00:00,1577.351825,0.087551,0.130228,0.461701
2021-07-19 16:00:00,1559.126143,0.070196,0.104995,0.314092
2021-07-19 17:00:00,1472.806295,0.051662,0.109878,0.165496
2021-07-19 18:00:00,1384.403249,0.050235,0.139188,0.052250
2021-07-19 19:00:00,1325.486941,0.064104,0.142945,0.006771
2021-07-19 20:00:00,1279.448599,0.116105,0.114824,0.000186
2021-07-19 21:00:00,1188.316952,0.185116,0.150941,0.000159
2021-07-19 22:00:00,1098.977263,0.195323,0.113680,0.000128
2021-07-19 23:00:00,1043.225193,0.181000,0.129710,0.000121
2021-07-20 00:00:00,1016.400814,0.182757,0.147796,0.000107
2021-07-20 01:00:00,1007.615159,0.178337,0.198676,0.000099
2021-07-20 02:00:00,1002.406899,0.158904,0.291902,0.000101
2021-07-20 03:00:00,1019.129925,0.178662,0.268532,0.013119
2021-07-20 04:00:00,1148.502589,0.202518,0.240663,0.066441
2021-07-20 05:00:00,1310.373077,0.231674,0.281166,0.195232
2021-07-20 06:00:00,1440.373473,0.273168,0.257413,0.391085
2021-07-20 07:00:00,1520.285970,0.234767,0.226128,0.579348
2021-07-20 08:00:00,1563.934464,0.203522,0.160611,0.687036
2021-07-20 09:00:00,1557.204170,0.194160,0.217521,0.724531
2021-07-20 10:00:00,1556.268137,0.195852,0.269251,0.681591
2021-07-20 11:00:00,1563.123640,0.238377,0.383316,0.619721
2021-07-20 12:00:00,1545.941350,0.285787,0.380291,0.548850
2021-07-20 13:00:00,1514.000973,0.375412,0.344814,0.474651
2021-07-20 14:00:00,1501.827767,0.387409,0.419929,0.376273
2021-07-20 15:00:00,1558.302382,0.343689,0.596285,0.255466
2021-07-20 16:00:00,1553.028942,0.319059,0.617453,0.158161
2021-07-20 17:00:00,1471.477386,0.310991,0.574264,0.091466
2021-07-20 18:00:00,1385.273863,0.290815,0.523740,0.033771
2021-07-20 19:00:00,1315.920379,0.235016,0.437699,0.001941
2021-07-20 20:00:00,1258.837562,0.249016,0.490539,0.000186
2021-07-20 21:00:00,1167.794928,0.253322,0.610173,0.000135
2021-07-20 22:00:00,1088.665618,0.201000,0.623779,0.000110
2021-07-20 23:00:00,1032.670750,0.176908,0.392099,0.000094
2021-07-21 00:00:00,1000.304951,0.163839,0.300664,0.000089
2021-07-21 01:00:00,996.755243,0.227340,0.304419,0.000088
2021-07-21 02:00:00,1002.125603,0.204687,0.403069,0.000082
2021-07-21 03:00:00,1038.979199,0.146027,0.408868,0.003555
2021-07-21 04:00:00,1153.404715,0.130099,0.287868,0.033912
2021-07-21 05:00:00,1310.501288,0.093611,0.191171,0.102102
2021-07-21 06:00:00,1431.004941,0.097846,0.122461,0.187220
2021-07-21 07:00:00,1500.832222,0.081003,0.083732,0.298011
2021-07-21 08:00:00,1552.688370,0.069716,0.073938,0.395486
2021-07-21 09:00:00,1561.431133,0.065470,0.075909,0.402285
2021-07-21 10:00:00,1555.160812,0.059069,0.088677,0.376471
2021-07-21 11:00:00,1562.494406,0.053579,0.061632,0.405530
2021-07-21 12:00:00,1537.173586,0.062729,0.058903,0.399351
2021-07-21 13:00:00,1503.332494,0.062314,0.070224,0.411793
2021-07-21 14:00:00,1491.972204,0.036520,0.100137,0.396389
2021-07-21 15:00:00,1537.826071,0.031245,0.095924,0.365185
2021-07-21 16:00:00,1526.930029,0.031303,0.050108,0.247172
2021-07-21 17:00:00,1449.396079,0.024354,0.052754,0.126703
2021-07-21 18:00:00,1365.541176,0.016075,0.084830,0.041247
2021-07-21 19:00:00,1311.806400,0.019477,0.099092,0.002028
2021-07-21 20:00:00,1259.176261,0.020686,0.104864,0.000178
2021-07-21 21:00:00,1170.022008,0.029770,0.069912,0.000155
2021-07-21 22:00:00,1090.283506,0.043271,0.045424,0.000125
2021-07-21 23:00:00,1026.126186,0.033697,0.042258,0.000102
2021-07-22 00:00:00,1003.440157,0.021638,0.037202,0.000096
2021-07-22 01:00:00,994.986117,0.020367,0.027643,0.000094
2021-07-22 02:00:00,1003.253553,0.022783,0.018498,0.000087
2021-07-22 03:00:00,1038.391984,0.019020,0.021286,0.008831
2021-07-22 04:00:00,1163.104785,0.020537,0.036584,0.056651
2021-07-22 05:00:00,1310.007650,0.022285,0.039865,0.153788
2021-07-22 06:00:00,1438.741783,0.031213,0.069327,0.319283
2021-07-22 07:00:00,1520.443928,0.032046,0.102200,0.533869
2021-07-22 08:00:00,1572.147633,0.035974,0.085633,0.660065
2021-07-22 09:00:00,1577.799056,0.061752,0.043152,0.665566
2021-07-22 10:00:00,1577.322222,0.072391,0.029850,0.703654
2021-07-22 11:00:00,1576.185653,0.090062,0.048034,0.718014
2021-07-22 12:00:00,1540.752789,0.092268,0.100873,0.644971
2021-07-22 13:00:00,1511.985263,0.099256,0.135992,0.636507
2021-07-22 14:00:00,1506.372549,0.107873,0.143289,0.602285
2021-07-22 15:00:00,1545.651938,0.117408,0.114143,0.474284
2021-07-22 16:00:00,1534.463423,0.105432,0.095854,0.293892
2021-07-22 17:00:00,1453.501809,0.082177,0.118724,0.140245
2021-07-22 18:00:00,1373.785356,0.058029,0.133516,0.048977
2021-07-22 19:00:00,1316.262942,0.057859,0.113511,0.002524
2021-07-22 20:00:00,1279.607068,0.078117,0.110031,0.000202
2021-07-22 21:00:00,1182.723897,0.101279,0.111583,0.000161
2021-07-22 22:00:00,1107.235513,0.114937,0.110758,0.000133
2021-07-22 23:00:00,1053.138836,0.107760,0.086679,0.000122
2021-07-23 00:00:00,1037.918584,0.074438,0.070375,0.000108
2021-07-23 01:00:00,1022.928525,0.046678,0.046197,0.000092
2021-07-23 02:00:00,1028.666495,0.034080,0.049761,0.000117
2021-07-23 03:00:00,1056.313604,0.032578,0.053046,0.005840
2021-07-23 04:00:00,1176.200974,0.024736,0.041404,0.043476
2021-07-23 05:00:00,1321.192642,0.008458,0.043556,0.120920
2021-07-23 06:00:00,1440.633651,0.005013,0.033162,0.227084
2021-07-23 07:00:00,1520.349130,0.004402,0.027566,0.327916
2021-07-23 08:00:00,1576.010978,0.002911,0.016580,0.471576
2021-07-23 09:00:00,1587.870135,0.005778,0.002985,0.649175
2021-07-23 10:00:00,1574.307320,0.007901,0.006123,0.699422
2021-07-23 11:00:00,1567.744731,0.010748,0.008478,0.707885
2021-07-23 12:00:00,1534.659404,0.012266,0.012940,0.713556
2021-07-23 13:00:00,1509.856140,0.016312,0.013290,0.746847
2021-07-23 14:00:00,1505.520880,0.021679,0.010327,0.689660
2021-07-23 15:00:00,1544.148209,0.021308,0.007913,0.548540
2021-07-23 16:00:00,1538.686773,0.013461,0.005261,0.351756
2021-07-23 17:00:00,1447.588603,0.011555,0.003361,0.162703
2021-07-23 18:00:00,1358.317770,0.014317,0.006800,0.050783
2021-07-23 19:00:00,1306.185645,0.013333,0.012238,0.004824
2021-07-23 20:00:00,1274.352160,0.018095,0.017903,0.000203
2021-07-23 21:00:00,1187.763711,0.016621,0.019458,0.000156
2021-07-23 22:00:00,1111.404340,0.011987,0.008581,0.000129
2021-07-23 23:00:00,1056.981802,0.012228,0.008425,0.000141
2021-07-24 00:00:00,1027.629442,0.012474,0.006508,0.000124
2021-07-24 01:00:00,1010.333316,0.016464,0.000657,0.000123
2021-07-24 02:00:00,996.688346,0.016439,0.000179,0.000112
2021-07-24 03:00:00,984.266039,0.009775,0.000205,0.009395
2021-07-24 04:00:00,1029.003300,0.014979,0.001454,0.066441
2021-07-24 05:00:00,1123.210035,0.009675,0.012028,0.175314
2021-07-24 06:00:00,1245.650847,0.005884,0.034452,0.359825
2021-07-24 07:00:00,1347.100060,0.014885,0.067642,0.534349
2021-07-24 08:00:00,1407.617344,0.039554,0.085296,0.722895
2021-07-24 09:00:00,1423.948428,0.079404,0.158305,0.843955
2021-07-24 10:00:00,1409.936585,0.136267,0.251536,0.888729
2021-07-24 11:00:00,1406.482575,0.216838,0.328179,0.896572
2021-07-24 12:00:00,1407.565295,0.269750,0.382151,0.922415
2021-07-24 13:00:00,1390.136772,0.335672,0.497332,0.841444
2021-07-24 14:00:00,1403.466289,0.298996,0.645664,0.697108
2021-07-24 15:00:00,1458.787973,0.318356,0.702435,0.531274
2021-07-24 16:00:00,1476.335065,0.481895,0.747688,0.343349
2021-07-24 17:00:00,1410.705349,0.481599,0.761023,0.152800
2021-07-24 18:00:00,1343.214393,0.445243,0.763018,0.047228
2021-07-24 19:00:00,1298.021634,0.424453,0.830330,0.002339
2021-07-24 20:00:00,1273.504448,0.414833,0.863634,0.000228
2021-07-24 21:00:00,1184.609646,0.291978,0.861709,0.000193
2021-07-24 22:00:00,1136.852574,0.288442,0.887357,0.000161
2021-07-24 23:00:00,1072.540877,0.366167,0.890915,0.000140
2021-07-25 00:00:00,1035.714324,0.256879,0.885431,0.000113
2021-07-25 01:00:00,1017.890839,0.369594,0.837030,0.000103
2021-07-25 02:00:00,999.639345,0.257934,0.758455,0.000096
2021-07-25 03:00:00,985.050388,0.245381,0.710060,0.007617
2021-07-25 04:00:00,1023.324083,0.252778,0.683419,0.046664
2021-07-25 05:00:00,1110.462728,0.342217,0.732344,0.100917
2021-07-25 06:00:00,1212.874183,0.288055,0.701423,0.175596
2021-07-25 07:00:00,1307.021314,0.263772,0.622639,0.190492
2021-07-25 08:00:00,1371.662573,0.235976,0.554780,0.223388
2021-07-25 09:00:00,1401.201443,0.236694,0.537646,0.298321
2021-07-25 10:00:00,1405.407135,0.276577,0.496087,0.403865
2021-07-25 11:00:00,1400.386335,0.337505,0.587083,0.416928
2021-07-25 12:00:00,1410.795135,0.364159,0.717391,0.442009
2021-07-25 13:00:00,1418.763127,0.382388,0.842249,0.462943
2021-07-25 14:00:00,1443.737211,0.484657,0.889728,0.468642
2021-07-25 15:00:00,1502.243247,0.526216,0.926810,0.355114
2021-07-25 16:00:00,1506.100264,0.468646,0.941234,0.225533
2021-07-25 17:00:00,1444.634135,0.462316,0.927274,0.113951
2021-07-25 18:00:00,1371.410257,0.426031,0.861488,0.036282
2021-07-25 19:00:00,1314.329460,0.350099,0.806441,0.001220
2021-07-25 20:00:00,1271.298850,0.241887,0.765811,0.000198
2021-07-25 21:00:00,1171.506680,0.162577,0.619035,0.000162
2021-07-25 22:00:00,1092.324969,0.170118,0.414090,0.000132
2021-07-25 23:00:00,1046.912380,0.165012,0.236182,0.000114
2021-07-26 00:00:00,1024.315665,0.135892,0.159788,0.000100
2021-07-26 01:00:00,1014.079985,0.124912,0.101181,0.000084
2021-07-26 02:00:00,1025.108162,0.111709,0.083488,0.000074
2021-07-26 03:00:00,1066.479342,0.100882,0.138667,0.004119
2021-07-26 04:00:00,1201.164605,0.099020,0.171614,0.037495
2021-07-26 05:00:00,1375.303559,0.077826,0.151968,0.117619
2021-07-26 06:00:00,1505.302249,0.045876,0.135546,0.202991
2021-07-26 07:00:00,1581.356866,0.035774,0.141512,0.275751
2021-07-26 08:00:00,1637.577780,0.040186,0.117609,0.413147
2021-07-26 09:00:00,1662.790054,0.053072,0.113050,0.525716
2021-07-26 10:00:00,1662.707547,0.084636,0.122943,0.591226
2021-07-26 11:00:00,1652.472983,0.116371,0.115535,0.491099
2021-07-26 12:00:00,1632.794001,0.131098,0.095239,0.361885
2021-07-26 13:00:00,1595.160590,0.061994,0.067856,0.356355
2021-07-26 14:00:00,1584.995309,0.048924,0.047115,0.456764
2021-07-26 15:00:00,1640.266142,0.046544,0.075593,0.355480
2021-07-26 16:00:00,1624.722215,0.038446,0.152082,0.204655
2021-07-26 17:00:00,1531.098247,0.034075,0.134414,0.148879
2021-07-26 18:00:00,1428.405947,0.022397,0.159290,0.042770
2021-07-26 19:00:00,1380.035502,0.019322,0.096576,0.001352
2021-07-26 20:00:00,1321.062482,0.021019,0.030549,0.000163
2021-07-26 21:00:00,1219.801776,0.024700,0.016703,0.000134
2021-07-26 22:00:00,1140.214338,0.039166,0.021535,0.000116
2021-07-26 23:00:00,1082.683710,0.013927,0.011425,0.000100
2021-07-27 00:00:00,1060.486208,0.005275,0.000639,0.000087
2021-07-27 01:00:00,1044.864721,0.008066,0.000375,0.000087
2021-07-27 02:00:00,1053.620403,0.007289,0.000072,0.000072
2021-07-27 03:00:00,1076.651267,0.002597,0.002289,0.007251
2021-07-27 04:00:00,1192.286035,0.001317,0.001693,0.053915
2021-07-27 05:00:00,1363.231479,0.001502,0.006102,0.131584
2021-07-27 06:00:00,1508.140371,0.004034,0.028936,0.226887
2021-07-27 07:00:00,1604.729384,0.011089,0.047532,0.410495
2021-07-27 08:00:00,1662.938753,0.026578,0.053703,0.598561
2021-07-27 09:00:00,1670.423300,0.054697,0.068638,0.743941
2021-07-27 10:00:00,1628.798865,0.095928,0.089942,0.752969
2021-07-27 11:00:00,1645.362608,0.132860,0.150904,0.792382
2021-07-27 12:00:00,1628.657183,0.153156,0.247083,0.738976
2021-07-27 13:00:00,1571.066459,0.190294,0.298279,0.720666
2021-07-27 14:00:00,1546.625011,0.274895,0.352411,0.587502
2021-07-27 15:00:00,1591.370533,0.268959,0.425919,0.436620
2021-07-27 16:00:00,1566.431977,0.197061,0.292975,0.283171
2021-07-27 17:00:00,1473.693496,0.107295,0.211456,0.135111
2021-07-27 18:00:00,1380.016374,0.064965,0.139987,0.040570
2021-07-27 19:00:00,1329.326881,0.024569,0.061833,0.001493
2021-07-27 20:00:00,1274.080225,0.020592,0.030597,0.000213
2021-07-27 21:00:00,1167.401762,0.025963,0.020582,0.000166
2021-07-27 22:00:00,1089.271878,0.019482,0.011027,0.000135
2021-07-27 23:00:00,1038.639262,0.101622,0.054566,0.000109
2021-07-28 00:00:00,1015.582864,0.081996,0.013920,0.000091
2021-07-28 01:00:00,1002.410359,0.087659,0.045035,0.000090
2021-07-28 02:00:00,1007.590152,0.059235,0.087082,0.000080
2021-07-28 03:00:00,1048.318772,0.086212,0.109582,0.001429
2021-07-28 04:00:00,1170.910263,0.084232,0.047297,0.027141
2021-07-28 05:00:00,1316.002565,0.092392,0.071040,0.106193
2021-07-28 06:00:00,1448.951347,0.102479,0.084620,0.233855
2021-07-28 07:00:00,1528.506504,0.152406,0.113158,0.360276
2021-07-28 08:00:00,1578.490450,0.199766,0.169079,0.514431
2021-07-28 09:00:00,1603.483105,0.291550,0.253431,0.689632
2021-07-28 10:00:00,1593.469788,0.369713,0.282461,0.684582
2021-07-28 11:00:00,1586.097514,0.359602,0.348264,0.684948
2021-07-28 12:00:00,1569.174585,0.309955,0.259038,0.731641
2021-07-28 13:00:00,1536.217651,0.266194,0.239529,0.716885
2021-07-28 14:00:00,1528.416355,0.235859,0.199654,0.701707
2021-07-28 15:00:00,1568.217655,0.195936,0.163759,0.499506
2021-07-28 16:00:00,1548.431008,0.185353,0.159237,0.292256
2021-07-28 17:00:00,1459.379978,0.236510,0.139242,0.102243
2021-07-28 18:00:00,1379.736506,0.261612,0.143853,0.018366
2021-07-28 19:00:00,1335.113906,0.248897,0.235068,0.000626
2021-07-28 20:00:00,1271.062578,0.132506,0.183311,0.000216
2021-07-28 21:00:00,1184.712793,0.218739,0.260134,0.000170
2021-07-28 22:00:00,1108.584767,0.191471,0.271561,0.000139
2021-07-28 23:00:00,1042.501636,0.360204,0.413958,0.000127
2021-07-29 00:00:00,1030.981834,0.286267,0.587814,0.000110
2021-07-29 01:00:00,1018.474602,0.376434,0.723974,0.000097
2021-07-29 02:00:00,1031.012533,0.308623,0.815907,0.000089
2021-07-29 03:00:00,1055.847441,0.242468,0.836259,0.006545
2021-07-29 04:00:00,1182.958917,0.351943,0.786499,0.053350
2021-07-29 05:00:00,1356.698078,0.502745,0.888878,0.172210
2021-07-29 06:00:00,1482.635542,0.784977,0.944445,0.303964
2021-07-29 07:00:00,1567.078744,0.756495,0.964703,0.404288
2021-07-29 08:00:00,1630.509856,0.692270,0.965662,0.481337
2021-07-29 09:00:00,1613.076414,0.479659,0.805314,0.647256
2021-07-29 10:00:00,1601.353548,0.632503,0.798801,0.713867
2021-07-29 11:00:00,1595.274272,0.723919,0.267567,0.602680
2021-07-29 12:00:00,1550.720410,0.664133,0.255771,0.445112
2021-07-29 13:00:00,1522.141921,0.756393,0.271243,0.524333
2021-07-29 14:00:00,1521.706098,0.717226,0.785760,0.518776
2021-07-29 15:00:00,1582.543270,0.622194,0.927163,0.355537
2021-07-29 16:00:00,1577.191180,0.612778,0.967639,0.212837
2021-07-29 17:00:00,1487.710183,0.676860,0.960496,0.116377
2021-07-29 18:00:00,1391.770850,0.569948,0.959187,0.038708
2021-07-29 19:00:00,1345.247302,0.632724,0.953196,0.000639
2021-07-29 20:00:00,1285.389493,0.562850,0.951705,0.000224
2021-07-29 21:00:00,1185.111816,0.578735,0.874574,0.000192
2021-07-29 22:00:00,1101.035832,0.436649,0.859456,0.000171
2021-07-29 23:00:00,1059.489876,0.428622,0.866680,0.000160
2021-07-30 00:00:00,1034.539456,0.477519,0.871969,0.000145
2021-07-30 01:00:00,1023.469867,0.470591,0.873442,0.000135
2021-07-30 02:00:00,1026.027168,0.494113,0.868939,0.000121
2021-07-30 03:00:00,1060.818627,0.479598,0.865232,0.002219
2021-07-30 04:00:00,1173.369181,0.440698,0.859020,0.032050
2021-07-30 05:00:00,1330.037156,0.483499,0.863690,0.104161
2021-07-30 06:00:00,1477.508308,0.634405,0.862235,0.205925
2021-07-30 07:00:00,1554.612430,0.513679,0.861296,0.294908
2021-07-30 08:00:00,1602.139422,0.630511,0.855249,0.384398
2021-07-30 09:00:00,1622.863537,0.602461,0.905353,0.555875
2021-07-30 10:00:00,1619.925736,0.733123,0.903810,0.620454
2021-07-30 11:00:00,1588.406257,0.608241,0.859276,0.595091
2021-07-30 12:00:00,1570.763486,0.660551,0.888491,0.673409
2021-07-30 13:00:00,1539.761723,0.817298,0.843176,0.767894
2021-07-30 14:00:00,1533.997365,0.787718,0.807704,0.672704
2021-07-30 15:00:00,1569.786435,0.726420,0.724260,0.516744
2021-07-30 16:00:00,1547.916760,0.666719,0.708003,0.296008
2021-07-30 17:00:00,1450.599490,0.536416,0.651123,0.123572
2021-07-30 18:00:00,1352.163465,0.295913,0.543759,0.028721
2021-07-30 19:00:00,1290.776809,0.151491,0.348397,0.000699
2021-07-30 20:00:00,1242.061485,0.083567,0.206750,0.000199
2021-07-30 21:00:00,1154.087597,0.038927,0.095130,0.000174
2021-07-30 22:00:00,1081.271926,0.022897,0.034981,0.000152
2021-07-30 23:00:00,1028.130864,0.040570,0.053387,0.000131
2021-07-31 00:00:00,989.261985,0.075132,0.061693,0.000120
2021-07-31 01:00:00,963.764390,0.110029,0.199403,0.000100
2021-07-31 02:00:00,980.365547,0.196414,0.189363,0.000088
2021-07-31 03:00:00,983.048578,0.293641,0.302791,0.002475
2021-07-31 04:00:00,1019.182954,0.351716,0.456834,0.036733
2021-07-31 05:00:00,1113.719231,0.389568,0.634030,0.117732
2021-07-31 06:00:00,1272.852558,0.450668,0.755565,0.305628
2021-07-31 07:00:00,1374.932323,0.481276,0.801766,0.442093
2021-07-31 08:00:00,1439.463655,0.515413,0.817808,0.509070
2021-07-31 09:00:00,1441.969096,0.537399,0.886574,0.477613
2021-07-31 10:00:00,1445.985947,0.596690,0.915112,0.489575
2021-07-31 11:00:00,1436.047671,0.608639,0.927554,0.523600
2021-07-31 12:00:00,1416.525933,0.572793,0.912189,0.453237
2021-07-31 13:00:00,1415.685894,0.535599,0.907934,0.353929
2021-07-31 14:00:00,1419.613193,0.474855,0.753447,0.251178
2021-07-31 15:00:00,1486.111705,0.483484,0.866248,0.225448
2021-07-31 16:00:00,1503.427854,0.469133,0.906982,0.246692
2021-07-31 17:00:00,1421.276620,0.535758,0.896867,0.108139
2021-07-31 18:00:00,1334.278977,0.555325,0.891147,0.031993
2021-07-31 19:00:00,1299.369019,0.544922,0.877643,0.000714
2021-07-31 20:00:00,1240.327144,0.383504,0.794874,0.000213
2021-07-31 21:00:00,1147.190648,0.377898,0.716880,0.000182
2021-07-31 22:00:00,1074.407086,0.363021,0.729410,0.000163
2021-07-31 23:00:00,1025.503029,0.331522,0.591129,0.000151
2021-08-01 00:00:00,988.134069,0.266164,0.566203,0.000116
2021-08-01 01:00:00,964.346715,0.288163,0.416075,0.000104
2021-08-01 02:00:00,958.670449,0.304801,0.383313,0.000091
2021-08-01 03:00:00,940.743925,0.279688,0.395626,0.003752
2021-08-01 04:00:00,978.796037,0.259963,0.441495,0.049683
2021-08-01 05:00:00,1073.516140,0.262767,0.388498,0.154944
2021-08-01 06:00:00,1187.344881,0.324663,0.373217,0.317675
2021-08-01 07:00:00,1292.767953,0.336669,0.302232,0.482494
2021-08-01 08:00:00,1351.209017,0.355429,0.291281,0.594498
2021-08-01 09:00:00,1373.742835,0.376876,0.272846,0.676090
2021-08-01 10:00:00,1374.942409,0.363372,0.234849,0.703879
2021-08-01 11:00:00,1369.091648,0.341597,0.242963,0.677105
2021-08-01 12:00:00,1350.846755,0.327657,0.281806,0.604091
2021-08-01 13:00:00,1351.850005,0.342642,0.372530,0.605389
2021-08-01 14:00:00,1367.640420,0.355766,0.397096,0.472704
2021-08-01 15:00:00,1447.877356,0.328303,0.322692,0.314826
2021-08-01 16:00:00,1462.741166,0.299413,0.214769,0.239639
2021-08-01 17:00:00,1387.884792,0.310832,0.257787,0.133362
2021-08-01 18:00:00,1314.357590,0.296549,0.351416,0.038510
2021-08-01 19:00:00,1273.172283,0.283480,0.365354,0.001300
2021-08-01 20:00:00,1211.980222,0.286010,0.463400,0.000210
2021-08-01 21:00:00,1111.016117,0.294790,0.567856,0.000173
2021-08-01 22:00:00,1034.170635,0.310604,0.699715,0.000139
2021-08-01 23:00:00,985.700899,0.326377,0.642009,0.000125
2021-08-02 00:00:00,968.609447,0.327668,0.654848,0.000116
2021-08-02 01:00:00,970.047788,0.363547,0.612907,0.000107
2021-08-02 02:00:00,998.877696,0.350373,0.602148,0.000102
2021-08-02 03:00:00,1039.571423,0.285941,0.568583,0.002451
2021-08-02 04:00:00,1182.437220,0.391946,0.663688,0.041473
2021-08-02 05:00:00,1356.503346,0.306508,0.705194,0.118578
2021-08-02 06:00:00,1493.540962,0.545081,0.781869,0.228833
2021-08-02 07:00:00,1594.428183,0.422965,0.823197,0.418649
2021-08-02 08:00:00,1673.153779,0.364941,0.879387,0.573395
2021-08-02 09:00:00,1679.768980,0.450387,0.886294,0.651799
2021-08-02 10:00:00,1634.908348,0.551028,0.854892,0.731415
2021-08-02 11:00:00,1625.069368,0.455288,0.807265,0.703654
2021-08-02 12:00:00,1589.637746,0.459725,0.743975,0.723995
2021-08-02 13:00:00,1563.768666,0.375989,0.589762,0.663084
2021-08-02 14:00:00,1564.313613,0.348400,0.539350,0.590803
2021-08-02 15:00:00,1602.507623,0.382950,0.419384,0.429567
2021-08-02 16:00:00,1578.274363,0.368246,0.333190,0.263817
2021-08-02 17:00:00,1489.621009,0.325525,0.288671,0.119368
2021-08-02 18:00:00,1382.817147,0.257351,0.224334,0.029341
2021-08-02 19:00:00,1334.076536,0.215794,0.255113,0.000478
2021-08-02 20:00:00,1264.234442,0.157347,0.255905,0.000187
2021-08-02 21:00:00,1149.866697,0.160510,0.310013,0.000151
2021-08-02 22:00:00,1063.371990,0.148392,0.319683,0.000122
2021-08-02 23:00:00,1014.633694,0.165169,0.271992,0.000111
2021-08-03 00:00:00,991.245537,0.136412,0.235953,0.000094
2021-08-03 01:00:00,981.023044,0.117110,0.185337,0.000091
2021-08-03 02:00:00,992.739744,0.089423,0.177185,0.000082
2021-08-03 03:00:00,1036.629848,0.092311,0.158885,0.001415
2021-08-03 04:00:00,1170.777065,0.078015,0.159281,0.028128
2021-08-03 05:00:00,1342.009566,0.088701,0.141563,0.081760
2021-08-03 06:00:00,1473.735979,0.105430,0.181858,0.181041
2021-08-03 07:00:00,1555.586871,0.096391,0.131424,0.307095
2021-08-03 08:00:00,1601.795444,0.092438,0.146257,0.369079
2021-08-03 09:00:00,1601.847461,0.106783,0.094242,0.447962
2021-08-03 10:00:00,1602.255557,0.097546,0.084599,0.398364
2021-08-03 11:00:00,1597.965204,0.092258,0.060998,0.460206
2021-08-03 12:00:00,1560.384036,0.072212,0.050528,0.463253
2021-08-03 13:00:00,1529.963810,0.065115,0.056084,0.537650
2021-08-03 14:00:00,1514.713502,0.056991,0.056835,0.523741
2021-08-03 15:00:00,1580.333207,0.044955,0.061716,0.406404
2021-08-03 16:00:00,1562.461922,0.036551,0.041642,0.297419
2021-08-03 17:00:00,1472.965837,0.024042,0.023325,0.137904
2021-08-03 18:00:00,1380.802295,0.017264,0.008552,0.029087
2021-08-03 19:00:00,1336.993087,0.016967,0.020835,0.000665
2021-08-03 20:00:00,1271.722913,0.018756,0.029975,0.000172
2021-08-03 21:00:00,1157.269198,0.015727,0.033350,0.000144
2021-08-03 22:00:00,1071.019771,0.024086,0.023501,0.000116
2021-08-03 23:00:00,1019.318286,0.025337,0.021134,0.000119
2021-08-04 00:00:00,994.280953,0.024309,0.030435,0.000124
2021-08-04 01:00:00,991.438939,0.020416,0.020792,0.000113
2021-08-04 02:00:00,1003.359683,0.020671,0.011046,0.000103
2021-08-04 03:00:00,1041.477828,0.024487,0.019164,0.002446
2021-08-04 04:00:00,1177.017740,0.027881,0.018886,0.041529
2021-08-04 05:00:00,1360.297317,0.015863,0.004727,0.154549
2021-08-04 06:00:00,1494.750035,0.006599,0.000938,0.358330
2021-08-04 07:00:00,1569.188319,0.004977,0.001923,0.559712
2021-08-04 08:00:00,1613.865316,0.008694,0.001162,0.673833
2021-08-04 09:00:00,1617.643988,0.011407,0.000277,0.751531
2021-08-04 10:00:00,1619.531125,0.015136,0.000461,0.861504
2021-08-04 11:00:00,1614.919911,0.015662,0.000372,0.859980
2021-08-04 12:00:00,1592.958101,0.016043,0.000141,0.838821
2021-08-04 13:00:00,1552.770464,0.015575,0.000229,0.804514
2021-08-04 14:00:00,1539.054887,0.015949,0.000227,0.706898
2021-08-04 15:00:00,1592.080610,0.014090,0.001824,0.546734
2021-08-04 16:00:00,1571.030011,0.010214,0.004311,0.326337
2021-08-04 17:00:00,1480.431505,0.007187,0.005931,0.126252
2021-08-04 18:00:00,1396.988152,0.004733,0.003502,0.028918
2021-08-04 19:00:00,1356.968916,0.004862,0.004115,0.000601
2021-08-04 20:00:00,1283.923944,0.009021,0.005951,0.000206
2021-08-04 21:00:00,1170.762048,0.010024,0.005916,0.000172
2021-08-04 22:00:00,1083.171872,0.007748,0.015427,0.000130
2021-08-04 23:00:00,1026.602882,0.007373,0.046765,0.000128
2021-08-05 00:00:00,1002.327147,0.007719,0.044075,0.000108
2021-08-05 01:00:00,993.620548,0.011209,0.034661,0.000102
2021-08-05 02:00:00,1005.513501,0.025406,0.051107,0.000096
2021-08-05 03:00:00,1044.723809,0.068719,0.077483,0.002360
2021-08-05 04:00:00,1183.275563,0.068861,0.065647,0.041388
2021-08-05 05:00:00,1366.505780,0.052826,0.040687,0.164339
2021-08-05 06:00:00,1500.237245,0.033656,0.030647,0.330597
2021-08-05 07:00:00,1584.892743,0.037446,0.035272,0.572831
2021-08-05 08:00:00,1627.175807,0.041687,0.049143,0.765411
2021-08-05 09:00:00,1629.424431,0.048717,0.060838,0.866102
2021-08-05 10:00:00,1621.247626,0.078154,0.085904,0.844548
2021-08-05 11:00:00,1617.909790,0.100734,0.117475,0.856538
2021-08-05 12:00:00,1595.575176,0.123257,0.200154,0.850839
2021-08-05 13:00:00,1574.477606,0.140887,0.222810,0.792241
2021-08-05 14:00:00,1558.636124,0.155863,0.236675,0.656454
2021-08-05 15:00:00,1612.363401,0.182145,0.290279,0.557060
2021-08-05 16:00:00,1584.169079,0.201332,0.362245,0.338073
2021-08-05 17:00:00,1489.560544,0.214525,0.459318,0.131020
2021-08-05 18:00:00,1403.555430,0.199134,0.505374,0.027310
2021-08-05 19:00:00,1369.569501,0.210291,0.479629,0.000533
2021-08-05 20:00:00,1287.709671,0.195671,0.431536,0.000197
2021-08-05 21:00:00,1171.476387,0.194972,0.406157,0.000164
2021-08-05 22:00:00,1091.763822,0.184531,0.369005,0.000134
2021-08-05 23:00:00,1041.235355,0.170301,0.319387,0.000116
2021-08-06 00:00:00,1009.597635,0.179583,0.338822,0.000100
2021-08-06 01:00:00,998.887699,0.182169,0.380010,0.000098
2021-08-06 02:00:00,1011.481416,0.189650,0.333157,0.000091
2021-08-06 03:00:00,1057.341963,0.116220,0.280917,0.000988
2021-08-06 04:00:00,1194.730114,0.146317,0.284859,0.028297
2021-08-06 05:00:00,1373.884736,0.087454,0.251316,0.116885
2021-08-06 06:00:00,1489.417689,0.141995,0.184047,0.247567
2021-08-06 07:00:00,1575.570456,0.172790,0.165565,0.448018
2021-08-06 08:00:00,1624.798662,0.200844,0.184496,0.643448
2021-08-06 09:00:00,1639.219979,0.259917,0.165194,0.807110
2021-08-06 10:00:00,1640.453608,0.274962,0.217852,0.850585
2021-08-06 11:00:00,1626.899958,0.429758,0.295241,0.816758
2021-08-06 12:00:00,1593.920851,0.448233,0.396737,0.767245
2021-08-06 13:00:00,1577.552194,0.421227,0.570474,0.737452
2021-08-06 14:00:00,1582.971807,0.414130,0.832493,0.628918
2021-08-06 15:00:00,1634.604323,0.694132,0.890656,0.486105
2021-08-06 16:00:00,1608.442104,0.759749,0.945854,0.302553
2021-08-06 17:00:00,1510.608371,0.739044,0.932171,0.094569
2021-08-06 18:00:00,1418.277802,0.647777,0.886027,0.014586
2021-08-06 19:00:00,1357.341913,0.470263,0.683707,0.000247
2021-08-06 20:00:00,1282.119234,0.351288,0.629854,0.000202
2021-08-06 21:00:00,1182.303582,0.301230,0.640335,0.000162
2021-08-06 22:00:00,1112.101460,0.302138,0.462092,0.000132
2021-08-06 23:00:00,1055.138673,0.312192,0.310944,0.000117
2021-08-07 00:00:00,1014.511500,0.228832,0.247925,0.000102
2021-08-07 01:00:00,989.560760,0.156708,0.212255,0.000097
2021-08-07 02:00:00,991.749202,0.112695,0.163835,0.000087
2021-08-07 03:00:00,978.625014,0.071931,0.131870,0.001099
2021-08-07 04:00:00,1011.398459,0.040203,0.144522,0.030272
2021-08-07 05:00:00,1115.831635,0.027934,0.122086,0.105403
2021-08-07 06:00:00,1252.369237,0.025719,0.104323,0.230159
2021-08-07 07:00:00,1381.210484,0.027315,0.055173,0.413852
2021-08-07 08:00:00,1451.573536,0.031013,0.034828,0.518070
2021-08-07 09:00:00,1473.632732,0.054213,0.038319,0.630893
2021-08-07 10:00:00,1463.651258,0.089342,0.055706,0.652588
2021-08-07 11:00:00,1466.115147,0.130297,0.065503,0.677077
2021-08-07 12:00:00,1460.180744,0.155878,0.030852,0.729440
2021-08-07 13:00:00,1424.646563,0.122744,0.018806,0.703146
2021-08-07 14:00:00,1439.004080,0.059234,0.016437,0.619213
2021-08-07 15:00:00,1505.640739,0.028746,0.022726,0.428128
2021-08-07 16:00:00,1496.381869,0.122817,0.059754,0.191113
2021-08-07 17:00:00,1411.938108,0.038096,0.117652,0.056679
2021-08-07 18:00:00,1343.346240,0.065491,0.058341,0.008295
2021-08-07 19:00:00,1314.249391,0.102322,0.205270,0.000208
2021-08-07 20:00:00,1244.536348,0.082410,0.087602,0.000170
2021-08-07 21:00:00,1161.638363,0.132239,0.147116,0.000134
2021-08-07 22:00:00,1092.730086,0.104580,0.108303,0.000123
2021-08-07 23:00:00,1049.455378,0.081852,0.171137,0.000101
2021-08-08 00:00:00,1011.469612,0.082351,0.170574,0.000093
2021-08-08 01:00:00,998.105154,0.123313,0.193505,0.000087
2021-08-08 02:00:00,991.704940,0.166912,0.204535,0.000081
2021-08-08 03:00:00,977.676859,0.109584,0.212139,0.001804
2021-08-08 04:00:00,1015.133024,0.069259,0.248004,0.030865
2021-08-08 05:00:00,1108.409314,0.090420,0.247888,0.111694
2021-08-08 06:00:00,1235.815123,0.196655,0.278749,0.283933
2021-08-08 07:00:00,1357.226342,0.267237,0.521932,0.446184
2021-08-08 08:00:00,1435.212556,0.333010,0.700610,0.450868
2021-08-08 09:00:00,1472.643681,0.360479,0.805772,0.458908
2021-08-08 10:00:00,1477.406370,0.427304,0.734702,0.593257
2021-08-08 11:00:00,1481.364880,0.406100,0.861147,0.634166
2021-08-08 12:00:00,1479.016236,0.429281,0.927680,0.529609
2021-08-08 13:00:00,1472.127379,0.538729,0.885335,0.480745
2021-08-08 14:00:00,1490.293788,0.504536,0.830947,0.312851
2021-08-08 15:00:00,1575.202752,0.445730,0.758983,0.231034
2021-08-08 16:00:00,1569.512474,0.310555,0.612939,0.155057
2021-08-08 17:00:00,1486.022402,0.376388,0.544534,0.081168
2021-08-08 18:00:00,1391.979189,0.293285,0.375969,0.020144
2021-08-08 19:00:00,1341.956202,0.179311,0.201899,0.000317
2021-08-08 20:00:00,1245.557359,0.136932,0.236882,0.000172
2021-08-08 21:00:00,1156.707180,0.138843,0.272991,0.000131
2021-08-08 22:00:00,1114.217140,0.174711,0.250023,0.000092
2021-08-08 23:00:00,1078.317781,0.264247,0.243849,0.000089
2021-08-09 00:00:00,1076.549900,0.314559,0.368011,0.000080
2021-08-09 01:00:00,1051.904882,0.277439,0.397448,0.000083
2021-08-09 02:00:00,1102.646440,0.266527,0.546759,0.000075
2021-08-09 03:00:00,1126.006084,0.300228,0.559538,0.001200
2021-08-09 04:00:00,1298.953520,0.206638,0.530915,0.035407
2021-08-09 05:00:00,1471.782270,0.195305,0.620490,0.123120
2021-08-09 06:00:00,1577.121570,0.367560,0.581666,0.215856
2021-08-09 07:00:00,1634.843775,0.393351,0.551083,0.261588
2021-08-09 08:00:00,1671.819155,0.371657,0.517020,0.325688
2021-08-09 09:00:00,1693.466457,0.373519,0.693010,0.441162
2021-08-09 10:00:00,1726.644676,0.418793,0.800748,0.478657
2021-08-09 11:00:00,1727.231494,0.413217,0.727011,0.501650
2021-08-09 12:00:00,1705.728676,0.373251,0.734170,0.516067
2021-08-09 13:00:00,1658.062511,0.299020,0.626403,0.440429
2021-08-09 14:00:00,1661.298977,0.285980,0.523266,0.344506
2021-08-09 15:00:00,1724.435391,0.214182,0.488135,0.243899
2021-08-09 16:00:00,1681.957482,0.081301,0.308132,0.180308
2021-08-09 17:00:00,1568.938340,0.021475,0.194066,0.096967
2021-08-09 18:00:00,1470.987375,0.020308,0.308918,0.017548
2021-08-09 19:00:00,1422.257671,0.042866,0.152420,0.000217
2021-08-09 20:00:00,1315.857608,0.104342,0.074220,0.000162
2021-08-09 21:00:00,1192.185219,0.109340,0.117960,0.000127
2021-08-09 22:00:00,1106.330202,0.059784,0.083346,0.000112
2021-08-09 23:00:00,1055.465269,0.070958,0.192089,0.000109
2021-08-10 00:00:00,1039.816672,0.133866,0.192423,0.000091
2021-08-10 01:00:00,1033.012710,0.142391,0.126466,0.000082
2021-08-10 02:00:00,1050.841930,0.171880,0.111889,0.000083
2021-08-10 03:00:00,1121.516957,0.223605,0.181425,0.000703
2021-08-10 04:00:00,1259.732346,0.175881,0.153801,0.027987
2021-08-10 05:00:00,1452.944953,0.128577,0.103377,0.129525
2021-08-10 06:00:00,1564.444454,0.144628,0.083644,0.250642
2021-08-10 07:00:00,1629.959482,0.152651,0.146793,0.381069
2021-08-10 08:00:00,1654.809376,0.161904,0.150075,0.519566
2021-08-10 09:00:00,1672.340313,0.255666,0.273137,0.642319
2021-08-10 10:00:00,1692.666166,0.297755,0.373759,0.634645
2021-08-10 11:00:00,1695.754117,0.346428,0.354690,0.607871
2021-08-10 12:00:00,1663.245621,0.278159,0.298079,0.412273
2021-08-10 13:00:00,1635.424266,0.200627,0.220736,0.546170
2021-08-10 14:00:00,1644.020469,0.139730,0.179092,0.553816
2021-08-10 15:00:00,1702.190560,0.116637,0.244576,0.419946
2021-08-10 16:00:00,1657.494811,0.080700,0.127296,0.270024
2021-08-10 17:00:00,1551.933466,0.069246,0.071855,0.100494
2021-08-10 18:00:00,1455.779065,0.068192,0.075147,0.016928
2021-08-10 19:00:00,1408.488232,0.055363,0.103796,0.000241
2021-08-10 20:00:00,1299.768142,0.081023,0.121280,0.000183
2021-08-10 21:00:00,1173.749035,0.083226,0.089099,0.000149
2021-08-10 22:00:00,1091.138005,0.078535,0.164042,0.000121
2021-08-10 23:00:00,1041.592998,0.097332,0.240151,0.000112
2021-08-11 00:00:00,1012.585550,0.098869,0.192739,0.000095
2021-08-11 01:00:00,1007.290905,0.088306,0.174348,0.000096
2021-08-11 02:00:00,1030.134964,0.087064,0.227963,0.000087
2021-08-11 03:00:00,1085.964092,0.085935,0.199399,0.001346
2021-08-11 04:00:00,1252.744641,0.069958,0.173340,0.042291
2021-08-11 05:00:00,1459.553974,0.049343,0.147660,0.139738
2021-08-11 06:00:00,1574.686633,0.054926,0.148017,0.268049
2021-08-11 07:00:00,1627.656415,0.093653,0.145184,0.433912
2021-08-11 08:00:00,1666.209979,0.138167,0.147660,0.588320
2021-08-11 09:00:00,1672.101772,0.183413,0.118806,0.756186
2021-08-11 10:00:00,1667.691295,0.202364,0.087071,0.775398
2021-08-11 11:00:00,1669.653503,0.204480,0.119185,0.809310
2021-08-11 12:00:00,1661.190322,0.233466,0.250913,0.824178
2021-08-11 13:00:00,1636.847736,0.251979,0.249679,0.790972
2021-08-11 14:00:00,1633.943384,0.218505,0.217242,0.662435
2021-08-11 15:00:00,1693.882849,0.156341,0.184131,0.447426
2021-08-11 16:00:00,1655.043817,0.111905,0.248115,0.240401
2021-08-11 17:00:00,1559.205355,0.083171,0.221302,0.097785
2021-08-11 18:00:00,1469.766363,0.077667,0.170515,0.016956
2021-08-11 19:00:00,1422.985654,0.068758,0.178622,0.000249
2021-08-11 20:00:00,1317.003255,0.063152,0.141138,0.000195
2021-08-11 21:00:00,1191.654443,0.057122,0.089323,0.000145
2021-08-11 22:00:00,1110.253812,0.044995,0.072634,0.000127
2021-08-11 23:00:00,1056.127965,0.031725,0.088566,0.000126
2021-08-12 00:00:00,1029.328171,0.017191,0.091972,0.000117
2021-08-12 01:00:00,1025.989321,0.012709,0.041841,0.000103
2021-08-12 02:00:00,1040.645765,0.008209,0.032579,0.000097
2021-08-12 03:00:00,1099.682262,0.003645,0.022970,0.000987
2021-08-12 04:00:00,1267.872339,0.011284,0.009849,0.035040
2021-08-12 05:00:00,1469.333225,0.036876,0.004126,0.118183
2021-08-12 06:00:00,1587.431805,0.037153,0.020453,0.259416
2021-08-12 07:00:00,1652.646266,0.048012,0.028311,0.483510
2021-08-12 08:00:00,1691.034239,0.069007,0.041727,0.708365
2021-08-12 09:00:00,1703.273072,0.092985,0.048528,0.842770
2021-08-12 10:00:00,1718.298777,0.113252,0.036184,0.856708
2021-08-12 11:00:00,1723.847764,0.128657,0.039440,0.864776
2021-08-12 12:00:00,1707.828226,0.147332,0.023571,0.845817
2021-08-12 13:00:00,1666.291280,0.153041,0.023798,0.759458
2021-08-12 14:00:00,1661.835597,0.144627,0.028596,0.608915
2021-08-12 15:00:00,1718.453066,0.120561,0.069809,0.446777
2021-08-12 16:00:00,1675.580013,0.096136,0.141350,0.244774
2021-08-12 17:00:00,1572.814856,0.083542,0.190719,0.092989
2021-08-12 18:00:00,1486.182568,0.081655,0.250441,0.014840
2021-08-12 19:00:00,1444.703103,0.094558,0.271972,0.000229
2021-08-12 20:00:00,1328.980301,0.098189,0.264005,0.000197
2021-08-12 21:00:00,1209.934741,0.057200,0.352048,0.000142
2021-08-12 22:00:00,1126.535342,0.034172,0.364925,0.000129
2021-08-12 23:00:00,1067.426612,0.029455,0.327497,0.000113
2021-08-13 00:00:00,1038.623117,0.021105,0.344125,0.000102
2021-08-13 01:00:00,1028.728303,0.021842,0.422777,0.000096
2021-08-13 02:00:00,1050.353958,0.020605,0.439640,0.000098
2021-08-13 03:00:00,1110.010763,0.016232,0.269922,0.000371
2021-08-13 04:00:00,1276.130369,0.035903,0.138527,0.014135
2021-08-13 05:00:00,1480.167093,0.038784,0.089669,0.059162
2021-08-13 06:00:00,1606.939468,0.032950,0.036343,0.205191
2021-08-13 07:00:00,1678.623357,0.049977,0.041310,0.499055
2021-08-13 08:00:00,1718.056130,0.083738,0.031396,0.718832
2021-08-13 09:00:00,1733.036799,0.114792,0.010609,0.809451
2021-08-13 10:00:00,1729.728159,0.206634,0.028283,0.840739
2021-08-13 11:00:00,1719.271365,0.254984,0.102429,0.811426
2021-08-13 12:00:00,1686.043150,0.290243,0.256857,0.648582
2021-08-13 13:00:00,1661.716906,0.309772,0.233532,0.510058
2021-08-13 14:00:00,1650.106417,0.351396,0.179790,0.408605
2021-08-13 15:00:00,1691.666206,0.430444,0.241556,0.314149
2021-08-13 16:00:00,1662.821282,0.619666,0.363638,0.228749
2021-08-13 17:00:00,1571.102807,0.689028,0.518149,0.111722
2021-08-13 18:00:00,1473.723115,0.619531,0.789346,0.019382
2021-08-13 19:00:00,1438.773393,0.556059,0.902085,0.000216
2021-08-13 20:00:00,1373.430854,0.484145,0.925244,0.000264
2021-08-13 21:00:00,1254.021375,0.497393,0.863807,0.000148
2021-08-13 22:00:00,1169.057256,0.373456,0.831728,0.000136
2021-08-13 23:00:00,1091.914210,0.364441,0.752762,0.000115
2021-08-14 00:00:00,1039.190883,0.340058,0.653044,0.000106
2021-08-14 01:00:00,1017.817053,0.293327,0.548764,0.000096
2021-08-14 02:00:00,1003.171033,0.277646,0.396272,0.000088
2021-08-14 03:00:00,993.224414,0.278879,0.316357,0.000249
2021-08-14 04:00:00,1022.388155,0.266154,0.433784,0.019608
2021-08-14 05:00:00,1136.732428,0.364259,0.521791,0.062773
2021-08-14 06:00:00,1289.792157,0.453724,0.607087,0.119904
2021-08-14 07:00:00,1407.356342,0.562572,0.698781,0.204317
2021-08-14 08:00:00,1481.885127,0.612404,0.884361,0.339794
2021-08-14 09:00:00,1536.027349,0.653944,0.927787,0.368261
2021-08-14 10:00:00,1553.078566,0.646683,0.946434,0.433065
2021-08-14 11:00:00,1534.877551,0.644579,0.920591,0.410664
2021-08-14 12:00:00,1529.698677,0.660046,0.929399,0.381267
2021-08-14 13:00:00,1508.917358,0.696983,0.939120,0.447284
2021-08-14 14:00:00,1509.106243,0.694734,0.941537,0.372408
2021-08-14 15:00:00,1537.229481,0.464494,0.851755,0.306898
2021-08-14 16:00:00,1551.331529,0.504769,0.878875,0.189251
2021-08-14 17:00:00,1463.896542,0.644824,0.910065,0.085908
2021-08-14 18:00:00,1384.689714,0.651017,0.899982,0.013711
2021-08-14 19:00:00,1358.479328,0.640703,0.897084,0.000194
2021-08-14 20:00:00,1286.330691,0.591281,0.897508,0.000164
2021-08-14 21:00:00,1207.815334,0.508940,0.901201,0.000144
2021-08-14 22:00:00,1146.797609,0.456409,0.839313,0.000123
2021-08-14 23:00:00,1081.202131,0.427516,0.717055,0.000108
2021-08-15 00:00:00,1034.341986,0.459870,0.712473,0.000098
2021-08-15 01:00:00,1016.392350,0.495569,0.729307,0.000092
2021-08-15 02:00:00,1005.934747,0.459596,0.693159,0.000086
2021-08-15 03:00:00,1003.394631,0.458625,0.676729,0.000165
2021-08-15 04:00:00,1026.482720,0.489145,0.676954,0.015037
2021-08-15 05:00:00,1120.259424,0.481000,0.710412,0.101171
2021-08-15 06:00:00,1270.055591,0.525779,0.730209,0.286641
2021-08-15 07:00:00,1386.366515,0.584461,0.765483,0.485287
2021-08-15 08:00:00,1437.847146,0.584298,0.668766,0.561856
2021-08-15 09:00:00,1480.951735,0.516874,0.604794,0.743462
2021-08-15 10:00:00,1484.626827,0.463523,0.548005,0.787332
2021-08-15 11:00:00,1485.827040,0.449645,0.601301,0.766201
2021-08-15 12:00:00,1487.204934,0.392925,0.665258,0.662012
2021-08-15 13:00:00,1466.810019,0.343909,0.690019,0.593680
2021-08-15 14:00:00,1477.114202,0.328258,0.633099,0.440288
2021-08-15 15:00:00,1553.229486,0.251217,0.503221,0.258880
2021-08-15 16:00:00,1568.513104,0.136179,0.386985,0.112964
2021-08-15 17:00:00,1500.041640,0.053647,0.237357,0.057498
2021-08-15 18:00:00,1427.942826,0.057735,0.118574,0.006715
2021-08-15 19:00:00,1372.108656,0.145845,0.199810,0.000226
2021-08-15 20:00:00,1279.050472,0.195535,0.444389,0.000171
2021-08-15 21:00:00,1173.085709,0.359834,0.571726,0.000137
2021-08-15 22:00:00,1107.795977,0.399278,0.594758,0.000108
2021-08-15 23:00:00,1061.911932,0.419481,0.487184,0.000097
2021-08-16 00:00:00,1037.452519,0.503898,0.722473,0.000094
2021-08-16 01:00:00,1033.258506,0.494609,0.735673,0.000083
2021-08-16 02:00:00,1047.856929,0.274201,0.752075,0.000071
2021-08-16 03:00:00,1102.275052,0.140235,0.620947,0.000174
2021-08-16 04:00:00,1279.564959,0.077560,0.405958,0.014247
2021-08-16 05:00:00,1481.651977,0.052178,0.253940,0.057244
2021-08-16 06:00:00,1602.820833,0.033908,0.159118,0.107744
2021-08-16 07:00:00,1664.697166,0.020803,0.054096,0.195966
2021-08-16 08:00:00,1693.968682,0.013716,0.027087,0.260291
2021-08-16 09:00:00,1692.940635,0.016744,0.132834,0.327775
2021-08-16 10:00:00,1689.564814,0.036113,0.147518,0.289745
2021-08-16 11:00:00,1684.662279,0.109910,0.190024,0.291466
2021-08-16 12:00:00,1668.563412,0.191132,0.137718,0.256256
2021-08-16 13:00:00,1657.692537,0.277833,0.272912,0.303061
2021-08-16 14:00:00,1696.707418,0.347806,0.402098,0.421413
2021-08-16 15:00:00,1780.429059,0.478056,0.657640,0.373875
2021-08-16 16:00:00,1760.421964,0.542860,0.883336,0.241162
2021-08-16 17:00:00,1637.921040,0.536324,0.839548,0.095331
2021-08-16 18:00:00,1539.861980,0.506127,0.856315,0.008548
2021-08-16 19:00:00,1491.322413,0.453102,0.893836,0.000202
2021-08-16 20:00:00,1365.554384,0.431321,0.878498,0.000145
2021-08-16 21:00:00,1238.455204,0.441951,0.723533,0.000123
2021-08-16 22:00:00,1157.628570,0.349881,0.917115,0.000109
2021-08-16 23:00:00,1113.532516,0.390898,0.933544,0.000102
2021-08-17 00:00:00,1098.848463,0.401042,0.895706,0.000089
2021-08-17 01:00:00,1087.372049,0.382005,0.572362,0.000090
2021-08-17 02:00:00,1086.835301,0.338317,0.506522,0.000091
2021-08-17 03:00:00,1179.437518,0.300041,0.862607,0.000160
2021-08-17 04:00:00,1353.171758,0.455025,0.864711,0.007307
2021-08-17 05:00:00,1566.782997,0.581478,0.864982,0.039075
2021-08-17 06:00:00,1695.228073,0.687530,0.914039,0.130258
2021-08-17 07:00:00,1761.228593,0.761877,0.980309,0.283594
2021-08-17 08:00:00,1813.586151,0.771619,0.982896,0.403922
2021-08-17 09:00:00,1843.026445,0.782879,0.974643,0.499309
2021-08-17 10:00:00,1816.869551,0.843026,0.979986,0.640513
2021-08-17 11:00:00,1830.131645,0.863703,0.986901,0.695444
2021-08-17 12:00:00,1795.281309,0.855118,0.976302,0.565242
2021-08-17 13:00:00,1771.079064,0.820847,0.979439,0.452701
2021-08-17 14:00:00,1762.328370,0.822648,0.982399,0.337142
2021-08-17 15:00:00,1818.155107,0.780107,0.957930,0.292876
2021-08-17 16:00:00,1791.683108,0.767877,0.941509,0.181210
2021-08-17 17:00:00,1677.570786,0.790592,0.950553,0.080406
2021-08-17 18:00:00,1587.613811,0.833440,0.965075,0.009705
2021-08-17 19:00:00,1527.924102,0.825092,0.957843,0.000226
2021-08-17 20:00:00,1400.091726,0.850445,0.977945,0.000182
2021-08-17 21:00:00,1268.186497,0.556933,0.892377,0.000157
2021-08-17 22:00:00,1195.472431,0.498100,0.876630,0.000150
2021-08-17 23:00:00,1146.586656,0.539953,0.875363,0.000133
2021-08-18 00:00:00,1118.486956,0.764635,0.960912,0.000127
2021-08-18 01:00:00,1098.206719,0.803206,0.975628,0.000126
2021-08-18 02:00:00,1124.102430,0.700732,0.973022,0.000116
2021-08-18 03:00:00,1186.568321,0.580666,0.952091,0.000131
2021-08-18 04:00:00,1352.613766,0.463442,0.939093,0.015263
2021-08-18 05:00:00,1554.142624,0.651576,0.947058,0.083256
2021-08-18 06:00:00,1657.003474,0.640235,0.934659,0.222824
2021-08-18 07:00:00,1710.824480,0.640945,0.916180,0.372464
2021-08-18 08:00:00,1724.917666,0.617094,0.928691,0.397828
2021-08-18 09:00:00,1732.207356,0.648513,0.846085,0.304218
2021-08-18 10:00:00,1743.237047,0.704411,0.931547,0.423868
2021-08-18 11:00:00,1743.221112,0.763794,0.960421,0.400762
2021-08-18 12:00:00,1735.773061,0.796991,0.958997,0.271547
2021-08-18 13:00:00,1709.007741,0.785415,0.968188,0.202737
2021-08-18 14:00:00,1723.924650,0.784143,0.974249,0.146339
2021-08-18 15:00:00,1799.511160,0.816576,0.971417,0.074848
2021-08-18 16:00:00,1770.819702,0.816374,0.978048,0.046918
2021-08-18 17:00:00,1667.226445,0.808006,0.973018,0.014304
2021-08-18 18:00:00,1587.075375,0.818466,0.966506,0.000924
2021-08-18 19:00:00,1517.691258,0.803031,0.970452,0.000196
2021-08-18 20:00:00,1384.520382,0.547719,0.944407,0.000153
2021-08-18 21:00:00,1277.496656,0.517692,0.851156,0.000142
2021-08-18 22:00:00,1184.505563,0.486755,0.967662,0.000118
2021-08-18 23:00:00,1137.323634,0.609284,0.966125,0.000108
2021-08-19 00:00:00,1116.687212,0.624463,0.957710,0.000100
2021-08-19 01:00:00,1119.087934,0.662722,0.955899,0.000100
2021-08-19 02:00:00,1126.173669,0.518768,0.941297,0.000098
2021-08-19 03:00:00,1184.926355,0.502148,0.896372,0.000165
2021-08-19 04:00:00,1355.266067,0.391922,0.859732,0.022344
2021-08-19 05:00:00,1543.275223,0.557505,0.765736,0.101735
2021-08-19 06:00:00,1670.792736,0.568321,0.722413,0.244745
2021-08-19 07:00:00,1711.698139,0.549355,0.721729,0.434645
2021-08-19 08:00:00,1730.714889,0.621658,0.709419,0.594555
2021-08-19 09:00:00,1733.669846,0.607143,0.658993,0.714403
2021-08-19 10:00:00,1726.175258,0.600668,0.655878,0.617125
2021-08-19 11:00:00,1715.562532,0.571188,0.615303,0.532910
2021-08-19 12:00:00,1682.078013,0.553089,0.544735,0.512399
2021-08-19 13:00:00,1646.110680,0.505430,0.583844,0.420595
2021-08-19 14:00:00,1643.062873,0.442636,0.576611,0.341910
2021-08-19 15:00:00,1706.226103,0.378946,0.549012,0.222344
2021-08-19 16:00:00,1675.200656,0.325244,0.519912,0.141233
2021-08-19 17:00:00,1586.394635,0.251519,0.502848,0.050444
2021-08-19 18:00:00,1502.595040,0.250530,0.456666,0.002073
2021-08-19 19:00:00,1455.652055,0.278454,0.441654,0.000230
2021-08-19 20:00:00,1320.373837,0.261548,0.414824,0.000170
2021-08-19 21:00:00,1201.230453,0.247884,0.530408,0.000134
2021-08-19 22:00:00,1123.353502,0.203224,0.528258,0.000117
2021-08-19 23:00:00,1061.001071,0.182443,0.446280,0.000110
2021-08-20 00:00:00,1038.864395,0.169006,0.443334,0.000094
2021-08-20 01:00:00,1034.474064,0.162298,0.353240,0.000094
2021-08-20 02:00:00,1050.302211,0.150630,0.304401,0.000085
2021-08-20 03:00:00,1116.009323,0.120364,0.268851,0.000137
2021-08-20 04:00:00,1288.391826,0.086809,0.226166,0.020059
2021-08-20 05:00:00,1484.875387,0.056349,0.204345,0.106164
2021-08-20 06:00:00,1600.867939,0.069676,0.151511,0.270758
2021-08-20 07:00:00,1654.102548,0.090258,0.115064,0.399013
2021-08-20 08:00:00,1679.085527,0.106474,0.098699,0.449090
2021-08-20 09:00:00,1683.024200,0.116700,0.112028,0.519763
2021-08-20 10:00:00,1656.131723,0.116731,0.108264,0.525095
2021-08-20 11:00:00,1621.558404,0.111554,0.144438,0.459980
2021-08-20 12:00:00,1584.587038,0.098828,0.145224,0.453830
2021-08-20 13:00:00,1557.938868,0.097170,0.139332,0.408915
2021-08-20 14:00:00,1557.611619,0.092085,0.145658,0.386825
2021-08-20 15:00:00,1625.497040,0.094655,0.106787,0.314459
2021-08-20 16:00:00,1609.080788,0.082794,0.085820,0.201636
2021-08-20 17:00:00,1510.889802,0.083374,0.099213,0.069178
2021-08-20 18:00:00,1432.871084,0.083072,0.152678,0.006122
2021-08-20 19:00:00,1396.954980,0.078369,0.184534,0.000209
2021-08-20 20:00:00,1297.120277,0.093016,0.211774,0.000180
2021-08-20 21:00:00,1194.715309,0.100919,0.202436,0.000145
2021-08-20 22:00:00,1114.056695,0.106024,0.195295,0.000125
2021-08-20 23:00:00,1063.312744,0.083236,0.133174,0.000118
2021-08-21 00:00:00,1027.575858,0.097549,0.139021,0.000103
2021-08-21 01:00:00,1017.751423,0.084697,0.135617,0.000098
2021-08-21 02:00:00,1010.834192,0.061975,0.125496,0.000094
2021-08-21 03:00:00,1015.409074,0.038075,0.101709,0.000118
2021-08-21 04:00:00,1047.980874,0.025308,0.068889,0.015630
2021-08-21 05:00:00,1163.445834,0.020799,0.062571,0.097447
2021-08-21 06:00:00,1308.530568,0.016831,0.065226,0.254648
2021-08-21 07:00:00,1412.227850,0.027051,0.086276,0.440034
2021-08-21 08:00:00,1470.228967,0.034140,0.078417,0.561292
2021-08-21 09:00:00,1490.450685,0.036251,0.074642,0.676203
2021-08-21 10:00:00,1481.931204,0.043467,0.046099,0.739427
2021-08-21 11:00:00,1459.550179,0.049457,0.018189,0.758414
2021-08-21 12:00:00,1446.639391,0.045686,0.001169,0.758838
2021-08-21 13:00:00,1422.804944,0.035956,0.001013,0.716321
2021-08-21 14:00:00,1431.790702,0.028585,0.001951,0.653491
2021-08-21 15:00:00,1493.543126,0.019917,0.002418,0.477782
2021-08-21 16:00:00,1496.006439,0.010570,0.003923,0.246777
2021-08-21 17:00:00,1426.972501,0.008029,0.037792,0.067739
2021-08-21 18:00:00,1379.797287,0.008209,0.030654,0.005248
2021-08-21 19:00:00,1356.825749,0.010216,0.028066,0.000219
2021-08-21 20:00:00,1272.667613,0.012915,0.041877,0.000181
2021-08-21 21:00:00,1180.760366,0.032886,0.027574,0.000154
2021-08-21 22:00:00,1113.510409,0.043321,0.033507,0.000143
2021-08-21 23:00:00,1063.867298,0.048251,0.041484,0.000143
2021-08-22 00:00:00,1026.427469,0.058370,0.046890,0.000128
2021-08-22 01:00:00,1013.311317,0.062972,0.039153,0.000113
2021-08-22 02:00:00,1020.323127,0.061805,0.034810,0.000112
2021-08-22 03:00:00,1024.807357,0.070086,0.040152,0.000208
2021-08-22 04:00:00,1050.151031,0.083929,0.057765,0.022655
2021-08-22 05:00:00,1133.124150,0.078489,0.091682,0.121766
2021-08-22 06:00:00,1258.466427,0.069904,0.118056,0.303371
2021-08-22 07:00:00,1360.704188,0.088269,0.109852,0.511920
2021-08-22 08:00:00,1427.425565,0.114624,0.138834,0.692425
2021-08-22 09:00:00,1450.911808,0.125625,0.180619,0.810241
2021-08-22 10:00:00,1445.086402,0.141838,0.209865,0.834109
2021-08-22 11:00:00,1435.846784,0.154936,0.248926,0.857695
2021-08-22 12:00:00,1431.139270,0.175642,0.289873,0.871801
2021-08-22 13:00:00,1426.571487,0.192157,0.290902,0.797235
2021-08-22 14:00:00,1453.104681,0.203081,0.311579,0.657187
2021-08-22 15:00:00,1540.655477,0.212442,0.380165,0.475018
2021-08-22 16:00:00,1547.093550,0.195570,0.417574,0.248582
2021-08-22 17:00:00,1477.090039,0.132497,0.412964,0.072450
2021-08-22 18:00:00,1423.358242,0.119902,0.378489,0.005389
2021-08-22 19:00:00,1377.822612,0.162735,0.416124,0.000267
2021-08-22 20:00:00,1255.586994,0.170755,0.395805,0.000209
2021-08-22 21:00:00,1141.821061,0.175198,0.387963,0.000152
2021-08-22 22:00:00,1069.747618,0.181880,0.421113,0.000137
2021-08-22 23:00:00,1029.099633,0.196160,0.406073,0.000120
2021-08-23 00:00:00,1018.310048,0.195913,0.357509,0.000114
2021-08-23 01:00:00,1021.673797,0.197550,0.304045,0.000103
2021-08-23 02:00:00,1029.929931,0.197865,0.317336,0.000092
2021-08-23 03:00:00,1117.760377,0.181615,0.380995,0.000100
2021-08-23 04:00:00,1295.613249,0.173037,0.381680,0.014727
2021-08-23 05:00:00,1502.557651,0.122476,0.299194,0.092115
2021-08-23 06:00:00,1628.366695,0.070085,0.201376,0.245027
2021-08-23 07:00:00,1682.238432,0.051012,0.126497,0.400056
2021-08-23 08:00:00,1719.693379,0.058498,0.070503,0.593370
2021-08-23 09:00:00,1707.207090,0.050200,0.039369,0.719791
2021-08-23 10:00:00,1730.420633,0.065327,0.010304,0.884920
2021-08-23 11:00:00,1723.635828,0.088107,0.003179,0.870363
2021-08-23 12:00:00,1711.260755,0.116420,0.004161,0.839865
2021-08-23 13:00:00,1659.189966,0.151079,0.010454,0.736155
2021-08-23 14:00:00,1655.865858,0.157486,0.045575,0.599972
2021-08-23 15:00:00,1726.766845,0.155527,0.069069,0.424686
2021-08-23 16:00:00,1683.585555,0.142537,0.042827,0.219834
2021-08-23 17:00:00,1583.355752,0.104366,0.046141,0.065087
2021-08-23 18:00:00,1504.129809,0.062638,0.042467,0.002672
2021-08-23 19:00:00,1444.896364,0.037451,0.032228,0.000245
2021-08-23 20:00:00,1308.386615,0.017027,0.030270,0.000193
2021-08-23 21:00:00,1185.398148,0.010219,0.031946,0.000154
2021-08-23 22:00:00,1104.593693,0.006134,0.016835,0.000124
2021-08-23 23:00:00,1064.899430,0.008183,0.003234,0.000108
2021-08-24 00:00:00,1041.981162,0.008983,0.001301,0.000107
2021-08-24 01:00:00,1041.721566,0.011115,0.000185,0.000103
2021-08-24 02:00:00,1054.899801,0.014829,0.001309,0.000096
2021-08-24 03:00:00,1129.294909,0.014603,0.001011,0.000099
2021-08-24 04:00:00,1301.330345,0.009732,0.002348,0.013034
2021-08-24 05:00:00,1509.112222,0.003953,0.001067,0.087064
2021-08-24 06:00:00,1622.944319,0.002650,0.000020,0.230272
2021-08-24 07:00:00,1669.347237,0.003354,0.000020,0.429228
2021-08-24 08:00:00,1702.515121,0.003441,0.000049,0.594978
2021-08-24 09:00:00,1710.427357,0.004325,0.000366,0.730625
2021-08-24 10:00:00,1709.001802,0.006373,0.000769,0.824545
2021-08-24 11:00:00,1700.678615,0.018178,0.003163,0.829595
2021-08-24 12:00:00,1688.196830,0.035608,0.003611,0.775793
2021-08-24 13:00:00,1648.694779,0.040292,0.003779,0.715785
2021-08-24 14:00:00,1653.438622,0.038625,0.010699,0.581380
2021-08-24 15:00:00,1732.473858,0.029850,0.011902,0.395373
2021-08-24 16:00:00,1688.360503,0.022595,0.022670,0.215799
2021-08-24 17:00:00,1586.690757,0.015993,0.039024,0.061193
2021-08-24 18:00:00,1524.079405,0.018358,0.048152,0.001326
2021-08-24 19:00:00,1458.797072,0.044252,0.077587,0.000238
2021-08-24 20:00:00,1328.942643,0.085679,0.127261,0.000192
2021-08-24 21:00:00,1202.396720,0.131009,0.194582,0.000137
2021-08-24 22:00:00,1124.893760,0.120075,0.217159,0.000111
2021-08-24 23:00:00,1070.484351,0.102132,0.254105,0.000101
2021-08-25 00:00:00,1054.946646,0.125537,0.279431,0.000089
2021-08-25 01:00:00,1049.851745,0.176096,0.283656,0.000089
2021-08-25 02:00:00,1066.465436,0.293958,0.322207,0.000087
2021-08-25 03:00:00,1147.088922,0.441917,0.425634,0.000087
2021-08-25 04:00:00,1323.784752,0.556301,0.605588,0.002346
2021-08-25 05:00:00,1534.666831,0.601260,0.756681,0.022909
2021-08-25 06:00:00,1660.376674,0.688924,0.839156,0.051065
2021-08-25 07:00:00,1721.408111,0.683400,0.861354,0.074679
2021-08-25 08:00:00,1750.880488,0.689424,0.862115,0.109804
2021-08-25 09:00:00,1751.424777,0.718573,0.851371,0.127042
2021-08-25 10:00:00,1758.465402,0.766060,0.861723,0.155847
2021-08-25 11:00:00,1769.476599,0.785066,0.862903,0.138750
2021-08-25 12:00:00,1756.333016,0.753395,0.865680,0.143349
2021-08-25 13:00:00,1711.456373,0.704403,0.864781,0.265764
2021-08-25 14:00:00,1723.715658,0.664046,0.862213,0.435407
2021-08-25 15:00:00,1794.711020,0.673668,0.833498,0.365552
2021-08-25 16:00:00,1731.600557,0.599929,0.745085,0.158866
2021-08-25 17:00:00,1619.306587,0.458474,0.682951,0.043335
2021-08-25 18:00:00,1542.074377,0.358980,0.632017,0.001370
2021-08-25 19:00:00,1472.767682,0.336712,0.497991,0.000160
2021-08-25 20:00:00,1338.293578,0.337442,0.411916,0.000129
2021-08-25 21:00:00,1214.326526,0.356321,0.513010,0.000105
2021-08-25 22:00:00,1141.397902,0.344506,0.603439,0.000087
2021-08-25 23:00:00,1093.854044,0.325266,0.688657,0.000086
2021-08-26 00:00:00,1060.186397,0.274707,0.624644,0.000076
2021-08-26 01:00:00,1063.287766,0.200712,0.589163,0.000068
2021-08-26 02:00:00,1072.686495,0.251293,0.498101,0.000072
2021-08-26 03:00:00,1144.426363,0.283759,0.374970,0.000073
2021-08-26 04:00:00,1318.334841,0.287746,0.467912,0.005755
2021-08-26 05:00:00,1526.906195,0.313469,0.474506,0.052222
2021-08-26 06:00:00,1637.323624,0.338060,0.480809,0.153872
2021-08-26 07:00:00,1695.933567,0.406470,0.528459,0.249570
2021-08-26 08:00:00,1735.818727,0.491043,0.625018,0.239441
2021-08-26 09:00:00,1731.710185,0.588455,0.697944,0.210523
2021-08-26 10:00:00,1748.213363,0.611983,0.739147,0.257018
2021-08-26 11:00:00,1749.257221,0.600689,0.746973,0.223360
2021-08-26 12:00:00,1713.710608,0.591075,0.737355,0.209028
2021-08-26 13:00:00,1684.707123,0.535556,0.735216,0.238849
2021-08-26 14:00:00,1691.601016,0.548099,0.720234,0.261052
2021-08-26 15:00:00,1756.651930,0.559613,0.674085,0.209677
2021-08-26 16:00:00,1717.112252,0.516289,0.577818,0.125321
2021-08-26 17:00:00,1619.180186,0.456380,0.618020,0.040118
2021-08-26 18:00:00,1556.897823,0.460195,0.481767,0.001130
2021-08-26 19:00:00,1492.852694,0.524684,0.576915,0.000134
2021-08-26 20:00:00,1356.722741,0.527350,0.527703,0.000109
2021-08-26 21:00:00,1251.121849,0.534657,0.719415,0.000096
2021-08-26 22:00:00,1167.778943,0.442298,0.768191,0.000080
2021-08-26 23:00:00,1124.433913,0.433188,0.661069,0.000075
2021-08-27 00:00:00,1095.645505,0.379279,0.493970,0.000070
2021-08-27 01:00:00,1079.660082,0.428922,0.437687,0.000073
2021-08-27 02:00:00,1097.203614,0.376601,0.407174,0.000062
2021-08-27 03:00:00,1157.242691,0.417449,0.451877,0.000068
2021-08-27 04:00:00,1323.511143,0.409688,0.488672,0.007307
2021-08-27 05:00:00,1515.237686,0.359028,0.395800,0.058429
2021-08-27 06:00:00,1631.008314,0.305147,0.333814,0.185781
2021-08-27 07:00:00,1680.255686,0.276294,0.292716,0.321907
2021-08-27 08:00:00,1713.601007,0.248349,0.266294,0.448893
2021-08-27 09:00:00,1697.350452,0.241247,0.226044,0.526929
2021-08-27 10:00:00,1679.081578,0.216041,0.189724,0.618282
2021-08-27 11:00:00,1681.465888,0.150451,0.140669,0.709127
2021-08-27 12:00:00,1656.746174,0.159050,0.118858,0.647087
2021-08-27 13:00:00,1634.071487,0.141065,0.059367,0.558838
2021-08-27 14:00:00,1621.019798,0.162142,0.043794,0.327493
2021-08-27 15:00:00,1697.715956,0.187678,0.023962,0.196699
2021-08-27 16:00:00,1680.367067,0.177572,0.034005,0.072196
2021-08-27 17:00:00,1589.195994,0.197321,0.055866,0.017943
2021-08-27 18:00:00,1512.137520,0.285063,0.050056,0.000466
2021-08-27 19:00:00,1428.812251,0.282935,0.243421,0.000190
2021-08-27 20:00:00,1328.811599,0.331314,0.298295,0.000149
2021-08-27 21:00:00,1226.378970,0.380067,0.231694,0.000121
2021-08-27 22:00:00,1138.100115,0.388773,0.365805,0.000101
2021-08-27 23:00:00,1087.375549,0.401662,0.439199,0.000090
2021-08-28 00:00:00,1062.150228,0.364620,0.365597,0.000078
2021-08-28 01:00:00,1043.406372,0.351731,0.412240,0.000070
2021-08-28 02:00:00,1043.547404,0.359397,0.411999,0.000064
2021-08-28 03:00:00,1047.818776,0.356021,0.418659,0.000058
2021-08-28 04:00:00,1082.811257,0.379579,0.590854,0.001991
2021-08-28 05:00:00,1209.504435,0.402895,0.603754,0.016166
2021-08-28 06:00:00,1351.310776,0.325246,0.564004,0.041698
2021-08-28 07:00:00,1456.387773,0.348145,0.501503,0.083340
2021-08-28 08:00:00,1528.625032,0.331501,0.397813,0.116857
2021-08-28 09:00:00,1539.212278,0.323665,0.302469,0.122725
2021-08-28 10:00:00,1529.729258,0.333824,0.269258,0.143264
2021-08-28 11:00:00,1517.116213,0.306565,0.237580,0.149951
2021-08-28 12:00:00,1498.595168,0.270142,0.219243,0.156722
2021-08-28 13:00:00,1484.534962,0.275880,0.227262,0.137565
2021-08-28 14:00:00,1492.598267,0.295219,0.295987,0.110227
2021-08-28 15:00:00,1570.336728,0.252747,0.296861,0.056256
2021-08-28 16:00:00,1568.209571,0.227098,0.336112,0.028185
2021-08-28 17:00:00,1491.966287,0.242731,0.306968,0.006320
2021-08-28 18:00:00,1438.932855,0.207501,0.311017,0.000100
2021-08-28 19:00:00,1371.192694,0.200593,0.282810,0.000076
2021-08-28 20:00:00,1292.902791,0.194931,0.259391,0.000064
2021-08-28 21:00:00,1211.722568,0.165211,0.224918,0.000056
2021-08-28 22:00:00,1153.537843,0.180811,0.154669,0.000057
2021-08-28 23:00:00,1090.221785,0.187189,0.141765,0.000047
2021-08-29 00:00:00,1052.154221,0.171693,0.126736,0.000042
2021-08-29 01:00:00,1038.012097,0.195381,0.149575,0.000039
2021-08-29 02:00:00,1027.128824,0.222728,0.374125,0.000036
2021-08-29 03:00:00,1041.014391,0.237259,0.521341,0.000037
2021-08-29 04:00:00,1060.113583,0.293459,0.457336,0.002182
2021-08-29 05:00:00,1153.596939,0.322032,0.563843,0.034335
2021-08-29 06:00:00,1288.485169,0.312472,0.552398,0.080237
2021-08-29 07:00:00,1393.410318,0.293549,0.563942,0.113669
2021-08-29 08:00:00,1461.127962,0.276879,0.428237,0.157258
2021-08-29 09:00:00,1486.669075,0.308926,0.405321,0.217182
2021-08-29 10:00:00,1494.926240,0.272474,0.377002,0.271801
2021-08-29 11:00:00,1488.205677,0.233700,0.309416,0.319848
2021-08-29 12:00:00,1464.946885,0.202562,0.243074,0.352490
2021-08-29 13:00:00,1455.483947,0.196791,0.314951,0.297362
2021-08-29 14:00:00,1488.634622,0.199789,0.350854,0.191564
2021-08-29 15:00:00,1602.438411,0.233730,0.311608,0.111610
2021-08-29 16:00:00,1621.250633,0.215103,0.282090,0.039526
2021-08-29 17:00:00,1550.667755,0.182411,0.276896,0.007476
2021-08-29 18:00:00,1494.643237,0.194638,0.251748,0.000157
2021-08-29 19:00:00,1401.096073,0.246366,0.273124,0.000131
2021-08-29 20:00:00,1282.194570,0.278503,0.384572,0.000100
2021-08-29 21:00:00,1174.636455,0.270699,0.284099,0.000078
2021-08-29 22:00:00,1092.177598,0.258660,0.357200,0.000068
2021-08-29 23:00:00,1039.743912,0.249205,0.475164,0.000076
2021-08-30 00:00:00,1032.213118,0.236659,0.599984,0.000066
2021-08-30 01:00:00,1029.658973,0.223279,0.545804,0.000065
2021-08-30 02:00:00,1050.345084,0.220544,0.552998,0.000065
2021-08-30 03:00:00,1139.828085,0.229087,0.439139,0.000068
2021-08-30 04:00:00,1319.573319,0.220430,0.479269,0.006122
2021-08-30 05:00:00,1522.598562,0.223978,0.417897,0.050106
2021-08-30 06:00:00,1635.950870,0.203932,0.411178,0.157455
2021-08-30 07:00:00,1693.493666,0.216453,0.300093,0.358979
2021-08-30 08:00:00,1720.058332,0.218381,0.246506,0.550035
2021-08-30 09:00:00,1724.892562,0.223281,0.290688,0.682833
2021-08-30 10:00:00,1731.377559,0.259848,0.332173,0.754126
2021-08-30 11:00:00,1729.186934,0.278252,0.213954,0.717365
2021-08-30 12:00:00,1703.198969,0.287748,0.184905,0.691466
2021-08-30 13:00:00,1671.156513,0.276162,0.146438,0.583072
2021-08-30 14:00:00,1661.385499,0.233016,0.072017,0.480011
2021-08-30 15:00:00,1743.653151,0.222582,0.025483,0.312287
2021-08-30 16:00:00,1712.471016,0.195121,0.005109,0.162477
2021-08-30 17:00:00,1612.520783,0.168115,0.006264,0.041755
2021-08-30 18:00:00,1555.552167,0.166590,0.008991,0.000691
2021-08-30 19:00:00,1474.434659,0.168268,0.036230,0.000252
2021-08-30 20:00:00,1336.739245,0.172717,0.102708,0.000195
2021-08-30 21:00:00,1212.596348,0.185492,0.162039,0.000135
2021-08-30 22:00:00,1123.556970,0.184952,0.186779,0.000109
2021-08-30 23:00:00,1066.969235,0.156196,0.330754,0.000101
2021-08-31 00:00:00,1051.160780,0.132859,0.338702,0.000096
2021-08-31 01:00:00,1047.198187,0.106712,0.316569,0.000088
2021-08-31 02:00:00,1062.662104,0.099298,0.336859,0.000086
2021-08-31 03:00:00,1150.548148,0.099675,0.329540,0.000082
2021-08-31 04:00:00,1325.878985,0.109666,0.385063,0.007674
2021-08-31 05:00:00,1519.066163,0.090099,0.372533,0.083905
2021-08-31 06:00:00,1630.927486,0.073881,0.355863,0.273776
2021-08-31 07:00:00,1684.209698,0.074547,0.326381,0.499224
2021-08-31 08:00:00,1723.587445,0.093953,0.242494,0.701453
2021-08-31 09:00:00,1718.918290,0.137718,0.151168,0.760615
2021-08-31 10:00:00,1709.190159,0.162372,0.143530,0.845422
2021-08-31 11:00:00,1708.170625,0.157634,0.126132,0.900776
2021-08-31 12:00:00,1684.719523,0.149634,0.105311,0.891155
2021-08-31 13:00:00,1651.079719,0.163562,0.116679,0.801693
2021-08-31 14:00:00,1645.178760,0.206193,0.166341,0.629511
2021-08-31 15:00:00,1715.133820,0.233174,0.247944,0.420652
2021-08-31 16:00:00,1687.387103,0.217199,0.306136,0.193652
2021-08-31 17:00:00,1598.362152,0.146476,0.378917,0.041839
2021-08-31 18:00:00,1551.584836,0.109650,0.399479,0.000815
2021-08-31 19:00:00,1470.777049,0.111718,0.443265,0.000247
2021-08-31 20:00:00,1326.655890,0.111959,0.424500,0.000190
2021-08-31 21:00:00,1200.631227,0.124300,0.520173,0.000150
2021-08-31 22:00:00,1128.028618,0.176778,0.521651,0.000116
2021-08-31 23:00:00,1109.473177,0.155840,0.514210,0.000108
2021-09-01 00:00:00,1071.703817,0.184742,0.408486,0.000107
2021-09-01 01:00:00,1055.439349,0.175397,0.250952,0.000100
2021-09-01 02:00:00,1072.750731,0.170706,0.134442,0.000093
2021-09-01 03:00:00,1156.141598,0.151487,0.068341,0.000097
2021-09-01 04:00:00,1325.174224,0.108995,0.039301,0.005925
2021-09-01 05:00:00,1517.536940,0.070874,0.033207,0.069290
2021-09-01 06:00:00,1628.484828,0.030136,0.020455,0.255889
2021-09-01 07:00:00,1686.884784,0.019703,0.005234,0.491578
2021-09-01 08:00:00,1725.614520,0.013221,0.010442,0.701904
2021-09-01 09:00:00,1727.988031,0.014081,0.034139,0.836225
2021-09-01 10:00:00,1730.693966,0.029930,0.072334,0.905487
2021-09-01 11:00:00,1723.810518,0.047769,0.137024,0.920609
2021-09-01 12:00:00,1698.551808,0.068812,0.194857,0.876823
2021-09-01 13:00:00,1657.260577,0.080180,0.191972,0.770489
2021-09-01 14:00:00,1654.902728,0.075337,0.156296,0.619269
2021-09-01 15:00:00,1719.892197,0.054660,0.169452,0.406545
2021-09-01 16:00:00,1683.935812,0.037931,0.178790,0.181239
2021-09-01 17:00:00,1596.008503,0.039408,0.178923,0.036225
2021-09-01 18:00:00,1547.792239,0.101240,0.149828,0.000521
2021-09-01 19:00:00,1463.683522,0.118173,0.116633,0.000235
2021-09-01 20:00:00,1331.255611,0.121460,0.108134,0.000189
2021-09-01 21:00:00,1209.591576,0.133508,0.130986,0.000155
2021-09-01 22:00:00,1133.797214,0.120344,0.170766,0.000117
2021-09-01 23:00:00,1085.513058,0.069469,0.174426,0.000096
2021-09-02 00:00:00,1060.741736,0.048947,0.127822,0.000089
2021-09-02 01:00:00,1057.704636,0.034452,0.085925,0.000085
2021-09-02 02:00:00,1069.438123,0.024684,0.037435,0.000088
2021-09-02 03:00:00,1154.627671,0.020801,0.031803,0.000087
2021-09-02 04:00:00,1337.430129,0.019547,0.032285,0.005755
2021-09-02 05:00:00,1530.447868,0.012666,0.025171,0.066497
2021-09-02 06:00:00,1638.427047,0.010364,0.004991,0.231824
2021-09-02 07:00:00,1692.465320,0.004074,0.000020,0.469403
2021-09-02 08:00:00,1728.850322,0.003562,0.003389,0.656566
2021-09-02 09:00:00,1728.050613,0.002742,0.004131,0.788884
2021-09-02 10:00:00,1723.801407,0.006125,0.009649,0.874764
2021-09-02 11:00:00,1719.596300,0.018439,0.017291,0.894964
2021-09-02 12:00:00,1700.065816,0.043946,0.016745,0.869178
2021-09-02 13:00:00,1659.036878,0.068515,0.029725,0.772944
2021-09-02 14:00:00,1654.195270,0.087614,0.083638,0.608436
2021-09-02 15:00:00,1710.503684,0.095173,0.151558,0.404119
2021-09-02 16:00:00,1678.742267,0.086268,0.217444,0.173847
2021-09-02 17:00:00,1597.525030,0.090733,0.255503,0.032106
2021-09-02 18:00:00,1553.292592,0.132752,0.253295,0.000397
2021-09-02 19:00:00,1470.590299,0.207117,0.307204,0.000235
2021-09-02 20:00:00,1336.001864,0.260746,0.330227,0.000188
2021-09-02 21:00:00,1211.564009,0.270957,0.374490,0.000160
2021-09-02 22:00:00,1129.918081,0.269178,0.466097,0.000127
2021-09-02 23:00:00,1081.788303,0.283323,0.490287,0.000110
2021-09-03 00:00:00,1051.633025,0.329020,0.555071,0.000095
2021-09-03 01:00:00,1055.966514,0.377418,0.690893,0.000095
2021-09-03 02:00:00,1075.308911,0.317771,0.687339,0.000096
2021-09-03 03:00:00,1154.025196,0.331197,0.712398,0.000099
2021-09-03 04:00:00,1337.269971,0.350819,0.756795,0.003978
2021-09-03 05:00:00,1524.474500,0.318785,0.668996,0.055043
2021-09-03 06:00:00,1631.648404,0.305479,0.644187,0.181380
2021-09-03 07:00:00,1675.342658,0.244273,0.485337,0.352744
2021-09-03 08:00:00,1698.044906,0.179743,0.356359,0.550853
2021-09-03 09:00:00,1699.775566,0.129641,0.272723,0.732543
2021-09-03 10:00:00,1688.121457,0.110748,0.184661,0.830442
2021-09-03 11:00:00,1674.403316,0.097713,0.169383,0.877613
2021-09-03 12:00:00,1638.271175,0.119463,0.158517,0.863507
2021-09-03 13:00:00,1606.431020,0.147419,0.105693,0.767725
2021-09-03 14:00:00,1598.066474,0.131454,0.100907,0.618395
2021-09-03 15:00:00,1643.783676,0.117078,0.103158,0.398674
2021-09-03 16:00:00,1612.699228,0.110345,0.135891,0.169333
2021-09-03 17:00:00,1530.420377,0.075928,0.116484,0.029059
2021-09-03 18:00:00,1483.716507,0.078249,0.116543,0.000323
2021-09-03 19:00:00,1404.552276,0.090171,0.095587,0.000213
2021-09-03 20:00:00,1301.602907,0.123442,0.128475,0.000183
2021-09-03 21:00:00,1202.941370,0.126562,0.108323,0.000151
2021-09-03 22:00:00,1134.544721,0.081889,0.062226,0.000126
2021-09-03 23:00:00,1075.096286,0.046693,0.048063,0.000111
2021-09-04 00:00:00,1044.697062,0.033243,0.042487,0.000096
2021-09-04 01:00:00,1026.716641,0.040383,0.040652,0.000095
2021-09-04 02:00:00,1020.672906,0.046793,0.037981,0.000086
2021-09-04 03:00:00,1036.596886,0.054130,0.034837,0.000080
2021-09-04 04:00:00,1068.012561,0.064709,0.037462,0.003865
2021-09-04 05:00:00,1171.134475,0.059697,0.088742,0.057695
2021-09-04 06:00:00,1300.669339,0.046477,0.144946,0.174355
2021-09-04 07:00:00,1400.792910,0.055107,0.225748,0.346734
2021-09-04 08:00:00,1462.526527,0.070375,0.305395,0.526929
2021-09-04 09:00:00,1470.090339,0.105048,0.206369,0.663422
2021-09-04 10:00:00,1463.680296,0.135890,0.271910,0.790267
2021-09-04 11:00:00,1444.458434,0.185598,0.282703,0.798843
2021-09-04 12:00:00,1422.469763,0.247568,0.444676,0.806940
2021-09-04 13:00:00,1414.536277,0.241239,0.492841,0.726590
2021-09-04 14:00:00,1412.980661,0.202831,0.539328,0.568007
2021-09-04 15:00:00,1479.547510,0.200413,0.572453,0.377684
2021-09-04 16:00:00,1489.483591,0.202708,0.519256,0.167217
2021-09-04 17:00:00,1429.290951,0.155919,0.504508,0.027959
2021-09-04 18:00:00,1410.605000,0.138954,0.449033,0.000317
2021-09-04 19:00:00,1349.138089,0.135342,0.454378,0.000253
2021-09-04 20:00:00,1268.432985,0.132634,0.413438,0.000190
2021-09-04 21:00:00,1178.959366,0.119327,0.369624,0.000163
2021-09-04 22:00:00,1104.152460,0.123079,0.372729,0.000128
2021-09-04 23:00:00,1055.288037,0.144134,0.386178,0.000118
2021-09-05 00:00:00,1033.175483,0.156902,0.433150,0.000099
2021-09-05 01:00:00,1020.689632,0.155357,0.501661,0.000098
2021-09-05 02:00:00,1020.317897,0.162723,0.559839,0.000091
2021-09-05 03:00:00,1030.562243,0.182188,0.577315,0.000087
2021-09-05 04:00:00,1059.134805,0.207245,0.605521,0.004063
2021-09-05 05:00:00,1152.055106,0.198615,0.611647,0.070278
2021-09-05 06:00:00,1283.773615,0.162809,0.613046,0.248159
2021-09-05 07:00:00,1391.164156,0.293830,0.611928,0.481732
2021-09-05 08:00:00,1460.004753,0.375934,0.539963,0.676344
2021-09-05 09:00:00,1470.110166,0.378821,0.501609,0.764790
2021-09-05 10:00:00,1474.498975,0.388880,0.545301,0.817887
2021-09-05 11:00:00,1475.411743,0.375507,0.527073,0.805558
2021-09-05 12:00:00,1463.835019,0.362749,0.535509,0.800254
2021-09-05 13:00:00,1442.859165,0.322463,0.560001,0.676456
2021-09-05 14:00:00,1458.588848,0.313660,0.547225,0.521851
2021-09-05 15:00:00,1556.516619,0.276760,0.542609,0.326873
2021-09-05 16:00:00,1572.532988,0.233929,0.494110,0.143687
2021-09-05 17:00:00,1504.552844,0.173754,0.460569,0.024799
2021-09-05 18:00:00,1475.042719,0.142143,0.388287,0.000279
2021-09-05 19:00:00,1375.236468,0.160159,0.351709,0.000239
2021-09-05 20:00:00,1255.696384,0.155872,0.318981,0.000202
2021-09-05 21:00:00,1148.656761,0.142402,0.291691,0.000151
2021-09-05 22:00:00,1081.302057,0.124430,0.231428,0.000110
2021-09-05 23:00:00,1037.570658,0.111757,0.154665,0.000089
2021-09-06 00:00:00,1017.177378,0.110019,0.144282,0.000082
2021-09-06 01:00:00,1022.295588,0.106069,0.131809,0.000085
2021-09-06 02:00:00,1043.795698,0.088455,0.119571,0.000079
2021-09-06 03:00:00,1138.021300,0.082069,0.087853,0.000083
2021-09-06 04:00:00,1319.319646,0.068623,0.069540,0.004091
2021-09-06 05:00:00,1511.151028,0.048857,0.046829,0.070899
2021-09-06 06:00:00,1626.171571,0.022188,0.032123,0.210185
2021-09-06 07:00:00,1685.109191,0.009968,0.028783,0.398053
2021-09-06 08:00:00,1708.395121,0.007477,0.025219,0.566737
2021-09-06 09:00:00,1707.311481,0.008487,0.023306,0.547806
2021-09-06 10:00:00,1713.189178,0.008398,0.020524,0.521089
2021-09-06 11:00:00,1700.110248,0.008804,0.019123,0.484384
2021-09-06 12:00:00,1675.605713,0.011871,0.030447,0.390887
2021-09-06 13:00:00,1640.549676,0.007570,0.051940,0.318747
2021-09-06 14:00:00,1647.874696,0.004368,0.062527,0.254281
2021-09-06 15:00:00,1735.908823,0.004364,0.071433,0.163070
2021-09-06 16:00:00,1714.033571,0.004299,0.088938,0.081112
2021-09-06 17:00:00,1623.388505,0.003830,0.067450,0.012329
2021-09-06 18:00:00,1569.320277,0.004282,0.051606,0.000243
2021-09-06 19:00:00,1456.429275,0.003868,0.047259,0.000188
2021-09-06 20:00:00,1320.947209,0.006145,0.059212,0.000149
2021-09-06 21:00:00,1196.291286,0.012920,0.039000,0.000117
2021-09-06 22:00:00,1118.174465,0.023059,0.028070,0.000102
2021-09-06 23:00:00,1075.113694,0.041026,0.024119,0.000090
2021-09-07 00:00:00,1051.555920,0.029385,0.025899,0.000079
2021-09-07 01:00:00,1051.967892,0.027631,0.020959,0.000073
2021-09-07 02:00:00,1066.378148,0.018976,0.024923,0.000067
2021-09-07 03:00:00,1149.893672,0.011155,0.044303,0.000071
2021-09-07 04:00:00,1339.608851,0.003795,0.022674,0.005304
2021-09-07 05:00:00,1535.230364,0.001670,0.016773,0.085005
2021-09-07 06:00:00,1632.607848,0.000570,0.023931,0.213232
2021-09-07 07:00:00,1685.583313,0.000217,0.012857,0.369051
2021-09-07 08:00:00,1712.569982,0.001412,0.010444,0.556524
2021-09-07 09:00:00,1711.389200,0.003948,0.003327,0.649400
2021-09-07 10:00:00,1711.346478,0.010314,0.002133,0.775511
2021-09-07 11:00:00,1708.419487,0.017491,0.000828,0.828156
2021-09-07 12:00:00,1680.496838,0.021655,0.000727,0.802285
2021-09-07 13:00:00,1647.824497,0.026397,0.001676,0.722725
2021-09-07 14:00:00,1646.277059,0.022277,0.010642,0.561461
2021-09-07 15:00:00,1721.271538,0.017370,0.031737,0.328791
2021-09-07 16:00:00,1698.727050,0.010267,0.065223,0.118634
2021-09-07 17:00:00,1621.060702,0.007810,0.099617,0.014050
2021-09-07 18:00:00,1574.584697,0.011876,0.100679,0.000297
2021-09-07 19:00:00,1462.403796,0.020236,0.079046,0.000222
2021-09-07 20:00:00,1323.672381,0.025111,0.057563,0.000159
2021-09-07 21:00:00,1196.998501,0.025963,0.035364,0.000126
2021-09-07 22:00:00,1119.239390,0.038740,0.018053,0.000107
2021-09-07 23:00:00,1071.617200,0.050818,0.011965,0.000106
2021-09-08 00:00:00,1045.896201,0.066719,0.058185,0.000093
2021-09-08 01:00:00,1039.428059,0.068880,0.098521,0.000088
2021-09-08 02:00:00,1058.546962,0.058836,0.088736,0.000079
2021-09-08 03:00:00,1140.044429,0.058820,0.101537,0.000262
2021-09-08 04:00:00,1337.669710,0.058779,0.104530,0.000881
2021-09-08 05:00:00,1534.561012,0.061461,0.119202,0.024573
2021-09-08 06:00:00,1635.312918,0.065505,0.137768,0.088137
2021-09-08 07:00:00,1691.642782,0.060680,0.172343,0.184709
2021-09-08 08:00:00,1725.077295,0.067828,0.191315,0.329581
2021-09-08 09:00:00,1723.235845,0.069097,0.183299,0.454874
2021-09-08 10:00:00,1725.304392,0.062759,0.179841,0.610044
2021-09-08 11:00:00,1742.244358,0.059726,0.175832,0.749217
2021-09-08 12:00:00,1723.888462,0.057429,0.159130,0.740302
2021-09-08 13:00:00,1687.129901,0.055457,0.149691,0.619439
2021-09-08 14:00:00,1681.877264,0.038404,0.133217,0.475215
2021-09-08 15:00:00,1762.491936,0.024627,0.081453,0.291578
2021-09-08 16:00:00,1728.288979,0.017021,0.038608,0.106023
2021-09-08 17:00:00,1640.473256,0.013701,0.006469,0.012414
2021-09-08 18:00:00,1590.957927,0.017968,0.000849,0.000255
2021-09-08 19:00:00,1474.011875,0.027307,0.025099,0.000209
2021-09-08 20:00:00,1327.758204,0.037843,0.042329,0.000168
2021-09-08 21:00:00,1199.326797,0.049485,0.044709,0.000124
2021-09-08 22:00:00,1117.111528,0.054365,0.024055,0.000109
2021-09-08 23:00:00,1069.372633,0.042134,0.020470,0.000103
2021-09-09 00:00:00,1042.800651,0.030510,0.034599,0.000100
2021-09-09 01:00:00,1041.761278,0.030499,0.030606,0.000089
2021-09-09 02:00:00,1059.036869,0.032250,0.016878,0.000085
2021-09-09 03:00:00,1148.949130,0.038476,0.016284,0.000090
2021-09-09 04:00:00,1342.279445,0.043064,0.028883,0.002022
2021-09-09 05:00:00,1533.255677,0.045150,0.038308,0.056369
2021-09-09 06:00:00,1639.363077,0.041452,0.037302,0.222316
2021-09-09 07:00:00,1698.010581,0.018478,0.035785,0.445535
2021-09-09 08:00:00,1765.998591,0.022837,0.033782,0.734518
2021-09-09 09:00:00,1790.245317,0.037613,0.031349,0.923459
2021-09-09 10:00:00,1785.750977,0.049791,0.060276,0.977627
2021-09-09 11:00:00,1793.597313,0.063574,0.082516,0.991169
2021-09-09 12:00:00,1781.218850,0.066922,0.076563,0.957822
2021-09-09 13:00:00,1735.133084,0.064392,0.069309,0.863591
2021-09-09 14:00:00,1719.309267,0.044828,0.075910,0.694202
2021-09-09 15:00:00,1771.041401,0.040283,0.120443,0.455156
2021-09-09 16:00:00,1713.346372,0.030035,0.117890,0.183975
2021-09-09 17:00:00,1622.352251,0.034664,0.109327,0.020624
2021-09-09 18:00:00,1579.788730,0.060961,0.116544,0.000261
2021-09-09 19:00:00,1463.437468,0.092523,0.133149,0.000208
2021-09-09 20:00:00,1327.125141,0.095888,0.213357,0.000165
2021-09-09 21:00:00,1198.946611,0.092681,0.247582,0.000132
2021-09-09 22:00:00,1115.657254,0.089363,0.256900,0.000098
2021-09-09 23:00:00,1068.808813,0.073338,0.223758,0.000086
2021-09-10 00:00:00,1049.163369,0.055616,0.140931,0.000083
2021-09-10 01:00:00,1040.096400,0.044524,0.051495,0.000079
2021-09-10 02:00:00,1056.257715,0.039535,0.025283,0.000079
2021-09-10 03:00:00,1138.798902,0.029804,0.008034,0.000075
2021-09-10 04:00:00,1338.785960,0.025667,0.002189,0.001829
2021-09-10 05:00:00,1518.252244,0.025669,0.008302,0.054817
2021-09-10 06:00:00,1625.223421,0.018006,0.010790,0.176217
2021-09-10 07:00:00,1691.537935,0.005977,0.003673,0.353929
2021-09-10 08:00:00,1713.645731,0.005470,0.010418,0.424799
2021-09-10 09:00:00,1713.884819,0.060568,0.079674,0.498406
2021-09-10 10:00:00,1713.102952,0.068706,0.038067,0.577430
2021-09-10 11:00:00,1680.348671,0.042282,0.009831,0.531217
2021-09-10 12:00:00,1653.614830,0.026200,0.013572,0.498124
2021-09-10 13:00:00,1623.250943,0.059873,0.013453,0.464381
2021-09-10 14:00:00,1604.067806,0.065090,0.077469,0.245902
2021-09-10 15:00:00,1682.007784,0.038386,0.155884,0.166229
2021-09-10 16:00:00,1651.308241,0.022992,0.127365,0.065341
2021-09-10 17:00:00,1582.549309,0.009171,0.146926,0.004542
2021-09-10 18:00:00,1523.798615,0.006944,0.076034,0.000221
2021-09-10 19:00:00,1415.281148,0.010460,0.059164,0.000177
2021-09-10 20:00:00,1307.301576,0.013271,0.047268,0.000146
2021-09-10 21:00:00,1208.172516,0.007482,0.061725,0.000112
2021-09-10 22:00:00,1133.203552,0.005155,0.031433,0.000092
2021-09-10 23:00:00,1076.488846,0.004700,0.010405,0.000076
2021-09-11 00:00:00,1037.847865,0.023035,0.038265,0.000077
2021-09-11 01:00:00,1018.458844,0.050217,0.051446,0.000069
2021-09-11 02:00:00,1012.838055,0.071322,0.069443,0.000067
2021-09-11 03:00:00,1022.521438,0.081041,0.116517,0.000059
2021-09-11 04:00:00,1072.113940,0.068375,0.142518,0.000489
2021-09-11 05:00:00,1171.719983,0.070843,0.134639,0.024771
2021-09-11 06:00:00,1324.315450,0.083451,0.126240,0.111215
2021-09-11 07:00:00,1446.893533,0.101975,0.137651,0.234758
2021-09-11 08:00:00,1525.762789,0.123922,0.116558,0.400931
2021-09-11 09:00:00,1538.874687,0.116959,0.118205,0.559317
2021-09-11 10:00:00,1487.093184,0.138094,0.098118,0.488334
2021-09-11 11:00:00,1493.467932,0.163531,0.115980,0.524277
2021-09-11 12:00:00,1468.028960,0.188986,0.276133,0.453971
2021-09-11 13:00:00,1501.737927,0.192553,0.454574,0.510763
2021-09-11 14:00:00,1505.192178,0.218702,0.406651,0.415263
2021-09-11 15:00:00,1562.643367,0.203403,0.364657,0.233686
2021-09-11 16:00:00,1557.606925,0.197429,0.361612,0.108788
2021-09-11 17:00:00,1476.598702,0.192116,0.350462,0.010664
2021-09-11 18:00:00,1450.014193,0.200499,0.357841,0.000203
2021-09-11 19:00:00,1357.927137,0.174210,0.288954,0.000178
2021-09-11 20:00:00,1265.579440,0.178841,0.293225,0.000145
2021-09-11 21:00:00,1175.324631,0.167398,0.292538,0.000116
2021-09-11 22:00:00,1116.555829,0.169599,0.310564,0.000093
2021-09-11 23:00:00,1063.626627,0.188032,0.313541,0.000077
2021-09-12 00:00:00,1020.421798,0.205937,0.304319,0.000070
2021-09-12 01:00:00,1009.242539,0.211247,0.318253,0.000068
2021-09-12 02:00:00,1002.930113,0.237346,0.313092,0.000072
2021-09-12 03:00:00,1009.558429,0.278406,0.326605,0.000069
2021-09-12 04:00:00,1041.454066,0.297755,0.403122,0.000265
2021-09-12 05:00:00,1126.718909,0.304090,0.476438,0.025335
2021-09-12 06:00:00,1280.317868,0.350173,0.454060,0.148032
2021-09-12 07:00:00,1408.694497,0.321649,0.457219,0.313105
2021-09-12 08:00:00,1489.192556,0.368076,0.440510,0.513584
2021-09-12 09:00:00,1503.226925,0.423036,0.416771,0.560446
2021-09-12 10:00:00,1547.376502,0.402150,0.374392,0.727042
2021-09-12 11:00:00,1537.423192,0.415675,0.376954,0.697955
2021-09-12 12:00:00,1573.695667,0.420488,0.430535,0.862463
2021-09-12 13:00:00,1567.242481,0.447764,0.489797,0.833968
2021-09-12 14:00:00,1534.743803,0.500197,0.544482,0.649654
2021-09-12 15:00:00,1606.754472,0.441609,0.596497,0.398110
2021-09-12 16:00:00,1590.188184,0.366006,0.615531,0.130766
2021-09-12 17:00:00,1510.474078,0.321707,0.582584,0.012837
2021-09-12 18:00:00,1483.652395,0.340693,0.542664,0.000266
2021-09-12 19:00:00,1368.581995,0.321998,0.418501,0.000209
2021-09-12 20:00:00,1251.943187,0.331151,0.405429,0.000154
2021-09-12 21:00:00,1135.856224,0.307818,0.388482,0.000118
2021-09-12 22:00:00,1067.378413,0.278158,0.453520,0.000102
2021-09-12 23:00:00,1029.176296,0.250868,0.450625,0.000093
2021-09-13 00:00:00,1011.815910,0.256697,0.368614,0.000087
2021-09-13 01:00:00,999.123436,0.273977,0.331419,0.000079
2021-09-13 02:00:00,1022.673950,0.237427,0.406089,0.000071
2021-09-13 03:00:00,1115.693807,0.208240,0.386813,0.000074
2021-09-13 04:00:00,1317.485489,0.169091,0.378336,0.000303
2021-09-13 05:00:00,1519.144072,0.159176,0.342286,0.025081
2021-09-13 06:00:00,1636.405729,0.150603,0.332963,0.100381
2021-09-13 07:00:00,1684.775344,0.139080,0.254291,0.172521
2021-09-13 08:00:00,1710.219983,0.109667,0.175276,0.260178
2021-09-13 09:00:00,1724.753500,0.094171,0.153168,0.400790
2021-09-13 10:00:00,1719.580293,0.077551,0.128037,0.450614
2021-09-13 11:00:00,1761.172129,0.073147,0.130207,0.676118
2021-09-13 12:00:00,1730.825726,0.071951,0.119853,0.670024
2021-09-13 13:00:00,1714.270042,0.064889,0.081718,0.701622
2021-09-13 14:00:00,1675.146437,0.057509,0.047601,0.450388
2021-09-13 15:00:00,1733.980860,0.052495,0.033162,0.192778
2021-09-13 16:00:00,1713.674868,0.040841,0.015256,0.061645
2021-09-13 17:00:00,1635.686664,0.033269,0.021191,0.002339
2021-09-13 18:00:00,1566.971002,0.026580,0.031686,0.000199
2021-09-13 19:00:00,1447.336159,0.028271,0.038763,0.000157
2021-09-13 20:00:00,1310.916997,0.028809,0.035327,0.000115
2021-09-13 21:00:00,1182.736290,0.019012,0.046386,0.000092
2021-09-13 22:00:00,1103.278327,0.017805,0.042810,0.000069
2021-09-13 23:00:00,1056.281794,0.024183,0.036283,0.000069
2021-09-14 00:00:00,1042.028890,0.018677,0.030947,0.000065
2021-09-14 01:00:00,1037.243510,0.012759,0.014919,0.000057
2021-09-14 02:00:00,1053.201450,0.016641,0.009876,0.000055
2021-09-14 03:00:00,1141.347253,0.015826,0.006341,0.000057
2021-09-14 04:00:00,1367.018711,0.014022,0.003400,0.000450
2021-09-14 05:00:00,1552.361655,0.018574,0.005226,0.019354
2021-09-14 06:00:00,1645.776084,0.016441,0.015090,0.076710
2021-09-14 07:00:00,1687.450370,0.016967,0.018518,0.158725
2021-09-14 08:00:00,1708.008654,0.019311,0.005358,0.274030
2021-09-14 09:00:00,1735.354659,0.016043,0.000022,0.494767
2021-09-14 10:00:00,1738.462358,0.018421,0.000977,0.534546
2021-09-14 11:00:00,1781.722256,0.021267,0.001820,0.721992
2021-09-14 12:00:00,1761.764381,0.018660,0.002878,0.699760
2021-09-14 13:00:00,1657.652207,0.017229,0.002624,0.385611
2021-09-14 14:00:00,1669.482534,0.016699,0.002651,0.329779
2021-09-14 15:00:00,1775.700916,0.012747,0.004048,0.318832
2021-09-14 16:00:00,1723.566038,0.010409,0.004335,0.106729
2021-09-14 17:00:00,1645.163021,0.012802,0.020579,0.002780
2021-09-14 18:00:00,1578.238383,0.027199,0.029942,0.000215
2021-09-14 19:00:00,1450.072597,0.059387,0.072471,0.000162
2021-09-14 20:00:00,1314.271623,0.096886,0.131229,0.000121
2021-09-14 21:00:00,1192.216432,0.125983,0.167492,0.000099
2021-09-14 22:00:00,1111.149114,0.114479,0.191691,0.000089
2021-09-14 23:00:00,1063.373891,0.111411,0.187313,0.000070
2021-09-15 00:00:00,1038.961456,0.102581,0.148166,0.000068
2021-09-15 01:00:00,1034.524075,0.109008,0.164557,0.000066
2021-09-15 02:00:00,1049.940714,0.116717,0.201783,0.000060
2021-09-15 03:00:00,1144.905601,0.150679,0.246264,0.000060
2021-09-15 04:00:00,1339.600797,0.202994,0.272764,0.000752
2021-09-15 05:00:00,1524.843858,0.239697,0.351850,0.045564
2021-09-15 06:00:00,1620.101676,0.285941,0.437191,0.125998
2021-09-15 07:00:00,1673.855269,0.363893,0.458751,0.206432
2021-09-15 08:00:00,1717.483265,0.393131,0.541612,0.276146
2021-09-15 09:00:00,1722.164530,0.373737,0.596753,0.331246
2021-09-15 10:00:00,1714.740339,0.325089,0.640369,0.220595
2021-09-15 11:00:00,1704.148568,0.323730,0.609071,0.145860
2021-09-15 12:00:00,1691.022138,0.311314,0.609906,0.110876
2021-09-15 13:00:00,1683.875135,0.317268,0.619896,0.092792
2021-09-15 14:00:00,1728.768451,0.347254,0.636473,0.059303
2021-09-15 15:00:00,1819.890085,0.383982,0.680377,0.028974
2021-09-15 16:00:00,1809.501723,0.381974,0.690218,0.011172
2021-09-15 17:00:00,1735.551327,0.366062,0.672507,0.000261
2021-09-15 18:00:00,1642.190078,0.285256,0.649590,0.000130
2021-09-15 19:00:00,1509.857891,0.211212,0.622284,0.000094
2021-09-15 20:00:00,1364.111642,0.155332,0.617294,0.000086
2021-09-15 21:00:00,1234.671215,0.118476,0.598168,0.000082
2021-09-15 22:00:00,1156.964995,0.102653,0.380245,0.000077
2021-09-15 23:00:00,1108.814909,0.101117,0.108843,0.000065
2021-09-16 00:00:00,1077.639735,0.126259,0.173137,0.000063
2021-09-16 01:00:00,1072.383035,0.150615,0.275496,0.000060
2021-09-16 02:00:00,1087.822911,0.152369,0.275163,0.000050
2021-09-16 03:00:00,1178.385219,0.198923,0.327467,0.000045
2021-09-16 04:00:00,1392.596043,0.212256,0.399799,0.000080
2021-09-16 05:00:00,1580.340318,0.251122,0.388818,0.012724
2021-09-16 06:00:00,1678.572732,0.257853,0.443811,0.085287
2021-09-16 07:00:00,1717.949482,0.273931,0.497626,0.178445
2021-09-16 08:00:00,1741.164670,0.296008,0.466836,0.270842
2021-09-16 09:00:00,1752.159229,0.298080,0.439645,0.344280
2021-09-16 10:00:00,1790.746267,0.281118,0.536363,0.583072
2021-09-16 11:00:00,1775.353937,0.254501,0.555163,0.546424
2021-09-16 12:00:00,1734.134452,0.270343,0.670518,0.426492
2021-09-16 13:00:00,1714.523798,0.279569,0.707617,0.417097
2021-09-16 14:00:00,1697.668590,0.262626,0.694351,0.209113
2021-09-16 15:00:00,1800.075267,0.211426,0.557273,0.247256
2021-09-16 16:00:00,1744.570959,0.187349,0.385199,0.054140
2021-09-16 17:00:00,1680.153644,0.133998,0.251620,0.000860
2021-09-16 18:00:00,1590.271597,0.147266,0.192638,0.000204
2021-09-16 19:00:00,1480.659343,0.180666,0.236904,0.000146
2021-09-16 20:00:00,1341.599636,0.209955,0.288753,0.000111
2021-09-16 21:00:00,1227.366555,0.251689,0.343177,0.000093
2021-09-16 22:00:00,1156.707936,0.300514,0.313431,0.000076
2021-09-16 23:00:00,1107.932174,0.360818,0.383307,0.000375
2021-09-17 00:00:00,1079.674243,0.413630,0.407330,0.000062
2021-09-17 01:00:00,1068.474834,0.397896,0.379085,0.000057
2021-09-17 02:00:00,1081.219821,0.378109,0.603358,0.000061
2021-09-17 03:00:00,1178.341708,0.346670,0.593973,0.000053
2021-09-17 04:00:00,1373.457124,0.310163,0.519011,0.000181
2021-09-17 05:00:00,1569.789283,0.330454,0.460245,0.010805
2021-09-17 06:00:00,1677.229864,0.335942,0.478981,0.081930
2021-09-17 07:00:00,1723.636853,0.335054,0.472491,0.152998
2021-09-17 08:00:00,1739.675412,0.299341,0.398428,0.189505
2021-09-17 09:00:00,1725.726001,0.257423,0.320596,0.210495
2021-09-17 10:00:00,1703.754834,0.220565,0.226652,0.227338
2021-09-17 11:00:00,1677.457582,0.188274,0.167234,0.235661
2021-09-17 12:00:00,1665.008979,0.183515,0.156289,0.261137
2021-09-17 13:00:00,1644.730765,0.159384,0.154061,0.241586
2021-09-17 14:00:00,1655.445073,0.157518,0.160357,0.174073
2021-09-17 15:00:00,1718.511180,0.168509,0.216819,0.071209
2021-09-17 16:00:00,1702.017342,0.143918,0.424630,0.024489
2021-09-17 17:00:00,1643.041405,0.129617,0.643877,0.000678
2021-09-17 18:00:00,1555.469043,0.161822,0.623504,0.000119
2021-09-17 19:00:00,1439.049108,0.178408,0.643746,0.000100
2021-09-17 20:00:00,1337.474930,0.196101,0.720681,0.000092
2021-09-17 21:00:00,1234.984120,0.176470,0.677934,0.000072
2021-09-17 22:00:00,1153.566149,0.166838,0.626134,0.000057
2021-09-17 23:00:00,1095.929835,0.185229,0.649179,0.000056
2021-09-18 00:00:00,1057.733578,0.178329,0.577649,0.000053
2021-09-18 01:00:00,1039.493214,0.158494,0.586585,0.000053
2021-09-18 02:00:00,1030.574905,0.152500,0.589446,0.000049
2021-09-18 03:00:00,1049.362915,0.175780,0.614055,0.000048
2021-09-18 04:00:00,1109.143475,0.182506,0.642773,0.000053
2021-09-18 05:00:00,1203.672293,0.177643,0.683684,0.010947
2021-09-18 06:00:00,1347.769570,0.175633,0.680991,0.084525
2021-09-18 07:00:00,1476.009300,0.189073,0.664519,0.246438
2021-09-18 08:00:00,1517.430707,0.191278,0.651291,0.313330
2021-09-18 09:00:00,1509.071038,0.183487,0.579259,0.403837
2021-09-18 10:00:00,1507.275628,0.150519,0.625638,0.432304
2021-09-18 11:00:00,1496.782324,0.129628,0.560479,0.413768
2021-09-18 12:00:00,1435.875031,0.133759,0.451133,0.274256
2021-09-18 13:00:00,1428.783602,0.109133,0.418793,0.324644
2021-09-18 14:00:00,1471.765959,0.101958,0.377733,0.317224
2021-09-18 15:00:00,1559.906279,0.082925,0.381328,0.166229
2021-09-18 16:00:00,1575.109787,0.073527,0.366692,0.033460
2021-09-18 17:00:00,1532.953222,0.090527,0.369769,0.000608
2021-09-18 18:00:00,1459.576000,0.102683,0.411057,0.000200
2021-09-18 19:00:00,1366.764912,0.108557,0.405979,0.000162
2021-09-18 20:00:00,1282.808686,0.111541,0.472052,0.000128
2021-09-18 21:00:00,1190.785232,0.097957,0.364915,0.000112
2021-09-18 22:00:00,1127.166579,0.089579,0.327108,0.000083
2021-09-18 23:00:00,1075.322811,0.086677,0.285404,0.000085
2021-09-19 00:00:00,1038.650285,0.087545,0.305672,0.000068
2021-09-19 01:00:00,1026.311019,0.094377,0.306594,0.000066
2021-09-19 02:00:00,1019.869317,0.115889,0.394223,0.000065
2021-09-19 03:00:00,1034.300302,0.115638,0.515409,0.000057
2021-09-19 04:00:00,1083.370103,0.122849,0.613583,0.000075
2021-09-19 05:00:00,1169.214485,0.127716,0.617834,0.017323
2021-09-19 06:00:00,1310.606143,0.127053,0.576133,0.093328
2021-09-19 07:00:00,1416.732103,0.130209,0.596290,0.198730
2021-09-19 08:00:00,1469.631202,0.157288,0.547234,0.344449
2021-09-19 09:00:00,1472.182394,0.176695,0.527044,0.470391
2021-09-19 10:00:00,1494.843941,0.170563,0.460134,0.605445
2021-09-19 11:00:00,1505.975957,0.167449,0.378324,0.636733
2021-09-19 12:00:00,1519.469163,0.158389,0.339228,0.706362
2021-09-19 13:00:00,1529.537922,0.147768,0.344294,0.697588
2021-09-19 14:00:00,1548.214812,0.141404,0.381235,0.485005
2021-09-19 15:00:00,1626.406593,0.130157,0.525789,0.218479
2021-09-19 16:00:00,1635.705133,0.099329,0.532936,0.054394
2021-09-19 17:00:00,1596.096960,0.091727,0.433141,0.000639
2021-09-19 18:00:00,1516.852818,0.105137,0.392013,0.000225
2021-09-19 19:00:00,1403.900603,0.119462,0.397721,0.000165
2021-09-19 20:00:00,1277.481853,0.104858,0.293084,0.000127
2021-09-19 21:00:00,1169.738072,0.108831,0.274789,0.000093
2021-09-19 22:00:00,1106.567179,0.121654,0.333006,0.000072
2021-09-19 23:00:00,1056.848803,0.113691,0.362900,0.000073
2021-09-20 00:00:00,1042.150999,0.122298,0.401753,0.000063
2021-09-20 01:00:00,1046.606326,0.120197,0.368444,0.000065
2021-09-20 02:00:00,1070.202306,0.128223,0.336229,0.000053
2021-09-20 03:00:00,1168.411174,0.119993,0.372303,0.000060
2021-09-20 04:00:00,1381.826969,0.093032,0.375044,0.000185
2021-09-20 05:00:00,1580.247615,0.085367,0.462994,0.029708
2021-09-20 06:00:00,1683.328231,0.071605,0.403205,0.190238
2021-09-20 07:00:00,1697.498100,0.081351,0.247573,0.365327
2021-09-20 08:00:00,1715.256479,0.095385,0.175210,0.518888
2021-09-20 09:00:00,1743.542025,0.069680,0.133541,0.698293
2021-09-20 10:00:00,1674.056315,0.038883,0.062863,0.471322
2021-09-20 11:00:00,1686.623597,0.023097,0.026499,0.489434
2021-09-20 12:00:00,1697.721607,0.016615,0.006988,0.541064
2021-09-20 13:00:00,1683.766567,0.014639,0.000955,0.526337
2021-09-20 14:00:00,1704.336504,0.013246,0.000455,0.397828
2021-09-20 15:00:00,1803.748153,0.010860,0.000653,0.315108
2021-09-20 16:00:00,1761.245199,0.009124,0.004877,0.071914
2021-09-20 17:00:00,1710.407705,0.009383,0.005841,0.000851
2021-09-20 18:00:00,1627.270286,0.015853,0.008793,0.000249
2021-09-20 19:00:00,1509.284267,0.012994,0.009995,0.000201
2021-09-20 20:00:00,1366.695765,0.016826,0.008128,0.000149
2021-09-20 21:00:00,1235.053713,0.014400,0.023168,0.000112
2021-09-20 22:00:00,1147.907061,0.012453,0.022443,0.000081
2021-09-20 23:00:00,1099.084299,0.005670,0.020504,0.000084
2021-09-21 00:00:00,1078.344160,0.004146,0.023322,0.000075
2021-09-21 01:00:00,1079.545379,0.004785,0.030532,0.000076
2021-09-21 02:00:00,1097.249197,0.011930,0.063303,0.000072
2021-09-21 03:00:00,1185.510730,0.010601,0.082382,0.000080
2021-09-21 04:00:00,1417.194378,0.012813,0.079551,0.000161
2021-09-21 05:00:00,1614.775969,0.011442,0.063583,0.018028
2021-09-21 06:00:00,1712.352457,0.017347,0.074534,0.059557
2021-09-21 07:00:00,1753.481114,0.039928,0.076114,0.102158
2021-09-21 08:00:00,1780.112489,0.109395,0.120606,0.147186
2021-09-21 09:00:00,1772.610471,0.197806,0.119949,0.157117
2021-09-21 10:00:00,1773.330527,0.249037,0.161749,0.129355
2021-09-21 11:00:00,1767.221222,0.245514,0.201795,0.200734
2021-09-21 12:00:00,1747.179150,0.201748,0.251387,0.181549
2021-09-21 13:00:00,1728.466418,0.195030,0.217268,0.116208
2021-09-21 14:00:00,1756.668671,0.298272,0.253784,0.119960
2021-09-21 15:00:00,1869.829827,0.222081,0.279541,0.164396
2021-09-21 16:00:00,1824.656919,0.236632,0.375419,0.054817
2021-09-21 17:00:00,1755.510743,0.266813,0.514179,0.000629
2021-09-21 18:00:00,1666.451362,0.269067,0.621860,0.000097
2021-09-21 19:00:00,1526.799404,0.310825,0.615087,0.000074
2021-09-21 20:00:00,1383.406498,0.297451,0.590630,0.000060
2021-09-21 21:00:00,1269.074691,0.248592,0.579389,0.000050
2021-09-21 22:00:00,1181.314532,0.243180,0.531357,0.000055
2021-09-21 23:00:00,1126.031082,0.194570,0.506147,0.000053
2021-09-22 00:00:00,1099.178683,0.165904,0.387360,0.000050
2021-09-22 01:00:00,1093.861079,0.151076,0.287013,0.000046
2021-09-22 02:00:00,1108.496866,0.132263,0.267618,0.000050
2021-09-22 03:00:00,1197.219612,0.089753,0.205995,0.000051
2021-09-22 04:00:00,1412.211386,0.060543,0.154950,0.000130
2021-09-22 05:00:00,1602.730251,0.057233,0.106774,0.015856
2021-09-22 06:00:00,1711.552844,0.052727,0.095280,0.127804
2021-09-22 07:00:00,1764.267403,0.034109,0.049326,0.403837
2021-09-22 08:00:00,1793.627633,0.046891,0.035039,0.596022
2021-09-22 09:00:00,1776.521085,0.120598,0.054199,0.671265
2021-09-22 10:00:00,1777.164640,0.183076,0.086001,0.844802
2021-09-22 11:00:00,1773.925776,0.192911,0.082064,0.952941
2021-09-22 12:00:00,1750.103542,0.204743,0.111774,0.946283
2021-09-22 13:00:00,1706.305574,0.254096,0.141746,0.832445
2021-09-22 14:00:00,1705.350213,0.298821,0.188695,0.632134
2021-09-22 15:00:00,1763.820715,0.309674,0.260203,0.353957
2021-09-22 16:00:00,1727.802343,0.303422,0.467774,0.086472
2021-09-22 17:00:00,1707.807312,0.419927,0.625231,0.000901
2021-09-22 18:00:00,1626.381125,0.452749,0.699918,0.000296
2021-09-22 19:00:00,1522.009728,0.327364,0.718285,0.000222
2021-09-22 20:00:00,1401.707284,0.193082,0.666163,0.000160
2021-09-22 21:00:00,1253.359663,0.205422,0.648129,0.000131
2021-09-22 22:00:00,1165.274040,0.296276,0.681255,0.000107
2021-09-22 23:00:00,1129.891985,0.332257,0.612824,0.000090
2021-09-23 00:00:00,1095.410339,0.349260,0.566677,0.000089
2021-09-23 01:00:00,1095.941204,0.463187,0.629243,0.000080
2021-09-23 02:00:00,1117.984456,0.439012,0.758444,0.000080
2021-09-23 03:00:00,1204.432101,0.379591,0.838888,0.000087
2021-09-23 04:00:00,1433.252581,0.457692,0.878024,0.000108
2021-09-23 05:00:00,1628.463666,0.482605,0.917530,0.006743
2021-09-23 06:00:00,1726.209050,0.440663,0.900475,0.034025
2021-09-23 07:00:00,1779.356482,0.441498,0.949771,0.064974
2021-09-23 08:00:00,1817.667097,0.602271,0.961817,0.094823
2021-09-23 09:00:00,1826.654416,0.758192,0.965374,0.072732
2021-09-23 10:00:00,1838.252893,0.857695,0.968983,0.086105
2021-09-23 11:00:00,1848.497896,0.909980,0.968453,0.099929
2021-09-23 12:00:00,1853.038239,0.924125,0.962907,0.173339
2021-09-23 13:00:00,1815.495308,0.913559,0.962028,0.301058
2021-09-23 14:00:00,1782.803317,0.924011,0.965436,0.233855
2021-09-23 15:00:00,1900.746112,0.657651,0.897029,0.149443
2021-09-23 16:00:00,1863.773573,0.625156,0.814678,0.054676
2021-09-23 17:00:00,1813.811643,0.564679,0.763651,0.000495
2021-09-23 18:00:00,1713.959273,0.571034,0.687816,0.000139
2021-09-23 19:00:00,1585.813976,0.571497,0.718780,0.000107
2021-09-23 20:00:00,1439.976410,0.547571,0.820595,0.000105
2021-09-23 21:00:00,1321.840998,0.578804,0.862593,0.000084
2021-09-23 22:00:00,1233.244880,0.483502,0.861711,0.000073
2021-09-23 23:00:00,1194.531797,0.453531,0.859472,0.000075
2021-09-24 00:00:00,1168.775356,0.492557,0.846837,0.000081
2021-09-24 01:00:00,1163.930859,0.524732,0.845631,0.000070
2021-09-24 02:00:00,1170.463946,0.486399,0.842042,0.000069
2021-09-24 03:00:00,1249.703639,0.447387,0.841475,0.000065
2021-09-24 04:00:00,1453.555321,0.547584,0.843018,0.000139
2021-09-24 05:00:00,1658.160813,0.551480,0.837873,0.022711
2021-09-24 06:00:00,1760.568718,0.479519,0.835822,0.116434
2021-09-24 07:00:00,1792.950423,0.478403,0.801404,0.283086
2021-09-24 08:00:00,1746.520944,0.445222,0.770880,0.260629
2021-09-24 09:00:00,1752.025103,0.433900,0.739379,0.374185
2021-09-24 10:00:00,1710.242637,0.436711,0.720853,0.332515
2021-09-24 11:00:00,1691.293600,0.433676,0.705776,0.210805
2021-09-24 12:00:00,1671.908422,0.434319,0.627197,0.188630
2021-09-24 13:00:00,1655.339941,0.520282,0.714425,0.211426
2021-09-24 14:00:00,1669.078774,0.543340,0.794174,0.111948
2021-09-24 15:00:00,1773.784408,0.402302,0.796521,0.085343
2021-09-24 16:00:00,1764.628520,0.643856,0.833749,0.017379
2021-09-24 17:00:00,1698.171023,0.498487,0.872055,0.000222
2021-09-24 18:00:00,1595.346351,0.563124,0.918148,0.000168
2021-09-24 19:00:00,1474.342724,0.395693,0.884208,0.000135
2021-09-24 20:00:00,1390.282106,0.367296,0.823693,0.000114
2021-09-24 21:00:00,1303.842075,0.289578,0.850862,0.000103
2021-09-24 22:00:00,1200.027661,0.267145,0.824449,0.000093
2021-09-24 23:00:00,1138.695526,0.413005,0.829287,0.000091
2021-09-25 00:00:00,1110.496096,0.325384,0.812044,0.000087
2021-09-25 01:00:00,1092.091087,0.458518,0.800297,0.000083
2021-09-25 02:00:00,1079.024358,0.378695,0.809462,0.000073
2021-09-25 03:00:00,1084.340064,0.344848,0.783986,0.000068
2021-09-25 04:00:00,1133.332542,0.309774,0.737533,0.000074
2021-09-25 05:00:00,1221.314228,0.256844,0.696383,0.024489
2021-09-25 06:00:00,1350.698663,0.218125,0.646151,0.139568
2021-09-25 07:00:00,1453.803962,0.223086,0.583177,0.321230
2021-09-25 08:00:00,1523.109960,0.283499,0.585138,0.508986
2021-09-25 09:00:00,1585.475032,0.339566,0.543776,0.790126
2021-09-25 10:00:00,1604.813812,0.373500,0.482282,0.935760
2021-09-25 11:00:00,1579.347455,0.385542,0.416888,0.934885
2021-09-25 12:00:00,1553.370597,0.301707,0.327354,0.850698
2021-09-25 13:00:00,1512.892584,0.230694,0.251761,0.710763
2021-09-25 14:00:00,1463.588742,0.157069,0.181965,0.345719
2021-09-25 15:00:00,1538.029487,0.066671,0.139637,0.167273
2021-09-25 16:00:00,1545.697065,0.023027,0.107768,0.048300
2021-09-25 17:00:00,1530.812234,0.011606,0.036651,0.000453
2021-09-25 18:00:00,1457.024828,0.009080,0.013446,0.000250
2021-09-25 19:00:00,1365.440865,0.006608,0.002227,0.000183
2021-09-25 20:00:00,1287.142149,0.003310,0.000158,0.000151
2021-09-25 21:00:00,1206.560989,0.002233,0.000216,0.000133
2021-09-25 22:00:00,1122.944477,0.004298,0.001784,0.000113
2021-09-25 23:00:00,1073.709541,0.011414,0.000734,0.000100
2021-09-26 00:00:00,1042.226791,0.029836,0.011590,0.000082
2021-09-26 01:00:00,1031.002379,0.050270,0.019202,0.000065
2021-09-26 02:00:00,1031.669316,0.072848,0.026158,0.000079
2021-09-26 03:00:00,1041.655328,0.085162,0.028962,0.000065
2021-09-26 04:00:00,1087.420310,0.103058,0.039037,0.000058
2021-09-26 05:00:00,1168.792793,0.099456,0.072954,0.015150
2021-09-26 06:00:00,1294.091459,0.095580,0.107968,0.074651
2021-09-26 07:00:00,1385.570266,0.070388,0.129969,0.169135
2021-09-26 08:00:00,1478.793154,0.055572,0.147062,0.410580
2021-09-26 09:00:00,1520.717904,0.077820,0.187505,0.592383
2021-09-26 10:00:00,1483.124445,0.106239,0.258569,0.552518
2021-09-26 11:00:00,1446.174649,0.129346,0.316318,0.487967
2021-09-26 12:00:00,1461.663266,0.125938,0.364323,0.547806
2021-09-26 13:00:00,1451.987118,0.153621,0.358592,0.375032
2021-09-26 14:00:00,1491.019682,0.175549,0.379442,0.313725
2021-09-26 15:00:00,1590.301245,0.199540,0.455754,0.156073
2021-09-26 16:00:00,1605.261135,0.235889,0.522376,0.033235
2021-09-26 17:00:00,1584.738518,0.296344,0.630161,0.000302
2021-09-26 18:00:00,1505.184731,0.299777,0.674189,0.000225
2021-09-26 19:00:00,1396.730096,0.316817,0.682083,0.000162
2021-09-26 20:00:00,1282.719353,0.327342,0.707775,0.000132
2021-09-26 21:00:00,1173.470086,0.317208,0.652846,0.000105
2021-09-26 22:00:00,1095.487515,0.287490,0.566345,0.000107
2021-09-26 23:00:00,1045.132049,0.249074,0.485211,0.000074
2021-09-27 00:00:00,1023.520154,0.211008,0.477741,0.000062
2021-09-27 01:00:00,1023.610597,0.186030,0.478644,0.000060
2021-09-27 02:00:00,1041.542727,0.173103,0.503191,0.000060
2021-09-27 03:00:00,1136.908943,0.161025,0.561371,0.000060
2021-09-27 04:00:00,1355.340533,0.163766,0.618772,0.000073
2021-09-27 05:00:00,1548.349997,0.160437,0.654419,0.008605
2021-09-27 06:00:00,1644.994967,0.190742,0.682504,0.042014
2021-09-27 07:00:00,1684.507858,0.200884,0.611854,0.100465
2021-09-27 08:00:00,1697.643345,0.234858,0.620417,0.127919
2021-09-27 09:00:00,1698.567969,0.292127,0.582135,0.162104
2021-09-27 10:00:00,1700.937409,0.315194,0.622255,0.160351
2021-09-27 11:00:00,1710.077447,0.295446,0.636172,0.143374
2021-09-27 12:00:00,1716.060954,0.315941,0.640470,0.148484
2021-09-27 13:00:00,1681.356113,0.308244,0.660187,0.101820
2021-09-27 14:00:00,1710.711091,0.317735,0.636603,0.116067
2021-09-27 15:00:00,1821.695160,0.267140,0.591617,0.045959
2021-09-27 16:00:00,1811.811656,0.266148,0.545131,0.015743
2021-09-27 17:00:00,1741.447675,0.264992,0.502952,0.000152
2021-09-27 18:00:00,1620.627942,0.287775,0.511193,0.000116
2021-09-27 19:00:00,1507.466475,0.305251,0.530444,0.000093
2021-09-27 20:00:00,1366.239148,0.317766,0.492424,0.000066
2021-09-27 21:00:00,1241.135709,0.281602,0.615366,0.000060
2021-09-27 22:00:00,1164.358508,0.250763,0.634581,0.000051
2021-09-27 23:00:00,1101.505032,0.150434,0.559254,0.000047
2021-09-28 00:00:00,1077.519647,0.119202,0.385016,0.000047
2021-09-28 01:00:00,1076.931586,0.118780,0.343391,0.000045
2021-09-28 02:00:00,1099.248809,0.146192,0.320412,0.000045
2021-09-28 03:00:00,1184.319187,0.158228,0.343622,0.000051
2021-09-28 04:00:00,1403.738945,0.135297,0.377959,0.000061
2021-09-28 05:00:00,1594.810351,0.116389,0.267073,0.010298
2021-09-28 06:00:00,1693.682802,0.092508,0.230250,0.151700
2021-09-28 07:00:00,1749.869412,0.065648,0.234111,0.337960
2021-09-28 08:00:00,1740.052542,0.058175,0.227091,0.392044
2021-09-28 09:00:00,1734.411117,0.041059,0.197266,0.562646
2021-09-28 10:00:00,1727.515854,0.036699,0.177083,0.695867
2021-09-28 11:00:00,1711.460784,0.041159,0.116292,0.747214
2021-09-28 12:00:00,1672.044574,0.026455,0.060299,0.674143
2021-09-28 13:00:00,1631.534043,0.011233,0.052388,0.583947
2021-09-28 14:00:00,1636.504733,0.004032,0.052184,0.426915
2021-09-28 15:00:00,1737.694222,0.001674,0.034966,0.201608
2021-09-28 16:00:00,1742.064356,0.000875,0.013381,0.034109
2021-09-28 17:00:00,1726.150036,0.001297,0.000681,0.000314
2021-09-28 18:00:00,1619.730729,0.002829,0.000018,0.000291
2021-09-28 19:00:00,1490.706887,0.006435,0.000017,0.000220
2021-09-28 20:00:00,1356.266912,0.009496,0.000017,0.000162
2021-09-28 21:00:00,1225.097545,0.012308,0.000951,0.000129
2021-09-28 22:00:00,1147.894683,0.019024,0.001576,0.000113
2021-09-28 23:00:00,1100.695838,0.023224,0.002810,0.000090
2021-09-29 00:00:00,1079.927895,0.033147,0.013490,0.000077
2021-09-29 01:00:00,1084.099504,0.047704,0.034489,0.000085
2021-09-29 02:00:00,1105.616160,0.067548,0.025700,0.000070
2021-09-29 03:00:00,1206.585306,0.066831,0.029669,0.000075
2021-09-29 04:00:00,1449.159218,0.055783,0.030725,0.000079
2021-09-29 05:00:00,1618.481558,0.109655,0.058742,0.015037
2021-09-29 06:00:00,1708.533658,0.132438,0.095077,0.120948
2021-09-29 07:00:00,1768.123402,0.121278,0.131046,0.282579
2021-09-29 08:00:00,1770.710419,0.114960,0.140017,0.377966
2021-09-29 09:00:00,1787.505499,0.173245,0.101404,0.500945
2021-09-29 10:00:00,1773.467860,0.187267,0.114159,0.440006
2021-09-29 11:00:00,1716.278913,0.229474,0.209742,0.258344
2021-09-29 12:00:00,1700.035853,0.163874,0.164106,0.100973
2021-09-29 13:00:00,1706.540486,0.115353,0.370552,0.083481
2021-09-29 14:00:00,1793.318173,0.119658,0.639651,0.180279
2021-09-29 15:00:00,1899.100198,0.153843,0.657552,0.109945
2021-09-29 16:00:00,1869.873068,0.192562,0.692118,0.031147
2021-09-29 17:00:00,1781.126195,0.201258,0.731605,0.000178
2021-09-29 18:00:00,1655.584336,0.220189,0.814060,0.000144
2021-09-29 19:00:00,1556.282265,0.205333,0.717155,0.000130
2021-09-29 20:00:00,1421.212902,0.307603,0.770616,0.000100
2021-09-29 21:00:00,1289.901273,0.426589,0.807887,0.000078
2021-09-29 22:00:00,1223.050402,0.477337,0.919923,0.000067
2021-09-29 23:00:00,1174.747471,0.575891,0.947320,0.000074
2021-09-30 00:00:00,1156.928542,0.624204,0.941971,0.000070
2021-09-30 01:00:00,1154.885275,0.429904,0.960409,0.000065
2021-09-30 02:00:00,1182.427259,0.480810,0.886218,0.000065
2021-09-30 03:00:00,1253.791928,0.367175,0.863445,0.000069
2021-09-30 04:00:00,1486.377825,0.395305,0.826030,0.000083
2021-09-30 05:00:00,1691.830253,0.360493,0.831869,0.004486
2021-09-30 06:00:00,1755.175259,0.666520,0.949815,0.040513
2021-09-30 07:00:00,1807.910865,0.662975,0.968703,0.111102
2021-09-30 08:00:00,1827.882642,0.741200,0.953631,0.233291
2021-09-30 09:00:00,1845.394725,0.769734,0.951552,0.319142
2021-09-30 10:00:00,1823.887435,0.823883,0.968128,0.155452
2021-09-30 11:00:00,1834.492681,0.864633,0.968222,0.201580
2021-09-30 12:00:00,1868.635166,0.759748,0.972186,0.301791
2021-09-30 13:00:00,1827.504535,0.725247,0.972847,0.262012
2021-09-30 14:00:00,1848.844757,0.620223,0.977902,0.261758
2021-09-30 15:00:00,1908.750683,0.563344,0.958583,0.186994
2021-09-30 16:00:00,1878.664695,0.578531,0.949626,0.024799
2021-09-30 17:00:00,1816.606172,0.431084,0.836486,0.000175
2021-09-30 18:00:00,1687.451713,0.489002,0.906030,0.000137
2021-09-30 19:00:00,1569.886349,0.531888,0.953989,0.000118
2021-09-30 20:00:00,1432.915565,0.388732,0.864455,0.000082
2021-09-30 21:00:00,1323.248495,0.436370,0.960270,0.000070
2021-09-30 22:00:00,1257.559507,0.322998,0.870763,0.000074
2021-09-30 23:00:00,1202.824509,0.334677,0.847562,0.000070
2021-10-01 00:00:00,1184.179537,0.323573,0.855755,0.000061
2021-10-01 01:00:00,1175.718062,0.364312,0.852261,0.000069
2021-10-01 02:00:00,1199.079764,0.450920,0.867580,0.000072
2021-10-01 03:00:00,1288.383572,0.589067,0.873321,0.000072
2021-10-01 04:00:00,1505.747491,0.548265,0.875741,0.000077
2021-10-01 05:00:00,1703.087017,0.541861,0.876285,0.003080
2021-10-01 06:00:00,1785.047483,0.520717,0.877760,0.030216
2021-10-01 07:00:00,1826.676077,0.481072,0.877249,0.097277
2021-10-01 08:00:00,1837.255574,0.500727,0.870636,0.260883
2021-10-01 09:00:00,1819.778271,0.548392,0.864538,0.377797
2021-10-01 10:00:00,1794.440918,0.478571,0.861295,0.474764
2021-10-01 11:00:00,1815.720110,0.488890,0.846905,0.681789
2021-10-01 12:00:00,1850.532079,0.484735,0.819648,0.888024
2021-10-01 13:00:00,1825.282074,0.430908,0.790681,0.823445
2021-10-01 14:00:00,1850.344334,0.349714,0.813591,0.760728
2021-10-01 15:00:00,1814.538854,0.306077,0.840843,0.288983
2021-10-01 16:00:00,1781.328923,0.353736,0.840073,0.041473
2021-10-01 17:00:00,1725.356575,0.292565,0.799517,0.000290
2021-10-01 18:00:00,1611.838141,0.395694,0.872113,0.000217
2021-10-01 19:00:00,1499.761631,0.424231,0.872206,0.000184
2021-10-01 20:00:00,1393.560292,0.523456,0.892770,0.000158
2021-10-01 21:00:00,1306.344650,0.455000,0.891468,0.000125
2021-10-01 22:00:00,1229.186048,0.405206,0.872025,0.000096
2021-10-01 23:00:00,1190.632996,0.202440,0.802811,0.000092
2021-10-02 00:00:00,1144.377935,0.198149,0.756655,0.000083
2021-10-02 01:00:00,1119.525046,0.169596,0.595280,0.000076
2021-10-02 02:00:00,1089.635534,0.166822,0.389362,0.000066
2021-10-02 03:00:00,1107.459209,0.198090,0.276193,0.000066
2021-10-02 04:00:00,1160.355180,0.198155,0.231793,0.000072
2021-10-02 05:00:00,1256.836857,0.154234,0.235952,0.002060
2021-10-02 06:00:00,1400.036242,0.155436,0.234654,0.056143
2021-10-02 07:00:00,1523.304236,0.155385,0.181998,0.143828
2021-10-02 08:00:00,1604.128668,0.174991,0.182047,0.236705
2021-10-02 09:00:00,1627.455395,0.163391,0.217037,0.309578
2021-10-02 10:00:00,1704.888261,0.149447,0.203862,0.549556
2021-10-02 11:00:00,1724.362854,0.149809,0.207133,0.632868
2021-10-02 12:00:00,1684.528228,0.125568,0.157346,0.573367
2021-10-02 13:00:00,1684.509046,0.136531,0.176199,0.661814
2021-10-02 14:00:00,1662.893399,0.192673,0.254746,0.468529
2021-10-02 15:00:00,1706.992930,0.234686,0.341788,0.241050
2021-10-02 16:00:00,1696.318580,0.257580,0.333878,0.041162
2021-10-02 17:00:00,1636.013771,0.328467,0.377460,0.000113
2021-10-02 18:00:00,1524.342726,0.244878,0.500071,0.000093
2021-10-02 19:00:00,1458.278921,0.270238,0.674453,0.000072
2021-10-02 20:00:00,1377.852817,0.353327,0.888871,0.000076
2021-10-02 21:00:00,1309.901730,0.457377,0.938433,0.000072
2021-10-02 22:00:00,1255.748863,0.504897,0.881540,0.000070
2021-10-02 23:00:00,1197.273315,0.529674,0.285078,0.000064
2021-10-03 00:00:00,1167.057105,0.527852,0.233944,0.000064
2021-10-03 01:00:00,1135.795495,0.646886,0.234078,0.000065
2021-10-03 02:00:00,1143.406860,0.680683,0.231270,0.000071
2021-10-03 03:00:00,1121.974602,0.675718,0.228790,0.000058
2021-10-03 04:00:00,1190.158254,0.676371,0.323419,0.000068
2021-10-03 05:00:00,1258.603061,0.674993,0.654469,0.000838
2021-10-03 06:00:00,1423.714783,0.722621,0.796912,0.108450
2021-10-03 07:00:00,1576.050606,0.823580,0.945667,0.242009
2021-10-03 08:00:00,1664.380213,0.814785,0.947728,0.360671
2021-10-03 09:00:00,1700.638605,0.792656,0.951137,0.460432
2021-10-03 10:00:00,1712.150810,0.764050,0.947871,0.429877
2021-10-03 11:00:00,1738.170155,0.737985,0.943181,0.518324
2021-10-03 12:00:00,1742.796294,0.737611,0.947630,0.547863
2021-10-03 13:00:00,1675.617527,0.737042,0.956121,0.343236
2021-10-03 14:00:00,1659.662474,0.734773,0.968546,0.200000
2021-10-03 15:00:00,1765.185188,0.690907,0.970213,0.092904
2021-10-03 16:00:00,1774.212212,0.563486,0.969210,0.002554
2021-10-03 17:00:00,1743.825418,0.460930,0.970931,0.000119
2021-10-03 18:00:00,1621.559509,0.421794,0.857292,0.000097
2021-10-03 19:00:00,1510.685615,0.408715,0.810253,0.000073
2021-10-03 20:00:00,1379.004741,0.357662,0.942079,0.000060
2021-10-03 21:00:00,1271.379212,0.346534,0.903362,0.000058
2021-10-03 22:00:00,1160.152760,0.137172,0.741971,0.000054
2021-10-03 23:00:00,1100.111566,0.116411,0.520119,0.000053
2021-10-04 00:00:00,1087.331199,0.140256,0.280988,0.000049
2021-10-04 01:00:00,1081.159628,0.187545,0.248373,0.000042
2021-10-04 02:00:00,1100.666738,0.187494,0.264140,0.000037
2021-10-04 03:00:00,1189.224403,0.206061,0.298963,0.000035
2021-10-04 04:00:00,1421.724633,0.180220,0.275068,0.000044
2021-10-04 05:00:00,1628.634508,0.214563,0.262568,0.001870
2021-10-04 06:00:00,1729.113550,0.195269,0.261042,0.082409
2021-10-04 07:00:00,1735.827800,0.183058,0.237788,0.080901
2021-10-04 08:00:00,1745.767044,0.219543,0.263545,0.133292
2021-10-04 09:00:00,1733.200013,0.224015,0.344353,0.159708
2021-10-04 10:00:00,1716.888999,0.193796,0.351149,0.160804
2021-10-04 11:00:00,1713.716945,0.190788,0.317202,0.175662
2021-10-04 12:00:00,1703.441787,0.206567,0.332337,0.124870
2021-10-04 13:00:00,1668.978160,0.183916,0.285027,0.152088
2021-10-04 14:00:00,1678.503377,0.240804,0.232847,0.178256
2021-10-04 15:00:00,1775.919218,0.223135,0.277930,0.095578
2021-10-04 16:00:00,1801.200322,0.198600,0.283877,0.011962
2021-10-04 17:00:00,1775.087997,0.208187,0.338592,0.000194
2021-10-04 18:00:00,1652.816903,0.238898,0.360668,0.000159
2021-10-04 19:00:00,1528.773458,0.265306,0.410982,0.000105
2021-10-04 20:00:00,1404.545763,0.261595,0.418206,0.000082
2021-10-04 21:00:00,1281.629600,0.265523,0.377065,0.000058
2021-10-04 22:00:00,1188.650810,0.255481,0.323009,0.000057
2021-10-04 23:00:00,1133.694392,0.234333,0.229310,0.000051
2021-10-05 00:00:00,1110.005885,0.174408,0.121270,0.000055
2021-10-05 01:00:00,1118.318647,0.110232,0.065450,0.000048
2021-10-05 02:00:00,1121.104238,0.078188,0.046284,0.000046
2021-10-05 03:00:00,1207.775337,0.094153,0.053553,0.000043
2021-10-05 04:00:00,1434.604666,0.121997,0.120711,0.000060
2021-10-05 05:00:00,1643.106779,0.164126,0.170949,0.002030
2021-10-05 06:00:00,1709.376302,0.126685,0.297144,0.026957
2021-10-05 07:00:00,1743.888161,0.095290,0.397686,0.073776
2021-10-05 08:00:00,1798.853464,0.133725,0.321845,0.158358
2021-10-05 09:00:00,1794.970265,0.207198,0.289065,0.157088
2021-10-05 10:00:00,1803.183745,0.171388,0.291155,0.108901
2021-10-05 11:00:00,1791.145622,0.140850,0.436481,0.091212
2021-10-05 12:00:00,1801.487291,0.149393,0.635205,0.064946
2021-10-05 13:00:00,1780.021006,0.153886,0.674725,0.044379
2021-10-05 14:00:00,1815.364998,0.124474,0.668875,0.024348
2021-10-05 15:00:00,1938.417394,0.150244,0.682239,0.006686
2021-10-05 16:00:00,1935.291592,0.155966,0.561963,0.000527
2021-10-05 17:00:00,1834.799658,0.111160,0.414320,0.000081
2021-10-05 18:00:00,1681.704309,0.053065,0.438899,0.000069
2021-10-05 19:00:00,1559.554073,0.038315,0.409893,0.000047
2021-10-05 20:00:00,1418.495500,0.029336,0.431572,0.000047
2021-10-05 21:00:00,1297.431207,0.060819,0.677236,0.000052
2021-10-05 22:00:00,1211.089751,0.120429,0.549188,0.000044
2021-10-05 23:00:00,1141.357664,0.107628,0.542788,0.000042
2021-10-06 00:00:00,1119.053773,0.105792,0.466847,0.000039
2021-10-06 01:00:00,1114.397823,0.117921,0.309276,0.000037
2021-10-06 02:00:00,1138.391926,0.152127,0.347529,0.000037
2021-10-06 03:00:00,1226.663987,0.198513,0.345870,0.000037
2021-10-06 04:00:00,1459.107418,0.210088,0.344983,0.000049
2021-10-06 05:00:00,1677.519464,0.244296,0.390760,0.001276
2021-10-06 06:00:00,1745.488379,0.202387,0.362954,0.055241
2021-10-06 07:00:00,1795.160670,0.194492,0.449880,0.190041
2021-10-06 08:00:00,1822.147042,0.226532,0.432549,0.302835
2021-10-06 09:00:00,1756.967333,0.186085,0.369793,0.274256
2021-10-06 10:00:00,1735.727140,0.130649,0.323588,0.406686
2021-10-06 11:00:00,1722.950923,0.107190,0.293271,0.473127
2021-10-06 12:00:00,1692.954967,0.077347,0.198829,0.416561
2021-10-06 13:00:00,1671.647270,0.051959,0.119233,0.363211
2021-10-06 14:00:00,1674.918834,0.025753,0.050951,0.264099
2021-10-06 15:00:00,1778.132232,0.025392,0.023343,0.111158
2021-10-06 16:00:00,1807.268147,0.035136,0.012156,0.009141
2021-10-06 17:00:00,1780.830587,0.043597,0.023358,0.000322
2021-10-06 18:00:00,1657.448930,0.042968,0.021853,0.000245
2021-10-06 19:00:00,1532.597980,0.057022,0.039138,0.000182
2021-10-06 20:00:00,1404.838391,0.068581,0.060146,0.000146
2021-10-06 21:00:00,1281.309813,0.059311,0.076171,0.000122
2021-10-06 22:00:00,1195.646771,0.047263,0.033197,0.000091
2021-10-06 23:00:00,1152.634147,0.022371,0.003914,0.000087
2021-10-07 00:00:00,1137.548687,0.010568,0.000017,0.000087
2021-10-07 01:00:00,1130.605675,0.008460,0.000018,0.000085
2021-10-07 02:00:00,1147.879197,0.009920,0.000017,0.000070
2021-10-07 03:00:00,1239.431640,0.004554,0.000234,0.000078
2021-10-07 04:00:00,1474.615002,0.003858,0.000129,0.000082
2021-10-07 05:00:00,1677.187091,0.008364,0.000044,0.005981
2021-10-07 06:00:00,1752.807883,0.007388,0.001839,0.093723
2021-10-07 07:00:00,1774.101615,0.005457,0.002154,0.288983
2021-10-07 08:00:00,1779.657875,0.002709,0.000096,0.491550
2021-10-07 09:00:00,1768.685404,0.005801,0.000058,0.649429
2021-10-07 10:00:00,1763.889608,0.016405,0.000097,0.697898
2021-10-07 11:00:00,1773.836758,0.015430,0.000105,0.764113
2021-10-07 12:00:00,1764.357314,0.011054,0.000319,0.763464
2021-10-07 13:00:00,1706.531216,0.009036,0.000665,0.595430
2021-10-07 14:00:00,1711.701542,0.008495,0.000734,0.366540
2021-10-07 15:00:00,1789.703635,0.005106,0.000981,0.179066
2021-10-07 16:00:00,1807.050149,0.003085,0.009990,0.017887
2021-10-07 17:00:00,1776.070648,0.005717,0.012925,0.000350
2021-10-07 18:00:00,1650.770922,0.016419,0.015454,0.000282
2021-10-07 19:00:00,1530.243735,0.036668,0.020617,0.000216
2021-10-07 20:00:00,1401.209946,0.056398,0.016014,0.000166
2021-10-07 21:00:00,1275.785863,0.056635,0.020368,0.000113
2021-10-07 22:00:00,1197.801212,0.060370,0.022281,0.000093
2021-10-07 23:00:00,1147.149554,0.046972,0.023707,0.000090
2021-10-08 00:00:00,1122.627700,0.036239,0.011008,0.000078
2021-10-08 01:00:00,1121.318269,0.026207,0.002156,0.000074
2021-10-08 02:00:00,1137.634167,0.023137,0.004516,0.000071
2021-10-08 03:00:00,1219.134041,0.024854,0.002991,0.000073
2021-10-08 04:00:00,1444.442536,0.021968,0.011767,0.000080
2021-10-08 05:00:00,1647.479862,0.014550,0.018356,0.001764
2021-10-08 06:00:00,1735.520811,0.020156,0.035796,0.037664
2021-10-08 07:00:00,1785.780221,0.015286,0.052639,0.104613
2021-10-08 08:00:00,1799.682899,0.015248,0.053054,0.183552
2021-10-08 09:00:00,1780.412042,0.017704,0.055259,0.266695
2021-10-08 10:00:00,1755.000138,0.018354,0.059513,0.398815
2021-10-08 11:00:00,1718.176271,0.014618,0.073366,0.542502
2021-10-08 12:00:00,1684.911182,0.023247,0.080521,0.585358
2021-10-08 13:00:00,1637.354414,0.033943,0.099296,0.515362
2021-10-08 14:00:00,1660.102328,0.036078,0.107408,0.317450
2021-10-08 15:00:00,1740.939388,0.031057,0.156453,0.111017
2021-10-08 16:00:00,1769.481501,0.049123,0.141411,0.007166
2021-10-08 17:00:00,1723.844340,0.076131,0.111305,0.000301
2021-10-08 18:00:00,1602.132405,0.083280,0.116713,0.000230
2021-10-08 19:00:00,1493.669421,0.076640,0.125724,0.000171
2021-10-08 20:00:00,1396.752652,0.081473,0.113718,0.000126
2021-10-08 21:00:00,1297.982347,0.061181,0.118962,0.000097
2021-10-08 22:00:00,1220.348412,0.060478,0.111519,0.000088
2021-10-08 23:00:00,1166.120160,0.057426,0.086391,0.000093
2021-10-09 00:00:00,1119.209095,0.044412,0.071589,0.000073
2021-10-09 01:00:00,1101.829390,0.036593,0.093688,0.000068
2021-10-09 02:00:00,1099.217099,0.036301,0.047873,0.000065
2021-10-09 03:00:00,1110.423894,0.023086,0.019486,0.000055
2021-10-09 04:00:00,1172.778381,0.016946,0.037636,0.000059
2021-10-09 05:00:00,1275.333956,0.031485,0.073578,0.004091
2021-10-09 06:00:00,1398.893682,0.061729,0.097989,0.075469
2021-10-09 07:00:00,1498.646491,0.055672,0.096237,0.242827
2021-10-09 08:00:00,1549.676411,0.047439,0.091662,0.453463
2021-10-09 09:00:00,1550.331038,0.078677,0.067181,0.649175
2021-10-09 10:00:00,1532.535504,0.080154,0.063047,0.720384
2021-10-09 11:00:00,1518.539000,0.071798,0.052159,0.737340
2021-10-09 12:00:00,1487.879417,0.066252,0.049103,0.665848
2021-10-09 13:00:00,1466.943971,0.048307,0.053245,0.497419
2021-10-09 14:00:00,1493.807453,0.038974,0.052300,0.285964
2021-10-09 15:00:00,1612.614425,0.035163,0.049663,0.085033
2021-10-09 16:00:00,1665.580187,0.051678,0.074928,0.005925
2021-10-09 17:00:00,1636.096018,0.101682,0.128329,0.000336
2021-10-09 18:00:00,1521.181543,0.182925,0.184485,0.000262
2021-10-09 19:00:00,1434.471751,0.215494,0.243683,0.000217
2021-10-09 20:00:00,1368.939539,0.215813,0.284343,0.000176
2021-10-09 21:00:00,1274.433701,0.200024,0.299428,0.000132
2021-10-09 22:00:00,1214.672867,0.180066,0.259273,0.000114
2021-10-09 23:00:00,1171.679038,0.163874,0.216467,0.000091
2021-10-10 00:00:00,1140.480698,0.158110,0.220506,0.000082
2021-10-10 01:00:00,1121.633445,0.147760,0.213959,0.000079
2021-10-10 02:00:00,1118.304313,0.136175,0.188591,0.000065
2021-10-10 03:00:00,1131.758353,0.135170,0.151444,0.000075
2021-10-10 04:00:00,1180.886303,0.130121,0.116560,0.000072
2021-10-10 05:00:00,1270.207964,0.118222,0.091817,0.003198
2021-10-10 06:00:00,1393.090836,0.107792,0.117371,0.097926
2021-10-10 07:00:00,1488.414687,0.092767,0.136516,0.299139
2021-10-10 08:00:00,1532.509360,0.093768,0.182260,0.482889
2021-10-10 09:00:00,1535.146323,0.141327,0.183127,0.543264
2021-10-10 10:00:00,1537.123564,0.191464,0.169210,0.514600
2021-10-10 11:00:00,1523.432659,0.235759,0.190834,0.349302
2021-10-10 12:00:00,1521.820224,0.258990,0.251920,0.207871
2021-10-10 13:00:00,1532.986603,0.256080,0.268935,0.273127
2021-10-10 14:00:00,1570.555645,0.244725,0.332920,0.279475
2021-10-10 15:00:00,1671.289532,0.201492,0.376068,0.110340
2021-10-10 16:00:00,1742.439184,0.187118,0.430902,0.004937
2021-10-10 17:00:00,1703.393689,0.192875,0.474652,0.000286
2021-10-10 18:00:00,1586.482880,0.243820,0.596406,0.000228
2021-10-10 19:00:00,1483.138801,0.260115,0.689083,0.000164
2021-10-10 20:00:00,1367.158278,0.251670,0.607627,0.000133
2021-10-10 21:00:00,1276.927097,0.248911,0.521436,0.000120
2021-10-10 22:00:00,1197.125502,0.253701,0.532936,0.000092
2021-10-10 23:00:00,1150.596663,0.245435,0.525346,0.000092
2021-10-11 00:00:00,1122.179402,0.169441,0.461825,0.000087
2021-10-11 01:00:00,1123.527398,0.157124,0.354866,0.000071
2021-10-11 02:00:00,1145.853683,0.174016,0.302185,0.000063
2021-10-11 03:00:00,1230.755942,0.195163,0.306100,0.000073
2021-10-11 04:00:00,1489.632221,0.214602,0.387786,0.000078
2021-10-11 05:00:00,1674.124059,0.219709,0.404842,0.002090
2021-10-11 06:00:00,1763.068246,0.257371,0.434801,0.080265
2021-10-11 07:00:00,1804.993398,0.295990,0.527808,0.263535
2021-10-11 08:00:00,1828.138155,0.430204,0.575124,0.432642
2021-10-11 09:00:00,1827.294649,0.509062,0.739787,0.510763
2021-10-11 10:00:00,1824.119294,0.551997,0.841201,0.532177
2021-10-11 11:00:00,1838.465964,0.507591,0.812152,0.481648
2021-10-11 12:00:00,1822.461738,0.546017,0.848771,0.477754
2021-10-11 13:00:00,1780.586763,0.483480,0.767574,0.412103
2021-10-11 14:00:00,1800.694757,0.516149,0.781761,0.226069
2021-10-11 15:00:00,1920.206508,0.490691,0.847629,0.063507
2021-10-11 16:00:00,1940.857605,0.452125,0.978143,0.002365
2021-10-11 17:00:00,1858.739603,0.559806,0.938880,0.000309
2021-10-11 18:00:00,1724.370270,0.614749,0.935769,0.000237
2021-10-11 19:00:00,1595.945734,0.580159,0.919270,0.000187
2021-10-11 20:00:00,1465.447123,0.609572,0.951293,0.000164
2021-10-11 21:00:00,1349.612827,0.593625,0.947157,0.000119
2021-10-11 22:00:00,1256.622236,0.407785,0.929431,0.000108
2021-10-11 23:00:00,1207.887761,0.361298,0.895098,0.000111
2021-10-12 00:00:00,1190.236762,0.319703,0.860192,0.000101
2021-10-12 01:00:00,1193.116866,0.266541,0.816971,0.000085
2021-10-12 02:00:00,1198.468504,0.266752,0.787676,0.000076
2021-10-12 03:00:00,1289.273843,0.290895,0.700243,0.000074
2021-10-12 04:00:00,1508.893059,0.316174,0.669159,0.000085
2021-10-12 05:00:00,1734.059311,0.371201,0.628872,0.002116
2021-10-12 06:00:00,1797.060844,0.368328,0.682252,0.078516
2021-10-12 07:00:00,1840.610221,0.363913,0.674318,0.267767
2021-10-12 08:00:00,1830.521422,0.366548,0.621394,0.358048
2021-10-12 09:00:00,1785.713446,0.351966,0.524395,0.445460
2021-10-12 10:00:00,1764.338274,0.347429,0.622391,0.508557
2021-10-12 11:00:00,1751.435429,0.311420,0.596195,0.529973
2021-10-12 12:00:00,1720.331627,0.300733,0.461518,0.508731
2021-10-12 13:00:00,1687.531580,0.308521,0.638758,0.388145
2021-10-12 14:00:00,1743.762359,0.292821,0.652632,0.231147
2021-10-12 15:00:00,1847.872940,0.234787,0.664484,0.066977
2021-10-12 16:00:00,1886.328625,0.216347,0.675137,0.002337
2021-10-12 17:00:00,1827.114345,0.208685,0.653583,0.000311
2021-10-12 18:00:00,1699.498090,0.181878,0.571045,0.000234
2021-10-12 19:00:00,1574.770076,0.215605,0.424232,0.000181
2021-10-12 20:00:00,1454.183803,0.249000,0.399096,0.000157
2021-10-12 21:00:00,1332.317940,0.230704,0.287146,0.000116
2021-10-12 22:00:00,1274.773311,0.186980,0.266044,0.000096
2021-10-12 23:00:00,1200.066291,0.185606,0.247991,0.000100
2021-10-13 00:00:00,1171.869923,0.172471,0.216856,0.000075
2021-10-13 01:00:00,1177.437882,0.176395,0.288486,0.000080
2021-10-13 02:00:00,1195.933517,0.162419,0.323988,0.000076
2021-10-13 03:00:00,1298.293342,0.130750,0.273163,0.000069
2021-10-13 04:00:00,1523.130693,0.114047,0.242095,0.000083
2021-10-13 05:00:00,1743.376306,0.096385,0.223891,0.001835
2021-10-13 06:00:00,1808.822185,0.076567,0.212088,0.058113
2021-10-13 07:00:00,1818.951368,0.078846,0.168901,0.225714
2021-10-13 08:00:00,1816.342966,0.068481,0.156777,0.384111
2021-10-13 09:00:00,1771.380227,0.081231,0.123508,0.477860
2021-10-13 10:00:00,1794.498456,0.120093,0.090035,0.516851
2021-10-13 11:00:00,1783.637991,0.163857,0.089697,0.499854
2021-10-13 12:00:00,1760.852509,0.260470,0.170531,0.429595
2021-10-13 13:00:00,1791.383162,0.291951,0.462120,0.466808
2021-10-13 14:00:00,1749.416155,0.267225,0.482679,0.179715
2021-10-13 15:00:00,1862.967290,0.208125,0.427071,0.035435
2021-10-13 16:00:00,1911.967232,0.214428,0.404673,0.000785
2021-10-13 17:00:00,1825.553195,0.208235,0.489224,0.000302
2021-10-13 18:00:00,1698.225450,0.176796,0.412757,0.000221
2021-10-13 19:00:00,1569.088595,0.129176,0.406672,0.000176
2021-10-13 20:00:00,1445.256756,0.110716,0.323390,0.000133
2021-10-13 21:00:00,1323.185598,0.112753,0.324794,0.000103
2021-10-13 22:00:00,1272.861511,0.141735,0.264573,0.000091
2021-10-13 23:00:00,1213.620909,0.247888,0.243228,0.000084
2021-10-14 00:00:00,1189.714549,0.189655,0.412383,0.000067
2021-10-14 01:00:00,1177.161049,0.191524,0.556720,0.000071
2021-10-14 02:00:00,1201.732081,0.234992,0.443803,0.000065
2021-10-14 03:00:00,1285.771596,0.276608,0.534317,0.000060
2021-10-14 04:00:00,1513.644838,0.284306,0.597830,0.000065
2021-10-14 05:00:00,1723.021115,0.274247,0.686445,0.000352
2021-10-14 06:00:00,1792.345387,0.216719,0.606517,0.027395
2021-10-14 07:00:00,1805.505599,0.162164,0.510288,0.096684
2021-10-14 08:00:00,1823.715003,0.157361,0.437472,0.173734
2021-10-14 09:00:00,1805.396719,0.204347,0.386451,0.250642
2021-10-14 10:00:00,1786.400655,0.300326,0.405842,0.244717
2021-10-14 11:00:00,1776.352081,0.255153,0.484500,0.221808
2021-10-14 12:00:00,1780.571441,0.322356,0.526601,0.174552
2021-10-14 13:00:00,1753.603224,0.397696,0.460329,0.161264
2021-10-14 14:00:00,1788.882418,0.505548,0.579187,0.077359
2021-10-14 15:00:00,1913.356207,0.497220,0.776078,0.020144
2021-10-14 16:00:00,1948.626289,0.475211,0.933699,0.000425
2021-10-14 17:00:00,1871.883658,0.518161,0.890936,0.000202
2021-10-14 18:00:00,1749.530529,0.384316,0.918241,0.000169
2021-10-14 19:00:00,1626.518062,0.413657,0.948853,0.000142
2021-10-14 20:00:00,1557.584605,0.451727,0.966132,0.000104
2021-10-14 21:00:00,1424.998672,0.339710,0.885455,0.000097
2021-10-14 22:00:00,1317.577509,0.337991,0.867439,0.000083
2021-10-14 23:00:00,1268.640813,0.394067,0.873515,0.000081
2021-10-15 00:00:00,1252.115508,0.501859,0.879898,0.000083
2021-10-15 01:00:00,1234.844429,0.436220,0.882538,0.000086
2021-10-15 02:00:00,1248.498145,0.429250,0.882500,0.000076
2021-10-15 03:00:00,1327.076265,0.409894,0.880228,0.000071
2021-10-15 04:00:00,1555.927571,0.401065,0.880189,0.000082
2021-10-15 05:00:00,1766.593920,0.361699,0.922038,0.000094
2021-10-15 06:00:00,1848.484648,0.328877,0.777338,0.007730
2021-10-15 07:00:00,1870.221616,0.388597,0.617859,0.060601
2021-10-15 08:00:00,1842.034774,0.408629,0.824766,0.167753
2021-10-15 09:00:00,1882.608062,0.503342,0.936438,0.224460
2021-10-15 10:00:00,1837.254699,0.441190,0.863060,0.282296
2021-10-15 11:00:00,1806.519501,0.429857,0.971996,0.359124
2021-10-15 12:00:00,1763.590034,0.406568,0.969912,0.383619
2021-10-15 13:00:00,1719.314797,0.362634,0.885105,0.300268
2021-10-15 14:00:00,1744.871929,0.343933,0.843972,0.204909
2021-10-15 15:00:00,1853.737662,0.459034,0.838633,0.047482
2021-10-15 16:00:00,1874.749820,0.564893,0.845728,0.001402
2021-10-15 17:00:00,1788.011175,0.643577,0.952250,0.000254
2021-10-15 18:00:00,1666.364245,0.476449,0.935292,0.000203
2021-10-15 19:00:00,1600.496628,0.410221,0.963756,0.000159
2021-10-15 20:00:00,1510.453457,0.354068,0.968309,0.000128
2021-10-15 21:00:00,1423.970674,0.302243,0.960393,0.000108
2021-10-15 22:00:00,1350.264346,0.275727,0.901214,0.000093
2021-10-15 23:00:00,1274.056573,0.289552,0.926232,0.000086
2021-10-16 00:00:00,1228.628148,0.233630,0.854775,0.000085
2021-10-16 01:00:00,1218.047016,0.238135,0.870442,0.000076
2021-10-16 02:00:00,1222.719818,0.255904,0.773645,0.000075
2021-10-16 03:00:00,1278.955499,0.180290,0.807027,0.000079
2021-10-16 04:00:00,1314.763544,0.257728,0.755206,0.000077
2021-10-16 05:00:00,1371.769957,0.336387,0.647729,0.000998
2021-10-16 06:00:00,1466.468213,0.362233,0.697818,0.042641
2021-10-16 07:00:00,1555.807445,0.395014,0.731444,0.147750
2021-10-16 08:00:00,1591.907503,0.437794,0.739833,0.285676
2021-10-16 09:00:00,1633.373915,0.516387,0.768463,0.392416
2021-10-16 10:00:00,1618.718503,0.567503,0.797593,0.328149
2021-10-16 11:00:00,1617.014304,0.510181,0.820416,0.251347
2021-10-16 12:00:00,1598.698200,0.490207,0.791989,0.200197
2021-10-16 13:00:00,1596.127013,0.458986,0.771441,0.138581
2021-10-16 14:00:00,1602.736853,0.419887,0.775829,0.068134
2021-10-16 15:00:00,1700.196823,0.373973,0.695657,0.015291
2021-10-16 16:00:00,1774.456070,0.341266,0.765850,0.000344
2021-10-16 17:00:00,1683.979740,0.347580,0.765468,0.000207
2021-10-16 18:00:00,1593.226575,0.356564,0.774074,0.000176
2021-10-16 19:00:00,1492.201990,0.310907,0.779604,0.000140
2021-10-16 20:00:00,1470.210081,0.180556,0.743811,0.000107
2021-10-16 21:00:00,1358.341812,0.295103,0.830258,0.000096
2021-10-16 22:00:00,1281.373025,0.400075,0.849828,0.000075
2021-10-16 23:00:00,1246.421885,0.332131,0.866047,0.000060
2021-10-17 00:00:00,1210.702941,0.382996,0.789678,0.000072
2021-10-17 01:00:00,1186.991836,0.276380,0.699751,0.000057
2021-10-17 02:00:00,1182.572866,0.247816,0.695636,0.000050
2021-10-17 03:00:00,1192.283075,0.247188,0.616224,0.000057
2021-10-17 04:00:00,1252.284471,0.259793,0.549137,0.000055
2021-10-17 05:00:00,1318.174440,0.125584,0.560694,0.000200
2021-10-17 06:00:00,1422.838649,0.118697,0.499145,0.016674
2021-10-17 07:00:00,1493.028939,0.160821,0.426133,0.085541
2021-10-17 08:00:00,1543.515488,0.136171,0.387539,0.163070
2021-10-17 09:00:00,1581.997927,0.113803,0.403964,0.202398
2021-10-17 10:00:00,1568.612282,0.125522,0.326030,0.286275
2021-10-17 11:00:00,1543.939313,0.107195,0.229704,0.283876
2021-10-17 12:00:00,1527.888755,0.107686,0.207136,0.222486
2021-10-17 13:00:00,1512.452194,0.101840,0.258885,0.177167
2021-10-17 14:00:00,1548.317796,0.074931,0.262474,0.081535
2021-10-17 15:00:00,1676.875159,0.058221,0.241262,0.018479
2021-10-17 16:00:00,1769.918283,0.050506,0.234901,0.000255
2021-10-17 17:00:00,1688.554625,0.040197,0.165063,0.000176
2021-10-17 18:00:00,1571.551257,0.052780,0.172081,0.000126
2021-10-17 19:00:00,1461.229358,0.069583,0.182457,0.000102
2021-10-17 20:00:00,1370.771082,0.041667,0.155665,0.000085
2021-10-17 21:00:00,1295.791175,0.036715,0.113488,0.000065
2021-10-17 22:00:00,1192.474442,0.038839,0.065527,0.000062
2021-10-17 23:00:00,1177.263256,0.029855,0.038649,0.000060
2021-10-18 00:00:00,1161.910584,0.028911,0.026712,0.000052
2021-10-18 01:00:00,1157.501215,0.032656,0.023745,0.000043
2021-10-18 02:00:00,1173.886566,0.035244,0.024090,0.000051
2021-10-18 03:00:00,1231.445623,0.050155,0.022264,0.000049
2021-10-18 04:00:00,1419.050045,0.059777,0.044880,0.000044
2021-10-18 05:00:00,1628.223897,0.064257,0.066066,0.000167
2021-10-18 06:00:00,1749.388756,0.072465,0.060654,0.004877
2021-10-18 07:00:00,1815.346311,0.096298,0.057328,0.020567
2021-10-18 08:00:00,1844.770158,0.139635,0.133473,0.044943
2021-10-18 09:00:00,1842.006149,0.145192,0.148319,0.064720
2021-10-18 10:00:00,1830.493723,0.129475,0.102170,0.069319
2021-10-18 11:00:00,1826.584358,0.116549,0.079278,0.063817
2021-10-18 12:00:00,1802.603353,0.125693,0.071871,0.057864
2021-10-18 13:00:00,1773.831489,0.095772,0.120646,0.038369
2021-10-18 14:00:00,1791.029432,0.066598,0.165275,0.019608
2021-10-18 15:00:00,1907.097782,0.076534,0.216031,0.004006
2021-10-18 16:00:00,1933.468043,0.108594,0.234660,0.000064
2021-10-18 17:00:00,1804.446763,0.111899,0.193316,0.000058
2021-10-18 18:00:00,1672.520833,0.116375,0.198216,0.000053
2021-10-18 19:00:00,1559.993524,0.120606,0.147196,0.000042
2021-10-18 20:00:00,1447.637492,0.112169,0.078507,0.000039
2021-10-18 21:00:00,1328.379424,0.100146,0.082469,0.000042
2021-10-18 22:00:00,1254.534060,0.106832,0.087053,0.000037
2021-10-18 23:00:00,1198.471080,0.114936,0.117650,0.000035
2021-10-19 00:00:00,1169.481390,0.119176,0.120776,0.000040
2021-10-19 01:00:00,1144.240583,0.154753,0.159575,0.000036
2021-10-19 02:00:00,1176.114114,0.163704,0.239203,0.000033
2021-10-19 03:00:00,1262.526590,0.140550,0.362236,0.000041
2021-10-19 04:00:00,1437.584221,0.164650,0.376945,0.000036
2021-10-19 05:00:00,1648.675072,0.177236,0.413298,0.000100
2021-10-19 06:00:00,1742.388718,0.151977,0.362597,0.009141
2021-10-19 07:00:00,1805.235476,0.148119,0.289045,0.067485
2021-10-19 08:00:00,1833.403249,0.152766,0.272191,0.125772
2021-10-19 09:00:00,1830.949999,0.147784,0.305595,0.155283
2021-10-19 10:00:00,1815.493993,0.148363,0.333250,0.156045
2021-10-19 11:00:00,1805.677629,0.142083,0.338100,0.145578
2021-10-19 12:00:00,1780.503086,0.161919,0.351941,0.113782
2021-10-19 13:00:00,1748.126740,0.195043,0.447726,0.071463
2021-10-19 14:00:00,1767.229448,0.229457,0.483881,0.024996
2021-10-19 15:00:00,1889.046058,0.281720,0.578088,0.001715
2021-10-19 16:00:00,1921.418256,0.363513,0.736566,0.000110
2021-10-19 17:00:00,1805.311544,0.436042,0.765525,0.000078
2021-10-19 18:00:00,1698.518067,0.386910,0.895371,0.000067
2021-10-19 19:00:00,1600.545330,0.668689,0.935487,0.000055
2021-10-19 20:00:00,1505.572807,0.416793,0.887443,0.000060
2021-10-19 21:00:00,1411.637055,0.406433,0.880993,0.000056
2021-10-19 22:00:00,1338.974439,0.436384,0.876524,0.000058
2021-10-19 23:00:00,1293.545333,0.532308,0.874415,0.000054
2021-10-20 00:00:00,1257.560332,0.473326,0.867461,0.000067
2021-10-20 01:00:00,1244.496403,0.557484,0.813368,0.000053
2021-10-20 02:00:00,1250.394849,0.499309,0.808011,0.000049
2021-10-20 03:00:00,1319.807671,0.473153,0.866431,0.000056
2021-10-20 04:00:00,1500.139034,0.508995,0.876227,0.000064
2021-10-20 05:00:00,1700.634068,0.536347,0.880016,0.000071
2021-10-20 06:00:00,1808.884789,0.617900,0.882443,0.004006
2021-10-20 07:00:00,1841.590585,0.552781,0.862178,0.031824
2021-10-20 08:00:00,1894.398355,0.481282,0.828343,0.056397
2021-10-20 09:00:00,1888.065641,0.539987,0.829626,0.077754
2021-10-20 10:00:00,1918.626964,0.488555,0.829135,0.083340
2021-10-20 11:00:00,1917.605540,0.513313,0.829354,0.056115
2021-10-20 12:00:00,1896.365334,0.564583,0.824366,0.058936
2021-10-20 13:00:00,1859.487596,0.392568,0.818370,0.052589
2021-10-20 14:00:00,1866.364930,0.416397,0.824969,0.039300
2021-10-20 15:00:00,1995.823703,0.517496,0.866363,0.010213
2021-10-20 16:00:00,1999.966013,0.529167,0.881554,0.000086
2021-10-20 17:00:00,1835.784603,0.347077,0.875774,0.000080
2021-10-20 18:00:00,1733.198743,0.391362,0.867683,0.000074
2021-10-20 19:00:00,1614.332505,0.353769,0.867951,0.000071
2021-10-20 20:00:00,1499.606734,0.366065,0.871114,0.000069
2021-10-20 21:00:00,1388.332883,0.384083,0.864342,0.000062
2021-10-20 22:00:00,1321.633097,0.342594,0.871836,0.000066
2021-10-20 23:00:00,1275.464261,0.373176,0.874200,0.000060
2021-10-21 00:00:00,1257.925563,0.347620,0.858052,0.000053
2021-10-21 01:00:00,1247.133630,0.304483,0.860791,0.000054
2021-10-21 02:00:00,1258.087179,0.263760,0.822082,0.000057
2021-10-21 03:00:00,1310.460849,0.202299,0.640228,0.000042
2021-10-21 04:00:00,1451.233542,0.115070,0.385388,0.000044
2021-10-21 05:00:00,1655.897603,0.061556,0.451034,0.000063
2021-10-21 06:00:00,1800.730451,0.155142,0.736541,0.001121
2021-10-21 07:00:00,1863.824161,0.202143,0.792222,0.021949
2021-10-21 08:00:00,1916.592381,0.176699,0.771684,0.043165
2021-10-21 09:00:00,1921.963222,0.342962,0.877928,0.066018
2021-10-21 10:00:00,1924.732140,0.545956,0.888816,0.090535
2021-10-21 11:00:00,1925.069575,0.742681,0.937612,0.326280
2021-10-21 12:00:00,1863.827818,0.724567,0.946270,0.431880
2021-10-21 13:00:00,1838.736950,0.637944,0.952431,0.338158
2021-10-21 14:00:00,1850.953172,0.579965,0.883525,0.184088
2021-10-21 15:00:00,1956.878232,0.705268,0.880329,0.030075
2021-10-21 16:00:00,2018.267996,0.537940,0.920883,0.000294
2021-10-21 17:00:00,1934.095454,0.505292,0.876630,0.000201
2021-10-21 18:00:00,1824.725090,0.499607,0.874780,0.000167
2021-10-21 19:00:00,1716.679740,0.532698,0.874073,0.000154
2021-10-21 20:00:00,1611.764531,0.768619,0.876143,0.000152
2021-10-21 21:00:00,1500.879771,0.594748,0.879277,0.000116
2021-10-21 22:00:00,1420.340297,0.507225,0.877143,0.000103
2021-10-21 23:00:00,1359.137334,0.485032,0.875137,0.000091
2021-10-22 00:00:00,1323.582711,0.566713,0.869284,0.000096
2021-10-22 01:00:00,1314.962208,0.473300,0.870648,0.000087
2021-10-22 02:00:00,1316.469487,0.436387,0.865135,0.000092
2021-10-22 03:00:00,1401.015801,0.542997,0.864292,0.000088
2021-10-22 04:00:00,1563.226842,0.559421,0.936872,0.000088
2021-10-22 05:00:00,1724.209503,0.877519,0.941506,0.000120
2021-10-22 06:00:00,1880.454421,0.769635,0.934639,0.002648
2021-10-22 07:00:00,1951.615157,0.581155,0.904566,0.024573
2021-10-22 08:00:00,1998.108482,0.536235,0.900473,0.082720
2021-10-22 09:00:00,1975.212557,0.484288,0.924955,0.149810
2021-10-22 10:00:00,1938.166489,0.463450,0.891670,0.385865
2021-10-22 11:00:00,1914.267378,0.500935,0.925229,0.398392
2021-10-22 12:00:00,1853.937635,0.600492,0.941870,0.378333
2021-10-22 13:00:00,1836.550350,0.508407,0.852403,0.287713
2021-10-22 14:00:00,1836.099347,0.514808,0.823219,0.174073
2021-10-22 15:00:00,1916.769772,0.604313,0.848754,0.033658
2021-10-22 16:00:00,1995.205349,0.619301,0.947095,0.000294
2021-10-22 17:00:00,1892.487435,0.579867,0.953415,0.000214
2021-10-22 18:00:00,1790.589422,0.558820,0.909702,0.000187
2021-10-22 19:00:00,1693.135976,0.536104,0.875272,0.000143
2021-10-22 20:00:00,1602.536334,0.530411,0.870755,0.000130
2021-10-22 21:00:00,1504.797420,0.541485,0.918758,0.000106
2021-10-22 22:00:00,1448.422889,0.547652,0.920091,0.000087
2021-10-22 23:00:00,1376.774302,0.543558,0.912894,0.000100
2021-10-23 00:00:00,1352.985444,0.534343,0.885775,0.000096
2021-10-23 01:00:00,1337.394752,0.513433,0.883972,0.000095
2021-10-23 02:00:00,1303.184479,0.493241,0.883302,0.000093
2021-10-23 03:00:00,1295.529872,0.443647,0.874654,0.000091
2021-10-23 04:00:00,1348.862004,0.377107,0.900290,0.000103
2021-10-23 05:00:00,1443.245144,0.392627,0.858781,0.000186
2021-10-23 06:00:00,1566.552871,0.326787,0.855773,0.032529
2021-10-23 07:00:00,1653.333057,0.292475,0.859145,0.193483
2021-10-23 08:00:00,1686.720405,0.461969,0.876988,0.402567
2021-10-23 09:00:00,1731.879891,0.322703,0.816497,0.568232
2021-10-23 10:00:00,1713.408983,0.284680,0.725091,0.658626
2021-10-23 11:00:00,1679.346320,0.237754,0.588285,0.647482
2021-10-23 12:00:00,1638.663151,0.230433,0.382287,0.546904
2021-10-23 13:00:00,1569.350729,0.201819,0.434995,0.377543
2021-10-23 14:00:00,1579.695630,0.112691,0.472203,0.169756
2021-10-23 15:00:00,1683.563340,0.093246,0.396708,0.042178
2021-10-23 16:00:00,1793.767689,0.072456,0.359794,0.000353
2021-10-23 17:00:00,1702.558284,0.063627,0.281974,0.000280
2021-10-23 18:00:00,1597.380552,0.052489,0.202195,0.000207
2021-10-23 19:00:00,1503.976079,0.047004,0.148520,0.000189
2021-10-23 20:00:00,1429.482087,0.042814,0.072478,0.000156
2021-10-23 21:00:00,1343.825266,0.057360,0.103649,0.000110
2021-10-23 22:00:00,1296.894189,0.089799,0.153157,0.000113
2021-10-23 23:00:00,1244.565356,0.114626,0.098443,0.000080
2021-10-24 00:00:00,1204.468078,0.136874,0.080901,0.000081
2021-10-24 01:00:00,1183.492301,0.141226,0.124180,0.000066
2021-10-24 02:00:00,1182.379490,0.176257,0.133634,0.000061
2021-10-24 03:00:00,1208.943683,0.216373,0.202900,0.000068
2021-10-24 04:00:00,1269.661193,0.301948,0.284334,0.000059
2021-10-24 05:00:00,1355.621394,0.335786,0.316850,0.000059
2021-10-24 06:00:00,1462.044865,0.373651,0.435902,0.015291
2021-10-24 07:00:00,1562.100828,0.396797,0.616820,0.084469
2021-10-24 08:00:00,1633.953604,0.422806,0.691298,0.152828
2021-10-24 09:00:00,1671.120172,0.461506,0.737421,0.264522
2021-10-24 10:00:00,1674.468379,0.446156,0.625336,0.358499
2021-10-24 11:00:00,1660.336160,0.380393,0.532087,0.458203
2021-10-24 12:00:00,1631.349581,0.325176,0.523020,0.499534
2021-10-24 13:00:00,1601.046341,0.290452,0.416091,0.396756
2021-10-24 14:00:00,1576.584456,0.245065,0.312868,0.195994
2021-10-24 15:00:00,1710.396677,0.225981,0.404117,0.032529
2021-10-24 16:00:00,1847.288412,0.265673,0.574828,0.000297
2021-10-24 17:00:00,1772.397446,0.300085,0.590579,0.000236
2021-10-24 18:00:00,1687.710876,0.226550,0.616677,0.000171
2021-10-24 19:00:00,1598.698252,0.323819,0.623781,0.000138
2021-10-24 20:00:00,1476.535062,0.409272,0.696125,0.000112
2021-10-24 21:00:00,1396.215634,0.286258,0.707558,0.000097
2021-10-24 22:00:00,1299.391459,0.149917,0.599917,0.000095
2021-10-24 23:00:00,1283.604343,0.115411,0.531415,0.000071
2021-10-25 00:00:00,1262.613410,0.104165,0.482951,0.000065
2021-10-25 01:00:00,1264.505065,0.121956,0.382448,0.000061
2021-10-25 02:00:00,1234.150253,0.178619,0.334184,0.000067
2021-10-25 03:00:00,1347.696863,0.154309,0.347901,0.000061
2021-10-25 04:00:00,1552.257382,0.164696,0.318523,0.000072
2021-10-25 05:00:00,1769.932400,0.158755,0.321021,0.000121
2021-10-25 06:00:00,1846.102231,0.167227,0.338150,0.029228
2021-10-25 07:00:00,1868.360003,0.175852,0.289316,0.180420
2021-10-25 08:00:00,1862.213270,0.154833,0.268740,0.366286
2021-10-25 09:00:00,1841.388349,0.142395,0.254501,0.502976
2021-10-25 10:00:00,1826.395764,0.125788,0.276378,0.488080
2021-10-25 11:00:00,1812.721571,0.134447,0.281315,0.479842
2021-10-25 12:00:00,1784.289386,0.167015,0.300591,0.425307
2021-10-25 13:00:00,1746.709618,0.167940,0.345547,0.253237
2021-10-25 14:00:00,1774.231370,0.126276,0.283604,0.101538
2021-10-25 15:00:00,1919.620390,0.147806,0.412524,0.009987
2021-10-25 16:00:00,1977.004458,0.172825,0.350611,0.000327
2021-10-25 17:00:00,1841.939966,0.196639,0.417672,0.000256
2021-10-25 18:00:00,1705.700544,0.207250,0.389857,0.000208
2021-10-25 19:00:00,1638.798069,0.198427,0.466783,0.000158
2021-10-25 20:00:00,1517.062324,0.198184,0.590591,0.000116
2021-10-25 21:00:00,1399.069037,0.213511,0.498795,0.000099
2021-10-25 22:00:00,1328.820535,0.177670,0.471985,0.000063
2021-10-25 23:00:00,1233.275934,0.202233,0.421176,0.000069
2021-10-26 00:00:00,1216.599029,0.182675,0.352195,0.000059
2021-10-26 01:00:00,1202.459604,0.162847,0.284438,0.000052
2021-10-26 02:00:00,1223.997327,0.162424,0.286599,0.000064
2021-10-26 03:00:00,1315.148141,0.255228,0.316986,0.000061
2021-10-26 04:00:00,1491.835511,0.282006,0.340295,0.000057
2021-10-26 05:00:00,1742.549706,0.367933,0.451614,0.000069
2021-10-26 06:00:00,1833.580624,0.340318,0.588779,0.010234
2021-10-26 07:00:00,1886.528836,0.361379,0.730294,0.051263
2021-10-26 08:00:00,1902.583677,0.365414,0.552713,0.138158
2021-10-26 09:00:00,1880.792914,0.402479,0.527867,0.347496
2021-10-26 10:00:00,1823.800068,0.366491,0.462100,0.374467
2021-10-26 11:00:00,1827.575422,0.412568,0.459480,0.318296
2021-10-26 12:00:00,1795.965621,0.351158,0.476361,0.289293
2021-10-26 13:00:00,1755.544293,0.367503,0.535315,0.216363
2021-10-26 14:00:00,1776.986099,0.296291,0.434152,0.095218
2021-10-26 15:00:00,1916.577501,0.297676,0.433791,0.007138
2021-10-26 16:00:00,1968.597357,0.299923,0.475348,0.000244
2021-10-26 17:00:00,1845.583252,0.205485,0.555842,0.000192
2021-10-26 18:00:00,1720.816460,0.293627,0.647011,0.000155
2021-10-26 19:00:00,1647.195961,0.187552,0.611369,0.000116
2021-10-26 20:00:00,1528.880768,0.220137,0.591908,0.000091
2021-10-26 21:00:00,1421.584035,0.187727,0.642638,0.000079
2021-10-26 22:00:00,1305.191903,0.154475,0.658464,0.000076
2021-10-26 23:00:00,1255.904529,0.142493,0.581014,0.000061
2021-10-27 00:00:00,1242.191890,0.201633,0.598845,0.000063
2021-10-27 01:00:00,1237.803370,0.261319,0.759832,0.000053
2021-10-27 02:00:00,1259.663977,0.279107,0.795110,0.000048
2021-10-27 03:00:00,1341.104821,0.285643,0.801343,0.000065
2021-10-27 04:00:00,1555.310462,0.288494,0.801552,0.000067
2021-10-27 05:00:00,1798.972769,0.394622,0.794730,0.000066
2021-10-27 06:00:00,1872.357527,0.364627,0.797993,0.001032
2021-10-27 07:00:00,1893.987324,0.380433,0.805560,0.019636
2021-10-27 08:00:00,1922.844357,0.382307,0.806263,0.044858
2021-10-27 09:00:00,1902.534082,0.462779,0.808746,0.063958
2021-10-27 10:00:00,1903.173142,0.454695,0.802571,0.072986
2021-10-27 11:00:00,1899.141644,0.552587,0.802617,0.098519
2021-10-27 12:00:00,1871.194717,0.491292,0.794082,0.075638
2021-10-27 13:00:00,1850.414296,0.582859,0.799294,0.056623
2021-10-27 14:00:00,1869.224987,0.457936,0.789338,0.031909
2021-10-27 15:00:00,1985.224521,0.425284,0.780273,0.002024
2021-10-27 16:00:00,1986.184915,0.692896,0.852773,0.000104
2021-10-27 17:00:00,1846.707223,0.453397,0.837100,0.000085
2021-10-27 18:00:00,1750.554790,0.334772,0.783265,0.000081
2021-10-27 19:00:00,1634.385745,0.345964,0.792713,0.000074
2021-10-27 20:00:00,1501.104327,0.385425,0.803632,0.000066
2021-10-27 21:00:00,1385.834089,0.601511,0.841303,0.000061
2021-10-27 22:00:00,1298.302450,0.299531,0.768794,0.000042
2021-10-27 23:00:00,1246.302474,0.287338,0.742323,0.000045
2021-10-28 00:00:00,1206.607149,0.252406,0.659851,0.000043
2021-10-28 01:00:00,1201.111541,0.219825,0.643583,0.000053
2021-10-28 02:00:00,1214.727043,0.202169,0.545278,0.000056
2021-10-28 03:00:00,1309.988213,0.220059,0.579421,0.000059
2021-10-28 04:00:00,1539.222989,0.180351,0.484655,0.000057
2021-10-28 05:00:00,1774.242835,0.293554,0.574959,0.000059
2021-10-28 06:00:00,1852.180703,0.266203,0.639268,0.005219
2021-10-28 07:00:00,1846.792877,0.200268,0.621563,0.051206
2021-10-28 08:00:00,1874.732243,0.308189,0.638427,0.122302
2021-10-28 09:00:00,1867.288940,0.346542,0.614321,0.292002
2021-10-28 10:00:00,1842.482637,0.281957,0.517382,0.510876
2021-10-28 11:00:00,1793.125306,0.286539,0.437276,0.558414
2021-10-28 12:00:00,1748.368530,0.280030,0.450071,0.477472
2021-10-28 13:00:00,1721.450655,0.231329,0.309783,0.319735
2021-10-28 14:00:00,1725.914638,0.238164,0.264508,0.158414
2021-10-28 15:00:00,1842.383300,0.272532,0.352252,0.020624
2021-10-28 16:00:00,1929.439612,0.301063,0.498774,0.000324
2021-10-28 17:00:00,1825.816257,0.388489,0.670490,0.000229
2021-10-28 18:00:00,1705.871835,0.285131,0.627015,0.000206
2021-10-28 19:00:00,1601.072526,0.289919,0.637009,0.000161
2021-10-28 20:00:00,1472.038183,0.258029,0.748357,0.000115
2021-10-28 21:00:00,1394.239848,0.199929,0.725011,0.000108
2021-10-28 22:00:00,1340.111164,0.152917,0.625645,0.000077
2021-10-28 23:00:00,1285.937228,0.151146,0.485667,0.000081
2021-10-29 00:00:00,1222.688957,0.125302,0.354934,0.000083
2021-10-29 01:00:00,1209.570273,0.154521,0.290427,0.000064
2021-10-29 02:00:00,1226.197692,0.159294,0.332024,0.000063
2021-10-29 03:00:00,1294.970012,0.130720,0.326662,0.000082
2021-10-29 04:00:00,1523.785192,0.110488,0.341165,0.000077
2021-10-29 05:00:00,1734.662469,0.202462,0.234041,0.000101
2021-10-29 06:00:00,1801.015267,0.227495,0.350004,0.017210
2021-10-29 07:00:00,1819.955867,0.222786,0.350020,0.140894
2021-10-29 08:00:00,1826.205886,0.214686,0.297494,0.328481
2021-10-29 09:00:00,1801.951295,0.188080,0.288537,0.479786
2021-10-29 10:00:00,1766.298616,0.199842,0.285890,0.561066
2021-10-29 11:00:00,1737.352274,0.235942,0.292393,0.569248
2021-10-29 12:00:00,1720.435292,0.279635,0.329081,0.480576
2021-10-29 13:00:00,1662.959188,0.335109,0.339786,0.307942
2021-10-29 14:00:00,1691.682110,0.392702,0.508297,0.086895
2021-10-29 15:00:00,1824.563018,0.482386,0.691573,0.011539
2021-10-29 16:00:00,1901.371810,0.554902,0.896048,0.000324
2021-10-29 17:00:00,1782.054841,0.500672,0.917705,0.000265
2021-10-29 18:00:00,1639.706635,0.324094,0.943072,0.000210
2021-10-29 19:00:00,1580.443495,0.274949,0.939780,0.000148
2021-10-29 20:00:00,1485.153847,0.285675,0.858308,0.000124
2021-10-29 21:00:00,1387.380665,0.208575,0.751153,0.000104
2021-10-29 22:00:00,1297.509894,0.222154,0.659523,0.000081
2021-10-29 23:00:00,1236.511837,0.188797,0.529121,0.000072
2021-10-30 00:00:00,1200.287769,0.128842,0.482821,0.000070
2021-10-30 01:00:00,1176.128264,0.171018,0.375021,0.000063
2021-10-30 02:00:00,1168.648771,0.151900,0.311812,0.000066
2021-10-30 03:00:00,1184.085321,0.214115,0.316549,0.000068
2021-10-30 04:00:00,1244.678299,0.186779,0.276165,0.000063
2021-10-30 05:00:00,1374.687447,0.121120,0.233315,0.000063
2021-10-30 06:00:00,1486.382234,0.123839,0.157517,0.015997
2021-10-30 07:00:00,1576.326277,0.093935,0.132235,0.142051
2021-10-30 08:00:00,1592.957883,0.088031,0.119240,0.222373
2021-10-30 09:00:00,1604.316170,0.089782,0.121720,0.270447
2021-10-30 10:00:00,1589.677380,0.122982,0.103043,0.291212
2021-10-30 11:00:00,1577.254824,0.139238,0.131882,0.296318
2021-10-30 12:00:00,1555.830379,0.214995,0.163500,0.229426
2021-10-30 13:00:00,1560.412688,0.182723,0.263554,0.096177
2021-10-30 14:00:00,1597.664241,0.214784,0.428635,0.032614
2021-10-30 15:00:00,1754.649875,0.238788,0.605994,0.002077
2021-10-30 16:00:00,1838.776124,0.226465,0.706102,0.000194
2021-10-30 17:00:00,1717.567631,0.258352,0.722620,0.000140
2021-10-30 18:00:00,1604.978796,0.251703,0.721912,0.000102
2021-10-30 19:00:00,1550.149252,0.181944,0.772025,0.000102
2021-10-30 20:00:00,1466.516196,0.229453,0.680579,0.000077
2021-10-30 21:00:00,1371.501362,0.340036,0.593803,0.000075
2021-10-30 22:00:00,1274.934977,0.381712,0.603411,0.002572
2021-10-30 23:00:00,1208.168623,0.372314,0.799851,0.000059
2021-10-31 00:00:00,1171.480856,0.357277,0.844799,0.000049
2021-10-31 01:00:00,1145.013800,0.331523,0.829703,0.000047
2021-10-31 02:00:00,1142.131743,0.296362,0.740502,0.000041
2021-10-31 03:00:00,1153.101101,0.271488,0.700712,0.000043
2021-10-31 04:00:00,1183.836291,0.222910,0.624072,0.000048
2021-10-31 05:00:00,1216.015964,0.200661,0.603348,0.000057
2021-10-31 06:00:00,1313.647788,0.168685,0.454923,0.005389
2021-10-31 07:00:00,1440.256913,0.118073,0.396370,0.053491
2021-10-31 08:00:00,1524.147415,0.098404,0.314861,0.116744
2021-10-31 09:00:00,1572.879614,0.093110,0.253388,0.229567
2021-10-31 10:00:00,1594.876545,0.102818,0.173179,0.271294
2021-10-31 11:00:00,1581.503988,0.125823,0.184586,0.268162
2021-10-31 12:00:00,1576.899529,0.126768,0.144684,0.285992
2021-10-31 13:00:00,1546.320228,0.145040,0.150101,0.200310
2021-10-31 14:00:00,1555.195194,0.235336,0.306667,0.093807
2021-10-31 15:00:00,1661.288626,0.353638,0.614343,0.008153
2021-10-31 16:00:00,1852.161592,0.459570,0.867206,0.000293
2021-10-31 17:00:00,1829.801090,0.456627,0.929980,0.000178
2021-10-31 18:00:00,1726.750976,0.570324,0.968579,0.000133
2021-10-31 19:00:00,1670.912187,0.425400,0.991934,0.000109
2021-10-31 20:00:00,1564.332729,0.516284,0.987338,0.000093
2021-10-31 21:00:00,1453.887043,0.481541,0.952833,0.000077
2021-10-31 22:00:00,1356.118725,0.510228,0.988573,0.000072
2021-10-31 23:00:00,1247.115791,0.465951,0.935511,0.000068
2021-11-01 00:00:00,1177.775436,0.423939,0.880813,0.000065
2021-11-01 01:00:00,1167.496371,0.423048,0.855446,0.000053
2021-11-01 02:00:00,1168.592622,0.314670,0.777913,0.000054
2021-11-01 03:00:00,1191.044300,0.248531,0.710155,0.000055
2021-11-01 04:00:00,1293.118047,0.175888,0.567498,0.000053
2021-11-01 05:00:00,1537.807144,0.219141,0.534285,0.000095
2021-11-01 06:00:00,1710.507559,0.195664,0.541788,0.002063
2021-11-01 07:00:00,1790.758570,0.215770,0.545782,0.022401
2021-11-01 08:00:00,1822.156836,0.193251,0.544816,0.051742
2021-11-01 09:00:00,1842.159933,0.283432,0.548749,0.082663
2021-11-01 10:00:00,1865.585096,0.446153,0.666929,0.122246
2021-11-01 11:00:00,1856.147544,0.500068,0.733466,0.195204
2021-11-01 12:00:00,1836.911155,0.468812,0.756851,0.185612
2021-11-01 13:00:00,1793.083670,0.364435,0.703456,0.150825
2021-11-01 14:00:00,1761.388320,0.318891,0.650282,0.098378
2021-11-01 15:00:00,1832.501497,0.292668,0.678822,0.011793
2021-11-01 16:00:00,2038.959471,0.287844,0.625714,0.000148
2021-11-01 17:00:00,1971.425332,0.255412,0.519779,0.000118
2021-11-01 18:00:00,1816.888837,0.239631,0.476493,0.000093
2021-11-01 19:00:00,1693.589306,0.212827,0.437455,0.000069
2021-11-01 20:00:00,1564.340584,0.193694,0.333738,0.000053
2021-11-01 21:00:00,1425.662822,0.173036,0.266332,0.000048
2021-11-01 22:00:00,1318.232699,0.147168,0.201643,0.001479
2021-11-01 23:00:00,1239.963014,0.144122,0.141255,0.000042
2021-11-02 00:00:00,1179.454068,0.099405,0.080582,0.000043
2021-11-02 01:00:00,1146.177540,0.110306,0.051214,0.000030
2021-11-02 02:00:00,1156.860305,0.099531,0.025145,0.000042
2021-11-02 03:00:00,1185.074955,0.086122,0.015838,0.000038
2021-11-02 04:00:00,1283.656262,0.074201,0.053686,0.000037
2021-11-02 05:00:00,1523.591663,0.043184,0.049288,0.000056
2021-11-02 06:00:00,1734.433743,0.024800,0.021149,0.003837
2021-11-02 07:00:00,1818.751241,0.017716,0.007661,0.042432
2021-11-02 08:00:00,1849.526790,0.012117,0.007401,0.097785
2021-11-02 09:00:00,1859.954361,0.002498,0.012518,0.146424
2021-11-02 10:00:00,1841.581576,0.002028,0.028308,0.180054
2021-11-02 11:00:00,1831.532968,0.003279,0.023492,0.202455
2021-11-02 12:00:00,1830.626017,0.004919,0.026171,0.193934
2021-11-02 13:00:00,1815.128378,0.005450,0.024636,0.201044
2021-11-02 14:00:00,1783.838621,0.004314,0.032746,0.099845
2021-11-02 15:00:00,1854.835991,0.004658,0.026040,0.013486
2021-11-02 16:00:00,2048.327960,0.006027,0.014439,0.000154
2021-11-02 17:00:00,1983.183371,0.007164,0.037825,0.000132
2021-11-02 18:00:00,1840.150319,0.012343,0.051676,0.000085
2021-11-02 19:00:00,1710.274194,0.018240,0.039855,0.000090
2021-11-02 20:00:00,1581.288090,0.019310,0.041693,0.000059
2021-11-02 21:00:00,1457.845579,0.022983,0.047290,0.000053
2021-11-02 22:00:00,1336.090978,0.021888,0.029937,0.000056
2021-11-02 23:00:00,1261.250228,0.017549,0.021548,0.000035
2021-11-03 00:00:00,1211.452631,0.008811,0.009635,0.000049
2021-11-03 01:00:00,1186.559636,0.003257,0.011676,0.000035
2021-11-03 02:00:00,1197.064844,0.001779,0.001317,0.000038
2021-11-03 03:00:00,1232.014097,0.000828,0.000299,0.000050
2021-11-03 04:00:00,1343.292375,0.000708,0.000023,0.000038
2021-11-03 05:00:00,1591.885051,0.000959,0.000018,0.000054
2021-11-03 06:00:00,1790.711520,0.000672,0.000018,0.005925
2021-11-03 07:00:00,1867.199841,0.001073,0.000017,0.070842
2021-11-03 08:00:00,1886.977617,0.000588,0.000369,0.166878
2021-11-03 09:00:00,1893.580925,0.001575,0.011889,0.215602
2021-11-03 10:00:00,1871.737134,0.001269,0.022477,0.327747
2021-11-03 11:00:00,1857.224899,0.000669,0.003820,0.339681
2021-11-03 12:00:00,1845.155292,0.001290,0.009450,0.263761
2021-11-03 13:00:00,1813.932706,0.001637,0.002571,0.208661
2021-11-03 14:00:00,1795.842647,0.005700,0.005964,0.073268
2021-11-03 15:00:00,1894.391748,0.013484,0.009283,0.002195
2021-11-03 16:00:00,2087.198611,0.019916,0.007243,0.000215
2021-11-03 17:00:00,2022.418278,0.026722,0.015705,0.000169
2021-11-03 18:00:00,1888.626739,0.016697,0.034009,0.000143
2021-11-03 19:00:00,1755.189656,0.012267,0.024148,0.000105
2021-11-03 20:00:00,1624.544980,0.017617,0.040860,0.000108
2021-11-03 21:00:00,1496.576670,0.009506,0.028446,0.000083
2021-11-03 22:00:00,1371.235625,0.019420,0.041907,0.000071
2021-11-03 23:00:00,1286.607229,0.025681,0.018869,0.000072
2021-11-04 00:00:00,1239.999006,0.028635,0.029616,0.000048
2021-11-04 01:00:00,1199.282678,0.033803,0.055385,0.000060
2021-11-04 02:00:00,1198.832180,0.029755,0.084033,0.000051
2021-11-04 03:00:00,1216.995380,0.026377,0.124049,0.000054
2021-11-04 04:00:00,1316.586849,0.031342,0.108005,0.000057
2021-11-04 05:00:00,1559.011103,0.049177,0.186924,0.000047
2021-11-04 06:00:00,1767.769680,0.071781,0.332241,0.000457
2021-11-04 07:00:00,1850.256350,0.081756,0.341396,0.017887
2021-11-04 08:00:00,1894.538094,0.094327,0.372119,0.049767
2021-11-04 09:00:00,1911.654558,0.125213,0.582716,0.092848
2021-11-04 10:00:00,1903.701791,0.157853,0.662601,0.092143
2021-11-04 11:00:00,1892.674030,0.229067,0.726662,0.085456
2021-11-04 12:00:00,1911.745763,0.300199,0.799430,0.056030
2021-11-04 13:00:00,1898.820307,0.411799,0.895974,0.038567
2021-11-04 14:00:00,1883.730665,0.528472,0.898627,0.016589
2021-11-04 15:00:00,1981.684857,0.566197,0.917031,0.000497
2021-11-04 16:00:00,2115.661383,0.590267,0.928103,0.000111
2021-11-04 17:00:00,2044.873052,0.640270,0.938158,0.000101
2021-11-04 18:00:00,1928.132132,0.635254,0.956547,0.000092
2021-11-04 19:00:00,1832.410107,0.423743,0.969886,0.000085
2021-11-04 20:00:00,1696.727506,0.403074,0.847720,0.000087
2021-11-04 21:00:00,1574.915029,0.420156,0.857687,0.000090
2021-11-04 22:00:00,1471.257243,0.557122,0.967465,0.000087
2021-11-04 23:00:00,1381.651784,0.658019,0.959913,0.000091
2021-11-05 00:00:00,1330.770734,0.537580,0.969942,0.000086
2021-11-05 01:00:00,1305.082524,0.640389,0.982901,0.000078
2021-11-05 02:00:00,1294.973655,0.622147,0.978740,0.000087
2021-11-05 03:00:00,1307.547474,0.523420,0.954159,0.000080
2021-11-05 04:00:00,1398.311952,0.545176,0.918933,0.000080
2021-11-05 05:00:00,1603.495265,0.393831,0.888372,0.000327
2021-11-05 06:00:00,1855.128753,0.212917,0.837275,0.002227
2021-11-05 07:00:00,1897.114371,0.196783,0.801468,0.048526
2021-11-05 08:00:00,1927.434740,0.253936,0.818220,0.139202
2021-11-05 09:00:00,1948.285704,0.277995,0.796357,0.324108
2021-11-05 10:00:00,1955.676114,0.288992,0.658103,0.411257
2021-11-05 11:00:00,1919.132662,0.417035,0.591455,0.361546
2021-11-05 12:00:00,1885.901451,0.463473,0.747309,0.274877
2021-11-05 13:00:00,1853.328314,0.419213,0.745155,0.198223
2021-11-05 14:00:00,1841.742587,0.371761,0.900811,0.072986
2021-11-05 15:00:00,1931.087138,0.433535,0.846052,0.002641
2021-11-05 16:00:00,2073.061779,0.544861,0.876968,0.000276
2021-11-05 17:00:00,1997.895311,0.558324,0.941927,0.000218
2021-11-05 18:00:00,1855.502582,0.419898,0.922541,0.000158
2021-11-05 19:00:00,1773.650427,0.355468,0.959424,0.000147
2021-11-05 20:00:00,1658.112062,0.337684,0.951843,0.000105
2021-11-05 21:00:00,1550.406148,0.307731,0.935528,0.000098
2021-11-05 22:00:00,1452.339182,0.291446,0.858087,0.000089
2021-11-05 23:00:00,1367.467536,0.262803,0.852938,0.000083
2021-11-06 00:00:00,1328.937210,0.254017,0.847611,0.000078
2021-11-06 01:00:00,1276.987505,0.318341,0.836881,0.000077
2021-11-06 02:00:00,1250.153449,0.334773,0.833645,0.000064
2021-11-06 03:00:00,1237.480284,0.331348,0.850357,0.000069
2021-11-06 04:00:00,1263.390715,0.473927,0.849372,0.000070
2021-11-06 05:00:00,1331.224077,0.332192,0.849926,0.000062
2021-11-06 06:00:00,1423.948545,0.332599,0.834588,0.005699
2021-11-06 07:00:00,1556.251419,0.305831,0.848049,0.072225
2021-11-06 08:00:00,1657.966166,0.373994,0.831546,0.104923
2021-11-06 09:00:00,1721.559620,0.549492,0.858853,0.114515
2021-11-06 10:00:00,1728.624100,0.391663,0.839210,0.115334
2021-11-06 11:00:00,1731.609287,0.560182,0.849758,0.075441
2021-11-06 12:00:00,1736.965049,0.448364,0.953451,0.049457
2021-11-06 13:00:00,1725.945773,0.427471,0.951981,0.029200
2021-11-06 14:00:00,1741.874379,0.434746,0.913212,0.005417
2021-11-06 15:00:00,1788.812043,0.434623,0.892226,0.000233
2021-11-06 16:00:00,1925.701633,0.453621,0.959625,0.000100
2021-11-06 17:00:00,1875.762668,0.572629,0.964137,0.000095
2021-11-06 18:00:00,1799.060387,0.480412,0.938058,0.000089
2021-11-06 19:00:00,1688.147667,0.522406,0.924926,0.000080
2021-11-06 20:00:00,1594.630256,0.490932,0.896492,0.000083
2021-11-06 21:00:00,1504.884276,0.589983,0.901532,0.000062
2021-11-06 22:00:00,1437.185615,0.493353,0.900893,0.000068
2021-11-06 23:00:00,1379.163049,0.578670,0.899615,0.000069
2021-11-07 00:00:00,1326.675446,0.545789,0.898502,0.000070
2021-11-07 01:00:00,1267.279325,0.551275,0.883292,0.000063
2021-11-07 02:00:00,1272.271284,0.754505,0.983454,0.000071
2021-11-07 03:00:00,1256.944509,0.698907,0.977080,0.000062
2021-11-07 04:00:00,1242.755896,0.652065,0.968888,0.000065
2021-11-07 05:00:00,1327.098756,0.408138,0.932593,0.000078
2021-11-07 06:00:00,1428.810243,0.543150,0.890179,0.000993
2021-11-07 07:00:00,1552.181757,0.337076,0.958834,0.046241
2021-11-07 08:00:00,1635.187425,0.336862,0.878058,0.180138
2021-11-07 09:00:00,1680.559864,0.497652,0.865450,0.316011
2021-11-07 10:00:00,1707.357682,0.431541,0.944678,0.396078
2021-11-07 11:00:00,1701.437039,0.488204,0.885620,0.399944
2021-11-07 12:00:00,1700.238938,0.381183,0.908147,0.323120
2021-11-07 13:00:00,1672.889377,0.347625,0.917163,0.160643
2021-11-07 14:00:00,1690.258430,0.294947,0.937062,0.037213
2021-11-07 15:00:00,1786.632464,0.368583,0.934784,0.000710
2021-11-07 16:00:00,1954.074446,0.270935,0.873119,0.000277
2021-11-07 17:00:00,1878.329037,0.332162,0.916464,0.000215
2021-11-07 18:00:00,1747.957223,0.244721,0.893318,0.000156
2021-11-07 19:00:00,1639.538770,0.160914,0.730680,0.000130
2021-11-07 20:00:00,1537.261045,0.198544,0.457483,0.000096
2021-11-07 21:00:00,1409.448159,0.176764,0.362232,0.000078
2021-11-07 22:00:00,1285.167199,0.162053,0.379240,0.000066
2021-11-07 23:00:00,1225.032296,0.141879,0.275964,0.000048
2021-11-08 00:00:00,1180.795259,0.097422,0.277650,0.000051
2021-11-08 01:00:00,1144.683814,0.099478,0.256210,0.000042
2021-11-08 02:00:00,1143.291652,0.080092,0.327211,0.000036
2021-11-08 03:00:00,1174.071481,0.063646,0.246293,0.000053
2021-11-08 04:00:00,1274.005216,0.036092,0.193125,0.000041
2021-11-08 05:00:00,1517.694807,0.016148,0.143116,0.000051
2021-11-08 06:00:00,1738.933505,0.010973,0.055096,0.000659
2021-11-08 07:00:00,1824.144341,0.011267,0.055135,0.015291
2021-11-08 08:00:00,1870.009266,0.012734,0.037938,0.045846
2021-11-08 09:00:00,1890.041321,0.014457,0.028648,0.078657
2021-11-08 10:00:00,1899.084612,0.014775,0.016678,0.108450
2021-11-08 11:00:00,1893.976254,0.019712,0.039992,0.103738
2021-11-08 12:00:00,1879.248606,0.028885,0.160742,0.094005
2021-11-08 13:00:00,1850.899751,0.045931,0.379733,0.066018
2021-11-08 14:00:00,1841.739016,0.044345,0.399236,0.019185
2021-11-08 15:00:00,1942.745190,0.048184,0.291016,0.000434
2021-11-08 16:00:00,2108.607328,0.053306,0.281989,0.000086
2021-11-08 17:00:00,2032.281937,0.063266,0.298886,0.000072
2021-11-08 18:00:00,1890.685408,0.060292,0.278627,0.000066
2021-11-08 19:00:00,1743.042705,0.064011,0.281813,0.000081
2021-11-08 20:00:00,1623.883351,0.077021,0.291713,0.000062
2021-11-08 21:00:00,1486.550093,0.080049,0.341495,0.000061
2021-11-08 22:00:00,1360.115875,0.090928,0.325231,0.000057
2021-11-08 23:00:00,1278.318625,0.112346,0.259720,0.000061
2021-11-09 00:00:00,1224.891723,0.129501,0.299695,0.000058
2021-11-09 01:00:00,1193.826926,0.139868,0.360257,0.000037
2021-11-09 02:00:00,1193.343480,0.133368,0.403290,0.000037
2021-11-09 03:00:00,1224.436014,0.141655,0.427862,0.000044
2021-11-09 04:00:00,1314.297479,0.142053,0.424088,0.000045
2021-11-09 05:00:00,1552.713104,0.184852,0.349130,0.000055
2021-11-09 06:00:00,1765.622860,0.238658,0.389364,0.002373
2021-11-09 07:00:00,1854.759230,0.285755,0.520979,0.025984
2021-11-09 08:00:00,1906.805144,0.332634,0.579610,0.062124
2021-11-09 09:00:00,1924.081585,0.424622,0.657621,0.132459
2021-11-09 10:00:00,1920.257962,0.563900,0.736810,0.163803
2021-11-09 11:00:00,1915.298612,0.662695,0.857371,0.153364
2021-11-09 12:00:00,1916.238029,0.696706,0.889700,0.141148
2021-11-09 13:00:00,1884.814881,0.654770,0.889678,0.074030
2021-11-09 14:00:00,1867.542965,0.628132,0.846454,0.020567
2021-11-09 15:00:00,1965.891834,0.618793,0.868191,0.000636
2021-11-09 16:00:00,2120.383076,0.668550,0.905186,0.000106
2021-11-09 17:00:00,2059.090032,0.726478,0.939405,0.000099
2021-11-09 18:00:00,1941.430581,0.665312,0.960181,0.000088
2021-11-09 19:00:00,1808.250523,0.682519,0.957720,0.000079
2021-11-09 20:00:00,1690.009768,0.578691,0.968087,0.000085
2021-11-09 21:00:00,1567.741623,0.557187,0.945567,0.000068
2021-11-09 22:00:00,1437.206504,0.501892,0.874098,0.000055
2021-11-09 23:00:00,1339.544385,0.418336,0.807126,0.000055
2021-11-10 00:00:00,1283.260186,0.322261,0.734424,0.000056
2021-11-10 01:00:00,1236.231591,0.329449,0.722429,0.000048
2021-11-10 02:00:00,1237.192116,0.353848,0.751223,0.000052
2021-11-10 03:00:00,1276.153197,0.258583,0.713380,0.000057
2021-11-10 04:00:00,1374.065133,0.225439,0.703151,0.000047
2021-11-10 05:00:00,1592.428694,0.264645,0.605979,0.000052
2021-11-10 06:00:00,1773.294661,0.275711,0.616778,0.001088
2021-11-10 07:00:00,1844.848944,0.267481,0.619402,0.026210
2021-11-10 08:00:00,1880.404381,0.265637,0.629658,0.068642
2021-11-10 09:00:00,1901.998144,0.302183,0.574272,0.091381
2021-11-10 10:00:00,1870.767394,0.211566,0.476625,0.111271
2021-11-10 11:00:00,1879.465204,0.216332,0.472728,0.098970
2021-11-10 12:00:00,1868.064270,0.185875,0.407371,0.073804
2021-11-10 13:00:00,1869.382584,0.138825,0.387685,0.034504
2021-11-10 14:00:00,1868.933714,0.119660,0.436719,0.010100
2021-11-10 15:00:00,1963.677658,0.138921,0.508785,0.000204
2021-11-10 16:00:00,2094.345374,0.136742,0.465896,0.000110
2021-11-10 17:00:00,1995.635182,0.109749,0.285401,0.000084
2021-11-10 18:00:00,1840.425708,0.085409,0.167185,0.000071
2021-11-10 19:00:00,1704.592319,0.078595,0.161507,0.000062
2021-11-10 20:00:00,1584.898599,0.060332,0.115059,0.000054
2021-11-10 21:00:00,1459.348657,0.041604,0.073743,0.000047
2021-11-10 22:00:00,1335.240065,0.024794,0.045501,0.000035
2021-11-10 23:00:00,1247.158507,0.027315,0.028876,0.000041
2021-11-11 00:00:00,1194.675867,0.023046,0.012442,0.000042
2021-11-11 01:00:00,1162.615938,0.025360,0.017852,0.000032
2021-11-11 02:00:00,1159.761927,0.022557,0.014087,0.000039
2021-11-11 03:00:00,1177.547458,0.044869,0.022197,0.000043
2021-11-11 04:00:00,1278.816151,0.064182,0.063045,0.000046
2021-11-11 05:00:00,1514.280298,0.082607,0.107821,0.000052
2021-11-11 06:00:00,1735.253659,0.099680,0.161447,0.000140
2021-11-11 07:00:00,1813.049552,0.106236,0.203473,0.012131
2021-11-11 08:00:00,1844.732701,0.132655,0.243578,0.039103
2021-11-11 09:00:00,1867.714390,0.182610,0.271678,0.072704
2021-11-11 10:00:00,1865.943221,0.215241,0.278583,0.102299
2021-11-11 11:00:00,1850.502552,0.250150,0.352067,0.102130
2021-11-11 12:00:00,1844.757065,0.216096,0.344100,0.132967
2021-11-11 13:00:00,1821.833136,0.166691,0.406516,0.098237
2021-11-11 14:00:00,1798.771047,0.181258,0.341957,0.035858
2021-11-11 15:00:00,1896.932500,0.283409,0.290345,0.001030
2021-11-11 16:00:00,2045.174943,0.322238,0.376375,0.000118
2021-11-11 17:00:00,1987.872243,0.300723,0.515094,0.000107
2021-11-11 18:00:00,1849.043320,0.242434,0.540697,0.000071
2021-11-11 19:00:00,1723.539543,0.212526,0.413419,0.000067
2021-11-11 20:00:00,1604.294921,0.190649,0.305135,0.000076
2021-11-11 21:00:00,1481.594183,0.172651,0.346032,0.000056
2021-11-11 22:00:00,1362.033024,0.123610,0.320323,0.000059
2021-11-11 23:00:00,1280.158609,0.092961,0.266217,0.000054
2021-11-12 00:00:00,1232.389372,0.092819,0.188448,0.000043
2021-11-12 01:00:00,1209.519669,0.085952,0.150204,0.000053
2021-11-12 02:00:00,1201.651164,0.073345,0.116568,0.000045
2021-11-12 03:00:00,1227.348826,0.041832,0.057303,0.000050
2021-11-12 04:00:00,1327.568421,0.024016,0.019302,0.000048
2021-11-12 05:00:00,1561.686702,0.022141,0.002123,0.000047
2021-11-12 06:00:00,1772.149156,0.041741,0.020104,0.001032
2021-11-12 07:00:00,1848.338011,0.066218,0.044668,0.048103
2021-11-12 08:00:00,1868.169756,0.092500,0.086799,0.138750
2021-11-12 09:00:00,1873.008893,0.114585,0.115656,0.222203
2021-11-12 10:00:00,1871.571379,0.110245,0.125928,0.249711
2021-11-12 11:00:00,1844.271679,0.095121,0.072653,0.207533
2021-11-12 12:00:00,1824.452296,0.117097,0.073673,0.167443
2021-11-12 13:00:00,1790.542839,0.165737,0.090148,0.090619
2021-11-12 14:00:00,1777.576218,0.194383,0.161792,0.013204
2021-11-12 15:00:00,1897.377342,0.265666,0.251586,0.000260
2021-11-12 16:00:00,2019.556944,0.340450,0.473584,0.000184
2021-11-12 17:00:00,1974.719645,0.405687,0.682491,0.000154
2021-11-12 18:00:00,1836.402494,0.452974,0.871713,0.000120
2021-11-12 19:00:00,1702.664883,0.504771,0.759428,0.000089
2021-11-12 20:00:00,1599.090731,0.498798,0.808548,0.000080
2021-11-12 21:00:00,1490.995910,0.449910,0.754129,0.000073
2021-11-12 22:00:00,1400.576015,0.427137,0.749904,0.000059
2021-11-12 23:00:00,1325.734514,0.338931,0.651684,0.000048
2021-11-13 00:00:00,1264.196060,0.259876,0.482160,0.000068
2021-11-13 01:00:00,1217.615979,0.242420,0.456781,0.000052
2021-11-13 02:00:00,1195.069912,0.232110,0.344598,0.000054
2021-11-13 03:00:00,1167.971658,0.224887,0.345148,0.000060
2021-11-13 04:00:00,1182.384253,0.179458,0.339634,0.000048
2021-11-13 05:00:00,1257.089630,0.154583,0.260427,0.000052
2021-11-13 06:00:00,1370.122470,0.136242,0.180323,0.000084
2021-11-13 07:00:00,1501.461405,0.091681,0.108426,0.011059
2021-11-13 08:00:00,1606.923071,0.056984,0.092029,0.034137
2021-11-13 09:00:00,1664.252808,0.047190,0.094168,0.059726
2021-11-13 10:00:00,1687.618300,0.041867,0.069025,0.069685
2021-11-13 11:00:00,1689.343899,0.026657,0.075579,0.067767
2021-11-13 12:00:00,1686.194557,0.018894,0.067769,0.056482
2021-11-13 13:00:00,1681.586262,0.024375,0.061795,0.038905
2021-11-13 14:00:00,1691.118805,0.020124,0.103124,0.011031
2021-11-13 15:00:00,1786.113401,0.023705,0.137849,0.000198
2021-11-13 16:00:00,1901.497588,0.024315,0.088013,0.000085
2021-11-13 17:00:00,1846.909860,0.021145,0.095624,0.000075
2021-11-13 18:00:00,1723.553353,0.020501,0.093176,0.000052
2021-11-13 19:00:00,1615.843402,0.023129,0.080716,0.000063
2021-11-13 20:00:00,1518.640363,0.029094,0.090818,0.000063
2021-11-13 21:00:00,1438.438412,0.028443,0.104897,0.000047
2021-11-13 22:00:00,1348.067581,0.043149,0.145486,0.000058
2021-11-13 23:00:00,1271.967609,0.070933,0.156185,0.000052
2021-11-14 00:00:00,1217.541309,0.080087,0.147468,0.000034
2021-11-14 01:00:00,1181.445713,0.091224,0.120143,0.000044
2021-11-14 02:00:00,1166.268574,0.096628,0.100553,0.000043
2021-11-14 03:00:00,1162.415675,0.110667,0.158706,0.000042
2021-11-14 04:00:00,1175.234568,0.122790,0.305296,0.000052
2021-11-14 05:00:00,1231.989609,0.122303,0.473607,0.000047
2021-11-14 06:00:00,1328.889221,0.120398,0.383260,0.000058
2021-11-14 07:00:00,1451.394372,0.131228,0.339134,0.003386
2021-11-14 08:00:00,1565.439293,0.129597,0.325329,0.018254
2021-11-14 09:00:00,1648.128997,0.140574,0.405906,0.031739
2021-11-14 10:00:00,1679.121512,0.152884,0.432796,0.033771
2021-11-14 11:00:00,1691.012354,0.153405,0.402047,0.030865
2021-11-14 12:00:00,1692.349532,0.172724,0.487308,0.025561
2021-11-14 13:00:00,1687.397241,0.188014,0.478222,0.014135
2021-11-14 14:00:00,1705.147554,0.164519,0.507351,0.001750
2021-11-14 15:00:00,1811.984918,0.132252,0.505700,0.000123
2021-11-14 16:00:00,1951.441533,0.117078,0.470539,0.000089
2021-11-14 17:00:00,1899.094171,0.130742,0.498157,0.000073
2021-11-14 18:00:00,1761.927055,0.155935,0.484747,0.000081
2021-11-14 19:00:00,1645.845848,0.154639,0.493690,0.000065
2021-11-14 20:00:00,1534.688346,0.159373,0.429111,0.000067
2021-11-14 21:00:00,1431.023926,0.150868,0.478400,0.000073
2021-11-14 22:00:00,1314.491880,0.110793,0.411092,0.000055
2021-11-14 23:00:00,1235.205013,0.084922,0.379528,0.000051
2021-11-15 00:00:00,1184.280409,0.076386,0.365979,0.000044
2021-11-15 01:00:00,1172.974159,0.082357,0.355873,0.000038
2021-11-15 02:00:00,1151.796388,0.091426,0.332063,0.000047
2021-11-15 03:00:00,1172.194562,0.080182,0.307736,0.000047
2021-11-15 04:00:00,1285.967820,0.078209,0.245882,0.000040
2021-11-15 05:00:00,1513.209889,0.070054,0.259182,0.000069
2021-11-15 06:00:00,1751.483132,0.065352,0.238353,0.000064
2021-11-15 07:00:00,1846.796044,0.049702,0.164739,0.001038
2021-11-15 08:00:00,1900.023907,0.028362,0.115201,0.007730
2021-11-15 09:00:00,1920.010501,0.029948,0.074701,0.015235
2021-11-15 10:00:00,1921.017775,0.027026,0.055935,0.029313
2021-11-15 11:00:00,1915.549082,0.023541,0.056341,0.029228
2021-11-15 12:00:00,1913.160389,0.018737,0.057082,0.022514
2021-11-15 13:00:00,1894.874617,0.020068,0.046933,0.009282
2021-11-15 14:00:00,1887.994030,0.024616,0.061557,0.001132
2021-11-15 15:00:00,1980.079139,0.031673,0.097976,0.000078
2021-11-15 16:00:00,2110.796863,0.030452,0.107774,0.000080
2021-11-15 17:00:00,2038.445912,0.030717,0.086565,0.000064
2021-11-15 18:00:00,1895.284152,0.020735,0.068078,0.000054
2021-11-15 19:00:00,1758.861303,0.013428,0.040996,0.000060
2021-11-15 20:00:00,1629.288563,0.009749,0.029446,0.000045
2021-11-15 21:00:00,1501.755513,0.011835,0.029968,0.000045
2021-11-15 22:00:00,1377.807694,0.016623,0.028445,0.000044
2021-11-15 23:00:00,1282.275827,0.014723,0.041248,0.000039
2021-11-16 00:00:00,1221.742271,0.019353,0.058146,0.000042
2021-11-16 01:00:00,1198.001656,0.028443,0.073463,0.000035
2021-11-16 02:00:00,1203.131247,0.018729,0.078506,0.000034
2021-11-16 03:00:00,1226.066661,0.016146,0.054721,0.000048
2021-11-16 04:00:00,1317.103075,0.007958,0.048691,0.000038
2021-11-16 05:00:00,1553.138964,0.004650,0.035595,0.000047
2021-11-16 06:00:00,1795.922884,0.003330,0.037058,0.000065
2021-11-16 07:00:00,1878.466178,0.005743,0.029859,0.001173
2021-11-16 08:00:00,1921.157444,0.007190,0.032143,0.008746
2021-11-16 09:00:00,1941.829179,0.014545,0.051584,0.019721
2021-11-16 10:00:00,1939.470656,0.021180,0.055479,0.026125
2021-11-16 11:00:00,1945.478573,0.021487,0.044794,0.026717
2021-11-16 12:00:00,1940.251284,0.011630,0.045179,0.022006
2021-11-16 13:00:00,1923.239311,0.005579,0.035652,0.010693
2021-11-16 14:00:00,1918.976678,0.008556,0.040243,0.001446
2021-11-16 15:00:00,2009.416810,0.012047,0.033237,0.000079
2021-11-16 16:00:00,2124.741871,0.011029,0.049578,0.000079
2021-11-16 17:00:00,2040.636704,0.012359,0.055195,0.000081
2021-11-16 18:00:00,1902.666287,0.018006,0.070274,0.000063
2021-11-16 19:00:00,1783.191908,0.023407,0.099086,0.000065
2021-11-16 20:00:00,1655.487016,0.027463,0.149258,0.000046
2021-11-16 21:00:00,1527.301104,0.032210,0.146379,0.000055
2021-11-16 22:00:00,1408.206240,0.040149,0.154119,0.000050
2021-11-16 23:00:00,1322.889419,0.055473,0.154425,0.000039
2021-11-17 00:00:00,1260.352271,0.074039,0.183174,0.000045
2021-11-17 01:00:00,1225.826672,0.110653,0.213374,0.000034
2021-11-17 02:00:00,1243.816842,0.128633,0.212300,0.000042
2021-11-17 03:00:00,1284.028162,0.092012,0.208403,0.000049
2021-11-17 04:00:00,1354.454778,0.081016,0.217239,0.000043
2021-11-17 05:00:00,1581.600915,0.122817,0.216022,0.000060
2021-11-17 06:00:00,1813.341265,0.200882,0.175320,0.000114
2021-11-17 07:00:00,1888.762872,0.249523,0.219651,0.004940
2021-11-17 08:00:00,1925.589633,0.335412,0.213719,0.033855
2021-11-17 09:00:00,1960.911998,0.397291,0.360813,0.065707
2021-11-17 10:00:00,1965.643376,0.465885,0.541202,0.051460
2021-11-17 11:00:00,1980.653284,0.547552,0.769270,0.030413
2021-11-17 12:00:00,1992.298755,0.497448,0.889985,0.029905
2021-11-17 13:00:00,1983.316490,0.475278,0.907401,0.024743
2021-11-17 14:00:00,1977.025340,0.466485,0.901584,0.013909
2021-11-17 15:00:00,2048.201743,0.378917,0.884910,0.000304
2021-11-17 16:00:00,2167.286997,0.375858,0.791427,0.000093
2021-11-17 17:00:00,2086.856774,0.406737,0.737381,0.000071
2021-11-17 18:00:00,1954.158495,0.374489,0.840373,0.000081
2021-11-17 19:00:00,1817.675424,0.397606,0.812770,0.000064
2021-11-17 20:00:00,1692.900919,0.416180,0.784770,0.000058
2021-11-17 21:00:00,1604.784106,0.458323,0.769414,0.000060
2021-11-17 22:00:00,1499.012108,0.446494,0.815151,0.000050
2021-11-17 23:00:00,1441.305385,0.385877,0.885593,0.000057
2021-11-18 00:00:00,1372.917035,0.395523,0.900733,0.000051
2021-11-18 01:00:00,1353.277507,0.317971,0.841960,0.000054
2021-11-18 02:00:00,1307.544671,0.287630,0.896536,0.000062
2021-11-18 03:00:00,1320.173307,0.295438,0.855795,0.000050
2021-11-18 04:00:00,1420.382989,0.292304,0.841831,0.000065
2021-11-18 05:00:00,1645.451147,0.377270,0.835816,0.000070
2021-11-18 06:00:00,1886.527267,0.436815,0.820680,0.000385
2021-11-18 07:00:00,1937.646049,0.502850,0.871326,0.017915
2021-11-18 08:00:00,2002.173573,0.535190,0.923940,0.067259
2021-11-18 09:00:00,2030.243348,0.595132,0.929667,0.088644
2021-11-18 10:00:00,1944.917192,0.656155,0.949500,0.094682
2021-11-18 11:00:00,1999.561727,0.644592,0.962302,0.053576
2021-11-18 12:00:00,1984.595191,0.693072,0.975385,0.034871
2021-11-18 13:00:00,1958.252124,0.767266,0.981009,0.012442
2021-11-18 14:00:00,1962.374167,0.803938,0.977902,0.001724
2021-11-18 15:00:00,2047.406513,0.791784,0.975570,0.000108
2021-11-18 16:00:00,2215.726140,0.737714,0.984128,0.000105
2021-11-18 17:00:00,2120.538069,0.541366,0.913202,0.000098
2021-11-18 18:00:00,2007.826854,0.535890,0.896213,0.000086
2021-11-18 19:00:00,1860.829283,0.538154,0.895529,0.000093
2021-11-18 20:00:00,1712.850910,0.573442,0.895046,0.000079
2021-11-18 21:00:00,1604.450001,0.535959,0.896337,0.000075
2021-11-18 22:00:00,1498.704725,0.518400,0.895007,0.000070
2021-11-18 23:00:00,1398.488449,0.454329,0.891963,0.000078
2021-11-19 00:00:00,1360.612743,0.429515,0.891609,0.000060
2021-11-19 01:00:00,1316.023389,0.468266,0.887936,0.000059
2021-11-19 02:00:00,1250.526557,0.443305,0.878183,0.000076
2021-11-19 03:00:00,1269.588411,0.436704,0.873087,0.000065
2021-11-19 04:00:00,1400.528669,0.451472,0.869011,0.000061
2021-11-19 05:00:00,1611.163771,0.486476,0.875526,0.000078
2021-11-19 06:00:00,1845.327281,0.594395,0.878444,0.000099
2021-11-19 07:00:00,1911.444650,0.505312,0.876557,0.015432
2021-11-19 08:00:00,1945.105266,0.477310,0.877500,0.066638
2021-11-19 09:00:00,1951.104239,0.488725,0.878270,0.136606
2021-11-19 10:00:00,1894.412869,0.509087,0.878032,0.146650
2021-11-19 11:00:00,1894.122445,0.736802,0.991877,0.142897
2021-11-19 12:00:00,1878.109027,0.747532,0.974318,0.143010
2021-11-19 13:00:00,1843.248246,0.737862,0.887275,0.096854
2021-11-19 14:00:00,1841.588278,0.609742,0.948633,0.020144
2021-11-19 15:00:00,1938.189356,0.600810,0.994871,0.000262
2021-11-19 16:00:00,2087.626643,0.527506,0.903452,0.000169
2021-11-19 17:00:00,2051.223292,0.565283,0.865948,0.000122
2021-11-19 18:00:00,1893.715509,0.645173,0.918060,0.000104
2021-11-19 19:00:00,1756.866252,0.528952,0.893948,0.000115
2021-11-19 20:00:00,1671.129925,0.532014,0.887899,0.000092
2021-11-19 21:00:00,1575.016921,0.508113,0.890608,0.000081
2021-11-19 22:00:00,1470.707822,0.489778,0.890320,0.000089
2021-11-19 23:00:00,1380.234766,0.529833,0.889369,0.000085
2021-11-20 00:00:00,1298.120357,0.543679,0.887522,0.000074
2021-11-20 01:00:00,1259.267025,0.496468,0.885810,0.000081
2021-11-20 02:00:00,1236.503271,0.545014,0.880529,0.000063
2021-11-20 03:00:00,1230.214294,0.484035,0.969654,0.000062
2021-11-20 04:00:00,1244.574969,0.456447,0.861618,0.000073
2021-11-20 05:00:00,1305.594210,0.480968,0.895621,0.000068
2021-11-20 06:00:00,1418.567095,0.518252,0.913083,0.000205
2021-11-20 07:00:00,1541.436944,0.427567,0.874773,0.009649
2021-11-20 08:00:00,1675.544450,0.477397,0.878119,0.033319
2021-11-20 09:00:00,1757.103020,0.791192,0.978151,0.076090
2021-11-20 10:00:00,1755.314019,0.890877,0.976008,0.154578
2021-11-20 11:00:00,1775.935289,0.776163,0.983313,0.182847
2021-11-20 12:00:00,1738.421211,0.855534,0.975668,0.082494
2021-11-20 13:00:00,1765.671243,0.808850,0.968961,0.027141
2021-11-20 14:00:00,1734.778489,0.758495,0.950538,0.005868
2021-11-20 15:00:00,1832.697073,0.717785,0.935957,0.000152
2021-11-20 16:00:00,1972.189505,0.507192,0.950360,0.000125
2021-11-20 17:00:00,1933.215976,0.446867,0.968201,0.000133
2021-11-20 18:00:00,1812.808540,0.402835,0.899260,0.000101
2021-11-20 19:00:00,1711.748354,0.409508,0.852197,0.000094
2021-11-20 20:00:00,1621.970386,0.460240,0.954614,0.000085
2021-11-20 21:00:00,1543.769751,0.481344,0.864877,0.000082
2021-11-20 22:00:00,1465.904291,0.498248,0.871307,0.000085
2021-11-20 23:00:00,1367.485278,0.459360,0.868603,0.000076
2021-11-21 00:00:00,1293.148344,0.394817,0.862616,0.000066
2021-11-21 01:00:00,1248.344274,0.401630,0.852363,0.000078
2021-11-21 02:00:00,1227.789500,0.338459,0.805863,0.000079
2021-11-21 03:00:00,1226.685815,0.402875,0.799082,0.000067
2021-11-21 04:00:00,1255.069861,0.398756,0.838243,0.000060
2021-11-21 05:00:00,1321.419591,0.297991,0.831446,0.000076
2021-11-21 06:00:00,1420.220244,0.227544,0.771366,0.000183
2021-11-21 07:00:00,1470.293045,0.236822,0.707729,0.014399
2021-11-21 08:00:00,1560.791788,0.242318,0.685421,0.085387
2021-11-21 09:00:00,1614.486881,0.188535,0.663411,0.190527
2021-11-21 10:00:00,1624.338714,0.212962,0.602082,0.221173
2021-11-21 11:00:00,1628.315662,0.170010,0.444549,0.211329
2021-11-21 12:00:00,1617.594488,0.142379,0.308190,0.153100
2021-11-21 13:00:00,1620.565818,0.174727,0.172045,0.069544
2021-11-21 14:00:00,1657.038413,0.224001,0.339523,0.015348
2021-11-21 15:00:00,1804.083118,0.313057,0.494658,0.000268
2021-11-21 16:00:00,1955.514130,0.338024,0.492494,0.000199
2021-11-21 17:00:00,1928.945677,0.341863,0.477993,0.000139
2021-11-21 18:00:00,1829.889715,0.342439,0.621429,0.000093
2021-11-21 19:00:00,1739.997071,0.345222,0.601731,0.000099
2021-11-21 20:00:00,1635.346959,0.285372,0.464235,0.000068
2021-11-21 21:00:00,1510.840884,0.224106,0.362276,0.000076
2021-11-21 22:00:00,1380.462708,0.213629,0.267989,0.000057
2021-11-21 23:00:00,1316.529883,0.164621,0.256763,0.000068
2021-11-22 00:00:00,1290.230466,0.179682,0.214251,0.000063
2021-11-22 01:00:00,1263.890586,0.167244,0.208313,0.000057
2021-11-22 02:00:00,1263.817215,0.144767,0.180137,0.000070
2021-11-22 03:00:00,1277.417658,0.146647,0.168441,0.000058
2021-11-22 04:00:00,1395.743499,0.113993,0.122375,0.000075
2021-11-22 05:00:00,1659.794046,0.052042,0.158169,0.000083
2021-11-22 06:00:00,1916.830013,0.024083,0.169174,0.000275
2021-11-22 07:00:00,1999.533944,0.025586,0.130520,0.026245
2021-11-22 08:00:00,2007.848198,0.065772,0.104182,0.107537
2021-11-22 09:00:00,1982.926638,0.072331,0.105434,0.175440
2021-11-22 10:00:00,1948.223816,0.033176,0.146813,0.258574
2021-11-22 11:00:00,1918.835330,0.012371,0.194569,0.296904
2021-11-22 12:00:00,1897.330731,0.013930,0.095672,0.256356
2021-11-22 13:00:00,1880.705434,0.039431,0.058158,0.137051
2021-11-22 14:00:00,1898.745896,0.090448,0.081982,0.023924
2021-11-22 15:00:00,2038.729196,0.156107,0.200359,0.000377
2021-11-22 16:00:00,2193.447177,0.213493,0.367460,0.000253
2021-11-22 17:00:00,2128.180911,0.312547,0.414915,0.000183
2021-11-22 18:00:00,1977.213322,0.458578,0.540464,0.000136
2021-11-22 19:00:00,1836.152191,0.525154,0.636686,0.000113
2021-11-22 20:00:00,1713.129509,0.557166,0.810767,0.000094
2021-11-22 21:00:00,1602.191439,0.532740,0.863329,0.000098
2021-11-22 22:00:00,1469.203434,0.536766,0.883649,0.000069
2021-11-22 23:00:00,1374.870882,0.536736,0.865018,0.000067
2021-11-23 00:00:00,1308.307908,0.503658,0.851336,0.000070
2021-11-23 01:00:00,1277.587066,0.419757,0.910680,0.000067
2021-11-23 02:00:00,1275.393298,0.376761,0.847882,0.000055
2021-11-23 03:00:00,1297.924910,0.337146,0.767591,0.000054
2021-11-23 04:00:00,1390.367133,0.343498,0.661312,0.000054
2021-11-23 05:00:00,1606.767596,0.278096,0.517506,0.000068
2021-11-23 06:00:00,1842.188702,0.262164,0.446246,0.000107
2021-11-23 07:00:00,1903.987372,0.220241,0.366928,0.016300
2021-11-23 08:00:00,1917.530269,0.209707,0.261169,0.100212
2021-11-23 09:00:00,1920.532061,0.199102,0.274249,0.181492
2021-11-23 10:00:00,1907.146937,0.210959,0.306160,0.222260
2021-11-23 11:00:00,1889.133698,0.228420,0.375777,0.204204
2021-11-23 12:00:00,1886.355433,0.221379,0.345596,0.147665
2021-11-23 13:00:00,1882.647737,0.214334,0.320317,0.067513
2021-11-23 14:00:00,1886.328651,0.207610,0.433137,0.010382
2021-11-23 15:00:00,2000.255291,0.245620,0.518566,0.000173
2021-11-23 16:00:00,2123.043950,0.290891,0.503798,0.000159
2021-11-23 17:00:00,2055.917355,0.335254,0.669853,0.000118
2021-11-23 18:00:00,1927.957062,0.366252,0.759556,0.000085
2021-11-23 19:00:00,1798.801214,0.371229,0.808223,0.000084
2021-11-23 20:00:00,1670.870000,0.357950,0.804920,0.000063
2021-11-23 21:00:00,1561.955824,0.356001,0.808747,0.000063
2021-11-23 22:00:00,1440.304727,0.379641,0.786947,0.000075
2021-11-23 23:00:00,1340.194244,0.426902,0.801576,0.000067
2021-11-24 00:00:00,1277.285994,0.401530,0.736439,0.000048
2021-11-24 01:00:00,1240.525513,0.377668,0.739524,0.000058
2021-11-24 02:00:00,1234.589401,0.358037,0.712666,0.000053
2021-11-24 03:00:00,1272.503512,0.296993,0.719821,0.000055
2021-11-24 04:00:00,1373.323679,0.289540,0.647454,0.000069
2021-11-24 05:00:00,1576.263068,0.300585,0.605646,0.000065
2021-11-24 06:00:00,1805.139606,0.284059,0.661283,0.000077
2021-11-24 07:00:00,1898.382766,0.273637,0.642766,0.004815
2021-11-24 08:00:00,1938.824025,0.236288,0.605700,0.031768
2021-11-24 09:00:00,1951.760943,0.220849,0.547261,0.074397
2021-11-24 10:00:00,1931.723991,0.234633,0.530079,0.091861
2021-11-24 11:00:00,1914.815417,0.303033,0.476249,0.085880
2021-11-24 12:00:00,1910.273790,0.282619,0.442260,0.055974
2021-11-24 13:00:00,1917.822988,0.258796,0.450688,0.034476
2021-11-24 14:00:00,1922.331070,0.279535,0.462661,0.008774
2021-11-24 15:00:00,2013.857860,0.339540,0.376485,0.000097
2021-11-24 16:00:00,2132.226966,0.338344,0.411367,0.000085
2021-11-24 17:00:00,2061.856672,0.403564,0.542362,0.000092
2021-11-24 18:00:00,1938.205585,0.433308,0.781307,0.000071
2021-11-24 19:00:00,1837.786794,0.500922,0.829335,0.000058
2021-11-24 20:00:00,1691.345461,0.496465,0.872733,0.000072
2021-11-24 21:00:00,1555.719015,0.512049,0.860077,0.000075
2021-11-24 22:00:00,1435.477634,0.486654,0.884257,0.000062
2021-11-24 23:00:00,1345.496228,0.487512,0.905091,0.000062
2021-11-25 00:00:00,1277.724573,0.483986,0.880004,0.000055
2021-11-25 01:00:00,1243.213648,0.467688,0.897856,0.000057
2021-11-25 02:00:00,1245.715377,0.490738,0.909510,0.000055
2021-11-25 03:00:00,1284.440662,0.494049,0.844735,0.000052
2021-11-25 04:00:00,1385.097781,0.475383,0.790370,0.000070
2021-11-25 05:00:00,1612.452840,0.487442,0.796559,0.000061
2021-11-25 06:00:00,1858.048979,0.522097,0.855706,0.000082
2021-11-25 07:00:00,1955.234039,0.536566,0.874767,0.003553
2021-11-25 08:00:00,2003.172216,0.523308,0.898743,0.015517
2021-11-25 09:00:00,2025.932560,0.497785,0.931768,0.029257
2021-11-25 10:00:00,2039.466315,0.445378,0.933550,0.050106
2021-11-25 11:00:00,2034.443990,0.345809,0.893841,0.080350
2021-11-25 12:00:00,2014.142765,0.395295,0.849779,0.103569
2021-11-25 13:00:00,1951.064800,0.540815,0.687092,0.086923
2021-11-25 14:00:00,1990.699523,0.636611,0.747499,0.021385
2021-11-25 15:00:00,2081.232491,0.709990,0.923190,0.000110
2021-11-25 16:00:00,2198.505348,0.741014,0.942994,0.000113
2021-11-25 17:00:00,2138.669025,0.737491,0.968671,0.000104
2021-11-25 18:00:00,2012.360654,0.737092,0.973613,0.000085
2021-11-25 19:00:00,1863.827489,0.645197,0.967492,0.000098
2021-11-25 20:00:00,1727.993584,0.510142,0.937086,0.000076
2021-11-25 21:00:00,1600.941690,0.445246,0.896333,0.000078
2021-11-25 22:00:00,1478.202903,0.391357,0.855612,0.000074
2021-11-25 23:00:00,1430.228167,0.335028,0.820102,0.000063
2021-11-26 00:00:00,1370.617759,0.349993,0.805864,0.000074
2021-11-26 01:00:00,1334.695972,0.376141,0.751603,0.000065
2021-11-26 02:00:00,1330.469249,0.315548,0.753928,0.000076
2021-11-26 03:00:00,1345.779692,0.266274,0.731842,0.000069
2021-11-26 04:00:00,1440.893747,0.292387,0.631678,0.000056
2021-11-26 05:00:00,1649.218624,0.163594,0.533708,0.000073
2021-11-26 06:00:00,1886.057156,0.122731,0.384939,0.000078
2021-11-26 07:00:00,1963.472150,0.105518,0.305306,0.008012
2021-11-26 08:00:00,2000.199540,0.102276,0.200845,0.050444
2021-11-26 09:00:00,2002.596954,0.089767,0.182122,0.116377
2021-11-26 10:00:00,1977.437895,0.103308,0.217912,0.160587
2021-11-26 11:00:00,1939.279588,0.144579,0.169870,0.169587
2021-11-26 12:00:00,1914.669150,0.167402,0.340352,0.110650
2021-11-26 13:00:00,1905.081463,0.167664,0.310119,0.050670
2021-11-26 14:00:00,1914.770928,0.157244,0.290354,0.009113
2021-11-26 15:00:00,2020.343049,0.147247,0.272099,0.000108
2021-11-26 16:00:00,2121.978112,0.151966,0.335576,0.000105
2021-11-26 17:00:00,2061.306494,0.226066,0.361730,0.000107
2021-11-26 18:00:00,1950.150804,0.215902,0.408245,0.000074
2021-11-26 19:00:00,1823.355704,0.220993,0.388982,0.000079
2021-11-26 20:00:00,1705.350403,0.209989,0.395794,0.000064
2021-11-26 21:00:00,1608.743175,0.192256,0.430486,0.000059
2021-11-26 22:00:00,1509.581682,0.167251,0.316213,0.000055
2021-11-26 23:00:00,1450.413216,0.158149,0.222341,0.000042
2021-11-27 00:00:00,1386.672396,0.155725,0.270272,0.000057
2021-11-27 01:00:00,1336.845009,0.165312,0.328933,0.000047
2021-11-27 02:00:00,1317.748142,0.176664,0.413932,0.000056
2021-11-27 03:00:00,1324.461151,0.208888,0.436937,0.000054
2021-11-27 04:00:00,1349.038368,0.210493,0.374562,0.000046
2021-11-27 05:00:00,1386.247539,0.194562,0.333129,0.000066
2021-11-27 06:00:00,1497.338800,0.160354,0.313266,0.000062
2021-11-27 07:00:00,1617.544534,0.162049,0.304864,0.006799
2021-11-27 08:00:00,1735.401352,0.157656,0.330455,0.054366
2021-11-27 09:00:00,1790.939043,0.148855,0.311859,0.123233
2021-11-27 10:00:00,1811.133179,0.138107,0.339428,0.120892
2021-11-27 11:00:00,1813.911330,0.131277,0.302052,0.086275
2021-11-27 12:00:00,1812.537359,0.117232,0.235816,0.075046
2021-11-27 13:00:00,1816.676656,0.129558,0.242855,0.041275
2021-11-27 14:00:00,1833.450649,0.164827,0.340464,0.006574
2021-11-27 15:00:00,1930.641516,0.173257,0.388726,0.000112
2021-11-27 16:00:00,2024.111147,0.144444,0.348879,0.000077
2021-11-27 17:00:00,1986.318054,0.122140,0.310450,0.000088
2021-11-27 18:00:00,1861.334824,0.084902,0.237832,0.000072
2021-11-27 19:00:00,1745.458098,0.076080,0.136579,0.000062
2021-11-27 20:00:00,1651.951832,0.054979,0.100214,0.000062
2021-11-27 21:00:00,1573.927378,0.041567,0.062421,0.000053
2021-11-27 22:00:00,1477.887957,0.036911,0.020850,0.000057
2021-11-27 23:00:00,1431.762575,0.027888,0.035429,0.000052
2021-11-28 00:00:00,1368.045242,0.025135,0.017019,0.000048
2021-11-28 01:00:00,1328.587021,0.031214,0.012706,0.000053
2021-11-28 02:00:00,1280.546770,0.024700,0.005471,0.000045
2021-11-28 03:00:00,1286.455601,0.018535,0.004766,0.000056
2021-11-28 04:00:00,1324.737129,0.018954,0.005413,0.000041
2021-11-28 05:00:00,1356.518269,0.021749,0.008908,0.000061
2021-11-28 06:00:00,1465.802869,0.020957,0.006454,0.000066
2021-11-28 07:00:00,1588.901619,0.022042,0.007799,0.005501
2021-11-28 08:00:00,1692.492652,0.015878,0.013970,0.049880
2021-11-28 09:00:00,1767.740567,0.009751,0.009113,0.106644
2021-11-28 10:00:00,1794.550083,0.005869,0.010047,0.137198
2021-11-28 11:00:00,1802.258635,0.007136,0.022371,0.105600
2021-11-28 12:00:00,1800.330541,0.007753,0.028496,0.079757
2021-11-28 13:00:00,1803.491081,0.012752,0.033864,0.042742
2021-11-28 14:00:00,1830.546945,0.015311,0.070919,0.007448
2021-11-28 15:00:00,1927.425028,0.019660,0.059845,0.000098
2021-11-28 16:00:00,2027.532650,0.018611,0.042135,0.000100
2021-11-28 17:00:00,2004.468374,0.017033,0.034766,0.000097
2021-11-28 18:00:00,1887.880997,0.023005,0.037839,0.000107
2021-11-28 19:00:00,1784.446490,0.030952,0.050873,0.000104
2021-11-28 20:00:00,1672.281425,0.048929,0.052190,0.000096
2021-11-28 21:00:00,1573.190001,0.076754,0.041130,0.000080
2021-11-28 22:00:00,1501.854096,0.098929,0.041460,0.000068
2021-11-28 23:00:00,1405.135485,0.113061,0.037579,0.000067
2021-11-29 00:00:00,1356.549494,0.133324,0.038777,0.000053
2021-11-29 01:00:00,1326.631677,0.133505,0.055717,0.000066
2021-11-29 02:00:00,1325.800322,0.165221,0.117564,0.000057
2021-11-29 03:00:00,1350.199500,0.164452,0.345702,0.000062
2021-11-29 04:00:00,1423.970863,0.199289,0.507384,0.000072
2021-11-29 05:00:00,1687.141430,0.247903,0.634449,0.000075
2021-11-29 06:00:00,1950.082279,0.306801,0.694139,0.000103
2021-11-29 07:00:00,2041.285277,0.317358,0.753484,0.002688
2021-11-29 08:00:00,2068.303254,0.297458,0.731548,0.049626
2021-11-29 09:00:00,2070.213193,0.268065,0.641755,0.131471
2021-11-29 10:00:00,2051.493667,0.207358,0.514340,0.219580
2021-11-29 11:00:00,2021.955972,0.149662,0.370852,0.211483
2021-11-29 12:00:00,2010.334765,0.116240,0.309239,0.161490
2021-11-29 13:00:00,2000.979914,0.094878,0.219119,0.092679
2021-11-29 14:00:00,2012.316826,0.063047,0.190976,0.017351
2021-11-29 15:00:00,2161.103750,0.051432,0.165529,0.000189
2021-11-29 16:00:00,2297.963380,0.056547,0.176445,0.000163
2021-11-29 17:00:00,2247.676142,0.039975,0.169282,0.000139
2021-11-29 18:00:00,2104.895531,0.025511,0.121024,0.000124
2021-11-29 19:00:00,1967.800491,0.016296,0.061047,0.000103
2021-11-29 20:00:00,1831.485255,0.026587,0.063585,0.000104
2021-11-29 21:00:00,1699.470571,0.053943,0.066863,0.000069
2021-11-29 22:00:00,1587.419240,0.098406,0.248941,0.000064
2021-11-29 23:00:00,1505.448489,0.206175,0.290316,0.000059
2021-11-30 00:00:00,1460.539257,0.350654,0.357193,0.000050
2021-11-30 01:00:00,1470.897378,0.497083,0.664880,0.000078
2021-11-30 02:00:00,1483.515936,0.530680,0.901983,0.000053
2021-11-30 03:00:00,1512.907692,0.722462,0.967463,0.000055
2021-11-30 04:00:00,1629.337699,0.700448,0.986368,0.000075
2021-11-30 05:00:00,1851.693380,0.658123,1.000000,0.000085
2021-11-30 06:00:00,2065.344368,0.528760,0.989462,0.000106
2021-11-30 07:00:00,2142.759884,0.772639,0.952396,0.004486
2021-11-30 08:00:00,2172.884168,0.620160,0.972718,0.022739
2021-11-30 09:00:00,2191.118305,0.831084,0.972446,0.048893
2021-11-30 10:00:00,2176.454087,0.639971,0.932391,0.070955
2021-11-30 11:00:00,2159.973036,0.592788,0.885035,0.072563
2021-11-30 12:00:00,2135.883119,0.661332,0.919200,0.067852
2021-11-30 13:00:00,2151.697725,0.782352,0.980071,0.049231
2021-11-30 14:00:00,2175.884058,0.702656,0.973615,0.007138
2021-11-30 15:00:00,2269.192704,0.666996,0.903988,0.000099
2021-11-30 16:00:00,2368.316521,0.516843,0.804752,0.000108
2021-11-30 17:00:00,2274.173760,0.330213,0.488011,0.000090
2021-11-30 18:00:00,2126.524224,0.156318,0.260248,0.000090
2021-11-30 19:00:00,1988.440918,0.074578,0.182074,0.000071
2021-11-30 20:00:00,1861.589502,0.018915,0.136932,0.000072
2021-11-30 21:00:00,1739.470141,0.007032,0.035176,0.000077
2021-11-30 22:00:00,1618.777413,0.015009,0.010120,0.000055
2021-11-30 23:00:00,1579.892360,0.019336,0.005271,0.000298
2021-12-01 00:00:00,1513.411402,0.044767,0.024180,0.000052
2021-12-01 01:00:00,1498.237884,0.109428,0.052620,0.000061
2021-12-01 02:00:00,1475.350328,0.151098,0.098633,0.000057
2021-12-01 03:00:00,1499.361384,0.273307,0.253590,0.000060
2021-12-01 04:00:00,1605.524408,0.386535,0.510404,0.000079
2021-12-01 05:00:00,1863.301151,0.502103,0.736364,0.000073
2021-12-01 06:00:00,2071.707263,0.577769,0.840197,0.000087
2021-12-01 07:00:00,2187.768563,0.656548,0.930699,0.000252
2021-12-01 08:00:00,2238.163499,0.690062,0.983619,0.002102
2021-12-01 09:00:00,2268.813786,0.745422,0.986932,0.010777
2021-12-01 10:00:00,2279.438028,0.750649,0.994990,0.015771
2021-12-01 11:00:00,2302.236023,0.714739,0.996262,0.021498
2021-12-01 12:00:00,2275.340277,0.739095,0.998598,0.024827
2021-12-01 13:00:00,2248.415788,0.769700,0.984467,0.013401
2021-12-01 14:00:00,2220.567705,0.756108,0.978953,0.002272
2021-12-01 15:00:00,2261.098648,0.767901,0.981893,0.000103
2021-12-01 16:00:00,2351.172168,0.779296,0.980764,0.000116
2021-12-01 17:00:00,2272.629160,0.740911,0.984129,0.000095
2021-12-01 18:00:00,2149.496016,0.713781,0.961289,0.000113
2021-12-01 19:00:00,2019.076146,0.671810,0.958514,0.000097
2021-12-01 20:00:00,1942.161766,0.618031,0.955204,0.000081
2021-12-01 21:00:00,1862.531433,0.595923,0.950219,0.000086
2021-12-01 22:00:00,1755.079834,0.811858,0.945684,0.000074
2021-12-01 23:00:00,1637.370758,0.891785,0.866709,0.000087
2021-12-02 00:00:00,1592.920074,0.884752,0.952617,0.000078
2021-12-02 01:00:00,1559.871388,0.870984,0.930579,0.000078
2021-12-02 02:00:00,1589.962026,0.665684,0.875137,0.000063
2021-12-02 03:00:00,1614.168096,0.503679,0.910343,0.000068
2021-12-02 04:00:00,1737.068700,0.515468,0.967145,0.000102
2021-12-02 05:00:00,1977.445103,0.547049,0.980660,0.000088
2021-12-02 06:00:00,2223.963462,0.551895,0.986950,0.000111
2021-12-02 07:00:00,2233.120368,0.722030,0.981670,0.000993
2021-12-02 08:00:00,2256.847201,0.667990,0.958935,0.008097
2021-12-02 09:00:00,2296.633372,0.688543,0.937894,0.018663
2021-12-02 10:00:00,2230.812718,0.679100,0.897091,0.021724
2021-12-02 11:00:00,2197.352703,0.685497,0.931481,0.024145
2021-12-02 12:00:00,2177.380707,0.615804,0.954507,0.023238
2021-12-02 13:00:00,2149.599226,0.542488,0.920583,0.013514
2021-12-02 14:00:00,2142.249292,0.421509,0.793648,0.003487
2021-12-02 15:00:00,2266.693203,0.376437,0.828182,0.000111
2021-12-02 16:00:00,2373.900511,0.241786,0.799294,0.000117
2021-12-02 17:00:00,2303.223949,0.178487,0.629657,0.000099
2021-12-02 18:00:00,2168.286753,0.134012,0.587695,0.000094
2021-12-02 19:00:00,2042.817172,0.284543,0.378901,0.000078
2021-12-02 20:00:00,1913.858029,0.490190,0.468814,0.000083
2021-12-02 21:00:00,1796.236419,0.548775,0.718239,0.000077
2021-12-02 22:00:00,1753.988770,0.567284,0.765624,0.000061
2021-12-02 23:00:00,1631.210050,0.328798,0.891906,0.000062
2021-12-03 00:00:00,1616.549094,0.378113,0.952468,0.000063
2021-12-03 01:00:00,1589.176220,0.527325,0.936075,0.000068
2021-12-03 02:00:00,1575.413930,0.491336,0.912254,0.000058
2021-12-03 03:00:00,1579.956674,0.561302,0.938463,0.000074
2021-12-03 04:00:00,1602.068978,0.541666,0.939432,0.000077
2021-12-03 05:00:00,1825.234508,0.455646,0.939947,0.000083
2021-12-03 06:00:00,2056.482601,0.471108,0.940321,0.000106
2021-12-03 07:00:00,2144.508794,0.359908,0.923499,0.002865
2021-12-03 08:00:00,2174.784561,0.381414,0.890442,0.018000
2021-12-03 09:00:00,2193.681215,0.418728,0.912510,0.029116
2021-12-03 10:00:00,2198.037093,0.481818,0.902018,0.032106
2021-12-03 11:00:00,2174.756920,0.486010,0.744032,0.032219
2021-12-03 12:00:00,2173.048582,0.530341,0.880797,0.025109
2021-12-03 13:00:00,2150.250966,0.631820,0.959476,0.011257
2021-12-03 14:00:00,2170.724310,0.663857,0.961808,0.000859
2021-12-03 15:00:00,2261.953004,0.736308,0.969691,0.000109
2021-12-03 16:00:00,2333.049163,0.805033,0.980156,0.000116
2021-12-03 17:00:00,2267.269197,0.834150,0.984614,0.000108
2021-12-03 18:00:00,2139.014791,0.824348,0.987536,0.000097
2021-12-03 19:00:00,2009.784173,0.828583,0.975792,0.000080
2021-12-03 20:00:00,1887.223242,0.817918,0.975588,0.000095
2021-12-03 21:00:00,1835.481051,0.760244,0.977264,0.000081
2021-12-03 22:00:00,1703.210792,0.500134,0.974883,0.000084
2021-12-03 23:00:00,1629.969918,0.446740,0.969135,0.000063
2021-12-04 00:00:00,1582.073224,0.594968,0.953146,0.000065
2021-12-04 01:00:00,1528.948698,0.558180,0.929920,0.000070
2021-12-04 02:00:00,1447.209813,0.478345,0.827716,0.000058
2021-12-04 03:00:00,1408.158545,0.447199,0.780993,0.000070
2021-12-04 04:00:00,1415.197611,0.387221,0.708993,0.000062
2021-12-04 05:00:00,1477.919959,0.314181,0.600881,0.000065
2021-12-04 06:00:00,1545.794254,0.203171,0.492798,0.000088
2021-12-04 07:00:00,1662.394445,0.138684,0.344673,0.004520
2021-12-04 08:00:00,1772.334643,0.098662,0.251808,0.026450
2021-12-04 09:00:00,1846.283905,0.063273,0.156565,0.043871
2021-12-04 10:00:00,1865.631214,0.026016,0.092535,0.065788
2021-12-04 11:00:00,1870.961874,0.019103,0.070515,0.061476
2021-12-04 12:00:00,1864.415206,0.010059,0.059579,0.043758
2021-12-04 13:00:00,1858.327419,0.004380,0.042021,0.017464
2021-12-04 14:00:00,1883.046363,0.015123,0.052757,0.001268
2021-12-04 15:00:00,1981.824785,0.041216,0.112754,0.000096
2021-12-04 16:00:00,2069.817558,0.079750,0.108459,0.000090
2021-12-04 17:00:00,2037.061532,0.101122,0.122722,0.000075
2021-12-04 18:00:00,1915.376958,0.121406,0.211499,0.000072
2021-12-04 19:00:00,1805.459110,0.174241,0.334608,0.000055
2021-12-04 20:00:00,1748.342883,0.233645,0.531468,0.000064
2021-12-04 21:00:00,1667.960713,0.304838,0.527579,0.000057
2021-12-04 22:00:00,1608.836019,0.427005,0.679125,0.000054
2021-12-04 23:00:00,1565.884222,0.427193,0.727652,0.000060
2021-12-05 00:00:00,1548.695926,0.473049,0.764256,0.000057
2021-12-05 01:00:00,1518.253317,0.458057,0.806628,0.000061
2021-12-05 02:00:00,1472.809595,0.522493,0.832861,0.000064
2021-12-05 03:00:00,1510.045087,0.540363,0.829957,0.000069
2021-12-05 04:00:00,1542.221859,0.556247,0.874524,0.000065
2021-12-05 05:00:00,1576.189125,0.572834,0.886712,0.000078
2021-12-05 06:00:00,1669.073087,0.597283,0.872303,0.000092
2021-12-05 07:00:00,1777.829063,0.506149,0.846382,0.000818
2021-12-05 08:00:00,1912.241652,0.482964,0.740705,0.015432
2021-12-05 09:00:00,1980.662572,0.544753,0.666837,0.034053
2021-12-05 10:00:00,2014.756850,0.648585,0.649133,0.038595
2021-12-05 11:00:00,2029.355756,0.726064,0.638818,0.048526
2021-12-05 12:00:00,2012.520424,0.821425,0.657175,0.044463
2021-12-05 13:00:00,1994.849199,0.830641,0.675325,0.024291
2021-12-05 14:00:00,1997.417602,0.828541,0.861456,0.002447
2021-12-05 15:00:00,2106.526501,0.814675,0.996158,0.000127
2021-12-05 16:00:00,2222.652244,0.780912,0.994035,0.000125
2021-12-05 17:00:00,2193.869239,0.751860,0.994812,0.000120
2021-12-05 18:00:00,2080.916826,0.729671,0.993653,0.000096
2021-12-05 19:00:00,1969.575312,0.697748,0.992169,0.000119
2021-12-05 20:00:00,1933.140267,0.676492,0.994542,0.000092
2021-12-05 21:00:00,1844.072766,0.668035,0.990416,0.000089
2021-12-05 22:00:00,1752.517467,0.602934,0.983573,0.000073
2021-12-05 23:00:00,1684.722761,0.518366,0.977002,0.000064
2021-12-06 00:00:00,1629.422567,0.465903,0.977086,0.000074
2021-12-06 01:00:00,1596.635850,0.440280,0.968378,0.000073
2021-12-06 02:00:00,1593.469551,0.432711,0.969058,0.000081
2021-12-06 03:00:00,1567.861338,0.385737,0.966546,0.000059
2021-12-06 04:00:00,1638.422156,0.371828,0.939160,0.000085
2021-12-06 05:00:00,1834.798185,0.312059,0.855249,0.000080
2021-12-06 06:00:00,2082.868064,0.236978,0.743823,0.000090
2021-12-06 07:00:00,2182.239481,0.193747,0.550930,0.004119
2021-12-06 08:00:00,2210.573857,0.173065,0.441015,0.039780
2021-12-06 09:00:00,2220.200379,0.218096,0.431921,0.124503
2021-12-06 10:00:00,2195.088210,0.153351,0.392772,0.135647
2021-12-06 11:00:00,2179.137296,0.127351,0.268049,0.134123
2021-12-06 12:00:00,2158.708269,0.152004,0.272779,0.114403
2021-12-06 13:00:00,2141.125025,0.140561,0.270787,0.063253
2021-12-06 14:00:00,2160.058803,0.157446,0.239745,0.007617
2021-12-06 15:00:00,2276.909273,0.212718,0.264433,0.000126
2021-12-06 16:00:00,2394.364314,0.257767,0.365721,0.000120
2021-12-06 17:00:00,2330.556939,0.262394,0.413910,0.000109
2021-12-06 18:00:00,2195.647132,0.266347,0.477237,0.000108
2021-12-06 19:00:00,2056.961928,0.291099,0.495742,0.000084
2021-12-06 20:00:00,1923.719800,0.322586,0.466042,0.000085
2021-12-06 21:00:00,1790.775210,0.401157,0.467246,0.000065
2021-12-06 22:00:00,1674.798144,0.411143,0.598803,0.000077
2021-12-06 23:00:00,1654.567010,0.470581,0.695186,0.000063
2021-12-07 00:00:00,1587.848244,0.468947,0.756169,0.000060
2021-12-07 01:00:00,1593.579891,0.426536,0.746106,0.000078
2021-12-07 02:00:00,1578.273350,0.406696,0.773308,0.000069
2021-12-07 03:00:00,1583.913200,0.383250,0.563025,0.000074
2021-12-07 04:00:00,1675.552954,0.370403,0.477190,0.000064
2021-12-07 05:00:00,1827.325464,0.333077,0.505773,0.000086
2021-12-07 06:00:00,2071.112720,0.342073,0.542702,0.000077
2021-12-07 07:00:00,2169.079408,0.359764,0.568927,0.001970
2021-12-07 08:00:00,2200.782079,0.419410,0.641251,0.021893
2021-12-07 09:00:00,2220.449164,0.460684,0.758041,0.048498
2021-12-07 10:00:00,2217.268419,0.474338,0.779959,0.064466
2021-12-07 11:00:00,2204.223917,0.501494,0.808591,0.066469
2021-12-07 12:00:00,2206.108859,0.482225,0.812057,0.055325
2021-12-07 13:00:00,2180.275798,0.447239,0.814314,0.028495
2021-12-07 14:00:00,2177.421853,0.447048,0.760795,0.001677
2021-12-07 15:00:00,2287.484194,0.497939,0.878338,0.000085
2021-12-07 16:00:00,2392.158927,0.519583,0.940752,0.000092
2021-12-07 17:00:00,2329.561522,0.524509,0.952290,0.000095
2021-12-07 18:00:00,2194.356024,0.560606,0.966789,0.000086
2021-12-07 19:00:00,2060.554039,0.601672,0.984446,0.000102
2021-12-07 20:00:00,1927.054695,0.647287,0.985541,0.000089
2021-12-07 21:00:00,1831.346528,0.673676,0.985410,0.000108
2021-12-07 22:00:00,1791.182608,0.505528,0.990610,0.000070
2021-12-07 23:00:00,1660.407743,0.653873,0.973650,0.000080
2021-12-08 00:00:00,1650.272310,0.613980,0.980292,0.000059
2021-12-08 01:00:00,1622.080988,0.667748,0.994261,0.000069
2021-12-08 02:00:00,1634.713474,0.616706,0.999764,0.000068
2021-12-08 03:00:00,1612.829893,0.823001,0.994699,0.000075
2021-12-08 04:00:00,1743.652265,0.818123,0.992937,0.000093
2021-12-08 05:00:00,1950.265750,0.837255,0.999910,0.000086
2021-12-08 06:00:00,2159.422295,0.903322,0.997255,0.000101
2021-12-08 07:00:00,2203.397493,0.902986,0.990971,0.000679
2021-12-08 08:00:00,2229.463740,0.899038,0.991239,0.007674
2021-12-08 09:00:00,2248.175677,0.853447,0.988961,0.015263
2021-12-08 10:00:00,2256.591780,0.818138,0.990363,0.018705
2021-12-08 11:00:00,2250.563041,0.793530,0.990599,0.018479
2021-12-08 12:00:00,2252.826772,0.718604,0.990102,0.015771
2021-12-08 13:00:00,2237.501566,0.637645,0.984751,0.006433
2021-12-08 14:00:00,2248.917957,0.594909,0.979010,0.000946
2021-12-08 15:00:00,2319.766933,0.587988,0.955523,0.000111
2021-12-08 16:00:00,2394.145054,0.497939,0.889333,0.000095
2021-12-08 17:00:00,2309.910843,0.423620,0.816034,0.000093
2021-12-08 18:00:00,2171.373265,0.379518,0.767678,0.000095
2021-12-08 19:00:00,2042.101316,0.339255,0.715194,0.000088
2021-12-08 20:00:00,1936.973325,0.302082,0.584366,0.000097
2021-12-08 21:00:00,1908.794224,0.311708,0.560569,0.000077
2021-12-08 22:00:00,1781.735610,0.313297,0.517583,0.000087
2021-12-08 23:00:00,1678.709339,0.249228,0.504134,0.000062
2021-12-09 00:00:00,1618.275801,0.240660,0.490957,0.000067
2021-12-09 01:00:00,1581.014201,0.233827,0.500220,0.000054
2021-12-09 02:00:00,1567.016137,0.199004,0.336265,0.000055
2021-12-09 03:00:00,1555.580376,0.155063,0.234176,0.000062
2021-12-09 04:00:00,1633.105636,0.131830,0.303106,0.000059
2021-12-09 05:00:00,1822.624958,0.107718,0.270569,0.000072
2021-12-09 06:00:00,2050.107946,0.103899,0.219253,0.000076
2021-12-09 07:00:00,2138.971941,0.132484,0.233183,0.000301
2021-12-09 08:00:00,2163.348191,0.128881,0.258490,0.004712
2021-12-09 09:00:00,2181.183264,0.080059,0.170105,0.011003
2021-12-09 10:00:00,2177.513954,0.053691,0.100521,0.013401
2021-12-09 11:00:00,2178.547755,0.044037,0.107433,0.012357
2021-12-09 12:00:00,2180.286490,0.044981,0.055328,0.007984
2021-12-09 13:00:00,2174.597541,0.027736,0.022810,0.005671
2021-12-09 14:00:00,2168.744718,0.049343,0.096612,0.000401
2021-12-09 15:00:00,2245.923985,0.068707,0.116467,0.000087
2021-12-09 16:00:00,2335.201155,0.070073,0.148688,0.000106
2021-12-09 17:00:00,2271.618857,0.076367,0.118571,0.000080
2021-12-09 18:00:00,2141.993360,0.063332,0.101853,0.000074
2021-12-09 19:00:00,2007.039203,0.051282,0.114509,0.000078
2021-12-09 20:00:00,1911.344407,0.045462,0.089224,0.000062
2021-12-09 21:00:00,1862.694774,0.047734,0.119786,0.000061
2021-12-09 22:00:00,1734.707998,0.055894,0.170655,0.000046
2021-12-09 23:00:00,1626.857744,0.055195,0.123984,0.000053
2021-12-10 00:00:00,1559.512119,0.045048,0.064618,0.000042
2021-12-10 01:00:00,1525.556616,0.048057,0.048242,0.000052
2021-12-10 02:00:00,1523.547166,0.056328,0.059714,0.000045
2021-12-10 03:00:00,1499.049436,0.067228,0.076273,0.000056
2021-12-10 04:00:00,1564.271221,0.053245,0.035189,0.000056
2021-12-10 05:00:00,1750.021897,0.031704,0.012384,0.000067
2021-12-10 06:00:00,1987.630971,0.026983,0.017435,0.000083
2021-12-10 07:00:00,2093.827052,0.033565,0.010190,0.000187
2021-12-10 08:00:00,2128.468202,0.043056,0.015798,0.005248
2021-12-10 09:00:00,2155.618217,0.028513,0.009769,0.019890
2021-12-10 10:00:00,2147.623971,0.003675,0.001843,0.031119
2021-12-10 11:00:00,2131.930928,0.004193,0.004850,0.027846
2021-12-10 12:00:00,2124.418068,0.004460,0.006236,0.022034
2021-12-10 13:00:00,2127.172647,0.003548,0.006704,0.009084
2021-12-10 14:00:00,2155.047597,0.002996,0.000678,0.001220
2021-12-10 15:00:00,2224.617587,0.002915,0.000308,0.000082
2021-12-10 16:00:00,2294.542899,0.004045,0.002330,0.000077
2021-12-10 17:00:00,2239.930419,0.004159,0.010444,0.000102
2021-12-10 18:00:00,2097.376216,0.003454,0.032314,0.000091
2021-12-10 19:00:00,1965.127160,0.003027,0.041661,0.000098
2021-12-10 20:00:00,1844.901383,0.002840,0.033461,0.000071
2021-12-10 21:00:00,1760.410770,0.003761,0.027743,0.000067
2021-12-10 22:00:00,1649.634269,0.004386,0.027075,0.000059
2021-12-10 23:00:00,1556.673291,0.007635,0.023251,0.000051
2021-12-11 00:00:00,1484.213714,0.012689,0.041679,0.000056
2021-12-11 01:00:00,1438.567087,0.011923,0.055915,0.000046
2021-12-11 02:00:00,1412.242916,0.010220,0.076985,0.000055
2021-12-11 03:00:00,1410.991122,0.012510,0.112952,0.000047
2021-12-11 04:00:00,1418.017878,0.022932,0.095656,0.000061
2021-12-11 05:00:00,1483.205114,0.040452,0.088218,0.000061
2021-12-11 06:00:00,1603.764307,0.050499,0.148471,0.000068
2021-12-11 07:00:00,1740.689326,0.040600,0.129605,0.000338
2021-12-11 08:00:00,1844.785587,0.046281,0.240401,0.006196
2021-12-11 09:00:00,1919.939426,0.127124,0.290272,0.014951
2021-12-11 10:00:00,1945.862731,0.169762,0.362952,0.020919
2021-12-11 11:00:00,1951.791326,0.195817,0.585727,0.024480
2021-12-11 12:00:00,1945.263032,0.189140,0.600071,0.021466
2021-12-11 13:00:00,1932.150722,0.185171,0.600324,0.013896
2021-12-11 14:00:00,1952.422726,0.162058,0.549736,0.002846
2021-12-11 15:00:00,2054.963456,0.132329,0.474983,0.000099
2021-12-11 16:00:00,2142.046628,0.121960,0.408020,0.000101
2021-12-11 17:00:00,2104.623279,0.082663,0.263751,0.000069
2021-12-11 18:00:00,1983.260275,0.067470,0.253186,0.000071
2021-12-11 19:00:00,1867.603166,0.046707,0.224827,0.000058
2021-12-11 20:00:00,1773.798855,0.029134,0.236730,0.000063
2021-12-11 21:00:00,1709.016571,0.029082,0.238865,0.000053
2021-12-11 22:00:00,1637.881542,0.024222,0.197567,0.000059
2021-12-11 23:00:00,1585.918366,0.021476,0.149841,0.000047
2021-12-12 00:00:00,1596.450756,0.013087,0.085384,0.000050
2021-12-12 01:00:00,1557.007577,0.049870,0.061238,0.000050
2021-12-12 02:00:00,1531.652677,0.066145,0.049473,0.000048
2021-12-12 03:00:00,1491.363658,0.113066,0.082479,0.000061
2021-12-12 04:00:00,1519.401149,0.171612,0.194151,0.000052
2021-12-12 05:00:00,1576.195258,0.213935,0.316457,0.000070
2021-12-12 06:00:00,1677.503173,0.228301,0.431394,0.000054
2021-12-12 07:00:00,1769.996619,0.210104,0.535799,0.000714
2021-12-12 08:00:00,1866.049299,0.179888,0.488957,0.004468
2021-12-12 09:00:00,1987.186460,0.217635,0.405863,0.014346
2021-12-12 10:00:00,1968.735211,0.312838,0.391003,0.022739
2021-12-12 11:00:00,2033.044055,0.322467,0.542698,0.016109
2021-12-12 12:00:00,1954.756411,0.273775,0.575661,0.009451
2021-12-12 13:00:00,1929.839092,0.244977,0.519300,0.003470
2021-12-12 14:00:00,2001.244029,0.222849,0.524628,0.000273
2021-12-12 15:00:00,2109.149068,0.199361,0.456990,0.000080
2021-12-12 16:00:00,2111.095279,0.217326,0.382262,0.000084
2021-12-12 17:00:00,2083.333385,0.214550,0.312600,0.000075
2021-12-12 18:00:00,1984.332924,0.164962,0.300000,0.000067
2021-12-12 19:00:00,1866.297003,0.154036,0.305718,0.000076
2021-12-12 20:00:00,1697.876840,0.169519,0.258175,0.000051
2021-12-12 21:00:00,1580.524350,0.118652,0.152827,0.000054
2021-12-12 22:00:00,1479.550215,0.102990,0.182772,0.000043
2021-12-12 23:00:00,1370.342694,0.103999,0.229105,0.000051
2021-12-13 00:00:00,1308.374779,0.078870,0.234414,0.000048
2021-12-13 01:00:00,1315.347330,0.053204,0.180844,0.000039
2021-12-13 02:00:00,1310.432071,0.027050,0.141465,0.000045
2021-12-13 03:00:00,1346.002488,0.024198,0.106562,0.000040
2021-12-13 04:00:00,1435.455157,0.022733,0.086561,0.000052
2021-12-13 05:00:00,1640.851322,0.028516,0.058208,0.000067
2021-12-13 06:00:00,1883.036716,0.042474,0.029234,0.000066
2021-12-13 07:00:00,1987.321022,0.067581,0.048385,0.000944
2021-12-13 08:00:00,2014.773054,0.097244,0.047878,0.012752
2021-12-13 09:00:00,2034.726779,0.125396,0.078310,0.030216
2021-12-13 10:00:00,2030.915136,0.191426,0.146430,0.038228
2021-12-13 11:00:00,2038.065358,0.247378,0.178019,0.050501
2021-12-13 12:00:00,2017.614042,0.305887,0.186170,0.036028
2021-12-13 13:00:00,2009.574847,0.319591,0.193451,0.014332
2021-12-13 14:00:00,2017.634388,0.318416,0.238600,0.001794
2021-12-13 15:00:00,2088.984241,0.325390,0.314910,0.000077
2021-12-13 16:00:00,2185.120403,0.336025,0.376177,0.000074
2021-12-13 17:00:00,2129.076869,0.365524,0.390407,0.000085
2021-12-13 18:00:00,2006.324437,0.379411,0.421591,0.000071
2021-12-13 19:00:00,1877.660787,0.386213,0.538338,0.000065
2021-12-13 20:00:00,1785.076116,0.405508,0.664590,0.000055
2021-12-13 21:00:00,1656.366569,0.402360,0.830273,0.000048
2021-12-13 22:00:00,1527.289222,0.415716,0.810301,0.000049
2021-12-13 23:00:00,1398.517241,0.440243,0.777219,0.000037
2021-12-14 00:00:00,1359.645625,0.471041,0.759450,0.000047
2021-12-14 01:00:00,1373.378479,0.509576,0.787352,0.000059
2021-12-14 02:00:00,1338.060498,0.545746,0.758828,0.000045
2021-12-14 03:00:00,1336.091709,0.598242,0.811158,0.000053
2021-12-14 04:00:00,1432.670539,0.596460,0.827492,0.000051
2021-12-14 05:00:00,1683.139495,0.536499,0.897881,0.000076
2021-12-14 06:00:00,1897.578801,0.470042,0.888615,0.000075
2021-12-14 07:00:00,2010.840522,0.349191,0.844922,0.000707
2021-12-14 08:00:00,2008.370611,0.150184,0.769411,0.024319
2021-12-14 09:00:00,2015.829905,0.061062,0.252148,0.074989
2021-12-14 10:00:00,1992.524500,0.051661,0.069561,0.147045
2021-12-14 11:00:00,1980.961988,0.037523,0.063202,0.152123
2021-12-14 12:00:00,1971.360735,0.036421,0.067175,0.137791
2021-12-14 13:00:00,1971.076412,0.043622,0.075138,0.059021
2021-12-14 14:00:00,1995.449052,0.067534,0.081293,0.009423
2021-12-14 15:00:00,2130.183827,0.092058,0.103982,0.000112
2021-12-14 16:00:00,2227.234118,0.137725,0.089340,0.000093
2021-12-14 17:00:00,2163.173422,0.155831,0.112432,0.000089
2021-12-14 18:00:00,2040.802961,0.193349,0.138968,0.000068
2021-12-14 19:00:00,1955.953854,0.247309,0.260909,0.000065
2021-12-14 20:00:00,1810.093241,0.264129,0.341814,0.000054
2021-12-14 21:00:00,1693.112584,0.313674,0.438134,0.000052
2021-12-14 22:00:00,1609.007611,0.268247,0.688016,0.000042
2021-12-14 23:00:00,1523.444616,0.208310,0.522281,0.000055
2021-12-15 00:00:00,1441.342937,0.373078,0.685427,0.000048
2021-12-15 01:00:00,1401.918158,0.334976,0.706881,0.000031
2021-12-15 02:00:00,1391.813170,0.322463,0.653805,0.000038
2021-12-15 03:00:00,1401.093315,0.378555,0.595376,0.000041
2021-12-15 04:00:00,1471.314624,0.491139,0.599588,0.000044
2021-12-15 05:00:00,1698.972772,0.335646,0.624251,0.000072
2021-12-15 06:00:00,1970.148098,0.471221,0.692241,0.000091
2021-12-15 07:00:00,2053.171661,0.446958,0.687459,0.000389
2021-12-15 08:00:00,2097.778471,0.480422,0.759433,0.012385
2021-12-15 09:00:00,2077.250715,0.557524,0.737620,0.036818
2021-12-15 10:00:00,2092.085028,0.579745,0.791881,0.083086
2021-12-15 11:00:00,2099.101104,0.594932,0.813835,0.142841
2021-12-15 12:00:00,2090.569539,0.544816,0.833204,0.097531
2021-12-15 13:00:00,2091.113987,0.581600,0.906014,0.051940
2021-12-15 14:00:00,2102.347344,0.572430,0.948577,0.005896
2021-12-15 15:00:00,2199.708705,0.559820,0.941246,0.000110
2021-12-15 16:00:00,2283.332770,0.543823,0.939091,0.000095
2021-12-15 17:00:00,2180.165453,0.538063,0.926803,0.000090
2021-12-15 18:00:00,2029.545026,0.545730,0.922290,0.000087
2021-12-15 19:00:00,1903.782573,0.568289,0.924993,0.000076
2021-12-15 20:00:00,1815.955606,0.555863,0.915542,0.000071
2021-12-15 21:00:00,1702.431938,0.559468,0.931977,0.000062
2021-12-15 22:00:00,1573.652128,0.578842,0.959093,0.000056
2021-12-15 23:00:00,1485.254746,0.562518,0.955654,0.000063
2021-12-16 00:00:00,1407.580601,0.494876,0.877775,0.000048
2021-12-16 01:00:00,1394.877858,0.471980,0.765479,0.000056
2021-12-16 02:00:00,1371.434637,0.419049,0.680637,0.000051
2021-12-16 03:00:00,1358.025189,0.349749,0.564474,0.000050
2021-12-16 04:00:00,1437.450074,0.321010,0.554357,0.000062
2021-12-16 05:00:00,1624.115417,0.312701,0.697817,0.000074
2021-12-16 06:00:00,1861.609435,0.310475,0.713003,0.000087
2021-12-16 07:00:00,1981.999001,0.337839,0.723640,0.001940
2021-12-16 08:00:00,1992.540660,0.338837,0.685998,0.047087
2021-12-16 09:00:00,1999.314544,0.390086,0.708879,0.162985
2021-12-16 10:00:00,1985.521035,0.369514,0.761056,0.238651
2021-12-16 11:00:00,1963.982401,0.404306,0.759568,0.258287
2021-12-16 12:00:00,1956.178789,0.453712,0.812341,0.208774
2021-12-16 13:00:00,1940.253632,0.396886,0.797754,0.104669
2021-12-16 14:00:00,1950.017118,0.372607,0.696318,0.019298
2021-12-16 15:00:00,2067.428711,0.374301,0.654374,0.000250
2021-12-16 16:00:00,2170.492391,0.395868,0.699253,0.000196
2021-12-16 17:00:00,2116.178902,0.390600,0.643132,0.000157
2021-12-16 18:00:00,1991.651142,0.332833,0.601214,0.000123
2021-12-16 19:00:00,1874.895470,0.275237,0.658617,0.000085
2021-12-16 20:00:00,1754.239856,0.245950,0.738025,0.000059
2021-12-16 21:00:00,1697.831097,0.253954,0.769630,0.000066
2021-12-16 22:00:00,1567.639068,0.254314,0.781502,0.000047
2021-12-16 23:00:00,1490.964101,0.328674,0.806318,0.000062
2021-12-17 00:00:00,1446.114005,0.374944,0.852193,0.000044
2021-12-17 01:00:00,1396.820463,0.329591,0.811708,0.000054
2021-12-17 02:00:00,1430.119014,0.299020,0.735196,0.000044
2021-12-17 03:00:00,1450.937598,0.325485,0.682214,0.000052
2021-12-17 04:00:00,1510.473571,0.290575,0.617604,0.000049
2021-12-17 05:00:00,1654.893698,0.275688,0.470209,0.000053
2021-12-17 06:00:00,1890.032274,0.244849,0.387051,0.000077
2021-12-17 07:00:00,1998.648785,0.205897,0.334534,0.001747
2021-12-17 08:00:00,2024.224656,0.207394,0.312850,0.027253
2021-12-17 09:00:00,2040.976994,0.166236,0.278148,0.058795
2021-12-17 10:00:00,2033.778883,0.114891,0.251716,0.075328
2021-12-17 11:00:00,2019.344005,0.077614,0.200147,0.067852
2021-12-17 12:00:00,1995.690985,0.066250,0.173067,0.050501
2021-12-17 13:00:00,1966.166339,0.033579,0.204088,0.023275
2021-12-17 14:00:00,1976.796294,0.023670,0.225412,0.001688
2021-12-17 15:00:00,2062.448693,0.041647,0.208210,0.000102
2021-12-17 16:00:00,2127.908697,0.076886,0.200164,0.000085
2021-12-17 17:00:00,2059.759284,0.118792,0.131876,0.000069
2021-12-17 18:00:00,1941.419737,0.123306,0.123077,0.000055
2021-12-17 19:00:00,1822.323846,0.069837,0.117858,0.000055
2021-12-17 20:00:00,1706.802887,0.037276,0.128586,0.000059
2021-12-17 21:00:00,1593.916806,0.031852,0.104430,0.000046
2021-12-17 22:00:00,1479.331503,0.061895,0.050317,0.000052
2021-12-17 23:00:00,1434.189016,0.074157,0.074468,0.000041
2021-12-18 00:00:00,1370.560436,0.064421,0.118088,0.000038
2021-12-18 01:00:00,1326.572438,0.058845,0.154665,0.000046
2021-12-18 02:00:00,1305.389103,0.077778,0.121922,0.000036
2021-12-18 03:00:00,1300.172588,0.110716,0.161779,0.000052
2021-12-18 04:00:00,1331.584706,0.115213,0.243557,0.000045
2021-12-18 05:00:00,1358.381803,0.117873,0.336483,0.000064
2021-12-18 06:00:00,1478.504495,0.184852,0.302173,0.000070
2021-12-18 07:00:00,1607.736209,0.202007,0.417588,0.000448
2021-12-18 08:00:00,1713.792425,0.208919,0.441577,0.012273
2021-12-18 09:00:00,1776.479323,0.220954,0.433156,0.031570
2021-12-18 10:00:00,1800.593965,0.263658,0.455130,0.057949
2021-12-18 11:00:00,1808.714939,0.214949,0.495890,0.068867
2021-12-18 12:00:00,1803.555101,0.224808,0.380878,0.068331
2021-12-18 13:00:00,1775.155539,0.276752,0.420372,0.052504
2021-12-18 14:00:00,1786.934080,0.311509,0.444977,0.010269
2021-12-18 15:00:00,1903.219894,0.360982,0.533666,0.000082
2021-12-18 16:00:00,2015.136539,0.387355,0.684604,0.000076
2021-12-18 17:00:00,2015.735036,0.363101,0.875146,0.000076
2021-12-18 18:00:00,1950.013979,0.285974,0.921428,0.000072
2021-12-18 19:00:00,1865.321660,0.243550,0.877048,0.000075
2021-12-18 20:00:00,1773.421521,0.340602,0.880023,0.000100
2021-12-18 21:00:00,1660.851916,0.425161,0.880097,0.000071
2021-12-18 22:00:00,1560.248238,0.491156,0.888521,0.000250
2021-12-18 23:00:00,1501.834309,0.548184,0.891564,0.000060
2021-12-19 00:00:00,1478.449970,0.504957,0.893387,0.000061
2021-12-19 01:00:00,1450.396330,0.440691,0.889403,0.000067
2021-12-19 02:00:00,1432.492907,0.369462,0.877997,0.000059
2021-12-19 03:00:00,1395.909366,0.308506,0.851351,0.000073
2021-12-19 04:00:00,1406.415126,0.277754,0.837106,0.000053
2021-12-19 05:00:00,1484.658314,0.233212,0.822139,0.000060
2021-12-19 06:00:00,1586.012846,0.295524,0.813610,0.000063
2021-12-19 07:00:00,1703.537845,0.384590,0.792290,0.002249
2021-12-19 08:00:00,1789.571348,0.407352,0.812916,0.047059
2021-12-19 09:00:00,1870.414793,0.483446,0.870736,0.112964
2021-12-19 10:00:00,1909.651521,0.520364,0.859799,0.167753
2021-12-19 11:00:00,1864.429233,0.533041,0.873689,0.185865
2021-12-19 12:00:00,1860.100877,0.353668,0.794979,0.188912
2021-12-19 13:00:00,1903.628600,0.495449,0.764074,0.116801
2021-12-19 14:00:00,1903.676966,0.450422,0.862239,0.017492
2021-12-19 15:00:00,2032.622527,0.264959,0.769607,0.000149
2021-12-19 16:00:00,2175.827247,0.351343,0.718093,0.000115
2021-12-19 17:00:00,2089.143433,0.443954,0.769781,0.000112
2021-12-19 18:00:00,1984.710895,0.417795,0.744917,0.000078
2021-12-19 19:00:00,1857.107921,0.395403,0.715022,0.000081
2021-12-19 20:00:00,1746.471831,0.402526,0.732729,0.000076
2021-12-19 21:00:00,1673.012475,0.475047,0.722441,0.000068
2021-12-19 22:00:00,1558.289161,0.497935,0.729280,0.000063
2021-12-19 23:00:00,1503.276940,0.513658,0.793128,0.000053
2021-12-20 00:00:00,1475.564090,0.504099,0.792714,0.000063
2021-12-20 01:00:00,1407.446941,0.458307,0.756578,0.000049
2021-12-20 02:00:00,1395.443596,0.383927,0.719108,0.000063
2021-12-20 03:00:00,1446.250490,0.340068,0.645664,0.000047
2021-12-20 04:00:00,1536.976473,0.310580,0.572167,0.000057
2021-12-20 05:00:00,1679.687740,0.307119,0.498253,0.000073
2021-12-20 06:00:00,1920.784494,0.275503,0.474487,0.000087
2021-12-20 07:00:00,2050.838470,0.264328,0.443571,0.002623
2021-12-20 08:00:00,2071.552624,0.219762,0.375722,0.060686
2021-12-20 09:00:00,2069.139393,0.153876,0.286405,0.188912
2021-12-20 10:00:00,2041.150076,0.100235,0.208566,0.284215
2021-12-20 11:00:00,2017.756568,0.065941,0.139742,0.304528
2021-12-20 12:00:00,1999.394369,0.060937,0.056993,0.242263
2021-12-20 13:00:00,1984.355582,0.052009,0.009969,0.120102
2021-12-20 14:00:00,1999.154969,0.069871,0.005971,0.017830
2021-12-20 15:00:00,2124.157318,0.085969,0.026030,0.000199
2021-12-20 16:00:00,2245.091162,0.105426,0.074900,0.000187
2021-12-20 17:00:00,2208.428379,0.120336,0.172295,0.000123
2021-12-20 18:00:00,2076.587132,0.114147,0.098536,0.000116
2021-12-20 19:00:00,1950.590563,0.107838,0.071743,0.000089
2021-12-20 20:00:00,1833.404149,0.091420,0.045139,0.000079
2021-12-20 21:00:00,1727.769321,0.080307,0.036942,0.000057
2021-12-20 22:00:00,1610.489379,0.077427,0.053997,0.000069
2021-12-20 23:00:00,1523.034221,0.064189,0.043477,0.000042
2021-12-21 00:00:00,1457.906824,0.039849,0.020214,0.000051
2021-12-21 01:00:00,1433.043807,0.021574,0.007673,0.000051
2021-12-21 02:00:00,1433.636136,0.012830,0.010306,0.000052
2021-12-21 03:00:00,1463.528152,0.018613,0.019857,0.000053
2021-12-21 04:00:00,1558.650158,0.028340,0.039436,0.000057
2021-12-21 05:00:00,1761.599501,0.024224,0.038860,0.000061
2021-12-21 06:00:00,2007.135454,0.013416,0.028281,0.000063
2021-12-21 07:00:00,2146.683237,0.006012,0.011036,0.001957
2021-12-21 08:00:00,2185.296818,0.006429,0.006801,0.049993
2021-12-21 09:00:00,2185.669554,0.006490,0.009220,0.140725
2021-12-21 10:00:00,2166.075933,0.011139,0.004591,0.155029
2021-12-21 11:00:00,2155.397984,0.008413,0.000386,0.163380
2021-12-21 12:00:00,2148.872325,0.012909,0.000647,0.104133
2021-12-21 13:00:00,2134.123378,0.012330,0.002458,0.056708
2021-12-21 14:00:00,2133.979299,0.016649,0.010628,0.011849
2021-12-21 15:00:00,2217.659519,0.028070,0.004675,0.000087
2021-12-21 16:00:00,2311.113845,0.040442,0.009553,0.000099
2021-12-21 17:00:00,2249.786865,0.059921,0.035217,0.000071
2021-12-21 18:00:00,2118.030774,0.088638,0.063605,0.000076
2021-12-21 19:00:00,1983.531024,0.092208,0.085524,0.000052
2021-12-21 20:00:00,1861.752603,0.099589,0.117665,0.000053
2021-12-21 21:00:00,1747.149738,0.111469,0.169703,0.000056
2021-12-21 22:00:00,1639.834473,0.101241,0.215166,0.000051
2021-12-21 23:00:00,1548.175619,0.092194,0.270808,0.000055
2021-12-22 00:00:00,1474.026013,0.092283,0.269741,0.000033
2021-12-22 01:00:00,1437.634668,0.109105,0.270114,0.000056
2021-12-22 02:00:00,1422.991142,0.114428,0.362779,0.000037
2021-12-22 03:00:00,1427.106372,0.127804,0.403535,0.000047
2021-12-22 04:00:00,1519.889020,0.140458,0.355386,0.000041
2021-12-22 05:00:00,1690.476205,0.176852,0.326090,0.000054
2021-12-22 06:00:00,1893.143337,0.181492,0.333050,0.000060
2021-12-22 07:00:00,2027.088852,0.190872,0.401033,0.000281
2021-12-22 08:00:00,2076.246654,0.190670,0.507937,0.009987
2021-12-22 09:00:00,2110.256802,0.200038,0.537642,0.027846
2021-12-22 10:00:00,2113.836326,0.219520,0.610764,0.041557
2021-12-22 11:00:00,2106.901922,0.204354,0.606467,0.040372
2021-12-22 12:00:00,2104.026280,0.190836,0.605123,0.028974
2021-12-22 13:00:00,2090.552763,0.158398,0.512376,0.015771
2021-12-22 14:00:00,2083.715249,0.130378,0.428422,0.002428
2021-12-22 15:00:00,2144.603411,0.113265,0.379328,0.000063
2021-12-22 16:00:00,2216.778326,0.109836,0.332367,0.000076
2021-12-22 17:00:00,2167.878160,0.108234,0.340499,0.000058
2021-12-22 18:00:00,2048.303802,0.087814,0.284561,0.000061
2021-12-22 19:00:00,1918.868593,0.078820,0.206341,0.000048
2021-12-22 20:00:00,1798.663584,0.082045,0.174028,0.000061
2021-12-22 21:00:00,1690.695800,0.098589,0.157312,0.000050
2021-12-22 22:00:00,1591.539108,0.103930,0.167561,0.000045
2021-12-22 23:00:00,1498.637555,0.085828,0.155742,0.000044
2021-12-23 00:00:00,1446.722259,0.072043,0.178412,0.000038
2021-12-23 01:00:00,1401.291277,0.057941,0.206649,0.000044
2021-12-23 02:00:00,1405.668285,0.062237,0.215817,0.000034
2021-12-23 03:00:00,1424.051458,0.072005,0.192123,0.000045
2021-12-23 04:00:00,1512.302080,0.086913,0.168341,0.000044
2021-12-23 05:00:00,1674.683763,0.095954,0.216280,0.000055
2021-12-23 06:00:00,1846.749009,0.082563,0.233134,0.000061
2021-12-23 07:00:00,1986.129679,0.080730,0.208412,0.000326
2021-12-23 08:00:00,2059.267446,0.073063,0.192042,0.009197
2021-12-23 09:00:00,2113.138441,0.080427,0.210048,0.025758
2021-12-23 10:00:00,2122.083784,0.119658,0.238751,0.036535
2021-12-23 11:00:00,2130.667919,0.100098,0.174631,0.024207
2021-12-23 12:00:00,2132.796053,0.047665,0.155114,0.013062
2021-12-23 13:00:00,2118.073224,0.049440,0.156589,0.002728
2021-12-23 14:00:00,2130.884157,0.074276,0.136368,0.000156
2021-12-23 15:00:00,2195.456323,0.095457,0.160210,0.000084
2021-12-23 16:00:00,2245.008408,0.084362,0.148200,0.000070
2021-12-23 17:00:00,2189.439985,0.097834,0.167152,0.000069
2021-12-23 18:00:00,2052.426793,0.070666,0.145580,0.000057
2021-12-23 19:00:00,1946.779178,0.039106,0.120613,0.000069
2021-12-23 20:00:00,1858.496768,0.014786,0.088444,0.000053
2021-12-23 21:00:00,1789.054463,0.004087,0.050262,0.000059
2021-12-23 22:00:00,1705.866161,0.003472,0.037381,0.000044
2021-12-23 23:00:00,1567.361370,0.002369,0.037907,0.000061
2021-12-24 00:00:00,1488.160354,0.006035,0.045592,0.000044
2021-12-24 01:00:00,1437.760315,0.003601,0.027034,0.000046
2021-12-24 02:00:00,1409.748083,0.009000,0.047782,0.000040
2021-12-24 03:00:00,1407.668381,0.014038,0.047707,0.000042
2021-12-24 04:00:00,1438.384385,0.017632,0.043208,0.000047
2021-12-24 05:00:00,1516.392518,0.035936,0.034774,0.000039
2021-12-24 06:00:00,1590.029665,0.091649,0.110828,0.000055
2021-12-24 07:00:00,1738.359845,0.104258,0.154716,0.000209
2021-12-24 08:00:00,1859.034222,0.225540,0.224196,0.001901
2021-12-24 09:00:00,1963.851805,0.478062,0.512870,0.004257
2021-12-24 10:00:00,2032.588619,0.685001,0.807928,0.012458
2021-12-24 11:00:00,2058.354738,0.761461,0.885037,0.037753
2021-12-24 12:00:00,2113.195470,0.776174,0.941234,0.042059
2021-12-24 13:00:00,2133.132486,0.791839,0.909742,0.020789
2021-12-24 14:00:00,2243.543879,0.679912,0.941071,0.002201
2021-12-24 15:00:00,2400.171059,0.531431,0.897564,0.000098
2021-12-24 16:00:00,2480.739760,0.446348,0.865602,0.000095
2021-12-24 17:00:00,2189.787903,0.326785,0.871951,0.000066
2021-12-24 18:00:00,2017.850523,0.299693,0.669270,0.000062
2021-12-24 19:00:00,1956.924793,0.265127,0.592480,0.000064
2021-12-24 20:00:00,1880.967940,0.238867,0.518728,0.000057
2021-12-24 21:00:00,1829.201932,0.216545,0.354921,0.000050
2021-12-24 22:00:00,1813.132634,0.182689,0.305118,0.000057
2021-12-24 23:00:00,1690.319611,0.170885,0.290423,0.000059
2021-12-25 00:00:00,1598.041692,0.182219,0.292687,0.000058
2021-12-25 01:00:00,1565.398059,0.209421,0.308689,0.000047
2021-12-25 02:00:00,1533.781515,0.202691,0.472741,0.000054
2021-12-25 03:00:00,1548.338607,0.183772,0.526212,0.000045
2021-12-25 04:00:00,1575.882757,0.201849,0.387528,0.000066
2021-12-25 05:00:00,1573.519532,0.239031,0.390280,0.000049
2021-12-25 06:00:00,1593.232893,0.280018,0.474919,0.000067
2021-12-25 07:00:00,1691.061042,0.270562,0.567548,0.000632
2021-12-25 08:00:00,1815.795160,0.204283,0.473551,0.017170
2021-12-25 09:00:00,1877.697700,0.116922,0.361752,0.055320
2021-12-25 10:00:00,1900.750737,0.068550,0.223196,0.089102
2021-12-25 11:00:00,1882.866395,0.053242,0.155651,0.113674
2021-12-25 12:00:00,1863.921367,0.039663,0.115771,0.105708
2021-12-25 13:00:00,1837.223312,0.037746,0.092024,0.053806
2021-12-25 14:00:00,1825.988880,0.042906,0.102587,0.007641
2021-12-25 15:00:00,1974.107893,0.059594,0.119293,0.000095
2021-12-25 16:00:00,2063.087430,0.090540,0.128589,0.000090
2021-12-25 17:00:00,2030.379514,0.126235,0.158950,0.000069
2021-12-25 18:00:00,1949.691391,0.141501,0.255273,0.000077
2021-12-25 19:00:00,1873.206179,0.175269,0.343309,0.000060
2021-12-25 20:00:00,1797.260335,0.237200,0.400417,0.000075
2021-12-25 21:00:00,1745.630173,0.248621,0.377120,0.000049
2021-12-25 22:00:00,1700.399392,0.261287,0.401403,0.000063
2021-12-25 23:00:00,1589.151328,0.255996,0.384590,0.000046
2021-12-26 00:00:00,1597.059903,0.195369,0.366930,0.000050
2021-12-26 01:00:00,1577.525776,0.146553,0.333006,0.000044
2021-12-26 02:00:00,1564.857438,0.151755,0.301456,0.000051
2021-12-26 03:00:00,1563.948812,0.163133,0.280639,0.000051
2021-12-26 04:00:00,1570.463550,0.164339,0.227656,0.000050
2021-12-26 05:00:00,1626.027495,0.126827,0.161912,0.000047
2021-12-26 06:00:00,1669.568119,0.094284,0.121748,0.000054
2021-12-26 07:00:00,1784.130355,0.063127,0.088395,0.000578
2021-12-26 08:00:00,1859.678750,0.039085,0.032543,0.015733
2021-12-26 09:00:00,1917.621870,0.023143,0.033449,0.060341
2021-12-26 10:00:00,1922.014873,0.023687,0.035656,0.109288
2021-12-26 11:00:00,1899.313463,0.021709,0.025199,0.105110
2021-12-26 12:00:00,1864.015561,0.004776,0.013922,0.078157
2021-12-26 13:00:00,1881.728749,0.000906,0.007955,0.040978
2021-12-26 14:00:00,1893.846087,0.000990,0.006043,0.006241
2021-12-26 15:00:00,1980.234821,0.001592,0.004117,0.000096
2021-12-26 16:00:00,2014.943969,0.011813,0.033773,0.000066
2021-12-26 17:00:00,1999.835817,0.052284,0.066937,0.000071
2021-12-26 18:00:00,1939.431891,0.105683,0.092323,0.000069
2021-12-26 19:00:00,1878.673192,0.143446,0.138942,0.000061
2021-12-26 20:00:00,1808.674145,0.198484,0.248473,0.000056
2021-12-26 21:00:00,1761.124023,0.243507,0.308400,0.000056
2021-12-26 22:00:00,1735.755172,0.272310,0.410941,0.000057
2021-12-26 23:00:00,1694.008662,0.319064,0.531410,0.000050
2021-12-27 00:00:00,1635.529483,0.370414,0.625102,0.000045
2021-12-27 01:00:00,1602.469288,0.398531,0.680294,0.000049
2021-12-27 02:00:00,1605.179979,0.457828,0.799902,0.000050
2021-12-27 03:00:00,1617.314729,0.473712,0.838031,0.000059
2021-12-27 04:00:00,1689.941093,0.469089,0.858384,0.000059
2021-12-27 05:00:00,1805.776640,0.499564,0.876248,0.000062
2021-12-27 06:00:00,1885.566105,0.542905,0.867207,0.000071
2021-12-27 07:00:00,1995.067363,0.540894,0.870447,0.001160
2021-12-27 08:00:00,2078.483893,0.551821,0.881349,0.030354
2021-12-27 09:00:00,2126.238967,0.613741,0.907183,0.083863
2021-12-27 10:00:00,2103.576373,0.611801,0.866553,0.107513
2021-12-27 11:00:00,2061.617863,0.534346,0.811542,0.092848
2021-12-27 12:00:00,2044.311118,0.510029,0.800243,0.053604
2021-12-27 13:00:00,2040.064209,0.470376,0.779550,0.019213
2021-12-27 14:00:00,2077.614646,0.468048,0.782695,0.001455
2021-12-27 15:00:00,2155.928817,0.489198,0.781294,0.000103
2021-12-27 16:00:00,2234.459463,0.534310,0.802148,0.000116
2021-12-27 17:00:00,2213.093143,0.514985,0.815639,0.000097
2021-12-27 18:00:00,2068.211045,0.502032,0.838193,0.000094
2021-12-27 19:00:00,1959.782210,0.483574,0.805821,0.000073
2021-12-27 20:00:00,1918.921563,0.491185,0.809201,0.000084
2021-12-27 21:00:00,1832.984613,0.506108,0.830276,0.000078
2021-12-27 22:00:00,1727.587317,0.510089,0.746490,0.000079
2021-12-27 23:00:00,1645.775975,0.487549,0.711575,0.000065
2021-12-28 00:00:00,1585.505912,0.473153,0.702901,0.000071
2021-12-28 01:00:00,1555.549061,0.466396,0.734668,0.000071
2021-12-28 02:00:00,1552.738019,0.493157,0.788140,0.000070
2021-12-28 03:00:00,1554.588727,0.495002,0.736205,0.000070
2021-12-28 04:00:00,1571.571322,0.451203,0.582294,0.000068
2021-12-28 05:00:00,1690.833207,0.436490,0.617248,0.000070
2021-12-28 06:00:00,1826.874030,0.442791,0.692416,0.000075
2021-12-28 07:00:00,1974.128310,0.470905,0.756683,0.000269
2021-12-28 08:00:00,2046.142307,0.477557,0.788638,0.007613
2021-12-28 09:00:00,2085.575318,0.480476,0.728999,0.015715
2021-12-28 10:00:00,2104.079970,0.485810,0.760881,0.024884
2021-12-28 11:00:00,2104.559253,0.433974,0.791008,0.020595
2021-12-28 12:00:00,2100.235697,0.346749,0.694994,0.009813
2021-12-28 13:00:00,2081.194554,0.272079,0.572254,0.005481
2021-12-28 14:00:00,2106.746334,0.244631,0.513167,0.000828
2021-12-28 15:00:00,2178.503836,0.256321,0.494238,0.000098
2021-12-28 16:00:00,2232.030920,0.252445,0.487007,0.000085
2021-12-28 17:00:00,2176.330388,0.229470,0.437844,0.000089
2021-12-28 18:00:00,2044.520989,0.179791,0.409128,0.000077
2021-12-28 19:00:00,1954.643273,0.123944,0.304723,0.000071
2021-12-28 20:00:00,1837.850498,0.111880,0.227036,0.000067
2021-12-28 21:00:00,1736.876730,0.093809,0.164908,0.000059
2021-12-28 22:00:00,1638.586323,0.059374,0.118745,0.000071
2021-12-28 23:00:00,1538.269271,0.044299,0.126365,0.000056
2021-12-29 00:00:00,1474.880054,0.035879,0.116851,0.000066
2021-12-29 01:00:00,1427.496587,0.024343,0.095276,0.000048
2021-12-29 02:00:00,1397.080840,0.020618,0.051532,0.000055
2021-12-29 03:00:00,1407.022417,0.014278,0.014663,0.000050
2021-12-29 04:00:00,1472.390469,0.002521,0.004167,0.000061
2021-12-29 05:00:00,1589.474251,0.000817,0.003821,0.000070
2021-12-29 06:00:00,1715.223597,0.001706,0.000149,0.000062
2021-12-29 07:00:00,1841.206527,0.000507,0.001264,0.000292
2021-12-29 08:00:00,1921.790281,0.000081,0.003938,0.006686
2021-12-29 09:00:00,1983.143819,0.000032,0.000312,0.024178
2021-12-29 10:00:00,1995.995973,0.000037,0.000013,0.049457
2021-12-29 11:00:00,1986.805111,0.000039,0.000012,0.056623
2021-12-29 12:00:00,1983.629684,0.000040,0.000017,0.036902
2021-12-29 13:00:00,1978.520448,0.001018,0.000064,0.014530
2021-12-29 14:00:00,1991.087872,0.003778,0.000724,0.001531
2021-12-29 15:00:00,2075.294364,0.002583,0.004153,0.000068
2021-12-29 16:00:00,2158.620254,0.006043,0.011673,0.000069
2021-12-29 17:00:00,2118.534500,0.028858,0.009315,0.000066
2021-12-29 18:00:00,1992.910609,0.056147,0.043356,0.000074
2021-12-29 19:00:00,1914.585351,0.111005,0.143331,0.000055
2021-12-29 20:00:00,1809.785480,0.143609,0.182741,0.000063
2021-12-29 21:00:00,1709.805661,0.138684,0.212264,0.000047
2021-12-29 22:00:00,1602.835453,0.161316,0.161555,0.000055
2021-12-29 23:00:00,1532.732423,0.256191,0.256561,0.000047
2021-12-30 00:00:00,1457.449987,0.377020,0.383261,0.000050
2021-12-30 01:00:00,1452.422296,0.412622,0.484871,0.000042
2021-12-30 02:00:00,1449.720144,0.304349,0.650065,0.000044
2021-12-30 03:00:00,1454.016000,0.424130,0.706464,0.000055
2021-12-30 04:00:00,1454.621117,0.472017,0.700927,0.000042
2021-12-30 05:00:00,1546.646319,0.508590,0.684421,0.000058
2021-12-30 06:00:00,1679.926306,0.497094,0.718425,0.000064
2021-12-30 07:00:00,1795.545151,0.475499,0.785260,0.000646
2021-12-30 08:00:00,1849.188951,0.503935,0.724941,0.012075
2021-12-30 09:00:00,1948.234741,0.575619,0.785195,0.020116
2021-12-30 10:00:00,1970.657815,0.526994,0.782576,0.030978
2021-12-30 11:00:00,1965.479133,0.469378,0.773593,0.040203
2021-12-30 12:00:00,1956.349586,0.389916,0.816568,0.035125
2021-12-30 13:00:00,1939.789874,0.470386,0.843114,0.018564
2021-12-30 14:00:00,1954.908023,0.507450,0.890010,0.001947
2021-12-30 15:00:00,2031.332228,0.506517,0.897144,0.000066
2021-12-30 16:00:00,2114.072071,0.478109,0.868443,0.000062
2021-12-30 17:00:00,2084.961560,0.492641,0.776712,0.000049
2021-12-30 18:00:00,2000.558111,0.540134,0.758459,0.000063
2021-12-30 19:00:00,1884.499483,0.600174,0.903160,0.000064
2021-12-30 20:00:00,1772.644652,0.539884,0.912388,0.000070
2021-12-30 21:00:00,1669.266718,0.540632,0.917106,0.000057
2021-12-30 22:00:00,1577.495755,0.603500,0.932452,0.000058
2021-12-30 23:00:00,1459.350844,0.514615,0.935561,0.000051
2021-12-31 00:00:00,1361.145721,0.479135,0.864991,0.000052
2021-12-31 01:00:00,1340.653196,0.501697,0.880048,0.000035
2021-12-31 02:00:00,1344.190820,0.516315,0.912436,0.000050
2021-12-31 03:00:00,1334.262553,0.468274,0.852205,0.000043
2021-12-31 04:00:00,1371.829860,0.502219,0.793835,0.000053
2021-12-31 05:00:00,1449.607044,0.565481,0.870647,0.000049
2021-12-31 06:00:00,1514.343139,0.615444,0.912910,0.000074
2021-12-31 07:00:00,1617.932998,0.673538,0.947858,0.000070
2021-12-31 08:00:00,1711.800548,0.728879,0.959569,0.004334
2021-12-31 09:00:00,1803.960969,0.784818,0.949879,0.017548
2021-12-31 10:00:00,1839.115347,0.809527,0.960159,0.027141
2021-12-31 11:00:00,1854.467128,0.820013,0.961890,0.029341
2021-12-31 12:00:00,1850.585139,0.797516,0.968687,0.020652
2021-12-31 13:00:00,1850.901650,0.713155,0.966617,0.012367
2021-12-31 14:00:00,1853.654166,0.623609,0.957164,0.002027
2021-12-31 15:00:00,1937.405543,0.541411,0.952940,0.000085
2021-12-31 16:00:00,2001.803120,0.464329,0.946239,0.000073
2021-12-31 17:00:00,1984.901699,0.411278,0.883373,0.000080
2021-12-31 18:00:00,1809.807903,0.396483,0.789816,0.000079
2021-12-31 19:00:00,1663.652708,0.356300,0.772660,0.000057
2021-12-31 20:00:00,1577.565878,0.385822,0.661887,0.000061
2021-12-31 21:00:00,1521.029039,0.350155,0.718117,0.000087
2021-12-31 22:00:00,1461.857156,0.355218,0.785757,0.000068
