time,DK1,DK2,DE,NO2,SE3,SE4
2023-12-31 23:00:00,16.99,29.13,0.10,53.79,29.56,29.56
2024-01-01 00:00:00,28.14,28.46,0.01,48.98,28.46,28.46
2024-01-01 01:00:00,26.66,26.66,0.00,27.45,26.66,26.66
2024-01-01 02:00:00,4.14,24.48,-0.01,24.48,24.48,24.48
2024-01-01 03:00:00,-0.03,24.01,-0.03,24.01,24.01,24.01
2024-01-01 04:00:00,-0.02,15.88,-0.02,21.23,21.23,21.23
2024-01-01 05:00:00,-0.05,15.87,-0.05,22.62,22.62,22.62
2024-01-01 06:00:00,-0.02,22.04,-0.02,25.04,25.04,25.04
2024-01-01 07:00:00,0.00,25.42,0.00,26.24,26.24,26.24
2024-01-01 08:00:00,0.08,32.21,0.04,32.21,32.21,32.21
2024-01-01 09:00:00,41.34,41.34,0.06,47.71,41.34,41.34
2024-01-01 10:00:00,43.51,43.51,0.54,52.51,43.51,43.51
2024-01-01 11:00:00,43.02,43.02,2.24,56.57,43.02,43.02
2024-01-01 12:00:00,44.29,44.29,1.96,59.82,44.29,44.29
2024-01-01 13:00:00,46.24,46.24,1.04,62.06,46.24,46.24
2024-01-01 14:00:00,50.61,50.61,3.66,62.52,50.61,50.61
2024-01-01 15:00:00,59.47,59.47,43.06,63.19,59.47,59.47
2024-01-01 16:00:00,64.99,64.99,49.93,64.99,64.99,64.99
2024-01-01 17:00:00,61.74,61.74,58.00,63.58,61.74,61.74
2024-01-01 18:00:00,61.27,55.07,54.25,63.10,55.07,55.07
2024-01-01 19:00:00,59.97,48.01,48.01,62.15,48.01,48.01
2024-01-01 20:00:00,54.92,44.01,42.95,58.27,44.01,44.01
2024-01-01 21:00:00,47.65,45.20,47.09,52.58,45.20,45.20
2024-01-01 22:00:00,35.55,38.00,35.55,44.03,38.00,38.00
2024-01-01 23:00:00,30.59,38.00,30.59,38.00,38.00,38.00
2024-01-02 00:00:00,20.07,33.56,20.07,33.56,33.56,33.56
2024-01-02 01:00:00,31.03,32.03,31.03,32.03,32.03,32.03
2024-01-02 02:00:00,18.39,32.29,18.39,32.29,32.29,32.29
2024-01-02 03:00:00,11.08,36.70,11.08,36.70,36.70,36.70
2024-01-02 04:00:00,13.78,41.72,13.78,41.72,41.72,41.72
2024-01-02 05:00:00,47.63,49.18,47.63,49.18,49.18,49.18
2024-01-02 06:00:00,58.10,58.75,58.10,62.04,58.75,58.75
2024-01-02 07:00:00,65.67,65.67,65.67,65.67,65.67,65.67
2024-01-02 08:00:00,64.73,66.11,64.73,66.80,66.11,66.11
2024-01-02 09:00:00,68.98,68.98,68.98,71.08,68.98,68.98
2024-01-02 10:00:00,73.54,73.54,73.54,73.54,73.54,73.54
2024-01-02 11:00:00,78.16,78.16,78.16,78.16,78.16,78.16
2024-01-02 12:00:00,78.87,78.87,78.87,78.87,78.87,78.87
2024-01-02 13:00:00,79.24,79.24,79.24,79.24,79.24,79.24
2024-01-02 14:00:00,79.96,79.96,79.96,79.96,79.96,79.96
2024-01-02 15:00:00,81.46,81.46,83.46,81.46,81.46,81.46
2024-01-02 16:00:00,80.92,80.92,80.92,80.92,80.92,80.92
2024-01-02 17:00:00,74.95,74.95,74.95,74.95,74.95,74.95
2024-01-02 18:00:00,63.18,63.18,63.18,66.77,63.18,63.18
2024-01-02 19:00:00,57.11,57.11,57.11,64.92,57.11,57.11
2024-01-02 20:00:00,46.89,48.04,46.89,64.43,48.04,48.04
2024-01-02 21:00:00,40.00,40.00,40.00,62.61,40.99,40.99
2024-01-02 22:00:00,21.81,30.00,7.43,59.16,38.35,38.35
2024-01-02 23:00:00,1.04,20.00,-0.08,58.00,40.80,40.80
2024-01-03 00:00:00,-0.01,15.87,-1.23,58.39,39.21,39.21
2024-01-03 01:00:00,0.00,15.88,-1.30,58.41,37.36,37.36
2024-01-03 02:00:00,-0.01,15.88,-1.31,55.84,36.17,36.17
2024-01-03 03:00:00,0.00,15.94,-1.31,54.53,38.21,38.21
2024-01-03 04:00:00,0.02,20.04,-1.38,58.41,42.58,42.58
2024-01-03 05:00:00,1.09,49.44,1.09,62.70,49.44,49.44
2024-01-03 06:00:00,40.59,53.53,40.59,64.81,53.53,53.53
2024-01-03 07:00:00,59.61,63.48,59.61,65.60,63.48,63.48
2024-01-03 08:00:00,60.61,64.99,60.61,65.94,64.99,64.99
2024-01-03 09:00:00,57.00,60.19,57.00,66.42,60.19,60.19
2024-01-03 10:00:00,54.89,59.96,54.89,65.93,59.96,59.96
2024-01-03 11:00:00,59.80,59.80,53.89,65.60,59.80,59.80
2024-01-03 12:00:00,58.86,58.86,54.42,65.15,58.86,58.86
2024-01-03 13:00:00,60.86,64.99,60.86,65.76,64.99,64.99
2024-01-03 14:00:00,67.18,68.83,67.18,69.38,68.83,68.83
2024-01-03 15:00:00,73.59,73.59,73.59,73.59,73.59,73.59
2024-01-03 16:00:00,82.28,82.28,82.28,82.28,82.28,82.28
2024-01-03 17:00:00,82.97,82.97,82.97,82.97,82.97,82.97
2024-01-03 18:00:00,79.03,79.03,79.03,79.03,79.03,79.03
2024-01-03 19:00:00,73.23,73.23,73.23,73.23,73.23,73.23
2024-01-03 20:00:00,67.41,67.41,67.41,69.20,67.41,67.41
2024-01-03 21:00:00,65.00,65.00,65.00,65.42,65.00,65.00
2024-01-03 22:00:00,58.12,58.12,58.12,63.79,58.12,58.12
2024-01-03 23:00:00,57.30,58.71,57.30,64.03,58.71,58.71
2024-01-04 00:00:00,50.46,53.60,50.46,63.13,53.60,53.60
2024-01-04 01:00:00,40.00,54.44,40.00,62.61,54.44,54.44
2024-01-04 02:00:00,25.48,55.18,25.48,62.41,55.18,55.18
2024-01-04 03:00:00,35.00,58.25,35.00,62.08,58.25,58.25
2024-01-04 04:00:00,57.73,59.15,57.73,64.47,59.15,59.15
2024-01-04 05:00:00,72.65,72.65,72.65,70.38,72.65,72.65
2024-01-04 06:00:00,85.02,85.02,85.02,85.02,85.02,85.02
2024-01-04 07:00:00,91.47,91.47,91.47,91.47,91.47,91.47
2024-01-04 08:00:00,94.20,94.20,94.20,94.20,94.20,94.20
2024-01-04 09:00:00,91.61,91.98,91.61,91.98,91.98,91.98
2024-01-04 10:00:00,90.03,90.40,90.03,90.40,90.40,90.40
2024-01-04 11:00:00,86.30,86.69,86.30,86.69,86.69,86.69
2024-01-04 12:00:00,85.96,85.96,85.96,85.96,85.96,85.96
2024-01-04 13:00:00,92.11,92.11,92.11,92.11,92.11,92.11
2024-01-04 14:00:00,98.62,98.62,98.62,98.62,98.62,98.62
2024-01-04 15:00:00,105.73,105.73,105.73,105.73,105.73,105.73
2024-01-04 16:00:00,133.23,133.23,133.23,133.23,133.23,133.23
2024-01-04 17:00:00,144.65,144.65,144.65,144.65,144.65,144.65
2024-01-04 18:00:00,125.00,125.00,125.00,121.37,125.00,125.00
2024-01-04 19:00:00,103.59,103.59,103.59,100.58,103.59,103.59
2024-01-04 20:00:00,100.01,100.01,100.01,97.11,100.01,100.01
2024-01-04 21:00:00,94.86,94.86,94.86,92.11,94.86,94.86
2024-01-04 22:00:00,88.83,88.83,88.83,86.25,88.83,88.83
2024-01-04 23:00:00,86.08,88.83,86.08,88.83,88.83,88.83
2024-01-05 00:00:00,80.51,83.09,80.51,83.09,83.09,83.09
2024-01-05 01:00:00,77.01,80.00,77.01,79.47,80.00,80.00
2024-01-05 02:00:00,73.21,80.17,73.21,75.39,80.17,80.17
2024-01-05 03:00:00,74.05,82.49,74.05,76.26,82.49,82.49
2024-01-05 04:00:00,76.03,88.14,76.03,75.23,88.14,88.14
2024-01-05 05:00:00,81.00,109.79,81.00,78.65,109.79,109.79
2024-01-05 06:00:00,87.00,165.01,87.00,84.47,165.01,165.01
2024-01-05 07:00:00,89.57,299.01,89.57,86.98,299.01,299.01
2024-01-05 08:00:00,94.93,249.12,94.93,92.18,249.12,249.12
2024-01-05 09:00:00,96.28,255.86,96.28,93.49,255.86,255.86
2024-01-05 10:00:00,98.22,211.11,98.22,95.37,211.11,211.11
2024-01-05 11:00:00,92.24,203.28,92.24,89.56,203.28,203.28
2024-01-05 12:00:00,91.54,196.98,91.54,88.89,196.98,196.98
2024-01-05 13:00:00,96.41,197.86,96.41,93.62,197.86,197.86
2024-01-05 14:00:00,100.05,299.94,100.05,97.15,299.94,299.94
2024-01-05 15:00:00,102.97,449.64,102.97,99.98,449.64,449.64
2024-01-05 16:00:00,107.38,526.25,107.38,104.26,526.25,526.25
2024-01-05 17:00:00,108.45,349.95,108.45,111.68,349.95,349.95
2024-01-05 18:00:00,103.96,181.91,103.96,100.95,181.91,181.91
2024-01-05 19:00:00,100.09,149.60,100.09,103.08,149.60,149.60
2024-01-05 20:00:00,94.19,112.82,94.19,97.00,112.82,112.82
2024-01-05 21:00:00,94.92,100.10,94.92,97.75,100.10,100.10
2024-01-05 22:00:00,86.80,92.87,86.80,89.39,92.87,92.87
2024-01-05 23:00:00,82.25,84.88,82.25,84.88,84.88,84.88
2024-01-06 00:00:00,80.20,83.20,80.20,82.77,83.20,83.20
2024-01-06 01:00:00,76.13,82.03,76.13,78.56,82.03,82.03
2024-01-06 02:00:00,73.01,82.18,73.01,75.35,82.18,82.18
2024-01-06 03:00:00,73.01,82.53,73.01,75.35,82.53,82.53
2024-01-06 04:00:00,74.59,84.13,74.59,76.98,84.13,84.13
2024-01-06 05:00:00,75.10,84.48,75.10,77.50,84.48,84.48
2024-01-06 06:00:00,81.39,87.43,81.39,84.00,87.43,87.43
2024-01-06 07:00:00,88.40,90.87,88.40,90.87,90.87,90.87
2024-01-06 08:00:00,92.23,94.98,92.23,94.98,94.98,94.98
2024-01-06 09:00:00,97.30,100.41,97.30,100.41,100.41,100.41
2024-01-06 10:00:00,100.43,103.65,100.43,103.65,103.65,103.65
2024-01-06 11:00:00,99.16,102.33,99.16,102.33,102.33,102.33
2024-01-06 12:00:00,95.22,97.75,95.22,97.75,97.75,97.75
2024-01-06 13:00:00,92.55,95.51,92.55,95.51,95.51,95.51
2024-01-06 14:00:00,95.09,98.50,95.09,97.74,98.50,98.50
2024-01-06 15:00:00,99.85,110.00,99.85,102.83,110.00,110.00
2024-01-06 16:00:00,104.69,118.27,104.27,107.82,118.27,118.27
2024-01-06 17:00:00,103.84,106.94,103.63,106.94,106.94,106.94
2024-01-06 18:00:00,99.31,102.27,99.00,102.27,102.27,102.27
2024-01-06 19:00:00,92.23,94.98,92.14,94.98,94.98,94.98
2024-01-06 20:00:00,88.00,90.63,88.00,90.63,90.63,90.63
2024-01-06 21:00:00,86.75,89.34,86.57,89.34,89.34,89.34
2024-01-06 22:00:00,80.03,82.80,79.87,82.43,82.80,82.80
2024-01-06 23:00:00,86.15,86.15,84.08,86.15,86.15,86.15
2024-01-07 00:00:00,82.46,82.46,79.82,82.46,82.46,82.46
2024-01-07 01:00:00,76.92,79.22,76.76,79.22,79.22,79.22
2024-01-07 02:00:00,75.28,77.53,73.46,77.53,77.53,77.53
2024-01-07 03:00:00,73.33,76.89,71.86,75.52,76.89,76.89
2024-01-07 04:00:00,73.78,77.42,72.08,75.98,77.42,77.42
2024-01-07 05:00:00,75.14,78.45,74.90,77.38,78.45,78.45
2024-01-07 06:00:00,78.04,80.37,77.69,80.37,80.37,80.37
2024-01-07 07:00:00,81.79,84.21,81.79,84.21,84.21,84.21
2024-01-07 08:00:00,85.03,87.57,84.86,87.57,87.57,87.57
2024-01-07 09:00:00,87.15,89.75,87.15,89.75,89.75,89.75
2024-01-07 10:00:00,89.32,91.99,89.14,91.99,91.99,91.99
2024-01-07 11:00:00,91.50,91.50,88.66,91.50,91.50,91.50
2024-01-07 12:00:00,87.52,87.52,84.81,87.52,87.52,87.52
2024-01-07 13:00:00,85.03,87.23,84.34,87.23,87.23,87.23
2024-01-07 14:00:00,88.01,90.64,88.01,90.64,90.64,90.64
2024-01-07 15:00:00,93.42,96.21,93.42,96.21,96.21,96.21
2024-01-07 16:00:00,101.77,104.27,101.77,104.27,104.27,104.27
2024-01-07 17:00:00,104.85,106.09,104.85,106.09,106.09,106.09
2024-01-07 18:00:00,103.55,103.55,103.55,103.55,103.55,103.55
2024-01-07 19:00:00,100.50,100.50,100.50,100.50,100.50,100.50
2024-01-07 20:00:00,93.31,93.31,93.31,93.31,93.31,93.31
2024-01-07 21:00:00,91.17,91.17,91.17,91.17,91.17,91.17
2024-01-07 22:00:00,83.86,83.86,83.86,83.86,83.86,83.86
2024-01-07 23:00:00,87.02,87.02,87.02,87.02,87.02,87.02
2024-01-08 00:00:00,84.32,84.32,84.32,84.32,84.32,84.32
2024-01-08 01:00:00,81.82,81.82,81.82,81.82,81.82,81.82
2024-01-08 02:00:00,79.11,79.11,79.11,80.63,79.11,79.11
2024-01-08 03:00:00,78.48,78.48,78.48,79.04,78.48,78.48
2024-01-08 04:00:00,82.10,82.10,82.10,82.10,82.10,82.10
2024-01-08 05:00:00,94.30,94.30,94.30,94.30,94.30,94.30
2024-01-08 06:00:00,111.10,111.22,111.10,107.87,111.22,111.22
2024-01-08 07:00:00,121.11,121.11,121.11,117.60,121.11,121.11
2024-01-08 08:00:00,117.83,120.73,117.83,120.73,120.73,120.73
2024-01-08 09:00:00,110.60,113.90,110.60,113.90,113.90,113.90
2024-01-08 10:00:00,103.00,105.54,103.00,101.38,105.54,105.54
2024-01-08 11:00:00,95.50,97.84,95.50,92.73,97.84,97.84
2024-01-08 12:00:00,94.03,94.88,92.60,92.52,94.88,94.88
2024-01-08 13:00:00,102.33,102.46,100.00,99.36,102.46,102.46
2024-01-08 14:00:00,107.98,110.64,107.98,104.85,110.64,110.64
2024-01-08 15:00:00,123.83,128.00,116.87,120.24,128.00,128.00
2024-01-08 16:00:00,129.15,132.31,129.13,125.41,132.31,132.31
2024-01-08 17:00:00,130.01,130.01,130.01,126.24,130.01,130.01
2024-01-08 18:00:00,122.12,122.12,122.12,118.57,122.12,122.12
2024-01-08 19:00:00,114.21,114.21,114.21,110.90,114.21,114.21
2024-01-08 20:00:00,102.83,102.83,102.83,99.85,99.85,102.83
2024-01-08 21:00:00,99.98,99.98,99.98,97.08,97.08,99.98
2024-01-08 22:00:00,91.49,91.49,91.49,88.83,88.83,91.49
2024-01-08 23:00:00,88.16,88.16,88.16,85.43,85.43,87.82
2024-01-09 00:00:00,87.04,87.04,87.04,84.34,73.92,86.69
2024-01-09 01:00:00,85.00,85.00,85.00,82.54,40.59,85.00
2024-01-09 02:00:00,84.14,84.14,84.14,81.70,29.17,84.13
2024-01-09 03:00:00,85.72,85.72,85.72,83.23,26.88,85.41
2024-01-09 04:00:00,89.28,89.28,89.28,86.34,40.51,89.28
2024-01-09 05:00:00,108.51,108.51,108.51,88.98,88.98,108.51
2024-01-09 06:00:00,124.06,124.06,124.06,94.88,94.88,123.22
2024-01-09 07:00:00,133.24,133.25,133.24,129.11,129.11,133.25
2024-01-09 08:00:00,120.91,120.91,120.91,117.16,117.16,120.89
2024-01-09 09:00:00,113.19,113.19,113.19,109.91,109.91,112.78
2024-01-09 10:00:00,105.78,105.78,105.78,102.50,102.50,105.40
2024-01-09 11:00:00,100.22,100.22,100.22,97.11,97.11,100.00
2024-01-09 12:00:00,100.82,100.82,100.82,97.69,97.69,100.60
2024-01-09 13:00:00,110.89,112.36,110.89,107.45,107.45,112.36
2024-01-09 14:00:00,119.40,121.09,119.40,115.69,115.69,121.09
2024-01-09 15:00:00,127.85,130.99,127.85,123.88,123.88,130.99
2024-01-09 16:00:00,137.84,137.95,137.84,133.56,133.56,137.95
2024-01-09 17:00:00,137.80,137.80,137.80,133.53,133.53,137.72
2024-01-09 18:00:00,130.43,130.43,130.43,126.38,126.38,130.33
2024-01-09 19:00:00,120.24,120.24,120.24,116.51,116.51,117.36
2024-01-09 20:00:00,111.68,111.68,111.68,99.96,99.96,109.00
2024-01-09 21:00:00,106.18,106.18,106.18,91.69,89.98,103.63
2024-01-09 22:00:00,97.09,97.09,97.09,90.91,50.92,94.76
2024-01-09 23:00:00,89.29,89.29,89.29,86.52,37.99,87.15
2024-01-10 00:00:00,86.76,86.76,86.76,84.07,34.60,84.67
2024-01-10 01:00:00,86.73,86.73,86.73,84.04,27.99,84.64
2024-01-10 02:00:00,86.09,86.09,86.09,83.42,27.40,84.02
2024-01-10 03:00:00,86.30,86.30,86.30,83.63,32.11,84.23
2024-01-10 04:00:00,89.05,89.05,89.05,82.45,80.00,89.05
2024-01-10 05:00:00,108.88,108.88,108.88,82.74,82.74,108.88
2024-01-10 06:00:00,126.29,129.40,126.29,96.89,96.89,129.40
2024-01-10 07:00:00,141.28,143.00,141.28,136.90,136.90,143.00
2024-01-10 08:00:00,130.39,130.39,130.39,126.35,126.35,130.39
2024-01-10 09:00:00,118.56,121.47,118.56,114.88,114.88,121.47
2024-01-10 10:00:00,109.13,109.13,109.13,105.97,105.97,109.13
2024-01-10 11:00:00,102.21,102.21,102.21,98.82,98.82,102.21
2024-01-10 12:00:00,105.61,108.20,105.61,91.49,91.49,108.20
2024-01-10 13:00:00,112.91,115.68,112.91,109.41,94.99,115.68
2024-01-10 14:00:00,123.80,123.80,123.80,119.96,99.32,123.80
2024-01-10 15:00:00,134.64,134.64,134.64,122.06,122.06,134.64
2024-01-10 16:00:00,143.79,143.79,143.79,139.19,139.19,143.79
2024-01-10 17:00:00,140.00,140.00,140.00,135.66,94.92,136.64
2024-01-10 18:00:00,132.15,132.15,132.15,128.06,42.93,128.98
2024-01-10 19:00:00,120.00,120.00,120.00,116.28,25.09,117.12
2024-01-10 20:00:00,109.76,109.76,109.76,100.52,25.32,107.12
2024-01-10 21:00:00,104.49,104.49,104.49,89.46,24.43,83.10
2024-01-10 22:00:00,90.90,96.03,96.03,85.04,21.50,30.07
2024-01-10 23:00:00,91.75,91.75,91.75,88.90,21.09,83.10
2024-01-11 00:00:00,88.59,88.59,88.59,85.84,21.85,21.85
2024-01-11 01:00:00,87.25,87.25,87.25,84.54,24.39,24.39
2024-01-11 02:00:00,82.38,82.38,82.38,79.83,27.01,27.01
2024-01-11 03:00:00,81.95,81.95,81.95,79.57,28.77,28.77
2024-01-11 04:00:00,89.36,89.36,89.36,83.75,34.36,34.36
2024-01-11 05:00:00,102.07,102.07,102.07,86.74,41.94,99.62
2024-01-11 06:00:00,116.86,116.86,116.86,110.07,53.51,114.06
2024-01-11 07:00:00,141.00,141.00,141.00,136.63,89.99,137.62
2024-01-11 08:00:00,129.16,129.16,129.16,125.03,125.03,126.06
2024-01-11 09:00:00,113.65,113.65,113.65,110.01,110.01,110.92
2024-01-11 10:00:00,106.48,106.48,106.48,103.29,103.29,103.92
2024-01-11 11:00:00,99.38,99.38,99.38,96.30,96.30,97.00
2024-01-11 12:00:00,99.00,99.00,99.00,95.93,95.93,99.00
2024-01-11 13:00:00,105.98,105.98,105.98,102.69,102.69,105.98
2024-01-11 14:00:00,117.96,117.96,117.96,114.30,117.96,117.96
2024-01-11 15:00:00,137.35,137.35,137.35,133.09,137.35,137.35
2024-01-11 16:00:00,150.09,150.09,150.09,145.44,150.09,150.09
2024-01-11 17:00:00,136.69,136.69,136.69,132.45,136.69,136.69
2024-01-11 18:00:00,132.31,132.31,132.31,128.21,132.31,132.31
2024-01-11 19:00:00,117.88,118.95,117.88,114.22,117.88,118.95
2024-01-11 20:00:00,107.19,107.19,107.19,103.76,103.76,107.19
2024-01-11 21:00:00,100.00,100.00,100.00,94.49,94.49,100.00
2024-01-11 22:00:00,97.22,97.22,97.22,85.74,85.74,96.97
2024-01-11 23:00:00,91.04,91.04,91.04,86.53,86.53,90.94
2024-01-12 00:00:00,88.22,88.22,88.22,83.30,83.30,86.11
2024-01-12 01:00:00,85.22,85.22,85.22,81.25,81.25,83.17
2024-01-12 02:00:00,84.63,84.63,84.63,79.84,79.84,82.60
2024-01-12 03:00:00,84.34,84.34,84.34,79.98,79.98,82.32
2024-01-12 04:00:00,84.24,85.32,85.32,81.80,81.80,83.27
2024-01-12 05:00:00,89.24,92.11,92.11,86.66,86.66,89.90
2024-01-12 06:00:00,118.16,118.16,118.16,111.86,111.86,118.16
2024-01-12 07:00:00,140.74,140.74,140.74,136.38,136.38,140.74
2024-01-12 08:00:00,134.96,134.96,134.96,130.78,130.78,134.96
2024-01-12 09:00:00,122.01,122.01,122.01,118.22,118.22,122.01
2024-01-12 10:00:00,114.73,114.73,114.73,111.41,111.41,111.98
2024-01-12 11:00:00,106.98,106.98,106.98,103.67,103.67,104.42
2024-01-12 12:00:00,103.08,103.08,103.08,99.88,99.88,100.61
2024-01-12 13:00:00,104.54,104.54,104.54,101.30,101.30,102.03
2024-01-12 14:00:00,110.00,110.00,110.00,106.81,106.81,107.36
2024-01-12 15:00:00,120.00,120.00,120.00,116.52,116.52,117.12
2024-01-12 16:00:00,127.50,127.50,127.50,123.80,127.50,127.50
2024-01-12 17:00:00,126.00,126.00,126.00,122.35,126.00,126.00
2024-01-12 18:00:00,119.47,119.47,119.47,116.01,116.01,119.47
2024-01-12 19:00:00,107.13,108.79,108.79,104.03,104.03,106.18
2024-01-12 20:00:00,91.70,98.48,98.48,88.77,88.77,98.48
2024-01-12 21:00:00,85.02,93.37,93.37,82.83,82.83,93.37
2024-01-12 22:00:00,82.49,85.15,85.38,80.10,80.10,85.15
2024-01-12 23:00:00,73.07,75.64,90.00,76.65,49.69,75.64
2024-01-13 00:00:00,74.85,74.85,85.00,74.85,46.63,74.85
2024-01-13 01:00:00,73.65,73.65,82.00,74.42,44.00,73.65
2024-01-13 02:00:00,71.37,71.37,78.47,73.50,42.47,71.37
2024-01-13 03:00:00,72.24,72.24,75.00,72.24,42.54,72.24
2024-01-13 04:00:00,68.73,55.55,74.92,70.85,43.53,55.55
2024-01-13 05:00:00,65.18,45.62,78.10,69.22,45.62,45.62
2024-01-13 06:00:00,68.51,51.20,82.22,70.56,51.20,51.20
2024-01-13 07:00:00,67.16,67.16,85.26,72.52,57.93,57.93
2024-01-13 08:00:00,73.31,73.31,75.11,73.31,73.31,73.31
2024-01-13 09:00:00,72.02,72.02,74.21,73.01,72.02,72.02
2024-01-13 10:00:00,70.98,70.98,72.72,72.25,70.98,70.98
2024-01-13 11:00:00,69.95,69.95,70.35,70.56,69.95,69.95
2024-01-13 12:00:00,63.67,63.67,63.67,67.89,63.67,63.67
2024-01-13 13:00:00,67.91,67.91,67.91,69.94,67.91,67.91
2024-01-13 14:00:00,68.61,68.61,68.61,70.71,68.61,68.61
2024-01-13 15:00:00,70.78,70.78,70.78,72.84,70.78,70.78
2024-01-13 16:00:00,74.22,74.22,74.22,74.22,74.22,74.22
2024-01-13 17:00:00,75.81,75.81,75.81,75.81,75.81,75.81
2024-01-13 18:00:00,73.82,73.82,73.82,73.82,73.82,73.82
2024-01-13 19:00:00,73.06,73.06,73.06,73.06,73.06,73.06
2024-01-13 20:00:00,70.93,70.93,70.93,70.93,70.93,70.93
2024-01-13 21:00:00,64.30,62.76,64.30,67.66,62.76,62.76
2024-01-13 22:00:00,63.16,61.65,63.16,66.15,61.65,61.65
2024-01-13 23:00:00,64.02,64.02,64.02,66.07,64.02,64.02
2024-01-14 00:00:00,62.11,62.11,62.11,64.10,62.11,62.11
2024-01-14 01:00:00,62.93,62.93,62.93,64.95,62.93,62.93
2024-01-14 02:00:00,64.01,64.01,64.01,66.06,64.01,64.01
2024-01-14 03:00:00,64.67,64.67,64.67,66.74,64.67,64.67
2024-01-14 04:00:00,65.20,65.20,65.20,67.34,65.20,65.20
2024-01-14 05:00:00,67.31,67.31,67.31,69.41,67.31,67.31
2024-01-14 06:00:00,71.66,71.66,71.66,73.36,71.66,71.66
2024-01-14 07:00:00,76.74,76.74,76.74,76.74,76.74,76.74
2024-01-14 08:00:00,81.14,81.14,81.14,81.14,81.14,81.14
2024-01-14 09:00:00,80.63,80.63,80.63,80.63,80.63,80.63
2024-01-14 10:00:00,81.84,81.84,81.84,81.84,81.84,81.84
2024-01-14 11:00:00,80.39,80.39,80.39,80.39,80.39,80.39
2024-01-14 12:00:00,77.04,77.04,77.04,77.04,77.04,77.04
2024-01-14 13:00:00,79.15,79.15,79.15,79.15,79.15,79.15
2024-01-14 14:00:00,82.32,82.32,82.32,82.32,82.32,82.32
2024-01-14 15:00:00,86.62,86.62,86.62,86.62,86.62,86.62
2024-01-14 16:00:00,91.86,91.86,91.86,91.86,91.86,91.86
2024-01-14 17:00:00,94.64,94.64,96.97,94.64,94.64,94.64
2024-01-14 18:00:00,85.26,85.26,88.91,85.26,85.26,85.26
2024-01-14 19:00:00,79.06,79.06,81.00,79.06,79.06,79.06
2024-01-14 20:00:00,78.60,78.60,78.60,78.41,78.41,78.41
2024-01-14 21:00:00,75.39,75.39,75.39,74.67,74.67,74.67
2024-01-14 22:00:00,67.19,66.89,67.19,69.34,66.89,66.89
2024-01-14 23:00:00,67.90,69.65,67.90,69.65,69.65,69.65
2024-01-15 00:00:00,65.00,66.05,65.00,67.08,66.05,66.05
2024-01-15 01:00:00,63.94,64.31,63.94,65.98,64.31,64.31
2024-01-15 02:00:00,62.04,62.04,62.04,64.03,62.04,62.04
2024-01-15 03:00:00,62.04,63.57,62.04,64.93,63.57,63.57
2024-01-15 04:00:00,69.25,70.57,69.25,70.57,70.57,70.57
2024-01-15 05:00:00,79.95,79.95,79.95,79.95,79.95,79.95
2024-01-15 06:00:00,83.84,83.84,83.84,83.84,83.84,83.84
2024-01-15 07:00:00,99.30,99.30,99.30,96.42,99.30,99.30
2024-01-15 08:00:00,100.29,100.29,100.29,97.39,99.99,99.99
2024-01-15 09:00:00,94.88,94.88,94.88,94.76,94.88,94.88
2024-01-15 10:00:00,90.26,90.26,90.26,90.26,90.26,90.26
2024-01-15 11:00:00,83.86,83.86,83.86,83.86,83.86,83.86
2024-01-15 12:00:00,82.15,82.15,82.15,82.15,82.15,82.15
2024-01-15 13:00:00,84.50,84.50,84.50,84.50,84.50,84.50
2024-01-15 14:00:00,89.44,89.44,89.44,89.44,89.44,89.44
2024-01-15 15:00:00,99.92,99.92,97.52,97.02,99.92,99.92
2024-01-15 16:00:00,109.08,109.08,106.46,105.92,109.08,109.08
2024-01-15 17:00:00,115.57,115.57,112.80,112.22,115.57,115.57
2024-01-15 18:00:00,110.66,110.66,110.38,107.45,110.66,110.66
2024-01-15 19:00:00,103.15,103.15,102.42,100.16,103.15,103.15
2024-01-15 20:00:00,92.95,92.95,91.78,90.26,92.95,92.95
2024-01-15 21:00:00,89.49,89.49,89.49,86.90,89.49,89.49
2024-01-15 22:00:00,86.43,86.43,86.43,83.92,86.43,86.43
2024-01-15 23:00:00,81.45,82.19,81.45,79.09,82.19,82.19
2024-01-16 00:00:00,81.40,81.40,81.07,79.04,81.40,81.40
2024-01-16 01:00:00,80.07,80.07,79.92,79.99,80.07,80.07
2024-01-16 02:00:00,78.26,78.26,78.19,78.26,78.26,78.26
2024-01-16 03:00:00,77.59,77.59,76.97,76.56,77.59,77.59
2024-01-16 04:00:00,83.45,83.45,81.45,80.00,83.45,83.45
2024-01-16 05:00:00,94.07,123.00,94.07,91.15,123.00,123.00
2024-01-16 06:00:00,114.77,193.42,114.77,111.44,193.42,193.42
2024-01-16 07:00:00,150.15,275.59,144.11,148.72,275.59,275.59
2024-01-16 08:00:00,150.32,270.56,138.60,143.03,270.56,270.56
2024-01-16 09:00:00,139.40,249.93,122.00,135.35,249.93,249.93
2024-01-16 10:00:00,116.91,200.55,110.00,113.52,200.55,200.55
2024-01-16 11:00:00,103.43,170.04,103.43,100.43,170.04,170.04
2024-01-16 12:00:00,94.98,141.97,94.98,92.22,141.97,141.97
2024-01-16 13:00:00,96.00,143.58,96.00,93.22,143.58,143.58
2024-01-16 14:00:00,110.25,156.16,110.25,107.05,156.16,156.16
2024-01-16 15:00:00,111.39,170.08,111.39,108.16,170.08,170.08
2024-01-16 16:00:00,128.15,170.81,128.15,124.43,170.81,170.81
2024-01-16 17:00:00,127.31,133.08,127.31,123.62,133.08,133.08
2024-01-16 18:00:00,111.77,111.77,111.77,108.31,111.77,111.77
2024-01-16 19:00:00,95.49,95.49,95.49,92.53,95.49,95.49
2024-01-16 20:00:00,86.21,86.21,86.21,84.12,86.21,86.21
2024-01-16 21:00:00,82.04,82.04,82.04,79.67,82.04,82.04
2024-01-16 22:00:00,77.69,77.69,77.69,77.69,77.69,77.69
2024-01-16 23:00:00,67.86,69.89,71.61,69.89,69.89,69.89
2024-01-17 00:00:00,67.35,69.36,71.52,69.36,69.36,69.36
2024-01-17 01:00:00,66.48,68.47,70.69,68.47,68.47,68.47
2024-01-17 02:00:00,65.60,67.56,69.74,67.56,67.56,67.56
2024-01-17 03:00:00,65.36,67.31,69.47,67.31,67.31,67.31
2024-01-17 04:00:00,65.33,67.28,71.06,67.28,67.28,67.28
2024-01-17 05:00:00,66.94,70.65,75.09,70.65,70.65,70.65
2024-01-17 06:00:00,79.28,79.94,84.39,79.94,79.94,79.94
2024-01-17 07:00:00,96.00,96.00,96.50,95.35,95.35,95.35
2024-01-17 08:00:00,102.87,102.87,106.16,102.87,102.87,102.87
2024-01-17 09:00:00,106.91,106.91,110.33,106.91,106.91,106.91
2024-01-17 10:00:00,107.66,111.10,111.10,107.66,107.66,107.66
2024-01-17 11:00:00,117.71,117.71,117.71,114.06,114.06,114.06
2024-01-17 12:00:00,121.70,121.70,121.70,117.92,117.92,117.92
2024-01-17 13:00:00,121.74,121.74,121.74,117.97,117.97,117.97
2024-01-17 14:00:00,125.46,125.46,125.46,121.82,121.82,121.82
2024-01-17 15:00:00,128.56,128.56,128.56,124.84,124.84,125.24
2024-01-17 16:00:00,140.52,140.52,140.52,136.44,136.44,136.44
2024-01-17 17:00:00,123.59,123.59,123.59,120.01,120.01,120.62
2024-01-17 18:00:00,114.28,114.28,114.28,110.96,110.96,110.96
2024-01-17 19:00:00,109.80,109.80,109.80,106.61,106.61,106.61
2024-01-17 20:00:00,101.09,101.09,101.09,97.51,97.51,97.51
2024-01-17 21:00:00,94.28,94.28,94.28,91.36,91.36,91.36
2024-01-17 22:00:00,84.17,84.17,84.17,81.56,81.56,81.56
2024-01-17 23:00:00,81.33,81.33,81.33,77.34,60.09,60.09
2024-01-18 00:00:00,77.20,77.20,77.20,74.80,64.09,64.09
2024-01-18 01:00:00,75.29,75.29,75.29,72.96,72.96,72.96
2024-01-18 02:00:00,74.91,74.91,74.91,72.58,72.58,72.58
2024-01-18 03:00:00,77.57,77.57,77.57,75.17,75.17,75.17
2024-01-18 04:00:00,81.00,81.00,81.00,78.49,78.49,79.05
2024-01-18 05:00:00,91.25,91.44,91.44,88.60,88.60,91.44
2024-01-18 06:00:00,111.55,111.55,111.55,107.84,107.84,111.55
2024-01-18 07:00:00,125.89,125.89,125.89,122.24,125.89,125.89
2024-01-18 08:00:00,122.17,122.17,122.17,118.63,122.17,122.17
2024-01-18 09:00:00,110.90,110.90,110.90,107.90,110.90,110.90
2024-01-18 10:00:00,107.95,107.95,107.95,104.60,107.95,107.95
2024-01-18 11:00:00,93.55,93.55,93.55,90.65,93.55,93.55
2024-01-18 12:00:00,87.62,87.62,87.62,84.91,87.62,87.62
2024-01-18 13:00:00,86.43,86.43,86.43,83.75,86.43,86.43
2024-01-18 14:00:00,94.25,94.25,94.25,91.33,94.25,94.25
2024-01-18 15:00:00,99.52,99.52,99.52,96.44,99.52,99.52
2024-01-18 16:00:00,104.68,104.68,104.68,101.44,104.68,104.68
2024-01-18 17:00:00,103.26,103.26,103.26,100.48,103.26,103.26
2024-01-18 18:00:00,94.53,94.53,94.53,91.18,94.53,94.53
2024-01-18 19:00:00,86.97,86.97,86.97,84.28,86.97,86.97
2024-01-18 20:00:00,81.13,81.13,83.12,80.54,81.13,81.13
2024-01-18 21:00:00,77.43,77.43,80.93,77.43,77.43,77.43
2024-01-18 22:00:00,71.33,71.33,73.61,71.33,71.33,71.33
2024-01-18 23:00:00,68.40,68.40,70.58,68.40,68.40,68.40
2024-01-19 00:00:00,65.34,65.34,66.95,65.34,65.34,65.34
2024-01-19 01:00:00,64.05,64.05,65.63,64.05,64.05,64.05
2024-01-19 02:00:00,62.76,62.76,62.76,62.76,62.76,62.76
2024-01-19 03:00:00,63.32,63.32,63.32,63.32,63.32,63.32
2024-01-19 04:00:00,65.85,65.85,67.47,65.85,65.85,65.85
2024-01-19 05:00:00,75.74,75.74,77.94,74.04,75.74,75.74
2024-01-19 06:00:00,85.73,89.38,87.17,83.25,89.38,89.38
2024-01-19 07:00:00,104.06,104.27,104.27,101.04,104.27,104.27
2024-01-19 08:00:00,102.85,103.30,103.06,99.87,103.30,103.30
2024-01-19 09:00:00,95.15,95.85,95.15,92.39,95.85,95.85
2024-01-19 10:00:00,86.36,86.56,86.36,83.85,86.56,86.56
2024-01-19 11:00:00,76.83,78.72,76.83,74.60,78.72,78.72
2024-01-19 12:00:00,73.35,75.15,73.35,74.20,75.15,75.15
2024-01-19 13:00:00,75.21,76.91,75.21,75.30,76.91,76.91
2024-01-19 14:00:00,77.45,86.95,77.45,75.21,86.95,86.95
2024-01-19 15:00:00,84.69,104.60,84.69,82.23,104.60,104.60
2024-01-19 16:00:00,93.60,114.77,93.60,90.89,114.77,114.77
2024-01-19 17:00:00,88.05,108.49,91.70,88.86,108.49,108.49
2024-01-19 18:00:00,77.37,85.10,82.23,79.68,85.10,85.10
2024-01-19 19:00:00,74.00,75.82,74.00,75.82,75.82,75.82
2024-01-19 20:00:00,71.12,73.01,71.12,73.01,73.01,73.01
2024-01-19 21:00:00,68.64,70.69,68.64,70.69,70.69,70.69
2024-01-19 22:00:00,64.75,66.69,64.75,66.69,66.69,66.69
2024-01-19 23:00:00,66.00,67.62,66.00,67.62,67.62,67.62
2024-01-20 00:00:00,63.45,65.01,63.45,65.35,65.01,65.01
2024-01-20 01:00:00,63.54,65.10,63.54,65.42,65.10,65.10
2024-01-20 02:00:00,61.82,63.34,61.82,63.68,63.34,63.34
2024-01-20 03:00:00,61.85,63.37,61.85,63.70,63.37,63.37
2024-01-20 04:00:00,61.75,61.75,61.75,63.59,63.26,63.26
2024-01-20 05:00:00,62.59,64.45,62.59,64.45,64.45,64.45
2024-01-20 06:00:00,66.90,68.55,66.90,68.55,68.55,68.55
2024-01-20 07:00:00,74.82,74.82,74.82,74.82,74.82,74.82
2024-01-20 08:00:00,77.90,78.85,77.90,78.85,78.85,78.85
2024-01-20 09:00:00,71.80,73.57,71.80,73.57,73.57,73.57
2024-01-20 10:00:00,70.77,72.51,70.77,72.51,72.51,72.51
2024-01-20 11:00:00,67.73,69.75,67.73,69.75,69.75,69.75
2024-01-20 12:00:00,68.78,70.79,68.78,70.79,70.79,70.79
2024-01-20 13:00:00,73.39,73.39,73.39,73.39,73.39,73.39
2024-01-20 14:00:00,79.11,79.11,79.11,76.82,79.11,79.11
2024-01-20 15:00:00,87.80,90.05,87.80,85.26,90.05,90.05
2024-01-20 16:00:00,94.93,97.27,94.93,92.18,97.27,97.27
2024-01-20 17:00:00,99.87,101.11,99.87,96.97,101.11,101.11
2024-01-20 18:00:00,91.57,91.57,91.57,88.91,91.57,91.57
2024-01-20 19:00:00,80.00,80.00,81.97,79.24,80.00,80.00
2024-01-20 20:00:00,73.39,73.39,75.74,73.39,73.39,73.39
2024-01-20 21:00:00,70.42,70.42,74.68,70.42,70.42,70.42
2024-01-20 22:00:00,66.99,66.99,69.13,66.99,66.99,66.99
2024-01-20 23:00:00,59.70,59.70,66.83,61.48,59.70,59.70
2024-01-21 00:00:00,57.55,57.55,57.55,59.04,56.17,56.17
2024-01-21 01:00:00,55.15,55.15,55.15,56.46,38.57,38.57
2024-01-21 02:00:00,50.89,50.89,50.89,52.98,34.40,34.40
2024-01-21 03:00:00,48.51,48.51,48.51,50.06,34.28,34.28
2024-01-21 04:00:00,47.45,47.45,47.45,48.97,34.61,34.61
2024-01-21 05:00:00,45.53,45.53,45.53,46.99,34.30,34.30
2024-01-21 06:00:00,43.96,43.96,43.96,45.37,34.98,34.98
2024-01-21 07:00:00,51.36,51.36,51.36,53.00,34.83,34.83
2024-01-21 08:00:00,54.36,54.36,54.36,56.09,35.58,35.58
2024-01-21 09:00:00,46.06,46.06,46.06,57.20,36.88,36.88
2024-01-21 10:00:00,48.67,48.67,48.67,58.10,37.80,37.80
2024-01-21 11:00:00,38.48,38.48,38.48,58.31,37.31,37.31
2024-01-21 12:00:00,37.69,37.69,37.69,58.05,36.78,36.78
2024-01-21 13:00:00,44.30,44.30,44.30,58.02,37.04,37.04
2024-01-21 14:00:00,49.04,49.04,49.04,58.77,37.53,37.53
2024-01-21 15:00:00,49.83,49.83,49.83,59.96,48.63,48.63
2024-01-21 16:00:00,56.65,56.65,56.65,60.38,55.29,55.29
2024-01-21 17:00:00,61.45,61.45,61.45,61.49,59.97,59.97
2024-01-21 18:00:00,58.64,58.64,58.64,60.39,56.95,56.95
2024-01-21 19:00:00,51.50,51.50,51.50,57.98,35.06,35.06
2024-01-21 20:00:00,52.46,52.46,52.46,56.70,34.55,34.55
2024-01-21 21:00:00,50.39,50.39,50.39,56.06,34.83,34.83
2024-01-21 22:00:00,39.46,29.03,39.46,55.03,29.03,29.03
2024-01-21 23:00:00,36.66,27.30,36.66,50.35,27.30,27.30
2024-01-22 00:00:00,22.24,22.24,22.24,49.95,22.24,22.24
2024-01-22 01:00:00,18.62,18.62,18.62,46.02,18.62,18.62
2024-01-22 02:00:00,5.04,5.04,5.04,28.85,5.04,5.04
2024-01-22 03:00:00,5.06,5.06,5.06,18.60,5.06,5.06
2024-01-22 04:00:00,20.00,20.00,20.00,20.63,20.00,20.00
2024-01-22 05:00:00,40.50,40.50,40.50,48.88,26.05,26.05
2024-01-22 06:00:00,60.47,60.47,60.47,59.84,33.20,33.20
2024-01-22 07:00:00,66.48,66.48,66.48,62.97,33.08,33.08
2024-01-22 08:00:00,57.58,57.58,57.58,61.14,32.87,32.87
2024-01-22 09:00:00,61.55,61.55,61.55,62.92,31.69,31.69
2024-01-22 10:00:00,60.60,60.60,60.60,61.45,30.87,30.87
2024-01-22 11:00:00,56.92,56.92,56.92,59.82,30.60,30.60
2024-01-22 12:00:00,56.72,56.72,56.72,58.54,29.29,29.29
2024-01-22 13:00:00,58.23,58.23,58.23,60.09,28.58,28.58
2024-01-22 14:00:00,59.73,59.73,59.73,61.39,30.32,30.32
2024-01-22 15:00:00,59.99,59.99,59.99,61.78,31.62,31.62
2024-01-22 16:00:00,61.85,61.85,70.94,63.69,32.85,32.85
2024-01-22 17:00:00,61.03,61.03,77.35,62.85,32.44,32.44
2024-01-22 18:00:00,60.03,60.03,71.99,61.83,31.75,31.75
2024-01-22 19:00:00,59.60,59.60,66.65,61.38,31.41,31.41
2024-01-22 20:00:00,57.00,57.00,57.00,60.22,28.84,28.84
2024-01-22 21:00:00,55.89,26.07,55.89,57.56,26.07,26.07
2024-01-22 22:00:00,49.88,23.03,49.88,52.01,23.03,23.03
2024-01-22 23:00:00,16.23,15.84,16.23,17.40,15.84,15.84
2024-01-23 00:00:00,10.10,10.10,10.10,11.35,9.86,9.86
2024-01-23 01:00:00,9.37,9.37,9.37,10.33,9.14,9.14
2024-01-23 02:00:00,4.17,4.17,4.17,5.17,4.17,4.17
2024-01-23 03:00:00,10.22,10.22,10.22,25.00,10.22,10.22
2024-01-23 04:00:00,39.23,21.63,39.23,52.23,21.63,21.63
2024-01-23 05:00:00,58.99,25.73,59.76,58.99,25.73,25.73
2024-01-23 06:00:00,60.93,60.93,76.42,61.07,29.39,29.39
2024-01-23 07:00:00,61.90,61.90,69.82,63.75,33.62,33.62
2024-01-23 08:00:00,61.11,61.11,69.93,62.93,30.82,30.82
2024-01-23 09:00:00,59.97,59.97,59.97,61.76,29.92,29.92
2024-01-23 10:00:00,59.44,59.44,59.80,61.22,27.67,27.67
2024-01-23 11:00:00,59.14,41.58,59.14,60.91,26.58,26.58
2024-01-23 12:00:00,59.43,26.76,59.43,61.33,26.76,26.76
2024-01-23 13:00:00,61.90,42.91,62.70,63.62,26.73,26.73
2024-01-23 14:00:00,62.76,62.76,74.63,64.64,29.00,29.00
2024-01-23 15:00:00,66.29,66.29,78.95,66.29,64.95,64.95
2024-01-23 16:00:00,68.46,68.46,81.59,68.46,68.46,68.46
2024-01-23 17:00:00,66.78,66.78,84.51,66.78,66.78,66.78
2024-01-23 18:00:00,63.34,63.34,74.55,63.34,63.34,63.34
2024-01-23 19:00:00,60.46,60.46,61.95,60.46,60.46,60.46
2024-01-23 20:00:00,53.74,52.45,53.74,58.04,52.45,52.45
2024-01-23 21:00:00,45.36,40.82,45.36,52.92,40.82,40.82
2024-01-23 22:00:00,33.26,33.26,33.26,43.99,33.26,33.26
2024-01-23 23:00:00,3.05,28.61,3.05,38.23,28.61,28.61
2024-01-24 00:00:00,-0.03,25.17,-0.03,25.17,25.17,25.17
2024-01-24 01:00:00,0.00,20.64,-0.64,20.64,20.64,20.64
2024-01-24 02:00:00,-0.01,18.82,-4.41,18.82,18.82,18.82
2024-01-24 03:00:00,-0.02,17.85,-4.84,17.85,17.85,17.85
2024-01-24 04:00:00,-0.18,19.55,-0.18,19.55,19.55,19.55
2024-01-24 05:00:00,14.76,25.50,14.76,25.50,25.50,25.50
2024-01-24 06:00:00,42.09,38.73,42.09,49.44,38.73,38.73
2024-01-24 07:00:00,50.07,50.07,51.58,53.23,50.07,50.07
2024-01-24 08:00:00,49.54,49.54,50.76,53.88,49.54,49.54
2024-01-24 09:00:00,50.10,50.10,50.10,53.68,50.10,50.10
2024-01-24 10:00:00,50.78,50.76,50.78,53.19,50.76,50.76
2024-01-24 11:00:00,39.32,39.34,39.32,52.59,39.34,39.34
2024-01-24 12:00:00,36.44,37.34,36.44,52.38,37.34,37.34
2024-01-24 13:00:00,45.04,45.04,45.04,50.51,45.04,45.04
2024-01-24 14:00:00,49.95,49.95,49.95,51.54,49.95,49.95
2024-01-24 15:00:00,50.80,50.80,50.80,52.96,50.80,50.80
2024-01-24 16:00:00,54.21,54.21,54.21,55.41,54.21,54.21
2024-01-24 17:00:00,53.32,53.32,53.32,54.92,53.32,53.32
2024-01-24 18:00:00,50.09,50.09,50.09,51.81,50.09,50.09
2024-01-24 19:00:00,42.18,42.18,42.18,50.04,42.18,42.18
2024-01-24 20:00:00,40.04,40.04,40.04,50.12,40.04,40.04
2024-01-24 21:00:00,42.01,42.01,42.01,49.90,42.01,42.01
2024-01-24 22:00:00,38.53,38.53,38.53,47.52,38.53,38.53
2024-01-24 23:00:00,44.34,43.84,44.34,48.68,43.84,43.84
2024-01-25 00:00:00,45.06,43.97,45.06,46.66,43.97,43.97
2024-01-25 01:00:00,43.34,42.76,43.34,44.94,42.76,42.76
2024-01-25 02:00:00,44.92,43.85,44.92,48.66,43.85,43.85
2024-01-25 03:00:00,46.22,45.11,46.22,50.74,45.11,45.11
2024-01-25 04:00:00,52.38,51.01,52.38,53.13,51.01,51.01
2024-01-25 05:00:00,58.03,59.39,69.10,59.39,59.39,59.39
2024-01-25 06:00:00,66.05,66.05,77.65,66.05,66.05,66.05
2024-01-25 07:00:00,89.02,89.02,91.87,89.02,89.02,89.02
2024-01-25 08:00:00,85.25,85.25,87.97,85.25,85.25,85.25
2024-01-25 09:00:00,81.35,81.35,83.95,81.35,81.35,81.35
2024-01-25 10:00:00,76.22,76.22,78.66,76.22,76.22,76.22
2024-01-25 11:00:00,73.15,73.15,74.95,72.63,73.15,73.15
2024-01-25 12:00:00,75.99,75.99,77.86,75.44,75.99,75.99
2024-01-25 13:00:00,84.98,84.98,87.07,79.56,84.98,84.98
2024-01-25 14:00:00,92.07,92.07,93.91,89.10,92.07,92.07
2024-01-25 15:00:00,101.38,101.38,102.46,81.53,101.38,101.38
2024-01-25 16:00:00,123.38,123.38,123.38,119.56,122.35,122.35
2024-01-25 17:00:00,115.54,115.54,115.54,111.96,114.30,114.30
2024-01-25 18:00:00,98.79,98.79,98.79,95.73,98.79,98.79
2024-01-25 19:00:00,91.07,91.07,91.07,88.24,91.07,91.07
2024-01-25 20:00:00,86.31,86.31,86.31,83.64,86.31,86.31
2024-01-25 21:00:00,80.43,80.43,80.43,77.93,80.02,80.02
2024-01-25 22:00:00,75.16,75.16,75.16,72.83,72.83,75.16
2024-01-25 23:00:00,62.80,62.80,62.80,62.80,62.80,62.80
2024-01-26 00:00:00,61.96,62.00,62.00,60.82,60.82,62.00
2024-01-26 01:00:00,58.49,58.49,58.49,58.49,58.49,58.49
2024-01-26 02:00:00,54.79,56.35,57.73,55.94,55.94,56.35
2024-01-26 03:00:00,47.62,55.70,57.07,54.75,54.75,55.70
2024-01-26 04:00:00,50.65,52.16,52.16,52.16,52.16,52.16
2024-01-26 05:00:00,56.27,57.95,59.37,57.95,57.95,57.95
2024-01-26 06:00:00,62.97,62.97,71.12,62.97,62.97,62.97
2024-01-26 07:00:00,64.94,64.94,76.59,64.94,64.94,64.94
2024-01-26 08:00:00,63.80,63.80,70.58,63.80,63.80,63.80
2024-01-26 09:00:00,61.22,61.22,61.61,61.22,61.22,61.22
2024-01-26 10:00:00,58.74,58.74,59.14,58.74,58.74,58.74
2024-01-26 11:00:00,52.28,52.28,52.28,54.47,52.28,52.28
2024-01-26 12:00:00,46.47,46.47,46.47,52.18,46.47,46.47
2024-01-26 13:00:00,49.28,49.28,49.28,52.18,49.28,49.28
2024-01-26 14:00:00,50.11,48.91,50.11,52.78,48.91,48.91
2024-01-26 15:00:00,52.74,51.48,52.74,54.86,51.48,51.48
2024-01-26 16:00:00,57.37,57.37,60.70,57.37,57.37,57.37
2024-01-26 17:00:00,55.28,54.19,58.75,56.93,54.19,54.19
2024-01-26 18:00:00,54.53,33.51,64.96,56.16,33.51,33.51
2024-01-26 19:00:00,54.32,27.58,58.78,55.94,27.58,27.58
2024-01-26 20:00:00,54.35,25.76,62.02,55.97,25.76,25.76
2024-01-26 21:00:00,54.39,24.39,59.58,56.02,24.39,24.39
2024-01-26 22:00:00,53.71,21.98,57.08,55.31,21.98,21.98
2024-01-26 23:00:00,54.44,19.32,55.50,56.07,19.32,19.32
2024-01-27 00:00:00,55.03,18.26,55.03,56.57,18.26,18.26
2024-01-27 01:00:00,56.21,17.63,56.21,56.47,17.63,17.63
2024-01-27 02:00:00,55.05,18.02,55.05,56.05,18.02,18.02
2024-01-27 03:00:00,55.74,18.49,55.74,55.74,18.49,18.49
2024-01-27 04:00:00,56.83,18.84,56.83,56.83,18.84,18.84
2024-01-27 05:00:00,57.24,19.41,59.07,57.24,19.41,19.41
2024-01-27 06:00:00,57.86,20.71,65.91,57.86,20.71,20.71
2024-01-27 07:00:00,58.13,28.85,75.29,58.13,21.00,21.00
2024-01-27 08:00:00,58.50,31.90,72.56,58.50,21.03,21.03
2024-01-27 09:00:00,58.20,45.82,60.06,58.20,21.13,21.13
2024-01-27 10:00:00,56.61,56.61,56.61,56.61,21.02,21.02
2024-01-27 11:00:00,55.84,55.84,55.84,55.84,20.53,20.53
2024-01-27 12:00:00,53.88,32.49,53.88,55.48,20.08,20.08
2024-01-27 13:00:00,59.14,39.78,59.72,57.54,20.03,20.03
2024-01-27 14:00:00,57.95,57.95,72.44,57.95,20.17,20.17
2024-01-27 15:00:00,58.93,58.93,83.62,58.93,20.33,20.33
2024-01-27 16:00:00,61.75,61.75,93.37,59.96,20.67,59.90
2024-01-27 17:00:00,61.31,61.31,95.95,59.54,20.41,35.68
2024-01-27 18:00:00,59.43,59.43,92.53,59.07,18.62,18.62
2024-01-27 19:00:00,58.21,58.21,84.42,58.21,15.13,15.13
2024-01-27 20:00:00,57.85,57.85,76.07,57.85,10.14,10.14
2024-01-27 21:00:00,57.73,57.73,75.97,57.73,3.48,3.48
2024-01-27 22:00:00,57.61,57.61,72.70,57.61,2.76,2.76
2024-01-27 23:00:00,66.77,66.77,66.77,57.52,0.01,0.01
2024-01-28 00:00:00,58.80,58.80,60.92,57.09,2.62,2.62
2024-01-28 01:00:00,58.26,58.26,59.65,56.57,3.48,3.48
2024-01-28 02:00:00,57.72,57.72,59.94,56.05,11.48,11.48
2024-01-28 03:00:00,57.87,57.87,61.40,56.20,15.05,15.05
2024-01-28 04:00:00,57.63,57.63,64.11,55.96,16.34,16.34
2024-01-28 05:00:00,57.72,57.72,60.53,56.05,18.22,18.22
2024-01-28 06:00:00,58.98,58.98,59.64,56.79,18.76,18.76
2024-01-28 07:00:00,59.20,59.20,59.63,56.26,18.55,58.20
2024-01-28 08:00:00,55.08,55.08,55.08,54.90,18.66,53.76
2024-01-28 09:00:00,51.16,51.16,51.16,51.45,18.64,49.93
2024-01-28 10:00:00,45.75,45.75,45.75,48.56,18.73,44.65
2024-01-28 11:00:00,41.58,41.58,41.58,42.91,18.49,40.58
2024-01-28 12:00:00,40.09,40.09,40.09,45.26,18.05,39.13
2024-01-28 13:00:00,50.65,50.65,50.65,51.93,16.91,49.43
2024-01-28 14:00:00,56.41,56.41,56.41,55.13,17.91,55.06
2024-01-28 15:00:00,57.93,57.93,68.87,57.93,18.42,57.93
2024-01-28 16:00:00,57.86,57.86,77.84,57.86,18.26,57.86
2024-01-28 17:00:00,57.33,57.33,71.93,57.33,18.16,57.33
2024-01-28 18:00:00,56.61,56.61,69.88,56.61,13.42,13.42
2024-01-28 19:00:00,54.34,29.21,68.25,55.96,1.97,1.97
2024-01-28 20:00:00,53.79,16.37,57.17,55.39,0.01,0.01
2024-01-28 21:00:00,53.71,10.00,59.43,55.31,-0.01,-0.01
2024-01-28 22:00:00,52.69,6.92,56.00,54.26,-0.31,-0.31
2024-01-28 23:00:00,48.74,15.00,49.97,50.09,-0.42,-0.42
2024-01-29 00:00:00,47.26,9.99,47.26,48.77,-1.72,-1.72
2024-01-29 01:00:00,48.12,9.99,48.12,49.55,-1.78,-1.78
2024-01-29 02:00:00,47.97,15.00,47.97,49.56,-1.77,-1.77
2024-01-29 03:00:00,51.58,15.00,51.58,52.65,-1.41,-1.41
2024-01-29 04:00:00,55.42,15.01,60.06,55.42,-0.11,-0.11
2024-01-29 05:00:00,53.72,24.19,80.00,56.66,5.91,5.91
2024-01-29 06:00:00,62.02,62.02,93.57,59.09,19.17,19.17
2024-01-29 07:00:00,83.23,83.23,99.17,61.78,20.56,20.56
2024-01-29 08:00:00,88.39,88.39,88.39,61.68,24.71,59.93
2024-01-29 09:00:00,78.90,78.90,78.90,61.80,40.58,77.01
2024-01-29 10:00:00,71.27,71.27,71.27,61.89,47.92,69.56
2024-01-29 11:00:00,70.24,70.24,70.24,62.61,62.61,68.55
2024-01-29 12:00:00,74.99,74.99,74.99,62.92,62.92,73.19
2024-01-29 13:00:00,82.55,82.55,82.55,63.90,63.90,80.57
2024-01-29 14:00:00,97.60,97.60,97.60,88.97,88.97,95.26
2024-01-29 15:00:00,108.43,108.43,108.43,105.07,105.07,108.43
2024-01-29 16:00:00,127.42,127.42,127.42,123.47,123.47,127.33
2024-01-29 17:00:00,117.30,117.30,117.30,113.66,113.66,116.10
2024-01-29 18:00:00,107.52,107.52,107.52,104.19,104.19,107.52
2024-01-29 19:00:00,91.98,91.98,91.98,89.13,89.13,91.98
2024-01-29 20:00:00,86.79,86.79,86.79,81.83,81.83,86.51
2024-01-29 21:00:00,83.42,83.42,83.42,64.40,64.40,83.37
2024-01-29 22:00:00,80.29,80.29,80.29,62.19,62.19,78.36
2024-01-29 23:00:00,71.94,71.94,71.94,60.12,60.12,70.21
2024-01-30 00:00:00,68.79,68.79,68.79,59.60,49.96,67.14
2024-01-30 01:00:00,69.37,69.37,69.37,59.29,47.95,67.71
2024-01-30 02:00:00,67.44,67.44,67.44,59.16,47.91,65.82
2024-01-30 03:00:00,67.18,67.18,67.18,59.27,47.95,65.57
2024-01-30 04:00:00,69.37,69.37,69.37,59.95,59.95,67.71
2024-01-30 05:00:00,68.67,76.55,78.43,61.95,61.95,76.55
2024-01-30 06:00:00,75.29,90.60,90.60,70.69,70.69,90.60
2024-01-30 07:00:00,83.51,95.93,95.93,83.51,83.51,95.93
2024-01-30 08:00:00,84.67,84.93,84.93,82.22,82.22,84.93
2024-01-30 09:00:00,77.15,77.15,77.15,74.68,74.68,77.15
2024-01-30 10:00:00,65.36,68.42,70.10,64.83,64.83,68.42
2024-01-30 11:00:00,63.81,66.47,68.10,63.81,63.81,66.47
2024-01-30 12:00:00,63.69,66.59,68.23,63.69,63.69,66.59
2024-01-30 13:00:00,64.02,70.21,71.93,64.02,64.02,70.21
2024-01-30 14:00:00,62.64,62.64,79.49,62.64,62.64,62.64
2024-01-30 15:00:00,63.73,63.73,82.36,63.73,63.73,63.73
2024-01-30 16:00:00,71.90,71.90,88.17,69.82,69.82,71.90
2024-01-30 17:00:00,61.42,61.42,99.23,61.42,61.42,61.42
2024-01-30 18:00:00,58.45,58.45,91.91,58.45,58.45,58.45
2024-01-30 19:00:00,56.72,56.72,86.04,56.72,56.72,56.72
2024-01-30 20:00:00,53.92,53.92,78.00,55.53,53.92,53.92
2024-01-30 21:00:00,53.56,22.56,75.01,55.16,22.56,22.56
2024-01-30 22:00:00,53.25,24.17,71.51,54.84,24.17,24.17
2024-01-30 23:00:00,51.61,18.39,71.73,53.15,18.39,18.39
2024-01-31 00:00:00,51.38,18.46,70.19,52.92,18.46,18.46
2024-01-31 01:00:00,51.26,18.50,70.89,52.79,18.50,18.50
2024-01-31 02:00:00,51.06,18.58,69.82,52.59,18.58,18.58
2024-01-31 03:00:00,51.39,18.96,69.14,52.93,18.96,18.96
2024-01-31 04:00:00,50.81,19.39,73.82,53.97,19.39,19.39
2024-01-31 05:00:00,55.01,25.54,84.85,55.01,25.54,25.54
2024-01-31 06:00:00,56.91,56.15,108.17,56.91,56.15,56.15
2024-01-31 07:00:00,57.90,57.90,119.93,57.90,57.90,57.90
2024-01-31 08:00:00,56.60,51.16,93.61,56.60,32.03,32.03
2024-01-31 09:00:00,55.66,41.88,82.98,55.66,20.41,20.41
2024-01-31 10:00:00,53.71,22.67,77.09,54.62,19.12,19.12
2024-01-31 11:00:00,53.73,20.48,74.91,54.08,18.54,18.54
2024-01-31 12:00:00,46.42,20.44,67.66,53.24,17.77,17.77
2024-01-31 13:00:00,40.05,20.08,66.69,53.15,17.00,17.00
2024-01-31 14:00:00,39.97,20.09,75.87,52.85,16.31,16.31
2024-01-31 15:00:00,39.92,26.01,81.62,53.00,16.95,16.95
2024-01-31 16:00:00,49.36,49.36,87.91,52.80,16.67,16.67
2024-01-31 17:00:00,46.99,26.60,86.78,52.57,10.38,10.38
2024-01-31 18:00:00,41.24,20.50,73.65,51.96,3.47,3.47
2024-01-31 19:00:00,36.80,20.03,66.03,51.92,0.00,0.00
2024-01-31 20:00:00,34.10,16.34,56.96,51.97,-0.07,-0.07
2024-01-31 21:00:00,33.53,3.73,54.08,49.89,-0.89,-0.89
2024-01-31 22:00:00,39.73,1.60,39.73,44.95,-2.02,-2.02
2024-01-31 23:00:00,47.06,9.04,47.06,47.50,-2.07,-2.07
2024-02-01 00:00:00,41.12,9.30,41.12,42.44,-2.22,-2.22
2024-02-01 01:00:00,42.16,10.02,42.16,43.51,-2.49,-2.49
2024-02-01 02:00:00,43.05,10.01,43.05,44.43,-2.50,-2.50
2024-02-01 03:00:00,46.91,5.19,46.91,48.22,-2.07,-2.07
2024-02-01 04:00:00,49.39,9.01,55.34,50.86,-1.84,-1.84
2024-02-01 05:00:00,50.35,19.26,69.01,51.85,-0.10,-0.10
2024-02-01 06:00:00,52.27,26.06,86.12,53.83,3.08,3.08
2024-02-01 07:00:00,52.68,26.22,92.50,54.26,3.43,3.43
2024-02-01 08:00:00,52.13,19.10,86.29,53.68,4.43,4.43
2024-02-01 09:00:00,51.49,19.04,83.67,53.03,3.43,3.43
2024-02-01 10:00:00,50.83,19.04,77.22,52.34,2.76,2.76
2024-02-01 11:00:00,50.86,16.66,67.60,52.38,3.43,3.43
2024-02-01 12:00:00,50.42,16.64,57.26,51.93,2.93,2.93
2024-02-01 13:00:00,50.40,11.76,68.74,51.90,3.44,3.44
2024-02-01 14:00:00,49.59,16.63,75.07,52.28,4.82,4.82
2024-02-01 15:00:00,51.45,19.06,77.05,53.42,12.04,12.04
2024-02-01 16:00:00,54.93,54.93,91.61,54.93,35.15,35.15
2024-02-01 17:00:00,55.07,55.07,94.67,55.07,40.53,40.53
2024-02-01 18:00:00,55.06,26.26,97.89,55.06,14.62,14.62
2024-02-01 19:00:00,55.03,26.08,89.97,55.03,16.17,16.17
2024-02-01 20:00:00,54.93,24.90,83.29,54.93,15.63,15.63
2024-02-01 21:00:00,54.79,16.64,81.88,54.79,11.90,11.90
2024-02-01 22:00:00,54.32,16.65,73.38,54.32,7.24,7.24
2024-02-01 23:00:00,55.74,28.04,64.27,55.74,7.87,7.87
2024-02-02 00:00:00,54.96,27.08,59.94,54.96,8.96,8.96
2024-02-02 01:00:00,53.98,28.01,58.00,53.98,9.15,9.15
2024-02-02 02:00:00,52.94,27.05,54.69,52.94,10.41,10.41
2024-02-02 03:00:00,51.58,21.08,53.23,51.58,11.73,11.73
2024-02-02 04:00:00,53.09,27.02,55.07,53.09,13.00,13.00
2024-02-02 05:00:00,54.19,34.85,66.94,54.19,20.27,20.27
2024-02-02 06:00:00,57.82,57.82,76.99,57.82,57.82,57.82
2024-02-02 07:00:00,59.84,59.84,89.32,59.84,59.84,59.84
2024-02-02 08:00:00,58.10,58.10,85.90,58.10,58.10,58.10
2024-02-02 09:00:00,56.74,56.74,80.77,56.74,56.74,56.74
2024-02-02 10:00:00,54.01,54.01,75.15,55.63,42.93,42.93
2024-02-02 11:00:00,53.52,46.98,64.80,55.12,24.53,24.53
2024-02-02 12:00:00,53.18,52.34,56.52,54.77,23.32,23.32
2024-02-02 13:00:00,51.59,45.00,54.83,53.13,22.90,22.90
2024-02-02 14:00:00,51.42,31.83,53.09,52.95,22.99,22.99
2024-02-02 15:00:00,51.69,28.04,52.73,53.24,21.03,21.03
2024-02-02 16:00:00,52.97,52.97,58.50,54.55,20.75,20.75
2024-02-02 17:00:00,53.21,53.21,68.97,54.80,18.77,18.77
2024-02-02 18:00:00,51.74,28.08,63.34,53.29,14.54,14.54
2024-02-02 19:00:00,51.17,27.08,55.06,52.70,11.08,11.08
2024-02-02 20:00:00,49.68,25.22,49.68,50.70,7.43,7.43
2024-02-02 21:00:00,46.03,21.97,46.03,47.87,0.80,0.80
2024-02-02 22:00:00,36.05,21.06,36.05,37.85,-0.01,-0.01
2024-02-02 23:00:00,24.74,5.09,24.74,43.19,-1.00,-1.00
2024-02-03 00:00:00,12.85,5.04,12.85,44.36,-1.49,-1.49
2024-02-03 01:00:00,6.73,1.79,6.73,38.37,-1.80,-1.80
2024-02-03 02:00:00,10.51,1.57,10.51,17.29,-2.05,-2.05
2024-02-03 03:00:00,8.53,1.56,8.53,8.80,-2.03,-2.03
2024-02-03 04:00:00,8.80,1.59,8.80,9.08,-1.83,-1.83
2024-02-03 05:00:00,16.48,5.07,16.48,17.00,-0.41,-0.41
2024-02-03 06:00:00,34.17,26.01,34.17,35.26,-0.06,-0.06
2024-02-03 07:00:00,45.99,40.75,45.99,47.46,0.01,0.01
2024-02-03 08:00:00,45.97,45.97,45.97,48.45,2.11,2.11
2024-02-03 09:00:00,35.62,35.62,35.62,49.44,2.15,2.15
2024-02-03 10:00:00,30.42,30.42,30.42,49.09,0.03,0.03
2024-02-03 11:00:00,30.58,30.58,30.58,48.82,0.00,0.00
2024-02-03 12:00:00,30.62,30.62,30.62,46.92,-0.01,-0.01
2024-02-03 13:00:00,40.74,19.01,40.74,43.94,-0.01,-0.01
2024-02-03 14:00:00,43.70,16.64,43.70,49.62,0.49,0.49
2024-02-03 15:00:00,49.36,16.70,49.36,52.34,3.41,3.41
2024-02-03 16:00:00,57.83,57.83,57.83,55.15,10.30,10.30
2024-02-03 17:00:00,57.30,57.30,68.57,57.30,10.39,10.39
2024-02-03 18:00:00,56.19,56.19,65.98,56.19,3.50,3.50
2024-02-03 19:00:00,53.74,53.74,54.37,54.08,0.08,0.08
2024-02-03 20:00:00,51.21,51.21,51.21,52.85,1.44,1.44
2024-02-03 21:00:00,50.81,26.10,50.81,50.81,0.01,0.01
2024-02-03 22:00:00,38.71,19.04,38.71,42.37,-0.01,-0.01
2024-02-03 23:00:00,35.30,1.50,35.30,41.14,-0.10,-0.10
2024-02-04 00:00:00,10.04,0.01,10.04,31.19,-0.05,-0.05
2024-02-04 01:00:00,3.23,0.01,3.23,6.68,-0.06,-0.06
2024-02-04 02:00:00,0.68,0.00,0.68,0.70,-0.04,-0.04
2024-02-04 03:00:00,0.00,0.00,0.00,0.00,-0.01,-0.01
2024-02-04 04:00:00,0.00,0.00,0.00,0.00,-0.10,-0.10
2024-02-04 05:00:00,0.00,0.00,0.00,0.00,0.00,0.00
2024-02-04 06:00:00,1.05,1.05,1.05,1.08,1.05,1.05
2024-02-04 07:00:00,8.87,8.87,8.87,11.50,8.87,8.87
2024-02-04 08:00:00,9.83,9.83,9.83,23.97,9.83,9.83
2024-02-04 09:00:00,10.87,10.87,10.87,33.95,10.87,10.87
2024-02-04 10:00:00,12.81,12.81,12.81,37.56,12.81,12.81
2024-02-04 11:00:00,13.82,13.82,13.82,38.48,13.82,13.82
2024-02-04 12:00:00,5.07,9.62,4.62,43.34,9.62,9.62
2024-02-04 13:00:00,9.83,12.99,9.72,43.37,12.99,12.99
2024-02-04 14:00:00,15.72,15.72,15.72,45.22,15.72,15.72
2024-02-04 15:00:00,18.43,22.10,18.43,48.58,22.10,22.10
2024-02-04 16:00:00,38.91,35.25,38.91,51.18,35.25,35.25
2024-02-04 17:00:00,46.01,41.90,46.01,51.88,36.88,36.88
2024-02-04 18:00:00,36.17,35.30,36.17,51.49,35.30,35.30
2024-02-04 19:00:00,29.05,29.05,29.05,51.28,29.05,29.05
2024-02-04 20:00:00,24.52,24.52,24.52,50.84,24.52,24.52
2024-02-04 21:00:00,24.44,24.44,24.44,47.26,24.44,24.44
2024-02-04 22:00:00,16.99,21.24,0.57,39.43,21.24,21.24
2024-02-04 23:00:00,1.63,11.78,0.00,11.78,11.78,11.78
2024-02-05 00:00:00,0.10,10.65,-0.03,10.65,10.65,10.65
2024-02-05 01:00:00,0.10,9.67,-0.07,9.67,9.67,9.67
2024-02-05 02:00:00,0.22,4.99,-0.13,4.99,4.99,4.99
2024-02-05 03:00:00,0.08,7.01,-0.05,7.01,7.01,7.01
2024-02-05 04:00:00,1.65,15.03,0.42,17.01,15.03,15.03
2024-02-05 05:00:00,38.97,34.20,38.97,47.40,34.20,34.20
2024-02-05 06:00:00,58.91,55.44,58.91,55.44,55.44,55.44
2024-02-05 07:00:00,62.32,62.32,62.32,60.82,60.82,60.82
2024-02-05 08:00:00,56.86,56.86,56.86,56.86,56.86,56.86
2024-02-05 09:00:00,53.82,52.93,52.93,53.82,52.93,52.93
2024-02-05 10:00:00,46.27,43.79,40.15,50.96,43.79,43.79
2024-02-05 11:00:00,48.02,48.02,7.05,50.85,48.02,48.02
2024-02-05 12:00:00,48.54,48.54,1.09,51.88,48.54,48.54
2024-02-05 13:00:00,53.98,53.98,5.01,53.98,53.98,53.98
2024-02-05 14:00:00,55.79,55.79,53.10,55.79,55.79,55.79
2024-02-05 15:00:00,60.72,60.72,60.72,60.72,60.72,60.72
2024-02-05 16:00:00,68.47,68.47,68.47,68.47,68.47,68.47
2024-02-05 17:00:00,68.78,68.78,68.78,68.78,68.78,68.78
2024-02-05 18:00:00,61.84,61.84,61.84,61.84,61.84,61.84
2024-02-05 19:00:00,60.48,60.48,60.48,60.48,60.48,60.48
2024-02-05 20:00:00,59.65,59.65,59.65,59.65,59.65,59.65
2024-02-05 21:00:00,56.30,56.30,56.30,56.30,56.30,56.30
2024-02-05 22:00:00,47.41,52.29,47.41,52.29,52.29,52.29
2024-02-05 23:00:00,35.46,35.46,35.04,52.74,53.80,53.80
2024-02-06 00:00:00,28.20,53.17,27.65,51.05,53.17,53.17
2024-02-06 01:00:00,10.00,53.20,7.08,48.44,53.20,53.20
2024-02-06 02:00:00,4.98,53.21,3.07,35.05,53.21,53.21
2024-02-06 03:00:00,3.11,49.23,1.94,46.42,54.56,54.56
2024-02-06 04:00:00,20.09,23.06,19.38,49.90,57.22,57.22
2024-02-06 05:00:00,50.00,61.14,50.00,53.83,61.14,61.14
2024-02-06 06:00:00,68.16,69.07,68.16,58.53,69.07,69.07
2024-02-06 07:00:00,62.00,74.40,62.00,62.68,74.40,74.40
2024-02-06 08:00:00,61.35,68.29,61.35,63.31,68.29,68.29
2024-02-06 09:00:00,58.68,63.90,56.56,60.43,63.90,63.90
2024-02-06 10:00:00,58.36,62.20,51.70,60.10,62.20,62.20
2024-02-06 11:00:00,59.09,61.60,43.47,60.85,61.60,61.60
2024-02-06 12:00:00,58.24,61.35,42.54,59.98,61.35,61.35
2024-02-06 13:00:00,60.02,61.82,40.11,61.82,61.82,61.82
2024-02-06 14:00:00,60.06,61.85,49.91,61.85,61.85,61.85
2024-02-06 15:00:00,60.82,62.63,56.52,62.63,62.63,62.63
2024-02-06 16:00:00,62.97,64.85,62.97,64.85,64.85,64.85
2024-02-06 17:00:00,61.96,63.81,61.96,63.81,63.81,63.81
2024-02-06 18:00:00,61.16,62.16,61.16,62.16,62.16,62.16
2024-02-06 19:00:00,59.14,60.42,59.14,60.42,60.42,60.42
2024-02-06 20:00:00,56.44,58.85,56.44,58.85,58.85,58.85
2024-02-06 21:00:00,56.52,58.04,56.52,58.04,58.04,58.04
2024-02-06 22:00:00,53.30,55.06,52.36,55.06,55.06,55.06
2024-02-06 23:00:00,41.17,53.23,41.17,53.23,53.23,53.23
2024-02-07 00:00:00,37.17,52.37,35.52,52.99,52.37,52.37
2024-02-07 01:00:00,43.26,43.26,34.15,53.26,50.65,50.65
2024-02-07 02:00:00,46.59,46.59,46.59,53.89,50.65,50.65
2024-02-07 03:00:00,54.47,54.47,54.47,56.03,56.03,56.03
2024-02-07 04:00:00,59.63,60.12,59.63,60.12,60.12,60.12
2024-02-07 05:00:00,74.83,74.35,74.83,72.51,74.35,74.35
2024-02-07 06:00:00,86.67,86.67,86.67,86.67,86.67,86.67
2024-02-07 07:00:00,87.00,87.00,87.00,87.00,87.00,87.00
2024-02-07 08:00:00,85.53,85.53,85.53,85.53,85.53,85.53
2024-02-07 09:00:00,81.17,81.17,81.17,81.17,81.17,81.17
2024-02-07 10:00:00,78.01,78.01,78.01,76.14,78.01,78.01
2024-02-07 11:00:00,75.82,75.82,75.98,73.62,75.82,75.82
2024-02-07 12:00:00,78.29,78.29,79.24,76.02,78.29,78.29
2024-02-07 13:00:00,77.32,77.32,77.99,75.07,77.32,77.32
2024-02-07 14:00:00,86.74,86.74,88.21,84.42,86.74,86.74
2024-02-07 15:00:00,97.30,97.30,97.30,94.28,97.30,97.30
2024-02-07 16:00:00,120.05,120.05,120.05,116.57,120.05,120.05
2024-02-07 17:00:00,136.22,136.22,136.22,132.00,136.22,136.22
2024-02-07 18:00:00,109.70,109.70,109.70,106.79,109.70,109.70
2024-02-07 19:00:00,99.91,99.91,99.91,97.36,99.91,99.91
2024-02-07 20:00:00,87.65,87.65,87.65,84.94,87.65,87.65
2024-02-07 21:00:00,83.63,83.63,83.63,81.04,83.63,83.63
2024-02-07 22:00:00,79.21,79.21,79.21,76.91,79.21,79.21
2024-02-07 23:00:00,73.70,73.70,73.70,71.41,73.70,73.70
2024-02-08 00:00:00,73.20,73.20,73.20,71.23,73.20,73.20
2024-02-08 01:00:00,72.15,72.15,72.15,70.06,72.15,72.15
2024-02-08 02:00:00,71.18,71.18,72.94,69.12,71.18,71.18
2024-02-08 03:00:00,70.95,70.95,73.65,68.89,70.95,70.95
2024-02-08 04:00:00,75.98,75.98,77.85,74.08,75.98,75.98
2024-02-08 05:00:00,87.08,87.08,87.08,84.25,87.08,87.08
2024-02-08 06:00:00,110.00,110.00,110.00,106.59,110.00,110.00
2024-02-08 07:00:00,133.15,133.15,133.15,129.03,133.15,133.15
2024-02-08 08:00:00,113.55,113.55,113.55,110.03,113.55,113.55
2024-02-08 09:00:00,97.79,97.79,97.79,94.96,97.79,97.79
2024-02-08 10:00:00,91.87,91.87,91.87,89.21,91.87,91.87
2024-02-08 11:00:00,89.38,89.38,89.38,86.79,89.38,89.38
2024-02-08 12:00:00,90.98,90.98,90.98,88.34,90.98,90.98
2024-02-08 13:00:00,94.90,94.90,94.90,91.78,94.90,94.90
2024-02-08 14:00:00,94.38,94.38,94.38,91.45,94.38,94.38
2024-02-08 15:00:00,93.01,93.01,93.01,79.35,93.01,93.01
2024-02-08 16:00:00,103.00,105.53,103.00,79.75,105.53,105.53
2024-02-08 17:00:00,94.67,97.00,94.67,91.57,97.00,97.00
2024-02-08 18:00:00,86.06,86.06,86.06,83.56,86.06,86.06
2024-02-08 19:00:00,83.20,83.20,83.20,80.62,83.20,83.20
2024-02-08 20:00:00,80.61,80.61,80.61,78.11,80.61,80.61
2024-02-08 21:00:00,75.60,75.60,75.60,73.40,75.60,75.60
2024-02-08 22:00:00,65.98,65.98,65.98,64.06,65.98,65.98
2024-02-08 23:00:00,60.43,67.27,60.43,62.36,67.27,67.27
2024-02-09 00:00:00,58.61,65.65,58.61,60.46,65.65,65.65
2024-02-09 01:00:00,55.74,64.67,55.74,57.55,64.67,64.67
2024-02-09 02:00:00,51.61,63.57,51.61,53.26,63.57,63.57
2024-02-09 03:00:00,49.96,62.97,49.96,51.56,62.97,62.97
2024-02-09 04:00:00,51.41,60.87,52.32,52.94,66.13,66.13
2024-02-09 05:00:00,52.57,67.42,59.08,57.25,67.42,67.42
2024-02-09 06:00:00,63.02,69.60,66.79,61.80,69.60,69.60
2024-02-09 07:00:00,62.19,75.48,70.13,64.05,75.48,75.48
2024-02-09 08:00:00,63.76,73.68,68.37,65.66,73.68,73.68
2024-02-09 09:00:00,65.41,71.46,69.52,67.37,71.46,71.46
2024-02-09 10:00:00,65.35,70.75,69.94,67.30,70.75,70.75
2024-02-09 11:00:00,63.84,69.52,67.85,65.75,69.52,69.52
2024-02-09 12:00:00,62.89,69.60,67.74,65.40,69.60,69.60
2024-02-09 13:00:00,68.68,70.09,73.22,70.09,70.09,70.09
2024-02-09 14:00:00,68.09,70.12,81.56,70.12,70.12,70.12
2024-02-09 15:00:00,68.75,70.80,90.12,70.80,70.80,70.80
2024-02-09 16:00:00,74.22,76.44,95.45,76.44,76.44,76.44
2024-02-09 17:00:00,75.94,75.94,95.45,75.94,75.94,75.94
2024-02-09 18:00:00,70.94,70.94,87.05,70.94,70.94,70.94
2024-02-09 19:00:00,67.25,67.25,80.44,67.25,67.25,67.25
2024-02-09 20:00:00,66.15,66.15,75.20,66.15,66.15,66.15
2024-02-09 21:00:00,64.96,64.96,74.91,64.96,64.96,64.96
2024-02-09 22:00:00,63.28,63.28,70.94,63.28,63.28,63.28
2024-02-09 23:00:00,61.14,61.14,63.10,61.14,61.14,61.14
2024-02-10 00:00:00,62.03,62.03,64.08,62.03,62.03,62.03
2024-02-10 01:00:00,62.34,62.34,64.40,62.34,62.34,62.34
2024-02-10 02:00:00,62.33,62.33,64.39,62.33,62.33,62.33
2024-02-10 03:00:00,62.35,62.35,64.41,62.35,62.35,62.35
2024-02-10 04:00:00,63.35,63.35,65.82,63.35,63.35,63.35
2024-02-10 05:00:00,62.64,62.64,70.91,62.64,62.64,62.64
2024-02-10 06:00:00,63.26,63.26,74.86,63.26,63.26,63.26
2024-02-10 07:00:00,64.74,64.74,77.70,64.74,64.74,64.74
2024-02-10 08:00:00,65.72,65.72,80.38,65.72,65.72,65.72
2024-02-10 09:00:00,67.47,67.47,74.59,67.47,67.47,67.47
2024-02-10 10:00:00,67.27,67.27,69.43,67.27,67.27,67.27
2024-02-10 11:00:00,66.18,66.18,68.30,66.18,66.18,66.18
2024-02-10 12:00:00,65.12,65.12,66.72,65.12,65.12,65.12
2024-02-10 13:00:00,66.91,66.91,69.53,66.91,66.91,66.91
2024-02-10 14:00:00,68.01,68.01,77.17,68.01,68.01,68.01
2024-02-10 15:00:00,68.92,68.92,86.13,68.92,68.92,68.92
2024-02-10 16:00:00,88.40,88.40,88.95,86.20,86.20,86.20
2024-02-10 17:00:00,85.27,85.27,87.62,84.91,84.91,84.91
2024-02-10 18:00:00,69.06,69.06,81.01,69.06,69.06,69.06
2024-02-10 19:00:00,65.28,65.28,74.40,65.28,65.28,65.28
2024-02-10 20:00:00,64.18,64.18,67.84,64.18,64.18,64.18
2024-02-10 21:00:00,63.38,63.38,65.86,63.38,63.38,63.38
2024-02-10 22:00:00,61.93,61.93,63.46,61.93,61.93,61.93
2024-02-10 23:00:00,55.48,55.48,55.48,57.92,55.48,55.48
2024-02-11 00:00:00,53.67,53.67,53.67,56.39,53.67,53.67
2024-02-11 01:00:00,52.60,52.60,52.60,54.28,52.60,52.60
2024-02-11 02:00:00,46.83,46.83,46.83,51.78,46.83,46.83
2024-02-11 03:00:00,43.64,43.64,43.64,50.88,43.64,43.64
2024-02-11 04:00:00,46.25,46.25,46.25,51.99,46.25,46.25
2024-02-11 05:00:00,49.19,49.19,49.19,52.83,49.19,49.19
2024-02-11 06:00:00,53.16,53.16,53.16,55.97,53.16,53.16
2024-02-11 07:00:00,55.06,55.06,55.06,56.97,55.06,55.06
2024-02-11 08:00:00,57.97,57.97,57.97,58.57,57.97,57.97
2024-02-11 09:00:00,61.16,61.16,61.16,61.16,61.16,61.16
2024-02-11 10:00:00,63.97,63.97,65.54,63.97,63.97,63.97
2024-02-11 11:00:00,63.05,63.05,64.60,63.05,63.05,63.05
2024-02-11 12:00:00,61.73,61.73,62.12,61.73,61.73,61.73
2024-02-11 13:00:00,63.33,63.33,63.99,63.33,63.33,63.33
2024-02-11 14:00:00,66.02,64.71,66.30,64.71,64.71,64.71
2024-02-11 15:00:00,70.69,68.04,70.69,68.04,68.04,68.04
2024-02-11 16:00:00,78.34,76.07,78.50,76.07,76.07,76.07
2024-02-11 17:00:00,80.58,80.58,80.74,78.24,78.24,78.24
2024-02-11 18:00:00,74.95,70.98,79.72,72.77,70.98,70.98
2024-02-11 19:00:00,76.59,63.29,76.75,74.37,63.29,63.29
2024-02-11 20:00:00,69.93,60.37,70.72,67.90,60.37,60.37
2024-02-11 21:00:00,67.86,56.51,68.39,65.89,56.51,56.51
2024-02-11 22:00:00,63.88,57.38,64.01,62.02,57.38,57.38
2024-02-11 23:00:00,64.35,62.35,64.35,62.35,62.35,62.35
2024-02-12 00:00:00,61.59,59.94,61.59,59.94,59.94,59.94
2024-02-12 01:00:00,60.65,58.79,60.65,58.79,58.79,58.79
2024-02-12 02:00:00,59.39,57.77,59.39,57.77,57.77,57.77
2024-02-12 03:00:00,59.21,59.21,59.21,59.21,59.21,59.21
2024-02-12 04:00:00,65.00,65.00,65.00,63.01,60.04,60.04
2024-02-12 05:00:00,76.00,76.00,76.00,66.89,66.89,66.89
2024-02-12 06:00:00,85.41,85.41,85.41,82.93,82.93,82.93
2024-02-12 07:00:00,104.00,104.00,104.00,100.98,100.98,100.98
2024-02-12 08:00:00,96.50,96.50,96.50,93.70,93.70,94.18
2024-02-12 09:00:00,85.47,85.47,85.47,83.00,83.00,83.42
2024-02-12 10:00:00,79.14,79.14,79.14,76.80,76.80,77.24
2024-02-12 11:00:00,67.37,67.37,67.37,65.29,65.29,65.76
2024-02-12 12:00:00,63.75,63.75,63.75,62.08,63.75,63.75
2024-02-12 13:00:00,63.95,63.95,63.95,62.38,63.38,63.38
2024-02-12 14:00:00,66.40,66.40,66.40,64.52,64.52,66.40
2024-02-12 15:00:00,78.42,78.42,78.42,75.81,75.81,78.42
2024-02-12 16:00:00,93.90,93.90,93.90,90.99,90.99,93.28
2024-02-12 17:00:00,96.00,96.00,96.00,93.02,93.02,96.00
2024-02-12 18:00:00,89.08,89.08,89.08,86.32,86.32,89.08
2024-02-12 19:00:00,79.15,79.15,79.15,76.53,76.53,79.15
2024-02-12 20:00:00,71.54,71.54,71.54,67.94,67.94,71.54
2024-02-12 21:00:00,65.65,64.29,65.87,63.75,63.75,64.29
2024-02-12 22:00:00,61.73,59.94,61.90,59.94,59.94,59.94
2024-02-12 23:00:00,66.31,66.31,68.59,64.38,64.38,66.31
2024-02-13 00:00:00,65.37,63.80,65.37,63.22,63.22,63.80
2024-02-13 01:00:00,63.41,61.10,63.41,61.10,61.10,61.10
2024-02-13 02:00:00,60.49,58.96,60.49,58.96,58.96,58.96
2024-02-13 03:00:00,60.06,60.06,60.06,58.82,58.62,58.62
2024-02-13 04:00:00,62.70,62.70,63.59,60.88,49.07,49.07
2024-02-13 05:00:00,66.15,66.15,70.69,64.23,64.23,66.15
2024-02-13 06:00:00,75.68,75.68,82.18,73.49,73.49,75.68
2024-02-13 07:00:00,88.75,88.75,89.10,86.18,86.18,88.75
2024-02-13 08:00:00,74.96,74.96,75.12,72.79,72.79,74.96
2024-02-13 09:00:00,69.21,69.21,69.21,67.06,67.06,69.21
2024-02-13 10:00:00,63.87,63.87,63.87,63.87,63.87,63.87
2024-02-13 11:00:00,60.53,60.53,60.53,60.53,60.53,60.53
2024-02-13 12:00:00,60.26,60.26,60.26,60.26,60.26,60.26
2024-02-13 13:00:00,63.10,63.10,63.10,63.10,63.10,63.10
2024-02-13 14:00:00,70.70,69.00,70.70,68.65,68.65,69.00
2024-02-13 15:00:00,77.92,77.92,78.36,75.78,75.78,76.47
2024-02-13 16:00:00,94.93,94.93,95.01,92.06,92.06,94.93
2024-02-13 17:00:00,99.52,99.52,99.88,96.78,96.78,99.52
2024-02-13 18:00:00,90.99,90.99,90.99,88.21,88.21,88.81
2024-02-13 19:00:00,77.97,77.97,77.97,75.71,75.71,76.10
2024-02-13 20:00:00,71.86,71.86,71.86,69.78,69.78,70.14
2024-02-13 21:00:00,68.39,68.39,68.39,66.20,66.20,66.75
2024-02-13 22:00:00,64.74,64.74,64.74,63.07,63.07,63.18
2024-02-13 23:00:00,60.63,60.63,60.63,60.63,44.93,59.17
2024-02-14 00:00:00,59.34,59.34,59.34,59.34,45.51,57.92
2024-02-14 01:00:00,55.76,55.76,55.76,57.55,44.71,54.42
2024-02-14 02:00:00,54.79,54.79,54.79,56.54,44.42,53.48
2024-02-14 03:00:00,55.06,55.06,55.06,56.82,43.78,53.74
2024-02-14 04:00:00,58.43,58.43,58.43,59.66,44.66,57.03
2024-02-14 05:00:00,63.23,63.23,63.23,61.49,61.49,63.23
2024-02-14 06:00:00,72.74,72.74,72.74,70.63,70.63,72.74
2024-02-14 07:00:00,79.73,79.73,79.73,77.41,77.41,79.73
2024-02-14 08:00:00,69.65,69.65,69.65,67.63,67.63,69.65
2024-02-14 09:00:00,63.86,63.86,63.86,63.86,63.86,63.86
2024-02-14 10:00:00,63.29,63.29,63.29,63.29,63.29,63.29
2024-02-14 11:00:00,62.63,62.63,62.63,62.63,62.63,62.63
2024-02-14 12:00:00,63.82,63.82,63.82,62.90,62.90,62.90
2024-02-14 13:00:00,69.03,69.03,69.03,66.89,66.89,68.34
2024-02-14 14:00:00,72.23,72.23,72.23,69.99,69.99,72.23
2024-02-14 15:00:00,78.54,78.54,78.54,76.10,76.10,78.54
2024-02-14 16:00:00,82.97,82.97,82.97,80.56,80.56,82.97
2024-02-14 17:00:00,87.58,87.58,87.58,84.89,84.89,87.58
2024-02-14 18:00:00,84.47,84.47,84.47,81.85,81.85,84.47
2024-02-14 19:00:00,76.48,76.48,76.48,74.15,74.15,76.48
2024-02-14 20:00:00,69.68,69.68,69.68,67.48,53.94,69.68
2024-02-14 21:00:00,68.20,68.20,68.20,66.02,48.77,68.20
2024-02-14 22:00:00,63.80,63.80,63.80,61.99,45.47,62.27
2024-02-14 23:00:00,61.71,61.71,61.71,59.92,59.92,60.23
2024-02-15 00:00:00,61.13,61.13,61.13,59.36,59.36,59.66
2024-02-15 01:00:00,60.30,60.30,60.30,58.55,52.99,58.85
2024-02-15 02:00:00,59.75,59.75,59.75,58.40,52.97,58.32
2024-02-15 03:00:00,61.94,61.94,61.94,59.51,48.59,60.45
2024-02-15 04:00:00,64.48,64.48,66.06,61.07,49.42,64.48
2024-02-15 05:00:00,72.21,72.21,72.21,61.90,60.01,72.21
2024-02-15 06:00:00,81.57,81.57,81.57,79.04,79.04,81.57
2024-02-15 07:00:00,82.67,82.67,82.67,80.10,80.10,82.67
2024-02-15 08:00:00,78.76,78.76,78.76,76.17,76.17,78.76
2024-02-15 09:00:00,74.18,74.18,74.18,72.03,72.03,74.18
2024-02-15 10:00:00,69.96,69.96,69.96,67.79,67.79,69.96
2024-02-15 11:00:00,66.63,66.63,66.63,64.84,64.84,66.63
2024-02-15 12:00:00,66.19,66.19,66.19,64.41,64.41,66.19
2024-02-15 13:00:00,69.91,69.91,69.91,67.75,67.75,69.91
2024-02-15 14:00:00,75.05,75.05,75.05,72.88,72.88,75.05
2024-02-15 15:00:00,78.73,79.05,79.05,76.45,76.45,79.05
2024-02-15 16:00:00,84.89,87.00,87.00,82.01,82.01,87.00
2024-02-15 17:00:00,86.91,86.91,86.91,82.01,82.01,86.91
2024-02-15 18:00:00,75.61,75.61,75.61,72.55,69.97,75.61
2024-02-15 19:00:00,69.56,69.56,70.47,66.73,64.06,69.56
2024-02-15 20:00:00,62.68,62.68,62.97,61.29,55.45,61.46
2024-02-15 21:00:00,62.66,62.66,63.09,60.21,51.74,61.58
2024-02-15 22:00:00,58.91,58.91,58.91,58.01,48.38,57.50
2024-02-15 23:00:00,51.76,51.76,51.76,53.31,38.19,50.52
2024-02-16 00:00:00,51.08,51.08,51.08,52.32,34.56,34.56
2024-02-16 01:00:00,49.92,49.92,49.92,51.41,32.50,32.50
2024-02-16 02:00:00,48.81,48.81,48.81,50.37,30.16,30.16
2024-02-16 03:00:00,51.38,51.38,51.38,51.82,29.89,29.89
2024-02-16 04:00:00,53.53,35.70,53.53,53.94,32.84,32.84
2024-02-16 05:00:00,55.66,35.81,59.15,55.24,35.81,35.81
2024-02-16 06:00:00,61.39,61.39,69.39,59.61,39.07,61.39
2024-02-16 07:00:00,63.13,63.13,70.50,61.30,38.89,63.13
2024-02-16 08:00:00,61.13,57.69,64.84,59.36,38.08,57.69
2024-02-16 09:00:00,54.37,53.07,54.37,56.00,35.69,53.07
2024-02-16 10:00:00,53.00,35.21,53.00,54.47,35.21,35.21
2024-02-16 11:00:00,52.33,41.65,52.33,54.00,36.14,36.14
2024-02-16 12:00:00,52.31,52.31,52.31,53.99,32.99,32.99
2024-02-16 13:00:00,53.78,32.35,53.78,55.27,32.35,32.35
2024-02-16 14:00:00,58.98,31.29,62.59,57.49,31.29,31.29
2024-02-16 15:00:00,58.18,33.95,69.99,58.18,33.95,33.95
2024-02-16 16:00:00,59.09,37.92,72.58,58.27,37.92,37.92
2024-02-16 17:00:00,58.00,36.14,77.42,57.87,36.14,36.14
2024-02-16 18:00:00,56.58,29.99,76.78,56.34,29.99,29.99
2024-02-16 19:00:00,54.70,26.36,72.47,54.94,26.36,26.36
2024-02-16 20:00:00,54.49,25.51,69.40,54.49,25.51,25.51
2024-02-16 21:00:00,53.62,24.43,68.05,53.62,24.43,24.43
2024-02-16 22:00:00,53.59,19.56,60.02,53.59,19.56,19.56
2024-02-16 23:00:00,51.41,19.32,57.31,51.41,19.32,19.32
2024-02-17 00:00:00,48.54,18.88,57.00,49.99,18.88,18.88
2024-02-17 01:00:00,50.30,18.43,55.88,50.30,18.43,18.43
2024-02-17 02:00:00,51.36,13.22,54.66,51.36,13.22,13.22
2024-02-17 03:00:00,52.88,11.16,54.62,52.88,11.16,11.16
2024-02-17 04:00:00,53.76,9.99,55.48,53.76,9.99,9.99
2024-02-17 05:00:00,54.14,11.11,55.17,54.14,11.11,11.11
2024-02-17 06:00:00,56.90,17.23,56.90,55.60,17.23,17.23
2024-02-17 07:00:00,64.27,22.08,64.89,58.93,19.78,19.78
2024-02-17 08:00:00,63.29,30.08,63.29,61.33,21.43,21.43
2024-02-17 09:00:00,62.02,30.06,62.02,60.09,20.78,20.78
2024-02-17 10:00:00,60.69,30.03,60.69,58.81,16.91,16.91
2024-02-17 11:00:00,58.26,30.07,58.26,56.45,13.20,13.20
2024-02-17 12:00:00,55.25,41.61,55.25,54.76,12.22,12.22
2024-02-17 13:00:00,59.09,59.09,59.09,56.45,13.00,13.00
2024-02-17 14:00:00,67.07,67.07,68.83,59.07,19.33,67.07
2024-02-17 15:00:00,73.22,73.22,75.03,59.78,23.51,73.22
2024-02-17 16:00:00,87.93,87.93,87.93,63.69,26.33,85.82
2024-02-17 17:00:00,110.06,110.06,110.06,102.30,26.41,106.98
2024-02-17 18:00:00,90.28,90.28,90.28,86.65,25.86,88.11
2024-02-17 19:00:00,80.93,80.93,80.93,77.59,25.69,78.99
2024-02-17 20:00:00,74.57,74.57,74.57,67.01,26.21,72.78
2024-02-17 21:00:00,72.44,72.44,72.44,61.19,25.41,70.70
2024-02-17 22:00:00,69.11,69.11,69.11,59.11,24.56,65.62
2024-02-17 23:00:00,62.38,62.38,62.38,57.44,19.41,60.88
2024-02-18 00:00:00,54.81,54.81,54.81,53.44,21.92,53.49
2024-02-18 01:00:00,51.44,51.44,51.44,51.39,24.89,50.20
2024-02-18 02:00:00,50.32,50.32,50.32,50.32,28.42,49.11
2024-02-18 03:00:00,50.19,50.19,50.19,49.37,33.38,48.99
2024-02-18 04:00:00,48.47,48.47,48.47,48.92,34.94,47.31
2024-02-18 05:00:00,46.02,46.02,46.02,47.40,37.99,44.92
2024-02-18 06:00:00,48.97,48.97,48.97,48.97,39.61,47.80
2024-02-18 07:00:00,47.28,47.28,47.28,47.28,41.75,46.15
2024-02-18 08:00:00,43.03,43.03,43.03,44.99,43.03,43.03
2024-02-18 09:00:00,40.45,40.45,40.45,43.86,40.45,40.45
2024-02-18 10:00:00,41.00,41.00,41.00,44.23,41.00,41.00
2024-02-18 11:00:00,40.10,40.10,40.10,45.22,40.10,40.10
2024-02-18 12:00:00,39.88,39.88,39.88,47.49,39.88,39.88
2024-02-18 13:00:00,42.87,42.87,42.87,50.16,42.87,42.87
2024-02-18 14:00:00,54.29,46.66,54.29,51.78,46.66,46.66
2024-02-18 15:00:00,62.87,46.12,62.87,53.63,46.12,46.12
2024-02-18 16:00:00,72.00,46.77,72.00,65.59,46.77,46.77
2024-02-18 17:00:00,73.66,47.97,73.66,71.38,46.05,47.97
2024-02-18 18:00:00,70.59,43.14,70.59,68.40,43.14,43.14
2024-02-18 19:00:00,64.71,40.36,64.71,62.64,40.36,40.36
2024-02-18 20:00:00,59.83,43.14,59.83,57.81,43.14,43.14
2024-02-18 21:00:00,57.33,44.73,57.33,55.59,44.73,44.73
2024-02-18 22:00:00,53.94,53.94,53.94,52.44,43.69,43.69
2024-02-18 23:00:00,44.00,44.00,44.00,51.43,42.94,42.94
2024-02-19 00:00:00,43.04,43.04,43.04,49.92,42.46,42.46
2024-02-19 01:00:00,44.21,44.21,44.21,48.00,44.21,44.21
2024-02-19 02:00:00,43.91,43.91,43.91,46.68,43.91,43.91
2024-02-19 03:00:00,44.92,44.92,44.92,48.27,44.92,44.92
2024-02-19 04:00:00,51.57,51.57,51.57,51.57,51.57,51.57
2024-02-19 05:00:00,68.60,68.60,68.60,59.05,64.99,66.96
2024-02-19 06:00:00,79.09,79.09,79.09,76.79,79.09,79.09
2024-02-19 07:00:00,83.84,83.84,83.84,81.41,83.84,83.84
2024-02-19 08:00:00,75.03,75.03,75.03,72.86,75.03,75.03
2024-02-19 09:00:00,70.83,70.83,70.83,69.09,70.83,70.83
2024-02-19 10:00:00,69.13,69.13,69.13,67.01,69.13,69.13
2024-02-19 11:00:00,62.47,62.47,62.47,60.47,62.47,62.47
2024-02-19 12:00:00,60.01,60.01,60.99,58.27,60.01,60.01
2024-02-19 13:00:00,64.38,64.38,65.96,61.91,64.38,64.38
2024-02-19 14:00:00,66.60,67.62,69.28,64.66,66.60,67.62
2024-02-19 15:00:00,69.79,69.79,71.51,67.62,69.79,69.79
2024-02-19 16:00:00,76.25,76.25,76.25,74.18,74.96,76.25
2024-02-19 17:00:00,97.65,97.65,97.65,94.81,94.81,95.30
2024-02-19 18:00:00,79.98,79.98,79.98,77.66,77.66,79.98
2024-02-19 19:00:00,68.92,68.92,71.86,60.76,60.76,68.92
2024-02-19 20:00:00,56.15,56.15,67.47,56.15,56.15,56.15
2024-02-19 21:00:00,53.47,53.47,66.27,53.47,53.47,53.47
2024-02-19 22:00:00,53.77,53.77,59.07,52.70,52.70,53.77
2024-02-19 23:00:00,58.06,58.06,58.06,53.52,46.97,56.67
2024-02-20 00:00:00,54.15,54.15,54.32,52.58,44.95,53.01
2024-02-20 01:00:00,53.79,53.79,53.96,52.23,43.04,52.67
2024-02-20 02:00:00,53.37,53.37,53.48,51.82,42.27,52.19
2024-02-20 03:00:00,51.72,51.72,52.99,51.35,43.23,51.72
2024-02-20 04:00:00,52.35,52.35,54.79,52.35,52.35,52.35
2024-02-20 05:00:00,66.59,66.59,70.53,59.93,59.93,66.59
2024-02-20 06:00:00,86.07,86.22,88.40,85.66,85.66,86.22
2024-02-20 07:00:00,89.63,88.71,90.89,87.03,88.71,88.71
2024-02-20 08:00:00,78.55,77.78,78.55,76.27,77.78,77.78
2024-02-20 09:00:00,69.84,69.84,69.84,67.81,69.25,69.25
2024-02-20 10:00:00,60.88,59.42,60.88,59.12,59.42,59.42
2024-02-20 11:00:00,53.52,53.52,53.52,53.52,53.52,53.52
2024-02-20 12:00:00,51.42,51.42,51.42,51.42,51.42,51.42
2024-02-20 13:00:00,51.79,51.79,51.79,51.79,51.79,51.79
2024-02-20 14:00:00,54.81,54.81,56.16,54.81,54.81,54.81
2024-02-20 15:00:00,57.60,57.60,63.08,55.93,55.93,57.60
2024-02-20 16:00:00,68.77,68.77,70.54,66.77,66.77,68.77
2024-02-20 17:00:00,67.49,67.49,71.25,65.53,65.53,67.49
2024-02-20 18:00:00,55.65,55.65,73.47,55.65,55.65,55.65
2024-02-20 19:00:00,52.57,52.57,68.48,52.57,52.57,52.57
2024-02-20 20:00:00,51.54,43.68,61.33,51.54,43.68,43.68
2024-02-20 21:00:00,49.06,39.01,56.86,50.53,39.01,39.01
2024-02-20 22:00:00,49.61,36.01,52.77,50.13,36.01,36.01
2024-02-20 23:00:00,48.58,37.37,50.65,48.58,37.37,37.37
2024-02-21 00:00:00,46.91,36.79,48.47,46.96,36.79,36.79
2024-02-21 01:00:00,46.84,36.82,46.84,46.84,36.82,36.82
2024-02-21 02:00:00,44.77,36.82,44.77,44.77,36.82,36.82
2024-02-21 03:00:00,44.66,37.95,45.39,44.66,37.95,37.95
2024-02-21 04:00:00,46.05,39.02,50.03,47.42,39.02,39.02
2024-02-21 05:00:00,49.32,42.74,66.00,49.32,42.74,42.74
2024-02-21 06:00:00,53.39,53.39,81.34,53.39,53.39,53.39
2024-02-21 07:00:00,55.30,55.30,85.11,55.30,55.30,55.30
2024-02-21 08:00:00,59.51,56.18,70.34,56.18,56.18,56.18
2024-02-21 09:00:00,57.22,55.56,64.10,55.56,55.56,55.56
2024-02-21 10:00:00,57.28,55.35,60.39,55.35,55.35,55.35
2024-02-21 11:00:00,53.01,51.74,53.01,51.74,51.74,51.74
2024-02-21 12:00:00,51.21,49.99,51.22,49.99,49.99,49.99
2024-02-21 13:00:00,53.76,53.76,53.77,51.62,51.62,51.62
2024-02-21 14:00:00,51.31,50.64,65.60,50.64,50.64,50.64
2024-02-21 15:00:00,54.93,59.99,69.92,52.82,52.82,59.99
2024-02-21 16:00:00,57.41,67.96,69.63,55.74,55.74,67.96
2024-02-21 17:00:00,64.62,66.93,68.58,54.85,54.85,66.93
2024-02-21 18:00:00,53.96,59.92,61.39,52.68,52.68,59.92
2024-02-21 19:00:00,50.86,50.86,52.11,49.48,46.03,50.86
2024-02-21 20:00:00,45.98,45.98,45.98,47.36,41.14,44.88
2024-02-21 21:00:00,41.71,40.71,41.71,44.36,39.37,40.71
2024-02-21 22:00:00,35.22,34.38,35.22,42.60,34.38,34.38
2024-02-21 23:00:00,30.47,30.98,30.47,38.68,30.98,30.98
2024-02-22 00:00:00,27.42,27.42,27.01,33.44,27.42,27.42
2024-02-22 01:00:00,27.07,27.07,27.07,37.55,27.07,27.07
2024-02-22 02:00:00,27.95,27.95,27.95,38.66,27.95,27.95
2024-02-22 03:00:00,37.00,30.93,37.00,44.11,30.93,30.93
2024-02-22 04:00:00,47.91,29.33,48.05,48.08,29.33,29.33
2024-02-22 05:00:00,63.07,63.07,66.09,50.98,33.85,59.93
2024-02-22 06:00:00,75.00,75.00,76.53,56.96,56.96,74.70
2024-02-22 07:00:00,81.91,81.91,81.91,79.29,64.99,79.94
2024-02-22 08:00:00,74.00,74.00,74.09,71.63,64.99,64.99
2024-02-22 09:00:00,69.44,69.44,71.95,67.21,59.97,59.97
2024-02-22 10:00:00,67.25,67.25,68.53,65.30,64.99,64.99
2024-02-22 11:00:00,59.57,59.57,68.77,57.85,52.30,59.57
2024-02-22 12:00:00,57.47,57.47,68.98,55.80,35.32,57.47
2024-02-22 13:00:00,56.40,56.40,64.65,54.77,34.94,56.40
2024-02-22 14:00:00,63.10,63.20,64.75,54.03,34.45,63.20
2024-02-22 15:00:00,60.93,61.73,63.25,53.56,34.12,61.73
2024-02-22 16:00:00,61.76,61.76,61.76,53.28,34.14,60.27
2024-02-22 17:00:00,59.91,59.91,59.91,52.41,33.82,58.47
2024-02-22 18:00:00,52.42,52.42,52.42,49.42,31.24,51.16
2024-02-22 19:00:00,42.45,42.45,42.45,47.62,30.02,41.43
2024-02-22 20:00:00,24.48,24.44,24.48,45.40,24.44,24.44
2024-02-22 21:00:00,12.06,12.06,12.06,43.99,12.06,12.06
2024-02-22 22:00:00,1.95,1.95,1.91,42.16,1.95,1.95
2024-02-22 23:00:00,9.23,1.60,9.23,41.26,1.60,1.60
2024-02-23 00:00:00,1.50,1.04,1.07,40.67,1.04,1.04
2024-02-23 01:00:00,1.19,1.19,1.19,40.32,0.35,0.35
2024-02-23 02:00:00,0.10,0.09,0.09,40.00,0.00,0.00
2024-02-23 03:00:00,0.40,0.02,0.02,40.34,0.00,0.00
2024-02-23 04:00:00,1.13,0.09,0.09,41.20,0.00,0.00
2024-02-23 05:00:00,39.68,5.29,39.68,45.90,2.61,2.61
2024-02-23 06:00:00,57.06,17.07,57.06,49.55,14.36,14.36
2024-02-23 07:00:00,51.96,24.61,59.35,51.96,14.68,14.68
2024-02-23 08:00:00,50.50,16.38,51.69,50.50,12.44,12.44
2024-02-23 09:00:00,46.64,16.33,46.64,47.25,5.00,5.00
2024-02-23 10:00:00,41.65,16.39,41.65,45.18,4.92,4.92
2024-02-23 11:00:00,37.10,8.62,37.10,43.45,6.64,6.64
2024-02-23 12:00:00,33.60,5.00,33.60,43.86,3.48,3.48
2024-02-23 13:00:00,39.08,1.58,39.08,45.91,0.19,0.19
2024-02-23 14:00:00,48.57,9.59,49.51,48.15,0.01,0.01
2024-02-23 15:00:00,49.99,25.03,63.08,49.99,2.40,2.40
2024-02-23 16:00:00,53.28,53.28,73.80,53.28,6.00,6.00
2024-02-23 17:00:00,57.02,57.02,86.44,54.66,5.37,5.37
2024-02-23 18:00:00,55.21,29.64,84.01,53.61,1.98,1.98
2024-02-23 19:00:00,54.81,25.05,72.97,53.22,0.00,0.00
2024-02-23 20:00:00,53.16,25.04,69.26,53.16,-0.09,-0.09
2024-02-23 21:00:00,54.05,25.03,67.98,53.28,-0.15,-0.15
2024-02-23 22:00:00,57.24,25.10,65.10,53.25,-0.98,-0.98
2024-02-23 23:00:00,66.47,66.47,66.47,53.97,0.00,0.00
2024-02-24 00:00:00,63.90,63.90,63.90,53.52,0.00,0.00
2024-02-24 01:00:00,59.50,59.50,59.50,53.48,0.01,0.01
2024-02-24 02:00:00,55.20,55.20,55.20,53.43,3.42,3.42
2024-02-24 03:00:00,55.39,55.39,55.39,53.49,6.45,6.45
2024-02-24 04:00:00,57.10,57.10,57.10,53.92,14.18,14.18
2024-02-24 05:00:00,61.67,61.67,61.67,53.95,15.32,15.32
2024-02-24 06:00:00,66.11,66.11,66.11,54.61,21.37,21.37
2024-02-24 07:00:00,64.40,64.40,64.40,54.69,35.97,35.97
2024-02-24 08:00:00,57.60,57.60,57.60,52.66,45.47,45.47
2024-02-24 09:00:00,49.16,49.16,49.16,49.99,47.98,47.98
2024-02-24 10:00:00,45.84,45.84,45.84,47.61,42.91,42.91
2024-02-24 11:00:00,40.32,40.32,40.32,45.20,30.09,30.09
2024-02-24 12:00:00,32.22,32.22,32.22,43.38,30.45,30.45
2024-02-24 13:00:00,37.60,37.60,37.60,46.28,31.04,31.04
2024-02-24 14:00:00,45.00,45.00,45.00,49.14,33.90,33.90
2024-02-24 15:00:00,55.95,55.95,55.95,51.70,51.70,51.70
2024-02-24 16:00:00,71.67,71.67,71.67,56.58,56.58,56.58
2024-02-24 17:00:00,80.00,80.00,80.00,72.83,72.83,72.83
2024-02-24 18:00:00,74.13,74.13,74.13,58.98,49.55,49.55
2024-02-24 19:00:00,65.17,65.17,65.17,56.03,38.60,38.60
2024-02-24 20:00:00,59.94,59.94,59.94,54.99,41.87,41.87
2024-02-24 21:00:00,56.00,56.00,56.22,53.22,40.54,40.54
2024-02-24 22:00:00,52.20,52.20,52.20,51.85,36.58,36.58
2024-02-24 23:00:00,56.57,56.57,56.57,54.70,33.35,33.35
2024-02-25 00:00:00,55.44,55.44,55.44,53.72,33.51,33.51
2024-02-25 01:00:00,55.38,55.38,55.38,53.67,31.74,31.74
2024-02-25 02:00:00,54.89,54.89,54.89,53.19,31.27,31.27
2024-02-25 03:00:00,55.19,55.19,55.19,53.48,30.88,30.88
2024-02-25 04:00:00,55.07,55.07,55.07,53.36,30.51,30.51
2024-02-25 05:00:00,56.71,56.71,56.71,54.95,30.72,30.72
2024-02-25 06:00:00,59.92,59.92,59.92,55.45,30.87,30.87
2024-02-25 07:00:00,61.58,61.58,61.58,56.87,33.76,33.76
2024-02-25 08:00:00,61.82,61.82,61.82,58.08,35.08,35.08
2024-02-25 09:00:00,56.31,56.31,56.31,55.02,35.20,35.20
2024-02-25 10:00:00,54.12,54.12,54.12,52.90,34.17,34.17
2024-02-25 11:00:00,50.00,50.00,50.00,49.81,30.41,30.41
2024-02-25 12:00:00,46.03,46.03,46.03,48.22,30.11,30.11
2024-02-25 13:00:00,49.84,49.84,49.84,51.17,30.02,30.02
2024-02-25 14:00:00,55.00,55.00,55.00,53.44,30.67,30.67
2024-02-25 15:00:00,67.80,67.80,67.80,58.99,46.51,46.51
2024-02-25 16:00:00,82.19,82.19,82.19,79.64,79.64,80.21
2024-02-25 17:00:00,93.69,93.69,93.69,90.79,90.79,91.45
2024-02-25 18:00:00,79.18,79.18,79.18,73.17,73.17,77.28
2024-02-25 19:00:00,69.99,69.99,69.99,63.65,63.65,63.65
2024-02-25 20:00:00,65.92,65.92,65.92,59.35,43.62,43.62
2024-02-25 21:00:00,65.23,65.23,65.23,55.98,39.17,39.17
2024-02-25 22:00:00,58.38,58.38,58.38,55.25,30.01,30.01
2024-02-25 23:00:00,57.83,57.83,57.83,55.98,26.53,56.45
2024-02-26 00:00:00,56.82,56.82,56.82,55.00,26.99,55.45
2024-02-26 01:00:00,55.70,55.70,55.70,53.87,27.76,54.36
2024-02-26 02:00:00,51.80,51.80,51.80,50.30,28.80,50.56
2024-02-26 03:00:00,53.30,53.30,53.30,51.75,33.92,52.02
2024-02-26 04:00:00,57.92,57.92,57.92,54.93,34.96,56.53
2024-02-26 05:00:00,70.02,70.02,70.02,55.12,47.56,69.68
2024-02-26 06:00:00,79.90,79.90,79.90,65.10,65.10,79.61
2024-02-26 07:00:00,81.60,81.60,81.60,79.23,79.23,81.60
2024-02-26 08:00:00,73.83,73.83,73.83,71.54,71.54,73.83
2024-02-26 09:00:00,66.65,66.65,66.65,64.59,64.59,66.65
2024-02-26 10:00:00,65.03,65.03,65.03,62.52,62.52,65.03
2024-02-26 11:00:00,58.42,58.42,58.42,56.61,56.61,58.42
2024-02-26 12:00:00,58.19,58.19,58.19,56.33,56.33,58.19
2024-02-26 13:00:00,61.29,61.29,61.29,58.98,58.98,61.29
2024-02-26 14:00:00,64.95,64.95,64.95,59.35,59.35,64.95
2024-02-26 15:00:00,69.99,69.99,69.99,62.45,62.45,69.96
2024-02-26 16:00:00,77.00,77.00,77.00,74.61,74.61,77.00
2024-02-26 17:00:00,85.32,85.32,85.32,82.67,82.67,85.32
2024-02-26 18:00:00,81.01,81.01,81.01,78.50,78.50,81.01
2024-02-26 19:00:00,72.21,72.21,72.21,69.98,69.98,72.21
2024-02-26 20:00:00,65.69,65.69,65.69,63.65,63.65,65.69
2024-02-26 21:00:00,65.21,65.21,65.21,59.95,59.95,65.21
2024-02-26 22:00:00,60.76,60.76,60.76,58.88,58.88,59.30
2024-02-26 23:00:00,57.62,57.62,57.62,55.83,55.83,56.24
2024-02-27 00:00:00,57.55,57.55,57.55,55.65,53.51,56.17
2024-02-27 01:00:00,57.35,57.35,57.35,55.51,49.92,55.97
2024-02-27 02:00:00,56.87,56.87,56.87,55.05,50.83,55.51
2024-02-27 03:00:00,57.35,57.35,57.35,54.96,54.96,55.97
2024-02-27 04:00:00,63.10,63.10,63.10,55.68,55.68,61.58
2024-02-27 05:00:00,74.31,74.31,74.31,60.12,60.12,74.31
2024-02-27 06:00:00,95.63,95.63,95.63,92.67,92.67,95.63
2024-02-27 07:00:00,95.78,95.78,95.78,92.81,92.81,95.78
2024-02-27 08:00:00,80.81,80.81,80.81,78.30,78.30,80.81
2024-02-27 09:00:00,68.71,68.71,68.71,66.58,66.58,68.71
2024-02-27 10:00:00,64.93,64.93,64.93,62.92,62.92,64.83
2024-02-27 11:00:00,59.26,59.26,59.26,57.42,57.42,59.17
2024-02-27 12:00:00,59.25,59.25,59.25,57.41,57.41,59.16
2024-02-27 13:00:00,64.71,64.71,64.71,56.01,56.01,64.49
2024-02-27 14:00:00,72.06,72.06,72.06,57.01,57.01,71.34
2024-02-27 15:00:00,79.82,79.82,79.82,59.25,59.25,79.82
2024-02-27 16:00:00,98.02,98.02,98.02,59.96,59.96,98.02
2024-02-27 17:00:00,111.80,111.80,111.80,59.96,59.96,111.80
2024-02-27 18:00:00,105.17,105.17,105.17,58.67,58.67,105.17
2024-02-27 19:00:00,84.36,84.36,84.36,56.13,30.00,84.36
2024-02-27 20:00:00,72.37,72.37,72.37,56.81,27.87,72.37
2024-02-27 21:00:00,70.27,70.27,70.27,56.05,24.34,68.58
2024-02-27 22:00:00,64.97,64.97,64.97,55.18,20.36,63.41
2024-02-27 23:00:00,60.36,60.36,60.36,53.15,17.15,58.91
2024-02-28 00:00:00,59.40,59.40,59.40,52.35,16.81,57.97
2024-02-28 01:00:00,61.34,61.34,61.34,53.61,16.56,59.87
2024-02-28 02:00:00,63.46,63.46,63.46,52.00,16.61,61.94
2024-02-28 03:00:00,63.74,63.74,63.74,52.00,17.41,62.21
2024-02-28 04:00:00,67.44,67.44,67.44,53.73,18.54,65.82
2024-02-28 05:00:00,74.30,74.30,74.30,54.71,21.22,74.30
2024-02-28 06:00:00,98.89,98.89,98.89,60.09,25.68,97.97
2024-02-28 07:00:00,103.83,104.49,104.49,57.48,27.54,104.49
2024-02-28 08:00:00,85.46,85.46,85.46,55.43,27.42,85.46
2024-02-28 09:00:00,73.99,73.99,73.99,54.09,26.09,73.99
2024-02-28 10:00:00,67.55,67.55,67.55,53.05,24.76,67.55
2024-02-28 11:00:00,63.10,63.10,63.93,52.51,22.37,62.39
2024-02-28 12:00:00,57.90,59.26,60.72,51.57,21.41,59.26
2024-02-28 13:00:00,58.50,60.03,61.51,51.09,21.64,60.03
2024-02-28 14:00:00,58.89,68.74,70.43,52.12,22.13,68.74
2024-02-28 15:00:00,73.57,73.57,74.96,56.28,22.40,73.16
2024-02-28 16:00:00,70.00,93.04,93.04,57.34,22.83,93.04
2024-02-28 17:00:00,89.80,93.24,93.24,56.53,22.38,91.00
2024-02-28 18:00:00,78.29,78.29,78.29,55.49,21.07,76.41
2024-02-28 19:00:00,65.44,65.44,65.44,53.95,21.36,63.87
2024-02-28 20:00:00,52.27,52.27,62.59,52.27,20.61,26.76
2024-02-28 21:00:00,49.89,49.89,64.02,49.89,18.80,18.80
2024-02-28 22:00:00,47.36,47.36,55.12,47.36,16.57,16.57
2024-02-28 23:00:00,51.83,51.83,55.11,50.33,20.65,20.65
2024-02-29 00:00:00,50.72,50.72,53.33,49.25,19.53,19.53
2024-02-29 01:00:00,46.70,46.70,50.06,48.10,18.11,18.11
2024-02-29 02:00:00,45.07,45.07,47.03,45.15,17.29,17.29
2024-02-29 03:00:00,41.00,41.00,47.15,43.49,17.20,17.20
2024-02-29 04:00:00,42.64,42.64,53.32,45.32,18.27,18.27
2024-02-29 05:00:00,47.07,47.07,62.03,47.07,18.89,18.89
2024-02-29 06:00:00,47.24,47.24,73.74,47.24,20.60,20.60
2024-02-29 07:00:00,49.21,49.21,73.89,49.21,20.68,20.68
2024-02-29 08:00:00,49.74,49.74,70.39,49.74,20.04,20.04
2024-02-29 09:00:00,50.00,50.00,60.47,50.00,18.84,18.84
2024-02-29 10:00:00,51.37,24.18,55.01,51.37,16.84,16.84
2024-02-29 11:00:00,50.89,25.04,53.98,50.89,15.07,15.07
2024-02-29 12:00:00,50.60,25.01,56.02,50.60,13.32,13.32
2024-02-29 13:00:00,49.36,25.49,55.07,49.36,11.25,11.25
2024-02-29 14:00:00,49.91,31.70,64.96,49.91,9.23,9.23
2024-02-29 15:00:00,47.71,41.94,70.98,51.25,11.16,11.16
2024-02-29 16:00:00,62.61,62.61,81.28,55.87,12.35,12.35
2024-02-29 17:00:00,61.87,61.87,86.26,56.98,9.74,9.74
2024-02-29 18:00:00,54.00,54.00,80.99,54.00,6.50,6.50
2024-02-29 19:00:00,52.57,29.10,72.77,52.57,2.86,2.86
2024-02-29 20:00:00,51.58,25.05,67.25,51.58,0.32,0.32
2024-02-29 21:00:00,51.10,25.05,64.90,51.10,0.00,0.00
2024-02-29 22:00:00,50.35,25.02,60.90,50.35,-0.02,-0.02
2024-02-29 23:00:00,50.81,25.43,62.04,52.33,6.20,6.20
2024-03-01 00:00:00,51.51,26.01,61.42,51.51,8.64,8.64
2024-03-01 01:00:00,51.95,24.81,58.14,51.95,11.00,11.00
2024-03-01 02:00:00,51.91,26.08,57.83,51.91,13.00,13.00
2024-03-01 03:00:00,52.03,52.03,58.30,52.03,14.33,14.33
2024-03-01 04:00:00,52.52,52.52,62.49,52.52,20.46,20.46
2024-03-01 05:00:00,54.46,54.46,71.58,54.46,23.00,23.00
2024-03-01 06:00:00,58.85,58.85,79.36,57.15,25.97,25.97
2024-03-01 07:00:00,59.94,59.94,83.79,58.20,36.39,36.39
2024-03-01 08:00:00,59.95,59.95,75.88,58.21,37.25,37.25
2024-03-01 09:00:00,59.94,59.94,66.52,58.20,58.20,58.20
2024-03-01 10:00:00,57.98,57.98,64.76,56.30,54.61,54.61
2024-03-01 11:00:00,54.11,54.11,63.08,54.33,34.71,34.71
2024-03-01 12:00:00,56.60,56.60,64.63,56.60,30.97,30.97
2024-03-01 13:00:00,66.72,66.72,67.11,61.35,29.95,29.95
2024-03-01 14:00:00,72.21,72.21,72.57,63.10,40.01,40.01
2024-03-01 15:00:00,78.28,78.28,78.94,61.93,45.98,77.05
2024-03-01 16:00:00,89.40,89.40,89.40,63.11,63.11,87.26
2024-03-01 17:00:00,93.73,93.73,93.73,62.37,59.69,91.49
2024-03-01 18:00:00,87.19,87.19,87.19,61.79,29.10,85.10
2024-03-01 19:00:00,77.49,77.49,77.49,60.05,26.58,30.04
2024-03-01 20:00:00,71.62,71.62,71.62,58.71,26.39,26.39
2024-03-01 21:00:00,70.06,70.06,70.06,56.36,26.78,26.78
2024-03-01 22:00:00,66.39,66.39,66.39,56.14,25.95,25.95
2024-03-01 23:00:00,59.95,59.95,59.95,57.36,31.17,31.17
2024-03-02 00:00:00,56.03,56.03,56.03,54.96,33.10,33.10
2024-03-02 01:00:00,56.02,56.02,56.02,54.34,34.68,34.68
2024-03-02 02:00:00,55.48,55.48,55.48,53.88,35.43,35.43
2024-03-02 03:00:00,54.88,54.88,54.88,53.37,36.94,36.94
2024-03-02 04:00:00,55.99,55.99,55.99,54.25,37.95,37.95
2024-03-02 05:00:00,56.58,56.58,56.58,54.97,36.45,36.45
2024-03-02 06:00:00,58.80,58.80,60.67,57.10,37.89,37.89
2024-03-02 07:00:00,59.75,59.75,63.76,58.02,39.93,39.93
2024-03-02 08:00:00,65.75,65.75,65.75,58.67,42.09,42.09
2024-03-02 09:00:00,60.44,60.44,60.44,58.34,41.43,41.43
2024-03-02 10:00:00,59.18,59.18,59.18,56.85,43.10,43.10
2024-03-02 11:00:00,55.83,55.83,55.83,54.82,43.72,43.72
2024-03-02 12:00:00,54.90,54.90,54.90,54.81,47.93,47.93
2024-03-02 13:00:00,59.86,59.86,59.86,56.73,49.35,49.35
2024-03-02 14:00:00,66.08,66.08,66.08,58.58,50.64,50.64
2024-03-02 15:00:00,73.00,73.00,73.00,59.19,59.19,59.19
2024-03-02 16:00:00,80.63,80.63,80.63,63.07,63.07,63.07
2024-03-02 17:00:00,93.60,93.60,93.60,63.93,63.93,63.93
2024-03-02 18:00:00,89.90,89.90,89.90,60.42,60.42,60.42
2024-03-02 19:00:00,76.98,76.98,76.98,58.55,51.10,51.10
2024-03-02 20:00:00,69.81,69.81,69.81,58.24,48.07,48.07
2024-03-02 21:00:00,60.94,60.94,60.94,57.34,57.34,57.34
2024-03-02 22:00:00,54.99,54.99,54.99,54.99,44.85,44.85
2024-03-02 23:00:00,54.50,54.50,54.50,54.50,51.57,51.57
2024-03-03 00:00:00,53.63,53.63,53.63,53.63,51.97,51.97
2024-03-03 01:00:00,53.80,53.80,53.80,53.80,52.51,52.51
2024-03-03 02:00:00,55.59,55.59,55.59,53.98,53.49,53.49
2024-03-03 03:00:00,55.31,55.31,55.31,53.71,53.71,53.71
2024-03-03 04:00:00,55.82,55.82,55.82,54.21,54.21,54.21
2024-03-03 05:00:00,56.00,56.00,56.00,54.66,54.66,54.66
2024-03-03 06:00:00,56.88,56.88,56.88,55.51,55.51,55.51
2024-03-03 07:00:00,54.77,54.77,54.77,54.77,54.77,54.77
2024-03-03 08:00:00,53.99,53.99,53.99,53.99,53.99,53.99
2024-03-03 09:00:00,52.01,52.01,52.01,53.46,52.01,52.01
2024-03-03 10:00:00,49.46,49.46,49.46,51.04,49.46,49.46
2024-03-03 11:00:00,47.51,47.51,47.51,48.93,47.51,47.51
2024-03-03 12:00:00,42.51,42.51,42.51,46.89,42.51,42.51
2024-03-03 13:00:00,46.84,46.84,46.84,50.26,46.84,46.84
2024-03-03 14:00:00,54.13,54.13,54.13,54.34,54.13,54.13
2024-03-03 15:00:00,60.28,60.28,60.28,58.35,58.35,58.35
2024-03-03 16:00:00,75.58,75.58,75.58,62.90,62.90,62.90
2024-03-03 17:00:00,84.36,84.36,84.36,63.36,63.36,63.36
2024-03-03 18:00:00,79.63,79.63,86.96,61.14,61.14,61.14
2024-03-03 19:00:00,80.21,80.21,81.80,59.79,59.79,59.79
2024-03-03 20:00:00,75.00,75.00,75.00,58.86,58.86,58.86
2024-03-03 21:00:00,62.15,62.15,72.18,58.32,58.32,58.32
2024-03-03 22:00:00,72.42,72.42,72.42,57.93,57.93,57.93
2024-03-03 23:00:00,69.13,69.13,69.13,58.49,58.49,58.49
2024-03-04 00:00:00,67.90,59.55,67.90,58.81,58.81,58.81
2024-03-04 01:00:00,67.41,58.70,67.41,58.70,58.70,58.70
2024-03-04 02:00:00,66.22,58.80,66.22,58.80,58.80,58.80
2024-03-04 03:00:00,65.59,58.99,65.59,58.99,58.99,58.99
2024-03-04 04:00:00,70.83,59.88,70.83,59.88,59.88,59.88
2024-03-04 05:00:00,81.18,60.92,81.18,60.92,60.92,60.92
2024-03-04 06:00:00,96.67,93.58,96.67,93.58,93.58,93.58
2024-03-04 07:00:00,102.97,99.78,102.97,99.78,99.78,99.78
2024-03-04 08:00:00,85.02,82.20,85.02,82.20,82.20,82.20
2024-03-04 09:00:00,71.23,63.72,71.93,63.72,63.72,63.72
2024-03-04 10:00:00,61.71,58.52,64.89,59.92,58.52,58.52
2024-03-04 11:00:00,61.02,59.25,63.93,59.25,59.25,59.25
2024-03-04 12:00:00,60.98,59.21,61.10,59.21,59.21,59.21
2024-03-04 13:00:00,61.38,59.60,62.50,59.60,59.60,59.60
2024-03-04 14:00:00,59.87,59.87,69.86,59.87,59.87,59.87
2024-03-04 15:00:00,60.42,60.42,75.95,60.42,60.42,60.42
2024-03-04 16:00:00,78.08,72.33,90.59,72.33,72.33,72.33
2024-03-04 17:00:00,74.49,74.49,105.18,72.33,72.33,72.33
2024-03-04 18:00:00,64.70,62.78,99.13,62.78,62.78,62.78
2024-03-04 19:00:00,62.66,60.89,80.52,60.89,60.89,60.89
2024-03-04 20:00:00,61.01,59.24,71.39,59.24,59.24,59.24
2024-03-04 21:00:00,59.98,58.24,67.49,58.24,58.24,58.24
2024-03-04 22:00:00,59.60,57.87,63.93,57.87,57.87,57.87
2024-03-04 23:00:00,56.21,56.21,61.96,56.21,56.21,56.21
2024-03-05 00:00:00,56.48,56.48,61.67,56.48,56.48,56.48
2024-03-05 01:00:00,56.46,56.46,61.33,56.46,56.46,56.46
2024-03-05 02:00:00,56.36,56.36,59.86,56.36,56.36,56.36
2024-03-05 03:00:00,56.47,56.47,60.56,56.47,56.47,56.47
2024-03-05 04:00:00,57.39,57.39,61.67,57.39,57.39,57.39
2024-03-05 05:00:00,58.38,58.38,71.53,58.38,58.38,58.38
2024-03-05 06:00:00,60.30,60.30,79.28,60.30,60.30,60.30
2024-03-05 07:00:00,61.24,61.24,83.02,61.24,61.24,61.24
2024-03-05 08:00:00,59.64,59.64,77.00,59.64,59.64,59.64
2024-03-05 09:00:00,59.18,59.18,71.15,59.18,59.18,59.18
2024-03-05 10:00:00,59.22,59.22,69.72,59.22,59.22,59.22
2024-03-05 11:00:00,58.61,58.61,66.01,58.61,58.61,58.61
2024-03-05 12:00:00,58.59,58.59,65.83,58.59,58.59,58.59
2024-03-05 13:00:00,59.06,59.06,69.61,59.06,59.06,59.06
2024-03-05 14:00:00,59.65,59.65,70.67,59.65,59.65,59.65
2024-03-05 15:00:00,60.69,60.69,76.28,60.69,60.69,60.69
2024-03-05 16:00:00,73.86,73.86,82.07,73.86,73.86,73.86
2024-03-05 17:00:00,104.38,104.38,104.38,95.72,95.72,95.72
2024-03-05 18:00:00,96.60,96.60,112.99,78.77,78.77,78.77
2024-03-05 19:00:00,78.42,68.69,93.12,67.87,67.87,67.87
2024-03-05 20:00:00,73.07,73.07,82.81,63.73,63.73,63.73
2024-03-05 21:00:00,66.00,61.98,76.08,61.98,61.98,61.98
2024-03-05 22:00:00,70.00,60.79,71.83,60.79,60.79,60.79
2024-03-05 23:00:00,71.00,71.00,71.00,64.02,64.02,64.02
2024-03-06 00:00:00,70.70,70.70,70.70,62.77,62.77,62.77
2024-03-06 01:00:00,70.46,70.46,70.46,62.17,62.17,62.17
2024-03-06 02:00:00,69.74,69.74,69.74,62.74,62.74,62.74
2024-03-06 03:00:00,70.46,70.46,70.46,64.92,64.92,64.92
2024-03-06 04:00:00,73.91,73.91,73.91,68.58,68.58,68.58
2024-03-06 05:00:00,83.98,83.98,83.98,80.97,80.97,80.97
2024-03-06 06:00:00,106.64,106.64,106.64,103.55,103.55,104.08
2024-03-06 07:00:00,108.70,108.70,108.70,105.33,106.09,106.09
2024-03-06 08:00:00,87.21,87.21,87.21,84.68,84.68,84.68
2024-03-06 09:00:00,75.92,75.92,75.92,73.39,73.39,73.39
2024-03-06 10:00:00,72.02,72.02,72.02,69.67,69.67,69.67
2024-03-06 11:00:00,69.35,69.35,69.35,67.32,67.32,67.32
2024-03-06 12:00:00,69.29,69.29,69.29,67.21,67.21,67.63
2024-03-06 13:00:00,70.64,70.64,70.64,68.38,68.38,68.95
2024-03-06 14:00:00,72.26,72.26,72.26,69.96,69.96,70.52
2024-03-06 15:00:00,81.06,81.06,81.06,77.24,77.24,79.12
2024-03-06 16:00:00,100.00,100.00,100.00,96.90,100.00,100.00
2024-03-06 17:00:00,119.58,119.58,119.58,115.87,119.25,119.25
2024-03-06 18:00:00,119.25,119.25,119.25,115.55,119.03,119.03
2024-03-06 19:00:00,93.40,93.40,93.40,90.50,90.50,91.16
2024-03-06 20:00:00,80.15,80.15,80.15,77.67,77.67,78.23
2024-03-06 21:00:00,77.98,77.98,77.98,72.88,72.88,76.11
2024-03-06 22:00:00,74.34,74.34,74.34,65.55,65.55,72.55
2024-03-06 23:00:00,73.33,73.33,73.33,67.86,67.86,71.57
2024-03-07 00:00:00,72.32,72.32,72.32,65.68,65.68,70.58
2024-03-07 01:00:00,70.34,70.34,70.34,64.77,64.77,68.65
2024-03-07 02:00:00,68.71,68.71,68.71,64.33,64.33,67.06
2024-03-07 03:00:00,69.89,69.89,69.89,64.80,64.80,68.22
2024-03-07 04:00:00,73.13,73.13,73.13,66.34,66.34,71.37
2024-03-07 05:00:00,84.27,84.27,84.27,78.46,78.46,84.27
2024-03-07 06:00:00,103.20,103.20,103.20,103.20,103.20,103.20
2024-03-07 07:00:00,96.70,96.70,96.70,93.90,93.90,96.70
2024-03-07 08:00:00,79.09,79.09,79.09,76.71,76.71,79.09
2024-03-07 09:00:00,71.31,71.31,71.31,69.02,69.02,71.31
2024-03-07 10:00:00,66.16,66.16,66.16,64.04,64.04,64.57
2024-03-07 11:00:00,61.69,61.69,61.69,60.98,60.98,60.98
2024-03-07 12:00:00,60.26,60.26,60.26,60.26,60.26,60.26
2024-03-07 13:00:00,63.33,63.33,63.33,61.81,61.81,61.81
2024-03-07 14:00:00,66.04,66.04,66.04,63.55,63.55,64.46
2024-03-07 15:00:00,69.92,69.92,69.92,64.88,64.88,68.25
2024-03-07 16:00:00,89.20,89.20,89.20,86.22,86.22,89.20
2024-03-07 17:00:00,105.71,105.71,105.71,102.64,102.64,105.71
2024-03-07 18:00:00,90.30,90.30,90.30,87.54,87.54,90.30
2024-03-07 19:00:00,82.49,82.49,82.49,79.90,79.90,82.49
2024-03-07 20:00:00,73.35,73.35,73.35,68.66,68.66,73.35
2024-03-07 21:00:00,73.32,73.32,73.32,64.58,64.58,73.32
2024-03-07 22:00:00,67.72,67.72,67.72,63.68,63.68,66.10
2024-03-07 23:00:00,68.45,68.45,68.45,66.11,66.11,66.81
2024-03-08 00:00:00,66.96,66.96,66.96,64.89,64.89,65.35
2024-03-08 01:00:00,67.01,67.01,67.01,64.87,64.87,65.40
2024-03-08 02:00:00,65.99,65.99,65.99,64.01,64.01,64.41
2024-03-08 03:00:00,66.30,66.30,66.30,64.24,64.24,64.71
2024-03-08 04:00:00,67.11,67.11,67.11,65.03,65.03,67.11
2024-03-08 05:00:00,82.91,82.91,82.91,75.54,75.54,82.91
2024-03-08 06:00:00,95.06,95.06,95.06,95.06,95.06,95.06
2024-03-08 07:00:00,88.89,88.89,88.89,88.66,88.89,88.89
2024-03-08 08:00:00,74.36,72.57,74.36,70.05,72.57,72.57
2024-03-08 09:00:00,57.59,59.37,57.59,59.37,59.37,59.37
2024-03-08 10:00:00,52.07,55.78,52.05,55.78,55.78,55.78
2024-03-08 11:00:00,52.60,54.17,21.77,54.17,54.17,54.17
2024-03-08 12:00:00,51.27,52.80,4.26,52.80,52.80,52.80
2024-03-08 13:00:00,49.80,51.98,24.20,51.98,51.98,51.98
2024-03-08 14:00:00,40.25,52.72,40.25,52.72,52.72,52.72
2024-03-08 15:00:00,55.74,58.11,55.74,58.11,58.11,58.11
2024-03-08 16:00:00,71.98,69.61,71.98,63.20,69.61,69.61
2024-03-08 17:00:00,83.76,83.76,83.76,75.94,75.94,83.76
2024-03-08 18:00:00,79.98,79.98,79.98,77.44,77.44,78.06
2024-03-08 19:00:00,71.18,71.18,71.46,68.85,68.85,69.74
2024-03-08 20:00:00,64.90,64.90,64.90,63.29,63.29,63.34
2024-03-08 21:00:00,64.79,64.79,65.03,63.02,63.02,63.02
2024-03-08 22:00:00,59.89,59.89,59.89,59.89,59.89,59.89
2024-03-08 23:00:00,56.56,57.95,56.56,57.95,57.95,57.95
2024-03-09 00:00:00,54.91,54.91,54.91,54.91,54.91,54.91
2024-03-09 01:00:00,53.72,53.96,53.72,53.96,53.96,53.96
2024-03-09 02:00:00,52.56,53.42,52.56,53.42,53.42,53.42
2024-03-09 03:00:00,48.60,49.79,48.60,50.05,49.79,49.79
2024-03-09 04:00:00,47.79,47.79,47.79,49.22,48.97,48.97
2024-03-09 05:00:00,50.47,50.47,50.47,51.63,51.63,51.63
2024-03-09 06:00:00,53.06,53.06,53.06,53.06,53.06,53.06
2024-03-09 07:00:00,53.06,53.06,53.06,53.06,53.06,53.06
2024-03-09 08:00:00,48.12,48.12,48.12,51.36,48.12,48.12
2024-03-09 09:00:00,32.94,32.94,32.94,49.31,49.31,49.31
2024-03-09 10:00:00,0.20,0.20,0.20,47.98,47.98,47.98
2024-03-09 11:00:00,-1.15,0.01,-1.15,49.28,49.28,49.28
2024-03-09 12:00:00,-2.46,0.01,-5.02,49.09,46.99,46.99
2024-03-09 13:00:00,-0.04,0.01,-0.04,48.53,45.44,45.44
2024-03-09 14:00:00,28.19,28.19,28.19,50.46,45.49,45.49
2024-03-09 15:00:00,52.64,53.93,52.64,54.17,53.93,53.93
2024-03-09 16:00:00,61.39,59.85,69.49,59.85,59.85,59.85
2024-03-09 17:00:00,62.06,62.06,78.02,62.06,62.06,62.06
2024-03-09 18:00:00,60.16,60.16,74.99,60.16,60.16,60.16
2024-03-09 19:00:00,57.24,56.84,67.26,58.95,56.84,56.84
2024-03-09 20:00:00,56.90,54.02,60.47,58.59,54.02,54.02
2024-03-09 21:00:00,55.62,52.98,60.53,57.28,52.98,52.98
2024-03-09 22:00:00,54.37,50.32,57.29,56.00,50.32,50.32
2024-03-09 23:00:00,48.65,48.65,48.65,52.04,48.65,48.65
2024-03-10 00:00:00,46.06,46.06,46.06,47.53,46.06,46.06
2024-03-10 01:00:00,40.98,40.98,40.98,42.29,40.98,40.98
2024-03-10 02:00:00,35.55,35.55,35.55,36.69,35.55,35.55
2024-03-10 03:00:00,32.39,32.39,32.39,33.43,32.39,32.39
2024-03-10 04:00:00,32.28,32.28,32.28,33.32,32.28,32.28
2024-03-10 05:00:00,33.91,33.91,33.91,34.92,33.91,33.91
2024-03-10 06:00:00,39.49,39.49,39.49,40.67,39.49,39.49
2024-03-10 07:00:00,34.82,34.82,34.82,36.01,34.82,34.82
2024-03-10 08:00:00,25.25,25.25,25.25,37.87,31.31,29.43
2024-03-10 09:00:00,2.35,4.63,2.35,47.16,32.63,4.63
2024-03-10 10:00:00,-0.04,4.98,-0.10,50.81,33.72,4.98
2024-03-10 11:00:00,0.00,1.51,-8.24,49.26,33.46,1.51
2024-03-10 12:00:00,0.00,1.58,-9.98,49.08,33.70,1.58
2024-03-10 13:00:00,-0.02,3.41,-0.51,49.31,33.53,3.59
2024-03-10 14:00:00,14.41,14.41,14.41,49.14,32.25,18.16
2024-03-10 15:00:00,47.96,48.75,47.96,52.57,48.75,48.75
2024-03-10 16:00:00,55.97,55.18,55.97,55.97,55.18,55.18
2024-03-10 17:00:00,57.64,57.64,66.35,57.64,57.64,57.64
2024-03-10 18:00:00,56.62,55.55,62.32,57.52,55.55,55.55
2024-03-10 19:00:00,53.66,50.01,57.14,56.06,50.01,50.01
2024-03-10 20:00:00,53.40,52.45,53.74,55.00,52.45,52.45
2024-03-10 21:00:00,53.08,50.01,53.08,54.66,50.01,50.01
2024-03-10 22:00:00,52.05,49.09,52.05,53.71,49.09,49.09
2024-03-10 23:00:00,48.93,36.68,48.93,51.95,36.68,36.68
2024-03-11 00:00:00,49.33,33.90,49.33,50.91,33.90,33.90
2024-03-11 01:00:00,50.21,34.84,50.21,51.82,34.84,34.84
2024-03-11 02:00:00,49.28,35.00,49.28,51.15,35.00,35.00
2024-03-11 03:00:00,49.99,44.47,49.99,53.32,44.47,44.47
2024-03-11 04:00:00,54.95,54.95,56.30,54.95,54.95,54.95
2024-03-11 05:00:00,56.44,56.44,76.64,57.93,56.44,56.44
2024-03-11 06:00:00,62.27,62.27,82.60,62.27,62.27,62.27
2024-03-11 07:00:00,64.79,64.79,85.59,64.79,64.79,64.79
2024-03-11 08:00:00,62.85,62.85,80.45,62.85,62.85,62.85
2024-03-11 09:00:00,61.90,61.90,71.20,61.90,61.90,61.90
2024-03-11 10:00:00,60.44,60.44,65.03,60.44,60.44,60.44
2024-03-11 11:00:00,58.85,58.85,60.79,58.90,58.85,58.85
2024-03-11 12:00:00,58.92,58.92,66.25,58.92,58.92,58.92
2024-03-11 13:00:00,58.72,58.72,67.00,58.72,58.72,58.72
2024-03-11 14:00:00,59.95,59.95,73.47,59.95,59.95,59.95
2024-03-11 15:00:00,61.61,61.61,80.19,61.61,61.61,61.61
2024-03-11 16:00:00,65.32,65.32,91.39,65.32,65.32,65.32
2024-03-11 17:00:00,75.19,75.19,100.70,73.01,73.01,75.19
2024-03-11 18:00:00,72.10,72.10,108.01,70.01,70.01,72.10
2024-03-11 19:00:00,69.20,69.20,87.99,67.19,67.19,69.20
2024-03-11 20:00:00,67.55,67.55,76.71,65.59,65.59,67.55
2024-03-11 21:00:00,64.69,64.69,75.04,63.45,63.45,63.45
2024-03-11 22:00:00,65.77,65.77,67.08,63.23,59.95,59.95
2024-03-11 23:00:00,69.19,69.19,69.19,64.56,64.56,64.56
2024-03-12 00:00:00,65.56,65.56,65.56,63.46,63.46,63.46
2024-03-12 01:00:00,66.51,66.51,66.51,63.30,63.30,63.30
2024-03-12 02:00:00,65.20,65.20,65.20,63.11,63.11,63.11
2024-03-12 03:00:00,65.96,65.96,66.58,63.85,63.85,63.85
2024-03-12 04:00:00,71.37,71.37,71.37,69.16,69.16,69.66
2024-03-12 05:00:00,87.06,87.06,87.06,72.41,72.41,86.28
2024-03-12 06:00:00,96.55,96.55,96.55,95.85,95.85,96.17
2024-03-12 07:00:00,100.78,100.78,100.78,99.30,99.30,100.68
2024-03-12 08:00:00,93.81,93.81,93.81,90.91,90.91,93.81
2024-03-12 09:00:00,85.42,85.42,85.42,83.11,83.11,85.42
2024-03-12 10:00:00,80.68,80.68,80.68,78.18,78.18,80.68
2024-03-12 11:00:00,78.44,78.44,78.44,76.17,76.17,78.44
2024-03-12 12:00:00,78.26,78.26,78.26,73.67,73.67,78.26
2024-03-12 13:00:00,79.02,79.02,79.02,70.06,70.06,79.02
2024-03-12 14:00:00,86.34,86.34,86.34,69.01,69.01,86.34
2024-03-12 15:00:00,101.61,101.61,101.61,69.00,69.00,99.35
2024-03-12 16:00:00,113.06,113.06,113.06,75.38,75.38,113.06
2024-03-12 17:00:00,134.92,134.92,134.92,82.33,82.33,132.06
2024-03-12 18:00:00,124.57,124.57,124.57,99.13,99.13,123.42
2024-03-12 19:00:00,97.48,97.48,97.48,71.09,71.09,96.55
2024-03-12 20:00:00,83.63,83.63,83.63,71.41,71.41,83.00
2024-03-12 21:00:00,78.93,78.93,78.93,68.27,68.27,78.54
2024-03-12 22:00:00,70.33,70.33,70.33,63.15,63.15,70.04
2024-03-12 23:00:00,63.93,63.93,63.93,58.86,58.86,63.65
2024-03-13 00:00:00,62.30,62.30,62.30,57.34,57.34,61.93
2024-03-13 01:00:00,61.79,61.79,61.79,56.68,56.68,61.36
2024-03-13 02:00:00,60.89,60.89,61.37,56.18,56.18,60.89
2024-03-13 03:00:00,59.87,62.46,64.00,56.49,56.49,62.46
2024-03-13 04:00:00,62.30,66.80,66.80,58.41,58.41,66.80
2024-03-13 05:00:00,77.32,77.32,77.32,60.25,60.25,77.32
2024-03-13 06:00:00,76.47,88.27,88.27,68.65,73.05,88.27
2024-03-13 07:00:00,89.80,89.91,89.91,87.12,89.80,89.91
2024-03-13 08:00:00,76.85,77.71,77.71,74.62,76.85,77.71
2024-03-13 09:00:00,67.38,68.07,68.07,65.43,67.38,68.07
2024-03-13 10:00:00,62.80,64.85,64.85,60.98,60.98,64.85
2024-03-13 11:00:00,61.69,64.61,64.61,59.90,59.90,64.61
2024-03-13 12:00:00,59.41,64.83,64.83,57.68,57.68,64.83
2024-03-13 13:00:00,58.64,63.96,63.96,56.94,56.94,63.96
2024-03-13 14:00:00,57.30,67.84,67.84,56.77,56.77,67.84
2024-03-13 15:00:00,60.80,71.77,73.53,59.07,59.07,71.77
2024-03-13 16:00:00,66.12,89.91,89.91,63.04,63.04,89.91
2024-03-13 17:00:00,72.21,95.45,97.80,63.01,63.01,95.45
2024-03-13 18:00:00,65.19,65.19,94.36,59.69,55.04,65.19
2024-03-13 19:00:00,51.55,51.55,76.98,55.87,35.71,51.55
2024-03-13 20:00:00,54.56,54.56,66.82,54.56,30.89,54.56
2024-03-13 21:00:00,53.77,53.77,68.11,53.77,25.91,25.91
2024-03-13 22:00:00,51.78,51.78,63.88,53.33,12.50,12.50
2024-03-13 23:00:00,51.82,51.82,63.29,52.63,26.21,26.21
2024-03-14 00:00:00,50.45,50.45,56.90,51.95,20.98,20.98
2024-03-14 01:00:00,49.63,49.63,57.52,51.11,19.02,19.02
2024-03-14 02:00:00,49.13,49.13,57.00,50.60,12.95,12.95
2024-03-14 03:00:00,50.71,50.71,61.40,51.97,14.26,14.26
2024-03-14 04:00:00,51.53,51.53,64.07,53.07,19.94,19.94
2024-03-14 05:00:00,56.50,56.50,75.05,54.96,26.87,26.87
2024-03-14 06:00:00,57.92,57.92,88.06,56.24,30.37,57.92
2024-03-14 07:00:00,59.65,59.65,81.99,57.92,30.49,59.65
2024-03-14 08:00:00,57.89,57.89,65.71,56.22,30.13,57.89
2024-03-14 09:00:00,52.42,52.42,54.32,53.98,30.34,52.42
2024-03-14 10:00:00,49.84,49.84,52.37,51.33,30.63,49.84
2024-03-14 11:00:00,49.71,49.71,52.83,51.20,29.97,49.71
2024-03-14 12:00:00,46.96,46.96,49.16,50.47,29.04,43.91
2024-03-14 13:00:00,47.73,47.73,52.84,52.07,27.45,27.45
2024-03-14 14:00:00,53.68,53.68,58.91,54.26,24.94,53.68
2024-03-14 15:00:00,55.84,55.84,73.21,55.26,22.35,55.84
2024-03-14 16:00:00,67.81,67.81,91.04,58.37,20.94,67.81
2024-03-14 17:00:00,67.08,67.08,114.77,59.64,23.26,67.08
2024-03-14 18:00:00,58.25,58.25,91.04,58.25,19.36,58.25
2024-03-14 19:00:00,55.99,55.99,74.09,55.99,14.26,20.06
2024-03-14 20:00:00,55.14,55.14,62.63,55.14,3.49,3.49
2024-03-14 21:00:00,54.45,54.45,59.62,54.45,0.10,0.10
2024-03-14 22:00:00,51.66,32.02,51.66,52.46,-0.09,-0.09
2024-03-14 23:00:00,47.89,47.89,48.39,49.32,-0.11,-0.11
2024-03-15 00:00:00,46.58,46.58,46.58,47.97,-0.11,-0.11
2024-03-15 01:00:00,45.57,45.57,45.57,46.94,-0.10,-0.10
2024-03-15 02:00:00,43.95,43.95,43.95,45.26,-0.06,-0.06
2024-03-15 03:00:00,44.19,37.41,46.96,45.51,0.01,0.01
2024-03-15 04:00:00,43.36,43.36,49.35,47.82,13.40,13.40
2024-03-15 05:00:00,48.30,48.30,62.26,51.73,27.25,27.25
2024-03-15 06:00:00,57.75,57.75,69.53,54.32,35.37,57.75
2024-03-15 07:00:00,63.93,63.93,68.75,54.71,39.51,63.93
2024-03-15 08:00:00,53.80,53.80,53.80,53.23,42.09,52.51
2024-03-15 09:00:00,46.56,46.56,46.56,50.84,44.97,44.97
2024-03-15 10:00:00,39.27,39.27,39.27,48.54,39.18,39.18
2024-03-15 11:00:00,38.34,38.34,38.34,47.40,38.34,38.34
2024-03-15 12:00:00,36.87,37.95,36.87,47.54,37.95,37.95
2024-03-15 13:00:00,44.93,43.85,44.93,49.33,43.85,43.85
2024-03-15 14:00:00,50.31,50.31,51.55,51.53,50.31,50.31
2024-03-15 15:00:00,54.53,54.53,66.70,53.31,51.85,54.53
2024-03-15 16:00:00,60.48,60.48,86.92,55.61,55.61,60.48
2024-03-15 17:00:00,58.51,58.51,82.03,56.79,56.79,58.51
2024-03-15 18:00:00,57.20,57.20,87.99,55.54,52.20,57.20
2024-03-15 19:00:00,55.82,55.82,64.26,54.27,48.92,48.92
2024-03-15 20:00:00,51.71,51.71,55.36,53.25,43.94,43.94
2024-03-15 21:00:00,50.16,50.16,56.35,51.66,40.00,40.00
2024-03-15 22:00:00,49.33,38.22,49.33,50.75,38.22,38.22
2024-03-15 23:00:00,44.12,38.05,44.12,48.04,38.05,38.05
2024-03-16 00:00:00,42.01,38.09,42.01,45.49,38.09,38.09
2024-03-16 01:00:00,40.69,36.68,40.69,41.99,36.68,36.68
2024-03-16 02:00:00,38.88,35.62,38.88,40.13,35.62,35.62
2024-03-16 03:00:00,38.67,34.90,38.67,39.91,34.90,34.90
2024-03-16 04:00:00,40.34,34.26,40.34,43.14,34.26,34.26
2024-03-16 05:00:00,47.26,34.28,47.26,47.26,34.28,34.28
2024-03-16 06:00:00,49.38,35.57,51.31,49.72,35.57,35.57
2024-03-16 07:00:00,47.25,37.08,52.24,49.61,37.08,37.08
2024-03-16 08:00:00,46.76,38.89,47.01,48.15,38.89,38.89
2024-03-16 09:00:00,44.88,39.19,44.88,46.69,39.19,39.19
2024-03-16 10:00:00,41.62,38.89,41.62,43.95,38.89,38.89
2024-03-16 11:00:00,36.70,35.82,36.70,40.02,35.82,35.82
2024-03-16 12:00:00,21.02,21.90,21.02,43.16,21.90,21.90
2024-03-16 13:00:00,10.99,12.99,10.99,44.69,12.99,12.99
2024-03-16 14:00:00,31.01,29.00,31.01,47.20,29.00,29.00
2024-03-16 15:00:00,46.98,34.22,46.98,49.71,34.22,34.22
2024-03-16 16:00:00,49.81,38.22,72.08,51.56,38.22,38.22
2024-03-16 17:00:00,53.56,37.92,81.69,53.56,37.92,37.92
2024-03-16 18:00:00,52.21,33.16,87.31,53.77,33.16,33.16
2024-03-16 19:00:00,52.21,29.69,79.46,53.77,29.69,29.69
2024-03-16 20:00:00,53.74,28.88,72.99,53.74,28.88,28.88
2024-03-16 21:00:00,52.29,25.37,72.31,53.85,25.37,25.37
2024-03-16 22:00:00,56.62,17.03,67.10,54.98,17.03,17.03
2024-03-16 23:00:00,64.99,26.40,64.99,54.72,26.40,26.40
2024-03-17 00:00:00,60.49,27.51,60.49,54.97,27.51,27.51
2024-03-17 01:00:00,55.83,29.11,55.97,54.22,29.11,29.11
2024-03-17 02:00:00,57.47,30.30,58.75,54.75,30.30,30.30
2024-03-17 03:00:00,58.16,35.05,60.45,54.79,35.05,35.05
2024-03-17 04:00:00,59.90,38.47,60.49,55.06,38.47,38.47
2024-03-17 05:00:00,60.10,54.53,62.60,54.93,41.29,41.29
2024-03-17 06:00:00,56.60,56.60,56.60,54.25,49.20,49.20
2024-03-17 07:00:00,50.58,50.58,50.58,51.40,49.48,49.48
2024-03-17 08:00:00,47.15,47.15,47.15,49.70,47.15,47.15
2024-03-17 09:00:00,45.40,45.40,45.40,48.15,45.40,45.40
2024-03-17 10:00:00,45.91,45.91,45.91,47.28,45.91,45.91
2024-03-17 11:00:00,41.81,41.81,41.81,45.98,41.81,41.81
2024-03-17 12:00:00,40.15,40.15,40.15,48.91,40.15,40.15
2024-03-17 13:00:00,48.06,48.06,48.06,51.65,46.91,46.91
2024-03-17 14:00:00,56.12,56.12,56.12,54.32,54.32,54.32
2024-03-17 15:00:00,71.76,71.76,71.76,57.46,57.46,57.46
2024-03-17 16:00:00,82.86,82.86,85.44,73.18,73.18,82.86
2024-03-17 17:00:00,94.11,94.31,94.31,91.38,92.04,92.04
2024-03-17 18:00:00,88.29,88.29,88.29,85.56,85.56,86.17
2024-03-17 19:00:00,62.84,75.08,77.89,61.02,61.02,75.08
2024-03-17 20:00:00,59.45,59.45,72.33,57.73,57.73,59.45
2024-03-17 21:00:00,57.05,57.05,72.10,55.40,55.40,55.40
2024-03-17 22:00:00,55.95,55.95,65.91,54.32,45.43,45.43
2024-03-17 23:00:00,56.18,56.18,64.12,54.55,54.52,54.52
2024-03-18 00:00:00,55.96,55.96,57.14,54.34,41.15,41.15
2024-03-18 01:00:00,55.82,55.82,58.31,54.20,43.83,55.82
2024-03-18 02:00:00,55.68,55.68,59.38,54.07,54.07,55.68
2024-03-18 03:00:00,55.86,55.86,64.38,54.24,54.24,55.86
2024-03-18 04:00:00,57.26,57.26,70.80,55.60,55.60,57.26
2024-03-18 05:00:00,59.38,84.25,86.32,57.66,57.66,84.25
2024-03-18 06:00:00,68.96,97.71,97.87,66.96,66.96,97.71
2024-03-18 07:00:00,94.16,94.16,94.45,91.43,91.43,94.16
2024-03-18 08:00:00,80.81,80.81,82.80,78.47,78.47,80.81
2024-03-18 09:00:00,72.02,72.02,72.84,69.93,69.93,71.09
2024-03-18 10:00:00,65.04,65.04,66.64,63.15,63.15,65.04
2024-03-18 11:00:00,62.95,62.95,67.70,61.12,61.12,62.95
2024-03-18 12:00:00,60.73,66.66,68.30,58.97,58.97,66.66
2024-03-18 13:00:00,57.75,67.28,68.94,57.75,57.75,67.28
2024-03-18 14:00:00,65.00,71.63,73.40,57.58,57.58,71.63
2024-03-18 15:00:00,68.38,77.08,78.98,57.74,57.74,77.08
2024-03-18 16:00:00,69.09,107.65,107.65,61.82,66.10,107.65
2024-03-18 17:00:00,74.46,142.51,145.71,60.90,74.46,142.51
2024-03-18 18:00:00,95.16,126.48,126.53,60.24,60.24,126.48
2024-03-18 19:00:00,97.88,101.23,103.72,59.91,59.91,101.23
2024-03-18 20:00:00,79.74,79.74,81.20,57.56,57.56,79.74
2024-03-18 21:00:00,71.20,76.50,78.38,56.83,56.83,76.50
2024-03-18 22:00:00,56.99,72.66,74.45,55.34,44.31,72.66
2024-03-18 23:00:00,56.71,70.27,72.00,55.07,42.40,70.27
2024-03-19 00:00:00,55.67,69.53,71.24,54.06,43.08,69.53
2024-03-19 01:00:00,56.66,69.93,71.65,53.52,44.67,69.93
2024-03-19 02:00:00,51.53,69.84,71.55,51.53,45.99,69.84
2024-03-19 03:00:00,53.40,56.86,71.24,51.85,48.24,56.86
2024-03-19 04:00:00,56.59,69.31,71.01,54.95,54.95,69.31
2024-03-19 05:00:00,60.85,87.35,89.50,59.09,59.09,87.35
2024-03-19 06:00:00,91.04,110.47,110.78,88.40,91.04,110.47
2024-03-19 07:00:00,95.87,95.87,95.87,93.09,95.87,95.87
2024-03-19 08:00:00,72.02,72.02,72.02,69.76,72.02,72.02
2024-03-19 09:00:00,64.15,64.15,65.36,61.12,64.15,64.15
2024-03-19 10:00:00,57.41,57.41,58.82,57.09,57.41,57.41
2024-03-19 11:00:00,54.47,54.47,54.47,54.47,54.47,54.47
2024-03-19 12:00:00,54.96,55.36,56.72,54.96,54.96,55.36
2024-03-19 13:00:00,56.24,59.03,60.48,56.24,56.24,59.03
2024-03-19 14:00:00,62.30,68.37,70.05,58.27,58.27,68.37
2024-03-19 15:00:00,65.26,71.93,73.70,62.37,62.37,71.93
2024-03-19 16:00:00,90.70,101.46,103.95,68.70,68.70,101.46
2024-03-19 17:00:00,112.45,128.27,131.42,66.24,66.24,128.27
2024-03-19 18:00:00,125.26,125.87,128.96,59.16,59.16,125.87
2024-03-19 19:00:00,107.36,107.36,110.00,57.52,57.52,107.36
2024-03-19 20:00:00,86.88,86.88,89.02,57.48,49.38,86.88
2024-03-19 21:00:00,81.50,81.50,81.72,57.56,45.93,79.76
2024-03-19 22:00:00,76.10,76.10,76.10,56.78,42.57,74.27
2024-03-19 23:00:00,76.01,76.01,76.01,57.79,46.05,74.19
2024-03-20 00:00:00,73.40,73.40,73.40,57.50,45.94,45.94
2024-03-20 01:00:00,74.90,74.90,74.90,57.31,46.62,46.62
2024-03-20 02:00:00,75.70,75.70,75.70,57.29,47.75,47.75
2024-03-20 03:00:00,76.36,76.36,76.36,57.40,50.15,50.15
2024-03-20 04:00:00,80.90,80.90,80.90,57.94,50.18,78.96
2024-03-20 05:00:00,116.00,116.00,116.00,59.73,59.73,113.22
2024-03-20 06:00:00,116.24,116.24,116.24,111.95,111.95,113.45
2024-03-20 07:00:00,98.33,98.33,98.33,95.97,95.97,95.97
2024-03-20 08:00:00,70.63,70.63,70.63,68.92,68.92,68.93
2024-03-20 09:00:00,66.00,66.00,66.00,64.09,65.21,65.21
2024-03-20 10:00:00,65.39,65.39,65.39,63.36,63.82,63.82
2024-03-20 11:00:00,61.43,61.43,61.43,59.96,59.96,59.96
2024-03-20 12:00:00,63.95,63.95,63.95,61.97,61.97,62.42
2024-03-20 13:00:00,64.35,64.35,64.35,62.81,62.81,62.81
2024-03-20 14:00:00,70.78,70.78,70.78,68.13,68.13,69.08
2024-03-20 15:00:00,87.07,87.07,87.07,73.52,73.52,87.07
2024-03-20 16:00:00,119.68,119.68,119.68,112.29,112.29,119.68
2024-03-20 17:00:00,168.54,168.54,168.54,158.48,158.48,164.50
2024-03-20 18:00:00,159.05,159.05,159.05,98.10,98.10,155.23
2024-03-20 19:00:00,124.95,124.95,124.95,65.02,65.02,124.95
2024-03-20 20:00:00,106.52,106.52,106.52,61.19,61.19,103.97
2024-03-20 21:00:00,96.07,96.07,96.07,59.31,59.31,93.76
2024-03-20 22:00:00,79.98,79.98,79.98,58.09,58.09,78.06
2024-03-20 23:00:00,76.18,76.18,76.18,59.41,59.41,74.36
2024-03-21 00:00:00,73.37,73.37,73.37,58.83,58.83,71.60
2024-03-21 01:00:00,71.55,71.55,71.55,58.51,58.02,69.83
2024-03-21 02:00:00,69.82,69.82,71.32,58.55,58.55,69.61
2024-03-21 03:00:00,69.30,69.30,71.00,59.03,59.03,69.30
2024-03-21 04:00:00,71.74,71.74,73.51,61.01,61.01,71.74
2024-03-21 05:00:00,81.00,87.11,89.26,66.47,81.00,87.11
2024-03-21 06:00:00,98.21,98.21,98.21,94.27,98.21,98.21
2024-03-21 07:00:00,102.29,102.29,102.29,100.01,102.29,102.29
2024-03-21 08:00:00,80.00,80.00,80.00,77.68,80.00,80.00
2024-03-21 09:00:00,72.41,72.41,72.41,70.34,72.41,72.41
2024-03-21 10:00:00,68.03,68.03,68.03,66.03,66.40,66.40
2024-03-21 11:00:00,64.64,64.64,64.64,62.76,63.06,63.06
2024-03-21 12:00:00,59.96,59.96,59.96,59.64,59.64,59.64
2024-03-21 13:00:00,65.24,65.24,66.85,61.93,65.24,65.24
2024-03-21 14:00:00,64.69,64.69,66.28,62.13,64.69,64.69
2024-03-21 15:00:00,75.27,75.27,75.27,61.76,75.27,75.27
2024-03-21 16:00:00,100.90,100.90,100.90,89.02,100.90,100.90
2024-03-21 17:00:00,127.13,127.13,127.13,117.13,127.13,127.13
2024-03-21 18:00:00,120.69,122.85,122.85,116.83,120.69,122.85
2024-03-21 19:00:00,93.08,93.08,94.04,81.91,81.91,93.08
2024-03-21 20:00:00,76.27,77.69,79.60,61.49,61.49,77.69
2024-03-21 21:00:00,67.30,75.62,77.48,59.52,59.52,75.62
2024-03-21 22:00:00,56.92,56.92,71.23,56.92,41.02,56.92
2024-03-21 23:00:00,19.92,37.68,56.34,54.27,37.68,37.68
2024-03-22 00:00:00,34.26,34.26,52.24,50.62,34.26,34.26
2024-03-22 01:00:00,32.24,32.24,49.69,48.15,32.24,32.24
2024-03-22 02:00:00,28.92,28.92,51.83,47.26,28.92,28.92
2024-03-22 03:00:00,31.92,31.92,52.80,45.21,31.92,31.92
2024-03-22 04:00:00,39.55,36.94,59.89,48.35,36.94,36.94
2024-03-22 05:00:00,42.38,42.32,74.10,51.30,42.32,42.32
2024-03-22 06:00:00,64.02,48.05,67.39,55.10,48.05,48.05
2024-03-22 07:00:00,64.57,53.23,68.09,58.39,53.23,53.23
2024-03-22 08:00:00,56.32,56.32,56.32,55.64,54.97,54.97
2024-03-22 09:00:00,51.81,51.81,51.81,53.25,51.28,51.28
2024-03-22 10:00:00,49.85,49.85,49.85,51.45,48.80,48.80
2024-03-22 11:00:00,49.76,49.76,49.76,51.24,48.60,48.60
2024-03-22 12:00:00,50.26,50.26,51.49,51.76,50.26,50.26
2024-03-22 13:00:00,48.75,48.75,52.39,51.29,48.75,48.75
2024-03-22 14:00:00,49.81,49.81,59.97,52.80,49.81,49.81
2024-03-22 15:00:00,53.42,53.42,76.87,53.42,53.42,53.42
2024-03-22 16:00:00,63.94,63.94,88.98,58.03,58.03,58.03
2024-03-22 17:00:00,60.63,60.63,121.59,59.51,59.51,59.51
2024-03-22 18:00:00,62.17,62.17,118.71,59.73,59.73,59.73
2024-03-22 19:00:00,61.09,61.09,95.00,59.32,54.03,54.03
2024-03-22 20:00:00,60.50,60.50,82.25,58.75,50.64,50.64
2024-03-22 21:00:00,60.12,60.12,80.15,56.80,49.48,49.48
2024-03-22 22:00:00,54.51,54.51,77.47,54.51,46.58,46.58
2024-03-22 23:00:00,36.79,36.79,77.77,53.23,36.79,36.79
2024-03-23 00:00:00,49.68,49.68,72.47,51.17,37.30,37.30
2024-03-23 01:00:00,51.01,51.01,65.92,51.01,36.91,36.91
2024-03-23 02:00:00,49.99,49.99,63.98,50.01,37.91,37.91
2024-03-23 03:00:00,50.44,50.44,59.84,50.44,38.03,38.03
2024-03-23 04:00:00,48.82,48.82,61.44,50.28,38.11,38.11
2024-03-23 05:00:00,47.87,47.87,58.34,49.30,41.95,41.95
2024-03-23 06:00:00,43.48,43.48,52.82,44.78,43.48,43.48
2024-03-23 07:00:00,37.72,37.72,39.12,37.72,37.72,37.72
2024-03-23 08:00:00,13.20,23.93,13.20,23.93,23.93,23.93
2024-03-23 09:00:00,0.02,2.01,0.02,11.60,11.60,11.60
2024-03-23 10:00:00,-0.05,1.53,-0.05,10.40,10.40,10.40
2024-03-23 11:00:00,-1.94,0.71,-1.94,10.35,10.35,10.35
2024-03-23 12:00:00,-2.74,0.01,-5.71,14.52,14.52,14.52
2024-03-23 13:00:00,-2.71,0.01,-8.45,23.96,23.96,23.96
2024-03-23 14:00:00,-1.46,2.02,-1.46,29.28,29.28,29.28
2024-03-23 15:00:00,0.07,14.78,0.07,38.37,38.37,38.37
2024-03-23 16:00:00,47.80,48.29,47.80,48.29,48.29,48.29
2024-03-23 17:00:00,55.37,54.89,70.09,54.89,54.89,54.89
2024-03-23 18:00:00,58.64,58.64,69.15,58.64,58.64,58.64
2024-03-23 19:00:00,52.94,51.81,52.94,52.94,51.81,51.81
2024-03-23 20:00:00,45.84,46.97,45.84,48.01,46.97,46.97
2024-03-23 21:00:00,40.28,40.28,40.28,40.28,40.28,40.28
2024-03-23 22:00:00,28.39,28.39,28.39,31.22,31.22,31.22
2024-03-23 23:00:00,32.10,36.26,32.10,36.26,36.26,36.26
2024-03-24 00:00:00,13.28,33.87,13.28,33.87,33.87,33.87
2024-03-24 01:00:00,10.13,33.37,10.13,33.37,33.37,33.37
2024-03-24 02:00:00,17.00,33.54,17.00,33.54,33.54,33.54
2024-03-24 03:00:00,19.92,19.92,19.92,35.16,35.16,35.16
2024-03-24 04:00:00,26.82,26.82,26.82,36.34,36.34,36.34
2024-03-24 05:00:00,24.90,24.90,14.87,33.17,33.17,33.17
2024-03-24 06:00:00,36.15,36.15,1.96,37.23,37.23,37.23
2024-03-24 07:00:00,40.71,41.92,0.00,41.92,41.92,41.92
2024-03-24 08:00:00,43.78,45.09,0.00,45.09,45.09,45.09
2024-03-24 09:00:00,42.07,46.25,0.00,46.25,46.25,46.25
2024-03-24 10:00:00,48.23,48.23,0.00,48.23,48.23,48.23
2024-03-24 11:00:00,49.63,49.63,0.00,49.63,49.63,49.63
2024-03-24 12:00:00,48.31,49.24,0.00,49.75,49.24,49.24
2024-03-24 13:00:00,49.04,49.53,0.00,50.51,49.53,49.53
2024-03-24 14:00:00,51.23,51.23,0.00,51.99,51.23,51.23
2024-03-24 15:00:00,52.72,54.90,16.69,54.90,54.90,54.90
2024-03-24 16:00:00,59.40,59.40,59.40,59.40,59.40,59.40
2024-03-24 17:00:00,75.00,75.00,75.00,67.40,75.00,75.00
2024-03-24 18:00:00,74.90,74.90,74.90,72.73,74.90,74.90
2024-03-24 19:00:00,66.90,66.90,66.90,64.96,66.90,66.90
2024-03-24 20:00:00,64.77,64.77,64.77,62.90,64.77,64.77
2024-03-24 21:00:00,64.27,64.27,64.27,62.41,64.27,64.27
2024-03-24 22:00:00,62.97,62.97,62.97,61.15,62.20,62.20
2024-03-24 23:00:00,62.51,62.51,62.51,60.70,62.51,62.51
2024-03-25 00:00:00,62.29,62.29,62.29,60.49,62.29,62.29
2024-03-25 01:00:00,62.48,62.48,62.48,60.67,61.97,61.97
2024-03-25 02:00:00,64.51,64.51,64.51,62.51,63.95,63.95
2024-03-25 03:00:00,66.96,66.96,66.96,64.88,66.96,66.96
2024-03-25 04:00:00,77.14,77.14,77.14,74.18,77.14,77.14
2024-03-25 05:00:00,88.43,88.43,88.43,85.46,88.43,88.43
2024-03-25 06:00:00,113.87,113.87,113.87,110.57,113.87,113.87
2024-03-25 07:00:00,99.68,99.68,99.68,96.79,99.68,99.68
2024-03-25 08:00:00,77.43,77.43,77.43,75.19,77.43,77.43
2024-03-25 09:00:00,70.05,70.05,70.05,68.02,70.05,70.05
2024-03-25 10:00:00,63.66,63.66,63.66,61.69,63.66,63.66
2024-03-25 11:00:00,61.85,61.85,61.85,60.31,61.85,61.85
2024-03-25 12:00:00,63.22,63.22,63.22,61.26,63.22,63.22
2024-03-25 13:00:00,64.52,64.52,64.52,62.65,64.52,64.52
2024-03-25 14:00:00,73.97,73.97,73.97,71.52,73.97,73.97
2024-03-25 15:00:00,81.05,81.05,81.05,76.96,81.05,81.05
2024-03-25 16:00:00,111.88,111.88,111.88,101.96,111.88,111.88
2024-03-25 17:00:00,174.70,174.70,174.70,160.12,172.15,172.15
2024-03-25 18:00:00,149.75,149.75,149.75,142.56,149.75,149.75
2024-03-25 19:00:00,102.73,102.73,102.73,99.55,100.27,100.27
2024-03-25 20:00:00,82.39,82.39,82.39,68.97,82.39,82.39
2024-03-25 21:00:00,79.56,79.56,79.56,72.73,79.56,79.56
2024-03-25 22:00:00,74.74,74.74,74.74,68.95,74.74,74.74
2024-03-25 23:00:00,79.90,79.90,79.90,70.66,72.15,77.99
2024-03-26 00:00:00,73.30,73.30,73.30,64.08,70.15,70.15
2024-03-26 01:00:00,68.91,68.91,68.91,63.76,67.26,67.26
2024-03-26 02:00:00,67.98,67.98,67.98,63.89,66.35,66.35
2024-03-26 03:00:00,70.07,70.07,70.07,61.99,68.39,68.39
2024-03-26 04:00:00,72.28,72.28,72.28,65.12,70.84,70.84
2024-03-26 05:00:00,80.38,80.38,80.38,72.92,72.92,78.45
2024-03-26 06:00:00,79.20,79.20,79.20,79.20,79.20,79.20
2024-03-26 07:00:00,72.10,72.10,72.10,69.79,72.10,72.10
2024-03-26 08:00:00,62.00,59.91,62.00,59.48,59.91,59.91
2024-03-26 09:00:00,49.50,54.85,49.50,54.85,54.85,54.85
2024-03-26 10:00:00,49.35,52.22,37.03,52.22,52.22,52.22
2024-03-26 11:00:00,48.47,49.92,11.49,49.92,49.92,49.92
2024-03-26 12:00:00,45.94,47.99,27.35,47.99,47.99,47.99
2024-03-26 13:00:00,37.10,49.56,37.10,49.56,49.56,49.56
2024-03-26 14:00:00,51.93,55.14,51.93,55.14,55.14,55.14
2024-03-26 15:00:00,66.90,63.69,68.06,58.95,63.69,63.69
2024-03-26 16:00:00,66.59,66.59,81.05,61.03,66.59,66.59
2024-03-26 17:00:00,63.43,63.43,100.75,61.59,63.43,63.43
2024-03-26 18:00:00,61.64,61.64,100.30,59.86,59.86,59.86
2024-03-26 19:00:00,58.36,58.36,80.00,58.36,58.36,58.36
2024-03-26 20:00:00,58.01,58.01,77.05,58.01,58.01,58.01
2024-03-26 21:00:00,56.65,56.65,72.82,56.65,56.65,56.65
2024-03-26 22:00:00,55.17,55.17,66.92,55.17,55.17,55.17
2024-03-26 23:00:00,56.09,56.09,58.35,56.09,50.55,50.55
2024-03-27 00:00:00,56.91,56.91,57.09,55.26,48.42,48.42
2024-03-27 01:00:00,57.10,57.10,57.28,55.45,46.48,46.48
2024-03-27 02:00:00,53.86,53.86,57.79,53.86,46.46,46.46
2024-03-27 03:00:00,52.95,52.95,60.03,52.95,46.97,46.97
2024-03-27 04:00:00,54.14,54.14,72.38,54.14,47.69,47.69
2024-03-27 05:00:00,56.89,56.89,81.17,56.89,48.99,48.99
2024-03-27 06:00:00,62.37,62.37,82.78,58.91,53.57,62.37
2024-03-27 07:00:00,61.50,61.50,80.01,59.72,59.72,61.50
2024-03-27 08:00:00,61.26,61.26,68.12,59.48,54.71,54.71
2024-03-27 09:00:00,62.86,62.86,63.90,59.38,49.55,49.55
2024-03-27 10:00:00,57.13,57.13,57.13,57.13,45.20,45.20
2024-03-27 11:00:00,57.66,57.66,57.66,56.53,44.99,44.99
2024-03-27 12:00:00,59.54,59.54,60.00,57.66,46.15,46.15
2024-03-27 13:00:00,61.45,61.45,67.80,59.46,47.75,47.75
2024-03-27 14:00:00,62.20,62.20,78.93,59.95,47.89,47.89
2024-03-27 15:00:00,76.00,76.00,84.14,60.49,47.49,47.49
2024-03-27 16:00:00,94.44,94.44,100.53,60.91,48.51,48.51
2024-03-27 17:00:00,120.42,120.42,125.93,60.53,47.96,91.01
2024-03-27 18:00:00,116.88,116.88,118.94,60.34,46.90,46.90
2024-03-27 19:00:00,97.60,97.60,99.42,60.06,44.79,49.41
2024-03-27 20:00:00,84.25,84.25,84.25,59.87,43.62,43.62
2024-03-27 21:00:00,83.02,83.02,83.02,59.53,43.00,43.00
2024-03-27 22:00:00,74.47,74.47,74.47,59.11,42.06,42.06
2024-03-27 23:00:00,79.09,79.09,79.09,58.94,35.64,35.64
2024-03-28 00:00:00,72.60,72.60,72.60,57.98,37.63,37.63
2024-03-28 01:00:00,65.24,65.24,65.24,57.66,35.56,35.56
2024-03-28 02:00:00,58.10,58.10,64.41,56.46,35.14,35.14
2024-03-28 03:00:00,57.40,57.40,66.69,55.74,38.18,38.18
2024-03-28 04:00:00,57.52,57.52,71.60,56.46,40.69,40.69
2024-03-28 05:00:00,60.01,60.01,82.07,57.66,43.62,43.62
2024-03-28 06:00:00,76.05,76.05,83.19,59.00,47.96,49.20
2024-03-28 07:00:00,80.92,80.92,80.92,57.73,53.47,53.47
2024-03-28 08:00:00,63.24,63.24,63.24,56.28,55.53,55.53
2024-03-28 09:00:00,47.07,46.16,47.07,54.03,46.16,46.16
2024-03-28 10:00:00,37.82,37.91,37.00,49.91,37.91,37.91
2024-03-28 11:00:00,32.91,32.91,6.74,45.99,32.91,32.91
2024-03-28 12:00:00,30.29,30.29,0.05,44.61,30.29,30.29
2024-03-28 13:00:00,29.47,29.47,0.04,40.96,29.47,29.47
2024-03-28 14:00:00,24.67,24.67,9.82,42.47,24.67,24.67
2024-03-28 15:00:00,33.17,34.99,33.17,46.46,34.99,34.99
2024-03-28 16:00:00,52.72,44.33,52.72,52.46,44.33,44.33
2024-03-28 17:00:00,63.68,63.68,73.97,55.13,43.69,63.68
2024-03-28 18:00:00,62.17,62.17,70.33,56.92,42.52,62.17
2024-03-28 19:00:00,54.84,38.92,62.54,54.84,38.92,38.92
2024-03-28 20:00:00,51.83,36.10,51.83,51.52,36.10,36.10
2024-03-28 21:00:00,33.05,31.12,33.05,45.00,31.12,31.12
2024-03-28 22:00:00,25.00,24.08,25.00,35.46,24.08,24.08
2024-03-28 23:00:00,20.60,20.60,20.60,29.98,20.60,20.60
2024-03-29 00:00:00,18.83,18.38,18.83,19.46,18.38,18.38
2024-03-29 01:00:00,12.43,12.13,12.43,16.99,12.13,12.13
2024-03-29 02:00:00,10.24,9.99,10.24,16.99,9.99,9.99
2024-03-29 03:00:00,12.59,12.01,12.59,16.99,12.01,12.01
2024-03-29 04:00:00,14.32,12.77,14.32,17.00,12.77,12.77
2024-03-29 05:00:00,22.02,21.49,22.02,26.21,21.49,21.49
2024-03-29 06:00:00,22.39,22.39,22.39,42.25,22.39,22.39
2024-03-29 07:00:00,15.94,15.94,15.94,42.59,15.94,15.94
2024-03-29 08:00:00,13.28,13.28,13.28,44.00,13.28,13.28
2024-03-29 09:00:00,16.88,16.88,16.88,36.65,16.88,16.88
2024-03-29 10:00:00,18.83,18.83,18.83,19.43,18.83,18.83
2024-03-29 11:00:00,13.00,13.00,13.00,17.00,13.00,13.00
2024-03-29 12:00:00,9.86,9.86,9.86,20.27,9.86,9.86
2024-03-29 13:00:00,13.44,13.44,13.44,44.27,13.44,13.44
2024-03-29 14:00:00,21.58,26.19,21.58,49.14,26.19,26.19
2024-03-29 15:00:00,49.50,44.89,49.50,54.16,39.70,39.70
2024-03-29 16:00:00,79.93,79.93,79.93,56.02,42.32,42.32
2024-03-29 17:00:00,101.97,101.97,101.97,57.71,41.95,41.95
2024-03-29 18:00:00,105.45,105.45,105.45,58.40,41.88,41.88
2024-03-29 19:00:00,87.40,87.40,87.40,58.63,41.98,41.98
2024-03-29 20:00:00,79.93,79.93,79.93,58.05,39.91,39.91
2024-03-29 21:00:00,75.89,75.89,75.89,57.78,37.02,37.02
2024-03-29 22:00:00,70.00,70.00,70.00,57.39,35.48,35.48
2024-03-29 23:00:00,69.30,69.30,69.30,56.84,38.45,38.45
2024-03-30 00:00:00,58.16,58.16,58.16,56.30,38.82,38.82
2024-03-30 01:00:00,58.88,58.88,58.88,56.56,38.81,38.81
2024-03-30 02:00:00,58.95,58.95,58.95,56.57,39.60,39.60
2024-03-30 03:00:00,59.23,59.23,59.23,56.27,41.73,41.73
2024-03-30 04:00:00,65.05,65.05,65.05,56.29,43.52,43.52
2024-03-30 05:00:00,58.57,58.57,58.57,54.53,44.29,44.29
2024-03-30 06:00:00,47.79,47.79,47.79,52.62,45.67,45.67
2024-03-30 07:00:00,45.23,45.23,45.23,48.00,44.10,44.10
2024-03-30 08:00:00,46.18,41.83,43.38,46.18,41.83,41.83
2024-03-30 09:00:00,36.07,36.04,34.49,41.47,36.04,36.04
2024-03-30 10:00:00,25.08,25.08,23.21,25.83,25.08,25.08
2024-03-30 11:00:00,25.74,25.74,14.76,26.51,25.74,25.74
2024-03-30 12:00:00,13.15,12.75,6.85,24.52,12.75,12.75
2024-03-30 13:00:00,15.87,16.26,15.87,39.96,16.26,16.26
2024-03-30 14:00:00,34.20,35.04,34.20,47.11,35.04,35.04
2024-03-30 15:00:00,52.52,51.29,52.52,52.75,51.29,51.29
2024-03-30 16:00:00,77.75,56.66,77.75,56.66,56.66,56.66
2024-03-30 17:00:00,88.11,88.11,88.11,57.49,57.49,57.49
2024-03-30 18:00:00,59.31,59.31,83.53,57.59,54.73,54.73
2024-03-30 19:00:00,59.22,59.22,74.11,57.51,51.81,51.81
2024-03-30 20:00:00,59.03,59.03,71.47,57.32,49.40,49.40
2024-03-30 21:00:00,70.83,70.83,70.83,57.45,45.74,45.74
2024-03-30 22:00:00,65.74,65.74,65.74,57.00,42.09,42.09
2024-03-30 23:00:00,75.70,75.70,75.70,57.18,42.09,42.09
2024-03-31 00:00:00,66.71,66.71,66.71,56.96,42.02,42.02
2024-03-31 01:00:00,64.98,64.98,64.98,57.00,42.10,42.10
2024-03-31 02:00:00,60.48,60.48,60.48,57.35,43.82,43.82
2024-03-31 03:00:00,58.74,58.74,58.74,56.92,46.19,46.19
2024-03-31 04:00:00,64.46,64.46,64.46,57.57,44.57,44.57
2024-03-31 05:00:00,71.51,71.51,71.51,56.98,48.92,48.92
2024-03-31 06:00:00,65.03,65.03,65.03,56.21,50.04,50.04
2024-03-31 07:00:00,50.32,49.31,50.32,53.84,49.31,49.31
2024-03-31 08:00:00,41.03,42.04,41.03,49.96,42.04,42.04
2024-03-31 09:00:00,35.37,35.37,29.52,44.91,35.37,35.37
2024-03-31 10:00:00,35.46,35.46,19.85,40.33,35.46,35.46
2024-03-31 11:00:00,33.10,33.10,3.06,40.07,33.10,33.10
2024-03-31 12:00:00,30.68,30.68,1.03,43.37,30.68,30.68
2024-03-31 13:00:00,32.60,32.60,15.27,46.57,32.60,32.60
2024-03-31 14:00:00,41.07,41.07,41.07,52.70,41.07,41.07
2024-03-31 15:00:00,66.74,66.74,66.74,55.11,52.66,52.66
2024-03-31 16:00:00,89.32,89.32,89.32,57.62,57.62,57.62
2024-03-31 17:00:00,117.29,117.29,117.29,58.60,58.05,58.05
2024-03-31 18:00:00,83.72,83.72,83.72,58.66,50.83,50.83
2024-03-31 19:00:00,70.00,70.00,70.00,58.40,50.09,50.09
2024-03-31 20:00:00,64.51,64.51,64.51,57.64,46.28,46.28
2024-03-31 21:00:00,54.90,54.90,54.90,55.31,43.98,43.98
2024-03-31 22:00:00,49.95,49.95,49.95,53.18,40.41,40.41
2024-03-31 23:00:00,48.98,48.98,48.98,49.65,40.39,40.39
2024-04-01 00:00:00,46.06,46.06,46.06,47.54,40.01,40.01
2024-04-01 01:00:00,43.58,43.58,43.58,44.98,37.49,37.49
2024-04-01 02:00:00,49.40,49.40,49.40,48.10,36.49,36.49
2024-04-01 03:00:00,52.35,52.35,52.35,51.94,36.49,36.49
2024-04-01 04:00:00,58.71,58.71,58.71,55.68,36.88,40.01
2024-04-01 05:00:00,64.49,64.49,64.49,57.17,40.25,52.08
2024-04-01 06:00:00,58.71,58.71,58.71,56.83,42.37,49.30
2024-04-01 07:00:00,60.89,60.89,60.89,56.10,40.87,40.87
2024-04-01 08:00:00,54.36,54.36,54.36,54.11,37.49,37.49
2024-04-01 09:00:00,44.78,30.39,35.39,49.83,30.39,30.39
2024-04-01 10:00:00,48.75,18.04,13.04,48.75,18.04,18.04
2024-04-01 11:00:00,35.19,20.05,0.03,44.78,20.05,20.05
2024-04-01 12:00:00,34.02,10.03,-0.01,44.55,10.03,10.03
2024-04-01 13:00:00,43.68,4.47,-0.01,44.98,4.47,4.47
2024-04-01 14:00:00,44.40,4.12,-0.01,45.72,4.12,4.12
2024-04-01 15:00:00,40.77,13.15,5.79,44.94,13.15,13.15
2024-04-01 16:00:00,48.86,34.61,41.97,48.86,33.91,33.91
2024-04-01 17:00:00,50.08,48.53,48.53,50.08,36.54,36.54
2024-04-01 18:00:00,51.12,49.88,49.88,51.48,32.14,32.14
2024-04-01 19:00:00,48.99,45.69,45.69,48.99,28.09,28.09
2024-04-01 20:00:00,41.00,25.97,25.97,44.86,4.16,4.16
2024-04-01 21:00:00,29.63,7.47,7.47,30.52,0.33,0.33
2024-04-01 22:00:00,43.36,7.97,7.97,44.65,5.54,5.54
2024-04-01 23:00:00,36.33,1.28,1.28,37.36,1.28,1.28
2024-04-02 00:00:00,16.46,0.61,0.61,17.00,0.60,0.60
2024-04-02 01:00:00,7.54,0.87,0.87,7.79,0.84,0.84
2024-04-02 02:00:00,1.94,1.94,1.94,6.39,1.51,1.51
2024-04-02 03:00:00,7.27,7.27,7.27,32.42,7.01,7.01
2024-04-02 04:00:00,57.22,57.22,57.22,50.58,39.89,39.89
2024-04-02 05:00:00,74.36,74.36,74.36,55.59,50.89,61.55
2024-04-02 06:00:00,68.93,67.28,68.93,56.05,56.05,67.28
2024-04-02 07:00:00,46.98,46.82,46.98,51.96,46.82,46.82
2024-04-02 08:00:00,38.29,38.29,2.66,46.97,38.29,38.29
2024-04-02 09:00:00,39.30,39.30,-0.06,44.94,39.30,39.30
2024-04-02 10:00:00,40.07,39.28,-1.09,44.95,39.28,39.28
2024-04-02 11:00:00,43.63,38.37,-0.97,44.95,38.37,38.37
2024-04-02 12:00:00,33.38,33.38,-0.07,46.95,33.38,33.38
2024-04-02 13:00:00,25.10,25.10,0.00,47.96,25.10,25.10
2024-04-02 14:00:00,8.83,8.83,4.31,49.98,8.83,8.83
2024-04-02 15:00:00,41.46,41.20,41.46,52.44,41.20,41.20
2024-04-02 16:00:00,72.70,72.70,72.70,55.42,48.08,70.96
2024-04-02 17:00:00,95.39,95.39,95.39,56.85,45.65,93.10
2024-04-02 18:00:00,94.88,94.88,94.88,57.50,42.90,92.61
2024-04-02 19:00:00,78.13,78.13,78.13,57.83,39.16,42.09
2024-04-02 20:00:00,74.86,74.86,74.86,57.55,25.70,25.70
2024-04-02 21:00:00,70.88,70.88,70.88,57.20,1.66,1.66
2024-04-02 22:00:00,74.13,74.13,74.13,56.88,25.28,25.28
2024-04-02 23:00:00,71.75,71.75,71.75,55.72,20.63,20.63
2024-04-03 00:00:00,70.05,70.05,70.05,54.67,16.95,16.95
2024-04-03 01:00:00,64.66,64.66,72.51,54.47,12.99,12.99
2024-04-03 02:00:00,64.89,64.89,72.34,54.08,26.84,26.84
2024-04-03 03:00:00,68.73,68.73,78.71,55.07,34.98,68.73
2024-04-03 04:00:00,94.91,94.91,94.91,56.66,39.95,88.17
2024-04-03 05:00:00,117.93,117.93,117.93,96.59,46.09,115.10
2024-04-03 06:00:00,117.93,117.93,117.93,114.28,49.82,114.07
2024-04-03 07:00:00,100.98,100.98,100.98,97.95,52.06,89.40
2024-04-03 08:00:00,107.35,107.35,107.35,103.91,50.60,81.23
2024-04-03 09:00:00,90.81,90.81,90.81,87.99,48.60,77.47
2024-04-03 10:00:00,82.03,82.03,82.03,76.22,49.75,73.97
2024-04-03 11:00:00,76.88,76.88,76.88,67.98,48.87,71.48
2024-04-03 12:00:00,73.04,73.04,73.04,59.94,48.41,68.92
2024-04-03 13:00:00,58.77,71.32,73.07,57.07,49.62,71.32
2024-04-03 14:00:00,60.97,74.86,76.70,59.01,53.95,74.86
2024-04-03 15:00:00,70.31,90.22,92.44,59.34,59.26,90.22
2024-04-03 16:00:00,85.00,108.14,108.14,62.97,62.97,108.14
2024-04-03 17:00:00,106.59,120.35,123.30,64.23,64.23,120.35
2024-04-03 18:00:00,99.14,99.14,101.58,61.53,61.53,99.14
2024-04-03 19:00:00,74.71,74.71,80.97,58.46,58.46,74.71
2024-04-03 20:00:00,61.49,61.49,75.51,57.67,57.67,61.49
2024-04-03 21:00:00,55.33,55.33,63.89,55.33,55.33,55.33
2024-04-03 22:00:00,54.52,54.52,54.52,54.52,54.52,54.52
2024-04-03 23:00:00,52.01,52.01,52.01,52.01,52.01,52.01
2024-04-04 00:00:00,50.17,50.17,50.17,50.17,50.17,50.17
2024-04-04 01:00:00,51.57,51.57,51.57,51.57,51.57,51.57
2024-04-04 02:00:00,51.94,51.94,51.94,51.94,51.94,51.94
2024-04-04 03:00:00,54.08,54.08,55.10,54.08,54.08,54.08
2024-04-04 04:00:00,60.90,60.90,67.52,57.21,60.90,60.90
2024-04-04 05:00:00,65.47,77.26,79.16,63.57,77.26,77.26
2024-04-04 06:00:00,75.33,75.33,77.18,73.15,75.33,75.33
2024-04-04 07:00:00,71.79,71.79,71.94,69.71,71.79,71.79
2024-04-04 08:00:00,69.17,69.17,69.45,67.17,69.17,69.17
2024-04-04 09:00:00,63.06,63.06,63.06,61.23,63.06,63.06
2024-04-04 10:00:00,58.08,58.08,58.08,57.40,58.08,58.08
2024-04-04 11:00:00,56.22,56.22,56.22,56.22,56.22,56.22
2024-04-04 12:00:00,55.49,55.49,55.49,55.49,55.49,55.49
2024-04-04 13:00:00,56.17,56.17,56.17,56.17,56.17,56.17
2024-04-04 14:00:00,57.08,57.08,57.08,57.08,57.08,57.08
2024-04-04 15:00:00,69.08,69.08,69.08,65.17,67.42,67.42
2024-04-04 16:00:00,75.36,75.36,75.36,73.02,73.02,75.36
2024-04-04 17:00:00,90.48,90.66,90.66,87.85,87.85,90.66
2024-04-04 18:00:00,69.80,80.58,80.58,67.78,67.78,80.58
2024-04-04 19:00:00,61.73,71.53,73.29,59.94,59.94,71.53
2024-04-04 20:00:00,58.92,69.76,71.47,57.21,57.21,69.76
2024-04-04 21:00:00,57.67,57.67,61.53,56.00,56.00,57.67
2024-04-04 22:00:00,52.85,46.78,62.72,52.85,46.78,46.78
2024-04-04 23:00:00,51.20,48.27,59.08,51.20,48.27,48.27
2024-04-05 00:00:00,49.95,47.52,55.96,49.95,47.52,47.52
2024-04-05 01:00:00,47.91,46.53,56.59,49.34,46.53,46.53
2024-04-05 02:00:00,47.37,47.37,53.90,48.93,47.34,47.34
2024-04-05 03:00:00,47.29,47.29,62.50,50.92,47.29,47.29
2024-04-05 04:00:00,60.16,74.46,76.29,53.26,50.99,74.46
2024-04-05 05:00:00,76.79,82.22,84.24,56.92,56.92,82.22
2024-04-05 06:00:00,80.00,81.00,81.00,61.27,61.27,79.70
2024-04-05 07:00:00,67.59,66.59,67.59,59.96,59.96,65.22
2024-04-05 08:00:00,50.50,50.50,50.50,52.70,50.50,50.50
2024-04-05 09:00:00,45.54,45.54,25.97,48.96,45.54,45.54
2024-04-05 10:00:00,44.43,44.43,9.16,45.76,44.43,44.43
2024-04-05 11:00:00,40.03,40.03,0.00,41.23,40.03,40.03
2024-04-05 12:00:00,37.07,37.07,-0.10,37.07,37.07,37.07
2024-04-05 13:00:00,23.69,31.04,0.05,24.22,31.04,31.04
2024-04-05 14:00:00,8.09,27.61,8.09,23.58,27.61,27.61
2024-04-05 15:00:00,37.46,39.99,37.46,39.99,39.99,39.99
2024-04-05 16:00:00,49.65,49.65,49.65,49.65,49.65,49.65
2024-04-05 17:00:00,53.40,53.40,55.94,53.40,53.40,53.40
2024-04-05 18:00:00,53.92,53.92,55.64,53.92,53.92,53.92
2024-04-05 19:00:00,53.40,53.40,54.71,53.40,53.40,53.40
2024-04-05 20:00:00,52.73,52.73,56.13,52.73,52.73,52.73
2024-04-05 21:00:00,49.62,49.62,55.07,50.68,49.62,49.62
2024-04-05 22:00:00,42.31,42.05,43.08,46.26,42.05,42.05
2024-04-05 23:00:00,43.78,43.78,45.01,45.08,43.78,43.78
2024-04-06 00:00:00,44.00,44.00,46.89,45.31,44.00,44.00
2024-04-06 01:00:00,44.87,44.87,47.56,46.09,44.87,44.87
2024-04-06 02:00:00,47.51,47.51,50.65,47.51,47.51,47.51
2024-04-06 03:00:00,48.25,48.25,54.88,48.25,48.25,48.25
2024-04-06 04:00:00,49.94,49.94,58.73,49.94,49.94,49.94
2024-04-06 05:00:00,51.26,51.26,59.87,51.26,51.26,51.26
2024-04-06 06:00:00,50.23,50.23,59.24,50.23,50.23,50.23
2024-04-06 07:00:00,48.25,48.25,48.94,47.31,48.25,48.25
2024-04-06 08:00:00,29.42,39.12,29.42,39.12,39.12,39.12
2024-04-06 09:00:00,4.60,39.99,-0.73,39.99,39.99,39.99
2024-04-06 10:00:00,16.50,39.55,-16.40,39.55,39.55,39.55
2024-04-06 11:00:00,2.00,37.84,-59.92,37.84,37.84,37.84
2024-04-06 12:00:00,0.04,34.92,-57.59,33.55,34.92,34.92
2024-04-06 13:00:00,0.06,39.21,-34.61,28.15,39.21,39.21
2024-04-06 14:00:00,0.10,39.87,-4.66,15.00,39.87,39.87
2024-04-06 15:00:00,15.81,46.28,15.81,42.26,46.28,46.28
2024-04-06 16:00:00,52.70,52.70,67.56,46.94,52.70,52.70
2024-04-06 17:00:00,50.96,58.37,73.99,50.96,50.96,58.37
2024-04-06 18:00:00,46.88,48.28,68.65,48.28,48.28,48.28
2024-04-06 19:00:00,43.71,45.02,46.46,45.02,45.02,45.02
2024-04-06 20:00:00,39.65,39.86,45.07,40.83,39.86,39.86
2024-04-06 21:00:00,25.26,25.26,25.88,26.01,25.26,25.26
2024-04-06 22:00:00,10.97,11.30,10.97,11.30,11.30,11.30
2024-04-06 23:00:00,0.09,0.10,0.09,0.10,0.10,0.10
2024-04-07 00:00:00,0.00,0.00,0.00,0.00,0.00,0.00
2024-04-07 01:00:00,0.00,0.00,0.00,0.00,0.00,0.00
2024-04-07 02:00:00,0.00,0.00,0.00,0.00,0.00,0.00
2024-04-07 03:00:00,0.00,0.00,0.00,0.00,0.00,0.00
2024-04-07 04:00:00,0.00,0.00,0.00,0.00,0.00,0.00
2024-04-07 05:00:00,0.00,0.00,0.00,0.00,0.00,0.00
2024-04-07 06:00:00,0.00,0.00,0.00,0.00,0.00,0.00
2024-04-07 07:00:00,-0.01,-0.01,-0.01,-0.01,-0.01,-0.01
2024-04-07 08:00:00,-0.16,-0.16,-0.16,-0.16,-0.16,-0.16
2024-04-07 09:00:00,-3.01,-3.01,-3.25,-3.01,-3.01,-3.01
2024-04-07 10:00:00,-4.10,-3.99,-9.94,-3.99,-3.99,-3.99
2024-04-07 11:00:00,-6.55,-6.55,-26.79,-6.55,-6.55,-6.55
2024-04-07 12:00:00,-10.00,-10.00,-20.06,-10.00,-10.00,-10.00
2024-04-07 13:00:00,-5.04,-5.04,-5.04,-5.04,-5.04,-5.04
2024-04-07 14:00:00,-0.16,-0.16,-0.16,-0.16,-0.16,-0.16
2024-04-07 15:00:00,4.28,6.92,6.92,6.75,6.75,6.75
2024-04-07 16:00:00,38.72,91.46,91.46,38.91,27.72,27.72
2024-04-07 17:00:00,46.12,108.39,108.39,46.12,29.87,29.87
2024-04-07 18:00:00,47.79,106.40,106.40,47.79,25.71,25.71
2024-04-07 19:00:00,48.21,89.95,89.95,48.21,23.62,23.62
2024-04-07 20:00:00,45.69,77.46,77.46,45.69,4.96,4.96
2024-04-07 21:00:00,42.75,66.33,72.06,44.03,1.22,1.22
2024-04-07 22:00:00,41.34,70.77,70.77,42.57,2.87,2.87
2024-04-07 23:00:00,39.57,66.28,70.71,40.75,2.48,2.48
2024-04-08 00:00:00,39.16,39.16,68.12,40.33,4.11,4.11
2024-04-08 01:00:00,41.87,41.87,70.71,43.12,4.91,4.91
2024-04-08 02:00:00,44.04,44.04,71.57,45.02,24.42,24.42
2024-04-08 03:00:00,44.86,66.34,77.44,46.20,33.88,33.88
2024-04-08 04:00:00,50.51,101.99,101.99,49.04,39.30,99.54
2024-04-08 05:00:00,53.16,149.78,149.78,51.62,40.42,117.45
2024-04-08 06:00:00,58.00,128.52,128.52,54.73,46.21,115.07
2024-04-08 07:00:00,80.88,85.51,85.51,53.50,51.40,78.05
2024-04-08 08:00:00,54.02,80.60,80.60,52.46,47.64,47.64
2024-04-08 09:00:00,53.56,71.23,71.23,52.01,39.99,39.99
2024-04-08 10:00:00,53.24,64.70,64.70,51.70,38.97,38.97
2024-04-08 11:00:00,56.56,60.00,60.00,51.70,35.61,35.61
2024-04-08 12:00:00,57.89,57.89,57.89,51.70,37.39,37.39
2024-04-08 13:00:00,53.05,63.40,63.40,51.51,43.11,43.11
2024-04-08 14:00:00,70.00,70.00,70.00,51.70,44.51,60.84
2024-04-08 15:00:00,75.01,75.01,75.01,53.05,48.35,73.21
2024-04-08 16:00:00,104.90,104.90,104.90,53.81,51.65,104.90
2024-04-08 17:00:00,137.30,137.30,137.30,57.50,52.83,136.31
2024-04-08 18:00:00,124.80,124.80,124.80,58.31,52.45,124.80
2024-04-08 19:00:00,84.85,84.85,84.85,54.68,52.64,84.85
2024-04-08 20:00:00,77.00,77.00,77.00,53.30,48.99,75.15
2024-04-08 21:00:00,70.19,70.19,70.19,52.24,46.23,68.50
2024-04-08 22:00:00,78.21,78.21,78.21,50.65,41.81,41.81
2024-04-08 23:00:00,69.39,69.39,69.39,50.27,43.00,43.00
2024-04-09 00:00:00,64.73,64.73,64.73,49.96,43.84,43.84
2024-04-09 01:00:00,59.02,59.02,59.95,49.56,45.65,45.65
2024-04-09 02:00:00,60.84,60.84,62.48,49.36,49.36,49.36
2024-04-09 03:00:00,65.48,65.48,68.34,49.82,49.82,65.48
2024-04-09 04:00:00,77.20,84.61,86.69,55.36,55.36,84.61
2024-04-09 05:00:00,89.95,89.95,90.90,85.93,85.93,89.95
2024-04-09 06:00:00,79.78,79.78,79.78,77.31,77.31,77.86
2024-04-09 07:00:00,68.30,68.30,68.30,65.78,65.78,65.78
2024-04-09 08:00:00,51.56,50.48,51.60,50.48,50.48,50.48
2024-04-09 09:00:00,43.98,45.07,43.98,45.07,45.07,45.07
2024-04-09 10:00:00,36.05,37.53,36.05,37.53,37.53,37.53
2024-04-09 11:00:00,10.09,30.04,10.09,15.02,30.04,30.04
2024-04-09 12:00:00,10.50,26.93,10.50,14.09,26.93,26.93
2024-04-09 13:00:00,29.04,29.76,29.04,26.71,29.76,29.76
2024-04-09 14:00:00,38.27,39.80,38.27,39.72,39.80,39.80
2024-04-09 15:00:00,49.90,48.37,50.15,48.37,48.37,48.37
2024-04-09 16:00:00,52.41,64.32,65.90,50.60,50.60,64.32
2024-04-09 17:00:00,50.29,79.79,81.75,48.83,45.96,79.79
2024-04-09 18:00:00,50.81,59.95,81.74,49.33,39.87,59.95
2024-04-09 19:00:00,48.22,48.22,67.98,48.22,38.08,48.22
2024-04-09 20:00:00,45.00,45.00,60.51,45.48,32.89,32.89
2024-04-09 21:00:00,34.54,34.54,35.49,37.87,4.99,4.99
2024-04-09 22:00:00,12.90,9.19,22.89,21.21,7.01,7.01
2024-04-09 23:00:00,5.10,4.10,5.95,5.27,4.10,4.10
2024-04-10 00:00:00,5.00,1.56,6.19,5.15,0.86,0.86
2024-04-10 01:00:00,8.99,1.28,8.99,9.21,0.00,0.00
2024-04-10 02:00:00,24.70,0.17,26.30,25.49,-0.01,-0.01
2024-04-10 03:00:00,35.00,1.54,50.03,37.95,0.00,0.00
2024-04-10 04:00:00,35.01,3.09,75.91,41.07,3.09,3.09
2024-04-10 05:00:00,40.53,13.58,99.63,41.74,13.58,13.58
2024-04-10 06:00:00,41.79,19.44,106.02,43.04,19.44,19.44
2024-04-10 07:00:00,41.48,15.64,80.46,42.72,4.96,4.96
2024-04-10 08:00:00,41.48,12.74,67.66,42.72,1.50,1.50
2024-04-10 09:00:00,32.06,6.10,56.05,41.04,0.00,0.00
2024-04-10 10:00:00,19.21,1.59,55.62,36.41,-0.09,-0.09
2024-04-10 11:00:00,8.93,0.36,30.32,24.76,-1.49,-1.49
2024-04-10 12:00:00,0.06,0.00,31.29,7.59,-2.02,-2.02
2024-04-10 13:00:00,0.28,0.01,55.35,25.28,-2.08,-2.08
2024-04-10 14:00:00,5.30,1.59,62.91,39.08,-2.09,-2.09
2024-04-10 15:00:00,16.38,16.38,75.32,45.97,-1.91,-1.91
2024-04-10 16:00:00,82.65,82.65,100.83,50.10,-1.93,-1.93
2024-04-10 17:00:00,145.46,145.46,191.15,78.91,-1.90,-1.90
2024-04-10 18:00:00,141.10,141.10,191.19,141.10,-2.01,-2.01
2024-04-10 19:00:00,96.85,96.85,115.59,89.95,-2.27,-2.27
2024-04-10 20:00:00,52.56,52.56,86.10,49.66,-2.47,-2.47
2024-04-10 21:00:00,47.22,47.22,76.10,47.22,-3.09,-3.09
2024-04-10 22:00:00,40.68,40.68,72.58,42.44,-3.07,-3.07
2024-04-10 23:00:00,26.67,26.67,67.36,35.75,-3.07,-3.07
2024-04-11 00:00:00,22.20,22.20,62.24,24.46,-3.06,-3.06
2024-04-11 01:00:00,9.99,9.99,58.81,12.49,-3.00,-3.00
2024-04-11 02:00:00,7.98,1.57,59.08,12.49,-2.09,-2.09
2024-04-11 03:00:00,20.00,1.56,55.57,20.60,-1.07,-1.07
2024-04-11 04:00:00,25.75,2.61,74.63,37.59,2.61,2.61
2024-04-11 05:00:00,39.87,39.87,68.80,41.06,12.57,12.57
2024-04-11 06:00:00,41.55,41.55,52.20,41.55,24.71,24.71
2024-04-11 07:00:00,30.00,30.00,30.00,40.28,24.19,24.19
2024-04-11 08:00:00,10.05,10.05,10.05,38.91,7.20,7.20
2024-04-11 09:00:00,0.86,0.86,0.86,39.09,0.84,0.84
2024-04-11 10:00:00,0.91,0.91,0.91,38.78,0.23,0.23
2024-04-11 11:00:00,1.10,1.10,1.10,39.02,0.26,0.26
2024-04-11 12:00:00,0.57,0.57,0.57,39.68,0.27,0.27
2024-04-11 13:00:00,12.88,12.88,29.57,41.47,4.20,4.20
2024-04-11 14:00:00,8.68,8.68,59.74,42.44,8.68,8.68
2024-04-11 15:00:00,46.53,46.53,76.74,45.61,22.29,22.29
2024-04-11 16:00:00,95.42,95.42,100.70,47.54,25.60,25.60
2024-04-11 17:00:00,134.36,134.36,134.36,48.93,25.39,25.39
2024-04-11 18:00:00,119.80,119.80,137.82,58.60,21.00,21.00
2024-04-11 19:00:00,91.05,91.05,98.79,59.81,18.82,18.82
2024-04-11 20:00:00,72.55,72.55,82.42,58.60,4.94,4.94
2024-04-11 21:00:00,60.47,60.47,76.51,54.52,3.46,3.46
2024-04-11 22:00:00,45.54,45.54,75.71,45.54,4.16,4.16
2024-04-11 23:00:00,43.57,43.57,71.74,43.57,4.15,4.15
2024-04-12 00:00:00,44.47,44.47,68.89,42.00,4.37,4.37
2024-04-12 01:00:00,40.82,40.82,69.26,40.82,4.93,4.93
2024-04-12 02:00:00,40.00,40.00,69.52,39.98,15.56,15.56
2024-04-12 03:00:00,40.00,40.00,77.53,40.00,27.51,27.51
2024-04-12 04:00:00,41.29,41.29,91.23,41.29,39.52,39.52
2024-04-12 05:00:00,48.61,48.61,97.00,47.21,47.21,48.61
2024-04-12 06:00:00,69.27,69.27,86.83,64.09,64.09,69.27
2024-04-12 07:00:00,65.59,65.59,70.98,61.87,65.59,65.59
2024-04-12 08:00:00,42.86,42.16,42.86,42.16,42.16,42.16
2024-04-12 09:00:00,18.86,24.94,18.86,25.74,24.94,24.94
2024-04-12 10:00:00,0.00,20.09,0.00,4.61,20.09,20.09
2024-04-12 11:00:00,-0.07,4.98,-0.07,-0.08,4.98,4.98
2024-04-12 12:00:00,0.01,0.81,0.01,0.01,0.81,0.81
2024-04-12 13:00:00,0.18,0.43,0.18,0.43,0.43,0.43
2024-04-12 14:00:00,0.22,17.22,0.22,27.32,17.22,17.22
2024-04-12 15:00:00,50.35,39.40,57.37,39.40,39.40,39.40
2024-04-12 16:00:00,59.69,47.12,81.93,43.54,39.75,39.75
2024-04-12 17:00:00,49.62,47.15,125.95,45.55,30.86,30.86
2024-04-12 18:00:00,49.53,47.19,124.13,48.09,23.39,23.39
2024-04-12 19:00:00,47.11,47.11,86.60,45.74,19.17,19.17
2024-04-12 20:00:00,45.89,45.89,77.99,44.56,14.87,14.87
2024-04-12 21:00:00,44.13,44.13,68.10,42.85,4.92,4.92
2024-04-12 22:00:00,32.98,23.46,60.22,34.15,0.95,0.95
2024-04-12 23:00:00,25.92,25.92,49.07,25.92,0.81,0.81
2024-04-13 00:00:00,19.36,19.36,24.41,19.36,1.00,1.00
2024-04-13 01:00:00,17.53,17.53,19.41,17.53,2.98,2.98
2024-04-13 02:00:00,17.46,17.46,19.95,17.46,4.10,4.10
2024-04-13 03:00:00,23.31,23.31,25.32,23.31,10.01,10.01
2024-04-13 04:00:00,27.83,27.83,30.18,27.83,9.99,27.83
2024-04-13 05:00:00,33.73,33.73,35.26,22.16,16.67,33.73
2024-04-13 06:00:00,22.60,22.60,22.60,22.47,22.47,22.47
2024-04-13 07:00:00,8.80,8.80,8.80,22.44,8.80,8.80
2024-04-13 08:00:00,-0.02,-0.02,-0.02,-0.02,-0.02,-0.02
2024-04-13 09:00:00,-4.04,-4.04,-9.97,-4.04,-4.04,-4.04
2024-04-13 10:00:00,-8.02,-8.02,-25.96,-8.26,-8.02,-8.02
2024-04-13 11:00:00,-20.20,-20.20,-50.00,-20.81,-20.20,-20.20
2024-04-13 12:00:00,-29.32,-29.32,-55.01,-30.20,-29.32,-29.32
2024-04-13 13:00:00,-31.60,-31.60,-49.91,-31.60,-31.60,-31.60
2024-04-13 14:00:00,-19.13,-10.07,-19.16,-10.07,-10.07,-10.07
2024-04-13 15:00:00,-0.16,2.00,-0.16,12.49,2.00,2.00
2024-04-13 16:00:00,33.37,28.65,39.91,22.71,22.71,28.65
2024-04-13 17:00:00,50.10,52.66,73.44,35.74,24.91,52.66
2024-04-13 18:00:00,40.03,40.03,65.78,37.32,25.09,40.03
2024-04-13 19:00:00,34.65,34.65,39.35,34.65,25.79,34.65
2024-04-13 20:00:00,20.60,20.60,21.11,20.60,20.60,20.60
2024-04-13 21:00:00,7.05,7.05,7.05,7.26,7.05,7.05
2024-04-13 22:00:00,0.43,0.43,0.43,0.64,0.43,0.43
2024-04-13 23:00:00,0.83,0.83,0.83,0.86,0.83,0.83
2024-04-14 00:00:00,0.93,0.91,0.93,0.95,0.91,0.91
2024-04-14 01:00:00,1.13,0.42,1.13,1.17,0.42,0.42
2024-04-14 02:00:00,2.34,0.49,2.34,2.41,0.49,0.49
2024-04-14 03:00:00,5.95,2.91,5.95,6.12,2.91,2.91
2024-04-14 04:00:00,12.86,12.55,12.86,13.20,12.55,12.55
2024-04-14 05:00:00,13.00,13.00,13.00,13.42,13.00,13.00
2024-04-14 06:00:00,7.41,7.41,7.41,7.64,7.41,7.41
2024-04-14 07:00:00,0.00,0.00,0.00,0.00,0.00,0.00
2024-04-14 08:00:00,-2.37,-2.30,-2.37,1.01,1.01,-2.30
2024-04-14 09:00:00,-12.17,-11.98,-12.17,4.94,4.94,-11.98
2024-04-14 10:00:00,-42.23,-42.14,-42.27,5.67,5.67,-42.14
2024-04-14 11:00:00,-60.05,-53.31,-60.05,5.10,5.10,-53.31
2024-04-14 12:00:00,-60.01,-54.00,-60.07,4.39,4.39,-54.00
2024-04-14 13:00:00,-40.05,-40.05,-40.05,9.99,4.94,-40.05
2024-04-14 14:00:00,-6.25,-6.25,-6.25,24.84,-1.02,-6.25
2024-04-14 15:00:00,1.57,1.57,1.57,37.70,1.57,1.57
2024-04-14 16:00:00,54.62,21.10,67.23,42.29,21.10,21.10
2024-04-14 17:00:00,87.80,87.80,87.80,45.03,13.94,13.94
2024-04-14 18:00:00,119.91,119.91,119.91,47.41,1.45,1.45
2024-04-14 19:00:00,112.61,112.61,112.61,49.90,0.00,0.00
2024-04-14 20:00:00,97.16,97.16,103.95,49.72,-0.05,-0.05
2024-04-14 21:00:00,79.69,79.69,87.24,47.76,-0.15,-0.15
2024-04-14 22:00:00,55.04,46.01,81.96,47.06,-1.73,-1.73
2024-04-14 23:00:00,58.67,44.86,81.26,45.84,-1.69,-1.69
2024-04-15 00:00:00,70.55,70.55,77.54,44.86,-0.58,-0.58
2024-04-15 01:00:00,65.84,65.84,78.18,43.14,-0.06,-0.06
2024-04-15 02:00:00,75.23,75.23,75.23,40.78,0.24,0.24
2024-04-15 03:00:00,86.74,86.74,86.74,39.07,16.89,50.06
2024-04-15 04:00:00,115.73,115.73,115.73,40.83,40.83,112.95
2024-04-15 05:00:00,169.15,169.15,169.15,44.40,145.16,145.16
2024-04-15 06:00:00,153.24,153.24,153.24,49.21,104.03,149.56
2024-04-15 07:00:00,91.56,91.56,91.56,49.54,49.54,89.39
2024-04-15 08:00:00,76.24,76.24,80.55,49.80,49.80,76.24
2024-04-15 09:00:00,57.00,57.00,63.15,45.73,45.73,57.00
2024-04-15 10:00:00,44.15,43.00,44.15,43.00,43.00,43.00
2024-04-15 11:00:00,31.74,32.89,31.74,34.84,32.89,32.89
2024-04-15 12:00:00,12.96,19.50,12.96,19.17,19.50,19.50
2024-04-15 13:00:00,7.80,29.94,7.80,9.46,29.94,29.94
2024-04-15 14:00:00,7.99,35.58,7.99,35.58,35.58,35.58
2024-04-15 15:00:00,46.30,46.30,46.30,43.24,45.08,46.30
2024-04-15 16:00:00,69.20,69.20,69.20,44.39,44.39,69.20
2024-04-15 17:00:00,78.92,78.92,78.92,46.92,46.92,78.92
2024-04-15 18:00:00,77.02,77.02,77.02,48.17,48.17,77.02
2024-04-15 19:00:00,66.31,66.31,66.31,47.30,47.30,66.31
2024-04-15 20:00:00,53.77,52.93,53.77,45.09,45.09,52.93
2024-04-15 21:00:00,34.17,35.01,34.17,39.63,35.01,35.01
2024-04-15 22:00:00,2.02,31.05,2.02,33.23,31.05,31.05
2024-04-15 23:00:00,0.04,17.79,0.04,17.79,17.79,17.79
2024-04-16 00:00:00,0.14,6.65,0.14,6.65,6.65,6.65
2024-04-16 01:00:00,0.73,5.49,0.73,5.49,5.49,5.49
2024-04-16 02:00:00,17.47,17.90,17.47,17.90,17.90,17.90
2024-04-16 03:00:00,36.22,36.22,36.22,36.22,36.22,36.22
2024-04-16 04:00:00,51.59,51.59,63.14,49.00,49.00,51.59
2024-04-16 05:00:00,74.26,74.26,74.26,53.29,74.26,74.26
2024-04-16 06:00:00,74.26,74.26,74.26,59.02,74.26,74.26
2024-04-16 07:00:00,64.81,64.81,64.81,56.36,64.81,64.81
2024-04-16 08:00:00,51.03,52.05,51.03,52.05,52.05,52.05
2024-04-16 09:00:00,42.64,46.15,42.64,46.15,46.15,46.15
2024-04-16 10:00:00,40.00,42.96,40.00,42.96,42.96,42.96
2024-04-16 11:00:00,40.22,42.37,40.22,42.37,42.37,42.37
2024-04-16 12:00:00,42.08,43.21,42.08,43.21,43.21,43.21
2024-04-16 13:00:00,48.53,48.53,48.53,48.53,48.53,48.53
2024-04-16 14:00:00,51.67,61.33,62.84,51.67,51.67,61.33
2024-04-16 15:00:00,79.67,79.67,79.67,55.00,55.00,79.67
2024-04-16 16:00:00,92.92,92.92,92.92,57.83,92.92,92.92
2024-04-16 17:00:00,113.99,113.99,113.99,57.10,113.99,113.99
2024-04-16 18:00:00,124.52,124.52,124.52,56.78,108.40,124.52
2024-04-16 19:00:00,104.46,104.46,104.46,56.72,60.00,104.46
2024-04-16 20:00:00,90.10,90.10,90.10,54.24,54.24,90.10
2024-04-16 21:00:00,84.10,84.10,84.10,53.46,52.35,84.10
2024-04-16 22:00:00,83.84,83.84,83.84,58.45,57.36,81.83
2024-04-16 23:00:00,83.84,83.84,83.84,58.41,56.11,81.83
2024-04-17 00:00:00,81.35,81.35,81.35,58.44,55.66,71.82
2024-04-17 01:00:00,82.40,82.40,82.40,58.46,55.45,77.51
2024-04-17 02:00:00,82.96,82.96,82.96,58.52,55.69,82.96
2024-04-17 03:00:00,83.73,83.73,83.73,58.82,58.82,83.73
2024-04-17 04:00:00,109.39,109.39,109.39,58.50,109.39,109.39
2024-04-17 05:00:00,169.97,169.97,169.97,61.63,165.89,165.89
2024-04-17 06:00:00,155.17,155.17,155.17,62.17,151.45,151.45
2024-04-17 07:00:00,104.62,104.62,104.62,62.35,100.96,100.96
2024-04-17 08:00:00,83.90,83.90,83.90,59.95,81.89,81.89
2024-04-17 09:00:00,79.90,79.90,79.90,59.91,78.36,78.36
2024-04-17 10:00:00,82.98,80.30,82.98,59.88,80.30,80.30
2024-04-17 11:00:00,80.82,79.06,80.82,59.96,77.83,78.81
2024-04-17 12:00:00,77.71,77.71,77.71,59.67,59.67,75.66
2024-04-17 13:00:00,77.03,77.03,77.03,59.33,59.33,75.18
2024-04-17 14:00:00,80.00,80.00,80.00,59.25,62.12,78.50
2024-04-17 15:00:00,86.90,86.90,86.90,62.80,65.01,86.90
2024-04-17 16:00:00,114.97,114.97,114.97,62.76,109.92,114.97
2024-04-17 17:00:00,159.92,159.92,159.92,62.22,89.99,156.08
2024-04-17 18:00:00,169.90,169.90,169.90,62.90,68.78,165.82
2024-04-17 19:00:00,130.06,130.06,130.06,61.08,70.01,130.06
2024-04-17 20:00:00,99.04,99.04,99.04,59.99,59.99,99.04
2024-04-17 21:00:00,87.81,87.81,87.81,59.72,59.72,87.81
2024-04-17 22:00:00,91.83,91.83,91.83,62.81,61.82,91.80
2024-04-17 23:00:00,87.42,87.42,87.42,62.58,62.44,85.90
2024-04-18 00:00:00,88.53,88.53,88.53,62.69,62.69,86.12
2024-04-18 01:00:00,87.76,87.76,87.76,63.03,63.03,85.65
2024-04-18 02:00:00,89.61,89.61,89.61,63.81,63.81,88.85
2024-04-18 03:00:00,93.47,93.47,93.47,65.04,93.47,93.47
2024-04-18 04:00:00,121.88,121.88,121.88,67.90,121.88,121.88
2024-04-18 05:00:00,155.80,155.80,155.80,150.34,155.80,155.80
2024-04-18 06:00:00,131.19,131.19,131.19,127.13,131.19,131.19
2024-04-18 07:00:00,101.12,101.12,101.12,97.89,101.12,101.12
2024-04-18 08:00:00,90.21,90.21,90.21,87.02,90.21,90.21
2024-04-18 09:00:00,83.87,83.87,83.87,74.58,83.87,83.87
2024-04-18 10:00:00,80.64,80.64,80.64,64.15,80.64,80.64
2024-04-18 11:00:00,77.20,77.20,77.20,64.71,77.20,77.20
2024-04-18 12:00:00,73.01,73.01,73.01,62.63,73.01,73.01
2024-04-18 13:00:00,70.70,70.70,70.70,61.49,70.70,70.70
2024-04-18 14:00:00,70.88,70.88,70.88,63.15,70.88,70.88
2024-04-18 15:00:00,81.33,81.33,81.33,64.97,81.33,81.33
2024-04-18 16:00:00,94.03,94.03,94.03,66.47,94.03,94.03
2024-04-18 17:00:00,125.24,125.24,125.24,77.04,125.24,125.24
2024-04-18 18:00:00,128.83,128.83,128.83,74.98,128.83,128.83
2024-04-18 19:00:00,105.92,105.92,105.92,69.05,105.92,105.92
2024-04-18 20:00:00,89.89,89.89,89.89,63.98,63.98,89.89
2024-04-18 21:00:00,79.37,79.37,79.37,62.77,61.09,79.37
2024-04-18 22:00:00,77.21,77.21,77.21,61.23,49.18,77.21
2024-04-18 23:00:00,60.83,60.83,60.83,57.38,52.11,60.83
2024-04-19 00:00:00,50.53,50.53,50.53,50.53,50.53,50.53
2024-04-19 01:00:00,49.47,49.47,49.47,48.25,48.25,49.47
2024-04-19 02:00:00,47.97,47.97,47.97,46.91,47.97,47.97
2024-04-19 03:00:00,49.08,49.08,49.08,49.08,49.08,49.08
2024-04-19 04:00:00,60.12,60.12,60.12,58.08,60.12,60.12
2024-04-19 05:00:00,69.04,70.74,69.04,63.08,70.74,70.74
2024-04-19 06:00:00,76.00,77.87,76.00,63.99,77.87,77.87
2024-04-19 07:00:00,68.30,69.25,68.30,63.50,69.25,69.25
2024-04-19 08:00:00,60.20,61.27,60.20,61.27,61.27,61.27
2024-04-19 09:00:00,56.08,57.28,56.08,57.28,57.28,57.28
2024-04-19 10:00:00,50.91,52.16,50.91,52.16,52.16,52.16
2024-04-19 11:00:00,47.00,48.67,47.00,48.67,48.67,48.67
2024-04-19 12:00:00,44.94,46.38,44.94,46.38,46.38,46.38
2024-04-19 13:00:00,44.56,47.31,44.56,47.31,47.31,47.31
2024-04-19 14:00:00,50.91,50.91,50.91,50.91,50.91,50.91
2024-04-19 15:00:00,56.95,57.36,58.77,56.95,56.95,57.36
2024-04-19 16:00:00,63.49,63.08,63.49,60.04,60.04,63.08
2024-04-19 17:00:00,63.75,63.75,65.32,61.86,59.36,63.75
2024-04-19 18:00:00,64.69,64.69,66.28,62.20,52.16,64.69
2024-04-19 19:00:00,66.20,64.61,66.20,62.08,49.72,64.61
2024-04-19 20:00:00,63.95,63.71,65.27,62.09,45.62,63.71
2024-04-19 21:00:00,63.15,61.63,63.15,61.19,42.06,61.63
2024-04-19 22:00:00,60.24,58.79,60.24,60.24,39.92,58.79
2024-04-19 23:00:00,57.97,56.58,57.97,57.97,38.66,56.58
2024-04-20 00:00:00,57.33,55.95,57.33,57.33,37.51,55.95
2024-04-20 01:00:00,57.75,57.75,57.75,57.46,35.57,57.75
2024-04-20 02:00:00,61.04,61.04,61.04,59.15,32.13,61.04
2024-04-20 03:00:00,62.83,62.83,62.83,60.88,25.26,62.83
2024-04-20 04:00:00,63.92,63.92,63.92,61.93,25.45,63.92
2024-04-20 05:00:00,67.98,67.98,67.98,61.81,35.79,67.98
2024-04-20 06:00:00,65.04,65.04,65.04,60.70,39.71,65.04
2024-04-20 07:00:00,59.90,59.90,59.90,58.16,41.26,58.46
2024-04-20 08:00:00,50.05,50.05,50.05,52.85,42.07,48.85
2024-04-20 09:00:00,38.43,38.43,38.43,40.65,38.43,38.43
2024-04-20 10:00:00,28.97,28.97,28.97,34.47,28.97,28.97
2024-04-20 11:00:00,12.33,12.33,12.33,29.80,12.33,12.33
2024-04-20 12:00:00,10.55,10.55,10.55,28.76,10.55,10.55
2024-04-20 13:00:00,18.33,18.33,18.33,42.11,18.33,18.33
2024-04-20 14:00:00,37.41,37.41,37.41,51.40,37.41,37.41
2024-04-20 15:00:00,62.83,62.83,62.83,56.13,43.19,62.83
2024-04-20 16:00:00,78.90,78.90,78.90,59.85,47.31,78.90
2024-04-20 17:00:00,89.61,89.61,89.61,62.42,62.42,89.61
2024-04-20 18:00:00,97.04,97.04,97.04,63.22,63.22,97.04
2024-04-20 19:00:00,90.31,90.31,90.31,63.32,63.32,90.31
2024-04-20 20:00:00,86.07,86.07,86.07,62.92,62.92,86.07
2024-04-20 21:00:00,82.90,82.90,82.90,62.30,48.39,82.90
2024-04-20 22:00:00,81.85,81.85,81.85,63.04,54.71,81.85
2024-04-20 23:00:00,70.59,70.59,70.59,63.00,56.82,70.59
2024-04-21 00:00:00,69.53,69.53,69.53,62.64,58.10,69.53
2024-04-21 01:00:00,64.40,64.40,64.40,62.34,59.70,64.40
2024-04-21 02:00:00,63.88,63.88,63.88,61.83,60.93,63.88
2024-04-21 03:00:00,63.62,63.62,63.62,61.59,61.49,63.62
2024-04-21 04:00:00,64.43,64.43,64.43,61.04,61.04,64.43
2024-04-21 05:00:00,60.53,60.53,60.53,60.04,60.04,60.53
2024-04-21 06:00:00,60.88,60.88,60.88,59.17,60.88,60.88
2024-04-21 07:00:00,55.38,54.73,55.38,54.73,54.73,54.73
2024-04-21 08:00:00,32.99,43.29,32.99,43.29,43.29,43.29
2024-04-21 09:00:00,36.96,42.47,36.96,42.47,42.47,42.47
2024-04-21 10:00:00,6.06,43.94,6.06,43.94,43.94,43.94
2024-04-21 11:00:00,0.28,42.14,0.28,42.14,42.14,42.14
2024-04-21 12:00:00,-0.90,41.48,-0.90,41.48,41.48,41.48
2024-04-21 13:00:00,0.75,41.93,0.75,41.93,41.93,41.93
2024-04-21 14:00:00,6.01,47.70,6.01,48.15,47.70,47.70
2024-04-21 15:00:00,58.22,58.68,58.22,58.68,58.68,58.68
2024-04-21 16:00:00,74.60,74.60,74.60,61.23,74.60,74.60
2024-04-21 17:00:00,89.36,89.36,89.36,63.35,89.36,89.36
2024-04-21 18:00:00,95.26,95.26,95.26,66.02,95.26,95.26
2024-04-21 19:00:00,91.07,91.07,91.07,66.75,91.07,91.07
2024-04-21 20:00:00,89.41,89.41,89.41,65.45,84.63,84.63
2024-04-21 21:00:00,88.46,88.46,88.46,66.00,72.70,85.65
2024-04-21 22:00:00,78.97,78.97,78.97,64.75,77.08,77.08
2024-04-21 23:00:00,78.05,78.05,78.05,64.65,69.99,69.99
2024-04-22 00:00:00,78.44,78.44,78.44,64.55,64.55,64.55
2024-04-22 01:00:00,79.92,79.92,79.92,64.38,64.38,64.38
2024-04-22 02:00:00,79.79,79.79,79.79,64.70,69.51,69.51
2024-04-22 03:00:00,87.50,87.50,87.50,64.84,85.40,85.40
2024-04-22 04:00:00,105.90,105.90,105.90,65.62,105.90,105.90
2024-04-22 05:00:00,130.79,130.79,130.79,74.95,130.79,130.79
2024-04-22 06:00:00,117.46,117.46,117.46,113.82,117.46,117.46
2024-04-22 07:00:00,97.05,97.05,97.05,94.04,97.05,97.05
2024-04-22 08:00:00,81.86,81.86,81.86,79.32,81.86,81.86
2024-04-22 09:00:00,81.24,81.24,81.24,74.63,81.24,81.24
2024-04-22 10:00:00,77.05,77.05,77.05,70.57,77.05,77.05
2024-04-22 11:00:00,73.67,73.67,73.67,70.38,73.67,73.67
2024-04-22 12:00:00,74.13,74.13,74.17,66.39,74.13,74.13
2024-04-22 13:00:00,75.01,76.59,78.48,66.11,75.01,76.59
2024-04-22 14:00:00,71.90,81.57,81.57,67.51,71.90,81.57
2024-04-22 15:00:00,96.79,96.79,96.79,69.43,96.79,96.79
2024-04-22 16:00:00,118.20,118.20,118.20,68.53,118.20,118.20
2024-04-22 17:00:00,164.05,164.05,164.05,68.01,164.05,164.05
2024-04-22 18:00:00,170.96,170.96,170.96,68.89,170.96,170.96
2024-04-22 19:00:00,130.05,130.05,130.05,67.69,130.05,130.05
2024-04-22 20:00:00,105.77,105.77,105.77,67.10,105.77,105.77
2024-04-22 21:00:00,96.99,96.99,96.99,66.21,96.99,96.99
2024-04-22 22:00:00,88.32,88.32,88.32,67.76,88.32,88.32
2024-04-22 23:00:00,86.69,86.69,86.69,67.53,86.69,86.69
2024-04-23 00:00:00,85.95,85.95,85.95,67.33,85.95,85.95
2024-04-23 01:00:00,85.42,85.42,85.42,67.27,85.42,85.42
2024-04-23 02:00:00,86.35,86.35,86.35,67.15,86.35,86.35
2024-04-23 03:00:00,97.69,97.69,97.69,67.39,97.69,97.69
2024-04-23 04:00:00,121.40,121.40,121.40,68.54,121.40,121.40
2024-04-23 05:00:00,181.26,181.26,181.26,170.64,181.26,181.26
2024-04-23 06:00:00,136.28,136.28,136.28,131.92,136.28,136.28
2024-04-23 07:00:00,98.38,98.38,98.38,95.33,98.38,98.38
2024-04-23 08:00:00,82.87,82.87,82.87,79.83,82.87,82.87
2024-04-23 09:00:00,77.26,77.26,77.26,74.77,77.26,77.26
2024-04-23 10:00:00,77.46,77.46,77.46,75.06,77.46,77.46
2024-04-23 11:00:00,79.38,79.38,79.38,75.74,79.38,79.38
2024-04-23 12:00:00,78.62,78.62,78.62,76.18,78.62,78.62
2024-04-23 13:00:00,80.02,80.02,80.02,73.88,80.02,80.02
2024-04-23 14:00:00,83.02,83.02,83.02,72.87,83.02,83.02
2024-04-23 15:00:00,89.97,89.97,89.97,70.08,89.97,89.97
2024-04-23 16:00:00,102.40,102.40,102.40,70.63,102.40,102.40
2024-04-23 17:00:00,123.01,123.01,123.01,69.99,123.01,123.01
2024-04-23 18:00:00,125.07,125.07,125.07,70.63,125.07,125.07
2024-04-23 19:00:00,105.10,105.10,105.10,69.98,105.10,105.10
2024-04-23 20:00:00,92.73,92.73,92.73,68.97,92.73,92.73
2024-04-23 21:00:00,81.55,81.55,81.55,68.76,81.55,81.55
2024-04-23 22:00:00,80.55,79.84,81.80,71.86,79.84,79.84
2024-04-23 23:00:00,76.29,76.10,77.97,70.59,76.10,76.10
2024-04-24 00:00:00,75.88,75.31,77.16,70.17,75.31,75.31
2024-04-24 01:00:00,73.07,73.07,74.86,69.16,73.07,73.07
2024-04-24 02:00:00,76.04,76.04,77.37,68.45,76.04,76.04
2024-04-24 03:00:00,81.83,81.83,81.83,69.65,81.83,81.83
2024-04-24 04:00:00,101.66,101.66,101.66,70.98,101.66,101.66
2024-04-24 05:00:00,128.17,131.32,128.17,92.72,131.32,131.32
2024-04-24 06:00:00,107.07,129.23,107.07,103.75,129.23,129.23
2024-04-24 07:00:00,91.81,97.08,91.81,79.69,97.08,97.08
2024-04-24 08:00:00,90.74,92.97,90.74,77.37,92.97,92.97
2024-04-24 09:00:00,88.35,91.04,88.35,73.16,91.04,91.04
2024-04-24 10:00:00,82.60,85.62,82.60,70.98,85.62,85.62
2024-04-24 11:00:00,80.09,83.48,80.09,69.65,83.48,83.48
2024-04-24 12:00:00,76.53,80.55,76.53,69.45,80.55,80.55
2024-04-24 13:00:00,80.71,82.69,80.71,68.21,82.69,82.69
2024-04-24 14:00:00,81.12,85.15,81.12,69.39,85.15,85.15
2024-04-24 15:00:00,86.60,96.09,86.60,68.96,96.09,96.09
2024-04-24 16:00:00,101.54,104.04,101.54,70.37,104.04,104.04
2024-04-24 17:00:00,135.20,135.20,135.20,71.56,135.20,135.20
2024-04-24 18:00:00,143.44,143.44,143.44,71.97,143.44,143.44
2024-04-24 19:00:00,121.16,121.16,121.16,72.23,121.16,121.16
2024-04-24 20:00:00,105.31,105.31,105.31,72.09,105.31,105.31
2024-04-24 21:00:00,90.21,90.21,90.21,71.57,90.21,90.21
2024-04-24 22:00:00,83.50,83.50,83.50,73.21,83.50,83.50
2024-04-24 23:00:00,80.00,80.00,80.00,71.65,80.00,80.00
2024-04-25 00:00:00,77.37,77.37,77.37,71.51,77.37,77.37
2024-04-25 01:00:00,76.05,76.05,76.05,69.94,76.05,76.05
2024-04-25 02:00:00,75.24,75.24,75.24,69.16,75.24,75.24
2024-04-25 03:00:00,84.02,84.02,84.02,68.47,84.02,84.02
2024-04-25 04:00:00,102.44,102.44,102.44,69.59,102.44,102.44
2024-04-25 05:00:00,129.05,130.98,129.05,77.60,130.98,130.98
2024-04-25 06:00:00,112.71,114.36,112.71,71.99,114.36,114.36
2024-04-25 07:00:00,92.10,92.56,92.10,85.47,92.56,92.56
2024-04-25 08:00:00,80.01,80.17,80.01,76.64,80.17,80.17
2024-04-25 09:00:00,78.20,78.20,78.20,71.99,78.20,78.20
2024-04-25 10:00:00,73.92,73.92,73.92,69.86,73.92,73.92
2024-04-25 11:00:00,68.67,69.02,68.67,68.60,69.02,69.02
2024-04-25 12:00:00,66.41,66.81,66.41,66.81,66.81,66.81
2024-04-25 13:00:00,69.32,69.38,69.32,68.04,69.38,69.38
2024-04-25 14:00:00,72.81,72.81,72.81,69.68,72.81,72.81
2024-04-25 15:00:00,79.88,79.88,79.88,77.40,79.88,79.88
2024-04-25 16:00:00,95.17,95.17,95.17,90.66,95.17,95.17
2024-04-25 17:00:00,141.09,141.09,141.09,81.21,141.09,141.09
2024-04-25 18:00:00,152.29,152.29,152.29,78.40,152.29,152.29
2024-04-25 19:00:00,113.71,113.71,113.71,74.97,113.71,113.71
2024-04-25 20:00:00,91.35,91.35,91.35,71.84,91.35,91.35
2024-04-25 21:00:00,79.74,79.74,79.74,71.13,79.74,79.74
2024-04-25 22:00:00,79.87,79.87,79.87,77.24,79.87,79.87
2024-04-25 23:00:00,74.00,74.00,74.00,71.71,74.00,74.00
2024-04-26 00:00:00,74.20,74.20,74.70,71.83,72.91,72.91
2024-04-26 01:00:00,74.07,74.07,74.07,71.70,72.29,72.29
2024-04-26 02:00:00,77.10,77.10,77.10,74.10,77.10,77.10
2024-04-26 03:00:00,82.98,82.98,83.69,76.21,82.98,82.98
2024-04-26 04:00:00,93.50,93.50,93.50,90.21,93.50,93.50
2024-04-26 05:00:00,104.06,104.06,104.06,101.04,104.06,104.06
2024-04-26 06:00:00,96.06,96.06,96.06,93.08,96.06,96.06
2024-04-26 07:00:00,81.08,81.08,81.08,78.57,81.08,81.08
2024-04-26 08:00:00,77.81,77.81,77.81,75.40,77.81,77.81
2024-04-26 09:00:00,72.95,72.95,72.95,70.68,72.95,72.95
2024-04-26 10:00:00,70.35,70.35,70.35,68.78,70.35,70.35
2024-04-26 11:00:00,68.74,68.74,68.74,68.36,68.74,68.74
2024-04-26 12:00:00,65.37,65.37,65.37,65.37,65.37,65.37
2024-04-26 13:00:00,69.92,69.92,69.92,68.65,69.92,69.92
2024-04-26 14:00:00,71.70,71.70,71.70,69.47,71.70,71.70
2024-04-26 15:00:00,80.46,80.46,80.46,78.02,80.46,80.46
2024-04-26 16:00:00,93.88,93.88,94.78,90.66,93.88,93.88
2024-04-26 17:00:00,128.61,128.74,131.90,124.49,128.61,128.74
2024-04-26 18:00:00,136.56,136.56,141.58,132.19,132.19,136.56
2024-04-26 19:00:00,110.00,110.00,110.00,105.14,105.14,105.14
2024-04-26 20:00:00,92.71,92.71,92.71,81.13,81.13,81.13
2024-04-26 21:00:00,88.26,88.26,88.26,78.56,78.56,78.56
2024-04-26 22:00:00,90.29,90.29,90.29,73.06,73.06,73.06
2024-04-26 23:00:00,88.90,88.90,88.90,68.98,68.98,68.98
2024-04-27 00:00:00,86.59,86.59,86.59,68.03,68.03,68.03
2024-04-27 01:00:00,89.03,89.03,89.03,68.53,68.53,68.53
2024-04-27 02:00:00,87.69,87.69,87.69,68.66,68.66,68.66
2024-04-27 03:00:00,83.88,83.88,85.68,69.56,69.56,83.62
2024-04-27 04:00:00,86.08,86.08,86.08,67.67,67.67,84.01
2024-04-27 05:00:00,79.04,79.04,79.04,67.35,69.39,77.15
2024-04-27 06:00:00,68.65,68.65,68.65,63.11,68.50,68.50
2024-04-27 07:00:00,59.07,59.07,59.07,59.07,59.07,59.07
2024-04-27 08:00:00,38.21,38.21,36.02,50.98,50.98,38.21
2024-04-27 09:00:00,26.09,26.09,8.43,44.01,44.01,26.09
2024-04-27 10:00:00,39.51,39.51,0.03,43.42,43.42,39.51
2024-04-27 11:00:00,41.41,41.41,-0.06,42.64,42.64,41.41
2024-04-27 12:00:00,24.50,24.50,0.00,43.05,43.05,24.50
2024-04-27 13:00:00,10.06,10.06,0.00,45.12,45.12,10.06
2024-04-27 14:00:00,20.93,20.93,19.95,52.72,52.72,20.93
2024-04-27 15:00:00,62.18,62.36,62.18,61.47,62.36,62.36
2024-04-27 16:00:00,86.18,86.00,86.18,63.77,86.00,86.00
2024-04-27 17:00:00,119.90,119.90,119.90,69.67,119.90,119.90
2024-04-27 18:00:00,112.27,112.27,112.27,77.74,112.27,112.27
2024-04-27 19:00:00,85.00,85.00,85.00,71.34,85.00,85.00
2024-04-27 20:00:00,75.90,75.90,75.90,69.85,75.90,75.90
2024-04-27 21:00:00,65.23,65.23,65.23,63.34,65.23,65.23
2024-04-27 22:00:00,56.39,56.39,56.39,56.39,56.39,56.39
2024-04-27 23:00:00,46.14,46.14,46.14,46.14,46.14,46.14
2024-04-28 00:00:00,39.60,39.60,39.60,39.60,39.60,39.60
2024-04-28 01:00:00,31.55,32.32,31.55,32.56,32.56,32.32
2024-04-28 02:00:00,27.60,28.49,27.60,28.49,28.49,28.49
2024-04-28 03:00:00,26.05,26.69,26.05,26.82,26.82,26.69
2024-04-28 04:00:00,9.95,9.95,9.92,10.25,15.12,9.95
2024-04-28 05:00:00,0.25,0.25,0.10,0.10,25.76,0.25
2024-04-28 06:00:00,0.26,0.26,-0.07,0.42,29.62,0.26
2024-04-28 07:00:00,0.22,0.22,-1.02,0.22,32.34,0.22
2024-04-28 08:00:00,0.00,0.00,-16.63,13.68,33.67,0.00
2024-04-28 09:00:00,-0.96,-0.96,-36.72,19.41,31.94,-0.96
2024-04-28 10:00:00,-2.42,-1.11,-60.05,14.97,29.32,-1.11
2024-04-28 11:00:00,-2.50,-2.50,-60.09,14.79,27.20,-2.50
2024-04-28 12:00:00,-2.52,-2.52,-65.06,10.53,24.96,-2.52
2024-04-28 13:00:00,-2.10,-2.03,-52.43,11.67,12.99,-2.03
2024-04-28 14:00:00,-2.08,-0.98,-23.45,17.71,17.71,-0.98
2024-04-28 15:00:00,-0.02,0.00,-0.02,24.77,24.77,0.00
2024-04-28 16:00:00,25.38,35.44,25.38,35.44,35.44,35.44
2024-04-28 17:00:00,69.36,59.31,69.36,51.38,51.38,59.31
2024-04-28 18:00:00,77.45,77.45,77.45,56.86,56.86,75.59
2024-04-28 19:00:00,78.19,78.19,78.56,59.08,59.08,76.67
2024-04-28 20:00:00,62.76,62.76,72.21,59.31,59.31,62.76
2024-04-28 21:00:00,56.03,56.03,66.94,56.03,46.70,46.70
2024-04-28 22:00:00,41.10,41.10,63.15,51.00,41.10,41.10
2024-04-28 23:00:00,49.71,49.71,60.05,49.71,39.44,39.44
2024-04-29 00:00:00,53.50,53.50,58.93,53.50,38.04,38.04
2024-04-29 01:00:00,59.50,59.50,62.46,54.78,37.44,37.44
2024-04-29 02:00:00,56.89,56.89,76.82,55.24,38.05,38.05
2024-04-29 03:00:00,82.13,82.13,85.18,56.77,39.91,82.13
2024-04-29 04:00:00,99.07,99.07,102.38,61.63,59.99,92.71
2024-04-29 05:00:00,117.95,117.95,117.95,79.99,79.99,112.44
2024-04-29 06:00:00,100.69,100.69,100.69,95.77,95.77,96.95
2024-04-29 07:00:00,75.17,75.17,75.17,62.63,62.63,65.01
2024-04-29 08:00:00,59.21,59.21,59.21,54.41,51.87,51.87
2024-04-29 09:00:00,36.46,36.46,36.46,49.55,34.32,34.32
2024-04-29 10:00:00,36.18,36.18,36.18,38.57,31.39,31.39
2024-04-29 11:00:00,35.59,35.59,35.59,36.73,25.32,25.32
2024-04-29 12:00:00,33.63,33.63,33.63,39.17,25.17,25.17
2024-04-29 13:00:00,35.57,35.57,35.57,47.06,32.65,32.65
2024-04-29 14:00:00,47.68,47.68,47.68,53.60,35.29,47.68
2024-04-29 15:00:00,85.75,85.75,85.75,56.86,37.65,85.74
2024-04-29 16:00:00,104.73,104.73,104.73,63.92,42.00,104.73
2024-04-29 17:00:00,180.04,180.04,180.04,64.59,64.59,179.44
2024-04-29 18:00:00,204.57,204.57,204.57,65.86,65.86,204.57
2024-04-29 19:00:00,108.55,108.55,108.55,65.50,65.50,108.55
2024-04-29 20:00:00,87.29,87.29,87.29,61.12,61.12,87.29
2024-04-29 21:00:00,79.20,79.20,81.15,55.93,40.00,79.20
2024-04-29 22:00:00,71.99,71.99,73.76,51.88,30.92,71.99
2024-04-29 23:00:00,65.17,65.17,66.77,51.37,31.09,65.17
2024-04-30 00:00:00,68.72,68.72,70.41,51.23,33.07,68.72
2024-04-30 01:00:00,63.65,63.65,70.00,51.27,35.75,63.65
2024-04-30 02:00:00,52.76,52.76,70.00,51.23,51.23,52.76
2024-04-30 03:00:00,53.47,55.05,78.77,51.92,51.92,55.05
2024-04-30 04:00:00,55.81,92.67,94.95,54.19,54.19,92.67
2024-04-30 05:00:00,80.73,99.50,101.95,60.03,60.03,99.50
2024-04-30 06:00:00,88.46,84.45,88.46,74.92,84.45,84.45
2024-04-30 07:00:00,77.00,69.22,77.00,62.66,62.66,69.22
2024-04-30 08:00:00,62.06,52.54,62.06,52.54,52.54,52.54
2024-04-30 09:00:00,47.10,43.91,47.10,47.41,43.91,43.91
2024-04-30 10:00:00,28.05,31.25,28.05,36.20,31.25,31.25
2024-04-30 11:00:00,11.30,11.30,11.30,24.10,24.10,11.30
2024-04-30 12:00:00,10.00,10.00,10.00,14.99,14.99,10.00
2024-04-30 13:00:00,19.14,19.41,19.14,27.35,25.32,19.41
2024-04-30 14:00:00,45.84,45.58,45.84,46.03,45.58,45.58
2024-04-30 15:00:00,53.39,53.39,66.95,52.85,53.39,53.39
2024-04-30 16:00:00,61.05,61.05,86.20,53.81,53.81,61.05
2024-04-30 17:00:00,65.22,65.22,122.01,54.30,54.30,65.22
2024-04-30 18:00:00,64.73,64.73,132.41,54.07,54.07,64.73
2024-04-30 19:00:00,66.05,66.05,88.37,53.42,53.42,66.05
2024-04-30 20:00:00,54.09,54.09,77.97,52.52,52.52,54.09
2024-04-30 21:00:00,51.54,50.05,75.69,50.05,50.05,50.05
2024-04-30 22:00:00,48.65,38.00,66.81,47.24,38.00,38.00
2024-04-30 23:00:00,48.69,36.61,55.09,47.28,36.61,36.61
2024-05-01 00:00:00,48.71,35.82,50.31,47.29,35.82,35.82
2024-05-01 01:00:00,43.99,35.10,43.99,42.63,35.10,35.10
2024-05-01 02:00:00,47.81,35.59,47.81,43.09,35.59,35.59
2024-05-01 03:00:00,44.69,35.55,44.69,40.78,35.55,35.55
2024-05-01 04:00:00,42.48,38.29,42.48,38.29,38.29,38.29
2024-05-01 05:00:00,28.08,28.08,28.08,28.08,28.08,28.08
2024-05-01 06:00:00,8.45,8.68,8.45,14.99,9.42,8.68
2024-05-01 07:00:00,0.01,0.01,0.01,3.83,3.83,0.01
2024-05-01 08:00:00,-0.97,-0.97,-0.97,3.49,3.49,-0.97
2024-05-01 09:00:00,-2.42,-2.42,-40.05,4.17,4.17,-2.42
2024-05-01 10:00:00,-2.45,-2.45,-91.90,2.29,2.29,-2.45
2024-05-01 11:00:00,-2.09,-2.09,-120.00,1.50,1.50,-2.09
2024-05-01 12:00:00,-2.06,-2.06,-120.07,0.44,0.44,-2.06
2024-05-01 13:00:00,-2.45,-2.45,-79.98,0.66,0.66,-2.45
2024-05-01 14:00:00,-0.98,-0.98,-30.01,3.29,3.29,-0.98
2024-05-01 15:00:00,-0.10,-0.10,-1.14,4.37,4.37,-0.10
2024-05-01 16:00:00,15.32,23.25,15.32,23.25,23.25,23.25
2024-05-01 17:00:00,50.40,41.82,50.40,41.82,41.82,41.82
2024-05-01 18:00:00,50.00,48.80,50.00,45.75,45.75,48.80
2024-05-01 19:00:00,34.01,34.01,34.01,35.10,34.01,34.01
2024-05-01 20:00:00,29.92,29.92,29.92,30.81,29.92,29.92
2024-05-01 21:00:00,22.00,22.00,22.00,22.65,22.00,22.00
2024-05-01 22:00:00,14.56,14.56,14.56,14.99,14.56,14.56
2024-05-01 23:00:00,10.94,10.94,10.94,11.27,10.94,10.94
2024-05-02 00:00:00,10.00,10.00,10.00,10.30,10.00,10.00
2024-05-02 01:00:00,7.80,7.80,7.80,8.05,7.80,7.80
2024-05-02 02:00:00,10.63,10.94,10.63,12.16,10.94,10.94
2024-05-02 03:00:00,30.73,30.42,32.06,30.42,30.42,30.42
2024-05-02 04:00:00,39.82,39.82,72.72,39.82,39.82,39.82
2024-05-02 05:00:00,51.76,51.76,78.28,49.63,49.63,51.76
2024-05-02 06:00:00,58.63,58.63,62.90,46.90,46.90,58.63
2024-05-02 07:00:00,31.45,31.45,31.45,31.45,31.45,31.45
2024-05-02 08:00:00,5.10,5.22,5.10,20.32,20.32,5.22
2024-05-02 09:00:00,-0.08,-0.08,-0.08,8.69,8.69,-0.08
2024-05-02 10:00:00,-1.73,-1.04,-1.73,4.97,4.97,-1.04
2024-05-02 11:00:00,-2.70,-2.70,-4.19,0.08,4.92,-2.70
2024-05-02 12:00:00,-0.05,-0.05,-0.05,1.51,4.91,-0.05
2024-05-02 13:00:00,-1.39,0.00,-1.39,6.55,6.55,0.00
2024-05-02 14:00:00,4.04,4.09,4.04,22.02,22.02,4.09
2024-05-02 15:00:00,34.92,34.92,55.16,34.92,34.92,34.92
2024-05-02 16:00:00,39.05,39.05,81.22,39.05,39.05,39.05
2024-05-02 17:00:00,41.92,41.92,87.96,41.92,41.92,41.92
2024-05-02 18:00:00,41.99,41.99,85.14,41.99,41.99,41.99
2024-05-02 19:00:00,41.92,41.92,82.31,41.92,41.92,41.92
2024-05-02 20:00:00,37.87,37.87,78.21,37.87,37.87,37.87
2024-05-02 21:00:00,33.93,33.93,71.02,33.93,33.93,33.93
2024-05-02 22:00:00,29.78,29.78,61.90,29.78,29.78,29.78
2024-05-02 23:00:00,29.35,29.35,59.14,29.35,29.35,29.35
2024-05-03 00:00:00,29.96,29.96,57.95,29.96,29.96,29.96
2024-05-03 01:00:00,30.01,30.01,58.50,30.01,30.01,30.01
2024-05-03 02:00:00,30.44,30.44,59.14,30.44,30.44,30.44
2024-05-03 03:00:00,31.94,31.94,69.17,31.94,31.94,31.94
2024-05-03 04:00:00,35.08,35.08,83.76,35.08,35.08,35.08
2024-05-03 05:00:00,42.96,42.96,85.47,41.71,42.96,42.96
2024-05-03 06:00:00,42.74,42.74,92.31,41.50,42.74,42.74
2024-05-03 07:00:00,38.69,38.69,88.25,38.69,38.69,38.69
2024-05-03 08:00:00,38.09,38.09,77.95,38.09,38.09,38.09
2024-05-03 09:00:00,33.97,34.98,72.58,34.98,34.98,34.98
2024-05-03 10:00:00,33.95,34.17,64.11,34.96,34.17,34.17
2024-05-03 11:00:00,32.61,32.61,59.33,33.59,32.61,32.61
2024-05-03 12:00:00,31.77,31.77,60.05,32.71,31.77,31.77
2024-05-03 13:00:00,30.50,32.13,64.69,35.30,32.13,32.13
2024-05-03 14:00:00,30.40,34.29,72.29,34.52,34.29,34.29
2024-05-03 15:00:00,45.96,42.07,79.55,37.49,37.49,42.07
2024-05-03 16:00:00,80.45,80.45,88.89,39.51,39.51,80.45
2024-05-03 17:00:00,97.00,97.00,105.49,41.60,41.60,97.00
2024-05-03 18:00:00,110.02,110.02,119.94,39.76,39.76,107.63
2024-05-03 19:00:00,105.27,105.27,107.95,41.33,37.09,105.27
2024-05-03 20:00:00,91.32,91.32,93.46,48.57,31.86,60.05
2024-05-03 21:00:00,85.56,85.56,85.56,48.82,25.74,25.74
2024-05-03 22:00:00,90.80,90.80,90.80,43.81,19.57,19.57
2024-05-03 23:00:00,87.79,87.79,87.79,40.73,17.15,17.15
2024-05-04 00:00:00,86.26,86.26,86.26,41.03,16.18,16.18
2024-05-04 01:00:00,87.72,87.72,87.72,41.97,18.33,26.07
2024-05-04 02:00:00,90.64,90.64,90.64,44.06,20.47,59.98
2024-05-04 03:00:00,98.34,98.34,98.34,44.44,22.90,80.02
2024-05-04 04:00:00,94.19,94.19,94.19,43.80,25.22,70.01
2024-05-04 05:00:00,90.02,90.02,90.02,44.49,30.33,70.02
2024-05-04 06:00:00,78.48,78.48,78.48,45.77,39.27,59.92
2024-05-04 07:00:00,62.38,62.38,62.38,46.13,38.09,58.07
2024-05-04 08:00:00,41.17,41.17,41.17,37.84,36.50,36.50
2024-05-04 09:00:00,31.18,31.18,31.18,35.00,30.20,30.20
2024-05-04 10:00:00,24.93,24.93,24.93,25.72,24.33,24.33
2024-05-04 11:00:00,14.53,14.53,14.53,14.99,14.53,14.53
2024-05-04 12:00:00,13.34,13.34,13.34,20.26,13.34,13.34
2024-05-04 13:00:00,26.03,26.03,26.03,34.92,25.40,25.40
2024-05-04 14:00:00,63.62,63.62,63.62,44.79,30.01,30.01
2024-05-04 15:00:00,79.36,79.36,79.36,47.19,32.61,77.46
2024-05-04 16:00:00,98.01,98.01,98.01,47.02,34.59,95.65
2024-05-04 17:00:00,121.92,121.92,121.92,47.70,33.13,121.92
2024-05-04 18:00:00,135.40,135.40,135.40,47.81,34.47,132.15
2024-05-04 19:00:00,113.56,113.56,113.56,47.77,28.65,110.83
2024-05-04 20:00:00,90.26,90.26,90.26,47.61,25.33,88.09
2024-05-04 21:00:00,83.60,83.60,83.60,47.46,22.90,81.59
2024-05-04 22:00:00,90.58,90.58,90.58,47.46,26.36,90.58
2024-05-04 23:00:00,84.82,84.82,84.82,47.32,27.82,84.82
2024-05-05 00:00:00,83.52,83.52,83.52,47.26,28.09,83.52
2024-05-05 01:00:00,80.49,80.49,80.49,47.26,28.42,80.49
2024-05-05 02:00:00,74.74,74.74,74.74,47.27,29.39,74.74
2024-05-05 03:00:00,71.13,71.13,71.13,47.33,29.04,71.13
2024-05-05 04:00:00,62.16,62.16,62.16,47.47,31.32,61.75
2024-05-05 05:00:00,55.08,55.08,55.08,46.17,34.54,51.74
2024-05-05 06:00:00,41.33,41.33,41.33,35.72,35.72,37.18
2024-05-05 07:00:00,26.12,25.63,26.12,30.67,25.63,25.63
2024-05-05 08:00:00,8.85,9.33,8.85,15.00,9.33,9.33
2024-05-05 09:00:00,3.59,3.59,0.44,3.70,3.70,3.59
2024-05-05 10:00:00,3.18,3.18,0.00,3.27,3.27,3.18
2024-05-05 11:00:00,1.94,1.94,-0.04,2.00,2.00,1.94
2024-05-05 12:00:00,1.85,1.90,-0.97,1.90,1.90,1.90
2024-05-05 13:00:00,-0.10,4.27,-0.10,11.40,4.27,4.27
2024-05-05 14:00:00,0.00,4.90,0.00,21.79,4.90,4.90
2024-05-05 15:00:00,32.00,32.00,32.00,35.43,32.00,32.00
2024-05-05 16:00:00,86.50,86.50,86.50,46.34,37.71,86.50
2024-05-05 17:00:00,96.24,96.24,96.24,46.88,43.22,93.93
2024-05-05 18:00:00,111.92,111.92,111.92,46.97,46.65,109.23
2024-05-05 19:00:00,107.53,107.53,107.53,47.00,43.71,104.94
2024-05-05 20:00:00,98.74,98.74,98.74,46.89,40.06,40.06
2024-05-05 21:00:00,88.67,88.67,88.67,46.58,24.11,24.11
2024-05-05 22:00:00,82.86,82.86,82.86,47.44,26.92,26.92
2024-05-05 23:00:00,79.59,79.59,79.59,47.31,25.74,25.74
2024-05-06 00:00:00,80.41,80.41,80.41,47.24,25.16,25.16
2024-05-06 01:00:00,79.95,79.95,79.95,47.44,24.95,24.95
2024-05-06 02:00:00,81.69,64.20,81.69,47.72,27.89,27.89
2024-05-06 03:00:00,87.51,74.02,88.78,46.54,34.65,74.02
2024-05-06 04:00:00,107.09,107.09,107.09,48.69,48.69,104.52
2024-05-06 05:00:00,130.26,130.26,130.26,54.43,54.43,130.26
2024-05-06 06:00:00,100.46,100.46,101.35,67.96,67.96,100.46
2024-05-06 07:00:00,89.00,89.00,89.00,69.81,69.81,85.67
2024-05-06 08:00:00,81.00,81.00,81.11,60.02,60.02,71.92
2024-05-06 09:00:00,64.27,64.27,76.23,49.55,49.55,64.27
2024-05-06 10:00:00,76.26,76.26,76.26,48.79,48.79,64.17
2024-05-06 11:00:00,74.71,74.71,74.71,48.92,48.92,60.87
2024-05-06 12:00:00,74.89,74.89,74.89,48.59,48.59,59.91
2024-05-06 13:00:00,81.11,81.11,81.11,48.55,48.55,68.19
2024-05-06 14:00:00,81.62,81.62,81.62,48.50,48.50,79.66
2024-05-06 15:00:00,93.36,93.36,93.36,55.08,49.97,91.12
2024-05-06 16:00:00,108.37,108.37,108.37,82.82,67.91,90.10
2024-05-06 17:00:00,136.65,136.65,136.65,83.44,70.04,127.28
2024-05-06 18:00:00,143.99,143.99,143.99,133.54,69.42,132.05
2024-05-06 19:00:00,107.98,107.98,107.98,104.64,60.05,100.89
2024-05-06 20:00:00,94.58,94.58,94.58,91.56,48.52,48.52
2024-05-06 21:00:00,84.42,64.65,84.42,55.53,35.15,35.15
2024-05-06 22:00:00,81.73,75.96,81.73,79.20,35.46,35.46
2024-05-06 23:00:00,79.17,75.93,79.17,76.71,35.05,35.05
2024-05-07 00:00:00,77.23,75.94,77.23,74.83,34.81,34.81
2024-05-07 01:00:00,79.99,75.97,79.99,77.51,34.74,34.74
2024-05-07 02:00:00,80.08,75.99,80.08,77.60,35.19,35.19
2024-05-07 03:00:00,81.89,76.02,82.06,79.51,50.73,50.73
2024-05-07 04:00:00,95.99,95.99,98.84,89.57,95.99,95.99
2024-05-07 05:00:00,118.21,118.21,121.70,114.78,118.21,118.21
2024-05-07 06:00:00,112.66,112.66,112.66,109.06,112.66,112.66
2024-05-07 07:00:00,91.75,91.75,91.75,88.82,91.75,91.75
2024-05-07 08:00:00,84.00,82.62,85.21,81.56,82.62,82.62
2024-05-07 09:00:00,75.39,70.91,81.08,69.91,69.91,69.91
2024-05-07 10:00:00,56.91,56.91,74.73,55.31,55.31,55.31
2024-05-07 11:00:00,51.75,51.75,70.43,50.25,47.01,47.01
2024-05-07 12:00:00,47.89,47.89,65.53,46.50,40.05,40.05
2024-05-07 13:00:00,48.81,48.81,74.05,47.39,36.41,36.41
2024-05-07 14:00:00,75.60,75.60,83.12,53.01,51.76,51.76
2024-05-07 15:00:00,90.82,90.82,90.82,58.63,58.63,58.63
2024-05-07 16:00:00,105.86,105.86,105.86,79.53,79.53,103.32
2024-05-07 17:00:00,133.85,133.85,133.85,79.99,130.64,130.64
2024-05-07 18:00:00,151.05,151.05,151.05,97.57,115.00,147.42
2024-05-07 19:00:00,122.04,122.04,122.04,99.95,99.95,119.11
2024-05-07 20:00:00,101.70,101.70,101.70,98.45,74.21,74.21
2024-05-07 21:00:00,88.22,88.22,88.22,76.84,50.55,50.55
2024-05-07 22:00:00,83.97,83.97,83.97,81.37,52.97,52.97
2024-05-07 23:00:00,80.84,80.84,80.84,78.33,52.23,52.23
2024-05-08 00:00:00,80.88,80.88,80.88,78.37,50.87,50.87
2024-05-08 01:00:00,82.47,82.47,82.47,79.91,48.01,48.01
2024-05-08 02:00:00,82.48,82.48,82.48,77.60,52.26,52.26
2024-05-08 03:00:00,81.25,81.25,89.59,72.03,53.06,53.06
2024-05-08 04:00:00,107.48,107.48,107.48,79.50,104.90,104.90
2024-05-08 05:00:00,118.96,118.96,118.96,115.51,116.77,116.77
2024-05-08 06:00:00,110.12,110.12,110.12,106.71,107.48,107.48
2024-05-08 07:00:00,92.41,92.41,92.41,89.55,90.19,90.19
2024-05-08 08:00:00,85.40,85.40,85.40,82.75,83.66,83.66
2024-05-08 09:00:00,79.48,79.48,79.48,77.02,77.57,77.57
2024-05-08 10:00:00,71.18,71.18,72.93,63.95,71.18,71.18
2024-05-08 11:00:00,61.93,61.93,68.79,59.95,61.93,61.93
2024-05-08 12:00:00,62.09,62.09,66.58,60.11,62.09,62.09
2024-05-08 13:00:00,59.89,59.89,66.95,57.98,59.89,59.89
2024-05-08 14:00:00,64.10,64.10,75.72,61.82,64.10,64.10
2024-05-08 15:00:00,87.95,87.95,91.10,72.69,87.95,87.95
2024-05-08 16:00:00,103.95,103.95,106.50,79.91,103.95,103.95
2024-05-08 17:00:00,124.48,124.48,127.54,98.43,124.48,124.48
2024-05-08 18:00:00,134.42,134.42,134.42,83.95,134.42,134.42
2024-05-08 19:00:00,114.65,114.65,114.65,85.00,113.97,113.97
2024-05-08 20:00:00,96.54,96.54,96.54,72.45,94.22,94.22
2024-05-08 21:00:00,87.96,87.96,87.96,70.94,85.85,85.85
2024-05-08 22:00:00,87.60,87.60,87.60,61.49,51.55,51.55
2024-05-08 23:00:00,88.06,88.06,88.06,63.05,50.52,50.52
2024-05-09 00:00:00,82.97,82.97,82.97,61.49,29.92,29.92
2024-05-09 01:00:00,81.61,81.61,82.95,61.40,25.90,25.90
2024-05-09 02:00:00,75.51,75.51,88.83,59.95,25.69,25.69
2024-05-09 03:00:00,76.56,76.56,90.39,61.48,25.49,25.49
2024-05-09 04:00:00,84.00,84.00,88.13,62.08,28.45,38.38
2024-05-09 05:00:00,80.65,80.65,80.65,62.59,34.69,59.96
2024-05-09 06:00:00,65.53,65.53,65.53,54.19,39.90,39.90
2024-05-09 07:00:00,23.34,23.34,23.34,38.81,23.34,23.34
2024-05-09 08:00:00,5.07,4.98,5.07,10.58,4.98,4.98
2024-05-09 09:00:00,-0.06,1.09,-0.52,3.30,1.09,1.09
2024-05-09 10:00:00,-0.65,-0.16,-0.88,0.52,-0.16,-0.16
2024-05-09 11:00:00,-1.14,-0.59,-1.35,-0.18,-0.59,-0.59
2024-05-09 12:00:00,-1.17,-0.78,-2.03,-0.07,-0.78,-0.78
2024-05-09 13:00:00,-0.69,-0.18,-0.93,8.10,-0.18,-0.18
2024-05-09 14:00:00,0.68,3.08,0.68,36.82,3.08,3.08
2024-05-09 15:00:00,64.48,62.07,64.48,44.43,19.99,19.99
2024-05-09 16:00:00,85.06,85.06,89.72,56.63,19.95,19.95
2024-05-09 17:00:00,99.41,99.41,107.85,86.90,9.42,9.42
2024-05-09 18:00:00,118.17,118.17,132.79,79.93,4.69,4.69
2024-05-09 19:00:00,114.83,114.83,123.67,64.58,2.63,2.63
2024-05-09 20:00:00,94.65,94.65,99.94,64.52,0.87,0.87
2024-05-09 21:00:00,87.75,87.75,87.75,61.37,-0.11,-0.11
2024-05-09 22:00:00,92.13,92.13,92.13,53.04,0.01,0.01
2024-05-09 23:00:00,84.93,84.93,84.93,50.98,0.31,0.31
2024-05-10 00:00:00,77.07,77.07,77.07,50.76,-0.06,-0.06
2024-05-10 01:00:00,74.48,74.48,74.48,51.47,-0.16,-0.16
2024-05-10 02:00:00,74.78,74.78,74.78,51.92,-0.59,-0.59
2024-05-10 03:00:00,63.95,63.95,90.45,53.96,-0.16,-0.16
2024-05-10 04:00:00,72.49,72.49,115.20,57.97,0.39,72.49
2024-05-10 05:00:00,109.47,109.47,109.47,57.69,2.86,106.84
2024-05-10 06:00:00,95.60,95.60,95.60,53.97,4.17,93.31
2024-05-10 07:00:00,67.39,67.39,67.39,48.37,4.17,65.77
2024-05-10 08:00:00,20.84,20.84,20.84,39.85,3.91,20.34
2024-05-10 09:00:00,2.91,2.87,2.87,23.86,1.96,1.96
2024-05-10 10:00:00,0.58,0.52,0.52,0.60,0.34,0.34
2024-05-10 11:00:00,0.41,0.02,0.02,0.43,0.01,0.01
2024-05-10 12:00:00,0.08,0.02,0.02,12.07,0.02,0.02
2024-05-10 13:00:00,20.42,20.42,20.42,37.97,2.70,19.08
2024-05-10 14:00:00,65.46,65.46,65.46,47.91,4.15,63.89
2024-05-10 15:00:00,78.50,85.88,85.88,51.75,42.16,83.82
2024-05-10 16:00:00,93.25,105.91,105.91,52.08,49.82,103.37
2024-05-10 17:00:00,111.13,135.16,136.26,51.14,50.48,132.99
2024-05-10 18:00:00,159.90,166.63,170.72,50.82,50.50,166.63
2024-05-10 19:00:00,132.31,136.31,136.31,51.92,49.99,133.04
2024-05-10 20:00:00,104.87,104.87,104.87,51.79,49.92,85.80
2024-05-10 21:00:00,90.31,92.16,92.16,51.91,19.97,69.82
2024-05-10 22:00:00,85.99,96.76,96.76,43.84,5.00,85.09
2024-05-10 23:00:00,80.84,94.18,94.18,42.23,12.73,85.02
2024-05-11 00:00:00,79.10,90.03,90.03,41.45,18.66,85.01
2024-05-11 01:00:00,82.51,89.09,89.09,40.83,20.00,79.10
2024-05-11 02:00:00,79.04,89.91,89.91,40.82,22.40,79.08
2024-05-11 03:00:00,79.14,90.70,90.70,40.59,22.80,85.01
2024-05-11 04:00:00,78.00,86.72,86.72,41.99,25.16,84.64
2024-05-11 05:00:00,68.07,79.67,79.84,47.57,30.66,77.92
2024-05-11 06:00:00,56.47,56.47,56.47,36.13,33.93,55.12
2024-05-11 07:00:00,6.80,6.97,6.80,22.21,6.97,6.97
2024-05-11 08:00:00,0.79,0.79,0.00,8.58,0.79,0.79
2024-05-11 09:00:00,0.00,0.00,-10.47,0.00,0.00,0.00
2024-05-11 10:00:00,-0.58,-0.58,-21.21,-0.58,-0.58,-0.58
2024-05-11 11:00:00,-0.88,-0.88,-21.99,-0.88,-0.88,-0.88
2024-05-11 12:00:00,-0.91,-0.91,-24.23,-0.91,-0.91,-0.91
2024-05-11 13:00:00,-0.07,-0.07,-11.46,-0.03,-0.07,-0.07
2024-05-11 14:00:00,-0.41,2.98,-0.41,19.22,2.98,2.98
2024-05-11 15:00:00,32.77,32.77,32.77,31.97,30.92,30.92
2024-05-11 16:00:00,69.49,78.43,81.83,48.17,35.28,78.43
2024-05-11 17:00:00,86.02,101.68,101.68,52.88,37.07,99.24
2024-05-11 18:00:00,108.00,122.50,122.50,52.80,33.47,119.56
2024-05-11 19:00:00,90.31,103.48,103.48,52.86,32.51,101.00
2024-05-11 20:00:00,78.82,86.26,86.26,51.07,28.28,84.19
2024-05-11 21:00:00,68.02,68.37,68.37,49.21,25.21,25.21
2024-05-11 22:00:00,63.00,65.49,65.49,48.13,24.36,24.36
2024-05-11 23:00:00,51.36,54.50,54.50,42.63,19.25,19.25
2024-05-12 00:00:00,42.72,44.52,44.52,41.35,14.22,43.45
2024-05-12 01:00:00,39.00,41.22,41.22,37.96,9.02,40.23
2024-05-12 02:00:00,38.38,46.33,46.33,38.38,4.91,45.22
2024-05-12 03:00:00,43.50,43.50,43.50,36.98,4.11,42.46
2024-05-12 04:00:00,17.61,17.61,17.61,17.61,4.16,17.19
2024-05-12 05:00:00,4.79,4.79,4.79,4.54,4.54,4.67
2024-05-12 06:00:00,2.35,1.48,2.35,2.60,1.48,1.48
2024-05-12 07:00:00,-2.63,-1.23,-2.80,-0.99,-1.23,-1.23
2024-05-12 08:00:00,-2.57,-2.57,-25.00,-2.57,-2.57,-2.57
2024-05-12 09:00:00,-4.07,-4.07,-69.64,-4.07,-4.07,-4.07
2024-05-12 10:00:00,-5.09,-5.09,-100.06,-5.09,-5.09,-5.09
2024-05-12 11:00:00,-6.58,-6.58,-135.45,-6.58,-6.58,-6.58
2024-05-12 12:00:00,-5.16,-5.16,-132.85,-5.16,-5.16,-5.16
2024-05-12 13:00:00,-12.07,-2.09,-85.08,-2.09,-2.09,-2.09
2024-05-12 14:00:00,-28.81,-0.09,-30.00,-0.04,-0.09,-0.09
2024-05-12 15:00:00,-1.33,2.59,-1.33,2.59,2.59,2.59
2024-05-12 16:00:00,22.50,24.72,22.50,29.51,24.72,24.72
2024-05-12 17:00:00,65.84,63.62,67.94,40.09,40.09,63.62
2024-05-12 18:00:00,73.92,73.92,75.74,44.93,43.18,73.92
2024-05-12 19:00:00,55.40,55.40,58.26,48.70,42.13,55.40
2024-05-12 20:00:00,44.43,44.43,44.60,42.11,35.94,43.53
2024-05-12 21:00:00,35.61,35.61,35.61,35.61,27.95,34.75
2024-05-12 22:00:00,26.84,26.84,26.84,26.84,26.20,26.20
2024-05-12 23:00:00,25.88,25.88,25.88,25.25,25.25,25.25
2024-05-13 00:00:00,25.71,25.71,25.71,25.01,25.01,25.01
2024-05-13 01:00:00,24.70,24.70,24.70,24.11,24.11,24.11
2024-05-13 02:00:00,27.00,27.00,27.00,27.00,26.36,26.36
2024-05-13 03:00:00,36.65,36.65,39.68,34.99,33.92,36.65
2024-05-13 04:00:00,48.84,48.84,79.97,39.03,37.28,48.84
2024-05-13 05:00:00,100.95,100.95,106.60,44.73,44.73,100.95
2024-05-13 06:00:00,76.59,76.59,78.47,45.19,45.19,76.59
2024-05-13 07:00:00,43.51,37.59,43.51,37.59,37.59,37.59
2024-05-13 08:00:00,10.38,18.19,10.38,26.55,18.19,18.19
2024-05-13 09:00:00,-0.97,7.04,-0.97,7.04,7.04,7.04
2024-05-13 10:00:00,-2.50,1.59,-2.69,1.59,1.59,1.59
2024-05-13 11:00:00,-2.27,1.01,-2.27,1.01,1.01,1.01
2024-05-13 12:00:00,-1.81,0.01,-2.46,0.30,0.30,0.30
2024-05-13 13:00:00,-0.73,1.51,-0.73,1.51,1.51,1.51
2024-05-13 14:00:00,0.07,17.19,0.07,17.19,17.19,17.19
2024-05-13 15:00:00,51.05,33.93,55.01,33.93,33.93,33.93
2024-05-13 16:00:00,37.60,37.60,83.12,37.60,37.60,37.60
2024-05-13 17:00:00,43.04,43.04,146.18,37.53,37.53,43.04
2024-05-13 18:00:00,38.20,38.20,139.00,37.09,37.09,38.20
2024-05-13 19:00:00,35.12,35.12,88.70,34.10,34.10,35.12
2024-05-13 20:00:00,31.31,31.31,69.55,30.40,29.58,31.31
2024-05-13 21:00:00,33.66,33.66,52.70,32.68,22.82,33.66
2024-05-13 22:00:00,23.38,23.38,48.58,23.38,12.35,23.38
2024-05-13 23:00:00,19.95,19.95,43.43,19.95,12.99,19.95
2024-05-14 00:00:00,19.93,19.93,35.35,19.93,12.55,19.93
2024-05-14 01:00:00,19.95,19.95,34.08,19.95,9.88,19.95
2024-05-14 02:00:00,20.00,20.00,28.89,20.00,9.78,20.00
2024-05-14 03:00:00,23.01,23.01,52.35,23.01,12.76,23.01
2024-05-14 04:00:00,38.37,38.37,71.88,36.59,36.59,38.37
2024-05-14 05:00:00,45.18,54.97,77.33,37.96,37.96,54.97
2024-05-14 06:00:00,46.75,46.75,51.50,37.39,37.39,46.75
2024-05-14 07:00:00,5.64,7.73,5.64,14.99,7.73,7.73
2024-05-14 08:00:00,-2.33,0.33,-2.33,0.33,0.33,0.33
2024-05-14 09:00:00,-3.32,-1.46,-11.12,-1.46,-1.46,-1.46
2024-05-14 10:00:00,-3.34,-3.00,-36.33,-3.00,-3.00,-3.00
2024-05-14 11:00:00,-3.72,-3.72,-42.95,-3.72,-3.72,-3.72
2024-05-14 12:00:00,-4.99,-4.99,-39.66,-4.99,-4.99,-4.99
2024-05-14 13:00:00,-3.99,-3.99,-19.86,-3.99,-3.99,-3.99
2024-05-14 14:00:00,-2.03,-0.92,-2.93,-0.10,-0.92,-0.92
2024-05-14 15:00:00,-0.04,1.49,-0.04,4.21,1.49,1.49
2024-05-14 16:00:00,34.21,32.68,43.74,28.87,7.76,32.68
2024-05-14 17:00:00,37.62,37.62,83.90,36.53,4.87,37.62
2024-05-14 18:00:00,37.72,37.72,93.47,36.63,1.70,37.72
2024-05-14 19:00:00,36.33,36.33,76.41,36.33,0.24,36.33
2024-05-14 20:00:00,32.42,32.42,45.35,32.42,-0.07,32.42
2024-05-14 21:00:00,26.85,16.25,27.71,26.85,-1.01,-1.01
2024-05-14 22:00:00,30.50,9.59,30.56,29.62,-0.21,-0.21
2024-05-14 23:00:00,32.27,8.01,32.34,31.34,-0.16,-0.16
2024-05-15 00:00:00,30.52,19.38,39.38,29.64,-0.15,-0.15
2024-05-15 01:00:00,30.51,16.16,41.80,29.62,-0.11,-0.11
2024-05-15 02:00:00,29.83,9.99,37.96,28.97,-0.05,-0.05
2024-05-15 03:00:00,26.88,26.88,52.87,26.88,0.21,26.88
2024-05-15 04:00:00,36.20,36.20,85.01,34.37,5.46,36.20
2024-05-15 05:00:00,57.89,57.89,88.16,36.61,36.61,57.89
2024-05-15 06:00:00,59.96,59.96,84.45,37.89,37.89,59.96
2024-05-15 07:00:00,43.52,43.52,48.42,36.01,36.01,43.52
2024-05-15 08:00:00,7.36,7.06,7.36,18.53,7.06,7.06
2024-05-15 09:00:00,-0.08,0.22,-0.08,5.65,0.22,0.22
2024-05-15 10:00:00,-2.01,-0.93,-9.95,0.85,-0.93,-0.93
2024-05-15 11:00:00,-1.31,-1.05,-11.18,-0.01,-1.05,-1.05
2024-05-15 12:00:00,-0.95,-0.95,-9.91,-0.19,-0.95,-0.95
2024-05-15 13:00:00,-0.09,-0.09,-0.09,0.83,-0.09,-0.09
2024-05-15 14:00:00,1.73,1.73,1.73,6.68,1.73,1.73
2024-05-15 15:00:00,23.77,6.95,30.33,18.81,6.95,6.95
2024-05-15 16:00:00,28.92,28.92,73.66,28.92,28.92,28.92
2024-05-15 17:00:00,36.42,36.42,101.24,34.37,34.37,36.42
2024-05-15 18:00:00,37.16,37.16,110.20,36.08,36.08,37.16
2024-05-15 19:00:00,35.63,35.63,83.80,34.59,25.10,35.63
2024-05-15 20:00:00,35.40,35.40,63.64,34.38,8.19,35.40
2024-05-15 21:00:00,32.97,17.35,48.67,32.02,6.03,6.03
2024-05-15 22:00:00,21.00,2.66,51.14,20.39,2.66,2.66
2024-05-15 23:00:00,19.67,2.73,47.76,19.67,2.73,2.73
2024-05-16 00:00:00,19.66,3.36,39.62,19.66,3.36,3.36
2024-05-16 01:00:00,19.23,4.51,49.49,19.23,4.51,4.51
2024-05-16 02:00:00,19.47,6.87,44.44,19.47,6.87,6.87
2024-05-16 03:00:00,17.72,17.20,57.50,17.20,17.20,17.20
2024-05-16 04:00:00,25.97,25.97,81.35,25.22,25.22,25.97
2024-05-16 05:00:00,46.08,46.08,95.81,35.52,35.52,46.08
2024-05-16 06:00:00,40.31,40.31,82.98,35.00,35.00,40.31
2024-05-16 07:00:00,26.75,26.75,53.10,26.75,26.75,26.75
2024-05-16 08:00:00,11.50,10.32,11.50,16.80,10.32,10.32
2024-05-16 09:00:00,0.08,1.26,0.08,8.93,1.26,1.26
2024-05-16 10:00:00,-0.02,-0.02,-0.02,0.73,-0.02,-0.02
2024-05-16 11:00:00,-0.71,-0.71,-0.71,-0.19,-0.71,-0.71
2024-05-16 12:00:00,-0.16,-0.16,-0.16,-0.16,-0.16,-0.16
2024-05-16 13:00:00,0.01,0.92,0.01,0.92,0.92,0.92
2024-05-16 14:00:00,10.00,9.09,10.00,10.00,9.09,9.09
2024-05-16 15:00:00,17.28,17.28,44.95,17.28,17.28,17.28
2024-05-16 16:00:00,20.81,20.81,74.96,20.81,20.81,20.81
2024-05-16 17:00:00,24.36,24.36,96.06,24.36,24.36,24.36
2024-05-16 18:00:00,26.21,26.21,109.91,25.45,25.45,25.45
2024-05-16 19:00:00,25.29,25.29,87.89,24.55,21.05,21.05
2024-05-16 20:00:00,22.41,17.84,82.57,22.35,10.00,10.00
2024-05-16 21:00:00,27.78,4.30,69.18,27.78,4.30,4.30
2024-05-16 22:00:00,19.59,3.30,69.52,19.92,3.30,3.30
2024-05-16 23:00:00,18.69,2.86,63.20,19.25,2.86,2.86
2024-05-17 00:00:00,18.44,2.81,63.22,18.99,2.81,2.81
2024-05-17 01:00:00,18.34,2.82,62.48,18.80,2.82,2.82
2024-05-17 02:00:00,18.77,3.48,64.39,18.77,3.48,3.48
2024-05-17 03:00:00,19.19,4.99,63.24,19.19,4.99,4.99
2024-05-17 04:00:00,23.07,23.07,83.73,23.07,23.07,23.07
2024-05-17 05:00:00,29.97,29.97,99.94,29.97,29.97,29.97
2024-05-17 06:00:00,32.45,32.45,94.71,32.45,32.45,32.45
2024-05-17 07:00:00,25.67,25.67,73.90,26.04,25.67,25.67
2024-05-17 08:00:00,19.47,11.18,64.46,20.06,11.18,11.18
2024-05-17 09:00:00,18.63,4.21,57.41,19.19,4.21,4.21
2024-05-17 10:00:00,14.56,2.95,38.11,15.00,2.95,2.95
2024-05-17 11:00:00,14.09,1.93,28.24,14.51,1.93,1.93
2024-05-17 12:00:00,13.89,1.25,31.60,14.31,1.25,1.25
2024-05-17 13:00:00,14.56,2.48,37.50,15.00,2.48,2.48
2024-05-17 14:00:00,19.17,3.28,52.09,19.74,3.28,3.28
2024-05-17 15:00:00,19.67,4.98,70.54,20.26,4.98,4.98
2024-05-17 16:00:00,22.60,7.16,69.88,26.09,7.16,7.16
2024-05-17 17:00:00,27.01,12.92,94.95,27.01,5.89,5.89
2024-05-17 18:00:00,33.07,33.07,107.94,28.60,4.13,4.13
2024-05-17 19:00:00,32.63,32.63,95.22,31.69,1.24,1.24
2024-05-17 20:00:00,31.04,31.04,89.39,30.14,-0.09,-0.09
2024-05-17 21:00:00,30.43,11.37,80.65,29.55,-1.60,-1.60
2024-05-17 22:00:00,33.50,9.53,67.55,32.53,0.00,0.00
2024-05-17 23:00:00,33.47,9.99,63.61,32.49,0.00,0.00
2024-05-18 00:00:00,34.22,34.22,63.82,33.23,0.19,0.19
2024-05-18 01:00:00,34.90,34.90,65.18,33.89,0.51,0.51
2024-05-18 02:00:00,34.83,34.83,69.01,33.82,0.98,0.98
2024-05-18 03:00:00,35.31,35.31,72.51,34.28,1.42,1.42
2024-05-18 04:00:00,58.32,58.32,71.86,36.58,2.47,2.47
2024-05-18 05:00:00,64.31,64.31,70.39,44.28,4.95,4.95
2024-05-18 06:00:00,58.29,58.29,63.86,45.36,7.97,7.97
2024-05-18 07:00:00,42.69,42.69,47.36,33.36,7.43,7.43
2024-05-18 08:00:00,9.43,9.43,9.43,28.44,4.95,4.95
2024-05-18 09:00:00,0.71,0.71,0.71,0.74,0.71,0.71
2024-05-18 10:00:00,-0.02,-0.02,-0.02,-0.02,-0.02,-0.02
2024-05-18 11:00:00,-1.30,-1.30,-1.30,-1.26,-1.30,-1.30
2024-05-18 12:00:00,-2.79,-2.79,-2.79,-2.71,-2.79,-2.79
2024-05-18 13:00:00,-1.92,-1.92,-1.92,-0.01,-1.92,-1.92
2024-05-18 14:00:00,-0.04,-0.04,-0.04,28.30,-0.04,-0.04
2024-05-18 15:00:00,42.75,3.38,50.66,33.56,3.38,3.38
2024-05-18 16:00:00,70.00,49.10,81.91,45.28,22.01,22.01
2024-05-18 17:00:00,102.33,102.33,109.94,44.56,28.63,102.33
2024-05-18 18:00:00,124.11,124.11,131.66,45.94,28.88,111.55
2024-05-18 19:00:00,114.39,114.39,122.78,47.21,25.79,59.98
2024-05-18 20:00:00,96.52,96.52,96.52,45.99,4.97,4.97
2024-05-18 21:00:00,86.60,86.60,86.60,45.94,3.00,3.00
2024-05-18 22:00:00,90.69,90.69,90.69,45.80,2.69,2.69
2024-05-18 23:00:00,89.06,89.06,89.06,45.49,2.48,2.48
2024-05-19 00:00:00,88.66,88.66,88.66,45.46,2.60,2.60
2024-05-19 01:00:00,86.91,86.91,86.91,45.44,2.85,2.85
2024-05-19 02:00:00,86.13,86.13,86.13,45.44,2.85,2.85
2024-05-19 03:00:00,80.56,80.56,80.56,45.45,2.91,2.91
2024-05-19 04:00:00,75.57,75.57,75.57,46.84,3.57,3.57
2024-05-19 05:00:00,70.24,70.24,70.24,45.72,3.17,3.17
2024-05-19 06:00:00,46.96,46.96,46.96,39.75,5.05,5.05
2024-05-19 07:00:00,5.60,5.60,5.60,31.08,2.91,2.91
2024-05-19 08:00:00,-0.03,-0.03,-0.03,2.41,-0.03,-0.03
2024-05-19 09:00:00,-0.18,-0.18,-0.18,-0.18,-0.18,-0.18
2024-05-19 10:00:00,-2.06,-2.06,-2.06,-2.06,-2.06,-2.06
2024-05-19 11:00:00,-7.41,-7.41,-7.41,-7.41,-7.41,-7.41
2024-05-19 12:00:00,-15.07,-15.07,-15.13,-15.07,-15.07,-15.07
2024-05-19 13:00:00,-10.00,-10.00,-10.00,-5.01,-10.00,-10.00
2024-05-19 14:00:00,-3.79,-3.79,-3.79,1.93,-3.79,-3.79
2024-05-19 15:00:00,-0.06,-0.06,-0.06,30.66,-0.06,-0.06
2024-05-19 16:00:00,64.17,64.17,64.17,40.32,27.48,62.63
2024-05-19 17:00:00,89.59,89.59,89.59,47.24,27.73,87.44
2024-05-19 18:00:00,113.66,113.66,113.66,48.69,29.47,110.93
2024-05-19 19:00:00,122.86,122.86,122.86,49.30,27.90,119.91
2024-05-19 20:00:00,101.93,101.93,101.93,47.26,26.88,99.48
2024-05-19 21:00:00,86.14,86.14,86.14,46.78,4.90,84.08
2024-05-19 22:00:00,91.09,91.09,91.09,48.74,1.19,88.91
2024-05-19 23:00:00,82.64,82.64,82.64,48.64,0.42,80.66
2024-05-20 00:00:00,86.73,86.73,86.73,48.70,0.00,84.64
2024-05-20 01:00:00,86.09,86.09,86.09,48.71,0.01,84.02
2024-05-20 02:00:00,88.21,88.21,88.21,48.69,1.41,86.09
2024-05-20 03:00:00,91.46,91.46,91.46,48.75,4.94,89.27
2024-05-20 04:00:00,104.72,104.72,104.72,49.08,10.44,102.20
2024-05-20 05:00:00,105.69,105.69,105.69,49.62,30.01,105.69
2024-05-20 06:00:00,72.24,72.24,72.24,48.20,33.98,70.51
2024-05-20 07:00:00,32.80,32.80,32.80,39.56,29.38,29.38
2024-05-20 08:00:00,12.41,12.41,12.41,25.94,12.41,12.41
2024-05-20 09:00:00,6.06,6.06,6.06,6.36,6.06,6.06
2024-05-20 10:00:00,2.41,2.41,2.41,2.48,2.41,2.41
2024-05-20 11:00:00,0.01,0.01,0.00,0.01,0.01,0.01
2024-05-20 12:00:00,-0.18,0.02,-0.33,0.02,0.02,0.02
2024-05-20 13:00:00,-0.07,3.73,-0.07,7.68,3.73,3.73
2024-05-20 14:00:00,0.89,9.42,0.89,34.52,9.42,9.42
2024-05-20 15:00:00,59.28,50.75,64.17,42.92,26.77,50.75
2024-05-20 16:00:00,78.94,78.94,85.94,49.67,31.78,78.94
2024-05-20 17:00:00,105.96,105.96,113.63,49.91,33.97,105.96
2024-05-20 18:00:00,125.76,125.76,135.90,49.99,33.97,125.76
2024-05-20 19:00:00,116.78,116.78,120.33,49.64,30.46,116.78
2024-05-20 20:00:00,96.63,96.63,96.63,49.64,22.28,22.28
2024-05-20 21:00:00,79.86,79.86,79.86,49.23,9.94,9.94
2024-05-20 22:00:00,81.46,66.01,81.46,48.74,8.87,8.87
2024-05-20 23:00:00,76.40,27.87,76.40,48.55,7.67,7.67
2024-05-21 00:00:00,52.42,10.00,76.21,48.33,6.34,6.34
2024-05-21 01:00:00,49.51,10.00,77.92,48.07,5.70,5.70
2024-05-21 02:00:00,49.25,9.99,74.93,47.83,7.56,7.56
2024-05-21 03:00:00,49.53,31.94,79.58,48.09,12.99,12.99
2024-05-21 04:00:00,74.15,74.15,112.26,48.56,32.68,74.15
2024-05-21 05:00:00,117.09,117.09,122.98,49.49,49.49,117.09
2024-05-21 06:00:00,96.39,96.39,97.35,54.68,54.68,95.01
2024-05-21 07:00:00,46.99,35.38,81.86,48.90,35.38,35.38
2024-05-21 08:00:00,31.87,30.29,66.98,48.70,30.29,30.29
2024-05-21 09:00:00,31.41,25.15,54.42,45.99,25.15,25.15
2024-05-21 10:00:00,27.41,20.66,28.47,28.23,20.66,20.66
2024-05-21 11:00:00,29.16,18.33,31.34,30.03,18.33,18.33
2024-05-21 12:00:00,33.21,15.04,54.09,34.20,15.04,15.04
2024-05-21 13:00:00,31.06,20.75,69.65,39.81,20.75,20.75
2024-05-21 14:00:00,30.46,24.99,79.61,44.93,24.99,24.99
2024-05-21 15:00:00,32.67,31.14,87.98,46.88,31.14,31.14
2024-05-21 16:00:00,58.32,42.35,103.44,48.24,33.83,33.83
2024-05-21 17:00:00,81.59,55.75,126.98,49.50,33.83,33.83
2024-05-21 18:00:00,68.88,57.36,99.07,50.29,30.69,57.36
2024-05-21 19:00:00,57.73,57.73,83.58,49.35,30.20,30.20
2024-05-21 20:00:00,41.76,38.65,83.05,47.25,13.94,13.94
2024-05-21 21:00:00,44.86,8.33,65.91,43.56,8.33,8.33
2024-05-21 22:00:00,28.00,3.42,70.03,32.80,3.42,3.42
2024-05-21 23:00:00,28.00,2.81,66.40,28.00,2.81,2.81
2024-05-22 00:00:00,27.39,2.63,64.90,26.60,2.63,2.63
2024-05-22 01:00:00,28.12,2.39,54.12,27.31,2.39,2.39
2024-05-22 02:00:00,28.28,2.92,62.66,27.46,2.92,2.92
2024-05-22 03:00:00,28.16,4.94,70.20,27.93,4.94,4.94
2024-05-22 04:00:00,32.30,23.97,98.14,31.36,23.97,23.97
2024-05-22 05:00:00,40.58,36.45,103.12,39.40,36.45,36.45
2024-05-22 06:00:00,43.26,38.09,94.98,42.00,38.09,38.09
2024-05-22 07:00:00,33.28,33.28,81.21,34.27,33.28,33.28
2024-05-22 08:00:00,31.32,23.13,70.00,32.25,23.13,23.13
2024-05-22 09:00:00,29.67,9.34,69.78,29.67,9.34,9.34
2024-05-22 10:00:00,20.48,4.92,65.65,21.98,4.92,4.92
2024-05-22 11:00:00,3.61,3.61,56.91,16.21,3.61,3.61
2024-05-22 12:00:00,3.08,3.08,56.14,15.07,3.08,3.08
2024-05-22 13:00:00,3.03,3.03,67.17,27.87,3.03,3.03
2024-05-22 14:00:00,14.34,4.29,77.61,32.87,4.29,4.29
2024-05-22 15:00:00,72.31,13.66,92.45,42.91,7.84,7.84
2024-05-22 16:00:00,92.16,56.69,99.98,50.15,10.13,10.13
2024-05-22 17:00:00,99.90,64.43,147.02,51.51,10.00,10.00
2024-05-22 18:00:00,136.52,64.46,154.88,51.59,4.98,4.98
2024-05-22 19:00:00,117.34,68.03,135.99,51.44,4.12,4.12
2024-05-22 20:00:00,99.69,74.62,107.71,51.05,2.50,2.50
2024-05-22 21:00:00,87.74,68.00,93.22,50.77,0.16,0.16
2024-05-22 22:00:00,54.19,54.19,79.27,52.62,1.50,1.50
2024-05-22 23:00:00,58.00,58.00,78.45,47.99,0.93,0.93
2024-05-23 00:00:00,63.96,63.96,74.93,37.77,0.25,0.25
2024-05-23 01:00:00,69.31,69.31,76.68,32.01,0.00,0.00
2024-05-23 02:00:00,68.91,68.91,78.65,32.81,0.14,0.14
2024-05-23 03:00:00,74.98,74.98,84.80,35.37,1.28,1.28
2024-05-23 04:00:00,107.98,107.98,107.98,50.92,3.09,3.09
2024-05-23 05:00:00,118.00,118.00,118.00,55.25,10.75,10.75
2024-05-23 06:00:00,97.84,97.84,97.84,56.24,22.42,22.42
2024-05-23 07:00:00,75.65,75.65,75.65,55.95,15.13,15.13
2024-05-23 08:00:00,74.89,74.89,74.89,55.96,6.98,6.98
2024-05-23 09:00:00,64.10,64.10,64.10,56.89,4.32,4.32
2024-05-23 10:00:00,52.50,52.50,52.50,51.44,2.99,2.99
2024-05-23 11:00:00,45.31,45.31,45.31,43.99,1.77,1.77
2024-05-23 12:00:00,56.98,56.98,56.98,55.12,1.20,1.20
2024-05-23 13:00:00,71.40,71.40,71.40,57.01,1.18,1.18
2024-05-23 14:00:00,83.77,83.77,83.77,57.77,1.29,1.29
2024-05-23 15:00:00,96.64,96.64,96.64,60.22,2.51,2.51
2024-05-23 16:00:00,111.49,111.49,111.49,60.35,4.13,108.81
2024-05-23 17:00:00,156.28,156.28,156.28,65.14,4.20,152.53
2024-05-23 18:00:00,175.74,175.74,180.06,70.02,2.88,175.74
2024-05-23 19:00:00,155.98,155.98,155.98,65.18,1.51,152.24
2024-05-23 20:00:00,123.54,123.54,126.15,59.45,0.00,123.13
2024-05-23 21:00:00,103.37,103.37,105.03,57.37,-0.85,102.51
2024-05-23 22:00:00,103.17,103.17,103.17,54.87,-2.46,80.06
2024-05-23 23:00:00,94.12,94.12,94.12,54.82,-2.49,80.01
2024-05-24 00:00:00,89.79,89.79,89.79,54.82,-2.24,83.78
2024-05-24 01:00:00,88.22,88.22,88.22,54.83,-1.97,24.16
2024-05-24 02:00:00,91.80,91.80,91.80,54.84,-0.61,79.99
2024-05-24 03:00:00,103.23,103.23,103.23,54.89,0.03,100.76
2024-05-24 04:00:00,123.84,123.84,123.84,55.77,4.87,120.87
2024-05-24 05:00:00,122.07,122.07,122.07,67.53,33.83,119.14
2024-05-24 06:00:00,115.90,115.90,115.90,70.43,65.00,107.56
2024-05-24 07:00:00,106.10,106.10,106.10,57.41,57.41,100.61
2024-05-24 08:00:00,96.16,96.16,96.16,56.08,56.08,90.55
2024-05-24 09:00:00,90.07,90.07,90.07,57.99,37.07,50.79
2024-05-24 10:00:00,83.22,88.98,88.98,58.00,34.45,34.45
2024-05-24 11:00:00,81.39,87.74,87.74,56.90,20.97,20.97
2024-05-24 12:00:00,81.23,88.12,88.12,56.53,16.39,25.46
2024-05-24 13:00:00,83.38,88.18,88.18,56.16,12.44,83.78
2024-05-24 14:00:00,84.00,84.27,84.27,56.52,16.39,82.24
2024-05-24 15:00:00,96.00,98.79,98.79,56.59,22.46,96.42
2024-05-24 16:00:00,111.77,111.77,111.77,61.65,24.94,111.73
2024-05-24 17:00:00,129.99,129.99,129.99,74.31,26.39,129.99
2024-05-24 18:00:00,125.00,125.00,125.00,70.33,23.70,125.00
2024-05-24 19:00:00,115.84,115.84,115.84,65.18,20.62,115.84
2024-05-24 20:00:00,109.67,109.67,109.67,58.71,13.73,107.04
2024-05-24 21:00:00,99.84,99.84,99.84,55.66,6.45,97.44
2024-05-24 22:00:00,94.88,94.88,94.88,54.77,6.11,92.60
2024-05-24 23:00:00,91.83,91.83,91.83,54.22,6.23,89.63
2024-05-25 00:00:00,90.43,90.43,90.43,54.32,6.08,88.26
2024-05-25 01:00:00,89.16,89.16,89.16,54.31,6.30,86.89
2024-05-25 02:00:00,89.03,89.03,89.03,54.27,6.55,86.89
2024-05-25 03:00:00,90.26,90.26,90.26,54.50,6.98,85.04
2024-05-25 04:00:00,90.68,90.68,90.68,55.06,10.23,88.33
2024-05-25 05:00:00,86.23,86.23,86.23,55.05,16.87,84.16
2024-05-25 06:00:00,78.58,78.58,78.58,55.01,20.92,76.00
2024-05-25 07:00:00,74.75,74.75,74.75,55.01,20.45,66.39
2024-05-25 08:00:00,54.23,54.23,54.23,44.94,15.16,15.16
2024-05-25 09:00:00,9.34,9.34,9.34,17.19,9.11,9.11
2024-05-25 10:00:00,3.24,3.24,3.24,3.34,3.24,3.24
2024-05-25 11:00:00,0.04,0.04,0.04,0.04,0.04,0.04
2024-05-25 12:00:00,0.00,0.00,0.00,0.00,0.00,0.00
2024-05-25 13:00:00,0.02,1.05,0.02,1.05,1.05,1.05
2024-05-25 14:00:00,14.23,13.20,14.23,33.32,11.60,12.46
2024-05-25 15:00:00,76.04,76.04,76.04,53.30,15.70,74.21
2024-05-25 16:00:00,96.23,96.23,96.23,56.55,18.01,93.93
2024-05-25 17:00:00,115.77,115.77,115.77,56.60,15.25,112.99
2024-05-25 18:00:00,124.36,131.92,131.92,57.62,10.75,128.75
2024-05-25 19:00:00,136.95,136.95,136.95,56.56,5.42,133.67
2024-05-25 20:00:00,115.77,115.77,115.77,55.65,3.86,112.99
2024-05-25 21:00:00,104.54,104.54,104.54,55.07,2.42,102.04
2024-05-25 22:00:00,107.36,107.36,107.36,55.34,1.64,104.79
2024-05-25 23:00:00,98.30,98.30,98.30,54.76,1.95,95.94
2024-05-26 00:00:00,90.77,90.77,90.77,54.37,1.98,88.59
2024-05-26 01:00:00,90.10,90.10,90.10,54.09,2.00,87.94
2024-05-26 02:00:00,91.16,91.16,91.16,53.64,2.26,77.44
2024-05-26 03:00:00,88.61,88.61,88.61,54.21,2.49,76.10
2024-05-26 04:00:00,83.49,83.49,83.49,54.96,3.07,79.93
2024-05-26 05:00:00,71.90,71.90,71.90,52.32,4.51,70.17
2024-05-26 06:00:00,13.25,12.02,13.25,28.95,7.08,11.73
2024-05-26 07:00:00,0.02,1.25,0.02,1.25,1.25,1.25
2024-05-26 08:00:00,0.00,0.00,0.00,0.00,0.00,0.00
2024-05-26 09:00:00,-0.09,-0.09,-0.09,-0.09,-0.09,-0.09
2024-05-26 10:00:00,-2.12,-2.12,-2.12,-2.12,-2.12,-2.12
2024-05-26 11:00:00,-6.05,-6.05,-10.66,-6.05,-6.05,-6.05
2024-05-26 12:00:00,-5.10,-5.10,-23.88,-5.10,-5.10,-5.10
2024-05-26 13:00:00,-2.79,-2.79,-9.91,-0.38,-2.79,-2.79
2024-05-26 14:00:00,-0.60,1.18,-0.60,19.65,1.18,1.18
2024-05-26 15:00:00,57.00,55.22,57.00,41.96,9.03,53.88
2024-05-26 16:00:00,93.26,93.26,93.26,55.22,12.10,91.02
2024-05-26 17:00:00,118.08,118.08,118.08,56.65,12.59,112.54
2024-05-26 18:00:00,118.74,118.74,118.74,56.81,7.66,115.89
2024-05-26 19:00:00,121.10,121.10,121.10,55.83,4.59,117.07
2024-05-26 20:00:00,106.94,106.94,106.94,55.39,2.81,103.95
2024-05-26 21:00:00,87.50,87.50,87.50,55.34,0.91,85.40
2024-05-26 22:00:00,78.34,78.34,78.34,51.92,-1.73,76.46
2024-05-26 23:00:00,73.26,73.26,75.07,51.76,-1.73,73.26
2024-05-27 00:00:00,68.48,68.48,74.44,51.05,-1.79,68.48
2024-05-27 01:00:00,67.87,67.87,74.43,50.98,-1.56,67.87
2024-05-27 02:00:00,70.30,70.30,77.87,49.85,-0.15,70.30
2024-05-27 03:00:00,76.30,82.02,84.04,48.82,0.40,82.02
2024-05-27 04:00:00,97.14,108.70,112.94,52.22,2.90,108.70
2024-05-27 05:00:00,110.56,132.99,128.74,59.42,7.71,7.71
2024-05-27 06:00:00,124.55,124.55,124.55,63.89,11.91,11.91
2024-05-27 07:00:00,107.22,107.22,107.22,62.63,7.81,7.81
2024-05-27 08:00:00,88.44,88.44,88.44,58.37,4.23,4.23
2024-05-27 09:00:00,86.26,86.26,86.26,54.66,2.72,2.72
2024-05-27 10:00:00,77.34,77.34,77.34,54.75,1.71,1.71
2024-05-27 11:00:00,74.46,74.46,74.46,54.44,1.46,1.46
2024-05-27 12:00:00,64.97,72.96,72.96,54.41,1.50,1.50
2024-05-27 13:00:00,68.01,77.78,77.78,54.06,1.81,1.81
2024-05-27 14:00:00,72.49,84.66,84.66,55.39,2.35,2.35
2024-05-27 15:00:00,90.80,111.04,111.04,55.85,3.55,104.81
2024-05-27 16:00:00,106.29,131.40,131.40,61.28,8.47,128.24
2024-05-27 17:00:00,130.44,186.68,186.68,68.44,27.93,176.68
2024-05-27 18:00:00,154.62,221.46,221.46,69.70,22.12,209.46
2024-05-27 19:00:00,153.70,169.86,169.86,67.64,3.36,161.85
2024-05-27 20:00:00,125.19,131.40,131.40,59.92,1.38,59.96
2024-05-27 21:00:00,106.10,113.78,113.78,53.01,-0.01,-0.01
2024-05-27 22:00:00,97.78,97.78,97.78,57.11,-1.03,95.43
2024-05-27 23:00:00,90.50,90.50,90.50,56.86,-1.73,84.41
2024-05-28 00:00:00,87.64,87.64,87.64,56.81,-1.73,73.56
2024-05-28 01:00:00,85.22,85.22,85.22,56.85,-1.06,73.40
2024-05-28 02:00:00,83.96,83.96,83.96,56.89,-0.15,9.27
2024-05-28 03:00:00,88.04,88.04,88.04,57.15,0.84,73.37
2024-05-28 04:00:00,99.36,110.34,110.34,61.45,3.88,107.69
2024-05-28 05:00:00,120.10,120.10,120.10,72.24,32.32,117.22
2024-05-28 06:00:00,102.23,102.23,102.23,76.47,34.45,99.78
2024-05-28 07:00:00,85.43,85.43,85.43,75.00,14.04,83.38
2024-05-28 08:00:00,72.52,72.52,72.52,61.52,8.18,8.18
2024-05-28 09:00:00,69.17,69.17,69.17,58.32,4.81,4.81
2024-05-28 10:00:00,61.10,61.10,61.10,56.78,3.80,3.80
2024-05-28 11:00:00,55.25,55.25,55.25,53.54,2.81,2.81
2024-05-28 12:00:00,55.27,55.27,55.27,53.56,2.22,2.22
2024-05-28 13:00:00,65.66,65.66,65.66,56.88,2.27,2.27
2024-05-28 14:00:00,72.52,72.52,72.52,57.99,2.91,2.91
2024-05-28 15:00:00,85.80,85.80,85.80,59.91,4.85,17.14
2024-05-28 16:00:00,92.47,102.28,102.28,79.98,7.54,99.82
2024-05-28 17:00:00,112.67,130.05,130.05,79.71,12.50,126.93
2024-05-28 18:00:00,130.03,144.31,144.31,76.70,9.66,140.85
2024-05-28 19:00:00,106.67,124.00,124.00,70.52,7.88,121.02
2024-05-28 20:00:00,89.76,100.09,100.09,58.39,4.51,97.69
2024-05-28 21:00:00,79.56,88.78,88.78,57.99,2.27,11.11
2024-05-28 22:00:00,72.22,72.22,72.22,60.93,0.92,0.92
2024-05-28 23:00:00,53.10,57.54,57.54,51.56,0.79,0.79
2024-05-29 00:00:00,49.54,54.28,54.28,48.10,0.85,0.85
2024-05-29 01:00:00,44.20,50.59,50.59,42.91,1.16,1.16
2024-05-29 02:00:00,42.14,49.83,49.83,40.92,1.97,1.97
2024-05-29 03:00:00,41.74,45.91,45.91,40.53,3.01,44.81
2024-05-29 04:00:00,51.51,72.15,72.15,52.19,18.01,70.42
2024-05-29 05:00:00,66.07,86.45,86.45,61.98,61.98,84.37
2024-05-29 06:00:00,62.87,91.52,91.52,61.04,61.04,89.32
2024-05-29 07:00:00,54.64,69.11,69.11,53.05,53.05,67.45
2024-05-29 08:00:00,42.09,67.85,67.85,40.87,40.87,40.87
2024-05-29 09:00:00,41.59,62.12,62.12,40.38,40.38,40.38
2024-05-29 10:00:00,35.16,59.07,59.07,34.14,22.98,22.98
2024-05-29 11:00:00,33.10,62.25,62.25,32.14,3.84,3.84
2024-05-29 12:00:00,34.27,62.18,62.18,33.28,3.81,3.81
2024-05-29 13:00:00,46.05,69.49,69.49,41.82,20.06,20.06
2024-05-29 14:00:00,72.67,72.67,72.67,46.81,42.65,42.65
2024-05-29 15:00:00,89.23,89.23,89.23,52.90,52.90,59.94
2024-05-29 16:00:00,94.66,94.66,94.66,71.00,71.00,79.55
2024-05-29 17:00:00,111.44,111.44,111.44,76.02,76.02,108.76
2024-05-29 18:00:00,126.92,140.50,140.50,61.21,61.21,137.13
2024-05-29 19:00:00,133.50,143.26,143.26,58.82,37.11,59.97
2024-05-29 20:00:00,119.60,120.39,120.39,57.53,5.09,5.09
2024-05-29 21:00:00,95.53,95.53,95.53,57.54,3.09,3.09
2024-05-29 22:00:00,98.55,100.43,100.43,54.46,1.82,1.82
2024-05-29 23:00:00,96.20,96.20,96.20,54.15,1.08,1.08
2024-05-30 00:00:00,84.03,91.21,91.21,54.25,1.25,1.25
2024-05-30 01:00:00,84.02,93.63,93.63,54.47,1.81,1.81
2024-05-30 02:00:00,83.96,94.56,94.56,54.47,2.69,2.69
2024-05-30 03:00:00,84.21,100.79,100.79,45.85,5.21,5.21
2024-05-30 04:00:00,95.47,103.37,103.37,45.03,12.40,100.89
2024-05-30 05:00:00,96.04,106.67,106.67,58.66,42.62,103.39
2024-05-30 06:00:00,97.28,97.71,97.71,61.71,61.71,95.36
2024-05-30 07:00:00,93.90,93.90,93.90,63.97,25.27,91.65
2024-05-30 08:00:00,85.00,85.00,85.00,69.99,18.17,82.31
2024-05-30 09:00:00,77.60,80.00,80.00,64.98,14.84,78.07
2024-05-30 10:00:00,70.92,70.92,70.92,59.48,13.46,69.21
2024-05-30 11:00:00,62.97,62.97,62.97,55.88,13.51,61.46
2024-05-30 12:00:00,58.22,62.97,62.97,55.88,12.94,61.46
2024-05-30 13:00:00,56.53,67.69,67.69,54.89,20.90,66.07
2024-05-30 14:00:00,69.96,83.75,83.75,55.76,24.91,81.74
2024-05-30 15:00:00,75.12,90.13,90.13,57.66,57.66,89.86
2024-05-30 16:00:00,93.90,110.67,110.67,75.09,75.09,108.01
2024-05-30 17:00:00,120.96,135.23,135.23,75.30,75.30,131.98
2024-05-30 18:00:00,154.73,154.73,154.73,60.95,60.95,151.02
2024-05-30 19:00:00,143.45,143.45,143.45,60.71,42.67,140.01
2024-05-30 20:00:00,112.11,112.11,112.11,59.69,14.96,109.42
2024-05-30 21:00:00,100.71,100.71,100.71,56.96,6.03,99.95
2024-05-30 22:00:00,92.00,92.00,96.21,59.31,7.11,92.00
2024-05-30 23:00:00,78.77,78.77,80.71,57.85,6.85,78.77
2024-05-31 00:00:00,66.52,66.52,79.49,53.06,7.12,66.52
2024-05-31 01:00:00,61.70,61.70,73.71,51.98,7.19,61.70
2024-05-31 02:00:00,62.01,62.01,74.53,52.74,9.14,62.01
2024-05-31 03:00:00,63.75,63.75,90.06,56.34,13.53,63.75
2024-05-31 04:00:00,88.96,88.96,106.27,59.01,19.50,88.96
2024-05-31 05:00:00,91.51,106.49,109.11,71.72,29.94,106.49
2024-05-31 06:00:00,90.65,106.11,108.72,76.20,51.38,106.11
2024-05-31 07:00:00,93.72,99.90,102.36,76.02,28.91,99.90
2024-05-31 08:00:00,77.20,89.76,91.97,74.68,21.88,89.76
2024-05-31 09:00:00,71.13,80.05,82.02,68.85,20.35,80.05
2024-05-31 10:00:00,62.66,73.11,74.91,60.65,19.94,73.11
2024-05-31 11:00:00,59.23,66.85,68.50,57.51,18.16,66.85
2024-05-31 12:00:00,53.28,63.73,65.30,51.73,18.10,63.73
2024-05-31 13:00:00,44.52,65.33,66.94,43.23,18.11,65.33
2024-05-31 14:00:00,44.07,73.27,75.07,47.00,19.39,73.27
2024-05-31 15:00:00,65.10,84.10,84.10,59.00,20.95,84.10
2024-05-31 16:00:00,88.71,94.46,94.46,60.68,21.50,94.46
2024-05-31 17:00:00,98.10,107.94,107.94,60.67,21.00,107.94
2024-05-31 18:00:00,102.14,115.00,115.00,60.68,18.59,115.00
2024-05-31 19:00:00,103.99,107.91,107.91,59.08,16.08,107.91
2024-05-31 20:00:00,99.29,99.29,101.74,58.95,12.45,99.29
2024-05-31 21:00:00,84.18,84.18,84.18,58.20,7.71,82.16
2024-05-31 22:00:00,88.58,88.58,88.58,52.99,15.50,86.45
2024-05-31 23:00:00,86.68,86.68,88.82,51.51,15.11,86.68
2024-06-01 00:00:00,77.75,77.75,79.66,51.20,14.06,77.75
2024-06-01 01:00:00,70.40,70.40,72.14,51.55,13.14,70.40
2024-06-01 02:00:00,65.11,65.11,71.87,51.94,13.50,65.11
2024-06-01 03:00:00,65.62,65.62,71.83,52.90,13.94,65.62
2024-06-01 04:00:00,65.90,65.90,75.20,57.63,14.98,65.90
2024-06-01 05:00:00,68.09,68.09,74.40,57.98,17.46,68.09
2024-06-01 06:00:00,70.75,70.75,72.49,51.96,21.17,70.75
2024-06-01 07:00:00,61.35,61.35,61.35,52.97,22.44,59.88
2024-06-01 08:00:00,47.16,47.16,47.16,45.10,21.52,46.03
2024-06-01 09:00:00,41.86,41.86,41.86,37.38,20.35,40.85
2024-06-01 10:00:00,21.21,21.21,21.21,24.54,20.30,20.70
2024-06-01 11:00:00,7.44,7.44,7.44,7.44,7.44,7.44
2024-06-01 12:00:00,2.92,2.92,2.92,2.92,2.92,2.92
2024-06-01 13:00:00,5.80,5.80,5.80,5.80,5.80,5.80
2024-06-01 14:00:00,13.00,13.00,13.00,25.27,13.00,13.00
2024-06-01 15:00:00,47.44,52.08,52.08,37.79,20.04,52.08
2024-06-01 16:00:00,54.00,67.50,67.50,48.05,21.59,67.50
2024-06-01 17:00:00,64.78,81.90,81.90,58.10,21.88,81.90
2024-06-01 18:00:00,74.90,85.86,85.86,52.98,21.60,85.86
2024-06-01 19:00:00,75.11,81.76,81.76,49.28,17.94,81.76
2024-06-01 20:00:00,67.60,84.48,84.48,49.25,17.35,84.48
2024-06-01 21:00:00,65.31,65.39,65.39,48.90,11.51,65.39
2024-06-01 22:00:00,35.71,35.71,35.71,34.68,4.13,35.71
2024-06-01 23:00:00,31.12,31.12,31.12,30.21,2.61,30.37
2024-06-02 00:00:00,15.85,15.85,15.85,15.39,1.65,15.47
2024-06-02 01:00:00,7.22,7.22,7.22,7.01,0.99,7.05
2024-06-02 02:00:00,8.96,8.96,8.96,8.70,1.10,8.75
2024-06-02 03:00:00,5.13,5.13,5.13,4.98,2.12,5.01
2024-06-02 04:00:00,4.91,4.91,4.91,4.91,4.90,4.90
2024-06-02 05:00:00,4.11,4.11,4.11,4.11,4.11,4.11
2024-06-02 06:00:00,0.97,0.97,0.97,0.97,0.97,0.97
2024-06-02 07:00:00,0.00,0.00,0.00,0.00,0.00,0.00
2024-06-02 08:00:00,1.56,1.56,1.56,1.56,1.56,1.56
2024-06-02 09:00:00,0.77,0.77,0.77,0.77,0.77,0.77
2024-06-02 10:00:00,-0.10,-0.10,-0.10,-0.10,-0.10,-0.10
2024-06-02 11:00:00,-4.01,-4.01,-4.01,-4.01,-4.01,-4.01
2024-06-02 12:00:00,-5.00,-5.00,-15.93,-5.00,-5.00,-5.00
2024-06-02 13:00:00,-4.36,-4.36,-19.58,-4.36,-4.36,-4.36
2024-06-02 14:00:00,-8.98,-0.08,-8.98,-0.08,-0.08,-0.08
2024-06-02 15:00:00,-1.27,4.93,-1.27,4.93,4.93,4.93
2024-06-02 16:00:00,13.95,14.29,13.95,29.21,14.29,14.29
2024-06-02 17:00:00,56.84,65.61,67.23,35.37,35.37,65.61
2024-06-02 18:00:00,67.38,94.99,94.99,54.18,42.73,94.99
2024-06-02 19:00:00,77.27,106.93,106.93,54.02,44.99,106.93
2024-06-02 20:00:00,50.70,106.40,109.01,49.23,37.62,106.40
2024-06-02 21:00:00,50.75,93.55,99.16,49.28,13.96,93.55
2024-06-02 22:00:00,93.60,93.60,98.26,50.13,10.67,93.60
2024-06-02 23:00:00,82.55,82.55,84.58,50.26,9.44,82.55
2024-06-03 00:00:00,80.20,80.20,83.67,50.49,8.50,80.20
2024-06-03 01:00:00,58.08,64.47,83.81,54.03,7.82,64.47
2024-06-03 02:00:00,51.54,59.98,82.17,50.04,8.82,59.98
2024-06-03 03:00:00,51.86,93.86,96.17,48.74,9.65,93.86
2024-06-03 04:00:00,67.74,133.28,133.28,37.46,12.62,130.08
2024-06-03 05:00:00,94.66,193.06,193.06,59.03,30.64,190.13
2024-06-03 06:00:00,112.89,164.48,164.48,64.93,64.93,160.54
2024-06-03 07:00:00,104.49,128.08,128.08,60.67,60.58,125.01
2024-06-03 08:00:00,85.49,99.05,99.05,59.72,29.31,59.99
2024-06-03 09:00:00,78.80,95.90,95.90,60.63,26.48,26.48
2024-06-03 10:00:00,68.27,81.09,81.09,60.60,22.05,22.05
2024-06-03 11:00:00,61.08,63.14,74.90,59.31,21.15,21.15
2024-06-03 12:00:00,55.02,55.02,67.30,53.43,19.07,19.07
2024-06-03 13:00:00,50.52,51.36,72.02,49.06,16.13,16.13
2024-06-03 14:00:00,56.87,56.87,78.00,55.22,16.14,16.14
2024-06-03 15:00:00,75.17,75.17,105.95,44.92,18.29,75.17
2024-06-03 16:00:00,111.38,111.38,127.32,55.28,15.88,111.38
2024-06-03 17:00:00,138.47,138.47,182.91,62.28,14.51,138.47
2024-06-03 18:00:00,179.30,179.30,215.28,71.26,12.62,179.30
2024-06-03 19:00:00,173.67,173.67,198.79,61.41,11.90,173.67
2024-06-03 20:00:00,135.51,135.51,149.29,59.99,9.75,135.51
2024-06-03 21:00:00,105.91,105.91,116.04,59.14,4.41,105.91
2024-06-03 22:00:00,105.51,105.51,106.87,60.14,1.68,1.68
2024-06-03 23:00:00,97.78,97.78,99.98,59.08,1.39,1.39
2024-06-04 00:00:00,95.42,95.42,95.42,59.12,1.37,1.37
2024-06-04 01:00:00,85.86,85.86,92.94,59.73,1.91,1.91
2024-06-04 02:00:00,80.78,80.78,92.25,60.19,3.07,3.07
2024-06-04 03:00:00,94.28,99.74,104.69,60.59,6.46,99.74
2024-06-04 04:00:00,145.22,166.94,162.00,62.29,13.82,13.82
2024-06-04 05:00:00,177.66,177.66,177.66,72.87,19.62,173.33
2024-06-04 06:00:00,136.66,141.68,141.68,71.97,27.01,138.28
2024-06-04 07:00:00,112.37,112.37,112.37,60.45,27.41,109.67
2024-06-04 08:00:00,91.60,91.60,91.60,54.83,27.84,89.40
2024-06-04 09:00:00,72.39,81.31,81.31,58.65,28.00,79.36
2024-06-04 10:00:00,61.17,67.34,67.34,59.22,26.70,65.72
2024-06-04 11:00:00,47.33,55.27,55.27,44.54,23.38,53.95
2024-06-04 12:00:00,36.02,43.86,43.86,36.02,18.75,40.52
2024-06-04 13:00:00,38.18,47.06,47.06,37.08,17.89,38.21
2024-06-04 14:00:00,43.27,64.03,64.03,42.01,16.99,62.49
2024-06-04 15:00:00,57.09,84.88,84.88,55.26,17.60,82.84
2024-06-04 16:00:00,74.08,116.22,116.22,60.01,37.90,113.43
2024-06-04 17:00:00,94.00,176.78,176.78,60.72,42.63,171.01
2024-06-04 18:00:00,105.00,235.52,235.52,60.74,42.65,225.77
2024-06-04 19:00:00,112.77,140.68,140.68,55.93,12.12,137.31
2024-06-04 20:00:00,96.62,107.34,107.34,59.33,7.16,7.16
2024-06-04 21:00:00,70.01,75.81,75.81,60.04,1.92,1.92
2024-06-04 22:00:00,15.01,56.85,56.85,55.08,4.06,4.06
2024-06-04 23:00:00,26.00,43.93,43.93,42.43,2.79,2.79
2024-06-05 00:00:00,24.60,24.60,44.55,27.89,2.24,2.24
2024-06-05 01:00:00,22.92,22.92,50.05,22.92,1.58,1.58
2024-06-05 02:00:00,22.00,22.00,48.09,22.00,1.92,1.92
2024-06-05 03:00:00,25.56,25.56,71.19,25.56,3.28,3.28
2024-06-05 04:00:00,36.56,36.56,103.55,35.50,6.40,6.40
2024-06-05 05:00:00,46.34,46.34,142.76,44.99,16.05,16.05
2024-06-05 06:00:00,48.71,48.71,112.92,47.30,38.68,38.68
2024-06-05 07:00:00,42.36,42.36,84.16,41.13,5.66,5.66
2024-06-05 08:00:00,40.01,40.01,69.93,40.01,3.79,3.79
2024-06-05 09:00:00,41.91,41.91,62.03,40.70,1.69,1.69
2024-06-05 10:00:00,34.93,34.93,48.40,35.97,1.32,1.32
2024-06-05 11:00:00,28.38,28.38,30.17,29.23,0.94,0.94
2024-06-05 12:00:00,21.93,21.93,26.30,25.48,0.93,0.93
2024-06-05 13:00:00,24.00,24.00,30.06,31.27,1.32,1.32
2024-06-05 14:00:00,31.06,35.15,62.57,50.48,2.67,2.67
2024-06-05 15:00:00,65.38,65.38,80.43,53.62,5.34,65.38
2024-06-05 16:00:00,93.76,102.57,105.09,65.35,8.67,102.57
2024-06-05 17:00:00,118.48,123.93,126.97,70.63,11.30,123.93
2024-06-05 18:00:00,140.28,152.15,155.90,71.65,12.11,152.15
2024-06-05 19:00:00,144.45,158.02,158.02,68.71,12.41,158.02
2024-06-05 20:00:00,131.54,138.08,141.47,69.27,11.29,138.08
2024-06-05 21:00:00,103.65,103.65,105.99,61.06,7.36,103.65
2024-06-05 22:00:00,87.18,87.18,93.24,58.01,1.25,87.18
2024-06-05 23:00:00,80.60,80.60,89.92,56.58,3.01,80.60
2024-06-06 00:00:00,76.92,76.92,85.86,56.31,5.85,76.92
2024-06-06 01:00:00,74.65,74.65,85.35,56.06,7.87,74.65
2024-06-06 02:00:00,79.83,79.83,88.25,56.20,10.42,79.83
2024-06-06 03:00:00,89.31,89.31,98.97,57.62,12.98,89.31
2024-06-06 04:00:00,112.00,112.00,123.90,59.77,14.77,112.00
2024-06-06 05:00:00,117.30,117.30,127.92,58.92,16.46,117.30
2024-06-06 06:00:00,93.45,93.45,96.83,57.55,16.42,93.45
2024-06-06 07:00:00,45.25,45.25,71.89,56.60,15.48,45.25
2024-06-06 08:00:00,47.04,47.04,57.80,50.47,15.75,47.04
2024-06-06 09:00:00,30.25,14.83,30.25,34.81,14.83,14.83
2024-06-06 10:00:00,24.33,12.99,24.33,25.11,12.99,12.99
2024-06-06 11:00:00,19.50,12.65,19.50,20.12,12.65,12.65
2024-06-06 12:00:00,24.23,12.55,24.23,25.00,12.55,12.55
2024-06-06 13:00:00,30.98,30.98,37.65,40.23,13.09,13.09
2024-06-06 14:00:00,49.64,49.64,62.11,51.54,14.79,44.36
2024-06-06 15:00:00,78.73,78.73,80.67,61.44,17.00,78.73
2024-06-06 16:00:00,89.92,89.92,89.92,60.50,18.96,87.77
2024-06-06 17:00:00,111.50,112.91,115.69,82.98,19.89,112.91
2024-06-06 18:00:00,148.44,160.04,163.98,100.14,19.40,160.04
2024-06-06 19:00:00,150.02,167.72,167.72,60.72,18.78,167.72
2024-06-06 20:00:00,123.96,132.45,132.45,59.76,15.78,132.45
2024-06-06 21:00:00,104.39,104.39,104.39,59.73,12.45,104.39
2024-06-06 22:00:00,101.00,101.00,101.00,56.60,11.98,98.58
2024-06-06 23:00:00,96.13,96.13,96.13,56.44,11.48,93.83
2024-06-07 00:00:00,91.70,91.70,91.70,56.41,12.82,89.50
2024-06-07 01:00:00,87.53,87.53,87.53,54.95,14.71,85.43
2024-06-07 02:00:00,84.25,84.25,84.25,54.96,18.20,82.23
2024-06-07 03:00:00,91.90,91.90,91.90,51.22,21.86,89.69
2024-06-07 04:00:00,107.96,113.95,113.95,56.93,30.40,113.55
2024-06-07 05:00:00,112.74,119.05,119.05,59.49,42.64,119.05
2024-06-07 06:00:00,98.60,102.76,102.76,56.80,51.68,101.83
2024-06-07 07:00:00,77.40,78.56,78.56,54.91,32.58,78.56
2024-06-07 08:00:00,58.56,60.66,60.66,51.59,31.17,60.66
2024-06-07 09:00:00,41.39,41.39,41.39,42.91,30.41,41.39
2024-06-07 10:00:00,33.91,33.91,33.91,33.91,29.46,33.10
2024-06-07 11:00:00,25.36,25.36,25.36,26.19,25.36,25.36
2024-06-07 12:00:00,17.41,17.41,17.41,17.97,17.41,17.41
2024-06-07 13:00:00,13.08,14.59,13.08,19.47,14.59,14.59
2024-06-07 14:00:00,25.57,24.06,25.57,33.13,24.06,24.06
2024-06-07 15:00:00,60.09,61.12,64.56,45.30,32.00,61.12
2024-06-07 16:00:00,81.13,83.17,85.21,59.21,44.03,83.17
2024-06-07 17:00:00,102.00,125.49,128.58,56.78,45.24,125.49
2024-06-07 18:00:00,119.67,151.04,154.75,59.21,44.96,151.04
2024-06-07 19:00:00,133.87,150.16,153.85,57.09,44.07,150.16
2024-06-07 20:00:00,112.69,123.84,126.88,50.85,29.33,123.84
2024-06-07 21:00:00,90.00,95.11,97.45,49.05,23.13,95.11
2024-06-07 22:00:00,90.55,96.00,98.36,54.56,22.62,96.00
2024-06-07 23:00:00,59.10,65.68,90.04,49.00,21.77,65.68
2024-06-08 00:00:00,44.27,51.39,83.31,42.99,20.89,51.39
2024-06-08 01:00:00,36.66,39.98,83.53,35.60,20.59,39.98
2024-06-08 02:00:00,34.14,34.14,79.64,33.15,20.50,34.14
2024-06-08 03:00:00,32.91,32.91,82.11,31.95,20.82,32.91
2024-06-08 04:00:00,35.18,35.18,79.38,34.16,24.95,35.18
2024-06-08 05:00:00,37.05,38.69,62.82,35.35,28.32,38.69
2024-06-08 06:00:00,42.20,37.69,42.20,29.47,29.47,37.69
2024-06-08 07:00:00,12.24,15.10,12.24,22.26,15.10,15.10
2024-06-08 08:00:00,-0.04,1.51,-0.13,1.51,1.51,1.51
2024-06-08 09:00:00,-2.20,-2.20,-2.27,-2.20,-2.20,-2.20
2024-06-08 10:00:00,-6.00,-6.00,-10.26,-6.00,-6.00,-6.00
2024-06-08 11:00:00,-13.88,-13.88,-23.70,-14.29,-13.88,-13.88
2024-06-08 12:00:00,-14.63,-14.63,-30.03,-15.07,-14.63,-14.63
2024-06-08 13:00:00,-13.50,-13.50,-20.62,-13.91,-13.50,-13.50
2024-06-08 14:00:00,-2.54,-2.54,-8.25,-2.54,-2.54,-2.54
2024-06-08 15:00:00,0.01,14.35,0.01,14.35,14.35,14.35
2024-06-08 16:00:00,27.01,27.01,44.91,27.01,27.01,27.01
2024-06-08 17:00:00,34.23,40.78,68.84,34.23,28.43,40.78
2024-06-08 18:00:00,32.57,32.57,99.32,33.54,26.08,32.57
2024-06-08 19:00:00,31.73,31.73,93.01,32.68,22.43,31.73
2024-06-08 20:00:00,31.11,31.11,100.00,32.04,20.12,31.11
2024-06-08 21:00:00,29.59,29.59,78.79,30.47,18.13,18.13
2024-06-08 22:00:00,69.02,69.02,74.28,32.64,15.33,15.33
2024-06-08 23:00:00,27.48,27.48,63.59,27.48,12.95,12.95
2024-06-09 00:00:00,17.02,17.02,42.52,17.02,9.03,9.03
2024-06-09 01:00:00,9.11,9.11,15.57,9.11,4.99,4.99
2024-06-09 02:00:00,4.09,4.09,18.19,4.09,4.09,4.09
2024-06-09 03:00:00,1.87,1.87,11.56,1.93,1.87,1.87
2024-06-09 04:00:00,4.73,0.72,8.40,4.87,0.72,0.72
2024-06-09 05:00:00,2.22,0.78,2.22,2.22,0.78,0.78
2024-06-09 06:00:00,-0.08,-0.08,-0.08,-0.08,-0.13,-0.13
2024-06-09 07:00:00,-2.01,-2.01,-2.01,-2.01,-2.01,-2.01
2024-06-09 08:00:00,-7.60,-7.60,-7.60,-7.60,-7.60,-7.60
2024-06-09 09:00:00,-15.00,-15.00,-15.00,-15.00,-15.00,-15.00
2024-06-09 10:00:00,-24.77,-24.77,-25.00,-24.77,-24.77,-24.77
2024-06-09 11:00:00,-32.69,-32.69,-32.69,-32.69,-32.69,-32.69
2024-06-09 12:00:00,-37.13,-37.13,-37.14,-37.13,-37.13,-37.13
2024-06-09 13:00:00,-28.68,-28.68,-28.68,-28.68,-28.68,-28.68
2024-06-09 14:00:00,-4.99,-4.99,-5.84,-4.99,-4.99,-4.99
2024-06-09 15:00:00,-0.50,-0.59,-0.50,15.91,-0.59,-0.59
2024-06-09 16:00:00,40.00,6.10,42.76,26.57,6.10,6.10
2024-06-09 17:00:00,35.97,35.97,96.85,35.97,13.02,13.02
2024-06-09 18:00:00,38.14,38.14,115.86,38.14,16.03,16.03
2024-06-09 19:00:00,40.76,40.76,111.24,39.58,17.45,17.45
2024-06-09 20:00:00,41.19,41.19,108.42,40.00,16.68,16.68
2024-06-09 21:00:00,39.09,39.09,97.21,39.09,15.82,15.82
2024-06-09 22:00:00,37.15,37.15,73.96,37.15,14.69,14.69
2024-06-09 23:00:00,35.11,35.11,71.59,35.11,12.81,12.81
2024-06-10 00:00:00,34.42,34.42,68.73,34.42,11.86,11.86
2024-06-10 01:00:00,34.83,34.83,68.27,34.83,12.03,12.03
2024-06-10 02:00:00,33.29,22.62,69.00,33.29,15.29,15.29
2024-06-10 03:00:00,34.19,27.68,78.32,34.19,27.68,27.68
2024-06-10 04:00:00,39.59,39.59,117.40,38.44,31.22,39.59
2024-06-10 05:00:00,42.35,42.35,185.18,41.12,32.62,42.35
2024-06-10 06:00:00,41.26,41.26,146.21,41.20,33.80,41.26
2024-06-10 07:00:00,38.81,38.81,107.25,38.86,37.74,38.81
2024-06-10 08:00:00,35.51,35.26,89.46,35.51,35.26,35.26
2024-06-10 09:00:00,37.40,33.05,85.04,37.40,33.05,33.05
2024-06-10 10:00:00,39.49,32.32,74.30,39.49,32.32,32.32
2024-06-10 11:00:00,39.18,32.03,73.59,39.18,32.03,32.03
2024-06-10 12:00:00,38.84,32.00,67.07,38.84,32.00,32.00
2024-06-10 13:00:00,39.16,31.83,65.88,39.16,31.83,31.83
2024-06-10 14:00:00,31.88,31.88,70.00,39.24,31.88,31.88
2024-06-10 15:00:00,50.22,50.22,81.20,42.86,32.85,32.85
2024-06-10 16:00:00,65.74,65.74,98.53,50.69,35.41,65.74
2024-06-10 17:00:00,109.60,109.60,118.59,55.01,34.97,109.60
2024-06-10 18:00:00,113.80,121.46,124.45,57.50,33.40,121.46
2024-06-10 19:00:00,104.00,110.60,113.32,55.93,32.41,110.60
2024-06-10 20:00:00,97.16,97.16,98.41,47.00,31.50,96.04
2024-06-10 21:00:00,77.00,77.00,77.76,44.40,27.41,75.90
2024-06-10 22:00:00,60.07,60.07,60.07,44.92,30.57,58.62
2024-06-10 23:00:00,56.96,56.96,56.96,43.96,29.99,55.60
2024-06-11 00:00:00,61.29,62.95,62.95,43.68,29.92,61.44
2024-06-11 01:00:00,55.00,55.82,55.82,43.67,29.93,55.82
2024-06-11 02:00:00,58.07,60.06,60.06,43.83,31.51,60.06
2024-06-11 03:00:00,59.11,59.11,59.11,44.80,37.50,59.11
2024-06-11 04:00:00,75.55,81.83,81.83,53.30,75.34,81.83
2024-06-11 05:00:00,100.05,100.26,100.26,97.15,100.26,100.26
2024-06-11 06:00:00,91.50,91.50,91.50,84.94,91.50,91.50
2024-06-11 07:00:00,68.27,68.27,68.27,56.87,68.27,68.27
2024-06-11 08:00:00,49.92,49.92,49.92,42.07,49.92,49.92
2024-06-11 09:00:00,32.13,32.96,32.13,32.96,32.96,32.96
2024-06-11 10:00:00,11.84,29.49,11.12,29.49,29.49,29.49
2024-06-11 11:00:00,3.30,21.67,0.76,21.67,21.67,21.67
2024-06-11 12:00:00,1.07,25.04,0.00,25.04,25.04,25.04
2024-06-11 13:00:00,1.14,27.14,0.03,27.14,27.14,27.14
2024-06-11 14:00:00,13.89,31.19,13.89,31.19,31.19,31.19
2024-06-11 15:00:00,53.92,37.97,55.27,37.97,37.97,37.97
2024-06-11 16:00:00,71.65,71.65,71.65,44.54,71.65,71.65
2024-06-11 17:00:00,97.60,97.60,100.00,53.35,97.60,97.60
2024-06-11 18:00:00,123.19,123.19,127.64,53.35,123.19,123.19
2024-06-11 19:00:00,119.44,119.44,122.37,53.37,119.44,119.44
2024-06-11 20:00:00,101.10,101.10,106.74,51.90,101.10,101.10
2024-06-11 21:00:00,49.14,49.14,90.82,45.25,49.14,49.14
2024-06-11 22:00:00,85.16,85.16,88.85,44.34,32.40,85.16
2024-06-11 23:00:00,79.98,79.98,85.35,43.96,31.80,79.98
2024-06-12 00:00:00,70.99,70.99,80.29,43.92,30.64,70.99
2024-06-12 01:00:00,70.35,70.35,82.11,43.86,30.93,70.35
2024-06-12 02:00:00,65.36,65.36,86.11,43.87,31.72,65.36
2024-06-12 03:00:00,73.47,73.47,94.65,44.01,34.07,73.47
2024-06-12 04:00:00,114.46,114.46,124.74,45.21,45.21,45.21
2024-06-12 05:00:00,114.90,126.50,136.40,111.57,114.90,126.50
2024-06-12 06:00:00,103.69,103.69,114.62,100.68,103.69,103.69
2024-06-12 07:00:00,69.89,78.65,78.65,67.87,67.87,76.76
2024-06-12 08:00:00,55.42,64.19,64.19,51.30,51.30,51.30
2024-06-12 09:00:00,45.67,58.00,58.00,45.67,45.67,45.67
2024-06-12 10:00:00,40.94,40.94,42.09,40.94,40.94,40.94
2024-06-12 11:00:00,39.46,39.46,40.72,39.46,39.46,39.46
2024-06-12 12:00:00,38.73,38.73,39.68,38.73,38.73,38.73
2024-06-12 13:00:00,40.04,41.40,45.34,41.40,41.40,41.40
2024-06-12 14:00:00,45.75,63.00,63.00,44.39,44.39,44.39
2024-06-12 15:00:00,49.96,81.20,81.20,44.90,44.90,44.90
2024-06-12 16:00:00,70.55,99.95,99.95,46.21,46.21,46.21
2024-06-12 17:00:00,119.86,135.70,135.70,46.81,46.81,46.81
2024-06-12 18:00:00,144.03,154.34,154.34,45.77,45.77,45.77
2024-06-12 19:00:00,126.10,154.66,154.66,45.91,45.91,45.91
2024-06-12 20:00:00,128.30,130.88,130.88,44.73,43.40,43.40
2024-06-12 21:00:00,107.07,107.07,107.07,43.81,41.19,41.19
2024-06-12 22:00:00,99.00,99.00,99.00,44.93,41.00,41.00
2024-06-12 23:00:00,89.63,93.26,93.26,44.95,40.52,40.52
2024-06-13 00:00:00,83.62,84.19,84.19,44.90,40.10,40.10
2024-06-13 01:00:00,80.35,85.21,85.21,43.87,40.19,40.19
2024-06-13 02:00:00,78.68,83.83,83.83,44.90,39.93,39.93
2024-06-13 03:00:00,90.24,98.96,98.96,46.37,41.08,41.08
2024-06-13 04:00:00,85.80,122.41,122.41,46.77,43.95,43.95
2024-06-13 05:00:00,122.34,131.09,131.09,76.08,76.08,127.95
2024-06-13 06:00:00,106.07,115.02,115.02,102.99,102.99,112.26
2024-06-13 07:00:00,73.79,83.80,83.80,71.43,71.43,71.43
2024-06-13 08:00:00,56.95,69.01,69.01,55.13,55.13,55.13
2024-06-13 09:00:00,51.02,61.71,61.71,48.26,48.26,48.26
2024-06-13 10:00:00,44.15,53.36,53.36,44.15,44.15,44.15
2024-06-13 11:00:00,43.89,46.96,46.96,42.62,42.62,42.62
2024-06-13 12:00:00,42.00,43.35,43.35,42.00,42.00,42.00
2024-06-13 13:00:00,46.63,53.74,53.74,44.06,44.06,44.06
2024-06-13 14:00:00,72.35,77.42,77.42,47.73,42.99,42.99
2024-06-13 15:00:00,80.08,80.08,80.08,50.71,43.30,43.30
2024-06-13 16:00:00,106.85,106.91,106.91,52.00,46.33,79.92
2024-06-13 17:00:00,121.65,139.66,139.66,117.76,46.22,136.31
2024-06-13 18:00:00,166.14,188.35,188.35,160.83,45.08,183.83
2024-06-13 19:00:00,148.76,163.84,163.84,134.60,42.97,159.90
2024-06-13 20:00:00,108.37,108.37,108.37,96.41,42.26,79.96
2024-06-13 21:00:00,85.18,85.18,85.18,49.99,40.43,40.43
2024-06-13 22:00:00,69.94,83.13,83.13,43.54,34.07,34.07
2024-06-13 23:00:00,58.94,71.45,71.45,39.91,33.56,33.56
2024-06-14 00:00:00,53.39,63.93,63.93,36.98,33.10,33.10
2024-06-14 01:00:00,50.44,59.53,59.53,36.42,32.92,32.92
2024-06-14 02:00:00,47.29,55.82,55.82,36.08,33.26,33.26
2024-06-14 03:00:00,52.72,64.22,64.22,38.46,35.74,35.74
2024-06-14 04:00:00,72.22,85.01,85.01,39.35,39.35,39.35
2024-06-14 05:00:00,92.00,100.95,100.95,48.93,42.68,42.68
2024-06-14 06:00:00,102.93,104.99,104.99,50.92,43.60,43.60
2024-06-14 07:00:00,102.54,102.54,102.54,49.94,42.82,42.82
2024-06-14 08:00:00,82.18,82.18,82.18,44.94,42.42,42.42
2024-06-14 09:00:00,68.10,68.10,68.10,41.70,41.70,41.70
2024-06-14 10:00:00,42.86,60.88,60.88,40.96,40.96,40.96
2024-06-14 11:00:00,39.88,47.46,47.46,39.37,39.37,39.37
2024-06-14 12:00:00,36.55,40.74,40.74,36.55,36.55,36.55
2024-06-14 13:00:00,36.95,41.00,41.00,36.95,36.95,36.95
2024-06-14 14:00:00,48.79,60.31,60.31,39.81,39.25,39.25
2024-06-14 15:00:00,75.00,75.00,75.00,40.00,39.50,39.50
2024-06-14 16:00:00,90.98,90.98,90.98,44.94,39.58,39.58
2024-06-14 17:00:00,113.07,136.00,136.00,45.83,39.54,39.54
2024-06-14 18:00:00,127.31,127.31,127.31,43.43,38.42,38.42
2024-06-14 19:00:00,117.12,117.12,117.12,42.96,37.30,37.30
2024-06-14 20:00:00,83.41,83.41,83.41,40.55,34.64,34.64
2024-06-14 21:00:00,59.42,59.42,59.42,39.94,31.03,31.03
2024-06-14 22:00:00,60.68,60.68,60.68,39.97,34.13,34.13
2024-06-14 23:00:00,41.04,41.04,41.04,36.93,32.79,32.79
2024-06-15 00:00:00,29.97,29.97,29.97,31.66,29.97,29.97
2024-06-15 01:00:00,28.86,28.86,28.86,28.86,28.86,28.86
2024-06-15 02:00:00,22.51,22.51,22.51,22.51,22.51,22.51
2024-06-15 03:00:00,10.04,10.04,10.04,10.04,10.04,10.04
2024-06-15 04:00:00,1.54,1.54,1.54,1.79,1.79,1.79
2024-06-15 05:00:00,0.09,0.09,0.09,0.24,0.24,0.24
2024-06-15 06:00:00,0.00,0.00,0.00,0.00,0.00,0.00
2024-06-15 07:00:00,-0.06,-0.06,-0.06,-0.05,-0.05,-0.05
2024-06-15 08:00:00,-0.90,-0.90,-10.08,-0.03,-0.03,-0.03
2024-06-15 09:00:00,-0.75,-0.75,-29.04,-0.05,-0.05,-0.05
2024-06-15 10:00:00,-0.22,-0.22,-44.92,-0.22,-0.22,-0.22
2024-06-15 11:00:00,-0.64,-0.64,-65.46,-0.64,-0.64,-0.64
2024-06-15 12:00:00,-0.95,-0.95,-80.01,-0.95,-0.95,-0.95
2024-06-15 13:00:00,-2.41,-2.41,-56.23,-0.02,-0.02,-0.02
2024-06-15 14:00:00,-2.78,-2.78,-29.53,1.19,1.19,1.19
2024-06-15 15:00:00,-2.78,-2.78,-4.84,9.47,9.47,9.47
2024-06-15 16:00:00,-0.01,15.53,-0.01,20.51,15.53,15.53
2024-06-15 17:00:00,40.00,31.95,40.00,33.02,31.95,31.95
2024-06-15 18:00:00,62.09,62.09,84.28,39.42,34.01,34.01
2024-06-15 19:00:00,67.77,67.77,79.92,51.21,33.21,67.77
2024-06-15 20:00:00,63.56,64.30,64.30,45.45,31.19,42.66
2024-06-15 21:00:00,40.40,40.40,40.40,39.23,27.71,27.71
2024-06-15 22:00:00,24.91,24.91,24.91,25.70,24.31,24.31
2024-06-15 23:00:00,10.36,10.36,10.36,10.36,10.36,10.36
2024-06-16 00:00:00,4.92,4.92,4.92,4.92,4.92,4.92
2024-06-16 01:00:00,2.92,2.92,2.92,2.92,2.92,2.92
2024-06-16 02:00:00,2.19,2.19,2.19,2.19,2.19,2.19
2024-06-16 03:00:00,2.53,2.53,2.53,2.53,2.53,2.53
2024-06-16 04:00:00,2.95,2.95,2.95,2.95,2.95,2.95
2024-06-16 05:00:00,0.69,0.69,0.69,0.69,0.69,0.69
2024-06-16 06:00:00,-0.02,-0.02,-0.02,-0.02,-0.02,-0.02
2024-06-16 07:00:00,-0.80,-0.80,-1.28,-0.80,-0.80,-0.80
2024-06-16 08:00:00,-0.58,-0.58,-10.00,-0.58,-0.58,-0.58
2024-06-16 09:00:00,-0.59,-0.59,-13.33,-0.59,-0.59,-0.59
2024-06-16 10:00:00,-0.89,-0.89,-20.01,-0.89,-0.89,-0.89
2024-06-16 11:00:00,-0.80,-0.80,-30.01,-0.80,-0.80,-0.80
2024-06-16 12:00:00,-2.12,-0.11,-35.67,-0.11,-0.11,-0.11
2024-06-16 13:00:00,-2.60,0.00,-29.04,0.00,0.00,0.00
2024-06-16 14:00:00,-3.37,6.70,-10.14,6.70,6.70,6.70
2024-06-16 15:00:00,-2.34,24.19,-2.34,26.34,24.19,24.19
2024-06-16 16:00:00,56.22,34.84,56.22,35.07,34.84,34.84
2024-06-16 17:00:00,99.65,99.65,99.65,42.84,37.85,97.26
2024-06-16 18:00:00,119.15,119.15,119.15,43.83,37.63,116.29
2024-06-16 19:00:00,121.30,121.30,124.28,43.92,37.09,121.30
2024-06-16 20:00:00,118.27,118.27,120.34,43.87,36.11,117.45
2024-06-16 21:00:00,94.44,94.44,94.44,43.66,33.26,92.18
2024-06-16 22:00:00,76.62,76.62,76.62,43.67,31.44,74.78
2024-06-16 23:00:00,66.73,66.73,66.73,43.10,31.49,65.13
2024-06-17 00:00:00,67.16,67.16,68.81,43.61,31.50,67.16
2024-06-17 01:00:00,70.08,70.08,71.81,43.64,31.79,70.08
2024-06-17 02:00:00,69.41,69.41,73.56,43.64,33.18,69.41
2024-06-17 03:00:00,84.90,90.02,90.02,44.96,35.00,87.86
2024-06-17 04:00:00,108.70,119.13,119.13,81.62,39.58,116.27
2024-06-17 05:00:00,132.41,132.68,132.68,128.57,72.05,129.50
2024-06-17 06:00:00,116.23,116.23,116.23,112.63,107.41,107.41
2024-06-17 07:00:00,84.73,84.73,84.73,82.10,82.10,82.69
2024-06-17 08:00:00,62.11,62.11,62.11,60.18,60.18,62.11
2024-06-17 09:00:00,48.35,55.01,55.01,46.95,46.95,55.01
2024-06-17 10:00:00,41.77,41.86,41.86,40.56,40.56,41.86
2024-06-17 11:00:00,39.45,39.45,39.45,38.79,39.45,39.45
2024-06-17 12:00:00,42.05,45.50,46.62,40.35,40.35,45.50
2024-06-17 13:00:00,46.15,53.23,54.54,44.82,44.82,53.23
2024-06-17 14:00:00,64.21,64.21,64.21,52.34,52.34,64.21
2024-06-17 15:00:00,88.58,88.58,88.58,80.10,80.10,88.58
2024-06-17 16:00:00,114.16,114.16,114.16,104.71,104.71,114.16
2024-06-17 17:00:00,139.00,157.37,157.37,134.97,134.97,157.37
2024-06-17 18:00:00,181.54,210.16,210.16,175.31,47.98,210.16
2024-06-17 19:00:00,196.93,200.01,200.01,190.63,41.02,200.01
2024-06-17 20:00:00,128.15,128.15,128.15,122.56,39.64,125.07
2024-06-17 21:00:00,101.55,101.55,101.55,45.00,36.72,99.11
2024-06-17 22:00:00,96.92,96.92,96.92,44.56,35.52,94.59
2024-06-17 23:00:00,90.29,90.29,90.29,44.24,35.05,88.12
2024-06-18 00:00:00,87.53,87.53,87.53,44.27,35.08,85.42
2024-06-18 01:00:00,89.29,89.29,89.29,44.40,35.12,87.15
2024-06-18 02:00:00,90.29,90.29,90.29,44.60,35.51,88.12
2024-06-18 03:00:00,95.94,95.94,95.94,45.31,38.68,93.64
2024-06-18 04:00:00,134.49,134.49,134.49,45.25,42.64,133.73
2024-06-18 05:00:00,130.17,130.17,130.17,48.91,126.62,126.62
2024-06-18 06:00:00,95.96,95.96,95.96,92.99,94.00,94.00
2024-06-18 07:00:00,80.90,80.90,80.90,78.39,75.38,75.38
2024-06-18 08:00:00,69.91,69.91,69.91,67.63,59.97,62.36
2024-06-18 09:00:00,54.81,54.81,54.81,53.22,42.89,53.49
2024-06-18 10:00:00,51.05,51.16,51.16,49.57,42.48,49.93
2024-06-18 11:00:00,51.03,51.03,51.03,49.44,39.83,39.83
2024-06-18 12:00:00,50.57,57.04,57.04,49.10,39.26,39.26
2024-06-18 13:00:00,54.58,54.58,73.12,53.00,38.50,38.50
2024-06-18 14:00:00,76.24,76.24,76.24,61.20,37.72,50.00
2024-06-18 15:00:00,90.06,90.06,90.06,64.96,39.02,87.89
2024-06-18 16:00:00,123.01,133.25,133.25,69.96,39.66,130.05
2024-06-18 17:00:00,158.19,158.19,158.19,58.54,39.65,154.40
2024-06-18 18:00:00,171.87,171.87,171.87,45.20,39.18,167.74
2024-06-18 19:00:00,134.47,134.47,134.47,45.13,37.24,131.25
2024-06-18 20:00:00,104.20,104.20,104.20,52.50,34.14,101.70
2024-06-18 21:00:00,91.63,91.63,91.63,45.49,30.47,89.43
2024-06-18 22:00:00,99.95,99.95,99.95,53.38,27.51,97.55
2024-06-18 23:00:00,91.43,91.43,91.43,52.48,25.86,89.24
2024-06-19 00:00:00,86.85,86.85,86.85,52.18,24.90,84.77
2024-06-19 01:00:00,85.78,85.78,85.78,45.62,23.45,83.72
2024-06-19 02:00:00,83.47,83.47,83.47,43.91,23.19,81.47
2024-06-19 03:00:00,84.34,84.34,86.41,52.27,26.11,84.34
2024-06-19 04:00:00,112.55,112.55,112.55,43.19,36.71,109.91
2024-06-19 05:00:00,112.46,116.83,116.83,108.55,108.55,114.02
2024-06-19 06:00:00,103.91,107.33,107.33,100.90,100.90,105.60
2024-06-19 07:00:00,78.47,86.31,86.31,76.19,76.19,86.31
2024-06-19 08:00:00,56.44,75.10,75.10,53.33,53.33,75.10
2024-06-19 09:00:00,44.48,66.23,66.23,44.48,34.94,66.23
2024-06-19 10:00:00,41.13,56.64,58.03,40.13,25.91,56.64
2024-06-19 11:00:00,33.56,33.56,39.84,34.56,25.40,33.56
2024-06-19 12:00:00,21.87,21.87,22.41,21.87,21.87,21.87
2024-06-19 13:00:00,18.40,18.95,23.56,18.95,18.95,18.95
2024-06-19 14:00:00,25.07,25.07,59.90,28.94,20.81,25.07
2024-06-19 15:00:00,39.39,39.39,70.00,35.52,27.58,39.39
2024-06-19 16:00:00,37.09,37.09,88.44,37.09,37.09,37.09
2024-06-19 17:00:00,38.48,38.48,102.90,38.48,38.48,38.48
2024-06-19 18:00:00,46.86,46.86,143.66,43.01,40.32,46.86
2024-06-19 19:00:00,45.04,45.04,115.08,43.74,18.96,45.04
2024-06-19 20:00:00,48.02,48.02,108.26,46.63,10.07,48.02
2024-06-19 21:00:00,44.76,44.76,93.21,43.46,4.47,4.47
2024-06-19 22:00:00,73.19,73.19,85.89,52.51,5.15,5.15
2024-06-19 23:00:00,78.62,78.62,78.62,52.04,5.82,5.82
2024-06-20 00:00:00,78.88,78.88,78.88,52.02,8.18,8.18
2024-06-20 01:00:00,78.82,78.82,78.82,52.03,10.64,10.64
2024-06-20 02:00:00,78.62,78.62,78.62,44.05,10.59,10.59
2024-06-20 03:00:00,86.55,86.55,86.55,52.08,11.73,11.73
2024-06-20 04:00:00,112.53,112.53,114.11,59.98,15.64,111.37
2024-06-20 05:00:00,112.63,112.63,112.84,60.03,19.19,110.14
2024-06-20 06:00:00,102.99,102.99,102.99,99.70,23.03,100.52
2024-06-20 07:00:00,80.52,80.52,80.69,78.19,18.86,71.61
2024-06-20 08:00:00,67.72,67.72,69.13,65.76,14.90,50.88
2024-06-20 09:00:00,58.64,58.64,58.77,56.94,10.40,26.47
2024-06-20 10:00:00,55.34,55.34,55.46,53.74,6.59,23.91
2024-06-20 11:00:00,53.70,53.70,53.81,52.14,3.83,20.40
2024-06-20 12:00:00,55.13,55.13,57.18,54.76,3.00,34.35
2024-06-20 13:00:00,65.14,65.14,68.58,62.02,2.61,62.14
2024-06-20 14:00:00,67.16,78.08,80.00,60.09,2.05,78.08
2024-06-20 15:00:00,98.27,98.27,98.27,62.59,1.50,95.91
2024-06-20 16:00:00,119.31,119.31,119.31,104.04,2.44,116.45
2024-06-20 17:00:00,155.62,155.62,155.62,60.66,3.01,151.88
2024-06-20 18:00:00,200.09,200.09,200.09,60.08,3.01,195.29
2024-06-20 19:00:00,130.06,130.06,130.06,78.25,2.02,126.94
2024-06-20 20:00:00,111.83,111.83,111.83,71.98,0.93,109.14
2024-06-20 21:00:00,95.05,95.05,95.05,60.00,0.21,92.76
2024-06-20 22:00:00,100.81,100.81,100.81,57.47,0.00,0.00
2024-06-20 23:00:00,90.77,90.77,90.77,56.82,0.25,0.25
2024-06-21 00:00:00,89.95,89.95,89.95,56.81,0.40,0.40
2024-06-21 01:00:00,87.83,87.83,87.83,56.71,1.30,1.30
2024-06-21 02:00:00,86.31,86.31,86.31,56.61,2.56,2.56
2024-06-21 03:00:00,86.14,86.14,86.14,57.41,4.09,4.09
2024-06-21 04:00:00,96.92,96.92,96.92,64.43,4.19,4.19
2024-06-21 05:00:00,122.80,122.80,122.80,79.36,7.40,7.40
2024-06-21 06:00:00,121.84,121.84,121.84,57.75,15.23,15.23
2024-06-21 07:00:00,111.67,111.67,111.67,61.34,20.34,20.34
2024-06-21 08:00:00,100.65,100.65,100.65,58.24,19.50,53.80
2024-06-21 09:00:00,89.94,89.94,89.94,60.91,20.52,20.52
2024-06-21 10:00:00,88.54,88.54,88.54,61.34,21.48,21.48
2024-06-21 11:00:00,82.68,82.68,82.68,56.50,16.80,16.80
2024-06-21 12:00:00,76.34,76.34,78.22,56.48,20.94,76.34
2024-06-21 13:00:00,80.06,80.06,82.03,55.52,22.93,80.06
2024-06-21 14:00:00,86.72,86.72,88.85,55.32,26.50,86.72
2024-06-21 15:00:00,100.65,100.65,100.65,57.23,29.09,100.65
2024-06-21 16:00:00,110.00,110.00,110.00,61.32,34.44,107.36
2024-06-21 17:00:00,116.93,116.93,116.93,61.38,34.76,114.12
2024-06-21 18:00:00,114.40,114.40,114.40,61.33,34.92,111.65
2024-06-21 19:00:00,105.26,105.26,105.26,64.48,32.56,102.74
2024-06-21 20:00:00,95.99,95.99,95.99,61.38,30.85,78.63
2024-06-21 21:00:00,82.14,82.14,82.14,57.49,28.11,40.52
2024-06-21 22:00:00,80.07,80.07,80.07,54.60,33.33,78.15
2024-06-21 23:00:00,70.25,70.25,70.25,54.02,33.09,33.09
2024-06-22 00:00:00,62.43,62.43,62.43,48.02,31.83,31.83
2024-06-22 01:00:00,50.50,50.50,50.50,46.97,31.58,31.58
2024-06-22 02:00:00,49.62,49.62,49.62,47.28,30.59,30.59
2024-06-22 03:00:00,46.47,46.47,46.47,44.81,29.49,29.49
2024-06-22 04:00:00,60.56,60.56,60.56,44.76,32.03,32.03
2024-06-22 05:00:00,48.89,48.89,48.89,46.86,34.75,34.75
2024-06-22 06:00:00,44.92,44.92,44.92,38.36,35.59,35.59
2024-06-22 07:00:00,34.65,34.34,34.65,34.80,34.34,34.34
2024-06-22 08:00:00,12.54,12.85,12.54,16.89,12.85,12.85
2024-06-22 09:00:00,3.59,3.69,3.59,3.69,3.69,3.69
2024-06-22 10:00:00,2.65,2.72,2.62,2.72,2.72,2.72
2024-06-22 11:00:00,0.08,0.10,0.03,0.10,0.10,0.10
2024-06-22 12:00:00,-0.01,0.22,-0.01,0.22,0.22,0.22
2024-06-22 13:00:00,0.08,3.70,-0.07,3.70,3.70,3.70
2024-06-22 14:00:00,4.23,11.74,4.23,32.97,11.74,11.74
2024-06-22 15:00:00,42.59,35.08,42.59,36.71,35.08,35.08
2024-06-22 16:00:00,80.49,80.49,80.49,50.11,36.59,77.79
2024-06-22 17:00:00,112.16,112.16,112.16,57.63,36.19,109.47
2024-06-22 18:00:00,122.36,122.36,122.81,60.00,35.62,100.53
2024-06-22 19:00:00,124.05,124.05,124.05,59.99,34.42,34.42
2024-06-22 20:00:00,110.17,110.17,110.17,57.03,30.49,30.49
2024-06-22 21:00:00,89.77,89.77,89.77,56.34,27.54,27.54
2024-06-22 22:00:00,90.49,90.49,90.49,56.19,30.89,30.89
2024-06-22 23:00:00,79.25,79.25,79.25,56.00,30.19,30.19
2024-06-23 00:00:00,71.24,68.72,71.24,48.34,29.88,29.88
2024-06-23 01:00:00,70.67,68.69,70.67,46.97,29.72,29.72
2024-06-23 02:00:00,66.94,65.28,66.94,46.91,29.61,29.61
2024-06-23 03:00:00,62.09,56.80,62.09,46.18,29.22,29.22
2024-06-23 04:00:00,57.90,30.34,57.90,44.39,30.34,30.34
2024-06-23 05:00:00,46.35,34.99,46.35,36.15,34.99,34.99
2024-06-23 06:00:00,19.77,25.42,19.77,29.99,25.42,25.42
2024-06-23 07:00:00,4.24,9.94,4.24,9.94,9.94,9.94
2024-06-23 08:00:00,0.00,4.07,0.00,4.07,4.07,4.07
2024-06-23 09:00:00,1.45,1.60,-0.05,1.60,1.60,1.60
2024-06-23 10:00:00,1.15,1.18,-0.10,1.18,1.18,1.18
2024-06-23 11:00:00,0.43,0.44,-1.05,0.44,0.44,0.44
2024-06-23 12:00:00,-0.24,0.09,-2.21,0.09,0.09,0.09
2024-06-23 13:00:00,-2.04,1.74,-2.05,1.74,1.74,1.74
2024-06-23 14:00:00,-0.27,4.99,-0.27,14.05,4.99,4.99
2024-06-23 15:00:00,22.61,25.73,22.61,35.46,25.73,25.73
2024-06-23 16:00:00,71.12,68.01,71.12,39.19,36.83,66.92
2024-06-23 17:00:00,99.50,99.50,99.50,57.23,36.53,97.11
2024-06-23 18:00:00,115.14,115.14,115.14,57.59,34.44,112.38
2024-06-23 19:00:00,115.44,115.44,115.44,57.50,31.91,112.67
2024-06-23 20:00:00,114.33,114.33,114.33,57.15,29.14,111.59
2024-06-23 21:00:00,99.79,99.79,99.79,56.74,27.10,97.39
2024-06-23 22:00:00,106.18,106.18,106.18,49.93,24.54,103.63
2024-06-23 23:00:00,92.19,92.19,92.19,47.05,23.32,89.97
2024-06-24 00:00:00,84.93,84.93,84.93,46.98,22.19,82.89
2024-06-24 01:00:00,84.46,84.46,84.46,46.99,20.59,82.43
2024-06-24 02:00:00,84.96,84.96,84.96,49.91,22.19,82.93
2024-06-24 03:00:00,97.02,97.02,97.02,49.95,26.81,94.69
2024-06-24 04:00:00,136.06,136.06,136.06,50.00,37.24,132.79
2024-06-24 05:00:00,136.00,136.00,136.00,125.21,38.04,127.47
2024-06-24 06:00:00,102.99,102.99,102.99,73.91,39.15,102.99
2024-06-24 07:00:00,79.34,79.34,79.34,54.89,38.86,79.34
2024-06-24 08:00:00,53.88,53.88,53.88,49.95,38.43,53.88
2024-06-24 09:00:00,37.81,37.81,37.81,37.17,36.51,37.81
2024-06-24 10:00:00,31.19,31.81,31.19,32.19,31.81,31.81
2024-06-24 11:00:00,29.96,29.96,29.96,29.96,29.96,29.96
2024-06-24 12:00:00,30.93,30.93,30.93,32.96,30.93,30.93
2024-06-24 13:00:00,47.85,47.85,47.85,42.66,36.83,47.85
2024-06-24 14:00:00,66.32,66.32,66.32,54.52,37.12,66.32
2024-06-24 15:00:00,82.49,82.49,82.49,77.34,37.62,82.49
2024-06-24 16:00:00,98.39,98.39,98.39,90.12,37.13,98.39
2024-06-24 17:00:00,153.30,153.30,153.30,147.04,37.00,153.30
2024-06-24 18:00:00,209.32,209.32,209.32,196.83,37.93,209.32
2024-06-24 19:00:00,156.00,156.00,156.00,151.08,37.52,156.00
2024-06-24 20:00:00,116.59,116.59,116.59,112.98,37.33,116.59
2024-06-24 21:00:00,91.89,91.89,91.89,59.91,36.71,89.68
2024-06-24 22:00:00,88.80,88.80,88.80,42.07,28.83,86.67
2024-06-24 23:00:00,84.80,84.80,84.80,39.91,27.67,82.76
2024-06-25 00:00:00,84.78,84.78,84.78,39.65,27.19,82.75
2024-06-25 01:00:00,85.22,85.22,85.22,39.42,27.30,83.17
2024-06-25 02:00:00,85.50,85.50,85.50,38.51,28.17,83.45
2024-06-25 03:00:00,94.90,94.90,94.90,34.11,31.02,92.62
2024-06-25 04:00:00,114.80,114.80,114.80,34.36,34.36,114.80
2024-06-25 05:00:00,122.00,122.00,122.00,36.45,36.45,122.00
2024-06-25 06:00:00,103.80,103.80,103.80,37.27,37.27,101.31
2024-06-25 07:00:00,74.64,74.64,74.64,37.48,36.77,72.85
2024-06-25 08:00:00,48.32,34.26,48.32,34.26,34.26,34.26
2024-06-25 09:00:00,12.83,28.38,12.83,28.38,28.38,28.38
2024-06-25 10:00:00,0.00,26.10,0.00,26.10,26.10,26.10
2024-06-25 11:00:00,4.41,22.08,-0.05,22.08,22.08,22.08
2024-06-25 12:00:00,-0.04,22.77,-0.04,22.77,22.77,22.77
2024-06-25 13:00:00,11.59,25.95,11.59,25.95,25.95,25.95
2024-06-25 14:00:00,48.37,48.37,48.37,32.96,32.96,48.37
2024-06-25 15:00:00,74.00,74.00,74.00,38.36,34.52,74.00
2024-06-25 16:00:00,95.90,95.90,95.90,39.97,35.42,95.90
2024-06-25 17:00:00,128.90,128.90,128.90,40.42,35.34,128.90
2024-06-25 18:00:00,136.69,136.69,136.69,39.93,35.03,136.69
2024-06-25 19:00:00,122.09,122.09,122.09,39.92,34.18,122.09
2024-06-25 20:00:00,106.57,106.57,106.57,37.31,32.94,106.57
2024-06-25 21:00:00,89.95,89.95,89.95,34.08,32.84,87.79
2024-06-25 22:00:00,56.50,56.50,300.03,30.64,23.65,23.65
2024-06-25 23:00:00,50.06,50.06,235.13,30.48,20.51,20.51
2024-06-26 00:00:00,47.44,47.44,279.75,29.91,18.72,18.72
2024-06-26 01:00:00,43.35,43.35,400.00,29.98,17.32,17.32
2024-06-26 02:00:00,45.53,45.53,400.04,29.93,17.66,17.66
2024-06-26 03:00:00,55.02,55.02,988.71,29.92,24.29,24.29
2024-06-26 04:00:00,72.61,72.61,2325.83,31.29,29.10,72.61
2024-06-26 05:00:00,80.14,80.14,1000.00,34.00,34.00,80.14
2024-06-26 06:00:00,81.41,81.41,400.01,35.55,35.55,81.41
2024-06-26 07:00:00,59.91,59.91,98.10,35.14,35.14,59.91
2024-06-26 08:00:00,36.37,36.37,61.48,35.31,35.31,36.37
2024-06-26 09:00:00,35.79,35.79,24.94,33.80,33.60,35.79
2024-06-26 10:00:00,32.90,32.90,-0.06,32.90,32.90,32.90
2024-06-26 11:00:00,33.61,32.64,-0.02,32.64,32.64,32.64
2024-06-26 12:00:00,33.54,33.54,6.23,32.57,32.57,33.54
2024-06-26 13:00:00,32.65,32.65,65.03,32.65,32.65,32.65
2024-06-26 14:00:00,38.14,38.14,75.84,36.08,33.07,38.14
2024-06-26 15:00:00,57.35,57.35,142.69,34.91,33.66,57.35
2024-06-26 16:00:00,93.05,93.05,400.07,34.93,34.93,93.05
2024-06-26 17:00:00,88.40,88.40,999.09,34.96,34.96,88.40
2024-06-26 18:00:00,112.05,112.05,1796.32,34.61,33.79,112.05
2024-06-26 19:00:00,99.11,99.11,1004.66,33.70,33.70,99.11
2024-06-26 20:00:00,83.20,83.20,404.91,33.12,33.00,83.20
2024-06-26 21:00:00,54.87,54.87,400.06,32.41,31.56,54.87
2024-06-26 22:00:00,96.00,96.00,96.00,31.95,28.41,96.00
2024-06-26 23:00:00,86.90,86.90,86.90,32.58,27.06,86.90
2024-06-27 00:00:00,80.40,80.40,80.40,32.03,26.00,80.40
2024-06-27 01:00:00,82.84,82.84,82.84,31.77,24.92,82.84
2024-06-27 02:00:00,78.00,78.00,78.79,31.55,25.80,78.00
2024-06-27 03:00:00,83.24,83.24,84.98,31.95,26.56,83.24
2024-06-27 04:00:00,117.51,117.51,117.51,33.70,29.23,117.51
2024-06-27 05:00:00,124.01,125.11,125.11,34.14,32.91,125.11
2024-06-27 06:00:00,115.00,115.00,115.00,36.61,35.16,115.00
2024-06-27 07:00:00,88.87,88.87,88.87,36.35,34.79,88.21
2024-06-27 08:00:00,66.74,66.74,66.74,36.21,33.71,45.60
2024-06-27 09:00:00,49.61,49.61,52.40,35.32,29.46,29.46
2024-06-27 10:00:00,33.11,33.11,48.82,32.15,29.71,29.71
2024-06-27 11:00:00,31.90,31.90,45.31,29.96,28.94,28.94
2024-06-27 12:00:00,26.84,26.84,44.56,27.08,26.84,26.84
2024-06-27 13:00:00,23.00,24.99,48.39,29.08,24.99,24.99
2024-06-27 14:00:00,25.22,27.04,61.92,31.05,27.04,27.04
2024-06-27 15:00:00,48.57,73.78,75.59,33.86,29.23,73.78
2024-06-27 16:00:00,79.53,79.53,79.53,39.91,29.30,79.53
2024-06-27 17:00:00,110.08,110.08,110.08,39.97,28.07,110.08
2024-06-27 18:00:00,200.04,200.04,200.04,39.96,25.34,200.04
2024-06-27 19:00:00,186.18,186.18,186.18,38.06,22.32,186.18
2024-06-27 20:00:00,125.21,125.21,125.21,38.06,15.09,125.21
2024-06-27 21:00:00,101.80,101.80,101.80,37.18,3.51,101.80
2024-06-27 22:00:00,96.85,96.85,96.85,32.73,3.20,27.72
2024-06-27 23:00:00,95.42,95.42,95.42,31.36,3.04,6.88
2024-06-28 00:00:00,86.08,86.08,86.08,30.45,3.01,59.94
2024-06-28 01:00:00,79.97,79.97,79.97,28.56,2.91,68.16
2024-06-28 02:00:00,83.61,83.61,83.61,27.53,3.03,68.98
2024-06-28 03:00:00,91.28,91.28,91.28,27.13,4.43,89.09
2024-06-28 04:00:00,120.29,120.29,120.29,30.76,16.95,120.29
2024-06-28 05:00:00,108.93,108.93,108.93,33.13,28.01,108.93
2024-06-28 06:00:00,75.57,84.89,84.89,33.13,30.25,84.89
2024-06-28 07:00:00,41.24,59.90,59.90,29.20,29.20,59.90
2024-06-28 08:00:00,22.09,22.09,24.45,22.09,22.09,22.09
2024-06-28 09:00:00,2.03,4.39,2.03,4.39,4.39,4.39
2024-06-28 10:00:00,-1.56,1.19,-1.56,1.19,1.19,1.19
2024-06-28 11:00:00,-5.09,-0.02,-5.09,-0.02,-0.02,-0.02
2024-06-28 12:00:00,-9.95,-0.80,-9.95,-0.80,-0.80,-0.80
2024-06-28 13:00:00,-9.91,-0.90,-9.91,-0.90,-0.90,-0.90
2024-06-28 14:00:00,-6.48,-0.02,-6.48,1.00,-0.02,-0.02
2024-06-28 15:00:00,3.23,3.23,3.62,25.41,3.23,3.23
2024-06-28 16:00:00,30.14,30.14,41.98,31.17,12.84,30.14
2024-06-28 17:00:00,39.95,39.95,84.32,37.34,19.17,39.95
2024-06-28 18:00:00,79.99,79.99,108.93,38.45,14.10,79.99
2024-06-28 19:00:00,114.88,114.88,138.06,39.38,4.98,114.88
2024-06-28 20:00:00,126.20,126.20,126.57,42.04,4.16,99.46
2024-06-28 21:00:00,108.85,108.85,109.02,40.66,0.93,92.39
2024-06-28 22:00:00,110.40,110.40,110.40,41.13,1.86,77.72
2024-06-28 23:00:00,108.29,108.29,109.91,40.78,-0.06,0.85
2024-06-29 00:00:00,107.95,107.95,109.89,41.01,-0.31,0.87
2024-06-29 01:00:00,107.19,107.19,109.56,41.45,-1.01,73.60
2024-06-29 02:00:00,105.34,105.34,108.09,41.65,-1.10,105.34
2024-06-29 03:00:00,102.13,102.13,103.07,44.19,-1.01,100.60
2024-06-29 04:00:00,95.09,95.09,96.62,49.91,-0.58,94.30
2024-06-29 05:00:00,82.39,82.39,84.14,45.82,-0.08,82.12
2024-06-29 06:00:00,66.91,66.91,66.91,32.01,-0.06,65.30
2024-06-29 07:00:00,29.58,29.58,29.58,28.91,-0.11,28.87
2024-06-29 08:00:00,5.04,5.04,5.04,25.04,-1.99,4.92
2024-06-29 09:00:00,0.04,0.04,0.04,13.01,-2.29,0.04
2024-06-29 10:00:00,-0.02,-0.02,-0.02,0.01,-2.01,-0.02
2024-06-29 11:00:00,-0.23,-0.23,-0.23,-0.01,-2.09,-0.23
2024-06-29 12:00:00,-0.08,-0.08,-0.08,15.05,-2.42,-0.08
2024-06-29 13:00:00,1.30,1.30,1.30,26.41,-2.29,1.27
2024-06-29 14:00:00,11.91,11.91,11.91,30.52,-1.48,11.62
2024-06-29 15:00:00,69.51,69.51,69.51,37.54,-0.11,69.51
2024-06-29 16:00:00,104.30,104.30,104.30,50.32,0.00,104.30
2024-06-29 17:00:00,126.93,126.93,126.93,50.74,2.90,126.93
2024-06-29 18:00:00,139.20,139.20,139.20,50.63,9.30,139.20
2024-06-29 19:00:00,113.30,113.30,113.30,50.88,11.80,113.30
2024-06-29 20:00:00,100.08,100.08,100.08,50.04,11.43,100.08
2024-06-29 21:00:00,93.83,93.83,93.83,41.06,4.99,93.83
2024-06-29 22:00:00,70.06,70.06,70.06,49.79,19.46,68.38
2024-06-29 23:00:00,61.69,61.69,61.69,44.87,18.63,60.21
2024-06-30 00:00:00,66.67,66.67,66.67,45.94,18.54,65.07
2024-06-30 01:00:00,67.05,67.05,67.05,49.91,19.95,65.44
2024-06-30 02:00:00,64.36,64.36,64.36,49.96,21.38,62.81
2024-06-30 03:00:00,51.39,51.39,51.39,44.91,23.93,50.16
2024-06-30 04:00:00,51.56,51.56,51.56,31.29,26.87,39.63
2024-06-30 05:00:00,20.42,20.42,20.42,25.45,20.42,20.42
2024-06-30 06:00:00,6.83,6.83,6.83,18.84,6.83,6.83
2024-06-30 07:00:00,0.82,0.82,0.82,6.11,0.82,0.82
2024-06-30 08:00:00,0.00,0.00,0.00,0.85,0.00,0.00
2024-06-30 09:00:00,0.00,0.00,0.00,0.00,0.00,0.00
2024-06-30 10:00:00,0.00,0.00,-0.02,0.00,0.00,0.00
2024-06-30 11:00:00,0.00,0.00,-1.51,0.00,0.00,0.00
2024-06-30 12:00:00,-0.69,0.00,-1.09,0.97,0.00,0.00
2024-06-30 13:00:00,0.00,0.00,0.00,19.29,0.00,0.00
2024-06-30 14:00:00,0.91,7.71,0.91,27.68,7.71,7.71
2024-06-30 15:00:00,36.66,29.86,36.66,30.03,29.86,29.86
2024-06-30 16:00:00,70.02,70.02,70.02,34.93,32.77,68.34
2024-06-30 17:00:00,87.26,87.26,87.26,50.01,32.73,85.16
2024-06-30 18:00:00,99.90,99.90,99.90,50.34,32.71,97.50
2024-06-30 19:00:00,102.39,102.39,102.39,49.67,32.62,99.94
2024-06-30 20:00:00,102.16,102.16,102.16,43.76,32.25,32.25
2024-06-30 21:00:00,93.01,93.01,93.01,42.47,30.93,30.93
2024-06-30 22:00:00,94.88,94.88,94.88,42.76,30.23,86.70
2024-06-30 23:00:00,84.32,84.32,84.32,43.64,29.56,80.79
2024-07-01 00:00:00,78.19,78.19,78.19,46.24,28.85,76.31
2024-07-01 01:00:00,78.01,78.01,78.01,46.88,28.62,76.14
2024-07-01 02:00:00,75.63,75.63,75.63,46.20,28.85,73.82
2024-07-01 03:00:00,80.82,80.82,80.82,46.74,30.50,78.88
2024-07-01 04:00:00,121.66,121.66,122.19,50.02,32.43,121.66
2024-07-01 05:00:00,136.51,137.91,141.30,48.36,35.93,137.91
2024-07-01 06:00:00,129.20,142.36,142.36,48.39,36.44,142.36
2024-07-01 07:00:00,112.80,112.80,115.57,47.43,35.40,112.80
2024-07-01 08:00:00,100.60,104.44,107.01,47.26,34.90,104.44
2024-07-01 09:00:00,86.09,86.15,91.67,50.05,34.17,86.15
2024-07-01 10:00:00,66.13,66.13,77.38,49.90,33.44,66.13
2024-07-01 11:00:00,42.72,42.72,69.90,40.48,33.17,42.72
2024-07-01 12:00:00,34.66,34.66,39.92,34.66,32.41,32.41
2024-07-01 13:00:00,32.55,33.78,34.61,32.55,32.55,33.78
2024-07-01 14:00:00,31.06,36.73,37.63,34.87,32.68,36.73
2024-07-01 15:00:00,55.00,60.71,62.20,42.54,33.10,60.71
2024-07-01 16:00:00,72.24,76.17,78.04,43.55,34.04,76.17
2024-07-01 17:00:00,98.38,100.01,102.47,47.67,33.91,100.01
2024-07-01 18:00:00,106.07,162.79,166.79,48.39,33.46,162.79
2024-07-01 19:00:00,126.00,126.00,129.10,50.04,32.66,126.00
2024-07-01 20:00:00,104.93,104.93,107.51,47.76,31.67,104.93
2024-07-01 21:00:00,87.65,87.65,87.88,44.19,30.72,85.77
2024-07-01 22:00:00,79.63,79.63,81.59,47.34,27.70,79.63
2024-07-01 23:00:00,61.99,61.99,79.93,47.42,26.57,61.99
2024-07-02 00:00:00,50.39,50.39,82.07,46.77,25.56,50.39
2024-07-02 01:00:00,54.01,54.01,80.95,46.02,24.84,54.01
2024-07-02 02:00:00,46.12,46.12,81.99,44.79,25.48,46.12
2024-07-02 03:00:00,50.82,50.82,81.99,45.15,27.06,50.82
2024-07-02 04:00:00,69.46,76.60,96.50,45.14,27.71,76.60
2024-07-02 05:00:00,66.52,98.27,100.69,38.28,35.98,98.27
2024-07-02 06:00:00,81.96,98.84,101.27,37.95,37.95,98.84
2024-07-02 07:00:00,66.90,85.40,87.50,38.11,37.91,85.40
2024-07-02 08:00:00,39.30,81.12,83.11,36.21,35.92,81.12
2024-07-02 09:00:00,35.58,72.77,74.56,35.58,34.93,72.77
2024-07-02 10:00:00,35.33,70.98,72.72,35.33,34.92,70.98
2024-07-02 11:00:00,34.59,67.50,69.16,34.59,34.59,67.50
2024-07-02 12:00:00,33.92,59.47,60.93,33.92,33.92,59.47
2024-07-02 13:00:00,32.59,60.41,62.73,32.59,32.59,60.41
2024-07-02 14:00:00,33.44,72.44,74.22,33.44,33.44,72.44
2024-07-02 15:00:00,35.15,74.08,75.90,35.15,35.15,74.08
2024-07-02 16:00:00,35.09,82.75,84.79,35.09,35.09,82.75
2024-07-02 17:00:00,35.82,101.14,103.63,35.82,35.82,101.14
2024-07-02 18:00:00,41.83,112.24,115.00,37.54,37.54,112.24
2024-07-02 19:00:00,58.58,85.06,109.96,38.80,36.98,85.06
2024-07-02 20:00:00,46.36,46.36,109.05,37.97,37.76,46.36
2024-07-02 21:00:00,40.37,40.37,86.00,39.20,36.18,40.37
2024-07-02 22:00:00,37.20,37.20,68.19,36.12,25.51,37.20
2024-07-02 23:00:00,36.04,36.04,65.30,35.00,24.06,36.04
2024-07-03 00:00:00,35.83,35.83,63.18,34.79,23.73,35.83
2024-07-03 01:00:00,36.25,36.25,65.58,35.20,24.70,36.25
2024-07-03 02:00:00,38.70,38.70,71.14,37.58,26.20,38.70
2024-07-03 03:00:00,58.90,58.90,78.91,39.78,28.89,58.90
2024-07-03 04:00:00,86.87,86.87,100.25,40.23,33.46,86.87
2024-07-03 05:00:00,97.82,97.82,116.51,39.38,38.58,97.82
2024-07-03 06:00:00,103.46,103.46,115.00,41.05,39.31,103.46
2024-07-03 07:00:00,55.87,61.40,90.59,41.66,39.60,61.40
2024-07-03 08:00:00,43.31,43.31,76.63,41.74,39.31,43.31
2024-07-03 09:00:00,39.97,39.97,73.10,39.12,39.12,39.97
2024-07-03 10:00:00,39.13,39.13,71.76,38.00,38.00,39.13
2024-07-03 11:00:00,39.71,39.71,71.14,38.56,38.50,39.71
2024-07-03 12:00:00,41.04,41.04,73.12,39.85,37.95,41.04
2024-07-03 13:00:00,42.53,42.53,71.98,41.30,37.08,42.53
2024-07-03 14:00:00,50.50,50.50,74.01,40.69,36.70,50.50
2024-07-03 15:00:00,79.17,79.17,86.97,50.16,35.99,79.17
2024-07-03 16:00:00,93.56,97.21,99.60,50.59,36.70,97.21
2024-07-03 17:00:00,111.45,115.94,118.79,50.69,35.97,115.94
2024-07-03 18:00:00,154.18,159.96,163.89,50.23,35.46,159.96
2024-07-03 19:00:00,105.13,113.10,115.88,49.97,35.04,113.10
2024-07-03 20:00:00,87.85,90.82,95.32,44.30,33.67,90.82
2024-07-03 21:00:00,68.90,68.90,76.10,39.98,31.97,68.90
2024-07-03 22:00:00,58.50,58.50,64.24,37.78,31.18,58.50
2024-07-03 23:00:00,30.67,30.67,51.94,31.67,30.00,30.67
2024-07-04 00:00:00,20.68,25.64,26.46,25.64,25.64,25.64
2024-07-04 01:00:00,17.45,17.45,18.01,17.45,17.45,17.45
2024-07-04 02:00:00,9.49,9.77,10.08,9.77,9.77,9.77
2024-07-04 03:00:00,10.02,10.02,10.27,9.95,10.02,10.02
2024-07-04 04:00:00,26.47,26.47,36.43,26.47,26.47,26.47
2024-07-04 05:00:00,30.00,30.00,40.00,30.00,30.00,30.00
2024-07-04 06:00:00,31.63,31.63,33.56,30.33,30.33,31.63
2024-07-04 07:00:00,22.65,23.95,22.65,23.95,23.95,23.95
2024-07-04 08:00:00,1.90,3.58,1.90,3.58,3.58,3.58
2024-07-04 09:00:00,0.00,2.92,0.00,0.00,2.92,2.92
2024-07-04 10:00:00,-0.04,2.74,-0.04,-0.04,2.74,2.74
2024-07-04 11:00:00,-5.03,0.97,-5.03,-5.18,0.97,0.97
2024-07-04 12:00:00,-19.09,0.00,-19.09,-19.66,0.00,0.00
2024-07-04 13:00:00,-13.47,0.00,-18.03,-18.60,0.00,0.00
2024-07-04 14:00:00,-5.31,-0.01,-8.70,-0.06,-0.01,-0.01
2024-07-04 15:00:00,-0.03,1.51,-0.03,1.51,1.51,1.51
2024-07-04 16:00:00,6.77,11.72,6.77,11.72,11.72,11.72
2024-07-04 17:00:00,29.00,29.00,49.85,30.84,26.38,29.00
2024-07-04 18:00:00,45.07,45.07,86.91,36.48,25.22,45.07
2024-07-04 19:00:00,38.79,38.79,115.30,37.67,23.82,38.79
2024-07-04 20:00:00,38.68,38.68,86.91,37.55,17.96,38.68
2024-07-04 21:00:00,38.10,38.10,64.01,36.99,13.26,38.10
2024-07-04 22:00:00,6.92,6.92,31.41,30.44,6.92,6.92
2024-07-04 23:00:00,4.83,4.71,20.13,19.51,4.71,4.71
2024-07-05 00:00:00,4.00,4.12,20.59,4.12,4.12,4.12
2024-07-05 01:00:00,2.67,2.67,19.79,2.67,2.67,2.67
2024-07-05 02:00:00,2.92,2.92,8.98,2.92,2.92,2.92
2024-07-05 03:00:00,5.72,5.72,10.01,5.72,5.72,5.72
2024-07-05 04:00:00,19.99,19.99,38.19,20.84,19.99,19.99
2024-07-05 05:00:00,29.09,28.69,45.75,29.96,28.69,28.69
2024-07-05 06:00:00,31.47,29.68,39.43,31.47,29.68,29.68
2024-07-05 07:00:00,18.56,18.56,18.56,24.55,18.56,18.56
2024-07-05 08:00:00,2.95,2.95,2.95,4.38,2.95,2.95
2024-07-05 09:00:00,0.41,0.41,0.41,0.44,0.41,0.41
2024-07-05 10:00:00,-0.04,-0.04,-0.05,0.44,-0.04,-0.04
2024-07-05 11:00:00,-0.55,-0.55,-0.64,-0.04,-0.55,-0.55
2024-07-05 12:00:00,-0.77,-0.77,-0.78,-0.05,-0.77,-0.77
2024-07-05 13:00:00,-0.03,-0.03,-0.03,9.42,-0.03,-0.03
2024-07-05 14:00:00,1.93,1.93,1.93,26.98,1.93,1.93
2024-07-05 15:00:00,16.81,13.06,16.81,29.49,13.06,13.06
2024-07-05 16:00:00,25.05,23.27,64.35,33.63,23.27,23.27
2024-07-05 17:00:00,36.70,36.70,90.09,36.70,24.82,24.82
2024-07-05 18:00:00,37.81,37.81,142.36,37.81,23.49,23.49
2024-07-05 19:00:00,60.06,60.06,130.38,41.29,19.98,19.98
2024-07-05 20:00:00,82.86,82.86,102.22,42.45,17.45,17.45
2024-07-05 21:00:00,84.95,84.95,84.95,42.49,10.99,10.99
2024-07-05 22:00:00,85.52,85.52,89.10,46.60,15.36,15.36
2024-07-05 23:00:00,66.06,66.06,70.71,46.52,11.75,11.75
2024-07-06 00:00:00,63.52,63.52,63.52,46.49,13.14,13.14
2024-07-06 01:00:00,46.46,46.46,46.46,42.96,17.55,17.55
2024-07-06 02:00:00,38.62,38.62,38.62,34.36,19.58,19.58
2024-07-06 03:00:00,15.69,15.69,15.69,19.95,6.56,6.56
2024-07-06 04:00:00,5.73,5.60,5.73,6.13,5.59,5.59
2024-07-06 05:00:00,5.37,5.50,5.37,5.54,5.50,5.50
2024-07-06 06:00:00,3.40,3.48,3.39,3.50,3.48,3.48
2024-07-06 07:00:00,0.32,0.32,0.00,0.33,0.32,0.32
2024-07-06 08:00:00,-0.04,-0.04,-9.92,-0.04,-0.04,-0.04
2024-07-06 09:00:00,-0.02,-0.02,-28.87,-0.02,-0.02,-0.02
2024-07-06 10:00:00,-0.03,-0.03,-32.69,-0.03,-0.03,-0.03
2024-07-06 11:00:00,-0.12,-0.12,-44.10,-0.12,-0.12,-0.12
2024-07-06 12:00:00,-2.18,-2.18,-48.07,-2.18,-2.18,-2.18
2024-07-06 13:00:00,-2.71,-2.71,-34.84,-2.71,-2.71,-2.71
2024-07-06 14:00:00,-0.60,-0.60,-13.68,-0.60,-0.60,-0.60
2024-07-06 15:00:00,-0.06,0.01,-0.06,0.01,0.01,0.01
2024-07-06 16:00:00,1.88,1.94,1.88,1.94,1.94,1.94
2024-07-06 17:00:00,0.22,0.44,0.22,0.44,0.44,0.44
2024-07-06 18:00:00,6.69,6.69,6.69,6.69,6.69,6.69
2024-07-06 19:00:00,9.40,9.40,9.40,9.91,9.40,9.40
2024-07-06 20:00:00,18.00,18.00,18.00,18.30,17.57,17.57
2024-07-06 21:00:00,14.02,6.77,14.02,14.44,6.77,6.77
2024-07-06 22:00:00,-0.03,-0.02,-0.03,-0.02,-0.02,-0.02
2024-07-06 23:00:00,-0.10,-0.10,-0.10,-0.10,-0.10,-0.10
2024-07-07 00:00:00,-0.80,-0.80,-0.80,-0.80,-0.80,-0.80
2024-07-07 01:00:00,-0.48,-0.48,-0.48,-0.48,-0.48,-0.48
2024-07-07 02:00:00,-0.06,-0.06,-0.06,-0.06,-0.88,-0.88
2024-07-07 03:00:00,-0.01,-0.01,-0.01,-0.01,-1.76,-1.76
2024-07-07 04:00:00,-0.01,-0.01,-0.01,-0.01,-0.81,-0.81
2024-07-07 05:00:00,-0.01,-0.01,-0.01,-0.01,-0.59,-0.59
2024-07-07 06:00:00,-0.60,-0.61,-0.60,-0.61,-0.61,-0.61
2024-07-07 07:00:00,-6.49,-6.47,-6.49,-6.47,-6.47,-6.47
2024-07-07 08:00:00,-9.98,-9.98,-9.98,-9.98,-9.98,-9.98
2024-07-07 09:00:00,-12.04,-12.04,-12.04,-12.04,-12.04,-12.04
2024-07-07 10:00:00,-13.49,-13.49,-13.49,-13.49,-13.49,-13.49
2024-07-07 11:00:00,-15.02,-15.02,-22.37,-15.02,-15.02,-15.02
2024-07-07 12:00:00,-20.98,-19.90,-20.98,-19.90,-19.90,-19.90
2024-07-07 13:00:00,-12.20,-12.20,-12.20,1.00,-12.20,-12.20
2024-07-07 14:00:00,-6.16,-6.16,-6.16,17.92,-6.16,-6.16
2024-07-07 15:00:00,-0.08,-0.08,-0.08,29.00,-2.49,-2.49
2024-07-07 16:00:00,63.99,63.99,63.99,34.90,-1.16,-1.16
2024-07-07 17:00:00,90.27,90.27,90.27,43.71,-0.80,0.82
2024-07-07 18:00:00,119.40,125.64,125.64,45.17,-0.11,122.62
2024-07-07 19:00:00,127.05,133.17,133.17,45.91,-0.15,129.97
2024-07-07 20:00:00,115.20,115.20,115.20,45.06,-0.10,112.44
2024-07-07 21:00:00,97.13,97.13,97.13,44.95,-0.10,94.80
2024-07-07 22:00:00,81.62,81.62,81.62,43.42,0.44,79.67
2024-07-07 23:00:00,76.65,76.65,76.65,42.99,0.97,74.81
2024-07-08 00:00:00,74.08,74.08,74.08,42.93,1.95,72.30
2024-07-08 01:00:00,77.72,77.72,77.72,42.91,4.11,75.86
2024-07-08 02:00:00,76.28,76.28,76.28,42.98,6.44,74.45
2024-07-08 03:00:00,79.44,79.44,80.44,43.39,18.51,78.51
2024-07-08 04:00:00,110.00,110.00,112.18,44.29,24.54,24.54
2024-07-08 05:00:00,123.97,127.18,125.00,42.37,28.14,28.14
2024-07-08 06:00:00,100.64,100.64,100.64,41.39,30.29,30.29
2024-07-08 07:00:00,77.61,77.61,77.61,41.38,30.61,30.61
2024-07-08 08:00:00,53.93,53.93,53.93,41.35,30.56,30.56
2024-07-08 09:00:00,38.43,38.43,38.43,36.92,30.19,30.19
2024-07-08 10:00:00,31.79,31.79,31.79,31.93,30.36,30.36
2024-07-08 11:00:00,29.45,29.45,29.45,29.45,28.74,28.74
2024-07-08 12:00:00,29.56,29.56,29.56,30.23,28.85,28.85
2024-07-08 13:00:00,36.75,36.75,36.75,36.08,29.98,29.98
2024-07-08 14:00:00,64.00,64.00,64.00,38.97,29.98,29.98
2024-07-08 15:00:00,80.20,80.20,80.20,43.42,30.15,30.15
2024-07-08 16:00:00,102.63,102.63,102.63,43.87,30.74,30.74
2024-07-08 17:00:00,135.00,136.49,136.49,44.05,31.46,31.46
2024-07-08 18:00:00,249.01,257.35,257.35,44.09,31.17,31.17
2024-07-08 19:00:00,173.69,173.69,173.69,44.11,30.17,30.17
2024-07-08 20:00:00,113.65,113.65,113.65,43.44,29.03,29.03
2024-07-08 21:00:00,92.02,92.02,92.02,43.13,27.99,27.99
2024-07-08 22:00:00,105.52,105.52,105.52,43.85,27.46,27.46
2024-07-08 23:00:00,95.96,95.96,95.96,42.94,26.69,26.69
2024-07-09 00:00:00,93.08,93.08,93.08,42.45,26.06,26.06
2024-07-09 01:00:00,91.14,91.14,91.14,42.23,25.65,25.65
2024-07-09 02:00:00,87.66,87.66,87.66,42.14,25.58,25.58
2024-07-09 03:00:00,96.83,96.83,96.83,42.60,27.27,27.27
2024-07-09 04:00:00,111.38,111.38,111.38,44.98,30.52,30.52
2024-07-09 05:00:00,103.76,103.76,103.76,45.38,32.25,32.25
2024-07-09 06:00:00,94.00,94.00,94.00,44.90,33.81,33.81
2024-07-09 07:00:00,67.26,67.26,67.26,42.07,33.65,33.65
2024-07-09 08:00:00,46.63,46.63,46.63,37.98,31.42,31.42
2024-07-09 09:00:00,33.71,33.71,33.71,34.61,30.44,30.44
2024-07-09 10:00:00,21.95,21.95,21.95,29.25,28.83,28.83
2024-07-09 11:00:00,15.98,15.98,5.04,25.27,25.27,25.27
2024-07-09 12:00:00,4.34,4.34,2.71,26.68,26.68,26.68
2024-07-09 13:00:00,11.08,11.08,11.08,32.90,29.72,29.72
2024-07-09 14:00:00,53.73,53.73,53.73,36.39,32.29,32.29
2024-07-09 15:00:00,81.69,81.69,81.69,44.73,34.67,79.73
2024-07-09 16:00:00,99.27,99.27,99.27,44.99,35.90,99.27
2024-07-09 17:00:00,110.27,110.27,151.50,45.08,38.46,110.27
2024-07-09 18:00:00,112.80,112.80,147.64,44.43,38.45,112.80
2024-07-09 19:00:00,100.32,100.32,108.12,44.11,34.22,100.32
2024-07-09 20:00:00,45.42,45.42,86.07,41.20,31.54,31.54
2024-07-09 21:00:00,40.46,40.46,68.89,39.28,30.10,30.10
2024-07-09 22:00:00,32.59,28.96,55.00,34.94,28.96,28.96
2024-07-09 23:00:00,32.99,28.18,54.90,32.99,28.18,28.18
2024-07-10 00:00:00,30.03,27.22,53.92,30.03,27.22,27.22
2024-07-10 01:00:00,28.73,26.29,54.98,28.73,26.29,26.29
2024-07-10 02:00:00,30.00,25.71,59.92,30.00,25.71,25.71
2024-07-10 03:00:00,32.68,27.04,66.14,32.68,27.04,27.04
2024-07-10 04:00:00,40.31,40.31,84.46,36.49,28.26,40.31
2024-07-10 05:00:00,43.58,43.58,106.46,37.47,29.12,29.12
2024-07-10 06:00:00,83.49,83.49,102.01,37.71,29.66,29.66
2024-07-10 07:00:00,78.57,78.57,84.93,38.06,28.89,28.89
2024-07-10 08:00:00,65.00,65.00,65.00,38.06,27.93,27.93
2024-07-10 09:00:00,55.77,55.77,55.77,38.47,26.62,26.62
2024-07-10 10:00:00,47.13,47.13,47.13,37.77,25.30,25.30
2024-07-10 11:00:00,40.76,40.76,44.58,37.20,24.96,24.96
2024-07-10 12:00:00,52.57,52.57,55.00,36.87,24.31,24.31
2024-07-10 13:00:00,52.91,52.91,58.43,36.46,22.13,22.13
2024-07-10 14:00:00,59.13,67.48,67.48,37.27,23.92,67.48
2024-07-10 15:00:00,80.14,80.14,80.14,38.62,25.43,80.14
2024-07-10 16:00:00,79.77,80.73,80.73,40.30,26.12,80.73
2024-07-10 17:00:00,99.72,99.72,99.72,42.97,25.31,99.72
2024-07-10 18:00:00,117.00,148.61,148.61,39.99,22.47,148.61
2024-07-10 19:00:00,150.51,164.08,164.08,39.99,18.13,164.08
2024-07-10 20:00:00,113.97,113.97,113.97,39.32,4.98,113.97
2024-07-10 21:00:00,92.92,92.92,92.92,39.24,2.66,92.92
2024-07-10 22:00:00,96.02,96.02,96.02,39.63,3.02,96.02
2024-07-10 23:00:00,79.95,79.95,79.95,38.98,2.97,79.95
2024-07-11 00:00:00,77.06,77.06,77.06,38.99,3.04,77.06
2024-07-11 01:00:00,79.60,79.60,79.60,39.17,4.12,79.60
2024-07-11 02:00:00,80.31,80.31,80.31,39.58,4.92,80.31
2024-07-11 03:00:00,81.98,81.98,81.98,41.58,10.76,81.98
2024-07-11 04:00:00,107.46,107.71,107.71,40.80,18.75,107.71
2024-07-11 05:00:00,120.00,120.00,120.00,41.50,23.62,120.00
2024-07-11 06:00:00,106.53,106.53,106.53,44.90,26.11,106.53
2024-07-11 07:00:00,89.11,89.11,89.11,40.63,27.07,89.11
2024-07-11 08:00:00,80.69,80.69,80.69,40.22,27.71,80.69
2024-07-11 09:00:00,66.60,66.60,66.60,40.14,27.75,66.60
2024-07-11 10:00:00,57.44,57.44,57.44,40.74,28.08,57.44
2024-07-11 11:00:00,47.70,47.70,47.70,41.62,28.20,47.70
2024-07-11 12:00:00,44.48,44.48,44.48,42.21,28.20,44.48
2024-07-11 13:00:00,50.10,50.10,50.10,43.15,28.56,50.10
2024-07-11 14:00:00,60.98,60.98,60.98,42.50,29.01,60.98
2024-07-11 15:00:00,81.91,81.91,81.91,44.45,29.41,81.91
2024-07-11 16:00:00,91.58,91.58,91.58,42.51,29.41,91.58
2024-07-11 17:00:00,117.00,120.00,120.00,44.13,29.55,120.00
2024-07-11 18:00:00,184.33,184.33,184.33,43.65,29.47,184.33
2024-07-11 19:00:00,166.74,166.74,166.74,43.53,29.07,166.74
2024-07-11 20:00:00,121.59,121.59,121.59,41.18,28.44,121.59
2024-07-11 21:00:00,98.12,98.12,98.12,41.26,27.02,98.12
2024-07-11 22:00:00,102.42,102.42,102.42,42.45,26.81,99.97
2024-07-11 23:00:00,87.31,87.31,87.31,40.42,25.65,85.22
2024-07-12 00:00:00,81.71,81.71,82.87,39.97,24.41,80.88
2024-07-12 01:00:00,79.98,81.04,83.03,39.95,21.58,81.04
2024-07-12 02:00:00,76.40,80.24,82.21,39.94,21.37,80.24
2024-07-12 03:00:00,79.37,82.23,84.25,42.11,25.50,82.23
2024-07-12 04:00:00,107.94,107.94,107.94,39.99,27.85,107.94
2024-07-12 05:00:00,109.92,109.92,109.92,38.91,28.59,109.92
2024-07-12 06:00:00,109.60,109.60,109.60,36.65,29.48,109.60
2024-07-12 07:00:00,102.40,102.40,102.40,35.97,29.61,102.40
2024-07-12 08:00:00,95.87,95.87,95.87,35.93,29.42,95.87
2024-07-12 09:00:00,89.83,89.83,89.83,35.99,29.10,87.68
2024-07-12 10:00:00,83.25,83.25,83.25,36.40,28.72,81.25
2024-07-12 11:00:00,78.60,78.60,78.60,36.87,28.27,76.71
2024-07-12 12:00:00,78.04,78.04,78.04,36.91,28.09,76.17
2024-07-12 13:00:00,78.19,78.19,78.19,36.29,27.94,76.32
2024-07-12 14:00:00,83.66,83.66,85.71,36.57,27.93,83.66
2024-07-12 15:00:00,79.00,79.00,85.54,40.38,29.48,79.00
2024-07-12 16:00:00,90.05,90.05,92.26,44.08,29.68,90.05
2024-07-12 17:00:00,96.62,96.62,102.39,44.44,29.77,96.62
2024-07-12 18:00:00,91.60,91.05,93.29,44.01,29.46,91.05
2024-07-12 19:00:00,94.61,92.34,94.61,42.96,28.50,92.34
2024-07-12 20:00:00,85.66,42.08,85.66,40.29,27.85,42.08
2024-07-12 21:00:00,70.01,26.48,79.11,40.71,26.48,26.48
2024-07-12 22:00:00,33.74,20.73,50.65,37.27,20.73,20.73
2024-07-12 23:00:00,32.56,13.33,50.52,35.13,13.33,13.33
2024-07-13 00:00:00,34.83,9.16,36.92,33.82,9.16,9.16
2024-07-13 01:00:00,33.20,8.00,37.67,32.24,8.00,8.00
2024-07-13 02:00:00,32.65,6.17,32.72,31.71,6.17,6.17
2024-07-13 03:00:00,30.98,11.85,31.05,30.09,11.85,11.85
2024-07-13 04:00:00,30.54,30.54,30.66,29.65,19.54,19.54
2024-07-13 05:00:00,27.82,27.82,27.82,27.01,24.89,24.89
2024-07-13 06:00:00,26.60,26.60,26.60,25.83,25.83,25.83
2024-07-13 07:00:00,20.97,20.97,20.97,20.97,20.97,20.97
2024-07-13 08:00:00,5.16,5.16,5.16,5.93,5.16,5.16
2024-07-13 09:00:00,0.04,0.04,0.04,0.04,0.04,0.04
2024-07-13 10:00:00,-0.01,-0.01,-0.01,-0.01,-0.01,-0.01
2024-07-13 11:00:00,-0.87,-0.87,-5.00,-0.87,-0.87,-0.87
2024-07-13 12:00:00,-0.81,-0.81,-14.90,-0.81,-0.81,-0.81
2024-07-13 13:00:00,-0.06,-0.06,-11.47,-0.06,-0.06,-0.06
2024-07-13 14:00:00,1.41,1.52,-3.48,1.52,1.52,1.52
2024-07-13 15:00:00,-0.01,6.32,-0.01,18.69,6.32,6.32
2024-07-13 16:00:00,28.77,22.44,28.77,27.38,22.44,22.44
2024-07-13 17:00:00,50.33,50.33,50.33,34.91,26.27,26.27
2024-07-13 18:00:00,75.45,75.45,75.45,41.31,21.74,21.74
2024-07-13 19:00:00,76.26,76.26,76.26,40.85,17.66,17.66
2024-07-13 20:00:00,78.84,78.84,78.84,39.19,11.15,11.15
2024-07-13 21:00:00,63.00,63.00,63.00,38.97,8.31,8.31
2024-07-13 22:00:00,88.95,88.95,88.95,37.97,23.69,23.69
2024-07-13 23:00:00,63.19,63.19,63.19,37.91,20.93,20.93
2024-07-14 00:00:00,55.45,55.45,55.45,37.65,19.01,19.01
2024-07-14 01:00:00,44.30,44.30,44.30,37.44,13.97,13.97
2024-07-14 02:00:00,37.93,37.93,37.93,36.75,11.38,11.38
2024-07-14 03:00:00,36.81,36.81,36.81,35.12,10.01,10.01
2024-07-14 04:00:00,31.96,31.96,31.96,27.77,16.67,16.67
2024-07-14 05:00:00,14.28,14.28,14.28,17.58,14.28,14.28
2024-07-14 06:00:00,0.29,0.29,0.29,0.29,0.29,0.29
2024-07-14 07:00:00,-2.29,-2.29,-3.31,-2.29,-2.29,-2.29
2024-07-14 08:00:00,-3.02,-3.02,-21.13,-3.02,-3.02,-3.02
2024-07-14 09:00:00,-3.40,-3.40,-40.08,-3.40,-3.40,-3.40
2024-07-14 10:00:00,-4.22,-4.22,-59.47,-4.22,-4.22,-4.22
2024-07-14 11:00:00,-5.16,-5.16,-73.96,-5.16,-5.16,-5.16
2024-07-14 12:00:00,-6.41,-6.41,-73.96,-6.41,-6.41,-6.41
2024-07-14 13:00:00,-5.36,-5.36,-51.82,-4.78,-5.36,-5.36
2024-07-14 14:00:00,-10.16,-10.16,-20.03,7.65,-2.08,-2.08
2024-07-14 15:00:00,-0.05,1.87,-0.05,24.47,1.87,1.87
2024-07-14 16:00:00,46.54,40.46,46.54,32.95,21.75,21.75
2024-07-14 17:00:00,87.76,91.93,91.93,38.56,21.58,21.58
2024-07-14 18:00:00,112.80,115.80,115.80,39.00,19.93,80.00
2024-07-14 19:00:00,108.03,108.68,108.68,38.99,16.57,16.57
2024-07-14 20:00:00,105.84,105.84,105.84,38.16,7.09,7.09
2024-07-14 21:00:00,87.06,87.06,87.06,37.96,4.92,4.92
2024-07-14 22:00:00,79.35,79.35,79.35,38.06,13.16,13.16
2024-07-14 23:00:00,66.24,66.24,66.24,37.91,13.63,13.63
2024-07-15 00:00:00,58.17,58.17,58.17,37.60,13.44,13.44
2024-07-15 01:00:00,48.39,48.39,63.03,37.55,13.78,13.78
2024-07-15 02:00:00,52.10,52.10,67.82,37.42,17.06,17.06
2024-07-15 03:00:00,64.62,64.62,80.07,37.98,19.01,19.01
2024-07-15 04:00:00,64.68,64.68,120.00,39.12,25.37,25.37
2024-07-15 05:00:00,64.65,64.65,144.10,37.11,27.10,27.10
2024-07-15 06:00:00,64.61,64.61,89.77,38.79,27.58,27.58
2024-07-15 07:00:00,40.10,40.10,59.29,37.06,27.11,27.11
2024-07-15 08:00:00,35.52,26.40,35.52,31.62,26.40,26.40
2024-07-15 09:00:00,11.29,20.03,11.29,21.29,20.03,20.03
2024-07-15 10:00:00,0.07,0.44,0.07,15.87,15.87,15.87
2024-07-15 11:00:00,-0.01,-0.01,-0.01,10.00,10.00,10.00
2024-07-15 12:00:00,-0.07,-0.07,-0.07,18.39,18.39,18.39
2024-07-15 13:00:00,3.54,20.81,3.54,25.99,20.82,20.82
2024-07-15 14:00:00,44.29,27.02,44.29,32.98,27.02,27.02
2024-07-15 15:00:00,82.00,82.00,82.00,38.92,28.89,28.89
2024-07-15 16:00:00,114.35,114.35,114.35,45.00,29.90,29.90
2024-07-15 17:00:00,186.24,199.29,204.19,46.90,29.69,199.29
2024-07-15 18:00:00,214.24,224.96,224.96,47.11,28.88,219.56
2024-07-15 19:00:00,140.76,143.56,143.56,44.99,28.18,140.12
2024-07-15 20:00:00,92.48,92.48,92.48,42.91,27.27,90.26
2024-07-15 21:00:00,80.10,80.10,80.10,42.66,25.89,78.17
2024-07-15 22:00:00,76.59,76.59,76.59,39.73,24.89,60.78
2024-07-15 23:00:00,63.77,63.77,63.77,39.15,24.48,24.48
2024-07-16 00:00:00,52.49,52.49,52.49,38.28,24.38,24.38
2024-07-16 01:00:00,36.82,36.82,36.82,35.68,24.52,24.52
2024-07-16 02:00:00,38.16,38.16,38.16,36.92,24.78,24.78
2024-07-16 03:00:00,50.32,50.32,50.32,37.96,25.58,25.58
2024-07-16 04:00:00,71.28,71.28,80.35,38.19,27.25,27.25
2024-07-16 05:00:00,79.48,79.48,90.95,37.76,28.19,79.48
2024-07-16 06:00:00,76.17,76.17,84.31,38.06,27.96,27.96
2024-07-16 07:00:00,62.77,59.07,62.77,32.46,27.97,27.97
2024-07-16 08:00:00,21.49,25.19,21.49,29.39,25.19,25.19
2024-07-16 09:00:00,1.43,21.26,0.06,21.26,21.26,21.26
2024-07-16 10:00:00,2.03,15.84,-8.03,15.84,15.84,15.84
2024-07-16 11:00:00,13.20,13.59,-11.03,13.59,13.59,13.59
2024-07-16 12:00:00,4.06,4.06,-11.48,14.05,16.69,16.69
2024-07-16 13:00:00,1.47,2.90,-11.14,19.11,19.11,19.11
2024-07-16 14:00:00,-0.01,0.01,-2.30,23.82,23.82,23.82
2024-07-16 15:00:00,22.12,25.54,22.12,29.30,25.54,25.54
2024-07-16 16:00:00,63.02,59.60,63.02,34.91,28.95,59.60
2024-07-16 17:00:00,81.99,81.99,81.99,40.76,28.40,80.02
2024-07-16 18:00:00,121.60,121.60,121.60,40.18,27.38,118.68
2024-07-16 19:00:00,114.28,114.28,114.28,40.70,26.26,111.54
2024-07-16 20:00:00,105.81,105.81,105.81,38.60,25.28,103.27
2024-07-16 21:00:00,84.31,84.31,84.31,38.14,24.01,82.29
2024-07-16 22:00:00,87.40,87.40,87.40,39.60,21.00,85.31
2024-07-16 23:00:00,72.98,72.98,72.98,38.92,20.81,71.23
2024-07-17 00:00:00,72.82,72.82,72.82,38.23,20.55,71.07
2024-07-17 01:00:00,70.53,70.53,70.53,37.65,19.99,19.99
2024-07-17 02:00:00,71.05,71.05,71.05,37.17,19.43,19.43
2024-07-17 03:00:00,77.44,77.44,77.44,37.96,19.06,19.06
2024-07-17 04:00:00,90.05,90.05,90.05,38.25,20.62,20.62
2024-07-17 05:00:00,99.76,99.76,99.76,36.97,22.98,22.98
2024-07-17 06:00:00,105.70,105.70,105.70,37.70,23.59,23.59
2024-07-17 07:00:00,77.14,77.14,77.14,37.85,22.91,22.91
2024-07-17 08:00:00,58.19,58.19,58.19,39.49,20.51,20.51
2024-07-17 09:00:00,41.75,41.75,41.75,38.86,18.61,18.61
2024-07-17 10:00:00,32.59,32.59,32.59,31.80,19.32,19.32
2024-07-17 11:00:00,21.85,21.85,21.85,23.95,17.80,17.80
2024-07-17 12:00:00,10.80,10.80,10.80,12.28,10.54,10.54
2024-07-17 13:00:00,13.47,13.47,13.47,24.95,6.87,6.87
2024-07-17 14:00:00,38.88,38.88,38.88,31.74,8.72,8.72
2024-07-17 15:00:00,61.68,61.68,61.68,37.97,11.63,11.63
2024-07-17 16:00:00,82.93,82.93,82.93,36.37,12.44,12.44
2024-07-17 17:00:00,106.89,106.89,106.89,36.77,13.75,104.32
2024-07-17 18:00:00,131.92,131.92,187.95,38.73,13.84,131.92
2024-07-17 19:00:00,140.03,140.03,143.47,39.14,13.43,140.03
2024-07-17 20:00:00,114.91,114.91,114.91,38.56,14.46,112.15
2024-07-17 21:00:00,92.17,92.17,92.81,38.52,11.68,11.68
2024-07-17 22:00:00,67.91,67.91,89.97,35.70,5.49,5.49
2024-07-17 23:00:00,73.02,73.02,80.29,35.28,5.03,5.03
2024-07-18 00:00:00,66.17,66.17,79.05,35.04,4.91,4.91
2024-07-18 01:00:00,65.85,65.85,78.54,35.00,4.61,4.61
2024-07-18 02:00:00,62.59,62.59,79.27,35.07,4.85,4.85
2024-07-18 03:00:00,40.00,40.00,92.10,35.97,8.68,8.68
2024-07-18 04:00:00,87.18,87.18,120.88,37.30,11.16,11.16
2024-07-18 05:00:00,94.50,94.50,107.27,37.12,18.61,18.61
2024-07-18 06:00:00,67.87,67.87,96.74,37.12,19.53,19.53
2024-07-18 07:00:00,47.10,47.10,79.22,35.90,20.56,20.56
2024-07-18 08:00:00,36.30,36.30,63.84,35.24,20.42,20.42
2024-07-18 09:00:00,33.98,33.98,47.13,33.00,19.01,19.01
2024-07-18 10:00:00,33.95,33.95,35.01,32.96,18.43,18.43
2024-07-18 11:00:00,33.89,33.89,33.96,32.91,17.96,17.96
2024-07-18 12:00:00,34.10,34.10,37.01,33.11,17.52,17.52
2024-07-18 13:00:00,34.98,34.98,48.78,33.96,17.10,17.10
2024-07-18 14:00:00,26.42,26.42,67.56,34.98,18.51,18.51
2024-07-18 15:00:00,85.48,85.48,85.48,43.62,19.40,19.40
2024-07-18 16:00:00,92.00,92.00,92.00,43.56,20.56,20.56
2024-07-18 17:00:00,127.66,127.66,130.18,41.59,21.47,21.47
2024-07-18 18:00:00,185.38,185.38,227.60,41.38,20.00,20.00
2024-07-18 19:00:00,176.73,176.73,184.46,40.96,19.08,19.08
2024-07-18 20:00:00,119.54,119.54,119.54,40.77,15.80,15.80
2024-07-18 21:00:00,101.92,101.92,101.92,40.24,10.60,10.60
2024-07-18 22:00:00,90.11,90.11,90.11,37.40,10.15,10.15
2024-07-18 23:00:00,80.45,80.45,80.45,37.08,9.85,9.85
2024-07-19 00:00:00,79.91,79.91,79.91,36.95,9.01,9.01
2024-07-19 01:00:00,78.21,78.21,79.29,36.98,5.00,5.00
2024-07-19 02:00:00,81.28,81.28,83.38,37.01,5.03,5.03
2024-07-19 03:00:00,89.41,89.41,91.38,37.97,12.85,12.85
2024-07-19 04:00:00,110.89,110.89,115.60,38.67,19.09,19.09
2024-07-19 05:00:00,108.67,108.67,110.72,40.23,20.52,79.95
2024-07-19 06:00:00,98.40,98.40,98.40,38.41,21.32,96.04
2024-07-19 07:00:00,81.43,81.43,81.43,37.59,21.55,21.55
2024-07-19 08:00:00,70.00,70.00,70.00,36.98,20.30,20.30
2024-07-19 09:00:00,58.75,58.75,58.75,40.30,19.73,19.73
2024-07-19 10:00:00,44.34,44.34,44.34,40.84,20.30,20.30
2024-07-19 11:00:00,36.50,36.50,36.50,35.44,20.73,20.73
2024-07-19 12:00:00,36.20,36.20,36.20,35.15,20.97,20.97
2024-07-19 13:00:00,42.54,42.54,42.54,41.14,20.57,20.57
2024-07-19 14:00:00,63.79,63.79,63.79,41.75,20.67,20.67
2024-07-19 15:00:00,77.34,77.34,77.34,45.71,21.70,21.70
2024-07-19 16:00:00,91.61,91.61,91.61,44.76,22.38,89.41
2024-07-19 17:00:00,119.04,119.04,121.02,41.97,22.85,118.11
2024-07-19 18:00:00,182.08,182.08,190.46,41.26,21.27,182.08
2024-07-19 19:00:00,120.00,120.00,120.00,40.77,20.28,117.12
2024-07-19 20:00:00,106.86,106.86,106.86,40.22,19.06,56.34
2024-07-19 21:00:00,91.55,91.55,91.55,36.11,16.78,16.78
2024-07-19 22:00:00,94.73,94.73,94.73,38.44,12.98,12.98
2024-07-19 23:00:00,89.41,89.41,89.41,38.31,12.81,12.81
2024-07-20 00:00:00,88.25,88.25,88.25,34.95,13.46,13.46
2024-07-20 01:00:00,89.88,89.88,89.88,37.50,13.76,13.76
2024-07-20 02:00:00,94.24,94.24,94.24,37.60,15.12,15.12
2024-07-20 03:00:00,93.80,93.80,93.80,37.96,16.96,16.96
2024-07-20 04:00:00,89.15,89.15,91.49,38.68,19.44,19.44
2024-07-20 05:00:00,85.99,85.99,85.99,36.43,20.79,20.79
2024-07-20 06:00:00,68.20,68.20,68.20,36.93,23.08,23.08
2024-07-20 07:00:00,49.80,39.05,49.80,32.93,23.42,23.42
2024-07-20 08:00:00,5.15,15.90,5.15,23.52,15.90,15.90
2024-07-20 09:00:00,0.00,3.77,0.00,11.71,3.77,3.77
2024-07-20 10:00:00,-0.21,1.37,-4.65,1.37,1.37,1.37
2024-07-20 11:00:00,0.02,0.02,-4.29,0.02,0.02,0.02
2024-07-20 12:00:00,-0.25,0.44,-2.88,0.44,0.44,0.44
2024-07-20 13:00:00,-2.71,4.60,-2.71,10.60,4.60,4.60
2024-07-20 14:00:00,2.42,18.01,2.42,22.47,18.01,18.01
2024-07-20 15:00:00,52.29,36.70,52.29,31.36,25.25,28.18
2024-07-20 16:00:00,85.00,85.00,85.00,38.85,25.21,82.96
2024-07-20 17:00:00,109.56,109.56,109.56,37.87,25.21,106.93
2024-07-20 18:00:00,134.75,134.75,134.75,37.03,24.52,131.52
2024-07-20 19:00:00,108.81,108.81,108.81,36.40,23.77,106.20
2024-07-20 20:00:00,84.10,84.10,84.10,34.96,22.99,82.08
2024-07-20 21:00:00,74.51,74.51,74.51,33.98,21.51,72.72
2024-07-20 22:00:00,63.63,63.63,63.63,33.95,21.38,62.11
2024-07-20 23:00:00,56.30,56.30,56.30,33.86,20.79,54.95
2024-07-21 00:00:00,55.20,55.20,55.20,32.97,20.43,47.34
2024-07-21 01:00:00,60.38,60.38,60.38,32.93,20.08,20.08
2024-07-21 02:00:00,66.55,66.55,68.61,32.97,19.27,19.27
2024-07-21 03:00:00,75.24,75.24,75.24,32.97,20.30,20.30
2024-07-21 04:00:00,64.40,64.40,81.37,32.93,21.39,21.39
2024-07-21 05:00:00,56.53,56.53,60.31,33.96,22.65,22.65
2024-07-21 06:00:00,48.68,40.68,48.68,28.97,23.55,23.55
2024-07-21 07:00:00,10.57,18.57,10.57,20.43,18.57,18.57
2024-07-21 08:00:00,0.07,1.01,0.07,9.93,2.84,2.84
2024-07-21 09:00:00,0.03,0.03,0.01,0.62,0.62,0.62
2024-07-21 10:00:00,0.02,0.02,0.01,0.02,0.02,0.02
2024-07-21 11:00:00,-0.06,-0.06,-0.08,-0.06,-0.06,-0.06
2024-07-21 12:00:00,-0.18,-0.18,-0.21,2.03,2.03,2.03
2024-07-21 13:00:00,0.04,0.04,0.04,15.71,3.91,3.91
2024-07-21 14:00:00,0.11,18.68,0.11,26.62,18.68,18.68
2024-07-21 15:00:00,59.81,41.23,59.81,35.07,23.12,23.12
2024-07-21 16:00:00,80.45,80.45,94.27,44.05,23.12,80.45
2024-07-21 17:00:00,108.27,108.27,108.27,43.66,22.81,105.67
2024-07-21 18:00:00,112.73,112.73,127.68,43.94,22.16,112.73
2024-07-21 19:00:00,123.29,123.29,128.12,44.28,21.63,123.29
2024-07-21 20:00:00,109.17,109.17,111.85,41.07,20.45,109.17
2024-07-21 21:00:00,90.16,90.16,93.70,42.18,19.01,30.31
2024-07-21 22:00:00,120.84,120.84,122.10,41.64,20.05,20.05
2024-07-21 23:00:00,96.63,96.63,96.63,40.78,19.78,19.78
2024-07-22 00:00:00,86.88,86.88,86.88,40.50,19.55,19.55
2024-07-22 01:00:00,86.93,86.93,86.93,39.41,19.79,19.79
2024-07-22 02:00:00,81.84,81.84,86.14,38.81,20.17,20.17
2024-07-22 03:00:00,79.32,79.32,82.26,38.84,21.71,21.71
2024-07-22 04:00:00,108.71,108.71,119.48,39.25,23.67,23.67
2024-07-22 05:00:00,120.09,120.09,131.68,38.85,24.46,24.46
2024-07-22 06:00:00,114.28,114.28,126.05,39.34,24.96,33.61
2024-07-22 07:00:00,94.34,94.34,94.34,40.24,24.63,49.49
2024-07-22 08:00:00,63.43,63.43,75.14,38.86,24.54,63.43
2024-07-22 09:00:00,39.08,39.08,72.88,34.14,23.96,39.08
2024-07-22 10:00:00,25.61,25.61,66.22,29.97,23.97,25.61
2024-07-22 11:00:00,23.36,23.36,43.25,23.36,23.36,23.36
2024-07-22 12:00:00,19.41,19.41,19.41,19.41,19.41,19.41
2024-07-22 13:00:00,20.38,20.38,20.38,23.30,20.38,20.38
2024-07-22 14:00:00,22.82,22.82,48.46,35.62,22.82,22.82
2024-07-22 15:00:00,62.16,62.16,63.69,40.22,24.17,62.16
2024-07-22 16:00:00,80.91,80.91,81.15,43.10,24.95,79.20
2024-07-22 17:00:00,99.04,99.04,99.04,44.95,24.94,96.67
2024-07-22 18:00:00,139.87,139.87,186.24,45.75,24.00,139.87
2024-07-22 19:00:00,140.26,140.26,172.04,47.35,23.82,140.26
2024-07-22 20:00:00,111.04,111.04,111.04,46.83,22.50,108.37
2024-07-22 21:00:00,95.52,95.52,98.00,43.96,20.48,20.48
2024-07-22 22:00:00,82.85,82.85,83.39,43.16,19.08,19.08
2024-07-22 23:00:00,74.96,74.96,75.80,42.80,18.20,18.20
2024-07-23 00:00:00,73.39,73.39,76.70,42.75,18.15,18.15
2024-07-23 01:00:00,68.13,68.13,70.50,42.71,17.85,17.85
2024-07-23 02:00:00,70.56,70.56,73.83,42.71,17.55,17.55
2024-07-23 03:00:00,73.68,73.68,76.61,43.00,19.74,19.74
2024-07-23 04:00:00,99.90,99.90,106.73,44.05,21.90,21.90
2024-07-23 05:00:00,116.00,116.00,120.51,44.23,23.93,23.93
2024-07-23 06:00:00,110.45,110.45,115.21,43.50,24.51,24.51
2024-07-23 07:00:00,87.29,87.29,87.29,42.64,24.12,24.12
2024-07-23 08:00:00,68.87,68.87,68.87,41.09,23.35,23.35
2024-07-23 09:00:00,61.37,61.37,61.37,44.54,22.54,22.54
2024-07-23 10:00:00,43.42,43.42,43.42,42.08,21.59,21.59
2024-07-23 11:00:00,38.29,38.29,38.29,37.11,21.14,21.14
2024-07-23 12:00:00,36.01,36.01,36.01,34.97,21.29,21.29
2024-07-23 13:00:00,41.96,41.96,41.96,39.36,21.84,21.84
2024-07-23 14:00:00,64.86,64.86,64.86,41.29,22.90,22.90
2024-07-23 15:00:00,79.53,79.53,79.53,41.19,23.52,77.62
2024-07-23 16:00:00,79.92,79.92,79.92,41.33,23.99,78.00
2024-07-23 17:00:00,96.03,96.03,96.03,41.46,24.46,93.73
2024-07-23 18:00:00,116.93,116.93,118.52,40.44,23.72,115.67
2024-07-23 19:00:00,102.01,102.01,102.01,39.58,23.39,99.56
2024-07-23 20:00:00,99.23,99.23,99.23,37.14,22.55,96.85
2024-07-23 21:00:00,91.58,91.58,91.58,36.94,21.06,89.38
2024-07-23 22:00:00,83.55,83.55,83.55,36.98,20.20,79.45
2024-07-23 23:00:00,78.33,78.33,78.33,36.02,19.34,59.96
2024-07-24 00:00:00,72.56,72.56,72.56,35.74,19.00,59.97
2024-07-24 01:00:00,73.60,73.60,74.85,35.20,18.77,59.97
2024-07-24 02:00:00,56.78,56.78,74.99,34.99,18.85,56.78
2024-07-24 03:00:00,40.10,40.10,75.77,35.79,20.58,40.10
2024-07-24 04:00:00,43.35,43.35,103.07,36.08,22.04,43.35
2024-07-24 05:00:00,45.06,45.06,128.90,36.37,22.96,45.06
2024-07-24 06:00:00,57.51,57.51,99.19,34.99,24.00,57.51
2024-07-24 07:00:00,36.22,36.22,72.91,33.71,24.59,36.22
2024-07-24 08:00:00,25.00,25.00,54.90,28.55,24.77,25.00
2024-07-24 09:00:00,21.19,21.19,21.19,21.19,21.19,21.19
2024-07-24 10:00:00,1.58,1.58,1.58,15.51,15.51,15.51
2024-07-24 11:00:00,-0.15,0.00,-0.15,5.17,12.03,12.03
2024-07-24 12:00:00,-2.06,0.00,-2.06,5.68,11.20,11.20
2024-07-24 13:00:00,-1.96,-0.08,-1.96,15.29,15.29,15.29
2024-07-24 14:00:00,2.21,16.70,2.21,19.45,19.45,19.45
2024-07-24 15:00:00,39.27,24.78,39.27,28.35,24.78,24.78
2024-07-24 16:00:00,51.89,51.89,69.34,38.98,25.68,25.68
2024-07-24 17:00:00,89.60,89.60,95.90,42.43,25.92,25.92
2024-07-24 18:00:00,108.52,108.52,109.93,43.34,24.99,24.99
2024-07-24 19:00:00,118.11,118.11,121.82,44.37,24.19,24.19
2024-07-24 20:00:00,109.01,109.01,109.58,43.90,23.62,23.62
2024-07-24 21:00:00,84.65,84.65,95.03,43.62,22.21,22.21
2024-07-24 22:00:00,83.70,83.70,92.55,38.89,21.91,21.91
2024-07-24 23:00:00,77.50,77.50,87.20,39.44,21.54,21.54
2024-07-25 00:00:00,76.10,76.10,84.90,39.49,21.24,21.24
2024-07-25 01:00:00,79.92,79.92,79.92,39.98,21.08,21.08
2024-07-25 02:00:00,76.40,76.40,76.40,40.56,21.15,21.15
2024-07-25 03:00:00,92.53,92.53,92.53,42.52,21.04,21.04
2024-07-25 04:00:00,106.16,106.16,106.16,42.87,22.30,22.30
2024-07-25 05:00:00,109.03,109.03,116.86,42.81,24.06,24.06
2024-07-25 06:00:00,90.98,90.98,90.98,42.28,24.79,24.79
2024-07-25 07:00:00,71.98,71.98,71.98,40.76,25.15,25.15
2024-07-25 08:00:00,55.08,55.08,55.08,40.71,25.13,25.13
2024-07-25 09:00:00,36.95,36.95,36.95,38.05,24.34,24.34
2024-07-25 10:00:00,24.31,23.73,24.31,25.07,23.73,23.73
2024-07-25 11:00:00,17.36,17.94,17.36,17.94,17.94,17.94
2024-07-25 12:00:00,13.27,17.22,13.27,17.22,17.22,17.22
2024-07-25 13:00:00,26.20,22.25,26.20,33.36,22.25,22.25
2024-07-25 14:00:00,53.80,53.80,53.80,40.12,23.51,23.51
2024-07-25 15:00:00,80.00,80.00,80.00,42.80,23.99,23.99
2024-07-25 16:00:00,97.00,97.00,97.00,43.27,24.48,24.48
2024-07-25 17:00:00,119.90,126.93,126.93,43.12,24.79,123.89
2024-07-25 18:00:00,148.30,155.72,155.72,43.12,24.00,24.00
2024-07-25 19:00:00,129.97,131.61,131.61,43.14,23.32,23.32
2024-07-25 20:00:00,100.00,100.00,100.00,42.23,23.62,23.62
2024-07-25 21:00:00,84.95,84.95,84.95,40.70,21.67,21.67
2024-07-25 22:00:00,81.00,81.00,83.32,39.46,20.55,20.55
2024-07-25 23:00:00,73.50,73.50,73.90,38.95,19.92,19.92
2024-07-26 00:00:00,75.01,75.01,79.10,39.17,19.08,19.08
2024-07-26 01:00:00,77.30,77.30,81.61,39.41,18.92,18.92
2024-07-26 02:00:00,76.90,76.90,81.17,39.44,18.80,18.80
2024-07-26 03:00:00,79.99,79.99,83.21,40.03,18.92,18.92
2024-07-26 04:00:00,81.49,81.49,99.52,40.18,19.17,19.17
2024-07-26 05:00:00,106.66,106.66,116.56,42.45,20.07,20.07
2024-07-26 06:00:00,104.10,104.10,104.10,42.42,20.85,20.85
2024-07-26 07:00:00,96.83,96.83,96.83,42.17,20.80,20.80
2024-07-26 08:00:00,90.53,90.53,90.53,41.26,20.22,20.22
2024-07-26 09:00:00,81.35,81.35,81.35,43.13,19.08,19.08
2024-07-26 10:00:00,70.00,70.00,70.00,46.35,18.56,18.56
2024-07-26 11:00:00,63.12,63.12,63.12,49.78,18.77,18.77
2024-07-26 12:00:00,60.19,60.19,60.19,48.40,18.84,18.84
2024-07-26 13:00:00,68.14,68.14,68.14,47.84,19.23,19.23
2024-07-26 14:00:00,72.84,72.84,72.84,46.91,19.29,19.29
2024-07-26 15:00:00,88.52,88.52,88.52,48.03,20.40,82.88
2024-07-26 16:00:00,94.34,94.34,94.34,49.28,20.74,92.08
2024-07-26 17:00:00,107.79,107.79,107.79,49.70,20.93,105.21
2024-07-26 18:00:00,143.25,143.25,143.25,47.71,21.06,21.06
2024-07-26 19:00:00,139.00,139.00,139.00,47.69,20.58,20.58
2024-07-26 20:00:00,106.39,106.39,106.39,47.59,20.30,20.30
2024-07-26 21:00:00,97.91,97.91,97.91,46.95,18.94,18.94
2024-07-26 22:00:00,103.88,103.88,103.96,48.94,19.20,19.20
2024-07-26 23:00:00,103.03,103.03,103.41,48.49,18.99,18.99
2024-07-27 00:00:00,96.89,96.89,97.39,48.05,19.08,19.08
2024-07-27 01:00:00,95.15,95.15,95.25,47.67,19.39,19.39
2024-07-27 02:00:00,92.46,92.46,92.46,47.70,19.63,19.63
2024-07-27 03:00:00,90.19,90.19,90.51,48.53,19.79,19.79
2024-07-27 04:00:00,87.09,87.09,87.40,48.75,20.46,20.46
2024-07-27 05:00:00,82.41,82.41,82.75,49.93,20.97,20.97
2024-07-27 06:00:00,84.69,84.69,84.69,49.91,21.88,21.88
2024-07-27 07:00:00,67.67,67.67,67.67,49.99,22.48,22.48
2024-07-27 08:00:00,60.78,60.78,60.78,48.77,21.99,21.99
2024-07-27 09:00:00,39.90,39.90,39.90,41.14,21.55,21.55
2024-07-27 10:00:00,28.00,28.00,28.00,35.00,20.99,20.99
2024-07-27 11:00:00,17.80,17.80,17.80,18.37,17.37,17.37
2024-07-27 12:00:00,17.92,17.92,17.92,32.53,17.49,17.49
2024-07-27 13:00:00,35.02,35.02,35.02,40.00,20.24,20.24
2024-07-27 14:00:00,67.72,67.72,67.72,45.52,20.63,20.63
2024-07-27 15:00:00,87.06,87.06,94.73,56.54,20.98,20.98
2024-07-27 16:00:00,104.97,104.97,104.97,58.15,21.79,21.79
2024-07-27 17:00:00,115.66,116.69,116.69,55.42,22.54,113.89
2024-07-27 18:00:00,121.76,123.10,123.10,51.96,22.23,22.23
2024-07-27 19:00:00,121.82,121.82,121.82,51.93,21.77,21.77
2024-07-27 20:00:00,108.10,108.10,108.10,49.93,21.63,21.63
2024-07-27 21:00:00,97.94,97.94,97.94,49.68,20.16,20.16
2024-07-27 22:00:00,109.99,109.99,109.99,53.17,21.75,21.75
2024-07-27 23:00:00,95.11,95.11,95.11,50.41,21.32,21.32
2024-07-28 00:00:00,88.21,88.21,88.21,50.03,20.76,20.76
2024-07-28 01:00:00,81.53,81.53,81.53,50.00,19.60,19.60
2024-07-28 02:00:00,78.54,78.54,78.54,49.99,18.98,18.98
2024-07-28 03:00:00,79.26,79.26,79.26,49.93,19.90,19.90
2024-07-28 04:00:00,75.53,75.53,75.53,49.87,20.97,20.97
2024-07-28 05:00:00,72.61,72.61,72.61,44.11,21.68,21.68
2024-07-28 06:00:00,25.49,25.42,25.49,36.94,22.14,22.14
2024-07-28 07:00:00,4.92,4.99,4.92,19.01,4.99,4.99
2024-07-28 08:00:00,0.00,0.00,0.00,0.00,0.00,0.00
2024-07-28 09:00:00,-2.43,-2.43,-2.43,-2.43,-2.43,-2.43
2024-07-28 10:00:00,-15.04,-15.04,-16.63,-15.04,-15.04,-15.04
2024-07-28 11:00:00,-29.80,-29.80,-39.91,-29.80,-29.80,-29.80
2024-07-28 12:00:00,-48.69,-48.69,-48.69,-48.69,-48.69,-48.69
2024-07-28 13:00:00,-33.53,-33.53,-33.53,-33.53,-33.53,-33.53
2024-07-28 14:00:00,-13.28,-13.28,-13.77,-5.02,-13.28,-13.28
2024-07-28 15:00:00,-1.99,-0.26,-1.99,18.77,-0.26,-0.26
2024-07-28 16:00:00,24.33,4.97,40.87,37.27,4.97,4.97
2024-07-28 17:00:00,59.39,46.83,92.48,44.14,5.83,5.83
2024-07-28 18:00:00,78.87,78.87,111.85,45.46,4.97,4.97
2024-07-28 19:00:00,77.67,77.67,115.66,49.70,4.91,4.91
2024-07-28 20:00:00,78.98,78.98,104.95,48.15,2.68,2.68
2024-07-28 21:00:00,75.87,43.28,84.46,47.24,-0.10,-0.10
2024-07-28 22:00:00,68.83,51.21,79.59,44.96,-0.59,-0.59
2024-07-28 23:00:00,68.20,36.94,76.03,44.41,-0.92,-0.92
2024-07-29 00:00:00,69.16,69.16,72.25,44.37,-1.27,-1.27
2024-07-29 01:00:00,50.11,50.11,76.29,44.58,-1.57,-1.57
2024-07-29 02:00:00,51.57,51.57,80.00,44.98,-1.27,-1.27
2024-07-29 03:00:00,54.37,54.37,101.30,46.99,-0.81,-0.81
2024-07-29 04:00:00,80.86,80.86,135.00,47.00,-0.01,-0.01
2024-07-29 05:00:00,100.93,100.93,121.66,48.46,1.28,1.28
2024-07-29 06:00:00,98.46,98.46,98.46,50.69,0.42,0.42
2024-07-29 07:00:00,63.66,63.66,63.66,42.73,0.54,0.54
2024-07-29 08:00:00,10.58,10.58,10.58,35.81,-0.05,-0.05
2024-07-29 09:00:00,-0.16,-0.16,-0.16,20.97,-0.16,-0.16
2024-07-29 10:00:00,-0.19,-0.19,-0.19,4.18,-0.19,-0.19
2024-07-29 11:00:00,-1.70,-1.70,-1.70,-1.70,-1.70,-1.70
2024-07-29 12:00:00,-0.98,-0.98,-0.98,0.42,-0.98,-0.98
2024-07-29 13:00:00,-0.07,-0.07,-0.07,26.79,-0.07,-0.07
2024-07-29 14:00:00,13.74,13.74,13.74,40.97,4.96,4.96
2024-07-29 15:00:00,64.48,64.48,64.48,44.76,15.04,15.04
2024-07-29 16:00:00,96.91,96.91,96.91,55.68,16.61,16.61
2024-07-29 17:00:00,119.72,123.24,123.24,115.89,19.06,120.07
2024-07-29 18:00:00,172.20,178.07,178.07,64.09,18.27,154.84
2024-07-29 19:00:00,132.72,132.72,132.72,62.31,14.05,115.09
2024-07-29 20:00:00,107.80,107.80,107.80,55.22,8.54,105.22
2024-07-29 21:00:00,90.20,90.20,90.20,52.03,4.94,73.38
2024-07-29 22:00:00,78.01,78.01,78.01,50.27,4.92,8.01
2024-07-29 23:00:00,75.77,75.77,75.77,49.98,4.92,4.92
2024-07-30 00:00:00,79.27,79.27,79.27,49.94,4.92,4.92
2024-07-30 01:00:00,83.73,83.73,83.73,49.92,4.94,4.94
2024-07-30 02:00:00,88.59,88.59,88.59,49.64,4.98,4.98
2024-07-30 03:00:00,100.24,100.24,101.85,49.99,14.03,14.03
2024-07-30 04:00:00,115.64,115.64,115.64,51.35,15.60,79.90
2024-07-30 05:00:00,113.48,113.48,113.48,54.31,21.96,110.76
2024-07-30 06:00:00,99.65,99.65,99.65,50.00,23.21,97.26
2024-07-30 07:00:00,67.78,67.78,67.78,43.96,23.43,66.16
2024-07-30 08:00:00,37.52,37.52,37.52,39.93,20.00,36.62
2024-07-30 09:00:00,7.84,7.84,7.84,27.57,7.84,7.84
2024-07-30 10:00:00,1.09,1.09,1.09,1.12,1.09,1.09
2024-07-30 11:00:00,0.01,0.01,-0.04,0.01,0.01,0.01
2024-07-30 12:00:00,-0.06,0.26,-0.06,1.00,0.85,0.85
2024-07-30 13:00:00,13.25,12.93,13.25,35.63,12.93,12.93
2024-07-30 14:00:00,40.68,40.68,40.68,42.52,20.08,20.08
2024-07-30 15:00:00,78.10,78.10,78.10,49.55,19.60,39.93
2024-07-30 16:00:00,103.40,103.40,103.40,98.92,21.30,100.92
2024-07-30 17:00:00,126.76,129.44,129.44,123.08,22.19,126.33
2024-07-30 18:00:00,170.04,177.13,177.13,159.41,20.94,172.88
2024-07-30 19:00:00,147.67,147.67,147.67,140.00,18.08,144.13
2024-07-30 20:00:00,114.98,114.98,114.98,64.19,15.18,30.31
2024-07-30 21:00:00,99.04,99.04,99.04,51.94,9.99,9.99
2024-07-30 22:00:00,98.85,98.85,98.85,55.40,12.36,12.36
2024-07-30 23:00:00,87.29,87.29,87.29,54.91,8.00,8.00
2024-07-31 00:00:00,85.19,85.19,85.19,54.64,4.98,4.98
2024-07-31 01:00:00,82.90,82.90,82.90,54.78,4.98,4.98
2024-07-31 02:00:00,85.10,85.10,90.60,54.91,4.94,4.94
2024-07-31 03:00:00,94.12,94.12,102.39,55.06,4.95,4.95
2024-07-31 04:00:00,105.05,105.05,112.51,60.29,11.58,11.58
2024-07-31 05:00:00,109.68,110.14,110.14,68.74,15.49,15.49
2024-07-31 06:00:00,95.26,95.26,95.26,64.21,16.96,16.96
2024-07-31 07:00:00,78.83,78.83,79.02,56.40,13.75,13.75
2024-07-31 08:00:00,55.89,55.89,55.89,48.08,10.15,10.15
2024-07-31 09:00:00,33.46,33.46,33.46,39.46,5.51,5.51
2024-07-31 10:00:00,21.75,21.75,21.75,23.59,13.17,13.17
2024-07-31 11:00:00,11.36,11.36,11.36,11.73,9.65,9.65
2024-07-31 12:00:00,17.53,17.53,17.53,20.11,4.96,4.96
2024-07-31 13:00:00,31.74,31.74,31.74,36.99,4.94,4.94
2024-07-31 14:00:00,34.26,34.26,46.09,46.41,4.91,4.91
2024-07-31 15:00:00,75.80,75.80,75.85,51.20,4.91,4.91
2024-07-31 16:00:00,95.89,95.89,99.16,51.79,4.99,4.99
2024-07-31 17:00:00,114.62,115.39,115.39,52.68,4.97,39.92
2024-07-31 18:00:00,133.63,136.15,136.15,52.33,4.89,42.72
2024-07-31 19:00:00,112.64,116.19,116.19,51.80,3.76,44.89
2024-07-31 20:00:00,104.51,104.51,104.51,51.34,2.05,12.69
2024-07-31 21:00:00,96.49,96.49,96.49,51.32,-0.01,-0.01
2024-07-31 22:00:00,96.45,96.45,96.45,54.51,1.09,1.09
2024-07-31 23:00:00,92.40,92.40,92.40,54.26,0.00,0.00
2024-08-01 00:00:00,86.85,86.85,86.85,53.70,-0.01,-0.01
2024-08-01 01:00:00,84.11,84.11,84.11,54.44,-0.01,-0.01
2024-08-01 02:00:00,86.10,86.10,93.08,54.59,0.00,0.00
2024-08-01 03:00:00,99.10,99.10,112.71,54.74,2.34,2.34
2024-08-01 04:00:00,114.22,134.39,134.39,55.93,4.18,79.95
2024-08-01 05:00:00,106.99,109.52,109.52,55.51,4.99,106.89
2024-08-01 06:00:00,105.95,105.95,105.95,56.71,11.69,103.40
2024-08-01 07:00:00,90.10,90.10,90.10,55.31,12.68,87.94
2024-08-01 08:00:00,76.95,76.95,76.95,57.68,11.85,69.05
2024-08-01 09:00:00,67.64,67.64,67.64,58.32,11.18,44.23
2024-08-01 10:00:00,64.03,64.03,64.03,61.88,5.07,5.07
2024-08-01 11:00:00,60.38,60.38,60.38,58.51,4.99,4.99
2024-08-01 12:00:00,62.13,62.13,62.39,60.14,5.19,5.19
2024-08-01 13:00:00,70.55,70.55,71.22,61.46,8.04,8.04
2024-08-01 14:00:00,74.24,74.24,77.39,59.18,10.72,37.12
2024-08-01 15:00:00,93.78,95.16,95.16,59.90,12.37,88.37
2024-08-01 16:00:00,102.60,102.83,102.83,59.16,12.30,100.36
2024-08-01 17:00:00,112.50,112.50,112.50,63.02,12.22,109.80
2024-08-01 18:00:00,138.07,138.07,138.07,59.92,10.95,134.76
2024-08-01 19:00:00,124.03,124.03,124.03,59.92,6.03,121.05
2024-08-01 20:00:00,112.94,112.94,112.94,58.35,7.07,110.23
2024-08-01 21:00:00,105.70,105.70,105.70,55.81,4.98,103.16
2024-08-01 22:00:00,93.93,93.93,93.93,60.07,4.22,91.67
2024-08-01 23:00:00,89.17,89.17,89.17,59.97,3.36,87.03
2024-08-02 00:00:00,88.11,88.11,88.11,59.61,2.71,85.99
2024-08-02 01:00:00,82.97,82.97,82.97,59.66,2.63,74.86
2024-08-02 02:00:00,86.95,86.95,86.95,59.81,3.54,79.18
2024-08-02 03:00:00,94.44,94.44,96.61,59.98,4.93,90.25
2024-08-02 04:00:00,109.51,109.51,110.75,59.40,7.45,108.09
2024-08-02 05:00:00,119.79,121.38,121.38,60.20,12.57,118.47
2024-08-02 06:00:00,113.19,113.19,113.19,61.11,18.00,110.47
2024-08-02 07:00:00,104.42,104.42,104.42,61.52,19.20,101.92
2024-08-02 08:00:00,91.68,91.68,91.68,61.26,19.19,89.48
2024-08-02 09:00:00,77.69,77.69,77.69,61.28,19.30,75.82
2024-08-02 10:00:00,73.58,73.58,73.58,61.09,14.34,71.81
2024-08-02 11:00:00,61.94,61.94,61.94,59.92,14.94,60.46
2024-08-02 12:00:00,53.44,53.44,53.44,51.89,14.82,52.15
2024-08-02 13:00:00,50.58,50.58,50.58,52.40,17.23,49.37
2024-08-02 14:00:00,65.42,65.42,65.42,60.00,19.70,63.85
2024-08-02 15:00:00,77.69,77.69,77.69,61.19,23.36,23.36
2024-08-02 16:00:00,99.90,102.22,102.22,62.65,23.53,23.53
2024-08-02 17:00:00,128.49,128.49,128.49,63.25,23.64,23.64
2024-08-02 18:00:00,146.19,146.19,146.19,62.20,23.02,23.02
2024-08-02 19:00:00,121.66,121.66,121.66,61.85,22.09,22.09
2024-08-02 20:00:00,114.42,114.42,114.42,60.80,19.96,19.96
2024-08-02 21:00:00,99.01,99.01,99.01,60.10,13.76,13.76
2024-08-02 22:00:00,102.65,102.65,102.65,61.03,14.98,14.98
2024-08-02 23:00:00,99.14,99.14,99.14,60.95,14.24,14.24
2024-08-03 00:00:00,93.30,93.30,93.30,61.23,13.51,13.51
2024-08-03 01:00:00,89.10,89.10,89.10,61.22,13.08,13.08
2024-08-03 02:00:00,86.31,86.31,86.31,61.19,12.46,12.46
2024-08-03 03:00:00,92.10,92.10,94.88,61.18,13.75,13.75
2024-08-03 04:00:00,99.90,99.90,103.74,60.86,15.97,15.97
2024-08-03 05:00:00,95.51,95.51,95.51,60.66,18.65,18.65
2024-08-03 06:00:00,84.50,84.50,84.50,60.33,19.58,19.58
2024-08-03 07:00:00,66.06,66.06,66.06,53.56,20.24,20.24
2024-08-03 08:00:00,32.44,32.44,32.44,47.40,19.98,19.98
2024-08-03 09:00:00,20.36,20.36,20.36,32.75,19.87,19.87
2024-08-03 10:00:00,14.66,14.66,14.66,15.15,14.66,14.66
2024-08-03 11:00:00,6.41,6.41,6.41,6.61,6.41,6.41
2024-08-03 12:00:00,4.10,4.10,4.10,4.24,4.10,4.10
2024-08-03 13:00:00,12.38,13.25,12.38,37.65,13.25,13.25
2024-08-03 14:00:00,32.44,31.57,32.44,48.82,22.23,22.23
2024-08-03 15:00:00,73.61,73.61,73.61,59.66,23.75,39.93
2024-08-03 16:00:00,103.55,103.55,103.55,61.26,23.22,79.99
2024-08-03 17:00:00,110.02,110.02,110.02,61.69,23.03,107.38
2024-08-03 18:00:00,119.90,124.64,124.64,61.93,22.90,22.90
2024-08-03 19:00:00,130.85,136.64,136.64,61.87,22.23,22.23
2024-08-03 20:00:00,119.20,119.20,119.20,61.61,21.01,21.01
2024-08-03 21:00:00,101.30,101.30,101.30,61.08,19.31,19.31
2024-08-03 22:00:00,110.21,110.21,110.21,61.09,19.41,19.41
2024-08-03 23:00:00,101.34,101.34,101.34,60.91,18.65,18.65
2024-08-04 00:00:00,96.90,96.90,96.90,60.84,18.43,18.43
2024-08-04 01:00:00,92.68,92.68,92.68,60.72,18.03,18.03
2024-08-04 02:00:00,88.57,88.57,90.21,60.66,17.29,17.29
2024-08-04 03:00:00,83.00,83.00,83.00,60.79,17.01,17.01
2024-08-04 04:00:00,77.70,77.70,77.70,60.73,19.57,19.57
2024-08-04 05:00:00,73.20,73.20,73.20,58.86,20.78,20.78
2024-08-04 06:00:00,63.93,63.93,63.93,46.36,22.25,22.25
2024-08-04 07:00:00,28.11,20.93,28.11,38.75,20.93,20.93
2024-08-04 08:00:00,8.05,15.23,8.05,18.21,15.23,15.23
2024-08-04 09:00:00,2.05,2.94,2.05,4.97,4.97,4.97
2024-08-04 10:00:00,0.06,1.05,0.06,4.26,4.26,4.26
2024-08-04 11:00:00,-0.04,-0.02,-0.04,-0.02,-0.02,-0.02
2024-08-04 12:00:00,-2.14,-1.08,-2.16,1.92,1.92,1.92
2024-08-04 13:00:00,-0.01,-0.01,-0.01,4.98,4.98,4.98
2024-08-04 14:00:00,1.00,2.99,1.00,16.54,15.85,15.85
2024-08-04 15:00:00,22.46,21.92,22.46,38.79,21.92,21.92
2024-08-04 16:00:00,65.20,65.20,73.17,46.85,25.88,25.88
2024-08-04 17:00:00,86.40,86.40,105.66,58.92,25.76,25.76
2024-08-04 18:00:00,89.18,89.18,119.92,60.47,25.12,25.12
2024-08-04 19:00:00,94.90,94.90,124.99,60.37,24.91,24.91
2024-08-04 20:00:00,90.20,90.20,112.94,60.33,24.02,24.02
2024-08-04 21:00:00,66.32,66.32,104.83,58.94,22.58,22.58
2024-08-04 22:00:00,47.70,47.70,103.08,49.92,23.19,23.19
2024-08-04 23:00:00,45.93,45.93,85.32,44.60,21.94,21.94
2024-08-05 00:00:00,43.43,43.43,82.30,42.17,20.79,20.79
2024-08-05 01:00:00,44.36,44.36,85.35,43.07,20.97,20.97
2024-08-05 02:00:00,47.07,47.07,83.59,45.71,21.44,21.44
2024-08-05 03:00:00,75.58,75.58,97.24,47.74,23.58,23.58
2024-08-05 04:00:00,118.98,118.98,118.98,51.50,24.08,118.98
2024-08-05 05:00:00,136.75,136.75,136.75,55.33,25.96,136.75
2024-08-05 06:00:00,113.97,113.97,113.97,60.87,27.32,113.97
2024-08-05 07:00:00,102.83,102.83,102.83,61.42,27.62,102.83
2024-08-05 08:00:00,74.50,74.50,74.50,61.13,27.92,74.50
2024-08-05 09:00:00,64.30,64.30,64.30,61.50,27.67,64.30
2024-08-05 10:00:00,57.12,57.12,57.12,55.35,27.60,57.12
2024-08-05 11:00:00,42.05,42.05,42.05,41.88,27.01,42.05
2024-08-05 12:00:00,36.35,36.35,36.35,39.90,26.51,36.35
2024-08-05 13:00:00,51.43,51.43,51.43,52.82,25.88,51.43
2024-08-05 14:00:00,70.10,70.10,70.10,60.57,26.00,70.10
2024-08-05 15:00:00,85.40,85.40,85.40,60.86,26.00,85.40
2024-08-05 16:00:00,108.97,108.97,108.97,61.34,26.65,108.97
2024-08-05 17:00:00,152.76,152.76,152.76,61.77,26.00,152.76
2024-08-05 18:00:00,250.01,250.01,250.01,61.66,25.75,250.01
2024-08-05 19:00:00,170.93,170.93,170.93,61.58,25.20,170.93
2024-08-05 20:00:00,120.30,120.30,120.30,61.11,24.54,120.30
2024-08-05 21:00:00,102.92,102.92,102.92,60.62,21.05,102.92
2024-08-05 22:00:00,103.09,103.09,103.09,58.52,19.25,103.09
2024-08-05 23:00:00,95.57,95.57,95.57,57.65,17.99,95.57
2024-08-06 00:00:00,89.24,89.24,89.24,56.67,17.74,89.24
2024-08-06 01:00:00,85.24,85.24,85.24,55.73,17.59,85.24
2024-08-06 02:00:00,85.76,85.76,85.76,54.71,17.81,85.76
2024-08-06 03:00:00,95.77,95.77,95.77,55.97,19.72,95.77
2024-08-06 04:00:00,123.86,123.86,123.86,55.94,22.87,123.86
2024-08-06 05:00:00,126.04,126.04,126.04,53.44,25.39,126.04
2024-08-06 06:00:00,85.29,85.29,85.29,53.45,26.25,85.29
2024-08-06 07:00:00,74.51,74.51,74.51,48.09,27.53,74.51
2024-08-06 08:00:00,36.04,35.22,36.04,44.36,28.17,35.22
2024-08-06 09:00:00,21.43,22.75,21.43,24.48,22.75,22.75
2024-08-06 10:00:00,15.86,15.86,15.86,20.30,17.47,17.47
2024-08-06 11:00:00,2.95,4.49,2.95,16.33,16.33,16.33
2024-08-06 12:00:00,4.79,8.78,4.79,20.43,16.53,16.53
2024-08-06 13:00:00,19.44,19.92,19.44,31.10,19.92,19.92
2024-08-06 14:00:00,39.71,39.23,39.71,43.42,27.51,39.23
2024-08-06 15:00:00,82.19,82.19,82.19,47.95,28.04,82.18
2024-08-06 16:00:00,106.29,106.29,106.29,57.54,27.67,106.29
2024-08-06 17:00:00,174.58,174.58,174.58,58.75,26.00,174.58
2024-08-06 18:00:00,230.85,230.85,230.85,58.41,25.48,230.85
2024-08-06 19:00:00,170.45,170.45,170.45,58.02,24.65,170.45
2024-08-06 20:00:00,118.54,118.54,118.54,54.47,21.58,118.54
2024-08-06 21:00:00,100.03,100.03,100.03,51.84,17.46,100.03
2024-08-06 22:00:00,91.39,91.39,91.39,49.67,14.04,89.20
2024-08-06 23:00:00,83.24,83.24,83.24,48.89,12.40,81.24
2024-08-07 00:00:00,79.29,79.29,79.29,48.72,11.94,77.38
2024-08-07 01:00:00,83.24,83.24,83.24,48.66,11.88,81.24
2024-08-07 02:00:00,86.43,86.43,86.43,46.87,12.43,84.36
2024-08-07 03:00:00,104.36,104.36,104.36,44.29,14.88,101.86
2024-08-07 04:00:00,126.07,126.07,126.07,48.66,17.03,126.07
2024-08-07 05:00:00,127.98,127.98,127.98,49.40,20.58,127.98
2024-08-07 06:00:00,109.06,109.06,109.06,50.87,22.96,109.06
2024-08-07 07:00:00,88.91,88.91,88.91,48.96,23.20,88.91
2024-08-07 08:00:00,73.56,73.56,73.56,45.63,22.21,73.56
2024-08-07 09:00:00,62.49,62.49,62.49,43.91,22.38,62.49
2024-08-07 10:00:00,42.14,42.14,42.14,40.84,21.57,42.14
2024-08-07 11:00:00,35.05,35.05,35.05,35.32,20.37,34.21
2024-08-07 12:00:00,51.19,51.19,51.19,48.25,19.61,49.96
2024-08-07 13:00:00,69.28,69.28,69.28,47.14,18.10,67.62
2024-08-07 14:00:00,85.74,85.74,85.74,48.72,18.10,85.25
2024-08-07 15:00:00,105.20,105.20,105.20,47.93,17.39,105.20
2024-08-07 16:00:00,106.41,106.41,106.41,51.48,19.90,106.41
2024-08-07 17:00:00,119.75,119.75,119.75,57.06,17.88,119.75
2024-08-07 18:00:00,149.28,149.28,149.28,57.14,14.72,149.28
2024-08-07 19:00:00,134.25,134.25,134.25,56.21,12.14,134.25
2024-08-07 20:00:00,112.74,112.74,112.74,56.63,8.89,110.04
2024-08-07 21:00:00,102.78,102.78,102.78,56.12,4.93,100.32
2024-08-07 22:00:00,96.43,96.43,96.43,51.53,2.90,94.12
2024-08-07 23:00:00,88.06,88.06,88.06,47.70,2.59,85.95
2024-08-08 00:00:00,87.36,87.36,87.36,45.55,2.58,85.26
2024-08-08 01:00:00,88.06,88.06,88.06,43.52,2.61,85.95
2024-08-08 02:00:00,88.27,88.27,88.27,45.32,2.97,86.15
2024-08-08 03:00:00,96.11,96.11,96.11,49.43,4.87,93.81
2024-08-08 04:00:00,110.93,110.93,110.93,56.02,8.60,110.93
2024-08-08 05:00:00,124.93,124.93,124.93,56.25,14.72,124.93
2024-08-08 06:00:00,114.41,114.41,114.41,55.96,16.42,114.41
2024-08-08 07:00:00,106.84,106.84,106.84,49.96,16.24,106.84
2024-08-08 08:00:00,86.10,86.10,86.10,49.83,14.46,86.10
2024-08-08 09:00:00,71.60,71.60,71.60,56.18,11.52,71.60
2024-08-08 10:00:00,56.90,57.09,57.09,51.08,11.15,57.09
2024-08-08 11:00:00,40.49,40.49,40.49,43.47,9.23,40.49
2024-08-08 12:00:00,32.18,32.18,32.18,31.26,7.45,32.18
2024-08-08 13:00:00,40.24,40.24,40.24,43.82,8.00,40.24
2024-08-08 14:00:00,57.45,57.81,57.81,51.04,7.94,57.81
2024-08-08 15:00:00,80.52,80.52,80.52,56.44,9.69,80.52
2024-08-08 16:00:00,101.92,101.92,101.92,56.69,11.37,101.92
2024-08-08 17:00:00,138.49,138.49,138.49,57.17,10.24,138.49
2024-08-08 18:00:00,197.31,197.31,197.31,57.22,6.57,197.31
2024-08-08 19:00:00,135.00,135.00,135.00,57.06,4.69,135.00
2024-08-08 20:00:00,102.00,102.00,102.00,56.71,3.04,102.00
2024-08-08 21:00:00,93.56,93.56,93.56,49.92,0.00,91.31
2024-08-08 22:00:00,98.12,101.22,103.71,48.04,2.82,101.22
2024-08-08 23:00:00,73.76,81.91,83.92,42.73,2.45,81.91
2024-08-09 00:00:00,32.46,65.73,67.34,31.52,2.61,65.73
2024-08-09 01:00:00,21.15,62.76,64.30,20.10,2.67,62.76
2024-08-09 02:00:00,10.99,52.03,53.31,10.99,3.23,52.03
2024-08-09 03:00:00,4.21,38.85,64.36,4.21,4.21,38.85
2024-08-09 04:00:00,13.03,78.08,80.00,12.65,7.54,78.08
2024-08-09 05:00:00,16.81,86.29,88.41,16.33,16.33,86.29
2024-08-09 06:00:00,21.31,57.97,59.40,20.29,17.34,57.97
2024-08-09 07:00:00,29.15,29.15,31.31,20.04,17.26,29.15
2024-08-09 08:00:00,8.98,8.76,8.98,16.31,8.76,8.76
2024-08-09 09:00:00,0.60,2.98,0.60,3.88,2.98,2.98
2024-08-09 10:00:00,-0.03,0.05,-0.03,0.05,0.05,0.05
2024-08-09 11:00:00,-0.16,-0.16,-0.16,-0.16,-0.16,-0.16
2024-08-09 12:00:00,-0.80,-0.80,-0.80,-0.83,-0.80,-0.80
2024-08-09 13:00:00,-0.11,-0.11,-0.11,-0.11,-0.11,-0.11
2024-08-09 14:00:00,-0.01,-0.01,-0.01,-0.01,-0.01,-0.01
2024-08-09 15:00:00,2.55,2.62,2.55,2.63,2.62,2.62
2024-08-09 16:00:00,16.16,16.10,41.78,16.65,4.89,4.89
2024-08-09 17:00:00,25.27,25.27,81.04,26.03,4.06,4.06
2024-08-09 18:00:00,29.16,29.16,124.97,30.03,3.35,3.35
2024-08-09 19:00:00,27.58,27.58,118.05,28.40,1.64,1.64
2024-08-09 20:00:00,26.00,26.00,113.46,26.78,-0.06,-0.06
2024-08-09 21:00:00,30.41,30.41,93.23,31.32,-1.28,-1.28
2024-08-09 22:00:00,20.06,20.06,85.09,33.77,-0.81,-0.81
2024-08-09 23:00:00,23.12,23.12,92.13,23.81,-0.89,-0.89
2024-08-10 00:00:00,15.76,15.76,87.28,16.23,-0.87,-0.87
2024-08-10 01:00:00,9.53,9.53,84.67,9.81,-0.90,-0.90
2024-08-10 02:00:00,8.98,8.98,82.93,9.25,-1.00,-1.00
2024-08-10 03:00:00,8.59,8.59,85.52,8.85,-1.00,-1.00
2024-08-10 04:00:00,11.77,11.77,88.68,12.12,-0.82,-0.82
2024-08-10 05:00:00,16.03,16.03,76.01,16.51,-0.51,-0.51
2024-08-10 06:00:00,15.01,15.01,31.86,15.46,-0.15,-0.15
2024-08-10 07:00:00,0.20,0.20,0.20,0.12,-0.70,-0.70
2024-08-10 08:00:00,-3.00,-3.00,-3.00,-3.00,-3.00,-3.00
2024-08-10 09:00:00,-12.20,-12.20,-12.20,-12.20,-12.20,-12.20
2024-08-10 10:00:00,-22.49,-22.49,-22.49,-22.49,-22.49,-22.49
2024-08-10 11:00:00,-40.77,-40.77,-40.77,-40.77,-40.77,-40.77
2024-08-10 12:00:00,-40.09,-40.09,-40.09,-40.09,-40.09,-40.09
2024-08-10 13:00:00,-29.67,-29.67,-29.67,-29.67,-29.67,-29.67
2024-08-10 14:00:00,-8.20,-8.13,-8.20,-1.89,-8.13,-8.13
2024-08-10 15:00:00,0.07,0.00,0.07,1.94,0.00,0.00
2024-08-10 16:00:00,11.81,11.81,48.84,21.80,2.51,2.51
2024-08-10 17:00:00,20.08,20.08,106.55,21.35,2.90,2.90
2024-08-10 18:00:00,42.84,42.84,125.43,34.95,2.90,2.90
2024-08-10 19:00:00,39.86,39.86,133.00,40.35,2.94,2.94
2024-08-10 20:00:00,48.45,48.45,117.85,42.48,2.19,2.19
2024-08-10 21:00:00,42.97,42.97,106.64,41.72,0.43,0.43
2024-08-10 22:00:00,46.30,46.30,106.71,44.96,0.00,0.00
2024-08-10 23:00:00,44.76,40.86,104.17,43.46,-0.01,-0.01
2024-08-11 00:00:00,44.09,16.91,99.96,42.82,-0.01,-0.01
2024-08-11 01:00:00,45.37,16.90,95.14,44.05,-0.01,-0.01
2024-08-11 02:00:00,45.34,16.76,96.49,44.02,-0.01,-0.01
2024-08-11 03:00:00,45.91,17.01,114.97,44.57,-0.01,-0.01
2024-08-11 04:00:00,48.94,17.79,106.44,46.45,-0.01,-0.01
2024-08-11 05:00:00,69.73,3.00,71.02,44.00,0.47,0.47
2024-08-11 06:00:00,27.80,2.97,27.80,37.51,0.89,0.89
2024-08-11 07:00:00,0.00,0.00,0.00,9.95,0.00,0.00
2024-08-11 08:00:00,-5.01,-5.00,-5.01,-0.88,-5.00,-5.00
2024-08-11 09:00:00,-14.99,-14.99,-14.99,-14.99,-14.99,-14.99
2024-08-11 10:00:00,-32.04,-32.04,-32.04,-32.04,-32.04,-32.04
2024-08-11 11:00:00,-59.96,-59.96,-59.96,-59.96,-59.96,-59.96
2024-08-11 12:00:00,-50.09,-39.94,-50.09,-39.94,-39.94,-39.94
2024-08-11 13:00:00,-31.42,-24.53,-31.42,-0.07,-24.53,-24.53
2024-08-11 14:00:00,-4.97,-4.31,-4.97,22.55,-4.31,-4.31
2024-08-11 15:00:00,1.46,0.79,1.46,41.99,0.01,0.01
2024-08-11 16:00:00,88.14,88.14,88.14,44.31,2.76,2.76
2024-08-11 17:00:00,128.80,128.80,128.80,54.50,3.00,3.00
2024-08-11 18:00:00,137.18,137.18,137.18,55.06,2.90,2.90
2024-08-11 19:00:00,126.15,126.15,126.15,55.06,2.91,2.91
2024-08-11 20:00:00,109.99,109.99,109.99,54.57,2.42,2.42
2024-08-11 21:00:00,97.28,97.28,97.28,54.39,0.69,0.69
2024-08-11 22:00:00,104.98,104.98,104.98,51.61,0.49,0.49
2024-08-11 23:00:00,94.62,94.62,94.62,46.28,0.41,0.41
2024-08-12 00:00:00,85.30,85.30,85.30,43.52,0.36,0.36
2024-08-12 01:00:00,86.60,86.60,86.60,42.57,0.64,0.64
2024-08-12 02:00:00,88.85,88.85,88.85,40.66,2.06,2.06
2024-08-12 03:00:00,114.54,114.54,114.54,28.75,3.04,3.04
2024-08-12 04:00:00,153.82,153.82,153.82,39.93,6.78,6.78
2024-08-12 05:00:00,153.82,153.82,153.82,45.54,13.49,13.49
2024-08-12 06:00:00,115.25,115.25,115.25,48.54,18.71,18.71
2024-08-12 07:00:00,69.90,69.90,69.90,49.40,15.36,68.22
2024-08-12 08:00:00,40.12,40.12,40.12,41.96,14.90,39.16
2024-08-12 09:00:00,16.04,16.04,16.04,15.75,14.49,15.66
2024-08-12 10:00:00,10.06,10.06,10.06,11.19,10.06,10.06
2024-08-12 11:00:00,6.98,6.98,6.98,7.21,6.98,6.98
2024-08-12 12:00:00,13.80,13.80,13.80,27.00,13.47,13.47
2024-08-12 13:00:00,27.87,27.87,27.87,42.93,14.76,14.76
2024-08-12 14:00:00,48.65,48.65,48.65,45.94,17.93,47.49
2024-08-12 15:00:00,89.29,89.29,89.29,53.62,20.07,87.14
2024-08-12 16:00:00,122.78,122.78,122.78,67.55,22.22,119.84
2024-08-12 17:00:00,206.02,206.02,206.02,192.61,22.94,201.08
2024-08-12 18:00:00,224.84,224.84,224.84,62.37,20.46,219.45
2024-08-12 19:00:00,128.34,128.34,128.34,53.36,18.00,125.26
2024-08-12 20:00:00,106.88,106.88,106.88,52.23,16.43,79.93
2024-08-12 21:00:00,100.05,100.05,100.05,50.62,13.96,13.96
2024-08-12 22:00:00,99.38,99.38,99.64,51.17,15.68,15.68
2024-08-12 23:00:00,87.72,87.72,87.91,49.42,15.78,15.78
2024-08-13 00:00:00,81.25,81.25,86.60,48.66,15.98,15.98
2024-08-13 01:00:00,67.43,67.43,84.79,47.85,16.59,16.59
2024-08-13 02:00:00,67.43,67.43,84.76,47.34,17.45,17.45
2024-08-13 03:00:00,86.11,86.11,101.37,47.25,18.98,18.98
2024-08-13 04:00:00,124.21,124.21,125.66,48.44,20.71,20.71
2024-08-13 05:00:00,116.59,116.59,133.71,47.57,25.69,99.62
2024-08-13 06:00:00,106.41,115.07,117.89,49.03,25.98,115.07
2024-08-13 07:00:00,68.01,68.01,87.81,47.99,25.91,25.91
2024-08-13 08:00:00,55.28,67.42,66.67,49.90,23.09,23.09
2024-08-13 09:00:00,47.07,55.94,55.94,48.84,20.47,20.47
2024-08-13 10:00:00,43.01,43.01,43.01,42.41,18.40,18.40
2024-08-13 11:00:00,40.37,40.37,40.37,40.12,17.93,17.93
2024-08-13 12:00:00,47.86,47.86,47.96,45.55,18.72,18.72
2024-08-13 13:00:00,38.21,38.21,64.15,48.72,21.19,21.19
2024-08-13 14:00:00,63.03,63.03,86.00,49.59,23.31,33.40
2024-08-13 15:00:00,105.00,105.00,105.00,52.48,23.34,87.61
2024-08-13 16:00:00,118.30,118.30,121.04,52.84,23.83,118.13
2024-08-13 17:00:00,189.46,189.46,202.72,52.98,21.99,189.46
2024-08-13 18:00:00,192.84,192.84,205.35,52.47,20.80,20.80
2024-08-13 19:00:00,127.22,127.22,128.90,50.93,18.08,18.08
2024-08-13 20:00:00,111.48,111.48,111.48,49.47,18.40,18.40
2024-08-13 21:00:00,104.92,104.92,104.99,49.96,14.96,14.96
2024-08-13 22:00:00,87.73,87.73,87.73,47.79,17.30,17.30
2024-08-13 23:00:00,90.05,90.05,90.79,51.73,16.60,16.60
2024-08-14 00:00:00,86.60,86.60,87.73,54.06,15.33,15.33
2024-08-14 01:00:00,90.30,90.30,93.40,54.11,15.01,15.01
2024-08-14 02:00:00,93.60,93.60,93.60,54.80,15.46,15.46
2024-08-14 03:00:00,107.10,107.10,107.10,55.04,16.22,16.22
2024-08-14 04:00:00,129.74,129.74,129.74,55.19,16.37,16.37
2024-08-14 05:00:00,136.62,136.62,136.62,55.21,17.30,17.30
2024-08-14 06:00:00,120.96,120.96,120.96,55.32,19.69,118.06
2024-08-14 07:00:00,108.79,108.79,108.79,54.95,20.86,20.86
2024-08-14 08:00:00,83.08,64.85,83.08,54.90,20.31,20.31
2024-08-14 09:00:00,77.24,64.76,77.24,55.05,17.97,17.97
2024-08-14 10:00:00,72.85,35.87,72.85,55.19,17.46,17.46
2024-08-14 11:00:00,75.38,26.32,75.38,55.64,16.96,16.96
2024-08-14 12:00:00,74.71,16.77,74.71,55.91,16.77,16.77
2024-08-14 13:00:00,81.74,81.74,81.74,57.07,16.83,16.83
2024-08-14 14:00:00,94.36,94.36,94.36,55.99,17.00,17.00
2024-08-14 15:00:00,105.59,105.59,105.59,57.28,18.96,18.96
2024-08-14 16:00:00,111.48,111.48,111.48,59.62,20.94,108.80
2024-08-14 17:00:00,161.41,161.41,161.41,57.09,19.88,157.54
2024-08-14 18:00:00,218.92,218.92,218.92,55.93,17.97,200.00
2024-08-14 19:00:00,148.70,148.70,148.70,58.01,16.98,16.98
2024-08-14 20:00:00,120.43,120.43,120.43,55.90,18.70,18.70
2024-08-14 21:00:00,109.95,109.95,109.95,55.80,15.15,15.15
2024-08-14 22:00:00,110.33,110.33,110.33,57.47,7.80,7.80
2024-08-14 23:00:00,109.66,109.66,109.66,57.16,5.86,5.86
2024-08-15 00:00:00,105.30,105.30,105.30,56.69,4.20,4.20
2024-08-15 01:00:00,94.74,94.74,94.74,54.92,3.90,3.90
2024-08-15 02:00:00,96.02,96.02,96.02,48.20,4.12,4.12
2024-08-15 03:00:00,108.91,108.91,108.91,48.05,7.00,7.00
2024-08-15 04:00:00,119.75,119.75,119.75,56.09,9.19,108.32
2024-08-15 05:00:00,120.71,120.71,120.71,56.68,15.27,116.05
2024-08-15 06:00:00,114.97,114.97,114.97,57.91,19.96,112.21
2024-08-15 07:00:00,91.12,91.12,91.12,56.63,19.94,88.93
2024-08-15 08:00:00,59.10,59.10,59.10,47.99,19.03,33.12
2024-08-15 09:00:00,19.94,19.94,19.94,39.90,15.18,15.18
2024-08-15 10:00:00,9.86,9.86,9.86,15.11,9.86,9.86
2024-08-15 11:00:00,0.01,4.19,0.01,9.94,4.19,4.19
2024-08-15 12:00:00,-0.04,3.18,-0.04,10.01,3.18,3.18
2024-08-15 13:00:00,4.25,4.36,4.25,15.80,4.36,4.36
2024-08-15 14:00:00,33.41,33.31,33.41,40.88,12.27,32.61
2024-08-15 15:00:00,77.26,77.26,77.26,44.98,12.14,12.14
2024-08-15 16:00:00,119.93,119.93,119.93,51.96,11.76,117.05
2024-08-15 17:00:00,142.51,142.51,142.51,56.09,8.95,139.09
2024-08-15 18:00:00,160.30,160.30,160.30,56.16,5.04,156.46
2024-08-15 19:00:00,121.47,140.84,140.84,56.32,4.18,137.46
2024-08-15 20:00:00,111.40,118.87,118.87,55.56,1.82,116.02
2024-08-15 21:00:00,93.54,93.54,94.94,56.06,-0.07,92.67
2024-08-15 22:00:00,81.31,85.34,108.97,56.18,-0.01,85.34
2024-08-15 23:00:00,73.11,73.11,86.78,55.61,-0.11,73.11
2024-08-16 00:00:00,82.80,82.80,85.58,54.94,-0.58,2.79
2024-08-16 01:00:00,78.56,78.56,85.83,55.22,-0.80,0.84
2024-08-16 02:00:00,87.76,87.76,87.76,50.05,-0.15,0.85
2024-08-16 03:00:00,92.05,92.05,92.05,56.31,-0.01,79.34
2024-08-16 04:00:00,128.42,128.42,128.42,56.66,0.01,125.34
2024-08-16 05:00:00,134.91,134.91,134.91,56.78,3.08,131.67
2024-08-16 06:00:00,124.83,124.83,124.83,56.24,6.15,121.83
2024-08-16 07:00:00,100.95,100.95,100.95,55.71,7.89,98.53
2024-08-16 08:00:00,76.15,76.15,76.15,55.06,9.78,74.32
2024-08-16 09:00:00,59.83,59.83,59.83,56.54,10.81,56.32
2024-08-16 10:00:00,50.68,50.68,50.68,49.21,11.81,25.14
2024-08-16 11:00:00,49.93,49.93,49.93,48.49,11.84,11.84
2024-08-16 12:00:00,47.57,47.57,47.57,46.19,10.88,10.88
2024-08-16 13:00:00,54.40,55.16,55.16,52.52,11.87,53.84
2024-08-16 14:00:00,82.67,82.67,82.67,53.43,11.07,77.11
2024-08-16 15:00:00,103.76,103.76,103.76,56.89,13.33,101.27
2024-08-16 16:00:00,134.92,134.92,134.92,56.90,14.35,131.68
2024-08-16 17:00:00,230.52,230.52,230.52,57.04,14.85,224.99
2024-08-16 18:00:00,243.12,243.12,243.12,57.01,14.88,237.29
2024-08-16 19:00:00,171.83,171.83,171.83,56.95,14.39,167.71
2024-08-16 20:00:00,134.54,134.54,134.54,56.51,13.66,131.31
2024-08-16 21:00:00,116.17,116.17,116.17,56.40,11.32,113.38
2024-08-16 22:00:00,107.11,107.11,107.11,54.75,11.77,104.54
2024-08-16 23:00:00,109.26,109.26,109.26,54.42,9.60,106.63
2024-08-17 00:00:00,103.13,103.13,103.13,54.30,8.06,100.65
2024-08-17 01:00:00,101.82,101.82,101.82,54.23,7.93,99.38
2024-08-17 02:00:00,110.59,110.59,110.59,54.23,7.71,107.94
2024-08-17 03:00:00,110.84,110.84,110.84,54.17,7.98,108.18
2024-08-17 04:00:00,106.70,106.70,106.70,54.24,8.38,104.14
2024-08-17 05:00:00,103.97,103.97,103.97,54.36,10.11,101.48
2024-08-17 06:00:00,103.43,103.43,103.43,54.59,11.89,100.95
2024-08-17 07:00:00,84.00,84.00,84.00,54.39,12.41,81.98
2024-08-17 08:00:00,69.49,69.49,69.49,52.99,11.96,67.82
2024-08-17 09:00:00,54.16,54.16,54.28,52.59,11.08,52.97
2024-08-17 10:00:00,46.83,46.83,46.93,45.48,10.13,10.13
2024-08-17 11:00:00,40.63,40.63,40.71,39.45,9.57,9.57
2024-08-17 12:00:00,39.35,39.35,39.43,38.21,9.49,9.49
2024-08-17 13:00:00,39.56,39.56,39.56,43.03,10.45,10.45
2024-08-17 14:00:00,58.88,58.88,59.09,52.56,12.37,12.37
2024-08-17 15:00:00,88.40,88.40,88.40,54.63,14.21,86.28
2024-08-17 16:00:00,119.68,119.68,119.68,55.05,14.06,116.81
2024-08-17 17:00:00,140.56,140.56,140.56,55.03,14.35,137.18
2024-08-17 18:00:00,149.18,149.18,149.18,55.02,14.37,145.60
2024-08-17 19:00:00,126.98,126.98,126.98,54.99,14.18,123.93
2024-08-17 20:00:00,116.70,116.70,116.70,54.82,13.77,113.90
2024-08-17 21:00:00,105.82,105.82,105.82,54.71,11.92,103.28
2024-08-17 22:00:00,111.82,111.82,111.82,53.14,8.98,109.14
2024-08-17 23:00:00,112.80,112.80,112.80,53.05,8.23,110.10
2024-08-18 00:00:00,106.17,106.17,106.17,52.87,9.20,103.62
2024-08-18 01:00:00,106.22,106.22,106.22,52.73,9.99,103.68
2024-08-18 02:00:00,104.75,104.75,104.75,52.14,10.15,102.24
2024-08-18 03:00:00,104.97,104.97,104.97,45.12,10.27,102.45
2024-08-18 04:00:00,99.53,99.53,99.53,52.44,10.00,97.14
2024-08-18 05:00:00,95.20,95.20,95.20,49.98,10.29,92.91
2024-08-18 06:00:00,88.20,88.20,88.20,52.18,10.87,86.08
2024-08-18 07:00:00,82.32,82.32,82.32,43.20,10.88,80.34
2024-08-18 08:00:00,72.12,72.12,72.12,39.97,10.63,69.71
2024-08-18 09:00:00,72.52,72.52,72.52,39.87,10.00,69.04
2024-08-18 10:00:00,66.03,66.03,66.03,37.15,10.00,64.01
2024-08-18 11:00:00,33.64,33.64,33.64,28.43,10.07,32.60
2024-08-18 12:00:00,17.72,17.72,17.72,17.17,9.53,16.86
2024-08-18 13:00:00,37.54,51.28,51.28,36.45,9.72,50.05
2024-08-18 14:00:00,43.63,69.78,69.86,39.99,10.19,68.19
2024-08-18 15:00:00,82.39,82.39,82.39,42.66,10.46,80.41
2024-08-18 16:00:00,83.96,93.85,93.85,46.23,10.67,91.60
2024-08-18 17:00:00,104.78,109.93,109.93,52.67,10.69,107.29
2024-08-18 18:00:00,111.88,115.68,115.68,52.85,9.02,112.90
2024-08-18 19:00:00,109.83,109.83,109.83,52.88,6.76,107.19
2024-08-18 20:00:00,111.40,111.40,111.40,52.56,4.90,108.72
2024-08-18 21:00:00,99.45,99.45,99.45,52.13,3.08,97.06
2024-08-18 22:00:00,97.39,97.39,97.39,54.12,3.23,95.05
2024-08-18 23:00:00,90.10,90.10,90.10,49.99,3.69,87.94
2024-08-19 00:00:00,88.70,88.70,88.70,49.73,3.52,86.57
2024-08-19 01:00:00,84.86,84.86,84.86,51.88,3.49,52.07
2024-08-19 02:00:00,84.50,84.50,84.50,54.13,3.49,52.07
2024-08-19 03:00:00,87.97,87.97,87.97,54.61,5.00,5.00
2024-08-19 04:00:00,129.00,129.00,129.00,55.05,5.34,5.34
2024-08-19 05:00:00,152.33,152.33,152.33,55.11,10.31,10.31
2024-08-19 06:00:00,129.60,129.60,129.60,55.31,11.98,11.98
2024-08-19 07:00:00,112.58,112.58,112.58,54.69,9.47,9.47
2024-08-19 08:00:00,96.90,96.90,96.90,54.97,7.22,7.22
2024-08-19 09:00:00,89.74,89.74,89.74,55.15,5.91,5.91
2024-08-19 10:00:00,84.38,84.38,84.38,55.16,6.90,6.90
2024-08-19 11:00:00,78.87,78.87,78.87,55.29,6.21,6.21
2024-08-19 12:00:00,80.21,80.21,80.21,55.09,6.46,6.46
2024-08-19 13:00:00,79.20,79.90,79.90,54.95,7.63,7.63
2024-08-19 14:00:00,84.05,84.05,84.05,54.77,9.97,9.97
2024-08-19 15:00:00,100.70,100.70,100.70,55.06,12.06,12.06
2024-08-19 16:00:00,113.97,113.97,113.97,55.10,13.36,111.24
2024-08-19 17:00:00,200.00,200.00,200.00,55.39,13.97,200.00
2024-08-19 18:00:00,203.83,203.83,203.83,55.27,12.67,203.83
2024-08-19 19:00:00,140.11,140.11,140.11,54.93,11.90,140.11
2024-08-19 20:00:00,100.82,100.82,100.82,54.47,9.91,100.82
2024-08-19 21:00:00,86.20,86.20,86.20,52.91,7.28,84.13
2024-08-19 22:00:00,92.86,92.86,93.60,49.98,4.22,91.36
2024-08-19 23:00:00,69.12,87.40,89.55,41.35,3.89,87.40
2024-08-20 00:00:00,40.64,83.11,88.50,39.47,3.80,83.11
2024-08-20 01:00:00,40.57,72.54,89.31,39.39,3.79,72.54
2024-08-20 02:00:00,37.97,69.81,86.19,33.08,3.99,69.81
2024-08-20 03:00:00,38.37,83.00,89.97,37.26,4.14,83.00
2024-08-20 04:00:00,53.93,69.78,123.06,49.20,5.18,5.18
2024-08-20 05:00:00,79.85,79.85,133.23,49.92,7.48,7.48
2024-08-20 06:00:00,108.20,108.20,122.97,54.04,8.91,8.91
2024-08-20 07:00:00,102.24,102.24,103.09,54.12,8.97,8.97
2024-08-20 08:00:00,60.58,60.58,75.01,54.29,7.71,7.71
2024-08-20 09:00:00,46.91,46.91,50.13,43.64,6.97,6.97
2024-08-20 10:00:00,32.85,32.85,37.69,36.52,7.39,7.39
2024-08-20 11:00:00,18.22,18.22,18.22,17.69,5.78,5.78
2024-08-20 12:00:00,20.08,20.08,20.36,19.50,5.33,5.33
2024-08-20 13:00:00,22.43,22.43,48.90,21.78,4.96,4.96
2024-08-20 14:00:00,34.91,34.91,82.15,42.26,5.24,5.24
2024-08-20 15:00:00,94.24,94.24,104.50,54.91,6.57,6.57
2024-08-20 16:00:00,118.07,118.07,118.07,64.99,7.00,7.00
2024-08-20 17:00:00,123.66,123.66,158.81,119.70,6.54,6.54
2024-08-20 18:00:00,145.08,145.08,154.71,94.04,5.06,5.06
2024-08-20 19:00:00,120.00,120.00,120.89,116.16,3.56,3.56
2024-08-20 20:00:00,103.42,103.42,103.82,64.94,2.68,2.68
2024-08-20 21:00:00,94.69,94.69,97.96,55.76,0.01,0.01
2024-08-20 22:00:00,87.36,87.36,87.36,57.34,-0.11,-0.11
2024-08-20 23:00:00,76.40,76.40,82.00,55.43,-0.57,-0.57
2024-08-21 00:00:00,62.28,62.28,65.93,42.78,-0.80,-0.80
2024-08-21 01:00:00,51.22,51.22,56.09,39.92,-0.81,-0.81
2024-08-21 02:00:00,36.00,36.00,60.42,20.39,-0.59,-0.59
2024-08-21 03:00:00,37.72,37.72,59.95,36.63,0.00,0.00
2024-08-21 04:00:00,44.15,44.15,81.30,42.87,2.23,2.23
2024-08-21 05:00:00,50.10,50.10,85.92,48.65,5.00,27.59
2024-08-21 06:00:00,77.95,77.95,87.38,57.31,8.35,77.95
2024-08-21 07:00:00,46.60,43.82,53.16,41.76,8.36,43.82
2024-08-21 08:00:00,0.16,2.95,0.16,2.95,2.95,2.95
2024-08-21 09:00:00,-4.95,1.54,-4.95,1.86,1.86,1.86
2024-08-21 10:00:00,-7.54,-0.78,-13.01,0.43,0.43,0.43
2024-08-21 11:00:00,-4.02,-2.02,-20.32,0.00,0.00,0.00
2024-08-21 12:00:00,-3.36,-2.31,-21.28,-0.07,-0.07,-0.07
2024-08-21 13:00:00,-5.35,-2.02,-16.05,-0.01,-0.01,-0.01
2024-08-21 14:00:00,-12.64,1.05,-12.64,1.40,1.40,1.40
2024-08-21 15:00:00,2.01,3.96,2.01,3.96,3.96,3.96
2024-08-21 16:00:00,62.60,51.63,67.26,43.76,8.58,8.58
2024-08-21 17:00:00,66.03,66.03,101.89,56.83,7.40,7.40
2024-08-21 18:00:00,58.39,58.39,140.35,56.69,5.31,5.31
2024-08-21 19:00:00,58.61,58.61,130.96,56.91,4.42,4.42
2024-08-21 20:00:00,77.78,53.03,103.42,56.44,3.94,3.94
2024-08-21 21:00:00,63.53,19.23,85.65,56.34,3.32,3.32
2024-08-21 22:00:00,20.00,20.00,78.94,43.29,2.44,2.44
2024-08-21 23:00:00,34.12,28.85,73.04,33.13,2.34,2.34
2024-08-22 00:00:00,26.04,26.04,80.46,25.29,2.11,2.11
2024-08-22 01:00:00,20.50,20.50,80.17,19.91,2.20,2.20
2024-08-22 02:00:00,16.05,16.05,70.23,12.68,2.69,2.69
2024-08-22 03:00:00,11.11,11.11,85.42,3.07,3.07,3.07
2024-08-22 04:00:00,21.21,21.21,99.95,4.92,4.92,4.92
2024-08-22 05:00:00,18.91,18.91,129.46,11.07,11.07,11.07
2024-08-22 06:00:00,31.10,31.10,113.05,15.37,15.37,15.37
2024-08-22 07:00:00,14.89,14.89,73.10,13.94,13.94,13.94
2024-08-22 08:00:00,7.84,7.84,14.80,6.99,7.84,7.84
2024-08-22 09:00:00,0.00,3.79,0.00,3.79,3.79,3.79
2024-08-22 10:00:00,-0.38,2.80,-0.38,1.14,2.80,2.80
2024-08-22 11:00:00,-2.56,1.61,-2.56,-0.61,2.48,2.48
2024-08-22 12:00:00,-1.51,1.59,-1.51,-0.07,1.59,1.59
2024-08-22 13:00:00,-4.35,1.15,-4.35,1.15,1.15,1.15
2024-08-22 14:00:00,-0.09,3.73,-0.09,3.73,3.73,3.73
2024-08-22 15:00:00,19.39,15.58,24.89,16.15,8.35,8.35
2024-08-22 16:00:00,53.65,53.65,89.46,44.15,7.56,7.56
2024-08-22 17:00:00,58.00,58.00,112.74,56.12,5.55,5.55
2024-08-22 18:00:00,66.59,66.59,111.50,58.12,4.84,4.84
2024-08-22 19:00:00,59.98,59.98,109.99,58.24,3.57,3.57
2024-08-22 20:00:00,56.62,56.62,95.48,54.97,2.35,2.35
2024-08-22 21:00:00,56.62,56.62,79.22,54.97,0.00,0.00
2024-08-22 22:00:00,25.10,25.10,51.90,46.14,-1.07,-1.07
2024-08-22 23:00:00,39.93,39.93,45.87,38.77,-1.09,-1.09
2024-08-23 00:00:00,33.02,33.02,38.51,32.06,-1.00,-1.00
2024-08-23 01:00:00,17.00,17.00,26.36,16.51,-0.81,-0.81
2024-08-23 02:00:00,9.40,9.40,26.48,9.13,-0.16,-0.16
2024-08-23 03:00:00,6.85,6.85,30.59,6.65,0.00,0.00
2024-08-23 04:00:00,15.01,15.01,64.22,14.57,2.18,2.18
2024-08-23 05:00:00,25.28,25.28,60.63,24.55,3.97,3.97
2024-08-23 06:00:00,27.19,27.19,43.64,24.97,4.72,4.72
2024-08-23 07:00:00,4.06,3.71,4.06,4.06,3.71,3.71
2024-08-23 08:00:00,-0.01,1.22,-0.01,1.22,1.22,1.22
2024-08-23 09:00:00,-0.09,0.01,-3.97,0.01,0.01,0.01
2024-08-23 10:00:00,-0.08,-0.07,-9.54,-0.07,-0.07,-0.07
2024-08-23 11:00:00,-0.80,-0.80,-15.32,-0.80,-0.80,-0.80
2024-08-23 12:00:00,-2.12,-1.76,-16.55,-1.76,-1.76,-1.76
2024-08-23 13:00:00,-2.13,-0.81,-10.15,-0.81,-0.81,-0.81
2024-08-23 14:00:00,-4.13,0.32,-9.18,0.32,0.32,0.32
2024-08-23 15:00:00,-0.03,2.64,-0.03,2.64,2.64,2.64
2024-08-23 16:00:00,18.60,15.94,50.20,11.92,3.56,3.56
2024-08-23 17:00:00,10.38,10.38,99.53,10.69,2.65,2.65
2024-08-23 18:00:00,14.81,14.81,118.57,15.25,0.62,0.62
2024-08-23 19:00:00,18.52,18.52,123.15,17.99,-0.05,-0.05
2024-08-23 20:00:00,26.78,26.78,119.54,33.59,-1.36,-1.36
2024-08-23 21:00:00,48.61,48.61,100.50,39.63,-3.01,-3.01
2024-08-23 22:00:00,94.40,94.40,110.45,45.04,-7.60,-7.60
2024-08-23 23:00:00,79.22,79.22,103.78,55.58,-9.99,-9.99
2024-08-24 00:00:00,78.25,78.25,100.42,54.99,-9.99,-9.99
2024-08-24 01:00:00,72.53,72.53,100.28,54.98,-9.99,-9.99
2024-08-24 02:00:00,78.23,78.23,100.90,54.94,-9.37,-9.37
2024-08-24 03:00:00,102.81,102.81,105.40,50.42,-7.60,-7.60
2024-08-24 04:00:00,99.90,99.90,101.02,45.67,-6.01,-6.01
2024-08-24 05:00:00,99.07,99.07,102.23,42.47,-3.59,-3.59
2024-08-24 06:00:00,76.22,76.22,76.22,43.27,-3.00,-3.00
2024-08-24 07:00:00,15.00,15.00,15.00,19.99,-2.41,-2.41
2024-08-24 08:00:00,-0.03,-0.85,-0.03,1.23,-2.04,-2.04
2024-08-24 09:00:00,-6.85,-6.04,-6.85,-0.03,-6.04,-6.04
2024-08-24 10:00:00,-12.35,-11.75,-18.68,-2.55,-11.75,-11.75
2024-08-24 11:00:00,-9.39,-9.99,-40.09,-5.09,-9.99,-9.99
2024-08-24 12:00:00,-8.16,-8.16,-44.18,-5.09,-8.16,-8.16
2024-08-24 13:00:00,-9.37,-9.37,-27.64,-1.50,-9.37,-9.37
2024-08-24 14:00:00,-8.15,-4.45,-8.15,1.00,-4.45,-4.45
2024-08-24 15:00:00,-0.99,-0.97,-0.99,19.95,-0.97,-0.97
2024-08-24 16:00:00,67.99,67.96,71.68,25.06,0.00,0.00
2024-08-24 17:00:00,90.20,90.20,91.52,49.04,0.00,0.00
2024-08-24 18:00:00,80.08,80.08,80.08,47.18,-0.01,-0.01
2024-08-24 19:00:00,68.91,68.91,68.91,45.76,-0.16,-0.16
2024-08-24 20:00:00,64.14,64.14,64.14,44.63,-1.19,-1.19
2024-08-24 21:00:00,49.39,3.00,50.00,43.76,-2.01,-2.01
2024-08-24 22:00:00,0.37,0.37,0.37,1.12,-1.55,-1.55
2024-08-24 23:00:00,-0.02,-0.02,-0.02,-0.02,-1.99,-1.99
2024-08-25 00:00:00,-0.34,-0.34,-0.34,-0.33,-2.02,-2.02
2024-08-25 01:00:00,-1.00,-1.00,-1.00,-1.00,-1.75,-1.75
2024-08-25 02:00:00,-0.89,-0.89,-0.89,-0.92,-1.75,-1.75
2024-08-25 03:00:00,-0.42,-0.42,-0.42,-0.43,-1.75,-1.75
2024-08-25 04:00:00,-0.05,-0.05,-0.05,-0.05,-1.29,-1.29
2024-08-25 05:00:00,-0.01,-0.01,-0.01,-0.01,-0.90,-0.90
2024-08-25 06:00:00,-0.01,-0.01,-0.01,-0.06,-0.90,-0.90
2024-08-25 07:00:00,-1.39,-1.39,-1.39,-1.54,-1.54,-1.54
2024-08-25 08:00:00,-6.07,-6.07,-6.07,-6.07,-6.07,-6.07
2024-08-25 09:00:00,-10.10,-10.10,-10.10,-10.10,-10.10,-10.10
2024-08-25 10:00:00,-15.50,-15.50,-15.50,-15.50,-15.50,-15.50
2024-08-25 11:00:00,-20.01,-20.01,-20.01,-20.01,-20.01,-20.01
2024-08-25 12:00:00,-19.83,-19.83,-19.83,-19.83,-19.83,-19.83
2024-08-25 13:00:00,-10.15,-10.15,-10.15,-10.15,-10.15,-10.15
2024-08-25 14:00:00,-5.01,-5.01,-5.01,-0.05,-5.01,-5.01
2024-08-25 15:00:00,1.00,1.00,1.00,5.12,-2.45,-2.45
2024-08-25 16:00:00,42.29,42.29,87.04,31.25,-1.10,-1.10
2024-08-25 17:00:00,97.92,97.92,110.00,43.87,-0.82,-0.82
2024-08-25 18:00:00,119.45,119.45,119.45,46.89,-0.56,-0.56
2024-08-25 19:00:00,105.49,105.49,105.49,46.73,-0.51,-0.51
2024-08-25 20:00:00,99.70,99.70,99.70,40.36,-0.92,-0.92
2024-08-25 21:00:00,92.48,92.48,92.48,37.32,-1.62,-1.62
2024-08-25 22:00:00,19.63,50.66,92.75,24.57,-1.99,-1.99
2024-08-25 23:00:00,7.03,22.93,85.65,6.83,-1.99,-1.99
2024-08-26 00:00:00,2.77,2.93,80.94,2.69,-1.75,-1.75
2024-08-26 01:00:00,1.41,1.41,83.36,1.37,-1.54,-1.54
2024-08-26 02:00:00,1.16,1.16,82.43,1.13,-1.01,-1.01
2024-08-26 03:00:00,1.93,1.93,83.48,1.87,-0.58,-0.58
2024-08-26 04:00:00,24.64,113.11,113.11,23.92,0.00,0.00
2024-08-26 05:00:00,28.07,153.69,153.69,27.26,1.30,1.30
2024-08-26 06:00:00,30.98,130.97,130.97,30.08,1.97,1.97
2024-08-26 07:00:00,30.00,98.93,98.93,29.13,0.44,0.44
2024-08-26 08:00:00,25.01,54.87,77.00,24.29,-0.01,-0.01
2024-08-26 09:00:00,13.38,4.21,65.31,13.00,-0.59,-0.59
2024-08-26 10:00:00,4.98,2.97,23.07,4.84,-0.81,-0.81
2024-08-26 11:00:00,5.00,2.98,17.55,4.85,-0.92,-0.92
2024-08-26 12:00:00,16.29,7.02,42.88,15.81,-1.01,-1.01
2024-08-26 13:00:00,24.39,62.98,71.05,23.69,-1.00,-1.00
2024-08-26 14:00:00,37.28,88.00,88.00,36.95,-0.81,-0.81
2024-08-26 15:00:00,98.85,99.47,99.47,52.64,-0.10,-0.10
2024-08-26 16:00:00,114.09,116.82,116.82,56.25,-0.01,-0.01
2024-08-26 17:00:00,186.00,190.31,190.31,56.32,0.00,0.00
2024-08-26 18:00:00,224.28,231.06,231.06,56.43,0.00,0.00
2024-08-26 19:00:00,142.49,143.82,143.82,56.49,0.00,0.00
2024-08-26 20:00:00,110.86,110.86,110.86,56.11,-0.10,-0.10
2024-08-26 21:00:00,106.60,107.54,107.54,55.66,-0.90,-0.90
2024-08-26 22:00:00,98.41,98.41,98.41,52.36,-1.22,-1.22
2024-08-26 23:00:00,89.86,89.91,89.91,49.96,-1.34,-1.34
2024-08-27 00:00:00,85.30,86.45,86.45,48.45,-1.02,-1.02
2024-08-27 01:00:00,85.30,87.30,87.30,39.96,-0.80,-0.80
2024-08-27 02:00:00,86.00,89.10,89.10,36.64,-0.05,-0.05
2024-08-27 03:00:00,96.20,100.16,100.16,36.22,0.09,0.09
2024-08-27 04:00:00,125.76,125.76,125.76,47.94,1.95,1.95
2024-08-27 05:00:00,137.99,137.99,137.99,47.98,3.68,134.67
2024-08-27 06:00:00,111.07,116.01,116.01,44.14,4.93,113.23
2024-08-27 07:00:00,83.98,89.94,89.94,43.95,4.58,87.78
2024-08-27 08:00:00,72.32,73.72,73.72,42.63,4.41,71.95
2024-08-27 09:00:00,28.37,29.13,29.13,28.22,4.10,28.43
2024-08-27 10:00:00,4.01,5.07,5.07,4.87,3.90,4.94
2024-08-27 11:00:00,1.18,1.18,1.18,1.18,1.18,1.18
2024-08-27 12:00:00,2.33,2.33,2.33,2.28,2.28,2.28
2024-08-27 13:00:00,23.12,23.45,23.45,22.72,3.08,5.00
2024-08-27 14:00:00,45.40,52.50,52.50,39.99,3.60,51.24
2024-08-27 15:00:00,88.71,88.71,88.71,44.41,4.18,86.58
2024-08-27 16:00:00,116.06,116.06,116.06,44.16,4.58,113.27
2024-08-27 17:00:00,225.00,232.25,232.25,44.81,4.21,226.68
2024-08-27 18:00:00,212.20,217.92,217.92,44.16,3.31,212.69
2024-08-27 19:00:00,120.52,120.52,120.52,44.90,2.52,117.62
2024-08-27 20:00:00,105.21,105.21,105.21,43.87,1.11,100.91
2024-08-27 21:00:00,92.47,92.47,92.47,44.91,0.00,87.73
2024-08-27 22:00:00,90.47,90.47,90.47,41.62,-0.11,-0.11
2024-08-27 23:00:00,91.31,91.31,91.31,39.87,-0.56,-0.56
2024-08-28 00:00:00,87.48,87.48,87.48,39.01,-0.80,-0.80
2024-08-28 01:00:00,89.20,89.20,89.20,39.38,-0.59,-0.59
2024-08-28 02:00:00,91.22,91.74,91.74,39.98,-0.10,-0.10
2024-08-28 03:00:00,91.73,92.35,92.35,43.00,0.00,0.00
2024-08-28 04:00:00,113.96,114.99,114.99,41.84,1.63,1.63
2024-08-28 05:00:00,128.40,128.57,128.57,38.92,3.79,125.48
2024-08-28 06:00:00,121.00,121.00,121.00,39.92,4.43,118.10
2024-08-28 07:00:00,105.40,105.40,105.40,39.94,4.55,98.04
2024-08-28 08:00:00,87.56,87.56,87.56,38.79,4.33,51.61
2024-08-28 09:00:00,68.78,68.78,68.78,39.94,4.19,23.25
2024-08-28 10:00:00,35.14,35.14,35.14,34.05,3.94,3.94
2024-08-28 11:00:00,10.40,10.40,10.40,10.17,4.10,4.10
2024-08-28 12:00:00,8.17,4.02,8.17,17.92,4.02,4.02
2024-08-28 13:00:00,54.16,4.00,54.84,39.92,4.00,4.00
2024-08-28 14:00:00,78.56,4.97,78.56,39.96,4.97,4.97
2024-08-28 15:00:00,91.78,22.05,92.37,40.05,7.59,22.05
2024-08-28 16:00:00,110.61,62.24,111.57,41.08,8.09,62.24
2024-08-28 17:00:00,196.29,84.98,201.91,40.19,7.67,84.98
2024-08-28 18:00:00,198.89,65.48,204.03,38.79,6.37,26.33
2024-08-28 19:00:00,124.84,26.82,124.84,38.50,5.00,5.00
2024-08-28 20:00:00,111.76,4.21,111.76,38.06,3.79,3.79
2024-08-28 21:00:00,99.70,2.99,99.70,31.81,2.51,2.51
2024-08-28 22:00:00,93.53,10.07,93.53,36.27,1.15,1.15
2024-08-28 23:00:00,93.98,10.07,93.98,35.27,0.97,0.97
2024-08-29 00:00:00,89.81,18.00,89.81,35.46,0.99,0.99
2024-08-29 01:00:00,88.68,25.15,88.68,35.24,1.01,1.01
2024-08-29 02:00:00,89.37,42.05,89.37,37.01,1.78,1.78
2024-08-29 03:00:00,100.62,101.23,101.23,38.82,2.97,2.97
2024-08-29 04:00:00,113.91,125.46,125.46,39.63,5.63,5.63
2024-08-29 05:00:00,133.26,134.47,134.47,40.37,6.98,27.69
2024-08-29 06:00:00,126.24,126.24,126.24,41.35,9.89,117.16
2024-08-29 07:00:00,108.71,108.71,108.71,40.52,11.38,98.37
2024-08-29 08:00:00,92.19,92.19,92.19,40.15,9.42,29.94
2024-08-29 09:00:00,84.40,84.40,84.40,40.85,5.35,5.35
2024-08-29 10:00:00,65.78,65.78,65.78,42.19,4.93,4.93
2024-08-29 11:00:00,45.25,45.25,45.25,42.10,4.90,4.90
2024-08-29 12:00:00,51.32,51.32,51.32,42.27,4.25,4.25
2024-08-29 13:00:00,79.45,79.45,79.45,40.95,4.27,4.27
2024-08-29 14:00:00,90.15,90.15,90.15,42.08,4.42,4.42
2024-08-29 15:00:00,105.38,105.38,105.38,39.30,4.95,13.00
2024-08-29 16:00:00,114.69,123.51,123.51,38.80,4.91,117.88
2024-08-29 17:00:00,219.84,227.49,227.49,39.01,4.12,222.03
2024-08-29 18:00:00,278.49,289.27,289.27,38.84,3.17,229.49
2024-08-29 19:00:00,166.00,169.09,169.09,38.66,1.98,99.91
2024-08-29 20:00:00,124.93,125.00,125.00,38.02,-0.01,-0.01
2024-08-29 21:00:00,110.10,110.10,110.10,39.36,-0.81,-0.81
2024-08-29 22:00:00,109.88,109.88,109.88,41.01,-0.80,-0.80
2024-08-29 23:00:00,100.30,100.30,100.30,40.87,-0.94,-0.94
2024-08-30 00:00:00,93.53,93.53,93.53,40.83,-1.07,-1.07
2024-08-30 01:00:00,93.28,93.28,93.28,37.72,-1.26,-1.26
2024-08-30 02:00:00,94.87,97.62,97.62,40.86,-1.00,-1.00
2024-08-30 03:00:00,104.16,107.37,107.37,41.06,-0.11,6.82
2024-08-30 04:00:00,136.83,133.55,136.83,40.94,0.66,133.55
2024-08-30 05:00:00,151.06,146.16,151.06,43.54,2.91,120.07
2024-08-30 06:00:00,133.55,141.73,133.55,44.88,3.55,3.55
2024-08-30 07:00:00,113.70,113.70,113.70,44.56,3.85,3.85
2024-08-30 08:00:00,98.24,98.24,98.24,41.59,3.59,3.59
2024-08-30 09:00:00,89.95,122.44,89.95,41.07,2.99,2.99
2024-08-30 10:00:00,86.13,53.63,86.13,41.22,2.94,2.94
2024-08-30 11:00:00,80.20,80.20,80.20,41.11,2.91,2.91
2024-08-30 12:00:00,78.97,79.08,79.08,41.18,2.63,2.63
2024-08-30 13:00:00,81.98,81.98,81.98,41.28,2.35,2.35
2024-08-30 14:00:00,85.36,86.35,86.35,41.34,3.24,3.24
2024-08-30 15:00:00,99.16,101.96,101.96,41.98,4.14,29.94
2024-08-30 16:00:00,119.99,119.99,119.99,42.91,4.47,117.11
2024-08-30 17:00:00,144.90,156.11,156.11,44.95,4.79,152.36
2024-08-30 18:00:00,137.29,137.29,137.29,44.94,4.41,99.91
2024-08-30 19:00:00,112.71,112.71,112.71,44.91,3.70,3.70
2024-08-30 20:00:00,96.83,96.83,96.83,43.02,2.96,2.96
2024-08-30 21:00:00,95.36,95.36,95.36,41.73,1.99,1.99
2024-08-30 22:00:00,107.67,107.67,107.67,46.56,0.11,0.11
2024-08-30 23:00:00,103.34,103.34,105.44,45.70,-0.01,-0.01
2024-08-31 00:00:00,102.06,102.06,102.06,45.19,-0.59,-0.59
2024-08-31 01:00:00,99.04,99.04,99.04,45.17,-0.81,-0.81
2024-08-31 02:00:00,96.65,96.65,96.65,45.32,-1.07,-1.07
2024-08-31 03:00:00,98.07,98.07,98.07,45.59,-1.42,-1.42
2024-08-31 04:00:00,109.97,109.97,109.97,46.90,-0.01,-0.01
2024-08-31 05:00:00,110.75,110.75,110.75,46.98,1.60,1.60
2024-08-31 06:00:00,109.97,109.97,109.97,50.08,2.88,2.88
2024-08-31 07:00:00,84.92,84.92,84.92,51.83,3.04,3.04
2024-08-31 08:00:00,60.13,60.13,60.13,42.71,3.03,3.03
2024-08-31 09:00:00,18.34,18.34,18.34,27.74,3.01,3.01
2024-08-31 10:00:00,0.47,0.47,0.47,5.67,0.47,0.47
2024-08-31 11:00:00,-0.59,-0.59,-0.59,-0.04,-0.59,-0.59
2024-08-31 12:00:00,-0.80,-0.80,-0.80,0.35,-0.80,-0.80
2024-08-31 13:00:00,2.55,2.55,2.55,20.89,2.55,2.55
2024-08-31 14:00:00,23.71,23.71,23.71,36.14,3.22,3.22
2024-08-31 15:00:00,80.02,80.02,80.02,44.93,3.64,63.06
2024-08-31 16:00:00,117.30,117.30,117.30,54.19,3.32,114.48
2024-08-31 17:00:00,148.29,148.29,148.29,51.82,3.26,144.73
2024-08-31 18:00:00,126.78,126.78,126.78,51.82,2.96,123.74
2024-08-31 19:00:00,107.29,107.29,107.29,51.85,2.60,104.71
2024-08-31 20:00:00,99.85,99.85,99.85,51.10,1.17,59.97
2024-08-31 21:00:00,89.23,89.23,89.23,50.28,0.00,0.00
2024-08-31 22:00:00,93.76,93.76,93.76,54.82,0.60,0.60
2024-08-31 23:00:00,85.98,85.98,85.98,54.57,0.01,0.01
2024-09-01 00:00:00,80.37,80.37,80.37,54.57,0.00,0.00
2024-09-01 01:00:00,79.57,80.14,80.14,54.57,0.00,0.00
2024-09-01 02:00:00,79.87,79.87,81.20,54.51,0.00,0.00
2024-09-01 03:00:00,76.57,76.57,80.16,54.40,0.00,0.00
2024-09-01 04:00:00,73.80,79.49,79.49,54.10,0.66,0.66
2024-09-01 05:00:00,72.09,73.10,73.10,53.24,1.00,71.34
2024-09-01 06:00:00,60.63,60.63,60.63,48.49,2.52,59.18
2024-09-01 07:00:00,41.27,41.27,41.27,38.71,3.19,40.28
2024-09-01 08:00:00,12.73,9.32,12.73,14.91,3.81,9.32
2024-09-01 09:00:00,-0.79,2.62,-0.79,4.82,2.62,2.62
2024-09-01 10:00:00,-3.39,-3.39,-9.17,0.23,0.23,0.23
2024-09-01 11:00:00,-2.72,-2.72,-24.00,0.23,0.23,0.23
2024-09-01 12:00:00,-5.11,-3.44,-19.94,1.60,1.60,1.60
2024-09-01 13:00:00,-4.99,3.58,-4.99,14.27,3.58,3.58
2024-09-01 14:00:00,25.56,16.99,25.56,27.30,12.23,16.99
2024-09-01 15:00:00,78.28,78.28,78.28,44.90,29.86,78.28
2024-09-01 16:00:00,109.11,109.11,109.11,53.52,31.22,109.11
2024-09-01 17:00:00,131.60,131.60,131.60,54.23,42.45,131.60
2024-09-01 18:00:00,123.87,123.91,123.91,54.76,54.76,123.91
2024-09-01 19:00:00,107.63,107.63,107.63,54.22,19.93,107.63
2024-09-01 20:00:00,102.02,102.02,102.02,52.22,7.02,102.02
2024-09-01 21:00:00,91.50,91.50,91.50,48.19,5.21,91.50
2024-09-01 22:00:00,91.24,91.24,91.24,50.58,4.90,91.24
2024-09-01 23:00:00,94.77,94.77,94.77,49.36,4.56,92.50
2024-09-02 00:00:00,92.39,92.39,92.39,49.18,4.31,90.18
2024-09-02 01:00:00,92.51,92.51,92.51,49.14,4.15,90.29
2024-09-02 02:00:00,91.59,91.59,91.59,49.62,4.18,89.39
2024-09-02 03:00:00,101.52,101.52,101.52,53.06,5.10,101.52
2024-09-02 04:00:00,114.73,114.73,114.73,54.42,13.19,114.73
2024-09-02 05:00:00,133.32,134.95,134.95,55.56,55.56,134.95
2024-09-02 06:00:00,131.94,131.94,131.94,90.00,90.00,131.94
2024-09-02 07:00:00,122.64,122.64,122.64,65.35,65.35,122.64
2024-09-02 08:00:00,102.83,102.83,102.83,57.88,102.83,102.83
2024-09-02 09:00:00,90.82,90.82,90.82,55.86,90.82,90.82
2024-09-02 10:00:00,85.02,85.05,85.05,55.03,55.03,83.01
2024-09-02 11:00:00,73.36,81.19,81.19,54.62,54.62,81.19
2024-09-02 12:00:00,72.91,83.63,83.63,54.43,54.43,83.63
2024-09-02 13:00:00,82.20,88.24,88.24,54.34,54.34,88.24
2024-09-02 14:00:00,93.63,93.63,93.63,54.07,54.07,93.63
2024-09-02 15:00:00,112.88,112.88,112.88,54.53,54.53,112.88
2024-09-02 16:00:00,137.78,137.78,137.78,55.34,68.00,137.78
2024-09-02 17:00:00,255.40,255.40,255.40,50.52,50.52,255.40
2024-09-02 18:00:00,210.49,212.06,212.06,45.99,43.92,212.06
2024-09-02 19:00:00,131.90,131.90,131.90,45.53,20.94,131.90
2024-09-02 20:00:00,114.24,114.24,114.24,43.78,13.97,111.49
2024-09-02 21:00:00,103.84,103.84,103.84,41.92,5.26,101.35
2024-09-02 22:00:00,99.58,99.58,99.60,42.63,4.57,97.21
2024-09-02 23:00:00,93.00,93.00,93.10,41.93,4.24,90.87
2024-09-03 00:00:00,91.50,91.50,91.56,42.27,4.12,89.36
2024-09-03 01:00:00,92.97,92.97,93.27,42.93,4.20,91.03
2024-09-03 02:00:00,96.00,96.00,96.24,43.79,4.76,93.93
2024-09-03 03:00:00,99.91,99.91,102.68,45.22,5.57,99.91
2024-09-03 04:00:00,123.90,133.92,137.21,42.56,19.67,133.92
2024-09-03 05:00:00,148.43,148.43,151.06,51.41,51.41,147.43
2024-09-03 06:00:00,133.95,133.95,133.95,56.74,56.74,130.73
2024-09-03 07:00:00,115.98,115.98,115.98,54.42,54.42,113.20
2024-09-03 08:00:00,98.88,98.88,98.88,56.14,96.51,96.51
2024-09-03 09:00:00,90.02,90.02,90.02,56.81,68.48,87.46
2024-09-03 10:00:00,84.80,84.80,84.80,50.77,19.90,76.27
2024-09-03 11:00:00,82.69,82.69,82.69,56.00,10.00,71.52
2024-09-03 12:00:00,84.13,84.13,84.13,56.13,8.97,74.78
2024-09-03 13:00:00,86.67,86.67,86.67,56.80,13.31,84.59
2024-09-03 14:00:00,91.21,91.21,91.21,56.47,20.96,89.03
2024-09-03 15:00:00,120.95,120.95,123.93,56.66,50.35,120.95
2024-09-03 16:00:00,217.09,217.09,300.01,56.96,54.51,217.09
2024-09-03 17:00:00,334.59,334.59,656.37,57.15,21.96,334.59
2024-09-03 18:00:00,340.00,340.00,520.32,57.03,8.99,340.00
2024-09-03 19:00:00,206.80,206.80,216.97,56.95,3.70,173.51
2024-09-03 20:00:00,133.20,133.20,133.20,56.68,3.35,87.40
2024-09-03 21:00:00,117.32,117.32,117.56,56.26,2.88,99.96
2024-09-03 22:00:00,108.17,108.17,108.17,54.43,2.68,12.99
2024-09-03 23:00:00,101.02,101.02,101.02,54.29,2.67,2.80
2024-09-04 00:00:00,98.89,98.89,99.03,54.23,2.93,13.00
2024-09-04 01:00:00,98.34,98.34,99.98,54.26,3.11,79.97
2024-09-04 02:00:00,98.62,98.62,99.06,54.42,3.75,90.90
2024-09-04 03:00:00,109.37,109.37,109.37,54.70,4.20,106.75
2024-09-04 04:00:00,144.02,144.02,144.02,54.66,4.17,140.56
2024-09-04 05:00:00,181.16,181.16,181.16,54.49,17.92,176.81
2024-09-04 06:00:00,155.89,155.89,155.89,54.59,53.94,152.15
2024-09-04 07:00:00,125.29,125.29,125.29,54.73,47.55,122.28
2024-09-04 08:00:00,107.21,107.21,107.21,54.60,40.60,104.63
2024-09-04 09:00:00,96.06,96.06,96.06,48.07,24.67,88.82
2024-09-04 10:00:00,92.00,92.00,92.00,45.70,14.97,85.23
2024-09-04 11:00:00,90.49,90.49,90.49,45.56,7.92,86.01
2024-09-04 12:00:00,89.20,89.20,89.20,49.93,7.92,79.96
2024-09-04 13:00:00,92.72,92.72,92.72,54.11,14.93,88.66
2024-09-04 14:00:00,101.85,101.85,101.85,54.21,30.97,99.40
2024-09-04 15:00:00,123.97,123.97,123.97,54.25,50.63,121.00
2024-09-04 16:00:00,155.70,155.70,155.70,54.40,49.42,151.96
2024-09-04 17:00:00,303.00,303.00,320.07,54.51,29.99,303.00
2024-09-04 18:00:00,181.95,181.95,189.23,54.16,14.95,181.95
2024-09-04 19:00:00,130.26,130.26,130.42,47.94,4.96,127.29
2024-09-04 20:00:00,108.59,82.04,108.59,44.95,3.68,82.04
2024-09-04 21:00:00,99.58,56.26,99.58,44.50,3.07,52.18
2024-09-04 22:00:00,101.27,101.27,101.27,43.88,3.71,21.08
2024-09-04 23:00:00,94.60,94.60,94.60,42.44,3.78,5.99
2024-09-05 00:00:00,90.00,90.00,90.00,40.77,4.11,5.99
2024-09-05 01:00:00,87.11,87.11,87.11,39.52,4.82,14.97
2024-09-05 02:00:00,80.57,80.57,80.92,38.85,5.37,78.97
2024-09-05 03:00:00,51.80,51.80,84.70,39.44,8.03,8.03
2024-09-05 04:00:00,80.39,80.39,109.05,40.07,10.00,80.39
2024-09-05 05:00:00,88.88,88.88,113.60,42.98,42.98,88.88
2024-09-05 06:00:00,54.67,54.67,119.04,49.99,49.99,54.67
2024-09-05 07:00:00,39.86,39.86,97.68,39.86,39.86,39.86
2024-09-05 08:00:00,65.06,51.65,71.04,36.63,47.00,51.65
2024-09-05 09:00:00,0.11,13.52,0.11,18.17,13.52,13.52
2024-09-05 10:00:00,-0.07,2.93,-3.05,4.32,4.32,4.32
2024-09-05 11:00:00,-0.82,0.01,-11.70,3.24,3.24,3.24
2024-09-05 12:00:00,-0.10,0.01,-19.68,3.03,3.03,3.03
2024-09-05 13:00:00,-2.04,0.01,-7.02,3.96,3.96,3.96
2024-09-05 14:00:00,-0.01,5.56,-0.01,12.78,5.56,5.56
2024-09-05 15:00:00,36.13,29.83,36.13,26.79,26.79,29.83
2024-09-05 16:00:00,55.50,55.50,84.95,42.73,42.73,55.50
2024-09-05 17:00:00,51.00,51.00,99.74,47.39,29.89,51.00
2024-09-05 18:00:00,45.64,45.64,92.93,43.58,28.88,45.64
2024-09-05 19:00:00,39.92,39.92,80.10,39.49,27.92,39.92
2024-09-05 20:00:00,34.99,34.99,80.03,33.98,16.17,28.80
2024-09-05 21:00:00,30.81,26.25,64.61,29.92,7.97,26.25
2024-09-05 22:00:00,22.19,22.19,64.79,22.86,6.26,10.86
2024-09-05 23:00:00,19.92,19.92,61.00,20.52,6.30,6.30
2024-09-06 00:00:00,19.90,19.90,51.22,20.50,6.08,6.08
2024-09-06 01:00:00,20.00,20.00,48.58,20.59,5.88,5.88
2024-09-06 02:00:00,22.25,22.25,57.75,22.91,5.89,22.25
2024-09-06 03:00:00,24.80,24.80,69.86,24.58,5.97,24.80
2024-09-06 04:00:00,28.67,28.67,93.29,30.16,7.99,28.67
2024-09-06 05:00:00,42.25,42.25,119.48,38.70,15.83,42.25
2024-09-06 06:00:00,43.01,43.01,120.37,41.77,17.99,43.01
2024-09-06 07:00:00,39.48,39.48,100.09,36.96,18.93,39.48
2024-09-06 08:00:00,30.00,30.00,80.00,28.57,16.33,30.00
2024-09-06 09:00:00,20.07,20.07,59.51,22.65,15.66,20.07
2024-09-06 10:00:00,13.61,13.61,31.54,14.01,13.40,13.61
2024-09-06 11:00:00,12.48,7.95,12.48,12.86,7.95,7.95
2024-09-06 12:00:00,14.53,7.81,14.53,15.00,7.81,7.81
2024-09-06 13:00:00,15.01,15.01,30.06,29.13,7.90,15.01
2024-09-06 14:00:00,15.06,15.06,71.18,33.82,7.96,15.06
2024-09-06 15:00:00,42.09,42.09,87.56,34.95,15.42,42.09
2024-09-06 16:00:00,74.67,74.67,100.27,44.63,15.39,74.67
2024-09-06 17:00:00,99.96,99.96,129.00,50.14,15.25,99.96
2024-09-06 18:00:00,99.83,99.83,136.49,50.03,8.00,99.83
2024-09-06 19:00:00,72.95,72.95,99.76,44.65,4.25,72.95
2024-09-06 20:00:00,46.23,46.23,95.36,41.79,3.37,46.23
2024-09-06 21:00:00,42.17,42.17,92.88,40.42,2.90,42.17
2024-09-06 22:00:00,102.30,102.30,102.47,41.21,3.19,6.00
2024-09-06 23:00:00,96.61,96.61,96.90,40.19,3.28,4.10
2024-09-07 00:00:00,94.73,94.73,96.30,40.00,3.29,4.09
2024-09-07 01:00:00,92.41,92.41,95.31,39.93,3.38,4.09
2024-09-07 02:00:00,94.40,94.40,98.29,40.59,3.59,5.99
2024-09-07 03:00:00,97.35,97.35,101.02,42.48,3.87,30.01
2024-09-07 04:00:00,100.26,100.26,103.88,42.59,5.21,5.21
2024-09-07 05:00:00,102.55,102.55,104.71,42.56,5.62,5.62
2024-09-07 06:00:00,95.44,95.44,95.44,44.97,8.61,8.61
2024-09-07 07:00:00,84.19,84.19,84.19,46.40,10.59,10.59
2024-09-07 08:00:00,51.52,51.52,51.52,33.65,9.96,9.96
2024-09-07 09:00:00,14.17,14.17,14.17,25.43,7.56,7.56
2024-09-07 10:00:00,5.48,5.27,5.48,10.06,5.27,5.27
2024-09-07 11:00:00,1.02,1.24,1.02,1.24,1.24,1.24
2024-09-07 12:00:00,0.44,3.10,0.44,3.10,3.10,3.10
2024-09-07 13:00:00,8.41,5.75,8.41,24.92,5.75,5.75
2024-09-07 14:00:00,49.62,49.62,49.62,40.90,8.99,8.99
2024-09-07 15:00:00,101.40,101.40,101.40,50.82,13.42,13.42
2024-09-07 16:00:00,128.57,128.57,128.57,50.75,13.65,13.65
2024-09-07 17:00:00,150.40,150.40,150.40,50.60,13.19,13.19
2024-09-07 18:00:00,133.00,133.00,133.00,50.25,7.97,7.97
2024-09-07 19:00:00,101.90,101.90,101.90,50.31,7.55,7.55
2024-09-07 20:00:00,92.32,92.32,92.32,46.33,6.41,6.41
2024-09-07 21:00:00,89.24,89.24,89.24,42.55,5.87,5.87
2024-09-07 22:00:00,93.91,93.91,93.91,50.35,5.19,5.19
2024-09-07 23:00:00,86.46,86.46,86.46,47.77,4.54,4.54
2024-09-08 00:00:00,83.68,83.68,83.68,48.26,3.97,3.97
2024-09-08 01:00:00,82.00,82.00,82.00,46.33,3.88,3.88
2024-09-08 02:00:00,82.39,82.39,82.39,44.99,3.75,3.75
2024-09-08 03:00:00,85.10,85.10,85.10,47.69,3.88,4.10
2024-09-08 04:00:00,83.36,83.36,83.36,44.96,3.90,5.99
2024-09-08 05:00:00,82.07,82.07,82.07,41.76,4.70,6.00
2024-09-08 06:00:00,76.73,76.73,76.73,42.07,5.11,36.37
2024-09-08 07:00:00,40.58,40.58,40.58,24.97,5.55,39.61
2024-09-08 08:00:00,8.29,6.24,8.29,20.87,5.92,6.10
2024-09-08 09:00:00,0.44,2.49,0.44,2.49,2.49,2.49
2024-09-08 10:00:00,0.04,0.04,0.04,0.04,0.04,0.04
2024-09-08 11:00:00,0.01,0.01,0.01,0.01,0.01,0.01
2024-09-08 12:00:00,1.16,1.19,1.16,1.20,1.19,1.19
2024-09-08 13:00:00,3.17,3.14,3.17,24.98,3.14,3.14
2024-09-08 14:00:00,58.62,58.62,58.62,34.95,3.99,39.84
2024-09-08 15:00:00,95.99,95.99,95.99,50.81,5.61,80.05
2024-09-08 16:00:00,119.04,119.04,119.55,50.12,5.90,116.69
2024-09-08 17:00:00,124.15,124.15,124.15,50.21,5.13,5.13
2024-09-08 18:00:00,128.12,128.12,128.12,50.12,3.85,3.85
2024-09-08 19:00:00,117.20,117.20,117.20,50.24,3.06,3.06
2024-09-08 20:00:00,105.80,105.80,105.80,50.31,1.62,1.62
2024-09-08 21:00:00,97.13,97.13,97.13,49.36,0.05,0.05
2024-09-08 22:00:00,86.41,86.41,86.41,43.81,-0.10,-0.10
2024-09-08 23:00:00,85.76,85.76,85.76,47.21,-0.21,-0.21
2024-09-09 00:00:00,84.10,84.10,84.10,51.93,-0.10,-0.10
2024-09-09 01:00:00,82.03,82.03,82.03,51.94,-0.01,-0.01
2024-09-09 02:00:00,85.11,85.11,85.11,52.06,0.00,0.00
2024-09-09 03:00:00,85.79,85.79,85.79,52.34,0.43,0.43
2024-09-09 04:00:00,118.47,118.47,118.47,52.59,1.83,1.83
2024-09-09 05:00:00,140.62,140.62,140.62,53.51,2.98,2.98
2024-09-09 06:00:00,159.57,159.57,159.57,154.62,3.76,3.76
2024-09-09 07:00:00,129.68,129.68,129.68,59.95,4.10,4.10
2024-09-09 08:00:00,110.87,110.87,110.87,53.89,3.60,3.60
2024-09-09 09:00:00,100.74,100.74,100.74,53.63,3.05,3.05
2024-09-09 10:00:00,94.98,94.98,94.98,53.95,2.37,2.37
2024-09-09 11:00:00,89.17,89.17,89.17,53.41,1.47,1.47
2024-09-09 12:00:00,82.06,82.06,82.06,52.98,1.10,1.10
2024-09-09 13:00:00,83.98,83.98,83.98,52.78,1.93,1.93
2024-09-09 14:00:00,78.68,78.68,78.68,52.24,2.23,2.23
2024-09-09 15:00:00,92.80,92.80,92.80,52.42,2.26,2.26
2024-09-09 16:00:00,113.15,113.15,113.15,52.15,2.16,2.16
2024-09-09 17:00:00,114.56,114.56,114.56,51.92,1.59,1.59
2024-09-09 18:00:00,88.12,88.12,111.53,47.06,0.65,0.65
2024-09-09 19:00:00,65.02,65.02,96.02,47.08,0.00,0.00
2024-09-09 20:00:00,33.98,33.98,87.94,35.96,-0.58,-0.58
2024-09-09 21:00:00,33.85,33.85,79.52,32.87,-1.00,-1.00
2024-09-09 22:00:00,1.91,2.90,67.34,24.98,-0.81,-0.81
2024-09-09 23:00:00,2.94,2.94,59.79,19.01,-0.90,-0.90
2024-09-10 00:00:00,2.10,2.10,61.47,2.04,-1.01,-1.01
2024-09-10 01:00:00,0.69,0.69,61.36,0.67,-1.09,-1.09
2024-09-10 02:00:00,0.00,0.00,67.30,0.00,-0.90,-0.90
2024-09-10 03:00:00,0.00,0.00,80.92,0.00,-0.59,-0.59
2024-09-10 04:00:00,1.81,1.81,103.12,15.15,0.01,0.01
2024-09-10 05:00:00,22.55,22.55,129.90,25.70,2.01,2.01
2024-09-10 06:00:00,67.59,67.59,114.94,48.92,2.43,2.43
2024-09-10 07:00:00,54.06,54.06,100.00,52.50,2.06,2.06
2024-09-10 08:00:00,37.88,37.88,59.92,36.78,2.08,2.08
2024-09-10 09:00:00,9.52,9.52,9.52,9.24,1.19,1.19
2024-09-10 10:00:00,0.04,0.04,0.04,0.04,0.01,0.01
2024-09-10 11:00:00,-0.07,-0.07,-0.07,-0.07,-0.07,-0.07
2024-09-10 12:00:00,-0.16,-0.16,-0.16,-0.16,-0.16,-0.16
2024-09-10 13:00:00,-0.04,-0.04,-0.04,-0.04,-0.04,-0.04
2024-09-10 14:00:00,0.22,0.22,0.22,0.42,0.22,0.22
2024-09-10 15:00:00,20.40,20.40,21.77,19.62,2.95,2.95
2024-09-10 16:00:00,25.71,25.71,80.40,24.96,2.63,2.63
2024-09-10 17:00:00,30.05,30.05,92.91,29.17,2.72,2.72
2024-09-10 18:00:00,35.07,35.07,83.25,34.05,2.45,2.45
2024-09-10 19:00:00,31.47,22.74,82.02,30.55,1.43,1.43
2024-09-10 20:00:00,31.14,12.01,76.63,30.24,0.01,0.01
2024-09-10 21:00:00,32.96,10.14,64.38,32.01,-0.03,-0.03
2024-09-10 22:00:00,20.06,20.06,40.00,20.65,-0.01,-0.01
2024-09-10 23:00:00,15.04,15.04,39.91,14.60,-0.01,-0.01
2024-09-11 00:00:00,16.80,16.80,32.99,16.31,0.00,0.00
2024-09-11 01:00:00,19.09,19.09,33.73,18.53,0.01,0.01
2024-09-11 02:00:00,23.91,23.91,38.93,23.22,0.93,0.93
2024-09-11 03:00:00,26.84,26.84,61.56,32.15,2.25,2.25
2024-09-11 04:00:00,48.20,86.79,86.79,40.71,3.33,3.33
2024-09-11 05:00:00,93.60,97.55,97.55,44.62,8.92,8.92
2024-09-11 06:00:00,110.72,110.72,110.72,44.92,36.17,36.17
2024-09-11 07:00:00,97.60,97.60,97.60,41.77,36.34,36.34
2024-09-11 08:00:00,74.01,76.81,76.81,40.95,36.05,36.05
2024-09-11 09:00:00,36.91,67.51,67.51,35.84,35.84,35.84
2024-09-11 10:00:00,32.89,62.45,62.45,31.93,22.62,22.62
2024-09-11 11:00:00,27.02,27.02,63.85,26.24,20.23,20.23
2024-09-11 12:00:00,27.00,27.00,69.00,26.22,17.05,17.05
2024-09-11 13:00:00,29.94,29.94,69.05,29.07,4.99,4.99
2024-09-11 14:00:00,34.15,34.15,76.75,33.16,10.00,10.00
2024-09-11 15:00:00,84.10,84.10,101.39,47.35,18.92,18.92
2024-09-11 16:00:00,103.43,103.43,115.14,50.45,15.24,15.24
2024-09-11 17:00:00,122.19,122.19,142.86,50.84,8.92,8.92
2024-09-11 18:00:00,126.31,126.31,138.36,50.95,4.14,4.14
2024-09-11 19:00:00,115.14,115.14,115.14,50.66,3.27,3.27
2024-09-11 20:00:00,101.65,101.65,102.97,50.45,3.00,3.00
2024-09-11 21:00:00,101.49,101.49,101.49,50.25,1.98,1.98
2024-09-11 22:00:00,90.06,90.06,90.06,50.22,0.00,0.00
2024-09-11 23:00:00,84.09,84.09,84.10,49.92,-0.01,-0.01
2024-09-12 00:00:00,80.70,80.70,83.93,48.92,-0.01,-0.01
2024-09-12 01:00:00,81.65,81.65,83.45,46.78,0.00,0.00
2024-09-12 02:00:00,83.05,83.05,85.02,48.58,0.45,0.45
2024-09-12 03:00:00,86.92,86.92,86.92,50.20,2.24,2.24
2024-09-12 04:00:00,107.96,107.96,107.96,50.50,3.52,3.52
2024-09-12 05:00:00,134.94,134.94,134.94,51.02,6.66,6.66
2024-09-12 06:00:00,135.94,135.94,135.94,51.34,8.04,8.04
2024-09-12 07:00:00,103.36,103.36,103.36,51.08,6.71,6.71
2024-09-12 08:00:00,85.00,85.00,85.00,50.24,9.82,9.82
2024-09-12 09:00:00,80.41,80.41,80.41,50.28,8.50,8.50
2024-09-12 10:00:00,78.62,78.62,78.62,50.12,4.97,4.97
2024-09-12 11:00:00,78.23,78.23,78.23,50.46,5.42,5.42
2024-09-12 12:00:00,80.11,80.11,80.11,50.77,5.66,5.66
2024-09-12 13:00:00,84.93,84.93,84.93,51.12,6.04,6.04
2024-09-12 14:00:00,91.67,91.67,91.67,50.58,7.22,7.22
2024-09-12 15:00:00,109.74,109.74,109.74,50.45,9.03,9.03
2024-09-12 16:00:00,145.19,145.19,145.19,50.57,19.92,19.92
2024-09-12 17:00:00,300.01,300.01,300.01,51.05,21.95,21.95
2024-09-12 18:00:00,250.02,250.02,250.02,51.07,10.00,10.00
2024-09-12 19:00:00,125.00,125.00,125.00,50.95,8.04,8.04
2024-09-12 20:00:00,99.47,99.47,99.47,50.42,6.03,6.03
2024-09-12 21:00:00,92.04,92.04,92.04,50.03,4.98,4.98
2024-09-12 22:00:00,99.97,99.97,99.97,48.47,3.78,3.78
2024-09-12 23:00:00,91.52,91.52,91.52,48.19,3.69,3.69
2024-09-13 00:00:00,87.31,87.31,87.31,48.17,3.85,3.85
2024-09-13 01:00:00,86.76,86.76,86.76,48.18,3.91,3.91
2024-09-13 02:00:00,84.63,84.63,84.63,48.49,4.17,4.17
2024-09-13 03:00:00,87.92,87.92,87.92,48.96,4.93,4.93
2024-09-13 04:00:00,98.72,98.72,100.49,48.94,5.85,5.85
2024-09-13 05:00:00,119.96,119.96,119.96,49.99,49.99,105.06
2024-09-13 06:00:00,132.24,132.24,132.24,89.89,120.39,120.39
2024-09-13 07:00:00,116.24,116.24,116.24,51.90,51.90,51.90
2024-09-13 08:00:00,102.54,102.54,102.54,50.30,50.30,50.30
2024-09-13 09:00:00,91.50,91.50,94.99,48.39,11.33,11.33
2024-09-13 10:00:00,87.66,87.66,88.55,49.43,9.97,9.97
2024-09-13 11:00:00,76.94,76.94,77.50,48.33,11.07,11.07
2024-09-13 12:00:00,19.01,19.01,66.96,39.91,9.33,9.33
2024-09-13 13:00:00,38.93,38.93,72.20,37.80,9.31,9.31
2024-09-13 14:00:00,45.02,45.02,74.30,45.07,9.99,9.99
2024-09-13 15:00:00,46.90,46.90,79.85,44.19,14.00,14.00
2024-09-13 16:00:00,67.68,67.68,96.47,45.14,13.96,13.96
2024-09-13 17:00:00,89.42,89.42,100.00,45.77,10.51,10.51
2024-09-13 18:00:00,86.69,86.69,94.25,45.93,8.81,8.81
2024-09-13 19:00:00,68.80,68.80,84.57,45.60,6.91,6.91
2024-09-13 20:00:00,58.90,58.90,79.30,44.93,5.54,5.54
2024-09-13 21:00:00,60.99,14.91,60.99,42.93,4.95,4.95
2024-09-13 22:00:00,55.61,55.61,55.61,44.51,5.31,5.31
2024-09-13 23:00:00,50.01,36.74,50.01,43.52,4.94,4.94
2024-09-14 00:00:00,43.33,22.48,43.33,41.98,4.58,4.58
2024-09-14 01:00:00,45.18,21.88,45.18,42.96,4.30,4.30
2024-09-14 02:00:00,46.70,23.12,46.70,43.06,4.29,4.29
2024-09-14 03:00:00,44.27,26.89,44.27,42.90,4.60,4.60
2024-09-14 04:00:00,55.35,49.51,55.35,40.76,4.86,4.86
2024-09-14 05:00:00,65.00,65.00,65.00,39.96,5.10,5.10
2024-09-14 06:00:00,75.54,75.54,75.54,41.92,6.34,6.34
2024-09-14 07:00:00,66.60,61.92,66.60,42.50,7.93,7.93
2024-09-14 08:00:00,41.02,26.83,41.02,31.99,8.14,8.14
2024-09-14 09:00:00,8.08,6.00,8.08,13.58,6.00,6.00
2024-09-14 10:00:00,0.86,2.94,0.86,2.94,2.94,2.94
2024-09-14 11:00:00,0.25,0.42,-0.06,0.42,0.42,0.42
2024-09-14 12:00:00,-0.14,0.83,-0.46,0.83,0.83,0.83
2024-09-14 13:00:00,-0.07,2.96,-0.07,2.97,2.97,2.97
2024-09-14 14:00:00,9.54,6.51,9.54,22.48,6.51,6.51
2024-09-14 15:00:00,65.09,65.09,65.09,45.51,11.47,11.47
2024-09-14 16:00:00,94.39,94.39,94.39,44.17,11.48,11.48
2024-09-14 17:00:00,126.58,126.58,126.58,44.09,11.29,11.29
2024-09-14 18:00:00,117.85,117.85,117.85,42.50,10.47,10.47
2024-09-14 19:00:00,103.09,103.09,103.09,41.58,8.88,8.88
2024-09-14 20:00:00,93.75,93.75,93.75,40.76,7.94,7.94
2024-09-14 21:00:00,84.76,84.76,84.76,38.82,7.04,7.04
2024-09-14 22:00:00,78.11,78.11,78.11,40.82,9.27,9.27
2024-09-14 23:00:00,70.07,70.07,70.07,40.81,7.94,7.94
2024-09-15 00:00:00,66.60,66.60,66.60,40.66,7.40,7.40
2024-09-15 01:00:00,67.15,67.15,67.15,40.50,7.19,7.19
2024-09-15 02:00:00,63.66,63.66,63.66,40.58,7.22,7.22
2024-09-15 03:00:00,65.61,65.61,65.61,40.19,7.60,7.60
2024-09-15 04:00:00,69.18,69.18,69.18,37.00,7.93,7.93
2024-09-15 05:00:00,85.42,85.42,85.42,38.44,9.18,9.18
2024-09-15 06:00:00,76.96,76.96,76.96,40.01,9.94,9.94
2024-09-15 07:00:00,54.07,54.07,54.07,37.31,10.37,10.37
2024-09-15 08:00:00,10.92,7.35,10.92,19.32,7.35,7.35
2024-09-15 09:00:00,0.07,3.65,0.07,3.65,3.65,3.65
2024-09-15 10:00:00,0.00,2.86,0.00,2.86,2.86,2.86
2024-09-15 11:00:00,1.96,1.96,-0.01,1.96,1.96,1.96
2024-09-15 12:00:00,-0.20,3.09,-0.41,3.09,3.09,3.09
2024-09-15 13:00:00,-0.27,5.43,-0.27,18.41,5.43,5.43
2024-09-15 14:00:00,19.70,14.00,19.70,31.11,11.28,11.28
2024-09-15 15:00:00,82.25,82.25,82.25,43.57,13.69,13.69
2024-09-15 16:00:00,112.80,112.80,112.80,46.43,15.00,15.00
2024-09-15 17:00:00,133.16,133.16,133.16,46.26,14.21,14.21
2024-09-15 18:00:00,123.60,123.60,123.60,49.96,12.48,12.48
2024-09-15 19:00:00,112.68,112.68,112.68,48.02,10.90,10.90
2024-09-15 20:00:00,107.11,107.11,107.11,45.84,9.01,9.01
2024-09-15 21:00:00,92.60,92.60,92.60,44.96,7.53,7.53
2024-09-15 22:00:00,92.99,92.99,92.99,47.86,9.29,9.29
2024-09-15 23:00:00,88.14,88.14,88.14,45.94,6.90,6.90
2024-09-16 00:00:00,87.26,87.26,87.26,45.54,7.42,7.42
2024-09-16 01:00:00,84.93,84.93,84.93,45.00,8.81,8.81
2024-09-16 02:00:00,84.34,84.34,84.34,45.28,9.98,9.98
2024-09-16 03:00:00,88.31,88.31,88.31,46.50,12.18,12.18
2024-09-16 04:00:00,108.00,108.00,110.97,47.87,18.18,18.18
2024-09-16 05:00:00,130.00,130.00,130.00,51.08,51.08,51.08
2024-09-16 06:00:00,146.06,146.06,146.06,124.47,124.47,124.47
2024-09-16 07:00:00,126.40,126.40,126.40,85.93,85.93,85.93
2024-09-16 08:00:00,112.63,112.63,112.63,50.10,50.10,50.10
2024-09-16 09:00:00,105.02,105.02,105.02,40.10,40.10,40.10
2024-09-16 10:00:00,96.02,96.02,96.02,42.31,42.31,42.31
2024-09-16 11:00:00,86.89,86.89,86.89,40.14,40.14,40.14
2024-09-16 12:00:00,80.86,80.86,80.86,41.85,41.85,41.85
2024-09-16 13:00:00,75.37,75.37,75.37,42.96,42.96,42.96
2024-09-16 14:00:00,76.30,76.30,76.30,43.05,43.05,43.05
2024-09-16 15:00:00,86.98,86.98,86.98,45.74,49.92,49.92
2024-09-16 16:00:00,107.87,107.87,107.87,45.97,70.83,70.83
2024-09-16 17:00:00,112.57,112.57,112.57,45.53,45.53,45.53
2024-09-16 18:00:00,109.01,109.01,109.01,44.04,44.04,44.04
2024-09-16 19:00:00,90.10,90.10,90.10,37.20,23.90,23.90
2024-09-16 20:00:00,78.81,78.81,78.81,35.91,18.21,18.21
2024-09-16 21:00:00,81.53,81.53,81.53,35.06,14.02,14.02
2024-09-16 22:00:00,85.54,85.54,85.54,39.54,15.97,15.97
2024-09-16 23:00:00,82.30,82.30,82.30,38.55,15.14,15.14
2024-09-17 00:00:00,80.51,80.51,80.51,38.56,14.70,14.70
2024-09-17 01:00:00,79.84,79.84,79.84,38.60,13.93,13.93
2024-09-17 02:00:00,80.04,80.04,80.04,39.29,14.28,14.28
2024-09-17 03:00:00,91.52,91.52,91.52,41.19,15.66,15.66
2024-09-17 04:00:00,108.32,108.32,108.32,42.96,20.97,20.97
2024-09-17 05:00:00,133.94,133.94,133.94,50.65,50.65,50.65
2024-09-17 06:00:00,137.52,137.52,137.52,52.46,52.46,52.46
2024-09-17 07:00:00,108.91,108.91,108.91,50.43,50.43,50.43
2024-09-17 08:00:00,96.52,96.52,96.52,45.52,19.72,19.72
2024-09-17 09:00:00,82.39,82.39,82.39,49.92,18.79,18.79
2024-09-17 10:00:00,59.81,59.81,59.81,45.03,18.59,18.59
2024-09-17 11:00:00,41.77,41.77,41.77,40.56,18.27,18.27
2024-09-17 12:00:00,25.64,25.64,25.64,26.69,18.27,18.27
2024-09-17 13:00:00,44.44,44.44,44.44,41.36,18.29,18.29
2024-09-17 14:00:00,74.29,74.29,74.29,44.15,44.15,44.15
2024-09-17 15:00:00,93.50,93.50,93.50,51.28,51.28,51.28
2024-09-17 16:00:00,112.99,112.99,112.99,53.25,112.99,112.99
2024-09-17 17:00:00,132.53,132.53,132.53,51.49,119.81,119.81
2024-09-17 18:00:00,111.24,111.24,111.24,52.32,52.32,99.92
2024-09-17 19:00:00,96.12,96.12,96.12,49.90,49.90,49.90
2024-09-17 20:00:00,89.94,89.94,89.94,41.41,17.93,17.93
2024-09-17 21:00:00,83.84,83.84,83.84,39.53,12.12,12.12
2024-09-17 22:00:00,85.16,85.16,85.16,41.32,11.34,11.34
2024-09-17 23:00:00,80.94,80.94,80.94,40.94,10.04,10.04
2024-09-18 00:00:00,83.71,83.71,83.71,40.92,8.02,8.02
2024-09-18 01:00:00,83.67,83.67,83.67,40.94,7.03,7.03
2024-09-18 02:00:00,82.51,82.51,82.51,41.25,7.04,7.04
2024-09-18 03:00:00,89.92,89.92,89.92,39.21,10.53,10.53
2024-09-18 04:00:00,105.09,105.09,105.09,41.39,17.91,17.91
2024-09-18 05:00:00,141.92,141.92,141.92,49.42,49.42,49.42
2024-09-18 06:00:00,133.07,133.07,133.07,53.39,53.39,53.39
2024-09-18 07:00:00,102.44,102.44,102.44,48.08,48.08,48.08
2024-09-18 08:00:00,79.00,79.00,79.00,42.60,42.60,42.60
2024-09-18 09:00:00,55.32,47.82,55.32,34.97,19.99,19.99
2024-09-18 10:00:00,5.49,12.99,5.49,24.92,12.99,12.99
2024-09-18 11:00:00,2.19,12.02,0.00,12.02,12.02,12.02
2024-09-18 12:00:00,1.03,12.68,-0.09,12.68,12.68,12.68
2024-09-18 13:00:00,1.04,14.87,1.04,26.36,14.87,14.87
2024-09-18 14:00:00,40.05,26.23,40.05,36.18,19.57,19.57
2024-09-18 15:00:00,87.52,87.52,87.52,42.08,42.08,42.08
2024-09-18 16:00:00,113.91,113.91,113.91,47.81,47.81,47.81
2024-09-18 17:00:00,129.92,129.92,129.92,49.93,49.93,49.99
2024-09-18 18:00:00,108.20,108.20,108.20,49.27,49.27,49.27
2024-09-18 19:00:00,93.25,93.25,93.25,43.95,19.28,19.28
2024-09-18 20:00:00,89.92,89.92,89.92,41.89,18.52,18.52
2024-09-18 21:00:00,79.49,79.49,79.49,38.70,15.02,15.02
2024-09-18 22:00:00,76.40,76.40,76.40,38.83,16.02,16.02
2024-09-18 23:00:00,77.53,77.53,77.53,37.98,14.94,14.94
2024-09-19 00:00:00,78.03,78.03,78.03,37.92,13.55,13.55
2024-09-19 01:00:00,77.35,77.35,77.35,37.45,12.88,12.88
2024-09-19 02:00:00,79.26,79.26,79.26,37.68,12.83,12.83
2024-09-19 03:00:00,89.99,89.99,89.99,36.02,13.56,13.56
2024-09-19 04:00:00,113.47,113.47,113.47,38.85,17.37,17.37
2024-09-19 05:00:00,143.24,143.24,143.24,40.95,28.92,28.92
2024-09-19 06:00:00,124.12,124.12,124.12,41.12,29.22,29.22
2024-09-19 07:00:00,97.64,97.64,97.64,41.06,19.99,19.99
2024-09-19 08:00:00,74.81,74.81,74.81,40.99,18.29,18.29
2024-09-19 09:00:00,50.41,41.58,50.41,36.45,17.94,17.94
2024-09-19 10:00:00,4.97,13.80,4.97,29.91,13.80,13.80
2024-09-19 11:00:00,7.13,7.13,-0.06,15.72,12.30,12.30
2024-09-19 12:00:00,4.03,4.03,-0.09,16.91,12.53,12.53
2024-09-19 13:00:00,10.91,14.14,10.91,29.92,14.14,14.14
2024-09-19 14:00:00,58.55,55.32,58.55,37.35,18.00,18.00
2024-09-19 15:00:00,91.05,91.05,91.05,40.92,18.66,18.66
2024-09-19 16:00:00,114.53,114.53,114.53,40.94,19.33,19.33
2024-09-19 17:00:00,134.30,134.30,134.30,40.91,19.78,19.78
2024-09-19 18:00:00,113.50,113.50,113.50,40.99,17.49,17.49
2024-09-19 19:00:00,91.10,91.10,91.10,40.90,16.81,16.81
2024-09-19 20:00:00,88.97,88.97,88.97,40.95,11.03,11.03
2024-09-19 21:00:00,78.87,78.87,78.87,40.12,6.95,6.95
2024-09-19 22:00:00,72.61,72.61,72.61,38.59,10.07,10.07
2024-09-19 23:00:00,74.04,74.04,74.04,37.94,10.28,10.28
2024-09-20 00:00:00,73.42,73.42,73.42,37.85,11.23,11.23
2024-09-20 01:00:00,73.17,73.17,73.17,37.51,11.90,11.90
2024-09-20 02:00:00,74.52,74.52,74.52,37.40,13.00,13.00
2024-09-20 03:00:00,88.39,88.39,89.09,35.99,15.80,15.80
2024-09-20 04:00:00,108.06,108.06,108.06,37.97,17.27,17.27
2024-09-20 05:00:00,141.45,141.45,141.45,40.91,19.73,19.73
2024-09-20 06:00:00,108.60,108.60,108.60,40.95,25.26,25.26
2024-09-20 07:00:00,88.92,88.92,88.92,40.96,23.86,23.86
2024-09-20 08:00:00,62.05,62.05,62.05,33.63,19.16,19.16
2024-09-20 09:00:00,24.69,17.70,24.69,26.24,17.70,17.70
2024-09-20 10:00:00,8.24,15.24,8.24,21.70,15.24,15.24
2024-09-20 11:00:00,0.06,11.77,-0.01,11.77,11.77,11.77
2024-09-20 12:00:00,0.07,11.92,0.07,17.71,11.92,11.92
2024-09-20 13:00:00,7.56,13.94,7.56,25.13,13.94,13.94
2024-09-20 14:00:00,43.68,37.31,43.68,29.98,17.42,17.42
2024-09-20 15:00:00,84.12,84.12,84.12,44.41,17.62,17.62
2024-09-20 16:00:00,106.01,106.01,106.01,46.30,17.72,17.72
2024-09-20 17:00:00,145.72,145.72,145.72,46.82,17.39,17.39
2024-09-20 18:00:00,108.84,108.84,108.84,47.01,16.85,16.85
2024-09-20 19:00:00,91.07,91.07,91.07,46.47,15.03,15.03
2024-09-20 20:00:00,87.80,87.80,87.80,46.46,13.52,13.52
2024-09-20 21:00:00,87.08,87.08,87.08,45.92,9.82,9.82
2024-09-20 22:00:00,88.29,88.29,88.29,44.02,7.53,7.53
2024-09-20 23:00:00,85.30,85.30,85.30,42.69,4.94,4.94
2024-09-21 00:00:00,82.00,82.00,82.00,42.77,3.06,3.06
2024-09-21 01:00:00,82.19,82.19,82.19,44.22,1.96,1.96
2024-09-21 02:00:00,86.38,86.38,86.38,44.51,1.50,1.50
2024-09-21 03:00:00,89.48,89.48,89.48,44.63,2.92,2.92
2024-09-21 04:00:00,99.69,99.69,99.69,44.43,3.39,3.39
2024-09-21 05:00:00,97.76,97.76,97.76,44.09,5.00,5.00
2024-09-21 06:00:00,85.30,85.30,85.30,43.36,7.93,7.93
2024-09-21 07:00:00,60.99,60.99,60.99,35.80,8.78,8.78
2024-09-21 08:00:00,22.00,22.00,22.00,23.03,5.33,5.33
2024-09-21 09:00:00,3.15,3.15,3.15,19.93,3.15,3.15
2024-09-21 10:00:00,0.01,0.01,0.00,5.04,0.01,0.01
2024-09-21 11:00:00,0.03,0.03,-3.36,4.28,0.03,0.03
2024-09-21 12:00:00,-0.43,1.93,-3.95,19.22,1.93,1.93
2024-09-21 13:00:00,1.09,5.54,1.09,25.83,5.54,5.54
2024-09-21 14:00:00,47.26,42.81,47.26,39.59,15.72,15.72
2024-09-21 15:00:00,97.19,97.19,97.19,44.81,16.80,16.80
2024-09-21 16:00:00,127.50,127.50,127.50,45.63,16.97,26.91
2024-09-21 17:00:00,141.99,141.99,141.99,45.70,17.03,79.96
2024-09-21 18:00:00,112.50,112.50,112.50,45.49,16.81,16.81
2024-09-21 19:00:00,95.93,95.93,95.93,45.26,16.29,16.29
2024-09-21 20:00:00,93.60,93.60,93.60,44.94,15.71,15.71
2024-09-21 21:00:00,88.30,88.30,88.30,44.51,14.95,14.95
2024-09-21 22:00:00,97.73,97.73,97.73,44.13,15.57,75.94
2024-09-21 23:00:00,90.05,90.05,90.05,40.74,15.58,67.89
2024-09-22 00:00:00,89.99,89.99,89.99,44.13,15.54,63.69
2024-09-22 01:00:00,89.50,89.50,89.50,41.95,15.48,63.53
2024-09-22 02:00:00,90.75,90.75,90.75,42.17,15.49,43.45
2024-09-22 03:00:00,90.65,90.65,90.65,44.93,15.65,19.95
2024-09-22 04:00:00,94.88,94.88,94.88,46.00,15.41,15.41
2024-09-22 05:00:00,97.31,97.31,97.31,46.07,15.83,19.92
2024-09-22 06:00:00,86.48,86.48,86.48,41.67,16.33,55.64
2024-09-22 07:00:00,62.79,62.79,62.79,40.76,16.78,49.87
2024-09-22 08:00:00,26.17,22.63,26.17,29.05,16.96,19.92
2024-09-22 09:00:00,11.13,14.67,11.13,23.80,14.67,14.67
2024-09-22 10:00:00,9.68,10.93,7.69,12.04,10.93,10.93
2024-09-22 11:00:00,2.03,8.00,-0.08,8.00,8.00,8.00
2024-09-22 12:00:00,0.01,10.86,0.01,19.93,10.86,10.86
2024-09-22 13:00:00,9.66,15.26,9.66,30.39,15.26,15.26
2024-09-22 14:00:00,61.60,56.00,61.60,39.14,17.20,54.88
2024-09-22 15:00:00,106.27,106.27,106.27,46.76,17.64,103.72
2024-09-22 16:00:00,132.23,132.23,132.23,46.56,17.83,129.06
2024-09-22 17:00:00,157.18,157.18,157.18,46.61,18.65,18.65
2024-09-22 18:00:00,126.11,126.11,126.11,46.64,18.21,18.21
2024-09-22 19:00:00,109.54,109.54,109.54,46.68,17.28,17.28
2024-09-22 20:00:00,98.72,98.72,98.72,46.54,16.71,16.71
2024-09-22 21:00:00,92.00,92.00,92.00,46.36,16.16,16.16
2024-09-22 22:00:00,90.80,90.80,90.80,44.51,15.86,15.86
2024-09-22 23:00:00,84.08,84.08,84.08,44.46,15.61,15.61
2024-09-23 00:00:00,85.20,85.20,85.20,44.40,15.56,15.56
2024-09-23 01:00:00,87.15,87.15,87.15,44.38,15.45,15.45
2024-09-23 02:00:00,86.93,86.93,86.93,44.43,15.58,15.58
2024-09-23 03:00:00,97.30,97.30,97.30,44.15,15.92,15.92
2024-09-23 04:00:00,133.40,133.40,133.40,38.74,17.16,17.16
2024-09-23 05:00:00,203.73,203.73,203.73,37.00,20.07,20.07
2024-09-23 06:00:00,151.33,151.33,151.33,44.13,41.82,41.82
2024-09-23 07:00:00,109.99,109.99,109.99,44.16,41.00,41.00
2024-09-23 08:00:00,94.66,94.66,94.66,44.12,21.96,21.96
2024-09-23 09:00:00,80.16,80.16,80.16,43.59,19.21,19.21
2024-09-23 10:00:00,78.94,78.94,78.94,44.12,18.49,18.49
2024-09-23 11:00:00,76.55,76.55,76.55,44.13,16.93,16.93
2024-09-23 12:00:00,76.77,76.77,76.77,44.05,16.90,16.90
2024-09-23 13:00:00,80.98,80.98,80.98,43.53,17.21,17.21
2024-09-23 14:00:00,102.25,102.25,102.25,39.98,18.31,18.31
2024-09-23 15:00:00,136.01,136.01,136.01,39.99,19.60,19.60
2024-09-23 16:00:00,240.26,240.26,240.26,44.05,20.31,20.31
2024-09-23 17:00:00,328.39,328.39,328.39,44.04,18.92,18.92
2024-09-23 18:00:00,178.64,178.64,178.64,44.00,16.56,16.56
2024-09-23 19:00:00,116.71,116.71,116.71,39.99,15.76,15.76
2024-09-23 20:00:00,100.93,100.93,100.93,39.95,13.03,13.03
2024-09-23 21:00:00,91.54,91.54,91.54,39.80,9.78,9.78
2024-09-23 22:00:00,88.20,88.20,88.20,39.95,8.67,8.67
2024-09-23 23:00:00,82.51,82.51,82.51,39.94,8.13,8.13
2024-09-24 00:00:00,83.69,83.69,83.69,39.92,8.73,8.73
2024-09-24 01:00:00,85.02,85.02,85.02,39.91,9.61,9.61
2024-09-24 02:00:00,83.26,83.26,83.26,39.90,11.20,11.20
2024-09-24 03:00:00,88.29,88.29,88.29,39.94,15.92,15.92
2024-09-24 04:00:00,110.75,110.75,110.75,41.33,16.93,16.93
2024-09-24 05:00:00,141.96,141.96,141.96,44.97,20.81,20.81
2024-09-24 06:00:00,127.40,127.40,127.40,46.28,25.82,25.82
2024-09-24 07:00:00,106.02,106.02,106.02,46.26,25.01,25.01
2024-09-24 08:00:00,92.61,92.61,92.61,46.16,20.11,20.11
2024-09-24 09:00:00,83.87,83.87,83.87,46.03,19.42,19.42
2024-09-24 10:00:00,75.75,75.75,75.75,46.11,19.25,19.25
2024-09-24 11:00:00,68.99,68.99,68.99,46.17,19.00,19.00
2024-09-24 12:00:00,61.59,61.59,61.59,43.96,19.35,19.35
2024-09-24 13:00:00,74.94,74.94,74.94,42.43,19.35,19.35
2024-09-24 14:00:00,83.27,83.27,83.27,41.14,20.79,20.79
2024-09-24 15:00:00,104.04,104.04,104.04,41.77,25.43,25.43
2024-09-24 16:00:00,119.05,119.05,119.05,41.73,25.59,25.59
2024-09-24 17:00:00,124.13,124.13,124.13,42.40,25.16,25.16
2024-09-24 18:00:00,101.70,101.70,101.70,43.56,19.24,19.24
2024-09-24 19:00:00,80.44,80.44,80.44,41.96,17.18,17.18
2024-09-24 20:00:00,74.48,74.48,74.48,41.75,16.38,16.38
2024-09-24 21:00:00,60.58,60.58,60.58,40.72,13.01,13.01
2024-09-24 22:00:00,22.16,10.06,51.48,40.28,10.06,10.06
2024-09-24 23:00:00,17.16,8.35,42.18,36.02,8.35,8.35
2024-09-25 00:00:00,16.49,6.80,39.20,27.67,6.80,6.80
2024-09-25 01:00:00,17.21,5.97,39.45,23.82,5.97,5.97
2024-09-25 02:00:00,21.33,5.77,54.77,21.96,5.77,5.77
2024-09-25 03:00:00,22.12,9.94,63.95,26.13,9.94,9.94
2024-09-25 04:00:00,29.64,15.64,78.34,30.36,15.64,15.64
2024-09-25 05:00:00,44.99,17.50,83.77,37.46,17.50,17.50
2024-09-25 06:00:00,42.44,17.67,88.15,40.29,17.67,17.67
2024-09-25 07:00:00,41.65,16.55,70.32,34.72,16.55,16.55
2024-09-25 08:00:00,23.57,13.44,49.46,29.54,13.44,13.44
2024-09-25 09:00:00,23.75,8.55,25.24,24.46,8.55,8.55
2024-09-25 10:00:00,19.10,6.95,19.10,19.71,6.95,6.95
2024-09-25 11:00:00,18.78,6.91,18.78,21.78,6.91,6.91
2024-09-25 12:00:00,18.99,5.57,55.53,29.98,5.57,5.57
2024-09-25 13:00:00,28.18,5.40,72.23,37.27,5.40,5.40
2024-09-25 14:00:00,75.71,16.41,89.69,39.21,5.75,5.75
2024-09-25 15:00:00,107.85,107.85,107.85,39.73,5.76,5.76
2024-09-25 16:00:00,156.20,156.20,156.20,33.07,6.20,6.20
2024-09-25 17:00:00,195.42,195.42,195.42,36.76,5.15,5.15
2024-09-25 18:00:00,131.84,131.84,131.84,39.29,3.02,3.02
2024-09-25 19:00:00,96.61,96.61,96.61,39.45,0.01,0.01
2024-09-25 20:00:00,91.64,91.64,91.64,39.28,-0.05,-0.05
2024-09-25 21:00:00,82.22,82.22,82.22,38.89,-0.80,-0.80
2024-09-25 22:00:00,66.02,66.02,66.02,38.52,-1.21,-1.21
2024-09-25 23:00:00,58.78,58.78,58.78,37.92,-1.77,-1.77
2024-09-26 00:00:00,52.34,52.34,52.34,37.92,-1.77,-1.77
2024-09-26 01:00:00,49.87,49.87,49.87,37.92,-1.04,-1.04
2024-09-26 02:00:00,45.53,45.53,45.53,37.91,-0.59,-0.59
2024-09-26 03:00:00,49.71,49.71,49.71,38.76,2.81,2.81
2024-09-26 04:00:00,72.03,72.03,72.03,39.91,5.00,5.00
2024-09-26 05:00:00,85.20,85.20,85.20,41.56,16.83,16.83
2024-09-26 06:00:00,83.40,83.40,83.40,40.36,17.58,17.58
2024-09-26 07:00:00,67.33,67.33,67.33,39.98,17.62,17.62
2024-09-26 08:00:00,45.96,42.06,49.23,39.99,17.42,17.42
2024-09-26 09:00:00,31.62,31.62,31.62,27.94,17.06,17.06
2024-09-26 10:00:00,17.00,17.00,17.00,20.24,13.69,13.69
2024-09-26 11:00:00,12.08,12.08,12.08,16.93,12.08,12.08
2024-09-26 12:00:00,12.68,12.68,12.68,19.86,12.68,12.68
2024-09-26 13:00:00,37.90,17.25,37.90,29.95,17.25,17.25
2024-09-26 14:00:00,47.00,20.01,54.91,37.14,20.01,20.01
2024-09-26 15:00:00,63.68,63.68,73.65,39.62,21.48,21.48
2024-09-26 16:00:00,80.00,80.00,80.00,39.18,18.05,18.05
2024-09-26 17:00:00,89.00,89.00,89.00,39.94,17.89,17.89
2024-09-26 18:00:00,78.93,78.93,78.93,44.07,17.60,17.60
2024-09-26 19:00:00,62.84,41.22,62.84,43.73,17.04,17.04
2024-09-26 20:00:00,52.29,32.64,53.72,41.50,14.83,14.83
2024-09-26 21:00:00,36.30,22.73,36.30,35.18,13.02,13.02
2024-09-26 22:00:00,-0.06,5.39,-0.06,26.57,5.39,5.39
2024-09-26 23:00:00,0.04,3.23,0.04,9.86,3.23,3.23
2024-09-27 00:00:00,-0.01,0.67,-0.01,0.67,0.67,0.67
2024-09-27 01:00:00,-0.59,0.00,-0.59,0.00,0.00,0.00
2024-09-27 02:00:00,-0.20,-0.20,-0.20,-0.20,-0.20,-0.20
2024-09-27 03:00:00,-0.03,-0.03,-0.03,-0.03,-0.03,-0.03
2024-09-27 04:00:00,0.00,4.18,0.00,4.65,4.18,4.18
2024-09-27 05:00:00,25.92,11.43,25.92,21.28,11.43,11.43
2024-09-27 06:00:00,39.92,14.28,39.92,23.90,14.28,14.28
2024-09-27 07:00:00,7.90,9.50,5.53,19.19,9.50,9.50
2024-09-27 08:00:00,8.35,8.35,-0.09,12.01,8.35,8.35
2024-09-27 09:00:00,10.83,6.00,-3.75,11.99,6.00,6.00
2024-09-27 10:00:00,9.64,6.27,-5.56,9.92,6.27,6.27
2024-09-27 11:00:00,4.92,4.92,-6.32,10.94,4.92,4.92
2024-09-27 12:00:00,4.06,4.06,-5.05,14.83,4.06,4.06
2024-09-27 13:00:00,4.75,4.75,-0.11,17.27,4.75,4.75
2024-09-27 14:00:00,5.01,5.01,0.00,20.95,5.01,5.01
2024-09-27 15:00:00,37.83,32.82,37.83,25.22,14.07,14.07
2024-09-27 16:00:00,62.55,62.55,62.55,37.07,13.43,13.43
2024-09-27 17:00:00,60.47,60.47,60.47,42.49,12.13,12.13
2024-09-27 18:00:00,59.57,29.34,59.57,41.81,8.74,8.74
2024-09-27 19:00:00,33.09,19.97,33.09,32.13,5.01,5.01
2024-09-27 20:00:00,26.03,26.03,26.03,25.27,4.92,4.92
2024-09-27 21:00:00,25.00,25.00,25.00,24.28,3.71,3.71
2024-09-27 22:00:00,1.77,2.90,1.77,23.33,2.90,2.90
2024-09-27 23:00:00,3.03,3.03,3.03,14.84,3.03,3.03
2024-09-28 00:00:00,3.29,3.29,3.29,3.40,3.29,3.29
2024-09-28 01:00:00,3.16,3.16,3.16,3.26,3.16,3.16
2024-09-28 02:00:00,3.27,3.27,3.27,3.38,3.27,3.27
2024-09-28 03:00:00,4.15,4.15,4.15,4.28,4.15,4.15
2024-09-28 04:00:00,11.96,5.15,11.96,12.34,5.15,5.15
2024-09-28 05:00:00,22.28,9.10,22.28,22.92,9.10,9.10
2024-09-28 06:00:00,26.21,14.51,26.21,24.25,14.51,14.51
2024-09-28 07:00:00,18.91,15.99,18.91,20.78,15.99,15.99
2024-09-28 08:00:00,9.75,9.75,9.75,11.59,9.75,9.75
2024-09-28 09:00:00,3.78,3.78,3.78,12.00,4.19,4.19
2024-09-28 10:00:00,0.65,0.65,0.65,4.17,4.17,4.17
2024-09-28 11:00:00,0.00,0.00,0.00,3.62,3.62,3.62
2024-09-28 12:00:00,0.00,0.00,0.00,5.73,3.39,3.39
2024-09-28 13:00:00,0.06,3.29,0.06,19.96,3.29,3.29
2024-09-28 14:00:00,9.82,6.59,9.82,23.24,6.59,6.59
2024-09-28 15:00:00,43.64,10.09,63.23,28.27,10.09,10.09
2024-09-28 16:00:00,42.97,42.97,80.28,30.99,10.86,10.86
2024-09-28 17:00:00,46.84,46.84,100.08,34.78,8.07,8.07
2024-09-28 18:00:00,36.03,36.03,96.31,34.99,5.36,5.36
2024-09-28 19:00:00,35.55,10.17,80.70,34.52,4.23,4.23
2024-09-28 20:00:00,35.28,26.43,80.28,34.94,3.69,3.69
2024-09-28 21:00:00,41.80,3.76,74.73,39.91,3.76,3.76
2024-09-28 22:00:00,36.68,3.89,60.66,35.61,3.89,3.89
2024-09-28 23:00:00,39.44,3.29,45.50,38.30,3.13,3.13
2024-09-29 00:00:00,44.07,3.30,44.16,42.79,2.45,2.45
2024-09-29 01:00:00,43.35,10.19,43.35,42.01,1.55,1.55
2024-09-29 02:00:00,57.74,26.82,57.74,46.83,1.51,1.51
2024-09-29 03:00:00,73.63,73.63,73.63,47.29,2.27,2.27
2024-09-29 04:00:00,77.00,77.00,77.00,47.70,2.69,2.69
2024-09-29 05:00:00,98.00,98.00,98.00,47.53,3.63,3.63
2024-09-29 06:00:00,96.88,96.88,96.88,44.98,4.44,4.44
2024-09-29 07:00:00,54.43,54.43,54.43,31.70,4.91,4.91
2024-09-29 08:00:00,1.33,1.33,1.33,30.03,1.33,1.33
2024-09-29 09:00:00,0.00,0.00,0.00,25.00,0.00,0.00
2024-09-29 10:00:00,-0.01,-0.01,-0.01,20.99,-0.01,-0.01
2024-09-29 11:00:00,-0.49,-0.49,-0.50,21.68,-0.49,-0.49
2024-09-29 12:00:00,-0.45,-0.45,-0.45,24.92,-0.44,-0.44
2024-09-29 13:00:00,0.00,0.00,0.00,30.41,0.00,0.00
2024-09-29 14:00:00,43.24,43.24,43.24,35.65,5.19,5.19
2024-09-29 15:00:00,94.01,94.01,94.01,41.55,10.92,10.92
2024-09-29 16:00:00,152.59,152.59,152.59,48.73,17.92,17.92
2024-09-29 17:00:00,167.32,167.32,167.32,48.99,29.94,29.94
2024-09-29 18:00:00,109.61,109.61,109.61,48.99,23.91,23.91
2024-09-29 19:00:00,80.13,80.13,80.13,48.69,11.34,11.34
2024-09-29 20:00:00,64.30,64.30,64.30,48.57,10.10,10.10
2024-09-29 21:00:00,37.39,37.39,37.39,36.30,10.81,10.81
2024-09-29 22:00:00,19.00,19.00,19.00,27.06,14.94,14.94
2024-09-29 23:00:00,11.45,11.45,11.45,17.55,11.36,11.36
2024-09-30 00:00:00,8.40,8.40,8.40,8.40,8.40,8.40
2024-09-30 01:00:00,5.53,5.53,5.53,5.53,5.53,5.53
2024-09-30 02:00:00,5.61,9.02,5.61,9.02,9.02,9.02
2024-09-30 03:00:00,16.98,16.98,16.98,22.41,16.98,16.98
2024-09-30 04:00:00,42.23,42.23,45.64,36.09,36.09,36.09
2024-09-30 05:00:00,80.10,80.10,90.42,56.51,56.51,56.51
2024-09-30 06:00:00,80.10,80.10,93.55,57.07,57.07,57.07
2024-09-30 07:00:00,60.00,60.00,68.46,47.34,47.34,47.34
2024-09-30 08:00:00,36.58,36.58,44.41,36.11,36.11,36.11
2024-09-30 09:00:00,20.91,20.91,20.91,24.39,20.91,20.91
2024-09-30 10:00:00,9.28,9.28,9.28,19.92,16.33,16.33
2024-09-30 11:00:00,2.06,2.06,2.06,13.72,13.72,13.72
2024-09-30 12:00:00,7.63,12.73,7.63,14.99,12.73,12.73
2024-09-30 13:00:00,21.96,16.86,21.96,22.61,16.86,16.86
2024-09-30 14:00:00,24.19,24.19,35.13,26.97,24.19,24.19
2024-09-30 15:00:00,32.72,32.72,64.60,32.72,32.72,32.72
2024-09-30 16:00:00,35.99,35.99,70.36,35.99,35.99,35.99
2024-09-30 17:00:00,36.63,36.63,64.24,36.63,36.63,36.63
2024-09-30 18:00:00,36.30,17.10,42.35,34.14,9.47,9.47
2024-09-30 19:00:00,21.93,4.19,21.93,25.78,4.19,4.19
2024-09-30 20:00:00,20.01,3.28,20.01,20.65,2.03,2.03
2024-09-30 21:00:00,9.84,3.25,9.84,10.16,0.00,0.00
2024-09-30 22:00:00,3.21,3.21,3.21,3.31,0.65,0.65
2024-09-30 23:00:00,0.07,0.07,0.07,0.08,0.07,0.07
2024-10-01 00:00:00,0.05,0.05,0.05,0.05,0.05,0.05
2024-10-01 01:00:00,0.02,0.02,0.02,0.02,0.02,0.02
2024-10-01 02:00:00,0.09,0.09,0.09,8.00,0.09,0.09
2024-10-01 03:00:00,6.80,3.30,6.80,25.25,3.30,3.30
2024-10-01 04:00:00,33.48,10.07,63.96,33.35,7.82,7.82
2024-10-01 05:00:00,39.42,39.42,103.35,38.03,24.95,24.95
2024-10-01 06:00:00,41.32,41.32,114.98,41.32,41.32,41.32
2024-10-01 07:00:00,41.51,41.51,100.41,41.51,41.51,41.51
2024-10-01 08:00:00,38.65,38.65,76.48,38.65,38.65,38.65
2024-10-01 09:00:00,34.99,34.99,68.21,36.04,34.99,34.99
2024-10-01 10:00:00,34.96,31.24,58.60,36.00,31.24,31.24
2024-10-01 11:00:00,34.99,29.99,55.66,36.03,29.99,29.99
2024-10-01 12:00:00,34.96,34.96,56.51,36.01,34.96,34.96
2024-10-01 13:00:00,39.71,39.71,62.18,39.71,39.71,39.71
2024-10-01 14:00:00,43.56,43.56,98.94,43.56,43.56,43.56
2024-10-01 15:00:00,52.71,52.71,109.58,49.92,49.92,49.92
2024-10-01 16:00:00,54.40,54.40,133.90,52.83,52.83,52.83
2024-10-01 17:00:00,56.52,56.52,136.51,54.88,54.88,54.88
2024-10-01 18:00:00,49.20,49.20,118.54,47.77,47.77,47.77
2024-10-01 19:00:00,46.33,46.33,92.30,44.99,44.99,44.99
2024-10-01 20:00:00,43.14,43.14,91.45,41.89,41.89,41.89
2024-10-01 21:00:00,41.57,41.57,76.24,40.36,36.36,36.36
2024-10-01 22:00:00,58.04,58.04,85.44,46.73,40.03,40.03
2024-10-01 23:00:00,49.26,49.26,80.88,47.84,39.60,39.60
2024-10-02 00:00:00,50.09,50.09,77.09,48.64,38.99,38.99
2024-10-02 01:00:00,48.99,48.99,74.93,47.57,39.73,39.73
2024-10-02 02:00:00,48.64,40.26,77.14,47.23,40.26,40.26
2024-10-02 03:00:00,48.74,48.74,81.10,47.32,42.35,42.35
2024-10-02 04:00:00,79.98,79.98,96.53,50.22,50.22,50.22
2024-10-02 05:00:00,92.91,92.91,118.83,81.12,81.12,81.12
2024-10-02 06:00:00,122.54,122.54,135.70,122.54,122.54,122.54
2024-10-02 07:00:00,94.03,94.03,117.59,91.30,91.30,91.30
2024-10-02 08:00:00,65.02,65.02,103.21,61.93,61.93,61.93
2024-10-02 09:00:00,52.89,52.89,96.52,51.36,51.36,51.36
2024-10-02 10:00:00,57.80,57.80,90.45,54.90,54.90,54.90
2024-10-02 11:00:00,80.07,80.07,86.44,50.47,50.47,50.47
2024-10-02 12:00:00,78.40,78.40,78.87,50.34,50.34,50.34
2024-10-02 13:00:00,81.43,81.43,82.07,50.01,50.01,50.01
2024-10-02 14:00:00,81.51,81.51,81.51,51.75,51.75,51.75
2024-10-02 15:00:00,100.10,100.10,100.10,59.87,59.87,59.87
2024-10-02 16:00:00,117.01,117.01,117.01,57.29,57.29,57.29
2024-10-02 17:00:00,130.07,130.07,130.07,53.32,53.32,53.32
2024-10-02 18:00:00,114.37,114.37,114.37,51.11,51.11,51.11
2024-10-02 19:00:00,96.54,96.54,96.54,50.14,46.99,46.99
2024-10-02 20:00:00,93.30,93.30,93.30,48.87,43.09,43.09
2024-10-02 21:00:00,85.00,85.00,85.00,47.11,34.37,34.37
2024-10-02 22:00:00,67.33,67.33,67.33,47.90,23.79,23.79
2024-10-02 23:00:00,65.86,65.86,65.86,47.03,21.64,21.64
2024-10-03 00:00:00,65.14,65.14,65.14,46.58,20.25,20.25
2024-10-03 01:00:00,64.18,64.18,64.18,46.31,19.75,19.75
2024-10-03 02:00:00,63.98,63.98,63.98,46.71,19.48,19.48
2024-10-03 03:00:00,64.40,64.40,64.40,48.16,22.05,22.05
2024-10-03 04:00:00,65.43,65.43,65.43,49.03,49.03,49.03
2024-10-03 05:00:00,73.37,73.37,73.37,71.09,71.09,71.09
2024-10-03 06:00:00,76.67,76.67,76.67,74.29,74.29,74.29
2024-10-03 07:00:00,72.90,72.90,72.90,64.97,64.97,64.97
2024-10-03 08:00:00,69.28,69.28,69.28,51.06,51.06,51.06
2024-10-03 09:00:00,63.04,63.04,63.04,49.15,49.15,49.15
2024-10-03 10:00:00,47.09,47.09,47.09,45.13,44.80,44.80
2024-10-03 11:00:00,33.98,33.98,33.98,35.58,33.00,33.00
2024-10-03 12:00:00,39.14,39.14,39.14,39.60,38.20,38.20
2024-10-03 13:00:00,51.36,51.36,51.36,48.10,48.10,48.10
2024-10-03 14:00:00,66.04,66.04,66.04,49.32,49.32,49.32
2024-10-03 15:00:00,89.70,89.70,89.70,51.09,51.09,51.09
2024-10-03 16:00:00,110.07,110.07,110.07,58.83,58.83,58.83
2024-10-03 17:00:00,115.32,115.32,115.32,60.00,60.00,60.00
2024-10-03 18:00:00,108.28,108.28,108.28,65.55,65.55,65.55
2024-10-03 19:00:00,98.76,98.76,98.76,53.00,53.00,53.00
2024-10-03 20:00:00,90.96,90.96,90.96,49.88,49.88,49.88
2024-10-03 21:00:00,81.46,81.46,81.46,49.07,34.95,34.95
2024-10-03 22:00:00,73.90,73.90,73.90,48.32,42.01,42.01
2024-10-03 23:00:00,72.52,72.52,72.52,48.20,32.00,32.00
2024-10-04 00:00:00,72.10,72.10,72.10,48.02,25.62,25.62
2024-10-04 01:00:00,72.00,72.00,72.00,48.05,21.62,21.62
2024-10-04 02:00:00,72.33,72.33,72.33,48.10,24.50,24.50
2024-10-04 03:00:00,77.10,77.10,77.10,48.24,44.58,44.58
2024-10-04 04:00:00,103.00,103.00,103.00,49.13,48.99,48.99
2024-10-04 05:00:00,126.54,126.54,126.54,122.61,122.61,122.61
2024-10-04 06:00:00,141.42,141.42,141.42,136.89,136.89,136.89
2024-10-04 07:00:00,116.27,116.27,116.27,112.66,112.66,112.66
2024-10-04 08:00:00,100.09,100.09,100.09,56.95,56.95,56.95
2024-10-04 09:00:00,85.00,85.00,85.00,49.77,49.77,49.77
2024-10-04 10:00:00,75.07,75.07,75.07,49.57,47.00,47.00
2024-10-04 11:00:00,73.49,73.49,73.49,49.38,28.39,28.39
2024-10-04 12:00:00,75.82,75.82,75.82,49.31,26.99,26.99
2024-10-04 13:00:00,79.07,79.07,79.07,49.10,26.92,26.92
2024-10-04 14:00:00,89.80,89.80,89.80,49.06,43.72,43.72
2024-10-04 15:00:00,107.10,107.10,107.10,49.18,49.18,49.18
2024-10-04 16:00:00,131.97,131.97,131.97,79.98,79.98,79.98
2024-10-04 17:00:00,149.02,149.02,149.02,123.05,123.05,123.05
2024-10-04 18:00:00,123.70,123.70,123.70,49.60,48.94,48.94
2024-10-04 19:00:00,99.90,99.90,99.90,49.87,36.00,36.00
2024-10-04 20:00:00,99.90,99.90,99.90,49.42,27.64,27.64
2024-10-04 21:00:00,90.00,90.00,90.00,49.04,19.17,19.17
2024-10-04 22:00:00,93.10,93.10,93.10,48.74,21.77,21.77
2024-10-04 23:00:00,84.64,84.64,84.64,48.44,20.27,20.27
2024-10-05 00:00:00,81.40,81.40,81.40,48.38,20.00,20.00
2024-10-05 01:00:00,75.54,75.54,75.54,48.31,19.74,19.74
2024-10-05 02:00:00,75.72,75.72,75.72,48.27,20.27,20.27
2024-10-05 03:00:00,79.82,79.82,79.82,48.22,22.05,22.05
2024-10-05 04:00:00,86.20,86.20,86.20,48.38,21.49,21.49
2024-10-05 05:00:00,100.40,100.40,100.40,48.45,24.68,24.68
2024-10-05 06:00:00,110.62,110.62,110.62,48.85,28.33,28.33
2024-10-05 07:00:00,103.00,103.00,103.00,48.92,30.29,30.29
2024-10-05 08:00:00,82.42,82.42,82.42,48.94,29.83,29.83
2024-10-05 09:00:00,68.27,68.27,68.27,48.83,28.42,28.42
2024-10-05 10:00:00,51.44,51.44,51.44,48.05,27.32,27.32
2024-10-05 11:00:00,38.88,38.88,38.88,39.23,26.95,26.95
2024-10-05 12:00:00,43.49,43.49,43.49,42.22,26.20,26.20
2024-10-05 13:00:00,56.16,62.92,62.92,48.00,26.94,26.94
2024-10-05 14:00:00,72.98,77.12,77.12,48.91,28.94,28.94
2024-10-05 15:00:00,92.55,99.48,99.48,48.99,33.06,33.06
2024-10-05 16:00:00,138.07,148.65,148.65,49.01,44.10,44.10
2024-10-05 17:00:00,137.97,143.28,143.28,48.86,42.33,42.33
2024-10-05 18:00:00,107.23,107.23,107.23,48.66,26.97,26.97
2024-10-05 19:00:00,94.57,96.56,96.56,48.55,23.97,23.97
2024-10-05 20:00:00,84.97,85.23,85.23,48.41,21.99,21.99
2024-10-05 21:00:00,67.00,67.00,67.00,48.26,20.27,20.27
2024-10-05 22:00:00,65.12,65.33,67.04,48.44,19.05,19.05
2024-10-05 23:00:00,60.65,60.65,63.97,47.54,17.85,17.85
2024-10-06 00:00:00,59.10,59.10,62.83,47.59,17.10,17.10
2024-10-06 01:00:00,58.13,58.13,63.35,47.49,16.81,16.81
2024-10-06 02:00:00,56.93,56.93,62.71,47.69,16.86,16.86
2024-10-06 03:00:00,58.13,58.13,63.97,47.73,17.95,17.95
2024-10-06 04:00:00,57.93,57.93,63.41,47.73,21.06,21.06
2024-10-06 05:00:00,70.42,70.42,72.81,48.22,22.35,22.35
2024-10-06 06:00:00,65.87,77.20,77.20,47.24,23.36,23.36
2024-10-06 07:00:00,60.06,66.06,66.06,42.68,23.85,23.85
2024-10-06 08:00:00,35.28,26.02,35.28,37.14,23.73,23.73
2024-10-06 09:00:00,16.68,17.00,16.68,32.25,17.00,17.00
2024-10-06 10:00:00,10.69,14.20,5.25,27.36,14.20,14.20
2024-10-06 11:00:00,5.62,12.52,-0.01,26.22,12.52,12.52
2024-10-06 12:00:00,2.18,15.28,-0.01,28.76,15.28,15.28
2024-10-06 13:00:00,1.79,18.72,0.20,33.71,18.72,18.72
2024-10-06 14:00:00,53.10,27.20,59.60,38.45,27.20,27.20
2024-10-06 15:00:00,82.78,90.94,90.94,45.16,38.82,38.82
2024-10-06 16:00:00,106.30,106.30,106.30,48.00,44.96,44.96
2024-10-06 17:00:00,97.22,97.22,97.22,48.24,46.99,46.99
2024-10-06 18:00:00,72.98,72.98,72.98,48.10,43.95,43.95
2024-10-06 19:00:00,59.37,59.37,59.37,47.54,41.32,41.32
2024-10-06 20:00:00,58.69,58.69,58.69,47.06,28.96,28.96
2024-10-06 21:00:00,51.71,51.71,51.71,46.66,26.21,26.21
2024-10-06 22:00:00,34.58,34.58,34.58,44.92,27.30,27.30
2024-10-06 23:00:00,35.34,35.34,35.34,35.34,25.28,25.28
2024-10-07 00:00:00,33.25,33.25,33.25,33.25,24.65,24.65
2024-10-07 01:00:00,30.15,30.15,30.15,30.15,25.13,25.13
2024-10-07 02:00:00,34.95,34.95,36.09,34.95,27.43,27.43
2024-10-07 03:00:00,39.16,39.16,46.73,39.16,39.16,39.16
2024-10-07 04:00:00,44.99,44.99,67.59,42.85,42.85,42.85
2024-10-07 05:00:00,50.75,50.75,100.92,48.98,48.98,48.98
2024-10-07 06:00:00,55.55,55.55,108.32,53.94,53.94,53.94
2024-10-07 07:00:00,51.48,51.48,91.86,49.99,51.48,51.48
2024-10-07 08:00:00,49.96,49.96,66.09,48.51,48.51,48.51
2024-10-07 09:00:00,47.80,47.80,60.22,46.41,46.41,46.41
2024-10-07 10:00:00,45.73,45.73,54.11,44.41,44.41,44.41
2024-10-07 11:00:00,43.20,43.20,43.29,41.95,41.95,41.95
2024-10-07 12:00:00,48.08,48.08,55.00,46.69,39.20,39.20
2024-10-07 13:00:00,61.45,61.45,67.01,47.62,43.59,43.59
2024-10-07 14:00:00,88.79,88.79,97.90,47.33,46.10,46.10
2024-10-07 15:00:00,117.20,117.20,120.71,48.29,48.29,48.29
2024-10-07 16:00:00,188.49,188.49,237.65,48.46,48.46,48.46
2024-10-07 17:00:00,188.53,188.53,229.53,48.01,48.01,48.01
2024-10-07 18:00:00,121.98,121.98,121.98,48.05,43.97,43.97
2024-10-07 19:00:00,99.93,99.93,99.93,48.08,23.94,23.94
2024-10-07 20:00:00,91.91,91.91,91.91,48.03,23.34,23.34
2024-10-07 21:00:00,79.12,79.12,79.12,47.20,19.33,19.33
2024-10-07 22:00:00,72.33,72.33,72.33,46.47,21.12,21.12
2024-10-07 23:00:00,67.07,67.07,67.07,45.81,18.42,18.42
2024-10-08 00:00:00,63.99,63.99,63.99,45.69,17.49,17.49
2024-10-08 01:00:00,59.67,59.67,59.67,45.63,17.20,17.20
2024-10-08 02:00:00,59.69,59.69,59.69,45.80,18.01,18.01
2024-10-08 03:00:00,67.43,67.43,67.43,46.35,23.62,23.62
2024-10-08 04:00:00,85.97,85.97,85.97,47.45,42.00,42.00
2024-10-08 05:00:00,110.37,110.37,110.37,47.94,47.94,47.94
2024-10-08 06:00:00,106.24,106.24,106.24,68.85,68.85,68.85
2024-10-08 07:00:00,85.00,85.00,85.00,82.37,82.37,82.37
2024-10-08 08:00:00,80.33,80.33,80.33,51.45,51.45,51.45
2024-10-08 09:00:00,73.42,73.42,80.50,47.80,47.80,47.80
2024-10-08 10:00:00,66.51,66.51,76.00,47.67,39.11,39.11
2024-10-08 11:00:00,70.97,70.97,82.53,47.68,30.79,30.79
2024-10-08 12:00:00,75.79,75.79,88.39,47.60,24.91,24.91
2024-10-08 13:00:00,77.53,77.53,90.08,47.69,23.96,23.96
2024-10-08 14:00:00,93.13,101.19,101.19,47.57,23.68,23.68
2024-10-08 15:00:00,114.00,126.34,126.34,47.80,26.91,26.91
2024-10-08 16:00:00,144.00,156.77,156.77,48.07,31.99,31.99
2024-10-08 17:00:00,153.09,168.20,168.20,47.94,17.28,17.28
2024-10-08 18:00:00,114.41,114.41,114.41,47.87,10.35,10.35
2024-10-08 19:00:00,94.90,94.90,94.90,47.87,4.99,4.99
2024-10-08 20:00:00,86.60,86.60,86.60,47.60,4.90,4.90
2024-10-08 21:00:00,67.60,67.60,67.60,47.31,3.57,3.57
2024-10-08 22:00:00,61.93,61.93,61.93,41.38,2.18,2.18
2024-10-08 23:00:00,60.00,60.00,60.00,41.20,2.60,2.60
2024-10-09 00:00:00,57.48,57.48,57.48,41.36,2.55,2.55
2024-10-09 01:00:00,54.32,54.32,54.32,41.69,2.31,2.31
2024-10-09 02:00:00,57.32,57.32,57.32,43.79,2.04,2.04
2024-10-09 03:00:00,63.87,63.87,63.87,46.06,3.37,3.37
2024-10-09 04:00:00,86.70,86.70,86.70,46.70,4.87,4.87
2024-10-09 05:00:00,110.80,111.19,111.19,46.57,9.85,9.85
2024-10-09 06:00:00,110.98,110.98,110.98,46.56,11.18,11.18
2024-10-09 07:00:00,87.00,87.00,87.00,46.24,11.40,11.40
2024-10-09 08:00:00,72.09,72.09,72.09,46.11,11.22,11.22
2024-10-09 09:00:00,59.90,59.90,59.90,46.10,9.38,9.38
2024-10-09 10:00:00,59.80,59.80,59.80,46.05,7.96,7.96
2024-10-09 11:00:00,59.85,59.85,59.85,46.10,7.22,7.22
2024-10-09 12:00:00,67.63,67.63,67.63,46.15,7.56,7.56
2024-10-09 13:00:00,77.17,77.17,77.17,46.06,8.09,8.09
2024-10-09 14:00:00,95.00,95.00,95.00,46.29,9.03,9.03
2024-10-09 15:00:00,117.45,117.45,117.45,46.45,14.13,14.13
2024-10-09 16:00:00,122.53,122.53,122.53,46.52,14.24,14.24
2024-10-09 17:00:00,127.12,127.12,127.12,46.73,13.51,13.51
2024-10-09 18:00:00,111.05,111.05,111.05,46.65,11.48,11.48
2024-10-09 19:00:00,95.80,95.80,95.80,46.50,10.11,10.11
2024-10-09 20:00:00,95.10,95.10,95.10,46.17,8.66,8.66
2024-10-09 21:00:00,82.34,82.34,82.34,46.02,6.95,6.95
2024-10-09 22:00:00,61.19,61.19,61.19,46.89,7.14,7.14
2024-10-09 23:00:00,46.89,46.89,46.89,43.94,8.61,8.61
2024-10-10 00:00:00,37.75,37.75,37.75,37.75,10.00,10.00
2024-10-10 01:00:00,32.00,32.00,32.00,32.00,10.95,10.95
2024-10-10 02:00:00,29.64,29.64,29.64,30.20,14.24,14.24
2024-10-10 03:00:00,39.60,39.60,39.60,38.95,15.50,15.50
2024-10-10 04:00:00,62.10,62.10,62.10,47.35,17.95,17.95
2024-10-10 05:00:00,84.90,84.90,84.90,47.67,24.84,24.84
2024-10-10 06:00:00,80.46,80.46,80.46,47.47,31.96,31.96
2024-10-10 07:00:00,67.50,67.50,67.50,46.27,26.50,26.50
2024-10-10 08:00:00,52.01,52.01,52.01,42.09,24.98,24.98
2024-10-10 09:00:00,38.93,38.93,38.93,38.00,24.74,24.74
2024-10-10 10:00:00,21.89,21.89,21.89,31.58,21.83,21.83
2024-10-10 11:00:00,15.94,15.94,15.94,19.90,15.94,15.94
2024-10-10 12:00:00,20.01,20.01,20.01,28.75,19.78,19.78
2024-10-10 13:00:00,37.18,37.18,38.37,37.18,19.90,19.90
2024-10-10 14:00:00,37.18,37.18,58.50,37.18,17.91,17.91
2024-10-10 15:00:00,38.23,38.23,85.82,38.23,15.99,15.99
2024-10-10 16:00:00,39.48,39.48,96.07,39.48,15.96,15.96
2024-10-10 17:00:00,38.64,38.64,119.32,38.64,11.57,11.57
2024-10-10 18:00:00,36.82,36.82,101.19,37.92,6.16,6.16
2024-10-10 19:00:00,35.38,25.04,90.41,36.44,3.32,3.32
2024-10-10 20:00:00,30.00,13.48,83.16,32.99,0.00,0.00
2024-10-10 21:00:00,31.68,3.29,69.93,32.63,-1.01,-1.01
2024-10-10 22:00:00,34.71,3.27,79.96,34.77,-1.99,-1.99
2024-10-10 23:00:00,34.72,3.27,73.21,34.72,-2.00,-2.00
2024-10-11 00:00:00,35.09,3.28,71.70,35.42,-2.01,-2.01
2024-10-11 01:00:00,35.88,3.27,67.91,35.88,-2.07,-2.07
2024-10-11 02:00:00,35.91,3.27,69.56,36.98,-2.00,-2.00
2024-10-11 03:00:00,36.76,3.28,73.39,39.51,-0.80,-0.80
2024-10-11 04:00:00,41.32,33.90,99.95,41.62,-0.01,-0.01
2024-10-11 05:00:00,58.89,58.89,140.41,46.94,3.03,3.03
2024-10-11 06:00:00,79.63,79.63,155.49,48.99,4.14,4.14
2024-10-11 07:00:00,53.72,53.72,110.01,48.54,4.12,4.12
2024-10-11 08:00:00,49.32,49.32,90.00,46.62,3.64,3.64
2024-10-11 09:00:00,43.57,24.66,72.35,43.57,3.02,3.02
2024-10-11 10:00:00,42.43,21.04,61.65,42.43,2.94,2.94
2024-10-11 11:00:00,41.59,33.92,57.17,41.59,3.28,3.28
2024-10-11 12:00:00,40.13,33.78,59.56,40.13,4.17,4.17
2024-10-11 13:00:00,39.97,39.97,66.96,39.97,7.54,7.54
2024-10-11 14:00:00,40.07,40.07,73.35,40.97,14.85,14.85
2024-10-11 15:00:00,66.59,66.59,112.78,43.94,19.60,19.60
2024-10-11 16:00:00,125.94,125.94,167.86,44.98,20.36,20.36
2024-10-11 17:00:00,161.97,161.97,174.24,46.53,18.60,18.60
2024-10-11 18:00:00,120.00,120.00,121.31,48.90,16.55,16.55
2024-10-11 19:00:00,99.79,99.79,99.79,50.35,14.96,14.96
2024-10-11 20:00:00,98.41,98.41,98.41,50.31,14.10,14.10
2024-10-11 21:00:00,87.83,87.83,87.83,47.95,11.35,11.35
2024-10-11 22:00:00,90.09,90.09,90.09,46.91,10.67,10.67
2024-10-11 23:00:00,79.42,79.42,79.42,46.86,10.11,10.11
2024-10-12 00:00:00,75.58,75.58,75.58,46.78,10.17,10.17
2024-10-12 01:00:00,75.02,75.02,75.02,46.73,10.64,10.64
2024-10-12 02:00:00,71.92,71.92,71.92,46.59,10.51,10.51
2024-10-12 03:00:00,67.90,67.90,67.90,46.48,11.41,11.41
2024-10-12 04:00:00,71.63,71.63,71.63,46.16,11.73,11.73
2024-10-12 05:00:00,53.63,53.63,68.73,43.99,14.52,14.52
2024-10-12 06:00:00,50.71,50.71,68.91,43.58,15.29,15.29
2024-10-12 07:00:00,41.67,41.67,41.82,39.94,15.61,15.61
2024-10-12 08:00:00,35.30,35.30,35.30,37.03,15.94,15.94
2024-10-12 09:00:00,34.28,34.28,34.28,34.28,15.84,15.84
2024-10-12 10:00:00,24.79,24.79,24.79,26.68,15.29,15.29
2024-10-12 11:00:00,14.33,14.33,14.33,18.16,13.99,13.99
2024-10-12 12:00:00,23.34,23.34,23.34,30.62,11.94,11.94
2024-10-12 13:00:00,35.31,35.31,46.35,35.31,11.81,11.81
2024-10-12 14:00:00,29.35,29.35,63.18,39.03,10.46,10.46
2024-10-12 15:00:00,56.80,56.80,76.02,41.23,8.17,8.17
2024-10-12 16:00:00,48.51,48.51,80.86,44.10,5.86,5.86
2024-10-12 17:00:00,40.08,40.08,77.62,41.92,4.03,4.03
2024-10-12 18:00:00,38.78,27.80,60.19,39.94,1.87,1.87
2024-10-12 19:00:00,38.64,18.08,45.42,39.80,0.01,0.01
2024-10-12 20:00:00,34.87,13.70,34.87,34.99,-0.01,-0.01
2024-10-12 21:00:00,25.37,5.60,25.37,26.18,-0.57,-0.57
2024-10-12 22:00:00,0.00,0.00,0.00,0.00,0.00,0.00
2024-10-12 23:00:00,-0.01,-0.01,-0.01,-0.01,-0.01,-0.01
2024-10-13 00:00:00,-0.07,-0.07,-0.07,-0.07,-0.07,-0.07
2024-10-13 01:00:00,-0.37,-0.37,-0.37,-0.37,-0.37,-0.37
2024-10-13 02:00:00,-0.51,-0.51,-0.51,-0.51,-0.51,-0.51
2024-10-13 03:00:00,-0.09,-0.09,-0.09,-0.09,-0.09,-0.09
2024-10-13 04:00:00,-0.01,-0.01,-0.30,-0.01,-0.01,-0.01
2024-10-13 05:00:00,1.72,0.02,-0.04,1.77,0.02,0.02
2024-10-13 06:00:00,17.96,2.75,-0.07,18.50,2.75,2.75
2024-10-13 07:00:00,9.85,3.90,-0.86,10.15,3.90,3.90
2024-10-13 08:00:00,4.91,4.91,-0.64,5.06,4.91,4.91
2024-10-13 09:00:00,6.21,6.21,-1.97,6.40,6.21,6.21
2024-10-13 10:00:00,6.38,6.38,-7.49,6.57,6.38,6.38
2024-10-13 11:00:00,7.10,7.10,-15.16,7.31,7.10,7.10
2024-10-13 12:00:00,7.92,7.92,-15.69,8.16,7.92,7.92
2024-10-13 13:00:00,12.68,12.68,-5.01,13.06,12.68,12.68
2024-10-13 14:00:00,15.85,15.85,-1.99,25.44,15.85,15.85
2024-10-13 15:00:00,22.25,20.94,0.06,31.21,20.94,20.94
2024-10-13 16:00:00,35.83,34.97,35.83,34.97,34.97,34.97
2024-10-13 17:00:00,54.05,50.10,54.05,40.20,40.20,40.20
2024-10-13 18:00:00,39.51,39.51,39.51,39.51,38.56,38.56
2024-10-13 19:00:00,38.43,38.43,38.43,38.43,32.87,32.87
2024-10-13 20:00:00,40.13,40.13,40.13,38.96,32.73,32.73
2024-10-13 21:00:00,36.81,36.81,36.81,36.81,25.02,25.02
2024-10-13 22:00:00,37.10,37.10,37.10,37.10,19.66,19.66
2024-10-13 23:00:00,35.25,35.25,35.25,35.25,22.36,22.36
2024-10-14 00:00:00,35.17,35.17,35.17,35.17,22.73,22.73
2024-10-14 01:00:00,34.36,34.36,34.36,35.46,22.94,22.94
2024-10-14 02:00:00,39.33,39.33,39.33,40.66,23.50,23.50
2024-10-14 03:00:00,62.20,62.20,62.20,43.01,25.84,60.70
2024-10-14 04:00:00,98.74,98.74,98.74,44.22,44.22,96.37
2024-10-14 05:00:00,130.53,130.53,132.89,49.93,49.93,129.70
2024-10-14 06:00:00,153.12,153.12,153.61,53.28,53.28,153.12
2024-10-14 07:00:00,117.94,117.94,117.94,52.49,52.49,115.11
2024-10-14 08:00:00,100.95,100.95,100.95,49.53,49.53,98.53
2024-10-14 09:00:00,93.23,93.23,95.53,46.33,46.33,93.23
2024-10-14 10:00:00,86.24,86.24,88.36,45.35,45.35,86.24
2024-10-14 11:00:00,82.60,82.60,82.60,44.39,44.39,80.62
2024-10-14 12:00:00,74.16,74.16,74.16,44.40,44.40,72.38
2024-10-14 13:00:00,87.08,87.08,87.08,45.03,45.03,84.99
2024-10-14 14:00:00,105.79,105.79,105.79,46.27,46.27,103.26
2024-10-14 15:00:00,158.51,158.51,159.59,48.63,48.63,155.76
2024-10-14 16:00:00,250.00,250.00,257.10,51.34,51.34,250.00
2024-10-14 17:00:00,263.27,263.27,269.74,53.47,53.47,263.27
2024-10-14 18:00:00,158.00,158.00,158.00,47.73,47.73,154.21
2024-10-14 19:00:00,114.12,114.12,114.12,44.96,40.00,111.38
2024-10-14 20:00:00,99.66,99.66,99.66,44.10,15.31,97.27
2024-10-14 21:00:00,94.80,94.80,94.80,42.37,10.19,39.91
2024-10-14 22:00:00,91.23,91.23,91.23,43.67,8.42,8.42
2024-10-14 23:00:00,86.49,86.49,86.49,43.18,6.62,6.62
2024-10-15 00:00:00,88.35,88.35,88.35,42.98,7.43,7.43
2024-10-15 01:00:00,84.04,84.04,84.04,42.98,6.82,6.82
2024-10-15 02:00:00,80.80,80.80,80.80,43.07,10.50,10.50
2024-10-15 03:00:00,89.51,89.51,89.51,43.67,14.54,14.54
2024-10-15 04:00:00,114.53,114.53,114.53,48.50,48.50,50.00
2024-10-15 05:00:00,185.39,185.39,185.39,129.35,129.35,180.94
2024-10-15 06:00:00,176.61,176.61,176.61,165.65,165.65,172.37
2024-10-15 07:00:00,110.54,110.54,110.54,106.38,106.38,107.89
2024-10-15 08:00:00,92.75,92.75,92.75,59.51,59.51,79.89
2024-10-15 09:00:00,83.05,83.05,83.05,48.38,48.38,48.38
2024-10-15 10:00:00,78.47,78.47,78.47,47.61,35.00,35.00
2024-10-15 11:00:00,71.75,71.75,71.75,46.92,27.24,27.24
2024-10-15 12:00:00,75.90,75.90,75.90,45.24,28.13,28.13
2024-10-15 13:00:00,83.36,83.36,83.36,45.17,35.00,35.00
2024-10-15 14:00:00,89.03,89.03,89.03,45.52,45.52,76.41
2024-10-15 15:00:00,120.69,120.69,120.69,48.46,48.46,117.79
2024-10-15 16:00:00,136.79,136.79,136.79,60.62,60.62,133.51
2024-10-15 17:00:00,97.31,97.31,97.31,61.56,61.56,94.97
2024-10-15 18:00:00,76.26,76.26,76.26,48.47,48.47,74.43
2024-10-15 19:00:00,66.65,66.65,66.65,48.51,20.05,65.06
2024-10-15 20:00:00,59.65,59.65,59.65,45.21,14.07,14.07
2024-10-15 21:00:00,40.78,40.78,40.78,40.78,10.16,10.16
2024-10-15 22:00:00,23.35,23.35,23.35,34.56,11.00,11.00
2024-10-15 23:00:00,12.80,12.80,12.80,13.22,9.23,9.23
2024-10-16 00:00:00,5.30,5.30,5.30,5.46,5.30,5.30
2024-10-16 01:00:00,3.61,3.61,3.61,3.72,3.61,3.61
2024-10-16 02:00:00,3.16,3.25,3.16,3.25,3.25,3.25
2024-10-16 03:00:00,8.20,8.20,8.20,15.01,8.20,8.20
2024-10-16 04:00:00,40.35,40.35,42.59,34.72,16.92,16.92
2024-10-16 05:00:00,47.41,47.41,67.29,44.12,44.12,47.41
2024-10-16 06:00:00,54.45,54.45,66.52,46.43,46.43,49.94
2024-10-16 07:00:00,47.55,47.55,54.29,40.20,29.08,29.08
2024-10-16 08:00:00,26.68,26.68,26.68,34.03,19.46,19.46
2024-10-16 09:00:00,14.16,14.16,14.16,19.96,14.16,14.16
2024-10-16 10:00:00,4.09,4.09,4.09,4.23,4.23,4.23
2024-10-16 11:00:00,2.04,2.95,2.04,2.95,2.95,2.95
2024-10-16 12:00:00,4.00,4.13,4.00,4.13,4.13,4.13
2024-10-16 13:00:00,14.18,14.05,14.18,18.81,14.05,14.05
2024-10-16 14:00:00,33.00,16.56,54.92,31.95,16.56,16.56
2024-10-16 15:00:00,35.25,35.25,72.95,35.25,16.23,16.23
2024-10-16 16:00:00,37.19,37.19,84.47,37.19,16.06,16.06
2024-10-16 17:00:00,36.52,36.52,88.38,36.52,14.28,14.28
2024-10-16 18:00:00,35.85,35.85,65.31,35.85,6.14,6.14
2024-10-16 19:00:00,34.53,11.49,61.86,34.53,4.92,4.92
2024-10-16 20:00:00,32.44,5.07,35.14,32.44,3.01,3.01
2024-10-16 21:00:00,26.54,5.06,26.54,27.27,0.67,0.67
2024-10-16 22:00:00,17.04,3.29,17.04,17.59,0.01,0.01
2024-10-16 23:00:00,12.15,3.29,12.15,12.51,0.00,0.00
2024-10-17 00:00:00,10.48,3.29,10.48,10.79,0.00,0.00
2024-10-17 01:00:00,5.61,3.28,5.61,5.78,-0.01,-0.01
2024-10-17 02:00:00,10.01,3.27,10.01,10.31,-0.01,-0.01
2024-10-17 03:00:00,28.97,3.28,29.80,28.97,0.00,0.00
2024-10-17 04:00:00,35.08,35.08,70.51,36.13,2.72,2.72
2024-10-17 05:00:00,40.03,40.03,101.39,38.87,4.33,4.33
2024-10-17 06:00:00,41.12,41.12,92.53,39.93,4.77,4.77
2024-10-17 07:00:00,40.46,40.46,73.76,39.29,4.29,4.29
2024-10-17 08:00:00,38.46,38.46,62.22,38.46,4.03,4.03
2024-10-17 09:00:00,38.48,38.48,52.02,38.48,3.29,3.29
2024-10-17 10:00:00,38.96,38.96,46.54,38.96,2.87,2.87
2024-10-17 11:00:00,40.92,40.92,47.52,39.70,3.61,3.61
2024-10-17 12:00:00,43.29,43.29,60.04,40.94,4.19,4.19
2024-10-17 13:00:00,63.55,63.55,63.55,39.94,4.17,4.17
2024-10-17 14:00:00,92.68,92.68,92.68,39.69,3.95,3.95
2024-10-17 15:00:00,119.70,119.70,123.60,39.88,3.01,3.01
2024-10-17 16:00:00,173.21,173.21,186.21,40.37,2.59,2.59
2024-10-17 17:00:00,171.00,171.00,172.19,41.46,1.23,1.23
2024-10-17 18:00:00,117.50,117.50,117.50,41.09,0.00,0.00
2024-10-17 19:00:00,97.81,97.81,97.81,40.85,-0.05,-0.05
2024-10-17 20:00:00,89.05,89.05,89.05,41.19,-0.59,-0.59
2024-10-17 21:00:00,82.21,82.21,82.21,39.64,-1.08,-1.08
2024-10-17 22:00:00,80.95,80.95,80.95,39.45,-2.00,-2.00
2024-10-17 23:00:00,81.16,81.16,81.16,39.35,-2.00,-2.00
2024-10-18 00:00:00,82.73,82.73,82.73,39.23,-1.75,-1.75
2024-10-18 01:00:00,78.84,78.84,78.84,39.15,-1.28,-1.28
2024-10-18 02:00:00,81.19,81.19,81.19,39.20,-0.57,-0.57
2024-10-18 03:00:00,84.34,84.34,84.34,39.93,1.60,1.60
2024-10-18 04:00:00,98.89,98.89,98.89,42.27,4.93,4.93
2024-10-18 05:00:00,149.78,149.78,149.78,43.25,12.32,12.32
2024-10-18 06:00:00,156.24,156.24,156.24,43.33,17.91,17.91
2024-10-18 07:00:00,111.00,111.00,111.00,42.39,13.13,13.13
2024-10-18 08:00:00,95.76,95.76,95.76,41.82,13.25,13.25
2024-10-18 09:00:00,85.30,85.30,85.30,42.39,13.27,13.27
2024-10-18 10:00:00,82.96,82.96,82.96,42.18,13.20,13.20
2024-10-18 11:00:00,80.20,80.20,80.20,41.84,13.17,13.17
2024-10-18 12:00:00,81.19,81.19,81.19,41.74,13.17,13.17
2024-10-18 13:00:00,84.34,84.34,84.34,40.83,13.42,13.42
2024-10-18 14:00:00,103.29,103.29,103.29,42.01,17.94,17.94
2024-10-18 15:00:00,133.67,133.67,133.67,42.83,19.93,19.93
2024-10-18 16:00:00,181.28,181.28,181.28,43.01,22.95,22.95
2024-10-18 17:00:00,142.58,142.58,142.58,42.66,13.65,13.65
2024-10-18 18:00:00,103.25,103.25,103.25,42.18,13.09,13.09
2024-10-18 19:00:00,96.83,96.83,96.83,41.54,11.53,11.53
2024-10-18 20:00:00,93.26,93.26,93.26,39.73,9.00,9.00
2024-10-18 21:00:00,85.54,85.54,85.54,38.40,6.36,6.36
2024-10-18 22:00:00,87.06,87.06,87.06,39.45,3.78,3.78
2024-10-18 23:00:00,83.03,83.03,83.03,39.24,3.09,3.09
2024-10-19 00:00:00,79.91,79.91,79.91,39.04,2.91,2.91
2024-10-19 01:00:00,75.26,75.26,75.26,38.93,2.76,2.76
2024-10-19 02:00:00,75.87,75.87,75.87,38.53,2.76,2.76
2024-10-19 03:00:00,76.77,76.77,76.77,38.84,2.97,2.97
2024-10-19 04:00:00,80.00,80.00,80.00,38.83,3.60,3.60
2024-10-19 05:00:00,91.91,91.91,91.91,39.18,4.46,4.46
2024-10-19 06:00:00,89.66,89.66,89.66,39.92,4.99,4.99
2024-10-19 07:00:00,84.60,84.60,84.60,40.43,5.00,5.00
2024-10-19 08:00:00,78.80,78.80,78.80,40.93,4.96,4.96
2024-10-19 09:00:00,73.32,73.32,73.32,40.86,4.97,4.97
2024-10-19 10:00:00,66.16,66.16,66.16,40.94,4.90,4.90
2024-10-19 11:00:00,60.96,60.96,60.96,40.92,4.63,4.63
2024-10-19 12:00:00,63.89,63.89,63.89,40.90,4.91,4.91
2024-10-19 13:00:00,79.07,79.07,79.07,40.77,4.98,4.98
2024-10-19 14:00:00,98.09,98.09,98.09,41.40,7.93,7.93
2024-10-19 15:00:00,109.14,109.14,109.14,43.24,10.13,10.13
2024-10-19 16:00:00,135.82,135.82,135.82,43.81,10.01,10.01
2024-10-19 17:00:00,118.93,118.93,118.93,44.11,6.55,6.55
2024-10-19 18:00:00,96.80,96.80,96.80,43.35,4.96,4.96
2024-10-19 19:00:00,90.18,90.18,90.18,41.95,4.18,4.18
2024-10-19 20:00:00,83.83,83.83,83.83,41.27,3.29,3.29
2024-10-19 21:00:00,73.33,73.33,73.33,40.24,2.57,2.57
2024-10-19 22:00:00,54.04,54.04,55.57,40.71,2.47,2.47
2024-10-19 23:00:00,54.90,54.90,54.90,40.40,1.98,1.98
2024-10-20 00:00:00,54.58,54.58,57.23,40.02,0.96,0.96
2024-10-20 01:00:00,55.91,55.91,59.82,39.64,0.54,0.54
2024-10-20 02:00:00,59.59,59.59,62.92,39.76,1.37,1.37
2024-10-20 03:00:00,32.43,32.43,66.91,36.29,1.54,1.54
2024-10-20 04:00:00,32.23,32.23,64.23,32.23,0.55,0.55
2024-10-20 05:00:00,39.06,39.06,75.32,37.93,2.00,2.00
2024-10-20 06:00:00,48.26,48.26,68.28,40.65,2.13,2.13
2024-10-20 07:00:00,45.75,45.75,45.75,33.10,2.02,2.02
2024-10-20 08:00:00,6.37,6.37,6.37,24.62,1.86,1.86
2024-10-20 09:00:00,0.08,0.08,0.08,0.08,0.08,0.08
2024-10-20 10:00:00,0.00,0.00,0.00,0.00,0.00,0.00
2024-10-20 11:00:00,-0.98,-0.98,-0.98,-0.98,-0.98,-0.98
2024-10-20 12:00:00,-2.01,-2.01,-2.01,-2.01,-2.01,-2.01
2024-10-20 13:00:00,0.00,0.00,0.00,0.00,0.00,0.00
2024-10-20 14:00:00,5.10,5.10,5.10,26.56,2.10,2.10
2024-10-20 15:00:00,55.45,55.45,57.69,33.99,3.10,3.10
2024-10-20 16:00:00,42.67,42.67,60.70,38.19,3.15,3.15
2024-10-20 17:00:00,36.06,36.06,45.08,36.06,2.60,2.60
2024-10-20 18:00:00,33.91,33.91,34.35,33.28,0.01,0.01
2024-10-20 19:00:00,20.95,20.95,20.95,21.58,0.00,0.00
2024-10-20 20:00:00,12.15,12.15,12.15,12.26,-0.02,-0.02
2024-10-20 21:00:00,1.93,1.93,1.93,1.95,-0.80,-0.80
2024-10-20 22:00:00,-0.10,-0.10,-0.10,-0.09,-2.01,-2.01
2024-10-20 23:00:00,-0.10,-0.10,-0.10,-0.10,-2.47,-2.47
2024-10-21 00:00:00,-0.14,-0.14,-0.14,-0.14,-2.63,-2.63
2024-10-21 01:00:00,-0.08,-0.08,-0.08,-0.08,-3.00,-3.00
2024-10-21 02:00:00,-0.04,-0.04,-0.04,-0.04,-2.62,-2.62
2024-10-21 03:00:00,3.25,3.25,3.45,3.34,-2.00,-2.00
2024-10-21 04:00:00,4.37,4.37,66.60,25.96,-0.81,-0.81
2024-10-21 05:00:00,40.38,40.38,104.98,27.47,-0.08,-0.08
2024-10-21 06:00:00,39.16,39.16,120.39,30.89,-0.01,-0.01
2024-10-21 07:00:00,32.20,32.20,103.90,31.27,-0.01,-0.01
2024-10-21 08:00:00,28.88,28.88,89.04,29.74,-0.10,-0.10
2024-10-21 09:00:00,27.98,27.98,81.03,28.82,-0.21,-0.21
2024-10-21 10:00:00,25.27,25.27,73.19,29.90,-0.57,-0.57
2024-10-21 11:00:00,28.12,28.12,81.36,30.89,-0.58,-0.58
2024-10-21 12:00:00,22.62,22.62,81.65,33.97,-0.57,-0.57
2024-10-21 13:00:00,58.27,58.27,98.59,35.62,-0.52,-0.52
2024-10-21 14:00:00,89.87,89.87,123.50,35.70,-0.26,-0.26
2024-10-21 15:00:00,130.04,130.04,131.54,40.59,-0.01,-0.01
2024-10-21 16:00:00,212.15,212.15,222.11,40.92,-0.01,-0.01
2024-10-21 17:00:00,188.35,188.35,190.87,41.19,-0.09,-0.09
2024-10-21 18:00:00,128.44,128.44,128.44,40.66,-0.59,-0.59
2024-10-21 19:00:00,100.60,100.60,102.00,40.28,-0.81,-0.81
2024-10-21 20:00:00,97.80,97.80,97.80,39.79,-1.68,-1.68
2024-10-21 21:00:00,92.97,92.97,92.97,39.11,-2.05,-2.05
2024-10-21 22:00:00,89.42,89.42,91.67,35.71,-1.88,-1.88
2024-10-21 23:00:00,87.52,87.52,89.43,35.58,-1.75,-1.75
2024-10-22 00:00:00,85.69,85.69,85.69,35.04,-1.25,-1.25
2024-10-22 01:00:00,83.60,83.60,83.60,34.01,-1.00,-1.00
2024-10-22 02:00:00,83.02,83.02,83.19,34.97,-0.54,-0.54
2024-10-22 03:00:00,86.00,86.00,89.95,35.64,0.00,0.00
2024-10-22 04:00:00,98.14,98.14,100.58,32.86,1.91,1.91
2024-10-22 05:00:00,150.00,158.52,156.09,34.86,9.95,9.95
2024-10-22 06:00:00,162.94,170.12,170.12,35.50,19.99,19.99
2024-10-22 07:00:00,113.44,113.44,113.44,35.51,15.06,15.06
2024-10-22 08:00:00,98.79,99.22,99.22,35.53,9.92,9.92
2024-10-22 09:00:00,85.69,87.75,87.75,35.20,3.12,3.12
2024-10-22 10:00:00,33.08,77.11,77.11,33.08,3.08,3.08
2024-10-22 11:00:00,31.18,70.88,70.88,31.18,2.93,2.93
2024-10-22 12:00:00,30.24,73.53,73.53,29.88,2.60,2.60
2024-10-22 13:00:00,30.81,87.08,87.08,30.81,2.40,2.40
2024-10-22 14:00:00,35.28,38.80,107.45,32.85,2.78,2.78
2024-10-22 15:00:00,101.78,101.78,109.97,36.00,3.01,3.01
2024-10-22 16:00:00,139.92,139.92,140.36,35.50,2.91,2.91
2024-10-22 17:00:00,157.75,157.75,157.75,35.54,2.28,2.28
2024-10-22 18:00:00,114.02,114.02,114.02,35.51,0.93,0.93
2024-10-22 19:00:00,93.55,93.55,99.40,35.23,0.49,0.49
2024-10-22 20:00:00,95.72,95.72,95.72,34.29,0.00,0.00
2024-10-22 21:00:00,88.35,88.35,88.35,32.28,-0.80,-0.80
2024-10-22 22:00:00,80.83,75.28,80.83,32.94,0.00,0.00
2024-10-22 23:00:00,83.23,83.23,83.23,34.98,-0.04,-0.04
2024-10-23 00:00:00,82.02,82.02,82.02,37.54,-0.54,-0.54
2024-10-23 01:00:00,83.21,83.21,83.21,38.01,-0.80,-0.80
2024-10-23 02:00:00,85.80,85.80,85.80,38.44,-0.58,-0.58
2024-10-23 03:00:00,90.64,90.64,93.60,39.00,0.00,0.00
2024-10-23 04:00:00,104.72,104.72,108.19,39.94,0.48,0.48
2024-10-23 05:00:00,137.49,137.49,172.79,39.83,4.96,4.96
2024-10-23 06:00:00,161.68,161.68,183.13,40.61,4.90,4.90
2024-10-23 07:00:00,128.42,128.42,128.42,39.97,2.15,2.15
2024-10-23 08:00:00,104.10,104.10,104.10,38.85,0.92,0.92
2024-10-23 09:00:00,93.02,93.02,93.86,36.35,0.01,0.01
2024-10-23 10:00:00,80.58,80.58,85.62,34.43,-0.01,-0.01
2024-10-23 11:00:00,77.07,77.07,80.99,34.93,-0.06,-0.06
2024-10-23 12:00:00,75.42,75.42,78.97,37.35,-0.11,-0.11
2024-10-23 13:00:00,88.21,88.21,88.62,38.59,-0.01,-0.01
2024-10-23 14:00:00,93.36,93.36,101.90,39.01,0.00,0.00
2024-10-23 15:00:00,135.39,135.39,147.15,39.55,0.80,0.80
2024-10-23 16:00:00,191.60,198.37,218.18,39.87,0.96,0.96
2024-10-23 17:00:00,176.00,176.00,177.60,40.65,0.01,0.01
2024-10-23 18:00:00,111.71,111.71,111.71,40.92,0.00,0.00
2024-10-23 19:00:00,101.22,101.22,101.51,40.91,0.00,0.00
2024-10-23 20:00:00,102.93,102.93,103.33,39.93,-0.09,-0.09
2024-10-23 21:00:00,93.16,93.16,93.16,39.01,-0.81,-0.81
2024-10-23 22:00:00,86.76,86.76,91.75,41.88,-1.00,-1.00
2024-10-23 23:00:00,80.11,80.11,82.42,41.02,-1.00,-1.00
2024-10-24 00:00:00,78.10,78.10,80.67,40.60,-0.80,-0.80
2024-10-24 01:00:00,75.67,75.67,80.29,40.51,-0.52,-0.52
2024-10-24 02:00:00,71.36,71.36,80.45,40.29,0.00,0.00
2024-10-24 03:00:00,80.17,80.17,83.82,40.56,0.84,0.84
2024-10-24 04:00:00,100.35,100.35,103.21,35.39,15.47,15.47
2024-10-24 05:00:00,141.86,141.86,148.29,39.90,27.59,27.59
2024-10-24 06:00:00,165.39,165.39,171.27,40.53,31.86,31.86
2024-10-24 07:00:00,117.30,117.30,117.30,38.39,36.97,114.48
2024-10-24 08:00:00,101.91,101.91,101.91,35.55,32.96,80.41
2024-10-24 09:00:00,93.05,93.05,93.05,34.99,31.14,31.14
2024-10-24 10:00:00,83.96,83.96,83.96,34.64,29.92,29.92
2024-10-24 11:00:00,79.15,79.15,79.15,34.26,29.55,29.55
2024-10-24 12:00:00,81.51,81.51,81.51,34.21,29.71,29.87
2024-10-24 13:00:00,95.70,95.70,95.70,34.89,29.76,81.46
2024-10-24 14:00:00,108.59,116.17,116.17,35.09,29.98,116.17
2024-10-24 15:00:00,123.58,123.58,129.90,36.24,59.65,59.65
2024-10-24 16:00:00,138.70,138.70,141.53,35.15,79.41,79.41
2024-10-24 17:00:00,114.19,114.19,114.19,35.07,39.97,39.97
2024-10-24 18:00:00,96.61,96.61,96.61,35.22,29.93,29.93
2024-10-24 19:00:00,93.64,93.64,93.64,35.03,27.68,27.68
2024-10-24 20:00:00,89.90,89.90,89.90,34.81,24.95,24.95
2024-10-24 21:00:00,83.61,83.61,83.61,34.85,13.27,13.27
2024-10-24 22:00:00,82.50,82.50,82.50,34.28,4.00,4.00
2024-10-24 23:00:00,82.07,82.07,82.07,34.51,2.42,2.42
2024-10-25 00:00:00,79.69,79.69,79.69,34.92,2.12,2.12
2024-10-25 01:00:00,82.60,82.60,82.60,35.34,2.00,2.00
2024-10-25 02:00:00,84.47,84.47,84.47,37.98,2.10,2.10
2024-10-25 03:00:00,94.59,94.59,94.59,39.95,5.06,5.06
2024-10-25 04:00:00,108.94,108.94,108.94,45.00,22.06,22.06
2024-10-25 05:00:00,123.75,123.75,123.75,42.89,31.32,31.32
2024-10-25 06:00:00,150.59,150.59,150.59,44.94,40.17,40.17
2024-10-25 07:00:00,122.43,122.43,122.43,41.76,34.51,34.51
2024-10-25 08:00:00,108.15,108.15,108.15,40.87,31.67,31.67
2024-10-25 09:00:00,93.90,93.90,93.90,40.27,28.98,28.98
2024-10-25 10:00:00,81.08,81.08,81.08,42.11,27.51,27.51
2024-10-25 11:00:00,78.18,78.18,78.18,44.95,25.31,25.31
2024-10-25 12:00:00,82.47,82.47,82.47,45.14,23.96,23.96
2024-10-25 13:00:00,99.33,99.33,99.33,45.32,22.90,22.90
2024-10-25 14:00:00,118.03,118.03,118.03,45.73,25.91,25.91
2024-10-25 15:00:00,158.73,158.73,158.73,48.06,27.49,27.49
2024-10-25 16:00:00,227.32,227.32,227.32,53.43,30.20,30.20
2024-10-25 17:00:00,184.85,184.85,184.85,53.71,25.70,25.70
2024-10-25 18:00:00,123.86,123.86,123.86,53.43,22.71,22.71
2024-10-25 19:00:00,116.29,116.29,116.29,52.18,22.06,22.06
2024-10-25 20:00:00,113.96,113.96,113.96,51.68,9.77,9.77
2024-10-25 21:00:00,107.40,107.40,107.40,46.72,3.02,3.02
2024-10-25 22:00:00,115.29,115.29,115.29,46.49,2.97,2.97
2024-10-25 23:00:00,109.64,109.64,109.64,46.32,3.15,3.15
2024-10-26 00:00:00,106.95,106.95,106.95,46.22,3.54,3.54
2024-10-26 01:00:00,107.79,107.79,107.79,45.94,3.91,3.91
2024-10-26 02:00:00,105.70,105.70,105.70,45.92,4.44,4.44
2024-10-26 03:00:00,106.82,106.82,106.82,45.90,9.69,9.69
2024-10-26 04:00:00,113.93,113.93,113.93,45.94,14.17,14.17
2024-10-26 05:00:00,125.71,125.71,125.71,46.05,19.37,19.37
2024-10-26 06:00:00,126.00,126.00,126.00,46.11,29.95,123.97
2024-10-26 07:00:00,117.57,117.57,117.57,46.11,87.48,116.02
2024-10-26 08:00:00,101.39,101.39,101.39,45.94,100.08,100.08
2024-10-26 09:00:00,81.48,81.48,81.48,45.94,71.54,71.54
2024-10-26 10:00:00,68.35,68.35,68.35,45.79,54.67,54.67
2024-10-26 11:00:00,63.30,63.30,63.30,45.49,44.97,44.97
2024-10-26 12:00:00,64.55,64.55,64.55,45.59,48.35,48.35
2024-10-26 13:00:00,81.44,81.44,81.44,45.62,64.43,64.43
2024-10-26 14:00:00,100.60,100.60,100.60,45.46,82.99,82.99
2024-10-26 15:00:00,125.73,125.73,125.73,45.37,122.71,122.71
2024-10-26 16:00:00,150.90,150.90,150.90,45.10,147.28,147.28
2024-10-26 17:00:00,118.74,118.74,118.74,44.74,73.48,73.48
2024-10-26 18:00:00,96.48,96.48,96.48,44.47,23.81,23.81
2024-10-26 19:00:00,88.76,88.76,88.76,44.24,19.46,19.46
2024-10-26 20:00:00,87.50,87.50,87.50,44.36,12.08,12.08
2024-10-26 21:00:00,76.63,76.63,76.63,44.47,4.08,4.08
2024-10-26 22:00:00,92.22,92.22,92.22,45.21,0.70,0.70
2024-10-26 23:00:00,84.00,84.00,84.00,45.11,0.01,0.01
2024-10-27 00:00:00,82.23,82.23,81.33,44.86,-0.05,-0.05
2024-10-27 01:00:00,80.43,80.43,81.33,44.38,-0.11,-0.11
2024-10-27 02:00:00,79.41,79.41,79.41,44.32,-0.48,-0.48
2024-10-27 03:00:00,78.79,78.79,78.79,43.43,-0.81,-0.81
2024-10-27 04:00:00,85.14,85.14,85.14,43.27,-1.01,-1.01
2024-10-27 05:00:00,89.21,89.21,89.21,43.42,-1.63,-1.63
2024-10-27 06:00:00,88.05,88.05,88.05,43.34,-1.00,-1.00
2024-10-27 07:00:00,84.34,84.34,84.34,44.63,-0.80,-0.80
2024-10-27 08:00:00,66.48,66.48,66.48,45.07,-0.54,-0.54
2024-10-27 09:00:00,54.72,54.72,54.72,45.13,-0.48,-0.48
2024-10-27 10:00:00,42.50,42.50,42.50,41.18,-0.11,-0.11
2024-10-27 11:00:00,39.99,39.99,39.99,38.75,-0.09,-0.09
2024-10-27 12:00:00,40.00,40.00,40.00,38.81,-0.08,-0.08
2024-10-27 13:00:00,64.33,64.33,64.33,44.34,-0.07,-0.07
2024-10-27 14:00:00,100.93,100.93,111.53,44.63,-0.02,-0.02
2024-10-27 15:00:00,117.80,117.80,123.67,45.01,0.00,0.00
2024-10-27 16:00:00,148.30,148.30,148.30,45.20,0.01,0.01
2024-10-27 17:00:00,145.71,145.71,145.71,45.41,0.43,0.43
2024-10-27 18:00:00,130.47,130.47,130.47,45.52,0.00,0.00
2024-10-27 19:00:00,118.11,118.11,118.15,45.61,-0.02,-0.02
2024-10-27 20:00:00,111.39,111.39,112.01,45.55,-0.48,-0.48
2024-10-27 21:00:00,109.96,109.96,113.68,45.50,-1.00,-1.00
2024-10-27 22:00:00,87.26,87.26,102.99,45.40,-2.00,-2.00
2024-10-27 23:00:00,95.60,95.60,95.60,45.39,-2.47,-2.47
2024-10-28 00:00:00,89.38,89.38,94.37,45.34,-2.73,-2.73
2024-10-28 01:00:00,84.14,84.14,88.74,45.37,-3.00,-3.00
2024-10-28 02:00:00,79.40,79.40,84.09,45.37,-2.96,-2.96
2024-10-28 03:00:00,79.89,79.89,86.26,45.47,-2.10,-2.10
2024-10-28 04:00:00,94.12,94.12,99.93,45.50,-0.81,-0.81
2024-10-28 05:00:00,98.91,98.91,109.92,45.64,0.01,0.01
2024-10-28 06:00:00,130.01,130.01,130.01,49.93,2.18,2.18
2024-10-28 07:00:00,127.38,127.38,127.38,50.73,8.90,8.90
2024-10-28 08:00:00,116.18,116.18,116.18,49.97,9.08,9.08
2024-10-28 09:00:00,97.61,97.61,97.61,46.08,6.95,6.95
2024-10-28 10:00:00,98.31,98.31,98.31,46.08,3.02,3.02
2024-10-28 11:00:00,94.93,94.93,94.93,45.91,2.90,2.90
2024-10-28 12:00:00,101.33,101.33,101.33,45.81,4.91,4.91
2024-10-28 13:00:00,113.93,113.93,113.93,45.92,9.98,9.98
2024-10-28 14:00:00,121.36,121.36,121.36,45.94,20.03,20.03
2024-10-28 15:00:00,124.20,124.20,124.20,46.04,22.82,22.82
2024-10-28 16:00:00,141.11,141.11,141.11,46.37,27.45,27.45
2024-10-28 17:00:00,148.80,148.80,148.80,49.84,29.90,29.90
2024-10-28 18:00:00,146.12,146.12,146.12,52.28,24.61,24.61
2024-10-28 19:00:00,124.19,124.19,124.19,49.95,23.22,23.22
2024-10-28 20:00:00,115.59,115.59,115.59,49.93,19.95,19.95
2024-10-28 21:00:00,109.96,109.96,109.96,47.37,18.14,107.32
2024-10-28 22:00:00,102.41,102.41,102.41,46.06,4.91,80.80
2024-10-28 23:00:00,101.34,101.34,101.34,47.42,4.82,101.21
2024-10-29 00:00:00,100.04,100.04,100.04,47.42,2.33,99.90
2024-10-29 01:00:00,98.83,98.83,98.83,45.96,2.15,96.46
2024-10-29 02:00:00,98.17,98.17,98.17,46.74,3.12,98.17
2024-10-29 03:00:00,100.02,100.02,100.02,46.74,4.96,97.62
2024-10-29 04:00:00,113.10,113.10,113.10,46.87,20.26,113.10
2024-10-29 05:00:00,127.38,127.38,127.38,69.23,39.94,127.38
2024-10-29 06:00:00,157.73,157.73,157.73,152.84,155.45,157.73
2024-10-29 07:00:00,151.32,151.32,151.32,140.07,151.32,151.32
2024-10-29 08:00:00,129.69,129.69,129.69,125.67,129.69,129.69
2024-10-29 09:00:00,120.70,120.70,120.70,116.96,120.70,120.70
2024-10-29 10:00:00,112.97,112.97,112.97,105.20,112.97,112.97
2024-10-29 11:00:00,105.45,105.45,105.45,96.78,105.45,105.45
2024-10-29 12:00:00,117.73,117.73,117.73,50.13,50.13,117.73
2024-10-29 13:00:00,135.94,135.94,135.94,47.38,30.06,135.94
2024-10-29 14:00:00,172.26,172.26,172.26,47.01,23.27,172.26
2024-10-29 15:00:00,212.72,212.72,212.72,46.53,22.80,212.72
2024-10-29 16:00:00,285.80,285.80,285.80,49.99,23.27,285.80
2024-10-29 17:00:00,257.44,257.44,257.44,50.95,11.43,255.59
2024-10-29 18:00:00,203.82,203.82,203.82,50.91,0.67,198.93
2024-10-29 19:00:00,140.60,140.60,140.60,49.08,-0.01,137.22
2024-10-29 20:00:00,122.75,122.75,124.05,49.95,-0.11,105.32
2024-10-29 21:00:00,116.18,116.18,118.08,46.51,-0.81,5.70
2024-10-29 22:00:00,103.09,103.09,103.09,45.15,-2.00,-1.99
2024-10-29 23:00:00,99.73,99.73,100.71,41.58,-2.59,-2.73
2024-10-30 00:00:00,98.61,98.61,100.52,39.97,-2.29,-2.40
2024-10-30 01:00:00,86.61,86.61,98.16,39.42,-2.49,-2.61
2024-10-30 02:00:00,67.12,67.12,98.05,40.07,-2.59,-2.71
2024-10-30 03:00:00,64.09,64.09,100.56,38.48,-2.28,-2.40
2024-10-30 04:00:00,66.32,66.32,106.32,40.54,-1.16,-1.25
2024-10-30 05:00:00,72.78,72.78,123.54,41.84,-0.65,-0.78
2024-10-30 06:00:00,99.68,99.68,139.68,44.97,5.51,6.27
2024-10-30 07:00:00,103.68,103.69,138.91,44.16,22.49,29.64
2024-10-30 08:00:00,97.69,97.69,124.34,42.69,11.84,13.62
2024-10-30 09:00:00,62.90,62.90,115.00,41.75,5.34,5.82
2024-10-30 10:00:00,59.17,59.17,109.68,40.11,5.22,5.84
2024-10-30 11:00:00,55.66,49.10,102.53,40.44,7.03,11.98
2024-10-30 12:00:00,52.09,52.09,106.95,39.98,7.95,14.09
2024-10-30 13:00:00,84.85,84.85,111.31,40.72,7.77,13.55
2024-10-30 14:00:00,100.65,99.74,126.16,40.35,4.99,7.83
2024-10-30 15:00:00,142.36,142.36,160.00,42.46,27.01,43.15
2024-10-30 16:00:00,183.20,183.22,193.88,42.46,34.50,46.95
2024-10-30 17:00:00,192.89,192.87,192.89,44.78,14.77,19.02
2024-10-30 18:00:00,159.44,159.42,159.44,51.51,16.24,21.52
2024-10-30 19:00:00,109.49,109.47,133.56,51.51,15.70,20.95
2024-10-30 20:00:00,103.71,103.70,122.67,48.64,10.01,13.30
2024-10-30 21:00:00,108.66,108.65,115.34,45.60,5.03,6.24
2024-10-30 22:00:00,99.84,99.84,112.37,43.09,3.89,4.69
2024-10-30 23:00:00,105.16,99.71,105.16,42.96,0.82,0.77
2024-10-31 00:00:00,98.51,98.51,98.51,42.53,1.02,0.97
2024-10-31 01:00:00,96.58,96.58,96.58,42.16,1.88,1.84
2024-10-31 02:00:00,94.81,94.81,94.81,39.99,2.90,2.86
2024-10-31 03:00:00,88.20,88.20,98.03,39.86,3.51,3.48
2024-10-31 04:00:00,85.25,85.25,102.34,39.08,4.82,4.80
2024-10-31 05:00:00,87.91,87.91,121.15,40.86,19.23,29.56
2024-10-31 06:00:00,99.07,99.08,135.53,44.35,32.17,93.76
2024-10-31 07:00:00,86.63,86.63,133.47,42.93,31.57,86.91
2024-10-31 08:00:00,40.31,40.31,123.28,35.82,26.49,26.69
2024-10-31 09:00:00,20.79,20.79,105.14,32.82,20.55,20.68
2024-10-31 10:00:00,14.73,14.73,98.05,26.51,14.14,14.43
2024-10-31 11:00:00,12.41,12.41,88.91,18.43,12.01,12.04
2024-10-31 12:00:00,15.92,15.92,92.55,17.09,11.13,11.15
2024-10-31 13:00:00,15.87,15.87,99.38,17.01,11.09,11.12
2024-10-31 14:00:00,15.52,15.52,111.50,16.60,10.85,10.88
2024-10-31 15:00:00,15.59,15.59,123.17,16.75,10.91,10.93
2024-10-31 16:00:00,19.13,19.13,129.00,19.44,11.99,12.07
2024-10-31 17:00:00,16.72,16.72,128.41,16.96,11.01,11.04
2024-10-31 18:00:00,14.59,14.59,117.84,15.67,10.21,10.24
2024-10-31 19:00:00,12.49,12.49,105.80,13.18,8.88,8.90
2024-10-31 20:00:00,8.81,8.81,85.34,9.25,6.28,6.30
2024-10-31 21:00:00,7.07,7.07,80.44,7.41,5.04,5.05
2024-10-31 22:00:00,5.58,3.95,64.56,5.86,3.94,3.95
2024-10-31 23:00:00,3.24,3.24,63.34,1.71,1.71,1.71
2024-11-01 00:00:00,2.18,2.18,62.95,2.21,1.51,1.51
2024-11-01 01:00:00,1.75,1.75,57.10,1.78,1.16,1.16
2024-11-01 02:00:00,1.56,1.56,54.54,1.59,1.03,1.03
2024-11-01 03:00:00,1.52,1.52,56.99,1.54,1.00,1.00
2024-11-01 04:00:00,1.71,1.71,63.21,1.73,1.12,1.13
2024-11-01 05:00:00,3.23,3.23,69.68,3.27,2.16,2.17
2024-11-01 06:00:00,4.01,4.01,70.35,4.00,3.18,3.18
2024-11-01 07:00:00,4.38,4.38,64.18,4.36,3.32,3.33
2024-11-01 08:00:00,3.35,3.35,61.20,3.32,2.66,2.66
2024-11-01 09:00:00,3.25,3.25,55.01,3.24,2.49,2.50
2024-11-01 10:00:00,3.15,3.15,32.04,3.18,2.19,2.19
2024-11-01 11:00:00,3.22,3.22,29.49,3.21,2.19,2.19
2024-11-01 12:00:00,3.24,3.24,34.90,3.22,2.16,2.17
2024-11-01 13:00:00,3.27,3.27,63.83,3.23,2.20,2.20
2024-11-01 14:00:00,3.29,3.29,89.33,3.25,2.52,2.52
2024-11-01 15:00:00,10.36,10.36,115.98,10.29,4.23,4.97
2024-11-01 16:00:00,13.83,13.83,119.87,13.83,7.50,8.78
2024-11-01 17:00:00,19.99,19.98,117.97,20.01,10.00,11.89
2024-11-01 18:00:00,13.18,13.18,117.59,13.23,6.13,7.35
2024-11-01 19:00:00,14.56,14.55,113.20,14.64,4.68,5.99
2024-11-01 20:00:00,15.25,15.25,104.64,14.83,1.21,1.21
2024-11-01 21:00:00,20.00,20.00,98.41,19.40,0.66,0.66
2024-11-01 22:00:00,24.58,24.58,85.64,23.81,0.00,0.00
2024-11-01 23:00:00,61.94,61.94,95.75,39.09,-0.24,-0.29
2024-11-02 00:00:00,79.91,79.91,91.31,39.97,-0.69,-0.75
2024-11-02 01:00:00,88.76,88.76,88.76,38.79,-0.70,-0.76
2024-11-02 02:00:00,86.00,86.00,86.00,38.71,-0.83,-0.88
2024-11-02 03:00:00,86.85,86.85,86.85,34.93,-0.70,-0.74
2024-11-02 04:00:00,90.76,90.76,92.13,35.51,-0.63,-0.68
2024-11-02 05:00:00,96.50,96.50,96.97,38.12,-0.16,-0.22
2024-11-02 06:00:00,100.11,100.11,100.11,39.29,2.80,3.69
2024-11-02 07:00:00,101.16,101.15,101.16,39.39,5.10,7.35
2024-11-02 08:00:00,109.64,109.63,109.64,39.94,5.70,7.91
2024-11-02 09:00:00,91.19,91.18,91.19,40.15,5.73,7.85
2024-11-02 10:00:00,94.44,94.42,94.44,39.91,11.43,16.67
2024-11-02 11:00:00,88.68,88.66,88.68,40.82,11.49,16.90
2024-11-02 12:00:00,91.51,91.49,91.51,42.48,12.21,17.76
2024-11-02 13:00:00,103.42,103.40,103.42,44.93,12.96,18.88
2024-11-02 14:00:00,122.30,122.27,122.30,49.80,14.60,21.02
2024-11-02 15:00:00,137.61,137.58,137.61,75.03,28.10,38.17
2024-11-02 16:00:00,158.56,158.55,158.56,65.28,39.15,47.23
2024-11-02 17:00:00,149.92,149.90,149.92,54.96,25.12,31.51
2024-11-02 18:00:00,134.96,134.93,134.96,48.58,13.31,18.08
2024-11-02 19:00:00,122.79,122.78,122.79,45.78,6.03,7.51
2024-11-02 20:00:00,111.26,111.26,111.26,43.80,3.21,3.29
2024-11-02 21:00:00,106.28,106.28,106.28,41.51,2.39,2.34
2024-11-02 22:00:00,100.61,100.61,100.61,39.69,2.34,2.34
2024-11-02 23:00:00,101.19,101.19,101.19,40.74,3.34,3.30
2024-11-03 00:00:00,96.29,96.29,96.63,40.06,3.32,3.28
2024-11-03 01:00:00,88.58,88.58,89.05,38.18,3.27,3.23
2024-11-03 02:00:00,85.08,85.08,85.09,39.60,3.12,3.08
2024-11-03 03:00:00,76.47,76.47,87.43,38.13,3.22,3.19
2024-11-03 04:00:00,63.90,63.90,88.50,38.20,3.34,3.31
2024-11-03 05:00:00,55.94,55.94,95.56,38.10,3.45,3.45
2024-11-03 06:00:00,45.73,45.73,98.11,32.46,4.90,5.00
2024-11-03 07:00:00,40.02,40.02,88.47,32.04,5.23,5.35
2024-11-03 08:00:00,38.90,38.90,83.97,32.71,4.96,4.96
2024-11-03 09:00:00,33.46,33.46,70.71,32.43,4.95,4.95
2024-11-03 10:00:00,31.86,31.86,60.78,30.82,4.90,4.90
2024-11-03 11:00:00,31.47,31.47,52.63,30.45,4.65,4.65
2024-11-03 12:00:00,33.30,16.98,61.08,32.20,4.14,4.14
2024-11-03 13:00:00,58.65,21.04,84.37,39.74,3.78,3.74
2024-11-03 14:00:00,68.49,32.00,100.95,40.70,3.76,3.73
2024-11-03 15:00:00,89.41,67.82,115.16,41.19,4.17,4.17
2024-11-03 16:00:00,96.73,96.73,127.91,41.35,5.46,5.63
2024-11-03 17:00:00,96.38,96.37,126.09,40.50,10.01,11.85
2024-11-03 18:00:00,94.55,71.28,120.72,40.11,9.92,12.24
2024-11-03 19:00:00,88.04,37.20,110.80,40.21,6.27,7.29
2024-11-03 20:00:00,86.77,39.22,102.00,39.99,6.21,7.29
2024-11-03 21:00:00,89.21,53.10,100.69,38.17,5.66,6.57
2024-11-03 22:00:00,92.41,92.40,94.53,39.98,4.99,5.79
2024-11-03 23:00:00,92.04,92.03,92.04,40.19,5.68,6.75
2024-11-04 00:00:00,89.96,89.96,89.96,40.20,6.23,7.43
2024-11-04 01:00:00,90.07,90.06,90.07,40.43,6.28,7.29
2024-11-04 02:00:00,89.86,89.84,89.86,40.48,14.77,18.66
2024-11-04 03:00:00,90.80,90.78,90.80,41.14,15.55,19.56
2024-11-04 04:00:00,98.52,98.51,98.52,42.97,30.98,35.61
2024-11-04 05:00:00,124.89,124.87,124.89,49.42,78.83,123.62
2024-11-04 06:00:00,144.91,144.93,144.91,142.81,122.49,145.66
2024-11-04 07:00:00,137.34,137.47,139.18,140.16,116.03,137.86
2024-11-04 08:00:00,120.13,120.15,120.63,121.99,102.64,119.68
2024-11-04 09:00:00,104.22,100.54,100.00,52.72,85.23,96.77
2024-11-04 10:00:00,93.63,97.16,97.12,47.43,83.88,95.16
2024-11-04 11:00:00,95.16,95.20,95.16,46.02,81.83,93.25
2024-11-04 12:00:00,98.47,98.51,98.47,44.99,88.41,101.15
2024-11-04 13:00:00,99.98,103.21,103.17,45.57,89.61,102.60
2024-11-04 14:00:00,128.68,130.47,130.40,46.63,116.77,134.08
2024-11-04 15:00:00,177.35,179.33,181.47,59.50,158.75,184.30
2024-11-04 16:00:00,269.76,276.20,290.21,107.36,241.56,284.59
2024-11-04 17:00:00,237.58,241.14,241.04,87.36,201.98,236.35
2024-11-04 18:00:00,161.78,162.11,162.09,144.59,133.39,158.27
2024-11-04 19:00:00,123.00,123.01,123.00,82.00,100.06,120.10
2024-11-04 20:00:00,110.10,110.13,112.27,53.56,86.53,100.69
2024-11-04 21:00:00,105.00,105.02,107.98,48.93,68.03,79.04
2024-11-04 22:00:00,92.72,92.74,97.60,45.57,39.97,45.42
2024-11-04 23:00:00,83.63,83.64,101.77,41.03,21.54,24.38
2024-11-05 00:00:00,94.00,94.00,94.00,40.77,6.56,6.99
2024-11-05 01:00:00,90.68,90.69,91.20,40.77,6.35,6.80
2024-11-05 02:00:00,91.30,91.30,93.00,40.65,5.30,5.60
2024-11-05 03:00:00,94.00,94.00,95.39,40.73,5.55,5.88
2024-11-05 04:00:00,96.09,96.10,104.88,40.87,38.94,44.39
2024-11-05 05:00:00,106.00,106.01,127.95,42.00,85.59,106.60
2024-11-05 06:00:00,137.06,137.69,149.32,48.86,120.80,141.60
2024-11-05 07:00:00,136.21,136.27,139.15,48.90,115.68,134.92
2024-11-05 08:00:00,118.23,118.27,118.23,49.92,98.82,115.58
2024-11-05 09:00:00,105.87,105.90,105.87,45.16,88.60,103.65
2024-11-05 10:00:00,95.28,95.31,95.28,43.51,79.67,93.28
2024-11-05 11:00:00,94.92,94.95,94.92,42.52,79.47,92.93
2024-11-05 12:00:00,99.25,99.27,99.25,43.34,81.57,97.11
2024-11-05 13:00:00,109.51,110.38,110.35,43.29,89.52,107.98
2024-11-05 14:00:00,153.87,155.96,155.99,42.58,108.15,151.70
2024-11-05 15:00:00,321.78,331.78,331.83,44.31,156.05,216.71
2024-11-05 16:00:00,472.99,472.93,505.31,45.48,215.86,303.52
2024-11-05 17:00:00,431.02,430.97,468.74,46.98,156.34,216.84
2024-11-05 18:00:00,320.33,320.14,341.70,44.90,86.92,155.02
2024-11-05 19:00:00,169.70,169.68,172.14,46.66,71.78,95.58
2024-11-05 20:00:00,129.90,129.88,130.77,45.20,68.40,90.35
2024-11-05 21:00:00,117.77,117.76,117.77,43.35,44.87,56.91
2024-11-05 22:00:00,101.86,101.85,110.03,41.33,24.84,30.00
2024-11-05 23:00:00,99.83,99.80,106.39,41.23,10.86,23.63
2024-11-06 00:00:00,99.05,99.03,99.05,41.03,6.35,13.49
2024-11-06 01:00:00,95.40,95.38,95.47,40.87,6.72,14.20
2024-11-06 02:00:00,95.83,95.81,97.04,40.84,7.92,16.82
2024-11-06 03:00:00,96.16,96.14,100.51,40.84,8.50,16.34
2024-11-06 04:00:00,92.91,92.79,110.25,41.09,38.37,79.99
2024-11-06 05:00:00,121.00,120.87,163.40,41.64,55.00,110.15
2024-11-06 06:00:00,215.78,217.25,299.99,43.56,156.09,210.06
2024-11-06 07:00:00,194.00,196.46,240.54,44.88,147.73,192.42
2024-11-06 08:00:00,141.97,142.74,144.94,42.61,111.34,140.91
2024-11-06 09:00:00,131.73,133.41,133.46,42.09,94.25,129.23
2024-11-06 10:00:00,122.15,123.12,123.20,41.66,77.45,116.85
2024-11-06 11:00:00,121.85,123.14,123.20,41.54,82.31,117.99
2024-11-06 12:00:00,124.11,125.53,125.55,41.67,101.74,124.32
2024-11-06 13:00:00,136.88,139.32,141.76,41.51,112.12,137.90
2024-11-06 14:00:00,190.70,191.79,270.09,41.62,118.79,180.98
2024-11-06 15:00:00,300.86,300.47,524.25,42.02,117.19,259.90
2024-11-06 16:00:00,550.00,549.27,820.11,42.56,202.91,472.58
2024-11-06 17:00:00,335.05,334.61,805.08,41.89,127.06,287.37
2024-11-06 18:00:00,246.48,246.11,450.00,43.50,92.83,213.06
2024-11-06 19:00:00,160.77,160.54,207.35,43.23,61.46,139.27
2024-11-06 20:00:00,128.97,128.79,133.48,42.03,50.00,112.00
2024-11-06 21:00:00,113.00,112.84,119.35,41.65,44.85,98.00
2024-11-06 22:00:00,95.70,95.62,111.73,41.15,21.49,46.25
2024-11-06 23:00:00,90.02,90.00,109.54,40.01,6.65,14.30
2024-11-07 00:00:00,88.82,88.81,102.98,38.86,4.01,7.83
2024-11-07 01:00:00,87.54,87.54,99.74,38.62,2.41,4.28
2024-11-07 02:00:00,87.01,87.01,99.85,38.64,1.23,1.24
2024-11-07 03:00:00,68.19,68.19,102.73,38.88,3.16,6.02
2024-11-07 04:00:00,91.20,91.08,116.89,39.65,34.99,75.58
2024-11-07 05:00:00,101.90,101.78,157.41,42.81,45.61,92.32
2024-11-07 06:00:00,173.00,172.80,219.56,48.43,74.99,157.05
2024-11-07 07:00:00,190.94,190.85,191.99,53.23,98.82,183.58
2024-11-07 08:00:00,152.92,152.85,152.92,46.70,82.06,146.84
2024-11-07 09:00:00,148.90,148.80,148.90,42.94,76.73,139.50
2024-11-07 10:00:00,134.81,134.74,134.81,41.92,74.32,129.81
2024-11-07 11:00:00,135.06,135.00,135.06,41.17,75.79,130.32
2024-11-07 12:00:00,132.91,132.85,132.91,40.50,73.45,127.94
2024-11-07 13:00:00,139.94,139.84,139.94,40.82,70.04,132.20
2024-11-07 14:00:00,178.89,180.42,189.42,41.90,94.43,175.07
2024-11-07 15:00:00,242.92,242.76,261.16,42.69,121.65,229.07
2024-11-07 16:00:00,371.14,370.79,408.26,43.22,181.90,335.97
2024-11-07 17:00:00,277.74,277.41,296.78,44.00,115.00,241.90
2024-11-07 18:00:00,171.85,171.73,175.11,44.91,103.40,163.76
2024-11-07 19:00:00,129.41,129.32,129.41,43.91,78.73,123.34
2024-11-07 20:00:00,113.92,113.85,113.92,42.90,72.90,109.21
2024-11-07 21:00:00,111.67,111.52,111.77,41.54,47.98,101.36
2024-11-07 22:00:00,99.87,99.74,99.87,39.79,40.53,90.39
2024-11-07 23:00:00,70.05,69.97,99.57,38.92,29.23,63.10
2024-11-08 00:00:00,65.68,65.62,99.73,38.54,26.11,61.60
2024-11-08 01:00:00,58.16,58.14,97.97,38.26,8.01,56.69
2024-11-08 02:00:00,57.73,57.71,97.69,38.67,8.01,56.33
2024-11-08 03:00:00,43.59,43.58,97.45,38.31,6.35,42.33
2024-11-08 04:00:00,69.83,69.77,98.21,38.90,28.04,65.48
2024-11-08 05:00:00,101.08,100.95,107.19,40.21,40.19,90.64
2024-11-08 06:00:00,127.55,127.40,127.55,44.98,51.36,114.62
2024-11-08 07:00:00,132.91,132.75,132.91,48.27,53.79,119.59
2024-11-08 08:00:00,126.52,126.37,126.52,45.96,51.14,114.10
2024-11-08 09:00:00,117.34,117.26,117.34,45.00,47.05,110.45
2024-11-08 10:00:00,110.28,110.14,110.94,43.75,44.54,99.15
2024-11-08 11:00:00,105.59,105.46,105.59,41.44,41.66,94.89
2024-11-08 12:00:00,95.93,100.92,106.81,40.86,42.58,95.69
2024-11-08 13:00:00,95.64,100.84,112.25,39.89,41.63,93.35
2024-11-08 14:00:00,95.85,95.73,123.59,38.81,41.36,86.46
2024-11-08 15:00:00,129.10,128.97,129.10,39.99,53.34,118.21
2024-11-08 16:00:00,128.56,128.46,128.56,41.15,53.41,121.32
2024-11-08 17:00:00,101.04,100.91,132.90,41.31,43.19,91.55
2024-11-08 18:00:00,77.34,77.29,127.19,41.76,34.03,71.53
2024-11-08 19:00:00,40.04,39.99,115.74,40.13,20.31,33.23
2024-11-08 20:00:00,38.81,38.77,109.48,38.84,19.71,32.82
2024-11-08 21:00:00,38.78,38.73,113.00,38.91,19.42,32.02
2024-11-08 22:00:00,37.75,37.71,104.06,37.85,18.89,32.47
2024-11-08 23:00:00,105.10,105.09,105.10,43.25,27.18,60.06
2024-11-09 00:00:00,99.96,99.96,99.96,42.54,13.46,27.86
2024-11-09 01:00:00,98.00,98.00,98.00,42.75,9.98,20.81
2024-11-09 02:00:00,96.68,96.68,96.68,41.80,10.38,20.74
2024-11-09 03:00:00,98.41,98.41,98.41,42.68,8.99,16.44
2024-11-09 04:00:00,100.69,100.67,100.69,40.91,31.03,67.29
2024-11-09 05:00:00,104.31,104.27,104.31,44.83,44.96,100.40
2024-11-09 06:00:00,109.87,109.82,109.87,43.31,47.16,105.42
2024-11-09 07:00:00,114.10,114.05,114.10,44.99,51.30,109.37
2024-11-09 08:00:00,114.60,114.55,114.60,45.71,53.95,109.83
2024-11-09 09:00:00,109.97,109.96,109.97,44.96,66.84,107.13
2024-11-09 10:00:00,106.40,106.37,106.40,43.08,59.35,103.36
2024-11-09 11:00:00,106.88,106.85,106.88,44.91,64.46,103.83
2024-11-09 12:00:00,108.00,107.97,108.00,44.93,68.58,104.92
2024-11-09 13:00:00,110.18,110.14,110.18,45.70,69.99,105.66
2024-11-09 14:00:00,121.46,121.45,121.46,46.92,93.58,120.35
2024-11-09 15:00:00,137.23,137.21,137.23,46.96,106.77,135.86
2024-11-09 16:00:00,146.93,146.91,146.93,47.94,113.15,145.41
2024-11-09 17:00:00,147.80,147.78,147.80,47.00,113.63,146.26
2024-11-09 18:00:00,139.90,139.88,139.90,100.92,113.47,138.41
2024-11-09 19:00:00,128.32,128.36,128.32,97.88,112.22,125.61
2024-11-09 20:00:00,117.96,117.99,117.96,97.81,104.04,114.56
2024-11-09 21:00:00,114.53,114.53,114.53,52.26,92.52,111.73
2024-11-09 22:00:00,110.10,110.12,110.10,47.35,92.29,107.68
2024-11-09 23:00:00,104.99,104.95,104.99,43.41,63.26,82.41
2024-11-10 00:00:00,102.28,102.26,102.28,42.99,53.48,59.97
2024-11-10 01:00:00,102.01,101.99,102.01,42.53,52.93,59.11
2024-11-10 02:00:00,100.86,100.84,100.86,42.43,50.05,54.90
2024-11-10 03:00:00,100.88,100.87,100.88,42.38,52.55,58.50
2024-11-10 04:00:00,101.98,101.93,101.98,43.69,69.94,96.07
2024-11-10 05:00:00,100.32,100.26,100.32,44.94,68.55,94.22
2024-11-10 06:00:00,102.45,102.40,102.45,44.01,71.29,96.48
2024-11-10 07:00:00,105.38,105.33,105.38,44.07,81.04,100.84
2024-11-10 08:00:00,110.99,110.94,110.99,45.00,86.45,106.66
2024-11-10 09:00:00,112.62,112.58,112.62,45.71,87.42,108.11
2024-11-10 10:00:00,110.13,110.11,110.13,45.93,90.83,109.31
2024-11-10 11:00:00,110.92,110.89,110.92,45.95,88.19,107.81
2024-11-10 12:00:00,108.60,108.58,108.60,45.71,83.76,107.50
2024-11-10 13:00:00,112.36,112.33,112.36,45.45,88.69,109.23
2024-11-10 14:00:00,126.22,126.20,126.22,45.94,96.73,124.84
2024-11-10 15:00:00,134.02,134.00,134.02,46.00,105.48,132.79
2024-11-10 16:00:00,148.72,148.71,148.72,45.98,117.60,148.54
2024-11-10 17:00:00,146.01,145.99,146.01,45.94,112.16,144.51
2024-11-10 18:00:00,138.61,138.59,138.61,50.37,103.51,136.26
2024-11-10 19:00:00,125.31,125.28,125.31,49.96,90.48,121.98
2024-11-10 20:00:00,115.28,115.25,115.28,49.00,88.03,112.22
2024-11-10 21:00:00,111.10,111.03,111.10,45.95,73.54,102.63
2024-11-10 22:00:00,108.02,107.92,108.02,44.99,64.19,96.67
2024-11-10 23:00:00,109.65,109.54,109.65,43.20,58.72,96.18
2024-11-11 00:00:00,103.68,103.59,103.68,42.97,56.50,92.16
2024-11-11 01:00:00,100.00,99.91,100.00,42.77,53.38,88.39
2024-11-11 02:00:00,97.86,97.77,97.86,42.91,53.03,86.74
2024-11-11 03:00:00,97.50,97.41,97.50,43.07,54.92,87.05
2024-11-11 04:00:00,103.89,103.83,103.89,43.63,70.15,96.70
2024-11-11 05:00:00,115.69,115.67,115.69,49.97,88.98,113.85
2024-11-11 06:00:00,128.35,128.35,128.35,114.54,116.22,128.39
2024-11-11 07:00:00,135.06,135.06,135.06,117.99,123.17,134.58
2024-11-11 08:00:00,132.94,132.91,132.94,57.99,110.59,130.80
2024-11-11 09:00:00,128.50,128.49,128.50,49.16,107.17,127.60
2024-11-11 10:00:00,124.21,124.20,124.21,44.64,102.53,123.30
2024-11-11 11:00:00,119.84,119.83,119.84,44.95,99.30,118.98
2024-11-11 12:00:00,129.02,128.98,129.02,43.85,101.63,126.84
2024-11-11 13:00:00,130.44,130.42,130.44,43.02,104.56,129.34
2024-11-11 14:00:00,139.05,139.03,139.05,43.63,110.79,137.86
2024-11-11 15:00:00,140.94,140.94,140.94,44.56,114.94,140.89
2024-11-11 16:00:00,153.18,154.63,153.18,45.97,129.14,156.30
2024-11-11 17:00:00,147.09,147.08,147.09,48.83,121.49,146.65
2024-11-11 18:00:00,133.70,133.68,133.70,45.93,108.45,132.72
2024-11-11 19:00:00,121.94,121.96,121.94,45.13,103.24,122.92
2024-11-11 20:00:00,112.88,112.89,112.88,45.67,95.33,113.07
2024-11-11 21:00:00,111.56,111.55,111.56,44.67,91.75,110.79
2024-11-11 22:00:00,105.40,105.38,105.40,41.67,79.03,102.82
2024-11-11 23:00:00,110.31,110.28,110.31,42.08,78.86,106.89
2024-11-12 00:00:00,104.64,104.62,104.64,41.99,75.26,101.37
2024-11-12 01:00:00,102.69,102.65,102.69,41.95,68.72,96.98
2024-11-12 02:00:00,103.99,103.97,103.99,41.93,74.55,100.67
2024-11-12 03:00:00,107.50,107.47,107.50,41.98,76.97,104.10
2024-11-12 04:00:00,118.01,117.99,118.01,42.95,86.57,114.82
2024-11-12 05:00:00,147.67,147.67,147.67,48.05,116.18,148.34
2024-11-12 06:00:00,185.52,185.57,185.52,106.79,164.22,189.40
2024-11-12 07:00:00,201.64,204.10,201.64,173.39,112.48,204.86
2024-11-12 08:00:00,220.87,220.91,223.33,147.90,138.09,224.37
2024-11-12 09:00:00,190.24,190.27,190.24,142.32,110.42,192.35
2024-11-12 10:00:00,171.08,171.11,171.08,120.83,101.22,173.03
2024-11-12 11:00:00,161.59,161.62,161.59,101.73,105.87,164.55
2024-11-12 12:00:00,156.47,156.47,156.47,60.74,96.57,156.96
2024-11-12 13:00:00,174.37,174.38,174.37,69.82,106.24,174.90
2024-11-12 14:00:00,218.78,218.76,218.78,60.82,124.91,217.28
2024-11-12 15:00:00,272.73,272.70,272.73,70.30,158.80,270.79
2024-11-12 16:00:00,317.89,317.84,317.89,62.91,250.52,315.09
2024-11-12 17:00:00,225.33,225.36,225.33,66.17,191.84,227.43
2024-11-12 18:00:00,171.35,171.37,171.35,52.51,144.51,172.50
2024-11-12 19:00:00,149.12,149.13,149.12,47.84,126.48,150.14
2024-11-12 20:00:00,131.90,131.89,131.90,48.91,105.48,131.50
2024-11-12 21:00:00,125.21,125.19,125.21,47.87,95.95,122.58
2024-11-12 22:00:00,115.59,115.55,115.59,42.36,76.83,109.13
2024-11-12 23:00:00,117.15,117.01,117.15,41.16,49.95,98.45
2024-11-13 00:00:00,111.71,111.58,111.71,40.06,47.71,93.78
2024-11-13 01:00:00,107.85,107.72,107.85,39.96,46.02,90.36
2024-11-13 02:00:00,107.45,107.32,107.45,39.93,46.10,90.05
2024-11-13 03:00:00,107.87,107.76,110.63,39.99,39.06,75.55
2024-11-13 04:00:00,114.30,114.18,119.00,41.07,44.87,85.84
2024-11-13 05:00:00,130.31,130.14,131.10,46.03,60.75,118.58
2024-11-13 06:00:00,164.78,164.59,164.78,49.90,69.57,151.07
2024-11-13 07:00:00,225.45,225.17,225.45,53.19,93.25,206.31
2024-11-13 08:00:00,213.91,217.19,227.43,49.97,87.90,178.85
2024-11-13 09:00:00,189.78,200.57,200.80,46.45,78.80,158.65
2024-11-13 10:00:00,169.79,177.50,177.70,44.95,70.83,141.98
2024-11-13 11:00:00,156.18,160.80,160.99,44.36,65.37,130.14
2024-11-13 12:00:00,154.19,161.89,162.07,42.18,65.01,128.54
2024-11-13 13:00:00,153.42,153.24,159.90,41.92,64.84,128.41
2024-11-13 14:00:00,162.07,161.87,165.60,41.69,68.00,135.69
2024-11-13 15:00:00,169.59,178.05,178.28,42.31,79.84,162.21
2024-11-13 16:00:00,177.52,177.51,178.43,49.97,41.83,50.92
2024-11-13 17:00:00,173.90,173.95,173.90,62.85,107.53,120.85
2024-11-13 18:00:00,149.25,149.27,161.79,49.95,64.38,74.59
2024-11-13 19:00:00,92.94,92.93,125.22,45.18,37.36,45.99
2024-11-13 20:00:00,73.64,73.62,114.86,43.57,26.39,34.08
2024-11-13 21:00:00,50.37,50.34,113.51,40.75,15.45,22.18
2024-11-13 22:00:00,40.06,40.03,106.62,38.82,14.33,20.97
2024-11-13 23:00:00,51.49,51.49,101.70,41.03,18.88,37.97
2024-11-14 00:00:00,48.39,48.39,99.83,40.90,16.36,33.05
2024-11-14 01:00:00,48.92,48.92,96.01,40.97,15.20,29.82
2024-11-14 02:00:00,49.45,49.45,92.25,40.91,15.25,30.12
2024-11-14 03:00:00,42.72,42.72,91.41,41.02,16.59,33.05
2024-11-14 04:00:00,50.84,50.84,92.24,41.22,18.45,36.07
2024-11-14 05:00:00,82.15,82.15,103.44,42.16,22.53,44.47
2024-11-14 06:00:00,100.95,100.96,115.61,45.81,52.07,51.39
2024-11-14 07:00:00,116.59,116.60,127.14,52.40,59.98,59.19
2024-11-14 08:00:00,112.20,112.20,123.92,49.36,56.48,55.70
2024-11-14 09:00:00,108.53,108.54,125.65,45.54,51.85,51.17
2024-11-14 10:00:00,111.61,111.61,124.84,44.96,51.19,50.52
2024-11-14 11:00:00,114.02,114.02,121.68,44.04,50.13,49.49
2024-11-14 12:00:00,127.40,127.40,127.40,43.12,49.09,48.46
2024-11-14 13:00:00,134.01,134.02,134.01,43.04,49.02,48.37
2024-11-14 14:00:00,142.18,142.18,142.18,42.76,29.94,48.01
2024-11-14 15:00:00,147.41,147.42,147.41,44.91,52.67,51.86
2024-11-14 16:00:00,155.91,155.91,155.91,46.71,56.04,55.05
2024-11-14 17:00:00,154.09,154.10,154.09,49.92,30.66,58.96
2024-11-14 18:00:00,148.29,148.30,148.29,58.48,30.22,58.50
2024-11-14 19:00:00,138.58,138.59,138.58,50.09,26.63,51.61
2024-11-14 20:00:00,129.44,129.44,129.44,45.89,24.82,47.53
2024-11-14 21:00:00,122.89,122.89,122.89,42.79,22.08,41.02
2024-11-14 22:00:00,112.48,112.47,112.48,41.92,16.90,30.21
2024-11-14 23:00:00,103.81,103.78,110.44,41.93,16.29,22.14
2024-11-15 00:00:00,102.19,102.16,106.71,41.79,14.69,20.23
2024-11-15 01:00:00,100.18,100.16,107.01,42.23,12.17,16.68
2024-11-15 02:00:00,99.96,99.94,103.62,42.35,11.76,15.98
2024-11-15 03:00:00,89.39,89.37,104.42,42.26,11.88,16.15
2024-11-15 04:00:00,89.38,89.35,108.60,42.09,15.69,20.93
2024-11-15 05:00:00,94.28,94.25,129.26,43.09,17.35,23.32
2024-11-15 06:00:00,127.77,127.74,144.16,45.74,25.94,32.85
2024-11-15 07:00:00,147.02,147.02,157.77,48.26,39.12,50.71
2024-11-15 08:00:00,137.49,137.49,150.86,50.86,39.09,53.28
2024-11-15 09:00:00,133.75,133.74,138.84,47.47,36.71,49.07
2024-11-15 10:00:00,107.16,107.14,135.08,44.98,25.03,31.80
2024-11-15 11:00:00,102.17,102.14,121.74,44.80,18.96,25.03
2024-11-15 12:00:00,96.32,96.29,121.80,43.41,17.99,24.05
2024-11-15 13:00:00,95.09,95.06,131.89,42.68,18.08,23.82
2024-11-15 14:00:00,95.10,95.07,141.75,41.77,17.56,23.20
2024-11-15 15:00:00,95.17,95.14,133.95,41.80,17.48,23.11
2024-11-15 16:00:00,99.60,99.57,136.26,41.73,17.42,23.01
2024-11-15 17:00:00,76.82,76.80,134.77,41.60,16.91,22.40
2024-11-15 18:00:00,40.01,39.98,128.39,40.87,15.56,20.99
2024-11-15 19:00:00,39.35,39.35,115.73,39.97,1.07,1.61
2024-11-15 20:00:00,35.89,32.10,110.74,38.30,-0.31,-0.22
2024-11-15 21:00:00,34.78,16.24,108.19,34.92,-1.35,-1.38
2024-11-15 22:00:00,32.14,12.22,98.10,33.03,-2.13,-2.19
2024-11-15 23:00:00,19.01,11.43,101.92,34.12,-1.32,-1.32
2024-11-16 00:00:00,5.43,10.33,95.43,33.06,-1.29,-1.30
2024-11-16 01:00:00,4.81,3.53,89.87,32.92,-1.97,-1.99
2024-11-16 02:00:00,4.74,3.30,86.57,32.76,-1.95,-1.99
2024-11-16 03:00:00,4.84,3.28,88.81,33.40,-1.93,-2.00
2024-11-16 04:00:00,4.83,3.28,86.95,33.21,-1.90,-1.96
2024-11-16 05:00:00,5.10,3.29,73.82,33.06,-1.51,-1.54
2024-11-16 06:00:00,16.75,3.30,90.10,34.93,-0.93,-0.91
2024-11-16 07:00:00,22.23,11.42,104.75,37.15,-0.12,-0.05
2024-11-16 08:00:00,28.98,11.50,109.77,38.95,-0.03,0.04
2024-11-16 09:00:00,35.00,22.42,107.60,40.04,-0.07,-0.03
2024-11-16 10:00:00,24.00,27.13,99.03,40.06,-0.07,-0.04
2024-11-16 11:00:00,21.87,27.93,96.98,39.94,-0.07,-0.03
2024-11-16 12:00:00,20.00,26.70,96.97,40.02,-0.03,0.01
2024-11-16 13:00:00,24.07,29.54,93.72,40.03,0.08,0.16
2024-11-16 14:00:00,34.68,36.97,100.22,40.37,3.00,3.95
2024-11-16 15:00:00,38.96,38.94,108.99,41.11,12.75,16.77
2024-11-16 16:00:00,47.03,47.01,118.93,41.94,18.09,23.82
2024-11-16 17:00:00,45.13,45.11,114.95,41.39,11.01,14.58
2024-11-16 18:00:00,39.82,39.81,104.18,40.66,3.11,4.36
2024-11-16 19:00:00,35.01,37.13,82.67,40.10,0.48,0.88
2024-11-16 20:00:00,38.31,38.96,72.82,39.04,-0.07,-0.03
2024-11-16 21:00:00,29.57,32.98,73.83,38.94,-0.07,-0.03
2024-11-16 22:00:00,19.86,26.50,65.67,38.99,-0.09,-0.06
2024-11-16 23:00:00,16.49,16.49,80.10,34.71,-0.15,-0.16
2024-11-17 00:00:00,17.36,22.15,69.28,32.99,-0.14,-0.15
2024-11-17 01:00:00,30.00,30.32,72.48,31.89,-0.12,-0.11
2024-11-17 02:00:00,27.30,28.67,58.72,32.44,-0.07,-0.04
2024-11-17 03:00:00,21.72,24.79,42.00,32.04,-0.04,-0.01
2024-11-17 04:00:00,24.99,20.10,34.81,31.95,0.82,0.85
2024-11-17 05:00:00,30.31,27.18,42.36,31.25,2.26,2.37
2024-11-17 06:00:00,30.92,31.05,60.69,32.34,5.23,5.42
2024-11-17 07:00:00,26.88,29.44,64.80,35.93,7.16,7.52
2024-11-17 08:00:00,27.54,30.05,65.40,36.38,8.91,9.31
2024-11-17 09:00:00,19.49,24.17,68.30,35.20,9.74,10.15
2024-11-17 10:00:00,14.85,20.00,64.79,32.12,9.82,10.23
2024-11-17 11:00:00,15.08,19.73,54.90,30.81,10.50,10.87
2024-11-17 12:00:00,14.93,14.92,46.86,31.37,12.96,13.86
2024-11-17 13:00:00,31.58,37.61,61.25,36.44,19.79,22.86
2024-11-17 14:00:00,32.31,33.59,64.80,37.56,27.47,29.14
2024-11-17 15:00:00,37.96,38.27,70.10,40.16,37.09,37.38
2024-11-17 16:00:00,39.34,39.34,102.84,40.56,38.01,38.25
2024-11-17 17:00:00,38.63,38.74,80.70,40.17,38.10,38.30
2024-11-17 18:00:00,37.53,37.87,65.40,39.78,36.64,36.95
2024-11-17 19:00:00,35.97,36.44,57.41,38.60,34.88,35.24
2024-11-17 20:00:00,34.81,35.25,64.79,37.30,33.78,34.12
2024-11-17 21:00:00,33.02,31.42,68.76,36.95,30.01,31.09
2024-11-17 22:00:00,28.68,23.85,62.02,36.80,19.21,22.73
2024-11-17 23:00:00,54.55,13.08,65.42,39.97,12.41,12.94
2024-11-18 00:00:00,53.77,13.10,64.39,40.56,12.35,12.87
2024-11-18 01:00:00,42.60,13.73,59.86,41.38,13.03,13.58
2024-11-18 02:00:00,42.29,14.15,42.39,41.10,13.41,13.99
2024-11-18 03:00:00,42.79,25.49,58.17,41.61,21.55,24.55
2024-11-18 04:00:00,35.97,29.93,74.23,41.87,26.98,29.14
2024-11-18 05:00:00,59.21,62.15,95.55,48.29,59.84,63.33
2024-11-18 06:00:00,94.18,100.16,121.66,61.03,95.50,103.17
2024-11-18 07:00:00,115.89,118.04,121.91,119.35,113.19,119.15
2024-11-18 08:00:00,101.02,102.51,119.56,98.75,100.86,103.27
2024-11-18 09:00:00,84.51,85.93,111.51,82.63,84.19,86.66
2024-11-18 10:00:00,79.89,81.38,92.98,78.13,79.40,82.14
2024-11-18 11:00:00,74.89,76.98,79.50,74.00,75.12,77.69
2024-11-18 12:00:00,67.94,69.78,94.13,67.14,68.15,70.42
2024-11-18 13:00:00,79.34,82.55,109.52,66.12,79.46,84.19
2024-11-18 14:00:00,105.20,113.46,119.98,59.08,107.01,117.69
2024-11-18 15:00:00,121.57,131.48,132.48,65.06,124.35,136.51
2024-11-18 16:00:00,147.03,158.69,159.90,81.61,148.84,164.65
2024-11-18 17:00:00,161.82,161.83,161.82,158.02,157.70,163.09
2024-11-18 18:00:00,151.75,151.77,152.96,149.40,147.61,152.82
2024-11-18 19:00:00,127.58,127.58,128.94,126.43,103.06,106.03
2024-11-18 20:00:00,117.62,117.62,117.62,115.82,94.77,100.00
2024-11-18 21:00:00,116.99,116.99,116.99,114.95,98.26,104.25
2024-11-18 22:00:00,108.41,108.40,108.70,106.80,76.93,81.06
2024-11-18 23:00:00,107.06,107.06,107.06,104.84,92.99,94.96
2024-11-19 00:00:00,101.40,101.40,101.40,95.77,94.28,94.01
2024-11-19 01:00:00,95.58,95.58,95.58,90.06,91.45,90.97
2024-11-19 02:00:00,91.73,91.73,91.73,87.53,79.85,80.43
2024-11-19 03:00:00,95.28,95.29,95.28,84.02,89.59,93.07
2024-11-19 04:00:00,97.59,95.85,98.73,89.73,96.94,96.12
2024-11-19 05:00:00,116.27,118.04,116.27,101.02,115.70,119.61
2024-11-19 06:00:00,132.10,135.13,131.59,143.64,138.89,135.63
2024-11-19 07:00:00,155.25,156.39,155.06,150.35,158.83,156.87
2024-11-19 08:00:00,157.80,159.19,157.57,153.80,160.80,159.57
2024-11-19 09:00:00,156.26,156.27,156.26,152.27,157.70,156.60
2024-11-19 10:00:00,152.81,152.82,152.81,148.91,154.22,153.14
2024-11-19 11:00:00,148.26,148.69,148.19,144.48,150.09,149.02
2024-11-19 12:00:00,144.26,144.98,144.14,140.49,146.40,145.32
2024-11-19 13:00:00,140.22,140.79,140.15,136.68,143.71,142.96
2024-11-19 14:00:00,129.08,130.83,128.78,125.70,136.24,132.07
2024-11-19 15:00:00,132.89,132.91,132.89,130.19,142.55,134.38
2024-11-19 16:00:00,140.19,141.80,140.19,135.50,144.57,142.33
2024-11-19 17:00:00,134.65,133.05,134.65,132.27,133.21,131.47
2024-11-19 18:00:00,125.93,125.94,125.93,122.91,124.53,122.93
2024-11-19 19:00:00,117.10,117.10,117.10,118.75,110.37,109.38
2024-11-19 20:00:00,109.37,109.37,109.37,106.81,94.65,95.35
2024-11-19 21:00:00,105.25,105.24,105.25,103.16,79.92,81.97
2024-11-19 22:00:00,89.84,89.83,89.84,73.31,48.35,50.62
2024-11-19 23:00:00,100.14,100.14,100.14,83.10,57.03,59.53
2024-11-20 00:00:00,92.00,91.99,92.00,70.78,49.59,51.46
2024-11-20 01:00:00,86.60,86.59,86.60,63.53,44.95,46.57
2024-11-20 02:00:00,81.52,81.51,81.52,59.62,39.30,41.11
2024-11-20 03:00:00,81.96,81.95,81.96,57.76,41.15,42.60
2024-11-20 04:00:00,93.29,93.28,93.29,63.54,46.65,48.02
2024-11-20 05:00:00,107.55,107.55,107.55,95.40,77.74,79.08
2024-11-20 06:00:00,133.78,135.62,135.62,130.86,118.00,118.76
2024-11-20 07:00:00,142.87,142.87,142.87,141.05,134.47,134.62
2024-11-20 08:00:00,140.00,140.10,140.09,136.65,118.33,136.76
2024-11-20 09:00:00,120.35,120.35,120.35,118.56,96.98,108.39
2024-11-20 10:00:00,107.77,107.77,107.77,104.30,89.62,108.23
2024-11-20 11:00:00,97.26,97.26,97.26,94.84,81.99,94.93
2024-11-20 12:00:00,97.36,97.37,97.36,83.65,81.10,98.18
2024-11-20 13:00:00,106.16,107.14,106.64,91.80,89.06,108.04
2024-11-20 14:00:00,127.80,130.38,130.84,108.00,107.53,131.61
2024-11-20 15:00:00,133.84,135.11,135.09,113.22,111.07,136.25
2024-11-20 16:00:00,142.00,141.97,142.00,137.58,113.03,135.13
2024-11-20 17:00:00,142.58,142.54,142.58,138.10,113.05,135.34
2024-11-20 18:00:00,140.26,140.21,140.26,135.97,95.72,117.34
2024-11-20 19:00:00,135.98,135.90,135.98,132.10,69.39,87.71
2024-11-20 20:00:00,123.05,122.96,123.05,119.57,49.63,65.22
2024-11-20 21:00:00,116.42,116.34,116.42,108.20,43.09,56.81
2024-11-20 22:00:00,103.50,103.44,103.50,79.02,31.73,42.16
2024-11-20 23:00:00,93.96,93.92,93.96,69.02,31.64,39.95
2024-11-21 00:00:00,90.40,90.37,90.40,57.61,27.32,35.01
2024-11-21 01:00:00,86.80,86.76,86.80,57.90,27.14,35.07
2024-11-21 02:00:00,84.15,84.12,84.15,64.10,29.15,37.08
2024-11-21 03:00:00,84.23,80.15,84.23,68.34,31.08,39.47
2024-11-21 04:00:00,92.48,92.44,92.48,69.14,33.98,42.14
2024-11-21 05:00:00,107.17,107.16,107.17,103.46,95.95,104.51
2024-11-21 06:00:00,121.44,121.43,121.44,118.39,112.67,119.29
2024-11-21 07:00:00,132.99,132.98,132.99,129.61,124.95,132.29
2024-11-21 08:00:00,134.98,134.98,134.98,131.56,127.40,134.54
2024-11-21 09:00:00,127.33,127.33,127.33,123.94,117.34,124.17
2024-11-21 10:00:00,115.47,115.46,115.47,112.69,104.14,112.57
2024-11-21 11:00:00,113.57,113.55,113.57,109.08,98.96,110.47
2024-11-21 12:00:00,120.83,120.82,120.83,117.22,107.76,117.79
2024-11-21 13:00:00,141.62,141.60,141.62,132.77,117.50,137.31
2024-11-21 14:00:00,154.85,154.83,154.85,144.14,125.81,149.98
2024-11-21 15:00:00,174.97,174.99,174.97,125.91,146.58,170.80
2024-11-21 16:00:00,182.26,182.24,182.26,169.77,149.64,177.62
2024-11-21 17:00:00,161.34,161.33,161.34,153.31,135.47,157.24
2024-11-21 18:00:00,154.05,154.03,154.05,146.47,125.17,149.51
2024-11-21 19:00:00,131.33,131.31,131.33,125.92,105.68,126.72
2024-11-21 20:00:00,123.05,123.04,123.05,119.30,98.17,117.87
2024-11-21 21:00:00,122.90,122.88,122.90,119.15,97.61,117.31
2024-11-21 22:00:00,107.46,107.44,107.46,94.27,78.04,93.54
2024-11-21 23:00:00,116.12,116.13,116.12,80.08,91.59,107.50
2024-11-22 00:00:00,106.21,106.22,106.21,67.63,83.25,96.76
2024-11-22 01:00:00,97.85,97.86,97.85,68.39,76.34,85.93
2024-11-22 02:00:00,91.37,91.38,91.37,68.29,81.98,89.25
2024-11-22 03:00:00,88.65,88.67,88.65,68.37,85.27,87.83
2024-11-22 04:00:00,92.16,91.39,92.16,72.99,89.94,92.70
2024-11-22 05:00:00,117.06,117.86,117.06,111.62,118.11,118.32
2024-11-22 06:00:00,135.30,138.27,135.30,131.38,139.01,138.70
2024-11-22 07:00:00,149.44,169.72,144.08,139.60,171.76,171.95
2024-11-22 08:00:00,144.23,154.64,141.58,139.14,155.83,155.81
2024-11-22 09:00:00,137.25,140.02,135.75,132.03,140.77,140.74
2024-11-22 10:00:00,120.08,134.26,116.84,113.54,136.69,138.25
2024-11-22 11:00:00,105.77,108.23,105.14,102.37,118.00,112.33
2024-11-22 12:00:00,95.24,95.53,95.23,91.89,96.58,99.02
2024-11-22 13:00:00,96.18,98.07,96.18,92.36,105.13,103.09
2024-11-22 14:00:00,106.24,107.79,106.24,72.07,113.48,130.11
2024-11-22 15:00:00,111.21,114.40,111.21,75.06,126.39,138.16
2024-11-22 16:00:00,128.44,131.37,128.44,81.99,138.66,162.79
2024-11-22 17:00:00,134.28,134.74,134.28,112.68,139.00,140.77
2024-11-22 18:00:00,128.80,129.06,128.80,110.42,132.92,132.59
2024-11-22 19:00:00,106.21,107.07,106.21,77.60,106.41,108.92
2024-11-22 20:00:00,99.47,105.56,106.35,77.50,105.06,106.99
2024-11-22 21:00:00,87.11,89.99,93.25,67.81,89.83,91.08
2024-11-22 22:00:00,76.55,73.69,77.00,59.90,74.30,74.27
2024-11-22 23:00:00,61.44,61.44,80.00,53.55,62.50,61.67
2024-11-23 00:00:00,52.54,53.49,76.87,49.08,53.49,53.48
2024-11-23 01:00:00,50.67,49.96,77.88,47.93,48.90,49.71
2024-11-23 02:00:00,47.92,47.19,79.04,47.20,45.23,46.72
2024-11-23 03:00:00,49.27,47.19,79.35,47.52,44.96,46.67
2024-11-23 04:00:00,49.36,47.59,82.54,48.39,45.00,46.93
2024-11-23 05:00:00,50.54,47.57,82.05,49.71,44.28,46.74
2024-11-23 06:00:00,67.18,54.84,89.27,54.87,52.12,54.15
2024-11-23 07:00:00,87.35,62.68,97.48,59.30,56.64,60.00
2024-11-23 08:00:00,85.62,69.95,85.62,62.74,68.26,69.83
2024-11-23 09:00:00,78.54,78.53,78.54,64.06,64.58,70.43
2024-11-23 10:00:00,73.50,73.49,73.50,63.35,62.98,69.46
2024-11-23 11:00:00,71.20,71.19,71.20,63.77,58.46,68.32
2024-11-23 12:00:00,75.85,75.84,75.85,64.14,57.56,69.09
2024-11-23 13:00:00,85.68,85.67,85.68,65.00,61.37,70.28
2024-11-23 14:00:00,100.62,100.62,104.55,64.64,76.40,86.23
2024-11-23 15:00:00,86.04,87.31,87.31,69.52,72.70,85.16
2024-11-23 16:00:00,95.17,95.56,95.56,72.87,82.16,93.26
2024-11-23 17:00:00,84.72,86.08,86.08,66.57,72.24,83.97
2024-11-23 18:00:00,71.00,70.99,71.00,62.73,59.75,68.62
2024-11-23 19:00:00,59.55,59.54,59.55,52.66,47.43,56.98
2024-11-23 20:00:00,48.03,48.01,48.03,46.77,37.61,44.29
2024-11-23 21:00:00,39.10,39.08,39.10,43.42,23.33,32.60
2024-11-23 22:00:00,18.46,18.45,18.46,31.69,14.10,17.43
2024-11-23 23:00:00,1.55,2.68,1.01,29.99,3.16,2.78
2024-11-24 00:00:00,1.77,2.03,0.00,20.62,2.53,2.13
2024-11-24 01:00:00,0.27,1.66,0.00,18.26,2.17,1.77
2024-11-24 02:00:00,0.37,2.27,-0.01,13.24,2.54,2.33
2024-11-24 03:00:00,0.27,1.72,-0.02,19.36,2.21,1.82
2024-11-24 04:00:00,0.30,2.00,-0.03,16.82,2.39,2.09
2024-11-24 05:00:00,0.42,2.79,-0.05,11.16,3.05,2.85
2024-11-24 06:00:00,0.51,3.22,-0.03,12.30,3.47,3.28
2024-11-24 07:00:00,1.72,3.23,1.37,16.57,3.59,3.31
2024-11-24 08:00:00,3.79,3.99,3.75,17.98,4.35,4.07
2024-11-24 09:00:00,2.28,3.30,2.07,24.92,3.76,3.41
2024-11-24 10:00:00,2.67,3.38,2.53,28.11,3.86,3.50
2024-11-24 11:00:00,2.22,3.26,1.01,29.06,3.68,3.36
2024-11-24 12:00:00,2.62,3.04,1.01,28.97,3.46,3.14
2024-11-24 13:00:00,3.11,3.27,3.11,29.05,3.69,3.37
2024-11-24 14:00:00,6.61,6.45,6.61,32.48,6.44,6.45
2024-11-24 15:00:00,13.99,13.98,13.99,34.05,11.31,13.32
2024-11-24 16:00:00,15.52,15.51,15.52,35.39,10.79,12.92
2024-11-24 17:00:00,16.18,16.17,16.18,37.08,11.14,13.40
2024-11-24 18:00:00,12.02,12.02,12.02,35.55,8.46,10.11
2024-11-24 19:00:00,7.40,7.40,7.40,34.51,5.25,6.25
2024-11-24 20:00:00,4.50,4.49,4.50,29.94,3.46,3.95
2024-11-24 21:00:00,3.27,3.27,3.27,24.10,2.54,2.88
2024-11-24 22:00:00,0.01,0.01,0.01,14.18,0.26,0.01
2024-11-24 23:00:00,-1.25,-1.25,-1.25,15.45,-0.93,-1.25
2024-11-25 00:00:00,-1.59,-1.59,-1.59,12.38,-1.33,-1.59
2024-11-25 01:00:00,-1.42,-1.42,-1.42,9.33,-1.18,-1.36
2024-11-25 02:00:00,-1.86,-1.86,-1.86,9.78,-1.59,-1.79
2024-11-25 03:00:00,-1.42,-1.42,-1.42,12.47,-1.11,-1.34
2024-11-25 04:00:00,-0.28,-0.28,-0.28,21.14,-0.03,-0.36
2024-11-25 05:00:00,0.00,0.09,0.09,29.70,0.49,0.16
2024-11-25 06:00:00,54.38,54.32,54.38,42.04,17.02,21.22
2024-11-25 07:00:00,60.61,60.58,77.01,46.23,22.60,28.71
2024-11-25 08:00:00,40.52,63.30,66.57,46.14,22.49,28.56
2024-11-25 09:00:00,42.55,42.52,42.55,43.58,21.50,27.16
2024-11-25 10:00:00,41.37,41.34,41.37,42.61,21.02,26.58
2024-11-25 11:00:00,40.00,39.97,40.00,43.27,21.08,26.84
2024-11-25 12:00:00,48.85,48.82,57.16,44.95,21.95,27.92
2024-11-25 13:00:00,46.55,46.52,67.97,44.95,22.07,28.03
2024-11-25 14:00:00,40.36,40.05,94.99,44.78,21.85,27.85
2024-11-25 15:00:00,42.01,41.65,92.58,45.02,21.97,28.02
2024-11-25 16:00:00,47.37,47.33,116.08,45.74,22.49,28.44
2024-11-25 17:00:00,46.53,46.50,128.00,44.94,22.19,27.98
2024-11-25 18:00:00,40.89,40.71,118.00,44.82,22.00,28.08
2024-11-25 19:00:00,38.87,38.44,94.73,43.84,20.59,26.24
2024-11-25 20:00:00,30.51,29.42,81.26,43.70,5.59,6.33
2024-11-25 21:00:00,26.42,25.02,86.26,43.19,2.99,3.03
2024-11-25 22:00:00,40.00,39.62,69.17,42.77,1.59,1.60
2024-11-25 23:00:00,16.10,22.22,89.53,37.45,-0.05,-0.10
2024-11-26 00:00:00,18.50,18.02,77.99,37.50,-1.00,-1.41
2024-11-26 01:00:00,20.09,24.22,77.66,35.67,-0.09,-0.10
2024-11-26 02:00:00,18.43,23.17,70.55,36.17,-0.93,-1.31
2024-11-26 03:00:00,18.57,23.34,72.72,36.44,-0.94,-1.32
2024-11-26 04:00:00,19.67,22.47,82.26,36.27,0.95,0.88
2024-11-26 05:00:00,38.06,38.82,101.45,42.21,20.55,26.04
2024-11-26 06:00:00,39.57,39.43,130.90,44.03,21.83,27.62
2024-11-26 07:00:00,41.09,40.96,137.84,45.53,23.49,29.30
2024-11-26 08:00:00,40.00,39.88,127.09,44.95,23.54,29.24
2024-11-26 09:00:00,40.28,40.03,112.09,44.06,24.80,29.95
2024-11-26 10:00:00,39.97,39.83,100.00,43.42,26.62,31.13
2024-11-26 11:00:00,39.95,39.80,90.90,43.47,26.23,30.87
2024-11-26 12:00:00,40.19,40.06,102.07,43.56,27.37,31.70
2024-11-26 13:00:00,41.06,40.92,116.10,44.25,29.02,33.15
2024-11-26 14:00:00,47.25,47.23,123.95,45.72,33.33,36.74
2024-11-26 15:00:00,47.55,47.54,143.10,46.08,38.15,40.32
2024-11-26 16:00:00,47.67,47.66,155.52,46.25,43.28,44.09
2024-11-26 17:00:00,47.66,47.66,160.91,46.26,44.80,45.20
2024-11-26 18:00:00,41.71,70.44,153.28,46.11,41.47,42.80
2024-11-26 19:00:00,47.33,47.32,126.38,45.87,38.84,40.86
2024-11-26 20:00:00,47.61,47.61,118.23,46.12,43.02,44.19
2024-11-26 21:00:00,42.65,42.64,122.13,45.41,37.40,39.81
2024-11-26 22:00:00,51.33,38.62,113.34,45.52,34.22,37.56
2024-11-26 23:00:00,104.74,40.27,104.74,44.50,38.02,39.71
2024-11-27 00:00:00,106.28,39.08,106.28,44.30,36.58,38.48
2024-11-27 01:00:00,110.00,39.65,110.00,44.70,37.19,39.04
2024-11-27 02:00:00,103.21,40.56,111.46,45.00,38.79,40.12
2024-11-27 03:00:00,100.87,42.94,114.66,46.10,41.95,42.69
2024-11-27 04:00:00,112.11,46.90,123.92,46.55,47.07,46.93
2024-11-27 05:00:00,109.50,101.97,140.50,50.40,63.22,65.45
2024-11-27 06:00:00,148.20,148.40,160.00,69.70,139.93,154.04
2024-11-27 07:00:00,170.48,171.58,184.84,74.77,160.98,178.52
2024-11-27 08:00:00,158.74,159.21,164.45,72.91,149.98,165.40
2024-11-27 09:00:00,153.10,153.17,153.10,74.62,139.38,152.28
2024-11-27 10:00:00,150.00,150.07,150.00,74.47,139.29,152.03
2024-11-27 11:00:00,145.66,145.73,145.66,75.53,137.77,149.98
2024-11-27 12:00:00,140.49,140.56,140.49,70.81,132.70,144.68
2024-11-27 13:00:00,130.09,130.16,130.09,68.17,123.92,134.62
2024-11-27 14:00:00,131.70,131.76,131.70,70.75,125.82,136.16
2024-11-27 15:00:00,117.74,117.94,117.56,74.91,114.38,120.94
2024-11-27 16:00:00,111.25,112.66,110.24,103.61,114.28,113.02
2024-11-27 17:00:00,112.29,113.16,112.29,104.66,115.43,115.07
2024-11-27 18:00:00,101.84,101.96,101.84,94.24,104.07,103.69
2024-11-27 19:00:00,78.14,78.23,78.14,74.10,79.70,79.44
2024-11-27 20:00:00,71.86,71.94,71.86,69.52,73.24,73.01
2024-11-27 21:00:00,67.05,66.81,67.05,61.74,67.72,67.00
2024-11-27 22:00:00,48.78,49.03,48.78,47.22,49.56,49.17
2024-11-27 23:00:00,49.21,49.21,49.21,47.41,49.72,49.31
2024-11-28 00:00:00,41.21,42.15,41.21,40.14,42.58,42.23
2024-11-28 01:00:00,32.95,33.72,32.95,33.99,33.94,33.77
2024-11-28 02:00:00,32.08,32.84,32.08,33.10,33.01,32.88
2024-11-28 03:00:00,31.69,37.81,31.69,37.26,38.05,37.86
2024-11-28 04:00:00,52.29,47.88,52.29,46.20,48.36,47.99
2024-11-28 05:00:00,63.27,63.27,64.98,59.30,64.08,63.46
2024-11-28 06:00:00,87.56,87.57,88.13,85.30,88.69,87.82
2024-11-28 07:00:00,102.02,104.62,107.41,98.87,105.86,104.87
2024-11-28 08:00:00,95.79,100.81,107.41,92.72,102.27,101.13
2024-11-28 09:00:00,88.93,89.66,92.10,82.64,90.94,89.94
2024-11-28 10:00:00,86.79,93.93,98.70,70.42,110.84,96.71
2024-11-28 11:00:00,84.06,91.48,96.16,67.38,109.10,94.39
2024-11-28 12:00:00,83.76,91.80,96.68,66.13,111.15,94.95
2024-11-28 13:00:00,95.17,95.18,97.86,83.28,96.92,95.58
2024-11-28 14:00:00,106.57,106.60,111.59,79.79,122.95,109.38
2024-11-28 15:00:00,132.62,132.64,132.62,109.33,139.91,133.99
2024-11-28 16:00:00,149.33,149.35,149.33,144.86,156.70,150.70
2024-11-28 17:00:00,158.23,158.24,158.23,153.36,161.10,158.89
2024-11-28 18:00:00,153.91,153.92,153.91,149.17,156.79,154.52
2024-11-28 19:00:00,143.97,143.98,143.97,139.21,140.95,138.99
2024-11-28 20:00:00,132.49,132.50,132.49,128.05,129.25,127.41
2024-11-28 21:00:00,122.16,122.16,122.16,117.22,111.14,109.76
2024-11-28 22:00:00,112.60,112.60,112.60,59.47,63.80,63.75
2024-11-28 23:00:00,110.30,110.35,110.30,47.53,93.27,104.35
2024-11-29 00:00:00,107.01,107.04,107.01,45.86,75.41,85.54
2024-11-29 01:00:00,103.47,103.51,103.47,45.79,73.93,91.32
2024-11-29 02:00:00,102.80,102.83,102.80,45.54,74.99,85.07
2024-11-29 03:00:00,105.30,105.33,105.30,45.13,59.91,79.72
2024-11-29 04:00:00,115.28,115.32,115.28,46.19,87.95,98.62
2024-11-29 05:00:00,135.99,145.18,145.10,57.97,129.14,142.47
2024-11-29 06:00:00,163.86,169.37,169.28,72.94,158.37,174.46
2024-11-29 07:00:00,173.56,181.44,181.35,76.38,163.27,179.66
2024-11-29 08:00:00,157.37,162.57,162.49,65.96,144.45,159.53
2024-11-29 09:00:00,138.35,143.09,143.01,57.91,126.87,140.42
2024-11-29 10:00:00,120.06,136.47,136.40,53.95,118.43,131.19
2024-11-29 11:00:00,110.05,126.65,126.59,50.52,112.07,124.27
2024-11-29 12:00:00,114.26,119.52,119.50,48.87,100.54,116.68
2024-11-29 13:00:00,109.30,129.55,129.58,48.27,101.34,125.93
2024-11-29 14:00:00,122.72,140.99,141.02,48.45,108.23,137.01
2024-11-29 15:00:00,122.68,152.01,152.01,51.02,119.28,148.03
2024-11-29 16:00:00,144.38,150.51,150.44,50.89,112.57,124.06
2024-11-29 17:00:00,142.03,142.06,142.03,45.63,72.95,79.74
2024-11-29 18:00:00,130.81,130.81,130.81,44.87,47.77,47.68
2024-11-29 19:00:00,119.90,119.90,119.90,43.85,44.99,45.23
2024-11-29 20:00:00,112.10,112.10,115.10,43.25,45.31,45.21
2024-11-29 21:00:00,113.73,113.73,113.73,42.86,37.68,38.03
2024-11-29 22:00:00,103.28,103.27,103.45,41.70,35.05,35.55
2024-11-29 23:00:00,79.99,79.99,98.83,39.84,32.04,32.68
2024-11-30 00:00:00,60.67,60.67,92.00,39.29,31.81,32.42
2024-11-30 01:00:00,51.74,51.73,89.69,38.86,31.73,32.43
2024-11-30 02:00:00,39.47,39.46,86.90,38.76,29.96,30.58
2024-11-30 03:00:00,38.74,38.74,88.18,37.93,28.72,30.01
2024-11-30 04:00:00,37.17,37.16,90.18,36.17,25.91,27.93
2024-11-30 05:00:00,38.00,37.99,88.90,36.92,24.11,26.93
2024-11-30 06:00:00,40.06,40.04,103.06,38.74,25.51,28.98
2024-11-30 07:00:00,41.07,41.05,107.39,39.71,26.79,30.29
2024-11-30 08:00:00,42.01,41.99,91.17,40.59,27.25,30.97
2024-11-30 09:00:00,41.90,41.88,85.20,40.48,26.10,30.13
2024-11-30 10:00:00,42.51,42.49,86.12,41.16,25.52,29.57
2024-11-30 11:00:00,42.08,42.06,87.70,40.87,24.61,28.34
2024-11-30 12:00:00,55.01,54.99,90.03,41.94,24.72,28.69
2024-11-30 13:00:00,89.25,89.22,93.35,41.96,25.67,29.74
2024-11-30 14:00:00,99.55,99.53,124.34,42.08,25.81,29.61
2024-11-30 15:00:00,114.99,114.97,132.89,42.80,27.36,31.02
2024-11-30 16:00:00,136.94,136.93,136.94,42.89,34.72,39.31
2024-11-30 17:00:00,135.90,135.88,135.90,42.34,25.80,29.43
2024-11-30 18:00:00,129.94,129.92,131.96,41.92,23.80,27.84
2024-11-30 19:00:00,116.42,116.40,124.51,41.76,23.16,27.51
2024-11-30 20:00:00,112.18,112.16,115.08,41.39,21.94,26.31
2024-11-30 21:00:00,114.78,114.76,114.78,40.60,21.26,25.73
2024-11-30 22:00:00,106.67,106.65,106.67,40.00,20.66,25.20
2024-11-30 23:00:00,95.20,95.18,99.66,38.45,19.28,24.08
2024-12-01 00:00:00,90.01,89.99,90.01,38.53,18.95,23.74
2024-12-01 01:00:00,88.14,88.13,88.14,38.40,19.01,23.68
2024-12-01 02:00:00,85.70,85.68,85.70,38.30,19.07,23.68
2024-12-01 03:00:00,84.27,84.25,84.80,38.26,19.29,23.76
2024-12-01 04:00:00,80.00,79.98,85.31,38.42,19.68,23.92
2024-12-01 05:00:00,83.23,83.21,84.43,38.63,19.68,24.15
2024-12-01 06:00:00,89.19,89.17,89.97,38.92,20.27,24.68
2024-12-01 07:00:00,99.19,99.16,99.64,38.90,20.06,24.79
2024-12-01 08:00:00,94.60,94.58,94.60,39.11,20.14,25.09
2024-12-01 09:00:00,89.30,89.27,89.30,39.32,20.10,25.34
2024-12-01 10:00:00,82.38,82.36,82.38,39.62,19.93,25.47
2024-12-01 11:00:00,85.25,85.22,85.25,39.43,19.61,25.20
2024-12-01 12:00:00,83.08,83.06,83.08,39.42,19.28,24.95
2024-12-01 13:00:00,90.61,90.59,90.61,39.57,18.94,24.73
2024-12-01 14:00:00,102.81,102.79,108.62,39.53,18.86,24.65
2024-12-01 15:00:00,117.45,117.45,121.53,39.88,25.27,44.96
2024-12-01 16:00:00,109.95,109.95,117.77,39.97,24.89,45.11
2024-12-01 17:00:00,101.55,101.53,121.51,39.82,18.26,24.30
2024-12-01 18:00:00,83.52,83.49,110.23,39.40,17.61,23.89
2024-12-01 19:00:00,67.29,67.27,91.35,39.21,17.43,23.69
2024-12-01 20:00:00,58.81,58.79,84.36,38.83,16.94,23.23
2024-12-01 21:00:00,50.16,50.14,96.98,38.92,16.65,22.96
2024-12-01 22:00:00,45.39,45.36,85.00,38.67,15.34,21.73
2024-12-01 23:00:00,22.30,22.30,74.77,35.05,-0.15,-0.13
2024-12-02 00:00:00,27.04,27.04,65.78,32.81,-0.23,-0.22
2024-12-02 01:00:00,31.54,31.54,61.17,30.57,-0.55,-0.60
2024-12-02 02:00:00,31.48,31.48,46.44,30.50,-0.79,-0.90
2024-12-02 03:00:00,31.81,31.81,50.21,30.84,-0.19,-0.18
2024-12-02 04:00:00,38.16,38.16,69.53,37.40,0.00,0.02
2024-12-02 05:00:00,53.51,53.51,92.08,39.32,21.69,39.42
2024-12-02 06:00:00,56.70,102.10,125.25,40.72,23.77,43.37
2024-12-02 07:00:00,66.54,105.34,125.20,41.98,25.02,45.17
2024-12-02 08:00:00,65.31,103.62,123.63,41.80,25.44,46.41
2024-12-02 09:00:00,65.01,101.87,121.27,42.12,27.17,50.31
2024-12-02 10:00:00,64.99,97.72,115.80,41.94,27.02,50.04
2024-12-02 11:00:00,67.11,99.02,115.09,41.74,27.24,49.80
2024-12-02 12:00:00,70.16,108.20,127.60,41.63,27.11,49.64
2024-12-02 13:00:00,90.97,129.50,136.74,41.49,27.10,49.44
2024-12-02 14:00:00,108.28,144.04,144.04,41.94,27.43,49.94
2024-12-02 15:00:00,133.70,133.70,144.75,42.49,27.58,48.79
2024-12-02 16:00:00,147.07,147.07,147.68,41.99,36.08,46.78
2024-12-02 17:00:00,147.90,147.90,147.90,41.63,39.21,44.21
2024-12-02 18:00:00,138.00,138.00,138.00,40.59,40.40,40.86
2024-12-02 19:00:00,115.43,112.89,120.01,39.99,38.43,40.17
2024-12-02 20:00:00,100.05,100.05,112.68,39.54,39.21,39.26
2024-12-02 21:00:00,95.34,95.34,111.72,38.89,34.00,34.48
2024-12-02 22:00:00,88.69,88.69,102.21,38.66,25.94,26.48
2024-12-02 23:00:00,95.49,95.49,110.73,40.66,24.50,24.79
2024-12-03 00:00:00,90.90,90.90,103.05,41.46,24.48,24.76
2024-12-03 01:00:00,88.00,88.00,96.28,41.62,8.87,8.90
2024-12-03 02:00:00,86.80,86.80,93.22,41.80,8.21,8.25
2024-12-03 03:00:00,94.96,94.96,100.48,41.93,18.92,18.94
2024-12-03 04:00:00,95.57,95.58,108.09,42.54,48.36,47.72
2024-12-03 05:00:00,119.94,119.94,121.76,49.98,60.78,58.49
2024-12-03 06:00:00,142.00,142.01,142.39,116.44,140.23,139.02
2024-12-03 07:00:00,148.66,153.47,154.62,126.27,152.41,150.97
2024-12-03 08:00:00,128.92,145.10,150.09,117.16,141.68,140.04
2024-12-03 09:00:00,101.06,130.74,141.37,101.41,123.24,120.83
2024-12-03 10:00:00,94.97,129.58,139.23,67.31,103.52,91.23
2024-12-03 11:00:00,94.92,135.65,135.62,64.54,93.92,84.62
2024-12-03 12:00:00,95.20,142.45,142.41,56.87,99.85,83.16
2024-12-03 13:00:00,144.34,150.04,150.02,63.43,90.69,82.36
2024-12-03 14:00:00,163.96,168.95,168.94,65.62,83.56,79.85
2024-12-03 15:00:00,199.28,205.18,205.18,77.14,94.14,92.37
2024-12-03 16:00:00,209.14,210.01,210.00,203.90,178.43,176.06
2024-12-03 17:00:00,197.88,197.89,197.88,192.04,169.68,167.41
2024-12-03 18:00:00,189.83,189.84,189.83,184.85,159.32,157.22
2024-12-03 19:00:00,168.44,168.45,170.04,164.11,139.73,137.96
2024-12-03 20:00:00,153.13,153.13,153.61,148.77,119.31,119.31
2024-12-03 21:00:00,142.08,142.07,142.08,125.38,84.97,86.41
2024-12-03 22:00:00,130.81,102.08,130.81,55.83,48.05,48.40
2024-12-03 23:00:00,120.99,102.10,120.99,56.19,38.10,39.75
2024-12-04 00:00:00,116.66,102.06,116.66,51.77,40.13,41.15
2024-12-04 01:00:00,112.79,82.84,112.79,53.21,42.86,43.70
2024-12-04 02:00:00,110.00,73.34,110.19,54.19,47.98,48.29
2024-12-04 03:00:00,111.64,73.90,112.26,54.74,57.60,56.90
2024-12-04 04:00:00,119.60,83.87,120.91,65.31,69.91,69.03
2024-12-04 05:00:00,140.54,140.55,145.20,138.92,140.76,141.86
2024-12-04 06:00:00,204.75,204.76,209.76,184.48,208.89,205.68
2024-12-04 07:00:00,268.82,268.84,276.66,258.04,271.21,270.19
2024-12-04 08:00:00,244.05,244.07,250.76,236.39,246.70,245.49
2024-12-04 09:00:00,212.21,212.23,212.21,196.60,214.85,213.61
2024-12-04 10:00:00,198.95,198.96,198.95,185.85,201.40,200.26
2024-12-04 11:00:00,192.25,192.31,192.25,109.23,184.38,197.39
2024-12-04 12:00:00,192.68,192.71,199.82,185.78,190.19,195.34
2024-12-04 13:00:00,207.54,207.61,218.44,107.22,196.52,213.93
2024-12-04 14:00:00,227.83,227.92,242.87,109.82,212.50,233.52
2024-12-04 15:00:00,251.69,251.80,267.35,108.88,214.24,236.54
2024-12-04 16:00:00,287.76,287.87,287.76,94.54,200.01,223.53
2024-12-04 17:00:00,230.22,230.30,230.22,89.68,174.55,192.55
2024-12-04 18:00:00,194.00,194.05,197.59,68.45,115.02,130.00
2024-12-04 19:00:00,158.80,158.84,165.68,75.60,115.44,136.02
2024-12-04 20:00:00,133.00,133.03,148.34,79.54,114.61,135.45
2024-12-04 21:00:00,120.00,119.99,128.33,113.71,80.77,100.13
2024-12-04 22:00:00,111.00,110.99,113.27,64.54,53.61,66.14
2024-12-04 23:00:00,114.77,114.77,114.77,47.56,50.35,56.39
2024-12-05 00:00:00,105.74,105.74,105.74,46.96,39.74,55.85
2024-12-05 01:00:00,100.10,100.10,103.27,47.25,30.57,56.09
2024-12-05 02:00:00,87.14,87.14,104.50,46.65,29.35,55.51
2024-12-05 03:00:00,76.94,76.94,103.27,46.64,30.39,55.55
2024-12-05 04:00:00,77.70,77.70,104.12,48.06,50.24,57.41
2024-12-05 05:00:00,91.30,91.30,135.88,71.21,81.10,91.66
2024-12-05 06:00:00,115.00,139.65,143.54,95.98,114.53,140.19
2024-12-05 07:00:00,128.00,137.37,141.29,110.71,132.30,138.00
2024-12-05 08:00:00,99.91,131.77,131.78,86.72,103.51,128.16
2024-12-05 09:00:00,91.87,121.93,124.92,79.84,95.15,121.52
2024-12-05 10:00:00,80.14,104.75,107.31,69.79,82.95,104.41
2024-12-05 11:00:00,75.35,77.69,102.67,65.71,77.98,77.38
2024-12-05 12:00:00,70.89,71.71,102.93,61.83,73.11,72.03
2024-12-05 13:00:00,62.93,63.65,102.89,55.03,64.87,63.93
2024-12-05 14:00:00,61.79,62.12,100.87,54.13,63.91,63.69
2024-12-05 15:00:00,54.42,60.80,101.50,52.22,62.56,62.35
2024-12-05 16:00:00,60.40,61.10,118.31,52.10,62.28,61.37
2024-12-05 17:00:00,53.64,53.31,112.16,48.43,52.83,53.18
2024-12-05 18:00:00,44.59,42.86,105.36,47.61,37.90,41.75
2024-12-05 19:00:00,40.75,34.01,87.13,46.94,25.34,32.08
2024-12-05 20:00:00,46.55,34.38,77.30,47.61,25.46,32.41
2024-12-05 21:00:00,41.84,36.19,74.17,41.59,30.80,35.99
2024-12-05 22:00:00,43.14,30.10,43.14,41.23,22.55,29.91
2024-12-05 23:00:00,10.64,10.64,10.64,36.81,10.43,10.60
2024-12-06 00:00:00,4.60,4.60,4.60,29.91,4.93,4.68
2024-12-06 01:00:00,3.87,3.87,3.87,18.99,4.15,3.93
2024-12-06 02:00:00,2.31,2.62,2.31,19.00,3.11,2.72
2024-12-06 03:00:00,2.99,3.22,2.99,24.93,3.69,3.32
2024-12-06 04:00:00,10.35,10.13,10.35,34.70,10.00,10.10
2024-12-06 05:00:00,62.70,42.22,63.49,43.59,23.90,29.72
2024-12-06 06:00:00,92.71,92.68,92.71,60.33,33.93,41.90
2024-12-06 07:00:00,110.17,110.12,110.17,106.49,50.92,64.91
2024-12-06 08:00:00,110.16,110.12,110.16,106.62,46.92,59.76
2024-12-06 09:00:00,104.08,104.03,104.08,100.74,48.64,60.06
2024-12-06 10:00:00,98.37,98.34,98.37,95.21,47.30,58.21
2024-12-06 11:00:00,91.90,91.85,91.90,88.74,50.72,62.45
2024-12-06 12:00:00,100.70,100.66,100.70,97.49,47.35,58.64
2024-12-06 13:00:00,109.00,108.96,109.00,105.57,52.28,63.64
2024-12-06 14:00:00,116.92,116.91,116.92,84.07,65.94,70.12
2024-12-06 15:00:00,131.55,131.55,131.55,127.18,72.49,108.57
2024-12-06 16:00:00,142.99,142.99,142.99,138.24,78.99,122.52
2024-12-06 17:00:00,151.07,151.07,151.07,146.02,72.69,128.18
2024-12-06 18:00:00,142.48,142.43,142.48,137.66,53.00,70.27
2024-12-06 19:00:00,130.00,129.95,130.00,125.78,48.73,64.66
2024-12-06 20:00:00,119.42,119.37,119.42,115.57,45.57,60.24
2024-12-06 21:00:00,121.08,121.09,121.08,89.45,42.54,81.81
2024-12-06 22:00:00,102.14,102.15,102.14,53.29,30.82,57.80
2024-12-06 23:00:00,86.65,86.66,86.65,51.92,30.72,56.74
2024-12-07 00:00:00,74.32,74.33,74.32,48.87,29.04,53.15
2024-12-07 01:00:00,68.00,68.00,68.00,44.23,27.55,50.04
2024-12-07 02:00:00,62.36,63.87,63.87,42.92,26.53,48.25
2024-12-07 03:00:00,49.10,58.09,58.09,41.45,25.80,46.50
2024-12-07 04:00:00,37.41,37.41,50.16,38.41,25.50,37.21
2024-12-07 05:00:00,38.26,38.26,39.46,38.24,25.18,38.17
2024-12-07 06:00:00,41.48,41.48,43.28,40.92,27.89,41.47
2024-12-07 07:00:00,54.17,54.17,58.06,43.64,34.91,44.25
2024-12-07 08:00:00,59.10,59.10,62.86,44.56,42.72,45.41
2024-12-07 09:00:00,53.71,53.71,64.92,45.69,50.40,49.94
2024-12-07 10:00:00,51.33,51.82,64.92,46.92,52.64,52.00
2024-12-07 11:00:00,54.13,54.88,68.00,46.98,56.20,55.16
2024-12-07 12:00:00,54.44,55.20,72.84,47.24,56.51,55.48
2024-12-07 13:00:00,57.38,57.39,74.24,49.32,58.74,57.68
2024-12-07 14:00:00,59.11,59.12,82.50,51.65,60.48,59.42
2024-12-07 15:00:00,60.95,60.95,96.45,51.97,62.41,61.27
2024-12-07 16:00:00,63.00,63.00,96.00,54.04,64.52,63.33
2024-12-07 17:00:00,62.09,62.10,87.92,52.95,63.59,62.42
2024-12-07 18:00:00,69.10,69.10,82.41,55.37,63.11,61.98
2024-12-07 19:00:00,75.00,75.00,78.92,52.09,57.78,56.95
2024-12-07 20:00:00,76.34,76.34,85.03,51.96,51.40,51.20
2024-12-07 21:00:00,73.99,73.99,82.50,53.57,51.59,51.51
2024-12-07 22:00:00,68.73,68.73,74.80,44.83,40.98,41.30
2024-12-07 23:00:00,43.62,43.62,93.91,42.44,39.44,39.83
2024-12-08 00:00:00,43.62,43.62,86.83,42.55,36.16,36.94
2024-12-08 01:00:00,50.76,50.75,86.73,41.48,34.86,35.64
2024-12-08 02:00:00,41.40,41.40,83.95,40.36,34.41,35.16
2024-12-08 03:00:00,40.60,40.60,84.44,39.58,33.59,34.34
2024-12-08 04:00:00,40.02,40.02,91.13,38.99,34.21,34.78
2024-12-08 05:00:00,40.94,40.94,91.25,39.84,36.36,36.79
2024-12-08 06:00:00,44.08,44.08,91.29,42.77,43.02,43.02
2024-12-08 07:00:00,45.76,45.76,100.84,44.40,44.66,44.66
2024-12-08 08:00:00,67.11,67.11,109.40,51.89,53.36,52.99
2024-12-08 09:00:00,88.91,88.91,110.84,62.12,58.58,58.41
2024-12-08 10:00:00,103.92,103.92,117.39,62.28,58.83,58.64
2024-12-08 11:00:00,86.08,86.08,118.36,67.01,62.70,62.39
2024-12-08 12:00:00,96.55,101.82,116.74,63.07,65.76,64.96
2024-12-08 13:00:00,85.14,85.15,111.91,76.78,76.31,75.43
2024-12-08 14:00:00,79.45,79.45,121.38,77.83,80.21,78.96
2024-12-08 15:00:00,83.27,83.28,105.94,81.64,86.35,83.87
2024-12-08 16:00:00,82.85,82.87,113.61,74.62,85.77,84.68
2024-12-08 17:00:00,78.31,78.33,98.55,65.45,80.21,80.37
2024-12-08 18:00:00,64.81,66.55,97.69,60.12,70.33,67.18
2024-12-08 19:00:00,57.94,58.74,91.29,53.34,60.18,59.02
2024-12-08 20:00:00,54.66,54.67,90.56,48.61,55.96,54.93
2024-12-08 21:00:00,42.57,43.13,88.60,43.56,44.08,43.32
2024-12-08 22:00:00,40.78,35.40,75.01,41.49,30.25,35.47
2024-12-08 23:00:00,42.91,42.91,71.36,41.52,19.26,18.90
2024-12-09 00:00:00,45.20,45.21,55.83,40.96,5.31,4.80
2024-12-09 01:00:00,35.06,24.76,35.13,38.72,5.68,5.23
2024-12-09 02:00:00,34.25,18.07,34.40,35.14,7.00,6.74
2024-12-09 03:00:00,32.59,9.62,40.01,38.84,9.75,9.66
2024-12-09 04:00:00,38.26,38.24,72.24,40.89,38.19,38.23
2024-12-09 05:00:00,42.72,51.66,79.40,45.56,52.63,51.88
2024-12-09 06:00:00,69.03,70.30,113.34,62.55,75.61,71.19
2024-12-09 07:00:00,81.56,82.14,122.54,79.36,83.87,82.54
2024-12-09 08:00:00,66.79,67.09,123.12,64.84,67.98,67.29
2024-12-09 09:00:00,67.12,67.42,129.81,65.17,68.33,67.63
2024-12-09 10:00:00,68.46,68.77,128.70,66.47,69.70,68.99
2024-12-09 11:00:00,69.82,70.16,128.32,67.81,71.23,70.40
2024-12-09 12:00:00,78.94,79.41,124.51,76.73,80.84,79.73
2024-12-09 13:00:00,92.64,93.32,121.35,90.17,95.41,93.79
2024-12-09 14:00:00,112.76,113.51,116.83,110.26,116.13,114.11
2024-12-09 15:00:00,115.16,116.05,116.08,112.08,118.75,116.66
2024-12-09 16:00:00,118.94,118.94,120.57,116.53,119.37,117.74
2024-12-09 17:00:00,116.91,116.92,123.69,114.61,116.15,114.67
2024-12-09 18:00:00,122.21,114.19,125.76,121.60,110.02,108.98
2024-12-09 19:00:00,113.16,99.88,114.97,111.25,100.95,100.10
2024-12-09 20:00:00,100.98,88.28,100.98,97.72,89.07,88.44
2024-12-09 21:00:00,98.48,83.58,98.48,91.33,43.51,83.74
2024-12-09 22:00:00,92.39,74.92,92.77,82.09,38.71,75.05
2024-12-09 23:00:00,77.27,72.65,92.85,74.63,36.20,72.90
2024-12-10 00:00:00,85.00,69.38,89.33,65.60,34.31,69.73
2024-12-10 01:00:00,86.50,67.11,86.50,62.28,33.30,67.46
2024-12-10 02:00:00,83.70,68.02,83.70,63.30,33.37,68.38
2024-12-10 03:00:00,87.21,70.17,87.21,66.27,34.57,70.53
2024-12-10 04:00:00,89.07,80.46,89.07,78.44,40.85,80.88
2024-12-10 05:00:00,112.06,112.07,112.06,108.11,55.20,110.44
2024-12-10 06:00:00,135.18,135.19,135.18,116.15,69.03,135.97
2024-12-10 07:00:00,169.76,169.78,169.76,138.07,86.54,171.10
2024-12-10 08:00:00,182.14,182.15,182.14,162.57,92.87,182.94
2024-12-10 09:00:00,184.75,184.77,184.75,160.62,93.86,185.76
2024-12-10 10:00:00,186.50,186.51,186.50,165.09,94.76,187.45
2024-12-10 11:00:00,180.62,180.65,180.62,146.01,90.73,180.66
2024-12-10 12:00:00,190.78,190.80,190.78,167.15,95.64,192.20
2024-12-10 13:00:00,189.41,189.43,189.41,174.73,95.74,190.19
2024-12-10 14:00:00,197.64,197.64,197.64,182.15,100.32,198.25
2024-12-10 15:00:00,199.09,200.19,200.18,185.69,100.76,198.82
2024-12-10 16:00:00,199.34,202.39,202.38,166.01,201.54,197.86
2024-12-10 17:00:00,181.00,181.01,181.00,174.75,181.97,178.71
2024-12-10 18:00:00,180.17,180.18,180.17,173.97,168.43,175.91
2024-12-10 19:00:00,166.60,166.61,166.60,147.43,138.25,162.66
2024-12-10 20:00:00,151.15,151.16,151.15,115.91,55.52,147.57
2024-12-10 21:00:00,137.94,137.95,137.94,79.70,42.18,84.65
2024-12-10 22:00:00,121.37,121.38,121.37,69.80,36.97,74.76
2024-12-10 23:00:00,115.94,115.95,115.94,67.03,36.13,72.83
2024-12-11 00:00:00,108.22,108.23,108.22,57.83,32.38,64.93
2024-12-11 01:00:00,107.31,107.31,107.31,54.98,30.97,62.31
2024-12-11 02:00:00,106.17,106.17,106.17,54.90,30.77,61.78
2024-12-11 03:00:00,108.69,108.69,108.69,54.52,30.71,61.80
2024-12-11 04:00:00,125.31,125.31,125.31,61.84,34.18,68.90
2024-12-11 05:00:00,163.42,163.43,163.42,80.79,92.91,130.16
2024-12-11 06:00:00,249.59,295.52,295.50,178.64,223.69,218.93
2024-12-11 07:00:00,356.18,368.99,368.97,291.21,365.60,357.66
2024-12-11 08:00:00,364.97,377.15,377.12,301.86,374.45,366.75
2024-12-11 09:00:00,338.58,348.66,348.64,281.99,347.38,340.61
2024-12-11 10:00:00,344.35,380.01,379.99,308.72,327.39,321.80
2024-12-11 11:00:00,334.00,385.89,385.87,301.26,319.44,314.13
2024-12-11 12:00:00,333.15,404.93,404.91,289.55,303.95,299.00
2024-12-11 13:00:00,362.22,371.98,371.96,350.00,369.29,363.32
2024-12-11 14:00:00,377.00,380.96,380.94,366.65,377.95,372.10
2024-12-11 15:00:00,437.87,437.90,437.87,422.62,434.32,427.70
2024-12-11 16:00:00,434.86,445.10,445.08,429.68,441.63,434.74
2024-12-11 17:00:00,359.92,359.93,359.92,347.00,146.87,292.74
2024-12-11 18:00:00,341.25,341.26,341.25,329.73,131.43,264.33
2024-12-11 19:00:00,206.82,206.83,206.82,199.17,86.36,172.89
2024-12-11 20:00:00,171.20,171.20,171.20,161.10,72.48,144.67
2024-12-11 21:00:00,150.00,150.01,150.00,144.54,66.82,131.74
2024-12-11 22:00:00,135.96,135.97,135.96,130.93,61.18,120.38
2024-12-11 23:00:00,122.24,122.25,122.24,117.81,56.24,112.01
2024-12-12 00:00:00,115.30,115.31,115.30,111.06,51.88,104.47
2024-12-12 01:00:00,109.96,109.97,109.96,105.92,50.02,100.72
2024-12-12 02:00:00,107.35,107.36,107.35,103.41,48.72,98.99
2024-12-12 03:00:00,112.51,112.52,112.51,108.36,50.49,109.86
2024-12-12 04:00:00,123.67,123.67,123.67,106.55,52.03,120.77
2024-12-12 05:00:00,176.18,176.19,176.18,169.35,77.09,172.05
2024-12-12 06:00:00,599.99,600.03,599.99,434.96,268.35,535.04
2024-12-12 07:00:00,655.60,655.64,655.60,396.44,240.28,477.52
2024-12-12 08:00:00,646.76,646.79,646.76,478.27,238.58,472.46
2024-12-12 09:00:00,543.83,543.86,543.83,482.33,214.31,423.50
2024-12-12 10:00:00,465.36,465.38,465.36,418.39,179.54,352.35
2024-12-12 11:00:00,404.99,405.01,404.99,367.84,159.91,312.71
2024-12-12 12:00:00,415.30,415.31,415.30,386.13,162.89,320.21
2024-12-12 13:00:00,490.34,490.36,490.34,449.44,182.33,359.17
2024-12-12 14:00:00,668.49,668.51,668.49,614.91,279.90,485.24
2024-12-12 15:00:00,818.98,819.01,818.98,740.68,671.68,661.32
2024-12-12 16:00:00,936.28,936.31,936.28,898.25,707.52,699.09
2024-12-12 17:00:00,674.18,674.20,674.18,646.77,512.08,505.96
2024-12-12 18:00:00,551.01,551.02,551.01,528.74,419.66,414.41
2024-12-12 19:00:00,295.66,295.66,295.66,284.13,228.92,226.62
2024-12-12 20:00:00,169.40,169.41,169.40,162.66,82.79,145.29
2024-12-12 21:00:00,150.00,150.01,150.00,144.79,76.18,131.79
2024-12-12 22:00:00,134.75,134.76,134.75,104.60,71.08,97.77
2024-12-12 23:00:00,130.07,130.07,130.07,60.72,59.01,84.07
2024-12-13 00:00:00,122.90,122.90,122.90,55.60,53.15,84.18
2024-12-13 01:00:00,118.97,118.97,118.97,49.92,48.28,84.24
2024-12-13 02:00:00,114.95,114.95,114.95,45.59,45.48,84.24
2024-12-13 03:00:00,115.64,115.64,115.64,48.34,47.28,99.88
2024-12-13 04:00:00,125.83,125.85,125.83,49.91,58.63,116.55
2024-12-13 05:00:00,156.53,156.56,156.53,58.90,104.98,152.87
2024-12-13 06:00:00,187.71,187.76,187.71,96.22,145.21,183.82
2024-12-13 07:00:00,253.00,253.03,253.00,187.24,261.44,247.33
2024-12-13 08:00:00,245.74,245.77,245.74,235.37,219.66,240.21
2024-12-13 09:00:00,208.42,208.44,208.42,200.00,180.05,203.62
2024-12-13 10:00:00,174.40,174.42,174.40,167.28,162.93,170.47
2024-12-13 11:00:00,166.06,166.07,166.06,159.30,147.40,162.20
2024-12-13 12:00:00,165.00,165.01,165.00,158.35,146.19,161.17
2024-12-13 13:00:00,184.50,184.51,184.50,176.82,152.27,162.06
2024-12-13 14:00:00,220.77,220.80,220.77,179.13,168.45,166.63
2024-12-13 15:00:00,250.06,250.09,250.06,112.18,143.08,193.51
2024-12-13 16:00:00,284.21,284.21,284.21,124.55,120.15,118.25
2024-12-13 17:00:00,260.00,260.00,260.00,130.40,115.48,114.23
2024-12-13 18:00:00,225.60,225.61,225.60,57.79,64.66,64.31
2024-12-13 19:00:00,175.00,175.00,175.00,58.06,60.66,58.17
2024-12-13 20:00:00,146.22,146.22,146.22,58.97,52.96,52.94
2024-12-13 21:00:00,135.09,135.09,135.09,51.70,39.96,41.36
2024-12-13 22:00:00,116.52,116.52,116.52,45.96,30.71,32.12
2024-12-13 23:00:00,116.94,116.93,116.94,37.83,27.26,28.35
2024-12-14 00:00:00,111.36,111.36,111.36,37.46,26.07,27.18
2024-12-14 01:00:00,108.04,108.03,108.04,37.18,27.26,28.21
2024-12-14 02:00:00,99.02,99.02,99.02,36.94,24.90,26.05
2024-12-14 03:00:00,93.44,93.44,93.44,36.77,21.00,21.93
2024-12-14 04:00:00,88.11,88.11,91.55,36.69,20.20,21.00
2024-12-14 05:00:00,69.46,69.46,92.35,36.69,20.87,21.70
2024-12-14 06:00:00,78.02,78.02,101.67,36.56,25.09,26.22
2024-12-14 07:00:00,88.77,88.76,113.75,37.26,25.37,32.75
2024-12-14 08:00:00,74.30,74.30,124.98,37.80,25.69,34.58
2024-12-14 09:00:00,40.21,40.02,120.93,38.09,25.11,37.64
2024-12-14 10:00:00,37.16,37.15,107.48,37.01,24.21,37.14
2024-12-14 11:00:00,37.57,37.41,104.71,36.44,23.80,37.43
2024-12-14 12:00:00,36.67,36.67,102.96,35.56,23.29,36.62
2024-12-14 13:00:00,35.60,35.40,96.63,34.60,22.75,35.42
2024-12-14 14:00:00,35.11,35.11,98.24,34.05,22.51,35.15
2024-12-14 15:00:00,36.77,36.77,105.67,35.65,29.58,36.84
2024-12-14 16:00:00,37.36,37.36,121.12,36.22,26.89,37.42
2024-12-14 17:00:00,33.52,24.91,93.15,34.77,16.72,24.95
2024-12-14 18:00:00,35.12,12.86,95.60,34.01,6.60,6.65
2024-12-14 19:00:00,31.08,12.88,86.01,31.89,5.59,5.21
2024-12-14 20:00:00,25.96,12.89,82.78,30.43,5.24,4.82
2024-12-14 21:00:00,29.58,12.83,87.25,30.34,4.79,4.23
2024-12-14 22:00:00,29.48,3.30,73.81,30.22,2.42,1.77
2024-12-14 23:00:00,45.07,22.38,73.58,28.95,4.03,3.60
2024-12-15 00:00:00,35.27,22.36,68.48,30.94,5.77,5.57
2024-12-15 01:00:00,31.17,13.98,67.61,30.26,6.13,5.97
2024-12-15 02:00:00,31.28,22.32,59.39,30.41,8.28,8.28
2024-12-15 03:00:00,33.75,22.34,55.33,33.59,8.87,8.89
2024-12-15 04:00:00,36.20,14.21,52.74,34.78,13.61,14.08
2024-12-15 05:00:00,36.44,25.17,45.62,35.86,23.80,24.86
2024-12-15 06:00:00,45.19,29.40,53.92,35.72,28.36,29.16
2024-12-15 07:00:00,49.62,33.82,65.30,38.17,33.10,33.66
2024-12-15 08:00:00,42.51,41.84,70.65,39.58,36.86,37.14
2024-12-15 09:00:00,40.31,40.98,65.26,39.15,43.73,41.36
2024-12-15 10:00:00,39.16,41.58,60.90,36.63,48.32,42.51
2024-12-15 11:00:00,39.04,42.29,61.50,35.54,51.27,43.54
2024-12-15 12:00:00,38.37,41.21,47.51,34.91,48.86,42.30
2024-12-15 13:00:00,36.60,39.38,49.47,33.44,46.95,40.44
2024-12-15 14:00:00,35.28,37.90,47.92,32.12,44.39,38.82
2024-12-15 15:00:00,34.28,34.28,38.00,32.06,34.62,34.35
2024-12-15 16:00:00,31.32,31.32,43.42,30.01,31.51,31.36
2024-12-15 17:00:00,25.99,25.99,28.33,27.47,25.99,25.99
2024-12-15 18:00:00,22.38,22.38,24.55,24.35,6.41,6.40
2024-12-15 19:00:00,18.55,18.55,18.55,19.14,5.73,5.67
2024-12-15 20:00:00,13.96,13.96,13.96,14.40,5.68,5.58
2024-12-15 21:00:00,10.08,10.09,10.08,10.36,5.10,4.98
2024-12-15 22:00:00,2.29,2.29,2.29,2.37,2.29,2.29
2024-12-15 23:00:00,0.09,0.09,0.09,0.98,0.08,0.09
2024-12-16 00:00:00,0.10,0.10,0.10,0.40,0.06,0.08
2024-12-16 01:00:00,0.05,0.05,0.05,0.28,0.00,0.02
2024-12-16 02:00:00,0.07,0.07,0.07,0.29,0.02,0.04
2024-12-16 03:00:00,0.02,0.02,-0.01,0.43,0.00,0.02
2024-12-16 04:00:00,1.75,2.18,1.75,2.18,2.18,2.18
2024-12-16 05:00:00,7.73,7.28,7.73,15.96,7.17,7.17
2024-12-16 06:00:00,29.50,29.52,59.30,28.32,29.69,29.56
2024-12-16 07:00:00,34.50,34.51,71.79,29.97,39.31,35.17
2024-12-16 08:00:00,31.79,32.95,75.91,29.91,36.32,33.41
2024-12-16 09:00:00,30.79,31.44,75.46,29.89,33.43,31.71
2024-12-16 10:00:00,30.09,30.86,80.13,29.23,37.12,31.72
2024-12-16 11:00:00,29.41,30.46,85.22,28.59,36.13,31.23
2024-12-16 12:00:00,29.09,29.59,81.70,28.28,34.97,30.33
2024-12-16 13:00:00,28.58,30.65,81.70,28.94,36.35,31.48
2024-12-16 14:00:00,33.00,36.09,81.70,30.86,44.30,37.32
2024-12-16 15:00:00,32.33,35.13,74.00,31.39,42.94,36.25
2024-12-16 16:00:00,30.96,33.36,81.56,30.09,40.22,34.31
2024-12-16 17:00:00,32.44,34.74,72.01,29.90,40.65,35.56
2024-12-16 18:00:00,29.69,29.70,70.94,28.04,35.99,30.49
2024-12-16 19:00:00,25.47,26.83,61.50,27.46,29.90,27.20
2024-12-16 20:00:00,22.33,22.35,44.41,24.95,22.93,22.41
2024-12-16 21:00:00,16.79,8.51,44.40,23.89,8.46,8.51
2024-12-16 22:00:00,16.59,3.89,16.59,17.05,4.24,3.97
2024-12-16 23:00:00,14.24,34.79,37.45,19.93,3.16,2.80
2024-12-17 00:00:00,20.06,21.39,21.57,20.87,1.55,1.13
2024-12-17 01:00:00,19.75,19.75,20.94,20.25,1.65,1.25
2024-12-17 02:00:00,20.62,21.30,25.01,22.02,2.19,1.76
2024-12-17 03:00:00,16.99,22.93,28.98,22.91,3.14,2.80
2024-12-17 04:00:00,16.56,16.56,57.27,25.63,9.66,9.72
2024-12-17 05:00:00,35.13,35.14,67.77,29.98,41.74,36.13
2024-12-17 06:00:00,44.81,44.83,104.94,35.12,54.81,46.32
2024-12-17 07:00:00,51.50,53.15,115.92,41.93,65.31,54.99
2024-12-17 08:00:00,56.42,56.45,114.04,43.28,69.59,58.47
2024-12-17 09:00:00,52.99,53.01,108.40,42.96,64.60,54.77
2024-12-17 10:00:00,51.16,51.18,102.38,41.97,62.21,52.82
2024-12-17 11:00:00,60.74,60.77,102.72,41.24,77.33,63.31
2024-12-17 12:00:00,63.81,63.84,106.20,44.96,79.64,65.51
2024-12-17 13:00:00,85.89,85.93,109.63,69.37,108.87,89.41
2024-12-17 14:00:00,107.36,107.40,116.42,90.56,121.84,101.35
2024-12-17 15:00:00,112.51,112.55,117.10,78.50,116.91,97.68
2024-12-17 16:00:00,127.33,127.36,127.33,122.31,135.23,121.66
2024-12-17 17:00:00,121.60,121.65,121.60,78.75,121.08,99.39
2024-12-17 18:00:00,108.10,108.14,108.10,70.00,112.50,91.46
2024-12-17 19:00:00,98.51,98.52,98.51,94.67,92.63,88.57
2024-12-17 20:00:00,95.84,95.86,95.84,67.98,79.70,72.76
2024-12-17 21:00:00,80.49,80.50,92.44,44.92,59.75,53.93
2024-12-17 22:00:00,60.74,60.75,70.66,37.89,51.13,46.76
2024-12-17 23:00:00,22.53,41.87,69.18,31.93,49.95,43.03
2024-12-18 00:00:00,30.55,31.54,52.31,28.60,33.43,31.82
2024-12-18 01:00:00,27.15,27.40,48.41,25.74,27.75,27.47
2024-12-18 02:00:00,16.32,34.58,45.00,23.27,25.03,24.78
2024-12-18 03:00:00,14.55,23.46,30.25,22.09,23.74,23.51
2024-12-18 04:00:00,9.03,27.09,38.00,23.33,25.17,24.93
2024-12-18 05:00:00,6.05,34.06,49.91,27.96,30.75,30.56
2024-12-18 06:00:00,39.05,41.87,57.90,32.28,49.08,42.98
2024-12-18 07:00:00,49.68,55.47,77.58,37.10,70.32,57.77
2024-12-18 08:00:00,43.28,49.25,72.82,33.42,61.99,51.22
2024-12-18 09:00:00,33.49,45.07,65.99,32.42,55.90,46.74
2024-12-18 10:00:00,32.76,42.05,63.08,31.76,51.85,43.54
2024-12-18 11:00:00,31.79,35.89,63.07,30.91,42.50,36.86
2024-12-18 12:00:00,31.35,35.14,63.08,30.51,41.61,36.10
2024-12-18 13:00:00,30.84,33.71,63.08,30.02,39.68,34.58
2024-12-18 14:00:00,32.88,35.44,55.63,30.13,42.28,36.45
2024-12-18 15:00:00,28.37,29.65,46.81,28.20,33.46,30.15
2024-12-18 16:00:00,29.34,29.54,57.90,29.40,29.53,29.54
2024-12-18 17:00:00,19.67,57.57,63.08,28.46,28.01,28.08
2024-12-18 18:00:00,17.30,57.28,63.08,25.04,20.03,20.61
2024-12-18 19:00:00,15.97,52.59,57.90,23.00,10.00,10.18
2024-12-18 20:00:00,17.86,46.53,50.69,23.48,7.11,7.03
2024-12-18 21:00:00,20.66,39.28,43.14,23.13,4.83,4.63
2024-12-18 22:00:00,21.44,21.44,21.44,20.76,1.74,1.31
2024-12-18 23:00:00,11.28,11.28,11.28,18.45,1.21,0.83
2024-12-19 00:00:00,13.23,13.23,13.23,13.63,1.07,0.79
2024-12-19 01:00:00,5.47,4.89,5.45,5.62,2.73,2.69
2024-12-19 02:00:00,1.82,1.80,1.25,2.63,1.77,1.80
2024-12-19 03:00:00,0.31,0.41,0.31,4.73,0.56,0.44
2024-12-19 04:00:00,2.00,2.24,2.00,15.95,2.61,2.33
2024-12-19 05:00:00,8.57,8.33,8.57,19.57,8.28,8.32
2024-12-19 06:00:00,53.95,53.94,53.95,28.05,20.45,21.28
2024-12-19 07:00:00,66.48,67.44,67.44,33.79,28.62,29.02
2024-12-19 08:00:00,67.46,68.42,68.42,32.01,31.19,31.19
2024-12-19 09:00:00,64.99,65.84,65.84,32.37,31.24,31.28
2024-12-19 10:00:00,57.41,58.06,67.70,32.09,32.29,32.19
2024-12-19 11:00:00,37.14,37.78,69.72,31.57,31.66,31.65
2024-12-19 12:00:00,31.26,31.35,70.40,30.39,30.60,30.57
2024-12-19 13:00:00,30.53,30.64,69.72,29.79,29.60,29.61
2024-12-19 14:00:00,30.95,31.06,70.47,30.15,30.01,30.01
2024-12-19 15:00:00,31.40,31.42,71.46,30.33,31.63,31.47
2024-12-19 16:00:00,30.88,30.88,81.52,30.12,31.02,30.92
2024-12-19 17:00:00,21.45,45.82,92.58,30.11,28.63,28.76
2024-12-19 18:00:00,7.95,71.18,87.36,30.06,24.81,25.34
2024-12-19 19:00:00,6.45,66.05,75.37,27.55,21.94,22.58
2024-12-19 20:00:00,6.96,35.96,70.00,26.50,21.10,21.70
2024-12-19 21:00:00,6.55,20.24,69.72,24.61,19.51,20.08
2024-12-19 22:00:00,10.92,18.98,55.01,23.69,18.19,18.81
2024-12-19 23:00:00,11.17,25.84,47.72,21.20,16.62,17.15
2024-12-20 00:00:00,18.02,16.24,31.48,20.49,15.51,16.08
2024-12-20 01:00:00,16.31,16.31,16.31,17.00,13.19,13.58
2024-12-20 02:00:00,17.43,17.43,17.43,17.00,10.05,10.31
2024-12-20 03:00:00,13.83,17.39,22.82,17.78,10.35,10.67
2024-12-20 04:00:00,9.04,12.79,48.49,20.54,12.22,12.65
2024-12-20 05:00:00,5.31,26.89,66.15,23.74,26.86,27.52
2024-12-20 06:00:00,27.17,29.91,102.40,25.55,30.06,30.68
2024-12-20 07:00:00,20.24,39.52,109.72,26.59,32.13,32.72
2024-12-20 08:00:00,30.20,33.39,106.65,27.78,33.66,34.32
2024-12-20 09:00:00,31.25,32.45,103.14,28.38,32.89,32.79
2024-12-20 10:00:00,31.94,33.22,97.44,28.49,33.77,33.59
2024-12-20 11:00:00,33.59,33.81,87.56,28.02,34.18,34.59
2024-12-20 12:00:00,33.49,33.49,83.84,28.91,34.23,33.66
2024-12-20 13:00:00,35.07,35.07,88.03,30.19,35.85,35.25
2024-12-20 14:00:00,44.17,44.03,98.67,32.76,39.00,38.34
2024-12-20 15:00:00,71.91,71.92,105.24,32.88,39.28,38.59
2024-12-20 16:00:00,87.88,87.88,109.89,32.68,39.11,38.40
2024-12-20 17:00:00,78.12,78.12,101.18,31.50,37.65,36.98
2024-12-20 18:00:00,49.20,49.20,98.65,30.44,36.33,35.66
2024-12-20 19:00:00,33.57,33.57,89.73,28.88,34.36,33.73
2024-12-20 20:00:00,30.95,31.37,71.82,27.10,32.09,31.51
2024-12-20 21:00:00,24.75,37.15,70.34,25.68,29.13,29.14
2024-12-20 22:00:00,19.91,19.92,58.26,23.76,19.95,19.97
2024-12-20 23:00:00,11.67,11.67,27.75,24.79,11.44,11.56
2024-12-21 00:00:00,22.36,22.36,22.75,23.25,22.04,22.20
2024-12-21 01:00:00,21.56,21.08,21.56,22.27,20.84,21.03
2024-12-21 02:00:00,19.41,16.13,19.41,20.09,15.39,15.99
2024-12-21 03:00:00,18.11,15.21,18.11,18.75,14.56,15.08
2024-12-21 04:00:00,20.04,16.45,20.04,20.74,15.68,16.28
2024-12-21 05:00:00,20.00,16.80,20.00,19.98,15.30,15.85
2024-12-21 06:00:00,21.21,21.21,21.21,21.95,16.95,17.55
2024-12-21 07:00:00,22.87,22.86,22.87,23.66,18.39,19.02
2024-12-21 08:00:00,29.33,29.33,29.33,28.55,26.84,27.24
2024-12-21 09:00:00,31.43,31.43,31.43,30.58,28.79,28.94
2024-12-21 10:00:00,30.92,30.92,31.01,30.05,30.92,31.20
2024-12-21 11:00:00,31.12,31.12,31.23,30.27,30.24,30.51
2024-12-21 12:00:00,29.83,29.83,29.90,28.97,28.81,28.78
2024-12-21 13:00:00,25.92,25.91,25.92,26.47,25.79,25.85
2024-12-21 14:00:00,27.28,27.28,27.28,27.78,27.27,27.28
2024-12-21 15:00:00,29.31,29.31,29.31,28.42,29.28,29.59
2024-12-21 16:00:00,29.27,29.28,29.27,28.39,28.75,29.10
2024-12-21 17:00:00,27.95,27.95,27.95,26.36,26.77,27.10
2024-12-21 18:00:00,20.73,20.73,20.73,23.14,17.58,18.25
2024-12-21 19:00:00,15.30,14.92,15.30,18.51,14.28,14.79
2024-12-21 20:00:00,5.17,5.28,4.90,12.06,5.46,5.32
2024-12-21 21:00:00,4.23,4.35,3.00,8.65,4.54,4.39
2024-12-21 22:00:00,3.98,4.00,1.00,4.60,4.02,4.00
2024-12-21 23:00:00,1.83,1.98,0.00,5.91,2.25,2.04
2024-12-22 00:00:00,1.41,1.58,-0.03,5.69,1.86,1.64
2024-12-22 01:00:00,0.23,0.66,-0.46,6.13,0.94,0.72
2024-12-22 02:00:00,-0.09,1.07,-1.04,6.17,1.34,1.13
2024-12-22 03:00:00,-0.77,1.41,-2.06,6.35,1.70,1.47
2024-12-22 04:00:00,-0.03,2.24,-0.47,5.65,2.45,2.28
2024-12-22 05:00:00,-0.04,3.23,-0.68,6.34,3.40,3.27
2024-12-22 06:00:00,2.29,3.87,-0.12,5.67,4.55,4.51
2024-12-22 07:00:00,6.07,6.87,3.46,7.37,6.87,6.87
2024-12-22 08:00:00,20.60,17.19,20.60,21.27,16.45,17.03
2024-12-22 09:00:00,20.17,20.16,20.17,21.06,16.73,17.26
2024-12-22 10:00:00,23.00,23.00,23.00,23.56,20.32,20.72
2024-12-22 11:00:00,21.19,21.19,21.19,23.55,20.25,20.67
2024-12-22 12:00:00,21.39,21.39,21.39,24.93,20.24,20.86
2024-12-22 13:00:00,28.02,28.02,28.02,29.36,27.52,27.78
2024-12-22 14:00:00,41.77,41.78,41.77,33.07,38.31,37.65
2024-12-22 15:00:00,46.93,46.93,46.93,39.93,45.99,45.19
2024-12-22 16:00:00,65.47,65.47,65.47,44.86,53.42,52.40
2024-12-22 17:00:00,60.79,60.80,60.79,44.00,53.10,52.03
2024-12-22 18:00:00,58.21,58.21,58.21,38.35,46.69,45.70
2024-12-22 19:00:00,46.93,46.93,46.93,35.54,42.02,41.24
2024-12-22 20:00:00,36.66,36.66,36.66,32.88,37.35,36.80
2024-12-22 21:00:00,36.20,36.21,36.20,32.26,35.79,35.35
2024-12-22 22:00:00,24.50,24.49,24.50,26.64,24.05,24.41
2024-12-22 23:00:00,29.19,29.19,29.19,26.55,28.02,27.85
2024-12-23 00:00:00,20.13,20.13,20.13,22.01,18.56,19.03
2024-12-23 01:00:00,14.31,14.18,14.31,15.35,13.74,13.96
2024-12-23 02:00:00,9.12,9.25,9.12,9.42,9.21,9.24
2024-12-23 03:00:00,9.78,9.78,9.78,10.36,9.67,9.76
2024-12-23 04:00:00,14.80,14.80,14.80,18.00,14.22,14.68
2024-12-23 05:00:00,17.39,20.70,17.39,24.56,20.05,20.56
2024-12-23 06:00:00,52.01,48.71,52.01,37.47,45.38,44.62
2024-12-23 07:00:00,59.34,59.34,59.34,48.26,59.00,57.96
2024-12-23 08:00:00,59.62,59.63,59.62,48.43,59.26,58.23
2024-12-23 09:00:00,52.73,52.73,52.73,44.27,53.90,53.00
2024-12-23 10:00:00,52.00,52.00,52.00,43.72,53.14,52.27
2024-12-23 11:00:00,54.17,54.17,54.17,45.52,55.34,54.44
2024-12-23 12:00:00,54.81,54.82,54.81,46.14,55.99,55.09
2024-12-23 13:00:00,61.56,61.56,61.56,51.40,62.97,61.89
2024-12-23 14:00:00,73.69,73.70,73.69,61.16,75.44,74.09
2024-12-23 15:00:00,82.56,82.56,82.56,68.50,84.50,83.01
2024-12-23 16:00:00,98.25,98.25,98.25,80.49,100.68,98.82
2024-12-23 17:00:00,101.75,101.76,101.75,90.09,104.16,102.31
2024-12-23 18:00:00,97.47,97.48,97.47,93.86,99.69,97.94
2024-12-23 19:00:00,92.59,92.60,92.59,89.13,91.94,90.41
2024-12-23 20:00:00,108.29,108.29,108.29,93.13,89.95,88.59
2024-12-23 21:00:00,105.82,105.83,105.82,59.02,64.74,63.62
2024-12-23 22:00:00,96.99,97.00,96.99,43.91,47.99,47.27
2024-12-23 23:00:00,86.03,86.03,86.03,34.90,41.42,40.69
2024-12-24 00:00:00,82.84,82.84,82.84,33.55,40.18,39.47
2024-12-24 01:00:00,81.89,81.89,81.89,32.76,39.17,38.50
2024-12-24 02:00:00,78.00,78.00,78.00,32.65,32.92,32.82
2024-12-24 03:00:00,78.78,78.78,78.78,32.19,30.97,31.00
2024-12-24 04:00:00,80.60,80.60,80.60,32.25,30.94,30.99
2024-12-24 05:00:00,85.07,85.07,85.07,33.98,33.53,33.52
2024-12-24 06:00:00,100.83,100.84,100.83,36.32,37.37,37.24
2024-12-24 07:00:00,115.09,115.09,115.09,34.96,40.84,40.24
2024-12-24 08:00:00,120.95,120.95,120.95,36.89,43.92,43.26
2024-12-24 09:00:00,120.00,120.00,120.00,38.68,46.55,45.83
2024-12-24 10:00:00,118.16,118.16,118.16,39.97,48.47,47.73
2024-12-24 11:00:00,117.49,117.49,117.49,38.44,42.60,42.12
2024-12-24 12:00:00,115.38,115.38,115.38,36.66,39.35,38.99
2024-12-24 13:00:00,117.98,117.98,117.98,36.19,38.02,37.76
2024-12-24 14:00:00,119.50,119.50,119.50,35.27,36.53,36.36
2024-12-24 15:00:00,120.21,120.21,120.21,33.95,33.54,33.56
2024-12-24 16:00:00,118.00,118.00,118.00,31.05,22.95,29.69
2024-12-24 17:00:00,110.98,110.98,110.98,31.02,16.10,22.58
2024-12-24 18:00:00,104.09,104.09,105.66,30.89,15.61,22.78
2024-12-24 19:00:00,102.56,102.56,102.56,30.80,18.39,29.69
2024-12-24 20:00:00,94.63,94.63,94.63,30.90,6.23,6.26
2024-12-24 21:00:00,99.04,90.04,99.04,30.79,5.78,5.87
2024-12-24 22:00:00,88.19,88.19,90.00,30.71,4.63,4.70
2024-12-24 23:00:00,91.37,91.37,91.37,30.69,5.45,6.11
2024-12-25 00:00:00,86.44,86.44,86.44,30.47,3.41,3.45
2024-12-25 01:00:00,85.07,85.07,85.07,30.95,3.03,3.09
2024-12-25 02:00:00,68.62,68.61,80.81,30.90,3.21,3.35
2024-12-25 03:00:00,61.81,61.81,75.99,30.83,2.76,2.76
2024-12-25 04:00:00,62.75,62.75,80.81,30.91,2.28,2.27
2024-12-25 05:00:00,62.54,62.54,83.01,30.97,4.99,6.12
2024-12-25 06:00:00,84.94,84.93,84.94,30.74,11.02,14.52
2024-12-25 07:00:00,90.21,90.20,90.21,32.42,9.30,12.22
2024-12-25 08:00:00,99.24,99.22,99.24,30.98,11.61,15.40
2024-12-25 09:00:00,93.56,93.54,93.56,30.94,12.86,17.17
2024-12-25 10:00:00,92.55,92.53,92.55,30.89,13.17,17.60
2024-12-25 11:00:00,94.41,94.39,94.41,30.73,13.14,17.57
2024-12-25 12:00:00,91.03,91.01,91.03,30.98,12.83,17.00
2024-12-25 13:00:00,99.17,99.16,99.17,30.82,12.27,16.20
2024-12-25 14:00:00,112.69,112.68,112.69,31.07,13.20,17.11
2024-12-25 15:00:00,116.71,116.69,118.01,30.88,14.41,18.36
2024-12-25 16:00:00,120.52,120.51,120.53,30.96,14.55,18.35
2024-12-25 17:00:00,119.10,119.08,119.11,31.08,15.03,18.88
2024-12-25 18:00:00,118.00,117.99,118.01,31.04,13.12,16.54
2024-12-25 19:00:00,118.32,118.30,118.33,30.91,13.52,17.07
2024-12-25 20:00:00,113.01,113.01,113.01,30.74,8.42,9.88
2024-12-25 21:00:00,114.07,114.07,114.07,30.62,4.66,4.70
2024-12-25 22:00:00,104.22,104.22,104.63,30.62,4.08,4.13
2024-12-25 23:00:00,102.17,102.17,102.17,31.50,2.51,2.51
2024-12-26 00:00:00,95.06,95.06,95.06,31.54,1.97,1.93
2024-12-26 01:00:00,94.61,94.61,94.61,31.58,1.37,1.29
2024-12-26 02:00:00,89.64,89.64,89.64,31.08,0.01,-0.11
2024-12-26 03:00:00,90.87,90.87,90.87,31.01,-0.20,-0.33
2024-12-26 04:00:00,95.10,95.10,95.10,31.25,-0.23,-0.34
2024-12-26 05:00:00,99.00,99.00,99.00,32.59,-0.17,-0.23
2024-12-26 06:00:00,112.61,112.61,112.61,33.18,-0.25,-0.38
2024-12-26 07:00:00,119.10,119.10,119.10,37.83,-0.24,-0.38
2024-12-26 08:00:00,118.23,118.23,118.23,37.99,0.70,0.64
2024-12-26 09:00:00,113.25,113.24,113.25,36.96,1.91,1.91
2024-12-26 10:00:00,106.01,106.01,106.01,31.83,2.23,2.26
2024-12-26 11:00:00,107.71,107.71,107.71,34.92,3.75,4.99
2024-12-26 12:00:00,103.90,103.90,103.90,34.98,13.07,22.69
2024-12-26 13:00:00,109.64,109.64,109.64,31.82,15.35,27.00
2024-12-26 14:00:00,120.75,120.75,120.75,31.97,16.38,28.70
2024-12-26 15:00:00,129.64,129.64,129.64,35.18,19.90,35.77
2024-12-26 16:00:00,137.90,137.90,137.90,32.68,18.15,32.33
2024-12-26 17:00:00,138.05,138.05,138.05,32.42,18.13,32.17
2024-12-26 18:00:00,135.71,135.71,135.71,31.96,17.79,31.53
2024-12-26 19:00:00,129.13,129.13,129.13,31.89,16.32,28.62
2024-12-26 20:00:00,120.85,120.85,120.85,31.61,15.12,26.33
2024-12-26 21:00:00,123.50,123.50,123.50,31.73,14.50,25.30
2024-12-26 22:00:00,116.98,116.98,116.98,31.87,13.78,24.06
2024-12-26 23:00:00,106.79,106.79,106.79,30.59,13.18,23.96
2024-12-27 00:00:00,101.52,101.52,101.52,30.56,13.09,24.03
2024-12-27 01:00:00,101.03,101.03,101.03,30.51,13.08,24.06
2024-12-27 02:00:00,99.74,99.74,99.74,30.86,11.34,20.56
2024-12-27 03:00:00,99.58,99.58,99.58,31.85,9.39,16.89
2024-12-27 04:00:00,106.20,106.20,106.20,30.96,15.06,27.17
2024-12-27 05:00:00,115.70,115.70,115.70,30.80,17.01,31.03
2024-12-27 06:00:00,124.29,124.29,124.29,34.90,18.68,33.91
2024-12-27 07:00:00,131.85,131.85,131.85,38.26,21.49,39.37
2024-12-27 08:00:00,130.15,130.15,130.15,38.95,22.14,40.45
2024-12-27 09:00:00,120.10,120.10,120.10,39.74,22.73,41.36
2024-12-27 10:00:00,107.94,107.94,107.94,39.71,22.52,41.06
2024-12-27 11:00:00,107.81,107.81,107.81,39.72,22.57,41.12
2024-12-27 12:00:00,107.94,107.94,107.94,39.78,22.51,41.06
2024-12-27 13:00:00,121.65,121.65,121.65,39.97,22.47,41.30
2024-12-27 14:00:00,136.46,136.46,136.46,39.92,22.44,41.59
2024-12-27 15:00:00,146.25,146.25,146.25,39.96,23.03,42.11
2024-12-27 16:00:00,151.80,151.80,151.80,39.72,23.06,42.04
2024-12-27 17:00:00,158.40,158.40,158.40,37.98,21.97,39.91
2024-12-27 18:00:00,146.43,146.43,146.43,36.35,20.18,37.04
2024-12-27 19:00:00,133.14,133.14,133.14,34.40,18.99,35.14
2024-12-27 20:00:00,125.42,125.42,125.42,31.26,17.77,32.71
2024-12-27 21:00:00,126.76,126.76,126.76,30.64,17.52,31.57
2024-12-27 22:00:00,114.00,114.00,114.00,30.47,16.55,29.69
2024-12-27 23:00:00,126.40,126.40,126.40,30.96,16.05,28.34
2024-12-28 00:00:00,116.63,116.63,116.63,30.90,14.56,25.11
2024-12-28 01:00:00,110.15,110.15,110.15,30.91,13.22,22.19
2024-12-28 02:00:00,105.92,105.92,105.92,30.90,12.68,20.90
2024-12-28 03:00:00,102.93,102.93,102.93,30.86,12.90,21.06
2024-12-28 04:00:00,105.58,105.58,105.58,30.92,12.93,20.71
2024-12-28 05:00:00,109.71,109.71,109.71,30.86,13.75,21.84
2024-12-28 06:00:00,124.24,124.24,124.24,30.85,15.14,24.45
2024-12-28 07:00:00,128.00,128.00,128.00,30.78,17.04,28.18
2024-12-28 08:00:00,128.30,128.30,128.30,30.92,18.18,30.46
2024-12-28 09:00:00,122.83,122.83,122.83,30.96,18.21,30.19
2024-12-28 10:00:00,113.40,113.40,113.40,31.00,18.30,30.58
2024-12-28 11:00:00,108.97,108.97,108.97,30.99,18.48,30.49
2024-12-28 12:00:00,110.01,110.01,110.01,31.35,18.63,30.68
2024-12-28 13:00:00,117.83,117.83,117.83,31.07,18.53,29.82
2024-12-28 14:00:00,134.80,134.80,137.84,30.98,18.57,30.03
2024-12-28 15:00:00,139.32,139.32,143.25,31.26,18.74,30.54
2024-12-28 16:00:00,150.77,150.77,152.00,30.92,18.23,29.25
2024-12-28 17:00:00,147.51,147.51,147.51,30.73,18.25,29.59
2024-12-28 18:00:00,140.48,140.48,140.48,30.75,15.77,25.40
2024-12-28 19:00:00,129.26,129.26,129.26,30.76,5.06,5.20
2024-12-28 20:00:00,125.90,125.90,125.90,30.83,4.50,4.61
2024-12-28 21:00:00,121.25,121.25,121.25,30.83,3.59,3.66
2024-12-28 22:00:00,114.93,114.93,114.93,30.71,2.73,2.76
2024-12-28 23:00:00,127.39,127.39,127.39,29.43,0.60,0.41
2024-12-29 00:00:00,114.09,114.09,114.09,29.72,0.14,0.00
2024-12-29 01:00:00,107.71,107.71,107.71,29.68,-0.02,-0.17
2024-12-29 02:00:00,101.70,101.70,101.70,29.62,-0.26,-0.42
2024-12-29 03:00:00,97.73,97.73,97.73,29.41,-0.27,-0.42
2024-12-29 04:00:00,98.60,98.60,98.61,29.62,-0.26,-0.40
2024-12-29 05:00:00,67.10,67.10,98.16,29.57,-0.25,-0.39
2024-12-29 06:00:00,57.55,57.56,102.09,29.38,0.00,-0.11
2024-12-29 07:00:00,53.70,53.70,110.71,29.28,-0.03,-0.24
2024-12-29 08:00:00,40.86,40.86,114.65,29.46,0.29,0.09
2024-12-29 09:00:00,25.52,25.52,104.07,29.26,0.84,0.66
2024-12-29 10:00:00,24.03,24.03,100.19,28.99,1.03,0.86
2024-12-29 11:00:00,29.22,29.22,100.72,28.35,0.99,0.82
2024-12-29 12:00:00,28.36,28.36,99.73,27.51,1.00,0.85
2024-12-29 13:00:00,24.72,24.72,98.44,25.43,1.53,1.48
2024-12-29 14:00:00,24.65,24.65,104.01,25.36,2.07,2.04
2024-12-29 15:00:00,27.53,27.53,121.73,26.71,2.61,2.60
2024-12-29 16:00:00,28.11,28.11,122.00,27.28,2.93,2.93
2024-12-29 17:00:00,24.98,24.98,126.11,25.71,2.75,2.75
2024-12-29 18:00:00,24.22,24.22,121.34,24.92,2.64,2.64
2024-12-29 19:00:00,23.53,22.74,109.92,24.21,2.06,2.03
2024-12-29 20:00:00,23.20,13.80,90.21,23.86,2.00,1.95
2024-12-29 21:00:00,20.01,13.75,83.79,23.28,1.05,0.89
2024-12-29 22:00:00,12.21,13.71,71.63,23.08,0.14,-0.14
2024-12-29 23:00:00,3.59,3.59,71.73,26.88,-1.41,-1.71
2024-12-30 00:00:00,13.44,3.58,68.60,25.63,-1.61,-1.99
2024-12-30 01:00:00,13.46,3.59,68.60,24.96,-1.76,-2.18
2024-12-30 02:00:00,16.56,3.56,64.65,26.61,-1.66,-2.05
2024-12-30 03:00:00,19.51,3.59,66.89,25.53,-1.60,-2.00
2024-12-30 04:00:00,17.38,3.59,69.17,27.25,-1.12,-1.42
2024-12-30 05:00:00,25.62,13.72,71.14,28.92,0.00,-0.24
2024-12-30 06:00:00,34.12,13.79,80.20,29.84,2.16,2.00
2024-12-30 07:00:00,37.32,31.81,86.30,31.29,18.04,31.85
2024-12-30 08:00:00,36.38,36.38,87.06,34.18,20.25,36.48
2024-12-30 09:00:00,38.43,38.43,83.71,36.67,21.63,38.51
2024-12-30 10:00:00,38.35,38.52,78.88,37.16,21.34,38.58
2024-12-30 11:00:00,36.32,36.44,82.86,35.24,20.14,36.50
2024-12-30 12:00:00,34.61,34.70,80.50,33.60,19.39,34.74
2024-12-30 13:00:00,36.06,36.33,83.70,35.09,20.33,36.39
2024-12-30 14:00:00,37.43,37.87,92.42,36.47,20.78,37.94
2024-12-30 15:00:00,39.73,39.97,96.97,38.63,22.98,40.04
2024-12-30 16:00:00,39.17,39.39,109.97,38.09,27.25,39.45
2024-12-30 17:00:00,36.86,37.06,100.00,35.81,20.46,37.12
2024-12-30 18:00:00,33.00,33.00,86.62,32.05,23.15,33.04
2024-12-30 19:00:00,31.50,31.50,74.83,31.36,17.32,31.50
2024-12-30 20:00:00,31.41,31.41,68.02,31.15,17.09,31.41
2024-12-30 21:00:00,29.49,29.49,67.26,31.22,16.03,29.49
2024-12-30 22:00:00,35.66,3.59,35.66,31.32,2.13,2.09
2024-12-30 23:00:00,50.49,3.60,50.49,31.96,0.54,0.26
2024-12-31 00:00:00,45.90,5.36,45.90,31.97,0.61,0.38
2024-12-31 01:00:00,56.43,13.26,56.43,32.04,0.23,-0.03
2024-12-31 02:00:00,34.90,13.79,57.06,31.50,1.05,0.79
2024-12-31 03:00:00,30.88,17.65,63.92,29.92,1.31,1.04
2024-12-31 04:00:00,30.21,30.21,63.72,29.28,3.84,5.66
2024-12-31 05:00:00,40.00,40.00,63.70,31.43,15.98,29.00
2024-12-31 06:00:00,51.88,51.88,71.63,33.11,20.53,37.08
2024-12-31 07:00:00,78.43,78.43,78.43,36.18,22.10,40.01
2024-12-31 08:00:00,83.46,83.46,83.46,38.91,23.67,43.09
2024-12-31 09:00:00,47.92,47.92,82.47,39.90,24.46,45.00
2024-12-31 10:00:00,42.46,42.46,81.03,37.84,22.86,42.64
2024-12-31 11:00:00,37.11,38.45,81.17,33.45,20.98,38.64
2024-12-31 12:00:00,36.34,36.82,78.93,33.51,20.48,36.95
2024-12-31 13:00:00,19.98,35.00,76.84,32.24,19.79,35.11
2024-12-31 14:00:00,17.00,41.64,82.07,33.59,28.33,35.71
2024-12-31 15:00:00,18.67,47.00,83.67,33.54,33.97,33.91
2024-12-31 16:00:00,20.95,50.21,83.25,33.50,33.30,33.32
2024-12-31 17:00:00,25.98,25.97,77.68,31.95,24.91,25.75
2024-12-31 18:00:00,25.02,24.24,67.77,31.05,23.01,23.99
2024-12-31 19:00:00,19.00,22.59,35.56,28.63,21.51,22.37
2024-12-31 20:00:00,15.70,15.70,15.70,22.81,14.98,15.55
2024-12-31 21:00:00,9.06,7.98,9.06,20.76,7.93,7.97
2024-12-31 22:00:00,0.52,1.60,0.52,15.85,2.24,1.74
